alt temp press den eddy H H2 H2O OH O O2 CO CO2 HCO H2CO C CH CH2 CH3 CH4 S S2 S3 S4 S8 H2S HS SO SO2 CS CS2 OCS C2 C2H C2H2 C2H4 HO2 H2O2 O3 SO3 H2SO4 C2H6 CH3OH CH2CO CH3CHO C3H4 C3H6 C4H2 C4H4 HCS C2H3 C2H5 1CH2 HCCO HSO CH3O H2COH C4H C2H2OH CH3CO CH2CHO C2H3OH C2H4OH CH3O2 HSO3 O1D HS4 C4H3 H2Oaer H2Oaer_r CO2aer CO2aer_r S8aer S8aer_r H2SO4aer H2SO4aer_r C2H2aer C2H2aer_r C2H4aer C2H4aer_r C2H6aer C2H6aer_r CH4aer CH4aer_r HCaer1 HCaer1_r S2aer S2aer_r SO2aer SO2aer_r H2Saer H2Saer_r
6.00000000E-01 2.71616109E+02 1.27354888E+00 3.39607138E+19 3.00000000E+05 1.00000000E-40 5.00000000E-02 4.29613423E-03 1.00000000E-40 1.00000000E-40 1.00000000E-40 1.00000000E-40 9.45703866E-01 1.00000000E-40 1.00000000E-40 1.00000000E-40 1.00000000E-40 1.00000000E-40 1.00000000E-40 1.00000000E-40 1.00000000E-40 1.00000000E-40 1.00000000E-40 1.00000000E-40 1.00000000E-40 1.00000000E-40 1.00000000E-40 1.00000000E-40 1.00000000E-40 1.00000000E-40 1.00000000E-40 1.00000000E-40 1.00000000E-40 1.00000000E-40 1.00000000E-40 1.00000000E-40 1.00000000E-40 1.00000000E-40 1.00000000E-40 1.00000000E-40 1.00000000E-40 1.00000000E-40 1.00000000E-40 1.00000000E-40 1.00000000E-40 1.00000000E-40 1.00000000E-40 1.00000000E-40 1.00000000E-40 1.00000000E-40 1.00000000E-40 1.00000000E-40 1.00000000E-40 1.00000000E-40 1.00000000E-40 1.00000000E-40 1.00000000E-40 1.00000000E-40 1.00000000E-40 1.00000000E-40 1.00000000E-40 1.00000000E-40 1.00000000E-40 1.00000000E-40 1.00000000E-40 1.00000000E-40 1.00000000E-40 1.00000000E-40 1.00000000E-40 1.00000000E-05 1.00000000E-40 1.00000000E-05 1.00000000E-40 1.00000000E-05 1.00000000E-40 1.00000000E-05 1.00000000E-40 1.00000000E-05 1.00000000E-40 1.00000000E-05 1.00000000E-40 1.00000000E-05 1.00000000E-40 1.00000000E-05 1.00000000E-40 1.00000000E-05 1.00000000E-40 1.00000000E-05 1.00000000E-40 1.00000000E-05 1.00000000E-40 1.00000000E-05
1.80000000E+00 2.64848328E+02 1.16514753E+00 3.18640078E+19 3.00000000E+05 1.00000000E-40 5.00000000E-02 2.62183147E-03 1.00000000E-40 1.00000000E-40 1.00000000E-40 1.00000000E-40 9.47378169E-01 1.00000000E-40 1.00000000E-40 1.00000000E-40 1.00000000E-40 1.00000000E-40 1.00000000E-40 1.00000000E-40 1.00000000E-40 1.00000000E-40 1.00000000E-40 1.00000000E-40 1.00000000E-40 1.00000000E-40 1.00000000E-40 1.00000000E-40 1.00000000E-40 1.00000000E-40 1.00000000E-40 1.00000000E-40 1.00000000E-40 1.00000000E-40 1.00000000E-40 1.00000000E-40 1.00000000E-40 1.00000000E-40 1.00000000E-40 1.00000000E-40 1.00000000E-40 1.00000000E-40 1.00000000E-40 1.00000000E-40 1.00000000E-40 1.00000000E-40 1.00000000E-40 1.00000000E-40 1.00000000E-40 1.00000000E-40 1.00000000E-40 1.00000000E-40 1.00000000E-40 1.00000000E-40 1.00000000E-40 1.00000000E-40 1.00000000E-40 1.00000000E-40 1.00000000E-40 1.00000000E-40 1.00000000E-40 1.00000000E-40 1.00000000E-40 1.00000000E-40 1.00000000E-40 1.00000000E-40 1.00000000E-40 1.00000000E-40 1.00000000E-40 1.00000000E-05 1.00000000E-40 1.00000000E-05 1.00000000E-40 1.00000000E-05 1.00000000E-40 1.00000000E-05 1.00000000E-40 1.00000000E-05 1.00000000E-40 1.00000000E-05 1.00000000E-40 1.00000000E-05 1.00000000E-40 1.00000000E-05 1.00000000E-40 1.00000000E-05 1.00000000E-40 1.00000000E-05 1.00000000E-40 1.00000000E-05 1.00000000E-40 1.00000000E-05
3.00000000E+00 2.58080547E+02 1.06348920E+00 2.98465769E+19 3.00000000E+05 1.00000000E-40 5.00000000E-02 1.55644503E-03 1.00000000E-40 1.00000000E-40 1.00000000E-40 1.00000000E-40 9.48443555E-01 1.00000000E-40 1.00000000E-40 1.00000000E-40 1.00000000E-40 1.00000000E-40 1.00000000E-40 1.00000000E-40 1.00000000E-40 1.00000000E-40 1.00000000E-40 1.00000000E-40 1.00000000E-40 1.00000000E-40 1.00000000E-40 1.00000000E-40 1.00000000E-40 1.00000000E-40 1.00000000E-40 1.00000000E-40 1.00000000E-40 1.00000000E-40 1.00000000E-40 1.00000000E-40 1.00000000E-40 1.00000000E-40 1.00000000E-40 1.00000000E-40 1.00000000E-40 1.00000000E-40 1.00000000E-40 1.00000000E-40 1.00000000E-40 1.00000000E-40 1.00000000E-40 1.00000000E-40 1.00000000E-40 1.00000000E-40 1.00000000E-40 1.00000000E-40 1.00000000E-40 1.00000000E-40 1.00000000E-40 1.00000000E-40 1.00000000E-40 1.00000000E-40 1.00000000E-40 1.00000000E-40 1.00000000E-40 1.00000000E-40 1.00000000E-40 1.00000000E-40 1.00000000E-40 1.00000000E-40 1.00000000E-40 1.00000000E-40 1.00000000E-40 1.00000000E-05 1.00000000E-40 1.00000000E-05 1.00000000E-40 1.00000000E-05 1.00000000E-40 1.00000000E-05 1.00000000E-40 1.00000000E-05 1.00000000E-40 1.00000000E-05 1.00000000E-40 1.00000000E-05 1.00000000E-40 1.00000000E-05 1.00000000E-40 1.00000000E-05 1.00000000E-40 1.00000000E-05 1.00000000E-40 1.00000000E-05 1.00000000E-40 1.00000000E-05
4.20000000E+00 2.51312766E+02 9.68316968E-01 2.79074213E+19 3.00000000E+05 1.00000000E-40 5.00000000E-02 8.96758304E-04 1.00000000E-40 1.00000000E-40 1.00000000E-40 1.00000000E-40 9.49103242E-01 1.00000000E-40 1.00000000E-40 1.00000000E-40 1.00000000E-40 1.00000000E-40 1.00000000E-40 1.00000000E-40 1.00000000E-40 1.00000000E-40 1.00000000E-40 1.00000000E-40 1.00000000E-40 1.00000000E-40 1.00000000E-40 1.00000000E-40 1.00000000E-40 1.00000000E-40 1.00000000E-40 1.00000000E-40 1.00000000E-40 1.00000000E-40 1.00000000E-40 1.00000000E-40 1.00000000E-40 1.00000000E-40 1.00000000E-40 1.00000000E-40 1.00000000E-40 1.00000000E-40 1.00000000E-40 1.00000000E-40 1.00000000E-40 1.00000000E-40 1.00000000E-40 1.00000000E-40 1.00000000E-40 1.00000000E-40 1.00000000E-40 1.00000000E-40 1.00000000E-40 1.00000000E-40 1.00000000E-40 1.00000000E-40 1.00000000E-40 1.00000000E-40 1.00000000E-40 1.00000000E-40 1.00000000E-40 1.00000000E-40 1.00000000E-40 1.00000000E-40 1.00000000E-40 1.00000000E-40 1.00000000E-40 1.00000000E-40 1.00000000E-40 1.00000000E-05 1.00000000E-40 1.00000000E-05 1.00000000E-40 1.00000000E-05 1.00000000E-40 1.00000000E-05 1.00000000E-40 1.00000000E-05 1.00000000E-40 1.00000000E-05 1.00000000E-40 1.00000000E-05 1.00000000E-40 1.00000000E-05 1.00000000E-40 1.00000000E-05 1.00000000E-40 1.00000000E-05 1.00000000E-40 1.00000000E-05 1.00000000E-40 1.00000000E-05
5.40000000E+00 2.44544985E+02 8.79377195E-01 2.60455274E+19 3.00000000E+05 1.00000000E-40 5.00000000E-02 5.00183657E-04 1.00000000E-40 1.00000000E-40 1.00000000E-40 1.00000000E-40 9.49499816E-01 1.00000000E-40 1.00000000E-40 1.00000000E-40 1.00000000E-40 1.00000000E-40 1.00000000E-40 1.00000000E-40 1.00000000E-40 1.00000000E-40 1.00000000E-40 1.00000000E-40 1.00000000E-40 1.00000000E-40 1.00000000E-40 1.00000000E-40 1.00000000E-40 1.00000000E-40 1.00000000E-40 1.00000000E-40 1.00000000E-40 1.00000000E-40 1.00000000E-40 1.00000000E-40 1.00000000E-40 1.00000000E-40 1.00000000E-40 1.00000000E-40 1.00000000E-40 1.00000000E-40 1.00000000E-40 1.00000000E-40 1.00000000E-40 1.00000000E-40 1.00000000E-40 1.00000000E-40 1.00000000E-40 1.00000000E-40 1.00000000E-40 1.00000000E-40 1.00000000E-40 1.00000000E-40 1.00000000E-40 1.00000000E-40 1.00000000E-40 1.00000000E-40 1.00000000E-40 1.00000000E-40 1.00000000E-40 1.00000000E-40 1.00000000E-40 1.00000000E-40 1.00000000E-40 1.00000000E-40 1.00000000E-40 1.00000000E-40 1.00000000E-40 1.00000000E-05 1.00000000E-40 1.00000000E-05 1.00000000E-40 1.00000000E-05 1.00000000E-40 1.00000000E-05 1.00000000E-40 1.00000000E-05 1.00000000E-40 1.00000000E-05 1.00000000E-40 1.00000000E-05 1.00000000E-40 1.00000000E-05 1.00000000E-40 1.00000000E-05 1.00000000E-40 1.00000000E-05 1.00000000E-40 1.00000000E-05 1.00000000E-40 1.00000000E-05
6.60000000E+00 2.37777204E+02 7.96419545E-01 2.42598668E+19 3.00000000E+05 1.00000000E-40 5.00000000E-02 2.69320510E-04 1.00000000E-40 1.00000000E-40 1.00000000E-40 1.00000000E-40 9.49730679E-01 1.00000000E-40 1.00000000E-40 1.00000000E-40 1.00000000E-40 1.00000000E-40 1.00000000E-40 1.00000000E-40 1.00000000E-40 1.00000000E-40 1.00000000E-40 1.00000000E-40 1.00000000E-40 1.00000000E-40 1.00000000E-40 1.00000000E-40 1.00000000E-40 1.00000000E-40 1.00000000E-40 1.00000000E-40 1.00000000E-40 1.00000000E-40 1.00000000E-40 1.00000000E-40 1.00000000E-40 1.00000000E-40 1.00000000E-40 1.00000000E-40 1.00000000E-40 1.00000000E-40 1.00000000E-40 1.00000000E-40 1.00000000E-40 1.00000000E-40 1.00000000E-40 1.00000000E-40 1.00000000E-40 1.00000000E-40 1.00000000E-40 1.00000000E-40 1.00000000E-40 1.00000000E-40 1.00000000E-40 1.00000000E-40 1.00000000E-40 1.00000000E-40 1.00000000E-40 1.00000000E-40 1.00000000E-40 1.00000000E-40 1.00000000E-40 1.00000000E-40 1.00000000E-40 1.00000000E-40 1.00000000E-40 1.00000000E-40 1.00000000E-40 1.00000000E-05 1.00000000E-40 1.00000000E-05 1.00000000E-40 1.00000000E-05 1.00000000E-40 1.00000000E-05 1.00000000E-40 1.00000000E-05 1.00000000E-40 1.00000000E-05 1.00000000E-40 1.00000000E-05 1.00000000E-40 1.00000000E-05 1.00000000E-40 1.00000000E-05 1.00000000E-40 1.00000000E-05 1.00000000E-40 1.00000000E-05 1.00000000E-40 1.00000000E-05
7.80000000E+00 2.31009422E+02 7.19197042E-01 2.25493961E+19 3.00000000E+05 1.00000000E-40 5.00000000E-02 1.39547942E-04 1.00000000E-40 1.00000000E-40 1.00000000E-40 1.00000000E-40 9.49860452E-01 1.00000000E-40 1.00000000E-40 1.00000000E-40 1.00000000E-40 1.00000000E-40 1.00000000E-40 1.00000000E-40 1.00000000E-40 1.00000000E-40 1.00000000E-40 1.00000000E-40 1.00000000E-40 1.00000000E-40 1.00000000E-40 1.00000000E-40 1.00000000E-40 1.00000000E-40 1.00000000E-40 1.00000000E-40 1.00000000E-40 1.00000000E-40 1.00000000E-40 1.00000000E-40 1.00000000E-40 1.00000000E-40 1.00000000E-40 1.00000000E-40 1.00000000E-40 1.00000000E-40 1.00000000E-40 1.00000000E-40 1.00000000E-40 1.00000000E-40 1.00000000E-40 1.00000000E-40 1.00000000E-40 1.00000000E-40 1.00000000E-40 1.00000000E-40 1.00000000E-40 1.00000000E-40 1.00000000E-40 1.00000000E-40 1.00000000E-40 1.00000000E-40 1.00000000E-40 1.00000000E-40 1.00000000E-40 1.00000000E-40 1.00000000E-40 1.00000000E-40 1.00000000E-40 1.00000000E-40 1.00000000E-40 1.00000000E-40 1.00000000E-40 1.00000000E-05 1.00000000E-40 1.00000000E-05 1.00000000E-40 1.00000000E-05 1.00000000E-40 1.00000000E-05 1.00000000E-40 1.00000000E-05 1.00000000E-40 1.00000000E-05 1.00000000E-40 1.00000000E-05 1.00000000E-40 1.00000000E-05 1.00000000E-40 1.00000000E-05 1.00000000E-40 1.00000000E-05 1.00000000E-40 1.00000000E-05 1.00000000E-40 1.00000000E-05
9.00000000E+00 2.24241641E+02 6.47466122E-01 2.09130561E+19 3.00000000E+05 1.00000000E-40 5.00000000E-02 6.93350128E-05 1.00000000E-40 1.00000000E-40 1.00000000E-40 1.00000000E-40 9.49930665E-01 1.00000000E-40 1.00000000E-40 1.00000000E-40 1.00000000E-40 1.00000000E-40 1.00000000E-40 1.00000000E-40 1.00000000E-40 1.00000000E-40 1.00000000E-40 1.00000000E-40 1.00000000E-40 1.00000000E-40 1.00000000E-40 1.00000000E-40 1.00000000E-40 1.00000000E-40 1.00000000E-40 1.00000000E-40 1.00000000E-40 1.00000000E-40 1.00000000E-40 1.00000000E-40 1.00000000E-40 1.00000000E-40 1.00000000E-40 1.00000000E-40 1.00000000E-40 1.00000000E-40 1.00000000E-40 1.00000000E-40 1.00000000E-40 1.00000000E-40 1.00000000E-40 1.00000000E-40 1.00000000E-40 1.00000000E-40 1.00000000E-40 1.00000000E-40 1.00000000E-40 1.00000000E-40 1.00000000E-40 1.00000000E-40 1.00000000E-40 1.00000000E-40 1.00000000E-40 1.00000000E-40 1.00000000E-40 1.00000000E-40 1.00000000E-40 1.00000000E-40 1.00000000E-40 1.00000000E-40 1.00000000E-40 1.00000000E-40 1.00000000E-40 1.00000000E-05 1.00000000E-40 1.00000000E-05 1.00000000E-40 1.00000000E-05 1.00000000E-40 1.00000000E-05 1.00000000E-40 1.00000000E-05 1.00000000E-40 1.00000000E-05 1.00000000E-40 1.00000000E-05 1.00000000E-40 1.00000000E-05 1.00000000E-40 1.00000000E-05 1.00000000E-40 1.00000000E-05 1.00000000E-40 1.00000000E-05 1.00000000E-40 1.00000000E-05
1.02000000E+01 2.17473860E+02 5.80986680E-01 1.93497710E+19 3.00000000E+05 1.00000000E-40 5.00000000E-02 3.29021802E-05 1.00000000E-40 1.00000000E-40 1.00000000E-40 1.00000000E-40 9.49967098E-01 1.00000000E-40 1.00000000E-40 1.00000000E-40 1.00000000E-40 1.00000000E-40 1.00000000E-40 1.00000000E-40 1.00000000E-40 1.00000000E-40 1.00000000E-40 1.00000000E-40 1.00000000E-40 1.00000000E-40 1.00000000E-40 1.00000000E-40 1.00000000E-40 1.00000000E-40 1.00000000E-40 1.00000000E-40 1.00000000E-40 1.00000000E-40 1.00000000E-40 1.00000000E-40 1.00000000E-40 1.00000000E-40 1.00000000E-40 1.00000000E-40 1.00000000E-40 1.00000000E-40 1.00000000E-40 1.00000000E-40 1.00000000E-40 1.00000000E-40 1.00000000E-40 1.00000000E-40 1.00000000E-40 1.00000000E-40 1.00000000E-40 1.00000000E-40 1.00000000E-40 1.00000000E-40 1.00000000E-40 1.00000000E-40 1.00000000E-40 1.00000000E-40 1.00000000E-40 1.00000000E-40 1.00000000E-40 1.00000000E-40 1.00000000E-40 1.00000000E-40 1.00000000E-40 1.00000000E-40 1.00000000E-40 1.00000000E-40 1.00000000E-40 1.00000000E-05 1.00000000E-40 1.00000000E-05 1.00000000E-40 1.00000000E-05 1.00000000E-40 1.00000000E-05 1.00000000E-40 1.00000000E-05 1.00000000E-40 1.00000000E-05 1.00000000E-40 1.00000000E-05 1.00000000E-40 1.00000000E-05 1.00000000E-40 1.00000000E-05 1.00000000E-40 1.00000000E-05 1.00000000E-40 1.00000000E-05 1.00000000E-40 1.00000000E-05
1.14000000E+01 2.10706079E+02 5.19522127E-01 1.78584475E+19 3.00000000E+05 1.00000000E-40 5.00000000E-02 1.48450921E-05 1.00000000E-40 1.00000000E-40 1.00000000E-40 1.00000000E-40 9.49985155E-01 1.00000000E-40 1.00000000E-40 1.00000000E-40 1.00000000E-40 1.00000000E-40 1.00000000E-40 1.00000000E-40 1.00000000E-40 1.00000000E-40 1.00000000E-40 1.00000000E-40 1.00000000E-40 1.00000000E-40 1.00000000E-40 1.00000000E-40 1.00000000E-40 1.00000000E-40 1.00000000E-40 1.00000000E-40 1.00000000E-40 1.00000000E-40 1.00000000E-40 1.00000000E-40 1.00000000E-40 1.00000000E-40 1.00000000E-40 1.00000000E-40 1.00000000E-40 1.00000000E-40 1.00000000E-40 1.00000000E-40 1.00000000E-40 1.00000000E-40 1.00000000E-40 1.00000000E-40 1.00000000E-40 1.00000000E-40 1.00000000E-40 1.00000000E-40 1.00000000E-40 1.00000000E-40 1.00000000E-40 1.00000000E-40 1.00000000E-40 1.00000000E-40 1.00000000E-40 1.00000000E-40 1.00000000E-40 1.00000000E-40 1.00000000E-40 1.00000000E-40 1.00000000E-40 1.00000000E-40 1.00000000E-40 1.00000000E-40 1.00000000E-40 1.00000000E-05 1.00000000E-40 1.00000000E-05 1.00000000E-40 1.00000000E-05 1.00000000E-40 1.00000000E-05 1.00000000E-40 1.00000000E-05 1.00000000E-40 1.00000000E-05 1.00000000E-40 1.00000000E-05 1.00000000E-40 1.00000000E-05 1.00000000E-40 1.00000000E-05 1.00000000E-40 1.00000000E-05 1.00000000E-40 1.00000000E-05 1.00000000E-40 1.00000000E-05
1.26000000E+01 2.03938298E+02 4.62839449E-01 1.64379742E+19 3.00000000E+05 1.00000000E-40 5.00000000E-02 6.33590271E-06 1.00000000E-40 1.00000000E-40 1.00000000E-40 1.00000000E-40 9.49993664E-01 1.00000000E-40 1.00000000E-40 1.00000000E-40 1.00000000E-40 1.00000000E-40 1.00000000E-40 1.00000000E-40 1.00000000E-40 1.00000000E-40 1.00000000E-40 1.00000000E-40 1.00000000E-40 1.00000000E-40 1.00000000E-40 1.00000000E-40 1.00000000E-40 1.00000000E-40 1.00000000E-40 1.00000000E-40 1.00000000E-40 1.00000000E-40 1.00000000E-40 1.00000000E-40 1.00000000E-40 1.00000000E-40 1.00000000E-40 1.00000000E-40 1.00000000E-40 1.00000000E-40 1.00000000E-40 1.00000000E-40 1.00000000E-40 1.00000000E-40 1.00000000E-40 1.00000000E-40 1.00000000E-40 1.00000000E-40 1.00000000E-40 1.00000000E-40 1.00000000E-40 1.00000000E-40 1.00000000E-40 1.00000000E-40 1.00000000E-40 1.00000000E-40 1.00000000E-40 1.00000000E-40 1.00000000E-40 1.00000000E-40 1.00000000E-40 1.00000000E-40 1.00000000E-40 1.00000000E-40 1.00000000E-40 1.00000000E-40 1.00000000E-40 1.00000000E-05 1.00000000E-40 1.00000000E-05 1.00000000E-40 1.00000000E-05 1.00000000E-40 1.00000000E-05 1.00000000E-40 1.00000000E-05 1.00000000E-40 1.00000000E-05 1.00000000E-40 1.00000000E-05 1.00000000E-40 1.00000000E-05 1.00000000E-40 1.00000000E-05 1.00000000E-40 1.00000000E-05 1.00000000E-40 1.00000000E-05 1.00000000E-40 1.00000000E-05
1.38000000E+01 1.97170517E+02 4.10709264E-01 1.50872207E+19 3.00000000E+05 1.00000000E-40 5.00000000E-02 2.54317097E-06 1.00000000E-40 1.00000000E-40 1.00000000E-40 1.00000000E-40 9.49997457E-01 1.00000000E-40 1.00000000E-40 1.00000000E-40 1.00000000E-40 1.00000000E-40 1.00000000E-40 1.00000000E-40 1.00000000E-40 1.00000000E-40 1.00000000E-40 1.00000000E-40 1.00000000E-40 1.00000000E-40 1.00000000E-40 1.00000000E-40 1.00000000E-40 1.00000000E-40 1.00000000E-40 1.00000000E-40 1.00000000E-40 1.00000000E-40 1.00000000E-40 1.00000000E-40 1.00000000E-40 1.00000000E-40 1.00000000E-40 1.00000000E-40 1.00000000E-40 1.00000000E-40 1.00000000E-40 1.00000000E-40 1.00000000E-40 1.00000000E-40 1.00000000E-40 1.00000000E-40 1.00000000E-40 1.00000000E-40 1.00000000E-40 1.00000000E-40 1.00000000E-40 1.00000000E-40 1.00000000E-40 1.00000000E-40 1.00000000E-40 1.00000000E-40 1.00000000E-40 1.00000000E-40 1.00000000E-40 1.00000000E-40 1.00000000E-40 1.00000000E-40 1.00000000E-40 1.00000000E-40 1.00000000E-40 1.00000000E-40 1.00000000E-40 1.00000000E-05 1.00000000E-40 1.00000000E-05 1.00000000E-40 1.00000000E-05 1.00000000E-40 1.00000000E-05 1.00000000E-40 1.00000000E-05 1.00000000E-40 1.00000000E-05 1.00000000E-40 1.00000000E-05 1.00000000E-40 1.00000000E-05 1.00000000E-40 1.00000000E-05 1.00000000E-40 1.00000000E-05 1.00000000E-40 1.00000000E-05 1.00000000E-40 1.00000000E-05
1.50000000E+01 1.90402736E+02 3.62905889E-01 1.38050362E+19 3.00000000E+05 1.00000000E-40 5.00000000E-02 9.53665558E-07 1.00000000E-40 1.00000000E-40 1.00000000E-40 1.00000000E-40 9.49999046E-01 1.00000000E-40 1.00000000E-40 1.00000000E-40 1.00000000E-40 1.00000000E-40 1.00000000E-40 1.00000000E-40 1.00000000E-40 1.00000000E-40 1.00000000E-40 1.00000000E-40 1.00000000E-40 1.00000000E-40 1.00000000E-40 1.00000000E-40 1.00000000E-40 1.00000000E-40 1.00000000E-40 1.00000000E-40 1.00000000E-40 1.00000000E-40 1.00000000E-40 1.00000000E-40 1.00000000E-40 1.00000000E-40 1.00000000E-40 1.00000000E-40 1.00000000E-40 1.00000000E-40 1.00000000E-40 1.00000000E-40 1.00000000E-40 1.00000000E-40 1.00000000E-40 1.00000000E-40 1.00000000E-40 1.00000000E-40 1.00000000E-40 1.00000000E-40 1.00000000E-40 1.00000000E-40 1.00000000E-40 1.00000000E-40 1.00000000E-40 1.00000000E-40 1.00000000E-40 1.00000000E-40 1.00000000E-40 1.00000000E-40 1.00000000E-40 1.00000000E-40 1.00000000E-40 1.00000000E-40 1.00000000E-40 1.00000000E-40 1.00000000E-40 1.00000000E-05 1.00000000E-40 1.00000000E-05 1.00000000E-40 1.00000000E-05 1.00000000E-40 1.00000000E-05 1.00000000E-40 1.00000000E-05 1.00000000E-40 1.00000000E-05 1.00000000E-40 1.00000000E-05 1.00000000E-40 1.00000000E-05 1.00000000E-40 1.00000000E-05 1.00000000E-40 1.00000000E-05 1.00000000E-40 1.00000000E-05 1.00000000E-40 1.00000000E-05
1.62000000E+01 1.90000000E+02 3.20582358E-01 1.22208872E+19 3.00000000E+05 1.00000000E-40 5.00000000E-02 1.00842037E-06 1.00000000E-40 1.00000000E-40 1.00000000E-40 1.00000000E-40 9.49998992E-01 1.00000000E-40 1.00000000E-40 1.00000000E-40 1.00000000E-40 1.00000000E-40 1.00000000E-40 1.00000000E-40 1.00000000E-40 1.00000000E-40 1.00000000E-40 1.00000000E-40 1.00000000E-40 1.00000000E-40 1.00000000E-40 1.00000000E-40 1.00000000E-40 1.00000000E-40 1.00000000E-40 1.00000000E-40 1.00000000E-40 1.00000000E-40 1.00000000E-40 1.00000000E-40 1.00000000E-40 1.00000000E-40 1.00000000E-40 1.00000000E-40 1.00000000E-40 1.00000000E-40 1.00000000E-40 1.00000000E-40 1.00000000E-40 1.00000000E-40 1.00000000E-40 1.00000000E-40 1.00000000E-40 1.00000000E-40 1.00000000E-40 1.00000000E-40 1.00000000E-40 1.00000000E-40 1.00000000E-40 1.00000000E-40 1.00000000E-40 1.00000000E-40 1.00000000E-40 1.00000000E-40 1.00000000E-40 1.00000000E-40 1.00000000E-40 1.00000000E-40 1.00000000E-40 1.00000000E-40 1.00000000E-40 1.00000000E-40 1.00000000E-40 1.00000000E-05 1.00000000E-40 1.00000000E-05 1.00000000E-40 1.00000000E-05 1.00000000E-40 1.00000000E-05 1.00000000E-40 1.00000000E-05 1.00000000E-40 1.00000000E-05 1.00000000E-40 1.00000000E-05 1.00000000E-40 1.00000000E-05 1.00000000E-40 1.00000000E-05 1.00000000E-40 1.00000000E-05 1.00000000E-40 1.00000000E-05 1.00000000E-40 1.00000000E-05
1.74000000E+01 1.90000000E+02 2.83194767E-01 1.07956387E+19 3.00000000E+05 1.00000000E-40 5.00000000E-02 1.14155280E-06 1.00000000E-40 1.00000000E-40 1.00000000E-40 1.00000000E-40 9.49998858E-01 1.00000000E-40 1.00000000E-40 1.00000000E-40 1.00000000E-40 1.00000000E-40 1.00000000E-40 1.00000000E-40 1.00000000E-40 1.00000000E-40 1.00000000E-40 1.00000000E-40 1.00000000E-40 1.00000000E-40 1.00000000E-40 1.00000000E-40 1.00000000E-40 1.00000000E-40 1.00000000E-40 1.00000000E-40 1.00000000E-40 1.00000000E-40 1.00000000E-40 1.00000000E-40 1.00000000E-40 1.00000000E-40 1.00000000E-40 1.00000000E-40 1.00000000E-40 1.00000000E-40 1.00000000E-40 1.00000000E-40 1.00000000E-40 1.00000000E-40 1.00000000E-40 1.00000000E-40 1.00000000E-40 1.00000000E-40 1.00000000E-40 1.00000000E-40 1.00000000E-40 1.00000000E-40 1.00000000E-40 1.00000000E-40 1.00000000E-40 1.00000000E-40 1.00000000E-40 1.00000000E-40 1.00000000E-40 1.00000000E-40 1.00000000E-40 1.00000000E-40 1.00000000E-40 1.00000000E-40 1.00000000E-40 1.00000000E-40 1.00000000E-40 1.00000000E-05 1.00000000E-40 1.00000000E-05 1.00000000E-40 1.00000000E-05 1.00000000E-40 1.00000000E-05 1.00000000E-40 1.00000000E-05 1.00000000E-40 1.00000000E-05 1.00000000E-40 1.00000000E-05 1.00000000E-40 1.00000000E-05 1.00000000E-40 1.00000000E-05 1.00000000E-40 1.00000000E-05 1.00000000E-40 1.00000000E-05 1.00000000E-40 1.00000000E-05
1.86000000E+01 1.90000000E+02 2.50167465E-01 9.53660829E+18 3.00000000E+05 1.00000000E-40 5.00000000E-02 1.29226149E-06 1.00000000E-40 1.00000000E-40 1.00000000E-40 1.00000000E-40 9.49998708E-01 1.00000000E-40 1.00000000E-40 1.00000000E-40 1.00000000E-40 1.00000000E-40 1.00000000E-40 1.00000000E-40 1.00000000E-40 1.00000000E-40 1.00000000E-40 1.00000000E-40 1.00000000E-40 1.00000000E-40 1.00000000E-40 1.00000000E-40 1.00000000E-40 1.00000000E-40 1.00000000E-40 1.00000000E-40 1.00000000E-40 1.00000000E-40 1.00000000E-40 1.00000000E-40 1.00000000E-40 1.00000000E-40 1.00000000E-40 1.00000000E-40 1.00000000E-40 1.00000000E-40 1.00000000E-40 1.00000000E-40 1.00000000E-40 1.00000000E-40 1.00000000E-40 1.00000000E-40 1.00000000E-40 1.00000000E-40 1.00000000E-40 1.00000000E-40 1.00000000E-40 1.00000000E-40 1.00000000E-40 1.00000000E-40 1.00000000E-40 1.00000000E-40 1.00000000E-40 1.00000000E-40 1.00000000E-40 1.00000000E-40 1.00000000E-40 1.00000000E-40 1.00000000E-40 1.00000000E-40 1.00000000E-40 1.00000000E-40 1.00000000E-40 1.00000000E-05 1.00000000E-40 1.00000000E-05 1.00000000E-40 1.00000000E-05 1.00000000E-40 1.00000000E-05 1.00000000E-40 1.00000000E-05 1.00000000E-40 1.00000000E-05 1.00000000E-40 1.00000000E-05 1.00000000E-40 1.00000000E-05 1.00000000E-40 1.00000000E-05 1.00000000E-40 1.00000000E-05 1.00000000E-40 1.00000000E-05 1.00000000E-40 1.00000000E-05
1.98000000E+01 1.90000000E+02 2.20991939E-01 8.42441104E+18 3.00000000E+05 1.00000000E-40 5.00000000E-02 1.46286684E-06 1.00000000E-40 1.00000000E-40 1.00000000E-40 1.00000000E-40 9.49998537E-01 1.00000000E-40 1.00000000E-40 1.00000000E-40 1.00000000E-40 1.00000000E-40 1.00000000E-40 1.00000000E-40 1.00000000E-40 1.00000000E-40 1.00000000E-40 1.00000000E-40 1.00000000E-40 1.00000000E-40 1.00000000E-40 1.00000000E-40 1.00000000E-40 1.00000000E-40 1.00000000E-40 1.00000000E-40 1.00000000E-40 1.00000000E-40 1.00000000E-40 1.00000000E-40 1.00000000E-40 1.00000000E-40 1.00000000E-40 1.00000000E-40 1.00000000E-40 1.00000000E-40 1.00000000E-40 1.00000000E-40 1.00000000E-40 1.00000000E-40 1.00000000E-40 1.00000000E-40 1.00000000E-40 1.00000000E-40 1.00000000E-40 1.00000000E-40 1.00000000E-40 1.00000000E-40 1.00000000E-40 1.00000000E-40 1.00000000E-40 1.00000000E-40 1.00000000E-40 1.00000000E-40 1.00000000E-40 1.00000000E-40 1.00000000E-40 1.00000000E-40 1.00000000E-40 1.00000000E-40 1.00000000E-40 1.00000000E-40 1.00000000E-40 1.00000000E-05 1.00000000E-40 1.00000000E-05 1.00000000E-40 1.00000000E-05 1.00000000E-40 1.00000000E-05 1.00000000E-40 1.00000000E-05 1.00000000E-40 1.00000000E-05 1.00000000E-40 1.00000000E-05 1.00000000E-40 1.00000000E-05 1.00000000E-40 1.00000000E-05 1.00000000E-40 1.00000000E-05 1.00000000E-40 1.00000000E-05 1.00000000E-40 1.00000000E-05
2.10000000E+01 1.90000000E+02 1.95218979E-01 7.44192267E+18 3.00000000E+05 1.00000000E-40 5.00000000E-02 1.65599565E-06 1.00000000E-40 1.00000000E-40 1.00000000E-40 1.00000000E-40 9.49998344E-01 1.00000000E-40 1.00000000E-40 1.00000000E-40 1.00000000E-40 1.00000000E-40 1.00000000E-40 1.00000000E-40 1.00000000E-40 1.00000000E-40 1.00000000E-40 1.00000000E-40 1.00000000E-40 1.00000000E-40 1.00000000E-40 1.00000000E-40 1.00000000E-40 1.00000000E-40 1.00000000E-40 1.00000000E-40 1.00000000E-40 1.00000000E-40 1.00000000E-40 1.00000000E-40 1.00000000E-40 1.00000000E-40 1.00000000E-40 1.00000000E-40 1.00000000E-40 1.00000000E-40 1.00000000E-40 1.00000000E-40 1.00000000E-40 1.00000000E-40 1.00000000E-40 1.00000000E-40 1.00000000E-40 1.00000000E-40 1.00000000E-40 1.00000000E-40 1.00000000E-40 1.00000000E-40 1.00000000E-40 1.00000000E-40 1.00000000E-40 1.00000000E-40 1.00000000E-40 1.00000000E-40 1.00000000E-40 1.00000000E-40 1.00000000E-40 1.00000000E-40 1.00000000E-40 1.00000000E-40 1.00000000E-40 1.00000000E-40 1.00000000E-40 1.00000000E-05 1.00000000E-40 1.00000000E-05 1.00000000E-40 1.00000000E-05 1.00000000E-40 1.00000000E-05 1.00000000E-40 1.00000000E-05 1.00000000E-40 1.00000000E-05 1.00000000E-40 1.00000000E-05 1.00000000E-40 1.00000000E-05 1.00000000E-40 1.00000000E-05 1.00000000E-40 1.00000000E-05 1.00000000E-40 1.00000000E-05 1.00000000E-40 1.00000000E-05
2.22000000E+01 1.90000000E+02 1.72451764E-01 6.57401601E+18 3.00000000E+05 1.00000000E-40 5.00000000E-02 1.87462148E-06 1.00000000E-40 1.00000000E-40 1.00000000E-40 1.00000000E-40 9.49998125E-01 1.00000000E-40 1.00000000E-40 1.00000000E-40 1.00000000E-40 1.00000000E-40 1.00000000E-40 1.00000000E-40 1.00000000E-40 1.00000000E-40 1.00000000E-40 1.00000000E-40 1.00000000E-40 1.00000000E-40 1.00000000E-40 1.00000000E-40 1.00000000E-40 1.00000000E-40 1.00000000E-40 1.00000000E-40 1.00000000E-40 1.00000000E-40 1.00000000E-40 1.00000000E-40 1.00000000E-40 1.00000000E-40 1.00000000E-40 1.00000000E-40 1.00000000E-40 1.00000000E-40 1.00000000E-40 1.00000000E-40 1.00000000E-40 1.00000000E-40 1.00000000E-40 1.00000000E-40 1.00000000E-40 1.00000000E-40 1.00000000E-40 1.00000000E-40 1.00000000E-40 1.00000000E-40 1.00000000E-40 1.00000000E-40 1.00000000E-40 1.00000000E-40 1.00000000E-40 1.00000000E-40 1.00000000E-40 1.00000000E-40 1.00000000E-40 1.00000000E-40 1.00000000E-40 1.00000000E-40 1.00000000E-40 1.00000000E-40 1.00000000E-40 1.00000000E-05 1.00000000E-40 1.00000000E-05 1.00000000E-40 1.00000000E-05 1.00000000E-40 1.00000000E-05 1.00000000E-40 1.00000000E-05 1.00000000E-40 1.00000000E-05 1.00000000E-40 1.00000000E-05 1.00000000E-40 1.00000000E-05 1.00000000E-40 1.00000000E-05 1.00000000E-40 1.00000000E-05 1.00000000E-40 1.00000000E-05 1.00000000E-40 1.00000000E-05
2.34000000E+01 1.90000000E+02 1.52339752E-01 5.80732807E+18 3.00000000E+05 1.00000000E-40 5.00000000E-02 2.12211045E-06 1.00000000E-40 1.00000000E-40 1.00000000E-40 1.00000000E-40 9.49997878E-01 1.00000000E-40 1.00000000E-40 1.00000000E-40 1.00000000E-40 1.00000000E-40 1.00000000E-40 1.00000000E-40 1.00000000E-40 1.00000000E-40 1.00000000E-40 1.00000000E-40 1.00000000E-40 1.00000000E-40 1.00000000E-40 1.00000000E-40 1.00000000E-40 1.00000000E-40 1.00000000E-40 1.00000000E-40 1.00000000E-40 1.00000000E-40 1.00000000E-40 1.00000000E-40 1.00000000E-40 1.00000000E-40 1.00000000E-40 1.00000000E-40 1.00000000E-40 1.00000000E-40 1.00000000E-40 1.00000000E-40 1.00000000E-40 1.00000000E-40 1.00000000E-40 1.00000000E-40 1.00000000E-40 1.00000000E-40 1.00000000E-40 1.00000000E-40 1.00000000E-40 1.00000000E-40 1.00000000E-40 1.00000000E-40 1.00000000E-40 1.00000000E-40 1.00000000E-40 1.00000000E-40 1.00000000E-40 1.00000000E-40 1.00000000E-40 1.00000000E-40 1.00000000E-40 1.00000000E-40 1.00000000E-40 1.00000000E-40 1.00000000E-40 1.00000000E-05 1.00000000E-40 1.00000000E-05 1.00000000E-40 1.00000000E-05 1.00000000E-40 1.00000000E-05 1.00000000E-40 1.00000000E-05 1.00000000E-40 1.00000000E-05 1.00000000E-40 1.00000000E-05 1.00000000E-40 1.00000000E-05 1.00000000E-40 1.00000000E-05 1.00000000E-40 1.00000000E-05 1.00000000E-40 1.00000000E-05 1.00000000E-40 1.00000000E-05
2.46000000E+01 1.90000000E+02 1.34573284E-01 5.13005434E+18 3.00000000E+05 1.00000000E-40 5.00000000E-02 2.40227311E-06 1.00000000E-40 1.00000000E-40 1.00000000E-40 1.00000000E-40 9.49997598E-01 1.00000000E-40 1.00000000E-40 1.00000000E-40 1.00000000E-40 1.00000000E-40 1.00000000E-40 1.00000000E-40 1.00000000E-40 1.00000000E-40 1.00000000E-40 1.00000000E-40 1.00000000E-40 1.00000000E-40 1.00000000E-40 1.00000000E-40 1.00000000E-40 1.00000000E-40 1.00000000E-40 1.00000000E-40 1.00000000E-40 1.00000000E-40 1.00000000E-40 1.00000000E-40 1.00000000E-40 1.00000000E-40 1.00000000E-40 1.00000000E-40 1.00000000E-40 1.00000000E-40 1.00000000E-40 1.00000000E-40 1.00000000E-40 1.00000000E-40 1.00000000E-40 1.00000000E-40 1.00000000E-40 1.00000000E-40 1.00000000E-40 1.00000000E-40 1.00000000E-40 1.00000000E-40 1.00000000E-40 1.00000000E-40 1.00000000E-40 1.00000000E-40 1.00000000E-40 1.00000000E-40 1.00000000E-40 1.00000000E-40 1.00000000E-40 1.00000000E-40 1.00000000E-40 1.00000000E-40 1.00000000E-40 1.00000000E-40 1.00000000E-40 1.00000000E-05 1.00000000E-40 1.00000000E-05 1.00000000E-40 1.00000000E-05 1.00000000E-40 1.00000000E-05 1.00000000E-40 1.00000000E-05 1.00000000E-40 1.00000000E-05 1.00000000E-40 1.00000000E-05 1.00000000E-40 1.00000000E-05 1.00000000E-40 1.00000000E-05 1.00000000E-40 1.00000000E-05 1.00000000E-40 1.00000000E-05 1.00000000E-40 1.00000000E-05
2.58000000E+01 1.90000000E+02 1.18878811E-01 4.53176697E+18 3.00000000E+05 1.00000000E-40 5.00000000E-02 2.71942306E-06 1.00000000E-40 1.00000000E-40 1.00000000E-40 1.00000000E-40 9.49997281E-01 1.00000000E-40 1.00000000E-40 1.00000000E-40 1.00000000E-40 1.00000000E-40 1.00000000E-40 1.00000000E-40 1.00000000E-40 1.00000000E-40 1.00000000E-40 1.00000000E-40 1.00000000E-40 1.00000000E-40 1.00000000E-40 1.00000000E-40 1.00000000E-40 1.00000000E-40 1.00000000E-40 1.00000000E-40 1.00000000E-40 1.00000000E-40 1.00000000E-40 1.00000000E-40 1.00000000E-40 1.00000000E-40 1.00000000E-40 1.00000000E-40 1.00000000E-40 1.00000000E-40 1.00000000E-40 1.00000000E-40 1.00000000E-40 1.00000000E-40 1.00000000E-40 1.00000000E-40 1.00000000E-40 1.00000000E-40 1.00000000E-40 1.00000000E-40 1.00000000E-40 1.00000000E-40 1.00000000E-40 1.00000000E-40 1.00000000E-40 1.00000000E-40 1.00000000E-40 1.00000000E-40 1.00000000E-40 1.00000000E-40 1.00000000E-40 1.00000000E-40 1.00000000E-40 1.00000000E-40 1.00000000E-40 1.00000000E-40 1.00000000E-40 1.00000000E-05 1.00000000E-40 1.00000000E-05 1.00000000E-40 1.00000000E-05 1.00000000E-40 1.00000000E-05 1.00000000E-40 1.00000000E-05 1.00000000E-40 1.00000000E-05 1.00000000E-40 1.00000000E-05 1.00000000E-40 1.00000000E-05 1.00000000E-40 1.00000000E-05 1.00000000E-40 1.00000000E-05 1.00000000E-40 1.00000000E-05 1.00000000E-40 1.00000000E-05
2.70000000E+01 1.90000000E+02 1.05014691E-01 4.00325426E+18 3.00000000E+05 1.00000000E-40 5.00000000E-02 3.07844339E-06 1.00000000E-40 1.00000000E-40 1.00000000E-40 1.00000000E-40 9.49996922E-01 1.00000000E-40 1.00000000E-40 1.00000000E-40 1.00000000E-40 1.00000000E-40 1.00000000E-40 1.00000000E-40 1.00000000E-40 1.00000000E-40 1.00000000E-40 1.00000000E-40 1.00000000E-40 1.00000000E-40 1.00000000E-40 1.00000000E-40 1.00000000E-40 1.00000000E-40 1.00000000E-40 1.00000000E-40 1.00000000E-40 1.00000000E-40 1.00000000E-40 1.00000000E-40 1.00000000E-40 1.00000000E-40 1.00000000E-40 1.00000000E-40 1.00000000E-40 1.00000000E-40 1.00000000E-40 1.00000000E-40 1.00000000E-40 1.00000000E-40 1.00000000E-40 1.00000000E-40 1.00000000E-40 1.00000000E-40 1.00000000E-40 1.00000000E-40 1.00000000E-40 1.00000000E-40 1.00000000E-40 1.00000000E-40 1.00000000E-40 1.00000000E-40 1.00000000E-40 1.00000000E-40 1.00000000E-40 1.00000000E-40 1.00000000E-40 1.00000000E-40 1.00000000E-40 1.00000000E-40 1.00000000E-40 1.00000000E-40 1.00000000E-40 1.00000000E-05 1.00000000E-40 1.00000000E-05 1.00000000E-40 1.00000000E-05 1.00000000E-40 1.00000000E-05 1.00000000E-40 1.00000000E-05 1.00000000E-40 1.00000000E-05 1.00000000E-40 1.00000000E-05 1.00000000E-40 1.00000000E-05 1.00000000E-40 1.00000000E-05 1.00000000E-40 1.00000000E-05 1.00000000E-40 1.00000000E-05 1.00000000E-40 1.00000000E-05
2.82000000E+01 1.90000000E+02 9.27674592E-02 3.53637880E+18 3.00000000E+05 1.00000000E-40 5.00000000E-02 3.48486186E-06 1.00000000E-40 1.00000000E-40 1.00000000E-40 1.00000000E-40 9.49996515E-01 1.00000000E-40 1.00000000E-40 1.00000000E-40 1.00000000E-40 1.00000000E-40 1.00000000E-40 1.00000000E-40 1.00000000E-40 1.00000000E-40 1.00000000E-40 1.00000000E-40 1.00000000E-40 1.00000000E-40 1.00000000E-40 1.00000000E-40 1.00000000E-40 1.00000000E-40 1.00000000E-40 1.00000000E-40 1.00000000E-40 1.00000000E-40 1.00000000E-40 1.00000000E-40 1.00000000E-40 1.00000000E-40 1.00000000E-40 1.00000000E-40 1.00000000E-40 1.00000000E-40 1.00000000E-40 1.00000000E-40 1.00000000E-40 1.00000000E-40 1.00000000E-40 1.00000000E-40 1.00000000E-40 1.00000000E-40 1.00000000E-40 1.00000000E-40 1.00000000E-40 1.00000000E-40 1.00000000E-40 1.00000000E-40 1.00000000E-40 1.00000000E-40 1.00000000E-40 1.00000000E-40 1.00000000E-40 1.00000000E-40 1.00000000E-40 1.00000000E-40 1.00000000E-40 1.00000000E-40 1.00000000E-40 1.00000000E-40 1.00000000E-40 1.00000000E-05 1.00000000E-40 1.00000000E-05 1.00000000E-40 1.00000000E-05 1.00000000E-40 1.00000000E-05 1.00000000E-40 1.00000000E-05 1.00000000E-40 1.00000000E-05 1.00000000E-40 1.00000000E-05 1.00000000E-40 1.00000000E-05 1.00000000E-40 1.00000000E-05 1.00000000E-40 1.00000000E-05 1.00000000E-40 1.00000000E-05 1.00000000E-40 1.00000000E-05
2.94000000E+01 1.90000000E+02 8.19485486E-02 3.12395222E+18 3.00000000E+05 1.00000000E-40 5.00000000E-02 3.94493601E-06 1.00000000E-40 1.00000000E-40 1.00000000E-40 1.00000000E-40 9.49996055E-01 1.00000000E-40 1.00000000E-40 1.00000000E-40 1.00000000E-40 1.00000000E-40 1.00000000E-40 1.00000000E-40 1.00000000E-40 1.00000000E-40 1.00000000E-40 1.00000000E-40 1.00000000E-40 1.00000000E-40 1.00000000E-40 1.00000000E-40 1.00000000E-40 1.00000000E-40 1.00000000E-40 1.00000000E-40 1.00000000E-40 1.00000000E-40 1.00000000E-40 1.00000000E-40 1.00000000E-40 1.00000000E-40 1.00000000E-40 1.00000000E-40 1.00000000E-40 1.00000000E-40 1.00000000E-40 1.00000000E-40 1.00000000E-40 1.00000000E-40 1.00000000E-40 1.00000000E-40 1.00000000E-40 1.00000000E-40 1.00000000E-40 1.00000000E-40 1.00000000E-40 1.00000000E-40 1.00000000E-40 1.00000000E-40 1.00000000E-40 1.00000000E-40 1.00000000E-40 1.00000000E-40 1.00000000E-40 1.00000000E-40 1.00000000E-40 1.00000000E-40 1.00000000E-40 1.00000000E-40 1.00000000E-40 1.00000000E-40 1.00000000E-40 1.00000000E-05 1.00000000E-40 1.00000000E-05 1.00000000E-40 1.00000000E-05 1.00000000E-40 1.00000000E-05 1.00000000E-40 1.00000000E-05 1.00000000E-40 1.00000000E-05 1.00000000E-40 1.00000000E-05 1.00000000E-40 1.00000000E-05 1.00000000E-40 1.00000000E-05 1.00000000E-40 1.00000000E-05 1.00000000E-40 1.00000000E-05 1.00000000E-40 1.00000000E-05
3.06000000E+01 1.90000000E+02 7.23913825E-02 2.75962447E+18 3.00000000E+05 1.00000000E-40 5.00000000E-02 4.46574950E-06 1.00000000E-40 1.00000000E-40 1.00000000E-40 1.00000000E-40 9.49995534E-01 1.00000000E-40 1.00000000E-40 1.00000000E-40 1.00000000E-40 1.00000000E-40 1.00000000E-40 1.00000000E-40 1.00000000E-40 1.00000000E-40 1.00000000E-40 1.00000000E-40 1.00000000E-40 1.00000000E-40 1.00000000E-40 1.00000000E-40 1.00000000E-40 1.00000000E-40 1.00000000E-40 1.00000000E-40 1.00000000E-40 1.00000000E-40 1.00000000E-40 1.00000000E-40 1.00000000E-40 1.00000000E-40 1.00000000E-40 1.00000000E-40 1.00000000E-40 1.00000000E-40 1.00000000E-40 1.00000000E-40 1.00000000E-40 1.00000000E-40 1.00000000E-40 1.00000000E-40 1.00000000E-40 1.00000000E-40 1.00000000E-40 1.00000000E-40 1.00000000E-40 1.00000000E-40 1.00000000E-40 1.00000000E-40 1.00000000E-40 1.00000000E-40 1.00000000E-40 1.00000000E-40 1.00000000E-40 1.00000000E-40 1.00000000E-40 1.00000000E-40 1.00000000E-40 1.00000000E-40 1.00000000E-40 1.00000000E-40 1.00000000E-40 1.00000000E-05 1.00000000E-40 1.00000000E-05 1.00000000E-40 1.00000000E-05 1.00000000E-40 1.00000000E-05 1.00000000E-40 1.00000000E-05 1.00000000E-40 1.00000000E-05 1.00000000E-40 1.00000000E-05 1.00000000E-40 1.00000000E-05 1.00000000E-40 1.00000000E-05 1.00000000E-40 1.00000000E-05 1.00000000E-40 1.00000000E-05 1.00000000E-40 1.00000000E-05
3.18000000E+01 1.90000000E+02 6.39488111E-02 2.43778607E+18 3.00000000E+05 1.00000000E-40 5.00000000E-02 5.05532120E-06 1.00000000E-40 1.00000000E-40 1.00000000E-40 1.00000000E-40 9.49994945E-01 1.00000000E-40 1.00000000E-40 1.00000000E-40 1.00000000E-40 1.00000000E-40 1.00000000E-40 1.00000000E-40 1.00000000E-40 1.00000000E-40 1.00000000E-40 1.00000000E-40 1.00000000E-40 1.00000000E-40 1.00000000E-40 1.00000000E-40 1.00000000E-40 1.00000000E-40 1.00000000E-40 1.00000000E-40 1.00000000E-40 1.00000000E-40 1.00000000E-40 1.00000000E-40 1.00000000E-40 1.00000000E-40 1.00000000E-40 1.00000000E-40 1.00000000E-40 1.00000000E-40 1.00000000E-40 1.00000000E-40 1.00000000E-40 1.00000000E-40 1.00000000E-40 1.00000000E-40 1.00000000E-40 1.00000000E-40 1.00000000E-40 1.00000000E-40 1.00000000E-40 1.00000000E-40 1.00000000E-40 1.00000000E-40 1.00000000E-40 1.00000000E-40 1.00000000E-40 1.00000000E-40 1.00000000E-40 1.00000000E-40 1.00000000E-40 1.00000000E-40 1.00000000E-40 1.00000000E-40 1.00000000E-40 1.00000000E-40 1.00000000E-40 1.00000000E-05 1.00000000E-40 1.00000000E-05 1.00000000E-40 1.00000000E-05 1.00000000E-40 1.00000000E-05 1.00000000E-40 1.00000000E-05 1.00000000E-40 1.00000000E-05 1.00000000E-40 1.00000000E-05 1.00000000E-40 1.00000000E-05 1.00000000E-40 1.00000000E-05 1.00000000E-40 1.00000000E-05 1.00000000E-40 1.00000000E-05 1.00000000E-40 1.00000000E-05
3.30000000E+01 1.90000000E+02 5.64908460E-02 2.15348175E+18 3.00000000E+05 1.00000000E-40 5.00000000E-02 5.72272860E-06 1.00000000E-40 1.00000000E-40 1.00000000E-40 1.00000000E-40 9.49994277E-01 1.00000000E-40 1.00000000E-40 1.00000000E-40 1.00000000E-40 1.00000000E-40 1.00000000E-40 1.00000000E-40 1.00000000E-40 1.00000000E-40 1.00000000E-40 1.00000000E-40 1.00000000E-40 1.00000000E-40 1.00000000E-40 1.00000000E-40 1.00000000E-40 1.00000000E-40 1.00000000E-40 1.00000000E-40 1.00000000E-40 1.00000000E-40 1.00000000E-40 1.00000000E-40 1.00000000E-40 1.00000000E-40 1.00000000E-40 1.00000000E-40 1.00000000E-40 1.00000000E-40 1.00000000E-40 1.00000000E-40 1.00000000E-40 1.00000000E-40 1.00000000E-40 1.00000000E-40 1.00000000E-40 1.00000000E-40 1.00000000E-40 1.00000000E-40 1.00000000E-40 1.00000000E-40 1.00000000E-40 1.00000000E-40 1.00000000E-40 1.00000000E-40 1.00000000E-40 1.00000000E-40 1.00000000E-40 1.00000000E-40 1.00000000E-40 1.00000000E-40 1.00000000E-40 1.00000000E-40 1.00000000E-40 1.00000000E-40 1.00000000E-40 1.00000000E-05 1.00000000E-40 1.00000000E-05 1.00000000E-40 1.00000000E-05 1.00000000E-40 1.00000000E-05 1.00000000E-40 1.00000000E-05 1.00000000E-40 1.00000000E-05 1.00000000E-40 1.00000000E-05 1.00000000E-40 1.00000000E-05 1.00000000E-40 1.00000000E-05 1.00000000E-40 1.00000000E-05 1.00000000E-40 1.00000000E-05 1.00000000E-40 1.00000000E-05
3.42000000E+01 1.90000000E+02 4.99026586E-02 1.90233413E+18 3.00000000E+05 1.00000000E-40 5.00000000E-02 6.47824765E-06 1.00000000E-40 1.00000000E-40 1.00000000E-40 1.00000000E-40 9.49993522E-01 1.00000000E-40 1.00000000E-40 1.00000000E-40 1.00000000E-40 1.00000000E-40 1.00000000E-40 1.00000000E-40 1.00000000E-40 1.00000000E-40 1.00000000E-40 1.00000000E-40 1.00000000E-40 1.00000000E-40 1.00000000E-40 1.00000000E-40 1.00000000E-40 1.00000000E-40 1.00000000E-40 1.00000000E-40 1.00000000E-40 1.00000000E-40 1.00000000E-40 1.00000000E-40 1.00000000E-40 1.00000000E-40 1.00000000E-40 1.00000000E-40 1.00000000E-40 1.00000000E-40 1.00000000E-40 1.00000000E-40 1.00000000E-40 1.00000000E-40 1.00000000E-40 1.00000000E-40 1.00000000E-40 1.00000000E-40 1.00000000E-40 1.00000000E-40 1.00000000E-40 1.00000000E-40 1.00000000E-40 1.00000000E-40 1.00000000E-40 1.00000000E-40 1.00000000E-40 1.00000000E-40 1.00000000E-40 1.00000000E-40 1.00000000E-40 1.00000000E-40 1.00000000E-40 1.00000000E-40 1.00000000E-40 1.00000000E-40 1.00000000E-40 1.00000000E-05 1.00000000E-40 1.00000000E-05 1.00000000E-40 1.00000000E-05 1.00000000E-40 1.00000000E-05 1.00000000E-40 1.00000000E-05 1.00000000E-40 1.00000000E-05 1.00000000E-40 1.00000000E-05 1.00000000E-40 1.00000000E-05 1.00000000E-40 1.00000000E-05 1.00000000E-40 1.00000000E-05 1.00000000E-40 1.00000000E-05 1.00000000E-40 1.00000000E-05
3.54000000E+01 1.90000000E+02 4.40828118E-02 1.68047635E+18 3.00000000E+05 1.00000000E-40 5.00000000E-02 7.33351090E-06 1.00000000E-40 1.00000000E-40 1.00000000E-40 1.00000000E-40 9.49992666E-01 1.00000000E-40 1.00000000E-40 1.00000000E-40 1.00000000E-40 1.00000000E-40 1.00000000E-40 1.00000000E-40 1.00000000E-40 1.00000000E-40 1.00000000E-40 1.00000000E-40 1.00000000E-40 1.00000000E-40 1.00000000E-40 1.00000000E-40 1.00000000E-40 1.00000000E-40 1.00000000E-40 1.00000000E-40 1.00000000E-40 1.00000000E-40 1.00000000E-40 1.00000000E-40 1.00000000E-40 1.00000000E-40 1.00000000E-40 1.00000000E-40 1.00000000E-40 1.00000000E-40 1.00000000E-40 1.00000000E-40 1.00000000E-40 1.00000000E-40 1.00000000E-40 1.00000000E-40 1.00000000E-40 1.00000000E-40 1.00000000E-40 1.00000000E-40 1.00000000E-40 1.00000000E-40 1.00000000E-40 1.00000000E-40 1.00000000E-40 1.00000000E-40 1.00000000E-40 1.00000000E-40 1.00000000E-40 1.00000000E-40 1.00000000E-40 1.00000000E-40 1.00000000E-40 1.00000000E-40 1.00000000E-40 1.00000000E-40 1.00000000E-40 1.00000000E-05 1.00000000E-40 1.00000000E-05 1.00000000E-40 1.00000000E-05 1.00000000E-40 1.00000000E-05 1.00000000E-40 1.00000000E-05 1.00000000E-40 1.00000000E-05 1.00000000E-40 1.00000000E-05 1.00000000E-40 1.00000000E-05 1.00000000E-40 1.00000000E-05 1.00000000E-40 1.00000000E-05 1.00000000E-40 1.00000000E-05 1.00000000E-40 1.00000000E-05
3.66000000E+01 1.90000000E+02 3.89416987E-02 1.48449250E+18 3.00000000E+05 1.00000000E-40 5.00000000E-02 8.30168666E-06 1.00000000E-40 1.00000000E-40 1.00000000E-40 1.00000000E-40 9.49991698E-01 1.00000000E-40 1.00000000E-40 1.00000000E-40 1.00000000E-40 1.00000000E-40 1.00000000E-40 1.00000000E-40 1.00000000E-40 1.00000000E-40 1.00000000E-40 1.00000000E-40 1.00000000E-40 1.00000000E-40 1.00000000E-40 1.00000000E-40 1.00000000E-40 1.00000000E-40 1.00000000E-40 1.00000000E-40 1.00000000E-40 1.00000000E-40 1.00000000E-40 1.00000000E-40 1.00000000E-40 1.00000000E-40 1.00000000E-40 1.00000000E-40 1.00000000E-40 1.00000000E-40 1.00000000E-40 1.00000000E-40 1.00000000E-40 1.00000000E-40 1.00000000E-40 1.00000000E-40 1.00000000E-40 1.00000000E-40 1.00000000E-40 1.00000000E-40 1.00000000E-40 1.00000000E-40 1.00000000E-40 1.00000000E-40 1.00000000E-40 1.00000000E-40 1.00000000E-40 1.00000000E-40 1.00000000E-40 1.00000000E-40 1.00000000E-40 1.00000000E-40 1.00000000E-40 1.00000000E-40 1.00000000E-40 1.00000000E-40 1.00000000E-40 1.00000000E-05 1.00000000E-40 1.00000000E-05 1.00000000E-40 1.00000000E-05 1.00000000E-40 1.00000000E-05 1.00000000E-40 1.00000000E-05 1.00000000E-40 1.00000000E-05 1.00000000E-40 1.00000000E-05 1.00000000E-40 1.00000000E-05 1.00000000E-40 1.00000000E-05 1.00000000E-40 1.00000000E-05 1.00000000E-40 1.00000000E-05 1.00000000E-40 1.00000000E-05
3.78000000E+01 1.90000000E+02 3.44001626E-02 1.31136507E+18 3.00000000E+05 1.00000000E-40 5.00000000E-02 9.39768174E-06 1.00000000E-40 1.00000000E-40 1.00000000E-40 1.00000000E-40 9.49990602E-01 1.00000000E-40 1.00000000E-40 1.00000000E-40 1.00000000E-40 1.00000000E-40 1.00000000E-40 1.00000000E-40 1.00000000E-40 1.00000000E-40 1.00000000E-40 1.00000000E-40 1.00000000E-40 1.00000000E-40 1.00000000E-40 1.00000000E-40 1.00000000E-40 1.00000000E-40 1.00000000E-40 1.00000000E-40 1.00000000E-40 1.00000000E-40 1.00000000E-40 1.00000000E-40 1.00000000E-40 1.00000000E-40 1.00000000E-40 1.00000000E-40 1.00000000E-40 1.00000000E-40 1.00000000E-40 1.00000000E-40 1.00000000E-40 1.00000000E-40 1.00000000E-40 1.00000000E-40 1.00000000E-40 1.00000000E-40 1.00000000E-40 1.00000000E-40 1.00000000E-40 1.00000000E-40 1.00000000E-40 1.00000000E-40 1.00000000E-40 1.00000000E-40 1.00000000E-40 1.00000000E-40 1.00000000E-40 1.00000000E-40 1.00000000E-40 1.00000000E-40 1.00000000E-40 1.00000000E-40 1.00000000E-40 1.00000000E-40 1.00000000E-40 1.00000000E-05 1.00000000E-40 1.00000000E-05 1.00000000E-40 1.00000000E-05 1.00000000E-40 1.00000000E-05 1.00000000E-40 1.00000000E-05 1.00000000E-40 1.00000000E-05 1.00000000E-40 1.00000000E-05 1.00000000E-40 1.00000000E-05 1.00000000E-40 1.00000000E-05 1.00000000E-40 1.00000000E-05 1.00000000E-40 1.00000000E-05 1.00000000E-40 1.00000000E-05
3.90000000E+01 1.90000000E+02 3.03882787E-02 1.15842845E+18 3.00000000E+05 1.00000000E-40 5.00000000E-02 1.06383709E-05 1.00000000E-40 1.00000000E-40 1.00000000E-40 1.00000000E-40 9.49989362E-01 1.00000000E-40 1.00000000E-40 1.00000000E-40 1.00000000E-40 1.00000000E-40 1.00000000E-40 1.00000000E-40 1.00000000E-40 1.00000000E-40 1.00000000E-40 1.00000000E-40 1.00000000E-40 1.00000000E-40 1.00000000E-40 1.00000000E-40 1.00000000E-40 1.00000000E-40 1.00000000E-40 1.00000000E-40 1.00000000E-40 1.00000000E-40 1.00000000E-40 1.00000000E-40 1.00000000E-40 1.00000000E-40 1.00000000E-40 1.00000000E-40 1.00000000E-40 1.00000000E-40 1.00000000E-40 1.00000000E-40 1.00000000E-40 1.00000000E-40 1.00000000E-40 1.00000000E-40 1.00000000E-40 1.00000000E-40 1.00000000E-40 1.00000000E-40 1.00000000E-40 1.00000000E-40 1.00000000E-40 1.00000000E-40 1.00000000E-40 1.00000000E-40 1.00000000E-40 1.00000000E-40 1.00000000E-40 1.00000000E-40 1.00000000E-40 1.00000000E-40 1.00000000E-40 1.00000000E-40 1.00000000E-40 1.00000000E-40 1.00000000E-40 1.00000000E-05 1.00000000E-40 1.00000000E-05 1.00000000E-40 1.00000000E-05 1.00000000E-40 1.00000000E-05 1.00000000E-40 1.00000000E-05 1.00000000E-40 1.00000000E-05 1.00000000E-40 1.00000000E-05 1.00000000E-40 1.00000000E-05 1.00000000E-40 1.00000000E-05 1.00000000E-40 1.00000000E-05 1.00000000E-40 1.00000000E-05 1.00000000E-40 1.00000000E-05
4.02000000E+01 1.90000000E+02 2.68442766E-02 1.02332791E+18 3.00000000E+05 1.00000000E-40 5.00000000E-02 1.20428569E-05 1.00000000E-40 1.00000000E-40 1.00000000E-40 1.00000000E-40 9.49987957E-01 1.00000000E-40 1.00000000E-40 1.00000000E-40 1.00000000E-40 1.00000000E-40 1.00000000E-40 1.00000000E-40 1.00000000E-40 1.00000000E-40 1.00000000E-40 1.00000000E-40 1.00000000E-40 1.00000000E-40 1.00000000E-40 1.00000000E-40 1.00000000E-40 1.00000000E-40 1.00000000E-40 1.00000000E-40 1.00000000E-40 1.00000000E-40 1.00000000E-40 1.00000000E-40 1.00000000E-40 1.00000000E-40 1.00000000E-40 1.00000000E-40 1.00000000E-40 1.00000000E-40 1.00000000E-40 1.00000000E-40 1.00000000E-40 1.00000000E-40 1.00000000E-40 1.00000000E-40 1.00000000E-40 1.00000000E-40 1.00000000E-40 1.00000000E-40 1.00000000E-40 1.00000000E-40 1.00000000E-40 1.00000000E-40 1.00000000E-40 1.00000000E-40 1.00000000E-40 1.00000000E-40 1.00000000E-40 1.00000000E-40 1.00000000E-40 1.00000000E-40 1.00000000E-40 1.00000000E-40 1.00000000E-40 1.00000000E-40 1.00000000E-40 1.00000000E-05 1.00000000E-40 1.00000000E-05 1.00000000E-40 1.00000000E-05 1.00000000E-40 1.00000000E-05 1.00000000E-40 1.00000000E-05 1.00000000E-40 1.00000000E-05 1.00000000E-40 1.00000000E-05 1.00000000E-40 1.00000000E-05 1.00000000E-40 1.00000000E-05 1.00000000E-40 1.00000000E-05 1.00000000E-40 1.00000000E-05 1.00000000E-40 1.00000000E-05
4.14000000E+01 1.90000000E+02 2.37135901E-02 9.03983337E+17 3.00000000E+05 1.00000000E-40 5.00000000E-02 1.36327641E-05 1.00000000E-40 1.00000000E-40 1.00000000E-40 1.00000000E-40 9.49986367E-01 1.00000000E-40 1.00000000E-40 1.00000000E-40 1.00000000E-40 1.00000000E-40 1.00000000E-40 1.00000000E-40 1.00000000E-40 1.00000000E-40 1.00000000E-40 1.00000000E-40 1.00000000E-40 1.00000000E-40 1.00000000E-40 1.00000000E-40 1.00000000E-40 1.00000000E-40 1.00000000E-40 1.00000000E-40 1.00000000E-40 1.00000000E-40 1.00000000E-40 1.00000000E-40 1.00000000E-40 1.00000000E-40 1.00000000E-40 1.00000000E-40 1.00000000E-40 1.00000000E-40 1.00000000E-40 1.00000000E-40 1.00000000E-40 1.00000000E-40 1.00000000E-40 1.00000000E-40 1.00000000E-40 1.00000000E-40 1.00000000E-40 1.00000000E-40 1.00000000E-40 1.00000000E-40 1.00000000E-40 1.00000000E-40 1.00000000E-40 1.00000000E-40 1.00000000E-40 1.00000000E-40 1.00000000E-40 1.00000000E-40 1.00000000E-40 1.00000000E-40 1.00000000E-40 1.00000000E-40 1.00000000E-40 1.00000000E-40 1.00000000E-40 1.00000000E-05 1.00000000E-40 1.00000000E-05 1.00000000E-40 1.00000000E-05 1.00000000E-40 1.00000000E-05 1.00000000E-40 1.00000000E-05 1.00000000E-40 1.00000000E-05 1.00000000E-40 1.00000000E-05 1.00000000E-40 1.00000000E-05 1.00000000E-40 1.00000000E-05 1.00000000E-40 1.00000000E-05 1.00000000E-40 1.00000000E-05 1.00000000E-40 1.00000000E-05
4.26000000E+01 1.90000000E+02 2.09480168E-02 7.98557199E+17 3.00000000E+05 1.00000000E-40 5.00000000E-02 1.54325722E-05 1.00000000E-40 1.00000000E-40 1.00000000E-40 1.00000000E-40 9.49984567E-01 1.00000000E-40 1.00000000E-40 1.00000000E-40 1.00000000E-40 1.00000000E-40 1.00000000E-40 1.00000000E-40 1.00000000E-40 1.00000000E-40 1.00000000E-40 1.00000000E-40 1.00000000E-40 1.00000000E-40 1.00000000E-40 1.00000000E-40 1.00000000E-40 1.00000000E-40 1.00000000E-40 1.00000000E-40 1.00000000E-40 1.00000000E-40 1.00000000E-40 1.00000000E-40 1.00000000E-40 1.00000000E-40 1.00000000E-40 1.00000000E-40 1.00000000E-40 1.00000000E-40 1.00000000E-40 1.00000000E-40 1.00000000E-40 1.00000000E-40 1.00000000E-40 1.00000000E-40 1.00000000E-40 1.00000000E-40 1.00000000E-40 1.00000000E-40 1.00000000E-40 1.00000000E-40 1.00000000E-40 1.00000000E-40 1.00000000E-40 1.00000000E-40 1.00000000E-40 1.00000000E-40 1.00000000E-40 1.00000000E-40 1.00000000E-40 1.00000000E-40 1.00000000E-40 1.00000000E-40 1.00000000E-40 1.00000000E-40 1.00000000E-40 1.00000000E-05 1.00000000E-40 1.00000000E-05 1.00000000E-40 1.00000000E-05 1.00000000E-40 1.00000000E-05 1.00000000E-40 1.00000000E-05 1.00000000E-40 1.00000000E-05 1.00000000E-40 1.00000000E-05 1.00000000E-40 1.00000000E-05 1.00000000E-40 1.00000000E-05 1.00000000E-40 1.00000000E-05 1.00000000E-40 1.00000000E-05 1.00000000E-40 1.00000000E-05
4.38000000E+01 1.90000000E+02 1.85049756E-02 7.05426278E+17 3.00000000E+05 1.00000000E-40 5.00000000E-02 1.74699922E-05 1.00000000E-40 1.00000000E-40 1.00000000E-40 1.00000000E-40 9.49982530E-01 1.00000000E-40 1.00000000E-40 1.00000000E-40 1.00000000E-40 1.00000000E-40 1.00000000E-40 1.00000000E-40 1.00000000E-40 1.00000000E-40 1.00000000E-40 1.00000000E-40 1.00000000E-40 1.00000000E-40 1.00000000E-40 1.00000000E-40 1.00000000E-40 1.00000000E-40 1.00000000E-40 1.00000000E-40 1.00000000E-40 1.00000000E-40 1.00000000E-40 1.00000000E-40 1.00000000E-40 1.00000000E-40 1.00000000E-40 1.00000000E-40 1.00000000E-40 1.00000000E-40 1.00000000E-40 1.00000000E-40 1.00000000E-40 1.00000000E-40 1.00000000E-40 1.00000000E-40 1.00000000E-40 1.00000000E-40 1.00000000E-40 1.00000000E-40 1.00000000E-40 1.00000000E-40 1.00000000E-40 1.00000000E-40 1.00000000E-40 1.00000000E-40 1.00000000E-40 1.00000000E-40 1.00000000E-40 1.00000000E-40 1.00000000E-40 1.00000000E-40 1.00000000E-40 1.00000000E-40 1.00000000E-40 1.00000000E-40 1.00000000E-40 1.00000000E-05 1.00000000E-40 1.00000000E-05 1.00000000E-40 1.00000000E-05 1.00000000E-40 1.00000000E-05 1.00000000E-40 1.00000000E-05 1.00000000E-40 1.00000000E-05 1.00000000E-40 1.00000000E-05 1.00000000E-40 1.00000000E-05 1.00000000E-40 1.00000000E-05 1.00000000E-40 1.00000000E-05 1.00000000E-40 1.00000000E-05 1.00000000E-40 1.00000000E-05
4.50000000E+01 1.90000000E+02 1.63468517E-02 6.23156656E+17 3.00000000E+05 1.00000000E-40 5.00000000E-02 1.97763941E-05 1.00000000E-40 1.00000000E-40 1.00000000E-40 1.00000000E-40 9.49980224E-01 1.00000000E-40 1.00000000E-40 1.00000000E-40 1.00000000E-40 1.00000000E-40 1.00000000E-40 1.00000000E-40 1.00000000E-40 1.00000000E-40 1.00000000E-40 1.00000000E-40 1.00000000E-40 1.00000000E-40 1.00000000E-40 1.00000000E-40 1.00000000E-40 1.00000000E-40 1.00000000E-40 1.00000000E-40 1.00000000E-40 1.00000000E-40 1.00000000E-40 1.00000000E-40 1.00000000E-40 1.00000000E-40 1.00000000E-40 1.00000000E-40 1.00000000E-40 1.00000000E-40 1.00000000E-40 1.00000000E-40 1.00000000E-40 1.00000000E-40 1.00000000E-40 1.00000000E-40 1.00000000E-40 1.00000000E-40 1.00000000E-40 1.00000000E-40 1.00000000E-40 1.00000000E-40 1.00000000E-40 1.00000000E-40 1.00000000E-40 1.00000000E-40 1.00000000E-40 1.00000000E-40 1.00000000E-40 1.00000000E-40 1.00000000E-40 1.00000000E-40 1.00000000E-40 1.00000000E-40 1.00000000E-40 1.00000000E-40 1.00000000E-40 1.00000000E-05 1.00000000E-40 1.00000000E-05 1.00000000E-40 1.00000000E-05 1.00000000E-40 1.00000000E-05 1.00000000E-40 1.00000000E-05 1.00000000E-40 1.00000000E-05 1.00000000E-40 1.00000000E-05 1.00000000E-40 1.00000000E-05 1.00000000E-40 1.00000000E-05 1.00000000E-40 1.00000000E-05 1.00000000E-40 1.00000000E-05 1.00000000E-40 1.00000000E-05
4.62000000E+01 1.90000000E+02 1.44404167E-02 5.50481644E+17 3.00000000E+05 1.00000000E-40 5.00000000E-02 2.23872889E-05 1.00000000E-40 1.00000000E-40 1.00000000E-40 1.00000000E-40 9.49977613E-01 1.00000000E-40 1.00000000E-40 1.00000000E-40 1.00000000E-40 1.00000000E-40 1.00000000E-40 1.00000000E-40 1.00000000E-40 1.00000000E-40 1.00000000E-40 1.00000000E-40 1.00000000E-40 1.00000000E-40 1.00000000E-40 1.00000000E-40 1.00000000E-40 1.00000000E-40 1.00000000E-40 1.00000000E-40 1.00000000E-40 1.00000000E-40 1.00000000E-40 1.00000000E-40 1.00000000E-40 1.00000000E-40 1.00000000E-40 1.00000000E-40 1.00000000E-40 1.00000000E-40 1.00000000E-40 1.00000000E-40 1.00000000E-40 1.00000000E-40 1.00000000E-40 1.00000000E-40 1.00000000E-40 1.00000000E-40 1.00000000E-40 1.00000000E-40 1.00000000E-40 1.00000000E-40 1.00000000E-40 1.00000000E-40 1.00000000E-40 1.00000000E-40 1.00000000E-40 1.00000000E-40 1.00000000E-40 1.00000000E-40 1.00000000E-40 1.00000000E-40 1.00000000E-40 1.00000000E-40 1.00000000E-40 1.00000000E-40 1.00000000E-40 1.00000000E-05 1.00000000E-40 1.00000000E-05 1.00000000E-40 1.00000000E-05 1.00000000E-40 1.00000000E-05 1.00000000E-40 1.00000000E-05 1.00000000E-40 1.00000000E-05 1.00000000E-40 1.00000000E-05 1.00000000E-40 1.00000000E-05 1.00000000E-40 1.00000000E-05 1.00000000E-40 1.00000000E-05 1.00000000E-40 1.00000000E-05 1.00000000E-40 1.00000000E-05
4.74000000E+01 1.90000000E+02 1.27563178E-02 4.86282282E+17 3.00000000E+05 1.00000000E-40 5.00000000E-02 2.53428760E-05 1.00000000E-40 1.00000000E-40 1.00000000E-40 1.00000000E-40 9.49974657E-01 1.00000000E-40 1.00000000E-40 1.00000000E-40 1.00000000E-40 1.00000000E-40 1.00000000E-40 1.00000000E-40 1.00000000E-40 1.00000000E-40 1.00000000E-40 1.00000000E-40 1.00000000E-40 1.00000000E-40 1.00000000E-40 1.00000000E-40 1.00000000E-40 1.00000000E-40 1.00000000E-40 1.00000000E-40 1.00000000E-40 1.00000000E-40 1.00000000E-40 1.00000000E-40 1.00000000E-40 1.00000000E-40 1.00000000E-40 1.00000000E-40 1.00000000E-40 1.00000000E-40 1.00000000E-40 1.00000000E-40 1.00000000E-40 1.00000000E-40 1.00000000E-40 1.00000000E-40 1.00000000E-40 1.00000000E-40 1.00000000E-40 1.00000000E-40 1.00000000E-40 1.00000000E-40 1.00000000E-40 1.00000000E-40 1.00000000E-40 1.00000000E-40 1.00000000E-40 1.00000000E-40 1.00000000E-40 1.00000000E-40 1.00000000E-40 1.00000000E-40 1.00000000E-40 1.00000000E-40 1.00000000E-40 1.00000000E-40 1.00000000E-40 1.00000000E-05 1.00000000E-40 1.00000000E-05 1.00000000E-40 1.00000000E-05 1.00000000E-40 1.00000000E-05 1.00000000E-40 1.00000000E-05 1.00000000E-40 1.00000000E-05 1.00000000E-40 1.00000000E-05 1.00000000E-40 1.00000000E-05 1.00000000E-40 1.00000000E-05 1.00000000E-40 1.00000000E-05 1.00000000E-40 1.00000000E-05 1.00000000E-40 1.00000000E-05
4.86000000E+01 1.90000000E+02 1.12686252E-02 4.29570106E+17 3.00000000E+05 1.00000000E-40 5.00000000E-02 2.86886621E-05 1.00000000E-40 1.00000000E-40 1.00000000E-40 1.00000000E-40 9.49971311E-01 1.00000000E-40 1.00000000E-40 1.00000000E-40 1.00000000E-40 1.00000000E-40 1.00000000E-40 1.00000000E-40 1.00000000E-40 1.00000000E-40 1.00000000E-40 1.00000000E-40 1.00000000E-40 1.00000000E-40 1.00000000E-40 1.00000000E-40 1.00000000E-40 1.00000000E-40 1.00000000E-40 1.00000000E-40 1.00000000E-40 1.00000000E-40 1.00000000E-40 1.00000000E-40 1.00000000E-40 1.00000000E-40 1.00000000E-40 1.00000000E-40 1.00000000E-40 1.00000000E-40 1.00000000E-40 1.00000000E-40 1.00000000E-40 1.00000000E-40 1.00000000E-40 1.00000000E-40 1.00000000E-40 1.00000000E-40 1.00000000E-40 1.00000000E-40 1.00000000E-40 1.00000000E-40 1.00000000E-40 1.00000000E-40 1.00000000E-40 1.00000000E-40 1.00000000E-40 1.00000000E-40 1.00000000E-40 1.00000000E-40 1.00000000E-40 1.00000000E-40 1.00000000E-40 1.00000000E-40 1.00000000E-40 1.00000000E-40 1.00000000E-40 1.00000000E-05 1.00000000E-40 1.00000000E-05 1.00000000E-40 1.00000000E-05 1.00000000E-40 1.00000000E-05 1.00000000E-40 1.00000000E-05 1.00000000E-40 1.00000000E-05 1.00000000E-40 1.00000000E-05 1.00000000E-40 1.00000000E-05 1.00000000E-40 1.00000000E-05 1.00000000E-40 1.00000000E-05 1.00000000E-40 1.00000000E-05 1.00000000E-40 1.00000000E-05
4.98000000E+01 1.90000000E+02 9.95443324E-03 3.79471929E+17 3.00000000E+05 1.00000000E-40 5.00000000E-02 3.24761614E-05 1.00000000E-40 1.00000000E-40 1.00000000E-40 1.00000000E-40 9.49967524E-01 1.00000000E-40 1.00000000E-40 1.00000000E-40 1.00000000E-40 1.00000000E-40 1.00000000E-40 1.00000000E-40 1.00000000E-40 1.00000000E-40 1.00000000E-40 1.00000000E-40 1.00000000E-40 1.00000000E-40 1.00000000E-40 1.00000000E-40 1.00000000E-40 1.00000000E-40 1.00000000E-40 1.00000000E-40 1.00000000E-40 1.00000000E-40 1.00000000E-40 1.00000000E-40 1.00000000E-40 1.00000000E-40 1.00000000E-40 1.00000000E-40 1.00000000E-40 1.00000000E-40 1.00000000E-40 1.00000000E-40 1.00000000E-40 1.00000000E-40 1.00000000E-40 1.00000000E-40 1.00000000E-40 1.00000000E-40 1.00000000E-40 1.00000000E-40 1.00000000E-40 1.00000000E-40 1.00000000E-40 1.00000000E-40 1.00000000E-40 1.00000000E-40 1.00000000E-40 1.00000000E-40 1.00000000E-40 1.00000000E-40 1.00000000E-40 1.00000000E-40 1.00000000E-40 1.00000000E-40 1.00000000E-40 1.00000000E-40 1.00000000E-40 1.00000000E-05 1.00000000E-40 1.00000000E-05 1.00000000E-40 1.00000000E-05 1.00000000E-40 1.00000000E-05 1.00000000E-40 1.00000000E-05 1.00000000E-40 1.00000000E-05 1.00000000E-40 1.00000000E-05 1.00000000E-40 1.00000000E-05 1.00000000E-40 1.00000000E-05 1.00000000E-40 1.00000000E-05 1.00000000E-40 1.00000000E-05 1.00000000E-40 1.00000000E-05
5.10000000E+01 1.90000000E+02 8.79350759E-03 3.35216401E+17 3.00000000E+05 1.00000000E-40 5.00000000E-02 3.67636893E-05 1.00000000E-40 1.00000000E-40 1.00000000E-40 1.00000000E-40 9.49963236E-01 1.00000000E-40 1.00000000E-40 1.00000000E-40 1.00000000E-40 1.00000000E-40 1.00000000E-40 1.00000000E-40 1.00000000E-40 1.00000000E-40 1.00000000E-40 1.00000000E-40 1.00000000E-40 1.00000000E-40 1.00000000E-40 1.00000000E-40 1.00000000E-40 1.00000000E-40 1.00000000E-40 1.00000000E-40 1.00000000E-40 1.00000000E-40 1.00000000E-40 1.00000000E-40 1.00000000E-40 1.00000000E-40 1.00000000E-40 1.00000000E-40 1.00000000E-40 1.00000000E-40 1.00000000E-40 1.00000000E-40 1.00000000E-40 1.00000000E-40 1.00000000E-40 1.00000000E-40 1.00000000E-40 1.00000000E-40 1.00000000E-40 1.00000000E-40 1.00000000E-40 1.00000000E-40 1.00000000E-40 1.00000000E-40 1.00000000E-40 1.00000000E-40 1.00000000E-40 1.00000000E-40 1.00000000E-40 1.00000000E-40 1.00000000E-40 1.00000000E-40 1.00000000E-40 1.00000000E-40 1.00000000E-40 1.00000000E-40 1.00000000E-40 1.00000000E-05 1.00000000E-40 1.00000000E-05 1.00000000E-40 1.00000000E-05 1.00000000E-40 1.00000000E-05 1.00000000E-40 1.00000000E-05 1.00000000E-40 1.00000000E-05 1.00000000E-40 1.00000000E-05 1.00000000E-40 1.00000000E-05 1.00000000E-40 1.00000000E-05 1.00000000E-40 1.00000000E-05 1.00000000E-40 1.00000000E-05 1.00000000E-40 1.00000000E-05
5.22000000E+01 1.90000000E+02 7.76797371E-03 2.96122129E+17 3.00000000E+05 1.00000000E-40 5.00000000E-02 4.16172599E-05 1.00000000E-40 1.00000000E-40 1.00000000E-40 1.00000000E-40 9.49958383E-01 1.00000000E-40 1.00000000E-40 1.00000000E-40 1.00000000E-40 1.00000000E-40 1.00000000E-40 1.00000000E-40 1.00000000E-40 1.00000000E-40 1.00000000E-40 1.00000000E-40 1.00000000E-40 1.00000000E-40 1.00000000E-40 1.00000000E-40 1.00000000E-40 1.00000000E-40 1.00000000E-40 1.00000000E-40 1.00000000E-40 1.00000000E-40 1.00000000E-40 1.00000000E-40 1.00000000E-40 1.00000000E-40 1.00000000E-40 1.00000000E-40 1.00000000E-40 1.00000000E-40 1.00000000E-40 1.00000000E-40 1.00000000E-40 1.00000000E-40 1.00000000E-40 1.00000000E-40 1.00000000E-40 1.00000000E-40 1.00000000E-40 1.00000000E-40 1.00000000E-40 1.00000000E-40 1.00000000E-40 1.00000000E-40 1.00000000E-40 1.00000000E-40 1.00000000E-40 1.00000000E-40 1.00000000E-40 1.00000000E-40 1.00000000E-40 1.00000000E-40 1.00000000E-40 1.00000000E-40 1.00000000E-40 1.00000000E-40 1.00000000E-40 1.00000000E-05 1.00000000E-40 1.00000000E-05 1.00000000E-40 1.00000000E-05 1.00000000E-40 1.00000000E-05 1.00000000E-40 1.00000000E-05 1.00000000E-40 1.00000000E-05 1.00000000E-40 1.00000000E-05 1.00000000E-40 1.00000000E-05 1.00000000E-40 1.00000000E-05 1.00000000E-40 1.00000000E-05 1.00000000E-40 1.00000000E-05 1.00000000E-40 1.00000000E-05
5.34000000E+01 1.90000000E+02 6.86204167E-03 2.61587187E+17 3.00000000E+05 1.00000000E-40 5.00000000E-02 4.71116026E-05 1.00000000E-40 1.00000000E-40 1.00000000E-40 1.00000000E-40 9.49952888E-01 1.00000000E-40 1.00000000E-40 1.00000000E-40 1.00000000E-40 1.00000000E-40 1.00000000E-40 1.00000000E-40 1.00000000E-40 1.00000000E-40 1.00000000E-40 1.00000000E-40 1.00000000E-40 1.00000000E-40 1.00000000E-40 1.00000000E-40 1.00000000E-40 1.00000000E-40 1.00000000E-40 1.00000000E-40 1.00000000E-40 1.00000000E-40 1.00000000E-40 1.00000000E-40 1.00000000E-40 1.00000000E-40 1.00000000E-40 1.00000000E-40 1.00000000E-40 1.00000000E-40 1.00000000E-40 1.00000000E-40 1.00000000E-40 1.00000000E-40 1.00000000E-40 1.00000000E-40 1.00000000E-40 1.00000000E-40 1.00000000E-40 1.00000000E-40 1.00000000E-40 1.00000000E-40 1.00000000E-40 1.00000000E-40 1.00000000E-40 1.00000000E-40 1.00000000E-40 1.00000000E-40 1.00000000E-40 1.00000000E-40 1.00000000E-40 1.00000000E-40 1.00000000E-40 1.00000000E-40 1.00000000E-40 1.00000000E-40 1.00000000E-40 1.00000000E-05 1.00000000E-40 1.00000000E-05 1.00000000E-40 1.00000000E-05 1.00000000E-40 1.00000000E-05 1.00000000E-40 1.00000000E-05 1.00000000E-40 1.00000000E-05 1.00000000E-40 1.00000000E-05 1.00000000E-40 1.00000000E-05 1.00000000E-40 1.00000000E-05 1.00000000E-40 1.00000000E-05 1.00000000E-40 1.00000000E-05 1.00000000E-40 1.00000000E-05
5.46000000E+01 1.90000000E+02 6.06176304E-03 2.31079847E+17 3.00000000E+05 1.00000000E-40 5.00000000E-02 5.33313127E-05 1.00000000E-40 1.00000000E-40 1.00000000E-40 1.00000000E-40 9.49946669E-01 1.00000000E-40 1.00000000E-40 1.00000000E-40 1.00000000E-40 1.00000000E-40 1.00000000E-40 1.00000000E-40 1.00000000E-40 1.00000000E-40 1.00000000E-40 1.00000000E-40 1.00000000E-40 1.00000000E-40 1.00000000E-40 1.00000000E-40 1.00000000E-40 1.00000000E-40 1.00000000E-40 1.00000000E-40 1.00000000E-40 1.00000000E-40 1.00000000E-40 1.00000000E-40 1.00000000E-40 1.00000000E-40 1.00000000E-40 1.00000000E-40 1.00000000E-40 1.00000000E-40 1.00000000E-40 1.00000000E-40 1.00000000E-40 1.00000000E-40 1.00000000E-40 1.00000000E-40 1.00000000E-40 1.00000000E-40 1.00000000E-40 1.00000000E-40 1.00000000E-40 1.00000000E-40 1.00000000E-40 1.00000000E-40 1.00000000E-40 1.00000000E-40 1.00000000E-40 1.00000000E-40 1.00000000E-40 1.00000000E-40 1.00000000E-40 1.00000000E-40 1.00000000E-40 1.00000000E-40 1.00000000E-40 1.00000000E-40 1.00000000E-40 1.00000000E-05 1.00000000E-40 1.00000000E-05 1.00000000E-40 1.00000000E-05 1.00000000E-40 1.00000000E-05 1.00000000E-40 1.00000000E-05 1.00000000E-40 1.00000000E-05 1.00000000E-40 1.00000000E-05 1.00000000E-40 1.00000000E-05 1.00000000E-40 1.00000000E-05 1.00000000E-40 1.00000000E-05 1.00000000E-40 1.00000000E-05 1.00000000E-40 1.00000000E-05
5.58000000E+01 1.90000000E+02 5.35481609E-03 2.04130395E+17 3.00000000E+05 1.00000000E-40 5.00000000E-02 6.03721538E-05 1.00000000E-40 1.00000000E-40 1.00000000E-40 1.00000000E-40 9.49939628E-01 1.00000000E-40 1.00000000E-40 1.00000000E-40 1.00000000E-40 1.00000000E-40 1.00000000E-40 1.00000000E-40 1.00000000E-40 1.00000000E-40 1.00000000E-40 1.00000000E-40 1.00000000E-40 1.00000000E-40 1.00000000E-40 1.00000000E-40 1.00000000E-40 1.00000000E-40 1.00000000E-40 1.00000000E-40 1.00000000E-40 1.00000000E-40 1.00000000E-40 1.00000000E-40 1.00000000E-40 1.00000000E-40 1.00000000E-40 1.00000000E-40 1.00000000E-40 1.00000000E-40 1.00000000E-40 1.00000000E-40 1.00000000E-40 1.00000000E-40 1.00000000E-40 1.00000000E-40 1.00000000E-40 1.00000000E-40 1.00000000E-40 1.00000000E-40 1.00000000E-40 1.00000000E-40 1.00000000E-40 1.00000000E-40 1.00000000E-40 1.00000000E-40 1.00000000E-40 1.00000000E-40 1.00000000E-40 1.00000000E-40 1.00000000E-40 1.00000000E-40 1.00000000E-40 1.00000000E-40 1.00000000E-40 1.00000000E-40 1.00000000E-40 1.00000000E-05 1.00000000E-40 1.00000000E-05 1.00000000E-40 1.00000000E-05 1.00000000E-40 1.00000000E-05 1.00000000E-40 1.00000000E-05 1.00000000E-40 1.00000000E-05 1.00000000E-40 1.00000000E-05 1.00000000E-40 1.00000000E-05 1.00000000E-40 1.00000000E-05 1.00000000E-40 1.00000000E-05 1.00000000E-40 1.00000000E-05 1.00000000E-40 1.00000000E-05
5.70000000E+01 1.90000000E+02 4.73031611E-03 1.80323895E+17 3.00000000E+05 1.00000000E-40 5.00000000E-02 6.83425321E-05 1.00000000E-40 1.00000000E-40 1.00000000E-40 1.00000000E-40 9.49931657E-01 1.00000000E-40 1.00000000E-40 1.00000000E-40 1.00000000E-40 1.00000000E-40 1.00000000E-40 1.00000000E-40 1.00000000E-40 1.00000000E-40 1.00000000E-40 1.00000000E-40 1.00000000E-40 1.00000000E-40 1.00000000E-40 1.00000000E-40 1.00000000E-40 1.00000000E-40 1.00000000E-40 1.00000000E-40 1.00000000E-40 1.00000000E-40 1.00000000E-40 1.00000000E-40 1.00000000E-40 1.00000000E-40 1.00000000E-40 1.00000000E-40 1.00000000E-40 1.00000000E-40 1.00000000E-40 1.00000000E-40 1.00000000E-40 1.00000000E-40 1.00000000E-40 1.00000000E-40 1.00000000E-40 1.00000000E-40 1.00000000E-40 1.00000000E-40 1.00000000E-40 1.00000000E-40 1.00000000E-40 1.00000000E-40 1.00000000E-40 1.00000000E-40 1.00000000E-40 1.00000000E-40 1.00000000E-40 1.00000000E-40 1.00000000E-40 1.00000000E-40 1.00000000E-40 1.00000000E-40 1.00000000E-40 1.00000000E-40 1.00000000E-40 1.00000000E-05 1.00000000E-40 1.00000000E-05 1.00000000E-40 1.00000000E-05 1.00000000E-40 1.00000000E-05 1.00000000E-40 1.00000000E-05 1.00000000E-40 1.00000000E-05 1.00000000E-40 1.00000000E-05 1.00000000E-40 1.00000000E-05 1.00000000E-40 1.00000000E-05 1.00000000E-40 1.00000000E-05 1.00000000E-40 1.00000000E-05 1.00000000E-40 1.00000000E-05
5.82000000E+01 1.90000000E+02 4.17864780E-03 1.59293804E+17 3.00000000E+05 1.00000000E-40 5.00000000E-02 7.73651659E-05 1.00000000E-40 1.00000000E-40 1.00000000E-40 1.00000000E-40 9.49922635E-01 1.00000000E-40 1.00000000E-40 1.00000000E-40 1.00000000E-40 1.00000000E-40 1.00000000E-40 1.00000000E-40 1.00000000E-40 1.00000000E-40 1.00000000E-40 1.00000000E-40 1.00000000E-40 1.00000000E-40 1.00000000E-40 1.00000000E-40 1.00000000E-40 1.00000000E-40 1.00000000E-40 1.00000000E-40 1.00000000E-40 1.00000000E-40 1.00000000E-40 1.00000000E-40 1.00000000E-40 1.00000000E-40 1.00000000E-40 1.00000000E-40 1.00000000E-40 1.00000000E-40 1.00000000E-40 1.00000000E-40 1.00000000E-40 1.00000000E-40 1.00000000E-40 1.00000000E-40 1.00000000E-40 1.00000000E-40 1.00000000E-40 1.00000000E-40 1.00000000E-40 1.00000000E-40 1.00000000E-40 1.00000000E-40 1.00000000E-40 1.00000000E-40 1.00000000E-40 1.00000000E-40 1.00000000E-40 1.00000000E-40 1.00000000E-40 1.00000000E-40 1.00000000E-40 1.00000000E-40 1.00000000E-40 1.00000000E-40 1.00000000E-40 1.00000000E-05 1.00000000E-40 1.00000000E-05 1.00000000E-40 1.00000000E-05 1.00000000E-40 1.00000000E-05 1.00000000E-40 1.00000000E-05 1.00000000E-40 1.00000000E-05 1.00000000E-40 1.00000000E-05 1.00000000E-40 1.00000000E-05 1.00000000E-40 1.00000000E-05 1.00000000E-40 1.00000000E-05 1.00000000E-40 1.00000000E-05 1.00000000E-40 1.00000000E-05
5.94000000E+01 1.90000000E+02 3.69131725E-03 1.40716326E+17 3.00000000E+05 1.00000000E-40 5.00000000E-02 8.75789748E-05 1.00000000E-40 1.00000000E-40 1.00000000E-40 1.00000000E-40 9.49912421E-01 1.00000000E-40 1.00000000E-40 1.00000000E-40 1.00000000E-40 1.00000000E-40 1.00000000E-40 1.00000000E-40 1.00000000E-40 1.00000000E-40 1.00000000E-40 1.00000000E-40 1.00000000E-40 1.00000000E-40 1.00000000E-40 1.00000000E-40 1.00000000E-40 1.00000000E-40 1.00000000E-40 1.00000000E-40 1.00000000E-40 1.00000000E-40 1.00000000E-40 1.00000000E-40 1.00000000E-40 1.00000000E-40 1.00000000E-40 1.00000000E-40 1.00000000E-40 1.00000000E-40 1.00000000E-40 1.00000000E-40 1.00000000E-40 1.00000000E-40 1.00000000E-40 1.00000000E-40 1.00000000E-40 1.00000000E-40 1.00000000E-40 1.00000000E-40 1.00000000E-40 1.00000000E-40 1.00000000E-40 1.00000000E-40 1.00000000E-40 1.00000000E-40 1.00000000E-40 1.00000000E-40 1.00000000E-40 1.00000000E-40 1.00000000E-40 1.00000000E-40 1.00000000E-40 1.00000000E-40 1.00000000E-40 1.00000000E-40 1.00000000E-40 1.00000000E-05 1.00000000E-40 1.00000000E-05 1.00000000E-40 1.00000000E-05 1.00000000E-40 1.00000000E-05 1.00000000E-40 1.00000000E-05 1.00000000E-40 1.00000000E-05 1.00000000E-40 1.00000000E-05 1.00000000E-40 1.00000000E-05 1.00000000E-40 1.00000000E-05 1.00000000E-40 1.00000000E-05 1.00000000E-40 1.00000000E-05 1.00000000E-40 1.00000000E-05
6.06000000E+01 1.90000000E+02 3.26082113E-03 1.24305428E+17 3.00000000E+05 1.00000000E-40 5.00000000E-02 9.91412186E-05 1.00000000E-40 1.00000000E-40 1.00000000E-40 1.00000000E-40 9.49900859E-01 1.00000000E-40 1.00000000E-40 1.00000000E-40 1.00000000E-40 1.00000000E-40 1.00000000E-40 1.00000000E-40 1.00000000E-40 1.00000000E-40 1.00000000E-40 1.00000000E-40 1.00000000E-40 1.00000000E-40 1.00000000E-40 1.00000000E-40 1.00000000E-40 1.00000000E-40 1.00000000E-40 1.00000000E-40 1.00000000E-40 1.00000000E-40 1.00000000E-40 1.00000000E-40 1.00000000E-40 1.00000000E-40 1.00000000E-40 1.00000000E-40 1.00000000E-40 1.00000000E-40 1.00000000E-40 1.00000000E-40 1.00000000E-40 1.00000000E-40 1.00000000E-40 1.00000000E-40 1.00000000E-40 1.00000000E-40 1.00000000E-40 1.00000000E-40 1.00000000E-40 1.00000000E-40 1.00000000E-40 1.00000000E-40 1.00000000E-40 1.00000000E-40 1.00000000E-40 1.00000000E-40 1.00000000E-40 1.00000000E-40 1.00000000E-40 1.00000000E-40 1.00000000E-40 1.00000000E-40 1.00000000E-40 1.00000000E-40 1.00000000E-40 1.00000000E-05 1.00000000E-40 1.00000000E-05 1.00000000E-40 1.00000000E-05 1.00000000E-40 1.00000000E-05 1.00000000E-40 1.00000000E-05 1.00000000E-40 1.00000000E-05 1.00000000E-40 1.00000000E-05 1.00000000E-40 1.00000000E-05 1.00000000E-40 1.00000000E-05 1.00000000E-40 1.00000000E-05 1.00000000E-40 1.00000000E-05 1.00000000E-40 1.00000000E-05
6.18000000E+01 1.90000000E+02 2.88053118E-03 1.09808434E+17 3.00000000E+05 1.00000000E-40 5.00000000E-02 1.12229919E-04 1.00000000E-40 1.00000000E-40 1.00000000E-40 1.00000000E-40 9.49887770E-01 1.00000000E-40 1.00000000E-40 1.00000000E-40 1.00000000E-40 1.00000000E-40 1.00000000E-40 1.00000000E-40 1.00000000E-40 1.00000000E-40 1.00000000E-40 1.00000000E-40 1.00000000E-40 1.00000000E-40 1.00000000E-40 1.00000000E-40 1.00000000E-40 1.00000000E-40 1.00000000E-40 1.00000000E-40 1.00000000E-40 1.00000000E-40 1.00000000E-40 1.00000000E-40 1.00000000E-40 1.00000000E-40 1.00000000E-40 1.00000000E-40 1.00000000E-40 1.00000000E-40 1.00000000E-40 1.00000000E-40 1.00000000E-40 1.00000000E-40 1.00000000E-40 1.00000000E-40 1.00000000E-40 1.00000000E-40 1.00000000E-40 1.00000000E-40 1.00000000E-40 1.00000000E-40 1.00000000E-40 1.00000000E-40 1.00000000E-40 1.00000000E-40 1.00000000E-40 1.00000000E-40 1.00000000E-40 1.00000000E-40 1.00000000E-40 1.00000000E-40 1.00000000E-40 1.00000000E-40 1.00000000E-40 1.00000000E-40 1.00000000E-40 1.00000000E-05 1.00000000E-40 1.00000000E-05 1.00000000E-40 1.00000000E-05 1.00000000E-40 1.00000000E-05 1.00000000E-40 1.00000000E-05 1.00000000E-40 1.00000000E-05 1.00000000E-40 1.00000000E-05 1.00000000E-40 1.00000000E-05 1.00000000E-40 1.00000000E-05 1.00000000E-40 1.00000000E-05 1.00000000E-40 1.00000000E-05 1.00000000E-40 1.00000000E-05
6.30000000E+01 1.90000000E+02 2.54459216E-03 9.70021369E+16 3.00000000E+05 1.00000000E-40 5.00000000E-02 1.27046599E-04 1.00000000E-40 1.00000000E-40 1.00000000E-40 1.00000000E-40 9.49872953E-01 1.00000000E-40 1.00000000E-40 1.00000000E-40 1.00000000E-40 1.00000000E-40 1.00000000E-40 1.00000000E-40 1.00000000E-40 1.00000000E-40 1.00000000E-40 1.00000000E-40 1.00000000E-40 1.00000000E-40 1.00000000E-40 1.00000000E-40 1.00000000E-40 1.00000000E-40 1.00000000E-40 1.00000000E-40 1.00000000E-40 1.00000000E-40 1.00000000E-40 1.00000000E-40 1.00000000E-40 1.00000000E-40 1.00000000E-40 1.00000000E-40 1.00000000E-40 1.00000000E-40 1.00000000E-40 1.00000000E-40 1.00000000E-40 1.00000000E-40 1.00000000E-40 1.00000000E-40 1.00000000E-40 1.00000000E-40 1.00000000E-40 1.00000000E-40 1.00000000E-40 1.00000000E-40 1.00000000E-40 1.00000000E-40 1.00000000E-40 1.00000000E-40 1.00000000E-40 1.00000000E-40 1.00000000E-40 1.00000000E-40 1.00000000E-40 1.00000000E-40 1.00000000E-40 1.00000000E-40 1.00000000E-40 1.00000000E-40 1.00000000E-40 1.00000000E-05 1.00000000E-40 1.00000000E-05 1.00000000E-40 1.00000000E-05 1.00000000E-40 1.00000000E-05 1.00000000E-40 1.00000000E-05 1.00000000E-40 1.00000000E-05 1.00000000E-40 1.00000000E-05 1.00000000E-40 1.00000000E-05 1.00000000E-40 1.00000000E-05 1.00000000E-40 1.00000000E-05 1.00000000E-40 1.00000000E-05 1.00000000E-40 1.00000000E-05
6.42000000E+01 1.90000000E+02 2.24783169E-03 8.56893613E+16 3.00000000E+05 1.00000000E-40 5.00000000E-02 1.43819389E-04 1.00000000E-40 1.00000000E-40 1.00000000E-40 1.00000000E-40 9.49856181E-01 1.00000000E-40 1.00000000E-40 1.00000000E-40 1.00000000E-40 1.00000000E-40 1.00000000E-40 1.00000000E-40 1.00000000E-40 1.00000000E-40 1.00000000E-40 1.00000000E-40 1.00000000E-40 1.00000000E-40 1.00000000E-40 1.00000000E-40 1.00000000E-40 1.00000000E-40 1.00000000E-40 1.00000000E-40 1.00000000E-40 1.00000000E-40 1.00000000E-40 1.00000000E-40 1.00000000E-40 1.00000000E-40 1.00000000E-40 1.00000000E-40 1.00000000E-40 1.00000000E-40 1.00000000E-40 1.00000000E-40 1.00000000E-40 1.00000000E-40 1.00000000E-40 1.00000000E-40 1.00000000E-40 1.00000000E-40 1.00000000E-40 1.00000000E-40 1.00000000E-40 1.00000000E-40 1.00000000E-40 1.00000000E-40 1.00000000E-40 1.00000000E-40 1.00000000E-40 1.00000000E-40 1.00000000E-40 1.00000000E-40 1.00000000E-40 1.00000000E-40 1.00000000E-40 1.00000000E-40 1.00000000E-40 1.00000000E-40 1.00000000E-40 1.00000000E-05 1.00000000E-40 1.00000000E-05 1.00000000E-40 1.00000000E-05 1.00000000E-40 1.00000000E-05 1.00000000E-40 1.00000000E-05 1.00000000E-40 1.00000000E-05 1.00000000E-40 1.00000000E-05 1.00000000E-40 1.00000000E-05 1.00000000E-40 1.00000000E-05 1.00000000E-40 1.00000000E-05 1.00000000E-40 1.00000000E-05 1.00000000E-40 1.00000000E-05
6.54000000E+01 1.90000000E+02 1.98568060E-03 7.56959267E+16 3.00000000E+05 1.00000000E-40 5.00000000E-02 1.62806536E-04 1.00000000E-40 1.00000000E-40 1.00000000E-40 1.00000000E-40 9.49837193E-01 1.00000000E-40 1.00000000E-40 1.00000000E-40 1.00000000E-40 1.00000000E-40 1.00000000E-40 1.00000000E-40 1.00000000E-40 1.00000000E-40 1.00000000E-40 1.00000000E-40 1.00000000E-40 1.00000000E-40 1.00000000E-40 1.00000000E-40 1.00000000E-40 1.00000000E-40 1.00000000E-40 1.00000000E-40 1.00000000E-40 1.00000000E-40 1.00000000E-40 1.00000000E-40 1.00000000E-40 1.00000000E-40 1.00000000E-40 1.00000000E-40 1.00000000E-40 1.00000000E-40 1.00000000E-40 1.00000000E-40 1.00000000E-40 1.00000000E-40 1.00000000E-40 1.00000000E-40 1.00000000E-40 1.00000000E-40 1.00000000E-40 1.00000000E-40 1.00000000E-40 1.00000000E-40 1.00000000E-40 1.00000000E-40 1.00000000E-40 1.00000000E-40 1.00000000E-40 1.00000000E-40 1.00000000E-40 1.00000000E-40 1.00000000E-40 1.00000000E-40 1.00000000E-40 1.00000000E-40 1.00000000E-40 1.00000000E-40 1.00000000E-40 1.00000000E-05 1.00000000E-40 1.00000000E-05 1.00000000E-40 1.00000000E-05 1.00000000E-40 1.00000000E-05 1.00000000E-40 1.00000000E-05 1.00000000E-40 1.00000000E-05 1.00000000E-40 1.00000000E-05 1.00000000E-40 1.00000000E-05 1.00000000E-40 1.00000000E-05 1.00000000E-40 1.00000000E-05 1.00000000E-40 1.00000000E-05 1.00000000E-40 1.00000000E-05
6.66000000E+01 1.90000000E+02 1.75410262E-03 6.68679662E+16 3.00000000E+05 1.00000000E-40 5.00000000E-02 1.84300380E-04 1.00000000E-40 1.00000000E-40 1.00000000E-40 1.00000000E-40 9.49815700E-01 1.00000000E-40 1.00000000E-40 1.00000000E-40 1.00000000E-40 1.00000000E-40 1.00000000E-40 1.00000000E-40 1.00000000E-40 1.00000000E-40 1.00000000E-40 1.00000000E-40 1.00000000E-40 1.00000000E-40 1.00000000E-40 1.00000000E-40 1.00000000E-40 1.00000000E-40 1.00000000E-40 1.00000000E-40 1.00000000E-40 1.00000000E-40 1.00000000E-40 1.00000000E-40 1.00000000E-40 1.00000000E-40 1.00000000E-40 1.00000000E-40 1.00000000E-40 1.00000000E-40 1.00000000E-40 1.00000000E-40 1.00000000E-40 1.00000000E-40 1.00000000E-40 1.00000000E-40 1.00000000E-40 1.00000000E-40 1.00000000E-40 1.00000000E-40 1.00000000E-40 1.00000000E-40 1.00000000E-40 1.00000000E-40 1.00000000E-40 1.00000000E-40 1.00000000E-40 1.00000000E-40 1.00000000E-40 1.00000000E-40 1.00000000E-40 1.00000000E-40 1.00000000E-40 1.00000000E-40 1.00000000E-40 1.00000000E-40 1.00000000E-40 1.00000000E-05 1.00000000E-40 1.00000000E-05 1.00000000E-40 1.00000000E-05 1.00000000E-40 1.00000000E-05 1.00000000E-40 1.00000000E-05 1.00000000E-40 1.00000000E-05 1.00000000E-40 1.00000000E-05 1.00000000E-40 1.00000000E-05 1.00000000E-40 1.00000000E-05 1.00000000E-40 1.00000000E-05 1.00000000E-40 1.00000000E-05 1.00000000E-40 1.00000000E-05
6.78000000E+01 1.90000000E+02 1.54953219E-03 5.90695576E+16 3.00000000E+05 1.00000000E-40 5.00000000E-02 2.08631859E-04 1.00000000E-40 1.00000000E-40 1.00000000E-40 1.00000000E-40 9.49791368E-01 1.00000000E-40 1.00000000E-40 1.00000000E-40 1.00000000E-40 1.00000000E-40 1.00000000E-40 1.00000000E-40 1.00000000E-40 1.00000000E-40 1.00000000E-40 1.00000000E-40 1.00000000E-40 1.00000000E-40 1.00000000E-40 1.00000000E-40 1.00000000E-40 1.00000000E-40 1.00000000E-40 1.00000000E-40 1.00000000E-40 1.00000000E-40 1.00000000E-40 1.00000000E-40 1.00000000E-40 1.00000000E-40 1.00000000E-40 1.00000000E-40 1.00000000E-40 1.00000000E-40 1.00000000E-40 1.00000000E-40 1.00000000E-40 1.00000000E-40 1.00000000E-40 1.00000000E-40 1.00000000E-40 1.00000000E-40 1.00000000E-40 1.00000000E-40 1.00000000E-40 1.00000000E-40 1.00000000E-40 1.00000000E-40 1.00000000E-40 1.00000000E-40 1.00000000E-40 1.00000000E-40 1.00000000E-40 1.00000000E-40 1.00000000E-40 1.00000000E-40 1.00000000E-40 1.00000000E-40 1.00000000E-40 1.00000000E-40 1.00000000E-40 1.00000000E-05 1.00000000E-40 1.00000000E-05 1.00000000E-40 1.00000000E-05 1.00000000E-40 1.00000000E-05 1.00000000E-40 1.00000000E-05 1.00000000E-40 1.00000000E-05 1.00000000E-40 1.00000000E-05 1.00000000E-40 1.00000000E-05 1.00000000E-40 1.00000000E-05 1.00000000E-40 1.00000000E-05 1.00000000E-40 1.00000000E-05 1.00000000E-40 1.00000000E-05
6.90000000E+01 1.90000000E+02 1.36881957E-03 5.21806305E+16 3.00000000E+05 1.00000000E-40 5.00000000E-02 2.36175598E-04 1.00000000E-40 1.00000000E-40 1.00000000E-40 1.00000000E-40 9.49763824E-01 1.00000000E-40 1.00000000E-40 1.00000000E-40 1.00000000E-40 1.00000000E-40 1.00000000E-40 1.00000000E-40 1.00000000E-40 1.00000000E-40 1.00000000E-40 1.00000000E-40 1.00000000E-40 1.00000000E-40 1.00000000E-40 1.00000000E-40 1.00000000E-40 1.00000000E-40 1.00000000E-40 1.00000000E-40 1.00000000E-40 1.00000000E-40 1.00000000E-40 1.00000000E-40 1.00000000E-40 1.00000000E-40 1.00000000E-40 1.00000000E-40 1.00000000E-40 1.00000000E-40 1.00000000E-40 1.00000000E-40 1.00000000E-40 1.00000000E-40 1.00000000E-40 1.00000000E-40 1.00000000E-40 1.00000000E-40 1.00000000E-40 1.00000000E-40 1.00000000E-40 1.00000000E-40 1.00000000E-40 1.00000000E-40 1.00000000E-40 1.00000000E-40 1.00000000E-40 1.00000000E-40 1.00000000E-40 1.00000000E-40 1.00000000E-40 1.00000000E-40 1.00000000E-40 1.00000000E-40 1.00000000E-40 1.00000000E-40 1.00000000E-40 1.00000000E-05 1.00000000E-40 1.00000000E-05 1.00000000E-40 1.00000000E-05 1.00000000E-40 1.00000000E-05 1.00000000E-40 1.00000000E-05 1.00000000E-40 1.00000000E-05 1.00000000E-40 1.00000000E-05 1.00000000E-40 1.00000000E-05 1.00000000E-40 1.00000000E-05 1.00000000E-40 1.00000000E-05 1.00000000E-40 1.00000000E-05 1.00000000E-40 1.00000000E-05
7.02000000E+01 1.90000000E+02 1.20918238E-03 4.60951176E+16 3.00000000E+05 1.00000000E-40 5.00000000E-02 2.67355682E-04 1.00000000E-40 1.00000000E-40 1.00000000E-40 1.00000000E-40 9.49732644E-01 1.00000000E-40 1.00000000E-40 1.00000000E-40 1.00000000E-40 1.00000000E-40 1.00000000E-40 1.00000000E-40 1.00000000E-40 1.00000000E-40 1.00000000E-40 1.00000000E-40 1.00000000E-40 1.00000000E-40 1.00000000E-40 1.00000000E-40 1.00000000E-40 1.00000000E-40 1.00000000E-40 1.00000000E-40 1.00000000E-40 1.00000000E-40 1.00000000E-40 1.00000000E-40 1.00000000E-40 1.00000000E-40 1.00000000E-40 1.00000000E-40 1.00000000E-40 1.00000000E-40 1.00000000E-40 1.00000000E-40 1.00000000E-40 1.00000000E-40 1.00000000E-40 1.00000000E-40 1.00000000E-40 1.00000000E-40 1.00000000E-40 1.00000000E-40 1.00000000E-40 1.00000000E-40 1.00000000E-40 1.00000000E-40 1.00000000E-40 1.00000000E-40 1.00000000E-40 1.00000000E-40 1.00000000E-40 1.00000000E-40 1.00000000E-40 1.00000000E-40 1.00000000E-40 1.00000000E-40 1.00000000E-40 1.00000000E-40 1.00000000E-40 1.00000000E-05 1.00000000E-40 1.00000000E-05 1.00000000E-40 1.00000000E-05 1.00000000E-40 1.00000000E-05 1.00000000E-40 1.00000000E-05 1.00000000E-40 1.00000000E-05 1.00000000E-40 1.00000000E-05 1.00000000E-40 1.00000000E-05 1.00000000E-40 1.00000000E-05 1.00000000E-40 1.00000000E-05 1.00000000E-40 1.00000000E-05 1.00000000E-40 1.00000000E-05
7.14000000E+01 1.90000000E+02 1.06816272E-03 4.07193214E+16 3.00000000E+05 1.00000000E-40 5.00000000E-02 3.02652185E-04 1.00000000E-40 1.00000000E-40 1.00000000E-40 1.00000000E-40 9.49697348E-01 1.00000000E-40 1.00000000E-40 1.00000000E-40 1.00000000E-40 1.00000000E-40 1.00000000E-40 1.00000000E-40 1.00000000E-40 1.00000000E-40 1.00000000E-40 1.00000000E-40 1.00000000E-40 1.00000000E-40 1.00000000E-40 1.00000000E-40 1.00000000E-40 1.00000000E-40 1.00000000E-40 1.00000000E-40 1.00000000E-40 1.00000000E-40 1.00000000E-40 1.00000000E-40 1.00000000E-40 1.00000000E-40 1.00000000E-40 1.00000000E-40 1.00000000E-40 1.00000000E-40 1.00000000E-40 1.00000000E-40 1.00000000E-40 1.00000000E-40 1.00000000E-40 1.00000000E-40 1.00000000E-40 1.00000000E-40 1.00000000E-40 1.00000000E-40 1.00000000E-40 1.00000000E-40 1.00000000E-40 1.00000000E-40 1.00000000E-40 1.00000000E-40 1.00000000E-40 1.00000000E-40 1.00000000E-40 1.00000000E-40 1.00000000E-40 1.00000000E-40 1.00000000E-40 1.00000000E-40 1.00000000E-40 1.00000000E-40 1.00000000E-40 1.00000000E-05 1.00000000E-40 1.00000000E-05 1.00000000E-40 1.00000000E-05 1.00000000E-40 1.00000000E-05 1.00000000E-40 1.00000000E-05 1.00000000E-40 1.00000000E-05 1.00000000E-40 1.00000000E-05 1.00000000E-40 1.00000000E-05 1.00000000E-40 1.00000000E-05 1.00000000E-40 1.00000000E-05 1.00000000E-40 1.00000000E-05 1.00000000E-40 1.00000000E-05
7.26000000E+01 1.90000000E+02 9.43589325E-04 3.59704719E+16 3.00000000E+05 1.00000000E-40 5.00000000E-02 3.42608560E-04 1.00000000E-40 1.00000000E-40 1.00000000E-40 1.00000000E-40 9.49657391E-01 1.00000000E-40 1.00000000E-40 1.00000000E-40 1.00000000E-40 1.00000000E-40 1.00000000E-40 1.00000000E-40 1.00000000E-40 1.00000000E-40 1.00000000E-40 1.00000000E-40 1.00000000E-40 1.00000000E-40 1.00000000E-40 1.00000000E-40 1.00000000E-40 1.00000000E-40 1.00000000E-40 1.00000000E-40 1.00000000E-40 1.00000000E-40 1.00000000E-40 1.00000000E-40 1.00000000E-40 1.00000000E-40 1.00000000E-40 1.00000000E-40 1.00000000E-40 1.00000000E-40 1.00000000E-40 1.00000000E-40 1.00000000E-40 1.00000000E-40 1.00000000E-40 1.00000000E-40 1.00000000E-40 1.00000000E-40 1.00000000E-40 1.00000000E-40 1.00000000E-40 1.00000000E-40 1.00000000E-40 1.00000000E-40 1.00000000E-40 1.00000000E-40 1.00000000E-40 1.00000000E-40 1.00000000E-40 1.00000000E-40 1.00000000E-40 1.00000000E-40 1.00000000E-40 1.00000000E-40 1.00000000E-40 1.00000000E-40 1.00000000E-40 1.00000000E-05 1.00000000E-40 1.00000000E-05 1.00000000E-40 1.00000000E-05 1.00000000E-40 1.00000000E-05 1.00000000E-40 1.00000000E-05 1.00000000E-40 1.00000000E-05 1.00000000E-40 1.00000000E-05 1.00000000E-40 1.00000000E-05 1.00000000E-40 1.00000000E-05 1.00000000E-40 1.00000000E-05 1.00000000E-40 1.00000000E-05 1.00000000E-40 1.00000000E-05
7.38000000E+01 1.90000000E+02 8.33544180E-04 3.17754522E+16 3.00000000E+05 1.00000000E-40 5.00000000E-02 3.87840007E-04 1.00000000E-40 1.00000000E-40 1.00000000E-40 1.00000000E-40 9.49612160E-01 1.00000000E-40 1.00000000E-40 1.00000000E-40 1.00000000E-40 1.00000000E-40 1.00000000E-40 1.00000000E-40 1.00000000E-40 1.00000000E-40 1.00000000E-40 1.00000000E-40 1.00000000E-40 1.00000000E-40 1.00000000E-40 1.00000000E-40 1.00000000E-40 1.00000000E-40 1.00000000E-40 1.00000000E-40 1.00000000E-40 1.00000000E-40 1.00000000E-40 1.00000000E-40 1.00000000E-40 1.00000000E-40 1.00000000E-40 1.00000000E-40 1.00000000E-40 1.00000000E-40 1.00000000E-40 1.00000000E-40 1.00000000E-40 1.00000000E-40 1.00000000E-40 1.00000000E-40 1.00000000E-40 1.00000000E-40 1.00000000E-40 1.00000000E-40 1.00000000E-40 1.00000000E-40 1.00000000E-40 1.00000000E-40 1.00000000E-40 1.00000000E-40 1.00000000E-40 1.00000000E-40 1.00000000E-40 1.00000000E-40 1.00000000E-40 1.00000000E-40 1.00000000E-40 1.00000000E-40 1.00000000E-40 1.00000000E-40 1.00000000E-40 1.00000000E-05 1.00000000E-40 1.00000000E-05 1.00000000E-40 1.00000000E-05 1.00000000E-40 1.00000000E-05 1.00000000E-40 1.00000000E-05 1.00000000E-40 1.00000000E-05 1.00000000E-40 1.00000000E-05 1.00000000E-40 1.00000000E-05 1.00000000E-40 1.00000000E-05 1.00000000E-40 1.00000000E-05 1.00000000E-40 1.00000000E-05 1.00000000E-40 1.00000000E-05
7.50000000E+01 1.90000000E+02 7.36332937E-04 2.80696724E+16 3.00000000E+05 1.00000000E-40 5.00000000E-02 4.39042944E-04 1.00000000E-40 1.00000000E-40 1.00000000E-40 1.00000000E-40 9.49560957E-01 1.00000000E-40 1.00000000E-40 1.00000000E-40 1.00000000E-40 1.00000000E-40 1.00000000E-40 1.00000000E-40 1.00000000E-40 1.00000000E-40 1.00000000E-40 1.00000000E-40 1.00000000E-40 1.00000000E-40 1.00000000E-40 1.00000000E-40 1.00000000E-40 1.00000000E-40 1.00000000E-40 1.00000000E-40 1.00000000E-40 1.00000000E-40 1.00000000E-40 1.00000000E-40 1.00000000E-40 1.00000000E-40 1.00000000E-40 1.00000000E-40 1.00000000E-40 1.00000000E-40 1.00000000E-40 1.00000000E-40 1.00000000E-40 1.00000000E-40 1.00000000E-40 1.00000000E-40 1.00000000E-40 1.00000000E-40 1.00000000E-40 1.00000000E-40 1.00000000E-40 1.00000000E-40 1.00000000E-40 1.00000000E-40 1.00000000E-40 1.00000000E-40 1.00000000E-40 1.00000000E-40 1.00000000E-40 1.00000000E-40 1.00000000E-40 1.00000000E-40 1.00000000E-40 1.00000000E-40 1.00000000E-40 1.00000000E-40 1.00000000E-40 1.00000000E-05 1.00000000E-40 1.00000000E-05 1.00000000E-40 1.00000000E-05 1.00000000E-40 1.00000000E-05 1.00000000E-40 1.00000000E-05 1.00000000E-40 1.00000000E-05 1.00000000E-40 1.00000000E-05 1.00000000E-40 1.00000000E-05 1.00000000E-40 1.00000000E-05 1.00000000E-40 1.00000000E-05 1.00000000E-40 1.00000000E-05 1.00000000E-40 1.00000000E-05
7.62000000E+01 1.90000000E+02 6.50458857E-04 2.47960754E+16 3.00000000E+05 1.00000000E-40 5.00000000E-02 4.97005732E-04 1.00000000E-40 1.00000000E-40 1.00000000E-40 1.00000000E-40 9.49502994E-01 1.00000000E-40 1.00000000E-40 1.00000000E-40 1.00000000E-40 1.00000000E-40 1.00000000E-40 1.00000000E-40 1.00000000E-40 1.00000000E-40 1.00000000E-40 1.00000000E-40 1.00000000E-40 1.00000000E-40 1.00000000E-40 1.00000000E-40 1.00000000E-40 1.00000000E-40 1.00000000E-40 1.00000000E-40 1.00000000E-40 1.00000000E-40 1.00000000E-40 1.00000000E-40 1.00000000E-40 1.00000000E-40 1.00000000E-40 1.00000000E-40 1.00000000E-40 1.00000000E-40 1.00000000E-40 1.00000000E-40 1.00000000E-40 1.00000000E-40 1.00000000E-40 1.00000000E-40 1.00000000E-40 1.00000000E-40 1.00000000E-40 1.00000000E-40 1.00000000E-40 1.00000000E-40 1.00000000E-40 1.00000000E-40 1.00000000E-40 1.00000000E-40 1.00000000E-40 1.00000000E-40 1.00000000E-40 1.00000000E-40 1.00000000E-40 1.00000000E-40 1.00000000E-40 1.00000000E-40 1.00000000E-40 1.00000000E-40 1.00000000E-40 1.00000000E-05 1.00000000E-40 1.00000000E-05 1.00000000E-40 1.00000000E-05 1.00000000E-40 1.00000000E-05 1.00000000E-40 1.00000000E-05 1.00000000E-40 1.00000000E-05 1.00000000E-40 1.00000000E-05 1.00000000E-40 1.00000000E-05 1.00000000E-40 1.00000000E-05 1.00000000E-40 1.00000000E-05 1.00000000E-40 1.00000000E-05 1.00000000E-40 1.00000000E-05
7.74000000E+01 1.90000000E+02 5.74599754E-04 2.19042583E+16 3.00000000E+05 1.00000000E-40 5.00000000E-02 5.62620812E-04 1.00000000E-40 1.00000000E-40 1.00000000E-40 1.00000000E-40 9.49437379E-01 1.00000000E-40 1.00000000E-40 1.00000000E-40 1.00000000E-40 1.00000000E-40 1.00000000E-40 1.00000000E-40 1.00000000E-40 1.00000000E-40 1.00000000E-40 1.00000000E-40 1.00000000E-40 1.00000000E-40 1.00000000E-40 1.00000000E-40 1.00000000E-40 1.00000000E-40 1.00000000E-40 1.00000000E-40 1.00000000E-40 1.00000000E-40 1.00000000E-40 1.00000000E-40 1.00000000E-40 1.00000000E-40 1.00000000E-40 1.00000000E-40 1.00000000E-40 1.00000000E-40 1.00000000E-40 1.00000000E-40 1.00000000E-40 1.00000000E-40 1.00000000E-40 1.00000000E-40 1.00000000E-40 1.00000000E-40 1.00000000E-40 1.00000000E-40 1.00000000E-40 1.00000000E-40 1.00000000E-40 1.00000000E-40 1.00000000E-40 1.00000000E-40 1.00000000E-40 1.00000000E-40 1.00000000E-40 1.00000000E-40 1.00000000E-40 1.00000000E-40 1.00000000E-40 1.00000000E-40 1.00000000E-40 1.00000000E-40 1.00000000E-40 1.00000000E-05 1.00000000E-40 1.00000000E-05 1.00000000E-40 1.00000000E-05 1.00000000E-40 1.00000000E-05 1.00000000E-40 1.00000000E-05 1.00000000E-40 1.00000000E-05 1.00000000E-40 1.00000000E-05 1.00000000E-40 1.00000000E-05 1.00000000E-40 1.00000000E-05 1.00000000E-40 1.00000000E-05 1.00000000E-40 1.00000000E-05 1.00000000E-40 1.00000000E-05
7.86000000E+01 1.90000000E+02 5.07587642E-04 1.93496965E+16 3.00000000E+05 1.00000000E-40 5.00000000E-02 6.36898445E-04 1.00000000E-40 1.00000000E-40 1.00000000E-40 1.00000000E-40 9.49363102E-01 1.00000000E-40 1.00000000E-40 1.00000000E-40 1.00000000E-40 1.00000000E-40 1.00000000E-40 1.00000000E-40 1.00000000E-40 1.00000000E-40 1.00000000E-40 1.00000000E-40 1.00000000E-40 1.00000000E-40 1.00000000E-40 1.00000000E-40 1.00000000E-40 1.00000000E-40 1.00000000E-40 1.00000000E-40 1.00000000E-40 1.00000000E-40 1.00000000E-40 1.00000000E-40 1.00000000E-40 1.00000000E-40 1.00000000E-40 1.00000000E-40 1.00000000E-40 1.00000000E-40 1.00000000E-40 1.00000000E-40 1.00000000E-40 1.00000000E-40 1.00000000E-40 1.00000000E-40 1.00000000E-40 1.00000000E-40 1.00000000E-40 1.00000000E-40 1.00000000E-40 1.00000000E-40 1.00000000E-40 1.00000000E-40 1.00000000E-40 1.00000000E-40 1.00000000E-40 1.00000000E-40 1.00000000E-40 1.00000000E-40 1.00000000E-40 1.00000000E-40 1.00000000E-40 1.00000000E-40 1.00000000E-40 1.00000000E-40 1.00000000E-40 1.00000000E-05 1.00000000E-40 1.00000000E-05 1.00000000E-40 1.00000000E-05 1.00000000E-40 1.00000000E-05 1.00000000E-40 1.00000000E-05 1.00000000E-40 1.00000000E-05 1.00000000E-40 1.00000000E-05 1.00000000E-40 1.00000000E-05 1.00000000E-40 1.00000000E-05 1.00000000E-40 1.00000000E-05 1.00000000E-40 1.00000000E-05 1.00000000E-40 1.00000000E-05
7.98000000E+01 1.90000000E+02 4.48390750E-04 1.70930578E+16 3.00000000E+05 1.00000000E-40 5.00000000E-02 7.20982270E-04 1.00000000E-40 1.00000000E-40 1.00000000E-40 1.00000000E-40 9.49279018E-01 1.00000000E-40 1.00000000E-40 1.00000000E-40 1.00000000E-40 1.00000000E-40 1.00000000E-40 1.00000000E-40 1.00000000E-40 1.00000000E-40 1.00000000E-40 1.00000000E-40 1.00000000E-40 1.00000000E-40 1.00000000E-40 1.00000000E-40 1.00000000E-40 1.00000000E-40 1.00000000E-40 1.00000000E-40 1.00000000E-40 1.00000000E-40 1.00000000E-40 1.00000000E-40 1.00000000E-40 1.00000000E-40 1.00000000E-40 1.00000000E-40 1.00000000E-40 1.00000000E-40 1.00000000E-40 1.00000000E-40 1.00000000E-40 1.00000000E-40 1.00000000E-40 1.00000000E-40 1.00000000E-40 1.00000000E-40 1.00000000E-40 1.00000000E-40 1.00000000E-40 1.00000000E-40 1.00000000E-40 1.00000000E-40 1.00000000E-40 1.00000000E-40 1.00000000E-40 1.00000000E-40 1.00000000E-40 1.00000000E-40 1.00000000E-40 1.00000000E-40 1.00000000E-40 1.00000000E-40 1.00000000E-40 1.00000000E-40 1.00000000E-40 1.00000000E-05 1.00000000E-40 1.00000000E-05 1.00000000E-40 1.00000000E-05 1.00000000E-40 1.00000000E-05 1.00000000E-40 1.00000000E-05 1.00000000E-40 1.00000000E-05 1.00000000E-40 1.00000000E-05 1.00000000E-40 1.00000000E-05 1.00000000E-40 1.00000000E-05 1.00000000E-40 1.00000000E-05 1.00000000E-40 1.00000000E-05 1.00000000E-40 1.00000000E-05
8.10000000E+01 1.90000000E+02 3.96097635E-04 1.50995973E+16 3.00000000E+05 1.00000000E-40 5.00000000E-02 8.16166905E-04 1.00000000E-40 1.00000000E-40 1.00000000E-40 1.00000000E-40 9.49183833E-01 1.00000000E-40 1.00000000E-40 1.00000000E-40 1.00000000E-40 1.00000000E-40 1.00000000E-40 1.00000000E-40 1.00000000E-40 1.00000000E-40 1.00000000E-40 1.00000000E-40 1.00000000E-40 1.00000000E-40 1.00000000E-40 1.00000000E-40 1.00000000E-40 1.00000000E-40 1.00000000E-40 1.00000000E-40 1.00000000E-40 1.00000000E-40 1.00000000E-40 1.00000000E-40 1.00000000E-40 1.00000000E-40 1.00000000E-40 1.00000000E-40 1.00000000E-40 1.00000000E-40 1.00000000E-40 1.00000000E-40 1.00000000E-40 1.00000000E-40 1.00000000E-40 1.00000000E-40 1.00000000E-40 1.00000000E-40 1.00000000E-40 1.00000000E-40 1.00000000E-40 1.00000000E-40 1.00000000E-40 1.00000000E-40 1.00000000E-40 1.00000000E-40 1.00000000E-40 1.00000000E-40 1.00000000E-40 1.00000000E-40 1.00000000E-40 1.00000000E-40 1.00000000E-40 1.00000000E-40 1.00000000E-40 1.00000000E-40 1.00000000E-40 1.00000000E-05 1.00000000E-40 1.00000000E-05 1.00000000E-40 1.00000000E-05 1.00000000E-40 1.00000000E-05 1.00000000E-40 1.00000000E-05 1.00000000E-40 1.00000000E-05 1.00000000E-40 1.00000000E-05 1.00000000E-40 1.00000000E-05 1.00000000E-40 1.00000000E-05 1.00000000E-40 1.00000000E-05 1.00000000E-40 1.00000000E-05 1.00000000E-40 1.00000000E-05
8.22000000E+01 1.90000000E+02 3.49903151E-04 1.33386221E+16 3.00000000E+05 1.00000000E-40 5.00000000E-02 9.23917889E-04 1.00000000E-40 1.00000000E-40 1.00000000E-40 1.00000000E-40 9.49076082E-01 1.00000000E-40 1.00000000E-40 1.00000000E-40 1.00000000E-40 1.00000000E-40 1.00000000E-40 1.00000000E-40 1.00000000E-40 1.00000000E-40 1.00000000E-40 1.00000000E-40 1.00000000E-40 1.00000000E-40 1.00000000E-40 1.00000000E-40 1.00000000E-40 1.00000000E-40 1.00000000E-40 1.00000000E-40 1.00000000E-40 1.00000000E-40 1.00000000E-40 1.00000000E-40 1.00000000E-40 1.00000000E-40 1.00000000E-40 1.00000000E-40 1.00000000E-40 1.00000000E-40 1.00000000E-40 1.00000000E-40 1.00000000E-40 1.00000000E-40 1.00000000E-40 1.00000000E-40 1.00000000E-40 1.00000000E-40 1.00000000E-40 1.00000000E-40 1.00000000E-40 1.00000000E-40 1.00000000E-40 1.00000000E-40 1.00000000E-40 1.00000000E-40 1.00000000E-40 1.00000000E-40 1.00000000E-40 1.00000000E-40 1.00000000E-40 1.00000000E-40 1.00000000E-40 1.00000000E-40 1.00000000E-40 1.00000000E-40 1.00000000E-40 1.00000000E-05 1.00000000E-40 1.00000000E-05 1.00000000E-40 1.00000000E-05 1.00000000E-40 1.00000000E-05 1.00000000E-40 1.00000000E-05 1.00000000E-40 1.00000000E-05 1.00000000E-40 1.00000000E-05 1.00000000E-40 1.00000000E-05 1.00000000E-40 1.00000000E-05 1.00000000E-40 1.00000000E-05 1.00000000E-40 1.00000000E-05 1.00000000E-40 1.00000000E-05
8.34000000E+01 1.90000000E+02 3.09096052E-04 1.17830189E+16 3.00000000E+05 1.00000000E-40 5.00000000E-02 1.04589424E-03 1.00000000E-40 1.00000000E-40 1.00000000E-40 1.00000000E-40 9.48954106E-01 1.00000000E-40 1.00000000E-40 1.00000000E-40 1.00000000E-40 1.00000000E-40 1.00000000E-40 1.00000000E-40 1.00000000E-40 1.00000000E-40 1.00000000E-40 1.00000000E-40 1.00000000E-40 1.00000000E-40 1.00000000E-40 1.00000000E-40 1.00000000E-40 1.00000000E-40 1.00000000E-40 1.00000000E-40 1.00000000E-40 1.00000000E-40 1.00000000E-40 1.00000000E-40 1.00000000E-40 1.00000000E-40 1.00000000E-40 1.00000000E-40 1.00000000E-40 1.00000000E-40 1.00000000E-40 1.00000000E-40 1.00000000E-40 1.00000000E-40 1.00000000E-40 1.00000000E-40 1.00000000E-40 1.00000000E-40 1.00000000E-40 1.00000000E-40 1.00000000E-40 1.00000000E-40 1.00000000E-40 1.00000000E-40 1.00000000E-40 1.00000000E-40 1.00000000E-40 1.00000000E-40 1.00000000E-40 1.00000000E-40 1.00000000E-40 1.00000000E-40 1.00000000E-40 1.00000000E-40 1.00000000E-40 1.00000000E-40 1.00000000E-40 1.00000000E-05 1.00000000E-40 1.00000000E-05 1.00000000E-40 1.00000000E-05 1.00000000E-40 1.00000000E-05 1.00000000E-40 1.00000000E-05 1.00000000E-40 1.00000000E-05 1.00000000E-40 1.00000000E-05 1.00000000E-40 1.00000000E-05 1.00000000E-40 1.00000000E-05 1.00000000E-40 1.00000000E-05 1.00000000E-40 1.00000000E-05 1.00000000E-40 1.00000000E-05
8.46000000E+01 1.90000000E+02 2.73048039E-04 1.04088363E+16 3.00000000E+05 1.00000000E-40 5.00000000E-02 1.18397401E-03 1.00000000E-40 1.00000000E-40 1.00000000E-40 1.00000000E-40 9.48816026E-01 1.00000000E-40 1.00000000E-40 1.00000000E-40 1.00000000E-40 1.00000000E-40 1.00000000E-40 1.00000000E-40 1.00000000E-40 1.00000000E-40 1.00000000E-40 1.00000000E-40 1.00000000E-40 1.00000000E-40 1.00000000E-40 1.00000000E-40 1.00000000E-40 1.00000000E-40 1.00000000E-40 1.00000000E-40 1.00000000E-40 1.00000000E-40 1.00000000E-40 1.00000000E-40 1.00000000E-40 1.00000000E-40 1.00000000E-40 1.00000000E-40 1.00000000E-40 1.00000000E-40 1.00000000E-40 1.00000000E-40 1.00000000E-40 1.00000000E-40 1.00000000E-40 1.00000000E-40 1.00000000E-40 1.00000000E-40 1.00000000E-40 1.00000000E-40 1.00000000E-40 1.00000000E-40 1.00000000E-40 1.00000000E-40 1.00000000E-40 1.00000000E-40 1.00000000E-40 1.00000000E-40 1.00000000E-40 1.00000000E-40 1.00000000E-40 1.00000000E-40 1.00000000E-40 1.00000000E-40 1.00000000E-40 1.00000000E-40 1.00000000E-40 1.00000000E-05 1.00000000E-40 1.00000000E-05 1.00000000E-40 1.00000000E-05 1.00000000E-40 1.00000000E-05 1.00000000E-40 1.00000000E-05 1.00000000E-40 1.00000000E-05 1.00000000E-40 1.00000000E-05 1.00000000E-40 1.00000000E-05 1.00000000E-40 1.00000000E-05 1.00000000E-40 1.00000000E-05 1.00000000E-40 1.00000000E-05 1.00000000E-40 1.00000000E-05
8.58000000E+01 1.90000000E+02 2.41204089E-04 9.19491634E+15 3.00000000E+05 1.00000000E-40 5.00000000E-02 1.34028317E-03 1.00000000E-40 1.00000000E-40 1.00000000E-40 1.00000000E-40 9.48659717E-01 1.00000000E-40 1.00000000E-40 1.00000000E-40 1.00000000E-40 1.00000000E-40 1.00000000E-40 1.00000000E-40 1.00000000E-40 1.00000000E-40 1.00000000E-40 1.00000000E-40 1.00000000E-40 1.00000000E-40 1.00000000E-40 1.00000000E-40 1.00000000E-40 1.00000000E-40 1.00000000E-40 1.00000000E-40 1.00000000E-40 1.00000000E-40 1.00000000E-40 1.00000000E-40 1.00000000E-40 1.00000000E-40 1.00000000E-40 1.00000000E-40 1.00000000E-40 1.00000000E-40 1.00000000E-40 1.00000000E-40 1.00000000E-40 1.00000000E-40 1.00000000E-40 1.00000000E-40 1.00000000E-40 1.00000000E-40 1.00000000E-40 1.00000000E-40 1.00000000E-40 1.00000000E-40 1.00000000E-40 1.00000000E-40 1.00000000E-40 1.00000000E-40 1.00000000E-40 1.00000000E-40 1.00000000E-40 1.00000000E-40 1.00000000E-40 1.00000000E-40 1.00000000E-40 1.00000000E-40 1.00000000E-40 1.00000000E-40 1.00000000E-40 1.00000000E-05 1.00000000E-40 1.00000000E-05 1.00000000E-40 1.00000000E-05 1.00000000E-40 1.00000000E-05 1.00000000E-40 1.00000000E-05 1.00000000E-40 1.00000000E-05 1.00000000E-40 1.00000000E-05 1.00000000E-40 1.00000000E-05 1.00000000E-40 1.00000000E-05 1.00000000E-40 1.00000000E-05 1.00000000E-40 1.00000000E-05 1.00000000E-40 1.00000000E-05
8.70000000E+01 1.90000000E+02 2.13073907E-04 8.12256857E+15 3.00000000E+05 1.00000000E-40 5.00000000E-02 1.51722839E-03 1.00000000E-40 1.00000000E-40 1.00000000E-40 1.00000000E-40 9.48482772E-01 1.00000000E-40 1.00000000E-40 1.00000000E-40 1.00000000E-40 1.00000000E-40 1.00000000E-40 1.00000000E-40 1.00000000E-40 1.00000000E-40 1.00000000E-40 1.00000000E-40 1.00000000E-40 1.00000000E-40 1.00000000E-40 1.00000000E-40 1.00000000E-40 1.00000000E-40 1.00000000E-40 1.00000000E-40 1.00000000E-40 1.00000000E-40 1.00000000E-40 1.00000000E-40 1.00000000E-40 1.00000000E-40 1.00000000E-40 1.00000000E-40 1.00000000E-40 1.00000000E-40 1.00000000E-40 1.00000000E-40 1.00000000E-40 1.00000000E-40 1.00000000E-40 1.00000000E-40 1.00000000E-40 1.00000000E-40 1.00000000E-40 1.00000000E-40 1.00000000E-40 1.00000000E-40 1.00000000E-40 1.00000000E-40 1.00000000E-40 1.00000000E-40 1.00000000E-40 1.00000000E-40 1.00000000E-40 1.00000000E-40 1.00000000E-40 1.00000000E-40 1.00000000E-40 1.00000000E-40 1.00000000E-40 1.00000000E-40 1.00000000E-40 1.00000000E-05 1.00000000E-40 1.00000000E-05 1.00000000E-40 1.00000000E-05 1.00000000E-40 1.00000000E-05 1.00000000E-40 1.00000000E-05 1.00000000E-40 1.00000000E-05 1.00000000E-40 1.00000000E-05 1.00000000E-40 1.00000000E-05 1.00000000E-40 1.00000000E-05 1.00000000E-40 1.00000000E-05 1.00000000E-40 1.00000000E-05 1.00000000E-40 1.00000000E-05
8.82000000E+01 1.90000000E+02 1.88224380E-04 7.17528227E+15 3.00000000E+05 1.00000000E-40 5.00000000E-02 1.71753405E-03 1.00000000E-40 1.00000000E-40 1.00000000E-40 1.00000000E-40 9.48282466E-01 1.00000000E-40 1.00000000E-40 1.00000000E-40 1.00000000E-40 1.00000000E-40 1.00000000E-40 1.00000000E-40 1.00000000E-40 1.00000000E-40 1.00000000E-40 1.00000000E-40 1.00000000E-40 1.00000000E-40 1.00000000E-40 1.00000000E-40 1.00000000E-40 1.00000000E-40 1.00000000E-40 1.00000000E-40 1.00000000E-40 1.00000000E-40 1.00000000E-40 1.00000000E-40 1.00000000E-40 1.00000000E-40 1.00000000E-40 1.00000000E-40 1.00000000E-40 1.00000000E-40 1.00000000E-40 1.00000000E-40 1.00000000E-40 1.00000000E-40 1.00000000E-40 1.00000000E-40 1.00000000E-40 1.00000000E-40 1.00000000E-40 1.00000000E-40 1.00000000E-40 1.00000000E-40 1.00000000E-40 1.00000000E-40 1.00000000E-40 1.00000000E-40 1.00000000E-40 1.00000000E-40 1.00000000E-40 1.00000000E-40 1.00000000E-40 1.00000000E-40 1.00000000E-40 1.00000000E-40 1.00000000E-40 1.00000000E-40 1.00000000E-40 1.00000000E-05 1.00000000E-40 1.00000000E-05 1.00000000E-40 1.00000000E-05 1.00000000E-40 1.00000000E-05 1.00000000E-40 1.00000000E-05 1.00000000E-40 1.00000000E-05 1.00000000E-40 1.00000000E-05 1.00000000E-40 1.00000000E-05 1.00000000E-40 1.00000000E-05 1.00000000E-40 1.00000000E-05 1.00000000E-40 1.00000000E-05 1.00000000E-40 1.00000000E-05
8.94000000E+01 1.90000000E+02 1.66272903E-04 6.33847227E+15 3.00000000E+05 1.00000000E-40 5.00000000E-02 1.94428422E-03 1.00000000E-40 1.00000000E-40 1.00000000E-40 1.00000000E-40 9.48055716E-01 1.00000000E-40 1.00000000E-40 1.00000000E-40 1.00000000E-40 1.00000000E-40 1.00000000E-40 1.00000000E-40 1.00000000E-40 1.00000000E-40 1.00000000E-40 1.00000000E-40 1.00000000E-40 1.00000000E-40 1.00000000E-40 1.00000000E-40 1.00000000E-40 1.00000000E-40 1.00000000E-40 1.00000000E-40 1.00000000E-40 1.00000000E-40 1.00000000E-40 1.00000000E-40 1.00000000E-40 1.00000000E-40 1.00000000E-40 1.00000000E-40 1.00000000E-40 1.00000000E-40 1.00000000E-40 1.00000000E-40 1.00000000E-40 1.00000000E-40 1.00000000E-40 1.00000000E-40 1.00000000E-40 1.00000000E-40 1.00000000E-40 1.00000000E-40 1.00000000E-40 1.00000000E-40 1.00000000E-40 1.00000000E-40 1.00000000E-40 1.00000000E-40 1.00000000E-40 1.00000000E-40 1.00000000E-40 1.00000000E-40 1.00000000E-40 1.00000000E-40 1.00000000E-40 1.00000000E-40 1.00000000E-40 1.00000000E-40 1.00000000E-40 1.00000000E-05 1.00000000E-40 1.00000000E-05 1.00000000E-40 1.00000000E-05 1.00000000E-40 1.00000000E-05 1.00000000E-40 1.00000000E-05 1.00000000E-40 1.00000000E-05 1.00000000E-40 1.00000000E-05 1.00000000E-40 1.00000000E-05 1.00000000E-40 1.00000000E-05 1.00000000E-40 1.00000000E-05 1.00000000E-40 1.00000000E-05 1.00000000E-40 1.00000000E-05
9.06000000E+01 1.90000000E+02 1.46881495E-04 5.59925439E+15 3.00000000E+05 1.00000000E-40 5.00000000E-02 2.20097012E-03 1.00000000E-40 1.00000000E-40 1.00000000E-40 1.00000000E-40 9.47799030E-01 1.00000000E-40 1.00000000E-40 1.00000000E-40 1.00000000E-40 1.00000000E-40 1.00000000E-40 1.00000000E-40 1.00000000E-40 1.00000000E-40 1.00000000E-40 1.00000000E-40 1.00000000E-40 1.00000000E-40 1.00000000E-40 1.00000000E-40 1.00000000E-40 1.00000000E-40 1.00000000E-40 1.00000000E-40 1.00000000E-40 1.00000000E-40 1.00000000E-40 1.00000000E-40 1.00000000E-40 1.00000000E-40 1.00000000E-40 1.00000000E-40 1.00000000E-40 1.00000000E-40 1.00000000E-40 1.00000000E-40 1.00000000E-40 1.00000000E-40 1.00000000E-40 1.00000000E-40 1.00000000E-40 1.00000000E-40 1.00000000E-40 1.00000000E-40 1.00000000E-40 1.00000000E-40 1.00000000E-40 1.00000000E-40 1.00000000E-40 1.00000000E-40 1.00000000E-40 1.00000000E-40 1.00000000E-40 1.00000000E-40 1.00000000E-40 1.00000000E-40 1.00000000E-40 1.00000000E-40 1.00000000E-40 1.00000000E-40 1.00000000E-40 1.00000000E-05 1.00000000E-40 1.00000000E-05 1.00000000E-40 1.00000000E-05 1.00000000E-40 1.00000000E-05 1.00000000E-40 1.00000000E-05 1.00000000E-40 1.00000000E-05 1.00000000E-40 1.00000000E-05 1.00000000E-40 1.00000000E-05 1.00000000E-40 1.00000000E-05 1.00000000E-40 1.00000000E-05 1.00000000E-40 1.00000000E-05 1.00000000E-40 1.00000000E-05
9.18000000E+01 1.90000000E+02 1.29751590E-04 4.94624704E+15 3.00000000E+05 1.00000000E-40 5.00000000E-02 2.49154389E-03 1.00000000E-40 1.00000000E-40 1.00000000E-40 1.00000000E-40 9.47508456E-01 1.00000000E-40 1.00000000E-40 1.00000000E-40 1.00000000E-40 1.00000000E-40 1.00000000E-40 1.00000000E-40 1.00000000E-40 1.00000000E-40 1.00000000E-40 1.00000000E-40 1.00000000E-40 1.00000000E-40 1.00000000E-40 1.00000000E-40 1.00000000E-40 1.00000000E-40 1.00000000E-40 1.00000000E-40 1.00000000E-40 1.00000000E-40 1.00000000E-40 1.00000000E-40 1.00000000E-40 1.00000000E-40 1.00000000E-40 1.00000000E-40 1.00000000E-40 1.00000000E-40 1.00000000E-40 1.00000000E-40 1.00000000E-40 1.00000000E-40 1.00000000E-40 1.00000000E-40 1.00000000E-40 1.00000000E-40 1.00000000E-40 1.00000000E-40 1.00000000E-40 1.00000000E-40 1.00000000E-40 1.00000000E-40 1.00000000E-40 1.00000000E-40 1.00000000E-40 1.00000000E-40 1.00000000E-40 1.00000000E-40 1.00000000E-40 1.00000000E-40 1.00000000E-40 1.00000000E-40 1.00000000E-40 1.00000000E-40 1.00000000E-40 1.00000000E-05 1.00000000E-40 1.00000000E-05 1.00000000E-40 1.00000000E-05 1.00000000E-40 1.00000000E-05 1.00000000E-40 1.00000000E-05 1.00000000E-40 1.00000000E-05 1.00000000E-40 1.00000000E-05 1.00000000E-40 1.00000000E-05 1.00000000E-40 1.00000000E-05 1.00000000E-40 1.00000000E-05 1.00000000E-40 1.00000000E-05 1.00000000E-40 1.00000000E-05
9.30000000E+01 1.90000000E+02 1.14619442E-04 4.36939601E+15 3.00000000E+05 1.00000000E-40 5.00000000E-02 2.82047944E-03 1.00000000E-40 1.00000000E-40 1.00000000E-40 1.00000000E-40 9.47179521E-01 1.00000000E-40 1.00000000E-40 1.00000000E-40 1.00000000E-40 1.00000000E-40 1.00000000E-40 1.00000000E-40 1.00000000E-40 1.00000000E-40 1.00000000E-40 1.00000000E-40 1.00000000E-40 1.00000000E-40 1.00000000E-40 1.00000000E-40 1.00000000E-40 1.00000000E-40 1.00000000E-40 1.00000000E-40 1.00000000E-40 1.00000000E-40 1.00000000E-40 1.00000000E-40 1.00000000E-40 1.00000000E-40 1.00000000E-40 1.00000000E-40 1.00000000E-40 1.00000000E-40 1.00000000E-40 1.00000000E-40 1.00000000E-40 1.00000000E-40 1.00000000E-40 1.00000000E-40 1.00000000E-40 1.00000000E-40 1.00000000E-40 1.00000000E-40 1.00000000E-40 1.00000000E-40 1.00000000E-40 1.00000000E-40 1.00000000E-40 1.00000000E-40 1.00000000E-40 1.00000000E-40 1.00000000E-40 1.00000000E-40 1.00000000E-40 1.00000000E-40 1.00000000E-40 1.00000000E-40 1.00000000E-40 1.00000000E-40 1.00000000E-40 1.00000000E-05 1.00000000E-40 1.00000000E-05 1.00000000E-40 1.00000000E-05 1.00000000E-40 1.00000000E-05 1.00000000E-40 1.00000000E-05 1.00000000E-40 1.00000000E-05 1.00000000E-40 1.00000000E-05 1.00000000E-40 1.00000000E-05 1.00000000E-40 1.00000000E-05 1.00000000E-40 1.00000000E-05 1.00000000E-40 1.00000000E-05 1.00000000E-40 1.00000000E-05
9.42000000E+01 1.90000000E+02 1.01252066E-04 3.85981964E+15 3.00000000E+05 1.00000000E-40 5.00000000E-02 3.19284131E-03 1.00000000E-40 1.00000000E-40 1.00000000E-40 1.00000000E-40 9.46807159E-01 1.00000000E-40 1.00000000E-40 1.00000000E-40 1.00000000E-40 1.00000000E-40 1.00000000E-40 1.00000000E-40 1.00000000E-40 1.00000000E-40 1.00000000E-40 1.00000000E-40 1.00000000E-40 1.00000000E-40 1.00000000E-40 1.00000000E-40 1.00000000E-40 1.00000000E-40 1.00000000E-40 1.00000000E-40 1.00000000E-40 1.00000000E-40 1.00000000E-40 1.00000000E-40 1.00000000E-40 1.00000000E-40 1.00000000E-40 1.00000000E-40 1.00000000E-40 1.00000000E-40 1.00000000E-40 1.00000000E-40 1.00000000E-40 1.00000000E-40 1.00000000E-40 1.00000000E-40 1.00000000E-40 1.00000000E-40 1.00000000E-40 1.00000000E-40 1.00000000E-40 1.00000000E-40 1.00000000E-40 1.00000000E-40 1.00000000E-40 1.00000000E-40 1.00000000E-40 1.00000000E-40 1.00000000E-40 1.00000000E-40 1.00000000E-40 1.00000000E-40 1.00000000E-40 1.00000000E-40 1.00000000E-40 1.00000000E-40 1.00000000E-40 1.00000000E-05 1.00000000E-40 1.00000000E-05 1.00000000E-40 1.00000000E-05 1.00000000E-40 1.00000000E-05 1.00000000E-40 1.00000000E-05 1.00000000E-40 1.00000000E-05 1.00000000E-40 1.00000000E-05 1.00000000E-40 1.00000000E-05 1.00000000E-40 1.00000000E-05 1.00000000E-40 1.00000000E-05 1.00000000E-40 1.00000000E-05 1.00000000E-40 1.00000000E-05
9.54000000E+01 1.90000000E+02 8.94436472E-05 3.40967210E+15 3.00000000E+05 1.00000000E-40 5.00000000E-02 3.61436268E-03 1.00000000E-40 1.00000000E-40 1.00000000E-40 1.00000000E-40 9.46385637E-01 1.00000000E-40 1.00000000E-40 1.00000000E-40 1.00000000E-40 1.00000000E-40 1.00000000E-40 1.00000000E-40 1.00000000E-40 1.00000000E-40 1.00000000E-40 1.00000000E-40 1.00000000E-40 1.00000000E-40 1.00000000E-40 1.00000000E-40 1.00000000E-40 1.00000000E-40 1.00000000E-40 1.00000000E-40 1.00000000E-40 1.00000000E-40 1.00000000E-40 1.00000000E-40 1.00000000E-40 1.00000000E-40 1.00000000E-40 1.00000000E-40 1.00000000E-40 1.00000000E-40 1.00000000E-40 1.00000000E-40 1.00000000E-40 1.00000000E-40 1.00000000E-40 1.00000000E-40 1.00000000E-40 1.00000000E-40 1.00000000E-40 1.00000000E-40 1.00000000E-40 1.00000000E-40 1.00000000E-40 1.00000000E-40 1.00000000E-40 1.00000000E-40 1.00000000E-40 1.00000000E-40 1.00000000E-40 1.00000000E-40 1.00000000E-40 1.00000000E-40 1.00000000E-40 1.00000000E-40 1.00000000E-40 1.00000000E-40 1.00000000E-40 1.00000000E-05 1.00000000E-40 1.00000000E-05 1.00000000E-40 1.00000000E-05 1.00000000E-40 1.00000000E-05 1.00000000E-40 1.00000000E-05 1.00000000E-40 1.00000000E-05 1.00000000E-40 1.00000000E-05 1.00000000E-40 1.00000000E-05 1.00000000E-40 1.00000000E-05 1.00000000E-40 1.00000000E-05 1.00000000E-40 1.00000000E-05 1.00000000E-40 1.00000000E-05
9.66000000E+01 1.90000000E+02 7.90123728E-05 3.01202256E+15 3.00000000E+05 1.00000000E-40 5.00000000E-02 4.09153363E-03 1.00000000E-40 1.00000000E-40 1.00000000E-40 1.00000000E-40 9.45908466E-01 1.00000000E-40 1.00000000E-40 1.00000000E-40 1.00000000E-40 1.00000000E-40 1.00000000E-40 1.00000000E-40 1.00000000E-40 1.00000000E-40 1.00000000E-40 1.00000000E-40 1.00000000E-40 1.00000000E-40 1.00000000E-40 1.00000000E-40 1.00000000E-40 1.00000000E-40 1.00000000E-40 1.00000000E-40 1.00000000E-40 1.00000000E-40 1.00000000E-40 1.00000000E-40 1.00000000E-40 1.00000000E-40 1.00000000E-40 1.00000000E-40 1.00000000E-40 1.00000000E-40 1.00000000E-40 1.00000000E-40 1.00000000E-40 1.00000000E-40 1.00000000E-40 1.00000000E-40 1.00000000E-40 1.00000000E-40 1.00000000E-40 1.00000000E-40 1.00000000E-40 1.00000000E-40 1.00000000E-40 1.00000000E-40 1.00000000E-40 1.00000000E-40 1.00000000E-40 1.00000000E-40 1.00000000E-40 1.00000000E-40 1.00000000E-40 1.00000000E-40 1.00000000E-40 1.00000000E-40 1.00000000E-40 1.00000000E-40 1.00000000E-40 1.00000000E-05 1.00000000E-40 1.00000000E-05 1.00000000E-40 1.00000000E-05 1.00000000E-40 1.00000000E-05 1.00000000E-40 1.00000000E-05 1.00000000E-40 1.00000000E-05 1.00000000E-40 1.00000000E-05 1.00000000E-40 1.00000000E-05 1.00000000E-40 1.00000000E-05 1.00000000E-40 1.00000000E-05 1.00000000E-40 1.00000000E-05 1.00000000E-40 1.00000000E-05
9.78000000E+01 1.90000000E+02 6.97976351E-05 2.66074849E+15 3.00000000E+05 1.00000000E-40 5.00000000E-02 4.63170106E-03 1.00000000E-40 1.00000000E-40 1.00000000E-40 1.00000000E-40 9.45368299E-01 1.00000000E-40 1.00000000E-40 1.00000000E-40 1.00000000E-40 1.00000000E-40 1.00000000E-40 1.00000000E-40 1.00000000E-40 1.00000000E-40 1.00000000E-40 1.00000000E-40 1.00000000E-40 1.00000000E-40 1.00000000E-40 1.00000000E-40 1.00000000E-40 1.00000000E-40 1.00000000E-40 1.00000000E-40 1.00000000E-40 1.00000000E-40 1.00000000E-40 1.00000000E-40 1.00000000E-40 1.00000000E-40 1.00000000E-40 1.00000000E-40 1.00000000E-40 1.00000000E-40 1.00000000E-40 1.00000000E-40 1.00000000E-40 1.00000000E-40 1.00000000E-40 1.00000000E-40 1.00000000E-40 1.00000000E-40 1.00000000E-40 1.00000000E-40 1.00000000E-40 1.00000000E-40 1.00000000E-40 1.00000000E-40 1.00000000E-40 1.00000000E-40 1.00000000E-40 1.00000000E-40 1.00000000E-40 1.00000000E-40 1.00000000E-40 1.00000000E-40 1.00000000E-40 1.00000000E-40 1.00000000E-40 1.00000000E-40 1.00000000E-40 1.00000000E-05 1.00000000E-40 1.00000000E-05 1.00000000E-40 1.00000000E-05 1.00000000E-40 1.00000000E-05 1.00000000E-40 1.00000000E-05 1.00000000E-40 1.00000000E-05 1.00000000E-40 1.00000000E-05 1.00000000E-40 1.00000000E-05 1.00000000E-40 1.00000000E-05 1.00000000E-40 1.00000000E-05 1.00000000E-40 1.00000000E-05 1.00000000E-40 1.00000000E-05
9.90000000E+01 1.90000000E+02 6.16575569E-05 2.35044140E+15 3.00000000E+05 1.00000000E-40 5.00000000E-02 5.24318180E-03 1.00000000E-40 1.00000000E-40 1.00000000E-40 1.00000000E-40 9.44756818E-01 1.00000000E-40 1.00000000E-40 1.00000000E-40 1.00000000E-40 1.00000000E-40 1.00000000E-40 1.00000000E-40 1.00000000E-40 1.00000000E-40 1.00000000E-40 1.00000000E-40 1.00000000E-40 1.00000000E-40 1.00000000E-40 1.00000000E-40 1.00000000E-40 1.00000000E-40 1.00000000E-40 1.00000000E-40 1.00000000E-40 1.00000000E-40 1.00000000E-40 1.00000000E-40 1.00000000E-40 1.00000000E-40 1.00000000E-40 1.00000000E-40 1.00000000E-40 1.00000000E-40 1.00000000E-40 1.00000000E-40 1.00000000E-40 1.00000000E-40 1.00000000E-40 1.00000000E-40 1.00000000E-40 1.00000000E-40 1.00000000E-40 1.00000000E-40 1.00000000E-40 1.00000000E-40 1.00000000E-40 1.00000000E-40 1.00000000E-40 1.00000000E-40 1.00000000E-40 1.00000000E-40 1.00000000E-40 1.00000000E-40 1.00000000E-40 1.00000000E-40 1.00000000E-40 1.00000000E-40 1.00000000E-40 1.00000000E-40 1.00000000E-40 1.00000000E-05 1.00000000E-40 1.00000000E-05 1.00000000E-40 1.00000000E-05 1.00000000E-40 1.00000000E-05 1.00000000E-40 1.00000000E-05 1.00000000E-40 1.00000000E-05 1.00000000E-40 1.00000000E-05 1.00000000E-40 1.00000000E-05 1.00000000E-40 1.00000000E-05 1.00000000E-40 1.00000000E-05 1.00000000E-40 1.00000000E-05 1.00000000E-40 1.00000000E-05
1.00200000E+02 1.90000000E+02 5.44668070E-05 2.07632357E+15 3.00000000E+05 1.00000000E-40 5.00000000E-02 5.93539071E-03 1.00000000E-40 1.00000000E-40 1.00000000E-40 1.00000000E-40 9.44064609E-01 1.00000000E-40 1.00000000E-40 1.00000000E-40 1.00000000E-40 1.00000000E-40 1.00000000E-40 1.00000000E-40 1.00000000E-40 1.00000000E-40 1.00000000E-40 1.00000000E-40 1.00000000E-40 1.00000000E-40 1.00000000E-40 1.00000000E-40 1.00000000E-40 1.00000000E-40 1.00000000E-40 1.00000000E-40 1.00000000E-40 1.00000000E-40 1.00000000E-40 1.00000000E-40 1.00000000E-40 1.00000000E-40 1.00000000E-40 1.00000000E-40 1.00000000E-40 1.00000000E-40 1.00000000E-40 1.00000000E-40 1.00000000E-40 1.00000000E-40 1.00000000E-40 1.00000000E-40 1.00000000E-40 1.00000000E-40 1.00000000E-40 1.00000000E-40 1.00000000E-40 1.00000000E-40 1.00000000E-40 1.00000000E-40 1.00000000E-40 1.00000000E-40 1.00000000E-40 1.00000000E-40 1.00000000E-40 1.00000000E-40 1.00000000E-40 1.00000000E-40 1.00000000E-40 1.00000000E-40 1.00000000E-40 1.00000000E-40 1.00000000E-40 1.00000000E-05 1.00000000E-40 1.00000000E-05 1.00000000E-40 1.00000000E-05 1.00000000E-40 1.00000000E-05 1.00000000E-40 1.00000000E-05 1.00000000E-40 1.00000000E-05 1.00000000E-40 1.00000000E-05 1.00000000E-40 1.00000000E-05 1.00000000E-40 1.00000000E-05 1.00000000E-40 1.00000000E-05 1.00000000E-40 1.00000000E-05 1.00000000E-40 1.00000000E-05
1.01400000E+02 1.90000000E+02 4.81146711E-05 1.83417444E+15 3.00000000E+05 1.00000000E-40 5.00000000E-02 6.71898557E-03 1.00000000E-40 1.00000000E-40 1.00000000E-40 1.00000000E-40 9.43281014E-01 1.00000000E-40 1.00000000E-40 1.00000000E-40 1.00000000E-40 1.00000000E-40 1.00000000E-40 1.00000000E-40 1.00000000E-40 1.00000000E-40 1.00000000E-40 1.00000000E-40 1.00000000E-40 1.00000000E-40 1.00000000E-40 1.00000000E-40 1.00000000E-40 1.00000000E-40 1.00000000E-40 1.00000000E-40 1.00000000E-40 1.00000000E-40 1.00000000E-40 1.00000000E-40 1.00000000E-40 1.00000000E-40 1.00000000E-40 1.00000000E-40 1.00000000E-40 1.00000000E-40 1.00000000E-40 1.00000000E-40 1.00000000E-40 1.00000000E-40 1.00000000E-40 1.00000000E-40 1.00000000E-40 1.00000000E-40 1.00000000E-40 1.00000000E-40 1.00000000E-40 1.00000000E-40 1.00000000E-40 1.00000000E-40 1.00000000E-40 1.00000000E-40 1.00000000E-40 1.00000000E-40 1.00000000E-40 1.00000000E-40 1.00000000E-40 1.00000000E-40 1.00000000E-40 1.00000000E-40 1.00000000E-40 1.00000000E-40 1.00000000E-40 1.00000000E-05 1.00000000E-40 1.00000000E-05 1.00000000E-40 1.00000000E-05 1.00000000E-40 1.00000000E-05 1.00000000E-40 1.00000000E-05 1.00000000E-40 1.00000000E-05 1.00000000E-40 1.00000000E-05 1.00000000E-40 1.00000000E-05 1.00000000E-40 1.00000000E-05 1.00000000E-40 1.00000000E-05 1.00000000E-40 1.00000000E-05 1.00000000E-40 1.00000000E-05
1.02600000E+02 1.90000000E+02 4.25033465E-05 1.62026571E+15 3.00000000E+05 1.00000000E-40 5.00000000E-02 7.60603122E-03 1.00000000E-40 1.00000000E-40 1.00000000E-40 1.00000000E-40 9.42393969E-01 1.00000000E-40 1.00000000E-40 1.00000000E-40 1.00000000E-40 1.00000000E-40 1.00000000E-40 1.00000000E-40 1.00000000E-40 1.00000000E-40 1.00000000E-40 1.00000000E-40 1.00000000E-40 1.00000000E-40 1.00000000E-40 1.00000000E-40 1.00000000E-40 1.00000000E-40 1.00000000E-40 1.00000000E-40 1.00000000E-40 1.00000000E-40 1.00000000E-40 1.00000000E-40 1.00000000E-40 1.00000000E-40 1.00000000E-40 1.00000000E-40 1.00000000E-40 1.00000000E-40 1.00000000E-40 1.00000000E-40 1.00000000E-40 1.00000000E-40 1.00000000E-40 1.00000000E-40 1.00000000E-40 1.00000000E-40 1.00000000E-40 1.00000000E-40 1.00000000E-40 1.00000000E-40 1.00000000E-40 1.00000000E-40 1.00000000E-40 1.00000000E-40 1.00000000E-40 1.00000000E-40 1.00000000E-40 1.00000000E-40 1.00000000E-40 1.00000000E-40 1.00000000E-40 1.00000000E-40 1.00000000E-40 1.00000000E-40 1.00000000E-40 1.00000000E-05 1.00000000E-40 1.00000000E-05 1.00000000E-40 1.00000000E-05 1.00000000E-40 1.00000000E-05 1.00000000E-40 1.00000000E-05 1.00000000E-40 1.00000000E-05 1.00000000E-40 1.00000000E-05 1.00000000E-40 1.00000000E-05 1.00000000E-40 1.00000000E-05 1.00000000E-40 1.00000000E-05 1.00000000E-40 1.00000000E-05 1.00000000E-40 1.00000000E-05
1.03800000E+02 1.90000000E+02 3.75464369E-05 1.43130387E+15 3.00000000E+05 1.00000000E-40 5.00000000E-02 8.61018533E-03 1.00000000E-40 1.00000000E-40 1.00000000E-40 1.00000000E-40 9.41389815E-01 1.00000000E-40 1.00000000E-40 1.00000000E-40 1.00000000E-40 1.00000000E-40 1.00000000E-40 1.00000000E-40 1.00000000E-40 1.00000000E-40 1.00000000E-40 1.00000000E-40 1.00000000E-40 1.00000000E-40 1.00000000E-40 1.00000000E-40 1.00000000E-40 1.00000000E-40 1.00000000E-40 1.00000000E-40 1.00000000E-40 1.00000000E-40 1.00000000E-40 1.00000000E-40 1.00000000E-40 1.00000000E-40 1.00000000E-40 1.00000000E-40 1.00000000E-40 1.00000000E-40 1.00000000E-40 1.00000000E-40 1.00000000E-40 1.00000000E-40 1.00000000E-40 1.00000000E-40 1.00000000E-40 1.00000000E-40 1.00000000E-40 1.00000000E-40 1.00000000E-40 1.00000000E-40 1.00000000E-40 1.00000000E-40 1.00000000E-40 1.00000000E-40 1.00000000E-40 1.00000000E-40 1.00000000E-40 1.00000000E-40 1.00000000E-40 1.00000000E-40 1.00000000E-40 1.00000000E-40 1.00000000E-40 1.00000000E-40 1.00000000E-40 1.00000000E-05 1.00000000E-40 1.00000000E-05 1.00000000E-40 1.00000000E-05 1.00000000E-40 1.00000000E-05 1.00000000E-40 1.00000000E-05 1.00000000E-40 1.00000000E-05 1.00000000E-40 1.00000000E-05 1.00000000E-40 1.00000000E-05 1.00000000E-40 1.00000000E-05 1.00000000E-40 1.00000000E-05 1.00000000E-40 1.00000000E-05 1.00000000E-40 1.00000000E-05
1.05000000E+02 1.90000000E+02 3.31676219E-05 1.26437951E+15 3.00000000E+05 1.00000000E-40 5.00000000E-02 9.74690864E-03 1.00000000E-40 1.00000000E-40 1.00000000E-40 1.00000000E-40 9.40253091E-01 1.00000000E-40 1.00000000E-40 1.00000000E-40 1.00000000E-40 1.00000000E-40 1.00000000E-40 1.00000000E-40 1.00000000E-40 1.00000000E-40 1.00000000E-40 1.00000000E-40 1.00000000E-40 1.00000000E-40 1.00000000E-40 1.00000000E-40 1.00000000E-40 1.00000000E-40 1.00000000E-40 1.00000000E-40 1.00000000E-40 1.00000000E-40 1.00000000E-40 1.00000000E-40 1.00000000E-40 1.00000000E-40 1.00000000E-40 1.00000000E-40 1.00000000E-40 1.00000000E-40 1.00000000E-40 1.00000000E-40 1.00000000E-40 1.00000000E-40 1.00000000E-40 1.00000000E-40 1.00000000E-40 1.00000000E-40 1.00000000E-40 1.00000000E-40 1.00000000E-40 1.00000000E-40 1.00000000E-40 1.00000000E-40 1.00000000E-40 1.00000000E-40 1.00000000E-40 1.00000000E-40 1.00000000E-40 1.00000000E-40 1.00000000E-40 1.00000000E-40 1.00000000E-40 1.00000000E-40 1.00000000E-40 1.00000000E-40 1.00000000E-40 1.00000000E-05 1.00000000E-40 1.00000000E-05 1.00000000E-40 1.00000000E-05 1.00000000E-40 1.00000000E-05 1.00000000E-40 1.00000000E-05 1.00000000E-40 1.00000000E-05 1.00000000E-40 1.00000000E-05 1.00000000E-40 1.00000000E-05 1.00000000E-40 1.00000000E-05 1.00000000E-40 1.00000000E-05 1.00000000E-40 1.00000000E-05 1.00000000E-40 1.00000000E-05
1.06200000E+02 1.90000000E+02 2.92994817E-05 1.11692254E+15 3.00000000E+05 1.00000000E-40 5.00000000E-02 1.10337030E-02 1.00000000E-40 1.00000000E-40 1.00000000E-40 1.00000000E-40 9.38966297E-01 1.00000000E-40 1.00000000E-40 1.00000000E-40 1.00000000E-40 1.00000000E-40 1.00000000E-40 1.00000000E-40 1.00000000E-40 1.00000000E-40 1.00000000E-40 1.00000000E-40 1.00000000E-40 1.00000000E-40 1.00000000E-40 1.00000000E-40 1.00000000E-40 1.00000000E-40 1.00000000E-40 1.00000000E-40 1.00000000E-40 1.00000000E-40 1.00000000E-40 1.00000000E-40 1.00000000E-40 1.00000000E-40 1.00000000E-40 1.00000000E-40 1.00000000E-40 1.00000000E-40 1.00000000E-40 1.00000000E-40 1.00000000E-40 1.00000000E-40 1.00000000E-40 1.00000000E-40 1.00000000E-40 1.00000000E-40 1.00000000E-40 1.00000000E-40 1.00000000E-40 1.00000000E-40 1.00000000E-40 1.00000000E-40 1.00000000E-40 1.00000000E-40 1.00000000E-40 1.00000000E-40 1.00000000E-40 1.00000000E-40 1.00000000E-40 1.00000000E-40 1.00000000E-40 1.00000000E-40 1.00000000E-40 1.00000000E-40 1.00000000E-40 1.00000000E-05 1.00000000E-40 1.00000000E-05 1.00000000E-40 1.00000000E-05 1.00000000E-40 1.00000000E-05 1.00000000E-40 1.00000000E-05 1.00000000E-40 1.00000000E-05 1.00000000E-40 1.00000000E-05 1.00000000E-40 1.00000000E-05 1.00000000E-40 1.00000000E-05 1.00000000E-40 1.00000000E-05 1.00000000E-40 1.00000000E-05 1.00000000E-40 1.00000000E-05
1.07400000E+02 1.90000000E+02 2.58824594E-05 9.86662582E+14 3.00000000E+05 1.00000000E-40 5.00000000E-02 1.24903810E-02 1.00000000E-40 1.00000000E-40 1.00000000E-40 1.00000000E-40 9.37509619E-01 1.00000000E-40 1.00000000E-40 1.00000000E-40 1.00000000E-40 1.00000000E-40 1.00000000E-40 1.00000000E-40 1.00000000E-40 1.00000000E-40 1.00000000E-40 1.00000000E-40 1.00000000E-40 1.00000000E-40 1.00000000E-40 1.00000000E-40 1.00000000E-40 1.00000000E-40 1.00000000E-40 1.00000000E-40 1.00000000E-40 1.00000000E-40 1.00000000E-40 1.00000000E-40 1.00000000E-40 1.00000000E-40 1.00000000E-40 1.00000000E-40 1.00000000E-40 1.00000000E-40 1.00000000E-40 1.00000000E-40 1.00000000E-40 1.00000000E-40 1.00000000E-40 1.00000000E-40 1.00000000E-40 1.00000000E-40 1.00000000E-40 1.00000000E-40 1.00000000E-40 1.00000000E-40 1.00000000E-40 1.00000000E-40 1.00000000E-40 1.00000000E-40 1.00000000E-40 1.00000000E-40 1.00000000E-40 1.00000000E-40 1.00000000E-40 1.00000000E-40 1.00000000E-40 1.00000000E-40 1.00000000E-40 1.00000000E-40 1.00000000E-40 1.00000000E-05 1.00000000E-40 1.00000000E-05 1.00000000E-40 1.00000000E-05 1.00000000E-40 1.00000000E-05 1.00000000E-40 1.00000000E-05 1.00000000E-40 1.00000000E-05 1.00000000E-40 1.00000000E-05 1.00000000E-40 1.00000000E-05 1.00000000E-40 1.00000000E-05 1.00000000E-40 1.00000000E-05 1.00000000E-40 1.00000000E-05 1.00000000E-40 1.00000000E-05
1.08600000E+02 1.90000000E+02 2.28639439E-05 8.71594062E+14 3.00000000E+05 1.00000000E-40 5.00000000E-02 1.41393708E-02 1.00000000E-40 1.00000000E-40 1.00000000E-40 1.00000000E-40 9.35860629E-01 1.00000000E-40 1.00000000E-40 1.00000000E-40 1.00000000E-40 1.00000000E-40 1.00000000E-40 1.00000000E-40 1.00000000E-40 1.00000000E-40 1.00000000E-40 1.00000000E-40 1.00000000E-40 1.00000000E-40 1.00000000E-40 1.00000000E-40 1.00000000E-40 1.00000000E-40 1.00000000E-40 1.00000000E-40 1.00000000E-40 1.00000000E-40 1.00000000E-40 1.00000000E-40 1.00000000E-40 1.00000000E-40 1.00000000E-40 1.00000000E-40 1.00000000E-40 1.00000000E-40 1.00000000E-40 1.00000000E-40 1.00000000E-40 1.00000000E-40 1.00000000E-40 1.00000000E-40 1.00000000E-40 1.00000000E-40 1.00000000E-40 1.00000000E-40 1.00000000E-40 1.00000000E-40 1.00000000E-40 1.00000000E-40 1.00000000E-40 1.00000000E-40 1.00000000E-40 1.00000000E-40 1.00000000E-40 1.00000000E-40 1.00000000E-40 1.00000000E-40 1.00000000E-40 1.00000000E-40 1.00000000E-40 1.00000000E-40 1.00000000E-40 1.00000000E-05 1.00000000E-40 1.00000000E-05 1.00000000E-40 1.00000000E-05 1.00000000E-40 1.00000000E-05 1.00000000E-40 1.00000000E-05 1.00000000E-40 1.00000000E-05 1.00000000E-40 1.00000000E-05 1.00000000E-40 1.00000000E-05 1.00000000E-40 1.00000000E-05 1.00000000E-40 1.00000000E-05 1.00000000E-40 1.00000000E-05 1.00000000E-40 1.00000000E-05
1.09800000E+02 1.90000000E+02 2.01974597E-05 7.69945291E+14 3.00000000E+05 1.00000000E-40 5.00000000E-02 1.60060614E-02 1.00000000E-40 1.00000000E-40 1.00000000E-40 1.00000000E-40 9.33993939E-01 1.00000000E-40 1.00000000E-40 1.00000000E-40 1.00000000E-40 1.00000000E-40 1.00000000E-40 1.00000000E-40 1.00000000E-40 1.00000000E-40 1.00000000E-40 1.00000000E-40 1.00000000E-40 1.00000000E-40 1.00000000E-40 1.00000000E-40 1.00000000E-40 1.00000000E-40 1.00000000E-40 1.00000000E-40 1.00000000E-40 1.00000000E-40 1.00000000E-40 1.00000000E-40 1.00000000E-40 1.00000000E-40 1.00000000E-40 1.00000000E-40 1.00000000E-40 1.00000000E-40 1.00000000E-40 1.00000000E-40 1.00000000E-40 1.00000000E-40 1.00000000E-40 1.00000000E-40 1.00000000E-40 1.00000000E-40 1.00000000E-40 1.00000000E-40 1.00000000E-40 1.00000000E-40 1.00000000E-40 1.00000000E-40 1.00000000E-40 1.00000000E-40 1.00000000E-40 1.00000000E-40 1.00000000E-40 1.00000000E-40 1.00000000E-40 1.00000000E-40 1.00000000E-40 1.00000000E-40 1.00000000E-40 1.00000000E-40 1.00000000E-40 1.00000000E-05 1.00000000E-40 1.00000000E-05 1.00000000E-40 1.00000000E-05 1.00000000E-40 1.00000000E-05 1.00000000E-40 1.00000000E-05 1.00000000E-40 1.00000000E-05 1.00000000E-40 1.00000000E-05 1.00000000E-40 1.00000000E-05 1.00000000E-40 1.00000000E-05 1.00000000E-40 1.00000000E-05 1.00000000E-40 1.00000000E-05 1.00000000E-40 1.00000000E-05
1.11000000E+02 1.90000000E+02 1.78419515E-05 6.80151204E+14 3.00000000E+05 1.00000000E-40 5.00000000E-02 1.81191940E-02 1.00000000E-40 1.00000000E-40 1.00000000E-40 1.00000000E-40 9.31880806E-01 1.00000000E-40 1.00000000E-40 1.00000000E-40 1.00000000E-40 1.00000000E-40 1.00000000E-40 1.00000000E-40 1.00000000E-40 1.00000000E-40 1.00000000E-40 1.00000000E-40 1.00000000E-40 1.00000000E-40 1.00000000E-40 1.00000000E-40 1.00000000E-40 1.00000000E-40 1.00000000E-40 1.00000000E-40 1.00000000E-40 1.00000000E-40 1.00000000E-40 1.00000000E-40 1.00000000E-40 1.00000000E-40 1.00000000E-40 1.00000000E-40 1.00000000E-40 1.00000000E-40 1.00000000E-40 1.00000000E-40 1.00000000E-40 1.00000000E-40 1.00000000E-40 1.00000000E-40 1.00000000E-40 1.00000000E-40 1.00000000E-40 1.00000000E-40 1.00000000E-40 1.00000000E-40 1.00000000E-40 1.00000000E-40 1.00000000E-40 1.00000000E-40 1.00000000E-40 1.00000000E-40 1.00000000E-40 1.00000000E-40 1.00000000E-40 1.00000000E-40 1.00000000E-40 1.00000000E-40 1.00000000E-40 1.00000000E-40 1.00000000E-40 1.00000000E-05 1.00000000E-40 1.00000000E-05 1.00000000E-40 1.00000000E-05 1.00000000E-40 1.00000000E-05 1.00000000E-40 1.00000000E-05 1.00000000E-40 1.00000000E-05 1.00000000E-40 1.00000000E-05 1.00000000E-40 1.00000000E-05 1.00000000E-40 1.00000000E-05 1.00000000E-40 1.00000000E-05 1.00000000E-40 1.00000000E-05 1.00000000E-40 1.00000000E-05
1.12200000E+02 1.90000000E+02 1.57611521E-05 6.00829262E+14 3.00000000E+05 1.00000000E-40 5.00000000E-02 2.05113039E-02 1.00000000E-40 1.00000000E-40 1.00000000E-40 1.00000000E-40 9.29488696E-01 1.00000000E-40 1.00000000E-40 1.00000000E-40 1.00000000E-40 1.00000000E-40 1.00000000E-40 1.00000000E-40 1.00000000E-40 1.00000000E-40 1.00000000E-40 1.00000000E-40 1.00000000E-40 1.00000000E-40 1.00000000E-40 1.00000000E-40 1.00000000E-40 1.00000000E-40 1.00000000E-40 1.00000000E-40 1.00000000E-40 1.00000000E-40 1.00000000E-40 1.00000000E-40 1.00000000E-40 1.00000000E-40 1.00000000E-40 1.00000000E-40 1.00000000E-40 1.00000000E-40 1.00000000E-40 1.00000000E-40 1.00000000E-40 1.00000000E-40 1.00000000E-40 1.00000000E-40 1.00000000E-40 1.00000000E-40 1.00000000E-40 1.00000000E-40 1.00000000E-40 1.00000000E-40 1.00000000E-40 1.00000000E-40 1.00000000E-40 1.00000000E-40 1.00000000E-40 1.00000000E-40 1.00000000E-40 1.00000000E-40 1.00000000E-40 1.00000000E-40 1.00000000E-40 1.00000000E-40 1.00000000E-40 1.00000000E-40 1.00000000E-40 1.00000000E-05 1.00000000E-40 1.00000000E-05 1.00000000E-40 1.00000000E-05 1.00000000E-40 1.00000000E-05 1.00000000E-40 1.00000000E-05 1.00000000E-40 1.00000000E-05 1.00000000E-40 1.00000000E-05 1.00000000E-40 1.00000000E-05 1.00000000E-40 1.00000000E-05 1.00000000E-40 1.00000000E-05 1.00000000E-40 1.00000000E-05 1.00000000E-40 1.00000000E-05
1.13400000E+02 1.90000000E+02 1.39230237E-05 5.30758160E+14 3.00000000E+05 1.00000000E-40 5.00000000E-02 2.32192221E-02 1.00000000E-40 1.00000000E-40 1.00000000E-40 1.00000000E-40 9.26780778E-01 1.00000000E-40 1.00000000E-40 1.00000000E-40 1.00000000E-40 1.00000000E-40 1.00000000E-40 1.00000000E-40 1.00000000E-40 1.00000000E-40 1.00000000E-40 1.00000000E-40 1.00000000E-40 1.00000000E-40 1.00000000E-40 1.00000000E-40 1.00000000E-40 1.00000000E-40 1.00000000E-40 1.00000000E-40 1.00000000E-40 1.00000000E-40 1.00000000E-40 1.00000000E-40 1.00000000E-40 1.00000000E-40 1.00000000E-40 1.00000000E-40 1.00000000E-40 1.00000000E-40 1.00000000E-40 1.00000000E-40 1.00000000E-40 1.00000000E-40 1.00000000E-40 1.00000000E-40 1.00000000E-40 1.00000000E-40 1.00000000E-40 1.00000000E-40 1.00000000E-40 1.00000000E-40 1.00000000E-40 1.00000000E-40 1.00000000E-40 1.00000000E-40 1.00000000E-40 1.00000000E-40 1.00000000E-40 1.00000000E-40 1.00000000E-40 1.00000000E-40 1.00000000E-40 1.00000000E-40 1.00000000E-40 1.00000000E-40 1.00000000E-40 1.00000000E-05 1.00000000E-40 1.00000000E-05 1.00000000E-40 1.00000000E-05 1.00000000E-40 1.00000000E-05 1.00000000E-40 1.00000000E-05 1.00000000E-40 1.00000000E-05 1.00000000E-40 1.00000000E-05 1.00000000E-40 1.00000000E-05 1.00000000E-40 1.00000000E-05 1.00000000E-40 1.00000000E-05 1.00000000E-40 1.00000000E-05 1.00000000E-40 1.00000000E-05
1.14600000E+02 1.90000000E+02 1.22992652E-05 4.68859029E+14 3.00000000E+05 1.00000000E-40 5.00000000E-02 2.62846417E-02 1.00000000E-40 1.00000000E-40 1.00000000E-40 1.00000000E-40 9.23715358E-01 1.00000000E-40 1.00000000E-40 1.00000000E-40 1.00000000E-40 1.00000000E-40 1.00000000E-40 1.00000000E-40 1.00000000E-40 1.00000000E-40 1.00000000E-40 1.00000000E-40 1.00000000E-40 1.00000000E-40 1.00000000E-40 1.00000000E-40 1.00000000E-40 1.00000000E-40 1.00000000E-40 1.00000000E-40 1.00000000E-40 1.00000000E-40 1.00000000E-40 1.00000000E-40 1.00000000E-40 1.00000000E-40 1.00000000E-40 1.00000000E-40 1.00000000E-40 1.00000000E-40 1.00000000E-40 1.00000000E-40 1.00000000E-40 1.00000000E-40 1.00000000E-40 1.00000000E-40 1.00000000E-40 1.00000000E-40 1.00000000E-40 1.00000000E-40 1.00000000E-40 1.00000000E-40 1.00000000E-40 1.00000000E-40 1.00000000E-40 1.00000000E-40 1.00000000E-40 1.00000000E-40 1.00000000E-40 1.00000000E-40 1.00000000E-40 1.00000000E-40 1.00000000E-40 1.00000000E-40 1.00000000E-40 1.00000000E-40 1.00000000E-40 1.00000000E-05 1.00000000E-40 1.00000000E-05 1.00000000E-40 1.00000000E-05 1.00000000E-40 1.00000000E-05 1.00000000E-40 1.00000000E-05 1.00000000E-40 1.00000000E-05 1.00000000E-40 1.00000000E-05 1.00000000E-40 1.00000000E-05 1.00000000E-40 1.00000000E-05 1.00000000E-40 1.00000000E-05 1.00000000E-40 1.00000000E-05 1.00000000E-40 1.00000000E-05
1.15800000E+02 1.90000000E+02 1.08648759E-05 4.14178822E+14 3.00000000E+05 1.00000000E-40 5.00000000E-02 2.97547604E-02 1.00000000E-40 1.00000000E-40 1.00000000E-40 1.00000000E-40 9.20245240E-01 1.00000000E-40 1.00000000E-40 1.00000000E-40 1.00000000E-40 1.00000000E-40 1.00000000E-40 1.00000000E-40 1.00000000E-40 1.00000000E-40 1.00000000E-40 1.00000000E-40 1.00000000E-40 1.00000000E-40 1.00000000E-40 1.00000000E-40 1.00000000E-40 1.00000000E-40 1.00000000E-40 1.00000000E-40 1.00000000E-40 1.00000000E-40 1.00000000E-40 1.00000000E-40 1.00000000E-40 1.00000000E-40 1.00000000E-40 1.00000000E-40 1.00000000E-40 1.00000000E-40 1.00000000E-40 1.00000000E-40 1.00000000E-40 1.00000000E-40 1.00000000E-40 1.00000000E-40 1.00000000E-40 1.00000000E-40 1.00000000E-40 1.00000000E-40 1.00000000E-40 1.00000000E-40 1.00000000E-40 1.00000000E-40 1.00000000E-40 1.00000000E-40 1.00000000E-40 1.00000000E-40 1.00000000E-40 1.00000000E-40 1.00000000E-40 1.00000000E-40 1.00000000E-40 1.00000000E-40 1.00000000E-40 1.00000000E-40 1.00000000E-40 1.00000000E-05 1.00000000E-40 1.00000000E-05 1.00000000E-40 1.00000000E-05 1.00000000E-40 1.00000000E-05 1.00000000E-40 1.00000000E-05 1.00000000E-40 1.00000000E-05 1.00000000E-40 1.00000000E-05 1.00000000E-40 1.00000000E-05 1.00000000E-40 1.00000000E-05 1.00000000E-40 1.00000000E-05 1.00000000E-40 1.00000000E-05 1.00000000E-40 1.00000000E-05
1.17000000E+02 1.90000000E+02 9.59777084E-06 3.65875638E+14 3.00000000E+05 1.00000000E-40 5.00000000E-02 3.36830068E-02 1.00000000E-40 1.00000000E-40 1.00000000E-40 1.00000000E-40 9.16316993E-01 1.00000000E-40 1.00000000E-40 1.00000000E-40 1.00000000E-40 1.00000000E-40 1.00000000E-40 1.00000000E-40 1.00000000E-40 1.00000000E-40 1.00000000E-40 1.00000000E-40 1.00000000E-40 1.00000000E-40 1.00000000E-40 1.00000000E-40 1.00000000E-40 1.00000000E-40 1.00000000E-40 1.00000000E-40 1.00000000E-40 1.00000000E-40 1.00000000E-40 1.00000000E-40 1.00000000E-40 1.00000000E-40 1.00000000E-40 1.00000000E-40 1.00000000E-40 1.00000000E-40 1.00000000E-40 1.00000000E-40 1.00000000E-40 1.00000000E-40 1.00000000E-40 1.00000000E-40 1.00000000E-40 1.00000000E-40 1.00000000E-40 1.00000000E-40 1.00000000E-40 1.00000000E-40 1.00000000E-40 1.00000000E-40 1.00000000E-40 1.00000000E-40 1.00000000E-40 1.00000000E-40 1.00000000E-40 1.00000000E-40 1.00000000E-40 1.00000000E-40 1.00000000E-40 1.00000000E-40 1.00000000E-40 1.00000000E-40 1.00000000E-40 1.00000000E-05 1.00000000E-40 1.00000000E-05 1.00000000E-40 1.00000000E-05 1.00000000E-40 1.00000000E-05 1.00000000E-40 1.00000000E-05 1.00000000E-40 1.00000000E-05 1.00000000E-40 1.00000000E-05 1.00000000E-40 1.00000000E-05 1.00000000E-40 1.00000000E-05 1.00000000E-40 1.00000000E-05 1.00000000E-40 1.00000000E-05 1.00000000E-40 1.00000000E-05
1.18200000E+02 1.90000000E+02 8.47844057E-06 3.23205764E+14 3.00000000E+05 1.00000000E-40 5.00000000E-02 3.81298633E-02 1.00000000E-40 1.00000000E-40 1.00000000E-40 1.00000000E-40 9.11870137E-01 1.00000000E-40 1.00000000E-40 1.00000000E-40 1.00000000E-40 1.00000000E-40 1.00000000E-40 1.00000000E-40 1.00000000E-40 1.00000000E-40 1.00000000E-40 1.00000000E-40 1.00000000E-40 1.00000000E-40 1.00000000E-40 1.00000000E-40 1.00000000E-40 1.00000000E-40 1.00000000E-40 1.00000000E-40 1.00000000E-40 1.00000000E-40 1.00000000E-40 1.00000000E-40 1.00000000E-40 1.00000000E-40 1.00000000E-40 1.00000000E-40 1.00000000E-40 1.00000000E-40 1.00000000E-40 1.00000000E-40 1.00000000E-40 1.00000000E-40 1.00000000E-40 1.00000000E-40 1.00000000E-40 1.00000000E-40 1.00000000E-40 1.00000000E-40 1.00000000E-40 1.00000000E-40 1.00000000E-40 1.00000000E-40 1.00000000E-40 1.00000000E-40 1.00000000E-40 1.00000000E-40 1.00000000E-40 1.00000000E-40 1.00000000E-40 1.00000000E-40 1.00000000E-40 1.00000000E-40 1.00000000E-40 1.00000000E-40 1.00000000E-40 1.00000000E-05 1.00000000E-40 1.00000000E-05 1.00000000E-40 1.00000000E-05 1.00000000E-40 1.00000000E-05 1.00000000E-40 1.00000000E-05 1.00000000E-40 1.00000000E-05 1.00000000E-40 1.00000000E-05 1.00000000E-40 1.00000000E-05 1.00000000E-40 1.00000000E-05 1.00000000E-40 1.00000000E-05 1.00000000E-40 1.00000000E-05 1.00000000E-40 1.00000000E-05
1.19400000E+02 1.90000000E+02 7.48965106E-06 2.85512220E+14 3.00000000E+05 1.00000000E-40 5.00000000E-02 4.31637973E-02 1.00000000E-40 1.00000000E-40 1.00000000E-40 1.00000000E-40 9.06836203E-01 1.00000000E-40 1.00000000E-40 1.00000000E-40 1.00000000E-40 1.00000000E-40 1.00000000E-40 1.00000000E-40 1.00000000E-40 1.00000000E-40 1.00000000E-40 1.00000000E-40 1.00000000E-40 1.00000000E-40 1.00000000E-40 1.00000000E-40 1.00000000E-40 1.00000000E-40 1.00000000E-40 1.00000000E-40 1.00000000E-40 1.00000000E-40 1.00000000E-40 1.00000000E-40 1.00000000E-40 1.00000000E-40 1.00000000E-40 1.00000000E-40 1.00000000E-40 1.00000000E-40 1.00000000E-40 1.00000000E-40 1.00000000E-40 1.00000000E-40 1.00000000E-40 1.00000000E-40 1.00000000E-40 1.00000000E-40 1.00000000E-40 1.00000000E-40 1.00000000E-40 1.00000000E-40 1.00000000E-40 1.00000000E-40 1.00000000E-40 1.00000000E-40 1.00000000E-40 1.00000000E-40 1.00000000E-40 1.00000000E-40 1.00000000E-40 1.00000000E-40 1.00000000E-40 1.00000000E-40 1.00000000E-40 1.00000000E-40 1.00000000E-40 1.00000000E-05 1.00000000E-40 1.00000000E-05 1.00000000E-40 1.00000000E-05 1.00000000E-40 1.00000000E-05 1.00000000E-40 1.00000000E-05 1.00000000E-40 1.00000000E-05 1.00000000E-40 1.00000000E-05 1.00000000E-40 1.00000000E-05 1.00000000E-40 1.00000000E-05 1.00000000E-40 1.00000000E-05 1.00000000E-40 1.00000000E-05 1.00000000E-40 1.00000000E-05
