alt press den temp eddy H2Oaer SO2aer CO2aer S8aer H2SO4aer C2H2aer C2H4aer C2H6aer CH4aer HCaer1 H H2 H2O OH O O2 CO CO2 HCO H2CO C CH CH2 CH3 CH4 S S2 S3 S4 S8 H2S HS SO SO2 CS CS2 OCS C2 C2H C2H2 C2H4 HO2 H2O2 O3 SO3 H2SO4 HCl Cl Cl2 HOCl ClO C2H6 CH3OH CH2CO CH3CHO C3H4 C3H6 C4H2 C4H4 OClO HCS C2H3 C2H5 1CH2 HCCO HSO CH3O H2COH C4H C2H2OH CH3CO CH2CHO C2H3OH C2H4OH CH3O2 HSO3 HS4 C4H3 O1D H2Oaer_r SO2aer_r CO2aer_r S8aer_r H2SO4aer_r C2H2aer_r C2H4aer_r C2H6aer_r CH4aer_r HCaer1_r
5.00000000E-01 5.29999912E-01 1.87126738E+19 2.05142969E+02 1.00000000E+05 7.02189846E-01 2.71902647E+02 3.92037553E-10 1.46039964E-34 6.58139000E-08 1.15569267E-40 1.15569267E-40 1.15569267E-40 1.15569267E-40 1.15682256E-40 6.93420708E-16 9.43396451E-06 6.54713328E-06 4.97680746E-25 8.51648207E-21 1.88679290E-09 2.07547219E-07 9.43396451E-01 3.30791574E-18 1.17204868E-18 1.00000000E-40 1.00000000E-40 1.00000000E-40 9.64481148E-31 1.70835382E-26 8.81283279E-20 2.81752665E-17 4.22379263E-24 2.06800015E-23 2.29111995E-21 3.77358580E-13 5.38621967E-15 4.58180466E-16 5.49511390E-02 2.83710380E-33 4.06370643E-32 1.18217301E-12 1.00000000E-40 1.00000000E-40 1.88990656E-33 3.19149021E-32 4.11769863E-13 4.11574719E-11 1.03337180E-18 1.01335616E-18 6.28349008E-14 4.71698225E-10 5.62590201E-16 6.28695858E-22 1.61670369E-24 1.69775698E-09 4.10812086E-36 1.21312326E-25 9.35027931E-30 9.69637654E-34 1.54063099E-39 1.36469922E-40 1.05174831E-31 5.09715356E-33 8.54244961E-14 1.15023038E-35 1.00000000E-40 1.12909165E-34 1.00000000E-40 1.00000000E-40 2.52279321E-13 9.79373391E-27 2.09949481E-28 1.00000000E-40 1.00000000E-40 9.00758171E-33 1.44815654E-35 7.83403968E-32 2.16217367E-39 7.34668619E-28 8.87114830E-17 5.09245072E-23 1.16582536E-34 1.00000000E-40 1.00000000E-05 1.00000000E-05 1.00000000E-05 1.00000000E-05 1.00000000E-05 1.00000000E-05 1.00000000E-05 1.00000000E-05 1.00000000E-05 1.00000000E-05
1.50000000E+00 4.81409758E-01 1.71494884E+19 2.03320154E+02 1.00000000E+05 8.29975289E-01 3.03072074E+02 7.06168033E-10 2.52160396E-34 7.24707365E-08 1.27484051E-40 1.27484051E-40 1.27484051E-40 1.27484051E-40 1.27610357E-40 1.13517109E-16 9.37802498E-06 5.31842773E-06 8.81482308E-26 9.85815457E-21 1.14552756E-08 2.26305568E-07 9.17030270E-01 9.08205102E-20 1.19159713E-18 1.00000000E-40 1.00000000E-40 2.05234746E-40 1.37047001E-32 1.69642879E-26 2.92378012E-20 2.81157873E-17 3.55965827E-24 1.79166272E-23 2.28053246E-21 5.94565091E-13 7.69225347E-15 1.11263033E-15 4.97935586E-02 2.82379111E-33 4.05486701E-32 1.18206905E-12 1.00000000E-40 1.00000000E-40 1.88919800E-33 3.18463839E-32 3.94913863E-13 4.72312545E-11 2.44265641E-18 1.11993290E-18 4.92984762E-14 4.86875882E-09 5.52030548E-16 5.18214010E-22 1.28375087E-24 1.70056545E-09 4.09940041E-36 1.19366242E-25 9.32469105E-30 9.02388687E-34 1.53801285E-39 1.37479166E-40 1.05054777E-31 5.04000351E-33 6.71497740E-14 1.17062794E-35 1.00000000E-40 1.11847919E-34 1.00000000E-40 1.00000000E-40 5.15736032E-13 1.46640669E-27 2.06845137E-28 1.00000000E-40 1.00000000E-40 5.70997262E-33 1.41627451E-35 7.85150940E-32 2.53571258E-39 6.62967411E-28 2.39900660E-18 4.97825827E-23 1.00819968E-34 1.00000000E-40 1.00000000E-05 1.00000000E-05 1.00000000E-05 1.00000000E-05 1.00000000E-05 1.00000000E-05 1.00000000E-05 1.00000000E-05 1.00000000E-05 1.00000000E-05
2.50000000E+00 4.36763346E-01 1.57985950E+19 2.00237062E+02 1.00000000E+05 1.01202316E+00 3.43887440E+02 1.50369062E-09 5.04243663E-34 8.10771815E-08 1.42770384E-40 1.42770384E-40 1.42770384E-40 1.42770384E-40 1.42914482E-40 5.27462100E-17 9.32511980E-06 3.94789167E-06 4.15722550E-26 1.10887108E-20 2.18355310E-08 2.46817013E-07 8.89231729E-01 2.16099697E-20 1.20150062E-18 1.00000000E-40 1.00000000E-40 1.00000000E-40 2.88213395E-33 1.67919914E-26 2.91570984E-20 2.80734449E-17 3.05179352E-24 1.57131814E-23 2.26488373E-21 8.30787143E-13 1.09541834E-14 2.55038218E-15 4.40180002E-02 2.80590701E-33 4.04753892E-32 1.18159547E-12 1.00000000E-40 1.00000000E-40 1.89289911E-33 3.17835928E-32 3.44846723E-13 5.17060689E-11 4.18726996E-18 1.12177670E-18 3.43822393E-14 9.47421420E-09 5.34722251E-16 3.80100884E-22 9.90190794E-25 1.71009419E-09 4.09319589E-36 1.17141563E-25 9.29700735E-30 8.38349161E-34 1.53682404E-39 1.38708996E-40 1.05041738E-31 4.96807115E-33 4.87042534E-14 1.19490467E-35 1.00000000E-40 1.10620220E-34 1.00000000E-40 1.00000000E-40 8.00274625E-13 1.86430940E-28 2.03964790E-28 1.00000000E-40 1.00000000E-40 4.22418370E-33 1.38039337E-35 7.90948909E-32 3.02631512E-39 5.95820422E-28 5.36967114E-19 4.86138024E-23 8.94422770E-35 1.00000000E-40 1.00000000E-05 1.00000000E-05 1.00000000E-05 1.00000000E-05 1.00000000E-05 1.00000000E-05 1.00000000E-05 1.00000000E-05 1.00000000E-05 1.00000000E-05
3.50000000E+00 3.95772964E-01 1.44549149E+19 1.98311229E+02 1.00000000E+05 1.22166591E+00 3.85679562E+02 3.40523138E-09 1.06270988E-33 8.97749754E-08 1.57929236E-40 1.57929236E-40 1.57929236E-40 1.57929236E-40 1.58092129E-40 3.39344320E-17 9.27852638E-06 3.18465614E-06 2.74729314E-26 1.27145912E-20 3.30956823E-08 2.69293179E-07 8.60206508E-01 9.26151895E-21 1.20039639E-18 1.00000000E-40 1.00000000E-40 1.00000000E-40 1.32723287E-33 1.65663451E-26 3.21018782E-20 2.80408358E-17 2.57698571E-24 1.35677122E-23 2.24330903E-21 1.09025050E-12 1.44083262E-14 4.89657271E-15 4.04751302E-02 2.78478113E-33 4.04073125E-32 1.18046494E-12 1.00000000E-40 1.00000000E-40 1.90098007E-33 3.17191153E-32 3.13539186E-13 5.49404795E-11 5.98768525E-18 1.22895033E-18 2.68373059E-14 1.41469461E-08 5.27394473E-16 2.74889803E-22 7.54875354E-25 1.72546118E-09 4.08941324E-36 1.14662151E-25 9.26497142E-30 7.77748272E-34 1.53684940E-39 1.40013494E-40 1.05116073E-31 4.88602602E-33 3.79395447E-14 1.22059464E-35 1.00000000E-40 1.09257016E-34 1.00000000E-40 1.00000000E-40 1.10673355E-12 3.80423597E-29 2.01648386E-28 1.00000000E-40 1.00000000E-40 3.38470634E-33 1.34261157E-35 8.00990246E-32 3.61450749E-39 5.33098657E-28 2.18536458E-19 4.74961147E-23 8.14922085E-35 1.00000000E-40 1.00000000E-05 1.00000000E-05 1.00000000E-05 1.00000000E-05 1.00000000E-05 1.00000000E-05 1.00000000E-05 1.00000000E-05 1.00000000E-05 1.00000000E-05
4.50000000E+00 3.58283252E-01 1.32153202E+19 1.96365655E+02 1.00000000E+05 1.44893262E+00 4.26745559E+02 7.91009476E-09 2.29239826E-33 9.82376259E-08 1.72322646E-40 1.72322646E-40 1.72322646E-40 1.72322646E-40 1.72504651E-40 2.41753105E-17 9.24132676E-06 2.58598606E-06 2.02177769E-26 1.46864176E-20 4.53396000E-08 2.94015420E-07 8.30074058E-01 4.85113865E-21 1.18678435E-18 1.00000000E-40 1.00000000E-40 1.00000000E-40 7.66795171E-34 1.62871181E-26 3.60876971E-20 2.80082139E-17 2.16841119E-24 1.16694077E-23 2.21478367E-21 1.37737578E-12 1.81098069E-14 8.52489211E-15 3.72463417E-02 2.76135675E-33 4.03322872E-32 1.17831254E-12 1.00000000E-40 1.00000000E-40 1.91335851E-33 3.16441008E-32 2.84760586E-13 5.71486693E-11 7.81719515E-18 1.32335488E-18 2.10883397E-14 1.87598712E-08 5.20410334E-16 1.96812487E-22 5.71074397E-25 1.74611530E-09 4.08748307E-36 1.11925757E-25 9.22573032E-30 7.20428181E-34 1.53779429E-39 1.41317062E-40 1.05256160E-31 4.79477319E-33 2.96468289E-14 1.24660925E-35 1.00000000E-40 1.07721913E-34 1.00000000E-40 1.00000000E-40 1.43663478E-12 1.37010102E-29 1.99278598E-28 1.00000000E-40 1.00000000E-40 2.85512480E-33 1.30302117E-35 8.15481965E-32 4.30019801E-39 4.74848250E-28 1.09649210E-19 4.64388129E-23 7.59833968E-35 1.00000000E-40 1.00000000E-05 1.00000000E-05 1.00000000E-05 1.00000000E-05 1.00000000E-05 1.00000000E-05 1.00000000E-05 1.00000000E-05 1.00000000E-05 1.00000000E-05
5.50000000E+00 3.24021041E-01 1.20728912E+19 1.94392128E+02 1.00000000E+05 1.69857150E+00 4.70027222E+02 1.86688611E-08 5.03641164E-33 1.07189375E-07 1.87201491E-40 1.87201491E-40 1.87201491E-40 1.87201491E-40 1.87404236E-40 1.82171571E-17 9.21639062E-06 2.08592359E-06 1.58769434E-26 1.71603971E-20 5.86453707E-08 3.21206525E-07 7.99003896E-01 2.83822061E-21 1.15972477E-18 1.00000000E-40 1.00000000E-40 1.00000000E-40 4.98400681E-34 1.59563649E-26 4.05712545E-20 2.79644834E-17 1.81618384E-24 9.98421026E-24 2.17827406E-21 1.69631807E-12 2.20509696E-14 1.39551233E-14 3.40811883E-02 2.73643086E-33 4.02370589E-32 1.17472588E-12 1.00000000E-40 1.00000000E-40 1.92991241E-33 3.15488084E-32 2.57158252E-13 5.84860106E-11 9.72314682E-18 1.43192043E-18 1.66138914E-14 2.31843084E-08 5.12546401E-16 1.39592006E-22 4.30546789E-25 1.77149177E-09 4.08667643E-36 1.08944877E-25 9.17616297E-30 6.66297834E-34 1.53932124E-39 1.42546420E-40 1.05437701E-31 4.69456932E-33 2.31824113E-14 1.27193321E-35 1.00000000E-40 1.05974493E-34 1.00000000E-40 1.00000000E-40 1.79057859E-12 6.28465658E-30 1.96482901E-28 1.00000000E-40 1.00000000E-40 2.48265611E-33 1.26154962E-35 8.34628534E-32 5.08383380E-39 4.21659040E-28 6.18042779E-20 4.54388510E-23 7.21644476E-35 1.00000000E-40 1.00000000E-05 1.00000000E-05 1.00000000E-05 1.00000000E-05 1.00000000E-05 1.00000000E-05 1.00000000E-05 1.00000000E-05 1.00000000E-05 1.00000000E-05
6.50000000E+00 2.92733103E-01 1.10204320E+19 1.92393290E+02 1.00000000E+05 1.97761075E+00 5.18468900E+02 4.45536507E-08 1.12542817E-32 1.17356997E-07 2.03796078E-40 2.03796078E-40 2.03796078E-40 2.03796078E-40 2.04022617E-40 1.41849408E-17 9.20578219E-06 1.66535713E-06 1.30499317E-26 2.03685887E-20 7.30949087E-08 3.51079775E-07 7.67098523E-01 1.77403648E-21 1.11889199E-18 1.00000000E-40 1.00000000E-40 1.00000000E-40 3.47751313E-34 1.55776552E-26 4.51787036E-20 2.78972545E-17 1.51231764E-24 8.48621950E-24 2.13272353E-21 2.05157218E-12 2.61818836E-14 2.19259353E-14 3.08449483E-02 2.71060075E-33 4.01073018E-32 1.16925251E-12 1.00000000E-40 1.00000000E-40 1.95050184E-33 3.14225408E-32 2.30200109E-13 5.90792993E-11 1.17892778E-17 1.56198262E-18 1.30982073E-14 2.73128000E-08 5.02526125E-16 9.78989484E-23 3.25686460E-25 1.80103610E-09 4.08612481E-36 1.05739340E-25 9.11285293E-30 6.15147025E-34 1.54105491E-39 1.43626384E-40 1.05633874E-31 4.58522827E-33 1.81062260E-14 1.29554457E-35 1.00000000E-40 1.03970585E-34 1.00000000E-40 1.00000000E-40 2.16916690E-12 3.12231297E-30 1.93036268E-28 1.00000000E-40 1.00000000E-40 2.19451723E-33 1.21803646E-35 8.58655547E-32 5.96470329E-39 3.73990632E-28 3.74119264E-20 4.44864396E-23 6.94805180E-35 1.73379000E-40 1.00000000E-05 1.00000000E-05 1.00000000E-05 1.00000000E-05 1.00000000E-05 1.00000000E-05 1.00000000E-05 1.00000000E-05 1.00000000E-05 1.00000000E-05
7.50000000E+00 2.64183521E-01 1.00518133E+19 1.90361007E+02 1.00000000E+05 2.27946039E+00 5.71228450E+02 1.06473625E-07 2.54054135E-32 1.28606064E-07 2.21806351E-40 2.21806351E-40 2.21806351E-40 2.21806351E-40 2.22059573E-40 1.12474620E-17 9.21051305E-06 1.31291662E-06 1.11270743E-26 2.45740963E-20 8.87737421E-08 3.83833217E-07 7.34377042E-01 1.15343562E-21 1.06454453E-18 1.00000000E-40 1.00000000E-40 1.00000000E-40 2.53535804E-34 1.51557744E-26 4.95440414E-20 2.77933535E-17 1.25011929E-24 7.15590155E-24 2.07711032E-21 2.44785191E-12 3.04156484E-14 3.35456226E-14 2.75646674E-02 2.68426301E-33 3.99282805E-32 1.16142012E-12 1.00000000E-40 1.00000000E-40 1.97499794E-33 3.12541164E-32 2.03482944E-13 5.90343407E-11 1.40920333E-17 1.71855043E-18 1.03130779E-14 3.10655267E-08 4.89090133E-16 6.76338748E-23 2.50334287E-25 1.83421998E-09 4.08489314E-36 1.02334751E-25 9.03223709E-30 5.66670796E-34 1.54260551E-39 1.44480183E-40 1.05816840E-31 4.46634285E-33 1.40851655E-14 1.31639102E-35 1.00000000E-40 1.01664785E-34 1.00000000E-40 1.00000000E-40 2.57320891E-12 1.59782676E-30 1.88812355E-28 1.00000000E-40 1.00000000E-40 1.95598886E-33 1.17229827E-35 8.87824412E-32 6.93919839E-39 3.31998692E-28 2.37965194E-20 4.35688350E-23 6.75253991E-35 3.65995000E-40 1.00000000E-05 1.00000000E-05 1.00000000E-05 1.00000000E-05 1.00000000E-05 1.00000000E-05 1.00000000E-05 1.00000000E-05 1.00000000E-05 1.00000000E-05
8.50000000E+00 2.38152653E-01 9.16162235E+18 1.88278080E+02 1.00000000E+05 2.60175374E+00 6.28801506E+02 2.53100263E-07 5.78103328E-32 1.41141287E-07 2.41506951E-40 2.41506951E-40 2.41506951E-40 2.41506951E-40 2.41790199E-40 8.99807020E-18 9.23047804E-06 1.02128428E-06 1.06595173E-26 3.00851042E-20 1.05771114E-07 4.19648540E-07 7.00777786E-01 7.67268333E-22 9.97462413E-19 1.00000000E-40 1.00000000E-40 1.00000000E-40 1.89970785E-34 1.46964152E-26 5.32494773E-20 2.76394967E-17 1.02373846E-24 5.97700186E-24 2.01051687E-21 2.88993184E-12 3.46197228E-14 5.05495166E-14 2.43564039E-02 2.65761298E-33 3.96856609E-32 1.15076120E-12 1.00000000E-40 1.00000000E-40 2.00331829E-33 3.10324663E-32 1.76787927E-13 5.84409907E-11 1.66975261E-17 1.90858471E-18 8.10185745E-15 3.43930616E-08 4.71240333E-16 4.57836909E-23 2.00067600E-25 1.87056765E-09 4.08206383E-36 9.87610896E-26 8.93079035E-30 5.20508662E-34 1.54359752E-39 1.45032378E-40 1.05959688E-31 4.33743070E-33 1.08814739E-14 1.33340751E-35 1.00000000E-40 9.90128042E-35 1.00000000E-40 1.00000000E-40 3.00409730E-12 8.24322533E-31 1.83749941E-28 1.00000000E-40 1.00000000E-40 1.75072514E-33 1.12416066E-35 9.22450503E-32 7.99935998E-39 2.95511656E-28 1.71291961E-20 4.26726105E-23 6.60021302E-35 7.73217000E-40 1.00000000E-05 1.00000000E-05 1.00000000E-05 1.00000000E-05 1.00000000E-05 1.00000000E-05 1.00000000E-05 1.00000000E-05 1.00000000E-05 1.00000000E-05
9.50000000E+00 2.14435846E-01 8.34391558E+18 1.86141923E+02 1.00000000E+05 2.93985948E+00 6.90993829E+02 6.00787394E-07 1.34908234E-31 1.55042344E-07 2.62890426E-40 2.62890426E-40 2.62890426E-40 2.62890426E-40 2.63207328E-40 7.20923463E-18 9.26457218E-06 7.82719587E-07 1.96479117E-26 3.73369343E-20 1.24181191E-07 4.58696144E-07 6.66177707E-01 5.15621934E-22 9.18863777E-19 1.00000000E-40 1.00000000E-40 1.00000000E-40 1.44531721E-34 1.42058935E-26 5.58020196E-20 2.74230873E-17 8.28522594E-25 4.93716713E-24 1.93220217E-21 3.38244650E-12 3.86033943E-14 7.57350098E-14 2.12944942E-02 2.63064093E-33 3.93663718E-32 1.13683936E-12 1.00000000E-40 1.00000000E-40 2.03546551E-33 3.07472730E-32 1.49933139E-13 5.73762622E-11 1.96729740E-17 2.14192814E-18 6.34320070E-15 3.72757529E-08 4.48176533E-16 3.01346810E-23 1.72372507E-25 1.90969030E-09 4.07682426E-36 9.50515334E-26 8.80522437E-30 4.76288311E-34 1.54370062E-39 1.45212847E-40 1.06038568E-31 4.19804109E-33 8.31049829E-15 1.34555229E-35 1.00000000E-40 9.59737771E-35 1.00000000E-40 1.00000000E-40 3.46445356E-12 4.22489659E-31 1.77829077E-28 1.00000000E-40 1.00000000E-40 1.57090966E-33 1.07347707E-35 9.62924732E-32 9.13150298E-39 2.64081585E-28 2.38014602E-20 4.17852923E-23 6.46956354E-35 1.65316000E-39 1.00000000E-05 1.00000000E-05 1.00000000E-05 1.00000000E-05 1.00000000E-05 1.00000000E-05 1.00000000E-05 1.00000000E-05 1.00000000E-05 1.00000000E-05
1.05000000E+01 1.92843139E-01 7.59388517E+18 1.83931828E+02 1.00000000E+05 3.28616124E+00 7.57301302E+02 1.41080182E-06 3.55671957E-31 1.70354687E-07 2.85886232E-40 2.85886232E-40 2.85886232E-40 2.85886232E-40 2.86240480E-40 5.71972987E-18 9.31095053E-06 5.86974226E-07 8.45539759E-26 4.68344943E-20 1.44103552E-07 5.01141766E-07 6.30427849E-01 3.44243614E-22 8.30343635E-19 1.00000000E-40 1.00000000E-40 1.00000000E-40 1.10058116E-34 1.36909612E-26 5.65959068E-20 2.71331123E-17 6.61228191E-25 4.02937690E-24 1.84167823E-21 3.92959501E-12 4.20882712E-14 1.13721838E-13 1.84276472E-02 2.60312303E-33 3.89594592E-32 1.11927663E-12 1.00000000E-40 1.00000000E-40 2.07156149E-33 3.03896049E-32 1.22799650E-13 5.59060158E-11 2.30859590E-17 2.43219161E-18 4.93220812E-15 3.97201016E-08 4.18833064E-16 1.90326360E-23 1.66813798E-25 1.95131930E-09 4.06854986E-36 9.12419335E-26 8.65269364E-30 4.33670955E-34 1.54265951E-39 1.44960909E-40 1.06034744E-31 4.04785243E-33 6.20545203E-15 1.35184850E-35 1.00000000E-40 9.25127838E-35 1.00000000E-40 1.00000000E-40 3.95906941E-12 2.11415772E-31 1.71055706E-28 1.00000000E-40 1.00000000E-40 1.41229475E-33 1.02014665E-35 1.00973290E-31 1.03147811E-38 2.37071334E-28 7.72870796E-20 4.08966869E-23 6.34537586E-35 3.64660000E-39 1.00000000E-05 1.00000000E-05 1.00000000E-05 1.00000000E-05 1.00000000E-05 1.00000000E-05 1.00000000E-05 1.00000000E-05 1.00000000E-05 1.00000000E-05
1.15000000E+01 1.73199788E-01 6.90529965E+18 1.81669293E+02 1.00000000E+05 3.64044109E+00 8.28818842E+02 3.29786936E-06 1.93376192E-30 1.87554510E-07 3.11022698E-40 3.11022698E-40 3.11022698E-40 3.11022698E-40 3.11418987E-40 4.48239361E-18 9.36731510E-06 4.31205742E-07 3.86131317E-25 5.94714539E-20 1.65646839E-07 5.47160270E-07 5.93384438E-01 2.27235463E-22 7.33880614E-19 1.00000000E-40 1.00000000E-40 1.00000000E-40 8.34980414E-35 1.31584852E-26 5.50036960E-20 2.67608252E-17 5.18277537E-25 3.24209806E-24 1.73874665E-21 4.53481412E-12 4.46954695E-14 1.72449979E-13 1.57822236E-02 2.57457826E-33 3.84564408E-32 1.09776613E-12 1.00000000E-40 1.00000000E-40 2.11186609E-33 2.99521569E-32 9.64004441E-14 5.40852718E-11 2.70444597E-17 2.81924423E-18 3.83642967E-15 4.17534593E-08 3.83625934E-16 1.13296995E-23 1.85240650E-25 1.99532740E-09 4.05684182E-36 8.73692089E-26 8.47088747E-30 3.92378819E-34 1.54030723E-39 1.44227901E-40 1.05935528E-31 3.88669705E-33 4.47841976E-15 1.35141463E-35 1.00000000E-40 8.86018160E-35 1.00000000E-40 1.00000000E-40 4.49615539E-12 1.02569216E-31 1.63448854E-28 1.00000000E-40 1.00000000E-40 1.27179149E-33 9.64111801E-36 1.06347528E-31 1.15199796E-38 2.13742737E-28 2.65731988E-19 3.99993952E-23 6.21716075E-35 7.93615000E-39 1.00000000E-05 1.00000000E-05 1.00000000E-05 1.00000000E-05 1.00000000E-05 1.00000000E-05 1.00000000E-05 1.00000000E-05 1.00000000E-05 1.00000000E-05
1.25000000E+01 1.55342072E-01 6.27592457E+18 1.79278442E+02 1.00000000E+05 3.99291956E+00 9.04658687E+02 7.63032334E-06 3.99506195E-29 2.06724927E-07 3.38059337E-40 3.38059337E-40 3.38059337E-40 3.38059337E-40 3.38502296E-40 3.43420985E-18 9.43122930E-06 3.08115580E-07 1.44706049E-24 7.63320305E-20 1.88930551E-07 5.96946128E-07 5.54944762E-01 1.46169777E-22 6.32018080E-19 1.00000000E-40 1.00000000E-40 1.00000000E-40 6.23770231E-35 1.26152573E-26 5.05323711E-20 2.63004651E-17 3.97626543E-25 2.56920651E-24 1.62353170E-21 5.20028011E-12 4.59606981E-14 2.66927232E-13 1.33645063E-02 2.54422183E-33 3.78515502E-32 1.07208383E-12 1.00000000E-40 1.00000000E-40 2.15678335E-33 2.94294151E-32 7.23135943E-14 5.19582901E-11 3.17230760E-17 3.39184603E-18 3.02093600E-15 4.34176864E-08 3.42634867E-16 6.19447020E-24 2.32360117E-25 2.04174295E-09 4.04154984E-36 8.34704975E-26 8.25811606E-30 3.52221217E-34 1.53657309E-39 1.42979153E-40 1.05734822E-31 3.71458892E-33 3.06567752E-15 1.34349232E-35 1.00000000E-40 8.42209405E-35 1.00000000E-40 1.00000000E-40 5.08768812E-12 4.75984984E-32 1.55035922E-28 1.00000000E-40 1.00000000E-40 1.14654897E-33 9.05359456E-36 1.12487941E-31 1.27084968E-38 1.93338038E-28 7.46384761E-19 3.90891287E-23 6.07818513E-35 1.68303000E-38 1.00000000E-05 1.00000000E-05 1.00000000E-05 1.00000000E-05 1.00000000E-05 1.00000000E-05 1.00000000E-05 1.00000000E-05 1.00000000E-05 1.00000000E-05
1.35000000E+01 1.39120042E-01 5.69808288E+18 1.76838825E+02 1.00000000E+05 4.35663839E+00 9.89295032E+02 1.79124611E-05 1.47522755E-27 2.29330576E-07 3.68690854E-40 3.68690854E-40 3.68690854E-40 3.68690854E-40 3.69187743E-40 2.58484257E-18 9.50037948E-06 2.15458118E-07 4.49399583E-24 9.96308817E-20 2.14092649E-07 6.50734844E-07 5.15064311E-01 9.20569790E-23 5.28125537E-19 1.00000000E-40 1.00000000E-40 1.00000000E-40 4.60560122E-35 1.20676591E-26 4.33799766E-20 2.57495987E-17 2.97306557E-25 1.99916807E-24 1.49644925E-21 5.92637942E-12 4.55217175E-14 4.27344189E-13 1.11614193E-02 2.51091726E-33 3.71413480E-32 1.04208185E-12 1.00000000E-40 1.00000000E-40 2.20685940E-33 2.88173418E-32 5.29822757E-14 4.95599035E-11 3.76203385E-17 4.38931490E-18 2.49646481E-15 4.47629295E-08 2.98431561E-16 3.05294641E-24 3.17762065E-25 2.09075484E-09 4.02274944E-36 7.95811263E-26 8.01325434E-30 3.13110778E-34 1.53147388E-39 1.41193743E-40 1.05432504E-31 3.53167703E-33 1.99232173E-15 1.32745188E-35 1.00000000E-40 7.93573576E-35 1.00000000E-40 1.00000000E-40 5.74753238E-12 2.12152271E-32 1.45845553E-28 1.00000000E-40 1.00000000E-40 1.03365938E-33 8.43901056E-36 1.19482394E-31 1.38319933E-38 1.75139046E-28 1.71955157E-18 3.81643024E-23 5.92441276E-35 3.20502000E-38 1.00000000E-05 1.00000000E-05 1.00000000E-05 1.00000000E-05 1.00000000E-05 1.00000000E-05 1.00000000E-05 1.00000000E-05 1.00000000E-05 1.00000000E-05
1.45000000E+01 1.24393769E-01 5.17183485E+18 1.74209039E+02 1.00000000E+05 4.72491128E+00 1.08392372E+03 5.29101798E-05 5.40326337E-26 2.56501032E-07 4.03073760E-40 4.03073760E-40 4.03073760E-40 4.03073760E-40 4.03632785E-40 1.85622102E-18 9.57281335E-06 1.43556110E-07 1.19432302E-23 1.31607510E-19 2.41287776E-07 7.08804372E-07 4.73785059E-01 5.46404147E-23 4.26575180E-19 1.00000000E-40 1.00000000E-40 1.00000000E-40 3.26197473E-35 1.15217054E-26 3.43841313E-20 2.51097078E-17 2.17265491E-25 1.52972900E-24 1.35821962E-21 6.71113530E-12 4.31887405E-14 7.14335904E-13 9.13886254E-03 2.47323394E-33 3.63246751E-32 1.00770016E-12 1.00000000E-40 1.00000000E-40 2.26276503E-33 2.81134216E-32 3.91605582E-14 4.69206806E-11 4.61569759E-17 6.34274512E-18 2.21426303E-15 4.58421278E-08 2.50305169E-16 1.33682839E-24 4.60955914E-25 2.14270896E-09 4.00074136E-36 7.57350428E-26 7.73583447E-30 2.75108624E-34 1.52511301E-39 1.38865506E-40 1.05034333E-31 3.33829562E-33 1.23007859E-15 1.30281231E-35 1.00000000E-40 7.40070445E-35 1.00000000E-40 1.00000000E-40 6.48467913E-12 8.87159644E-33 1.35910899E-28 1.00000000E-40 1.00000000E-40 9.30263524E-34 7.79784179E-36 1.27433835E-31 1.48324906E-38 1.58511790E-28 3.34045824E-18 3.72260793E-23 5.75400609E-35 5.67968000E-38 1.00000000E-05 1.00000000E-05 1.00000000E-05 1.00000000E-05 1.00000000E-05 1.00000000E-05 1.00000000E-05 1.00000000E-05 1.00000000E-05 1.00000000E-05
1.55000000E+01 1.11035019E-01 4.68881422E+18 1.71519558E+02 1.00000000E+05 5.13393520E+00 1.20265268E+03 4.69825384E-04 1.59767761E-24 2.93514843E-07 4.45245283E-40 4.45245283E-40 4.45245283E-40 4.45245283E-40 4.45881192E-40 1.29875707E-18 9.64709499E-06 9.27060946E-08 2.82005004E-23 1.80131161E-19 2.70699934E-07 7.71504719E-07 4.31226432E-01 3.13127641E-23 3.32344234E-19 1.00000000E-40 1.00000000E-40 1.00000000E-40 2.26128227E-35 1.09827850E-26 2.53898852E-20 2.43863809E-17 1.55096733E-25 1.14527431E-24 1.20976664E-21 7.54987586E-12 3.93667707E-14 1.24052871E-12 7.24327430E-03 2.42955803E-33 3.54016694E-32 9.68950165E-13 1.00000000E-40 1.00000000E-40 2.32529230E-33 2.73160197E-32 3.00776968E-14 4.40724124E-11 6.25152927E-17 1.04414000E-17 2.15822840E-15 4.67069321E-08 2.03541151E-16 5.30772160E-25 7.01896677E-25 2.19811160E-09 3.97600491E-36 7.19630149E-26 7.42591610E-30 2.38443976E-34 1.51766294E-39 1.36001259E-40 1.04550709E-31 3.13488991E-33 7.51273994E-16 1.26922660E-35 1.00000000E-40 6.81726453E-35 1.00000000E-40 1.00000000E-40 7.29422788E-12 3.60877315E-33 1.25263654E-28 1.00000000E-40 1.00000000E-40 8.33673543E-34 7.13065839E-36 1.36464350E-31 1.56437883E-38 1.42923859E-28 5.58062335E-18 3.62775583E-23 5.56654716E-35 9.44177000E-38 1.00000000E-05 1.00000000E-05 1.00000000E-05 1.00000000E-05 1.00000000E-05 1.00000000E-05 1.00000000E-05 1.00000000E-05 1.00000000E-05 1.00000000E-05
1.65000000E+01 9.89245623E-02 4.25032040E+18 1.68577336E+02 1.00000000E+05 5.61466582E+00 1.36929462E+03 1.03341335E-02 3.39520870E-23 3.52061904E-07 5.00116871E-40 5.00116871E-40 5.00116871E-40 5.00116871E-40 5.00853780E-40 8.60263277E-19 9.72244878E-06 5.64601747E-08 6.16768498E-23 2.56878598E-19 3.02548677E-07 8.39273925E-07 3.87581257E-01 1.66834256E-23 2.49913285E-19 1.00000000E-40 1.00000000E-40 1.00000000E-40 1.49013590E-35 1.04556965E-26 1.77220369E-20 2.35905186E-17 1.08929860E-25 8.40125534E-25 1.05215617E-21 8.43590746E-12 3.45272425E-14 2.19468418E-12 5.48459620E-03 2.37834495E-33 3.43732334E-32 9.25920926E-13 1.00000000E-40 1.00000000E-40 2.39534953E-33 2.64242042E-32 2.34479377E-14 4.10524299E-11 1.04351980E-16 1.91964882E-17 2.23180926E-15 4.74053926E-08 1.58378521E-16 1.94370565E-25 1.12048163E-24 2.25764163E-09 3.94919227E-36 6.82927510E-26 7.08413012E-30 2.03498013E-34 1.50936313E-39 1.32621466E-40 1.03996471E-31 2.92203204E-33 4.57405749E-16 1.22649273E-35 1.00000000E-40 6.18639724E-35 1.00000000E-40 1.00000000E-40 8.14968788E-12 1.44984125E-33 1.13937533E-28 1.00000000E-40 1.00000000E-40 7.41523370E-34 6.43813112E-36 1.46717643E-31 1.61941447E-38 1.27948608E-28 8.25900535E-18 3.53235169E-23 5.36285429E-35 1.48455000E-37 1.00000000E-05 1.00000000E-05 1.00000000E-05 1.00000000E-05 1.00000000E-05 1.00000000E-05 1.00000000E-05 1.00000000E-05 1.00000000E-05 1.00000000E-05
1.75000000E+01 8.79515111E-02 3.84930381E+18 1.65492324E+02 1.00000000E+05 6.29349225E+00 1.64775756E+03 1.69663974E-01 4.60160954E-22 4.62942982E-07 5.86492110E-40 5.86492110E-40 5.86492110E-40 5.86492110E-40 5.87387137E-40 5.44448918E-19 9.79861446E-06 3.25277589E-08 1.29916489E-22 3.84402716E-19 3.37089744E-07 9.12636125E-07 3.43094775E-01 8.33305331E-24 1.81931002E-19 1.00000000E-40 1.00000000E-40 1.00000000E-40 9.41036014E-36 9.94453981E-27 1.24619008E-20 2.27402129E-17 7.53615824E-26 6.02034053E-25 8.86506183E-22 9.36025257E-12 2.94386271E-14 3.86280381E-12 3.98154835E-03 2.31828020E-33 3.32395762E-32 8.78761697E-13 1.00000000E-40 1.00000000E-40 2.47390660E-33 2.54368315E-32 1.82624691E-14 3.79030393E-11 2.36487273E-16 3.85822671E-17 2.38790469E-15 4.79794456E-08 1.18272843E-16 6.71974520E-26 1.87506655E-24 2.32210583E-09 3.92102936E-36 6.47480882E-26 6.71153550E-30 1.70745209E-34 1.50048180E-39 1.28757473E-40 1.03388190E-31 2.70037825E-33 2.81185585E-16 1.17451771E-35 1.00000000E-40 5.50967112E-35 1.00000000E-40 1.00000000E-40 9.00382434E-12 6.26534359E-34 1.01965631E-28 1.00000000E-40 1.00000000E-40 6.51851718E-34 5.72092989E-36 1.58359450E-31 1.64091246E-38 1.13259269E-28 1.12550585E-17 3.43694034E-23 5.14453432E-35 2.24578000E-37 1.00000000E-05 1.00000000E-05 1.00000000E-05 1.00000000E-05 1.00000000E-05 1.00000000E-05 1.00000000E-05 1.00000000E-05 1.00000000E-05 1.00000000E-05
1.85000000E+01 7.80171677E-02 3.48365055E+18 1.62208025E+02 1.00000000E+05 7.40464537E+00 2.11377834E+03 7.29687649E-01 3.32237892E-21 6.67428458E-07 7.59274476E-40 7.59274476E-40 7.59274476E-40 7.59274476E-40 7.60479354E-40 3.25659413E-19 9.87584050E-06 1.74504600E-08 2.72943884E-22 6.20019994E-19 3.74632614E-07 9.92237791E-07 2.98026159E-01 3.83382560E-24 1.28617791E-19 1.00000000E-40 1.00000000E-40 1.00000000E-40 5.62717410E-36 9.45255575E-27 1.02601927E-20 2.18638652E-17 5.14036568E-26 4.21260724E-25 7.13892619E-22 1.03122509E-11 2.50891810E-14 6.64949593E-12 2.74703328E-03 2.24844400E-33 3.19989631E-32 8.27666544E-13 1.00000000E-40 1.00000000E-40 2.56200587E-33 2.43517484E-32 1.41464530E-14 3.46689440E-11 7.05230915E-16 8.35657256E-17 2.57678115E-15 4.84647689E-08 8.42068036E-17 2.19737390E-26 3.28330770E-24 2.39245954E-09 3.89227500E-36 6.13477151E-26 6.30947952E-30 1.40686499E-34 1.49130097E-39 1.24450420E-40 1.02743068E-31 2.47059032E-33 1.72842843E-16 1.11329164E-35 1.00000000E-40 4.78898037E-35 1.00000000E-40 1.00000000E-40 9.79539183E-12 3.42282339E-34 8.93773426E-29 1.00000000E-40 1.00000000E-40 5.63089183E-34 4.97945172E-36 1.71584042E-31 1.62158546E-38 9.86098366E-29 1.44700614E-17 3.34205340E-23 4.91381431E-35 3.29438000E-37 1.00000000E-05 1.00000000E-05 1.00000000E-05 1.00000000E-05 1.00000000E-05 1.00000000E-05 1.00000000E-05 1.00000000E-05 1.00000000E-05 1.00000000E-05
1.95000000E+01 6.90280795E-02 3.15154545E+18 1.58642273E+02 1.00000000E+05 9.31460984E+00 2.66503686E+03 1.90081323E+00 9.09215520E-21 9.21404669E-07 1.17112312E-39 1.17112312E-39 1.17112312E-39 1.17112312E-39 1.17302998E-39 1.84038807E-19 9.95484771E-06 8.58894789E-09 5.93283348E-22 1.19035355E-18 4.15537346E-07 1.07884032E-06 2.52644813E-01 1.61249805E-24 8.83795473E-20 1.00000000E-40 1.00000000E-40 1.00000000E-40 3.17791258E-36 8.98244564E-27 1.19712739E-20 2.10048108E-17 3.45070758E-26 2.87537004E-25 5.35442404E-22 1.12786460E-11 2.36412673E-14 1.11016239E-11 1.78074597E-03 2.16848334E-33 3.06474157E-32 7.72895082E-13 1.00000000E-40 1.00000000E-40 2.66074352E-33 2.31657707E-32 1.09873313E-14 3.13962763E-11 2.45181488E-15 1.96365444E-16 2.78625764E-15 4.88910597E-08 5.68607037E-17 6.71448224E-27 5.99768622E-24 2.46979876E-09 3.86372700E-36 5.81072045E-26 5.87973852E-30 1.13793216E-34 1.48211796E-39 1.19753457E-40 1.02078955E-31 2.23342859E-33 1.05108004E-16 1.04289265E-35 1.00000000E-40 4.02674795E-35 1.00000000E-40 1.00000000E-40 1.04574985E-11 3.88980969E-34 7.62029262E-29 1.00000000E-40 1.00000000E-40 4.74068366E-34 4.21409014E-36 1.86614872E-31 1.55462019E-38 8.38254624E-29 1.79301084E-17 3.24822760E-23 4.67356318E-35 4.73890000E-37 1.00000000E-05 1.00000000E-05 1.00000000E-05 1.00000000E-05 1.00000000E-05 1.00000000E-05 1.00000000E-05 1.00000000E-05 1.00000000E-05 1.00000000E-05
2.05000000E+01 6.09016716E-02 2.84696020E+18 1.54940351E+02 1.00000000E+05 1.15376314E+01 2.64596543E+03 3.79557561E+00 1.16905863E-20 9.31247754E-07 2.00095062E-39 2.00095062E-39 2.00095062E-39 2.00095062E-39 2.00414972E-39 1.05435366E-19 1.00367592E-05 3.92860551E-09 1.35051285E-21 3.65322733E-18 4.60246680E-07 1.17338493E-06 2.07182619E-01 6.62702641E-25 5.89490872E-20 1.00000000E-40 1.00000000E-40 1.00000000E-40 1.80412304E-36 8.53611576E-27 2.04174636E-20 2.02249843E-17 2.26380148E-26 1.90412719E-25 3.52437173E-22 1.22421338E-11 3.10698368E-14 1.79407694E-11 1.09286143E-03 2.07874826E-33 2.91767646E-32 7.14731843E-13 1.00000000E-40 1.00000000E-40 2.77132437E-33 2.18733141E-32 8.58541900E-15 2.81291560E-11 9.08139274E-15 5.02978778E-16 3.04455533E-15 4.92827780E-08 3.68718263E-17 1.93751324E-27 1.14076463E-23 2.55540414E-09 3.83616570E-36 5.50371279E-26 5.42417440E-30 9.04676000E-35 1.47322455E-39 1.14728302E-40 1.01412817E-31 1.98958050E-33 6.46918792E-17 9.63413498E-36 1.00000000E-40 3.22534079E-35 1.00000000E-40 1.00000000E-40 1.09246528E-11 1.73124105E-33 6.24641013E-29 1.00000000E-40 1.00000000E-40 3.83904314E-34 3.42468729E-36 2.03717825E-31 1.43358290E-38 6.87761666E-29 2.16004687E-17 3.15590119E-23 4.42709224E-35 6.72091000E-37 1.00000000E-05 1.00000000E-05 1.00000000E-05 1.00000000E-05 1.00000000E-05 1.00000000E-05 1.00000000E-05 1.00000000E-05 1.00000000E-05 1.00000000E-05
2.15000000E+01 5.35636321E-02 2.56961577E+18 1.50979698E+02 1.00000000E+05 1.09724221E+01 1.50554779E+03 4.96425882E+00 7.15317369E-21 4.98682806E-07 2.83049900E-39 2.83049900E-39 2.83049900E-39 2.83049900E-39 2.83468836E-39 1.11638573E-19 1.01230983E-05 1.60893887E-09 3.32650323E-21 2.61824395E-17 5.09287735E-07 1.27699616E-06 1.61807279E-01 4.74732486E-25 3.81172001E-20 1.00000000E-40 1.00000000E-40 1.94055666E-39 1.76314919E-36 8.11498455E-27 5.30609183E-20 1.96085723E-17 1.44765583E-26 1.22027534E-25 1.68403594E-22 1.31756470E-11 6.42350974E-14 2.80878234E-11 6.17643248E-04 1.98080361E-33 2.75741859E-32 6.53503985E-13 1.00000000E-40 1.00000000E-40 2.89507782E-33 2.04665010E-32 6.68348261E-15 2.49089225E-11 3.43600329E-14 1.48830428E-15 3.49386957E-15 4.96604347E-08 2.25268608E-17 5.37039320E-28 2.25781464E-23 2.65075630E-09 3.81038727E-36 5.21450151E-26 4.94484450E-30 7.10082979E-35 1.46491906E-39 1.09445762E-40 1.00761491E-31 1.73972196E-33 4.94001989E-17 8.74963960E-36 1.00000000E-40 2.38740535E-35 1.00000000E-40 1.00000000E-40 1.11427656E-11 1.42475866E-32 4.81780602E-29 1.00000000E-40 1.00000000E-40 2.91954693E-34 2.61078756E-36 2.23204154E-31 1.25168856E-38 5.33669480E-29 2.51909711E-17 3.06545124E-23 4.17825838E-35 9.41382000E-37 1.00000000E-05 1.00000000E-05 1.00000000E-05 1.00000000E-05 1.00000000E-05 1.00000000E-05 1.00000000E-05 1.00000000E-05 1.00000000E-05 1.00000000E-05
2.25000000E+01 4.69461866E-02 2.31514832E+18 1.46871735E+02 1.00000000E+05 5.70076775E+00 3.39117794E+02 3.31853316E+00 1.61936128E-21 1.00749874E-07 2.39813707E-39 2.39813707E-39 2.39813707E-39 2.39813707E-39 2.40116112E-39 3.00394119E-18 1.02157295E-05 6.02717570E-10 9.48196727E-21 4.64473409E-16 5.63294609E-07 1.39102694E-06 1.16611798E-01 7.94371712E-24 2.39071109E-20 1.00000000E-40 1.00000000E-40 8.36770959E-38 4.03202750E-35 7.72000138E-27 3.12956959E-19 1.92598919E-17 9.00304166E-27 7.39146549E-26 3.76822880E-23 1.40259597E-11 1.71166115E-13 4.26768159E-11 3.26324611E-04 1.87855619E-33 2.58199211E-32 5.89561396E-13 1.00000000E-40 1.00000000E-40 3.03348887E-33 1.89343324E-32 5.62160116E-15 2.17689971E-11 1.29803676E-13 6.89992208E-15 5.74054750E-15 5.00413957E-08 1.32891151E-17 1.73297976E-28 4.64756086E-23 2.75757091E-09 3.78717957E-36 4.94353809E-26 4.44382414E-30 5.55213172E-35 1.45749659E-39 1.03953399E-40 1.00140850E-31 1.48447979E-33 1.72050539E-16 7.77607901E-36 1.00000000E-40 1.51770893E-35 1.00000000E-40 1.00000000E-40 1.10906785E-11 1.13454446E-31 3.33644575E-29 1.00000000E-40 1.00000000E-40 1.97825029E-34 1.77230048E-36 2.45442366E-31 9.99114845E-39 3.75317712E-29 2.98279439E-17 2.97715035E-23 3.93127865E-35 1.30958000E-36 1.00000000E-05 1.00000000E-05 1.00000000E-05 1.00000000E-05 1.00000000E-05 1.00000000E-05 1.00000000E-05 1.00000000E-05 1.00000000E-05 1.00000000E-05
2.35000000E+01 4.09905240E-02 2.08123347E+18 1.42652498E+02 1.00000000E+05 1.13264970E+00 1.86541424E+01 1.02749862E+00 1.70613629E-22 6.45956371E-09 1.04505214E-39 1.04505214E-39 1.04505214E-39 1.04505214E-39 1.04597385E-39 5.43363569E-17 1.03169166E-05 2.06496825E-10 3.88743712E-20 1.01608678E-14 6.23052837E-07 1.51715107E-06 7.26197179E-02 7.71969089E-23 1.46107030E-20 1.00000000E-40 1.00000000E-40 5.95939871E-37 5.90491362E-34 7.35151485E-27 2.25008841E-18 1.92411517E-17 5.88866737E-27 3.98481938E-26 6.55497282E-24 1.46719960E-11 4.15552070E-13 6.30701887E-11 1.60844461E-04 1.78095839E-33 2.38833119E-32 5.23559483E-13 1.00000000E-40 1.00000000E-40 3.18728635E-33 1.72618297E-32 6.94867089E-15 1.87430910E-11 4.63295212E-13 5.79630887E-14 1.55082364E-14 5.04408995E-08 8.06245756E-18 1.14767479E-28 9.94080097E-23 2.87788020E-09 3.76730402E-36 4.69086979E-26 3.92537252E-30 4.37640427E-35 1.45124140E-39 1.00000000E-40 9.95630025E-32 1.22681482E-33 1.75082015E-15 6.71293406E-36 1.00000000E-40 6.53630708E-36 1.00000000E-40 1.00000000E-40 1.08599796E-11 6.63985788E-31 1.82549634E-29 1.00000000E-40 1.00000000E-40 1.02947235E-34 9.24145429E-37 2.70879165E-31 6.63910746E-39 2.13970076E-29 4.15382692E-17 2.89108913E-23 3.68936606E-35 1.81907000E-36 1.00000000E-05 1.00000000E-05 1.00000000E-05 1.00000000E-05 1.00000000E-05 1.00000000E-05 1.00000000E-05 1.00000000E-05 1.00000000E-05 1.00000000E-05
2.45000000E+01 3.56434211E-02 1.86604535E+18 1.38348328E+02 1.00000000E+05 7.29594185E-02 1.82892829E-01 2.58016321E-01 2.06162946E-23 8.47953993E-10 3.36697994E-40 3.36697994E-40 3.36697994E-40 3.36697994E-40 3.36825068E-40 6.30594591E-16 1.04294066E-05 6.36371124E-11 2.11826512E-19 1.04350681E-13 6.89497898E-07 1.65736063E-06 4.20081715E-02 4.29738969E-22 8.75908874E-21 1.00000000E-40 1.00000000E-40 1.74485719E-36 3.14349404E-33 7.00968245E-27 7.76721947E-18 1.88029697E-17 4.26205045E-27 1.90054710E-26 9.47724413E-25 1.48644409E-11 6.76480315E-13 9.09452297E-11 7.32487304E-05 1.70126964E-33 2.17298247E-32 4.57736851E-13 1.00000000E-40 1.00000000E-40 3.35326690E-33 1.54365319E-32 1.37939387E-14 1.59130678E-11 1.28509919E-12 4.35207599E-13 3.39447991E-14 5.08731526E-08 1.11273642E-17 3.14433565E-28 2.19553875E-22 3.01404774E-09 3.75156075E-36 4.45643766E-26 3.40586240E-30 3.39259597E-35 1.44644982E-39 1.00000000E-40 9.90313896E-32 9.80245843E-34 8.81901289E-15 5.56183549E-36 1.00000000E-40 1.01930137E-36 1.00000000E-40 1.00000000E-40 1.08835167E-11 1.68898474E-30 5.55950676E-30 1.00000000E-40 1.00000000E-40 2.73833294E-35 2.47123339E-37 3.00043062E-31 3.34645514E-39 7.37072219E-30 6.43244026E-17 2.80725566E-23 3.43985284E-35 2.52127000E-36 1.00000000E-05 1.00000000E-05 1.00000000E-05 1.00000000E-05 1.00000000E-05 1.00000000E-05 1.00000000E-05 1.00000000E-05 1.00000000E-05 1.00000000E-05
2.55000000E+01 3.08636427E-02 1.66282876E+18 1.34436244E+02 1.00000000E+05 2.17846725E-03 7.14584550E-04 7.39792437E-02 2.27630595E-24 5.10474385E-10 1.71030064E-40 1.71030064E-40 1.71030064E-40 1.71030064E-40 1.71044941E-40 3.81611132E-15 1.05564821E-05 1.94548696E-11 1.19890242E-18 4.21085360E-13 7.63863756E-07 1.81427292E-06 2.48433266E-02 1.23246430E-21 5.18586993E-21 1.00000000E-40 1.00000000E-40 2.92132415E-36 3.67058526E-33 6.69372819E-27 1.56894276E-17 1.62700219E-17 2.60863004E-27 7.12120391E-27 1.39404346E-25 1.43686403E-11 7.76242749E-13 1.28710294E-10 3.40074281E-05 1.63338551E-33 1.93684936E-32 3.95267121E-13 1.00000000E-40 1.00000000E-40 3.52637467E-33 1.34774260E-32 2.68553891E-14 1.33865651E-11 2.24314377E-12 3.30946937E-12 6.93324378E-14 5.13517688E-08 3.52920910E-17 1.57876189E-27 4.86486002E-22 3.16905243E-09 3.74069882E-36 4.23963523E-26 2.90949017E-30 2.48899927E-35 1.44339671E-39 1.00000000E-40 9.85415574E-32 7.64179545E-34 1.79178211E-14 4.34687175E-36 1.00000000E-40 6.17764852E-38 1.00000000E-40 1.26480737E-39 1.15616473E-11 1.11782121E-30 7.65315371E-31 1.00000000E-40 1.00000000E-40 3.18088346E-36 2.97918922E-38 3.33614643E-31 2.69936737E-39 1.27785070E-30 1.01464069E-16 2.72533816E-23 3.11144258E-35 3.50082000E-36 1.00000000E-05 1.00000000E-05 1.00000000E-05 1.00000000E-05 1.00000000E-05 1.00000000E-05 1.00000000E-05 1.00000000E-05 1.00000000E-05 1.00000000E-05
2.65000000E+01 2.66267583E-02 1.46596099E+18 1.31556585E+02 1.00000000E+05 3.47852456E-05 4.89356872E-05 2.87211135E-02 2.81324113E-25 3.49502947E-10 1.22619799E-40 1.22619799E-40 1.22619799E-40 1.22619799E-40 1.22621575E-40 1.19855027E-14 1.07017154E-05 5.08612970E-12 4.77497313E-18 9.60090384E-13 8.47903809E-07 1.99159080E-06 1.70702902E-02 2.12372294E-21 3.04870604E-21 1.00000000E-40 1.00000000E-40 3.68153211E-36 1.08916785E-33 6.40162723E-27 2.60508137E-17 1.34759034E-17 1.68395401E-27 2.73483229E-27 2.97965761E-26 1.32546371E-11 7.82191288E-13 1.79980385E-10 1.91480792E-05 1.54805616E-33 1.68648592E-32 3.38062087E-13 1.00000000E-40 1.00000000E-40 3.70486730E-33 1.14486828E-32 3.78225906E-14 1.12075084E-11 2.94272349E-12 1.73886471E-11 5.26668435E-14 5.18903374E-08 9.13981878E-17 6.93268545E-27 1.04167178E-21 3.34694169E-09 3.73533515E-36 4.03888519E-26 2.45151803E-30 1.79990548E-35 1.44231056E-39 1.00000000E-40 9.80887738E-32 5.89761160E-34 2.34264819E-14 3.16440825E-36 1.00000000E-40 5.89450799E-39 1.00000000E-40 2.59041045E-39 1.25664664E-11 2.96063366E-31 5.97647628E-32 1.00000000E-40 1.00000000E-40 2.09447657E-37 3.10357098E-39 3.72538624E-31 3.27426001E-39 1.31196002E-31 1.45656450E-16 2.64461383E-23 2.69067228E-35 4.91033000E-36 1.00000000E-05 1.00000000E-05 1.00000000E-05 1.00000000E-05 1.00000000E-05 1.00000000E-05 1.00000000E-05 1.00000000E-05 1.00000000E-05 1.00000000E-05
2.75000000E+01 2.29203980E-02 1.27227579E+18 1.30484107E+02 1.00000000E+05 3.56791783E-07 7.73014362E-06 3.10523459E-03 3.57299349E-26 3.00150716E-10 1.11077829E-40 1.11077829E-40 1.11077829E-40 1.11077829E-40 1.11078052E-40 2.29518462E-14 1.08692735E-05 1.54471529E-12 9.87347098E-18 1.70837539E-12 9.44147064E-07 2.19463851E-06 1.58237505E-02 3.12430315E-21 1.78451565E-21 1.00000000E-40 1.00000000E-40 3.93061887E-36 1.92143073E-34 6.13014547E-27 4.17640855E-17 1.18812195E-17 1.54515146E-27 1.51068247E-27 1.58595039E-26 1.16998317E-11 7.76362903E-13 2.50067115E-10 1.62557526E-05 1.42508834E-33 1.42673653E-32 2.86496793E-13 1.00000000E-40 1.00000000E-40 3.89182970E-33 9.40629021E-33 4.50663585E-14 9.35116681E-12 3.80312345E-12 4.09275781E-11 1.28323120E-14 5.25044381E-08 1.87030339E-16 2.64358549E-26 2.18526387E-21 3.55344849E-09 3.73604814E-36 3.85174108E-26 2.03464195E-30 1.30256286E-35 1.44341821E-39 1.00000000E-40 9.76725412E-32 4.56094897E-34 3.10073496E-14 2.14662206E-36 1.00000000E-40 3.14903623E-39 1.00000000E-40 2.96396526E-39 1.34703371E-11 4.63705373E-32 5.52825245E-33 1.00000000E-40 1.00000000E-40 1.01769177E-38 1.37556774E-39 4.18165035E-31 2.92502351E-39 9.52381462E-33 1.95877050E-16 2.56409429E-23 2.31055255E-35 7.03856000E-36 1.00000000E-05 1.00000000E-05 1.00000000E-05 1.00000000E-05 1.00000000E-05 1.00000000E-05 1.00000000E-05 1.00000000E-05 1.00000000E-05 1.00000000E-05
2.85000000E+01 1.97084732E-02 1.10088664E+18 1.29666290E+02 1.00000000E+05 2.47502690E-09 1.14366379E-06 2.21536351E-04 9.78789340E-27 2.87313685E-10 1.07093135E-40 1.07093135E-40 1.07093135E-40 1.07093135E-40 1.07093158E-40 4.07911423E-14 1.10620047E-05 6.08546526E-13 1.91255583E-17 3.02105041E-12 1.05529530E-06 2.42908991E-06 1.53396010E-02 4.48287212E-21 1.04574717E-21 1.00000000E-40 1.00000000E-40 4.02241718E-36 1.44172771E-34 5.87692591E-27 6.62139983E-17 1.03877555E-17 1.49417028E-27 8.51608499E-28 1.12198005E-26 9.83292224E-12 7.41756026E-13 3.46310206E-10 1.51707867E-05 1.25762379E-33 1.16174694E-32 2.40496717E-13 1.00000000E-40 1.00000000E-40 4.09192893E-33 7.39181258E-33 5.27068415E-14 7.78074651E-12 5.07495930E-12 6.67136168E-11 3.27495155E-15 5.32072438E-08 3.81231487E-16 1.06283269E-25 4.67849286E-21 3.79464538E-09 3.74342786E-36 3.67646200E-26 1.65751882E-30 9.46491382E-36 1.44694045E-39 1.00000000E-40 9.72930581E-32 3.59553467E-34 4.25835434E-14 1.33796572E-36 1.00000000E-40 2.11594990E-39 1.00000000E-40 3.21568735E-39 1.40724526E-11 5.15450570E-33 2.84606283E-33 1.00000000E-40 1.00000000E-40 8.65535578E-40 1.33265294E-39 4.71973700E-31 2.35456943E-39 6.55743917E-34 2.77788386E-16 2.48275126E-23 2.02210602E-35 1.05387000E-35 1.00000000E-05 1.00000000E-05 1.00000000E-05 1.00000000E-05 1.00000000E-05 1.00000000E-05 1.00000000E-05 1.00000000E-05 1.00000000E-05 1.00000000E-05
2.95000000E+01 1.69313345E-02 9.51118644E+17 1.28935705E+02 1.00000000E+05 1.81043583E-10 2.14038885E-07 5.05809220E-05 4.36076965E-27 2.82460312E-10 1.04809822E-40 1.04809822E-40 1.04809822E-40 1.04809822E-40 1.04809823E-40 7.36183876E-14 1.12828932E-05 3.21379679E-13 3.97297583E-17 5.61689201E-12 1.18392680E-06 2.70034993E-06 1.49205179E-02 6.56283796E-21 6.28169785E-22 1.00000000E-40 1.00000000E-40 4.04770446E-36 2.03245877E-34 5.64161371E-27 1.04033901E-16 8.40956914E-18 1.35112378E-27 4.13889328E-28 8.52762556E-27 7.79551126E-12 6.74019141E-13 4.78017059E-10 1.43880836E-05 1.04752114E-33 8.99140892E-33 2.00096933E-13 1.00000000E-40 1.00000000E-40 4.30923127E-33 5.47075872E-33 6.26374462E-14 6.46838670E-12 7.13468403E-12 9.39860084E-11 1.25249693E-15 5.40084568E-08 8.43175971E-16 4.80013231E-25 1.02960654E-20 4.07630033E-09 3.75814535E-36 3.51263750E-26 1.31990709E-30 6.93602634E-36 1.45311142E-39 1.00000000E-40 9.69517394E-32 2.97056697E-34 6.18032545E-14 7.48022245E-37 1.00000000E-40 1.30502114E-39 1.00000000E-40 3.36370947E-39 1.41720308E-11 6.71546872E-34 2.95855671E-33 1.00000000E-40 1.00000000E-40 4.00008918E-40 1.34690342E-39 5.35435450E-31 1.80466337E-39 1.72976303E-34 4.26425351E-16 2.39992427E-23 1.83770189E-35 1.66279000E-35 1.00000000E-05 1.00000000E-05 1.00000000E-05 1.00000000E-05 1.00000000E-05 1.00000000E-05 1.00000000E-05 1.00000000E-05 1.00000000E-05 1.00000000E-05
3.05000000E+01 1.45336203E-02 8.20605466E+17 1.28279171E+02 1.00000000E+05 1.55156032E-10 1.62465168E-07 7.12791415E-06 2.13708074E-27 2.79425371E-10 1.03025594E-40 1.03025594E-40 1.03025594E-40 1.03025594E-40 1.03025594E-40 1.38543423E-13 1.15350264E-05 2.47731268E-13 9.06332371E-17 1.11570419E-11 1.33307060E-06 3.01475712E-06 1.45752007E-02 1.00740944E-20 4.11428944E-22 1.00000000E-40 1.00000000E-40 4.06776946E-36 2.78278682E-34 5.42390789E-27 1.61577318E-16 6.08363908E-18 1.09480808E-27 1.65660336E-28 6.76517451E-27 5.73551587E-12 5.82126456E-13 6.56415720E-10 1.36770086E-05 8.06419461E-34 6.49947798E-33 1.65183991E-13 1.00000000E-40 1.00000000E-40 4.54754912E-33 3.73047504E-33 7.67062626E-14 5.38384259E-12 1.06977317E-11 1.23872174E-10 9.30583971E-16 5.49162786E-08 2.13128218E-15 2.42846030E-24 2.30572254E-20 4.40502811E-09 3.78082330E-36 3.35988224E-26 1.02114579E-30 5.13903185E-36 1.46213920E-39 1.00000000E-40 9.66456625E-32 2.65606687E-34 9.63951508E-14 3.62138573E-37 1.00000000E-40 7.23832187E-40 1.00000000E-40 3.47198118E-39 1.35872062E-11 2.63663000E-34 3.28899297E-33 1.00000000E-40 1.00000000E-40 2.69036438E-40 1.35131849E-39 6.10289705E-31 1.30227564E-39 1.06630989E-34 7.16929138E-16 2.31487573E-23 1.75347689E-35 2.72334000E-35 1.00000000E-05 1.00000000E-05 1.00000000E-05 1.00000000E-05 1.00000000E-05 1.00000000E-05 1.00000000E-05 1.00000000E-05 1.00000000E-05 1.00000000E-05
3.15000000E+01 1.24661503E-02 7.07147855E+17 1.27684697E+02 1.00000000E+05 1.55454380E-10 1.51999881E-07 4.42556826E-07 1.01939138E-27 2.71878027E-10 1.01572518E-40 1.01572518E-40 1.01572518E-40 1.01572518E-40 1.01572518E-40 2.72797748E-13 1.18215126E-05 2.69530828E-13 2.20828393E-16 2.33551063E-11 1.50642221E-06 3.38003505E-06 1.43123138E-02 1.62804097E-20 3.29057892E-22 1.00000000E-40 1.00000000E-40 4.12417100E-36 3.52309517E-34 5.22332739E-27 2.46697425E-16 3.89759692E-18 7.81511694E-28 6.10950406E-29 5.55529691E-27 3.79875082E-12 4.78530991E-13 8.92745697E-10 1.30449053E-05 5.58239817E-34 4.28567284E-33 1.35505537E-13 1.00000000E-40 1.00000000E-40 4.81009365E-33 2.27452593E-33 9.58308210E-14 4.49205951E-12 1.69043261E-11 1.57760017E-10 1.30322404E-15 5.59375111E-08 6.31546643E-15 1.30588682E-23 5.15284175E-20 4.78867596E-09 3.81201663E-36 3.21768632E-26 7.60845379E-31 3.83308631E-36 1.47419847E-39 1.00000000E-40 9.63662999E-32 2.62194721E-34 1.59399341E-13 1.45184268E-37 1.00000000E-40 3.56728171E-40 1.00000000E-40 3.56217356E-39 1.22178549E-11 1.54941954E-34 3.71721528E-33 1.00000000E-40 1.00000000E-40 1.85867640E-40 1.36206577E-39 6.98660416E-31 8.47806965E-40 6.26213437E-35 1.28724264E-15 2.22679388E-23 1.76019709E-35 4.60157000E-35 1.00000000E-05 1.00000000E-05 1.00000000E-05 1.00000000E-05 1.00000000E-05 1.00000000E-05 1.00000000E-05 1.00000000E-05 1.00000000E-05 1.00000000E-05
3.25000000E+01 1.06855892E-02 6.08639865E+17 1.27161260E+02 1.00000000E+05 1.64810084E-10 1.31489632E-07 7.48456278E-11 3.65606312E-28 2.56207230E-10 1.00547652E-40 1.00547652E-40 1.00547652E-40 1.00547652E-40 1.00547652E-40 5.46949500E-13 1.21457609E-05 3.45821292E-13 5.37387501E-16 5.00084256E-11 1.70859936E-06 3.80583221E-06 1.41409506E-02 2.69962893E-20 3.49568178E-22 1.00000000E-40 1.00000000E-40 4.18913660E-36 4.05020559E-34 5.03923365E-27 3.67697578E-16 2.20874733E-18 4.86606649E-28 3.31183922E-29 4.74156884E-27 2.15017670E-12 3.69627376E-13 1.19469635E-09 1.24982258E-05 3.36378389E-34 2.50127386E-33 1.10709294E-13 1.00000000E-40 1.00000000E-40 5.09919874E-33 1.19335621E-33 1.17498385E-13 3.75147891E-12 2.74395214E-11 1.96060789E-10 2.41070804E-15 5.70782443E-08 2.06415141E-14 6.71380134E-23 1.11871219E-19 5.23676791E-09 3.85226083E-36 3.08542933E-26 5.39569454E-31 2.83209012E-36 1.48944750E-39 1.00000000E-40 9.61008480E-32 2.82773148E-34 2.71008200E-13 4.65167182E-38 1.00000000E-40 1.50995241E-40 1.00000000E-40 3.65601772E-39 1.00881294E-11 8.54326483E-35 4.10971533E-33 1.00000000E-40 1.00000000E-40 1.28478165E-40 1.38155441E-39 8.03194942E-31 4.62043979E-40 3.29179378E-35 2.31120318E-15 2.13492411E-23 1.85472178E-35 8.18591000E-35 1.00000000E-05 1.00000000E-05 1.00000000E-05 1.00000000E-05 1.00000000E-05 1.00000000E-05 1.00000000E-05 1.00000000E-05 1.00000000E-05 1.00000000E-05
3.35000000E+01 9.15375166E-03 5.23376898E+17 1.26678032E+02 1.00000000E+05 1.89607967E-10 9.37264660E-08 5.84052089E-15 9.86766188E-29 2.36651530E-10 1.00000000E-40 1.00000000E-40 1.00000000E-40 1.00000000E-40 1.00000000E-40 1.05680561E-12 1.25116857E-05 4.55112617E-13 1.20398681E-15 1.06951763E-10 1.94547097E-06 4.30441438E-06 1.40693508E-02 4.34607804E-20 4.61157009E-22 1.00000000E-40 1.00000000E-40 4.14436931E-36 3.99959988E-34 4.87089468E-27 5.31594763E-16 1.08237601E-18 2.57726413E-28 3.57529034E-29 4.14062193E-27 9.90846243E-13 2.57851117E-13 1.56447725E-09 1.20433528E-05 1.70406723E-34 1.24629797E-33 9.03871016E-14 1.00000000E-40 1.00000000E-40 5.41633362E-33 5.14658489E-34 1.33092769E-13 3.11724758E-12 4.48200904E-11 2.36659066E-10 4.48518673E-15 5.83448136E-08 5.87418236E-14 2.75586198E-22 2.28090825E-19 5.76099618E-09 3.90214074E-36 2.96243061E-26 3.58854685E-31 2.02042658E-36 1.50805304E-39 1.00000000E-40 9.58351922E-32 3.20007383E-34 4.62663406E-13 1.23619344E-38 1.00000000E-40 1.00000000E-40 1.00000000E-40 3.75902027E-39 7.38392501E-12 4.24181562E-35 4.21874323E-33 1.00000000E-40 1.00000000E-40 1.00000000E-40 1.35973017E-39 9.27241081E-31 1.90523043E-40 1.50298131E-35 3.83672529E-15 2.03876861E-23 2.05058690E-35 1.58614000E-34 1.00000000E-05 1.00000000E-05 1.00000000E-05 1.00000000E-05 1.00000000E-05 1.00000000E-05 1.00000000E-05 1.00000000E-05 1.00000000E-05 1.00000000E-05
3.45000000E+01 7.83704128E-03 4.49685809E+17 1.26229149E+02 1.00000000E+05 2.37850562E-10 5.37439260E-08 1.92139348E-19 9.35203530E-32 2.22657525E-10 1.00000000E-40 1.00000000E-40 1.00000000E-40 1.00000000E-40 1.00000000E-40 1.83130749E-12 1.29242091E-05 5.75488806E-13 2.28615605E-15 2.23211563E-10 2.22462740E-06 4.89164419E-06 1.41045756E-02 6.32406312E-20 6.56102037E-22 1.00000000E-40 1.00000000E-40 3.79198398E-36 3.11343495E-34 4.71758622E-27 7.45740653E-16 4.52272652E-19 1.16262690E-28 4.67541402E-29 3.66609687E-27 3.93931009E-13 1.56174602E-13 2.00577637E-09 1.16859145E-05 7.02708037E-35 5.10856109E-34 7.41180070E-14 1.00000000E-40 1.00000000E-40 5.76298061E-33 1.74237934E-34 1.30605999E-13 2.55623645E-12 7.21814196E-11 2.74000838E-10 7.29227511E-15 5.97455213E-08 1.07804854E-13 7.23084508E-22 4.20424363E-19 6.37577054E-09 3.96239917E-36 2.84801342E-26 2.20266489E-31 1.36328590E-36 1.53022977E-39 1.00000000E-40 9.55564785E-32 3.61689464E-34 7.77017153E-13 3.46188852E-39 1.00000000E-40 1.00000000E-40 1.00000000E-40 3.87735202E-39 4.63365276E-12 1.90446777E-35 3.81174036E-33 1.00000000E-40 1.00000000E-40 1.00000000E-40 1.23516975E-39 1.07509423E-30 1.00000000E-40 5.61098556E-36 5.42681449E-15 1.93819951E-23 2.39428530E-35 3.39779000E-34 1.00000000E-05 1.00000000E-05 1.00000000E-05 1.00000000E-05 1.00000000E-05 1.00000000E-05 1.00000000E-05 1.00000000E-05 1.00000000E-05 1.00000000E-05
3.55000000E+01 6.70616096E-03 3.86064861E+17 1.25814422E+02 1.00000000E+05 3.13839401E-10 2.48630020E-08 2.53995640E-24 1.04225424E-32 2.21321571E-10 1.00000000E-40 1.00000000E-40 1.00000000E-40 1.00000000E-40 1.00000000E-40 2.75832840E-12 1.33899184E-05 6.87202225E-13 3.55823032E-15 4.35493870E-10 2.55606416E-06 5.58838120E-06 1.42528244E-02 8.06423673E-20 9.31225282E-22 1.00000000E-40 1.00000000E-40 2.99809984E-36 1.96012584E-34 4.57868241E-27 1.02564772E-15 1.80313281E-19 5.20562338E-29 5.52810842E-29 3.24390702E-27 1.53666707E-13 8.70698123E-14 2.54283101E-09 1.14303572E-05 2.32263245E-35 1.68722379E-34 6.15037709E-14 1.00000000E-40 1.00000000E-40 6.14301641E-33 4.52346403E-35 1.11962027E-13 2.06615115E-12 1.10689896E-10 3.01820702E-10 9.93076472E-15 6.12930257E-08 1.32094474E-13 1.20682084E-21 6.82201962E-19 7.09925693E-09 4.03409441E-36 2.74153473E-26 1.23338240E-31 8.70646322E-37 1.55629820E-39 1.00000000E-40 9.52488830E-32 3.96614692E-34 1.23709755E-12 1.42640932E-39 1.00000000E-40 1.00000000E-40 1.00000000E-40 4.01443958E-39 2.65006717E-12 9.11989880E-36 3.03948989E-33 1.00000000E-40 1.00000000E-40 1.00000000E-40 1.04827313E-39 1.25235130E-30 1.00000000E-40 1.83304126E-36 6.32856981E-15 1.83316634E-23 2.92580523E-35 7.82970000E-34 1.00000000E-05 1.00000000E-05 1.00000000E-05 1.00000000E-05 1.00000000E-05 1.00000000E-05 1.00000000E-05 1.00000000E-05 1.00000000E-05 1.00000000E-05
3.65000000E+01 5.73566463E-03 3.31176066E+17 1.25441581E+02 1.00000000E+05 4.13876968E-10 9.39420564E-09 1.21733988E-29 1.49100442E-33 2.33755242E-10 1.00000000E-40 1.00000000E-40 1.00000000E-40 1.00000000E-40 1.00000000E-40 3.93526195E-12 1.39179024E-05 8.04176562E-13 4.98456173E-15 7.66182448E-10 2.95305297E-06 6.42226561E-06 1.45203668E-02 9.82652987E-20 1.32592124E-21 1.00000000E-40 1.00000000E-40 1.97146113E-36 1.27093150E-34 4.45377408E-27 1.40287501E-15 8.73286065E-20 3.00657085E-29 6.20295041E-29 2.87019460E-27 6.21689135E-14 5.39047859E-14 3.23335897E-09 1.12799338E-05 6.24093440E-36 4.53819308E-35 5.21981087E-14 1.00000000E-40 1.00000000E-40 6.56537575E-33 9.15796374E-36 9.63214863E-14 1.66266983E-12 1.56591873E-10 3.18748934E-10 1.22475360E-14 6.30064689E-08 1.41625904E-13 1.61021321E-21 9.89743803E-19 7.95533058E-09 4.11878959E-36 2.64239800E-26 6.29369841E-32 5.37666846E-37 1.58675283E-39 1.00000000E-40 9.48828711E-32 4.27938613E-34 1.79909061E-12 7.60259524E-40 1.00000000E-40 1.00000000E-40 1.00000000E-40 4.17582848E-39 1.67103276E-12 5.92395852E-36 2.39407729E-33 1.00000000E-40 1.00000000E-40 1.00000000E-40 9.41643731E-40 1.46636584E-30 1.00000000E-40 6.90531020E-37 6.68532938E-15 1.72315389E-23 3.54480236E-35 1.84656000E-33 1.00000000E-05 1.00000000E-05 1.00000000E-05 1.00000000E-05 1.00000000E-05 1.00000000E-05 1.00000000E-05 1.00000000E-05 1.00000000E-05 1.00000000E-05
3.75000000E+01 4.90344595E-03 2.83885585E+17 1.25105038E+02 1.00000000E+05 5.25353358E-10 2.95149925E-09 2.00595475E-35 1.82679831E-34 2.56847999E-10 1.00000000E-40 1.00000000E-40 1.00000000E-40 1.00000000E-40 1.00000000E-40 5.82002626E-12 1.45206009E-05 9.58807801E-13 6.97512987E-15 1.22477653E-09 3.43318612E-06 7.42992336E-06 1.49149252E-02 1.25236803E-19 1.93417784E-21 1.00000000E-40 1.00000000E-40 1.09683890E-36 1.01437502E-34 4.34280412E-27 1.92260531E-15 5.79388224E-20 2.41789956E-29 7.14690218E-29 2.54064665E-27 2.63686556E-14 4.15755483E-14 4.15758468E-09 1.12371943E-05 1.40491469E-36 1.02297854E-35 4.59282892E-14 1.00000000E-40 1.00000000E-40 7.04357814E-33 1.50090557E-36 9.27323656E-14 1.35207511E-12 2.05169133E-10 3.27375752E-10 1.50214346E-14 6.49141863E-08 1.57737151E-13 2.05788306E-21 1.33581587E-18 8.97545282E-09 4.21876257E-36 2.55011746E-26 2.94718217E-32 3.39789788E-37 1.62233521E-39 1.00000000E-40 9.44207152E-32 4.69234425E-34 2.39216563E-12 3.85500384E-40 1.00000000E-40 1.00000000E-40 1.00000000E-40 4.36761550E-39 1.30703174E-12 5.16218328E-36 2.04331236E-33 1.00000000E-40 1.00000000E-40 1.00000000E-40 9.74162777E-40 1.72680355E-30 1.00000000E-40 3.56281333E-37 7.10994500E-15 1.60749221E-23 4.08303567E-35 4.29370000E-33 1.00000000E-05 1.00000000E-05 1.00000000E-05 1.00000000E-05 1.00000000E-05 1.00000000E-05 1.00000000E-05 1.00000000E-05 1.00000000E-05 1.00000000E-05
3.85000000E+01 4.19027545E-03 2.43200941E+17 1.24794094E+02 1.00000000E+05 6.30320990E-10 7.89032148E-10 1.05890204E-40 1.97975215E-35 2.86713228E-10 1.00000000E-40 1.00000000E-40 1.00000000E-40 1.00000000E-40 1.00000000E-40 8.91696515E-12 1.52146386E-05 1.16756388E-12 9.87706631E-15 1.83013196E-09 4.01961222E-06 8.65958638E-06 1.54472769E-02 1.66801813E-19 2.88336670E-21 1.00000000E-40 1.00000000E-40 5.35304069E-37 9.60932707E-35 4.24619782E-27 2.63832083E-15 4.94226494E-20 2.41451573E-29 8.46788656E-29 2.25135589E-27 1.22850269E-14 3.85216307E-14 5.40611735E-09 1.13048274E-05 2.72498425E-37 1.98658192E-36 4.25148787E-14 1.00000000E-40 1.00000000E-40 7.59231287E-33 2.06106047E-37 9.89121591E-14 1.13084985E-12 2.55395510E-10 3.30106568E-10 1.86673218E-14 6.70567672E-08 1.85568816E-13 2.62664821E-21 1.71754648E-18 1.02002747E-08 4.33721603E-36 2.46441713E-26 1.27741542E-32 2.70921765E-37 1.66410546E-39 1.00000000E-40 9.38329844E-32 5.29098269E-34 2.98403290E-12 1.70454570E-40 1.00000000E-40 1.00000000E-40 1.00000000E-40 4.59562390E-39 1.22521501E-12 5.31487946E-36 1.87116426E-33 1.00000000E-40 1.00000000E-40 1.00000000E-40 1.12808145E-39 2.04628989E-30 1.00000000E-40 2.36475647E-37 7.71967316E-15 1.48610767E-23 4.52154840E-35 9.74631000E-33 1.00000000E-05 1.00000000E-05 1.00000000E-05 1.00000000E-05 1.00000000E-05 1.00000000E-05 1.00000000E-05 1.00000000E-05 1.00000000E-05 1.00000000E-05
3.95000000E+01 3.57949361E-03 2.08220969E+17 1.24512757E+02 1.00000000E+05 7.11805733E-10 1.84483076E-10 1.00000000E-40 1.98072211E-36 3.20791772E-10 1.00000000E-40 1.00000000E-40 1.00000000E-40 1.00000000E-40 1.00000000E-40 1.37705875E-11 1.60217796E-05 1.43978155E-12 1.39154254E-14 2.61840752E-09 4.74252611E-06 1.01741981E-05 1.61329229E-02 2.25992493E-19 4.33492661E-21 1.00000000E-40 1.00000000E-40 2.36363215E-37 9.90798137E-35 4.16496400E-27 3.61091884E-15 4.91419129E-20 2.67324065E-29 1.00059664E-28 1.99887574E-27 7.07163613E-15 3.99633433E-14 7.08162985E-09 1.14866781E-05 4.64853454E-38 3.39146029E-37 4.18935247E-14 1.00000000E-40 1.00000000E-40 8.22438951E-33 2.43437104E-38 1.12147563E-13 9.93226332E-13 3.09239944E-10 3.28597019E-10 2.31977967E-14 6.94899065E-08 2.23785536E-13 3.30017058E-21 2.12635018E-18 1.16816606E-08 4.47848608E-36 2.38528292E-26 5.16087496E-33 3.96551959E-37 1.71351252E-39 1.00000000E-40 9.31047984E-32 6.08610950E-34 3.57815886E-12 1.00000000E-40 1.00000000E-40 1.00000000E-40 1.00000000E-40 4.86866344E-39 1.28382740E-12 6.00450180E-36 1.77320003E-33 1.00000000E-40 1.00000000E-40 1.00000000E-40 1.39103905E-39 2.44117410E-30 1.00000000E-40 1.80959714E-37 8.41152332E-15 1.35974748E-23 4.92098476E-35 2.18374000E-32 1.00000000E-05 1.00000000E-05 1.00000000E-05 1.00000000E-05 1.00000000E-05 1.00000000E-05 1.00000000E-05 1.00000000E-05 1.00000000E-05 1.00000000E-05
4.05000000E+01 3.05671454E-03 1.78165788E+17 1.24264553E+02 1.00000000E+05 7.59149756E-10 3.88597638E-11 1.00000000E-40 1.90727778E-37 3.58084302E-10 1.00000000E-40 1.00000000E-40 1.00000000E-40 1.00000000E-40 1.00000000E-40 2.10719519E-11 1.69695946E-05 1.78759959E-12 1.93191332E-14 3.64257382E-09 5.64081248E-06 1.20548141E-05 1.69935413E-02 3.06332267E-19 6.50008445E-21 1.00000000E-40 1.00000000E-40 9.71490202E-38 1.05298912E-34 4.10074563E-27 4.91008716E-15 5.32659781E-20 3.07771291E-29 1.16033112E-28 1.78002644E-27 5.62394482E-15 4.42484231E-14 9.30750477E-09 1.17887806E-05 7.07447854E-39 5.15979766E-38 4.41410546E-14 1.00000000E-40 1.00000000E-40 8.94899816E-33 2.63440766E-39 1.31464545E-13 9.35008776E-13 3.70028082E-10 3.24325943E-10 2.85783540E-14 7.22862746E-08 2.70574994E-13 4.02868585E-21 2.55492502E-18 1.34848715E-08 4.64820042E-36 2.31297169E-26 1.95361236E-33 9.58145729E-37 1.77244595E-39 1.00000000E-40 9.22351996E-32 7.04810759E-34 4.19390833E-12 1.00000000E-40 1.00000000E-40 1.00000000E-40 1.00000000E-40 5.19307379E-39 1.43375092E-12 7.21494128E-36 1.70081743E-33 1.00000000E-40 1.00000000E-40 1.00000000E-40 1.76951025E-39 2.93236136E-30 1.00000000E-40 1.48990152E-37 9.10897714E-15 1.22989367E-23 5.31909413E-35 4.89428000E-32 1.00000000E-05 1.00000000E-05 1.00000000E-05 1.00000000E-05 1.00000000E-05 1.00000000E-05 1.00000000E-05 1.00000000E-05 1.00000000E-05 1.00000000E-05
4.15000000E+01 2.60952208E-03 1.52361241E+17 1.24051829E+02 1.00000000E+05 7.69994508E-10 7.58352138E-12 1.00000000E-40 1.82808196E-38 3.98668393E-10 1.00000000E-40 1.00000000E-40 1.00000000E-40 1.00000000E-40 1.00000000E-40 3.17161341E-11 1.80918220E-05 2.22894640E-12 2.63748559E-14 4.97277547E-09 6.76372366E-06 1.44040667E-05 1.80579830E-02 4.12581029E-19 9.66215569E-21 1.00000000E-40 1.00000000E-40 3.88888105E-38 1.12381802E-34 4.05582946E-27 6.61817102E-15 6.05730182E-20 3.58989316E-29 1.31348516E-28 1.59174458E-27 5.93302817E-15 5.09004133E-14 1.22385901E-08 1.22202436E-05 9.70445289E-40 7.05986063E-39 4.95062853E-14 1.00000000E-40 1.00000000E-40 9.77075496E-33 7.59959829E-40 1.57030848E-13 9.54968064E-13 4.41753152E-10 3.18800912E-10 3.48442379E-14 7.55359354E-08 3.24565624E-13 4.76624587E-21 3.00369329E-18 1.56904713E-08 4.85335267E-36 2.24800013E-26 6.96269024E-34 2.59523874E-36 1.84325570E-39 1.00000000E-40 9.12352937E-32 8.13195958E-34 4.85746932E-12 1.00000000E-40 1.00000000E-40 1.00000000E-40 1.00000000E-40 5.57250688E-39 1.66135863E-12 9.07639536E-36 1.63580587E-33 1.00000000E-40 1.00000000E-40 1.00000000E-40 2.28411295E-39 3.54614620E-30 1.00000000E-40 1.27456105E-37 9.78563804E-15 1.09859579E-23 5.72580432E-35 1.10557000E-31 1.00000000E-05 1.00000000E-05 1.00000000E-05 1.00000000E-05 1.00000000E-05 1.00000000E-05 1.00000000E-05 1.00000000E-05 1.00000000E-05 1.00000000E-05
4.25000000E+01 2.22719647E-03 1.30226229E+17 1.23873039E+02 1.00000000E+05 7.48657316E-10 1.40138755E-12 1.00000000E-40 1.82321369E-39 4.43211576E-10 1.00000000E-40 1.00000000E-40 1.00000000E-40 1.00000000E-40 1.00000000E-40 4.68458790E-11 1.94281261E-05 2.78750942E-12 3.54546084E-14 6.69887862E-09 8.17247211E-06 1.73494388E-05 1.93625156E-02 5.51008292E-19 1.42092291E-20 1.00000000E-40 1.00000000E-40 1.67897627E-38 1.19187362E-34 4.03306731E-27 8.83609842E-15 7.07794323E-20 4.19238309E-29 1.43376377E-28 1.43100967E-27 7.28920149E-15 5.99458774E-14 1.60727836E-08 1.27937513E-05 1.21037364E-40 8.74587907E-40 5.84449528E-14 1.00000000E-40 1.00000000E-40 1.06890740E-32 1.91277673E-39 1.89719392E-13 1.05520924E-12 5.29058960E-10 3.13502280E-10 4.21490916E-14 7.93444072E-08 3.84844248E-13 5.48743784E-21 3.48290247E-18 1.83956070E-08 5.10223057E-36 2.19109245E-26 2.35867903E-34 6.75812682E-36 1.92871710E-39 1.00000000E-40 9.01253812E-32 9.29090546E-34 5.59961333E-12 1.00000000E-40 1.00000000E-40 1.00000000E-40 1.00000000E-40 6.00684428E-39 1.96859001E-12 1.18151271E-35 1.57333312E-33 1.00000000E-40 1.00000000E-40 1.91096497E-40 2.96590961E-39 4.31498082E-30 1.00000000E-40 1.11485005E-37 1.04509100E-14 9.68252246E-24 6.13854270E-35 2.57656000E-31 1.00000000E-05 1.00000000E-05 1.00000000E-05 1.00000000E-05 1.00000000E-05 1.00000000E-05 1.00000000E-05 1.00000000E-05 1.00000000E-05 1.00000000E-05
4.35000000E+01 1.90049922E-03 1.11249112E+17 1.23733664E+02 1.00000000E+05 7.02766307E-10 2.48251905E-13 1.00000000E-40 2.44132531E-40 4.92693252E-10 1.00000000E-40 1.00000000E-40 1.00000000E-40 1.00000000E-40 1.00000000E-40 6.79217224E-11 2.10234654E-05 3.49837131E-12 4.70523864E-14 8.93688518E-09 9.94173387E-06 2.10463445E-05 2.09503375E-02 7.30194577E-19 2.06866961E-20 1.00000000E-40 1.00000000E-40 9.34075911E-39 1.25198352E-34 4.03573704E-27 1.16945623E-14 8.40317698E-20 4.92636157E-29 1.51679637E-28 1.29483490E-27 9.54604013E-15 7.16704012E-14 2.10645035E-08 1.35256683E-05 1.00000000E-40 1.01320209E-40 7.16598525E-14 1.00000000E-40 1.00000000E-40 1.16976887E-32 5.41638550E-39 2.30916657E-13 1.24101423E-12 6.37327003E-10 3.09781044E-10 5.07457257E-14 8.38285947E-08 4.51153281E-13 6.19180591E-21 4.01182425E-18 2.17145740E-08 5.40421243E-36 2.14310201E-26 7.86815662E-35 1.63539274E-35 2.03194601E-39 1.00000000E-40 8.89312588E-32 1.04854858E-33 6.45585515E-12 1.00000000E-40 1.00000000E-40 1.00000000E-40 1.00000000E-40 6.49697886E-39 2.36491548E-12 1.57635063E-35 1.51372898E-33 1.00000000E-40 1.00000000E-40 4.58067968E-40 3.85991362E-39 5.27817183E-30 1.00000000E-40 9.89337850E-38 1.11319222E-14 8.41361472E-24 6.55534486E-35 6.69611000E-31 1.00000000E-05 1.00000000E-05 1.00000000E-05 1.00000000E-05 1.00000000E-05 1.00000000E-05 1.00000000E-05 1.00000000E-05 1.00000000E-05 1.00000000E-05
4.45000000E+01 1.62148091E-03 9.49887327E+16 1.23639273E+02 1.00000000E+05 6.40122572E-10 4.22110277E-14 1.00000000E-40 1.00000000E-40 5.48215039E-10 1.00000000E-40 1.00000000E-40 1.00000000E-40 1.00000000E-40 1.00000000E-40 9.68430143E-11 2.29267053E-05 4.41053359E-12 6.18380432E-14 1.18380231E-08 1.21609484E-05 2.56807694E-05 2.28701553E-02 9.61980068E-19 2.98809388E-20 1.00000000E-40 1.00000000E-40 7.38782721E-39 1.30317066E-34 4.06730820E-27 1.53677127E-14 1.00735219E-19 5.77403380E-29 1.56101141E-28 1.18029282E-27 1.28198105E-14 8.65302532E-14 2.75389739E-08 1.44356061E-05 1.00000000E-40 1.00000000E-40 9.01465105E-14 1.00000000E-40 1.00000000E-40 1.27842019E-32 1.09741940E-38 2.82498315E-13 1.52033622E-12 7.72920525E-10 3.08790525E-10 6.10296393E-14 8.91097670E-08 5.24073278E-13 6.90025519E-21 4.61673552E-18 2.57783341E-08 5.76937639E-36 2.10489245E-26 2.98027485E-35 3.66585347E-35 2.15624463E-39 1.00000000E-40 8.76791433E-32 1.16893925E-33 7.46600775E-12 1.00000000E-40 1.00000000E-40 1.00000000E-40 1.00000000E-40 7.04234467E-39 2.86469633E-12 2.13949908E-35 1.45905946E-33 1.00000000E-40 1.00000000E-40 1.01956311E-39 5.02745046E-39 6.48244628E-30 1.00000000E-40 8.87447078E-38 1.18681951E-14 7.20280981E-24 6.97679109E-35 2.49636000E-30 1.00000000E-05 1.00000000E-05 1.00000000E-05 1.00000000E-05 1.00000000E-05 1.00000000E-05 1.00000000E-05 1.00000000E-05 1.00000000E-05 1.00000000E-05
4.55000000E+01 1.38330134E-03 8.10657146E+16 1.23593695E+02 1.00000000E+05 5.66984615E-10 6.82588538E-15 1.00000000E-40 1.00000000E-40 6.10869266E-10 1.00000000E-40 1.00000000E-40 1.00000000E-40 1.00000000E-40 1.00000000E-40 1.36147026E-10 2.51884413E-05 5.59259782E-12 8.07294991E-14 1.56030531E-08 1.49353420E-05 3.14713218E-05 2.51738148E-02 1.26279546E-18 4.29490203E-20 1.00000000E-40 1.00000000E-40 7.41181172E-39 1.34692300E-34 4.13113046E-27 2.00919792E-14 1.21443783E-19 6.80577906E-29 1.58305492E-28 1.08456669E-27 1.73636211E-14 1.05082320E-13 3.59075516E-08 1.55454452E-05 1.00000000E-40 1.00000000E-40 1.15244525E-13 1.00000000E-40 1.00000000E-40 1.39294672E-32 7.43873769E-39 3.46820588E-13 1.90292334E-12 9.43382564E-10 3.11458416E-10 7.36053918E-14 9.53036091E-08 6.05177141E-13 7.64638179E-21 5.32800678E-18 3.07327539E-08 6.20792115E-36 2.07719190E-26 1.80035739E-35 7.66479662E-35 2.30487842E-39 1.00000000E-40 8.63897484E-32 1.28921873E-33 8.67291329E-12 1.00000000E-40 1.00000000E-40 1.00000000E-40 1.00000000E-40 7.63971690E-39 3.48481806E-12 2.93843589E-35 1.41136779E-33 1.00000000E-40 1.00000000E-40 2.12262419E-39 6.55012848E-39 7.98235212E-30 1.00000000E-40 8.02900167E-38 1.27057926E-14 6.07034084E-24 7.40702927E-35 2.05450000E-29 1.00000000E-05 1.00000000E-05 1.00000000E-05 1.00000000E-05 1.00000000E-05 1.00000000E-05 1.00000000E-05 1.00000000E-05 1.00000000E-05 1.00000000E-05
4.65000000E+01 1.18008559E-03 6.91476270E+16 1.23609810E+02 1.00000000E+05 4.87835706E-10 1.03105317E-15 1.00000000E-40 1.00000000E-40 6.81691049E-10 1.00000000E-40 1.00000000E-40 1.00000000E-40 1.00000000E-40 1.00000000E-40 1.89322094E-10 2.78584898E-05 7.15429258E-12 1.04988634E-13 2.05069142E-08 1.83869453E-05 3.86712655E-05 2.79133357E-02 1.65621547E-18 6.16163125E-20 1.00000000E-40 1.00000000E-40 8.19430676E-39 1.38475434E-34 4.23008449E-27 2.61970172E-14 1.46706659E-19 7.98524910E-29 1.53087041E-28 1.00500400E-27 2.34963355E-14 1.27860140E-13 4.66860727E-08 1.68779896E-05 1.00000000E-40 1.00000000E-40 1.48696852E-13 1.00000000E-40 1.00000000E-40 1.51067617E-32 1.00000000E-40 4.26612149E-13 2.39906019E-12 1.15729713E-09 3.18492553E-10 8.92828683E-14 1.02508527E-07 6.97304274E-13 8.46662878E-21 6.17652904E-18 3.67359727E-08 6.72947311E-36 2.06043550E-26 1.93296447E-35 1.49394374E-34 2.48081124E-39 1.00000000E-40 8.50722653E-32 1.40995582E-33 1.01229043E-11 1.00000000E-40 1.00000000E-40 1.00000000E-40 1.00000000E-40 8.28917524E-39 4.23892817E-12 4.07236395E-35 1.37164992E-33 1.00000000E-40 1.00000000E-40 4.13445456E-39 8.54600634E-39 9.84064845E-30 1.00000000E-40 7.30226407E-38 1.36843546E-14 5.03178932E-24 7.85987228E-35 4.18196000E-28 1.00000000E-05 1.00000000E-05 1.00000000E-05 1.00000000E-05 1.00000000E-05 1.00000000E-05 1.00000000E-05 1.00000000E-05 1.00000000E-05 1.00000000E-05
4.75000000E+01 1.00679847E-03 5.89463088E+16 1.23709385E+02 1.00000000E+05 4.05991231E-10 1.41904717E-16 1.00000000E-40 1.00000000E-40 7.61628265E-10 1.00000000E-40 1.00000000E-40 1.00000000E-40 1.00000000E-40 1.00000000E-40 2.61279136E-10 3.09838144E-05 9.27443625E-12 1.36349990E-13 2.69312506E-08 2.26561061E-05 4.75715935E-05 3.11379207E-02 2.17671619E-18 8.84708707E-20 1.00000000E-40 1.00000000E-40 9.35361919E-39 1.41734831E-34 4.36626062E-27 3.41481037E-14 1.76960081E-19 9.62350005E-29 1.48126143E-28 9.39161426E-28 3.15454905E-14 1.55267981E-13 6.05149198E-08 1.84555488E-05 1.00000000E-40 1.00000000E-40 1.92721198E-13 1.00000000E-40 1.00000000E-40 1.62809612E-32 1.00000000E-40 5.24916261E-13 3.01821061E-12 1.42386435E-09 3.30418767E-10 1.08972346E-13 1.10794091E-07 8.04871027E-13 9.39230461E-21 7.18941324E-18 4.39556784E-08 7.34240424E-36 2.05462247E-26 2.61915214E-35 2.58949424E-34 2.68644368E-39 1.00000000E-40 8.37196777E-32 1.53300384E-33 1.18655270E-11 1.00000000E-40 1.00000000E-40 1.00000000E-40 1.00000000E-40 8.99656222E-39 5.13203583E-12 5.69203021E-35 1.33984122E-33 1.00000000E-40 1.00000000E-40 7.19801685E-39 1.11963042E-38 1.21289687E-29 1.00000000E-40 6.64474336E-38 1.48301288E-14 4.09757686E-24 8.35946916E-35 5.06386000E-26 1.00000000E-05 1.00000000E-05 1.00000000E-05 1.00000000E-05 1.00000000E-05 1.00000000E-05 1.00000000E-05 1.00000000E-05 1.00000000E-05 1.00000000E-05
4.85000000E+01 8.59110034E-04 5.02273888E+16 1.23886765E+02 1.00000000E+05 3.24336088E-10 1.72519074E-17 1.00000000E-40 1.00000000E-40 8.51250290E-10 1.00000000E-40 1.00000000E-40 1.00000000E-40 1.00000000E-40 1.00000000E-40 3.58991011E-10 3.46044220E-05 1.21879486E-11 1.77162840E-13 3.53888601E-08 2.79025713E-05 5.85031644E-05 3.48901414E-02 2.87056332E-18 1.27378966E-19 1.00000000E-40 1.00000000E-40 1.06655371E-38 1.44736228E-34 4.54056243E-27 4.45757102E-14 2.12617857E-19 1.17869570E-28 1.43204949E-28 8.84832492E-28 4.18124588E-14 1.87659610E-13 7.81683147E-08 2.02980378E-05 1.00000000E-40 1.00000000E-40 2.50084132E-13 1.00000000E-40 1.00000000E-40 1.74077651E-32 1.00000000E-40 6.45430519E-13 3.76783333E-12 1.75326155E-09 3.47606033E-10 1.34228172E-13 1.20187202E-07 9.33502699E-13 1.04424217E-20 8.38356204E-18 5.25646487E-08 8.05297450E-36 2.05916418E-26 3.44895248E-35 3.52633076E-34 2.92329613E-39 1.00000000E-40 8.23054366E-32 1.66056375E-33 1.39389336E-11 1.00000000E-40 1.00000000E-40 1.00000000E-40 1.00000000E-40 9.74640122E-39 6.16832890E-12 8.01463790E-35 1.31561689E-33 1.00000000E-40 1.00000000E-40 9.89276224E-39 1.47255770E-38 1.49283121E-29 1.00000000E-40 6.03813201E-38 1.61799613E-14 3.27333284E-24 8.91739416E-35 4.47832000E-24 1.00000000E-05 1.00000000E-05 1.00000000E-05 1.00000000E-05 1.00000000E-05 1.00000000E-05 1.00000000E-05 1.00000000E-05 1.00000000E-05 1.00000000E-05
4.95000000E+01 7.33295281E-04 4.27790640E+16 1.24155034E+02 1.00000000E+05 2.46239034E-10 1.78749080E-18 1.00000000E-40 1.00000000E-40 9.50927869E-10 1.00000000E-40 1.00000000E-40 1.00000000E-40 1.00000000E-40 1.00000000E-40 4.92453153E-10 3.87516655E-05 1.62805985E-11 2.30593586E-13 4.65940944E-08 3.43078559E-05 7.18415860E-05 3.92032463E-02 3.80481379E-18 1.84093428E-19 1.00000000E-40 1.00000000E-40 1.19496853E-38 1.47187258E-34 4.75251498E-27 5.83753775E-14 2.53784436E-19 1.43049542E-28 1.22434075E-28 8.40069418E-28 5.44792865E-14 2.25039057E-13 1.00583044E-07 2.24215768E-05 1.00000000E-40 1.00000000E-40 3.24190271E-13 1.00000000E-40 1.00000000E-40 1.84361211E-32 1.00000000E-40 7.92015590E-13 4.65179439E-12 2.15462906E-09 3.70314515E-10 1.66686950E-13 1.30662700E-07 1.09114966E-12 1.16161160E-20 9.75825819E-18 6.27374586E-08 8.86476054E-36 2.07282140E-26 4.10035858E-35 3.37358405E-34 3.19179334E-39 1.00000000E-40 8.07832868E-32 1.79470573E-33 1.63776527E-11 1.00000000E-40 1.00000000E-40 1.00000000E-40 1.00000000E-40 1.05329854E-38 7.33442492E-12 1.13778601E-34 1.29737269E-33 1.00000000E-40 1.00000000E-40 9.60551190E-39 1.94833283E-38 1.83302946E-29 1.00000000E-40 5.44424168E-38 1.77422885E-14 2.56035792E-24 9.55615023E-35 1.35416000E-22 1.00000000E-05 1.00000000E-05 1.00000000E-05 1.00000000E-05 1.00000000E-05 1.00000000E-05 1.00000000E-05 1.00000000E-05 1.00000000E-05 1.00000000E-05
5.05000000E+01 6.26160763E-04 3.64199722E+16 1.24526838E+02 1.00000000E+05 1.75555462E-10 1.51588427E-19 1.00000000E-40 1.00000000E-40 1.06074167E-09 1.00000000E-40 1.00000000E-40 1.00000000E-40 1.00000000E-40 1.00000000E-40 6.76033811E-10 4.34480326E-05 2.21247560E-11 3.00874731E-13 6.15199646E-08 4.20796581E-05 8.80163890E-05 4.41000387E-02 5.07473219E-18 2.67100408E-19 1.00000000E-40 1.00000000E-40 1.36443987E-38 1.32796285E-34 5.00023534E-27 7.68018655E-14 3.00447458E-19 1.71664162E-28 1.14349278E-28 8.03180881E-28 6.95795407E-14 2.67175000E-13 1.28874079E-07 2.48378019E-05 1.00000000E-40 1.00000000E-40 4.19192063E-13 1.00000000E-40 1.00000000E-40 1.93127957E-32 1.00000000E-40 9.69032824E-13 5.66983122E-12 2.63489086E-09 3.98742672E-10 2.07759051E-13 1.42139316E-07 1.28859923E-12 1.28873251E-20 1.12870188E-17 7.46494949E-08 9.77842808E-36 2.09370632E-26 5.29338335E-35 3.18442243E-34 3.49117502E-39 1.00000000E-40 7.90909874E-32 1.93647780E-33 1.92025191E-11 1.00000000E-40 1.00000000E-40 1.00000000E-40 1.00000000E-40 1.13489104E-38 8.60559885E-12 1.63121220E-34 1.28313160E-33 1.00000000E-40 1.00000000E-40 9.26106856E-39 2.59909060E-38 2.24396299E-29 1.00000000E-40 4.32348885E-38 1.95083506E-14 1.95636213E-24 1.02946753E-34 1.60604000E-21 1.00000000E-05 1.00000000E-05 1.00000000E-05 1.00000000E-05 1.00000000E-05 1.00000000E-05 1.00000000E-05 1.00000000E-05 1.00000000E-05 1.00000000E-05
5.15000000E+01 5.34946972E-04 3.10098752E+16 1.24947458E+02 1.00000000E+05 1.15934177E-10 1.00538463E-20 1.00000000E-40 1.00000000E-40 1.17988025E-09 1.00000000E-40 1.00000000E-40 1.00000000E-40 1.00000000E-40 1.00000000E-40 9.30171298E-10 4.87013000E-05 3.03589128E-11 3.93516616E-13 8.14093830E-08 5.14538552E-05 1.07515046E-04 4.95900218E-02 6.79590112E-18 3.88703470E-19 1.00000000E-40 1.00000000E-40 1.60459224E-38 1.00000000E-40 5.28023662E-27 1.01486845E-13 3.52986953E-19 2.14490750E-28 9.62030995E-29 7.72707262E-28 8.70526509E-14 3.14126070E-13 1.64297903E-07 2.75522285E-05 1.00000000E-40 1.00000000E-40 5.40066663E-13 1.00000000E-40 1.00000000E-40 1.99478835E-32 1.00000000E-40 1.18267803E-12 6.81732461E-12 3.20179954E-09 4.32923087E-10 2.61457093E-13 1.54471820E-07 1.53767025E-12 1.41978879E-20 1.29092927E-17 8.84712846E-08 1.07911436E-35 2.11927213E-26 7.57163743E-35 6.35592805E-34 3.81930282E-39 1.00000000E-40 7.71557868E-32 2.08466706E-33 2.23701234E-11 1.00000000E-40 1.00000000E-40 1.00000000E-40 1.00000000E-40 1.20997602E-38 9.98422364E-12 2.34761270E-34 1.27162947E-33 1.00000000E-40 1.00000000E-40 1.89399682E-38 3.47631218E-38 2.73756192E-29 1.00000000E-40 1.00000000E-40 2.15190326E-14 1.45634258E-24 1.10985798E-34 4.23336000E-21 1.00000000E-05 1.00000000E-05 1.00000000E-05 1.00000000E-05 1.00000000E-05 1.00000000E-05 1.00000000E-05 1.00000000E-05 1.00000000E-05 1.00000000E-05
5.25000000E+01 4.57282265E-04 2.64042247E+16 1.25437575E+02 1.00000000E+05 6.99471157E-11 4.96536371E-22 1.00000000E-40 1.00000000E-40 1.30762160E-09 1.00000000E-40 1.00000000E-40 1.00000000E-40 1.00000000E-40 1.00000000E-40 1.28416755E-09 5.45112734E-05 4.21487412E-11 5.15798489E-13 1.08036700E-07 6.27037089E-05 1.30902403E-04 5.56725541E-02 9.14342692E-18 5.66580225E-19 1.00000000E-40 1.00000000E-40 2.77570125E-38 1.00000000E-40 5.58799392E-27 1.34819715E-13 4.10816873E-19 2.59054950E-28 1.03952696E-28 7.47424461E-28 1.06468420E-13 3.64964755E-13 2.08344933E-07 3.05654502E-05 1.00000000E-40 1.00000000E-40 6.92751648E-13 1.00000000E-40 1.00000000E-40 2.03009588E-32 1.00000000E-40 1.43809262E-12 8.08276950E-12 3.85550000E-09 4.72902283E-10 3.30117165E-13 1.67462534E-07 1.85661759E-12 1.54614667E-20 1.45362597E-17 1.04372950E-07 1.18973489E-35 2.14654710E-26 2.39705802E-34 1.43642911E-32 4.17292308E-39 1.00000000E-40 7.49045734E-32 2.23639266E-33 2.58573338E-11 1.00000000E-40 1.00000000E-40 3.13228859E-36 1.00000000E-40 1.29116660E-38 1.14221267E-11 3.42240484E-34 1.25975170E-33 1.00000000E-40 1.00000000E-40 4.39948523E-37 4.67561492E-38 3.32776807E-29 4.93297608E-36 1.00000000E-40 2.37232693E-14 1.05275333E-24 1.19777626E-34 8.06129000E-21 1.00000000E-05 1.00000000E-05 1.00000000E-05 1.00000000E-05 1.00000000E-05 1.00000000E-05 1.00000000E-05 1.00000000E-05 1.00000000E-05 1.00000000E-05
5.35000000E+01 3.91146023E-04 2.24873794E+16 1.25984396E+02 1.00000000E+05 3.80047461E-11 1.73147415E-23 1.00000000E-40 1.00000000E-40 1.44270533E-09 1.00000000E-40 1.00000000E-40 1.00000000E-40 1.00000000E-40 1.00000000E-40 1.77958876E-09 6.08694531E-05 5.90769482E-11 6.77127370E-13 1.43746236E-07 7.61495177E-05 1.58840769E-04 6.23395465E-02 1.23455991E-17 8.25613097E-19 1.00000000E-40 1.00000000E-40 5.23481306E-38 1.00000000E-40 5.91822244E-27 1.80015039E-13 4.73437662E-19 3.28723470E-28 6.94719732E-29 7.26303191E-28 1.27210012E-13 4.18840449E-13 2.62688485E-07 3.38740864E-05 1.00000000E-40 1.00000000E-40 8.84268045E-13 1.00000000E-40 1.00000000E-40 2.03044285E-32 1.00000000E-40 1.74173009E-12 9.44952363E-12 4.59334821E-09 5.18639879E-10 4.17994500E-13 1.80870951E-07 2.26820395E-12 1.65703885E-20 1.60557793E-17 1.22527991E-07 1.30893399E-35 2.17229491E-26 5.83268546E-34 1.91599814E-33 4.54788570E-39 1.00000000E-40 7.22744847E-32 2.38617375E-33 2.95998205E-11 1.00000000E-40 1.00000000E-40 1.00000000E-40 1.00000000E-40 1.32514370E-38 1.28851529E-11 4.74971099E-34 1.24516148E-33 1.00000000E-40 1.00000000E-40 6.10616733E-38 6.31688252E-38 4.03114741E-29 1.00000000E-40 1.00000000E-40 2.60879910E-14 7.36173859E-25 1.29071905E-34 1.49988000E-20 1.00000000E-05 1.00000000E-05 1.00000000E-05 1.00000000E-05 1.00000000E-05 1.00000000E-05 1.00000000E-05 1.00000000E-05 1.00000000E-05 1.00000000E-05
5.45000000E+01 3.34810378E-04 1.91588387E+16 1.26574561E+02 1.00000000E+05 1.83288428E-11 4.02785994E-25 1.00000000E-40 1.00000000E-40 1.58358414E-09 1.00000000E-40 1.00000000E-40 1.00000000E-40 1.00000000E-40 1.00000000E-40 2.47500080E-09 6.77629029E-05 8.33711050E-11 8.89505492E-13 1.91659900E-07 9.21693348E-05 1.92112495E-04 6.95791758E-02 1.67048930E-17 1.20001478E-18 1.00000000E-40 1.00000000E-40 4.22819874E-38 1.75034125E-31 6.26552520E-27 2.41432417E-13 5.40176090E-19 3.90878404E-28 5.90837709E-29 7.08499523E-28 1.48501357E-13 4.74782385E-13 3.29200678E-07 3.74721065E-05 1.00000000E-40 1.00000000E-40 1.12280893E-12 1.00000000E-40 1.00000000E-40 2.13376039E-32 1.92926085E-28 2.10074415E-12 1.08959521E-11 5.40813170E-09 5.70014618E-10 5.30152179E-13 1.94428654E-07 2.80198090E-12 1.74084816E-20 1.73475994E-17 1.43116955E-07 1.43581507E-35 2.19328283E-26 3.97914647E-34 1.00000000E-40 4.93946806E-39 1.00000000E-40 6.92249247E-32 2.52598163E-33 3.35137974E-11 1.00000000E-40 1.00000000E-40 1.00000000E-40 1.00000000E-40 1.40895302E-38 1.43396978E-11 7.12532159E-34 1.22585115E-33 1.00000000E-40 1.00000000E-40 1.00000000E-40 8.56190766E-38 4.86763815E-29 1.00000000E-40 1.00000000E-40 2.85657936E-14 4.95848428E-25 1.38472819E-34 2.84676000E-20 1.00000000E-05 1.00000000E-05 1.00000000E-05 1.00000000E-05 1.00000000E-05 1.00000000E-05 1.00000000E-05 1.00000000E-05 1.00000000E-05 1.00000000E-05
5.55000000E+01 2.86800321E-04 1.63322294E+16 1.27189390E+02 1.00000000E+05 7.73473812E-12 5.89210977E-27 1.00000000E-40 1.00000000E-40 1.72845677E-09 1.00000000E-40 1.00000000E-40 1.00000000E-40 1.00000000E-40 1.00000000E-40 3.45206402E-09 7.51765593E-05 1.18170720E-10 1.16806921E-12 2.55921607E-07 1.11211475E-04 2.31646288E-04 7.73800049E-02 2.26101309E-17 1.73552276E-18 1.00000000E-40 1.00000000E-40 1.11504218E-37 4.01946488E-32 6.62498902E-27 3.24878825E-13 6.09981267E-19 4.59790645E-28 6.16352283E-29 6.93332501E-28 1.69451271E-13 5.31698615E-13 4.09944541E-07 4.13523193E-05 1.00000000E-40 1.00000000E-40 1.41779548E-12 1.00000000E-40 1.00000000E-40 2.68584581E-32 4.37255480E-29 2.52283731E-12 1.23955252E-11 6.29030390E-09 6.26780052E-10 6.74413079E-13 2.07855340E-07 3.49514915E-12 1.78733324E-20 1.83064711E-17 1.66331793E-07 1.56944784E-35 2.20652628E-26 1.26164826E-33 1.54675263E-32 5.34271433E-39 1.00000000E-40 6.57465616E-32 2.64572159E-33 3.75041193E-11 1.00000000E-40 1.00000000E-40 1.00000000E-40 1.00000000E-40 1.91278184E-38 1.57557821E-11 1.12186020E-33 1.20030608E-33 1.00000000E-40 1.00000000E-40 5.25452965E-37 1.16185666E-37 5.86147474E-29 1.00000000E-40 6.28907340E-36 3.11060567E-14 3.20152572E-25 1.47421288E-34 5.71380000E-20 1.00000000E-05 1.00000000E-05 1.00000000E-05 1.00000000E-05 1.00000000E-05 1.00000000E-05 1.00000000E-05 1.00000000E-05 1.00000000E-05 1.00000000E-05
5.65000000E+01 2.45863077E-04 1.39299784E+16 1.27837883E+02 1.00000000E+05 2.81716423E-12 5.10288404E-29 1.00000000E-40 1.00000000E-40 1.87573229E-09 1.00000000E-40 1.00000000E-40 1.00000000E-40 1.00000000E-40 1.00000000E-40 4.82377930E-09 8.31022775E-05 1.68264714E-10 1.53179759E-12 3.42160745E-07 1.33814015E-04 2.78558453E-04 8.57378934E-02 3.05878325E-17 2.49145414E-18 1.00000000E-40 1.00000000E-40 2.13802281E-37 1.00000000E-40 6.99250310E-27 4.38206232E-13 6.80887916E-19 5.37456281E-28 1.00000000E-40 6.80275071E-28 1.89001635E-13 5.87957800E-13 5.07270420E-07 4.55091631E-05 1.00000000E-40 1.00000000E-40 1.77995070E-12 1.00000000E-40 1.00000000E-40 3.37047665E-32 1.00000000E-40 3.01448090E-12 1.39169307E-11 7.22432111E-09 6.88789963E-10 8.56905738E-13 2.20881645E-07 4.39804994E-12 1.79020363E-20 1.88661531E-17 1.92386715E-07 1.70901580E-35 2.20956599E-26 2.46965285E-33 4.56535701E-32 5.75293908E-39 1.00000000E-40 6.18673709E-32 2.73425973E-33 4.15251359E-11 1.00000000E-40 1.00000000E-40 1.00000000E-40 1.00000000E-40 2.52034971E-38 1.70786355E-11 1.63830204E-33 1.16727274E-33 1.00000000E-40 1.00000000E-40 1.60986869E-36 1.57961458E-37 7.04240201E-29 1.00000000E-40 1.00000000E-40 3.36074080E-14 1.97105993E-25 1.55537794E-34 1.26565000E-19 1.00000000E-05 1.00000000E-05 1.00000000E-05 1.00000000E-05 1.00000000E-05 1.00000000E-05 1.00000000E-05 1.00000000E-05 1.00000000E-05 1.00000000E-05
5.75000000E+01 2.10935308E-04 1.18893663E+16 1.28501229E+02 1.00000000E+05 8.73535898E-13 2.45344857E-31 1.00000000E-40 1.00000000E-40 2.02354878E-09 1.00000000E-40 1.00000000E-40 1.00000000E-40 1.00000000E-40 1.00000000E-40 6.74382940E-09 9.15378219E-05 2.40110433E-10 2.00396140E-12 4.57655918E-07 1.60620166E-04 3.34185210E-04 9.46587713E-02 4.12772427E-17 3.54169575E-18 1.00000000E-40 1.00000000E-40 3.06349317E-37 1.00000000E-40 7.36540151E-27 5.91413153E-13 7.51154602E-19 6.07350376E-28 3.57544444E-29 6.68923252E-28 2.06354458E-13 6.42493796E-13 6.23713949E-07 4.99396806E-05 1.00000000E-40 1.00000000E-40 2.22123693E-12 1.00000000E-40 1.00000000E-40 3.48350685E-32 1.00000000E-40 3.58370664E-12 1.54278429E-11 8.19919314E-09 7.55651684E-10 1.08944936E-12 2.33260498E-07 5.57004548E-12 1.74807490E-20 1.90052390E-17 2.21520332E-07 1.85387130E-35 2.20059417E-26 3.50623211E-33 6.91009584E-32 6.16594254E-39 1.00000000E-40 5.76518352E-32 2.78110674E-33 4.55104282E-11 1.00000000E-40 1.00000000E-40 2.15231428E-37 1.00000000E-40 2.78328783E-38 1.82884124E-11 2.44339795E-33 1.12690145E-33 1.00000000E-40 1.00000000E-40 2.53226324E-36 2.14638517E-37 8.44687283E-29 1.00000000E-40 1.00000000E-40 3.60109782E-14 1.15066567E-25 1.62141243E-34 3.25760000E-19 1.00000000E-05 1.00000000E-05 1.00000000E-05 1.00000000E-05 1.00000000E-05 1.00000000E-05 1.00000000E-05 1.00000000E-05 1.00000000E-05 1.00000000E-05
5.85000000E+01 1.81113181E-04 1.01553586E+16 1.29172937E+02 1.00000000E+05 2.27484889E-13 6.04787655E-34 1.00000000E-40 1.00000000E-40 2.17005072E-09 1.00000000E-40 1.00000000E-40 1.00000000E-40 1.00000000E-40 1.00000000E-40 9.41843970E-09 1.00491606E-04 3.42862626E-10 2.61276251E-12 6.11981246E-07 1.92397076E-04 4.00122746E-04 1.04161843E-01 5.54794007E-17 4.97421479E-18 1.00000000E-40 1.00000000E-40 1.45817516E-37 1.00000000E-40 7.74258876E-27 7.97337373E-13 8.18637902E-19 7.36804263E-28 2.28392145E-28 6.58980204E-28 2.20901067E-13 6.94176455E-13 7.62122800E-07 5.46445877E-05 1.00000000E-40 1.00000000E-40 2.75472559E-12 1.00000000E-40 1.00000000E-40 8.28626200E-33 1.00000000E-40 4.23765585E-12 1.68954635E-11 9.20489939E-09 8.26921183E-10 1.38435296E-12 2.44779667E-07 7.08427786E-12 1.66496056E-20 1.87506228E-17 2.53998561E-07 2.00360120E-35 2.17857265E-26 1.67970471E-33 3.53113371E-32 6.57823689E-39 1.00000000E-40 5.31961408E-32 2.77817815E-33 4.94341361E-11 1.00000000E-40 1.00000000E-40 1.00000000E-40 1.00000000E-40 6.84146002E-39 1.93613271E-11 3.59354772E-33 1.07996937E-33 1.00000000E-40 1.00000000E-40 1.34540024E-36 2.91145084E-37 1.01194941E-28 1.00000000E-40 1.00000000E-40 3.82420300E-14 6.33296488E-26 1.66712255E-34 9.77506000E-19 1.00000000E-05 1.00000000E-05 1.00000000E-05 1.00000000E-05 1.00000000E-05 1.00000000E-05 1.00000000E-05 1.00000000E-05 1.00000000E-05 1.00000000E-05
5.95000000E+01 1.55630507E-04 8.68120793E+15 1.29846813E+02 1.00000000E+05 4.90694071E-14 6.73334569E-37 1.00000000E-40 1.00000000E-40 2.31333130E-09 1.00000000E-40 1.00000000E-40 1.00000000E-40 1.00000000E-40 1.00000000E-40 1.31201692E-08 1.09985006E-04 4.89105799E-10 3.39196751E-12 8.17534716E-07 2.30057711E-04 4.78273717E-04 1.14281674E-01 7.41653252E-17 6.88848907E-18 1.00000000E-40 1.00000000E-40 1.00000000E-40 1.00000000E-40 8.12651151E-27 1.07203661E-12 8.81280163E-19 8.79860686E-28 4.51050706E-29 6.50230466E-28 2.32351212E-13 7.42166608E-13 9.25680980E-07 5.96290571E-05 1.00000000E-40 1.00000000E-40 3.39440223E-12 1.00000000E-40 1.00000000E-40 1.00000000E-40 1.00000000E-40 4.98331930E-12 1.82890791E-11 1.02359430E-08 9.02020460E-10 1.75543104E-12 2.55269205E-07 9.02680187E-12 1.54919454E-20 1.81661982E-17 2.90116830E-07 2.15805943E-35 2.14324740E-26 1.00000000E-40 1.00000000E-40 6.98716084E-39 1.00000000E-40 4.86178279E-32 2.72175807E-33 5.32936599E-11 1.00000000E-40 4.13501552E-40 1.00000000E-40 1.00000000E-40 1.00000000E-40 2.02846657E-11 5.26124704E-33 1.02808494E-33 1.00000000E-40 1.00000000E-40 1.00000000E-40 3.93914009E-37 1.21148533E-28 1.10716872E-36 1.00000000E-40 4.02366350E-14 3.26734951E-26 1.68864363E-34 2.84244000E-18 1.00000000E-05 1.00000000E-05 1.00000000E-05 1.00000000E-05 1.00000000E-05 1.00000000E-05 1.00000000E-05 1.00000000E-05 1.00000000E-05 1.00000000E-05
6.05000000E+01 1.33836715E-04 7.42810991E+15 1.30500933E+02 1.00000000E+05 8.63726554E-15 3.38683220E-40 1.00000000E-40 1.00000000E-40 2.45110784E-09 1.00000000E-40 1.00000000E-40 1.00000000E-40 1.00000000E-40 1.00000000E-40 1.82027092E-08 1.20048955E-04 6.95287390E-10 4.38154417E-12 1.08997307E-06 2.74678291E-04 5.70884533E-04 1.25066662E-01 9.84277095E-17 9.39025999E-18 1.00000000E-40 1.00000000E-40 1.00000000E-40 1.00000000E-40 8.52022467E-27 1.43483037E-12 9.37608419E-19 9.31105856E-28 3.34835296E-28 6.42507871E-28 2.40879152E-13 7.86239167E-13 1.11782581E-06 6.49019849E-05 1.00000000E-40 1.00000000E-40 4.15477885E-12 1.00000000E-40 1.00000000E-40 1.03351761E-32 1.00000000E-40 5.82900908E-12 1.95826350E-11 1.12976003E-08 9.79826529E-10 2.22533806E-12 2.64600348E-07 1.14883436E-11 1.41129143E-20 1.73348009E-17 3.30193433E-07 2.31732553E-35 2.09506186E-26 1.00000000E-40 1.00000000E-40 7.39077117E-39 1.00000000E-40 4.40426560E-32 2.61400743E-33 5.70708524E-11 1.00000000E-40 4.55355803E-40 3.85612527E-37 1.00000000E-40 1.01489070E-38 2.10733790E-11 7.56244013E-33 9.73582805E-34 1.00000000E-40 1.00000000E-40 1.00000000E-40 5.30171919E-37 1.44989422E-28 1.72533335E-36 7.50338821E-37 4.19778823E-14 1.57201557E-26 1.68289859E-34 7.03936000E-18 1.00000000E-05 1.00000000E-05 1.00000000E-05 1.00000000E-05 1.00000000E-05 1.00000000E-05 1.00000000E-05 1.00000000E-05 1.00000000E-05 1.00000000E-05
6.15000000E+01 1.15179813E-04 6.36212865E+15 1.31126556E+02 1.00000000E+05 1.21983187E-15 1.00000000E-40 1.00000000E-40 1.00000000E-40 2.58070665E-09 1.00000000E-40 1.00000000E-40 1.00000000E-40 1.00000000E-40 1.00000000E-40 2.51180849E-08 1.30723888E-04 9.83250128E-10 5.62825938E-12 1.44926273E-06 3.27519561E-04 6.80591366E-04 1.36577649E-01 1.29516267E-16 1.25835578E-17 1.00000000E-40 1.00000000E-40 1.00000000E-40 1.00000000E-40 8.92784104E-27 1.90900037E-12 9.86166331E-19 1.01782493E-27 1.00000000E-40 6.35670314E-28 2.46831646E-13 8.26140858E-13 1.34241594E-06 7.04752494E-05 1.00000000E-40 1.00000000E-40 5.05042168E-12 1.00000000E-40 1.00000000E-40 5.07177479E-33 1.00000000E-40 6.78161450E-12 2.07540182E-11 1.23996980E-08 1.05898150E-09 2.81789619E-12 2.72684124E-07 1.45653941E-11 1.26209272E-20 1.63437436E-17 3.74563593E-07 2.48166431E-35 2.03504622E-26 1.00000000E-40 1.00000000E-40 7.78772095E-39 1.00000000E-40 3.95930561E-32 2.46220448E-33 6.07785442E-11 1.00000000E-40 2.59391653E-40 1.00000000E-40 1.00000000E-40 4.27435159E-39 2.17360215E-11 1.06237022E-32 9.18841738E-34 1.00000000E-40 1.00000000E-40 1.00000000E-40 7.08706908E-37 1.73504373E-28 7.03799056E-37 1.00000000E-40 4.34449133E-14 7.02039419E-27 1.65052339E-34 1.51963000E-17 1.00000000E-05 1.00000000E-05 1.00000000E-05 1.00000000E-05 1.00000000E-05 1.00000000E-05 1.00000000E-05 1.00000000E-05 1.00000000E-05 1.00000000E-05
6.25000000E+01 9.91926572E-05 5.45442593E+15 1.31718627E+02 1.00000000E+05 1.35475268E-16 1.00000000E-40 1.00000000E-40 1.00000000E-40 2.69906774E-09 1.00000000E-40 1.00000000E-40 1.00000000E-40 1.00000000E-40 1.00000000E-40 3.44353430E-08 1.42058164E-04 1.38143414E-09 7.18641295E-12 1.92069532E-06 3.90051566E-04 8.10473784E-04 1.48885909E-01 1.68820938E-16 1.65608255E-17 1.00000000E-40 1.00000000E-40 1.81231026E-37 1.00000000E-40 9.35689263E-27 2.52204970E-12 1.02564757E-18 1.16236337E-27 1.00000000E-40 6.29574148E-28 2.50607816E-13 8.61642830E-13 1.60375619E-06 7.63629627E-05 1.00000000E-40 1.00000000E-40 6.09540341E-12 1.00000000E-40 1.00000000E-40 2.94801040E-32 1.00000000E-40 7.84657186E-12 2.17849067E-11 1.35568822E-08 1.13800864E-09 3.55777653E-12 2.79467043E-07 1.83541605E-11 1.11112424E-20 1.52721011E-17 4.23573240E-07 2.65146670E-35 1.96466724E-26 1.56571718E-33 1.77973596E-32 8.17708267E-39 1.00000000E-40 3.53778899E-32 2.27742436E-33 6.44476953E-11 1.00000000E-40 1.00000000E-40 3.98898019E-37 1.00000000E-40 2.81584251E-38 2.22786244E-11 1.45781440E-32 8.66139672E-34 1.00000000E-40 1.00000000E-40 7.84481251E-37 9.40127734E-37 2.07633881E-28 1.00000000E-40 1.00000000E-40 4.46226177E-14 2.89923861E-27 1.59503339E-34 2.97862000E-17 1.00000000E-05 1.00000000E-05 1.00000000E-05 1.00000000E-05 1.00000000E-05 1.00000000E-05 1.00000000E-05 1.00000000E-05 1.00000000E-05 1.00000000E-05
6.35000000E+01 8.54799655E-05 4.68071784E+15 1.32272205E+02 1.00000000E+05 1.15418096E-17 1.00000000E-40 1.00000000E-40 1.00000000E-40 2.80271262E-09 1.00000000E-40 1.00000000E-40 1.00000000E-40 1.00000000E-40 1.00000000E-40 4.68611367E-08 1.54108321E-04 1.92527082E-09 9.11866068E-12 2.53587733E-06 4.63982118E-04 9.64116682E-04 1.62071234E-01 2.17832756E-16 2.13926842E-17 1.00000000E-40 1.00000000E-40 2.53531061E-37 4.37529579E-32 9.81368072E-27 3.30570568E-12 1.05522902E-18 1.23194417E-27 1.25077293E-28 6.24056135E-28 2.52683964E-13 8.92713181E-13 1.90653450E-06 8.25809330E-05 1.00000000E-40 1.00000000E-40 7.30267172E-12 1.00000000E-40 1.00000000E-40 5.98120986E-32 4.38785848E-29 9.02887011E-12 2.26614866E-11 1.47883993E-08 1.21518597E-09 4.46849357E-12 2.84926937E-07 2.29411279E-11 9.65590304E-21 1.41821801E-17 4.77572980E-07 2.82719208E-35 1.88566558E-26 1.88716498E-33 1.20276150E-32 8.55819464E-39 1.00000000E-40 3.14852482E-32 2.07302450E-33 6.81063877E-11 1.00000000E-40 8.21831642E-40 9.46698915E-38 1.00000000E-40 6.10408044E-38 2.27116983E-11 1.95034273E-32 8.17489344E-34 1.00000000E-40 1.00000000E-40 5.47048591E-37 1.23649290E-36 2.48480710E-28 1.00000000E-40 8.06707616E-37 4.55114229E-14 1.10344335E-27 1.52181617E-34 5.45677000E-17 1.00000000E-05 1.00000000E-05 1.00000000E-05 1.00000000E-05 1.00000000E-05 1.00000000E-05 1.00000000E-05 1.00000000E-05 1.00000000E-05 1.00000000E-05
6.45000000E+01 7.37060182E-05 4.02117479E+15 1.32759836E+02 1.00000000E+05 7.30163013E-19 1.00000000E-40 1.00000000E-40 1.00000000E-40 2.88726910E-09 1.00000000E-40 1.00000000E-40 1.00000000E-40 1.00000000E-40 1.00000000E-40 6.32534348E-08 1.66922240E-04 2.65599106E-09 1.14974423E-11 3.33338715E-06 5.51262194E-04 1.14562363E-03 1.76213147E-01 2.77845536E-16 2.71163847E-17 1.00000000E-40 1.00000000E-40 3.31120518E-37 1.00000000E-40 1.03052347E-26 4.29434343E-12 1.07446404E-18 1.39557242E-27 1.96290768E-28 6.18905375E-28 2.53693174E-13 9.19545134E-13 2.25530768E-06 8.91432779E-05 1.00000000E-40 1.00000000E-40 8.68296501E-12 1.00000000E-40 1.00000000E-40 4.27144723E-32 1.00000000E-40 1.03344513E-11 2.33733733E-11 1.61308295E-08 1.28756076E-09 5.60275140E-12 2.89058627E-07 2.83623492E-11 8.30150871E-21 1.31190548E-17 5.36890383E-07 3.00918799E-35 1.79986399E-26 2.77163147E-33 2.20467618E-32 8.93019431E-39 1.00000000E-40 2.79783629E-32 1.86298979E-33 7.17229519E-11 1.00000000E-40 1.00000000E-40 1.00000000E-40 1.00000000E-40 5.73667976E-38 2.30647190E-11 2.52904955E-32 7.74175440E-34 1.00000000E-40 1.00000000E-40 1.03081969E-36 1.60725186E-36 2.97325988E-28 1.10717552E-36 1.00000000E-40 4.61721458E-14 3.87804404E-28 1.43606668E-34 9.51353000E-17 1.00000000E-05 1.00000000E-05 1.00000000E-05 1.00000000E-05 1.00000000E-05 1.00000000E-05 1.00000000E-05 1.00000000E-05 1.00000000E-05 1.00000000E-05
6.55000000E+01 6.35867036E-05 3.45760482E+15 1.33201051E+02 1.00000000E+05 3.27945801E-20 1.00000000E-40 1.00000000E-40 1.00000000E-40 2.94781633E-09 1.00000000E-40 1.00000000E-40 1.00000000E-40 1.00000000E-40 1.00000000E-40 8.46482275E-08 1.80552617E-04 3.62484937E-09 1.44029826E-11 4.36334346E-06 6.54130481E-04 1.35971634E-03 1.91393445E-01 3.50421191E-16 3.37181041E-17 1.00000000E-40 1.00000000E-40 3.51857738E-37 1.00000000E-40 1.08403050E-26 5.52905843E-12 1.08192244E-18 1.45006876E-27 5.86336094E-28 6.13873633E-28 2.53580927E-13 9.41152312E-13 2.65568752E-06 9.60628150E-05 1.00000000E-40 1.00000000E-40 1.02441754E-11 1.00000000E-40 1.00000000E-40 4.62448475E-32 1.00000000E-40 1.17576979E-11 2.39058519E-11 1.76046106E-08 1.35479667E-09 6.96261687E-12 2.91878630E-07 3.46608572E-11 7.07593697E-21 1.21127115E-17 6.01835933E-07 3.19772119E-35 1.70911045E-26 2.84348640E-33 2.43458258E-32 9.29204572E-39 1.00000000E-40 2.48991390E-32 1.65750627E-33 7.53841526E-11 1.00000000E-40 1.00000000E-40 2.30476134E-36 1.00000000E-40 5.11300585E-38 2.33080349E-11 3.18674196E-32 7.36610926E-34 1.00000000E-40 1.00000000E-40 1.16634084E-36 2.06731757E-36 3.55644350E-28 1.00000000E-40 1.00000000E-40 4.65617535E-14 1.25167212E-28 1.34587630E-34 1.59618000E-16 1.00000000E-05 1.00000000E-05 1.00000000E-05 1.00000000E-05 1.00000000E-05 1.00000000E-05 1.00000000E-05 1.00000000E-05 1.00000000E-05 1.00000000E-05
6.65000000E+01 5.48822245E-05 2.97537549E+15 1.33600058E+02 1.00000000E+05 9.79061757E-22 1.00000000E-40 1.00000000E-40 1.00000000E-40 2.97983514E-09 1.00000000E-40 1.00000000E-40 1.00000000E-40 1.00000000E-40 1.00000000E-40 1.12273982E-07 1.95047443E-04 4.88822879E-09 1.79257657E-11 5.68837986E-06 7.75141908E-04 1.61179812E-03 2.07692064E-01 4.36976616E-16 4.11244838E-17 1.00000000E-40 1.00000000E-40 4.76087434E-37 7.64050348E-32 1.14267700E-26 7.05459915E-12 1.07660047E-18 1.19295954E-27 1.00000000E-40 6.08667183E-28 2.52233633E-13 9.56710593E-13 3.11340821E-06 1.03350277E-04 1.00000000E-40 1.00000000E-40 1.19904573E-11 1.00000000E-40 1.00000000E-40 5.33840081E-32 7.51229895E-29 1.32900370E-11 2.42431133E-11 1.92393521E-08 1.41760325E-09 8.54734221E-12 2.93416832E-07 4.18343123E-11 5.99013970E-21 1.11805311E-17 6.72690978E-07 3.39287523E-35 1.61513408E-26 3.84412946E-33 5.47688496E-32 9.64231093E-39 1.00000000E-40 2.22666528E-32 1.46467395E-33 7.91472753E-11 1.00000000E-40 1.96668865E-39 7.03542361E-36 1.00000000E-40 7.03573202E-38 2.34239646E-11 3.89834240E-32 7.04636446E-34 1.00000000E-40 1.00000000E-40 2.68227994E-36 2.63101900E-36 4.25117796E-28 8.89793759E-37 9.57902952E-37 4.66718226E-14 3.46615304E-29 1.25752414E-34 2.59614000E-16 1.00000000E-05 1.00000000E-05 1.00000000E-05 1.00000000E-05 1.00000000E-05 1.00000000E-05 1.00000000E-05 1.00000000E-05 1.00000000E-05 1.00000000E-05
6.75000000E+01 4.73890250E-05 2.56229149E+15 1.33957172E+02 1.00000000E+05 1.75263089E-23 1.00000000E-40 1.00000000E-40 1.00000000E-40 2.97928385E-09 1.00000000E-40 1.00000000E-40 1.00000000E-40 1.00000000E-40 1.00000000E-40 1.47566001E-07 2.10451547E-04 6.50167015E-09 2.21661696E-11 7.38633616E-06 9.17198093E-04 1.90802400E-03 2.25185356E-01 5.38704862E-16 4.91970347E-17 1.00000000E-40 1.00000000E-40 3.28644293E-37 1.00000000E-40 1.20721009E-26 8.91908291E-12 1.05812550E-18 1.32170064E-27 1.00000000E-40 6.02958413E-28 2.49587545E-13 9.65560565E-13 3.63422767E-06 1.11013716E-04 1.00000000E-40 1.00000000E-40 1.39213153E-11 1.00000000E-40 1.00000000E-40 4.09012139E-32 1.00000000E-40 1.49193213E-11 2.43700892E-11 2.10697670E-08 1.47756708E-09 1.03382634E-11 2.93716216E-07 4.98285272E-11 5.04291630E-21 1.03294218E-17 7.49699290E-07 3.59451049E-35 1.51950505E-26 2.54039802E-33 1.00000000E-40 9.97912220E-39 1.00000000E-40 2.00807258E-32 1.29016766E-33 8.30504373E-11 1.00000000E-40 1.00000000E-40 1.00000000E-40 1.00000000E-40 3.33319510E-38 2.34011929E-11 4.62692031E-32 6.77403697E-34 1.00000000E-40 1.00000000E-40 1.00000000E-40 3.31158196E-36 5.07636382E-28 1.00000000E-40 1.00000000E-40 4.65070570E-14 5.74779800E-30 1.17597747E-34 4.11433000E-16 1.00000000E-05 1.00000000E-05 1.00000000E-05 1.00000000E-05 1.00000000E-05 1.00000000E-05 1.00000000E-05 1.00000000E-05 1.00000000E-05 1.00000000E-05
6.85000000E+01 4.09336462E-05 2.20827680E+15 1.34259075E+02 1.00000000E+05 1.57115940E-25 1.00000000E-40 1.00000000E-40 1.00000000E-40 2.94260499E-09 1.00000000E-40 1.00000000E-40 1.00000000E-40 1.00000000E-40 1.00000000E-40 1.92148292E-07 2.26781568E-04 8.51095477E-09 2.72345581E-11 9.55323487E-06 1.08352517E-03 2.25525994E-03 2.43934297E-01 6.56011952E-16 5.77234756E-17 1.00000000E-40 1.00000000E-40 6.32598539E-37 1.00000000E-40 1.27830508E-26 1.11709597E-11 1.02637142E-18 9.72452901E-28 1.33813904E-28 5.96382236E-28 2.45656990E-13 9.67007863E-13 4.22319753E-06 1.19053708E-04 1.00000000E-40 1.00000000E-40 1.60300630E-11 1.00000000E-40 1.00000000E-40 9.47618768E-32 1.00000000E-40 1.66278659E-11 2.42715293E-11 2.31508449E-08 1.53594213E-09 1.23441728E-11 2.92821029E-07 5.84832185E-11 4.22588579E-21 9.56083208E-18 8.33024556E-07 3.80205947E-35 1.42356437E-26 4.57086331E-33 3.46402920E-32 1.02997367E-38 1.00000000E-40 1.83257612E-32 1.13712856E-33 8.70843490E-11 1.00000000E-40 8.15168478E-40 1.58594853E-36 1.00000000E-40 1.52541643E-37 2.32375133E-11 5.32081412E-32 6.52962274E-34 1.00000000E-40 1.49220514E-40 1.75894205E-36 4.11270877E-36 6.05263741E-28 1.66545926E-36 6.95337687E-37 4.61056498E-14 3.58915670E-30 1.10425643E-34 6.37682000E-16 1.00000000E-05 1.00000000E-05 1.00000000E-05 1.00000000E-05 1.00000000E-05 1.00000000E-05 1.00000000E-05 1.00000000E-05 1.00000000E-05 1.00000000E-05
6.95000000E+01 3.53687574E-05 1.90415249E+15 1.34534855E+02 1.00000000E+05 4.76064540E-28 1.00000000E-40 1.00000000E-40 1.00000000E-40 2.86730338E-09 1.00000000E-40 1.00000000E-40 1.00000000E-40 1.00000000E-40 1.00000000E-40 2.47865337E-07 2.44062145E-04 1.09539295E-08 3.32412765E-11 1.23155583E-05 1.27776587E-03 2.66129250E-03 2.63996845E-01 7.89753714E-16 6.63914122E-17 1.00000000E-40 1.00000000E-40 7.98397958E-37 2.52155740E-31 1.35644691E-26 1.38695253E-11 9.81039730E-19 1.02520722E-27 1.00000000E-40 5.88582866E-28 2.39769771E-13 9.59585357E-13 4.88737367E-06 1.27466463E-04 1.00000000E-40 1.00000000E-40 1.83039023E-11 1.00000000E-40 1.00000000E-40 1.17285019E-31 2.44570923E-28 1.83775440E-11 2.39268053E-11 2.55086203E-08 1.60106970E-09 1.44399468E-11 2.90793263E-07 6.77000053E-11 3.52826581E-21 8.87138342E-18 9.22789664E-07 4.01473217E-35 1.32849541E-26 5.67485442E-33 4.96888477E-32 1.06009366E-38 1.00000000E-40 1.69778275E-32 1.00462911E-33 9.13916236E-11 1.00000000E-40 1.78774126E-39 4.57619786E-36 1.00000000E-40 1.40968124E-37 2.28820765E-11 5.93751232E-32 6.29787979E-34 1.00000000E-40 1.44208373E-40 2.56070577E-36 5.05089608E-36 7.20247333E-28 1.34033602E-36 2.63673032E-37 4.53923493E-14 6.07209327E-30 1.04547764E-34 9.69147000E-16 1.00000000E-05 1.00000000E-05 1.00000000E-05 1.00000000E-05 1.00000000E-05 1.00000000E-05 1.00000000E-05 1.00000000E-05 1.00000000E-05 1.00000000E-05
7.05000000E+01 3.05691428E-05 1.64269150E+15 1.34785748E+02 1.00000000E+05 2.71847519E-31 1.00000000E-40 1.00000000E-40 1.00000000E-40 2.75385171E-09 1.00000000E-40 1.00000000E-40 1.00000000E-40 1.00000000E-40 1.00000000E-40 3.16734973E-07 2.62298739E-04 1.38402043E-08 4.03058355E-11 1.58297026E-05 1.50396739E-03 3.13480843E-03 2.85417376E-01 9.39724500E-16 7.48252740E-17 1.00000000E-40 1.00000000E-40 5.99427418E-37 1.00000000E-40 1.44205956E-26 1.70721358E-11 9.23011129E-19 1.34518257E-27 1.00000000E-40 5.79211637E-28 2.31662272E-13 9.42630348E-13 5.63259979E-06 1.36241951E-04 1.00000000E-40 1.00000000E-40 2.07228987E-11 1.00000000E-40 1.00000000E-40 1.02489698E-31 1.00000000E-40 2.01298316E-11 2.33219732E-11 2.81968601E-08 1.67998649E-09 1.65516194E-11 2.87699620E-07 7.72706287E-11 2.93702313E-21 8.25646815E-18 1.01904131E-06 4.23132603E-35 1.23525421E-26 3.99366237E-33 1.00000000E-40 1.08787897E-38 1.00000000E-40 1.60038713E-32 8.91232459E-34 9.60275150E-11 1.00000000E-40 1.00000000E-40 1.00000000E-40 1.00000000E-40 1.22423420E-37 2.23223855E-11 6.42648837E-32 6.05809100E-34 1.00000000E-40 1.22914375E-40 1.00000000E-40 6.12994353E-36 8.54968220E-28 1.00000000E-40 1.00000000E-40 4.43718294E-14 1.00000000E-40 1.00024108E-34 1.44684000E-15 1.00000000E-05 1.00000000E-05 1.00000000E-05 1.00000000E-05 1.00000000E-05 1.00000000E-05 1.00000000E-05 1.00000000E-05 1.00000000E-05 1.00000000E-05
7.15000000E+01 2.64275986E-05 1.41780484E+15 1.35007513E+02 1.00000000E+05 1.23644618E-35 1.00000000E-40 1.00000000E-40 1.00000000E-40 2.60424562E-09 1.00000000E-40 1.00000000E-40 1.00000000E-40 1.00000000E-40 1.00000000E-40 4.00897619E-07 2.81474926E-04 1.71443019E-08 4.85489569E-11 2.02908744E-05 1.76656621E-03 3.68537666E-03 3.08222243E-01 1.10469737E-15 8.26011311E-17 1.00000000E-40 1.00000000E-40 6.83186461E-37 1.00000000E-40 1.53528996E-26 2.08360584E-11 8.53963243E-19 1.41729824E-27 1.00000000E-40 5.67949610E-28 2.21265568E-13 9.15849832E-13 6.46407318E-06 1.45361242E-04 1.00000000E-40 1.00000000E-40 2.32592838E-11 1.00000000E-40 1.00000000E-40 1.60129564E-32 1.00000000E-40 2.18395527E-11 2.24520695E-11 3.12833873E-08 1.77924212E-09 1.86122416E-11 2.83612409E-07 8.69157546E-11 2.43866448E-21 7.71000096E-18 1.12172945E-06 4.45017974E-35 1.14460947E-26 5.72277172E-33 1.00000000E-40 1.11286654E-38 1.00000000E-40 1.53658042E-32 7.94458721E-34 1.01029739E-10 1.00000000E-40 7.57381158E-40 1.00000000E-40 1.00000000E-40 4.86241877E-38 2.15569582E-11 6.73823933E-32 5.78831005E-34 1.00000000E-40 1.00000000E-40 1.00000000E-40 7.34280922E-36 1.01186465E-27 1.86271295E-37 1.07226126E-36 4.30605796E-14 2.32856064E-30 9.67929218E-35 2.12394000E-15 1.00000000E-05 1.00000000E-05 1.00000000E-05 1.00000000E-05 1.00000000E-05 1.00000000E-05 1.00000000E-05 1.00000000E-05 1.00000000E-05 1.00000000E-05
7.25000000E+01 2.28523641E-05 1.22417404E+15 1.35208712E+02 1.00000000E+05 1.21784797E-40 1.00000000E-40 1.00000000E-40 1.00000000E-40 2.42188359E-09 1.00000000E-40 1.00000000E-40 1.00000000E-40 1.00000000E-40 1.00000000E-40 5.02568626E-07 3.01559842E-04 2.08063313E-08 5.80827740E-11 2.59473110E-05 2.07039880E-03 4.32349034E-03 3.32420151E-01 1.28283913E-15 8.92579051E-17 1.00000000E-40 1.00000000E-40 8.40733620E-37 8.12954568E-32 1.63616375E-26 2.52232127E-11 7.76095942E-19 3.45094056E-28 1.00000000E-40 5.54531764E-28 2.08477818E-13 8.79148186E-13 7.38752742E-06 1.54795498E-04 1.00000000E-40 1.00000000E-40 2.58775011E-11 1.00000000E-40 1.00000000E-40 2.26496438E-32 7.79453435E-29 2.34503649E-11 2.13214223E-11 3.48347444E-08 1.90780795E-09 2.05086162E-11 2.78611689E-07 9.63673206E-11 2.02056948E-21 7.22493782E-18 1.23070713E-06 4.66920054E-35 1.05717533E-26 6.91914029E-33 1.00000000E-40 1.13453184E-38 1.00000000E-40 1.50231633E-32 7.10786102E-34 1.06481311E-10 1.00000000E-40 4.73971684E-40 5.41785698E-37 1.00000000E-40 2.74472797E-38 2.05812647E-11 6.84068828E-32 5.47328099E-34 1.00000000E-40 1.00000000E-40 1.00000000E-40 8.68057426E-36 1.19334922E-27 1.00000000E-40 1.00000000E-40 4.14509365E-14 1.00000000E-40 9.47186768E-35 3.06721000E-15 1.00000000E-05 1.00000000E-05 1.00000000E-05 1.00000000E-05 1.00000000E-05 1.00000000E-05 1.00000000E-05 1.00000000E-05 1.00000000E-05 1.00000000E-05
7.35000000E+01 1.97648988E-05 1.05733544E+15 1.35393717E+02 1.00000000E+05 1.00000000E-40 1.00000000E-40 1.00000000E-40 1.00000000E-40 2.21210880E-09 1.00000000E-40 1.00000000E-40 1.00000000E-40 1.00000000E-40 1.00000000E-40 6.23954381E-07 3.22504729E-04 2.47314127E-08 6.90118958E-11 3.31122863E-05 2.42068267E-03 5.06054528E-03 3.57999067E-01 1.47126387E-15 9.43435359E-17 1.00000000E-40 1.00000000E-40 1.15064181E-36 1.45544470E-31 1.74434497E-26 3.02959115E-11 6.92120583E-19 8.80028150E-28 1.00000000E-40 5.38761826E-28 1.93366032E-13 8.32914267E-13 8.40817878E-06 1.64505697E-04 1.00000000E-40 1.00000000E-40 2.85344438E-11 1.00000000E-40 1.00000000E-40 7.62942067E-32 1.39240165E-28 2.49017071E-11 1.99471716E-11 3.89314282E-08 2.07534262E-09 2.21359689E-11 2.72782919E-07 1.05339888E-10 1.67123967E-21 6.79473055E-18 1.34571937E-06 4.88584169E-35 9.73419839E-27 8.77983947E-33 2.09116877E-32 1.15229445E-38 1.00000000E-40 1.49335972E-32 6.36677322E-34 1.12464486E-10 1.00000000E-40 1.00000000E-40 2.49642668E-36 1.00000000E-40 9.53447082E-38 1.94034410E-11 6.72164792E-32 5.10352661E-34 1.00000000E-40 1.00000000E-40 1.12773542E-36 1.01241331E-35 1.40170251E-27 1.00000000E-40 1.91474563E-36 3.95509658E-14 1.00000000E-40 9.35724226E-35 4.35767000E-15 1.00000000E-05 1.00000000E-05 1.00000000E-05 1.00000000E-05 1.00000000E-05 1.00000000E-05 1.00000000E-05 1.00000000E-05 1.00000000E-05 1.00000000E-05
7.45000000E+01 1.70978219E-05 9.13509735E+14 1.35563972E+02 1.00000000E+05 1.00000000E-40 1.00000000E-40 1.00000000E-40 1.00000000E-40 1.98161303E-09 1.00000000E-40 1.00000000E-40 1.00000000E-40 1.00000000E-40 1.00000000E-40 7.67140705E-07 3.44237776E-04 2.87938512E-08 8.14282547E-11 4.21795552E-05 2.82295574E-03 5.90873354E-03 3.84921102E-01 1.66586909E-15 9.74678824E-17 1.00000000E-40 1.00000000E-40 1.11145331E-36 1.97066334E-31 1.85908759E-26 3.61154639E-11 6.05117009E-19 4.11254419E-28 1.00000000E-40 5.20523436E-28 1.76221900E-13 7.78078684E-13 9.53037711E-06 1.74440912E-04 1.00000000E-40 1.00000000E-40 3.11799074E-11 1.00000000E-40 1.00000000E-40 4.19026851E-32 1.88094967E-28 2.61325262E-11 1.83613204E-11 4.36708465E-08 2.29157035E-09 2.34021373E-11 2.66214259E-07 1.13541668E-10 1.38035606E-21 6.41311156E-18 1.46638404E-06 5.09707281E-35 8.93681602E-27 8.78502176E-33 1.00000000E-40 1.16552614E-38 1.00000000E-40 1.50532814E-32 5.69023865E-34 1.19053183E-10 1.00000000E-40 1.63311815E-39 1.00000000E-40 1.00000000E-40 2.95225067E-38 1.80455110E-11 6.38394121E-32 4.67657543E-34 1.00000000E-40 1.00000000E-40 1.00000000E-40 1.16414421E-35 1.63892121E-27 1.00000000E-40 2.94485351E-37 3.73846753E-14 1.00000000E-40 9.30563201E-35 6.09034000E-15 1.00000000E-05 1.00000000E-05 1.00000000E-05 1.00000000E-05 1.00000000E-05 1.00000000E-05 1.00000000E-05 1.00000000E-05 1.00000000E-05 1.00000000E-05
7.55000000E+01 1.47932496E-05 7.89447332E+14 1.35724149E+02 1.00000000E+05 1.00000000E-40 1.00000000E-40 1.00000000E-40 1.00000000E-40 1.73798811E-09 1.00000000E-40 1.00000000E-40 1.00000000E-40 1.00000000E-40 1.00000000E-40 9.34014335E-07 3.66674930E-04 3.28469182E-08 9.54059646E-11 5.36455942E-05 3.28303672E-03 6.88098900E-03 4.13123594E-01 1.86173283E-15 9.83503573E-17 1.00000000E-40 1.00000000E-40 1.30786041E-36 1.15232270E-31 1.97945243E-26 4.27446471E-11 5.18276755E-19 3.11658083E-28 3.84265936E-27 4.99794143E-28 1.57510139E-13 7.16067838E-13 1.07579460E-05 1.84538843E-04 1.00000000E-40 1.00000000E-40 3.37579545E-11 1.00000000E-40 1.00000000E-40 1.80563462E-32 1.09686060E-28 2.70847907E-11 1.66101415E-11 4.91589525E-08 2.56714361E-09 2.41980596E-11 2.58998103E-07 1.20729676E-10 1.13883714E-21 6.07385793E-18 1.59219598E-06 5.29945881E-35 8.18201029E-27 1.06280462E-32 6.53677954E-33 1.17357945E-38 1.00000000E-40 1.53374609E-32 5.05355605E-34 1.26332562E-10 1.00000000E-40 1.00000000E-40 6.31335867E-37 1.00000000E-40 1.00000000E-40 1.65390087E-11 5.85827106E-32 4.19994486E-34 1.00000000E-40 1.00000000E-40 3.58648357E-37 1.31941958E-35 1.90656913E-27 1.00000000E-40 1.00000000E-40 3.49815441E-14 3.99729930E-30 9.28405208E-35 8.37370000E-15 1.00000000E-05 1.00000000E-05 1.00000000E-05 1.00000000E-05 1.00000000E-05 1.00000000E-05 1.00000000E-05 1.00000000E-05 1.00000000E-05 1.00000000E-05
7.65000000E+01 1.28013799E-05 6.82427061E+14 1.35868028E+02 1.00000000E+05 1.00000000E-40 1.00000000E-40 1.00000000E-40 1.00000000E-40 1.48954190E-09 1.00000000E-40 1.00000000E-40 1.00000000E-40 1.00000000E-40 1.00000000E-40 1.12605900E-06 3.89690082E-04 3.67288863E-08 1.11005707E-10 6.81311199E-05 3.80680121E-03 7.99054053E-03 4.42502867E-01 2.05218894E-15 9.68664802E-17 1.00000000E-40 1.00000000E-40 1.50140040E-36 1.22810723E-32 2.10385596E-26 5.02377462E-11 4.34506817E-19 7.82381483E-28 1.00000000E-40 4.76637359E-28 1.37900423E-13 6.48663046E-13 1.20919322E-05 1.94721468E-04 1.00000000E-40 1.00000000E-40 3.62074083E-11 1.00000000E-40 1.00000000E-40 2.42038864E-32 1.15921346E-29 2.77084221E-11 1.47512798E-11 5.55409811E-08 2.91052914E-09 2.44853750E-11 2.51221469E-07 1.26636570E-10 9.38794973E-22 5.77180933E-18 1.72246709E-06 5.48901892E-35 7.47100254E-27 1.20347430E-32 1.35034247E-32 1.17577580E-38 1.00000000E-40 1.57401083E-32 4.44210715E-34 1.34344130E-10 1.00000000E-40 1.00000000E-40 8.27222765E-37 1.00000000E-40 2.34249772E-38 1.49279784E-11 5.18460441E-32 3.68521756E-34 1.00000000E-40 1.00000000E-40 7.46409442E-37 1.47185706E-35 2.20552581E-27 2.34248585E-37 8.91920361E-37 3.23978163E-14 1.00000000E-40 9.25580150E-35 1.13298000E-14 1.00000000E-05 1.00000000E-05 1.00000000E-05 1.00000000E-05 1.00000000E-05 1.00000000E-05 1.00000000E-05 1.00000000E-05 1.00000000E-05 1.00000000E-05
7.75000000E+01 1.10793708E-05 5.90030379E+14 1.36005800E+02 1.00000000E+05 1.00000000E-40 1.00000000E-40 1.00000000E-40 1.00000000E-40 1.24428580E-09 1.00000000E-40 1.00000000E-40 1.00000000E-40 1.00000000E-40 1.00000000E-40 1.34437319E-06 4.13154033E-04 4.02833008E-08 1.28254577E-10 8.64305463E-05 4.40017505E-03 9.25095394E-03 4.72928009E-01 2.23105265E-15 9.30356104E-17 1.00000000E-40 1.00000000E-40 1.53667047E-36 1.00000000E-40 2.23048852E-26 5.86620576E-11 3.56298436E-19 1.00000000E-40 8.21142531E-28 4.51218859E-28 1.18008029E-13 5.77829816E-13 1.35344375E-05 2.04898062E-04 1.00000000E-40 1.00000000E-40 3.84650520E-11 1.00000000E-40 1.00000000E-40 1.27203278E-32 1.00000000E-40 2.79589197E-11 1.28474852E-11 6.29456846E-08 3.33462277E-09 2.41493379E-11 2.42974442E-07 1.31175933E-10 7.73523441E-22 5.50135590E-18 1.85638013E-06 5.66152161E-35 6.80451364E-27 1.23550484E-32 1.00000000E-40 1.17145724E-38 1.00000000E-40 1.62156006E-32 3.84711092E-34 1.43206285E-10 1.00000000E-40 1.00000000E-40 1.00000000E-40 1.00000000E-40 6.73924373E-38 1.32523827E-11 4.42446701E-32 3.15516536E-34 1.00000000E-40 1.03780237E-40 1.00000000E-40 1.61678384E-35 2.53586642E-27 1.00000000E-40 1.00000000E-40 2.96665520E-14 3.15848735E-30 9.18839476E-35 1.50964000E-14 1.00000000E-05 1.00000000E-05 1.00000000E-05 1.00000000E-05 1.00000000E-05 1.00000000E-05 1.00000000E-05 1.00000000E-05 1.00000000E-05 1.00000000E-05
7.85000000E+01 9.59040062E-06 5.10220587E+14 1.36143055E+02 1.00000000E+05 1.00000000E-40 1.00000000E-40 1.00000000E-40 1.00000000E-40 1.01067609E-09 1.00000000E-40 1.00000000E-40 1.00000000E-40 1.00000000E-40 1.00000000E-40 1.58963846E-06 4.36938498E-04 4.33600347E-08 1.47179881E-10 1.09547527E-04 5.06900069E-03 1.06758963E-02 5.04240641E-01 2.39183534E-15 8.70763152E-17 1.00000000E-40 1.06081824E-40 1.80587053E-36 9.67629886E-32 2.35706130E-26 6.80806895E-11 2.85576793E-19 6.45418634E-28 1.00000000E-40 4.23797577E-28 9.85494471E-14 5.05763862E-13 1.50844208E-05 2.14969934E-04 1.00000000E-40 1.00000000E-40 4.04682234E-11 1.00000000E-40 1.00000000E-40 5.46412663E-32 9.15303891E-29 2.78124245E-11 1.09640312E-11 7.15245321E-08 3.84939426E-09 2.31310734E-11 2.34347412E-07 1.34311288E-10 6.37275724E-22 5.25787163E-18 1.99299214E-06 5.81257990E-35 6.18256834E-27 1.38897130E-32 8.16373929E-33 1.16003626E-38 1.00000000E-40 1.67189687E-32 3.27030055E-34 1.53012938E-10 1.00000000E-40 1.01969961E-39 5.04235289E-37 1.00000000E-40 1.73616208E-38 1.15604458E-11 3.64068793E-32 2.63344779E-34 1.00000000E-40 1.00000000E-40 4.57778342E-37 1.74889764E-35 2.89670140E-27 9.37329897E-38 1.73167664E-37 2.68444434E-14 1.00000000E-40 9.05307148E-35 1.98335000E-14 1.00000000E-05 1.00000000E-05 1.00000000E-05 1.00000000E-05 1.00000000E-05 1.00000000E-05 1.00000000E-05 1.00000000E-05 1.00000000E-05 1.00000000E-05
7.95000000E+01 8.30266072E-06 4.41327617E+14 1.36261421E+02 1.00000000E+05 1.00000000E-40 1.00000000E-40 1.00000000E-40 1.00000000E-40 7.96409149E-10 1.00000000E-40 1.00000000E-40 1.00000000E-40 1.00000000E-40 1.00000000E-40 1.86170621E-06 4.60837137E-04 4.58137284E-08 1.67822806E-10 1.38736753E-04 5.81837587E-03 1.22777795E-02 5.36216632E-01 2.52575279E-15 7.93902079E-17 1.00000000E-40 1.25995647E-40 1.89005844E-36 1.32712034E-32 2.48088167E-26 7.85272972E-11 2.23488477E-19 1.00000000E-40 1.89875376E-27 3.94693431E-28 8.02706417E-14 4.34553426E-13 1.67326044E-05 2.24820227E-04 1.00000000E-40 1.00000000E-40 4.21547981E-11 1.00000000E-40 1.00000000E-40 6.07657741E-32 1.24952625E-29 2.72636159E-11 9.16235639E-12 8.15249642E-08 4.45558836E-09 2.15580679E-11 2.25414489E-07 1.35897736E-10 5.25151724E-22 5.03852651E-18 2.13108964E-06 5.93732832E-35 5.60430445E-27 1.43652867E-32 8.81874553E-35 1.14096999E-38 1.00000000E-40 1.72060772E-32 2.72166749E-34 1.63740921E-10 1.00000000E-40 1.00000000E-40 4.44484456E-38 1.00000000E-40 7.78955221E-38 9.90463081E-12 2.87971747E-32 2.13788167E-34 1.00000000E-40 1.03569475E-40 4.95795425E-39 1.85823182E-35 3.28578705E-27 3.83652533E-39 1.00000000E-40 2.40168304E-14 1.74069080E-30 8.82408142E-35 2.57372000E-14 1.00000000E-05 1.00000000E-05 1.00000000E-05 1.00000000E-05 1.00000000E-05 1.00000000E-05 1.00000000E-05 1.00000000E-05 1.00000000E-05 1.00000000E-05
8.05000000E+01 7.18874389E-06 3.81775487E+14 1.36383458E+02 1.00000000E+05 1.00000000E-40 1.00000000E-40 1.00000000E-40 1.00000000E-40 6.06598483E-10 1.00000000E-40 1.00000000E-40 1.00000000E-40 1.00000000E-40 1.00000000E-40 2.16021940E-06 4.84705279E-04 4.75358689E-08 1.90183915E-10 1.75646195E-04 6.65304920E-03 1.40687621E-02 5.68628368E-01 2.62833736E-15 7.04357037E-17 1.00000000E-40 2.15132295E-40 2.39176796E-36 1.87516565E-31 2.59917427E-26 9.00854017E-11 1.70625091E-19 1.00000000E-40 1.00000000E-40 3.64315874E-28 6.36230083E-14 3.66113154E-13 1.84749006E-05 2.34328017E-04 1.02053497E-40 1.00000000E-40 4.34707691E-11 1.00000000E-40 2.19565568E-40 2.93104808E-31 1.76791387E-28 2.63176805E-11 7.49299180E-12 9.30912643E-08 5.16117380E-09 1.93737789E-11 2.16260374E-07 1.36167759E-10 4.33048483E-22 4.83870958E-18 2.26943358E-06 6.03133842E-35 5.06875658E-27 1.52112596E-32 6.69436431E-33 1.11389057E-38 1.00000000E-40 1.76379627E-32 2.20952721E-34 1.75574583E-10 1.00000000E-40 4.98767735E-40 4.81226945E-37 1.00000000E-40 3.65705055E-37 8.32028831E-12 2.19338954E-32 1.69083489E-34 1.00000000E-40 2.91882082E-40 3.80159757E-37 1.94324039E-35 3.69975555E-27 2.48745219E-38 6.29265039E-38 2.12143122E-14 3.67278013E-30 8.49085136E-35 3.30657000E-14 1.00000000E-05 1.00000000E-05 1.00000000E-05 1.00000000E-05 1.00000000E-05 1.00000000E-05 1.00000000E-05 1.00000000E-05 1.00000000E-05 1.00000000E-05
8.15000000E+01 6.22507332E-06 3.30304340E+14 1.36504482E+02 1.00000000E+05 1.00000000E-40 1.00000000E-40 1.00000000E-40 1.00000000E-40 4.45761350E-10 1.00000000E-40 1.00000000E-40 1.00000000E-40 1.00000000E-40 1.00000000E-40 2.48429482E-06 5.08375936E-04 4.84378873E-08 2.14344574E-10 2.22375795E-04 7.57673484E-03 1.60593775E-02 6.01209146E-01 2.69392361E-15 6.07830826E-17 1.00000000E-40 1.81796500E-40 2.14470147E-36 1.00000000E-40 2.70846130E-26 1.02798992E-10 1.26920586E-19 1.00000000E-40 1.00000000E-40 3.33115685E-28 4.90202465E-14 3.02126556E-13 2.02954664E-05 2.43370855E-04 1.00000000E-40 1.00000000E-40 4.43706988E-11 1.00000000E-40 1.00000000E-40 1.16181837E-31 1.00000000E-40 2.50080807E-11 5.99472249E-12 1.06479428E-07 5.96161102E-09 1.67610206E-11 2.06960781E-07 1.35206886E-10 3.57520892E-22 4.65647421E-18 2.40662967E-06 6.09029046E-35 4.57439571E-27 1.54087165E-32 2.48719892E-33 1.07862407E-38 1.00000000E-40 1.79801438E-32 1.74646168E-34 1.88560144E-10 1.00000000E-40 1.00000000E-40 1.34466467E-37 1.00000000E-40 1.74105450E-37 6.84637598E-12 1.60683019E-32 1.30325310E-34 1.00000000E-40 1.37964756E-40 1.42156322E-37 1.99821417E-35 4.13389316E-27 5.10516509E-38 1.00000000E-40 1.85048677E-14 1.00000000E-40 8.04943432E-35 4.21947000E-14 1.00000000E-05 1.00000000E-05 1.00000000E-05 1.00000000E-05 1.00000000E-05 1.00000000E-05 1.00000000E-05 1.00000000E-05 1.00000000E-05 1.00000000E-05
8.25000000E+01 5.39122948E-06 2.85838666E+14 1.36610340E+02 1.00000000E+05 1.00000000E-40 1.00000000E-40 1.00000000E-40 1.00000000E-40 3.15462697E-10 1.00000000E-40 1.00000000E-40 1.00000000E-40 1.00000000E-40 1.00000000E-40 2.83228372E-06 5.31620773E-04 4.84639313E-08 2.40419296E-10 2.81632814E-04 8.59134746E-03 1.82570862E-02 6.33635117E-01 2.71696479E-15 5.10007096E-17 1.00000000E-40 2.09721547E-40 2.15939708E-36 8.99101262E-32 2.80535309E-26 1.16692633E-10 9.18340860E-20 1.00000000E-40 1.00000000E-40 3.01563959E-28 3.66884381E-14 2.43876481E-13 2.21701357E-05 2.51815314E-04 1.00000000E-40 1.00000000E-40 4.48194418E-11 1.00000000E-40 1.00000000E-40 1.13584088E-31 8.44674885E-29 2.33815370E-11 4.69128341E-12 1.22027993E-07 6.84576188E-09 1.39752775E-11 1.97578584E-07 1.33075784E-10 2.95661320E-22 4.49044492E-18 2.54106339E-06 6.10996219E-35 4.11932552E-27 1.54172205E-32 5.34571405E-34 1.03520524E-38 1.00000000E-40 1.82039623E-32 1.34224607E-34 2.02691971E-10 1.00000000E-40 1.00000000E-40 1.69655858E-38 1.00000000E-40 1.39466259E-37 5.51269858E-12 1.12989248E-32 9.79583845E-35 1.86431083E-40 1.00000000E-40 3.07265230E-38 2.01671904E-35 4.58199640E-27 2.79283268E-38 1.00000000E-40 1.59465330E-14 1.00000000E-40 7.50496356E-35 5.37409000E-14 1.00000000E-05 1.00000000E-05 1.00000000E-05 1.00000000E-05 1.00000000E-05 1.00000000E-05 1.00000000E-05 1.00000000E-05 1.00000000E-05 1.00000000E-05
8.35000000E+01 4.66962547E-06 2.47368479E+14 1.36727033E+02 1.00000000E+05 1.00000000E-40 1.00000000E-40 1.00000000E-40 1.00000000E-40 2.14388961E-10 1.00000000E-40 1.00000000E-40 1.00000000E-40 1.00000000E-40 1.00000000E-40 3.20305861E-06 5.54340984E-04 4.76178998E-08 2.68523241E-10 3.57034474E-04 9.69794759E-03 2.06686578E-02 6.65625544E-01 2.69803637E-15 4.15657655E-17 1.00000000E-40 3.21630594E-40 2.18373914E-36 3.61991809E-32 2.88677869E-26 1.31864598E-10 6.45617500E-20 1.18273231E-27 1.01447558E-28 2.70168928E-28 2.66190155E-14 1.92330308E-13 2.40811265E-05 2.59544041E-04 1.00000000E-40 1.00000000E-40 4.48011881E-11 1.00000000E-40 1.15146344E-40 1.21410407E-31 3.39371342E-29 2.14982613E-11 3.59127849E-12 1.39915549E-07 7.80892495E-09 1.11268578E-11 1.88193013E-07 1.30152684E-10 2.45028777E-22 4.33750497E-18 2.67130087E-06 6.08737432E-35 3.70181978E-27 1.52986317E-32 1.82206044E-33 9.84030810E-39 1.00000000E-40 1.82902769E-32 1.00078961E-34 2.18199675E-10 1.00000000E-40 3.62570317E-40 8.04111042E-38 1.00000000E-40 1.50290715E-37 4.33545497E-12 7.64555849E-33 7.21188162E-35 7.90126195E-40 1.09540241E-40 1.05405063E-37 2.00287390E-35 5.03720336E-27 4.90899936E-38 3.45106216E-38 1.35589052E-14 6.72399574E-31 6.87660284E-35 6.88593000E-14 1.00000000E-05 1.00000000E-05 1.00000000E-05 1.00000000E-05 1.00000000E-05 1.00000000E-05 1.00000000E-05 1.00000000E-05 1.00000000E-05 1.00000000E-05
8.45000000E+01 4.04508910E-06 2.14111542E+14 1.36837363E+02 1.00000000E+05 1.00000000E-40 1.00000000E-40 1.00000000E-40 1.00000000E-40 1.40030399E-10 1.00000000E-40 1.00000000E-40 1.00000000E-40 1.00000000E-40 1.00000000E-40 3.59493742E-06 5.76370254E-04 4.59433338E-08 2.98909897E-10 4.53247425E-04 1.08949874E-02 2.32966323E-02 6.96853707E-01 2.63544054E-15 3.29048653E-17 1.00000000E-40 6.82356562E-40 2.11813251E-36 1.69565295E-32 2.94963110E-26 1.48329288E-10 4.40316713E-20 1.42280078E-27 1.00000000E-40 2.39410513E-28 1.87186292E-14 1.48020667E-13 2.59924873E-05 2.66444535E-04 1.00000000E-40 1.00000000E-40 4.43152144E-11 1.00000000E-40 1.00000000E-40 8.78785398E-32 1.58632576E-29 1.94358504E-11 2.69057507E-12 1.60567060E-07 8.83585687E-09 8.49758437E-12 1.78867374E-07 1.26524828E-10 2.03601073E-22 4.19697800E-18 2.79575180E-06 6.01987986E-35 3.31967575E-27 1.48530705E-32 1.44292929E-33 9.25813278E-39 1.00000000E-40 1.82265134E-32 7.23887248E-35 2.35045638E-10 1.00000000E-40 1.00000000E-40 9.41616130E-38 1.00000000E-40 1.22870648E-37 3.32795912E-12 4.97038425E-33 5.21487236E-35 3.18595916E-39 1.00000000E-40 8.39791772E-38 1.95347362E-35 5.49163125E-27 2.68876312E-40 1.62647734E-40 1.13847782E-14 1.20573369E-30 6.18625038E-35 8.99078000E-14 1.00000000E-05 1.00000000E-05 1.00000000E-05 1.00000000E-05 1.00000000E-05 1.00000000E-05 1.00000000E-05 1.00000000E-05 1.00000000E-05 1.00000000E-05
8.55000000E+01 3.50446589E-06 1.85361256E+14 1.36936613E+02 1.00000000E+05 1.00000000E-40 1.00000000E-40 1.00000000E-40 1.00000000E-40 8.78522920E-11 1.00000000E-40 1.00000000E-40 1.00000000E-40 1.00000000E-40 1.00000000E-40 4.00606023E-06 5.97533737E-04 4.35374055E-08 3.31771871E-10 5.76394399E-04 1.21781170E-02 2.61393935E-02 7.26985855E-01 2.53070132E-15 2.52954929E-17 1.00000000E-40 1.89432360E-39 2.06118939E-36 4.82235860E-32 2.99100957E-26 1.66149222E-10 2.91070602E-20 1.00000000E-40 1.00000000E-40 2.09740636E-28 1.27538315E-14 1.11075258E-13 2.78722063E-05 2.72404254E-04 1.00000000E-40 1.00000000E-40 4.33793314E-11 1.00000000E-40 1.00000000E-40 4.27754155E-32 4.50769161E-29 1.72724070E-11 1.97430703E-12 1.84367944E-07 9.91479870E-09 6.23305793E-12 1.69661989E-07 1.22392657E-10 1.69665668E-22 4.06606795E-18 2.91283255E-06 5.90564781E-35 2.97053920E-27 1.41450513E-32 7.01905785E-34 8.61599591E-39 1.00000000E-40 1.80077981E-32 5.07784573E-35 2.53242946E-10 1.00000000E-40 1.00000000E-40 4.46302522E-38 1.12602609E-40 2.84398108E-38 2.49147311E-12 3.10589887E-33 3.72107949E-35 1.19089058E-38 1.00000000E-40 4.10762144E-38 1.87049262E-35 5.93690776E-27 1.00000000E-40 1.00000000E-40 9.43837605E-15 1.00000000E-40 5.46134403E-35 1.21736000E-13 1.00000000E-05 1.00000000E-05 1.00000000E-05 1.00000000E-05 1.00000000E-05 1.00000000E-05 1.00000000E-05 1.00000000E-05 1.00000000E-05 1.00000000E-05
8.65000000E+01 3.03643765E-06 1.60470749E+14 1.37051940E+02 1.00000000E+05 1.00000000E-40 1.00000000E-40 1.00000000E-40 1.00000000E-40 5.28833680E-11 1.00000000E-40 1.00000000E-40 1.00000000E-40 1.00000000E-40 1.00000000E-40 4.43623149E-06 6.17858414E-04 4.05492555E-08 3.67234906E-10 7.34592495E-04 1.35419516E-02 2.91956206E-02 7.55808338E-01 2.39111955E-15 1.88762103E-17 1.00000000E-40 5.73925298E-39 2.16283570E-36 1.22747538E-35 3.00893706E-26 1.85515204E-10 1.86642662E-20 1.00000000E-40 1.00000000E-40 1.81586910E-28 8.41519019E-15 8.12848438E-14 2.97040706E-05 2.77348496E-04 1.00000000E-40 1.00000000E-40 4.20359874E-11 1.00000000E-40 1.00000000E-40 8.33921814E-33 1.00000000E-40 1.50911520E-11 1.42063876E-12 2.11449183E-07 1.10386170E-08 4.36104250E-12 1.60658653E-07 1.18164479E-10 1.41786079E-22 3.93951855E-18 3.02147447E-06 5.74467477E-35 2.65242281E-27 1.32606664E-32 1.00700939E-35 7.92858361E-39 1.00000000E-40 1.76386699E-32 3.45285751E-35 2.72981911E-10 1.00000000E-40 1.00000000E-40 1.00000000E-40 3.94005447E-40 1.20545999E-38 1.81819916E-12 1.87531659E-33 2.63816603E-35 4.06056566E-38 1.00000000E-40 5.93182931E-40 1.76431013E-35 6.36562741E-27 1.00000000E-40 1.00000000E-40 7.71595447E-15 3.22647025E-30 4.73354343E-35 1.73767000E-13 1.00000000E-05 1.00000000E-05 1.00000000E-05 1.00000000E-05 1.00000000E-05 1.00000000E-05 1.00000000E-05 1.00000000E-05 1.00000000E-05 1.00000000E-05
8.75000000E+01 2.63121069E-06 1.38954680E+14 1.37151065E+02 1.00000000E+05 1.00000000E-40 1.00000000E-40 1.00000000E-40 1.00000000E-40 3.06512775E-11 1.00000000E-40 1.00000000E-40 1.00000000E-40 1.00000000E-40 1.00000000E-40 4.88400610E-06 6.37193425E-04 3.71419226E-08 4.05367367E-10 9.38037572E-04 1.49760361E-02 3.24558224E-02 7.83033745E-01 2.22010269E-15 1.36915495E-17 1.00000000E-40 1.65086630E-38 2.65835830E-36 1.19091624E-35 3.00143202E-26 2.06544776E-10 1.16251782E-20 3.62562756E-28 1.00000000E-40 1.55286584E-28 5.38842717E-15 5.80562848E-14 3.14605429E-05 2.81192625E-04 1.00000000E-40 1.00000000E-40 4.03394143E-11 1.00000000E-40 1.00000000E-40 4.56463531E-33 1.00000000E-40 1.29705657E-11 1.00406939E-12 2.42343490E-07 1.21852110E-08 2.94374562E-12 1.51912773E-07 1.13906830E-10 1.18813202E-22 3.81281610E-18 3.12037860E-06 5.53705067E-35 2.36278083E-27 1.22451281E-32 1.38808016E-37 7.21283598E-39 1.00000000E-40 1.71269099E-32 2.28153689E-35 2.93922836E-10 1.12424965E-40 1.00000000E-40 1.00000000E-40 1.24453377E-39 6.65282187E-39 1.29555779E-12 1.09539106E-33 1.86653892E-35 1.25565282E-37 1.00000000E-40 1.00000000E-40 1.63499192E-35 6.77022441E-27 1.00000000E-40 1.00000000E-40 6.22627356E-15 2.74027238E-30 4.02839269E-35 2.62761000E-13 1.00000000E-05 1.00000000E-05 1.00000000E-05 1.00000000E-05 1.00000000E-05 1.00000000E-05 1.00000000E-05 1.00000000E-05 1.00000000E-05 1.00000000E-05
8.85000000E+01 2.28029421E-06 1.20339244E+14 1.37246196E+02 1.00000000E+05 1.00000000E-40 1.00000000E-40 1.00000000E-40 1.00000000E-40 1.70751970E-11 1.00000000E-40 1.00000000E-40 1.00000000E-40 1.00000000E-40 1.00000000E-40 5.34899289E-06 6.55505701E-04 3.34923246E-08 4.45723530E-10 1.19969377E-03 1.64674453E-02 3.59087058E-02 8.08479188E-01 2.02686798E-15 9.66137224E-18 1.00000000E-40 4.36110619E-38 3.83863899E-36 1.20642572E-35 2.96756855E-26 2.29684926E-10 7.06515840E-21 1.00000000E-40 1.01949143E-27 1.31118172E-28 3.35492089E-15 4.05678138E-14 3.31545226E-05 2.83860483E-04 1.00000000E-40 1.00000000E-40 3.83615720E-11 1.00000000E-40 1.00000000E-40 1.83263267E-33 1.00000000E-40 1.09745542E-11 6.98429120E-13 2.77057582E-07 1.33269255E-08 1.91104073E-12 1.43493339E-07 1.09996867E-10 9.97735425E-23 3.67617238E-18 3.20872149E-06 5.28451863E-35 2.09936724E-27 1.11417391E-32 2.94696073E-39 6.48783968E-39 1.00000000E-40 1.64865187E-32 1.46714149E-35 3.15907676E-10 1.64837453E-40 1.00000000E-40 1.00000000E-40 3.54580375E-39 2.70246073E-39 9.03215782E-13 6.24731985E-34 1.32458225E-35 3.51841132E-37 1.00000000E-40 1.00000000E-40 1.49272873E-35 7.14477641E-27 1.00000000E-40 1.00000000E-40 4.95209163E-15 2.16435739E-30 3.36991910E-35 4.15812000E-13 1.00000000E-05 1.00000000E-05 1.00000000E-05 1.00000000E-05 1.00000000E-05 1.00000000E-05 1.00000000E-05 1.00000000E-05 1.00000000E-05 1.00000000E-05
8.95000000E+01 1.97638906E-06 1.04217899E+14 1.37355757E+02 1.00000000E+05 1.00000000E-40 1.00000000E-40 1.00000000E-40 1.00000000E-40 9.13974563E-12 1.00000000E-40 1.00000000E-40 1.00000000E-40 1.00000000E-40 1.00000000E-40 5.83273729E-06 6.72950450E-04 2.97699663E-08 4.87434426E-10 1.53557551E-03 1.80021836E-02 3.95445480E-02 8.32123349E-01 1.82235351E-15 6.64498553E-18 1.00000000E-40 1.05155169E-37 6.19646530E-36 1.36973777E-35 2.90769874E-26 2.55717666E-10 4.22115075E-21 1.00000000E-40 1.00000000E-40 1.09287301E-28 2.03743954E-15 2.78541793E-14 3.48307566E-05 2.85312687E-04 1.00000000E-40 1.00000000E-40 3.61883607E-11 1.00000000E-40 1.00000000E-40 6.14079226E-34 1.00000000E-40 9.15614842E-12 4.79294577E-13 3.15241602E-07 1.44198961E-08 1.18756890E-12 1.35485275E-07 1.06878406E-10 8.39074674E-23 3.51858238E-18 3.28637794E-06 4.99077490E-35 1.86024873E-27 1.00226892E-32 8.31014116E-40 5.77403293E-39 1.00000000E-40 1.57368318E-32 9.20767548E-36 3.38659648E-10 2.71674557E-40 1.00000000E-40 1.00000000E-40 9.14662291E-39 9.36379214E-40 6.18485071E-13 3.53376110E-34 9.45846623E-36 8.95738896E-37 1.00000000E-40 1.00000000E-40 1.34807765E-35 7.48594556E-27 1.00000000E-40 1.00000000E-40 3.87687292E-15 1.76569084E-30 2.77640080E-35 6.72942000E-13 1.00000000E-05 1.00000000E-05 1.00000000E-05 1.00000000E-05 1.00000000E-05 1.00000000E-05 1.00000000E-05 1.00000000E-05 1.00000000E-05 1.00000000E-05
9.05000000E+01 1.71316162E-06 9.02809437E+13 1.37441838E+02 1.00000000E+05 1.00000000E-40 1.00000000E-40 1.00000000E-40 1.00000000E-40 4.71824772E-12 1.00000000E-40 1.00000000E-40 1.00000000E-40 1.00000000E-40 1.00000000E-40 6.33376787E-06 6.89380759E-04 2.61104775E-08 5.28986648E-10 1.96380920E-03 1.95585719E-02 4.33399934E-02 8.53813699E-01 1.61283161E-15 4.47251055E-18 1.00000000E-40 2.31806961E-37 1.03077186E-35 1.73851899E-35 2.82235493E-26 2.85708791E-10 2.50309736E-21 1.00000000E-40 1.11276682E-27 8.98883490E-29 1.21381378E-15 1.88953347E-14 3.65466296E-05 2.85458534E-04 1.12099448E-40 1.00000000E-40 3.39014017E-11 1.00000000E-40 1.00000000E-40 2.12073338E-34 1.00000000E-40 7.54634949E-12 3.25296399E-13 3.56825092E-07 1.53905334E-08 7.14781007E-13 1.27939946E-07 1.04788805E-10 7.06661904E-23 3.33007480E-18 3.35279050E-06 4.65985029E-35 1.64319797E-27 8.91069167E-33 5.48932320E-40 5.09032739E-39 1.00000000E-40 1.48960656E-32 5.67104430E-36 3.61121940E-10 4.64980791E-40 1.00000000E-40 1.00000000E-40 2.14684110E-38 3.64097537E-40 4.18685512E-13 2.02103054E-34 6.79962546E-36 2.08441208E-36 1.00000000E-40 1.00000000E-40 1.20216053E-35 7.79059113E-27 1.00000000E-40 1.00000000E-40 2.98855800E-15 1.00000000E-40 2.25638665E-35 1.08875000E-12 1.00000000E-05 1.00000000E-05 1.00000000E-05 1.00000000E-05 1.00000000E-05 1.00000000E-05 1.00000000E-05 1.00000000E-05 1.00000000E-05 1.00000000E-05
9.15000000E+01 1.48512913E-06 7.82120800E+13 1.37533056E+02 1.00000000E+05 1.00000000E-40 1.00000000E-40 1.00000000E-40 1.00000000E-40 2.34058418E-12 1.00000000E-40 1.00000000E-40 1.00000000E-40 1.00000000E-40 1.00000000E-40 6.85283924E-06 7.04933520E-04 2.26290403E-08 5.67879512E-10 2.50487464E-03 2.11157949E-02 4.72765212E-02 8.73637347E-01 1.40898269E-15 2.95553735E-18 1.00000000E-40 4.69558988E-37 1.67447944E-35 2.37644417E-35 2.71416109E-26 3.21770254E-10 1.49381334E-21 1.00000000E-40 1.00000000E-40 7.29535955E-29 7.13163158E-16 1.27608303E-14 3.84346772E-05 2.84230315E-04 1.56835144E-40 1.00000000E-40 3.15872516E-11 1.00000000E-40 1.00000000E-40 7.75093681E-35 1.00000000E-40 6.15786396E-12 2.18929941E-13 4.00363494E-07 1.61582269E-08 4.12603841E-13 1.20939122E-07 1.04410515E-10 5.95989773E-23 3.09948797E-18 3.40839701E-06 4.29901344E-35 1.44676451E-27 7.86976296E-33 3.68645058E-40 4.45408121E-39 1.00000000E-40 1.39878957E-32 3.44140527E-36 3.82604401E-10 7.86248789E-40 1.00000000E-40 1.00000000E-40 4.61672182E-38 1.91141200E-40 2.82115387E-13 1.21370956E-34 4.92284808E-36 4.45962988E-36 1.00000000E-40 1.00000000E-40 1.06520284E-35 8.05908655E-27 1.00000000E-40 1.00000000E-40 2.26283657E-15 1.00000000E-40 1.81428752E-35 1.73290000E-12 1.00000000E-05 1.00000000E-05 1.00000000E-05 1.00000000E-05 1.00000000E-05 1.00000000E-05 1.00000000E-05 1.00000000E-05 1.00000000E-05 1.00000000E-05
9.25000000E+01 1.28757688E-06 6.77590258E+13 1.37633053E+02 1.00000000E+05 1.00000000E-40 1.00000000E-40 1.00000000E-40 1.00000000E-40 1.11901137E-12 1.00000000E-40 1.00000000E-40 1.00000000E-40 1.00000000E-40 1.00000000E-40 7.39044447E-06 7.19796249E-04 1.94112102E-08 6.01239391E-10 3.17958161E-03 2.26520162E-02 5.13340332E-02 8.91769568E-01 1.21806246E-15 1.92721945E-18 1.00000000E-40 8.79745510E-37 2.59375341E-35 3.33017443E-35 2.58745240E-26 3.66958131E-10 9.11360489E-22 1.00000000E-40 1.00000000E-40 5.84332528E-29 4.16012740E-16 8.65502579E-15 4.06579525E-05 2.81569716E-04 2.15327054E-40 1.00000000E-40 2.93246345E-11 1.00000000E-40 1.00000000E-40 2.85831614E-35 1.00000000E-40 4.98939838E-12 1.46503197E-13 4.44195695E-07 1.66366852E-08 2.28322994E-13 1.14566660E-07 1.06455714E-10 5.04057069E-23 2.82297607E-18 3.45402331E-06 3.91804882E-35 1.26994334E-27 6.92944620E-33 2.47091422E-40 3.87965316E-39 1.00000000E-40 1.30379847E-32 2.07033108E-36 4.01997312E-10 1.28788122E-39 1.00000000E-40 1.00000000E-40 9.16177249E-38 1.49965872E-40 1.90866079E-13 8.00650930E-35 3.59409153E-36 8.84110757E-36 1.00000000E-40 1.00000000E-40 9.41279629E-36 8.29395622E-27 1.00000000E-40 1.00000000E-40 1.68159012E-15 4.58087832E-31 1.44806826E-35 2.68958000E-12 1.00000000E-05 1.00000000E-05 1.00000000E-05 1.00000000E-05 1.00000000E-05 1.00000000E-05 1.00000000E-05 1.00000000E-05 1.00000000E-05 1.00000000E-05
9.35000000E+01 1.11640406E-06 5.87191899E+13 1.37707650E+02 1.00000000E+05 1.00000000E-40 1.00000000E-40 1.00000000E-40 1.00000000E-40 5.19175197E-13 1.00000000E-40 1.00000000E-40 1.00000000E-40 1.00000000E-40 1.00000000E-40 7.94141463E-06 7.33811165E-04 1.65125158E-08 6.25823752E-10 4.00503925E-03 2.41382876E-02 5.54730430E-02 9.08198514E-01 1.04302501E-15 1.24766550E-18 1.00000000E-40 1.53613311E-36 3.81092635E-35 4.62199340E-35 2.44770112E-26 4.25634150E-10 5.77649706E-22 1.00000000E-40 1.23142445E-27 4.61960285E-29 2.42843729E-16 5.94729540E-15 4.34055631E-05 2.77337905E-04 2.89655537E-40 1.00000000E-40 2.71725297E-11 1.07704671E-40 1.00000000E-40 1.25940232E-35 1.00000000E-40 4.02431129E-12 9.77263238E-14 4.86681796E-07 1.67459783E-08 1.22538258E-13 1.08878431E-07 1.11751014E-10 4.28772545E-23 2.50440412E-18 3.48982418E-06 3.52843374E-35 1.11196835E-27 6.08798370E-33 1.65970661E-40 3.37688581E-39 1.00000000E-40 1.20706766E-32 1.24387545E-36 4.17630429E-10 2.04254214E-39 1.00000000E-40 1.00000000E-40 1.69031663E-37 1.61003345E-40 1.30910009E-13 6.01523858E-35 2.65902833E-36 1.63966933E-35 1.00000000E-40 1.00000000E-40 8.29173835E-36 8.49703899E-27 1.00000000E-40 1.00000000E-40 1.22685553E-15 3.01130660E-31 1.15073670E-35 4.05769000E-12 1.00000000E-05 1.00000000E-05 1.00000000E-05 1.00000000E-05 1.00000000E-05 1.00000000E-05 1.00000000E-05 1.00000000E-05 1.00000000E-05 1.00000000E-05
9.45000000E+01 9.68067866E-07 5.08854185E+13 1.37793642E+02 1.00000000E+05 1.00000000E-40 1.00000000E-40 1.00000000E-40 1.00000000E-40 2.34289384E-13 1.00000000E-40 1.00000000E-40 1.00000000E-40 1.00000000E-40 1.00000000E-40 8.50262007E-06 7.47225758E-04 1.39784469E-08 6.38452643E-10 4.99323412E-03 2.55542620E-02 5.96662901E-02 9.23231924E-01 8.88415115E-16 8.05642777E-19 1.00000000E-40 2.52294529E-36 5.33821095E-35 6.26587909E-35 2.30349152E-26 5.04711112E-10 3.86982947E-22 1.00000000E-40 1.00000000E-40 3.60736794E-29 1.42812033E-16 4.17897678E-15 4.69478363E-05 2.71434735E-04 3.97285346E-40 1.00000000E-40 2.51834042E-11 1.34588703E-40 1.00000000E-40 9.06186227E-36 1.01171045E-40 3.24029125E-12 6.51924147E-14 5.24550292E-07 1.64513518E-08 6.33423423E-14 1.03971974E-07 1.21889133E-10 3.68024031E-23 2.15415549E-18 3.51717992E-06 3.14562668E-35 9.73139439E-28 5.36939348E-33 1.12597633E-40 2.95228876E-39 1.00000000E-40 1.11165544E-32 7.50473275E-37 4.28615487E-10 3.16888669E-39 1.00000000E-40 1.00000000E-40 2.92678290E-37 1.91720305E-40 9.17847759E-14 5.19392652E-35 2.01523090E-36 2.87127994E-35 1.00000000E-40 1.00000000E-40 7.33573445E-36 8.67380162E-27 1.00000000E-40 1.00000000E-40 8.77159065E-16 2.05492193E-31 9.14582462E-36 5.95737000E-12 1.00000000E-05 1.00000000E-05 1.00000000E-05 1.00000000E-05 1.00000000E-05 1.00000000E-05 1.00000000E-05 1.00000000E-05 1.00000000E-05 1.00000000E-05
9.55000000E+01 8.39515849E-07 4.41005610E+13 1.37880075E+02 1.00000000E+05 1.00000000E-40 1.00000000E-40 1.00000000E-40 1.00000000E-40 1.04325613E-13 1.00000000E-40 1.00000000E-40 1.00000000E-40 1.00000000E-40 1.00000000E-40 9.06565537E-06 7.60121810E-04 1.18404212E-08 6.37055954E-10 6.14370682E-03 2.68804164E-02 6.38734919E-02 9.37075499E-01 7.54487477E-16 5.21911309E-19 1.12574332E-40 3.93941031E-36 7.20109129E-35 8.28768386E-35 2.16513228E-26 6.13819648E-10 2.78014321E-22 1.00000000E-40 1.00000000E-40 2.78510049E-29 8.52192452E-17 3.02722662E-15 5.15705239E-05 2.63716880E-04 2.00060923E-37 1.00000000E-40 2.33898257E-11 1.69245071E-40 1.00000000E-40 9.67814955E-36 1.29036491E-40 2.61195654E-12 4.36934583E-14 5.55259554E-07 1.57638587E-08 3.19836933E-14 9.99347973E-08 1.39146542E-10 3.20480167E-23 1.79143788E-18 3.53706392E-06 2.78658530E-35 8.54204599E-28 4.76477420E-33 1.00000000E-40 2.60868978E-39 1.00000000E-40 1.02063620E-32 4.58285652E-37 4.33734466E-10 4.99775035E-39 1.00000000E-40 1.00000000E-40 4.80464602E-37 2.28364547E-40 6.63421374E-14 5.02366618E-35 1.59583856E-36 4.79983713E-35 1.00000000E-40 1.00000000E-40 6.52987628E-36 8.82905718E-27 1.00000000E-40 1.00000000E-40 6.15009255E-16 1.00000000E-40 7.30340147E-36 8.56132000E-12 1.00000000E-05 1.00000000E-05 1.00000000E-05 1.00000000E-05 1.00000000E-05 1.00000000E-05 1.00000000E-05 1.00000000E-05 1.00000000E-05 1.00000000E-05
9.65000000E+01 7.28094108E-07 3.82275599E+13 1.37951889E+02 1.00000000E+05 1.00000000E-40 1.00000000E-40 1.00000000E-40 1.00000000E-40 4.65256756E-14 1.00000000E-40 1.00000000E-40 1.00000000E-40 1.00000000E-40 1.00000000E-40 9.61535678E-06 7.72423203E-04 1.01249713E-08 6.20705654E-10 7.43626174E-03 2.81007328E-02 6.80384004E-02 9.49818228E-01 6.40024871E-16 3.41052012E-19 1.46117092E-37 5.92407523E-36 9.48781486E-35 1.07817298E-34 2.04476256E-26 7.66838446E-10 2.16634291E-22 1.00000000E-40 1.00000000E-40 2.12889620E-29 5.19570723E-17 2.27507345E-15 5.75738791E-05 2.53997152E-04 3.24069540E-33 5.64707072E-38 2.18071046E-11 2.13908195E-40 1.00000000E-40 1.18005294E-35 1.59760567E-40 2.11319237E-12 2.96794662E-14 5.76390352E-07 1.47540852E-08 1.61541570E-14 9.68523314E-08 1.67562753E-10 2.85287343E-23 1.43763892E-18 3.54997718E-06 2.46936554E-35 7.56472850E-28 4.26138025E-33 1.00000000E-40 2.34601363E-39 1.00000000E-40 9.37165334E-33 2.85628447E-37 4.31949125E-10 1.41957246E-37 1.00000000E-40 1.00000000E-40 7.56949815E-37 2.67577927E-40 4.97676469E-14 5.26822413E-35 1.35921563E-36 7.73101724E-35 1.00000000E-40 1.00000000E-40 5.85500537E-36 8.96637250E-27 1.00000000E-40 1.00000000E-40 4.23255642E-16 2.49958480E-31 5.89120961E-36 1.21986000E-11 1.00000000E-05 1.00000000E-05 1.00000000E-05 1.00000000E-05 1.00000000E-05 1.00000000E-05 1.00000000E-05 1.00000000E-05 1.00000000E-05 1.00000000E-05
9.75000000E+01 6.31508840E-07 3.31381105E+13 1.38028383E+02 1.00000000E+05 1.00000000E-40 1.00000000E-40 1.00000000E-40 1.00000000E-40 2.08512550E-14 1.00000000E-40 1.00000000E-40 1.00000000E-40 1.00000000E-40 1.00000000E-40 1.01335501E-05 7.84299998E-04 8.86522944E-09 5.90128368E-10 8.82491701E-03 2.92163425E-02 7.21108198E-02 9.61730202E-01 5.44137987E-16 2.25849295E-19 1.08750640E-31 1.23831986E-35 1.24339106E-34 1.40042964E-34 1.95720920E-26 9.83471759E-10 1.84353496E-22 9.46769764E-28 7.43806354E-28 1.61472263E-29 3.26095525E-17 1.78073802E-15 6.51851175E-05 2.42227716E-04 5.19665404E-29 1.28583261E-34 2.04448357E-11 2.73692361E-40 1.00000000E-40 1.49663375E-35 1.96126228E-40 1.72111633E-12 2.08177003E-14 5.85248720E-07 1.35620890E-08 8.38369178E-15 9.48454673E-08 2.14879164E-10 2.62035936E-23 1.11259283E-18 3.55701974E-06 2.21355715E-35 6.82125341E-28 3.85730954E-33 1.00000000E-40 2.16268520E-39 1.00000000E-40 8.64866083E-33 1.83284720E-37 4.22926555E-10 1.27987761E-34 1.00000000E-40 1.00000000E-40 1.16206588E-36 4.63868021E-40 3.88767746E-14 5.88083187E-35 1.29191131E-36 1.20225641E-34 1.00000000E-40 1.00000000E-40 5.31456848E-36 9.09050494E-27 1.00000000E-40 1.00000000E-40 2.86256384E-16 1.55187268E-32 4.83577953E-36 1.76558000E-11 1.00000000E-05 1.00000000E-05 1.00000000E-05 1.00000000E-05 1.00000000E-05 1.00000000E-05 1.00000000E-05 1.00000000E-05 1.00000000E-05 1.00000000E-05
9.85000000E+01 5.47778825E-07 2.87287755E+13 1.38103555E+02 1.00000000E+05 1.00000000E-40 1.00000000E-40 1.00000000E-40 1.00000000E-40 9.13686358E-15 1.00000000E-40 1.00000000E-40 1.00000000E-40 1.00000000E-40 1.00000000E-40 1.05914273E-05 7.95782925E-04 8.10576965E-09 5.48371465E-10 1.02230193E-02 3.02416507E-02 7.60217455E-02 9.72938415E-01 4.64705144E-16 1.52831417E-19 6.76126984E-26 2.22224749E-30 1.59457915E-33 1.85703253E-34 1.91962623E-26 1.28683661E-09 1.70660127E-22 1.00000000E-40 1.00000000E-40 1.21887385E-29 2.14768313E-17 1.44806787E-15 7.41030197E-05 2.28850835E-04 8.02679803E-25 2.78240618E-31 1.93117435E-11 3.60518973E-40 1.00000000E-40 1.96222681E-35 2.46053237E-40 1.41631107E-12 1.56504850E-14 5.80266951E-07 1.23793494E-08 4.71119471E-15 9.40458573E-08 2.93440304E-10 2.49881236E-23 8.33871257E-19 3.55865541E-06 2.03971665E-35 6.34103897E-28 3.54376949E-33 1.00000000E-40 2.05595383E-39 1.00000000E-40 8.07892570E-33 1.22623840E-37 4.06287831E-10 1.03742285E-31 1.00000000E-40 1.00000000E-40 1.77091705E-36 6.91374104E-35 3.15526648E-14 6.99590771E-35 1.43857452E-36 1.78111930E-34 1.00000000E-40 1.00000000E-40 4.89350438E-36 9.20408677E-27 1.00000000E-40 1.00000000E-40 1.91592721E-16 1.00000000E-40 4.07840434E-36 2.70911000E-11 1.00000000E-05 1.00000000E-05 1.00000000E-05 1.00000000E-05 1.00000000E-05 1.00000000E-05 1.00000000E-05 1.00000000E-05 1.00000000E-05 1.00000000E-05
9.95000000E+01 4.75186283E-07 2.49086578E+13 1.38175261E+02 1.00000000E+05 1.00000000E-40 1.00000000E-40 1.00000000E-40 1.00000000E-40 3.33716961E-15 1.00000000E-40 1.00000000E-40 1.00000000E-40 1.00000000E-40 1.00000000E-40 1.09445912E-05 8.06904700E-04 7.91714745E-09 5.02526783E-10 1.14815379E-02 3.12149426E-02 7.96828181E-02 9.83534453E-01 3.99884436E-16 1.10205502E-19 3.47600989E-20 9.98372373E-25 4.98281805E-28 5.23413910E-32 1.95311461E-26 1.68919944E-09 1.67423994E-22 3.92838591E-28 3.24006581E-28 9.19344580E-30 1.59649865E-17 1.20325252E-15 8.22619629E-05 2.16068655E-04 1.12974505E-20 5.02672037E-28 1.84534274E-11 5.16139535E-40 1.00000000E-40 2.65827720E-35 3.34406881E-40 1.18385209E-12 1.33826237E-14 5.60648589E-07 1.14260246E-08 3.06234997E-15 9.46301860E-08 4.05353955E-10 2.44333593E-23 6.28032189E-19 3.55507237E-06 1.97179930E-35 6.16680985E-28 3.93638531E-33 1.00000000E-40 2.02238488E-39 1.00000000E-40 7.72484231E-33 8.71813992E-38 3.81720902E-10 6.73905126E-29 1.00000000E-40 1.00000000E-40 2.75814667E-36 2.16958608E-29 2.61700685E-14 9.14653261E-35 2.20657162E-36 2.39358816E-34 1.00000000E-40 1.00000000E-40 4.58751459E-36 9.30840430E-27 1.00000000E-40 8.40783173E-40 1.30051565E-16 1.00000000E-40 3.58747792E-36 4.79743000E-11 1.00000000E-05 1.00000000E-05 1.00000000E-05 1.00000000E-05 1.00000000E-05 1.00000000E-05 1.00000000E-05 1.00000000E-05 1.00000000E-05 1.00000000E-05
