alt press den temp eddy H2Oaer SO2aer CO2aer S8aer H2SO4aer C2H2aer C2H4aer C2H6aer CH4aer HCaer1 H H2 H2O OH O O2 CO CO2 HCO H2CO C CH CH2 CH3 CH4 S S2 S3 S4 S8 H2S HS SO SO2 CS CS2 OCS C2 C2H C2H2 C2H4 HO2 H2O2 O3 SO3 H2SO4 HCl Cl Cl2 HOCl ClO C2H6 CH3OH CH2CO CH3CHO C3H4 C3H6 C4H2 C4H4 OClO HCS C2H3 C2H5 1CH2 HCCO HSO CH3O H2COH C4H C2H2OH CH3CO CH2CHO C2H3OH C2H4OH CH3O2 HSO3 HS4 C4H3 O1D H2Oaer_r SO2aer_r CO2aer_r S8aer_r H2SO4aer_r C2H2aer_r C2H4aer_r C2H6aer_r CH4aer_r HCaer1_r
5.92280000E-01 7.00131000E-01 2.56057838E+19 1.98042295E+02 1.00000000E+05 1.10152243E+00 4.35835923E+02 6.43537233E-10 2.51691707E-34 2.11454588E-07 1.78471366E-40 1.78471366E-40 1.78471366E-40 1.78471366E-40 1.80526588E-40 2.75370851E-15 7.14152083E-06 1.72222184E-06 8.12162085E-24 8.05532197E-20 1.42830416E-09 1.57113459E-07 7.14152083E-01 1.04992530E-17 1.75239291E-17 1.00000000E-40 1.00000000E-40 3.64795106E-40 4.71583939E-29 5.45968565E-22 1.29138454E-18 2.12284438E-16 1.10372436E-22 5.37198196E-22 1.17560103E-23 2.85660834E-13 1.54410250E-14 1.73883537E-15 2.23779286E-02 3.70684497E-33 2.81349630E-30 3.87749644E-12 1.00000000E-40 1.00000000E-40 2.55607166E-29 3.52952471E-31 7.06686622E-13 1.50765622E-10 1.92177283E-18 1.19587638E-17 2.07202856E-12 3.57076041E-08 3.69154822E-15 3.03345160E-21 3.03092595E-23 3.91489183E-09 3.70260857E-33 4.39510359E-21 4.78400013E-29 8.24040077E-31 1.19382066E-36 1.00000000E-40 4.27494692E-29 1.39734090E-29 1.17946821E-13 1.00688579E-35 1.02842029E-37 1.10068469E-33 1.00000000E-40 1.00000000E-40 5.90605907E-13 4.74454100E-25 1.63776079E-27 1.00000000E-40 1.00000000E-40 4.86432544E-31 4.21015347E-32 1.81195654E-28 6.11403281E-38 4.70723454E-26 8.49686403E-16 1.69247464E-19 7.05519612E-32 1.00000000E-40 1.00000000E-05 1.00000000E-05 1.00000000E-05 1.00000000E-05 1.00000000E-05 1.00000000E-05 1.00000000E-05 1.00000000E-05 1.00000000E-05 1.00000000E-05
1.77684000E+00 5.97166000E-01 2.22721658E+19 1.94200051E+02 1.00000000E+05 1.21559482E+00 4.82086309E+02 7.10485194E-10 2.78501321E-34 2.29943832E-07 1.96920803E-40 1.96920803E-40 1.96920803E-40 1.96920803E-40 1.99208453E-40 4.01332436E-16 7.57387810E-06 1.24896482E-06 1.25989307E-24 1.00123892E-19 9.08931174E-09 1.82505866E-07 7.19694845E-01 2.42513220E-19 1.71832203E-17 1.00000000E-40 1.00000000E-40 1.00000000E-40 1.61805571E-29 5.68837429E-22 5.34630903E-19 2.21634928E-16 9.16043686E-23 4.75022393E-22 1.22144952E-23 5.49511818E-13 2.73374427E-14 6.37447971E-15 1.90342879E-02 3.90187077E-33 2.92962293E-30 4.04388974E-12 1.00000000E-40 1.00000000E-40 2.66437075E-29 3.68056017E-31 6.18731018E-13 1.79787135E-10 8.24372868E-18 1.13518141E-17 1.57082606E-12 3.79115533E-08 3.50166007E-15 1.91095782E-21 1.97671408E-23 4.10691719E-09 3.85802717E-33 4.57894792E-21 4.97264081E-29 8.28721340E-31 1.24392784E-36 1.00000000E-40 4.47020413E-29 1.44011506E-29 7.71977297E-14 1.03140692E-35 2.17456139E-39 1.11992930E-33 1.00000000E-40 1.00000000E-40 1.39223774E-12 7.00417067E-26 1.39449522E-27 1.00000000E-40 1.00000000E-40 5.04618692E-31 4.30725880E-32 1.88809036E-28 1.43265940E-37 1.09846241E-25 1.85092086E-17 1.77106967E-19 6.65587087E-32 1.00000000E-40 1.00000000E-05 1.00000000E-05 1.00000000E-05 1.00000000E-05 1.00000000E-05 1.00000000E-05 1.00000000E-05 1.00000000E-05 1.00000000E-05 1.00000000E-05
2.96140000E+00 5.07918000E-01 1.93345104E+19 1.90272989E+02 1.00000000E+05 1.36935198E+00 5.44414830E+02 8.00775323E-10 3.14686739E-34 2.54777625E-07 2.21787782E-40 2.21787782E-40 2.21787782E-40 2.21787782E-40 2.24394285E-40 1.79193211E-16 8.05076056E-06 8.42786788E-07 6.06898657E-25 1.28977752E-19 1.82450893E-08 2.11962305E-07 7.22356656E-01 5.38328405E-20 1.66617590E-17 1.00000000E-40 1.00000000E-40 1.00000000E-40 1.02219239E-29 5.94040358E-22 5.89666321E-19 2.32540463E-16 7.77470337E-23 4.23650728E-22 1.26795532E-23 8.81321570E-13 4.34240068E-14 1.81908366E-14 1.57229393E-02 4.18475547E-33 3.05520903E-30 4.21905649E-12 1.00000000E-40 1.00000000E-40 2.78428019E-29 3.84340225E-31 5.23356498E-13 2.02065734E-10 1.64707524E-17 1.21949310E-17 1.10052433E-12 4.03216741E-08 3.38061037E-15 1.08378799E-21 1.24097394E-23 4.33902338E-09 4.02914633E-33 4.78119304E-21 5.17147010E-29 8.29622357E-31 1.29909055E-36 1.00000000E-40 4.68799379E-29 1.48331574E-29 5.03987448E-14 1.05968196E-35 4.43885484E-40 1.14055722E-33 1.00000000E-40 1.00000000E-40 2.32282472E-12 9.15246822E-27 1.28496271E-27 1.00000000E-40 1.00000000E-40 5.18921809E-31 4.40268804E-32 1.97192499E-28 2.64964204E-37 1.74443565E-25 3.80467350E-18 1.85797377E-19 6.42827973E-32 1.00000000E-40 1.00000000E-05 1.00000000E-05 1.00000000E-05 1.00000000E-05 1.00000000E-05 1.00000000E-05 1.00000000E-05 1.00000000E-05 1.00000000E-05 1.00000000E-05
4.14596000E+00 4.40637000E-01 1.70858847E+19 1.86792832E+02 1.00000000E+05 1.52750665E+00 6.08803791E+02 8.94003881E-10 3.52272020E-34 2.79981996E-07 2.47355793E-40 2.47355793E-40 2.47355793E-40 2.47355793E-40 2.50302631E-40 1.00998390E-16 8.38564694E-06 5.47867922E-07 3.78943761E-25 1.68686153E-19 2.85456764E-08 2.40721763E-07 7.05037411E-01 1.90969343E-20 1.55738402E-17 1.00000000E-40 1.00000000E-40 1.00000000E-40 7.01504727E-30 6.07960711E-22 7.00153244E-19 2.39374364E-16 6.46865608E-23 3.68425204E-22 1.28529580E-23 1.29698503E-12 6.15744941E-14 4.18199264E-14 1.26870432E-02 4.50146094E-33 3.11972552E-30 4.30468162E-12 1.00000000E-40 1.00000000E-40 2.85203514E-29 3.92860722E-31 4.33554091E-13 2.14909610E-10 2.63148629E-17 1.44666821E-17 7.73258482E-13 4.20070882E-08 3.18618440E-15 5.92437686E-22 7.55636673E-24 4.50773130E-09 4.12357192E-33 4.89217690E-21 5.26071855E-29 8.07835039E-31 1.32951639E-36 1.00000000E-40 4.81991718E-29 1.49366752E-29 3.33526696E-14 1.06731864E-35 1.45221018E-40 1.13700609E-33 1.00000000E-40 1.00000000E-40 3.29868012E-12 1.82980876E-27 1.27940242E-27 1.00000000E-40 1.00000000E-40 5.19198618E-31 4.39817963E-32 2.01823484E-28 4.18090885E-37 2.26242133E-25 1.27219758E-18 1.90984979E-19 6.20767908E-32 1.00000000E-40 1.00000000E-05 1.00000000E-05 1.00000000E-05 1.00000000E-05 1.00000000E-05 1.00000000E-05 1.00000000E-05 1.00000000E-05 1.00000000E-05 1.00000000E-05
5.33052000E+00 3.89650000E-01 1.53547889E+19 1.83800864E+02 1.00000000E+05 1.68340735E+00 6.72717639E+02 9.95469533E-10 3.90518064E-34 3.04673035E-07 2.72544636E-40 2.72544636E-40 2.72544636E-40 2.72544636E-40 2.75842710E-40 6.34631724E-17 8.56597600E-06 3.53765144E-07 3.13439425E-25 2.22872557E-19 3.95890080E-08 2.67669970E-07 6.68468594E-01 8.43711805E-21 1.39663478E-17 1.00000000E-40 1.00000000E-40 1.00000000E-40 5.01849511E-30 6.10286733E-22 8.24176831E-19 2.41482323E-16 5.23211438E-23 3.10432331E-22 1.27273034E-23 1.82322579E-12 8.07830476E-14 8.43706645E-14 1.01285042E-02 4.88725433E-33 3.12147207E-30 4.29766010E-12 1.00000000E-40 1.00000000E-40 2.86615383E-29 3.93348001E-31 3.49972346E-13 2.19367861E-10 3.77634027E-17 1.82570263E-17 5.52638133E-13 4.29069339E-08 2.91150788E-15 3.16397155E-22 4.58152785E-24 4.60468445E-09 4.13919307E-33 4.90941767E-21 5.23792171E-29 7.64580271E-31 1.33452373E-36 1.02495616E-40 4.86228407E-29 1.47162109E-29 2.23813662E-14 1.05383841E-35 1.00000000E-40 1.10931319E-33 1.00000000E-40 1.00000000E-40 4.23165150E-12 6.37597795E-28 1.36089354E-27 1.00000000E-40 1.00000000E-40 5.06916442E-31 4.29566004E-32 2.02597970E-28 5.95531669E-37 2.60163895E-25 6.24659493E-19 1.92500373E-19 5.96831933E-32 1.00000000E-40 1.00000000E-05 1.00000000E-05 1.00000000E-05 1.00000000E-05 1.00000000E-05 1.00000000E-05 1.00000000E-05 1.00000000E-05 1.00000000E-05 1.00000000E-05
6.51508000E+00 3.46768000E-01 1.39052531E+19 1.80624573E+02 1.00000000E+05 1.84746116E+00 7.40562568E+02 1.57794093E-09 4.44949740E-34 3.30926409E-07 2.99034132E-40 2.99034132E-40 2.99034132E-40 2.99034132E-40 3.02718565E-40 3.99923249E-17 8.68983148E-06 2.24202109E-07 1.05547531E-24 2.97195196E-19 5.14932350E-08 2.95170540E-07 6.21990654E-01 3.90547260E-21 1.20650893E-17 1.00000000E-40 1.00000000E-40 1.00000000E-40 3.53622124E-30 6.08490801E-22 9.51706495E-19 2.41173787E-16 4.15619311E-23 2.56756284E-22 1.24602572E-23 2.51650690E-12 1.01067824E-13 1.59820805E-13 7.95696829E-03 5.44007675E-33 3.09871994E-30 4.25034837E-12 1.00000000E-40 1.00000000E-40 2.86169835E-29 3.90592788E-31 2.64260209E-13 2.19231392E-10 5.14440242E-17 2.21597960E-17 3.90608094E-13 4.35145186E-08 2.54085997E-15 1.56477816E-22 2.96983351E-24 4.68095511E-09 4.12671583E-33 4.89308486E-21 5.16787707E-29 7.10720551E-31 1.33046049E-36 1.03737669E-40 4.87369034E-29 1.43621950E-29 1.45427783E-14 1.03213558E-35 1.00000000E-40 1.07145314E-33 1.00000000E-40 1.00000000E-40 5.07744003E-12 2.83340829E-28 1.52811656E-27 1.00000000E-40 1.00000000E-40 4.89426603E-31 4.15125452E-32 2.01997311E-28 7.97796282E-37 2.78724288E-25 1.31200997E-18 1.92651339E-19 5.76107627E-32 1.00000000E-40 1.00000000E-05 1.00000000E-05 1.00000000E-05 1.00000000E-05 1.00000000E-05 1.00000000E-05 1.00000000E-05 1.00000000E-05 1.00000000E-05 1.00000000E-05
7.69964000E+00 3.08741000E-01 1.25919316E+19 1.77590066E+02 1.00000000E+05 2.03358532E+00 8.18300885E+02 3.14938908E-08 7.57126677E-34 3.61432213E-07 3.29069787E-40 3.29069787E-40 3.29069787E-40 3.29069787E-40 3.33210181E-40 2.53616731E-17 8.80790605E-06 1.40646667E-07 7.91629880E-24 4.10341834E-19 6.44967810E-08 3.24815680E-07 5.69608754E-01 1.87970727E-21 9.96816680E-18 1.00000000E-40 1.00000000E-40 1.00000000E-40 2.46575544E-30 6.06285378E-22 1.03400359E-18 2.39227905E-16 3.20543914E-23 2.06983525E-22 1.21262361E-23 3.45014063E-12 1.19779156E-13 2.70681718E-13 6.18540812E-03 6.24844938E-33 3.07021172E-30 4.18809689E-12 1.00000000E-40 1.00000000E-40 2.85617597E-29 3.86942487E-31 1.91179227E-13 2.16892712E-10 6.88856638E-17 2.84706785E-17 2.84882111E-13 4.40854476E-08 2.11299023E-15 6.90044420E-23 2.29123749E-24 4.76226938E-09 4.11134739E-33 4.87306347E-21 5.08183097E-29 6.50855016E-31 1.32545273E-36 1.04523729E-40 4.88365849E-29 1.39645184E-29 9.17641217E-15 1.00806186E-35 1.00000000E-40 1.02959458E-33 1.00000000E-40 1.00000000E-40 5.80084128E-12 1.39064948E-28 1.77508459E-27 1.00000000E-40 1.00000000E-40 4.70132210E-31 3.99078007E-32 2.01255180E-28 1.02724228E-36 2.85629899E-25 6.28378506E-18 1.92592631E-19 5.59753603E-32 1.73379000E-40 1.00000000E-05 1.00000000E-05 1.00000000E-05 1.00000000E-05 1.00000000E-05 1.00000000E-05 1.00000000E-05 1.00000000E-05 1.00000000E-05 1.00000000E-05
8.88420000E+00 2.75166000E-01 1.14348799E+19 1.74292974E+02 1.00000000E+05 2.23904058E+00 9.05581835E+02 3.14812019E-06 6.10901453E-33 3.96046257E-07 3.62196307E-40 3.62196307E-40 3.62196307E-40 3.62196307E-40 3.66868225E-40 1.50934205E-17 8.91112699E-06 8.51287155E-08 4.32396202E-23 5.82369520E-19 7.85865966E-08 3.56381777E-07 5.10624641E-01 8.53847042E-22 7.72485224E-18 1.00000000E-40 1.00000000E-40 1.00000000E-40 1.61543257E-30 6.03089322E-22 9.71954048E-19 2.34820383E-16 2.37398757E-23 1.61711772E-22 1.17099690E-23 4.68783184E-12 1.29832846E-13 3.62129377E-13 4.67934530E-03 7.37597636E-33 3.03269998E-30 4.10616078E-12 1.00000000E-40 1.00000000E-40 2.84693649E-29 3.81977847E-31 1.47272753E-13 2.12875509E-10 9.15246543E-17 3.89747711E-17 2.22141791E-13 4.45754735E-08 1.62309677E-15 2.46151538E-23 2.14226307E-24 4.84266561E-09 4.08917211E-33 4.84469337E-21 4.97408681E-29 5.84187682E-31 1.31823694E-36 1.04908025E-40 4.88760176E-29 1.35083760E-29 5.30636633E-15 9.80159025E-36 1.00000000E-40 9.82144581E-34 1.00000000E-40 1.00000000E-40 6.39789710E-12 6.88539551E-29 2.08918537E-27 1.00000000E-40 1.00000000E-40 4.48588516E-31 3.80957392E-32 2.00179846E-28 1.28259564E-36 2.83243410E-25 2.19521913E-17 1.92129061E-19 5.45418023E-32 3.65995000E-40 1.00000000E-05 1.00000000E-05 1.00000000E-05 1.00000000E-05 1.00000000E-05 1.00000000E-05 1.00000000E-05 1.00000000E-05 1.00000000E-05 1.00000000E-05
1.00688000E+01 2.45598000E-01 1.04022614E+19 1.71006957E+02 1.00000000E+05 2.47134466E+00 1.00696823E+03 3.87011731E-04 1.69601234E-31 4.36928726E-07 3.99611279E-40 3.99611279E-40 3.99611279E-40 3.99611279E-40 4.04924157E-40 8.61977524E-18 8.99547752E-06 4.98702253E-08 1.70624625E-22 8.54097372E-19 9.37467745E-08 3.89748173E-07 4.44978727E-01 3.74057613E-22 5.50233798E-18 1.00000000E-40 1.00000000E-40 1.00000000E-40 1.01088982E-30 5.98697695E-22 7.37237936E-19 2.27740576E-16 1.66611185E-23 1.20855352E-22 1.12049039E-23 6.26354929E-12 1.24736953E-13 3.39888842E-13 3.45101756E-03 8.88447891E-33 2.98490250E-30 4.00284043E-12 1.00000000E-40 1.00000000E-40 2.83308453E-29 3.75528775E-31 1.57768495E-13 2.07582496E-10 1.20714260E-16 6.63774676E-17 2.06867323E-13 4.49654616E-08 1.15546097E-15 7.05954158E-24 2.10435838E-24 4.91908734E-09 4.05882376E-33 4.80634187E-21 4.84233297E-29 5.11031879E-31 1.30837174E-36 1.04938770E-40 4.88389307E-29 1.29884798E-29 2.89376929E-15 9.47760478E-36 1.00000000E-40 9.28381079E-34 1.00000000E-40 1.00000000E-40 6.93304886E-12 3.45739037E-29 2.45901495E-27 1.00000000E-40 1.00000000E-40 4.24572726E-31 3.60597811E-32 1.98704355E-28 1.56228787E-36 2.74063501E-25 5.49206620E-17 1.91184005E-19 5.31587500E-32 7.73217000E-40 1.00000000E-05 1.00000000E-05 1.00000000E-05 1.00000000E-05 1.00000000E-05 1.00000000E-05 1.00000000E-05 1.00000000E-05 1.00000000E-05 1.00000000E-05
1.12533000E+01 2.19575000E-01 9.48564929E+18 1.67661190E+02 1.00000000E+05 2.73938993E+00 1.12946242E+03 3.54392965E-02 6.14040202E-30 4.87543014E-07 4.42717979E-40 4.42717979E-40 4.42717979E-40 4.42717979E-40 4.48834609E-40 4.76075716E-18 9.05577362E-06 2.81608085E-08 5.27031332E-22 1.29870074E-18 1.09927193E-07 4.24696987E-07 3.72782948E-01 1.57498253E-22 3.55365994E-18 1.00000000E-40 1.00000000E-40 1.00000000E-40 6.10034229E-31 5.92837553E-22 4.54944479E-19 2.18310719E-16 1.10705958E-23 8.56343386E-23 1.06041921E-23 8.15137388E-12 1.07013613E-13 2.37838960E-13 2.47345463E-03 1.08096920E-32 2.92526312E-30 3.87633090E-12 1.00000000E-40 1.00000000E-40 2.81338698E-29 3.67390466E-31 2.12048115E-13 2.01240363E-10 1.57587954E-16 1.40752480E-16 2.31715921E-13 4.52302193E-08 7.67387682E-16 1.72995693E-24 1.91144108E-24 4.98804731E-09 4.01846968E-33 4.75582768E-21 4.68388120E-29 4.33076161E-31 1.29526553E-36 1.04582396E-40 4.87031339E-29 1.23984880E-29 1.55374761E-15 9.10229155E-36 1.00000000E-40 8.67670785E-34 1.00000000E-40 1.00000000E-40 7.38837208E-12 1.80295550E-29 2.87455888E-27 1.00000000E-40 1.00000000E-40 3.97804001E-31 3.37821740E-32 1.96738914E-28 1.86388460E-36 2.60037560E-25 1.05551967E-16 1.89659513E-19 5.17115496E-32 1.65316000E-39 1.00000000E-05 1.00000000E-05 1.00000000E-05 1.00000000E-05 1.00000000E-05 1.00000000E-05 1.00000000E-05 1.00000000E-05 1.00000000E-05 1.00000000E-05
1.24379000E+01 1.96694000E-01 8.67599511E+18 1.64205814E+02 1.00000000E+05 3.05289422E+00 1.28266917E+03 4.38345936E-01 1.88085725E-28 5.52912267E-07 4.93019596E-40 4.93019596E-40 4.93019596E-40 4.93019596E-40 5.00192928E-40 2.59729453E-18 9.08704771E-06 1.52404043E-08 1.38089741E-21 2.09348280E-18 1.27037216E-07 4.60929815E-07 2.94461243E-01 6.41476974E-23 2.08283435E-18 1.00000000E-40 1.00000000E-40 1.06815898E-40 3.62192853E-31 5.85270750E-22 2.43719266E-19 2.06963342E-16 6.91786507E-24 5.65884872E-23 9.90338483E-24 1.02878373E-11 8.48910542E-14 1.45363724E-13 1.71700492E-03 1.31524966E-32 2.85251873E-30 3.72529309E-12 1.00000000E-40 1.00000000E-40 2.78674702E-29 3.57395131E-31 2.76282687E-13 1.93955822E-10 2.04494681E-16 3.30267880E-16 2.80106371E-13 4.53455350E-08 4.80706420E-16 3.93328752E-25 1.56723833E-24 5.04626181E-09 3.96650824E-33 4.69125072E-21 4.49667095E-29 3.53854775E-31 1.27840147E-36 1.03732811E-40 4.84484167E-29 1.17339178E-29 8.49209826E-16 8.67128252E-36 1.00000000E-40 7.99693052E-34 1.00000000E-40 1.00000000E-40 7.71669427E-12 1.05485149E-29 3.32645705E-27 1.00000000E-40 1.00000000E-40 3.68099957E-31 3.12528477E-32 1.94205019E-28 2.18328275E-36 2.42491676E-25 1.66735465E-16 1.87468912E-19 5.01215617E-32 3.64660000E-39 1.00000000E-05 1.00000000E-05 1.00000000E-05 1.00000000E-05 1.00000000E-05 1.00000000E-05 1.00000000E-05 1.00000000E-05 1.00000000E-05 1.00000000E-05
1.36224000E+01 1.76553000E-01 7.94674408E+18 1.60917246E+02 1.00000000E+05 3.44239385E+00 1.49338656E+03 1.13231165E+00 4.18974477E-27 6.47093041E-07 5.55337607E-40 5.55337607E-40 5.55337607E-40 5.55337607E-40 5.64027010E-40 1.44905178E-18 9.08943619E-06 8.03531188E-09 3.28441021E-21 3.52493856E-18 1.45033765E-07 4.98356872E-07 2.25494816E-01 2.63712893E-23 1.12341934E-18 1.00000000E-40 1.00000000E-40 1.51205215E-40 2.17285969E-31 5.76092491E-22 1.22126077E-19 1.94024479E-16 4.13039818E-24 3.52596798E-23 9.10497715E-24 1.26183298E-11 6.47099553E-14 8.66481730E-14 1.16614524E-03 1.58960791E-32 2.76711389E-30 3.55054049E-12 1.00000000E-40 1.00000000E-40 2.75363539E-29 3.45589965E-31 3.32264929E-13 1.85795130E-10 2.65373385E-16 8.11583806E-16 3.38295980E-13 4.53125644E-08 2.94923434E-16 9.27617148E-26 1.21311814E-24 5.09335495E-09 3.90359262E-33 4.61338240E-21 4.28144119E-29 2.77912138E-31 1.25798963E-36 1.02238729E-40 4.80817308E-29 1.09975634E-29 4.88742797E-16 8.18601819E-36 1.00000000E-40 7.24782716E-34 1.00000000E-40 1.08966805E-40 7.93612612E-12 7.85254157E-30 3.80674536E-27 1.00000000E-40 1.00000000E-40 3.35553604E-31 2.84831710E-32 1.91134553E-28 2.51508814E-36 2.22342562E-25 2.31960177E-16 1.84633344E-19 4.83609754E-32 7.93615000E-39 1.00000000E-05 1.00000000E-05 1.00000000E-05 1.00000000E-05 1.00000000E-05 1.00000000E-05 1.00000000E-05 1.00000000E-05 1.00000000E-05 1.00000000E-05
1.48070000E+01 1.58735000E-01 7.30423532E+18 1.57403599E+02 1.00000000E+05 3.93263618E+00 1.79891303E+03 2.11161812E+00 6.23826422E-26 7.90722510E-07 6.33585743E-40 6.33585743E-40 6.33585743E-40 6.33585743E-40 6.44654355E-40 7.91014756E-19 9.06059853E-06 4.05076399E-09 7.48843672E-21 6.10472430E-18 1.63814230E-07 5.36710721E-07 1.67927278E-01 1.02613784E-23 5.67642630E-19 1.00000000E-40 1.00000000E-40 2.20621303E-40 1.25553180E-31 5.65239993E-22 5.68711399E-20 1.79591835E-16 2.36733933E-24 2.08197177E-23 8.21032451E-24 1.51029339E-11 4.73255480E-14 5.20896465E-14 7.67371529E-04 1.90061222E-32 2.66880480E-30 3.35197625E-12 1.00000000E-40 1.00000000E-40 2.71375001E-29 3.31939044E-31 3.73236089E-13 1.76706139E-10 3.43320975E-16 1.92544977E-15 3.92480769E-13 4.51200385E-08 1.73147202E-16 2.18090715E-26 9.22524666E-25 5.12762794E-09 3.82930241E-33 4.52172958E-21 4.03798723E-29 2.09384996E-31 1.23389430E-36 1.00000000E-40 4.75965268E-29 1.01897079E-29 2.85933410E-16 7.64629667E-36 1.00000000E-40 6.43265920E-34 1.00000000E-40 2.05863952E-40 8.08104038E-12 7.99173570E-30 4.30337731E-27 1.00000000E-40 1.00000000E-40 3.00227506E-31 2.54802622E-32 1.87506830E-28 2.84876280E-36 2.00054728E-25 2.97124840E-16 1.81124859E-19 4.64038088E-32 1.68303000E-38 1.00000000E-05 1.00000000E-05 1.00000000E-05 1.00000000E-05 1.00000000E-05 1.00000000E-05 1.00000000E-05 1.00000000E-05 1.00000000E-05 1.00000000E-05
1.59916000E+01 1.42810000E-01 6.71058759E+18 1.54139799E+02 1.00000000E+05 4.57207339E+00 2.26398278E+03 3.28787288E+00 6.03565657E-25 1.01562797E-06 7.36430378E-40 7.36430378E-40 7.36430378E-40 7.36430378E-40 7.51921401E-40 4.84188834E-19 9.01444535E-06 2.04968176E-09 1.61777173E-20 1.04488632E-17 1.83581121E-07 5.76710072E-07 1.25978285E-01 4.43548005E-24 2.73018970E-19 1.00000000E-40 1.00000000E-40 3.17693671E-40 7.30055800E-32 5.53649787E-22 2.65090735E-20 1.64002524E-16 1.32396992E-24 1.18740316E-23 7.23565250E-24 1.77408819E-11 3.44886331E-14 3.26915446E-14 5.08561263E-04 2.24782837E-32 2.56205525E-30 3.13534405E-12 1.00000000E-40 1.00000000E-40 2.67159053E-29 3.16992716E-31 4.02124740E-13 1.66929318E-10 4.36680433E-16 4.40095787E-15 4.37789826E-13 4.48375246E-08 1.02036316E-16 5.49404209E-27 7.26595545E-25 5.15667461E-09 3.74998477E-33 4.42378822E-21 3.77320033E-29 1.51422166E-31 1.20816036E-36 1.00000000E-40 4.70707863E-29 9.32819907E-30 1.75864902E-16 7.06530839E-36 1.00000000E-40 5.56703473E-34 1.00000000E-40 3.84403612E-40 8.18855700E-12 1.02124127E-29 4.80477384E-27 1.00000000E-40 1.00000000E-40 2.62730194E-31 2.22965439E-32 1.83632562E-28 3.17088620E-36 1.76229784E-25 3.58002699E-16 1.77237032E-19 4.43117748E-32 3.20502000E-38 1.00000000E-05 1.00000000E-05 1.00000000E-05 1.00000000E-05 1.00000000E-05 1.00000000E-05 1.00000000E-05 1.00000000E-05 1.00000000E-05 1.00000000E-05
1.71761000E+01 1.28408000E-01 6.09832425E+18 1.52509988E+02 1.00000000E+05 5.64184449E+00 3.09476523E+03 4.36279570E+00 4.04093685E-24 1.40662269E-06 9.15879124E-40 9.15879124E-40 9.15879124E-40 9.15879124E-40 9.42889787E-40 4.63505557E-19 8.97833060E-06 1.22154568E-09 3.08154522E-20 1.66578211E-17 2.05072137E-07 6.20475695E-07 1.02298682E-01 3.23910832E-24 1.25798640E-19 1.00000000E-40 1.00000000E-40 4.22567055E-40 5.19973537E-32 5.42970896E-22 1.50240153E-20 1.47632833E-16 7.44264362E-25 6.76274551E-24 6.19711870E-24 2.06004918E-11 2.75766078E-14 2.30261855E-14 3.75979872E-04 2.63908462E-32 2.45394936E-30 2.90850999E-12 1.00000000E-40 1.00000000E-40 2.63526886E-29 3.01604899E-31 4.36433085E-13 1.56845048E-10 5.39660337E-16 1.03046125E-14 4.85396493E-13 4.46006498E-08 7.12288979E-17 2.09146534E-27 6.50611160E-25 5.19654118E-09 3.67680100E-33 4.33267746E-21 3.49649815E-29 1.05038399E-31 1.18438145E-36 1.00000000E-40 4.66489395E-29 8.43442129E-30 1.28312738E-16 6.45991123E-36 1.00000000E-40 4.66565025E-34 1.00000000E-40 6.43190862E-40 8.29843781E-12 1.31190788E-29 5.29896465E-27 1.00000000E-40 1.00000000E-40 2.23639905E-31 1.89811271E-32 1.80058339E-28 3.46320126E-36 1.51334361E-25 4.14356290E-16 1.73489542E-19 4.21920628E-32 5.67968000E-38 1.00000000E-05 1.00000000E-05 1.00000000E-05 1.00000000E-05 1.00000000E-05 1.00000000E-05 1.00000000E-05 1.00000000E-05 1.00000000E-05 1.00000000E-05
1.83607000E+01 1.15307000E-01 5.53349536E+18 1.50929051E+02 1.00000000E+05 7.72959299E+00 4.47750758E+03 6.17841509E+00 1.85692821E-23 1.98918633E-06 1.29971589E-39 1.29971589E-39 1.29971589E-39 1.29971589E-39 1.36435290E-39 6.45414962E-19 8.94299715E-06 7.78060440E-10 5.71004933E-20 2.62175491E-17 2.28371098E-07 6.67975883E-07 8.31821224E-02 3.42975985E-24 5.50698333E-20 1.00000000E-40 1.00000000E-40 5.54593439E-40 3.96768874E-32 5.32576559E-22 9.28676039E-21 1.30135054E-16 3.98815672E-25 3.65748159E-24 5.07866758E-24 2.36992065E-11 2.29803304E-14 1.97931834E-14 2.87738167E-04 3.07621291E-32 2.34076361E-30 2.66574606E-12 1.00000000E-40 1.00000000E-40 2.60197992E-29 2.85285383E-31 4.70893023E-13 1.46150839E-10 6.89142887E-16 2.22334528E-14 5.32560468E-13 4.43625998E-08 5.16264286E-17 9.10350502E-28 7.58205862E-25 5.24265509E-09 3.60549346E-33 4.24330547E-21 3.20093489E-29 6.93946685E-32 1.16118248E-36 1.00000000E-40 4.62838559E-29 7.48851891E-30 9.80745634E-17 5.81600752E-36 1.00000000E-40 3.71753180E-34 1.00000000E-40 1.05763002E-39 8.41166271E-12 1.78514704E-29 5.74132452E-27 1.00000000E-40 1.00000000E-40 1.82340729E-31 1.54813304E-32 1.76575702E-28 3.68307913E-36 1.24973418E-25 4.72485148E-16 1.69670695E-19 3.99659807E-32 9.44177000E-38 1.00000000E-05 1.00000000E-05 1.00000000E-05 1.00000000E-05 1.00000000E-05 1.00000000E-05 1.00000000E-05 1.00000000E-05 1.00000000E-05 1.00000000E-05
1.95452000E+01 1.03355000E-01 5.08032681E+18 1.47352178E+02 1.00000000E+05 1.14410436E+01 5.79896861E+03 9.40963502E+00 5.29349671E-23 2.37156877E-06 2.09513532E-39 2.09513532E-39 2.09513532E-39 2.09513532E-39 2.27490230E-39 1.44692451E-18 8.89687544E-06 4.11019731E-10 1.22007087E-19 4.61968033E-17 2.53175488E-07 7.18328166E-07 6.32517121E-02 5.17928054E-24 2.27341587E-20 1.00000000E-40 1.00000000E-40 5.43245184E-39 2.67590091E-32 5.21825114E-22 7.22548950E-21 1.11380331E-16 1.97179140E-25 1.81967588E-24 3.87884428E-24 2.70009770E-11 2.14662497E-14 3.07753646E-14 1.89972094E-04 3.55468599E-32 2.21959966E-30 2.40385230E-12 1.00000000E-40 1.00000000E-40 2.56860415E-29 2.67679343E-31 4.81259959E-13 1.34668601E-10 1.29390540E-15 4.12647081E-14 5.62390216E-13 4.40660174E-08 3.02340981E-17 2.49127933E-28 1.52798648E-24 5.28821841E-09 3.53171612E-33 4.15054837E-21 2.88265981E-29 4.35191648E-32 1.13716278E-36 1.00000000E-40 4.59195726E-29 6.48152851E-30 6.75444060E-17 5.12663574E-36 1.00000000E-40 2.72455636E-34 1.00000000E-40 2.11473347E-39 8.51462387E-12 3.96661786E-29 6.05121548E-27 1.00000000E-40 1.00000000E-40 1.38773852E-31 1.17913894E-32 1.72971689E-28 3.76187525E-36 9.70875466E-26 5.36967205E-16 1.65569110E-19 3.75706609E-32 1.48455000E-37 1.00000000E-05 1.00000000E-05 1.00000000E-05 1.00000000E-05 1.00000000E-05 1.00000000E-05 1.00000000E-05 1.00000000E-05 1.00000000E-05 1.00000000E-05
2.07298000E+01 9.24529000E-02 4.65295131E+18 1.43915890E+02 1.00000000E+05 1.55719246E+01 5.24249112E+03 1.24039378E+01 8.45531576E-23 1.85616628E-06 3.27777866E-39 3.27777866E-39 3.27777866E-39 3.27777866E-39 3.70625109E-39 9.14658906E-18 8.87002987E-06 1.89018190E-10 3.02423689E-19 2.49040094E-16 2.80349858E-07 7.73973208E-07 4.44793518E-02 2.02509033E-23 8.87994651E-21 1.00000000E-40 1.00000000E-40 3.06660080E-37 5.80351998E-32 5.12517618E-22 4.02156138E-20 9.18098007E-17 8.36671202E-26 7.74433412E-25 2.61770696E-24 3.05639975E-11 5.14808165E-14 1.01437308E-13 1.14444022E-04 4.08708531E-32 2.09797468E-30 2.13112437E-12 1.00000000E-40 1.00000000E-40 2.54400368E-29 2.49693696E-31 4.79782047E-13 1.22865922E-10 6.32255799E-15 9.13158875E-14 5.89666090E-13 4.38593509E-08 1.75519418E-17 6.54389741E-29 5.35115499E-24 5.35106501E-09 3.46765025E-33 4.06870726E-21 2.55160888E-29 2.60677016E-32 1.11624250E-36 1.00000000E-40 4.57140768E-29 5.43603676E-30 9.01601033E-17 4.40954138E-36 1.00000000E-40 1.70516455E-34 1.00000000E-40 1.44597507E-38 8.59913154E-12 2.02486313E-28 6.08187270E-27 1.00000000E-40 1.00000000E-40 9.36683953E-32 7.97189019E-33 1.69842619E-28 3.57266935E-36 6.81493243E-26 6.04242314E-16 1.61747669E-19 3.51120730E-32 2.24578000E-37 1.00000000E-05 1.00000000E-05 1.00000000E-05 1.00000000E-05 1.00000000E-05 1.00000000E-05 1.00000000E-05 1.00000000E-05 1.00000000E-05 1.00000000E-05
2.19144000E+01 8.25243000E-02 4.25969231E+18 1.40320246E+02 1.00000000E+05 1.45073894E+01 2.44880411E+03 1.04549032E+01 7.03628630E-23 7.15753921E-07 3.72069612E-39 3.72069612E-39 3.72069612E-39 3.72069612E-39 4.37307414E-39 1.13245646E-16 8.83732555E-06 7.61901890E-11 8.93439356E-19 4.68310545E-15 3.09364061E-07 8.33258982E-07 2.95896015E-02 1.43773707E-22 3.28834101E-21 1.00000000E-40 1.00000000E-40 3.29001445E-36 6.90744109E-31 5.03162677E-22 5.90968382E-19 7.12359366E-17 3.02758314E-26 2.76042863E-25 1.28971165E-24 3.41808935E-11 2.08088268E-13 3.88902280E-13 6.40276362E-05 4.67881758E-32 1.96877726E-30 1.84045540E-12 1.00000000E-40 1.00000000E-40 2.52060054E-29 2.30472481E-31 4.72975596E-13 1.10427072E-10 4.32094673E-14 2.63153817E-13 6.68078736E-13 4.36169182E-08 1.13311307E-17 2.78506596E-29 2.31072311E-23 5.41669455E-09 3.40318268E-33 3.98583951E-21 2.19920787E-29 1.49560763E-32 1.09516067E-36 1.00000000E-40 4.55321795E-29 4.33694595E-30 6.79834887E-16 3.64741977E-36 1.00000000E-40 6.98433905E-35 1.00000000E-40 2.82762092E-37 8.54822922E-12 1.15870029E-27 5.45977619E-27 1.00000000E-40 1.00000000E-40 4.77016028E-32 4.07685418E-33 1.66692803E-28 2.83677368E-36 3.83593725E-26 7.07283579E-16 1.57718515E-19 3.24000338E-32 3.29438000E-37 1.00000000E-05 1.00000000E-05 1.00000000E-05 1.00000000E-05 1.00000000E-05 1.00000000E-05 1.00000000E-05 1.00000000E-05 1.00000000E-05 1.00000000E-05
2.30989000E+01 7.35050000E-02 3.89281068E+18 1.36763534E+02 1.00000000E+05 6.76785676E+00 4.23091255E+02 4.29460090E+00 2.60035738E-23 1.03413085E-07 2.38174183E-39 2.38174183E-39 2.38174183E-39 2.38174183E-39 2.89129120E-39 9.13097177E-16 8.80221277E-06 2.59937514E-11 3.25549886E-18 3.47177589E-14 3.40493407E-07 8.96822463E-07 1.90261323E-02 6.26149333E-22 1.16996577E-21 1.00000000E-40 1.00000000E-40 1.16351624E-35 5.75124773E-30 4.93948030E-22 3.13866325E-18 5.21003435E-17 1.03294071E-26 8.48485220E-26 3.88456749E-25 3.73974237E-11 5.00720120E-13 1.23062329E-12 3.39710105E-05 5.35463145E-32 1.83219648E-30 1.54079675E-12 1.00000000E-40 1.00000000E-40 2.49682689E-29 2.10125879E-31 4.78328690E-13 9.77348546E-11 1.50667983E-13 1.08455815E-12 8.01688140E-13 4.33540415E-08 1.21924667E-17 5.14883888E-29 8.64676127E-23 5.48751840E-09 3.33955763E-33 3.90334913E-21 1.83605321E-29 8.28671581E-33 1.07431171E-36 1.00000000E-40 4.53410953E-29 3.24698519E-30 2.71958853E-15 2.84745066E-36 1.00000000E-40 1.14181905E-35 1.00000000E-40 2.14287344E-36 8.50442719E-12 2.63744060E-27 4.20710521E-27 1.00000000E-40 1.00000000E-40 1.30574451E-32 1.13186253E-33 1.63582485E-28 1.78220795E-36 1.37821903E-26 9.16814119E-16 1.53524556E-19 2.87793526E-32 4.73890000E-37 1.00000000E-05 1.00000000E-05 1.00000000E-05 1.00000000E-05 1.00000000E-05 1.00000000E-05 1.00000000E-05 1.00000000E-05 1.00000000E-05 1.00000000E-05
2.42835000E+01 6.53356000E-02 3.55069556E+18 1.33276373E+02 1.00000000E+05 1.19040858E+00 1.78492122E+01 7.52605341E-01 4.07924137E-24 6.67184647E-09 8.20459749E-40 8.20459749E-40 8.20459749E-40 8.20459749E-40 1.01075535E-39 4.20506964E-15 8.76117660E-06 7.86628751E-12 1.19734675E-17 9.70340909E-14 3.73809455E-07 9.64725032E-07 1.22433692E-02 1.51814936E-21 4.06234511E-22 1.00000000E-40 1.00000000E-40 2.14062135E-35 3.29124087E-29 4.84660783E-22 7.22671519E-18 4.05731809E-17 4.63721057E-27 3.18161417E-26 9.04122766E-26 3.95967572E-11 7.80756171E-13 2.89814636E-12 1.77375451E-05 5.99959571E-32 1.68927008E-30 1.25202935E-12 1.00000000E-40 1.00000000E-40 2.46664944E-29 1.89010938E-31 4.81938571E-13 8.51499151E-11 2.32201640E-13 3.64859560E-12 6.65080738E-13 4.30516014E-08 2.63972591E-17 2.09277253E-28 2.07019984E-22 5.56179545E-09 3.27531065E-33 3.81945950E-21 1.48632591E-29 4.47632950E-33 1.05321670E-36 1.00000000E-40 4.50227873E-29 2.28728673E-30 4.18412099E-15 2.04842975E-36 1.00000000E-40 1.20370771E-36 1.00000000E-40 5.70253332E-36 8.96346058E-12 2.29625723E-27 3.97151851E-27 1.00000000E-40 1.00000000E-40 1.98205646E-33 1.84768835E-34 1.60438992E-28 1.59809094E-36 3.83329867E-27 1.15332196E-15 1.49083361E-19 2.26336017E-32 6.72091000E-37 1.00000000E-05 1.00000000E-05 1.00000000E-05 1.00000000E-05 1.00000000E-05 1.00000000E-05 1.00000000E-05 1.00000000E-05 1.00000000E-05 1.00000000E-05
2.54680000E+01 5.79562000E-02 3.18766897E+18 1.31687152E+02 1.00000000E+05 8.08509790E-02 1.78051818E-01 9.17410495E-02 4.61229082E-25 1.23909977E-09 2.70479286E-40 2.70479286E-40 2.70479286E-40 2.70479286E-40 3.24507730E-40 1.17395412E-14 8.74959786E-06 4.80223013E-12 2.98402244E-17 1.71882737E-13 4.11381529E-07 1.04200428E-06 9.18745758E-03 2.65688395E-21 1.40780471E-22 1.00000000E-40 1.00000000E-40 2.68887260E-35 1.13835746E-28 4.77168160E-22 1.20960885E-17 3.75490961E-17 3.53293319E-27 2.19396518E-26 2.76840806E-26 4.07900799E-11 1.02688193E-12 5.53177254E-12 1.12473762E-05 6.50068334E-32 1.54846106E-30 9.96319551E-13 1.00000000E-40 1.00000000E-40 2.43621953E-29 1.68402151E-31 4.82406151E-13 7.30516465E-11 2.59664363E-13 6.14731918E-12 5.48353814E-13 4.28797118E-08 5.70650860E-17 6.14390988E-28 3.27017711E-22 5.66337743E-09 3.22304981E-33 3.74872722E-21 1.17732012E-29 2.39533482E-33 1.03591953E-36 1.00000000E-40 4.46874820E-29 1.54021850E-30 4.59817349E-15 1.35657154E-36 1.00000000E-40 4.17456950E-37 1.00000000E-40 8.64350201E-36 1.00978879E-11 2.05349558E-27 4.21608341E-27 1.00000000E-40 1.00000000E-40 2.10634261E-34 3.30290734E-35 1.57879463E-28 1.70143450E-36 2.02058396E-27 1.25160585E-15 1.44949493E-19 1.57399207E-32 9.41382000E-37 1.00000000E-05 1.00000000E-05 1.00000000E-05 1.00000000E-05 1.00000000E-05 1.00000000E-05 1.00000000E-05 1.00000000E-05 1.00000000E-05 1.00000000E-05
2.66526000E+01 5.13074000E-02 2.84503277E+18 1.30619932E+02 1.00000000E+05 2.57120895E-03 6.17040110E-04 1.60452441E-02 7.35585067E-26 6.78066020E-10 1.45430644E-40 1.45430644E-40 1.45430644E-40 1.45430644E-40 1.66442128E-40 2.35426905E-14 8.73775314E-06 3.27010046E-12 5.15264126E-17 2.62950478E-13 4.52709153E-07 1.12696922E-06 7.91903605E-03 3.89069635E-21 5.02551867E-23 1.00000000E-40 1.00000000E-40 2.82428836E-35 2.31328751E-28 4.69733230E-22 1.79213823E-17 3.85181392E-17 3.60257841E-27 2.19088942E-26 1.22484847E-26 4.08452306E-11 1.25717860E-12 9.51824316E-12 8.63179268E-06 6.80951693E-32 1.40408714E-30 7.75947835E-13 1.00000000E-40 1.00000000E-40 2.39621467E-29 1.47926568E-31 4.72344533E-13 6.12725205E-11 2.81124183E-13 5.38208960E-12 3.53588886E-13 4.26904390E-08 9.51335869E-17 1.13619478E-27 4.12176315E-22 5.77568461E-09 3.17109949E-33 3.67735697E-21 9.11969109E-30 1.27374622E-33 1.01865733E-36 1.00000000E-40 4.41707578E-29 9.95576670E-31 4.94080891E-15 8.52667268E-37 1.00000000E-40 3.50843072E-37 1.00000000E-40 1.06474921E-35 1.16226363E-11 2.39840641E-27 3.96756794E-27 1.00000000E-40 1.00000000E-40 1.73350491E-35 1.63162964E-35 1.55332467E-28 1.53094752E-36 1.87595666E-27 1.23916639E-15 1.40576247E-19 1.07706037E-32 1.30958000E-36 1.00000000E-05 1.00000000E-05 1.00000000E-05 1.00000000E-05 1.00000000E-05 1.00000000E-05 1.00000000E-05 1.00000000E-05 1.00000000E-05 1.00000000E-05
2.78372000E+01 4.53327000E-02 2.53031206E+18 1.29763998E+02 1.00000000E+05 4.51587326E-05 1.00557968E-05 4.46007935E-03 1.88420734E-26 4.75370675E-10 1.13897275E-40 1.13897275E-40 1.13897275E-40 1.13897275E-40 1.25626054E-40 3.94508336E-14 8.74513030E-06 3.80934452E-12 7.28627571E-17 3.84644960E-13 4.99435496E-07 1.22344358E-06 7.37459527E-03 5.15642179E-21 2.07632048E-23 1.00000000E-40 1.00000000E-40 2.72119065E-35 3.45500336E-28 4.63364570E-22 2.48596459E-17 3.97362637E-17 3.85386772E-27 2.34504162E-26 7.02908002E-27 3.97598304E-11 1.46936272E-12 1.54577999E-11 7.40787837E-06 6.95328517E-32 1.25967370E-30 5.93842371E-13 1.00000000E-40 1.00000000E-40 2.35264758E-29 1.28169887E-31 4.53886334E-13 5.03090373E-11 3.13142588E-13 1.04669366E-11 6.41583883E-13 4.25786319E-08 1.37175825E-16 1.65349257E-27 4.70663892E-22 5.91363916E-09 3.12636512E-33 3.61321120E-21 6.93544090E-30 6.78992973E-34 1.00364228E-36 1.00000000E-40 4.35914583E-29 6.23598548E-31 5.46166049E-15 5.41407975E-37 1.00000000E-40 2.95219558E-37 1.00000000E-40 1.19912310E-35 1.32642293E-11 2.67477810E-27 3.43303388E-27 1.00000000E-40 1.00000000E-40 1.21518341E-36 1.35956212E-35 1.53136894E-28 1.19150365E-36 1.72984593E-27 1.18550795E-15 1.36264218E-19 8.00169022E-33 1.81907000E-36 1.00000000E-05 1.00000000E-05 1.00000000E-05 1.00000000E-05 1.00000000E-05 1.00000000E-05 1.00000000E-05 1.00000000E-05 1.00000000E-05 1.00000000E-05
2.90217000E+01 3.99771000E-02 2.24431319E+18 1.29016288E+02 1.00000000E+05 4.80326193E-07 2.78195923E-06 1.53854183E-03 6.84955051E-27 3.06715716E-10 1.03768899E-40 1.03768899E-40 1.03768899E-40 1.03768899E-40 1.11348333E-40 6.03045505E-14 8.77615043E-06 1.84690806E-12 9.39849632E-17 5.57411032E-13 5.52652681E-07 1.33377934E-06 7.14532463E-03 6.49137168E-21 1.23541988E-23 1.00000000E-40 1.00000000E-40 2.48566035E-35 4.41675476E-28 4.58240904E-22 3.30168115E-17 3.92912756E-17 4.02242004E-27 2.48596749E-26 4.71182432E-27 3.74439699E-11 1.64597807E-12 2.40254725E-11 6.73920399E-06 6.95168212E-32 1.11589995E-30 4.47455998E-13 1.00000000E-40 1.00000000E-40 2.30756734E-29 1.09342694E-31 4.32386404E-13 4.05116280E-11 3.59401913E-13 3.34663507E-11 7.07190871E-13 4.25643479E-08 1.89376540E-16 2.22752960E-27 5.20364048E-22 6.08282147E-09 3.09011738E-33 3.55754724E-21 5.18684611E-30 3.66068047E-34 9.91271920E-37 1.00000000E-40 4.29972100E-29 3.82939659E-31 6.21436500E-15 3.67107397E-37 1.00000000E-40 2.32218347E-37 1.00000000E-40 1.28290750E-35 1.48249459E-11 2.65258147E-27 2.87990150E-27 1.00000000E-40 1.00000000E-40 1.11327729E-37 1.15053889E-35 1.51355362E-28 8.50415566E-37 1.46840478E-27 1.12527141E-15 1.32051513E-19 6.57983105E-33 2.52127000E-36 1.00000000E-05 1.00000000E-05 1.00000000E-05 1.00000000E-05 1.00000000E-05 1.00000000E-05 1.00000000E-05 1.00000000E-05 1.00000000E-05 1.00000000E-05
3.02063000E+01 3.51832000E-02 1.98525278E+18 1.28361931E+02 1.00000000E+05 3.77725282E-09 1.40088566E-06 4.79075723E-04 3.13412515E-27 2.17346815E-10 1.00000000E-40 1.00000000E-40 1.00000000E-40 1.00000000E-40 1.04927860E-40 8.73331615E-14 8.83384337E-06 5.37897372E-13 1.16179370E-16 8.05076132E-13 6.13556186E-07 1.46050828E-06 7.08243306E-03 7.92693225E-21 1.12612656E-23 1.00000000E-40 1.00000000E-40 2.18164875E-35 5.17079414E-28 4.54459524E-22 4.29638681E-17 3.72723408E-17 4.12890195E-27 2.62626147E-26 3.46653719E-27 3.39212433E-11 1.77320345E-12 3.61543957E-11 6.34196284E-06 6.80592412E-32 9.73479623E-31 3.32437222E-13 1.00000000E-40 1.00000000E-40 2.26235276E-29 9.16069150E-32 4.10360257E-13 3.20564135E-11 4.19496901E-13 6.65376816E-11 1.40670834E-13 4.26598203E-08 2.63610673E-16 2.98402542E-27 5.69001975E-22 6.28835653E-09 3.06304554E-33 3.51089296E-21 3.81887119E-30 2.01636220E-34 9.81753398E-37 1.00000000E-40 4.24239939E-29 2.34889206E-31 7.20309050E-15 2.70909284E-37 1.00000000E-40 1.73209280E-37 1.00000000E-40 1.32471418E-35 1.62129390E-11 2.39828569E-27 2.40865344E-27 1.00000000E-40 1.00000000E-40 2.96208665E-38 9.48685861E-36 1.50021814E-28 5.77084830E-37 1.18048491E-27 1.07081415E-15 1.27940953E-19 5.83028273E-33 3.50082000E-36 1.00000000E-05 1.00000000E-05 1.00000000E-05 1.00000000E-05 1.00000000E-05 1.00000000E-05 1.00000000E-05 1.00000000E-05 1.00000000E-05 1.00000000E-05
3.13908000E+01 3.08843000E-02 1.75104335E+18 1.27749021E+02 1.00000000E+05 1.87062433E-10 8.26095678E-07 1.17831620E-04 1.69873318E-27 1.98149174E-10 1.00000000E-40 1.00000000E-40 1.00000000E-40 1.00000000E-40 1.01428229E-40 1.22455317E-13 8.92346153E-06 2.35633441E-13 1.41244733E-16 1.16286391E-12 6.83728443E-07 1.60700722E-06 7.09585122E-03 9.46925358E-21 1.28277234E-23 1.00000000E-40 1.00000000E-40 1.85522630E-35 5.73066991E-28 4.52224165E-22 5.59488119E-17 3.42951275E-17 4.23138713E-27 2.79124081E-26 2.68960757E-27 2.93604378E-11 1.83999358E-12 5.32598346E-11 6.08901940E-06 6.51059614E-32 8.33472312E-31 2.43916654E-13 1.00000000E-40 1.00000000E-40 2.21844133E-29 7.51031865E-32 3.87686525E-13 2.49762047E-11 4.94331746E-13 9.22006845E-11 3.57640286E-14 4.28870577E-08 3.81145717E-16 4.16053894E-27 6.24397714E-22 6.53760719E-09 3.04653156E-33 3.47450092E-21 2.77056519E-30 1.14672599E-34 9.75511449E-37 1.00000000E-40 4.19097766E-29 1.48185807E-31 8.43685682E-15 2.12446342E-37 1.00000000E-40 1.23109200E-37 1.00000000E-40 1.33420057E-35 1.73826842E-11 2.02081987E-27 2.03183935E-27 1.00000000E-40 1.04279868E-40 1.41087557E-38 7.71120527E-36 1.49203931E-28 3.77609311E-37 9.12647211E-28 1.02364724E-15 1.23952225E-19 5.40999214E-33 4.91033000E-36 1.00000000E-05 1.00000000E-05 1.00000000E-05 1.00000000E-05 1.00000000E-05 1.00000000E-05 1.00000000E-05 1.00000000E-05 1.00000000E-05 1.00000000E-05
3.25754000E+01 2.69872000E-02 1.53698503E+18 1.27175926E+02 1.00000000E+05 1.13092602E-10 5.31115062E-07 2.69137096E-05 1.02507777E-27 1.94162951E-10 1.00000000E-40 1.00000000E-40 1.00000000E-40 1.00000000E-40 1.00000000E-40 1.69210373E-13 9.06498692E-06 1.88388398E-13 1.73173420E-16 1.71303875E-12 7.66322925E-07 1.78021470E-06 7.17018645E-03 1.12116374E-20 1.56664493E-23 1.00000000E-40 1.00000000E-40 1.53917956E-35 6.10633123E-28 4.52459310E-22 7.39977033E-17 3.06235329E-17 4.36974633E-27 3.00308859E-26 2.16054967E-27 2.40773122E-11 1.83056175E-12 7.74462900E-11 5.93676783E-06 6.06886246E-32 6.97983378E-31 1.77319123E-13 1.00000000E-40 1.00000000E-40 2.18018406E-29 6.00107556E-32 3.66206131E-13 1.92348147E-11 5.96776116E-13 1.11375368E-10 2.45314984E-14 4.33372133E-08 5.90146152E-16 6.43840564E-27 7.11889014E-22 6.84999474E-09 3.04679285E-33 3.45501263E-21 1.98467725E-30 6.80425159E-35 9.74511747E-37 1.00000000E-40 4.15497220E-29 1.00086156E-31 1.01431899E-14 1.70622606E-37 1.00000000E-40 8.26411774E-38 1.00000000E-40 1.32650293E-35 1.83035139E-11 1.59374745E-27 1.74359239E-27 1.00000000E-40 1.23422582E-40 7.45105808E-39 6.19926034E-36 1.49206047E-28 2.38342063E-37 6.75443638E-28 9.97932202E-16 1.20280309E-19 5.17713664E-33 7.03856000E-36 1.00000000E-05 1.00000000E-05 1.00000000E-05 1.00000000E-05 1.00000000E-05 1.00000000E-05 1.00000000E-05 1.00000000E-05 1.00000000E-05 1.00000000E-05
3.37600000E+01 2.33997000E-02 1.33844485E+18 1.26627061E+02 1.00000000E+05 1.09476857E-10 3.71469542E-07 2.68116038E-06 6.68206071E-28 1.93993302E-10 1.00000000E-40 1.00000000E-40 1.00000000E-40 1.00000000E-40 1.00000000E-40 2.33674379E-13 9.29032899E-06 1.85057509E-13 2.19718792E-16 2.63426114E-12 8.66515270E-07 1.99149720E-06 7.32537316E-03 1.33282231E-20 1.97293979E-23 1.00000000E-40 1.00000000E-40 1.25460656E-35 6.28670525E-28 4.56616608E-22 1.00564017E-16 2.62577006E-17 4.57162547E-27 3.28638428E-26 1.78101762E-27 1.84740921E-11 1.72826699E-12 1.11970568E-10 5.87157073E-06 5.48440940E-32 5.69040016E-31 1.28302200E-13 1.00000000E-40 1.00000000E-40 2.15355376E-29 4.64486923E-32 3.47559954E-13 1.47135916E-11 7.54968205E-13 1.27545454E-10 2.50597384E-14 4.41551704E-08 1.01210957E-15 1.20107076E-26 8.85455325E-22 7.25691020E-09 3.07357654E-33 3.46278994E-21 1.40715726E-30 4.24434940E-35 9.81833034E-37 1.00000000E-40 4.14755389E-29 7.52553164E-32 1.28059569E-14 1.36320178E-37 1.00000000E-40 5.15705804E-38 1.00000000E-40 1.31377419E-35 1.88982397E-11 1.16485392E-27 1.53811134E-27 1.00000000E-40 1.49811018E-40 4.09021725E-39 4.92667744E-36 1.50505177E-28 1.44648569E-37 4.71625235E-28 1.01377936E-15 1.17211549E-19 5.07620145E-33 1.05387000E-35 1.00000000E-05 1.00000000E-05 1.00000000E-05 1.00000000E-05 1.00000000E-05 1.00000000E-05 1.00000000E-05 1.00000000E-05 1.00000000E-05 1.00000000E-05
3.49445000E+01 2.01308000E-02 1.15647890E+18 1.26078211E+02 1.00000000E+05 1.11111951E-10 2.86449813E-07 7.36646822E-10 4.66011423E-28 1.96101230E-10 1.00000000E-40 1.00000000E-40 1.00000000E-40 1.00000000E-40 1.00000000E-40 3.26090067E-13 9.60610587E-06 1.92496007E-13 2.95777913E-16 4.33118754E-12 9.88452136E-07 2.24953613E-06 7.56181760E-03 1.60610157E-20 2.58172697E-23 1.00000000E-40 1.00000000E-40 1.00927294E-35 6.19952520E-28 4.64830915E-22 1.41049522E-16 2.09843876E-17 4.85044008E-27 3.67096648E-26 1.49193267E-27 1.29433633E-11 1.51469997E-12 1.61379144E-10 5.87145339E-06 4.74023662E-32 4.46428176E-31 9.25820698E-14 1.00000000E-40 1.00000000E-40 2.13724447E-29 3.43299913E-32 3.31302810E-13 1.11920079E-11 1.02499293E-12 1.44118855E-10 2.82128014E-14 4.53615444E-08 1.99929136E-15 2.99834428E-26 1.27076373E-21 7.77390244E-09 3.12775106E-33 3.49782420E-21 9.85555518E-31 2.77915601E-35 9.97696928E-37 1.00000000E-40 4.16869226E-29 6.40791176E-32 1.73846410E-14 1.05664565E-37 1.00000000E-40 2.90887777E-38 1.00000000E-40 1.29879133E-35 1.88912621E-11 7.65916738E-28 1.40318405E-27 1.00000000E-40 1.91605323E-40 2.31127250E-39 3.84139981E-36 1.53143364E-28 8.33224992E-38 3.00804449E-28 1.09731098E-15 1.14634157E-19 5.07323623E-33 1.66279000E-35 1.00000000E-05 1.00000000E-05 1.00000000E-05 1.00000000E-05 1.00000000E-05 1.00000000E-05 1.00000000E-05 1.00000000E-05 1.00000000E-05 1.00000000E-05
3.61291000E+01 1.72508000E-02 9.95139763E+17 1.25557274E+02 1.00000000E+05 1.13778136E-10 2.04715230E-07 1.01091508E-13 3.25585045E-28 1.99554971E-10 1.00000000E-40 1.00000000E-40 1.00000000E-40 1.00000000E-40 1.00000000E-40 4.65372315E-13 9.98316228E-06 2.07258269E-13 4.32284415E-16 7.78502165E-12 1.13308230E-06 2.55562857E-06 7.85271014E-03 1.98532753E-20 3.59760207E-23 1.00000000E-40 1.00000000E-40 8.02782630E-36 5.71783162E-28 4.75515444E-22 2.03407371E-16 1.48514269E-17 5.25013090E-27 4.21958859E-26 1.26775680E-27 7.91071503E-12 1.19369984E-12 2.31007038E-10 5.92033578E-06 3.81993098E-32 3.29820006E-31 6.65580784E-14 1.00000000E-40 1.00000000E-40 2.12151012E-29 2.35960087E-32 3.15638919E-13 8.43099545E-12 1.52477792E-12 1.64101036E-10 3.38858245E-14 4.68064867E-08 4.81688943E-15 1.15313640E-25 2.21740817E-21 8.38899529E-09 3.19859801E-33 3.54702738E-21 6.76390239E-31 1.88560112E-35 1.01862113E-36 1.00000000E-40 4.20230438E-29 6.12424934E-32 2.59194074E-14 7.71761485E-38 1.00000000E-40 1.42904837E-38 1.00000000E-40 1.27863520E-35 1.77734836E-11 4.30496825E-28 1.31969495E-27 1.00000000E-40 2.63810376E-40 1.33303661E-39 2.91210518E-36 1.56595241E-28 4.43386938E-38 1.66196749E-28 1.29479711E-15 1.12001057E-19 5.14839046E-33 2.72334000E-35 1.00000000E-05 1.00000000E-05 1.00000000E-05 1.00000000E-05 1.00000000E-05 1.00000000E-05 1.00000000E-05 1.00000000E-05 1.00000000E-05 1.00000000E-05
3.73136000E+01 1.47764000E-02 8.55693137E+17 1.25074077E+02 1.00000000E+05 1.16865202E-10 1.13990822E-07 6.48809439E-18 2.21603195E-28 2.03581935E-10 1.00000000E-40 1.00000000E-40 1.00000000E-40 1.00000000E-40 1.00000000E-40 6.94326958E-13 1.03914279E-05 2.31949058E-13 6.99960115E-16 1.55390051E-11 1.30059598E-06 2.90949135E-06 8.17158230E-03 2.57388403E-20 5.49450401E-23 1.00000000E-40 1.00000000E-40 6.37367907E-36 4.82880760E-28 4.87130885E-22 2.98113888E-16 8.74189075E-18 5.94224259E-27 5.08538017E-26 1.09527458E-27 3.82221144E-12 8.23835412E-13 3.25953643E-10 6.01422596E-06 2.76489893E-32 2.22270404E-31 4.77064518E-14 1.00000000E-40 1.00000000E-40 2.09705385E-29 1.44896922E-32 2.99859133E-13 6.25087154E-12 2.52111826E-12 1.90498448E-10 4.42807004E-14 4.83379874E-08 1.61029164E-14 8.18191364E-25 4.82456450E-21 9.08753140E-09 3.27572446E-33 3.59789060E-21 4.49421075E-31 1.29505572E-35 1.04123736E-36 1.00000000E-40 4.23293033E-29 6.45459462E-32 4.30620656E-14 5.12123747E-38 1.00000000E-40 5.90837582E-39 1.00000000E-40 1.24848935E-35 1.51056108E-11 1.97630828E-28 1.26324503E-27 1.00000000E-40 3.98141496E-40 7.78604762E-40 2.14959782E-36 1.60351475E-28 2.09824541E-38 7.58427164E-29 1.70195423E-15 1.08829930E-19 5.30678198E-33 4.60157000E-35 1.00000000E-05 1.00000000E-05 1.00000000E-05 1.00000000E-05 1.00000000E-05 1.00000000E-05 1.00000000E-05 1.00000000E-05 1.00000000E-05 1.00000000E-05
3.84982000E+01 1.26692000E-02 7.36291212E+17 1.24628191E+02 1.00000000E+05 1.20184390E-10 4.72363752E-08 1.82452710E-22 1.48484078E-28 2.07734922E-10 1.00000000E-40 1.00000000E-40 1.00000000E-40 1.00000000E-40 1.00000000E-40 1.12129513E-12 1.08185265E-05 2.72855853E-13 1.27428061E-15 3.48804051E-11 1.49269011E-06 3.31434659E-06 8.50684309E-03 3.62294313E-20 9.23723312E-23 1.00000000E-40 1.00000000E-40 5.21931025E-36 3.73059148E-28 4.99047019E-22 4.35469174E-16 3.94225895E-18 7.36175399E-27 6.62489514E-26 9.62982973E-28 1.06296138E-12 4.85193932E-13 4.48721798E-10 6.14598598E-06 1.70311466E-32 1.30123776E-31 3.42691362E-14 1.00000000E-40 1.00000000E-40 2.05884878E-29 7.46462735E-33 2.82944317E-13 4.51107987E-12 4.68807724E-12 2.26072684E-10 6.45090598E-14 4.98886475E-08 9.69672696E-14 1.04651245E-23 1.27254258E-20 9.86822738E-09 3.35485324E-33 3.64488326E-21 2.83984617E-31 8.66690922E-36 1.06413302E-36 1.00000000E-40 4.25340121E-29 7.36146547E-32 8.06213435E-14 2.94045791E-38 1.00000000E-40 1.97335234E-39 1.00000000E-40 1.20561357E-35 1.09289804E-11 7.29768331E-29 1.20456295E-27 1.00000000E-40 6.67486655E-40 4.49890944E-40 1.55866825E-36 1.64202249E-28 8.29404614E-39 2.79754788E-29 2.52689731E-15 1.04908372E-19 5.59087010E-33 8.18591000E-35 1.00000000E-05 1.00000000E-05 1.00000000E-05 1.00000000E-05 1.00000000E-05 1.00000000E-05 1.00000000E-05 1.00000000E-05 1.00000000E-05 1.00000000E-05
3.96828000E+01 1.08748000E-02 6.34151636E+17 1.24206659E+02 1.00000000E+05 1.23680487E-10 2.08078055E-08 2.09920785E-27 1.00391312E-28 2.11651048E-10 1.00000000E-40 1.00000000E-40 1.00000000E-40 1.00000000E-40 1.00000000E-40 1.93662412E-12 1.12636225E-05 3.34296813E-13 2.49607021E-15 9.08570929E-11 1.71256888E-06 3.77680132E-06 8.85679772E-03 5.46690475E-20 1.59524010E-22 1.00000000E-40 1.00000000E-40 4.80407907E-36 2.39678931E-28 5.11198261E-22 6.19953275E-16 1.11527870E-18 9.94101278E-27 9.17950614E-26 8.59438767E-28 1.15684006E-13 2.15721951E-13 5.96063368E-10 6.30454645E-06 8.19343432E-33 6.08275062E-32 2.49177082E-14 1.00000000E-40 1.00000000E-40 2.00433524E-29 2.88937104E-33 2.44120091E-13 3.07520230E-12 1.00349665E-11 2.71030622E-10 1.01443418E-13 5.14447589E-08 4.82856907E-13 1.09407509E-22 3.68711135E-20 1.07398611E-08 3.43549550E-33 3.68673237E-21 1.65468821E-31 5.28121535E-36 1.08709935E-36 1.00000000E-40 4.26170296E-29 8.70295823E-32 1.75208323E-13 1.37763742E-38 1.10901109E-40 4.57665392E-40 1.00000000E-40 1.15153438E-35 5.82642316E-12 1.95725241E-29 1.06741467E-27 1.00000000E-40 1.18906376E-39 2.34043222E-40 1.04149201E-36 1.68123219E-28 2.27755020E-39 7.37080109E-30 4.04374721E-15 1.00205062E-19 6.13039403E-33 1.58614000E-34 1.00000000E-05 1.00000000E-05 1.00000000E-05 1.00000000E-05 1.00000000E-05 1.00000000E-05 1.00000000E-05 1.00000000E-05 1.00000000E-05 1.00000000E-05
4.08673000E+01 9.34378000E-03 5.46631860E+17 1.23806767E+02 1.00000000E+05 1.27356971E-10 1.05578934E-08 9.16309967E-33 6.84574807E-29 2.14897650E-10 1.00000000E-40 1.00000000E-40 1.00000000E-40 1.00000000E-40 1.00000000E-40 3.00879173E-12 1.17297224E-05 3.91791625E-13 4.18256660E-15 2.54835501E-10 1.96443285E-06 4.30564410E-06 9.22336979E-03 7.43248095E-20 2.41740160E-22 1.00000000E-40 1.00000000E-40 5.27657101E-36 9.79334732E-29 5.23701335E-22 8.56188092E-16 1.86494376E-19 1.22170573E-26 1.13434919E-25 7.76873259E-28 1.23525453E-14 6.64347919E-14 7.65175942E-10 6.49034177E-06 2.73747232E-33 2.01134789E-32 1.86278748E-14 1.00000000E-40 1.00000000E-40 1.93223833E-29 7.20750385E-34 1.62546600E-13 1.91556670E-12 2.29919630E-11 3.18335769E-10 1.42489494E-13 5.30115206E-08 6.00457740E-13 2.97769529E-22 9.67554617E-20 1.17143740E-08 3.51834645E-33 3.72353816E-21 8.48486134E-32 2.68537350E-36 1.11029849E-36 1.00000000E-40 4.25787881E-29 9.73356182E-32 4.11566484E-13 5.42568596E-39 1.28460728E-40 1.00000000E-40 1.00000000E-40 1.08763266E-35 2.00929517E-12 3.44681649E-30 7.55885776E-28 1.00000000E-40 1.78795138E-39 1.00000000E-40 5.59701668E-37 1.72147963E-28 3.19478160E-40 1.14486249E-30 5.52775653E-15 9.47946915E-20 7.25349627E-33 3.39779000E-34 1.00000000E-05 1.00000000E-05 1.00000000E-05 1.00000000E-05 1.00000000E-05 1.00000000E-05 1.00000000E-05 1.00000000E-05 1.00000000E-05 1.00000000E-05
4.20519000E+01 8.03497000E-03 4.71482127E+17 1.23434267E+02 1.00000000E+05 1.31283674E-10 9.12758712E-09 1.43215058E-38 4.59049633E-29 2.17574386E-10 1.00000000E-40 1.00000000E-40 1.00000000E-40 1.00000000E-40 1.00000000E-40 3.92654646E-12 1.22203653E-05 4.24630905E-13 5.50234476E-15 6.03933310E-10 2.25325629E-06 4.91123284E-06 9.60924063E-03 8.49952189E-20 3.15630005E-22 1.00000000E-40 1.00000000E-40 5.89027725E-36 3.41807498E-29 5.36682880E-22 1.18420511E-15 3.60520245E-20 1.25654927E-26 1.16540621E-25 7.11577280E-28 1.97267635E-15 2.13271263E-14 9.80856087E-10 6.70284090E-06 6.13645896E-34 4.50294895E-33 1.46434928E-14 1.00000000E-40 1.00000000E-40 1.84391108E-29 1.11852089E-34 9.77228473E-14 1.12551959E-12 4.49111126E-11 3.59352606E-10 1.64986267E-13 5.45955428E-08 4.69671077E-13 3.93935886E-22 1.89885361E-19 1.28046533E-08 3.60420368E-33 3.75543949E-21 3.70752010E-32 1.16103611E-36 1.13392244E-36 1.00000000E-40 4.24162771E-29 9.93572266E-32 8.23265884E-13 2.64040775E-39 1.23847599E-40 1.00000000E-40 1.00000000E-40 1.01354181E-35 6.80009769E-13 8.32869083E-31 4.69787223E-28 1.00000000E-40 2.08097673E-39 1.00000000E-40 2.84692051E-37 1.76314987E-28 1.00000000E-40 1.77624277E-31 5.91058013E-15 8.87410903E-20 9.06022140E-33 7.82970000E-34 1.00000000E-05 1.00000000E-05 1.00000000E-05 1.00000000E-05 1.00000000E-05 1.00000000E-05 1.00000000E-05 1.00000000E-05 1.00000000E-05 1.00000000E-05
4.32364000E+01 6.91339000E-03 4.06816280E+17 1.23086224E+02 1.00000000E+05 1.35556634E-10 1.10952910E-08 1.00000000E-40 3.04084235E-29 2.20462874E-10 1.00000000E-40 1.00000000E-40 1.00000000E-40 1.00000000E-40 1.00000000E-40 5.64765160E-12 1.27403514E-05 4.78235144E-13 7.61578155E-15 1.13162531E-09 2.58507164E-06 5.60600622E-06 1.00182360E-02 1.07321964E-19 4.61809520E-22 1.00000000E-40 1.00000000E-40 6.14108104E-36 2.03894950E-29 5.50308976E-22 1.69432241E-15 1.55176248E-20 1.40829687E-26 1.30320466E-25 6.60342922E-28 5.50173851E-16 1.19075748E-14 1.30131944E-09 6.94117777E-06 9.99882464E-35 7.34534324E-34 1.24362671E-14 1.00000000E-40 1.00000000E-40 1.74437792E-29 1.19814465E-35 7.81972372E-14 6.55219292E-13 6.97412234E-11 3.97025738E-10 1.99153384E-13 5.62057196E-08 4.30563351E-13 5.14488963E-22 3.15291070E-19 1.40280765E-08 3.69416632E-33 3.78251152E-21 1.39690423E-32 4.60664947E-37 1.15825680E-36 1.00000000E-40 4.21087925E-29 1.05038708E-31 1.30057971E-12 1.97324041E-39 1.30595816E-40 1.00000000E-40 1.00000000E-40 9.34077045E-36 3.90102101E-13 4.98158803E-31 3.61619467E-28 1.00000000E-40 2.51549417E-39 1.00000000E-40 1.95772656E-37 1.80677471E-28 1.00000000E-40 5.90488659E-32 6.64214300E-15 8.19990298E-20 1.06608596E-32 1.84656000E-33 1.00000000E-05 1.00000000E-05 1.00000000E-05 1.00000000E-05 1.00000000E-05 1.00000000E-05 1.00000000E-05 1.00000000E-05 1.00000000E-05 1.00000000E-05
4.44210000E+01 5.94987000E-03 3.51067909E+17 1.22753267E+02 1.00000000E+05 1.40212155E-10 1.31099287E-08 1.00000000E-40 2.07090005E-29 2.23404007E-10 1.00000000E-40 1.00000000E-40 1.00000000E-40 1.00000000E-40 1.00000000E-40 8.98046198E-12 1.32957016E-05 5.63671308E-13 1.13401643E-14 1.85773286E-09 2.96717908E-06 6.40507335E-06 1.04551980E-02 1.50076461E-19 7.75607612E-22 1.00000000E-40 1.00000000E-40 6.23492611E-36 1.82524516E-29 5.64786807E-22 2.50308614E-15 1.16640122E-20 1.71889937E-26 1.58660022E-25 6.19281554E-28 3.33842374E-16 9.88010859E-15 1.78549886E-09 7.20467284E-06 1.26721608E-35 9.32266867E-35 1.16460545E-14 1.00000000E-40 1.00000000E-40 1.63946286E-29 9.62618701E-37 7.79178707E-14 3.91896133E-13 9.48742837E-11 4.33190095E-10 2.57799358E-13 5.78542487E-08 4.77524333E-13 7.51544257E-22 4.86433798E-19 1.54058331E-08 3.78960412E-33 3.80499620E-21 4.67439037E-33 1.74632621E-37 1.18366276E-36 1.00000000E-40 4.16409798E-29 1.20196517E-31 1.79209959E-12 1.75203216E-39 1.51357210E-40 1.00000000E-40 1.00000000E-40 8.55064511E-36 3.29643179E-13 4.56815598E-31 3.31926700E-28 1.00000000E-40 3.23796682E-39 1.00000000E-40 1.67746568E-37 1.85301762E-28 1.00000000E-40 3.35900825E-32 8.03117728E-15 7.45804867E-20 1.19333177E-32 4.29370000E-33 1.00000000E-05 1.00000000E-05 1.00000000E-05 1.00000000E-05 1.00000000E-05 1.00000000E-05 1.00000000E-05 1.00000000E-05 1.00000000E-05 1.00000000E-05
4.56056000E+01 5.12087000E-03 3.02950382E+17 1.22430314E+02 1.00000000E+05 1.45272201E-10 1.32754336E-08 1.00000000E-40 1.47141789E-29 2.25967124E-10 1.00000000E-40 1.00000000E-40 1.00000000E-40 1.00000000E-40 1.00000000E-40 1.47622721E-11 1.38920425E-05 6.76845982E-13 1.71623043E-14 2.85141817E-09 3.40807285E-06 7.32604671E-06 1.09246789E-02 2.17253520E-19 1.38407723E-21 1.00000000E-40 1.00000000E-40 6.23398982E-36 1.94115933E-29 5.80294466E-22 3.75123793E-15 1.14112540E-20 2.12978336E-26 1.96039384E-25 5.85432723E-28 3.39951557E-16 9.85528626E-15 2.48911046E-09 7.49251309E-06 1.29944236E-36 9.56741187E-36 1.20348229E-14 1.00000000E-40 1.00000000E-40 1.53406700E-29 6.12789426E-38 8.56481008E-14 2.52091783E-13 1.20659619E-10 4.66977157E-10 3.40992704E-13 5.95497425E-08 5.77789950E-13 1.12807300E-21 7.07714678E-19 1.69606704E-08 3.89168276E-33 3.82291116E-21 1.47571158E-33 6.60243868E-38 1.21042355E-36 1.00000000E-40 4.09998732E-29 1.44463281E-31 2.29615464E-12 1.58500411E-39 1.80589203E-40 1.00000000E-40 1.00000000E-40 7.79478807E-36 3.33731987E-13 4.82744990E-31 3.27213906E-28 1.00000000E-40 4.20448283E-39 1.00000000E-40 1.58677916E-37 1.90244164E-28 1.00000000E-40 2.42932966E-32 9.86585138E-15 6.65803709E-20 1.31316484E-32 9.74631000E-33 1.00000000E-05 1.00000000E-05 1.00000000E-05 1.00000000E-05 1.00000000E-05 1.00000000E-05 1.00000000E-05 1.00000000E-05 1.00000000E-05 1.00000000E-05
4.67901000E+01 4.40660000E-03 2.61344683E+17 1.22125591E+02 1.00000000E+05 1.50798291E-10 1.11367315E-08 1.00000000E-40 1.02484165E-29 2.27894198E-10 1.00000000E-40 1.00000000E-40 1.00000000E-40 1.00000000E-40 1.00000000E-40 2.44246465E-11 1.45364143E-05 8.19702264E-13 2.58458862E-14 4.22218036E-09 3.91812869E-06 8.39046991E-06 1.14323234E-02 3.16985669E-19 2.50753156E-21 1.00000000E-40 1.00000000E-40 6.13933040E-36 2.20752103E-29 5.97054803E-22 5.62375528E-15 1.25537195E-20 2.60078780E-26 2.38647149E-25 5.58242685E-28 4.12585741E-16 1.06732746E-14 3.47601691E-09 7.80511113E-06 1.10973417E-37 8.11067029E-37 1.34622124E-14 1.00000000E-40 1.00000000E-40 1.43213988E-29 3.83925158E-39 9.83843445E-14 1.83858894E-13 1.48052745E-10 4.97487082E-10 4.50827692E-13 6.13045380E-08 7.23895166E-13 1.66307830E-21 9.78461699E-19 1.87193177E-08 4.00185995E-33 3.83651944E-21 5.21007224E-34 2.75582086E-38 1.23889716E-36 1.00000000E-40 4.01761582E-29 1.76887889E-31 2.81615187E-12 1.41350454E-39 2.16398100E-40 1.00000000E-40 1.00000000E-40 7.09484999E-36 3.66156826E-13 5.38968293E-31 3.30376318E-28 1.00000000E-40 5.40060093E-39 1.00000000E-40 1.57559433E-37 1.95575171E-28 1.00000000E-40 1.94959643E-32 1.20390386E-14 5.81667795E-20 1.43404653E-32 2.18374000E-32 1.00000000E-05 1.00000000E-05 1.00000000E-05 1.00000000E-05 1.00000000E-05 1.00000000E-05 1.00000000E-05 1.00000000E-05 1.00000000E-05 1.00000000E-05
4.79747000E+01 3.79046000E-03 2.25334874E+17 1.21837288E+02 1.00000000E+05 1.56863657E-10 7.64894775E-09 1.00000000E-40 6.94442547E-30 2.28988804E-10 1.00000000E-40 1.00000000E-40 1.00000000E-40 1.00000000E-40 1.00000000E-40 4.03436439E-11 1.52358108E-05 9.98170990E-13 3.85276197E-14 6.12975898E-09 4.50964193E-06 9.62385964E-06 1.19837362E-02 4.62316135E-19 4.53112705E-21 1.00000000E-40 1.00000000E-40 5.96795835E-36 2.56777409E-29 6.15272092E-22 8.37510684E-15 1.44916438E-20 3.09441808E-26 2.82924778E-25 5.37220997E-28 5.28216309E-16 1.19788515E-14 4.82802873E-09 8.14349207E-06 8.85519131E-39 5.74394080E-38 1.58688784E-14 1.00000000E-40 1.00000000E-40 1.33648646E-29 1.12871305E-39 1.15438303E-13 1.56634785E-13 1.78117282E-10 5.24408886E-10 5.91940804E-13 6.31279965E-08 9.19297781E-13 2.36971824E-21 1.29343119E-18 2.07112199E-08 4.12146080E-33 3.84589464E-21 2.77272006E-34 1.53026239E-38 1.26938173E-36 1.00000000E-40 3.91591437E-29 2.17018226E-31 3.34964604E-12 1.23890916E-39 2.58771623E-40 1.00000000E-40 1.00000000E-40 6.46205892E-36 4.15780470E-13 6.21798324E-31 3.34954971E-28 1.00000000E-40 6.83689082E-39 1.00000000E-40 1.61055960E-37 2.01358714E-28 1.00000000E-40 1.63450057E-32 1.44973274E-14 4.95611349E-20 1.55688584E-32 4.89428000E-32 1.00000000E-05 1.00000000E-05 1.00000000E-05 1.00000000E-05 1.00000000E-05 1.00000000E-05 1.00000000E-05 1.00000000E-05 1.00000000E-05 1.00000000E-05
4.91593000E+01 3.25865000E-03 1.94163437E+17 1.21558962E+02 1.00000000E+05 1.63546493E-10 4.27618473E-09 1.00000000E-40 5.11503159E-30 2.29043224E-10 1.00000000E-40 1.00000000E-40 1.00000000E-40 1.00000000E-40 1.00000000E-40 6.62999280E-11 1.59974766E-05 1.21885885E-12 5.67453214E-14 8.80950959E-09 5.19727380E-06 1.10566452E-05 1.25847527E-02 6.71422592E-19 8.10166893E-21 1.00000000E-40 1.00000000E-40 5.74625659E-36 2.98415911E-29 6.35146180E-22 1.23563838E-14 1.69203364E-20 3.56062245E-26 3.24179857E-25 5.20578220E-28 6.87406216E-16 1.35916082E-14 6.65140604E-09 8.50942617E-06 1.56073612E-39 3.41542205E-39 1.92668210E-14 1.00000000E-40 1.00000000E-40 1.24880351E-29 1.33751026E-39 1.36660329E-13 1.52852568E-13 2.12111535E-10 5.47811274E-10 7.69991047E-13 6.50277944E-08 1.17044190E-12 3.23605878E-21 1.64001340E-18 2.29690922E-08 4.25177349E-33 3.85104774E-21 2.31556658E-34 1.23763627E-38 1.30214472E-36 1.00000000E-40 3.79399242E-29 2.64431455E-31 3.88832886E-12 1.07096509E-39 3.08123232E-40 1.00000000E-40 1.00000000E-40 5.89752970E-36 4.76900999E-13 7.43390855E-31 3.37486933E-28 1.00000000E-40 8.53273195E-39 1.00000000E-40 1.67700026E-37 2.07656904E-28 1.00000000E-40 1.38557190E-32 1.71787769E-14 4.10310792E-20 1.68140794E-32 1.10557000E-31 1.00000000E-05 1.00000000E-05 1.00000000E-05 1.00000000E-05 1.00000000E-05 1.00000000E-05 1.00000000E-05 1.00000000E-05 1.00000000E-05 1.00000000E-05
5.03438000E+01 2.79934000E-03 1.67171405E+17 1.21285917E+02 1.00000000E+05 1.70940513E-10 1.93725390E-09 1.00000000E-40 4.78933694E-30 2.27844205E-10 1.00000000E-40 1.00000000E-40 1.00000000E-40 1.00000000E-40 1.00000000E-40 1.08116013E-10 1.68303282E-05 1.48858890E-12 8.24473979E-14 1.26128928E-08 5.99902386E-06 1.27262302E-05 1.32425812E-02 9.67874174E-19 1.42530613E-20 1.00000000E-40 1.00000000E-40 5.49775435E-36 3.41101419E-29 6.56928751E-22 1.80498211E-14 1.95393781E-20 3.93464816E-26 3.56429113E-25 5.05494295E-28 8.94361128E-16 1.53486065E-14 9.08251638E-09 8.90599211E-06 1.14729491E-39 1.71083101E-40 2.37357495E-14 1.94111820E-40 1.00000000E-40 1.16974179E-29 1.75721280E-39 1.61835221E-13 1.62298022E-13 2.51584751E-10 5.67845120E-10 9.90006996E-13 6.70155416E-08 1.48311159E-12 4.20473930E-21 1.99625954E-18 2.55312515E-08 4.39442587E-33 3.85229797E-21 2.35647755E-34 1.26139723E-38 1.33753679E-36 1.00000000E-40 3.65173047E-29 3.18130508E-31 4.42039376E-12 9.17855702E-40 3.64576965E-40 1.00000000E-40 1.00000000E-40 5.39755254E-36 5.44138015E-13 9.33389086E-31 3.35663102E-28 1.00000000E-40 1.04999235E-38 1.00000000E-40 1.76429615E-37 2.14548486E-28 1.00000000E-40 1.16234383E-32 1.99768411E-14 3.28753039E-20 1.80765940E-32 2.57656000E-31 1.00000000E-05 1.00000000E-05 1.00000000E-05 1.00000000E-05 1.00000000E-05 1.00000000E-05 1.00000000E-05 1.00000000E-05 1.00000000E-05 1.00000000E-05
5.15284000E+01 2.40257000E-03 1.43785630E+17 1.21025611E+02 1.00000000E+05 1.79148422E-10 7.07708876E-10 1.00000000E-40 4.85767405E-30 2.25189998E-10 1.00000000E-40 1.00000000E-40 1.00000000E-40 1.00000000E-40 1.00000000E-40 1.74482157E-10 1.77446045E-05 1.81020442E-12 1.17961704E-13 1.80630581E-08 6.93690268E-06 1.46784080E-05 1.39654946E-02 1.38078075E-18 2.45473343E-20 1.00000000E-40 1.00000000E-40 5.23948618E-36 3.79168768E-29 6.80903003E-22 2.61187632E-14 2.20077889E-20 4.14780527E-26 3.73441018E-25 4.90756628E-28 1.15130220E-15 1.70716951E-14 1.22943087E-08 9.33709020E-06 1.18127063E-39 1.00000000E-40 2.94242231E-14 4.00769384E-40 1.00000000E-40 1.09883527E-29 2.26856693E-39 1.90461874E-13 1.78662105E-13 2.98317689E-10 5.84537537E-10 1.24679079E-12 6.91044053E-08 1.86062315E-12 5.16536774E-21 2.33200456E-18 2.84417937E-08 4.55124581E-33 3.85013138E-21 2.51685258E-34 1.38462080E-38 1.37594511E-36 1.00000000E-40 3.48981659E-29 3.76167160E-31 4.93364197E-12 7.84296331E-40 4.27565955E-40 1.00000000E-40 1.00000000E-40 4.95729746E-36 6.11196211E-13 1.24354138E-30 3.28112768E-28 1.00000000E-40 1.27173430E-38 1.00000000E-40 1.86348134E-37 2.22122053E-28 1.00000000E-40 9.50530415E-33 2.27198372E-14 2.53884886E-20 1.93641681E-32 6.69611000E-31 1.00000000E-05 1.00000000E-05 1.00000000E-05 1.00000000E-05 1.00000000E-05 1.00000000E-05 1.00000000E-05 1.00000000E-05 1.00000000E-05 1.00000000E-05
5.27129000E+01 2.05975000E-03 1.23522305E+17 1.20777446E+02 1.00000000E+05 1.88025828E-10 2.07089042E-10 1.00000000E-40 4.99356963E-30 2.21004807E-10 1.00000000E-40 1.00000000E-40 1.00000000E-40 1.00000000E-40 1.00000000E-40 2.77976661E-10 1.87515528E-05 2.19406637E-12 1.65926759E-13 2.59212396E-08 8.03773874E-06 1.69690625E-05 1.47625984E-02 1.94399701E-18 4.11975446E-20 1.00000000E-40 1.00000000E-40 4.97856136E-36 4.07287733E-29 7.07368572E-22 3.74774027E-14 2.40253595E-20 4.14446130E-26 3.70352980E-25 4.75385656E-28 1.45726398E-15 1.85991998E-14 1.65047954E-08 9.80705189E-06 1.30623793E-39 1.00000000E-40 3.65584760E-14 7.51449850E-40 1.00000000E-40 1.03463031E-29 2.84674999E-39 2.21826870E-13 1.97751729E-13 3.54210272E-10 5.97568996E-10 1.53837934E-12 7.13072120E-08 2.30339161E-12 5.97471956E-21 2.61437479E-18 3.17508469E-08 4.72415903E-33 3.84509781E-21 2.70609318E-34 1.53054986E-38 1.41775990E-36 1.00000000E-40 3.30981424E-29 4.35496707E-31 5.41826372E-12 6.71178210E-40 4.95351310E-40 1.00000000E-40 1.00000000E-40 4.56783636E-36 6.72089278E-13 1.75013168E-30 3.14623288E-28 1.00000000E-40 1.51215612E-38 1.00000000E-40 1.96697860E-37 2.30471176E-28 1.00000000E-40 7.51812363E-33 2.51917864E-14 1.88212383E-20 2.06717164E-32 2.49636000E-30 1.00000000E-05 1.00000000E-05 1.00000000E-05 1.00000000E-05 1.00000000E-05 1.00000000E-05 1.00000000E-05 1.00000000E-05 1.00000000E-05 1.00000000E-05
5.38975000E+01 1.76330000E-03 1.05952201E+17 1.20540487E+02 1.00000000E+05 1.97414960E-10 4.80729140E-11 1.00000000E-40 5.17582346E-30 2.15305280E-10 1.00000000E-40 1.00000000E-40 1.00000000E-40 1.00000000E-40 1.00000000E-40 4.36375036E-10 1.98675170E-05 2.65579107E-12 2.29235087E-13 3.72709642E-08 9.33613802E-06 1.96704024E-05 1.56470581E-02 2.69491775E-18 6.71363656E-20 1.00000000E-40 1.00000000E-40 4.71469880E-36 4.22261876E-29 7.36791405E-22 5.34072778E-14 2.54471992E-20 3.90275847E-26 3.45584641E-25 4.58270844E-28 1.80981467E-15 1.98368753E-14 2.19943170E-08 1.03226361E-05 1.55681256E-39 1.00000000E-40 4.54699730E-14 1.29142820E-39 1.00000000E-40 9.75221640E-30 3.45283856E-39 2.55278754E-13 2.16808990E-13 4.21224467E-10 6.06492204E-10 1.86539020E-12 7.36509742E-08 2.81047603E-12 6.50237972E-21 2.81608866E-18 3.55225484E-08 4.91618738E-33 3.83857426E-21 2.90078127E-34 1.66509446E-38 1.46367120E-36 1.00000000E-40 3.11488733E-29 4.92238559E-31 5.86965345E-12 5.76971326E-40 5.64805915E-40 1.00000000E-40 1.00000000E-40 4.21747451E-36 7.23144486E-13 2.55257304E-30 2.96121567E-28 1.00000000E-40 1.76096037E-38 1.00000000E-40 2.06944237E-37 2.39743267E-28 1.00000000E-40 5.74840093E-33 2.71825009E-14 1.33454566E-20 2.19688176E-32 2.05450000E-29 1.00000000E-05 1.00000000E-05 1.00000000E-05 1.00000000E-05 1.00000000E-05 1.00000000E-05 1.00000000E-05 1.00000000E-05 1.00000000E-05 1.00000000E-05
5.50821000E+01 1.50686000E-03 9.07230196E+16 1.20301800E+02 1.00000000E+05 2.07254273E-10 8.72416527E-12 1.00000000E-40 5.39798775E-30 2.08090641E-10 1.00000000E-40 1.00000000E-40 1.00000000E-40 1.00000000E-40 1.00000000E-40 6.74156660E-10 2.11101189E-05 3.20510646E-12 3.10907907E-13 5.36073967E-08 1.08747131E-05 2.28714008E-05 1.66332116E-02 3.67159775E-18 1.05963952E-19 1.00000000E-40 1.00000000E-40 4.44202036E-36 4.23755917E-29 7.69654673E-22 7.57213360E-14 2.63234325E-20 3.44628687E-26 3.01834201E-25 4.38141415E-28 2.20786301E-15 2.07781124E-14 2.91244761E-08 1.08910673E-05 1.99870596E-39 1.00000000E-40 5.66215966E-14 2.05450178E-39 1.00000000E-40 9.18449601E-30 4.03368779E-39 2.90425683E-13 2.34282402E-13 5.01280035E-10 6.10889130E-10 2.22083168E-12 7.61609000E-08 3.38095700E-12 6.67446585E-21 2.92130584E-18 3.98308113E-08 5.13045204E-33 3.83182274E-21 3.09266972E-34 1.76732230E-38 1.51436265E-36 1.00000000E-40 2.90887504E-29 5.42070206E-31 6.28705412E-12 4.98874244E-40 6.31278899E-40 1.00000000E-40 1.00000000E-40 3.89221378E-36 7.63986542E-13 3.76841589E-30 2.74167944E-28 1.00000000E-40 2.00506044E-38 1.00000000E-40 2.16689329E-37 2.50091188E-28 1.00000000E-40 4.27100319E-33 2.85357509E-14 9.02262078E-21 2.31867011E-32 4.18196000E-28 1.00000000E-05 1.00000000E-05 1.00000000E-05 1.00000000E-05 1.00000000E-05 1.00000000E-05 1.00000000E-05 1.00000000E-05 1.00000000E-05 1.00000000E-05
5.62666000E+01 1.28355000E-03 7.74254320E+16 1.20073141E+02 1.00000000E+05 2.17771429E-10 1.21278493E-12 1.00000000E-40 5.66827040E-30 1.99706086E-10 1.00000000E-40 1.00000000E-40 1.00000000E-40 1.00000000E-40 1.00000000E-40 1.02576721E-09 2.25294421E-05 3.86196309E-12 4.14485208E-13 7.70540523E-08 1.27233089E-05 2.67181537E-05 1.77609864E-02 4.91914306E-18 1.61990618E-19 1.00000000E-40 1.00000000E-40 4.16364692E-36 4.14046884E-29 8.07567596E-22 1.07204186E-13 2.68984835E-20 2.84866447E-26 2.46280139E-25 4.14282311E-28 2.65685071E-15 2.15202309E-14 3.84261373E-08 1.15360321E-05 2.70751388E-39 1.00000000E-40 7.07462726E-14 3.05999057E-39 1.30504808E-40 8.63601862E-30 4.49774665E-39 3.27665747E-13 2.50095396E-13 5.96856139E-10 6.11323112E-10 2.59736604E-12 7.89677606E-08 4.02227243E-12 6.50123183E-21 2.93158939E-18 4.48221309E-08 5.37754780E-33 3.83118924E-21 3.28480934E-34 1.86714997E-38 1.57266590E-36 1.00000000E-40 2.69979787E-29 5.81885482E-31 6.68325968E-12 4.35097215E-40 6.90450809E-40 1.00000000E-40 1.00000000E-40 3.58788508E-36 7.97928262E-13 5.53589883E-30 2.50730570E-28 1.00000000E-40 2.22984954E-38 1.00000000E-40 2.26279936E-37 2.62032762E-28 1.00000000E-40 3.10986655E-33 2.92010925E-14 5.81026092E-21 2.42834481E-32 5.06386000E-26 1.00000000E-05 1.00000000E-05 1.00000000E-05 1.00000000E-05 1.00000000E-05 1.00000000E-05 1.00000000E-05 1.00000000E-05 1.00000000E-05 1.00000000E-05
5.74512000E+01 1.07244000E-03 6.48253681E+16 1.19824253E+02 1.00000000E+05 2.32535572E-10 1.27062608E-13 1.00000000E-40 6.08573814E-30 1.93259074E-10 1.00000000E-40 1.00000000E-40 1.00000000E-40 1.00000000E-40 1.00000000E-40 1.56170009E-09 2.45378145E-05 4.70521975E-12 5.51848524E-13 1.12097862E-07 1.51930729E-05 3.18625213E-05 1.93553399E-02 6.58205099E-18 2.43551173E-19 1.00000000E-40 1.00000000E-40 3.93714019E-36 4.02860409E-29 8.64763893E-22 1.54278444E-13 2.79323569E-20 2.23496772E-26 1.90359672E-25 3.91581336E-28 3.22301738E-15 2.25583076E-14 5.13835295E-08 1.24643613E-05 3.82038254E-39 1.00000000E-40 9.01846023E-14 4.37848937E-39 1.99454813E-40 8.22227909E-30 1.00000000E-40 3.73611784E-13 2.69444751E-13 7.21107816E-10 6.17669144E-10 3.02671003E-12 8.34080666E-08 4.81900962E-12 6.14145881E-21 2.89997283E-18 5.14222409E-08 5.75195383E-33 3.89855528E-21 3.53354946E-34 1.98818341E-38 1.66557761E-36 1.00000000E-40 2.53098063E-29 6.18383451E-31 7.17181717E-12 3.88894063E-40 7.49022825E-40 1.00000000E-40 1.00000000E-40 3.34748978E-36 8.43580783E-13 8.13714575E-30 2.30807648E-28 1.00000000E-40 2.45980836E-38 1.00000000E-40 2.39597215E-37 2.80171846E-28 1.00000000E-40 2.27776900E-33 2.96649478E-14 3.61625361E-21 2.55471300E-32 4.47832000E-24 1.00000000E-05 1.00000000E-05 1.00000000E-05 1.00000000E-05 1.00000000E-05 1.00000000E-05 1.00000000E-05 1.00000000E-05 1.00000000E-05 1.00000000E-05
5.86357000E+01 7.54895000E-04 4.58140892E+16 1.19344994E+02 1.00000000E+05 2.93073179E-10 1.11137675E-14 1.00000000E-40 7.76172475E-30 2.19131567E-10 1.00000000E-40 1.00000000E-40 1.00000000E-40 1.00000000E-40 1.00000000E-40 2.76874766E-09 3.17285372E-05 6.54736704E-12 8.54316754E-13 1.91143567E-07 2.15398866E-05 4.51225889E-05 2.50409872E-02 1.01867915E-17 4.18491793E-19 1.22450357E-40 1.00000000E-40 4.32616057E-36 4.60628505E-29 1.09936297E-21 2.62150514E-13 3.47229124E-20 1.92516293E-26 1.61321575E-25 4.27749636E-28 4.65191830E-15 2.81060935E-14 8.09736903E-08 1.59825316E-05 6.41563677E-39 1.00000000E-40 1.36509388E-13 7.07899939E-39 3.47829548E-40 9.21494415E-30 1.00000000E-40 5.03571376E-13 3.44198857E-13 1.02997237E-09 7.34491045E-10 4.07598606E-12 1.04391659E-07 6.76466672E-12 6.58588803E-21 3.29572391E-18 6.99529952E-08 7.30355005E-33 4.69740277E-21 4.45044494E-34 2.46170631E-38 2.09270015E-36 1.00000000E-40 2.79001145E-29 7.55191200E-31 9.00066564E-12 4.09550339E-40 9.32413556E-40 1.00000000E-40 1.00000000E-40 3.63801051E-36 1.06464549E-12 1.38802667E-29 2.49950244E-28 1.00000000E-40 3.17917316E-38 1.00000000E-40 2.95711545E-37 3.55628433E-28 1.00000000E-40 1.99740692E-33 3.51453289E-14 2.53462491E-21 3.10057300E-32 1.35416000E-22 1.00000000E-05 1.00000000E-05 1.00000000E-05 1.00000000E-05 1.00000000E-05 1.00000000E-05 1.00000000E-05 1.00000000E-05 1.00000000E-05 1.00000000E-05
5.98203000E+01 3.96500000E-04 2.42672264E+16 1.18342235E+02 1.00000000E+05 4.90247515E-10 8.45860248E-16 1.00000000E-40 1.32304365E-29 3.27705645E-10 1.00000000E-40 1.00000000E-40 1.00000000E-40 1.00000000E-40 1.00000000E-40 6.44768479E-09 5.49110154E-05 1.10962824E-11 1.73805366E-12 4.29637093E-07 4.08843971E-05 8.55660750E-05 4.33728440E-02 2.03447099E-17 9.25075114E-19 3.00386793E-40 1.00000000E-40 6.10385220E-36 7.10252764E-29 1.87114102E-21 5.90214840E-13 5.83711278E-20 2.03214107E-26 1.67515755E-25 6.04354982E-28 9.13365119E-15 4.71216893E-14 1.69155257E-07 2.74338712E-05 1.44131809E-38 1.00000000E-40 2.76722745E-13 1.47277390E-38 7.81163057E-40 1.37041459E-29 3.80883377E-36 9.08185058E-13 5.90966965E-13 1.97780734E-09 1.16251362E-09 7.16492814E-12 1.74588026E-07 1.24918902E-11 9.10184508E-21 4.86457599E-18 1.27231319E-07 1.24151393E-32 7.55949011E-21 7.27468588E-34 4.07748359E-38 3.51796518E-36 1.00000000E-40 4.08385472E-29 1.19023295E-30 1.47699950E-11 5.58691684E-40 1.48464989E-39 1.00000000E-40 1.00000000E-40 5.08467716E-36 1.83178406E-12 3.09808225E-29 3.60788965E-28 1.00000000E-40 5.60931982E-38 1.00000000E-40 4.64682970E-37 6.04363157E-28 1.00000000E-40 2.43237514E-33 5.56472347E-14 2.26961578E-21 4.79976047E-32 1.60604000E-21 1.00000000E-05 1.00000000E-05 1.00000000E-05 1.00000000E-05 1.00000000E-05 1.00000000E-05 1.00000000E-05 1.00000000E-05 1.00000000E-05 1.00000000E-05
6.10049000E+01 3.04552000E-04 1.87063081E+16 1.17920711E+02 1.00000000E+05 5.59434210E-10 2.52652733E-17 1.00000000E-40 1.55082024E-29 3.32520801E-10 1.00000000E-40 1.00000000E-40 1.00000000E-40 1.00000000E-40 1.00000000E-40 1.01340392E-08 6.52663568E-05 1.28885454E-11 2.38903585E-12 6.59733900E-07 5.33110007E-05 1.11492193E-04 5.16074621E-02 2.73620102E-17 1.35662266E-18 4.82735088E-40 1.12428236E-40 5.83349119E-36 7.35885796E-29 2.18784079E-21 9.14109279E-13 6.70573944E-20 1.38606684E-26 1.12167515E-25 5.60483110E-28 1.20262302E-14 5.36236629E-14 2.41442890E-07 3.23518807E-05 2.16571382E-38 1.00000000E-40 3.85708192E-13 2.01843594E-38 1.16034171E-39 1.38098528E-29 1.00000000E-40 1.11148649E-12 6.85233721E-13 2.60201493E-09 1.25362315E-09 8.48673253E-12 2.00184684E-07 1.57360856E-11 8.42262428E-21 4.84523609E-18 1.58749299E-07 1.44973176E-32 8.33862352E-21 8.08943839E-34 4.45286002E-38 4.06002205E-36 1.00000000E-40 4.07571905E-29 1.25515229E-30 1.66131779E-11 5.26157757E-40 1.57163035E-39 1.00000000E-40 1.00000000E-40 4.82223377E-36 2.13824300E-12 4.61582598E-29 3.54063594E-28 1.00000000E-40 6.58066631E-38 1.00000000E-40 4.97356461E-37 7.05596014E-28 1.00000000E-40 2.00081881E-33 5.91824269E-14 1.33417984E-21 5.05062334E-32 4.23336000E-21 1.00000000E-05 1.00000000E-05 1.00000000E-05 1.00000000E-05 1.00000000E-05 1.00000000E-05 1.00000000E-05 1.00000000E-05 1.00000000E-05 1.00000000E-05
6.21894000E+01 2.55854000E-04 1.57524971E+16 1.17641220E+02 1.00000000E+05 5.80261479E-10 2.95785047E-19 1.00000000E-40 5.89512962E-30 3.05163564E-10 1.00000000E-40 1.00000000E-40 1.00000000E-40 1.00000000E-40 1.00000000E-40 1.43159870E-08 7.08338270E-05 1.47914815E-11 2.95707581E-12 9.25575032E-07 6.34865336E-05 1.32708948E-04 5.60649873E-02 3.34951338E-17 1.76613141E-18 6.78987800E-40 1.24720551E-40 5.13847138E-36 6.67716779E-29 2.33578910E-21 1.30460661E-12 6.95088769E-20 8.29196588E-27 6.55529358E-26 5.13637721E-28 1.36959772E-14 5.45952122E-14 3.14081525E-07 3.48416243E-05 2.82475163E-38 1.00000000E-40 4.91549525E-13 2.41672689E-38 1.51089365E-39 1.24590964E-29 3.65719448E-36 1.21989528E-12 7.01063338E-13 3.09152525E-09 1.22247233E-09 9.04527259E-12 2.09114028E-07 1.82007020E-11 7.04767404E-21 4.38909621E-18 1.80618635E-07 1.54556752E-32 8.37889617E-21 8.34071548E-34 4.51072302E-38 4.27497927E-36 1.00000000E-40 3.68678388E-29 1.18925700E-30 1.73753990E-11 4.68223545E-40 1.48691495E-39 1.00000000E-40 1.00000000E-40 4.22192925E-36 2.20498546E-12 6.07770451E-29 3.13326777E-28 1.00000000E-40 6.51090202E-38 1.00000000E-40 5.03198772E-37 7.52175445E-28 1.00000000E-40 1.42369326E-33 5.53714011E-14 6.81251448E-22 4.95344944E-32 8.06129000E-21 1.00000000E-05 1.00000000E-05 1.00000000E-05 1.00000000E-05 1.00000000E-05 1.00000000E-05 1.00000000E-05 1.00000000E-05 1.00000000E-05 1.00000000E-05
6.33740000E+01 2.14972000E-04 1.32660379E+16 1.17370075E+02 1.00000000E+05 5.97975694E-10 8.80616239E-23 1.00000000E-40 1.35917451E-30 2.77071815E-10 1.00000000E-40 1.00000000E-40 1.00000000E-40 1.00000000E-40 1.00000000E-40 1.99206909E-08 7.68796832E-05 1.71879175E-11 3.61881199E-12 1.29119570E-06 7.56439386E-05 1.58081194E-04 6.09158099E-02 4.04534021E-17 2.23671757E-18 9.16612220E-40 1.35151863E-40 4.46091365E-36 5.96238221E-29 2.49409007E-21 1.86158853E-12 7.18672353E-20 4.69016509E-27 3.60379793E-26 4.96478281E-28 1.51438631E-14 5.51451818E-14 4.06452518E-07 3.75410449E-05 3.54682460E-38 1.00000000E-40 6.26980792E-13 2.79364988E-38 1.88409605E-39 1.10138141E-29 3.64346236E-36 1.32758148E-12 7.00667097E-13 3.66143880E-09 1.18617363E-09 9.51021440E-12 2.17949239E-07 2.10987904E-11 5.88298228E-21 3.96376453E-18 2.05281258E-07 1.64782230E-32 8.39983219E-21 8.60166777E-34 4.44173510E-38 4.49847918E-36 1.00000000E-40 3.31463838E-29 1.10433938E-30 1.82755581E-11 4.16836720E-40 1.36022643E-39 1.00000000E-40 1.00000000E-40 3.64594323E-36 2.24976890E-12 7.78184925E-29 2.75841000E-28 1.00000000E-40 6.18059909E-38 1.00000000E-40 5.10918826E-37 8.01975794E-28 1.00000000E-40 1.00160927E-33 5.09713323E-14 3.30886991E-22 4.83367027E-32 1.49988000E-20 1.00000000E-05 1.00000000E-05 1.00000000E-05 1.00000000E-05 1.00000000E-05 1.00000000E-05 1.00000000E-05 1.00000000E-05 1.00000000E-05 1.00000000E-05
6.45585000E+01 1.80645000E-04 1.11728681E+16 1.17105688E+02 1.00000000E+05 6.11863320E-10 1.03282641E-25 1.00000000E-40 2.08143497E-31 2.48833506E-10 1.00000000E-40 1.00000000E-40 1.00000000E-40 1.00000000E-40 1.00000000E-40 2.73333476E-08 8.34884934E-05 1.98628027E-11 4.38252988E-12 1.78787737E-06 9.02225625E-05 1.88537851E-04 6.62335624E-02 4.81396149E-17 2.75893625E-18 1.19333107E-39 1.42157568E-40 3.80144730E-36 5.28405734E-29 2.66500958E-21 2.65143385E-12 7.45747915E-20 2.51430730E-27 1.86218589E-26 4.88678183E-28 1.64308506E-14 5.55961815E-14 5.23541325E-07 4.04909674E-05 4.32238004E-38 1.00000000E-40 8.00047899E-13 3.14082543E-38 2.25618319E-39 9.55460545E-30 1.00000000E-40 1.43796024E-12 6.90498201E-13 4.33143944E-09 1.14896382E-09 9.84725451E-12 2.26740259E-07 2.45285918E-11 4.91744900E-21 3.57038715E-18 2.33192787E-07 1.75793693E-32 8.40524394E-21 8.83974668E-34 4.21385429E-38 4.73352546E-36 1.00000000E-40 2.96782006E-29 1.00523272E-30 1.92694296E-11 3.68726083E-40 1.20225855E-39 1.00000000E-40 1.00000000E-40 3.09184877E-36 2.29063940E-12 9.73130466E-29 2.42159514E-28 1.00000000E-40 5.69057488E-38 1.00000000E-40 5.17178615E-37 8.55750018E-28 1.00000000E-40 7.05942287E-34 4.64776378E-14 1.53293642E-22 4.66444541E-32 2.84676000E-20 1.00000000E-05 1.00000000E-05 1.00000000E-05 1.00000000E-05 1.00000000E-05 1.00000000E-05 1.00000000E-05 1.00000000E-05 1.00000000E-05 1.00000000E-05
6.57431000E+01 1.51819000E-04 9.41068061E+15 1.16848142E+02 1.00000000E+05 6.21227976E-10 1.00000000E-40 1.00000000E-40 1.00000000E-40 2.21013835E-10 1.00000000E-40 1.00000000E-40 1.00000000E-40 1.00000000E-40 1.00000000E-40 3.70042189E-08 9.07088150E-05 2.28050132E-11 5.25543276E-12 2.45721963E-06 1.07701879E-04 2.25098628E-04 7.20615468E-02 5.64950619E-17 3.31841589E-18 1.50521056E-39 1.45428367E-40 3.18494470E-36 4.65459795E-29 2.84945739E-21 3.76624104E-12 7.76600603E-20 1.29385339E-27 9.07563659E-27 4.83965810E-28 1.75158992E-14 5.59877336E-14 6.71490750E-07 4.37068443E-05 5.13127240E-38 1.00000000E-40 1.01998210E-12 3.44964896E-38 2.60291413E-39 8.14511035E-30 1.00000000E-40 1.55069954E-12 6.73480983E-13 5.11944742E-09 1.11235142E-09 1.00366479E-11 2.35396668E-07 2.86261417E-11 4.12992884E-21 3.21275188E-18 2.64736863E-07 1.87643531E-32 8.39332422E-21 9.05234493E-34 4.11483165E-38 4.98052034E-36 1.00000000E-40 2.65021227E-29 8.98424954E-31 2.03720896E-11 3.24137558E-40 1.02896013E-39 1.00000000E-40 1.00000000E-40 2.57803443E-36 2.32916628E-12 1.19092837E-28 2.12044392E-28 1.00000000E-40 5.09252304E-38 1.00000000E-40 5.21960859E-37 9.13817625E-28 1.00000000E-40 4.99074466E-34 4.20448921E-14 6.79301004E-23 4.45498014E-32 5.71380000E-20 1.00000000E-05 1.00000000E-05 1.00000000E-05 1.00000000E-05 1.00000000E-05 1.00000000E-05 1.00000000E-05 1.00000000E-05 1.00000000E-05 1.00000000E-05
6.69277000E+01 1.27608000E-04 7.92685984E+15 1.16598628E+02 1.00000000E+05 6.25539533E-10 1.00000000E-40 1.00000000E-40 1.00000000E-40 1.94157515E-10 1.00000000E-40 1.00000000E-40 1.00000000E-40 1.00000000E-40 1.00000000E-40 4.94626313E-08 9.85941150E-05 2.60097040E-11 6.24688962E-12 3.35352418E-06 1.28652562E-04 2.68982481E-04 7.84478357E-02 6.54466137E-17 3.89728667E-18 1.84745163E-39 1.45107812E-40 2.62883326E-36 4.08022168E-29 3.04843091E-21 5.32854745E-12 8.09855756E-20 6.56378772E-28 4.18857939E-27 4.80740237E-28 1.83491069E-14 5.62927305E-14 8.57582883E-07 4.72013038E-05 5.95175051E-38 1.00000000E-40 1.29738439E-12 3.71507173E-38 2.90322716E-39 6.83455629E-30 1.00000000E-40 1.66493232E-12 6.51070661E-13 6.04828618E-09 1.07740738E-09 1.00731517E-11 2.43820544E-07 3.35486806E-11 3.49514976E-21 2.89355895E-18 3.00335970E-07 2.00388708E-32 8.36206764E-21 9.23717069E-34 3.92952507E-38 5.23996007E-36 1.00000000E-40 2.36390653E-29 7.89935852E-31 2.16053099E-11 2.83183948E-40 8.54953844E-40 1.00000000E-40 1.00000000E-40 2.11720248E-36 2.36407379E-12 1.42836360E-28 1.85242902E-28 1.00000000E-40 4.44121909E-38 1.00000000E-40 5.25206910E-37 9.76538136E-28 1.00000000E-40 3.54068296E-34 3.77854134E-14 2.88874212E-23 4.21773889E-32 1.26565000E-19 1.00000000E-05 1.00000000E-05 1.00000000E-05 1.00000000E-05 1.00000000E-05 1.00000000E-05 1.00000000E-05 1.00000000E-05 1.00000000E-05 1.00000000E-05
6.81122000E+01 1.07273000E-04 6.67773397E+15 1.16353119E+02 1.00000000E+05 6.24387447E-10 1.00000000E-40 1.00000000E-40 1.00000000E-40 1.68709953E-10 1.00000000E-40 1.00000000E-40 1.00000000E-40 1.00000000E-40 1.00000000E-40 6.53188912E-08 1.07195279E-04 2.94543112E-11 7.36779245E-12 4.54653929E-06 1.53741379E-04 3.21620495E-04 8.54396624E-02 7.48977132E-17 4.47490027E-18 2.21514802E-39 1.41641137E-40 2.14212944E-36 3.56396319E-29 3.26278560E-21 7.49766195E-12 8.43484176E-20 3.46188095E-28 1.83836153E-27 4.78943547E-28 1.88978727E-14 5.64678091E-14 1.09030033E-06 5.09821889E-05 6.76397923E-38 1.00000000E-40 1.64395496E-12 3.93595244E-38 3.14207601E-39 5.65537181E-30 2.06474625E-37 1.77957307E-12 6.24151009E-13 7.14554745E-09 1.04494952E-09 9.95975766E-12 2.51890544E-07 3.94615334E-11 2.98562940E-21 2.61257709E-18 3.40428014E-07 2.14075577E-32 8.30878679E-21 9.39044421E-34 3.75479661E-38 5.51205737E-36 1.00000000E-40 2.10932474E-29 6.84594622E-31 2.29880632E-11 2.45872477E-40 6.91533546E-40 1.00000000E-40 1.00000000E-40 1.71556112E-36 2.39349448E-12 1.68073836E-28 1.61481583E-28 1.00000000E-40 3.78627897E-38 1.00000000E-40 5.26733940E-37 1.04424089E-27 1.00000000E-40 2.52227702E-34 3.37764576E-14 1.18308726E-23 3.96405760E-32 3.25760000E-19 1.00000000E-05 1.00000000E-05 1.00000000E-05 1.00000000E-05 1.00000000E-05 1.00000000E-05 1.00000000E-05 1.00000000E-05 1.00000000E-05 1.00000000E-05
6.92968000E+01 9.01893000E-05 5.62598114E+15 1.16111026E+02 1.00000000E+05 6.17594078E-10 1.00000000E-40 1.00000000E-40 1.00000000E-40 1.45025817E-10 1.00000000E-40 1.00000000E-40 1.00000000E-40 1.00000000E-40 1.00000000E-40 8.52750032E-08 1.16573820E-04 3.30973665E-11 8.63133643E-12 6.12589177E-06 1.83764641E-04 3.84729519E-04 9.30943548E-02 8.47359060E-17 5.02962084E-18 2.60442791E-39 1.35684256E-40 1.72719968E-36 3.10646000E-29 3.49364864E-21 1.04777772E-11 8.75270441E-20 2.06570750E-28 7.70801093E-28 4.78523274E-28 1.91559885E-14 5.64739048E-14 1.37958303E-06 5.50607260E-05 7.55340705E-38 1.00000000E-40 2.07240622E-12 4.11510710E-38 3.31246267E-39 4.62466441E-30 2.87549272E-39 1.89358250E-12 5.93482293E-13 8.44529358E-09 1.01565894E-09 9.70755629E-12 2.59498731E-07 4.65294416E-11 2.57564988E-21 2.36775578E-18 3.85504818E-07 2.28766978E-32 8.23146774E-21 9.50856704E-34 3.59663260E-38 5.79747592E-36 1.00000000E-40 1.88588796E-29 5.85973203E-31 2.45389154E-11 2.12212134E-40 5.46096550E-40 1.00000000E-40 1.00000000E-40 1.37421502E-36 2.41580882E-12 1.94220426E-28 1.40491746E-28 1.00000000E-40 3.16653486E-38 1.00000000E-40 5.26338054E-37 1.11736148E-27 1.00000000E-40 1.80572659E-34 3.00683067E-14 4.68514676E-24 3.70404878E-32 9.77506000E-19 1.00000000E-05 1.00000000E-05 1.00000000E-05 1.00000000E-05 1.00000000E-05 1.00000000E-05 1.00000000E-05 1.00000000E-05 1.00000000E-05 1.00000000E-05
7.04813000E+01 7.58365000E-05 4.74044512E+15 1.15871299E+02 1.00000000E+05 6.05160293E-10 1.00000000E-40 1.00000000E-40 1.00000000E-40 1.23341238E-10 1.00000000E-40 1.00000000E-40 1.00000000E-40 1.00000000E-40 1.00000000E-40 1.10120789E-07 1.26788418E-04 3.68956552E-11 1.00521057E-11 8.20600886E-06 2.19648422E-04 4.60317836E-04 1.01468702E-01 9.48344308E-17 5.53978819E-18 3.01298611E-39 1.28003154E-40 1.38143059E-36 2.70531880E-29 3.74199414E-21 1.45259145E-11 9.02857499E-20 1.49868935E-28 3.10225273E-28 4.79369238E-28 1.91343083E-14 5.62684933E-14 1.73689446E-06 5.94460496E-05 8.31011916E-38 1.00000000E-40 2.59592761E-12 4.25776406E-38 3.41489760E-39 3.74541544E-30 1.93294706E-39 2.00561601E-12 5.59666517E-13 9.98754199E-09 9.89910797E-10 9.33216168E-12 2.66520933E-07 5.49008672E-11 2.24291418E-21 2.15587885E-18 4.36067366E-07 2.44514103E-32 8.12783799E-21 9.58923390E-34 3.44912240E-38 6.09662035E-36 1.00000000E-40 1.69202461E-29 4.96316958E-31 2.62775551E-11 1.82216004E-40 4.22260901E-40 1.00000000E-40 1.00000000E-40 1.09045868E-36 2.42904228E-12 2.20572351E-28 1.21988597E-28 1.00000000E-40 2.60606100E-38 1.00000000E-40 5.23940774E-37 1.19630949E-27 1.00000000E-40 1.29987998E-34 2.66800041E-14 1.80153026E-24 3.44647878E-32 2.84244000E-18 1.00000000E-05 1.00000000E-05 1.00000000E-05 1.00000000E-05 1.00000000E-05 1.00000000E-05 1.00000000E-05 1.00000000E-05 1.00000000E-05 1.00000000E-05
7.16659000E+01 6.37763000E-05 3.99457976E+15 1.15639163E+02 1.00000000E+05 5.87337181E-10 1.00000000E-40 1.00000000E-40 1.00000000E-40 1.03798606E-10 1.00000000E-40 1.00000000E-40 1.00000000E-40 1.00000000E-40 1.00000000E-40 1.40744583E-07 1.37907245E-04 4.08199290E-11 1.16469473E-11 1.09334667E-05 2.62488227E-04 5.50774836E-04 1.10628844E-01 1.05069249E-16 5.98574179E-18 3.44085552E-39 1.19374285E-40 1.09895251E-36 2.35649492E-29 4.00900151E-21 1.99625139E-11 9.24044121E-20 1.30627434E-28 1.20453102E-28 4.81361746E-28 1.88566204E-14 5.58158209E-14 2.17554553E-06 6.41511099E-05 9.02937252E-38 1.00000000E-40 3.22794970E-12 4.37102520E-38 3.45623495E-39 3.01054918E-30 1.35093417E-39 2.11423986E-12 5.23275688E-13 1.18196010E-08 9.67924444E-10 8.85289455E-12 2.72848392E-07 6.47010306E-11 1.96948193E-21 1.97346700E-18 4.92661891E-07 2.61379692E-32 7.99645670E-21 9.63315570E-34 3.29979349E-38 6.41025752E-36 1.00000000E-40 1.52569197E-29 4.16768238E-31 2.82291613E-11 1.55865052E-40 3.20648263E-40 1.00000000E-40 1.00000000E-40 8.59109286E-37 2.43124950E-12 2.46356864E-28 1.05703167E-28 1.00000000E-40 2.11634780E-38 1.00000000E-40 5.19689338E-37 1.28158753E-27 1.00000000E-40 9.41216499E-35 2.36112673E-14 6.75540103E-25 3.19876656E-32 7.03936000E-18 1.00000000E-05 1.00000000E-05 1.00000000E-05 1.00000000E-05 1.00000000E-05 1.00000000E-05 1.00000000E-05 1.00000000E-05 1.00000000E-05 1.00000000E-05
7.28505000E+01 5.36414000E-05 3.36641314E+15 1.15411586E+02 1.00000000E+05 5.64525411E-10 1.00000000E-40 1.00000000E-40 1.00000000E-40 8.64417478E-11 1.00000000E-40 1.00000000E-40 1.00000000E-40 1.00000000E-40 1.00000000E-40 1.78119737E-07 1.49991565E-04 4.48431593E-11 1.34336113E-11 1.44936597E-05 3.13543697E-04 6.58867774E-04 1.20637106E-01 1.15307897E-16 6.35043963E-18 3.89020107E-39 1.10463140E-40 8.71815334E-37 2.05508280E-29 4.29555395E-21 2.71789744E-11 9.36950450E-20 1.26669593E-28 4.53442979E-29 4.84292078E-28 1.83549067E-14 5.50879981E-14 2.71061222E-06 6.91843873E-05 9.71080363E-38 1.00000000E-40 3.98126463E-12 4.46261068E-38 3.44724573E-39 2.40636223E-30 9.25664825E-40 2.21785144E-12 4.84891488E-13 1.39957038E-08 9.49673326E-10 8.29029283E-12 2.78357279E-07 7.60118327E-11 1.74118887E-21 1.81674995E-18 5.55818327E-07 2.79404951E-32 7.83582964E-21 9.64175052E-34 3.14999608E-38 6.73873154E-36 1.00000000E-40 1.38440168E-29 3.47541983E-31 3.04186028E-11 1.33025466E-40 2.39774487E-40 1.00000000E-40 1.00000000E-40 6.73421485E-37 2.42073257E-12 2.70754260E-28 9.13800100E-29 1.00000000E-40 1.69981499E-38 1.00000000E-40 5.13775297E-37 1.37363611E-27 1.00000000E-40 6.85677481E-35 2.08488381E-14 2.48087781E-25 2.96590852E-32 1.51963000E-17 1.00000000E-05 1.00000000E-05 1.00000000E-05 1.00000000E-05 1.00000000E-05 1.00000000E-05 1.00000000E-05 1.00000000E-05 1.00000000E-05 1.00000000E-05
7.40350000E+01 4.51234000E-05 2.83727951E+15 1.15190433E+02 1.00000000E+05 5.37317549E-10 1.00000000E-40 1.00000000E-40 1.00000000E-40 7.12451104E-11 1.00000000E-40 1.00000000E-40 1.00000000E-40 1.00000000E-40 1.00000000E-40 2.23317864E-07 1.63112338E-04 4.89141535E-11 1.54320393E-11 1.91206940E-05 3.74297232E-04 7.87873595E-04 1.31566714E-01 1.25408208E-16 6.62109976E-18 4.36569079E-39 1.01774971E-40 6.91341067E-37 1.79639268E-29 4.60275201E-21 3.66476853E-11 9.40347277E-20 1.27703491E-28 1.66306702E-29 4.87905003E-28 1.76707337E-14 5.40779642E-14 3.35924558E-06 7.45577601E-05 1.03607409E-37 1.00000000E-40 4.86780264E-12 4.54095818E-38 3.40121759E-39 1.91638959E-30 6.23537073E-40 2.31514957E-12 4.45251047E-13 1.65811069E-08 9.35030553E-10 7.66725662E-12 2.82951158E-07 8.88642812E-11 1.54736749E-21 1.68207553E-18 6.26108617E-07 2.98643140E-32 7.64570759E-21 9.61559868E-34 3.00267019E-38 7.08285385E-36 1.00000000E-40 1.26564973E-29 2.88254393E-31 3.28678796E-11 1.13450863E-40 1.77011831E-40 1.00000000E-40 1.00000000E-40 5.26160618E-37 2.39695074E-12 2.92992754E-28 7.88005339E-29 1.00000000E-40 1.35379608E-38 1.00000000E-40 5.06254054E-37 1.47300692E-27 1.00000000E-40 5.02893649E-35 1.83775001E-14 8.96206201E-26 2.75060568E-32 2.97862000E-17 1.00000000E-05 1.00000000E-05 1.00000000E-05 1.00000000E-05 1.00000000E-05 1.00000000E-05 1.00000000E-05 1.00000000E-05 1.00000000E-05 1.00000000E-05
7.52196000E+01 3.79635000E-05 2.39152902E+15 1.14976029E+02 1.00000000E+05 5.06421002E-10 1.00000000E-40 1.00000000E-40 1.00000000E-40 5.81186540E-11 1.00000000E-40 1.00000000E-40 1.00000000E-40 1.00000000E-40 1.00000000E-40 2.77495839E-07 1.77337936E-04 5.30028884E-11 1.76626517E-11 2.51085536E-05 4.46457147E-04 9.41598382E-04 1.43490849E-01 1.35238287E-16 6.78955753E-18 4.87411623E-39 1.00000000E-40 5.49313253E-37 1.57522785E-29 4.93150229E-21 4.89335759E-11 9.33604758E-20 1.29130789E-28 5.97188638E-30 4.91827044E-28 1.68415944E-14 5.27880643E-14 4.14081045E-06 8.02790978E-05 1.09875708E-37 1.00000000E-40 5.89769536E-12 4.61388727E-38 3.33177003E-39 1.52319875E-30 4.14371171E-40 2.40478025E-12 4.05085898E-13 1.96492359E-08 9.23716669E-10 7.00494942E-12 2.86538138E-07 1.03238764E-10 1.38001883E-21 1.56603160E-18 7.04092584E-07 3.19132089E-32 7.42639719E-21 9.55760575E-34 2.85891515E-38 7.44328103E-36 1.00000000E-40 1.16689698E-29 2.38109202E-31 3.56017183E-11 1.00000000E-40 1.29319083E-40 1.00000000E-40 1.00000000E-40 4.10517616E-37 2.35956872E-12 3.12366207E-28 6.77629805E-29 1.00000000E-40 1.07120802E-38 1.00000000E-40 4.97364575E-37 1.58023662E-27 1.00000000E-40 3.71435421E-35 1.61738889E-14 3.19831532E-26 2.55434718E-32 5.45677000E-17 1.00000000E-05 1.00000000E-05 1.00000000E-05 1.00000000E-05 1.00000000E-05 1.00000000E-05 1.00000000E-05 1.00000000E-05 1.00000000E-05 1.00000000E-05
7.64041000E+01 3.19444000E-05 2.01606505E+15 1.14764326E+02 1.00000000E+05 4.72615485E-10 1.00000000E-40 1.00000000E-40 1.00000000E-40 4.69274839E-11 1.00000000E-40 1.00000000E-40 1.00000000E-40 1.00000000E-40 1.00000000E-40 3.41886574E-07 1.92732610E-04 5.70550876E-11 2.01461771E-11 3.28225844E-05 5.31985508E-04 1.12444863E-03 1.56482720E-01 1.44655631E-16 6.85247284E-18 5.42392381E-39 1.00000000E-40 4.38209373E-37 1.38673407E-29 5.28250031E-21 6.46996542E-11 9.16751655E-20 1.29012951E-28 2.10946462E-30 4.95567202E-28 1.59045389E-14 5.12346859E-14 5.07679688E-06 8.63519685E-05 1.16027879E-37 1.00000000E-40 7.07855093E-12 4.68847304E-38 3.25169604E-39 1.21019478E-30 2.72750989E-40 2.48560170E-12 3.65156400E-13 2.32850378E-08 9.15324736E-10 6.32413275E-12 2.89038132E-07 1.19054846E-10 1.23323988E-21 1.46541702E-18 7.90309885E-07 3.40893166E-32 7.17895111E-21 9.46918110E-34 2.71939550E-38 7.82058236E-36 1.00000000E-40 1.08569689E-29 1.96104318E-31 3.86382746E-11 1.00000000E-40 1.00000000E-40 1.00000000E-40 1.00000000E-40 3.20298685E-37 2.30911824E-12 3.28291286E-28 5.80921005E-29 1.00000000E-40 8.43783969E-39 1.00000000E-40 4.87190963E-37 1.69585267E-27 1.00000000E-40 2.76391356E-35 1.42150924E-14 1.13236363E-26 2.37698067E-32 9.51353000E-17 1.00000000E-05 1.00000000E-05 1.00000000E-05 1.00000000E-05 1.00000000E-05 1.00000000E-05 1.00000000E-05 1.00000000E-05 1.00000000E-05 1.00000000E-05
7.75887000E+01 2.68838000E-05 1.69973543E+15 1.14558165E+02 1.00000000E+05 4.36747123E-10 1.00000000E-40 1.00000000E-40 1.00000000E-40 3.75080542E-11 1.00000000E-40 1.00000000E-40 1.00000000E-40 1.00000000E-40 1.00000000E-40 4.17815621E-07 2.09368577E-04 6.10140636E-11 2.29041888E-11 4.27173541E-05 6.33165434E-04 1.34159045E-03 1.70625671E-01 1.53528086E-16 6.81169764E-18 6.02529720E-39 1.00000000E-40 3.51613052E-37 1.22632581E-29 5.65654856E-21 8.47223499E-11 8.90433428E-20 1.26666459E-28 7.36415304E-31 4.98571232E-28 1.48926260E-14 4.94459583E-14 6.19136715E-06 9.27806702E-05 1.22195041E-37 1.00000000E-40 8.41527729E-12 4.77097944E-38 3.17238226E-39 9.62494091E-31 1.78669330E-40 2.55675497E-12 3.26193087E-13 2.75865187E-08 9.09415125E-10 5.64380183E-12 2.90406347E-07 1.36188635E-10 1.10279567E-21 1.37743266E-18 8.85324734E-07 3.63951511E-32 6.90568390E-21 9.35229984E-34 2.58458679E-38 8.21578718E-36 1.00000000E-40 1.01982918E-29 1.61178111E-31 4.19943110E-11 1.00000000E-40 1.00000000E-40 1.00000000E-40 1.00000000E-40 2.50233426E-37 2.24672068E-12 3.40359617E-28 4.96363972E-29 1.00000000E-40 6.62843485E-39 1.00000000E-40 4.75834377E-37 1.82048628E-27 1.00000000E-40 2.07264082E-35 1.24781991E-14 3.99431911E-27 2.21763842E-32 1.59618000E-16 1.00000000E-05 1.00000000E-05 1.00000000E-05 1.00000000E-05 1.00000000E-05 1.00000000E-05 1.00000000E-05 1.00000000E-05 1.00000000E-05 1.00000000E-05
7.87733000E+01 2.26285000E-05 1.43329063E+15 1.14350541E+02 1.00000000E+05 3.99626259E-10 1.00000000E-40 1.00000000E-40 1.00000000E-40 2.96752684E-11 1.00000000E-40 1.00000000E-40 1.00000000E-40 1.00000000E-40 1.00000000E-40 5.06647689E-07 2.27297936E-04 6.48307502E-11 2.59557192E-11 5.53508602E-05 7.52555572E-04 1.59887469E-03 1.85989508E-01 1.61726130E-16 6.67291685E-18 6.68899797E-39 1.00000000E-40 2.84202116E-37 1.08956543E-29 6.05373788E-21 1.09894052E-10 8.55633107E-20 1.22005284E-28 2.55227773E-31 5.00193698E-28 1.38309371E-14 4.74500825E-14 7.51078149E-06 9.95567243E-05 1.28484158E-37 1.00000000E-40 9.90843128E-12 4.86591914E-38 3.10287209E-39 7.67096448E-31 1.17145183E-40 2.61726528E-12 2.88784519E-13 3.26604539E-08 9.05433178E-10 4.97949418E-12 2.90593970E-07 1.54469566E-10 9.85541576E-22 1.29952624E-18 9.89600133E-07 3.88282614E-32 6.60908723E-21 9.20912207E-34 2.45439840E-38 8.62925051E-36 1.00000000E-40 9.67168974E-30 1.32272541E-31 4.56820709E-11 1.00000000E-40 1.00000000E-40 1.00000000E-40 1.00000000E-40 1.95950738E-37 2.17345027E-12 3.48303040E-28 4.22569766E-29 1.00000000E-40 5.19938325E-39 1.00000000E-40 4.63428772E-37 1.95461984E-27 1.00000000E-40 1.56607066E-35 1.09388873E-14 1.40942723E-27 2.07478849E-32 2.59614000E-16 1.00000000E-05 1.00000000E-05 1.00000000E-05 1.00000000E-05 1.00000000E-05 1.00000000E-05 1.00000000E-05 1.00000000E-05 1.00000000E-05 1.00000000E-05
7.99578000E+01 1.90500000E-05 1.20878853E+15 1.14146176E+02 1.00000000E+05 3.62070557E-10 1.00000000E-40 1.00000000E-40 1.00000000E-40 2.32412866E-11 1.00000000E-40 1.00000000E-40 1.00000000E-40 1.00000000E-40 1.00000000E-40 6.09843415E-07 2.46586357E-04 6.84318818E-11 2.93208890E-11 7.14127041E-05 8.93141414E-04 1.90318071E-03 2.02661558E-01 1.69123560E-16 6.44589817E-18 7.42701237E-39 1.00000000E-40 2.31682699E-37 9.72664460E-30 6.47443135E-21 1.41241185E-10 8.13676376E-20 1.15272378E-28 8.82050924E-32 4.99852649E-28 1.27425240E-14 4.52827430E-14 9.06429564E-06 1.06675924E-04 1.35013194E-37 1.00000000E-40 1.15552167E-11 4.97708961E-38 3.05050622E-39 6.13220231E-31 1.00000000E-40 2.66656188E-12 2.53437377E-13 3.86324958E-08 9.02882961E-10 4.34527994E-12 2.89605518E-07 1.73704830E-10 8.79340468E-22 1.22957419E-18 1.10365302E-06 4.13876259E-32 6.29306991E-21 9.04060945E-34 2.32887945E-38 9.06221737E-36 1.00000000E-40 9.25893367E-30 1.08428632E-31 4.97084698E-11 1.00000000E-40 1.00000000E-40 1.00000000E-40 1.00000000E-40 1.53903690E-37 2.09096477E-12 3.52068109E-28 3.58374430E-29 1.00000000E-40 4.07804566E-39 1.00000000E-40 4.49980563E-37 2.09892454E-27 1.00000000E-40 1.19212062E-35 9.57670631E-15 4.99517629E-28 1.94651917E-32 4.11433000E-16 1.00000000E-05 1.00000000E-05 1.00000000E-05 1.00000000E-05 1.00000000E-05 1.00000000E-05 1.00000000E-05 1.00000000E-05 1.00000000E-05 1.00000000E-05
8.11424000E+01 1.60403000E-05 1.01960632E+15 1.13945370E+02 1.00000000E+05 3.24811682E-10 1.00000000E-40 1.00000000E-40 1.00000000E-40 1.80175469E-11 1.00000000E-40 1.00000000E-40 1.00000000E-40 1.00000000E-40 1.00000000E-40 7.28890623E-07 2.67277902E-04 7.18286120E-11 3.30156504E-11 9.17509047E-05 1.05824703E-03 2.26226914E-03 2.20713154E-01 1.75638178E-16 6.14281108E-18 8.25139795E-39 1.00000000E-40 1.91055745E-37 8.71972726E-30 6.91814940E-21 1.79944382E-10 7.65912086E-20 1.06850807E-28 3.05288511E-32 4.96991900E-28 1.16398083E-14 4.29707803E-14 1.08838769E-05 1.14118927E-04 1.41819198E-37 1.00000000E-40 1.33475131E-11 5.10618766E-38 3.02029564E-39 4.91883538E-31 1.00000000E-40 2.70369405E-12 2.20451721E-13 4.56296412E-08 9.01284135E-10 3.75036476E-12 2.87445120E-07 1.93703803E-10 7.82612261E-22 1.16581618E-18 1.22787469E-06 4.40663184E-32 5.96153140E-21 8.85171193E-34 2.20737712E-38 9.51527010E-36 1.00000000E-40 8.94281896E-30 8.87706821E-32 5.40905590E-11 1.00000000E-40 1.00000000E-40 1.00000000E-40 1.00000000E-40 1.21323116E-37 2.00005490E-12 3.51720027E-28 3.02669200E-29 1.00000000E-40 3.19799237E-39 1.00000000E-40 4.35844139E-37 2.25390850E-27 1.00000000E-40 9.13242825E-36 8.36882626E-15 1.78471284E-28 1.83102091E-32 6.37682000E-16 1.00000000E-05 1.00000000E-05 1.00000000E-05 1.00000000E-05 1.00000000E-05 1.00000000E-05 1.00000000E-05 1.00000000E-05 1.00000000E-05 1.00000000E-05
8.23269000E+01 1.35086000E-05 8.60179813E+14 1.13746440E+02 1.00000000E+05 2.88508751E-10 1.00000000E-40 1.00000000E-40 1.00000000E-40 1.38260680E-11 1.00000000E-40 1.00000000E-40 1.00000000E-40 1.00000000E-40 1.00000000E-40 8.65324117E-07 2.89409027E-04 7.49961560E-11 3.70538133E-11 1.17398559E-04 1.25163207E-03 2.68501589E-03 2.40214481E-01 1.81182814E-16 5.77780622E-18 9.17393854E-39 1.38839855E-40 1.62193139E-37 7.84599822E-30 7.38400570E-21 2.27332335E-10 7.13833193E-20 9.72201639E-29 1.06238276E-32 4.91173302E-28 1.05374624E-14 4.05470559E-14 1.30038537E-05 1.21860201E-04 1.48932715E-37 1.00000000E-40 1.52723019E-11 5.25398982E-38 3.01595079E-39 3.96006218E-31 1.00000000E-40 2.72810392E-12 1.90063911E-13 5.37927798E-08 9.00148170E-10 3.20235836E-12 2.84144429E-07 2.14269977E-10 6.94237044E-22 1.10667630E-18 1.36260347E-06 4.68543833E-32 5.61885538E-21 8.64477348E-34 2.08941597E-38 9.98913643E-36 1.00000000E-40 8.70791806E-30 7.25646755E-32 5.88322653E-11 1.00000000E-40 1.00000000E-40 1.00000000E-40 1.00000000E-40 9.60147887E-38 1.90212934E-12 3.47491074E-28 2.54509237E-29 1.00000000E-40 2.50808984E-39 1.00000000E-40 4.21146316E-37 2.42008285E-27 1.00000000E-40 7.03459656E-36 7.29746372E-15 6.45075933E-29 1.72610965E-32 9.69147000E-16 1.00000000E-05 1.00000000E-05 1.00000000E-05 1.00000000E-05 1.00000000E-05 1.00000000E-05 1.00000000E-05 1.00000000E-05 1.00000000E-05 1.00000000E-05
8.35115000E+01 1.13788000E-05 7.25827949E+14 1.13548001E+02 1.00000000E+05 2.53715285E-10 1.00000000E-40 1.00000000E-40 1.00000000E-40 1.05012569E-11 1.00000000E-40 1.00000000E-40 1.00000000E-40 1.00000000E-40 1.00000000E-40 1.02070130E-06 3.13000087E-04 7.78913429E-11 4.14442166E-11 1.49607589E-04 1.47750062E-03 3.18147388E-03 2.61227732E-01 1.85673059E-16 5.36585492E-18 1.02058033E-38 5.97487015E-40 1.58764840E-37 7.08173163E-30 7.87044548E-21 2.84892406E-10 6.58948161E-20 8.68838336E-29 3.73025171E-33 4.82088048E-28 9.45009312E-15 3.80454165E-14 1.54608293E-05 1.29864133E-04 1.56370462E-37 1.00000000E-40 1.73111976E-11 5.42030037E-38 3.04025471E-39 3.20071594E-31 1.00000000E-40 2.73942745E-12 1.62426578E-13 6.32722740E-08 8.98944342E-10 2.70590029E-12 2.79754581E-07 2.35220233E-10 6.13383417E-22 1.05072629E-18 1.50808353E-06 4.97371521E-32 5.26957199E-21 8.42099879E-34 1.97451172E-38 1.04844720E-35 1.00000000E-40 8.54014164E-30 5.92002657E-32 6.39253445E-11 1.00000000E-40 1.00000000E-40 1.00000000E-40 1.00000000E-40 7.62938481E-38 1.79877950E-12 3.39745172E-28 2.13047648E-29 1.00000000E-40 1.96795450E-39 1.00000000E-40 4.05927594E-37 2.59789871E-27 1.00000000E-40 5.44382666E-36 6.34721496E-15 2.36653629E-29 1.62960480E-32 1.44684000E-15 1.00000000E-05 1.00000000E-05 1.00000000E-05 1.00000000E-05 1.00000000E-05 1.00000000E-05 1.00000000E-05 1.00000000E-05 1.00000000E-05 1.00000000E-05
8.46961000E+01 9.58692000E-06 6.12593888E+14 1.13350427E+02 1.00000000E+05 2.20877054E-10 1.00000000E-40 1.00000000E-40 1.00000000E-40 7.89350424E-12 1.00000000E-40 1.00000000E-40 1.00000000E-40 1.00000000E-40 1.00000000E-40 1.19659820E-06 3.38054395E-04 8.04848098E-11 4.61895041E-11 1.89896246E-04 1.74053029E-03 3.76299244E-03 2.83805984E-01 1.89042012E-16 4.92192835E-18 1.13575169E-38 3.48374581E-39 2.63792759E-37 6.40731213E-30 8.37516432E-21 3.54294489E-10 6.02651472E-20 7.63108195E-29 1.32553568E-33 4.69565889E-28 8.39035796E-15 3.54965917E-14 1.82938631E-05 1.38084235E-04 1.64142024E-37 1.00000000E-40 1.94405003E-11 5.60392842E-38 3.09523313E-39 2.59783734E-31 1.00000000E-40 2.73735418E-12 1.37591997E-13 7.42219525E-08 8.97151536E-10 2.26289086E-12 2.74346003E-07 2.56410634E-10 5.39440829E-22 9.96758631E-19 1.66445536E-06 5.26947167E-32 4.91820956E-21 8.18193897E-34 1.86208816E-38 1.10019042E-35 1.00000000E-40 8.42659700E-30 4.81719970E-32 6.93556910E-11 1.00000000E-40 1.00000000E-40 1.00000000E-40 1.00000000E-40 6.08829195E-38 1.69142731E-12 3.28937783E-28 1.77511681E-29 1.00000000E-40 1.54524097E-39 1.00000000E-40 3.90262303E-37 2.78774461E-27 1.00000000E-40 4.22804707E-36 5.50408736E-15 8.83928370E-30 1.53954622E-32 2.12394000E-15 1.00000000E-05 1.00000000E-05 1.00000000E-05 1.00000000E-05 1.00000000E-05 1.00000000E-05 1.00000000E-05 1.00000000E-05 1.00000000E-05 1.00000000E-05
8.58806000E+01 8.07909000E-06 5.17132390E+14 1.13155957E+02 1.00000000E+05 1.90335978E-10 1.00000000E-40 1.00000000E-40 1.00000000E-40 5.87112993E-12 1.00000000E-40 1.00000000E-40 1.00000000E-40 1.00000000E-40 1.00000000E-40 1.39464241E-06 3.64563767E-04 8.27805242E-11 5.12861643E-11 2.40106173E-04 2.04591890E-03 4.44238551E-03 3.07994296E-01 1.91258087E-16 4.46051546E-18 1.26389536E-38 1.94550213E-38 8.76571827E-37 5.80701632E-30 8.89509476E-21 4.37422103E-10 5.46204553E-20 6.59079916E-29 4.79880054E-34 4.53575044E-28 7.36964998E-15 3.29292970E-14 2.15447016E-05 1.46463484E-04 1.72338088E-37 1.00000000E-40 2.16315923E-11 5.80284561E-38 3.18235558E-39 2.11812874E-31 1.00000000E-40 2.72172625E-12 1.15529357E-13 8.67904724E-08 8.94297252E-10 1.87301440E-12 2.68008610E-07 2.77759959E-10 4.71951888E-22 9.43807350E-19 1.83176049E-06 5.57017628E-32 4.56916306E-21 7.93041236E-34 1.75155825E-38 1.15421530E-35 1.00000000E-40 8.35548225E-30 3.90669918E-32 7.51071132E-11 2.75042611E-40 1.00000000E-40 1.00000000E-40 2.55739677E-40 4.88207244E-38 1.58132766E-12 3.15584806E-28 1.47199524E-29 1.07251459E-40 1.21428885E-39 1.00000000E-40 3.74318335E-37 2.98996499E-27 1.00000000E-40 3.29202185E-36 4.75565871E-15 3.37092474E-30 1.45429471E-32 3.06721000E-15 1.00000000E-05 1.00000000E-05 1.00000000E-05 1.00000000E-05 1.00000000E-05 1.00000000E-05 1.00000000E-05 1.00000000E-05 1.00000000E-05 1.00000000E-05
8.70652000E+01 6.81013000E-06 4.36705177E+14 1.12949361E+02 1.00000000E+05 1.62303507E-10 1.00000000E-40 1.00000000E-40 1.00000000E-40 4.31977400E-12 1.00000000E-40 1.00000000E-40 1.00000000E-40 1.00000000E-40 1.00000000E-40 1.61627365E-06 3.92444950E-04 8.47136213E-11 5.67155927E-11 3.02402644E-04 2.39905403E-03 5.23327041E-03 3.33776515E-01 1.92255324E-16 3.99428629E-18 1.40568252E-38 9.83792214E-38 3.69346047E-36 5.26835931E-30 9.42481529E-21 5.36260617E-10 4.90649378E-20 5.59997228E-29 1.77798323E-34 4.34145551E-28 6.39968626E-15 3.03682333E-14 2.52523442E-05 1.54911134E-04 1.81520040E-37 1.00000000E-40 2.38475253E-11 6.01377762E-38 3.30229694E-39 1.73596305E-31 1.00000000E-40 2.69237378E-12 9.61450818E-14 1.01114792E-07 8.89726401E-10 1.53431943E-12 2.60807712E-07 2.99183686E-10 4.10482890E-22 8.90882055E-19 2.00962158E-06 5.87176921E-32 4.22586296E-21 7.66573539E-34 1.64233962E-38 1.21041760E-35 1.00000000E-40 8.31462919E-30 3.15522864E-32 8.11252836E-11 1.22588708E-39 1.00000000E-40 1.00000000E-40 1.38316084E-39 3.93775090E-38 1.46978815E-12 3.00195526E-28 1.21468262E-29 5.57133372E-40 9.55753540E-40 1.00000000E-40 3.58027562E-37 3.20435641E-27 1.00000000E-40 2.56727521E-36 4.09160300E-15 1.31582315E-30 1.37218137E-32 4.35767000E-15 1.00000000E-05 1.00000000E-05 1.00000000E-05 1.00000000E-05 1.00000000E-05 1.00000000E-05 1.00000000E-05 1.00000000E-05 1.00000000E-05 1.00000000E-05
8.82497000E+01 5.74207000E-06 3.68869630E+14 1.12748896E+02 1.00000000E+05 1.36935692E-10 1.00000000E-40 1.00000000E-40 1.00000000E-40 3.14364753E-12 1.00000000E-40 1.00000000E-40 1.00000000E-40 1.00000000E-40 1.00000000E-40 1.86324753E-06 4.21673698E-04 8.61751466E-11 6.24607084E-11 3.79456638E-04 2.80638667E-03 6.15206187E-03 3.61203080E-01 1.91980293E-16 3.53498396E-18 1.56211748E-38 4.53744805E-37 1.53261039E-35 4.78308601E-30 9.96006421E-21 6.53095278E-10 4.36907849E-20 4.68325567E-29 6.57894286E-35 4.11551004E-28 5.49232871E-15 2.78404487E-14 2.94616509E-05 1.63364363E-04 1.94138921E-37 1.00000000E-40 2.60527562E-11 6.23473617E-38 3.45630152E-39 1.43195244E-31 1.00000000E-40 2.64978398E-12 7.93158193E-14 1.17364229E-07 8.82997492E-10 1.24432546E-12 2.52891481E-07 3.20718210E-10 3.54793801E-22 8.37375923E-19 2.19800561E-06 6.17090379E-32 3.89251600E-21 7.38617825E-34 1.53436646E-38 1.26899981E-35 1.00000000E-40 8.29489631E-30 2.53644900E-32 8.73462152E-11 5.37372183E-39 1.00000000E-40 1.00000000E-40 6.94489053E-39 3.20529979E-38 1.35842748E-12 2.83363614E-28 9.97643221E-30 2.71440721E-39 7.54892891E-40 1.00000000E-40 3.41209601E-37 3.43141470E-27 1.00000000E-40 2.00429138E-36 3.50415615E-15 5.27156258E-31 1.29209499E-32 6.09034000E-15 1.00000000E-05 1.00000000E-05 1.00000000E-05 1.00000000E-05 1.00000000E-05 1.00000000E-05 1.00000000E-05 1.00000000E-05 1.00000000E-05 1.00000000E-05
8.94343000E+01 4.84297000E-06 3.11679077E+14 1.12543612E+02 1.00000000E+05 1.14247593E-10 1.00000000E-40 1.00000000E-40 1.00000000E-40 2.26163929E-12 1.00000000E-40 1.00000000E-40 1.00000000E-40 1.00000000E-40 1.00000000E-40 2.13692107E-06 4.52086009E-04 8.73350181E-11 6.84788646E-11 4.74447887E-04 3.27391976E-03 7.21490191E-03 3.90181546E-01 1.90492677E-16 3.09166349E-18 1.73399277E-38 1.95184612E-36 6.03308449E-35 4.34185326E-30 1.04919372E-20 7.90478036E-10 3.85524829E-20 3.85389393E-29 2.67261372E-35 3.86023194E-28 4.65059722E-15 2.53541724E-14 3.42125032E-05 1.71685591E-04 2.18845168E-37 1.00000000E-40 2.81996573E-11 6.45981313E-38 3.64377222E-39 1.18950478E-31 1.00000000E-40 2.59320967E-12 6.48089693E-14 1.35574195E-07 8.73766117E-10 9.98315831E-13 2.44322704E-07 3.42477489E-10 3.04558644E-22 7.82975875E-19 2.39596168E-06 6.46124252E-32 3.57131059E-21 7.09907292E-34 1.42658961E-38 1.32971270E-35 1.00000000E-40 8.28482344E-30 2.02639700E-32 9.37479719E-11 2.23239496E-38 1.00000000E-40 1.00000000E-40 3.35976226E-38 2.66608038E-38 1.24705526E-12 2.65509080E-28 8.15214360E-30 1.28000300E-38 5.97690401E-40 1.00000000E-40 3.24424990E-37 3.67032794E-27 1.00000000E-40 1.56356282E-36 2.98281706E-15 2.17142058E-31 1.21319799E-32 8.37370000E-15 1.00000000E-05 1.00000000E-05 1.00000000E-05 1.00000000E-05 1.00000000E-05 1.00000000E-05 1.00000000E-05 1.00000000E-05 1.00000000E-05 1.00000000E-05
9.06189000E+01 4.08600000E-06 2.63445566E+14 1.12337353E+02 1.00000000E+05 9.42341189E-11 1.00000000E-40 1.00000000E-40 1.00000000E-40 1.60832584E-12 1.00000000E-40 1.00000000E-40 1.00000000E-40 1.00000000E-40 1.00000000E-40 2.43887586E-06 4.83545489E-04 8.80776588E-11 7.47273495E-11 5.91184547E-04 3.80855670E-03 8.44056507E-03 4.20663111E-01 1.87750135E-16 2.67214149E-18 1.92311261E-38 8.05748635E-36 2.29191095E-34 3.94005682E-30 1.10118294E-20 9.51071213E-10 3.37045428E-20 3.12095380E-29 1.34088802E-35 3.58002483E-28 3.88349601E-15 2.29305581E-14 3.95424894E-05 1.79762614E-04 2.87638963E-37 1.00000000E-40 3.02423590E-11 6.68531776E-38 3.86478482E-39 9.96833635E-32 1.00000000E-40 2.52328938E-12 5.24410321E-14 1.55841289E-07 8.61623489E-10 7.92750398E-13 2.35225403E-07 3.64597170E-10 2.59538288E-22 7.27402960E-19 2.60274851E-06 6.73667153E-32 3.26478656E-21 6.80122158E-34 1.31912232E-38 1.39254932E-35 1.00000000E-40 8.27531169E-30 1.60792023E-32 1.00224350E-10 8.94035950E-38 1.00000000E-40 1.00000000E-40 1.62160993E-37 2.36588507E-38 1.13710180E-12 2.47112678E-28 6.62882727E-30 6.01060529E-38 4.75590563E-40 1.00000000E-40 3.07404015E-37 3.92078101E-27 1.00000000E-40 1.21840073E-36 2.52246983E-15 9.21394543E-32 1.13476513E-32 1.13298000E-14 1.00000000E-05 1.00000000E-05 1.00000000E-05 1.00000000E-05 1.00000000E-05 1.00000000E-05 1.00000000E-05 1.00000000E-05 1.00000000E-05 1.00000000E-05
9.18034000E+01 3.44859000E-06 2.22756243E+14 1.12131698E+02 1.00000000E+05 7.67963749E-11 1.00000000E-40 1.00000000E-40 1.00000000E-40 1.13008202E-12 1.00000000E-40 1.00000000E-40 1.00000000E-40 1.00000000E-40 1.00000000E-40 2.77058942E-06 5.15846232E-04 8.84616343E-11 8.11438155E-11 7.34248650E-04 4.41708451E-03 9.84854914E-03 4.52523733E-01 1.83803823E-16 2.28214287E-18 2.13491631E-38 3.26821225E-35 8.58056916E-34 3.57335509E-30 1.15082432E-20 1.13791827E-09 2.91847065E-20 2.48664504E-29 1.00000000E-40 3.27987635E-28 3.19487799E-15 2.05836241E-14 4.54859844E-05 1.87446341E-04 5.16312046E-37 2.80473156E-40 3.21302420E-11 6.90604808E-38 4.11885382E-39 8.44221856E-32 1.00000000E-40 2.44025619E-12 4.19973887E-14 1.78140738E-07 8.46289399E-10 6.22846925E-13 2.25698480E-07 3.87343852E-10 2.19452808E-22 6.70657377E-19 2.81711076E-06 6.98926566E-32 2.97450161E-21 6.49571691E-34 1.21172391E-38 1.45732917E-35 1.00000000E-40 8.25689111E-30 1.26576416E-32 1.06697190E-10 3.52529623E-37 1.00000000E-40 1.00000000E-40 7.89092671E-37 2.55705888E-38 1.02913801E-12 2.28556608E-28 5.36324867E-30 2.83438572E-37 3.80731444E-40 1.00000000E-40 2.90358194E-37 4.18183134E-27 1.00000000E-40 9.47471733E-37 2.11680620E-15 4.03323223E-32 1.05646668E-32 1.50964000E-14 1.00000000E-05 1.00000000E-05 1.00000000E-05 1.00000000E-05 1.00000000E-05 1.00000000E-05 1.00000000E-05 1.00000000E-05 1.00000000E-05 1.00000000E-05
9.29880000E+01 2.91177000E-06 1.88431614E+14 1.11923173E+02 1.00000000E+05 6.17969692E-11 1.00000000E-40 1.00000000E-40 1.00000000E-40 7.84302436E-13 1.00000000E-40 1.00000000E-40 1.00000000E-40 1.00000000E-40 1.00000000E-40 3.13346912E-06 5.48723035E-04 8.85039860E-11 8.76528878E-11 9.09085763E-04 5.10611773E-03 1.14590742E-02 4.85577983E-01 1.78699093E-16 1.92563850E-18 2.38894266E-38 1.30942651E-34 3.17950064E-33 3.23938655E-30 1.19671210E-20 1.35423320E-09 2.50185735E-20 1.94865122E-29 5.93451098E-36 2.96557498E-28 2.58721571E-15 1.83274579E-14 5.20672368E-05 1.94567806E-04 1.31776008E-36 1.05062091E-39 3.38104923E-11 7.11660324E-38 4.40522261E-39 7.24027423E-32 1.00000000E-40 2.34467240E-12 3.32691257E-14 2.02379094E-07 8.27497269E-10 4.84115580E-13 2.15832247E-07 4.11036336E-10 1.84016646E-22 6.12895174E-19 3.03736271E-06 7.20957020E-32 2.70135321E-21 6.18377397E-34 1.10445135E-38 1.52376765E-35 1.00000000E-40 8.22026206E-30 9.87521919E-33 1.13054172E-10 1.37457210E-36 1.00000000E-40 1.00000000E-40 3.78706115E-36 4.16024648E-38 9.23915616E-13 2.10157638E-28 4.31754010E-30 1.31868998E-36 3.07190143E-40 1.00000000E-40 2.73354261E-37 4.45205871E-27 1.00000000E-40 7.34944328E-37 1.76091192E-15 1.82284624E-32 9.78128788E-33 1.98335000E-14 1.00000000E-05 1.00000000E-05 1.00000000E-05 1.00000000E-05 1.00000000E-05 1.00000000E-05 1.00000000E-05 1.00000000E-05 1.00000000E-05 1.00000000E-05
9.41725000E+01 2.45958000E-06 1.59471386E+14 1.11710733E+02 1.00000000E+05 4.90633790E-11 1.00000000E-40 1.00000000E-40 1.00000000E-40 5.37466376E-13 1.00000000E-40 1.00000000E-40 1.00000000E-40 1.00000000E-40 1.00000000E-40 3.52898008E-06 5.81872562E-04 8.81599503E-11 9.41682028E-11 1.12219712E-03 5.88207988E-03 1.32932623E-02 5.19597941E-01 1.72476197E-16 1.60498025E-18 2.75548098E-38 5.10114969E-34 1.14704815E-32 2.93983762E-30 1.23722765E-20 1.60341088E-09 2.12219821E-20 1.50131069E-29 3.99670387E-36 2.64370036E-28 2.06108703E-15 1.61761812E-14 5.92987818E-05 2.00951991E-04 4.07951960E-36 3.85066190E-39 3.52313860E-11 7.31244908E-38 4.72373421E-39 6.30265305E-32 1.45800891E-40 2.23746934E-12 2.60572385E-14 2.28401708E-07 8.05012154E-10 3.72224703E-13 2.05719327E-07 4.36069357E-10 1.52937310E-22 5.54432178E-19 3.26151089E-06 7.38693548E-32 2.44577082E-21 5.86504587E-34 9.97669413E-39 1.59154667E-35 1.00000000E-40 8.15676988E-30 7.62908287E-33 1.19145955E-10 5.21321670E-36 1.00000000E-40 1.00000000E-40 1.72855189E-35 1.01510148E-37 8.22328318E-13 1.92181167E-28 3.45856557E-30 5.87054478E-36 2.50431225E-40 1.00000000E-40 2.56335206E-37 4.72974918E-27 1.00000000E-40 5.69254594E-37 1.45075954E-15 8.50746748E-33 8.99781127E-33 2.57372000E-14 1.00000000E-05 1.00000000E-05 1.00000000E-05 1.00000000E-05 1.00000000E-05 1.00000000E-05 1.00000000E-05 1.00000000E-05 1.00000000E-05 1.00000000E-05
9.53571000E+01 2.07861000E-06 1.35035659E+14 1.11491372E+02 1.00000000E+05 3.83923365E-11 1.00000000E-40 1.00000000E-40 1.00000000E-40 3.63532725E-13 1.00000000E-40 1.00000000E-40 1.00000000E-40 1.00000000E-40 1.00000000E-40 3.95849389E-06 6.14920591E-04 8.74065567E-11 1.00591653E-10 1.38138262E-03 6.75043466E-03 1.53718281E-02 5.54271597E-01 1.65194528E-16 1.32092521E-18 3.46652350E-38 1.88341701E-33 3.92466371E-32 2.68641122E-30 1.27044223E-20 1.88903967E-09 1.77977589E-20 1.13626233E-29 2.23561146E-35 2.32111707E-28 1.61395015E-15 1.41397748E-14 6.71745477E-05 2.06406261E-04 1.30286130E-35 1.33767945E-38 3.63419428E-11 7.49021201E-38 5.07628458E-39 5.58047691E-32 4.83513933E-40 2.11953165E-12 2.01649824E-14 2.55940192E-07 7.78728056E-10 2.83030973E-13 1.95436611E-07 4.62923452E-10 1.25912963E-22 4.95807571E-19 3.48700074E-06 7.50899900E-32 2.20753925E-21 5.54015805E-34 8.91823627E-39 1.66018752E-35 1.00000000E-40 8.05781701E-30 5.82973817E-33 1.24813429E-10 1.87335134E-35 1.00000000E-40 1.00000000E-40 7.28032206E-35 2.90864576E-37 7.24999742E-13 1.74818218E-28 2.75684145E-30 2.43366883E-35 2.06721755E-40 1.00000000E-40 2.39300820E-37 5.01251806E-27 1.00000000E-40 4.42539647E-37 1.18243623E-15 4.09423434E-33 8.21583935E-33 3.30657000E-14 1.00000000E-05 1.00000000E-05 1.00000000E-05 1.00000000E-05 1.00000000E-05 1.00000000E-05 1.00000000E-05 1.00000000E-05 1.00000000E-05 1.00000000E-05
9.65417000E+01 1.75757000E-06 1.14406674E+14 1.11269974E+02 1.00000000E+05 2.95702843E-11 1.00000000E-40 1.00000000E-40 1.00000000E-40 2.42629034E-13 1.00000000E-40 1.00000000E-40 1.00000000E-40 1.00000000E-40 1.00000000E-40 4.42356538E-06 6.47469462E-04 8.62383082E-11 1.06827009E-10 1.69626390E-03 7.71568822E-03 1.77156399E-02 5.89246511E-01 1.56926871E-16 1.07298471E-18 5.20577648E-38 6.44303712E-33 1.24434426E-31 2.51771261E-30 1.29422986E-20 2.21506101E-09 1.47388161E-20 8.43744941E-30 1.00000000E-40 2.00490266E-28 1.24090503E-15 1.22251903E-14 7.56683993E-05 2.10747270E-04 3.95405487E-35 4.29750195E-38 3.70977738E-11 7.65155123E-38 5.47216592E-39 5.03551336E-32 1.52931576E-39 1.99179979E-12 1.54049311E-14 2.84644437E-07 7.48802510E-10 2.12834660E-13 1.85063377E-07 4.92205952E-10 1.02650847E-22 4.37807527E-19 3.71100303E-06 7.56249912E-32 1.98607366E-21 5.21071700E-34 7.87551092E-39 1.72918589E-35 1.00000000E-40 7.91568931E-30 4.40023711E-33 1.29903751E-10 6.23203530E-35 1.00000000E-40 1.00000000E-40 2.78022461E-34 8.24720751E-37 6.32396615E-13 1.58220092E-28 2.18678929E-30 9.23434323E-35 1.73131501E-40 1.00000000E-40 2.22257969E-37 5.29770923E-27 1.00000000E-40 3.51414002E-37 9.52325772E-16 2.02420382E-33 7.43813685E-33 4.21947000E-14 1.00000000E-05 1.00000000E-05 1.00000000E-05 1.00000000E-05 1.00000000E-05 1.00000000E-05 1.00000000E-05 1.00000000E-05 1.00000000E-05 1.00000000E-05
9.77262000E+01 1.48698000E-06 9.69916005E+13 1.11042113E+02 1.00000000E+05 2.23755722E-11 1.00000000E-40 1.00000000E-40 1.00000000E-40 1.59735165E-13 1.00000000E-40 1.00000000E-40 1.00000000E-40 1.00000000E-40 1.00000000E-40 4.92546339E-06 6.79024436E-04 8.47240409E-11 1.12780965E-10 2.07874132E-03 8.77949290E-03 2.03422946E-02 6.24036002E-01 1.47775146E-16 8.59589978E-19 9.74605852E-38 2.01236942E-32 3.59998144E-31 2.53261588E-30 1.30610330E-20 2.58568401E-09 1.20298533E-20 6.13476584E-30 2.23673217E-35 1.70161456E-28 9.35120168E-16 1.04354393E-14 8.47165295E-05 2.13775940E-04 1.10147093E-34 1.25643657E-37 3.74585105E-11 7.80794108E-38 5.93805282E-39 4.63997886E-32 4.42441989E-39 1.85498691E-12 1.16005421E-14 3.14005469E-07 7.15635670E-10 1.58258844E-13 1.74649669E-07 5.24615227E-10 8.28498472E-23 3.81404965E-19 3.92983640E-06 7.53245628E-32 1.78013437E-21 4.88176115E-34 6.85549359E-39 1.79773017E-35 1.00000000E-40 7.72237020E-30 3.27379277E-33 1.34297154E-10 1.89004400E-34 1.00000000E-40 1.00000000E-40 9.55334243E-34 2.16662748E-36 5.44683088E-13 1.42498316E-28 1.72619143E-30 3.17933662E-34 1.47357921E-40 1.00000000E-40 2.05330467E-37 5.58154369E-27 1.00000000E-40 2.97924951E-37 7.56825430E-16 1.02203889E-33 6.66754191E-33 5.37409000E-14 1.00000000E-05 1.00000000E-05 1.00000000E-05 1.00000000E-05 1.00000000E-05 1.00000000E-05 1.00000000E-05 1.00000000E-05 1.00000000E-05 1.00000000E-05
9.89108000E+01 1.25886000E-06 8.22798828E+13 1.10815494E+02 1.00000000E+05 1.65986145E-11 1.00000000E-40 1.00000000E-40 1.00000000E-40 1.03713606E-13 1.00000000E-40 1.00000000E-40 1.00000000E-40 1.00000000E-40 1.00000000E-40 5.46567654E-06 7.09099082E-04 8.28643978E-11 1.18377054E-10 2.54417028E-03 9.94116982E-03 2.32684006E-02 6.58143276E-01 1.37808195E-16 6.78487433E-19 2.11025610E-37 5.69642830E-32 9.42559987E-31 2.94507588E-30 1.30356536E-20 3.00576678E-09 9.65379949E-21 4.35686883E-30 1.00000000E-40 1.41740187E-28 6.89251101E-16 8.77384902E-15 9.42211983E-05 2.15339518E-04 2.77712335E-34 3.31492044E-37 3.73993699E-11 7.99325172E-38 6.53942687E-39 4.38170310E-32 1.15441461E-38 1.70999664E-12 8.59624175E-15 3.43537205E-07 6.79840207E-10 1.16450945E-13 1.64257818E-07 5.61035596E-10 6.62125831E-23 3.27606171E-19 4.13977459E-06 7.40460802E-32 1.58837390E-21 4.55911820E-34 5.86813270E-39 1.86506482E-35 1.00000000E-40 7.47150435E-30 2.39516203E-33 1.37879883E-10 5.18357948E-34 1.00000000E-40 1.00000000E-40 2.94880198E-33 5.15737946E-36 4.62193975E-13 1.27815510E-28 1.35666415E-30 9.90168746E-34 1.27971010E-40 1.00000000E-40 1.88455487E-37 5.86022883E-27 1.00000000E-40 2.90044289E-37 5.92737650E-16 5.24231870E-34 5.90744748E-33 6.88593000E-14 1.00000000E-05 1.00000000E-05 1.00000000E-05 1.00000000E-05 1.00000000E-05 1.00000000E-05 1.00000000E-05 1.00000000E-05 1.00000000E-05 1.00000000E-05
1.00095000E+02 1.06648000E-06 6.98457662E+13 1.10593435E+02 1.00000000E+05 1.20323462E-11 1.00000000E-40 1.00000000E-40 1.00000000E-40 6.63749772E-14 1.00000000E-40 1.00000000E-40 1.00000000E-40 1.00000000E-40 1.00000000E-40 6.04552902E-06 7.37174803E-04 8.07984616E-11 1.23558408E-10 3.11273307E-03 1.11950100E-02 2.65054172E-02 6.90971039E-01 1.27164920E-16 5.26972392E-19 4.71877386E-37 1.45756510E-31 2.22504648E-30 4.14227704E-30 1.28411054E-20 3.48185764E-09 7.59487841E-21 3.01354344E-30 9.01435189E-37 1.15729144E-28 4.95384288E-16 7.24392752E-15 1.04043267E-04 2.15297940E-04 6.29889738E-34 7.86098195E-37 3.69097610E-11 8.27231979E-38 7.40949406E-39 4.26377118E-32 2.70320966E-38 1.55769661E-12 6.25336929E-15 3.72587813E-07 6.42245208E-10 8.47932075E-14 1.53932702E-07 6.02664156E-10 5.24335569E-23 2.77435258E-19 4.33649436E-06 7.16576037E-32 1.40914754E-21 4.25716852E-34 4.92412078E-39 1.93021098E-35 1.00000000E-40 7.15742496E-30 1.71710799E-33 1.40645817E-10 1.28141901E-33 1.00000000E-40 1.00000000E-40 8.18743161E-33 1.10339478E-35 3.85116744E-13 1.14388070E-28 1.06294852E-30 2.78889951E-33 1.13935650E-40 1.00000000E-40 1.71826117E-37 6.12912354E-27 1.00000000E-40 3.38571537E-37 4.56703982E-16 2.72475333E-34 5.16217733E-33 8.99078000E-14 1.00000000E-05 1.00000000E-05 1.00000000E-05 1.00000000E-05 1.00000000E-05 1.00000000E-05 1.00000000E-05 1.00000000E-05 1.00000000E-05 1.00000000E-05
1.01280000E+02 9.04203000E-07 5.93467372E+13 1.10353424E+02 1.00000000E+05 8.49063926E-12 1.00000000E-40 1.00000000E-40 1.00000000E-40 4.18332153E-14 1.00000000E-40 1.00000000E-40 1.00000000E-40 1.00000000E-40 1.00000000E-40 6.66487472E-06 7.62611804E-04 7.85092212E-11 1.28259891E-10 3.81040511E-03 1.25268441E-02 3.00534328E-02 7.21743255E-01 1.15931967E-16 4.02035322E-19 1.01396676E-36 3.37083079E-31 4.72939598E-30 6.69950288E-30 1.24542009E-20 4.02169242E-09 5.83910770E-21 2.02455435E-30 4.20476560E-36 9.24884978E-29 3.46018597E-16 5.85197474E-15 1.13974286E-04 2.13522064E-04 1.28258350E-33 1.67402888E-36 3.59928045E-11 8.74413330E-38 8.78014006E-39 4.30543602E-32 5.67204620E-38 1.39927509E-12 4.45370042E-15 4.00524515E-07 6.03404867E-10 6.11012815E-14 1.43691626E-07 6.50962380E-10 4.11892647E-23 2.31622729E-19 4.51461686E-06 6.80563530E-32 1.24064940E-21 3.99041285E-34 4.03627161E-39 1.99174644E-35 1.00000000E-40 6.77507828E-30 1.20150812E-33 1.42557824E-10 2.85341242E-33 1.00000000E-40 1.00000000E-40 2.04983541E-32 2.11580550E-35 3.13977364E-13 1.02489542E-28 8.33052591E-31 7.11134101E-33 1.04776065E-40 1.00000000E-40 1.55381117E-37 6.38202364E-27 1.00000000E-40 4.49620174E-37 3.45637370E-16 1.44563393E-34 4.43632982E-33 1.21736000E-13 1.00000000E-05 1.00000000E-05 1.00000000E-05 1.00000000E-05 1.00000000E-05 1.00000000E-05 1.00000000E-05 1.00000000E-05 1.00000000E-05 1.00000000E-05
1.02464000E+02 7.67278000E-07 5.04596288E+13 1.10135014E+02 1.00000000E+05 5.80559616E-12 1.00000000E-40 1.00000000E-40 1.00000000E-40 2.59382334E-14 1.00000000E-40 1.00000000E-40 1.00000000E-40 1.00000000E-40 1.00000000E-40 7.32414852E-06 7.85021276E-04 7.58741430E-11 1.32373622E-10 4.67314496E-03 1.39189971E-02 3.39156279E-02 7.49962618E-01 1.04168745E-16 3.00681537E-19 2.02819822E-36 7.05976009E-31 9.05755277E-30 1.12833058E-29 1.18660211E-20 4.63948030E-09 4.37801194E-21 1.31987700E-30 6.71202781E-36 7.22802797E-29 2.34137902E-16 4.60947232E-15 1.23837158E-04 2.10007676E-04 2.34861968E-33 3.21246342E-36 3.46908182E-11 9.53251690E-38 1.10063606E-38 4.53593411E-32 1.06718624E-37 1.23672515E-12 3.09813473E-15 4.26954414E-07 5.63758355E-10 4.36585696E-14 1.33619919E-07 7.08580942E-10 3.21546939E-23 1.90535158E-19 4.67062102E-06 6.32465924E-32 1.08200247E-21 3.77049377E-34 3.21930789E-39 2.04904444E-35 1.00000000E-40 6.32524864E-30 8.17309156E-34 1.43573947E-10 5.73631221E-33 1.00000000E-40 1.00000000E-40 4.64359326E-32 3.63669298E-35 2.49721239E-13 9.24692744E-29 6.57722928E-31 1.64531721E-32 1.00192373E-40 1.00000000E-40 1.38866904E-37 6.61517062E-27 1.00000000E-40 6.13975483E-37 2.56484216E-16 8.07860828E-35 3.73779965E-33 1.73767000E-13 1.00000000E-05 1.00000000E-05 1.00000000E-05 1.00000000E-05 1.00000000E-05 1.00000000E-05 1.00000000E-05 1.00000000E-05 1.00000000E-05 1.00000000E-05
1.03649000E+02 6.51701000E-07 4.29505884E+13 1.09899569E+02 1.00000000E+05 3.80722848E-12 1.00000000E-40 1.00000000E-40 1.00000000E-40 1.57700586E-14 1.00000000E-40 1.00000000E-40 1.00000000E-40 1.00000000E-40 1.00000000E-40 8.01924334E-06 8.03723927E-04 7.32561672E-11 1.35727337E-10 5.74552267E-03 1.53340517E-02 3.80627584E-02 7.74626744E-01 9.22129529E-17 2.19963406E-19 3.74249916E-36 1.34178489E-30 1.56449219E-29 1.83764154E-29 1.10748400E-20 5.35767695E-09 3.20097101E-21 8.36110794E-31 7.47430233E-36 5.51495801E-29 1.52746790E-16 3.52785529E-15 1.33407865E-04 2.04595070E-04 3.87091389E-33 5.57461024E-36 3.30459456E-11 1.07251944E-37 1.45299637E-38 4.96622135E-32 1.80032800E-37 1.07243675E-12 2.09770265E-15 4.50464144E-07 5.23444098E-10 3.07869947E-14 1.23712826E-07 7.79400079E-10 2.49981041E-23 1.54426437E-19 4.79792559E-06 5.73014622E-32 9.32133186E-22 3.61501074E-34 2.48621163E-39 2.10007117E-35 1.00000000E-40 5.80793889E-30 5.37152535E-34 1.43906248E-10 1.04494938E-32 1.00000000E-40 1.00000000E-40 9.55181443E-32 5.60150256E-35 1.92863500E-13 8.44559825E-29 5.28935761E-31 3.46067836E-32 1.00000000E-40 1.00000000E-40 1.22996756E-37 6.82026025E-27 1.00000000E-40 7.97946839E-37 1.85919186E-16 4.93592337E-35 3.07672472E-33 2.62761000E-13 1.00000000E-05 1.00000000E-05 1.00000000E-05 1.00000000E-05 1.00000000E-05 1.00000000E-05 1.00000000E-05 1.00000000E-05 1.00000000E-05 1.00000000E-05
1.04834000E+02 5.54103000E-07 3.65921435E+13 1.09677961E+02 1.00000000E+05 2.37619263E-12 1.00000000E-40 1.00000000E-40 1.00000000E-40 9.38363848E-15 1.00000000E-40 1.00000000E-40 1.00000000E-40 1.00000000E-40 1.00000000E-40 8.74512508E-06 8.18409727E-04 7.04070962E-11 1.37959695E-10 7.08377354E-03 1.67315556E-02 4.24701364E-02 7.95244968E-01 8.01702601E-17 1.57092758E-19 6.34958904E-36 2.32286261E-30 2.44533751E-29 2.79398908E-29 1.01060325E-20 6.21034706E-09 2.29083180E-21 5.18129047E-31 1.00000000E-40 4.10494225E-29 9.58913213E-17 2.61955577E-15 1.42556465E-04 1.97296258E-04 5.78617121E-33 8.84196214E-36 3.11402950E-11 1.23325241E-37 1.98096417E-38 5.58326690E-32 2.73213124E-37 9.10572358E-13 1.38062818E-15 4.70351218E-07 4.81915505E-10 2.15124187E-14 1.14067304E-07 8.70000326E-10 1.93962733E-23 1.22954572E-19 4.89333049E-06 5.04738865E-32 7.91542455E-22 3.50675894E-34 1.85140273E-39 2.14414389E-35 1.00000000E-40 5.23267580E-30 3.40111347E-34 1.43337778E-10 1.73595468E-32 1.00000000E-40 1.00000000E-40 1.79119293E-31 7.75767895E-35 1.44593538E-13 7.83904213E-29 4.39733767E-31 6.63748506E-32 1.00000000E-40 1.00000000E-40 1.07364587E-37 6.99336650E-27 1.00000000E-40 9.52174578E-37 1.31314826E-16 3.22817111E-35 2.46597287E-33 4.15812000E-13 1.00000000E-05 1.00000000E-05 1.00000000E-05 1.00000000E-05 1.00000000E-05 1.00000000E-05 1.00000000E-05 1.00000000E-05 1.00000000E-05 1.00000000E-05
1.06018000E+02 4.71639000E-07 3.12056718E+13 1.09469439E+02 1.00000000E+05 1.37724140E-12 1.00000000E-40 1.00000000E-40 1.00000000E-40 5.42943674E-15 1.00000000E-40 1.00000000E-40 1.00000000E-40 1.00000000E-40 1.00000000E-40 9.49150602E-06 8.28700955E-04 6.76629545E-11 1.38595336E-10 8.75110361E-03 1.80534151E-02 4.70811467E-02 8.11083164E-01 6.84836081E-17 1.09385937E-19 9.94760572E-36 3.67834008E-30 3.47506072E-29 3.91653564E-29 9.00211291E-21 7.25289863E-09 1.61974060E-21 3.17986995E-31 1.00000000E-40 2.97739138E-29 5.77920841E-17 1.88772115E-15 1.51216830E-04 1.87980879E-04 7.90454677E-33 1.29728551E-35 2.90524313E-11 1.42177336E-37 2.71601153E-38 6.31637509E-32 3.74319644E-37 7.55688324E-13 8.82290551E-16 4.84339314E-07 4.38625140E-10 1.47963022E-14 1.04740609E-07 9.91317057E-10 1.50535635E-23 9.58691037E-20 4.95227423E-06 4.31221562E-32 6.61119533E-22 3.42689874E-34 1.32402844E-39 2.17980176E-35 1.00000000E-40 4.61260791E-30 2.06626801E-34 1.41954823E-10 2.65436566E-32 1.00000000E-40 1.00000000E-40 3.07738319E-31 9.69455459E-35 1.05151079E-13 7.38148788E-29 3.82290224E-31 1.16454035E-31 1.00000000E-40 1.00000000E-40 9.27282534E-38 7.12821120E-27 1.00000000E-40 1.02832539E-36 8.99031980E-17 2.02874680E-35 1.91965060E-33 6.72942000E-13 1.00000000E-05 1.00000000E-05 1.00000000E-05 1.00000000E-05 1.00000000E-05 1.00000000E-05 1.00000000E-05 1.00000000E-05 1.00000000E-05 1.00000000E-05
1.07203000E+02 4.01911000E-07 2.66441428E+13 1.09255890E+02 1.00000000E+05 7.15684389E-13 1.00000000E-40 1.00000000E-40 1.00000000E-40 3.03390574E-15 1.00000000E-40 1.00000000E-40 1.00000000E-40 1.00000000E-40 1.00000000E-40 1.02432400E-05 8.34345918E-04 6.50196026E-11 1.37063862E-10 1.08101129E-02 1.92347676E-02 5.18197580E-02 8.21556596E-01 5.74707665E-17 7.42475647E-20 1.44578376E-35 5.35711751E-30 4.52190024E-29 5.05948894E-29 7.82396909E-21 8.55888583E-09 1.14793000E-21 1.96823315E-31 1.98275208E-34 2.10263058E-29 3.34439746E-17 1.32408239E-15 1.59354927E-04 1.76589586E-04 9.98998957E-33 1.78889026E-35 2.68606427E-11 1.61101785E-37 3.65783464E-38 7.05192770E-32 4.66026019E-37 6.12733435E-13 5.48021332E-16 4.90258465E-07 3.92941568E-10 9.98565138E-15 9.58142505E-08 1.16120970E-09 1.17163953E-23 7.28196233E-20 4.97134841E-06 3.56916983E-32 5.42405121E-22 3.33586987E-34 9.07478525E-40 2.20583416E-35 1.00000000E-40 3.96791901E-30 1.20384601E-34 1.39518212E-10 3.77655441E-32 1.00000000E-40 1.00000000E-40 4.87089111E-31 1.10061826E-34 7.43977199E-14 7.00346517E-29 3.48299079E-31 1.87629684E-31 1.00000000E-40 1.00000000E-40 7.92678069E-38 7.21958222E-27 1.00000000E-40 1.00526798E-36 5.94201948E-17 8.17197157E-36 1.44913405E-33 1.08875000E-12 1.00000000E-05 1.00000000E-05 1.00000000E-05 1.00000000E-05 1.00000000E-05 1.00000000E-05 1.00000000E-05 1.00000000E-05 1.00000000E-05 1.00000000E-05
1.08387000E+02 3.42899000E-07 2.27712713E+13 1.09067575E+02 1.00000000E+05 3.08364344E-13 1.00000000E-40 1.00000000E-40 1.00000000E-40 1.61933509E-15 1.00000000E-40 1.00000000E-40 1.00000000E-40 1.00000000E-40 1.00000000E-40 1.09821465E-05 8.35383417E-04 6.22771831E-11 1.32820878E-10 1.33150046E-02 2.02158800E-02 5.66049345E-02 8.26466517E-01 4.73861294E-17 4.91908210E-20 1.96125696E-35 7.22920765E-30 5.44216823E-29 6.06364334E-29 6.64307484E-21 1.02300808E-08 8.31460281E-22 1.25559292E-31 1.00000000E-40 1.44531082E-29 1.86250309E-17 9.08585524E-16 1.67008550E-04 1.63185634E-04 1.18694725E-32 2.36389990E-35 2.46374697E-11 1.76873029E-37 4.76430076E-38 7.66154955E-32 5.32424826E-37 4.85749621E-13 3.31957244E-16 4.86011724E-07 3.44827999E-10 6.57696049E-15 8.74075760E-08 1.40974427E-09 9.16818959E-24 5.35201935E-20 4.94974832E-06 2.86401796E-32 4.37193782E-22 3.19759318E-34 5.96325608E-40 2.22185638E-35 1.00000000E-40 3.32516898E-30 6.74127392E-35 1.35656643E-10 5.06676550E-32 1.00000000E-40 1.00000000E-40 7.15381213E-31 1.14644840E-34 5.15026648E-14 6.63956377E-29 3.29626963E-31 2.79022635E-31 1.00000000E-40 1.00000000E-40 6.70476374E-38 7.26538826E-27 1.00000000E-40 8.97333079E-37 3.77649271E-17 1.00000000E-40 1.06083468E-33 1.73290000E-12 1.00000000E-05 1.00000000E-05 1.00000000E-05 1.00000000E-05 1.00000000E-05 1.00000000E-05 1.00000000E-05 1.00000000E-05 1.00000000E-05 1.00000000E-05
1.09572000E+02 2.92899000E-07 1.94866092E+13 1.08867520E+02 1.00000000E+05 8.38488859E-14 1.00000000E-40 1.00000000E-40 1.00000000E-40 8.09862961E-16 1.00000000E-40 1.00000000E-40 1.00000000E-40 1.00000000E-40 1.00000000E-40 1.16846536E-05 8.31814111E-04 5.91496903E-11 1.25701503E-10 1.62927107E-02 2.09393642E-02 6.13222237E-02 8.25472618E-01 3.85110332E-17 3.19413314E-20 2.50718140E-35 9.11593251E-30 6.12851362E-29 6.80985628E-29 5.52469550E-21 1.23951358E-08 6.28934480E-22 8.39907510E-32 7.20428471E-34 9.66571838E-30 1.00078062E-17 6.13741904E-16 1.74115099E-04 1.47899830E-04 1.34526195E-32 3.19968887E-35 2.24253103E-11 1.86614927E-37 5.94792215E-38 8.03036992E-32 5.64197143E-37 3.77185409E-13 1.96957271E-16 4.69483563E-07 2.95192080E-10 4.12602776E-15 7.96031947E-08 1.78261256E-09 7.22415156E-24 3.78754268E-20 4.88605041E-06 2.23280931E-32 3.46636522E-22 3.00172140E-34 3.77172544E-40 2.22685733E-35 1.00000000E-40 2.71131857E-30 3.63913296E-35 1.30267643E-10 6.49721816E-32 1.00000000E-40 1.00000000E-40 9.83245710E-31 1.10788801E-34 3.50655441E-14 6.24409357E-29 3.19545382E-31 3.85071182E-31 1.00000000E-40 1.00000000E-40 5.64671339E-38 7.26203753E-27 1.00000000E-40 7.40295103E-37 2.30041076E-17 1.00000000E-40 7.54297045E-34 2.68958000E-12 1.00000000E-05 1.00000000E-05 1.00000000E-05 1.00000000E-05 1.00000000E-05 1.00000000E-05 1.00000000E-05 1.00000000E-05 1.00000000E-05 1.00000000E-05
1.10756000E+02 2.50479000E-07 1.66929468E+13 1.08681351E+02 1.00000000E+05 1.00000000E-40 1.00000000E-40 1.00000000E-40 1.00000000E-40 3.72081230E-16 1.00000000E-40 1.00000000E-40 1.00000000E-40 1.00000000E-40 1.00000000E-40 1.23272010E-05 8.23983117E-04 5.44887920E-11 1.15883826E-10 1.97354504E-02 2.13788112E-02 6.58743557E-02 8.18816738E-01 3.08612332E-17 2.05996823E-20 3.04402870E-35 1.08612547E-29 6.55116877E-29 7.26489628E-29 4.52350173E-21 1.52065556E-08 5.06567837E-22 6.14071427E-32 5.90050852E-34 6.29131344E-30 5.21636362E-18 4.10800678E-16 1.80572274E-04 1.31156154E-04 1.74317825E-32 7.72927486E-34 2.02559068E-11 1.89061214E-37 7.10137721E-38 8.11148790E-32 5.62669831E-37 2.87685099E-13 1.15225826E-16 4.40757471E-07 2.45773450E-10 2.39266633E-15 7.25171274E-08 2.34007479E-09 5.70947481E-24 2.56761958E-20 4.78263746E-06 1.69911910E-32 2.71318467E-22 2.75050654E-34 2.31357281E-40 2.22113337E-35 1.00000000E-40 2.15270394E-30 1.90761309E-35 1.22971644E-10 8.07644029E-32 1.00000000E-40 1.00000000E-40 1.27777963E-30 1.00829847E-34 2.36668452E-14 5.81306666E-29 3.13927209E-31 4.96484230E-31 1.00000000E-40 1.00000000E-40 4.72386894E-38 7.21085494E-27 1.00000000E-40 5.74890002E-37 1.34239192E-17 1.00000000E-40 5.22600240E-34 4.05769000E-12 1.00000000E-05 1.00000000E-05 1.00000000E-05 1.00000000E-05 1.00000000E-05 1.00000000E-05 1.00000000E-05 1.00000000E-05 1.00000000E-05 1.00000000E-05
1.11941000E+02 2.14441000E-07 1.43137198E+13 1.08510566E+02 1.00000000E+05 1.00000000E-40 1.00000000E-40 1.00000000E-40 1.00000000E-40 1.54929780E-16 1.00000000E-40 1.00000000E-40 1.00000000E-40 1.00000000E-40 1.00000000E-40 1.28850421E-05 8.12248118E-04 4.75229737E-11 1.04141835E-10 2.35864400E-02 2.15326858E-02 7.01531651E-02 8.06726964E-01 2.44771663E-17 1.38856752E-20 3.77386884E-35 1.23870506E-29 6.75454971E-29 7.47778481E-29 3.67366678E-21 1.88425546E-08 4.39865960E-22 4.77289820E-32 1.00000000E-40 3.98706304E-30 2.65326165E-18 2.74081790E-16 1.86138599E-04 1.13507591E-04 8.41230470E-30 3.11287379E-31 1.81392070E-11 1.84574139E-37 8.12546514E-38 7.91781167E-32 5.36095267E-37 2.16269729E-13 6.69533163E-17 4.00800580E-07 1.98948306E-10 1.22019613E-15 6.62256956E-08 3.13757273E-09 4.47918843E-24 1.66640078E-20 4.64206088E-06 1.27071746E-32 2.10820164E-22 2.47254516E-34 1.39344500E-40 2.20470169E-35 1.00000000E-40 1.66835133E-30 9.77373538E-36 1.13955617E-10 1.01074936E-31 1.00000000E-40 1.00000000E-40 1.59031709E-30 8.77920183E-35 1.59133306E-14 5.37191981E-29 3.11621815E-31 6.02163171E-31 1.00000000E-40 1.00000000E-40 3.95083295E-38 7.11292828E-27 1.00000000E-40 4.28310139E-37 7.51024795E-18 1.00000000E-40 3.54646431E-34 5.95737000E-12 1.00000000E-05 1.00000000E-05 1.00000000E-05 1.00000000E-05 1.00000000E-05 1.00000000E-05 1.00000000E-05 1.00000000E-05 1.00000000E-05 1.00000000E-05
1.13126000E+02 1.83778000E-07 1.22861093E+13 1.08341754E+02 1.00000000E+05 1.00000000E-40 1.00000000E-40 1.00000000E-40 1.00000000E-40 6.08661746E-17 1.00000000E-40 1.00000000E-40 1.00000000E-40 1.00000000E-40 1.00000000E-40 1.33354092E-05 7.97096420E-04 4.03655641E-11 9.16234799E-11 2.77388874E-02 2.14361665E-02 7.40656695E-02 7.89671984E-01 1.92617382E-17 1.15882834E-20 3.02931693E-32 1.37391688E-29 6.84101693E-29 7.56175168E-29 2.99123360E-21 2.34714713E-08 4.11724153E-22 4.15648780E-32 6.06415164E-34 2.46206339E-30 1.32827181E-18 1.83190871E-16 1.90441750E-04 9.57123282E-05 2.48851592E-26 1.18296573E-28 1.60804716E-11 1.75015669E-37 8.97059147E-38 7.52679028E-32 4.96762837E-37 1.60931706E-13 3.89906929E-17 3.52814548E-07 1.57010002E-10 5.72847264E-16 6.07893771E-08 4.18744867E-09 3.44834824E-24 1.03886615E-20 4.46857939E-06 9.43386430E-33 1.64018453E-22 2.20582250E-34 1.00000000E-40 2.17803862E-35 1.00000000E-40 1.26875974E-30 4.94124865E-36 1.03477013E-10 9.05184153E-31 1.00000000E-40 1.00000000E-40 1.92502094E-30 7.45193592E-35 1.07124923E-14 4.96660283E-29 3.14520304E-31 6.91855390E-31 1.00000000E-40 1.00000000E-40 3.31140726E-38 6.97144119E-27 1.00000000E-40 3.13247631E-37 4.05091969E-18 1.00000000E-40 2.37471760E-34 8.56132000E-12 1.00000000E-05 1.00000000E-05 1.00000000E-05 1.00000000E-05 1.00000000E-05 1.00000000E-05 1.00000000E-05 1.00000000E-05 1.00000000E-05 1.00000000E-05
1.14310000E+02 1.57651000E-07 1.05551138E+13 1.08180884E+02 1.00000000E+05 1.00000000E-40 1.00000000E-40 1.00000000E-40 1.00000000E-40 2.35708919E-17 1.00000000E-40 1.00000000E-40 1.00000000E-40 1.00000000E-40 1.00000000E-40 1.36582063E-05 7.79093804E-04 3.42154120E-11 7.96106154E-11 3.20449188E-02 2.11574158E-02 7.75410514E-02 7.68316076E-01 1.50549860E-17 1.55203808E-20 2.34198712E-27 1.52056616E-29 6.95489938E-29 7.67642187E-29 2.47850617E-21 2.92159247E-08 4.10179889E-22 3.73388691E-32 1.52610401E-34 1.48297355E-30 6.61564071E-19 1.23089409E-16 1.93042941E-04 7.86270488E-05 6.49742202E-23 3.94237930E-26 1.40908565E-11 1.63289804E-37 9.68222766E-38 7.05628923E-32 4.57935124E-37 1.19075128E-13 2.30546634E-17 3.01127643E-07 1.21645653E-10 2.61920410E-16 5.62491043E-08 5.41934451E-09 2.59060587E-24 6.27228287E-21 4.26782074E-06 7.05655407E-33 1.29368635E-22 2.57054953E-34 1.00000000E-40 2.14203128E-35 1.00000000E-40 9.55752650E-31 2.49623890E-36 9.19125111E-11 2.03077074E-28 1.00000000E-40 1.00000000E-40 2.31064301E-30 6.34401642E-35 7.24893734E-15 4.65604948E-29 3.28454267E-31 7.58106785E-31 1.00000000E-40 1.00000000E-40 2.77997004E-38 6.79136535E-27 1.00000000E-40 2.31066772E-37 2.13007059E-18 1.00000000E-40 1.58568374E-34 1.21986000E-11 1.00000000E-05 1.00000000E-05 1.00000000E-05 1.00000000E-05 1.00000000E-05 1.00000000E-05 1.00000000E-05 1.00000000E-05 1.00000000E-05 1.00000000E-05
1.15495000E+02 1.35356000E-07 9.07439198E+12 1.08038039E+02 1.00000000E+05 1.00000000E-40 1.00000000E-40 1.00000000E-40 1.00000000E-40 9.24174456E-18 1.00000000E-40 1.00000000E-40 1.00000000E-40 1.00000000E-40 1.00000000E-40 1.38353715E-05 7.58828061E-04 2.96723447E-11 6.94602204E-11 3.63308163E-02 2.07847130E-02 8.05267418E-02 7.43397418E-01 1.17041308E-17 3.15241907E-20 1.84192035E-22 6.41652244E-27 7.40726372E-29 8.02463739E-29 2.13021476E-21 3.61010619E-08 4.25812073E-22 3.49400381E-32 3.03740291E-34 8.72220158E-31 3.32275947E-19 8.32867498E-17 1.93464963E-04 6.31142839E-05 1.45280387E-19 1.12242808E-23 1.21974075E-11 1.54108603E-37 1.04504343E-37 6.63196663E-32 4.33579181E-37 8.80018203E-14 1.41671130E-17 2.49872829E-07 9.36651899E-11 1.23331378E-16 5.26220155E-08 6.66819034E-09 1.90425909E-24 3.73380528E-21 4.04594595E-06 5.43531633E-33 1.05210441E-22 4.36054490E-33 1.00000000E-40 2.09771918E-35 1.00000000E-40 7.24436369E-31 1.28078623E-36 7.98701289E-11 4.03160046E-26 1.00000000E-40 1.00000000E-40 2.81727308E-30 2.14370209E-32 4.93798374E-15 4.51164130E-29 3.66681995E-31 7.96837387E-31 1.00000000E-40 1.00000000E-40 2.34158961E-38 6.57843776E-27 1.00000000E-40 1.77206777E-37 1.11460853E-18 1.00000000E-40 1.07301549E-34 1.76558000E-11 1.00000000E-05 1.00000000E-05 1.00000000E-05 1.00000000E-05 1.00000000E-05 1.00000000E-05 1.00000000E-05 1.00000000E-05 1.00000000E-05 1.00000000E-05
1.16679000E+02 1.16305000E-07 7.80593006E+12 1.07917145E+02 1.00000000E+05 1.00000000E-40 1.00000000E-40 1.00000000E-40 1.00000000E-40 3.60360256E-18 1.00000000E-40 1.00000000E-40 1.00000000E-40 1.00000000E-40 1.00000000E-40 1.38476272E-05 7.36882422E-04 2.70060136E-11 6.29504502E-11 4.04098756E-02 2.04143034E-02 8.29832499E-02 7.15696148E-01 9.05817056E-18 7.32875710E-20 1.06765037E-17 3.48707660E-22 6.21821126E-26 9.09086507E-29 1.93987594E-21 4.39586833E-08 4.49408268E-22 3.25914305E-32 1.00000000E-40 5.01384914E-31 1.73660458E-19 5.67223956E-17 1.91146599E-04 5.00643783E-05 2.70751161E-16 2.63011204E-21 1.04571505E-11 2.42168728E-34 1.17146717E-37 6.36519368E-32 1.16438345E-36 6.52357264E-14 9.47938683E-18 2.02408540E-07 7.29663880E-11 6.36435371E-17 4.99082431E-08 7.70376601E-09 1.38137068E-24 2.28518452E-21 3.80928289E-06 4.44199870E-33 9.00438783E-23 2.38963780E-31 1.00000000E-40 2.04626637E-35 1.00000000E-40 5.66518632E-31 6.83359451E-37 6.79837460E-11 6.01136757E-24 1.00000000E-40 1.00000000E-40 3.58338749E-30 9.02103653E-28 3.38309648E-15 4.63463816E-29 4.63369048E-31 8.06757411E-31 1.00000000E-40 1.00000000E-40 1.98193128E-38 6.33886111E-27 1.00000000E-40 1.49599043E-37 6.07435048E-19 1.00000000E-40 7.54106769E-35 2.70911000E-11 1.00000000E-05 1.00000000E-05 1.00000000E-05 1.00000000E-05 1.00000000E-05 1.00000000E-05 1.00000000E-05 1.00000000E-05 1.00000000E-05 1.00000000E-05
1.17864000E+02 9.99997000E-08 6.71758625E+12 1.07820704E+02 1.00000000E+05 1.00000000E-40 1.00000000E-40 1.00000000E-40 1.00000000E-40 1.19441545E-18 1.00000000E-40 1.00000000E-40 1.00000000E-40 1.00000000E-40 1.00000000E-40 1.36688958E-05 7.14019065E-04 2.63580831E-11 6.52290128E-11 4.40842788E-02 2.01506937E-02 8.48888587E-02 6.86188188E-01 7.42668378E-18 1.68934002E-19 4.44344970E-13 1.28096584E-17 1.99983924E-21 5.56009905E-26 1.90525882E-21 5.22697283E-08 5.04328002E-22 3.22195615E-32 7.97971634E-34 2.81846053E-31 1.06832796E-19 3.87630043E-17 1.85318836E-04 4.05557635E-05 3.95442642E-13 4.47263396E-19 8.99425085E-12 4.31238382E-29 1.45584254E-37 6.32838603E-32 4.29698487E-34 4.87076935E-14 7.46333105E-18 1.61871865E-07 5.87493788E-11 3.87409304E-17 4.81149723E-08 8.28317938E-09 1.01351835E-24 1.59506569E-21 3.56484519E-06 3.98311352E-33 8.27360162E-23 1.11801855E-29 1.23742789E-40 1.98943190E-35 1.00000000E-40 4.73972093E-31 3.94337482E-37 5.67913918E-11 6.16010070E-22 1.00000000E-40 1.00000000E-40 4.86819197E-30 2.53268532E-23 2.32358915E-15 5.23651710E-29 7.50729338E-31 7.88133362E-31 1.00000000E-40 1.00000000E-40 1.68526737E-38 6.08053276E-27 1.00000000E-40 6.94144692E-35 3.92454458E-19 1.00000000E-40 5.70741989E-35 4.79743000E-11 1.00000000E-05 1.00000000E-05 1.00000000E-05 1.00000000E-05 1.00000000E-05 1.00000000E-05 1.00000000E-05 1.00000000E-05 1.00000000E-05 1.00000000E-05
