alt press den temp eddy H2Oaer SO2aer CO2aer S8aer H2SO4aer C2H2aer C2H4aer C2H6aer CH4aer HCaer1 H H2 H2O OH O O2 CO CO2 HCO H2CO C CH CH2 CH3 CH4 S S2 S3 S4 S8 H2S HS SO SO2 CS CS2 OCS C2 C2H C2H2 C2H4 HO2 H2O2 O3 SO3 H2SO4 HCl Cl Cl2 HOCl ClO C2H6 CH3OH CH2CO CH3CHO C3H4 C3H6 C4H2 C4H4 OClO HCS C2H3 C2H5 1CH2 HCCO HSO CH3O H2COH C4H C2H2OH CH3CO CH2CHO C2H3OH C2H4OH CH3O2 HSO3 HS4 C4H3 O1D H2Oaer_r SO2aer_r CO2aer_r S8aer_r H2SO4aer_r C2H2aer_r C2H4aer_r C2H6aer_r CH4aer_r HCaer1_r
5.92280000E-01 7.00131000E+01 2.46958029E+19 2.05339677E+02 1.00000000E+05 7.01869576E-01 2.71773006E+02 3.91148705E-10 1.45507467E-34 6.56954883E-08 1.15538484E-40 1.15538484E-40 1.15538484E-40 1.15538484E-40 1.15651439E-40 7.60564262E-16 7.14152081E-06 5.14363722E-06 6.39094968E-25 9.10708705E-21 1.42830417E-09 1.57113458E-07 7.14152081E-01 3.65689284E-18 1.62883381E-18 1.00000000E-40 1.00000000E-40 1.00000000E-40 2.84757613E-31 1.80132239E-26 1.05955571E-19 2.59521164E-17 1.74086902E-24 7.65194441E-24 2.20097488E-21 2.85660832E-13 4.90843427E-15 3.50076766E-16 4.25025881E-02 2.82879734E-33 3.72943333E-32 1.10278415E-12 1.00000000E-40 1.00000000E-40 1.68677129E-33 2.94974330E-32 3.80512466E-13 4.02235402E-11 2.05368936E-19 1.07921176E-18 5.33442541E-13 3.57076040E-08 6.32867002E-16 3.48078793E-22 7.17200064E-25 1.53347743E-09 3.74609195E-36 1.22117650E-25 8.69428944E-30 6.87600597E-34 1.40624938E-39 1.25221522E-40 9.59493247E-32 4.76624310E-33 3.52931647E-14 1.06884233E-35 1.00000000E-40 1.06414727E-34 1.00000000E-40 1.00000000E-40 1.90386647E-13 2.08659456E-26 2.80743361E-28 1.00000000E-40 1.00000000E-40 3.38108066E-33 1.34716701E-35 6.67266958E-32 1.17593989E-39 2.19490932E-28 1.16072308E-16 4.36594869E-23 1.29051643E-34 1.00000000E-40 1.00000000E-05 1.00000000E-05 1.00000000E-05 1.00000000E-05 1.00000000E-05 1.00000000E-05 1.00000000E-05 1.00000000E-05 1.00000000E-05 1.00000000E-05
1.77684000E+00 5.97166000E+01 2.14210534E+19 2.01916108E+02 1.00000000E+05 8.29453496E-01 3.02874167E+02 7.03653208E-10 2.50749386E-34 7.23509276E-08 1.27437727E-40 1.27437727E-40 1.27437727E-40 1.27437727E-40 1.27563980E-40 1.02561192E-16 7.58950984E-06 3.99485468E-06 9.05654334E-26 1.07871603E-20 1.01582894E-08 1.85081656E-07 7.40073494E-01 7.25451975E-20 1.62929798E-18 1.00000000E-40 1.00000000E-40 1.00000000E-40 8.54002205E-33 1.80123618E-26 3.37922419E-20 2.70960636E-17 1.46817837E-24 6.78818893E-24 2.29235917E-21 4.87424289E-13 7.71693075E-15 1.07080890E-15 3.81955919E-02 2.94225893E-33 3.89399812E-32 1.15418096E-12 1.00000000E-40 1.00000000E-40 1.76411626E-33 3.08048430E-32 3.52436591E-13 4.86209923E-11 9.10461071E-19 1.05244459E-18 4.27235107E-13 3.79485329E-08 6.02758065E-16 2.28930937E-22 4.80407969E-25 1.60912741E-09 3.91042788E-36 1.21705929E-25 9.07255344E-30 6.77219658E-34 1.46882458E-39 1.33150604E-40 1.00324050E-31 4.89011692E-33 2.45646397E-14 1.15347570E-35 1.00000000E-40 1.09911998E-34 1.00000000E-40 1.00000000E-40 4.47881139E-13 2.29399168E-27 2.66119809E-28 1.00000000E-40 1.00000000E-40 2.31995073E-33 1.36120182E-35 6.99696926E-32 1.64508559E-39 2.30885596E-28 2.16893241E-18 4.48043397E-23 1.12910813E-34 1.00000000E-40 1.00000000E-05 1.00000000E-05 1.00000000E-05 1.00000000E-05 1.00000000E-05 1.00000000E-05 1.00000000E-05 1.00000000E-05 1.00000000E-05 1.00000000E-05
2.96140000E+00 5.07918000E+01 1.85330883E+19 1.98500921E+02 1.00000000E+05 1.01136774E+00 3.43646128E+02 1.49715637E-09 5.00840202E-34 8.09707587E-08 1.42721657E-40 1.42721657E-40 1.42721657E-40 1.42721657E-40 1.42865696E-40 4.75844777E-17 8.08724403E-06 2.96952085E-06 4.36419885E-26 1.30477076E-20 2.06585864E-08 2.17793963E-07 7.67164816E-01 1.72149562E-20 1.62605188E-18 1.00000000E-40 1.00000000E-40 1.00000000E-40 2.27773065E-33 1.80396521E-26 3.54000419E-20 2.83658141E-17 1.25498401E-24 6.04926050E-24 2.38660529E-21 7.29122199E-13 1.17144282E-14 2.79404527E-15 3.38701689E-02 3.05852459E-33 4.07515194E-32 1.20981160E-12 1.00000000E-40 1.00000000E-40 1.85267477E-33 3.22353646E-32 3.14982307E-13 5.54855353E-11 1.76475008E-18 1.12416129E-18 3.16940259E-13 4.04319794E-08 5.95023534E-16 1.38881684E-22 3.10027957E-25 1.69927728E-09 4.09185183E-36 1.21529937E-25 9.48276212E-30 6.67716392E-34 1.53844856E-39 1.41981027E-40 1.05196329E-31 5.01005145E-33 1.71348579E-14 1.25005077E-35 1.00000000E-40 1.13636198E-34 1.00000000E-40 1.00000000E-40 7.54760504E-13 2.24095475E-28 2.56489198E-28 1.00000000E-40 1.00000000E-40 1.89829429E-33 1.37412966E-35 7.38890020E-32 2.27528128E-39 2.39461358E-28 4.68710675E-19 4.60330153E-23 1.02495189E-34 1.00000000E-40 1.00000000E-05 1.00000000E-05 1.00000000E-05 1.00000000E-05 1.00000000E-05 1.00000000E-05 1.00000000E-05 1.00000000E-05 1.00000000E-05 1.00000000E-05
4.14596000E+00 4.40637000E+01 1.63218655E+19 1.95536522E+02 1.00000000E+05 1.22087228E+00 3.85433797E+02 3.38805754E-09 1.05439585E-33 8.96720545E-08 1.57875644E-40 1.57875644E-40 1.57875644E-40 1.57875644E-40 1.58038467E-40 2.82796119E-17 8.44812909E-06 2.16491187E-06 2.74311350E-26 1.57751731E-20 3.25621229E-08 2.50453549E-07 7.77487221E-01 6.66990344E-21 1.58223356E-18 1.00000000E-40 1.00000000E-40 1.00000000E-40 1.04393488E-33 1.77062683E-26 4.03178531E-20 2.91051697E-17 1.04860188E-24 5.26157741E-24 2.42749960E-21 9.99407879E-13 1.60646074E-14 5.90951120E-15 2.96262277E-02 3.10997106E-33 4.17861425E-32 1.24160521E-12 1.00000000E-40 1.00000000E-40 1.91048859E-33 3.30434815E-32 2.79459485E-13 5.99135032E-11 2.69035901E-18 1.28620128E-18 2.36144982E-13 4.22255821E-08 5.80447154E-16 8.33375620E-23 1.92569651E-25 1.76438281E-09 4.19705280E-36 1.18947699E-25 9.70524623E-30 6.44169080E-34 1.57984913E-39 1.48231363E-40 1.08146065E-31 5.01954605E-33 1.20860249E-14 1.32631118E-35 1.00000000E-40 1.15001233E-34 1.00000000E-40 1.00000000E-40 1.09448801E-12 3.79125899E-29 2.45796774E-28 1.00000000E-40 1.00000000E-40 1.67888910E-33 1.35747199E-35 7.68563285E-32 3.00391605E-39 2.41554686E-28 1.68422324E-19 4.63449358E-23 9.41770329E-35 1.00000000E-40 1.00000000E-05 1.00000000E-05 1.00000000E-05 1.00000000E-05 1.00000000E-05 1.00000000E-05 1.00000000E-05 1.00000000E-05 1.00000000E-05 1.00000000E-05
5.33052000E+00 3.89650000E+01 1.46210961E+19 1.93024069E+02 1.00000000E+05 1.44793900E+00 4.26448459E+02 7.86435560E-09 2.27171108E-33 9.81296464E-08 1.72258144E-40 1.72258144E-40 1.72258144E-40 1.72258144E-40 1.72440063E-40 1.89341961E-17 8.65882230E-06 1.58168359E-06 1.96610039E-26 1.89669559E-20 4.54263802E-08 2.81850704E-07 7.70660776E-01 3.25646975E-21 1.50031957E-18 1.00000000E-40 1.00000000E-40 1.00000000E-40 5.80760146E-34 1.70469708E-26 4.51169653E-20 2.92871872E-17 8.55696770E-25 4.46278223E-24 2.41306651E-21 1.29162997E-12 2.03726732E-14 1.08323098E-14 2.57730955E-02 3.09863188E-33 4.20091784E-32 1.24841697E-12 1.00000000E-40 1.00000000E-40 1.93634760E-33 3.32035361E-32 2.46684915E-13 6.20245567E-11 3.64525968E-18 1.52518803E-18 1.78406737E-13 4.32634852E-08 5.58745203E-16 5.07953724E-23 1.15931432E-25 1.80191718E-09 4.22363705E-36 1.14199235E-25 9.73267902E-30 6.08220839E-34 1.59192149E-39 1.51573418E-40 1.09088769E-31 4.92452603E-33 8.65466397E-15 1.37744676E-35 1.00000000E-40 1.13975994E-34 1.00000000E-40 1.00000000E-40 1.45168918E-12 1.20002402E-29 2.33461006E-28 1.00000000E-40 1.00000000E-40 1.53363128E-33 1.31367769E-35 7.88351594E-32 3.80215716E-39 2.37609933E-28 7.71001583E-20 4.57701099E-23 8.70460051E-35 1.00000000E-40 1.00000000E-05 1.00000000E-05 1.00000000E-05 1.00000000E-05 1.00000000E-05 1.00000000E-05 1.00000000E-05 1.00000000E-05 1.00000000E-05 1.00000000E-05
6.51508000E+00 3.46768000E-01 1.31875799E+19 1.90454232E+02 1.00000000E+05 1.69729383E+00 4.69642923E+02 1.85454563E-08 4.98385564E-33 1.07065912E-07 1.87117992E-40 1.87117992E-40 1.87117992E-40 1.87117992E-40 1.87320623E-40 1.32043337E-17 8.81951079E-06 1.15201976E-06 1.46961215E-26 2.26885673E-20 5.94199136E-08 3.14501989E-07 7.56378134E-01 1.74213326E-21 1.40174060E-18 1.00000000E-40 1.00000000E-40 1.00000000E-40 3.50837666E-34 1.63057773E-26 4.97718051E-20 2.92649236E-17 6.94296927E-25 3.75608914E-24 2.37310423E-21 1.61633217E-12 2.47494402E-14 1.84268821E-14 2.22922449E-02 3.06647647E-33 4.19330702E-32 1.24542547E-12 1.00000000E-40 1.00000000E-40 1.95403098E-33 3.31225860E-32 2.13999716E-13 6.27649916E-11 4.64282122E-18 1.74087049E-18 1.33839552E-13 4.40471152E-08 5.31848711E-16 3.08416677E-23 6.88153339E-26 1.83279919E-09 4.22389003E-36 1.08928239E-25 9.68467632E-30 5.68905025E-34 1.59421717E-39 1.53712303E-40 1.09357980E-31 4.79241836E-33 6.16201852E-15 1.41749856E-35 1.00000000E-40 1.11999972E-34 1.00000000E-40 1.00000000E-40 1.82996369E-12 4.75841005E-30 2.21860598E-28 1.00000000E-40 1.00000000E-40 1.43147725E-33 1.26125862E-35 8.07949597E-32 4.69436411E-39 2.31100093E-28 3.90599572E-20 4.49152142E-23 8.15126407E-35 1.00000000E-40 1.00000000E-05 1.00000000E-05 1.00000000E-05 1.00000000E-05 1.00000000E-05 1.00000000E-05 1.00000000E-05 1.00000000E-05 1.00000000E-05 1.00000000E-05
7.69964000E+00 3.08741000E-01 1.18935241E+19 1.88018450E+02 1.00000000E+05 1.97599389E+00 5.17976479E+02 4.42203079E-08 1.11192744E-32 1.17211281E-07 2.03689076E-40 2.03689076E-40 2.03689076E-40 2.03689076E-40 2.03915466E-40 9.60628899E-18 8.98009760E-06 8.40567096E-07 1.15845742E-26 2.75022322E-20 7.48438445E-08 3.50113364E-07 7.38995518E-01 1.00831560E-21 1.29503930E-18 1.00000000E-40 1.00000000E-40 1.00000000E-40 2.27688758E-34 1.55878654E-26 5.38755865E-20 2.92024772E-17 5.61229015E-25 3.14241364E-24 2.32101096E-21 1.98589629E-12 2.91525301E-14 2.98314113E-14 1.92479681E-02 3.03412167E-33 4.17989758E-32 1.23976313E-12 1.00000000E-40 1.00000000E-40 1.97527195E-33 3.29925826E-32 1.84246889E-13 6.27160464E-11 5.74356261E-18 2.02200020E-18 1.01239614E-13 4.48261240E-08 5.04028997E-16 1.87840833E-23 4.09018968E-26 1.86727304E-09 4.22282088E-36 1.03838215E-25 9.61717407E-30 5.29853737E-34 1.59609775E-39 1.55477139E-40 1.09593606E-31 4.65375292E-33 4.44348262E-15 1.45335913E-35 1.00000000E-40 1.09720324E-34 1.00000000E-40 1.00000000E-40 2.23484626E-12 2.06213547E-30 2.11644945E-28 1.00000000E-40 1.00000000E-40 1.35359138E-33 1.20822948E-35 8.32438314E-32 5.70805221E-39 2.23701897E-28 2.15868536E-20 4.40576829E-23 7.74016536E-35 1.73379000E-40 1.00000000E-05 1.00000000E-05 1.00000000E-05 1.00000000E-05 1.00000000E-05 1.00000000E-05 1.00000000E-05 1.00000000E-05 1.00000000E-05 1.00000000E-05
8.88420000E+00 2.75166000E-01 1.07490359E+19 1.85413766E+02 1.00000000E+05 2.27740682E+00 5.70588262E+02 1.05575276E-07 2.50539659E-32 1.28426092E-07 2.21666674E-40 2.21666674E-40 2.21666674E-40 2.21666674E-40 2.21919697E-40 6.96974676E-18 9.13424438E-06 6.03253858E-07 9.89622703E-27 3.35922110E-20 9.17477041E-08 3.88650272E-07 7.17769939E-01 5.90469099E-22 1.17852067E-18 1.00000000E-40 1.00000000E-40 1.00000000E-40 1.50709612E-34 1.48834329E-26 5.70224821E-20 2.90719409E-17 4.52574743E-25 2.61798447E-24 2.25425996E-21 2.40561516E-12 3.34621548E-14 4.66450278E-14 1.64020499E-02 3.00127335E-33 4.15727881E-32 1.23036978E-12 1.00000000E-40 1.00000000E-40 1.99917809E-33 3.27874860E-32 1.54294071E-13 6.20059854E-11 6.98450678E-18 2.28584834E-18 7.55701608E-14 4.55689946E-08 4.70451239E-16 1.11280943E-23 2.49699447E-26 1.90397264E-09 4.21769357E-36 9.88621970E-26 9.52212305E-30 4.90535621E-34 1.59649210E-39 1.56717269E-40 1.09721280E-31 4.50579686E-33 3.16337623E-15 1.48315209E-35 1.00000000E-40 1.07031086E-34 1.00000000E-40 1.00000000E-40 2.66288546E-12 8.99106294E-31 2.02119942E-28 1.00000000E-40 1.00000000E-40 1.28583247E-33 1.15370368E-35 8.61814850E-32 6.85046708E-39 2.15431169E-28 1.31380008E-20 4.31702559E-23 7.41877283E-35 3.65995000E-40 1.00000000E-05 1.00000000E-05 1.00000000E-05 1.00000000E-05 1.00000000E-05 1.00000000E-05 1.00000000E-05 1.00000000E-05 1.00000000E-05 1.00000000E-05
1.00688000E+01 2.45598000E-01 9.72836370E+18 1.82852855E+02 1.00000000E+05 2.59913787E+00 6.27963377E+02 2.50654103E-07 5.68547381E-32 1.40911696E-07 2.41323090E-40 2.41323090E-40 2.41323090E-40 2.41323090E-40 2.41606071E-40 5.09686653E-18 9.27666859E-06 4.27249364E-07 2.53367370E-26 4.17307241E-20 1.10154750E-07 4.30046007E-07 6.92122254E-01 3.53644087E-22 1.05091160E-18 1.00000000E-40 1.00000000E-40 1.00000000E-40 1.02351485E-34 1.41868133E-26 5.83727475E-20 2.88508528E-17 3.61765459E-25 2.16063442E-24 2.17085249E-21 2.88066161E-12 3.73449048E-14 6.96657804E-14 1.38194469E-02 2.96777120E-33 4.12280050E-32 1.21640316E-12 1.00000000E-40 1.00000000E-40 2.02515500E-33 3.24869551E-32 1.26218353E-13 6.07422929E-11 8.43157621E-18 2.63422972E-18 5.64099148E-14 4.62494829E-08 4.32564186E-16 6.43123382E-24 1.68129235E-26 1.94180808E-09 4.20644828E-36 9.39618656E-26 9.39319909E-30 4.50574788E-34 1.59458779E-39 1.57306303E-40 1.09684241E-31 4.34665814E-33 2.24549915E-15 1.50520099E-35 1.00000000E-40 1.03850672E-34 1.00000000E-40 1.00000000E-40 3.11065120E-12 3.93445706E-31 1.92789896E-28 1.00000000E-40 1.00000000E-40 1.22085095E-33 1.09707497E-35 8.96186583E-32 8.12851502E-39 2.06309543E-28 2.41624807E-20 4.22344384E-23 7.14990724E-35 7.73217000E-40 1.00000000E-05 1.00000000E-05 1.00000000E-05 1.00000000E-05 1.00000000E-05 1.00000000E-05 1.00000000E-05 1.00000000E-05 1.00000000E-05 1.00000000E-05
1.12533000E+01 2.19575000E-01 8.82159290E+18 1.80282095E+02 1.00000000E+05 2.93651944E+00 6.89888028E+02 5.94171776E-07 1.31848382E-31 1.54741546E-07 2.62645993E-40 2.62645993E-40 2.62645993E-40 2.62645993E-40 2.62962535E-40 3.70559400E-18 9.40401304E-06 2.97539191E-07 2.25402066E-25 5.27151544E-20 1.30085896E-07 4.74270534E-07 6.61672683E-01 2.12230645E-22 9.11403037E-19 1.00000000E-40 1.00000000E-40 1.00000000E-40 7.01264557E-35 1.34962835E-26 5.69532296E-20 2.85250375E-17 2.85756875E-25 1.76398380E-24 2.06944810E-21 3.41622998E-12 4.03278531E-14 9.69111059E-14 1.14818911E-02 2.93355581E-33 4.07487516E-32 1.19732638E-12 1.00000000E-40 1.00000000E-40 2.05305802E-33 3.20785589E-32 1.01081329E-13 5.90142030E-11 1.01500933E-17 3.08479382E-18 4.21908895E-14 4.68509287E-08 3.89497233E-16 3.56415972E-24 1.42423544E-26 1.98014445E-09 4.18799015E-36 8.91254749E-26 9.22642503E-30 4.09720761E-34 1.58994252E-39 1.57156863E-40 1.09451152E-31 4.17544043E-33 1.57023199E-15 1.51821260E-35 1.00000000E-40 1.00126868E-34 1.00000000E-40 1.00000000E-40 3.57774482E-12 1.68503815E-31 1.83325783E-28 1.00000000E-40 1.00000000E-40 1.15525548E-33 1.03801968E-35 9.35845884E-32 9.55041844E-39 1.96377542E-28 1.54654459E-19 4.12422996E-23 6.90910730E-35 1.65316000E-39 1.00000000E-05 1.00000000E-05 1.00000000E-05 1.00000000E-05 1.00000000E-05 1.00000000E-05 1.00000000E-05 1.00000000E-05 1.00000000E-05 1.00000000E-05
1.24379000E+01 1.96694000E-01 8.02236638E+18 1.77584615E+02 1.00000000E+05 3.28181092E+00 7.55807382E+02 1.39270421E-06 3.33928985E-31 1.69945459E-07 2.85552945E-40 2.85552945E-40 2.85552945E-40 2.85552945E-40 2.85906694E-40 2.61971557E-18 9.51168376E-06 2.02014870E-07 1.59581518E-24 6.75527727E-20 1.51507550E-07 5.21153599E-07 6.26036935E-01 1.23816850E-22 7.60029945E-19 1.00000000E-40 1.00000000E-40 1.00000000E-40 4.73215165E-35 1.28095606E-26 5.15167010E-20 2.80801705E-17 2.22333313E-25 1.42379427E-24 1.94874221E-21 4.01583532E-12 4.16281364E-14 1.20252132E-13 9.35756837E-03 2.89750112E-33 4.01166107E-32 1.17252153E-12 1.00000000E-40 1.00000000E-40 2.08248379E-33 3.15472784E-32 8.23546802E-14 5.68779465E-11 1.22106985E-17 3.70905259E-18 3.22678346E-14 4.73505362E-08 3.40020027E-16 1.81943389E-24 1.60803946E-26 2.01810453E-09 4.16079710E-36 8.43379660E-26 9.01718407E-30 3.67721265E-34 1.58195244E-39 1.56169422E-40 1.08979502E-31 3.99094282E-33 1.05351165E-15 1.52078178E-35 1.00000000E-40 9.58049714E-35 1.00000000E-40 1.00000000E-40 4.06918186E-12 6.81079524E-32 1.73470285E-28 1.00000000E-40 1.00000000E-40 1.08726276E-33 9.76167166E-36 9.80928808E-32 1.11216562E-38 1.85642415E-28 7.84068164E-19 4.01828716E-23 6.67845312E-35 3.64660000E-39 1.00000000E-05 1.00000000E-05 1.00000000E-05 1.00000000E-05 1.00000000E-05 1.00000000E-05 1.00000000E-05 1.00000000E-05 1.00000000E-05 1.00000000E-05
1.36224000E+01 1.76553000E-01 7.30724864E+18 1.74999954E+02 1.00000000E+05 3.63472435E+00 8.26778308E+02 3.24838299E-06 1.42534622E-30 1.86985618E-07 3.10563295E-40 3.10563295E-40 3.10563295E-40 3.10563295E-40 3.10958884E-40 1.84793597E-18 9.59785888E-06 1.34876412E-07 7.79097190E-24 8.85921270E-20 1.74402976E-07 5.70620091E-07 5.85073939E-01 7.24772123E-23 5.99890282E-19 1.00000000E-40 1.00000000E-40 1.00000000E-40 3.22284448E-35 1.21284896E-26 4.19606860E-20 2.75141443E-17 1.68739811E-25 1.12898985E-24 1.80824577E-21 4.68222347E-12 4.05091580E-14 1.26942867E-13 7.51514888E-03 2.85829235E-33 3.93272502E-32 1.14176855E-12 1.00000000E-40 1.00000000E-40 2.11362965E-33 3.08883491E-32 7.79927403E-14 5.43848123E-11 1.47235310E-17 5.24939288E-18 2.79597654E-14 4.77393265E-08 2.89486477E-16 8.41346213E-25 2.06560725E-26 2.05540130E-09 4.12462036E-36 7.96115155E-26 8.76387854E-30 3.24476191E-34 1.57049894E-39 1.54297983E-40 1.08260230E-31 3.79322304E-33 6.76016395E-16 1.51204563E-35 1.00000000E-40 9.08655018E-35 1.00000000E-40 1.00000000E-40 4.59643367E-12 2.64052946E-32 1.63077837E-28 1.00000000E-40 1.00000000E-40 1.01620046E-33 9.11464168E-36 1.03182472E-31 1.28496185E-38 1.74155590E-28 2.72229242E-18 3.90579370E-23 6.44663803E-35 7.93615000E-39 1.00000000E-05 1.00000000E-05 1.00000000E-05 1.00000000E-05 1.00000000E-05 1.00000000E-05 1.00000000E-05 1.00000000E-05 1.00000000E-05 1.00000000E-05
1.48070000E+01 1.58735000E-01 6.67880894E+18 1.72143407E+02 1.00000000E+05 3.98508698E+00 9.01746231E+02 7.48960257E-06 1.88577255E-29 2.05892534E-07 3.37398315E-40 3.37398315E-40 3.37398315E-40 3.37398315E-40 3.37840253E-40 1.22849971E-18 9.66376314E-06 8.66892530E-08 2.87316745E-23 1.17747397E-19 1.98784436E-07 6.22721252E-07 5.38888284E-01 3.95061762E-23 4.39897837E-19 1.00000000E-40 1.00000000E-40 1.00000000E-40 2.09239699E-35 1.14587759E-26 2.97701636E-20 2.68372068E-17 1.25199387E-25 8.82900299E-25 1.64829954E-21 5.41695367E-12 3.66152739E-14 1.12101581E-13 5.86951397E-03 2.81428036E-33 3.83912216E-32 1.10526244E-12 1.00000000E-40 1.00000000E-40 2.14733760E-33 3.01077436E-32 9.22642472E-14 5.15907812E-11 1.77838808E-17 9.13389498E-18 2.97508477E-14 4.80234974E-08 2.34836644E-16 3.30187575E-25 2.48933731E-26 2.09239870E-09 4.08055311E-36 7.49835455E-26 8.46805495E-30 2.80144990E-34 1.55597575E-39 1.51554574E-40 1.07319682E-31 3.58357909E-33 3.99695367E-16 1.49175014E-35 1.00000000E-40 8.53246770E-35 1.00000000E-40 1.00000000E-40 5.16566369E-12 9.21997081E-33 1.52106135E-28 1.00000000E-40 1.00000000E-40 9.42107176E-34 8.44157387E-36 1.08920173E-31 1.47432340E-38 1.62010767E-28 7.02540626E-18 3.78821127E-23 6.20828476E-35 1.68303000E-38 1.00000000E-05 1.00000000E-05 1.00000000E-05 1.00000000E-05 1.00000000E-05 1.00000000E-05 1.00000000E-05 1.00000000E-05 1.00000000E-05 1.00000000E-05
1.59916000E+01 1.42810000E-01 6.10340887E+18 1.69473919E+02 1.00000000E+05 4.34568013E+00 9.85028659E+02 1.73742204E-05 5.41079132E-28 2.28066920E-07 3.67719906E-40 3.67719906E-40 3.67719906E-40 3.67719906E-40 3.68215271E-40 8.24516835E-19 9.71788129E-06 5.46541771E-08 8.49892286E-23 1.62260171E-19 2.24846985E-07 6.78045681E-07 4.87920025E-01 2.17930713E-23 2.94839432E-19 1.00000000E-40 1.00000000E-40 1.00000000E-40 1.38690691E-35 1.08129569E-26 1.89290646E-20 2.60793821E-17 9.01171371E-26 6.73526216E-25 1.47029448E-21 6.22386264E-12 3.11961816E-14 8.57638683E-14 4.50711422E-03 2.76471008E-33 3.73470257E-32 1.06396255E-12 1.00000000E-40 1.00000000E-40 2.18609236E-33 2.92324214E-32 1.23276317E-13 4.85820469E-11 2.16862404E-17 2.06638108E-17 3.85867806E-14 4.82452312E-08 1.86238129E-16 1.18704227E-25 2.61156791E-26 2.13107319E-09 4.03260672E-36 7.05355326E-26 8.13706293E-30 2.35432501E-34 1.53989540E-39 1.48063859E-40 1.06261584E-31 3.36546839E-33 2.33048841E-16 1.46079706E-35 1.00000000E-40 7.92535154E-35 1.00000000E-40 1.00000000E-40 5.77422983E-12 3.16387475E-33 1.40628243E-28 1.00000000E-40 1.00000000E-40 8.65685833E-34 7.74958316E-36 1.15463171E-31 1.68215656E-38 1.49383365E-28 1.42958394E-17 3.66953577E-23 5.96410173E-35 3.20502000E-38 1.00000000E-05 1.00000000E-05 1.00000000E-05 1.00000000E-05 1.00000000E-05 1.00000000E-05 1.00000000E-05 1.00000000E-05 1.00000000E-05 1.00000000E-05
1.71761000E+01 1.28408000E-01 5.59113830E+18 1.66344545E+02 1.00000000E+05 4.70859527E+00 1.07720105E+03 4.64803191E-05 1.86936171E-26 2.54409410E-07 4.01558953E-40 4.01558953E-40 4.01558953E-40 4.01558953E-40 4.02115565E-40 5.04131347E-19 9.76928942E-06 3.24874452E-08 2.15176086E-22 2.29642105E-19 2.52869176E-07 7.37368299E-07 4.32493498E-01 1.06609528E-23 1.79312589E-19 1.00000000E-40 1.00000000E-40 1.00000000E-40 8.49185046E-36 1.02016735E-26 1.07956525E-20 2.52680305E-17 6.38279014E-26 5.04895014E-25 1.27525903E-21 7.10968896E-12 2.51291672E-14 6.08652249E-14 3.31975543E-03 2.70850804E-33 3.62319970E-32 1.01875535E-12 1.00000000E-40 1.00000000E-40 2.23259457E-33 2.82880414E-32 1.58951583E-13 4.54296330E-11 2.67819132E-17 4.78965107E-17 5.16653563E-14 4.84495040E-08 1.37962806E-16 3.76257460E-26 2.38799297E-26 2.17362481E-09 3.98480444E-36 6.63356845E-26 7.77765636E-30 1.91607267E-34 1.52378351E-39 1.43951769E-40 1.05190829E-31 3.14171009E-33 1.31463983E-16 1.42015052E-35 1.00000000E-40 7.27095036E-35 1.00000000E-40 1.00000000E-40 6.41865703E-12 1.05988606E-33 1.28710022E-28 1.00000000E-40 1.00000000E-40 7.87473568E-34 7.04361622E-36 1.22993893E-31 1.91018952E-38 1.36399077E-28 2.40776170E-17 3.55350813E-23 5.71623875E-35 5.67968000E-38 1.00000000E-05 1.00000000E-05 1.00000000E-05 1.00000000E-05 1.00000000E-05 1.00000000E-05 1.00000000E-05 1.00000000E-05 1.00000000E-05 1.00000000E-05
1.83607000E+01 1.15307000E-01 5.11134927E+18 1.63394274E+02 1.00000000E+05 5.10826292E+00 1.19110564E+03 2.78660078E-04 5.82335431E-25 2.89613189E-07 4.42736595E-40 4.42736595E-40 4.42736595E-40 4.42736595E-40 4.43368433E-40 3.15452742E-19 9.82389715E-06 1.87244474E-08 4.90322626E-22 3.45838501E-19 2.83152128E-07 8.01441883E-07 3.72574769E-01 5.29788446E-24 9.95079903E-20 1.00000000E-40 1.00000000E-40 1.00000000E-40 5.40269900E-36 9.62981246E-27 5.86667246E-21 2.44167757E-17 4.38935225E-26 3.64501381E-25 1.06309301E-21 8.08249042E-12 1.97158348E-14 4.37990422E-14 2.38573570E-03 2.64368048E-33 3.50664126E-32 9.69994634E-13 1.00000000E-40 1.00000000E-40 2.28901197E-33 2.72867944E-32 1.92447619E-13 4.21616314E-11 3.38608783E-17 1.15733080E-16 6.67885219E-14 4.86653488E-08 1.00203281E-16 1.19807020E-26 2.01024368E-26 2.22168789E-09 3.93962182E-36 6.24140072E-26 7.39249352E-30 1.50266305E-34 1.50858216E-39 1.39281121E-40 1.04172187E-31 2.91310500E-33 7.77612968E-17 1.37015742E-35 1.00000000E-40 6.56997648E-35 1.00000000E-40 1.00000000E-40 7.10163926E-12 4.53340356E-34 1.16335742E-28 1.00000000E-40 1.00000000E-40 7.07429145E-34 6.32322253E-36 1.31687434E-31 2.15874487E-38 1.23075819E-28 3.52704501E-17 3.44221114E-23 5.46481069E-35 9.44177000E-38 1.00000000E-05 1.00000000E-05 1.00000000E-05 1.00000000E-05 1.00000000E-05 1.00000000E-05 1.00000000E-05 1.00000000E-05 1.00000000E-05 1.00000000E-05
1.95452000E+01 1.03355000E-01 4.67908433E+18 1.59987973E+02 1.00000000E+05 5.56984486E+00 1.34666448E+03 5.28480318E-03 1.42342229E-23 3.43476773E-07 4.95411696E-40 4.95411696E-40 4.95411696E-40 4.95411696E-40 4.96140807E-40 1.82795283E-19 9.88323687E-06 1.00292604E-08 1.08436642E-21 5.52065800E-19 3.15938100E-07 8.70801898E-07 3.07836569E-01 2.33763853E-24 5.11003133E-20 1.00000000E-40 1.00000000E-40 1.00000000E-40 3.25448706E-36 9.09674999E-27 2.95385405E-21 2.35246871E-17 2.93619949E-26 2.53073945E-25 8.32817657E-22 9.15135996E-12 1.48862529E-14 3.69596493E-14 1.62745157E-03 2.56756373E-33 3.38511493E-32 9.17473341E-13 1.00000000E-40 1.00000000E-40 2.35666204E-33 2.62260390E-32 2.18786294E-13 3.87691649E-11 4.40222517E-17 2.66297865E-16 8.12605369E-14 4.88999829E-08 6.75271519E-17 3.46125000E-27 1.64754490E-26 2.27601912E-09 3.89764514E-36 5.87644250E-26 6.97994641E-30 1.13005913E-34 1.49451435E-39 1.34042894E-40 1.03220838E-31 2.67853164E-33 4.54766816E-17 1.31045343E-35 1.00000000E-40 5.81856794E-35 1.00000000E-40 1.00000000E-40 7.82724947E-12 2.85553976E-34 1.03416757E-28 1.00000000E-40 1.00000000E-40 6.24990731E-34 5.58318433E-36 1.41685316E-31 2.42488616E-38 1.09334000E-28 4.74034199E-17 3.33592542E-23 5.20782004E-35 1.48455000E-37 1.00000000E-05 1.00000000E-05 1.00000000E-05 1.00000000E-05 1.00000000E-05 1.00000000E-05 1.00000000E-05 1.00000000E-05 1.00000000E-05 1.00000000E-05
2.07298000E+01 9.24529000E-02 4.27435463E+18 1.56663096E+02 1.00000000E+05 6.20589718E+00 1.60002815E+03 1.43991888E-01 2.42867729E-22 4.42649778E-07 5.75827313E-40 5.75827313E-40 5.75827313E-40 5.75827313E-40 5.76704318E-40 1.15393891E-19 9.94764200E-06 5.11830328E-09 2.40048745E-21 9.79781727E-19 3.51469877E-07 9.45958498E-07 2.37943075E-01 1.08156721E-24 2.46328979E-20 1.00000000E-40 1.00000000E-40 1.00000000E-40 2.19443570E-36 8.60070184E-27 1.49561953E-21 2.25862097E-17 1.84095276E-26 1.62812028E-25 5.83246180E-22 1.03258383E-11 1.12598757E-14 4.84648183E-14 1.07026438E-03 2.47765809E-33 3.25808376E-32 8.60799690E-13 1.00000000E-40 1.00000000E-40 2.43674992E-33 2.50985120E-32 2.37462377E-13 3.52319559E-11 6.11717657E-17 6.31473061E-16 9.37177061E-14 4.91545434E-08 4.44329375E-17 9.90757169E-28 1.49652360E-26 2.33717858E-09 3.85895950E-36 5.53734396E-26 6.53698423E-30 8.12074656E-35 1.48161119E-39 1.28206529E-40 1.02338653E-31 2.43623829E-33 2.75243934E-17 1.24043265E-35 1.00000000E-40 5.01130272E-35 1.00000000E-40 1.00000000E-40 8.59309855E-12 3.06131782E-34 8.98399019E-29 1.00000000E-40 1.00000000E-40 5.39413792E-34 4.81663485E-36 1.53133260E-31 2.69980810E-38 9.50588650E-29 5.95583416E-17 3.23447195E-23 4.94279164E-35 2.24578000E-37 1.00000000E-05 1.00000000E-05 1.00000000E-05 1.00000000E-05 1.00000000E-05 1.00000000E-05 1.00000000E-05 1.00000000E-05 1.00000000E-05 1.00000000E-05
2.19144000E+01 8.25243000E-02 3.90539009E+18 1.53050287E+02 1.00000000E+05 7.21469697E+00 2.02340559E+03 6.48522301E-01 2.59254100E-21 6.26723545E-07 7.28970037E-40 7.28970037E-40 7.28970037E-40 7.28970037E-40 7.30124084E-40 8.82164307E-20 1.00147670E-05 2.42237134E-09 5.57735373E-21 1.92935193E-18 3.89931483E-07 1.02724155E-06 1.72404256E-01 5.67582809E-25 1.11856691E-20 1.00000000E-40 1.00000000E-40 1.00000000E-40 1.78908599E-36 8.13746229E-27 9.67266761E-22 2.15883704E-17 1.08368642E-26 9.74232164E-26 3.13447881E-22 1.16145585E-11 9.63265099E-15 1.06820588E-13 6.66098678E-04 2.37138718E-33 3.12392110E-32 7.99284587E-13 1.00000000E-40 1.00000000E-40 2.52999706E-33 2.38888635E-32 2.45475128E-13 3.15270844E-11 1.12715365E-16 1.48861303E-15 1.03083764E-13 4.94168192E-08 2.75153974E-17 2.58392542E-28 2.04724117E-26 2.40517493E-09 3.82258507E-36 5.22119914E-26 6.05830890E-30 5.56530265E-35 1.46949517E-39 1.21704753E-40 1.01499235E-31 2.18351381E-33 1.64880612E-17 1.15909396E-35 1.00000000E-40 4.14073727E-35 1.00000000E-40 1.00000000E-40 9.37453870E-12 6.10562553E-34 7.54557579E-29 1.00000000E-40 1.00000000E-40 4.49703408E-34 4.01446198E-36 1.66156288E-31 2.96246394E-38 8.00891608E-29 7.16911251E-17 3.13674304E-23 4.66601665E-35 3.29438000E-37 1.00000000E-05 1.00000000E-05 1.00000000E-05 1.00000000E-05 1.00000000E-05 1.00000000E-05 1.00000000E-05 1.00000000E-05 1.00000000E-05 1.00000000E-05
2.30989000E+01 7.35050000E-02 3.56354271E+18 1.49400355E+02 1.00000000E+05 8.94009768E+00 2.56790301E+03 1.68108008E+00 8.21844837E-21 8.79358118E-07 1.08290647E-39 1.08290647E-39 1.08290647E-39 1.08290647E-39 1.08467284E-39 1.35609141E-19 1.00820228E-05 1.07471919E-09 1.36088931E-20 4.99231052E-18 4.31488910E-07 1.11493788E-06 1.19588704E-01 5.64720743E-25 4.77871883E-21 1.00000000E-40 1.00000000E-40 1.00000000E-40 2.81515639E-36 7.70338368E-27 2.12111096E-21 2.05180149E-17 6.03082713E-27 5.47368914E-26 1.10663353E-22 1.30220489E-11 1.51835223E-14 2.98626639E-13 3.95068396E-04 2.24694537E-33 2.98090008E-32 7.32237527E-13 1.00000000E-40 1.00000000E-40 2.63717175E-33 2.25815494E-32 2.38346889E-13 2.76637662E-11 4.93456759E-16 3.60014019E-15 1.08071814E-13 4.96732951E-08 1.65289681E-17 6.41629759E-29 5.45554024E-26 2.47997296E-09 3.78751563E-36 4.92549475E-26 5.53861723E-30 3.65971861E-35 1.45777559E-39 1.14463906E-40 1.00675197E-31 1.91764498E-33 1.02087892E-17 1.06544650E-35 1.00000000E-40 3.19997316E-35 1.00000000E-40 1.00000000E-40 1.00888321E-11 3.43342867E-33 6.01195169E-29 1.00000000E-40 1.00000000E-40 3.54876843E-34 3.16766511E-36 1.80883734E-31 3.16429495E-38 6.42632395E-29 8.23236409E-17 3.04167756E-23 4.37396717E-35 4.73890000E-37 1.00000000E-05 1.00000000E-05 1.00000000E-05 1.00000000E-05 1.00000000E-05 1.00000000E-05 1.00000000E-05 1.00000000E-05 1.00000000E-05 1.00000000E-05
2.42835000E+01 6.53356000E-02 3.24664600E+18 1.45757753E+02 1.00000000E+05 1.11151779E+01 2.69663531E+03 3.42757384E+00 1.12114824E-20 9.58549997E-07 1.81337034E-39 1.81337034E-39 1.81337034E-39 1.81337034E-39 1.81630671E-39 7.84935516E-19 1.01468843E-05 4.50079658E-10 3.49626980E-20 6.48444616E-17 4.76336406E-07 1.20939390E-06 8.01204408E-02 1.99085382E-24 1.91749277E-21 1.00000000E-40 1.00000000E-40 1.21158172E-38 1.63143083E-35 7.29499047E-27 2.31206640E-20 1.93614045E-17 3.18740022E-27 2.90159110E-26 3.04032503E-23 1.45355442E-11 5.27441693E-14 8.46870843E-13 2.24026785E-04 2.10422535E-33 2.82703079E-32 6.58927181E-13 1.00000000E-40 1.00000000E-40 2.75924056E-33 2.11601820E-32 2.09537008E-13 2.37271718E-11 4.47901859E-15 9.05600855E-15 1.10847014E-13 4.99105202E-08 9.82533374E-18 1.56052264E-29 2.20978357E-25 2.56161081E-09 3.75276145E-36 4.64783577E-26 4.97228418E-30 2.36565671E-35 1.44606685E-39 1.06094569E-40 9.98394334E-32 1.63570203E-33 1.22791979E-17 9.58477402E-36 1.00000000E-40 2.18258047E-35 1.00000000E-40 1.00000000E-40 1.05188957E-11 3.59303228E-32 4.36830222E-29 1.00000000E-40 1.00000000E-40 2.53913717E-34 2.26689706E-36 1.97465453E-31 3.19592174E-38 4.74094384E-29 9.00023384E-17 2.94821357E-23 4.06302166E-35 6.72091000E-37 1.00000000E-05 1.00000000E-05 1.00000000E-05 1.00000000E-05 1.00000000E-05 1.00000000E-05 1.00000000E-05 1.00000000E-05 1.00000000E-05 1.00000000E-05
2.54680000E+01 5.79562000E-02 2.95765068E+18 1.41928541E+02 1.00000000E+05 1.11528655E+01 1.73429582E+03 4.82682207E+00 6.95402960E-21 5.92117632E-07 2.65952431E-39 2.65952431E-39 2.65952431E-39 2.65952431E-39 2.66357352E-39 1.99173461E-17 1.02056940E-05 1.73481314E-10 1.02030372E-19 2.67370788E-15 5.24582146E-07 1.31075253E-06 5.14483619E-02 2.84408674E-23 7.24465619E-22 1.00000000E-40 1.00000000E-40 2.90157916E-37 3.49069544E-34 6.90873645E-27 3.63976914E-19 1.81051125E-17 1.64856502E-27 1.44468357E-26 6.77638005E-24 1.60616297E-11 2.15066638E-13 2.18728214E-12 1.19574372E-04 1.94878564E-33 2.65956435E-32 5.78692648E-13 1.00000000E-40 1.00000000E-40 2.89665587E-33 1.96072409E-32 1.66367436E-13 1.99403802E-11 4.23879265E-14 2.94317852E-14 1.39488841E-13 5.01092490E-08 5.98481316E-18 3.84818113E-30 1.03676381E-24 2.64980266E-09 3.71698349E-36 4.38581260E-26 4.35423275E-30 1.60058630E-35 1.43384465E-39 1.00000000E-40 9.89546955E-32 1.33538876E-33 1.58939710E-16 8.37217698E-36 1.00000000E-40 1.09657911E-35 1.00000000E-40 1.00000000E-40 1.02484071E-11 3.33893320E-31 2.60978615E-29 1.00000000E-40 1.00000000E-40 1.46499536E-34 1.30906125E-36 2.16027864E-31 2.81963585E-38 2.94314978E-29 9.90763788E-17 2.85508258E-23 3.72907169E-35 9.41382000E-37 1.00000000E-05 1.00000000E-05 1.00000000E-05 1.00000000E-05 1.00000000E-05 1.00000000E-05 1.00000000E-05 1.00000000E-05 1.00000000E-05 1.00000000E-05
2.66526000E+01 5.13074000E-02 2.68784271E+18 1.38258829E+02 1.00000000E+05 6.67869237E+00 4.91229223E+02 3.65772232E+00 1.57984767E-21 1.52817624E-07 2.52505178E-39 2.52505178E-39 2.52505178E-39 2.52505178E-39 2.52841638E-39 2.89586990E-16 1.02569482E-05 6.24299224E-11 3.83516947E-19 3.53568731E-14 5.76445331E-07 1.41943166E-06 3.23179294E-02 2.20975794E-22 2.61208677E-22 1.00000000E-40 1.00000000E-40 1.48779655E-36 2.60317155E-33 6.54270917E-27 2.17657542E-18 1.67436558E-17 9.56568015E-28 6.81210653E-27 1.34664374E-24 1.72711998E-11 5.31341361E-13 4.76616769E-12 6.14891404E-05 1.80297470E-33 2.47492690E-32 4.92582304E-13 1.00000000E-40 1.00000000E-40 3.04616716E-33 1.79124735E-32 1.53950744E-13 1.66331194E-11 2.19359655E-13 1.61637755E-13 2.60628026E-13 5.02599790E-08 5.44000736E-18 2.04833829E-30 4.65653760E-24 2.74481149E-09 3.67960341E-36 4.13809571E-26 3.69247694E-30 1.14859549E-35 1.42087462E-39 1.00000000E-40 9.79947587E-32 1.02575417E-33 1.12007155E-15 7.01244791E-36 1.00000000E-40 2.22664344E-36 1.00000000E-40 2.31234628E-40 9.16222301E-12 1.29756029E-30 9.42730838E-30 1.00000000E-40 1.00000000E-40 4.77205251E-35 4.28045680E-37 2.36753582E-31 1.85412649E-38 1.20071924E-29 1.27595739E-16 2.76159405E-23 3.35993230E-35 1.30958000E-36 1.00000000E-05 1.00000000E-05 1.00000000E-05 1.00000000E-05 1.00000000E-05 1.00000000E-05 1.00000000E-05 1.00000000E-05 1.00000000E-05 1.00000000E-05
2.78372000E+01 4.53327000E-02 2.44189236E+18 1.34462688E+02 1.00000000E+05 1.72423457E+00 4.05299514E+01 1.24630433E+00 1.00621651E-22 1.34525850E-08 1.28195084E-39 1.28195084E-39 1.28195084E-39 1.28195084E-39 1.28325242E-39 1.79995849E-15 1.02971559E-05 1.78103081E-11 1.80598684E-18 1.39596255E-13 6.32033890E-07 1.53557465E-06 2.00350344E-02 6.97425405E-22 9.14255314E-23 1.00000000E-40 1.00000000E-40 3.28748747E-36 3.96809604E-33 6.19369370E-27 4.68948650E-18 1.46563249E-17 5.27756821E-28 2.83840005E-27 2.35336086E-25 1.75783545E-11 7.59798950E-13 8.51506039E-12 3.05239013E-05 1.68849386E-33 2.27177029E-32 4.06075485E-13 1.00000000E-40 1.00000000E-40 3.19407430E-33 1.60951901E-32 1.82468482E-13 1.40150111E-11 4.42845971E-13 1.87220936E-12 6.59552721E-13 5.03434703E-08 1.33225731E-17 6.62458154E-30 1.52189295E-23 2.84637987E-09 3.63936352E-36 3.90272921E-26 3.02945344E-30 7.10274123E-36 1.40665673E-39 1.00000000E-40 9.68952078E-32 7.40723510E-34 2.38487960E-15 5.53362913E-36 1.00000000E-40 1.79899387E-37 1.00000000E-40 8.66285135E-40 8.19048733E-12 1.18193107E-30 1.64408409E-30 1.00000000E-40 1.00000000E-40 7.35664368E-36 6.74516306E-38 2.59788238E-31 1.55194693E-38 2.70714047E-30 1.92232619E-16 2.66654084E-23 2.90109947E-35 1.81907000E-36 1.00000000E-05 1.00000000E-05 1.00000000E-05 1.00000000E-05 1.00000000E-05 1.00000000E-05 1.00000000E-05 1.00000000E-05 1.00000000E-05 1.00000000E-05
2.90217000E+01 3.99771000E-02 2.18970553E+18 1.32233742E+02 1.00000000E+05 1.79811121E-01 8.48927351E-01 2.38586474E-01 3.56767496E-24 1.27806989E-09 4.68171584E-40 4.68171584E-40 4.68171584E-40 4.68171584E-40 4.68443054E-40 5.35197071E-15 1.03383932E-05 3.41425018E-12 5.97375451E-18 2.76568664E-13 6.92748846E-07 1.66234013E-06 1.44089887E-02 1.24378707E-21 3.17008454E-23 1.00000000E-40 1.00000000E-40 4.49015736E-36 1.60483468E-33 5.86608815E-27 7.07909258E-18 1.24502625E-17 3.01649330E-28 1.22889152E-27 5.72023376E-26 1.68702256E-11 8.80310385E-13 1.31707331E-11 1.82253917E-05 1.59482083E-33 2.05772432E-32 3.26209971E-13 1.00000000E-40 1.00000000E-40 3.33274633E-33 1.42366094E-32 2.07824043E-13 1.19837427E-11 5.31588951E-13 1.78243883E-11 4.17986126E-13 5.04147267E-08 4.05696482E-17 3.13697969E-29 3.15390465E-23 2.95913033E-09 3.60013962E-36 3.68236348E-26 2.41958673E-30 4.24790181E-36 1.39268251E-39 1.00000000E-40 9.57295420E-32 5.10954947E-34 2.86785114E-15 4.06737852E-36 1.00000000E-40 1.74626109E-38 1.00000000E-40 1.45510747E-39 7.86699629E-12 4.15440706E-31 1.80192098E-31 1.00000000E-40 1.00000000E-40 7.28542733E-37 8.29336608E-39 2.85826240E-31 1.90672724E-38 4.11222173E-31 2.55365533E-16 2.57221719E-23 2.37529697E-35 2.52127000E-36 1.00000000E-05 1.00000000E-05 1.00000000E-05 1.00000000E-05 1.00000000E-05 1.00000000E-05 1.00000000E-05 1.00000000E-05 1.00000000E-05 1.00000000E-05
3.02063000E+01 3.51832000E-02 1.94325679E+18 1.31135978E+02 1.00000000E+05 9.19314754E-03 6.26545771E-03 4.43350502E-02 2.71658741E-25 4.32793601E-10 2.14751839E-40 2.14751839E-40 2.14751839E-40 2.14751839E-40 2.14801113E-40 1.08612239E-14 1.03971606E-05 8.50437325E-13 1.27898815E-17 4.43768926E-13 7.60930948E-07 1.80493799E-06 1.23187485E-02 1.83516381E-21 1.12083622E-23 1.00000000E-40 1.00000000E-40 4.90484932E-36 4.49558343E-34 5.56458116E-27 9.91402918E-18 1.08755688E-17 2.10712181E-28 6.43368031E-28 2.29381242E-26 1.54165432E-11 9.60837945E-13 1.89179099E-11 1.37771320E-05 1.50748116E-33 1.83884852E-32 2.56569343E-13 1.00000000E-40 1.00000000E-40 3.46604783E-33 1.23950907E-32 2.26160838E-13 1.03607852E-11 5.91316872E-13 4.27239665E-11 8.29180559E-14 5.05508335E-08 9.41260704E-17 9.85229696E-29 5.03678295E-23 3.09020745E-09 3.56700753E-36 3.47946910E-26 1.88988079E-30 2.73970632E-36 1.38092282E-39 1.00000000E-40 9.46202426E-32 3.41385089E-34 3.24547655E-15 2.78051136E-36 1.00000000E-40 8.82442284E-39 1.00000000E-40 1.88467856E-39 8.00605686E-12 9.16295265E-32 2.26351996E-32 1.00000000E-40 1.00000000E-40 5.42799865E-38 2.57654754E-39 3.15983458E-31 2.02111464E-38 4.83011250E-32 3.05137723E-16 2.48132330E-23 1.91431409E-35 3.50082000E-36 1.00000000E-05 1.00000000E-05 1.00000000E-05 1.00000000E-05 1.00000000E-05 1.00000000E-05 1.00000000E-05 1.00000000E-05 1.00000000E-05 1.00000000E-05
3.13908000E+01 3.08843000E-02 1.71795585E+18 1.30209443E+02 1.00000000E+05 2.58389747E-04 6.02938273E-05 1.16424808E-02 5.14005680E-26 3.07448211E-10 1.41066601E-40 1.41066601E-40 1.41066601E-40 1.41066601E-40 1.41076171E-40 1.86821396E-14 1.04867795E-05 3.11158354E-13 2.24167134E-17 6.73215931E-13 8.38975259E-07 1.96863092E-06 1.14313943E-02 2.48458375E-21 4.44185028E-24 1.00000000E-40 1.00000000E-40 4.87521375E-36 3.85994904E-34 5.29241128E-27 1.36517095E-17 9.75583676E-18 1.69382230E-28 3.81569894E-28 1.24834680E-26 1.34738819E-11 1.01371668E-12 2.62883944E-11 1.17284767E-05 1.41614376E-33 1.61930802E-32 1.98198789E-13 1.00000000E-40 1.00000000E-40 3.60248906E-33 1.06070052E-32 2.41336831E-13 9.03228933E-12 6.70721738E-13 6.73789345E-11 1.87999577E-14 5.08153090E-08 1.91313948E-16 2.52440640E-28 7.31671597E-23 3.24649416E-09 3.54409669E-36 3.29576896E-26 1.44760036E-30 1.97090510E-36 1.37298055E-39 1.00000000E-40 9.36734849E-32 2.24083758E-34 3.76044001E-15 1.76891642E-36 1.00000000E-40 7.05251204E-39 1.00000000E-40 2.21238720E-39 8.37491661E-12 1.70291157E-32 1.12766150E-32 1.00000000E-40 1.00000000E-40 3.58150198E-39 2.38915204E-39 3.51440384E-31 1.86427640E-38 6.17915091E-33 3.56588558E-16 2.39583003E-23 1.58024806E-35 4.91033000E-36 1.00000000E-05 1.00000000E-05 1.00000000E-05 1.00000000E-05 1.00000000E-05 1.00000000E-05 1.00000000E-05 1.00000000E-05 1.00000000E-05 1.00000000E-05
3.25754000E+01 2.69872000E-02 1.51067927E+18 1.29390466E+02 1.00000000E+05 4.32604654E-06 7.89700814E-06 4.31866784E-03 1.65938799E-26 2.74173786E-10 1.15870445E-40 1.15870445E-40 1.15870445E-40 1.15870445E-40 1.15872351E-40 2.97847840E-14 1.06318219E-05 1.73908405E-13 3.61495542E-17 1.01080035E-12 9.30589382E-07 2.16164410E-06 1.10592613E-02 3.23954629E-21 2.48100618E-24 1.00000000E-40 1.00000000E-40 4.57835324E-36 5.61849989E-34 5.05790629E-27 1.89039658E-17 8.83030742E-18 1.47255762E-28 2.37481767E-28 8.07370542E-27 1.12572593E-11 1.03630439E-12 3.60896972E-11 1.06046424E-05 1.31552555E-33 1.40389296E-32 1.50994795E-13 1.00000000E-40 1.00000000E-40 3.75648743E-33 8.90904477E-33 2.54787238E-13 7.91602458E-12 7.81939125E-13 9.09415547E-11 7.79503834E-15 5.13240188E-08 3.76794022E-16 6.15275404E-28 1.03905474E-22 3.43915483E-09 3.53913703E-36 3.13620164E-26 1.09112052E-30 1.57108452E-36 1.37184871E-39 1.00000000E-40 9.30902618E-32 1.47848887E-34 4.48341930E-15 1.04862347E-36 1.00000000E-40 5.45420917E-39 1.00000000E-40 2.46619924E-39 8.83969902E-12 5.07247132E-33 1.06383372E-32 1.00000000E-40 1.00000000E-40 4.98571297E-40 2.54466204E-39 3.93983517E-31 1.58074536E-38 2.39918836E-33 4.16611443E-16 2.31988253E-23 1.36931274E-35 7.03856000E-36 1.00000000E-05 1.00000000E-05 1.00000000E-05 1.00000000E-05 1.00000000E-05 1.00000000E-05 1.00000000E-05 1.00000000E-05 1.00000000E-05 1.00000000E-05
3.37600000E+01 2.33997000E-02 1.31732748E+18 1.28656951E+02 1.00000000E+05 4.71115667E-08 3.56698422E-06 1.96242289E-03 7.26175926E-27 2.62320453E-10 1.05872941E-40 1.05872941E-40 1.05872941E-40 1.05872941E-40 1.05873301E-40 4.57709275E-14 1.08702906E-05 1.41338379E-13 5.63520442E-17 1.53932687E-12 1.04178820E-06 2.39727674E-06 1.10003822E-02 4.16160432E-21 2.27779620E-24 1.00000000E-40 1.00000000E-40 4.13529388E-36 7.82072241E-34 4.87307254E-27 2.66629440E-17 7.93522596E-18 1.33774202E-28 1.47425522E-28 5.77830265E-27 8.94255743E-12 1.02332624E-12 4.96082137E-11 9.95450443E-06 1.20322885E-33 1.19686126E-32 1.14012817E-13 1.00000000E-40 1.00000000E-40 3.94846138E-33 7.32991762E-33 2.66661484E-13 6.94958692E-12 9.43578435E-13 1.14453636E-10 6.28200390E-15 5.22543713E-08 7.56197134E-16 1.55066382E-27 1.50079345E-22 3.68588396E-09 3.56375770E-36 3.00786916E-26 8.12417297E-31 1.34467072E-36 1.38203238E-39 1.00000000E-40 9.31660460E-32 1.01513434E-34 5.54382075E-15 5.79876810E-37 1.00000000E-40 3.98283789E-39 1.00000000E-40 2.67724931E-39 9.32431653E-12 3.59365832E-33 1.03772120E-32 1.00000000E-40 1.00000000E-40 2.48107354E-40 2.65303725E-39 4.46479190E-31 1.25618216E-38 1.94624186E-33 4.90910330E-16 2.25934634E-23 1.25199387E-35 1.05387000E-35 1.00000000E-05 1.00000000E-05 1.00000000E-05 1.00000000E-05 1.00000000E-05 1.00000000E-05 1.00000000E-05 1.00000000E-05 1.00000000E-05 1.00000000E-05
3.49445000E+01 2.01308000E-02 1.13951538E+18 1.27955089E+02 1.00000000E+05 9.18147093E-10 2.30518709E-06 1.06897889E-03 3.90221329E-27 2.58386629E-10 1.01552594E-40 1.01552594E-40 1.01552594E-40 1.01552594E-40 1.01552650E-40 6.92063061E-14 1.12097485E-05 1.40315350E-13 8.71494364E-17 2.41946158E-12 1.17714649E-06 2.68517586E-06 1.11376355E-02 5.31597518E-21 2.87173966E-24 1.00000000E-40 1.00000000E-40 3.62578160E-36 1.00177646E-33 4.73368285E-27 3.84681398E-17 6.93479497E-18 1.23181422E-28 8.71071977E-29 4.36571850E-27 6.64589005E-12 9.65175919E-13 6.87075699E-11 9.55541168E-06 1.07389387E-33 9.97165775E-33 8.54972999E-14 1.00000000E-40 1.00000000E-40 4.18856648E-33 5.86298041E-33 2.75620962E-13 6.06604547E-12 1.18893873E-12 1.39376345E-10 7.28260582E-15 5.36337633E-08 1.60206800E-15 4.32091591E-27 2.27101320E-22 3.99698482E-09 3.61902681E-36 2.90772490E-26 5.97572754E-31 1.18990594E-36 1.40393779E-39 1.00000000E-40 9.39074847E-32 7.54721776E-35 7.16987478E-15 2.98074454E-37 1.00000000E-40 2.71150577E-39 1.00000000E-40 2.86288663E-39 9.72177887E-12 3.14051719E-33 1.00016857E-32 1.00000000E-40 1.00000000E-40 1.62995235E-40 2.67569770E-39 5.11325280E-31 9.34544901E-39 1.59538878E-33 5.85814424E-16 2.21242958E-23 1.19522532E-35 1.66279000E-35 1.00000000E-05 1.00000000E-05 1.00000000E-05 1.00000000E-05 1.00000000E-05 1.00000000E-05 1.00000000E-05 1.00000000E-05 1.00000000E-05 1.00000000E-05
3.61291000E+01 1.72508000E-02 9.81488169E+17 1.27303660E+02 1.00000000E+05 2.12577753E-10 1.59728761E-06 5.41559088E-04 2.30324773E-27 2.58954874E-10 1.00000000E-40 1.00000000E-40 1.00000000E-40 1.00000000E-40 1.00000000E-40 1.03685025E-13 1.16144012E-05 1.50556842E-13 1.35339688E-16 3.97875957E-12 1.33718990E-06 3.02564637E-06 1.14213759E-02 6.79847287E-21 4.10701356E-24 1.00000000E-40 1.00000000E-40 3.08647689E-36 1.16280441E-33 4.61831746E-27 5.67201308E-17 5.72940213E-18 1.11557048E-28 4.68215105E-29 3.42655909E-27 4.47172318E-12 8.53492644E-13 9.58979111E-11 9.32597664E-06 9.20705968E-34 8.01384889E-33 6.35840188E-14 1.00000000E-40 1.00000000E-40 4.47011573E-33 4.49034350E-33 2.79325283E-13 5.20468345E-12 1.58274730E-12 1.67072635E-10 9.54037293E-15 5.52807006E-08 3.72233479E-15 1.44412066E-26 3.71547321E-22 4.36844939E-09 3.69209811E-36 2.82221216E-26 4.32109746E-31 1.05403110E-36 1.43255999E-39 1.00000000E-40 9.49530903E-32 6.26350338E-35 9.81680980E-15 1.41250690E-37 1.00000000E-40 1.68425352E-39 1.00000000E-40 3.03405906E-39 9.84874603E-12 2.46900622E-33 9.47132324E-33 1.00000000E-40 1.00000000E-40 1.08830155E-40 2.58799796E-39 5.89274466E-31 6.40050629E-39 1.15913934E-33 7.13990622E-16 2.16880608E-23 1.17386993E-35 2.72334000E-35 1.00000000E-05 1.00000000E-05 1.00000000E-05 1.00000000E-05 1.00000000E-05 1.00000000E-05 1.00000000E-05 1.00000000E-05 1.00000000E-05 1.00000000E-05
3.73136000E+01 1.47764000E-02 8.44652392E+17 1.26708964E+02 1.00000000E+05 1.60038311E-10 1.09066539E-06 1.64736638E-04 1.42079520E-27 2.62587677E-10 1.00000000E-40 1.00000000E-40 1.00000000E-40 1.00000000E-40 1.00000000E-40 1.55815773E-13 1.20491312E-05 1.67635903E-13 2.14729519E-16 6.95757758E-12 1.52174500E-06 3.41756110E-06 1.18168737E-02 8.81176736E-21 6.33849864E-24 1.00000000E-40 1.00000000E-40 2.55094633E-36 1.20511138E-33 4.50989052E-27 8.52930275E-17 4.32004970E-18 9.57779482E-29 2.21193995E-29 2.77744740E-27 2.56312461E-12 6.93449069E-13 1.34761466E-10 9.22617373E-06 7.43261148E-34 6.10642920E-33 4.68974577E-14 1.00000000E-40 1.00000000E-40 4.78458319E-33 3.22520792E-33 2.76334403E-13 4.34751024E-12 2.26009470E-12 1.99188927E-10 1.31407104E-14 5.70189840E-08 1.02266838E-14 6.61036128E-26 6.82845423E-22 4.79521316E-09 3.77106706E-36 2.74062948E-26 3.05295304E-31 9.14929516E-37 1.46324403E-39 1.00000000E-40 9.59683449E-32 5.86303019E-35 1.44528741E-14 6.10598400E-38 1.00000000E-40 9.31381230E-40 1.00000000E-40 3.19641154E-39 9.49237452E-12 1.62521705E-33 8.77812332E-33 1.00000000E-40 1.00000000E-40 1.00000000E-40 2.38551012E-39 6.80800151E-31 3.95614641E-39 7.15459657E-34 9.04047760E-16 2.11965001E-23 1.17403114E-35 4.60157000E-35 1.00000000E-05 1.00000000E-05 1.00000000E-05 1.00000000E-05 1.00000000E-05 1.00000000E-05 1.00000000E-05 1.00000000E-05 1.00000000E-05 1.00000000E-05
3.84982000E+01 1.26692000E-02 7.27312999E+17 1.26166646E+02 1.00000000E+05 1.54709707E-10 7.24325555E-07 7.23967375E-08 9.06223730E-28 2.67824220E-10 1.00000000E-40 1.00000000E-40 1.00000000E-40 1.00000000E-40 1.00000000E-40 2.41861824E-13 1.24994235E-05 1.93055964E-13 3.57849659E-16 1.31913772E-11 1.73243285E-06 3.86396558E-06 1.22691027E-02 1.18734641E-20 1.06970043E-23 1.00000000E-40 1.00000000E-40 2.05233912E-36 1.12111772E-33 4.40212273E-27 1.30449133E-16 2.84934588E-18 7.41898864E-29 9.66912812E-30 2.31511214E-27 1.09030968E-12 5.08754509E-13 1.90499078E-10 9.23139434E-06 5.50740924E-34 4.31298103E-33 3.44434084E-14 1.00000000E-40 1.00000000E-40 5.12937327E-33 2.11138658E-33 2.67538288E-13 3.51488850E-12 3.51449146E-12 2.37952517E-10 1.90883116E-14 5.87719165E-08 3.83890545E-14 4.71577992E-25 1.45503372E-21 5.27896992E-09 3.85107719E-36 2.65899992E-26 2.09292713E-31 7.67521654E-37 1.49405932E-39 1.00000000E-40 9.68019854E-32 6.14432206E-35 2.32340210E-14 2.37335136E-38 1.00000000E-40 4.48615638E-40 1.00000000E-40 3.35389002E-39 8.48190804E-12 8.72975869E-34 7.95416206E-33 1.00000000E-40 1.00000000E-40 1.00000000E-40 2.11084720E-39 7.87185817E-31 2.15708240E-39 3.66754558E-34 1.21715307E-15 2.06094790E-23 1.19221945E-35 8.18591000E-35 1.00000000E-05 1.00000000E-05 1.00000000E-05 1.00000000E-05 1.00000000E-05 1.00000000E-05 1.00000000E-05 1.00000000E-05 1.00000000E-05 1.00000000E-05
3.96828000E+01 1.08748000E-02 6.26813831E+17 1.25660686E+02 1.00000000E+05 1.55934905E-10 4.82132954E-07 1.61050524E-11 6.02465289E-28 2.73357920E-10 1.00000000E-40 1.00000000E-40 1.00000000E-40 1.00000000E-40 1.00000000E-40 4.00097245E-13 1.29642778E-05 2.30648997E-13 6.40051830E-16 2.76631551E-11 1.97263120E-06 4.37184634E-06 1.27402031E-02 1.70968865E-20 1.98682306E-23 1.00000000E-40 1.00000000E-40 1.61748556E-36 9.51651888E-34 4.29459083E-27 2.01628777E-16 1.54141932E-18 4.81511782E-29 5.53089962E-30 1.97182872E-27 2.63420749E-13 3.28033634E-13 2.70165722E-10 9.31594340E-06 3.61223470E-34 2.72996067E-33 2.54075936E-14 1.00000000E-40 1.00000000E-40 5.50559431E-33 1.20601826E-33 2.52821361E-13 2.73415801E-12 6.03971747E-12 2.85799383E-10 2.96505153E-14 6.05265349E-08 1.67946115E-13 4.06920361E-24 3.59011741E-21 5.82696014E-09 3.93165316E-36 2.57692961E-26 1.37753669E-31 6.12224238E-37 1.52476759E-39 1.00000000E-40 9.74124276E-32 7.07907360E-35 4.14629605E-14 8.19022984E-39 1.00000000E-40 1.81704689E-40 1.00000000E-40 3.50829273E-39 6.73926996E-12 3.80141566E-34 7.00188069E-33 1.00000000E-40 1.00000000E-40 1.00000000E-40 1.80782209E-39 9.10553291E-31 9.93078305E-40 1.54795396E-34 1.77141994E-15 1.99137593E-23 1.23312751E-35 1.58614000E-34 1.00000000E-05 1.00000000E-05 1.00000000E-05 1.00000000E-05 1.00000000E-05 1.00000000E-05 1.00000000E-05 1.00000000E-05 1.00000000E-05 1.00000000E-05
4.08673000E+01 9.34378000E-03 5.40611266E+17 1.25185558E+02 1.00000000E+05 1.58411213E-10 3.12685467E-07 1.67127902E-15 4.12860116E-28 2.78959191E-10 1.00000000E-40 1.00000000E-40 1.00000000E-40 1.00000000E-40 1.00000000E-40 7.09676647E-13 1.34464609E-05 2.83337153E-13 1.20658397E-15 6.39207749E-11 2.24670863E-06 4.95033569E-06 1.32300266E-02 2.64549258E-20 3.92471328E-23 1.00000000E-40 1.00000000E-40 1.25735681E-36 6.93947455E-34 4.18819675E-27 3.11898120E-16 6.50538717E-19 2.48091707E-29 5.93522629E-30 1.71010837E-27 4.42623229E-14 1.82861784E-13 3.82513936E-10 9.46970637E-06 1.98888587E-34 1.47080129E-33 1.90939951E-14 1.00000000E-40 1.00000000E-40 5.91415469E-33 5.61914896E-34 2.29094880E-13 2.02604774E-12 1.14056310E-11 3.44071078E-10 4.82186454E-14 6.22868295E-08 3.74610534E-13 1.98134719E-23 9.68634780E-21 6.44876836E-09 4.01346740E-36 2.49480746E-26 8.55266521E-32 4.52445805E-37 1.55556886E-39 1.00000000E-40 9.77835923E-32 8.69215704E-35 8.17670418E-14 2.57003989E-39 1.00000000E-40 1.00000000E-40 1.00000000E-40 3.66269047E-39 4.52069532E-12 1.28695841E-34 5.86936230E-33 1.00000000E-40 1.00000000E-40 1.00000000E-40 1.50861912E-39 1.05355331E-30 3.55746700E-40 5.08679040E-35 2.73185719E-15 1.91032709E-23 1.30954958E-35 3.39779000E-34 1.00000000E-05 1.00000000E-05 1.00000000E-05 1.00000000E-05 1.00000000E-05 1.00000000E-05 1.00000000E-05 1.00000000E-05 1.00000000E-05 1.00000000E-05
4.20519000E+01 8.03497000E-03 4.66528733E+17 1.24744837E+02 1.00000000E+05 1.61424469E-10 1.77609223E-07 7.78954034E-20 2.85980257E-28 2.84417894E-10 1.00000000E-40 1.00000000E-40 1.00000000E-40 1.00000000E-40 1.00000000E-40 1.26765039E-12 1.39493870E-05 3.45741481E-13 2.19545067E-15 1.54786740E-10 2.55979574E-06 5.61017800E-06 1.37419817E-02 4.13135999E-20 7.65712552E-23 1.00000000E-40 1.00000000E-40 9.53644890E-37 4.08022392E-34 4.08387304E-27 4.80234658E-16 2.20235174E-19 1.07037931E-29 8.18488212E-30 1.51003516E-27 8.39502725E-15 8.90780027E-14 5.38701083E-10 9.69656252E-06 8.58909231E-35 6.29280222E-34 1.49302587E-14 1.00000000E-40 1.00000000E-40 6.35451516E-33 1.95256132E-34 1.90864671E-13 1.41375494E-12 2.25111537E-11 4.10749462E-10 7.57671293E-14 6.40591550E-08 4.51857573E-13 5.21855300E-23 2.55095862E-20 7.15495684E-09 4.09733501E-36 2.41303424E-26 4.88025232E-32 3.04805144E-37 1.58671134E-39 1.00000000E-40 9.79011509E-32 1.08185050E-34 1.69393357E-13 8.36225179E-40 1.00000000E-40 1.00000000E-40 1.00000000E-40 3.82271869E-39 2.49639173E-12 3.46406720E-35 4.51130051E-33 1.00000000E-40 1.00000000E-40 1.00000000E-40 1.20900040E-39 1.21927727E-30 1.00000000E-40 1.28455008E-35 4.08320924E-15 1.81751510E-23 1.44533650E-35 7.82970000E-34 1.00000000E-05 1.00000000E-05 1.00000000E-05 1.00000000E-05 1.00000000E-05 1.00000000E-05 1.00000000E-05 1.00000000E-05 1.00000000E-05 1.00000000E-05
4.32364000E+01 6.91339000E-03 4.02732231E+17 1.24334424E+02 1.00000000E+05 1.64906414E-10 8.42681003E-08 1.48691042E-24 2.01767518E-28 2.89576422E-10 1.00000000E-40 1.00000000E-40 1.00000000E-40 1.00000000E-40 1.00000000E-40 2.07298107E-12 1.44783614E-05 4.03112254E-13 3.49227054E-15 3.56387060E-10 2.91821377E-06 6.36463843E-06 1.42814731E-02 5.91750052E-20 1.39669079E-22 1.00000000E-40 1.00000000E-40 6.61712930E-37 2.05588920E-34 3.98284774E-27 7.38416941E-16 7.18370090E-20 4.98959056E-30 1.05727794E-29 1.35519443E-27 2.24222372E-15 4.14294630E-14 7.57832743E-10 9.98967077E-06 2.75023226E-35 2.01135092E-34 1.24768491E-14 1.00000000E-40 1.00000000E-40 6.82731017E-33 4.70636407E-35 1.45513289E-13 9.35866980E-13 4.22384211E-11 4.80149346E-10 1.05912243E-13 6.58570541E-08 4.24011753E-13 9.44997594E-23 5.79624043E-20 7.95821196E-09 4.18455894E-36 2.33219265E-26 2.48850758E-32 2.01378025E-37 1.61862600E-39 1.00000000E-40 9.77605345E-32 1.30321197E-34 3.34606560E-13 3.37266720E-40 1.00000000E-40 1.00000000E-40 1.00000000E-40 3.99116641E-39 1.24871515E-12 9.48165141E-36 3.16461466E-33 1.00000000E-40 1.00000000E-40 1.00000000E-40 9.32473325E-40 1.41147030E-30 1.00000000E-40 2.92036356E-36 5.34405506E-15 1.71315732E-23 1.66857913E-35 1.84656000E-33 1.00000000E-05 1.00000000E-05 1.00000000E-05 1.00000000E-05 1.00000000E-05 1.00000000E-05 1.00000000E-05 1.00000000E-05 1.00000000E-05 1.00000000E-05
4.44210000E+01 5.94987000E-03 3.47695698E+17 1.23943820E+02 1.00000000E+05 1.68888982E-10 5.48762647E-08 1.11341454E-29 1.47457459E-28 2.94592459E-10 1.00000000E-40 1.00000000E-40 1.00000000E-40 1.00000000E-40 1.00000000E-40 3.35425170E-12 1.50399130E-05 4.66541893E-13 5.31088034E-15 7.14449746E-10 3.32962649E-06 7.22975412E-06 1.48551486E-02 8.39839097E-20 2.55869529E-22 1.00000000E-40 1.00000000E-40 3.84482688E-37 1.25222965E-34 3.88638078E-27 1.14604776E-15 3.34137601E-20 3.62354247E-30 1.33980683E-29 1.23133699E-27 9.53352574E-16 2.43554285E-14 1.07773686E-09 1.03156613E-05 6.52430244E-36 4.77624937E-35 1.14237053E-14 1.00000000E-40 1.00000000E-40 7.33892091E-33 7.88822649E-36 1.21671300E-13 6.15050350E-13 6.92647093E-11 5.49288518E-10 1.41946499E-13 6.76975186E-08 4.06738524E-13 1.51817484E-22 1.13361639E-19 8.87391320E-09 4.27671006E-36 2.25283459E-26 1.11719607E-32 1.57196753E-37 1.65184226E-39 1.00000000E-40 9.73505851E-32 1.56051355E-34 5.76471055E-13 1.53726248E-40 1.00000000E-40 1.00000000E-40 1.00000000E-40 4.16748266E-39 7.64745981E-13 4.26237640E-36 2.37999684E-33 1.00000000E-40 1.00000000E-40 1.00000000E-40 8.17895654E-40 1.63461671E-30 1.00000000E-40 9.19946549E-37 6.67356617E-15 1.59737594E-23 1.94274827E-35 4.29370000E-33 1.00000000E-05 1.00000000E-05 1.00000000E-05 1.00000000E-05 1.00000000E-05 1.00000000E-05 1.00000000E-05 1.00000000E-05 1.00000000E-05 1.00000000E-05
4.56056000E+01 5.12087000E-03 3.00159984E+17 1.23568471E+02 1.00000000E+05 1.73401341E-10 5.54225163E-08 3.05660300E-35 1.10386405E-28 2.99513741E-10 1.00000000E-40 1.00000000E-40 1.00000000E-40 1.00000000E-40 1.00000000E-40 5.71698193E-12 1.56395734E-05 5.54438822E-13 8.34030895E-15 1.26838423E-09 3.80282612E-06 8.22385692E-06 1.54687294E-02 1.25709366E-19 4.93379153E-22 1.00000000E-40 1.00000000E-40 1.83994347E-37 1.03563673E-34 3.79516514E-27 1.79880797E-15 2.36767879E-20 3.80856794E-30 1.76510851E-29 1.13028217E-27 6.73942781E-16 1.92898913E-14 1.55329283E-09 1.06598883E-05 1.18145472E-36 8.66317573E-36 1.15727508E-14 1.00000000E-40 1.00000000E-40 7.90029902E-33 5.70792661E-37 1.19277203E-13 4.21945517E-13 1.00744203E-10 6.17672831E-10 1.95652962E-13 6.95906281E-08 4.43319369E-13 2.52821086E-22 2.02670766E-19 9.91928069E-09 4.37497426E-36 2.17512993E-26 4.40519160E-33 1.70324584E-37 1.68673273E-39 1.00000000E-40 9.66398112E-32 1.92718008E-34 8.78617991E-13 1.00000000E-40 1.00000000E-40 1.00000000E-40 1.00000000E-40 4.35742382E-39 6.21827404E-13 3.14831576E-36 2.04677219E-33 1.00000000E-40 1.00000000E-40 1.00000000E-40 8.55354892E-40 1.89385112E-30 1.00000000E-40 4.44387174E-37 8.58021671E-15 1.47019110E-23 2.21307159E-35 9.74631000E-33 1.00000000E-05 1.00000000E-05 1.00000000E-05 1.00000000E-05 1.00000000E-05 1.00000000E-05 1.00000000E-05 1.00000000E-05 1.00000000E-05 1.00000000E-05
4.67901000E+01 4.40660000E-03 2.59032346E+17 1.23215785E+02 1.00000000E+05 1.78507124E-10 5.72461362E-08 4.23928184E-40 8.17867399E-29 3.04112502E-10 1.00000000E-40 1.00000000E-40 1.00000000E-40 1.00000000E-40 1.00000000E-40 9.94482208E-12 1.62839494E-05 6.70850612E-13 1.32164567E-14 2.08804403E-09 4.34840912E-06 9.36906844E-06 1.61290127E-02 1.92332496E-19 9.71406232E-22 1.00000000E-40 1.00000000E-40 7.47887460E-38 1.01769110E-34 3.70990760E-27 2.83053302E-15 2.15428487E-20 4.66228872E-30 2.34011486E-29 1.05002353E-27 6.69334473E-16 1.82205223E-14 2.24863325E-09 1.10220916E-05 1.67729158E-37 1.23189003E-36 1.28174262E-14 1.00000000E-40 1.00000000E-40 8.52258478E-33 1.00000000E-40 1.28309524E-13 3.15428672E-13 1.35856972E-10 6.83382458E-10 2.72548301E-13 7.15488172E-08 5.25785159E-13 4.26105984E-22 3.37646552E-19 1.11143638E-08 4.48073325E-36 2.09925164E-26 1.52643339E-33 2.67463271E-37 1.72373323E-39 1.00000000E-40 9.55997381E-32 2.43494748E-34 1.23767743E-12 1.00000000E-40 1.00000000E-40 1.00000000E-40 1.00000000E-40 4.57056516E-39 5.98958027E-13 3.00401263E-36 1.89647036E-33 1.00000000E-40 1.00000000E-40 1.00000000E-40 9.88840646E-40 2.19529269E-30 1.00000000E-40 2.75312433E-37 1.10898764E-14 1.33246021E-23 2.48143422E-35 2.18374000E-32 1.00000000E-05 1.00000000E-05 1.00000000E-05 1.00000000E-05 1.00000000E-05 1.00000000E-05 1.00000000E-05 1.00000000E-05 1.00000000E-05 1.00000000E-05
4.79747000E+01 3.79046000E-03 2.23416260E+17 1.22883581E+02 1.00000000E+05 1.84272502E-10 5.93154931E-08 1.02799816E-40 6.08818374E-29 3.08095647E-10 1.00000000E-40 1.00000000E-40 1.00000000E-40 1.00000000E-40 1.00000000E-40 1.72358920E-11 1.69804983E-05 8.18119935E-13 2.07173213E-14 3.28228194E-09 4.97911626E-06 1.06920039E-05 1.68437051E-02 2.93586625E-19 1.89814608E-21 1.00000000E-40 1.00000000E-40 2.76063978E-38 1.07458968E-34 3.63126615E-27 4.42297370E-15 2.21650335E-20 5.97183054E-30 3.03472994E-29 9.86832516E-28 7.75472038E-16 1.87565157E-14 3.23806803E-09 1.14050599E-05 1.90270449E-38 1.39940724E-37 1.51258004E-14 1.00000000E-40 1.00000000E-40 9.21316474E-33 1.00000000E-40 1.44259676E-13 2.63786258E-13 1.74937966E-10 7.44076998E-10 3.76387038E-13 7.35857526E-08 6.48588595E-13 7.00068580E-22 5.28147936E-19 1.24821830E-08 4.59549934E-36 2.02534870E-26 4.65324680E-34 3.44548601E-37 1.76331436E-39 1.00000000E-40 9.42037701E-32 3.08990610E-34 1.65574759E-12 1.00000000E-40 1.00000000E-40 1.00000000E-40 1.00000000E-40 4.81003393E-39 6.26544712E-13 3.26796957E-36 1.81027687E-33 1.00000000E-40 1.00000000E-40 1.00000000E-40 1.19818992E-39 2.54621009E-30 1.00000000E-40 1.92200529E-37 1.41210478E-14 1.18603131E-23 2.75651681E-35 4.89428000E-32 1.00000000E-05 1.00000000E-05 1.00000000E-05 1.00000000E-05 1.00000000E-05 1.00000000E-05 1.00000000E-05 1.00000000E-05 1.00000000E-05 1.00000000E-05
4.91593000E+01 3.25865000E-03 1.92569205E+17 1.22565318E+02 1.00000000E+05 1.90748770E-10 6.16078104E-08 1.00000000E-40 4.65587526E-29 3.11165019E-10 1.00000000E-40 1.00000000E-40 1.00000000E-40 1.00000000E-40 1.00000000E-40 2.95456684E-11 1.77364854E-05 1.00108852E-12 3.19581466E-14 5.00950453E-09 5.70998615E-06 1.22240667E-05 1.76204008E-02 4.43678458E-19 3.63842268E-21 1.00000000E-40 1.00000000E-40 1.10664409E-38 1.07513694E-34 3.55961785E-27 6.82702639E-15 2.41471195E-20 7.66481245E-30 3.81149110E-29 9.35928435E-28 9.56961955E-16 2.01207646E-14 4.61358514E-09 1.18111669E-05 1.74855267E-39 1.28682922E-38 1.85317227E-14 1.00000000E-40 1.00000000E-40 9.97241239E-33 1.00000000E-40 1.65812931E-13 2.46106119E-13 2.18799584E-10 7.98139660E-10 5.12326409E-13 7.57114019E-08 8.13788904E-13 1.10394945E-21 7.81322375E-19 1.40483634E-08 4.72062057E-36 1.95341656E-26 1.25579541E-34 1.00000000E-40 1.80586526E-39 1.00000000E-40 9.24207101E-32 3.89326180E-34 2.13315293E-12 1.00000000E-40 1.00000000E-40 1.00000000E-40 1.00000000E-40 5.07267736E-39 6.81606440E-13 3.85302189E-36 1.74458641E-33 1.00000000E-40 1.00000000E-40 1.00000000E-40 1.48454717E-39 2.95508152E-30 1.00000000E-40 1.31224760E-37 1.76176900E-14 1.03367654E-23 3.03826642E-35 1.10557000E-31 1.00000000E-05 1.00000000E-05 1.00000000E-05 1.00000000E-05 1.00000000E-05 1.00000000E-05 1.00000000E-05 1.00000000E-05 1.00000000E-05 1.00000000E-05
5.03438000E+01 2.79934000E-03 1.65844578E+17 1.22256256E+02 1.00000000E+05 1.98008004E-10 6.41483099E-08 1.00000000E-40 3.65064076E-29 3.13043409E-10 1.00000000E-40 1.00000000E-40 1.00000000E-40 1.00000000E-40 1.00000000E-40 5.00235016E-11 1.85605447E-05 1.22692673E-12 4.85008647E-14 7.50472502E-09 6.55930986E-06 1.40034736E-05 1.84681624E-02 6.62639988E-19 6.81641752E-21 1.00000000E-40 1.00000000E-40 6.51513176E-39 1.00000000E-40 3.49541953E-27 1.03954521E-14 2.68801056E-20 9.68775085E-30 4.61664275E-29 8.94041275E-28 1.21121747E-15 2.19606889E-14 6.49517412E-09 1.22432063E-05 1.32127715E-40 9.66085441E-40 2.31348363E-14 1.00000000E-40 1.00000000E-40 1.07917229E-32 1.00000000E-40 1.92613804E-13 2.49222278E-13 2.68785666E-10 8.44827202E-10 6.87064682E-13 7.79386387E-08 1.02672640E-12 1.66029326E-21 1.09948334E-18 1.58425718E-08 4.85770649E-36 1.88350737E-26 3.11120170E-35 1.00000000E-40 1.85185490E-39 1.00000000E-40 9.02260156E-32 4.84394550E-34 2.66698402E-12 1.00000000E-40 1.00000000E-40 1.00000000E-40 1.00000000E-40 5.35107441E-39 7.53514307E-13 5.09290033E-36 1.68011355E-33 1.00000000E-40 1.00000000E-40 1.00000000E-40 1.85650607E-39 3.43204780E-30 1.00000000E-40 1.64212983E-37 2.15180847E-14 8.79178601E-24 3.32571280E-35 2.57656000E-31 1.00000000E-05 1.00000000E-05 1.00000000E-05 1.00000000E-05 1.00000000E-05 1.00000000E-05 1.00000000E-05 1.00000000E-05 1.00000000E-05 1.00000000E-05
5.15284000E+01 2.40257000E-03 1.42680647E+17 1.21962887E+02 1.00000000E+05 2.06150052E-10 6.69715500E-08 1.00000000E-40 2.83581976E-29 3.13457981E-10 1.00000000E-40 1.00000000E-40 1.00000000E-40 1.00000000E-40 1.00000000E-40 8.36187518E-11 1.94620694E-05 1.50739111E-12 7.24304820E-14 1.11240456E-08 7.54911998E-06 1.60762804E-05 1.93968483E-02 9.77674790E-19 1.24597061E-20 1.00000000E-40 1.00000000E-40 5.93284869E-39 3.02814986E-34 3.43904892E-27 1.56293648E-14 2.99045381E-20 1.19183299E-29 5.35462122E-29 8.60836388E-28 1.54286718E-15 2.40140122E-14 9.04184932E-09 1.27038293E-05 1.00000000E-40 1.00000000E-40 2.91040637E-14 1.00000000E-40 1.00000000E-40 1.16504113E-32 1.93516205E-31 2.24299613E-13 2.64636554E-13 3.26832306E-10 8.83772438E-10 9.07948597E-13 8.02798087E-08 1.29295501E-12 2.36952313E-21 1.47646705E-18 1.78984281E-08 5.00842581E-36 1.81564690E-26 1.04455593E-35 2.87058953E-34 1.90175109E-39 1.00000000E-40 8.76011903E-32 5.93342900E-34 3.25061320E-12 1.00000000E-40 1.00000000E-40 5.32337489E-38 1.00000000E-40 5.63709932E-39 8.33671248E-13 8.12949106E-36 1.60570888E-33 1.00000000E-40 1.00000000E-40 7.45816599E-39 2.32538725E-39 3.98911482E-30 1.43157034E-37 6.42611558E-37 2.56958049E-14 7.27105133E-24 3.62233293E-35 6.69611000E-31 1.00000000E-05 1.00000000E-05 1.00000000E-05 1.00000000E-05 1.00000000E-05 1.00000000E-05 1.00000000E-05 1.00000000E-05 1.00000000E-05 1.00000000E-05
5.27129000E+01 2.05975000E-03 1.22601864E+17 1.21684190E+02 1.00000000E+05 2.15281119E-10 7.01152050E-08 1.00000000E-40 2.37843356E-29 3.12110969E-10 1.00000000E-40 1.00000000E-40 1.00000000E-40 1.00000000E-40 1.00000000E-40 1.37901167E-10 2.04523566E-05 1.85541045E-12 1.06388960E-13 1.64020493E-08 8.70656035E-06 1.84992830E-05 2.04183424E-02 1.42347569E-18 2.21777648E-20 1.00000000E-40 1.00000000E-40 6.13763992E-39 1.40503307E-33 3.39099193E-27 2.32358369E-14 3.27983745E-20 1.42463871E-29 5.93678734E-29 8.31858215E-28 1.95699753E-15 2.60487303E-14 1.24626920E-08 1.31962065E-05 1.00000000E-40 1.00000000E-40 3.66883040E-14 1.00000000E-40 1.00000000E-40 1.25150865E-32 1.50181568E-30 2.60301109E-13 2.86595002E-13 3.95473906E-10 9.14599358E-10 1.18192723E-12 8.27511808E-08 1.61632110E-12 3.19260922E-21 1.89404885E-18 2.02551600E-08 5.17479791E-36 1.74993937E-26 4.20926236E-36 1.00000000E-40 1.95612886E-39 1.00000000E-40 8.45432774E-32 7.13756885E-34 3.87266740E-12 1.00000000E-40 1.00000000E-40 2.32868990E-38 1.00000000E-40 5.91512765E-39 9.14162862E-13 8.98874816E-36 1.51574736E-33 1.00000000E-40 1.00000000E-40 1.00000000E-40 2.89939750E-39 4.64078311E-30 1.00000000E-40 1.00000000E-40 2.99458509E-14 5.82502017E-24 3.93073907E-35 2.49636000E-30 1.00000000E-05 1.00000000E-05 1.00000000E-05 1.00000000E-05 1.00000000E-05 1.00000000E-05 1.00000000E-05 1.00000000E-05 1.00000000E-05 1.00000000E-05
5.38975000E+01 1.76330000E-03 1.05185608E+17 1.21418986E+02 1.00000000E+05 2.25561211E-10 7.36331889E-08 1.00000000E-40 2.46882621E-29 3.08752620E-10 1.00000000E-40 1.00000000E-40 1.00000000E-40 1.00000000E-40 1.00000000E-40 2.24142507E-10 2.15474816E-05 2.28641580E-12 1.53543424E-13 2.41255400E-08 1.00663888E-05 2.13453109E-05 2.15493824E-02 2.04232075E-18 3.83518445E-20 1.00000000E-40 1.00000000E-40 6.68786691E-39 1.38905479E-34 3.35224267E-27 3.42152220E-14 3.52416574E-20 1.64154542E-29 6.26219709E-29 7.95329350E-28 2.45757550E-15 2.78855954E-14 1.70313370E-08 1.37256375E-05 1.00000000E-40 1.00000000E-40 4.62376439E-14 1.00000000E-40 1.00000000E-40 1.33423864E-32 1.00000000E-40 2.99942960E-13 3.11158213E-13 4.77590468E-10 9.36825981E-10 1.51366278E-12 8.53832642E-08 1.99883040E-12 4.04207963E-21 2.32019752E-18 2.29613537E-08 5.35986250E-36 1.68676580E-26 4.51592758E-36 1.00000000E-40 2.01591912E-39 1.00000000E-40 8.10786120E-32 8.41272763E-34 4.51669274E-12 1.00000000E-40 1.00000000E-40 1.00000000E-40 1.00000000E-40 6.16620290E-39 9.88576683E-13 1.43812463E-35 1.40959409E-33 1.00000000E-40 1.00000000E-40 1.00000000E-40 3.58478743E-39 5.40527755E-30 2.76282227E-39 1.00000000E-40 3.39788842E-14 4.50389657E-24 4.25118976E-35 2.05450000E-29 1.00000000E-05 1.00000000E-05 1.00000000E-05 1.00000000E-05 1.00000000E-05 1.00000000E-05 1.00000000E-05 1.00000000E-05 1.00000000E-05 1.00000000E-05
5.50821000E+01 1.50686000E-03 9.00839895E+16 1.21155186E+02 1.00000000E+05 2.37145446E-10 7.75733636E-08 1.00000000E-40 2.60297535E-29 3.03129410E-10 1.00000000E-40 1.00000000E-40 1.00000000E-40 1.00000000E-40 1.00000000E-40 3.58649376E-10 2.27651129E-05 2.80615275E-12 2.17448380E-13 3.54076302E-08 1.16716326E-05 2.47045565E-05 2.28086482E-02 2.88165353E-18 6.42777054E-20 1.00000000E-40 1.00000000E-40 7.42111748E-39 5.58799727E-35 3.32369145E-27 4.99722630E-14 3.71248852E-20 1.82916385E-29 6.22948770E-29 7.48733600E-28 3.05056592E-15 2.94482331E-14 2.30996146E-08 1.42973500E-05 1.00000000E-40 1.00000000E-40 5.82249914E-14 1.00000000E-40 1.00000000E-40 1.40823031E-32 1.00000000E-40 3.42760310E-13 3.36008873E-13 5.76089033E-10 9.49884122E-10 1.89609648E-12 8.82069872E-08 2.44105439E-12 4.79397799E-21 2.71168516E-18 2.60737291E-08 5.56685877E-36 1.62644025E-26 8.98618146E-36 2.95248021E-34 2.08209195E-39 1.00000000E-40 7.72492865E-32 9.69389580E-34 5.16069244E-12 1.00000000E-40 1.00000000E-40 1.00000000E-40 1.00000000E-40 6.36452955E-39 1.05430818E-12 2.18344554E-35 1.29084296E-33 1.00000000E-40 1.00000000E-40 7.24080280E-39 4.38286650E-39 6.30472860E-30 8.60822719E-38 4.86647589E-38 3.74746296E-14 3.34939189E-24 4.57471412E-35 4.18196000E-28 1.00000000E-05 1.00000000E-05 1.00000000E-05 1.00000000E-05 1.00000000E-05 1.00000000E-05 1.00000000E-05 1.00000000E-05 1.00000000E-05 1.00000000E-05
5.62666000E+01 1.28355000E-03 7.68937539E+16 1.20903381E+02 1.00000000E+05 2.50332076E-10 8.21260216E-08 1.00000000E-40 2.75914761E-29 2.95562752E-10 1.00000000E-40 1.00000000E-40 1.00000000E-40 1.00000000E-40 1.00000000E-40 5.65140451E-10 2.41548056E-05 3.43115130E-12 3.02165552E-13 5.18354147E-08 1.35922976E-05 2.87240733E-05 2.42466254E-02 4.00052711E-18 1.04344530E-19 1.00000000E-40 1.00000000E-40 7.61126232E-39 1.68324110E-34 3.31019514E-27 7.26245470E-14 3.86452725E-20 1.99276113E-29 5.82589568E-29 6.90685720E-28 3.75003358E-15 3.08127323E-14 3.11641833E-08 1.49345799E-05 1.00000000E-40 1.00000000E-40 7.33714105E-14 1.00000000E-40 1.00000000E-40 1.47033869E-32 1.81624906E-32 3.89159452E-13 3.60982293E-13 6.93884952E-10 9.54482569E-10 2.31146385E-12 9.13648000E-08 2.94919790E-12 5.32783706E-21 3.02514174E-18 2.96949833E-08 5.80634694E-36 1.57112723E-26 6.50410585E-36 1.00000000E-40 2.15829781E-39 1.00000000E-40 7.32026703E-32 1.09198414E-33 5.78862641E-12 1.00000000E-40 1.00000000E-40 1.00000000E-40 1.00000000E-40 6.50444387E-39 1.11346971E-12 3.21455478E-35 1.16643733E-33 1.00000000E-40 1.00000000E-40 1.00000000E-40 5.31649666E-39 7.37507762E-30 1.00000000E-40 1.00000000E-40 4.01372300E-14 2.39142365E-24 4.89812258E-35 5.06386000E-26 1.00000000E-05 1.00000000E-05 1.00000000E-05 1.00000000E-05 1.00000000E-05 1.00000000E-05 1.00000000E-05 1.00000000E-05 1.00000000E-05 1.00000000E-05
5.74512000E+01 1.07244000E-03 6.43914728E+16 1.20631676E+02 1.00000000E+05 2.68928932E-10 8.88880414E-08 1.00000000E-40 2.98366648E-29 2.90729721E-10 1.00000000E-40 1.00000000E-40 1.00000000E-40 1.00000000E-40 1.00000000E-40 8.90684317E-10 2.61570630E-05 4.22914596E-12 4.18276307E-13 7.66011306E-08 1.61568406E-05 3.40958805E-05 2.63058570E-02 5.54298372E-18 1.66410638E-19 1.00000000E-40 1.00000000E-40 7.84737825E-39 1.00000000E-40 3.36544294E-27 1.06793611E-13 4.09121520E-20 2.17617168E-29 5.20271233E-29 6.28231282E-28 4.67413809E-15 3.27204988E-14 4.25069766E-08 1.58941744E-05 1.00000000E-40 1.00000000E-40 9.40540766E-14 1.00000000E-40 1.00000000E-40 1.54119265E-32 1.00000000E-40 4.47701537E-13 3.94473499E-13 8.46047184E-10 9.66235595E-10 2.79897498E-12 9.64145129E-08 3.58730952E-12 5.64844283E-21 3.27238804E-18 3.44595404E-08 6.18016399E-36 1.54509992E-26 4.94361480E-36 1.00000000E-40 2.28177169E-39 1.00000000E-40 7.01005768E-32 1.21949985E-33 6.47226714E-12 1.00000000E-40 1.00000000E-40 1.00000000E-40 1.00000000E-40 6.66389571E-39 1.19404475E-12 4.81861036E-35 1.06006770E-33 1.00000000E-40 1.00000000E-40 1.00000000E-40 6.49833389E-39 8.79182564E-30 1.00000000E-40 2.72507153E-38 4.24981250E-14 1.66244145E-24 5.26834259E-35 4.47832000E-24 1.00000000E-05 1.00000000E-05 1.00000000E-05 1.00000000E-05 1.00000000E-05 1.00000000E-05 1.00000000E-05 1.00000000E-05 1.00000000E-05 1.00000000E-05
5.86357000E+01 7.54895000E-04 4.55231260E+16 1.20107794E+02 1.00000000E+05 3.41320229E-10 1.14113218E-07 1.00000000E-40 3.79729351E-29 3.35120201E-10 1.00000000E-40 1.00000000E-40 1.00000000E-40 1.00000000E-40 1.00000000E-40 1.63416795E-09 3.36490279E-05 5.79808941E-12 6.71908153E-13 1.32104634E-07 2.28165041E-05 4.80908171E-05 3.39018804E-02 8.83853059E-18 3.02591734E-19 1.00000000E-40 1.00000000E-40 1.01443530E-38 2.85220051E-35 4.06615848E-27 1.84029044E-13 5.19759510E-20 2.82636148E-29 5.13196540E-29 6.44883505E-28 7.01627169E-15 4.15369828E-14 6.80449553E-08 2.00560022E-05 1.00000000E-40 1.00000000E-40 1.42793508E-13 1.00000000E-40 1.00000000E-40 1.88781744E-32 1.00000000E-40 6.12222373E-13 5.16356873E-13 1.21880297E-09 1.15050007E-09 3.90065847E-12 1.20643406E-07 5.10402996E-12 6.67912133E-21 3.99662699E-18 4.74146517E-08 7.81331877E-36 1.80078697E-26 1.80980474E-35 4.24751711E-34 2.86364647E-39 1.00000000E-40 7.89897929E-32 1.56175777E-33 8.33530930E-12 1.00000000E-40 1.00000000E-40 1.00000000E-40 1.00000000E-40 7.81988820E-39 1.54325337E-12 8.03203814E-35 1.13577004E-33 1.00000000E-40 1.00000000E-40 9.49173876E-39 9.09375816E-39 1.24307802E-29 8.13234660E-38 7.27337341E-38 5.25543172E-14 1.31089876E-24 6.47263218E-35 1.35416000E-22 1.00000000E-05 1.00000000E-05 1.00000000E-05 1.00000000E-05 1.00000000E-05 1.00000000E-05 1.00000000E-05 1.00000000E-05 1.00000000E-05 1.00000000E-05
5.98203000E+01 3.96500000E-04 2.41312867E+16 1.19008897E+02 1.00000000E+05 5.74866629E-10 1.90920455E-07 1.00000000E-40 6.32552243E-29 5.09235288E-10 1.00000000E-40 1.00000000E-40 1.00000000E-40 1.00000000E-40 1.00000000E-40 3.93498896E-09 5.79621448E-05 9.28617496E-12 1.41679453E-12 2.99378754E-07 4.31654561E-05 9.08830298E-05 5.85322994E-02 1.80154992E-17 7.05932439E-19 1.00000000E-40 1.00000000E-40 1.57156126E-38 1.00000000E-40 6.58573870E-27 4.15954428E-13 8.87494135E-20 4.97339998E-29 6.09650707E-29 8.17025571E-28 1.44041416E-14 7.10197002E-14 1.43501899E-07 3.38387536E-05 1.00000000E-40 1.00000000E-40 2.89709459E-13 1.00000000E-40 1.00000000E-40 3.04624990E-32 1.00000000E-40 1.12476032E-12 9.12003797E-13 2.36612853E-09 1.82375487E-09 7.09252911E-12 2.01881433E-07 9.51448330E-12 1.00055411E-20 6.24229006E-18 8.72213107E-08 1.32329323E-35 2.80621793E-26 3.69011221E-35 5.37654844E-34 4.81186504E-39 1.00000000E-40 1.18228954E-31 2.56962396E-33 1.38227549E-11 1.00000000E-40 1.00000000E-40 4.02813714E-39 1.00000000E-40 1.15308368E-38 2.73953636E-12 1.63354453E-34 1.62619341E-33 1.00000000E-40 1.00000000E-40 1.11233458E-38 1.57161627E-38 2.35061542E-29 2.85129094E-38 9.81275698E-38 8.72951311E-14 1.32784542E-24 9.99284910E-35 1.60604000E-21 1.00000000E-05 1.00000000E-05 1.00000000E-05 1.00000000E-05 1.00000000E-05 1.00000000E-05 1.00000000E-05 1.00000000E-05 1.00000000E-05 1.00000000E-05
6.10049000E+01 3.04552000E-04 1.86075938E+16 1.18546287E+02 1.00000000E+05 6.60852434E-10 2.02005431E-07 1.00000000E-40 3.91827272E-29 5.25283258E-10 1.00000000E-40 1.00000000E-40 1.00000000E-40 1.00000000E-40 1.00000000E-40 6.37086881E-09 6.83260464E-05 1.15577874E-11 2.00869245E-12 4.66349355E-07 5.58906500E-05 1.17573936E-04 6.91486927E-02 2.52278320E-17 1.09362752E-18 1.00000000E-40 1.00000000E-40 1.75673361E-38 4.64568251E-34 7.30459215E-27 6.49396355E-13 1.00623298E-19 2.86406035E-29 1.00000000E-40 7.57865717E-28 1.88734628E-14 8.02430087E-14 2.06001426E-07 3.90020600E-05 1.00000000E-40 1.00000000E-40 4.02263166E-13 1.00000000E-40 1.00000000E-40 3.29008426E-32 2.29623935E-31 1.37869664E-12 1.06065778E-12 3.09086212E-09 1.95480668E-09 8.70228405E-12 2.30721334E-07 1.21781327E-11 9.86956993E-21 6.51312276E-18 1.09569511E-07 1.53349983E-35 2.98681056E-26 5.78630649E-35 1.85525971E-33 5.52890348E-39 1.00000000E-40 1.19992271E-31 2.85887040E-33 1.58769660E-11 1.00000000E-40 1.00000000E-40 6.22392021E-38 1.00000000E-40 1.19454843E-38 3.15047742E-12 2.32113619E-34 1.56067707E-33 1.00000000E-40 1.20683138E-40 3.66562117E-38 1.96607446E-38 3.03705127E-29 1.69256352E-37 5.79765026E-38 9.35459171E-14 8.77530621E-25 1.10005785E-34 4.23336000E-21 1.00000000E-05 1.00000000E-05 1.00000000E-05 1.00000000E-05 1.00000000E-05 1.00000000E-05 1.00000000E-05 1.00000000E-05 1.00000000E-05 1.00000000E-05
6.21894000E+01 2.55854000E-04 1.56724077E+16 1.18242392E+02 1.00000000E+05 6.91702576E-10 3.19769582E-08 1.00000000E-40 1.79680704E-29 4.90529433E-10 1.00000000E-40 1.00000000E-40 1.00000000E-40 1.00000000E-40 1.00000000E-40 9.28117107E-09 7.36845092E-05 1.36436309E-11 2.56365300E-12 6.66309483E-07 6.62409825E-05 1.39256225E-04 7.47349309E-02 3.19322451E-17 1.50355954E-18 1.00000000E-40 1.00000000E-40 1.59862677E-38 1.00000000E-40 7.41766558E-27 9.35561676E-13 1.02820605E-19 2.57489937E-29 1.00000000E-40 7.04295319E-28 2.17374058E-14 8.12253793E-14 2.70618925E-07 4.17506105E-05 1.00000000E-40 1.00000000E-40 5.12409405E-13 1.00000000E-40 1.00000000E-40 3.16181156E-32 1.00000000E-40 1.51736804E-12 1.08807713E-12 3.68932761E-09 1.90799593E-09 9.64666014E-12 2.40726557E-07 1.41493855E-11 8.66286475E-21 6.13627703E-18 1.25698761E-07 1.62565384E-35 2.90249094E-26 4.53589884E-35 1.56311279E-34 5.80751263E-39 1.00000000E-40 1.10440313E-31 2.85311318E-33 1.68299896E-11 1.00000000E-40 1.00000000E-40 4.41324505E-38 1.00000000E-40 1.11718678E-38 3.22556317E-12 2.94641336E-34 1.34831010E-33 1.00000000E-40 1.30872335E-40 2.98032002E-39 2.26209279E-38 3.58596865E-29 1.00000000E-40 7.49673965E-38 8.99086842E-14 5.04276630E-25 1.11854781E-34 8.06129000E-21 1.00000000E-05 1.00000000E-05 1.00000000E-05 1.00000000E-05 1.00000000E-05 1.00000000E-05 1.00000000E-05 1.00000000E-05 1.00000000E-05 1.00000000E-05
6.33740000E+01 2.14972000E-04 1.32011786E+16 1.17946731E+02 1.00000000E+05 7.19805464E-10 1.37039910E-11 1.00000000E-40 1.09341639E-29 4.52739408E-10 1.00000000E-40 1.00000000E-40 1.00000000E-40 1.00000000E-40 1.00000000E-40 1.33056815E-08 7.95053248E-05 1.60468133E-11 3.22463416E-12 9.46777840E-07 7.86037778E-05 1.65169555E-04 8.08225287E-02 3.97028091E-17 2.00395472E-18 1.00000000E-40 1.00000000E-40 1.32470959E-38 1.00000000E-40 7.54362574E-27 1.35062858E-12 1.05132202E-19 7.56862180E-29 5.65605121E-29 6.76616304E-28 2.45069412E-14 8.16616675E-14 3.54111940E-07 4.48904143E-05 1.00000000E-40 1.00000000E-40 6.54809774E-13 1.00000000E-40 1.00000000E-40 2.97143283E-32 1.00000000E-40 1.65590901E-12 1.09118201E-12 4.39758930E-09 1.85625064E-09 1.05179995E-11 2.50760015E-07 1.63743474E-11 7.45766401E-21 5.70369848E-18 1.44039791E-07 1.72425451E-35 2.81654130E-26 1.69915370E-35 1.00000000E-40 6.09930298E-39 1.00000000E-40 1.00914882E-31 2.77980972E-33 1.78366040E-11 1.00000000E-40 1.00000000E-40 1.00000000E-40 1.00000000E-40 1.02378431E-38 3.27834859E-12 3.62024166E-34 1.15602320E-33 1.00000000E-40 1.36389625E-40 1.00000000E-40 2.58047281E-38 4.23288885E-29 1.00000000E-40 2.04594672E-38 8.50109165E-14 2.75616983E-25 1.12581061E-34 1.49988000E-20 1.00000000E-05 1.00000000E-05 1.00000000E-05 1.00000000E-05 1.00000000E-05 1.00000000E-05 1.00000000E-05 1.00000000E-05 1.00000000E-05 1.00000000E-05
6.45585000E+01 1.80645000E-04 1.11203423E+16 1.17658825E+02 1.00000000E+05 7.44163683E-10 1.00108272E-39 1.00000000E-40 7.97761426E-30 4.12797750E-10 1.00000000E-40 1.00000000E-40 1.00000000E-40 1.00000000E-40 1.00000000E-40 1.87765843E-08 8.58312211E-05 1.87668782E-11 4.00025515E-12 1.33408995E-06 9.33862395E-05 1.96176649E-04 8.74608411E-02 4.85147149E-17 2.59076710E-18 1.00000000E-40 1.00000000E-40 1.29072907E-38 1.00000000E-40 7.68433957E-27 1.95027418E-12 1.08166287E-19 7.75710189E-29 1.00000000E-40 6.58327626E-28 2.71118355E-14 8.19174974E-14 4.60956462E-07 4.82929910E-05 1.00000000E-40 1.00000000E-40 8.38601615E-13 1.00000000E-40 1.00000000E-40 2.71849318E-32 1.00000000E-40 1.79726658E-12 1.07826533E-12 5.22498005E-09 1.79857399E-09 1.12640453E-11 2.60753097E-07 1.89623448E-11 6.34270308E-21 5.23773292E-18 1.64874830E-07 1.82981222E-35 2.72923366E-26 3.30030332E-35 1.00000000E-40 6.40498887E-39 1.00000000E-40 9.16442086E-32 2.64565828E-33 1.88812182E-11 1.00000000E-40 1.00000000E-40 1.00000000E-40 1.00000000E-40 9.14378684E-39 3.32376246E-12 4.32775729E-34 9.86420346E-34 1.00000000E-40 1.36441534E-40 1.00000000E-40 2.92476537E-38 4.99588998E-29 1.00000000E-40 1.36777537E-38 7.90931265E-14 1.43439277E-25 1.11873969E-34 2.84676000E-20 1.00000000E-05 1.00000000E-05 1.00000000E-05 1.00000000E-05 1.00000000E-05 1.00000000E-05 1.00000000E-05 1.00000000E-05 1.00000000E-05 1.00000000E-05
6.57431000E+01 1.51819000E-04 9.36813713E+15 1.17378784E+02 1.00000000E+05 7.63738607E-10 1.00000000E-40 1.00000000E-40 6.22671924E-30 3.71729023E-10 1.00000000E-40 1.00000000E-40 1.00000000E-40 1.00000000E-40 1.00000000E-40 2.60958846E-08 9.27041698E-05 2.18204705E-11 4.89891780E-12 1.86378076E-06 1.11070375E-04 2.33302360E-04 9.46993101E-02 5.83131956E-17 3.25275421E-18 1.00000000E-40 1.00000000E-40 1.15165485E-38 1.00000000E-40 7.84158626E-27 2.81420660E-12 1.12016217E-19 9.17871598E-29 1.30867419E-29 6.44880718E-28 2.94258970E-14 8.20717453E-14 5.97046312E-07 5.19574792E-05 1.00000000E-40 1.00000000E-40 1.07495568E-12 1.00000000E-40 1.00000000E-40 2.38504324E-32 1.00000000E-40 1.94116309E-12 1.05373796E-12 6.19029183E-09 1.73610510E-09 1.18461895E-11 2.70611317E-07 2.20287302E-11 5.36530153E-21 4.76758557E-18 1.88509292E-07 1.94277381E-35 2.64057987E-26 3.60053166E-35 1.00000000E-40 6.72502285E-39 1.00000000E-40 8.28131131E-32 2.46328176E-33 1.99861507E-11 1.00000000E-40 1.00000000E-40 1.45781355E-39 1.00000000E-40 7.84012489E-39 3.36477582E-12 5.04598898E-34 8.38441530E-34 1.00000000E-40 1.28992681E-40 1.00000000E-40 3.29653399E-38 5.89649294E-29 1.54722552E-38 3.06460460E-38 7.25663011E-14 7.12094948E-26 1.09814449E-34 5.71380000E-20 1.00000000E-05 1.00000000E-05 1.00000000E-05 1.00000000E-05 1.00000000E-05 1.00000000E-05 1.00000000E-05 1.00000000E-05 1.00000000E-05 1.00000000E-05
6.69277000E+01 1.27608000E-04 7.89247269E+15 1.17106643E+02 1.00000000E+05 7.77533155E-10 1.00000000E-40 1.00000000E-40 4.94984373E-30 3.30577207E-10 1.00000000E-40 1.00000000E-40 1.00000000E-40 1.00000000E-40 1.00000000E-40 3.57442255E-08 1.00170476E-04 2.52137018E-11 5.93019193E-12 2.58252959E-06 1.32231863E-04 2.77775005E-04 1.02592788E-01 6.90127946E-17 3.97171653E-18 1.00000000E-40 1.00000000E-40 1.11910670E-38 4.53636305E-34 8.01760538E-27 4.05227647E-12 1.16535913E-19 1.04206267E-28 4.33704598E-30 6.34823475E-28 3.13152821E-14 8.21112982E-14 7.69537679E-07 5.58993880E-05 1.21738008E-40 1.00000000E-40 1.37711987E-12 1.00000000E-40 1.00000000E-40 2.08007094E-32 4.03020763E-31 2.08661423E-12 1.02004812E-12 7.31874465E-09 1.67124975E-09 1.22369632E-11 2.80229914E-07 2.57139360E-11 4.54084452E-21 4.31627308E-18 2.15281793E-07 2.06362753E-35 2.55050958E-26 5.48719770E-35 1.00000000E-40 7.05997757E-39 1.00000000E-40 7.45642500E-32 2.24758115E-33 2.11789536E-11 1.00000000E-40 1.00000000E-40 7.09527992E-39 1.00000000E-40 6.67439751E-39 3.40070103E-12 5.75031219E-34 7.10373294E-34 1.00000000E-40 1.19352326E-40 1.00000000E-40 3.69670576E-38 6.96082683E-29 1.00000000E-40 1.00000000E-40 6.58083215E-14 3.38041907E-26 1.06598088E-34 1.26565000E-19 1.00000000E-05 1.00000000E-05 1.00000000E-05 1.00000000E-05 1.00000000E-05 1.00000000E-05 1.00000000E-05 1.00000000E-05 1.00000000E-05 1.00000000E-05
6.81122000E+01 1.07273000E-04 6.64987445E+15 1.16840578E+02 1.00000000E+05 7.84633744E-10 1.00000000E-40 1.00000000E-40 3.97818799E-30 2.90303332E-10 1.00000000E-40 1.00000000E-40 1.00000000E-40 1.00000000E-40 1.00000000E-40 4.82857871E-08 1.08275718E-04 2.89277461E-11 7.10481177E-12 3.55087261E-06 1.57548867E-04 3.31047279E-04 1.11196755E-01 8.04909142E-17 4.72315123E-18 1.00000000E-40 1.00000000E-40 1.00204803E-38 1.00000000E-40 8.21471688E-27 5.81203508E-12 1.21451278E-19 1.19425111E-28 9.52651453E-31 6.27150485E-28 3.26725330E-14 8.19908230E-14 9.86918555E-07 6.01326569E-05 1.46837771E-40 1.00000000E-40 1.76020602E-12 1.00000000E-40 1.00000000E-40 1.73537438E-32 1.00000000E-40 2.23232246E-12 9.78768913E-13 8.64172858E-09 1.60660260E-09 1.24201748E-11 2.89481622E-07 3.01804509E-11 3.86218706E-21 3.89792970E-18 2.45552986E-07 2.19279910E-35 2.45877606E-26 6.09513848E-35 1.00000000E-40 7.41021000E-39 1.00000000E-40 6.69933040E-32 2.01340681E-33 2.24839580E-11 1.00000000E-40 1.00000000E-40 1.00000000E-40 1.00000000E-40 5.46844298E-39 3.42969979E-12 6.42082551E-34 6.00242787E-34 1.00000000E-40 1.05376692E-40 1.00000000E-40 4.12495756E-38 8.22040969E-29 1.00000000E-40 1.00000000E-40 5.91175704E-14 1.53900084E-26 1.02454038E-34 3.25760000E-19 1.00000000E-05 1.00000000E-05 1.00000000E-05 1.00000000E-05 1.00000000E-05 1.00000000E-05 1.00000000E-05 1.00000000E-05 1.00000000E-05 1.00000000E-05
6.92968000E+01 9.01893000E-05 5.60340026E+15 1.16578936E+02 1.00000000E+05 7.84363623E-10 1.00000000E-40 1.00000000E-40 3.20983441E-30 2.51757679E-10 1.00000000E-40 1.00000000E-40 1.00000000E-40 1.00000000E-40 1.00000000E-40 6.43757666E-08 1.17072346E-04 3.29266030E-11 8.43527231E-12 4.84720646E-06 1.87828148E-04 3.94854563E-04 1.20575214E-01 9.25985165E-17 5.47811030E-18 1.00000000E-40 1.00000000E-40 1.01439471E-38 7.14726827E-34 8.43609916E-27 8.28795451E-12 1.26414896E-19 1.36458679E-28 9.97434402E-31 6.21134073E-28 3.34367612E-14 8.16559441E-14 1.25923439E-06 6.46730189E-05 1.73123799E-40 1.00000000E-40 2.24096571E-12 1.06076815E-40 1.00000000E-40 1.44386625E-32 7.99643455E-31 2.37682379E-12 9.31129039E-13 1.01978828E-08 1.54448383E-09 1.23920891E-11 2.98241321E-07 3.56070316E-11 3.31061402E-21 3.51976364E-18 2.79718873E-07 2.33080552E-35 2.36521463E-26 8.59080670E-35 1.26538545E-34 7.77641686E-39 1.00000000E-40 6.01581444E-32 1.77425922E-33 2.39251871E-11 1.00000000E-40 1.00000000E-40 1.00000000E-40 1.00000000E-40 4.38747534E-39 3.44946945E-12 7.03834813E-34 5.06024071E-34 1.00000000E-40 1.00000000E-40 1.97300733E-39 4.58094253E-38 9.71403039E-29 2.01770673E-39 1.00000000E-40 5.27067400E-14 6.74284720E-27 9.76397429E-35 9.77506000E-19 1.00000000E-05 1.00000000E-05 1.00000000E-05 1.00000000E-05 1.00000000E-05 1.00000000E-05 1.00000000E-05 1.00000000E-05 1.00000000E-05 1.00000000E-05
7.04813000E+01 7.58365000E-05 4.72217303E+15 1.16319654E+02 1.00000000E+05 7.76284629E-10 1.00000000E-40 1.00000000E-40 2.55862123E-30 2.15614892E-10 1.00000000E-40 1.00000000E-40 1.00000000E-40 1.00000000E-40 1.00000000E-40 8.47594487E-08 1.26609822E-04 3.71517924E-11 9.93555430E-12 6.57237393E-06 2.24012098E-04 4.71234198E-04 1.30791549E-01 1.05152553E-16 6.20483469E-18 1.00000000E-40 1.00000000E-40 8.87210207E-39 2.47064078E-33 8.68510786E-27 1.17301837E-11 1.31020565E-19 1.54172198E-28 4.42598787E-31 6.16335081E-28 3.35969008E-14 8.10429875E-14 1.59813829E-06 6.95328738E-05 1.99134330E-40 1.00000000E-40 2.83714645E-12 1.13705030E-40 1.00000000E-40 1.10910036E-32 3.12846454E-30 2.51829486E-12 8.78115044E-13 1.20339149E-08 1.48656091E-09 1.21607279E-11 3.06364294E-07 4.21727064E-11 2.86338401E-21 3.18380293E-18 3.18187967E-07 2.47806152E-35 2.26955873E-26 8.80824014E-35 1.41561001E-34 8.15900256E-39 1.00000000E-40 5.40773423E-32 1.54104038E-33 2.55243670E-11 1.00000000E-40 1.00000000E-40 1.27481811E-38 1.00000000E-40 3.21493646E-39 3.45728423E-12 7.58709340E-34 4.25709448E-34 1.00000000E-40 1.00000000E-40 2.14190211E-39 5.06344890E-38 1.14888948E-28 1.38697363E-38 8.47732991E-39 4.67096633E-14 2.85374572E-27 9.24020989E-35 2.84244000E-18 1.00000000E-05 1.00000000E-05 1.00000000E-05 1.00000000E-05 1.00000000E-05 1.00000000E-05 1.00000000E-05 1.00000000E-05 1.00000000E-05 1.00000000E-05
7.16659000E+01 6.37763000E-05 3.97980773E+15 1.16068386E+02 1.00000000E+05 7.60353059E-10 1.00000000E-40 1.00000000E-40 1.85162521E-30 1.82387072E-10 1.00000000E-40 1.00000000E-40 1.00000000E-40 1.00000000E-40 1.00000000E-40 1.10278778E-07 1.36944576E-04 4.15948102E-11 1.16216170E-11 8.85682682E-06 2.67212017E-04 5.62602140E-04 1.41917036E-01 1.17987344E-16 6.87199457E-18 1.00000000E-40 1.00000000E-40 8.11795213E-39 1.00000000E-40 8.96605690E-27 1.64572935E-11 1.34847552E-19 1.71502628E-28 1.00000000E-40 6.13834110E-28 3.31742888E-14 8.00854408E-14 2.01727526E-06 7.47253914E-05 2.24948979E-40 1.00000000E-40 3.56694578E-12 1.20186272E-40 1.00000000E-40 7.38352964E-33 1.00000000E-40 2.65449159E-12 8.20525019E-13 1.42028892E-08 1.43394277E-09 1.17423963E-11 3.13712865E-07 5.00536490E-11 2.49882980E-21 2.88936706E-18 3.61395201E-07 2.63503935E-35 2.17167889E-26 1.01133677E-34 2.65759301E-36 8.55864726E-39 1.00000000E-40 4.87420542E-32 1.32190472E-33 2.73139939E-11 1.00000000E-40 1.00000000E-40 1.00000000E-40 1.00000000E-40 2.25621485E-39 3.44925604E-12 8.05663341E-34 3.57402196E-34 1.00000000E-40 1.00000000E-40 1.00000000E-40 5.57669188E-38 1.36034714E-28 1.07234478E-38 4.17994630E-39 4.11847843E-14 1.17152725E-27 8.70144209E-35 7.03936000E-18 1.00000000E-05 1.00000000E-05 1.00000000E-05 1.00000000E-05 1.00000000E-05 1.00000000E-05 1.00000000E-05 1.00000000E-05 1.00000000E-05 1.00000000E-05
7.28505000E+01 5.36414000E-05 3.35444265E+15 1.15823438E+02 1.00000000E+05 7.36821229E-10 1.00000000E-40 1.00000000E-40 1.22640625E-30 1.52398550E-10 1.00000000E-40 1.00000000E-40 1.00000000E-40 1.00000000E-40 1.00000000E-40 1.41866784E-07 1.48132000E-04 4.61917869E-11 1.35114132E-11 1.18664565E-05 3.18724551E-04 6.71793629E-04 1.54024884E-01 1.30897960E-16 7.45029609E-18 1.00000000E-40 1.00000000E-40 9.31441440E-39 1.00000000E-40 9.28386425E-27 2.28623916E-11 1.37527012E-19 1.87633344E-28 1.94003382E-30 6.13624337E-28 3.22434942E-14 7.87454347E-14 2.53209795E-06 8.02612668E-05 2.50573008E-40 1.00000000E-40 4.44803724E-12 1.25642764E-40 1.00000000E-40 7.91790463E-33 1.00000000E-40 2.78346129E-12 7.59442890E-13 1.67695234E-08 1.38721253E-09 1.11630561E-11 3.20145724E-07 5.93907607E-11 2.19802229E-21 2.63330781E-18 4.09783331E-07 2.80213760E-35 2.07148827E-26 1.22244027E-34 3.17111607E-34 8.97592230E-39 1.00000000E-40 4.41202623E-32 1.12197312E-33 2.93167656E-11 1.00000000E-40 1.00000000E-40 3.73232549E-39 1.00000000E-40 2.17652767E-39 3.42346460E-12 8.43804144E-34 2.99436397E-34 1.00000000E-40 1.00000000E-40 4.54035562E-39 6.12165663E-38 1.61298244E-28 1.00000000E-40 1.00000000E-40 3.61672257E-14 4.68336133E-28 8.16556522E-35 1.51963000E-17 1.00000000E-05 1.00000000E-05 1.00000000E-05 1.00000000E-05 1.00000000E-05 1.00000000E-05 1.00000000E-05 1.00000000E-05 1.00000000E-05 1.00000000E-05
7.40350000E+01 4.51234000E-05 2.82759090E+15 1.15585128E+02 1.00000000E+05 7.06272613E-10 1.00000000E-40 1.00000000E-40 7.04376171E-31 1.25803941E-10 1.00000000E-40 1.00000000E-40 1.00000000E-40 1.00000000E-40 1.00000000E-40 1.80545693E-07 1.60229429E-04 5.08847373E-11 1.56243581E-11 1.58121482E-05 3.80061540E-04 8.02135613E-04 1.67192729E-01 1.43679759E-16 7.91501596E-18 1.00000000E-40 1.00000000E-40 9.49531986E-39 1.00000000E-40 9.64431588E-27 3.14251754E-11 1.38771535E-19 1.99820729E-28 1.00000000E-40 6.15791437E-28 3.08979378E-14 7.70034312E-14 3.16018592E-06 8.61495658E-05 2.74904111E-40 1.00000000E-40 5.49666282E-12 1.30263974E-40 1.00000000E-40 8.12229906E-33 1.00000000E-40 2.90325488E-12 6.96065258E-13 1.98086532E-08 1.34650066E-09 1.04529652E-11 3.25530713E-07 7.02833506E-11 1.94570691E-21 2.41152067E-18 4.63801613E-07 2.97972021E-35 1.96904167E-26 1.26815646E-34 9.26324574E-35 9.41147784E-39 1.00000000E-40 4.01651415E-32 9.43898394E-34 3.15566392E-11 1.00000000E-40 1.00000000E-40 3.31448326E-39 1.00000000E-40 2.34845977E-39 3.37855273E-12 8.72591358E-34 2.50324503E-34 1.00000000E-40 1.00000000E-40 1.29225791E-39 6.70091862E-38 1.91571552E-28 1.50421639E-39 2.65592121E-39 3.16568778E-14 1.82773154E-28 7.64709183E-35 2.97862000E-17 1.00000000E-05 1.00000000E-05 1.00000000E-05 1.00000000E-05 1.00000000E-05 1.00000000E-05 1.00000000E-05 1.00000000E-05 1.00000000E-05 1.00000000E-05
7.52196000E+01 3.79635000E-05 2.38369310E+15 1.15353990E+02 1.00000000E+05 6.69574470E-10 1.00000000E-40 1.00000000E-40 3.07808724E-31 1.02612044E-10 1.00000000E-40 1.00000000E-40 1.00000000E-40 1.00000000E-40 1.00000000E-40 2.27420873E-07 1.73295394E-04 5.56190780E-11 1.79811107E-11 2.09603852E-05 4.52978038E-04 9.57516980E-04 1.81502184E-01 1.56132422E-16 8.24782404E-18 1.00000000E-40 1.00000000E-40 8.70853561E-39 2.47405008E-34 1.00542197E-26 4.27216525E-11 1.38401108E-19 2.08700172E-28 1.00000000E-40 6.20457902E-28 2.92357237E-14 7.48606811E-14 3.92135836E-06 9.23971869E-05 2.97789930E-40 1.00000000E-40 6.72662182E-12 1.34278105E-40 1.00000000E-40 5.44509063E-33 2.70979361E-31 3.01206476E-12 6.31659424E-13 2.34064577E-08 1.31160025E-09 9.64519373E-12 3.29750759E-07 8.27770934E-11 1.73020197E-21 2.21960385E-18 5.23897225E-07 3.16809684E-35 1.86456428E-26 1.31485502E-34 1.00000000E-40 9.86605297E-39 1.00000000E-40 3.68212087E-32 7.88371022E-34 3.40575388E-11 1.00000000E-40 1.00000000E-40 1.00000000E-40 1.00000000E-40 1.41457032E-39 3.31401961E-12 8.91638289E-34 2.08771950E-34 1.00000000E-40 1.00000000E-40 1.00000000E-40 7.31848255E-38 2.27957799E-28 5.53900081E-39 1.00000000E-40 2.76335233E-14 7.01597450E-29 7.15635518E-35 5.45677000E-17 1.00000000E-05 1.00000000E-05 1.00000000E-05 1.00000000E-05 1.00000000E-05 1.00000000E-05 1.00000000E-05 1.00000000E-05 1.00000000E-05 1.00000000E-05
7.64041000E+01 3.19444000E-05 2.00967517E+15 1.15129226E+02 1.00000000E+05 6.27800594E-10 1.00000000E-40 1.00000000E-40 6.89360684E-32 8.27105412E-11 1.00000000E-40 1.00000000E-40 1.00000000E-40 1.00000000E-40 1.00000000E-40 2.83672531E-07 1.87387709E-04 6.03268544E-11 2.06029864E-11 2.76452528E-05 5.39504421E-04 1.14246914E-03 1.97037577E-01 1.68054961E-16 8.43781069E-18 1.00000000E-40 1.00000000E-40 8.86766660E-39 5.28239228E-34 1.05214276E-26 5.74321685E-11 1.36359307E-19 2.13327992E-28 1.00000000E-40 6.27370756E-28 2.73522134E-14 7.23409701E-14 4.83774369E-06 9.90078774E-05 3.20289464E-40 1.00000000E-40 8.14826737E-12 1.37926916E-40 1.00000000E-40 3.64204031E-33 6.57440095E-31 3.10838307E-12 5.67532899E-13 2.76623750E-08 1.28203729E-09 8.77382812E-12 3.32706432E-07 9.68545367E-11 1.54279317E-21 2.05310109E-18 5.90505775E-07 3.36748254E-35 1.75843591E-26 1.48210602E-34 1.00000000E-40 1.03404243E-38 1.00000000E-40 3.40284857E-32 6.54662220E-34 3.68392634E-11 1.00000000E-40 1.00000000E-40 6.24778988E-39 1.00000000E-40 7.76600939E-40 3.23055282E-12 9.00900234E-34 1.73665741E-34 1.00000000E-40 1.00000000E-40 1.00000000E-40 7.97814593E-38 2.71818845E-28 1.00000000E-40 1.00000000E-40 2.40667382E-14 2.62907566E-29 6.69909035E-35 9.51353000E-17 1.00000000E-05 1.00000000E-05 1.00000000E-05 1.00000000E-05 1.00000000E-05 1.00000000E-05 1.00000000E-05 1.00000000E-05 1.00000000E-05 1.00000000E-05
7.75887000E+01 2.68838000E-05 1.69451981E+15 1.14910767E+02 1.00000000E+05 5.82169322E-10 1.00000000E-40 1.00000000E-40 1.00000000E-40 6.58955908E-11 1.00000000E-40 1.00000000E-40 1.00000000E-40 1.00000000E-40 1.00000000E-40 3.50554391E-07 2.02566166E-04 6.49486082E-11 2.35115133E-11 3.62831685E-05 6.41983256E-04 1.36226016E-03 2.13886408E-01 1.79270854E-16 8.48218750E-18 1.00000000E-40 1.00000000E-40 9.75345400E-39 1.47420321E-34 1.10549650E-26 7.63521062E-11 1.32714587E-19 2.11988661E-28 1.00000000E-40 6.35687989E-28 2.53316679E-14 6.94880018E-14 5.93401600E-06 1.05981994E-04 3.42340967E-40 1.00000000E-40 9.76761709E-12 1.41443378E-40 1.00000000E-40 4.92631759E-33 1.54762635E-31 3.19108014E-12 5.04942234E-13 3.26879175E-08 1.25716392E-09 7.87082286E-12 3.34323421E-07 1.12440173E-10 1.37714056E-21 1.90781359E-18 6.64045253E-07 3.57799438E-35 1.65120635E-26 1.59549483E-34 1.00000000E-40 1.08354872E-38 1.00000000E-40 3.17264329E-32 5.41161275E-34 3.99197026E-11 1.00000000E-40 1.00000000E-40 1.00000000E-40 1.00000000E-40 8.76078430E-40 3.12970254E-12 9.00541840E-34 1.44053974E-34 1.00000000E-40 1.00000000E-40 1.00000000E-40 8.68524457E-38 3.24830964E-28 1.00000000E-40 1.19241712E-40 2.09190714E-14 9.77195047E-30 6.27815577E-35 1.59618000E-16 1.00000000E-05 1.00000000E-05 1.00000000E-05 1.00000000E-05 1.00000000E-05 1.00000000E-05 1.00000000E-05 1.00000000E-05 1.00000000E-05 1.00000000E-05
7.87733000E+01 2.26285000E-05 1.42906459E+15 1.14688699E+02 1.00000000E+05 5.33903538E-10 1.00000000E-40 1.00000000E-40 1.00000000E-40 5.18950377E-11 1.00000000E-40 1.00000000E-40 1.00000000E-40 1.00000000E-40 1.00000000E-40 4.29343083E-07 2.18872391E-04 6.92959145E-11 2.67265773E-11 4.73841723E-05 7.63078325E-04 1.62292806E-03 2.32129117E-01 1.89524168E-16 8.38433756E-18 1.00000000E-40 1.00000000E-40 9.76891680E-39 1.00000000E-40 1.16644468E-26 1.00377651E-10 1.27616328E-19 2.07493243E-28 3.33058487E-31 6.43343268E-28 2.32522953E-14 6.63560768E-14 7.23642246E-06 1.13312093E-04 3.64108214E-40 1.00000000E-40 1.15850536E-11 1.45041954E-40 1.00000000E-40 1.55408327E-33 1.00000000E-40 3.25938476E-12 4.45033900E-13 3.86205848E-08 1.23608645E-09 6.96856510E-12 3.34541130E-07 1.29369211E-10 1.22869449E-21 1.77958490E-18 7.44878864E-07 3.79945351E-35 1.54349938E-26 1.83184845E-34 1.00000000E-40 1.13517845E-38 1.00000000E-40 2.98550689E-32 4.45745314E-34 4.32910585E-11 1.00000000E-40 1.00000000E-40 9.25437290E-40 1.00000000E-40 9.34686016E-40 3.01464134E-12 8.90843644E-34 1.19132928E-34 1.00000000E-40 1.00000000E-40 1.00000000E-40 9.43250547E-38 3.89031865E-28 1.00000000E-40 1.00000000E-40 1.81573441E-14 3.78786669E-30 5.89075322E-35 2.59614000E-16 1.00000000E-05 1.00000000E-05 1.00000000E-05 1.00000000E-05 1.00000000E-05 1.00000000E-05 1.00000000E-05 1.00000000E-05 1.00000000E-05 1.00000000E-05
7.99578000E+01 1.90500000E-05 1.20528864E+15 1.14477631E+02 1.00000000E+05 4.84309077E-10 1.00000000E-40 1.00000000E-40 1.00000000E-40 4.04040598E-11 1.00000000E-40 1.00000000E-40 1.00000000E-40 1.00000000E-40 1.00000000E-40 5.21413011E-07 2.36367064E-04 7.35028782E-11 3.02676712E-11 6.15968596E-05 9.05868117E-04 1.93152470E-03 2.51857126E-01 1.98777266E-16 8.15600934E-18 1.00000000E-40 1.00000000E-40 1.16006243E-38 1.34442478E-33 1.23612040E-26 1.30585870E-10 1.21252489E-19 1.99770925E-28 1.22051528E-29 6.49471244E-28 2.11428443E-14 6.29792048E-14 8.77592974E-06 1.20988594E-04 3.86467050E-40 1.00000000E-40 1.35958039E-11 1.48862021E-40 1.00000000E-40 4.22576525E-33 1.79100194E-30 3.31174115E-12 3.88427785E-13 4.55852732E-08 1.21823551E-09 6.08746437E-12 3.33344731E-07 1.47504518E-10 1.09442880E-21 1.66571199E-18 8.33365636E-07 4.03168332E-35 1.43612996E-26 2.05516149E-34 1.02901467E-34 1.18904413E-38 1.00000000E-40 2.83591696E-32 3.66011385E-34 4.69986249E-11 1.00000000E-40 1.00000000E-40 2.15224259E-40 1.00000000E-40 7.44870927E-40 2.88508503E-12 8.72591013E-34 9.81779985E-35 1.00000000E-40 1.00000000E-40 1.28005890E-39 1.02409444E-37 4.66917201E-28 2.12576349E-39 2.70420675E-39 1.57266284E-14 1.26516874E-30 5.53943214E-35 4.11433000E-16 1.00000000E-05 1.00000000E-05 1.00000000E-05 1.00000000E-05 1.00000000E-05 1.00000000E-05 1.00000000E-05 1.00000000E-05 1.00000000E-05 1.00000000E-05
8.11424000E+01 1.60403000E-05 1.01675945E+15 1.14264411E+02 1.00000000E+05 4.34549854E-10 1.00000000E-40 1.00000000E-40 1.00000000E-40 3.11053768E-11 1.00000000E-40 1.00000000E-40 1.00000000E-40 1.00000000E-40 1.00000000E-40 6.28105631E-07 2.55078008E-04 7.73628440E-11 3.41516041E-11 7.96955060E-05 1.07380530E-03 2.29602498E-03 2.73145662E-01 2.06797630E-16 7.81255903E-18 1.00000000E-40 1.00000000E-40 1.32741027E-38 3.99332536E-33 1.31565296E-26 1.68127539E-10 1.13884750E-19 1.84473497E-28 5.31264983E-30 6.52388630E-28 1.90579950E-14 5.94239787E-14 1.05833944E-05 1.28990910E-04 4.08427864E-40 1.00000000E-40 1.57879006E-11 1.53037119E-40 1.00000000E-40 6.92142632E-33 5.40965194E-30 3.34801758E-12 3.35855764E-13 5.37524885E-08 1.20268515E-09 5.25236370E-12 3.30730060E-07 1.66592650E-10 9.72146980E-22 1.56291670E-18 9.29769251E-07 4.27402551E-35 1.32989473E-26 2.25630063E-34 1.26301159E-34 1.24519705E-38 1.00000000E-40 2.71854918E-32 2.99742809E-34 5.10199726E-11 1.00000000E-40 1.00000000E-40 5.54966062E-39 1.00000000E-40 4.35165509E-40 2.74511615E-12 8.46465699E-34 8.06194117E-35 1.00000000E-40 1.00000000E-40 1.53855012E-39 1.10984718E-37 5.61461902E-28 1.00000000E-40 1.00000000E-40 1.35987899E-14 8.04700700E-31 5.21754015E-35 6.37682000E-16 1.00000000E-05 1.00000000E-05 1.00000000E-05 1.00000000E-05 1.00000000E-05 1.00000000E-05 1.00000000E-05 1.00000000E-05 1.00000000E-05 1.00000000E-05
8.23269000E+01 1.35086000E-05 8.57829419E+14 1.14058097E+02 1.00000000E+05 3.85706144E-10 1.00000000E-40 1.00000000E-40 1.00000000E-40 2.36806368E-11 1.00000000E-40 1.00000000E-40 1.00000000E-40 1.00000000E-40 1.00000000E-40 7.50839364E-07 2.75046553E-04 8.09627360E-11 3.83915350E-11 1.02651361E-04 1.27084181E-03 2.72566462E-03 2.96078807E-01 2.13551443E-16 7.37416008E-18 1.00000000E-40 1.00000000E-40 1.18664087E-38 1.00000000E-40 1.40629038E-26 2.14368917E-10 1.05778086E-19 1.70881316E-28 1.57773674E-29 6.51426274E-28 1.70184867E-14 5.57369998E-14 1.26949922E-05 1.37294300E-04 4.30717389E-40 1.00000000E-40 1.81437068E-11 1.57630508E-40 1.00000000E-40 1.00000000E-40 1.00000000E-40 3.36736657E-12 2.87656860E-13 6.32758430E-08 1.18881947E-09 4.47589779E-12 3.26739747E-07 1.86444566E-10 8.60397434E-22 1.46900766E-18 1.03433610E-06 4.52573991E-35 1.22569425E-26 2.49917397E-34 2.75905054E-34 1.30375064E-38 1.00000000E-40 2.62863474E-32 2.44787384E-34 5.53815411E-11 1.00000000E-40 1.00000000E-40 6.19482835E-39 1.00000000E-40 1.05200382E-39 2.59587708E-12 8.13554050E-34 6.59388350E-35 1.00000000E-40 1.00000000E-40 3.29388447E-39 1.20187412E-37 6.76232977E-28 1.16196321E-40 1.70086664E-40 1.17317187E-14 5.33660888E-31 4.92286725E-35 9.69147000E-16 1.00000000E-05 1.00000000E-05 1.00000000E-05 1.00000000E-05 1.00000000E-05 1.00000000E-05 1.00000000E-05 1.00000000E-05 1.00000000E-05 1.00000000E-05
8.35115000E+01 1.13788000E-05 7.23865595E+14 1.13855823E+02 1.00000000E+05 3.38697399E-10 1.00000000E-40 1.00000000E-40 1.00000000E-40 1.78307364E-11 1.00000000E-40 1.00000000E-40 1.00000000E-40 1.00000000E-40 1.00000000E-40 8.91038318E-07 2.96297659E-04 8.42519654E-11 4.29970631E-11 1.31633045E-04 1.50140761E-03 3.23090755E-03 3.20727470E-01 2.18954166E-16 6.86287362E-18 1.00000000E-40 1.00000000E-40 1.39629340E-38 6.63022150E-34 1.50924294E-26 2.70797989E-10 9.72160093E-20 1.51239196E-28 7.01073417E-30 6.46247971E-28 1.50538252E-14 5.19790295E-14 1.51481269E-05 1.45862730E-04 4.54202003E-40 1.00000000E-40 2.06386223E-11 1.62678746E-40 1.00000000E-40 3.20110243E-33 8.87406565E-31 3.36992338E-12 2.44105607E-13 7.43312690E-08 1.17587015E-09 3.76905591E-12 3.21434961E-07 2.06839610E-10 7.58130001E-22 1.38176405E-18 1.14722094E-06 4.78561913E-35 1.12436973E-26 2.68516605E-34 7.38958346E-35 1.36478924E-38 1.00000000E-40 2.56168666E-32 1.99324402E-34 6.00742564E-11 1.00000000E-40 1.00000000E-40 1.00000000E-40 1.00000000E-40 1.05723096E-39 2.44032249E-12 7.74985777E-34 5.37110483E-35 1.00000000E-40 1.00000000E-40 8.65120047E-40 1.30003209E-37 8.15403981E-28 1.31659322E-39 1.83504689E-39 1.00961426E-14 2.18425091E-31 4.65024767E-35 1.44684000E-15 1.00000000E-05 1.00000000E-05 1.00000000E-05 1.00000000E-05 1.00000000E-05 1.00000000E-05 1.00000000E-05 1.00000000E-05 1.00000000E-05 1.00000000E-05
8.46961000E+01 9.58692000E-06 6.10996220E+14 1.13646822E+02 1.00000000E+05 2.94221487E-10 1.00000000E-40 1.00000000E-40 1.00000000E-40 1.32783940E-11 1.00000000E-40 1.00000000E-40 1.00000000E-40 1.00000000E-40 1.00000000E-40 1.04999129E-06 3.18806937E-04 8.70273246E-11 4.79648659E-11 1.68031693E-04 1.77036330E-03 3.82338172E-03 3.47133299E-01 2.22821559E-16 6.29986219E-18 1.00000000E-40 1.00000000E-40 1.63517745E-38 3.74077383E-33 1.62552878E-26 3.38998050E-10 8.84518186E-20 1.27501107E-28 1.00000000E-40 6.36574150E-28 1.31910592E-14 4.82030291E-14 1.79804443E-05 1.54642303E-04 4.77800034E-40 1.00000000E-40 2.32401993E-11 1.68189601E-40 1.00000000E-40 8.62024931E-33 5.13237020E-30 3.35580447E-12 2.05319021E-13 8.71244212E-08 1.16282009E-09 3.13852605E-12 3.14883589E-07 2.27528631E-10 6.64545711E-22 1.29892476E-18 1.26842567E-06 5.05172242E-35 1.02664643E-26 2.89341224E-34 1.00000000E-40 1.42831534E-38 1.00000000E-40 2.51342834E-32 1.61792424E-34 6.50474705E-11 1.00000000E-40 1.00000000E-40 1.00000000E-40 1.00000000E-40 3.32555711E-40 2.28181207E-12 7.31941260E-34 4.35678141E-35 1.00000000E-40 1.00000000E-40 1.00000000E-40 1.40197427E-37 9.83736959E-28 1.00000000E-40 1.00000000E-40 8.66696134E-15 1.00000000E-40 4.39325328E-35 2.12394000E-15 1.00000000E-05 1.00000000E-05 1.00000000E-05 1.00000000E-05 1.00000000E-05 1.00000000E-05 1.00000000E-05 1.00000000E-05 1.00000000E-05 1.00000000E-05
8.58806000E+01 8.07909000E-06 5.15786506E+14 1.13451224E+02 1.00000000E+05 2.52862943E-10 1.00000000E-40 1.00000000E-40 1.00000000E-40 9.77979546E-12 1.00000000E-40 1.00000000E-40 1.00000000E-40 1.00000000E-40 1.00000000E-40 1.22929878E-06 3.42616222E-04 8.96051589E-11 5.32949949E-11 2.13611229E-04 2.08332913E-03 4.51673242E-03 3.75368112E-01 2.25346687E-16 5.70820013E-18 1.00000000E-40 1.00000000E-40 1.53170515E-38 1.18978091E-35 1.75622732E-26 4.20962969E-10 7.97108595E-20 1.13376138E-28 1.69764702E-30 6.22283485E-28 1.14342229E-14 4.44471692E-14 2.12392072E-05 1.63580322E-04 5.01883587E-40 1.00000000E-40 2.59131805E-11 1.74100621E-40 1.00000000E-40 9.33920541E-34 1.00000000E-40 3.32489839E-12 1.71129350E-13 1.01779844E-07 1.14939504E-09 2.58252669E-12 3.07215297E-07 2.48472437E-10 5.79182694E-22 1.21961768E-18 1.39801166E-06 5.32226749E-35 9.33297210E-27 3.16997750E-34 1.00000000E-40 1.49450234E-38 1.00000000E-40 2.48022193E-32 1.30791149E-34 7.03508010E-11 1.00000000E-40 1.00000000E-40 1.00000000E-40 1.00000000E-40 2.18416134E-40 2.12051292E-12 6.85748483E-34 3.51807695E-35 1.00000000E-40 1.00000000E-40 1.00000000E-40 1.51090170E-37 1.18674686E-27 1.00000000E-40 1.00000000E-40 7.41216383E-15 1.00000000E-40 4.15069860E-35 3.06721000E-15 1.00000000E-05 1.00000000E-05 1.00000000E-05 1.00000000E-05 1.00000000E-05 1.00000000E-05 1.00000000E-05 1.00000000E-05 1.00000000E-05 1.00000000E-05
8.70652000E+01 6.81013000E-06 4.35609339E+14 1.13233502E+02 1.00000000E+05 2.14964451E-10 1.00000000E-40 1.00000000E-40 1.00000000E-40 7.12337882E-12 1.00000000E-40 1.00000000E-40 1.00000000E-40 1.00000000E-40 1.00000000E-40 1.42998311E-06 3.67610463E-04 9.13750693E-11 5.89600663E-11 2.70308277E-04 2.44609205E-03 5.32519968E-03 4.05407822E-01 2.26143211E-16 5.10538326E-18 1.00000000E-40 1.00000000E-40 1.63625350E-38 1.12881944E-35 1.90167687E-26 5.18358293E-10 7.11805000E-20 9.30003758E-29 1.00000000E-40 6.03240007E-28 9.81504483E-15 4.07636473E-14 2.49580472E-05 1.72588709E-04 5.26639160E-40 1.00000000E-40 2.86105137E-11 1.80391053E-40 1.00000000E-40 8.20306568E-34 1.00000000E-40 3.27839399E-12 1.41461674E-13 1.18575532E-07 1.13409319E-09 2.10324152E-12 2.98511122E-07 2.69367638E-10 5.01501858E-22 1.14151875E-18 1.53564201E-06 5.59370438E-35 8.44774446E-27 3.43643336E-34 1.00000000E-40 1.56320528E-38 1.00000000E-40 2.45816634E-32 1.05323639E-34 7.58137700E-11 1.00000000E-40 1.00000000E-40 1.00000000E-40 1.00000000E-40 1.88232232E-40 1.96155387E-12 6.37579706E-34 2.82898261E-35 1.00000000E-40 1.00000000E-40 1.00000000E-40 1.61856060E-37 1.43025700E-27 1.00000000E-40 1.00000000E-40 6.32046111E-15 1.00000000E-40 3.91455669E-35 4.35767000E-15 1.00000000E-05 1.00000000E-05 1.00000000E-05 1.00000000E-05 1.00000000E-05 1.00000000E-05 1.00000000E-05 1.00000000E-05 1.00000000E-05 1.00000000E-05
8.82497000E+01 5.74207000E-06 3.67960653E+14 1.13027421E+02 1.00000000E+05 1.80732222E-10 1.00000000E-40 1.00000000E-40 1.00000000E-40 5.12970394E-12 1.00000000E-40 1.00000000E-40 1.00000000E-40 1.00000000E-40 1.00000000E-40 1.65362399E-06 3.93789287E-04 9.28788685E-11 6.49397773E-11 3.40715178E-04 2.86534411E-03 6.26566963E-03 4.37281726E-01 2.25535046E-16 4.50942782E-18 1.00000000E-40 1.00000000E-40 1.74184736E-38 1.00431835E-35 2.06217116E-26 6.33735114E-10 6.29835836E-20 7.95268575E-29 1.00000000E-40 5.79550413E-28 8.32300918E-15 3.71606777E-14 2.91904758E-05 1.81581669E-04 5.51087200E-40 1.00000000E-40 3.12865548E-11 1.86917471E-40 1.00000000E-40 6.11440375E-34 1.00000000E-40 3.21537363E-12 1.15875329E-13 1.37560771E-07 1.11706176E-09 1.69288499E-12 2.88928961E-07 2.90361639E-10 4.31280581E-22 1.06471349E-18 1.68112640E-06 5.86292870E-35 7.61605505E-27 3.71367480E-34 1.00000000E-40 1.63455388E-38 1.00000000E-40 2.44415355E-32 8.43392719E-35 8.15228938E-11 1.00000000E-40 1.00000000E-40 1.00000000E-40 1.00000000E-40 1.37829740E-40 1.80298390E-12 5.88548771E-34 2.26420830E-35 1.00000000E-40 1.00000000E-40 1.00000000E-40 1.72972978E-37 1.72073352E-27 1.00000000E-40 1.00000000E-40 5.36240142E-15 1.00000000E-40 3.68533936E-35 6.09034000E-15 1.00000000E-05 1.00000000E-05 1.00000000E-05 1.00000000E-05 1.00000000E-05 1.00000000E-05 1.00000000E-05 1.00000000E-05 1.00000000E-05 1.00000000E-05
8.94343000E+01 4.84297000E-06 3.10936912E+14 1.12812238E+02 1.00000000E+05 1.50263995E-10 1.00000000E-40 1.00000000E-40 1.00000000E-40 3.65225464E-12 1.00000000E-40 1.00000000E-40 1.00000000E-40 1.00000000E-40 1.00000000E-40 1.90125611E-06 4.21010371E-04 9.38043396E-11 7.11915454E-11 4.27723185E-04 3.34792215E-03 7.35575110E-03 4.70921398E-01 2.23343208E-16 3.93364416E-18 1.00000000E-40 1.00000000E-40 1.84777914E-38 8.94732176E-36 2.23698324E-26 7.69227263E-10 5.52206510E-20 6.40417850E-29 1.00000000E-40 5.51366864E-28 6.97182244E-15 3.36678091E-14 3.39721442E-05 1.90442759E-04 5.75278848E-40 1.00000000E-40 3.38859275E-11 1.93581151E-40 1.00000000E-40 4.60160805E-34 1.00000000E-40 3.13672544E-12 9.40590633E-14 1.58933835E-07 1.09743705E-09 1.34836523E-12 2.78582485E-07 3.11350340E-10 3.68171542E-22 9.88147579E-19 1.83386525E-06 6.12503959E-35 6.84028147E-27 3.99195656E-34 1.00000000E-40 1.70838727E-38 1.00000000E-40 2.43484536E-32 6.71358921E-35 8.73442661E-11 1.00000000E-40 1.00000000E-40 1.00000000E-40 1.00000000E-40 1.01845282E-40 1.64756333E-12 5.39627832E-34 1.80419986E-35 1.00000000E-40 1.00000000E-40 1.00000000E-40 1.83790732E-37 2.06454028E-27 1.00000000E-40 1.00000000E-40 4.52685337E-15 1.00000000E-40 3.45868298E-35 8.37370000E-15 1.00000000E-05 1.00000000E-05 1.00000000E-05 1.00000000E-05 1.00000000E-05 1.00000000E-05 1.00000000E-05 1.00000000E-05 1.00000000E-05 1.00000000E-05
9.06189000E+01 4.08600000E-06 2.62830829E+14 1.12600100E+02 1.00000000E+05 1.23502591E-10 1.00000000E-40 1.00000000E-40 1.00000000E-40 2.57019813E-12 1.00000000E-40 1.00000000E-40 1.00000000E-40 1.00000000E-40 1.00000000E-40 2.17418080E-06 4.49163998E-04 9.43505188E-11 7.76651329E-11 5.34950863E-04 3.90129514E-03 8.61525379E-03 5.06259450E-01 2.19716335E-16 3.38942065E-18 1.00000000E-40 1.00000000E-40 1.95844038E-38 7.97823877E-36 2.42476221E-26 9.27628155E-10 4.79684340E-20 5.62507025E-29 9.94548807E-30 5.19041189E-28 5.76136214E-15 3.03013587E-14 3.93486182E-05 1.99044307E-04 5.98531943E-40 1.00000000E-40 3.63532911E-11 2.00235669E-40 1.00000000E-40 3.59485532E-34 1.00000000E-40 3.04265743E-12 7.56192303E-14 1.82721407E-07 1.07502226E-09 1.06218043E-12 2.67615563E-07 3.32505312E-10 3.11863652E-22 9.11718186E-19 1.99321723E-06 6.37475778E-35 6.12222882E-27 4.26865416E-34 1.01543873E-40 1.78464040E-38 1.00000000E-40 2.42732187E-32 5.30588179E-35 9.32598491E-11 1.00000000E-40 1.00000000E-40 1.00000000E-40 1.00000000E-40 1.00000000E-40 1.49547770E-12 4.91667443E-34 1.43116466E-35 1.00000000E-40 1.00000000E-40 1.00000000E-40 1.94283339E-37 2.46793653E-27 1.00000000E-40 1.00000000E-40 3.79736004E-15 1.00000000E-40 3.23382149E-35 1.13298000E-14 1.00000000E-05 1.00000000E-05 1.00000000E-05 1.00000000E-05 1.00000000E-05 1.00000000E-05 1.00000000E-05 1.00000000E-05 1.00000000E-05 1.00000000E-05
9.18034000E+01 3.44859000E-06 2.22248737E+14 1.12387751E+02 1.00000000E+05 1.00322641E-10 1.00000000E-40 1.00000000E-40 1.00000000E-40 1.78755876E-12 1.00000000E-40 1.00000000E-40 1.00000000E-40 1.00000000E-40 1.00000000E-40 2.47367050E-06 4.78097767E-04 9.44899065E-11 8.43015253E-11 6.66645564E-04 4.53324670E-03 1.00654613E-02 5.43174627E-01 2.14712336E-16 2.88517481E-18 1.00000000E-40 1.00000000E-40 2.08986193E-38 7.11989530E-36 2.62311434E-26 1.11171541E-09 4.12826331E-20 3.93075004E-29 1.00000000E-40 4.83061499E-28 4.69458954E-15 2.70837391E-14 4.53558944E-05 2.07242213E-04 6.20484180E-40 1.00000000E-40 3.86303152E-11 2.06743330E-40 1.00000000E-40 2.91385032E-34 1.00000000E-40 2.93438391E-12 6.01990481E-14 2.08945103E-07 1.04940124E-09 8.27689981E-13 2.56161977E-07 3.53983037E-10 2.62000636E-22 8.35274723E-19 2.15829504E-06 6.60563665E-35 5.46215330E-27 4.53607622E-34 1.00000000E-40 1.86315318E-38 1.00000000E-40 2.41875358E-32 4.16065747E-35 9.91753216E-11 1.00000000E-40 1.00000000E-40 1.00000000E-40 1.00000000E-40 1.00000000E-40 1.34811126E-12 4.45367868E-34 1.13045367E-35 1.63088334E-40 1.00000000E-40 1.00000000E-40 2.04091199E-37 2.93639264E-27 1.00000000E-40 1.00000000E-40 3.16322551E-15 1.00000000E-40 3.00977515E-35 1.50964000E-14 1.00000000E-05 1.00000000E-05 1.00000000E-05 1.00000000E-05 1.00000000E-05 1.00000000E-05 1.00000000E-05 1.00000000E-05 1.00000000E-05 1.00000000E-05
9.29880000E+01 2.91177000E-06 1.88031238E+14 1.12161492E+02 1.00000000E+05 8.04963884E-11 1.00000000E-40 1.00000000E-40 1.00000000E-40 1.22820999E-12 1.00000000E-40 1.00000000E-40 1.00000000E-40 1.00000000E-40 1.00000000E-40 2.80019479E-06 5.07494374E-04 9.39818472E-11 9.09931272E-11 8.27705027E-04 5.25105528E-03 1.17274622E-02 5.81421969E-01 2.08214670E-16 2.42544622E-18 1.00000000E-40 1.00000000E-40 2.31624273E-38 6.35958566E-36 2.82809910E-26 1.32414993E-09 3.51849202E-20 2.02695728E-29 1.00000000E-40 4.44017903E-28 3.77053480E-15 2.40269420E-14 5.20153514E-05 2.14852405E-04 6.41366795E-40 1.00000000E-40 4.06528141E-11 2.12966869E-40 1.00000000E-40 2.43125963E-34 1.00000000E-40 2.81242430E-12 4.74427673E-14 2.37612690E-07 1.01983462E-09 6.38345109E-13 2.44320862E-07 3.75930435E-10 2.18155575E-22 7.58494151E-19 2.32769064E-06 6.80922677E-35 4.85857235E-27 4.77889380E-34 1.00000000E-40 1.94345345E-38 1.00000000E-40 2.40618405E-32 3.23511192E-35 1.04907615E-10 1.00000000E-40 1.00000000E-40 1.00000000E-40 1.00000000E-40 1.00000000E-40 1.20683099E-12 4.01254665E-34 8.89310143E-36 8.38165058E-40 1.00000000E-40 1.00000000E-40 2.12394481E-37 3.47351222E-27 1.00000000E-40 1.00000000E-40 2.61468995E-15 2.42716910E-32 2.78516530E-35 1.98335000E-14 1.00000000E-05 1.00000000E-05 1.00000000E-05 1.00000000E-05 1.00000000E-05 1.00000000E-05 1.00000000E-05 1.00000000E-05 1.00000000E-05 1.00000000E-05
9.41725000E+01 2.45958000E-06 1.59119423E+14 1.11957831E+02 1.00000000E+05 6.37596970E-11 1.00000000E-40 1.00000000E-40 1.00000000E-40 8.33579838E-13 1.00000000E-40 1.00000000E-40 1.00000000E-40 1.00000000E-40 1.00000000E-40 3.15630987E-06 5.37323544E-04 9.34948070E-11 9.77048763E-11 1.02463988E-03 6.06360848E-03 1.36276221E-02 6.20889269E-01 2.00773233E-16 2.01489539E-18 1.00000000E-40 3.02665614E-40 2.97895097E-38 5.68902536E-36 3.03572731E-26 1.56930244E-09 2.96996233E-20 2.13030413E-29 1.00000000E-40 4.02769636E-28 2.98003190E-15 2.11468215E-14 5.93730015E-05 2.21726663E-04 6.60763867E-40 1.00000000E-40 4.23722553E-11 2.18721393E-40 1.00000000E-40 2.07382727E-34 1.00000000E-40 2.67852129E-12 3.69830291E-14 2.68306839E-07 9.87103851E-10 4.86339359E-13 2.32265982E-07 3.98977132E-10 1.80026496E-22 6.82692262E-19 2.50048522E-06 6.97828000E-35 4.31066313E-27 5.00465499E-34 1.00000000E-40 2.02562006E-38 1.00000000E-40 2.38758836E-32 2.49009509E-35 1.10556122E-10 1.00000000E-40 1.00000000E-40 1.00000000E-40 1.00000000E-40 1.00000000E-40 1.07100350E-12 3.59714301E-34 6.96999382E-36 4.21453537E-39 1.00000000E-40 1.00000000E-40 2.19958417E-37 4.08184378E-27 1.00000000E-40 1.00000000E-40 2.14064162E-15 2.01551934E-32 2.56270562E-35 2.57372000E-14 1.00000000E-05 1.00000000E-05 1.00000000E-05 1.00000000E-05 1.00000000E-05 1.00000000E-05 1.00000000E-05 1.00000000E-05 1.00000000E-05 1.00000000E-05
9.53571000E+01 2.07861000E-06 1.34772538E+14 1.11709041E+02 1.00000000E+05 4.98350380E-11 1.00000000E-40 1.00000000E-40 1.00000000E-40 5.58724239E-13 1.00000000E-40 1.00000000E-40 1.00000000E-40 1.00000000E-40 1.00000000E-40 3.54078672E-06 5.66928487E-04 9.18642801E-11 1.04245959E-10 1.26365866E-03 6.97608050E-03 1.57844710E-02 6.61030693E-01 1.91759945E-16 1.65227343E-18 1.00000000E-40 1.29245959E-39 5.32512599E-38 5.11226951E-36 3.23878514E-26 1.84812267E-09 2.48008213E-20 1.53137776E-29 1.00000000E-40 3.60056227E-28 2.32108318E-15 1.84522632E-14 6.73817204E-05 2.27624268E-04 6.84447316E-40 1.00000000E-40 4.37147167E-11 2.23932097E-40 1.00000000E-40 1.80689816E-34 1.00000000E-40 2.53379483E-12 2.85309683E-14 3.01222268E-07 9.49377555E-10 3.67137181E-13 2.20017619E-07 4.22991233E-10 1.47043312E-22 6.06926201E-19 2.67402192E-06 7.09997400E-35 3.81397247E-27 5.17209908E-34 1.00000000E-40 2.10843419E-38 1.00000000E-40 2.35967109E-32 1.89928819E-35 1.15574988E-10 1.00000000E-40 1.00000000E-40 1.00000000E-40 1.00000000E-40 1.00000000E-40 9.43838427E-13 3.20964902E-34 5.44722817E-36 2.00280228E-38 1.00000000E-40 1.00000000E-40 2.24281212E-37 4.75848685E-27 1.00000000E-40 1.00000000E-40 1.73724941E-15 1.00000000E-40 2.33969064E-35 3.30657000E-14 1.00000000E-05 1.00000000E-05 1.00000000E-05 1.00000000E-05 1.00000000E-05 1.00000000E-05 1.00000000E-05 1.00000000E-05 1.00000000E-05 1.00000000E-05
9.65417000E+01 1.75757000E-06 1.14180048E+14 1.11490824E+02 1.00000000E+05 3.83522579E-11 1.00000000E-40 1.00000000E-40 1.00000000E-40 3.69638169E-13 1.00000000E-40 1.00000000E-40 1.00000000E-40 1.00000000E-40 1.00000000E-40 3.95696054E-06 5.96281241E-04 9.03798997E-11 1.10591056E-10 1.55469069E-03 7.99655146E-03 1.82268143E-02 7.01658410E-01 1.82028744E-16 1.33804583E-18 1.00000000E-40 5.20211808E-39 1.37473240E-37 4.66603493E-36 3.43154280E-26 2.16722752E-09 2.04771989E-20 1.62517804E-29 1.07969065E-29 3.16947509E-28 1.77531358E-15 1.59414212E-14 7.60857828E-05 2.32376609E-04 7.23983055E-40 1.00000000E-40 4.46453384E-11 2.28422624E-40 1.00000000E-40 1.60481779E-34 1.00000000E-40 2.37891619E-12 2.17380727E-14 3.35352788E-07 9.08611528E-10 2.73534635E-13 2.07747147E-07 4.49094090E-10 1.18919553E-22 5.33506075E-19 2.84704193E-06 7.16538374E-35 3.36641265E-27 5.30458990E-34 1.00000000E-40 2.19193589E-38 1.00000000E-40 2.32092528E-32 1.43020274E-35 1.20290827E-10 1.00000000E-40 1.00000000E-40 1.00000000E-40 1.90958512E-40 1.00000000E-40 8.22732473E-13 2.85092418E-34 4.24555894E-36 8.74971544E-38 1.00000000E-40 1.00000000E-40 2.27266445E-37 5.49951685E-27 1.00000000E-40 1.00000000E-40 1.39261436E-15 1.00000000E-40 2.12004175E-35 4.21947000E-14 1.00000000E-05 1.00000000E-05 1.00000000E-05 1.00000000E-05 1.00000000E-05 1.00000000E-05 1.00000000E-05 1.00000000E-05 1.00000000E-05 1.00000000E-05
9.77262000E+01 1.48698000E-06 9.68086438E+13 1.11251970E+02 1.00000000E+05 2.90595077E-11 1.00000000E-40 1.00000000E-40 1.00000000E-40 2.41525990E-13 1.00000000E-40 1.00000000E-40 1.00000000E-40 1.00000000E-40 1.00000000E-40 4.40461951E-06 6.24783012E-04 8.83145667E-11 1.16601816E-10 1.90763869E-03 9.12820616E-03 2.09734948E-02 7.42139737E-01 1.71255774E-16 1.06919792E-18 1.00000000E-40 1.92130074E-38 4.14579782E-37 4.48495357E-36 3.60536430E-26 2.52805025E-09 1.66865545E-20 6.83882103E-30 1.00000000E-40 2.74347929E-28 1.33379843E-15 1.36188428E-14 8.53932095E-05 2.35769741E-04 8.21495018E-40 1.00000000E-40 4.51091300E-11 2.32290703E-40 1.00000000E-40 1.45539798E-34 1.00000000E-40 2.21564414E-12 1.63503884E-14 3.70585471E-07 8.64215694E-10 2.01871003E-13 1.95485588E-07 4.77436343E-10 9.51603121E-23 4.62640050E-19 3.01651089E-06 7.16044526E-35 2.96302417E-27 5.37044841E-34 1.00000000E-40 2.27486855E-38 1.00000000E-40 2.26868409E-32 1.06351068E-35 1.24273830E-10 2.38009598E-40 1.00000000E-40 1.00000000E-40 7.87004228E-40 1.00000000E-40 7.09676286E-13 2.52096324E-34 3.30539039E-36 3.45400857E-37 1.00000000E-40 1.00000000E-40 2.27102727E-37 6.29378699E-27 1.00000000E-40 1.00000000E-40 1.10324965E-15 1.00000000E-40 1.90305224E-35 5.37409000E-14 1.00000000E-05 1.00000000E-05 1.00000000E-05 1.00000000E-05 1.00000000E-05 1.00000000E-05 1.00000000E-05 1.00000000E-05 1.00000000E-05 1.00000000E-05
9.89108000E+01 1.25886000E-06 8.21357629E+13 1.11009937E+02 1.00000000E+05 2.16182055E-11 1.00000000E-40 1.00000000E-40 1.00000000E-40 1.55763829E-13 1.00000000E-40 1.00000000E-40 1.00000000E-40 1.00000000E-40 1.00000000E-40 4.88470113E-06 6.51969773E-04 8.59191939E-11 1.22173443E-10 2.33602447E-03 1.03725844E-02 2.40440280E-02 7.81889648E-01 1.59659100E-16 8.42387768E-19 1.00000000E-40 6.41533737E-38 1.23146896E-36 4.93898933E-36 3.75149057E-26 2.93536437E-09 1.33948693E-20 1.00000000E-40 1.00000000E-40 2.33225043E-28 9.82140821E-16 1.14810091E-14 9.52324844E-05 2.37606546E-04 1.07911195E-39 1.00000000E-40 4.50736042E-11 2.35983022E-40 1.00000000E-40 1.34964095E-34 1.00000000E-40 2.04456901E-12 1.21202548E-14 4.06112084E-07 8.17014484E-10 1.47435900E-13 1.83303527E-07 5.08854745E-10 7.53342599E-23 3.95500460E-19 3.17958899E-06 7.07209433E-35 2.59942995E-27 5.36663122E-34 1.00000000E-40 2.35624041E-38 1.00000000E-40 2.20100181E-32 7.78834665E-36 1.27492029E-10 7.40158880E-40 1.00000000E-40 1.00000000E-40 2.89114067E-39 1.00000000E-40 6.04202554E-13 2.21993259E-34 2.57448573E-36 1.22298361E-36 1.00000000E-40 1.00000000E-40 2.23929263E-37 7.12582639E-27 1.00000000E-40 1.00000000E-40 8.61955017E-16 1.31101225E-32 1.69005962E-35 6.88593000E-14 1.00000000E-05 1.00000000E-05 1.00000000E-05 1.00000000E-05 1.00000000E-05 1.00000000E-05 1.00000000E-05 1.00000000E-05 1.00000000E-05 1.00000000E-05
1.00095000E+02 1.06648000E-06 6.97240792E+13 1.10786450E+02 1.00000000E+05 1.57526833E-11 1.00000000E-40 1.00000000E-40 1.00000000E-40 9.91648390E-14 1.00000000E-40 1.00000000E-40 1.00000000E-40 1.00000000E-40 1.00000000E-40 5.40088793E-06 6.77656881E-04 8.35915548E-11 1.27348110E-10 2.85816829E-03 1.17304635E-02 2.74617432E-02 8.20449286E-01 1.47624223E-16 6.54230255E-19 1.08642805E-40 1.92458565E-37 3.36826127E-36 6.87526835E-36 3.86121812E-26 3.39524991E-09 1.05689974E-20 5.61717892E-30 2.77065648E-30 1.94512917E-28 7.07038858E-16 9.53051926E-15 1.05502085E-04 2.37788811E-04 1.71177299E-39 1.00000000E-40 4.45336659E-11 2.40684429E-40 1.00000000E-40 1.28392132E-34 1.00000000E-40 1.86783453E-12 8.83783982E-15 4.41085676E-07 7.68483832E-10 1.06461633E-13 1.71303100E-07 5.44381387E-10 5.90595533E-23 3.33607167E-19 3.33396335E-06 6.88941933E-35 2.27159916E-27 5.29965258E-34 1.00000000E-40 2.43551800E-38 1.00000000E-40 2.11670354E-32 5.60125812E-36 1.30056930E-10 2.11762883E-39 1.00000000E-40 1.00000000E-40 9.46550038E-39 1.00000000E-40 5.06199030E-13 1.94868676E-34 2.01379535E-36 3.87653920E-36 1.00000000E-40 1.00000000E-40 2.18401496E-37 7.97692597E-27 1.00000000E-40 1.00000000E-40 6.63351211E-16 3.95136729E-32 1.48310163E-35 8.99078000E-14 1.00000000E-05 1.00000000E-05 1.00000000E-05 1.00000000E-05 1.00000000E-05 1.00000000E-05 1.00000000E-05 1.00000000E-05 1.00000000E-05 1.00000000E-05
1.01280000E+02 9.04203000E-07 5.92552963E+13 1.10523718E+02 1.00000000E+05 1.12230117E-11 1.00000000E-40 1.00000000E-40 1.00000000E-40 6.23113106E-14 1.00000000E-40 1.00000000E-40 1.00000000E-40 1.00000000E-40 1.00000000E-40 5.94981462E-06 7.00847531E-04 8.05214021E-11 1.31921130E-10 3.49462772E-03 1.31890767E-02 3.12241758E-02 8.56712378E-01 1.34719550E-16 4.99628781E-19 1.22733519E-40 5.17846757E-37 8.30626252E-36 1.19128922E-35 3.92102685E-26 3.90912484E-09 8.16281467E-21 3.59526887E-30 1.00000000E-40 1.58882797E-28 4.96731948E-16 7.76116024E-15 1.15938405E-04 2.36138798E-04 3.10348187E-39 1.00000000E-40 4.34704175E-11 2.48712288E-40 1.00000000E-40 1.26176835E-34 1.00000000E-40 1.68551152E-12 6.32749798E-15 4.75391806E-07 7.18300734E-10 7.63967331E-14 1.59454129E-07 5.84592533E-10 4.58411531E-23 2.76978299E-19 3.47477455E-06 6.59839734E-35 1.97388193E-27 5.13321729E-34 1.00000000E-40 2.51031309E-38 1.00000000E-40 2.01349986E-32 3.94785049E-36 1.31507230E-10 5.45730471E-39 1.00000000E-40 1.00000000E-40 2.76574531E-38 1.00000000E-40 4.16638682E-13 1.70891252E-34 1.59237788E-36 1.10034392E-35 1.00000000E-40 1.00000000E-40 2.08501879E-37 8.81760800E-27 1.00000000E-40 1.00000000E-40 5.02591803E-16 2.04937298E-32 1.28153513E-35 1.21736000E-13 1.00000000E-05 1.00000000E-05 1.00000000E-05 1.00000000E-05 1.00000000E-05 1.00000000E-05 1.00000000E-05 1.00000000E-05 1.00000000E-05 1.00000000E-05
1.02464000E+02 7.67278000E-07 5.03849455E+13 1.10298262E+02 1.00000000E+05 7.75501662E-12 1.00000000E-40 1.00000000E-40 1.00000000E-40 3.85744774E-14 1.00000000E-40 1.00000000E-40 1.00000000E-40 1.00000000E-40 1.00000000E-40 6.53693916E-06 7.21598305E-04 7.77493834E-11 1.36044718E-10 4.27954507E-03 1.47384773E-02 3.53494343E-02 8.90298394E-01 1.21673437E-16 3.74935739E-19 1.43903099E-40 1.25118096E-36 1.83619400E-35 2.25958177E-35 3.91940097E-26 4.49237033E-09 6.15697879E-21 1.27556360E-30 1.00000000E-40 1.26993696E-28 3.38757654E-16 6.17814024E-15 1.26420090E-04 2.32655014E-04 5.77532766E-39 1.00000000E-40 4.19358551E-11 2.63451834E-40 1.00000000E-40 1.28857768E-34 1.00000000E-40 1.49962032E-12 4.43233641E-15 5.07576702E-07 6.68711317E-10 5.41439524E-14 1.47881484E-07 6.31798104E-10 3.53274528E-23 2.27052368E-19 3.60012434E-06 6.19630389E-35 1.70314751E-27 4.90220657E-34 1.00000000E-40 2.58041168E-38 1.00000000E-40 1.89154723E-32 2.70908091E-36 1.32427361E-10 1.26175459E-38 1.00000000E-40 1.00000000E-40 7.24565720E-38 1.09195972E-40 3.34801273E-13 1.50396814E-34 1.28870030E-36 2.80436258E-35 1.00000000E-40 1.00000000E-40 1.96598732E-37 9.62081142E-27 1.00000000E-40 1.00000000E-40 3.73709154E-16 1.17044881E-32 1.08840350E-35 1.73767000E-13 1.00000000E-05 1.00000000E-05 1.00000000E-05 1.00000000E-05 1.00000000E-05 1.00000000E-05 1.00000000E-05 1.00000000E-05 1.00000000E-05 1.00000000E-05
1.03649000E+02 6.51701000E-07 4.28934554E+13 1.10045952E+02 1.00000000E+05 5.18681834E-12 1.00000000E-40 1.00000000E-40 1.00000000E-40 2.35230242E-14 1.00000000E-40 1.00000000E-40 1.00000000E-40 1.00000000E-40 1.00000000E-40 7.15727226E-06 7.38992348E-04 7.45726489E-11 1.39498868E-10 5.25159781E-03 1.63467165E-02 3.98140989E-02 9.20019878E-01 1.08172392E-16 2.75644300E-19 1.77057496E-40 2.71668893E-36 3.63058009E-35 4.19724381E-35 3.83914834E-26 5.15411858E-09 4.52021105E-21 1.30612154E-30 1.00000000E-40 9.91604359E-29 2.23578339E-16 4.78629465E-15 1.36611138E-04 2.27257646E-04 1.02607829E-38 1.00000000E-40 3.99658001E-11 2.88733051E-40 1.00000000E-40 1.37358904E-34 1.19391440E-40 1.31166079E-12 3.02939364E-15 5.37625573E-07 6.19205468E-10 3.81674504E-14 1.36563413E-07 6.87921585E-10 2.70665835E-23 1.83401576E-19 3.70497520E-06 5.68244233E-35 1.45523015E-27 4.57747169E-34 1.00000000E-40 2.64325140E-38 1.00000000E-40 1.75000560E-32 1.80376332E-36 1.32442537E-10 2.61395705E-38 1.00000000E-40 1.00000000E-40 1.70467843E-37 1.76609722E-40 2.62074614E-13 1.33630310E-34 1.08789741E-36 6.43209736E-35 1.00000000E-40 1.00000000E-40 1.81012434E-37 1.03449847E-26 1.00000000E-40 1.00000000E-40 2.72460598E-16 1.19502025E-32 9.04373024E-36 2.62761000E-13 1.00000000E-05 1.00000000E-05 1.00000000E-05 1.00000000E-05 1.00000000E-05 1.00000000E-05 1.00000000E-05 1.00000000E-05 1.00000000E-05 1.00000000E-05
1.04834000E+02 5.54103000E-07 3.65490239E+13 1.09807356E+02 1.00000000E+05 3.31239037E-12 1.00000000E-40 1.00000000E-40 1.00000000E-40 1.40717609E-14 1.00000000E-40 1.00000000E-40 1.00000000E-40 1.00000000E-40 1.00000000E-40 7.80911094E-06 7.52757167E-04 7.14556164E-11 1.42133251E-10 6.46602334E-03 1.79753245E-02 4.45981068E-02 9.45171896E-01 9.46533009E-17 1.98110351E-19 2.28455598E-40 5.30699788E-36 6.41658075E-35 7.22823806E-35 3.66685367E-26 5.92404783E-09 3.23342934E-21 1.00000000E-40 1.00000000E-40 7.55540434E-29 1.42119205E-16 3.59680180E-15 1.46354687E-04 2.19909937E-04 1.67640765E-38 1.00000000E-40 3.76476714E-11 3.27068584E-40 1.00000000E-40 1.51894820E-34 1.98470012E-40 1.12472045E-12 2.01360446E-15 5.63981838E-07 5.70141189E-10 2.66324049E-14 1.25571914E-07 7.57514286E-10 2.06726711E-23 1.45994706E-19 3.78631623E-06 5.07154750E-35 1.22824472E-27 4.18097334E-34 1.00000000E-40 2.69763039E-38 1.00000000E-40 1.59028379E-32 1.15746508E-36 1.31864783E-10 4.86628281E-38 1.00000000E-40 1.00000000E-40 3.61097382E-37 2.65864980E-40 1.98916340E-13 1.20628927E-34 9.77157983E-37 1.33236445E-34 1.00000000E-40 1.00000000E-40 1.63111439E-37 1.09446221E-26 1.00000000E-40 1.00000000E-40 1.93962386E-16 1.00000000E-40 7.32630534E-36 4.15812000E-13 1.00000000E-05 1.00000000E-05 1.00000000E-05 1.00000000E-05 1.00000000E-05 1.00000000E-05 1.00000000E-05 1.00000000E-05 1.00000000E-05 1.00000000E-05
1.06018000E+02 4.71639000E-07 3.11729897E+13 1.09584207E+02 1.00000000E+05 1.99135573E-12 1.00000000E-40 1.00000000E-40 1.00000000E-40 8.22731054E-15 1.00000000E-40 1.00000000E-40 1.00000000E-40 1.00000000E-40 1.00000000E-40 8.48718996E-06 7.62645957E-04 6.85193575E-11 1.43628969E-10 7.98935884E-03 1.95713312E-02 4.96613090E-02 9.65053291E-01 8.14279979E-17 1.38949006E-19 3.04073470E-40 9.33378366E-36 1.01386267E-34 1.12925086E-34 3.39600171E-26 6.84388313E-09 2.26550374E-21 1.00000000E-40 9.78022921E-30 5.61127954E-29 8.67487067E-17 2.61843336E-15 1.55521877E-04 2.10579768E-04 2.48531298E-38 1.00000000E-40 3.50824141E-11 3.77470190E-40 1.00000000E-40 1.71475564E-34 2.94843665E-40 9.43539315E-13 1.29892545E-15 5.85107382E-07 5.20944194E-10 1.83708981E-14 1.14975761E-07 8.47461933E-10 1.57832860E-23 1.14325063E-19 3.84126199E-06 4.39115652E-35 1.02147523E-27 3.72553337E-34 1.00000000E-40 2.74225833E-38 1.00000000E-40 1.41523510E-32 7.12606866E-37 1.30737877E-10 8.17253254E-38 1.00000000E-40 1.00000000E-40 6.89642171E-37 3.63394139E-40 1.46173416E-13 1.10915913E-34 9.40662268E-37 2.50219030E-34 1.00000000E-40 1.00000000E-40 1.43504936E-37 1.13627101E-26 1.00000000E-40 1.00000000E-40 1.34356361E-16 1.00000000E-40 5.76598822E-36 6.72942000E-13 1.00000000E-05 1.00000000E-05 1.00000000E-05 1.00000000E-05 1.00000000E-05 1.00000000E-05 1.00000000E-05 1.00000000E-05 1.00000000E-05 1.00000000E-05
1.07203000E+02 4.01911000E-07 2.66199128E+13 1.09355336E+02 1.00000000E+05 1.10132125E-12 1.00000000E-40 1.00000000E-40 1.00000000E-40 4.67216954E-15 1.00000000E-40 1.00000000E-40 1.00000000E-40 1.00000000E-40 1.00000000E-40 9.17791997E-06 7.68186875E-04 6.55721326E-11 1.43339677E-10 9.89210496E-03 2.10632869E-02 5.49255792E-02 9.78803924E-01 6.87123168E-17 9.49391940E-20 4.07210471E-40 1.47984816E-35 1.43511312E-34 1.59003520E-34 3.03310041E-26 7.97212397E-09 1.57170800E-21 7.28859984E-31 6.07272791E-30 4.05736371E-29 5.08021331E-17 1.84823849E-15 1.64026047E-04 1.99171502E-04 3.34579223E-38 1.00000000E-40 3.23661372E-11 4.34176331E-40 1.00000000E-40 1.93525006E-34 3.93615192E-40 7.73118359E-13 8.12858304E-16 5.98910619E-07 4.70293719E-10 1.25237512E-14 1.04829295E-07 9.68937327E-10 1.20655571E-23 8.75914900E-20 3.86644592E-06 3.67926749E-35 8.35212243E-28 3.22032936E-34 1.00000000E-40 2.77524286E-38 1.00000000E-40 1.22935950E-32 4.19962251E-37 1.28776037E-10 1.24599752E-37 1.00000000E-40 1.00000000E-40 1.18904965E-36 4.46928898E-40 1.04169657E-13 1.03506899E-34 9.54360818E-37 4.27892346E-34 1.00000000E-40 1.00000000E-40 1.22437838E-37 1.15306962E-26 1.00000000E-40 1.00000000E-40 9.01652408E-17 1.00000000E-40 4.39460861E-36 1.08875000E-12 1.00000000E-05 1.00000000E-05 1.00000000E-05 1.00000000E-05 1.00000000E-05 1.00000000E-05 1.00000000E-05 1.00000000E-05 1.00000000E-05 1.00000000E-05
1.08387000E+02 3.42899000E-07 2.27552961E+13 1.09144145E+02 1.00000000E+05 5.28250240E-13 1.00000000E-40 1.00000000E-40 1.00000000E-40 2.54825150E-15 1.00000000E-40 1.00000000E-40 1.00000000E-40 1.00000000E-40 1.00000000E-40 9.86769868E-06 7.69447843E-04 6.27500566E-11 1.40695809E-10 1.22474843E-02 2.23790149E-02 6.03086959E-02 9.86099593E-01 5.69592929E-17 6.32005316E-20 5.36436762E-40 2.12203078E-35 1.82933960E-34 2.02143149E-34 2.60350832E-26 9.39927385E-09 1.09910189E-21 1.07502194E-29 3.23789149E-29 2.85463533E-29 2.85582993E-17 1.27001131E-15 1.71941612E-04 1.85663893E-04 4.12489445E-38 4.73131624E-40 2.96009918E-11 4.87526771E-40 1.11762953E-40 2.14099219E-34 4.75865365E-40 6.18713429E-13 4.94205980E-16 6.02250789E-07 4.17641824E-10 8.35293082E-15 9.52474649E-08 1.14139501E-09 9.26045085E-24 6.53170303E-20 3.86076056E-06 2.98120041E-35 6.70902667E-28 2.69831609E-34 1.18758852E-40 2.79599301E-38 1.00000000E-40 1.03969823E-32 2.36688727E-37 1.25925186E-10 1.74157654E-37 1.00000000E-40 1.00000000E-40 1.85735070E-36 4.94490606E-40 7.22234961E-14 9.72107288E-35 9.88245384E-37 6.70016302E-34 1.00000000E-40 1.00000000E-40 1.01348760E-37 1.13896322E-26 1.00000000E-40 1.00000000E-40 5.83286369E-17 1.00000000E-40 3.24012738E-36 1.73290000E-12 1.00000000E-05 1.00000000E-05 1.00000000E-05 1.00000000E-05 1.00000000E-05 1.00000000E-05 1.00000000E-05 1.00000000E-05 1.00000000E-05 1.00000000E-05
1.09572000E+02 2.92899000E-07 1.94744925E+13 1.08935256E+02 1.00000000E+05 1.93389669E-13 1.00000000E-40 1.00000000E-40 1.00000000E-40 1.31487318E-15 1.00000000E-40 1.00000000E-40 1.00000000E-40 1.00000000E-40 1.00000000E-40 1.05341438E-05 7.66306850E-04 5.97231025E-11 1.35109643E-10 1.51083370E-02 2.34417216E-02 6.56886077E-02 9.86520442E-01 4.63929948E-17 4.10296462E-20 6.84179699E-40 2.76751808E-35 2.11798405E-34 2.33684593E-34 2.14516090E-26 1.12384936E-08 7.91879686E-22 2.02789061E-29 1.00000000E-40 1.95309493E-29 1.54485722E-17 8.54411438E-16 1.79286227E-04 1.70091927E-04 1.55053660E-37 2.02392980E-37 2.68574079E-11 5.27091095E-40 1.44116115E-40 2.29144888E-34 5.26709853E-40 4.83992233E-13 2.92921308E-16 5.92312581E-07 3.62871068E-10 5.39285367E-15 8.63218473E-08 1.39656371E-09 7.15223049E-24 4.70501514E-20 3.82289393E-06 2.33802762E-35 5.29726936E-28 2.18505010E-34 1.61327861E-39 2.80336977E-38 1.00000000E-40 8.54304201E-33 1.27901108E-37 1.21797658E-10 2.27922899E-37 1.00000000E-40 1.00000000E-40 2.64221362E-36 4.95365540E-40 4.90194433E-14 9.10302447E-35 1.01338875E-36 9.66527583E-34 1.00000000E-40 1.00000000E-40 8.10902458E-38 1.09068007E-26 1.00000000E-40 1.00000000E-40 3.62166368E-17 1.00000000E-40 2.31109777E-36 2.68958000E-12 1.00000000E-05 1.00000000E-05 1.00000000E-05 1.00000000E-05 1.00000000E-05 1.00000000E-05 1.00000000E-05 1.00000000E-05 1.00000000E-05 1.00000000E-05
1.10756000E+02 2.50479000E-07 1.66839292E+13 1.08740093E+02 1.00000000E+05 3.12196348E-14 1.00000000E-40 1.00000000E-40 1.00000000E-40 6.26762526E-16 1.00000000E-40 1.00000000E-40 1.00000000E-40 1.00000000E-40 1.00000000E-40 1.11542323E-05 7.59002835E-04 5.58516857E-11 1.26441572E-10 1.84968409E-02 2.41940383E-02 7.09404485E-02 9.80098935E-01 3.72218754E-17 2.60668364E-20 8.76902381E-40 3.31182939E-35 2.25493165E-34 2.48538993E-34 1.70034299E-26 1.36384957E-08 6.01974240E-22 1.69787092E-29 1.00000000E-40 1.29934709E-29 8.07197474E-18 5.66791967E-16 1.86068226E-04 1.52688669E-04 3.21185492E-34 9.85086324E-35 2.41855185E-11 5.45579488E-40 1.77457797E-40 2.35813132E-34 5.40918959E-40 3.70895564E-13 1.70159868E-16 5.66921384E-07 3.07179027E-10 3.26514505E-15 7.81671404E-08 1.78350925E-09 5.56361499E-24 3.25402528E-20 3.75347276E-06 1.78065163E-35 4.12351759E-28 1.71334657E-34 1.16883924E-38 2.79720616E-38 1.00000000E-40 6.81659303E-33 6.65723913E-38 1.16198841E-10 1.38772885E-36 1.00000000E-40 1.00000000E-40 3.45243177E-36 4.54439812E-40 3.27894577E-14 8.45440402E-35 1.01192469E-36 1.29352132E-33 1.00000000E-40 1.00000000E-40 6.28708071E-38 1.01065754E-26 1.00000000E-40 1.00000000E-40 2.15113310E-17 1.00000000E-40 1.59860053E-36 4.05769000E-12 1.00000000E-05 1.00000000E-05 1.00000000E-05 1.00000000E-05 1.00000000E-05 1.00000000E-05 1.00000000E-05 1.00000000E-05 1.00000000E-05 1.00000000E-05
1.11941000E+02 2.14441000E-07 1.43077783E+13 1.08555627E+02 1.00000000E+05 1.00000000E-40 1.00000000E-40 1.00000000E-40 1.00000000E-40 2.69610102E-16 1.00000000E-40 1.00000000E-40 1.00000000E-40 1.00000000E-40 1.00000000E-40 1.17030759E-05 7.47880468E-04 4.95993327E-11 1.15091088E-10 2.23833493E-02 2.46074195E-02 7.59318386E-02 9.67076110E-01 2.94902287E-17 1.63632036E-20 2.13113145E-37 3.68083529E-35 2.24258071E-34 2.46967036E-34 1.30406677E-26 1.67721922E-08 4.92340921E-22 1.33830560E-30 1.00000000E-40 8.40691097E-30 4.09609356E-18 3.73449495E-16 1.92152827E-04 1.33914237E-04 1.09528430E-30 4.46018059E-32 2.16075737E-11 5.41267595E-40 2.08579991E-40 2.33494742E-34 5.23705532E-40 2.79357110E-13 9.75577770E-17 5.26045296E-07 2.52708644E-10 1.74620283E-15 7.08842008E-08 2.36374433E-09 4.33758402E-24 2.15162880E-20 3.65410918E-06 1.32480346E-35 3.18341771E-28 1.30663727E-34 5.30580849E-38 2.77762025E-38 1.00000000E-40 5.28908167E-33 3.36273679E-38 1.08974023E-10 4.79182619E-34 1.00000000E-40 1.00000000E-40 4.19161788E-36 3.87851065E-40 2.17748281E-14 7.79582960E-35 9.81234394E-37 1.61810312E-33 1.00000000E-40 1.00000000E-40 4.74397062E-38 9.07581894E-27 1.00000000E-40 1.00000000E-40 1.22138525E-17 1.00000000E-40 1.07712285E-36 5.95737000E-12 1.00000000E-05 1.00000000E-05 1.00000000E-05 1.00000000E-05 1.00000000E-05 1.00000000E-05 1.00000000E-05 1.00000000E-05 1.00000000E-05 1.00000000E-05
1.13126000E+02 1.83778000E-07 1.22831117E+13 1.08368194E+02 1.00000000E+05 1.00000000E-40 1.00000000E-40 1.00000000E-40 1.00000000E-40 1.07018274E-16 1.00000000E-40 1.00000000E-40 1.00000000E-40 1.00000000E-40 1.00000000E-40 1.21510165E-05 7.33105002E-04 4.22400016E-11 1.01908669E-10 2.66653597E-02 2.46858511E-02 8.05088638E-02 9.47618866E-01 2.31006482E-17 1.05067285E-20 2.36834867E-33 3.87022688E-35 2.12484693E-34 2.33812108E-34 9.77639025E-27 2.08219541E-08 4.37102388E-22 1.00000000E-40 1.00000000E-40 5.29092336E-30 2.03306469E-18 2.45861567E-16 1.97198185E-04 1.14407518E-04 3.52416211E-27 1.84274144E-29 1.91222170E-11 5.18220915E-40 2.35231113E-40 2.23867650E-34 4.87207712E-40 2.07525440E-13 5.56783704E-17 4.71852237E-07 2.02047259E-10 8.40943186E-16 6.45362459E-08 3.18526573E-09 3.34602430E-24 1.35749688E-20 3.52637308E-06 9.71688830E-36 2.46168309E-28 9.77182357E-35 1.45716083E-37 2.74422529E-38 1.00000000E-40 4.00647838E-33 1.66449530E-38 1.00039761E-10 1.65572420E-31 1.00000000E-40 1.00000000E-40 4.80345584E-36 3.14758340E-40 1.44498275E-14 7.19847502E-35 9.32677691E-37 1.90575503E-33 1.00000000E-40 1.00000000E-40 3.50619905E-38 7.94488152E-27 1.00000000E-40 1.00000000E-40 6.63936346E-18 1.00000000E-40 7.11642761E-37 8.56132000E-12 1.00000000E-05 1.00000000E-05 1.00000000E-05 1.00000000E-05 1.00000000E-05 1.00000000E-05 1.00000000E-05 1.00000000E-05 1.00000000E-05 1.00000000E-05
1.14310000E+02 1.57651000E-07 1.05524113E+13 1.08208590E+02 1.00000000E+05 1.00000000E-40 1.00000000E-40 1.00000000E-40 1.00000000E-40 4.08132007E-17 1.00000000E-40 1.00000000E-40 1.00000000E-40 1.00000000E-40 1.00000000E-40 1.24801066E-05 7.15523667E-04 3.55024918E-11 8.83675250E-11 3.11924654E-02 2.44939045E-02 8.45848460E-02 9.22715915E-01 1.79722630E-17 7.84583080E-21 2.03370321E-28 6.48055096E-33 1.98348194E-34 2.16574060E-34 7.29639056E-27 2.59684546E-08 4.19280936E-22 4.72930488E-31 1.00000000E-40 3.24215447E-30 9.96617445E-19 1.62662031E-16 2.00832726E-04 9.50799866E-05 1.01685265E-23 6.78881967E-27 1.67400484E-11 4.84922775E-40 2.57614002E-40 2.10329769E-34 4.45821601E-40 1.52858456E-13 3.20377999E-17 4.08786550E-07 1.57868130E-10 3.81249988E-16 5.92095092E-08 4.23682563E-09 2.52431295E-24 8.21897435E-21 3.37513422E-06 7.13224950E-36 1.93829982E-28 8.19551117E-35 2.10318593E-37 2.69878433E-38 1.00000000E-40 2.98946325E-33 8.17446820E-39 8.98590885E-11 4.51717422E-29 1.00000000E-40 1.00000000E-40 5.32016497E-36 3.76145236E-38 9.62608499E-15 6.77079980E-35 8.90092684E-37 2.12924326E-33 1.00000000E-40 1.00000000E-40 2.58583755E-38 6.86036475E-27 1.00000000E-40 1.00000000E-40 3.48054802E-18 1.00000000E-40 4.66325244E-37 1.21986000E-11 1.00000000E-05 1.00000000E-05 1.00000000E-05 1.00000000E-05 1.00000000E-05 1.00000000E-05 1.00000000E-05 1.00000000E-05 1.00000000E-05 1.00000000E-05
1.15495000E+02 1.35356000E-07 9.07394993E+12 1.08043302E+02 1.00000000E+05 1.00000000E-40 1.00000000E-40 1.00000000E-40 1.00000000E-40 1.55660147E-17 1.00000000E-40 1.00000000E-40 1.00000000E-40 1.00000000E-40 1.00000000E-40 1.26629249E-05 6.95369872E-04 3.02919257E-11 7.59157799E-11 3.57351648E-02 2.41166583E-02 8.80300986E-02 8.92780834E-01 1.38790195E-17 8.90035532E-21 2.14933037E-23 6.47525004E-28 1.21651470E-31 2.09792476E-34 5.58514301E-27 3.22827457E-08 4.26330597E-22 4.83978170E-29 7.31428399E-29 1.93498073E-30 4.89017128E-19 1.08441680E-16 2.02370968E-04 7.69177545E-05 2.55607738E-20 2.17239265E-24 1.44714933E-11 4.87081119E-40 2.80086691E-40 1.97075895E-34 4.14648195E-40 1.12145507E-13 1.90102343E-17 3.42588087E-07 1.21827610E-10 1.74902928E-16 5.49187337E-08 5.39842150E-09 1.85207350E-24 4.83260035E-21 3.20336145E-06 5.35908496E-36 1.58983012E-28 7.63944393E-34 2.15933388E-37 2.64125152E-38 1.00000000E-40 2.23130277E-33 4.05944846E-39 7.86966486E-11 9.53681802E-27 1.00000000E-40 1.00000000E-40 5.89835707E-36 2.86283866E-33 6.46246076E-15 6.65525124E-35 8.92531349E-37 2.26985107E-33 1.00000000E-40 1.00000000E-40 1.92690284E-38 5.93688403E-27 1.00000000E-40 1.00000000E-40 1.78774405E-18 1.00000000E-40 3.08110488E-37 1.76558000E-11 1.00000000E-05 1.00000000E-05 1.00000000E-05 1.00000000E-05 1.00000000E-05 1.00000000E-05 1.00000000E-05 1.00000000E-05 1.00000000E-05 1.00000000E-05
1.16679000E+02 1.16305000E-07 7.80720717E+12 1.07899492E+02 1.00000000E+05 1.00000000E-40 1.00000000E-40 1.00000000E-40 1.00000000E-40 5.88149277E-18 1.00000000E-40 1.00000000E-40 1.00000000E-40 1.00000000E-40 1.00000000E-40 1.26776980E-05 6.73263636E-04 2.70597951E-11 6.65073990E-11 4.00375859E-02 2.36741924E-02 9.07681043E-02 8.58747067E-01 1.06594226E-17 1.63234828E-20 1.69307717E-18 4.79957822E-23 7.95945023E-27 3.16520836E-31 4.59121367E-27 3.96777125E-08 4.47588397E-22 4.63166779E-30 1.00000000E-40 1.12536873E-30 2.47670843E-19 7.28889221E-17 2.01022855E-04 6.11084227E-05 5.43047789E-17 5.79722521E-22 1.23730516E-11 8.54042395E-36 3.14897023E-40 1.88049373E-34 4.10718446E-40 8.23633962E-14 1.22165299E-17 2.78411072E-07 9.46235399E-11 8.69738240E-17 5.16871373E-08 6.44001865E-09 1.32932720E-24 2.86412054E-21 3.01608145E-06 4.26589303E-36 1.39698843E-28 4.60359130E-32 5.37667495E-37 2.57301045E-38 1.00000000E-40 1.71213625E-33 2.09383302E-39 6.72250602E-11 1.51986298E-24 1.00000000E-40 1.00000000E-40 6.90068821E-36 1.62683804E-28 4.37067749E-15 7.07187539E-35 1.02593018E-36 2.31914427E-33 1.00000000E-40 1.00000000E-40 1.48319959E-38 5.24344546E-27 1.00000000E-40 7.63747908E-40 9.35013838E-19 1.00000000E-40 2.11054232E-37 2.70911000E-11 1.00000000E-05 1.00000000E-05 1.00000000E-05 1.00000000E-05 1.00000000E-05 1.00000000E-05 1.00000000E-05 1.00000000E-05 1.00000000E-05 1.00000000E-05
1.17864000E+02 9.99997000E-08 6.71874276E+12 1.07802145E+02 1.00000000E+05 1.00000000E-40 1.00000000E-40 1.00000000E-40 1.00000000E-40 1.89584715E-18 1.00000000E-40 1.00000000E-40 1.00000000E-40 1.00000000E-40 1.00000000E-40 1.25016883E-05 6.50272432E-04 2.60514657E-11 6.51666732E-11 4.38279855E-02 2.33163645E-02 9.27805441E-02 8.22144332E-01 8.26048616E-18 3.67358408E-20 9.64791224E-14 2.40367930E-18 3.46086483E-22 1.12395458E-26 4.26889192E-27 4.76942531E-08 4.78873942E-22 1.29101935E-30 2.52442518E-29 6.38131511E-31 1.46877143E-19 4.92930792E-17 1.95652189E-04 4.92650318E-05 9.18170796E-14 1.13412044E-19 1.05939254E-11 1.76726670E-30 3.95212292E-40 1.86007203E-34 6.41180251E-40 6.09295791E-14 9.31186527E-18 2.21690893E-07 7.58749954E-11 5.09173390E-17 4.95573671E-08 7.06783850E-09 9.61687398E-25 1.91364281E-21 2.82025873E-06 3.75306619E-36 1.34775129E-28 2.46744138E-30 6.62846953E-37 2.49721483E-38 1.00000000E-40 1.40996271E-33 1.17455089E-39 5.61516871E-11 1.67676762E-22 1.00000000E-40 1.00000000E-40 9.07054308E-36 6.15391074E-24 2.96845257E-15 1.31071473E-34 1.61026196E-36 2.27558310E-33 1.00000000E-40 1.00000000E-40 1.20159104E-38 4.79856413E-27 1.00000000E-40 1.92627478E-35 5.64777961E-19 1.00000000E-40 1.56587662E-37 4.79743000E-11 1.00000000E-05 1.00000000E-05 1.00000000E-05 1.00000000E-05 1.00000000E-05 1.00000000E-05 1.00000000E-05 1.00000000E-05 1.00000000E-05 1.00000000E-05
