alt press den temp eddy H2Oaer SO2aer H2Saer CO2aer S8aer S2aer HClaer H2SO4aer C2H2aer C2H4aer C2H6aer CH4aer HCaer1 H H2 H2O OH O O2 CO CO2 HCO H2CO C CH CH2 CH3 CH4 S S2 S3 S4 S8 H2S HS SO SO2 CS CS2 OCS C2 C2H C2H2 C2H4 HO2 H2O2 O3 SO3 H2SO4 HCl Cl Cl2 HOCl ClO C2H6 CH3OH CH2CO CH3CHO C3H4 C3H6 C4H2 C4H4 OClO HCS C2H3 C2H5 1CH2 HCCO HSO CH3O H2COH C4H C2H2OH CH3CO CH2CHO C2H3OH C2H4OH CH3O2 HSO3 HS4 C4H3 O1D H2Oaer_r SO2aer_r H2Saer_r CO2aer_r S8aer_r S2aer_r HClaer_r H2SO4aer_r C2H2aer_r C2H4aer_r C2H6aer_r CH4aer_r HCaer1_r
2.50000000E-01 1.00691000E+00 3.40390000E+19 2.14255956E+02 1.00000000E+05 5.30267000E-01 2.05128000E+02 1.06460000E-40 2.96653000E-10 1.10500000E-34 1.41942000E-12 1.06361000E-40 5.19385000E-08 1.06454000E-40 1.06454000E-40 1.06454000E-40 1.06454000E-40 1.06454000E-40 3.83763000E-19 1.00000000E-40 8.68979000E-06 5.02290000E-29 2.75452000E-20 9.93142000E-10 1.09246000E-07 9.93142000E-01 2.12250000E-21 6.82746000E-21 1.00000000E-40 1.00000000E-40 1.00000000E-40 1.85490000E-35 1.02999000E-26 4.64120000E-16 5.82570000E-17 5.95069000E-22 9.69620000E-23 8.49101000E-23 1.69174000E-09 3.19293000E-13 3.26154000E-11 6.84912000E-03 4.81686000E-37 2.87036000E-32 5.17984000E-11 1.00000000E-40 1.00000000E-40 1.54663000E-33 2.28607000E-32 3.81944000E-18 9.64382000E-13 7.37944000E-19 1.05388000E-18 1.34720000E-13 3.24318000E-08 9.77918000E-18 1.47833000E-23 1.71649000E-28 9.86628000E-10 2.91258000E-36 6.85840000E-26 1.13417000E-29 1.38815000E-32 1.18306000E-39 1.00000000E-40 7.52790000E-32 2.91876000E-33 5.97395000E-14 2.55852000E-36 1.00000000E-40 6.45817000E-35 1.00000000E-40 1.00000000E-40 1.72935000E-15 9.51446000E-32 1.28646000E-28 1.00000000E-40 1.00000000E-40 3.08681000E-37 7.55073000E-36 1.23563000E-31 8.69730000E-39 1.35561000E-28 1.95999000E-21 2.84314000E-23 2.07361000E-35 4.80451000E-38 1.00000000E-05 1.00000000E-05 1.00000000E-05 1.00000000E-05 1.00000000E-05 1.00000000E-05 1.00000000E-05 1.00000000E-05 1.00000000E-05 1.00000000E-05 1.00000000E-05 1.00000000E-05 1.00000000E-05
7.50000000E-01 9.58148000E-01 3.25255000E+19 2.13367114E+02 1.00000000E+05 5.35882000E-01 2.05719000E+02 1.00469000E-40 3.20120000E-10 1.19549000E-34 5.57184000E-13 1.00451000E-40 5.20914000E-08 1.00468000E-40 1.00468000E-40 1.00468000E-40 1.00468000E-40 1.00468000E-40 7.18569000E-20 2.45046000E-08 7.31580000E-06 1.65611000E-29 3.16490000E-20 3.20591000E-09 1.14446000E-07 9.93120000E-01 1.41131000E-22 7.52800000E-21 1.00000000E-40 1.00000000E-40 1.00000000E-40 4.21136000E-36 1.03377000E-26 1.89678000E-16 2.37110000E-17 8.74220000E-23 1.47600000E-23 8.93951000E-23 1.66979000E-09 3.11538000E-13 3.28901000E-11 6.87281000E-03 5.06992000E-37 2.88087000E-32 5.16631000E-11 1.00000000E-40 1.00000000E-40 1.55243000E-33 2.29503000E-32 2.20720000E-18 1.06450000E-12 1.54306000E-18 1.48866000E-18 1.33120000E-13 3.25513000E-08 9.43104000E-18 1.28957000E-23 1.54407000E-28 9.91549000E-10 2.92337000E-36 6.88347000E-26 1.13868000E-29 1.39302000E-32 1.18845000E-39 1.00230000E-40 7.55571000E-32 2.92941000E-33 5.08914000E-14 2.59701000E-36 1.00000000E-40 6.48153000E-35 1.00000000E-40 1.00000000E-40 1.99622000E-15 3.99742000E-32 1.29135000E-28 1.00000000E-40 1.00000000E-40 2.15267000E-37 7.57786000E-36 1.24117000E-31 8.73445000E-39 1.36060000E-28 2.05564000E-22 2.85387000E-23 2.07951000E-35 1.13970000E-37 1.00000000E-05 1.00000000E-05 1.00000000E-05 1.00000000E-05 1.00000000E-05 1.00000000E-05 1.00000000E-05 1.00000000E-05 1.00000000E-05 1.00000000E-05 1.00000000E-05 1.00000000E-05 1.00000000E-05
1.25000000E+00 9.11531000E-01 3.13569000E+19 2.10548877E+02 1.00000000E+05 5.61925000E-01 2.10388000E+02 1.00245000E-40 4.00968000E-10 1.47167000E-34 2.61418000E-13 1.00239000E-40 5.26197000E-08 1.00245000E-40 1.00245000E-40 1.00245000E-40 1.00245000E-40 1.00245000E-40 3.20380000E-20 5.00840000E-08 5.82749000E-06 1.08200000E-29 3.10799000E-20 5.51953000E-09 1.19882000E-07 9.93099000E-01 3.59596000E-23 8.23223000E-21 1.00000000E-40 1.00000000E-40 1.00000000E-40 2.08980000E-36 1.03749000E-26 1.04300000E-16 1.11820000E-17 2.02692000E-23 3.04010000E-24 9.38795000E-23 1.64841000E-09 2.88880000E-13 3.31073000E-11 6.89481000E-03 5.56700000E-37 2.89125000E-32 5.13724000E-11 1.00000000E-40 1.00000000E-40 1.55832000E-33 2.30453000E-32 1.65990000E-18 1.16647000E-12 2.50720000E-18 1.45826000E-18 1.02146000E-13 3.26703000E-08 7.99187000E-18 9.78328000E-24 1.35171000E-28 9.97661000E-10 2.93413000E-36 6.90825000E-26 1.14352000E-29 1.39759000E-32 1.19491000E-39 1.00508000E-40 7.58347000E-32 2.93989000E-33 3.90391000E-14 2.64687000E-36 1.00000000E-40 6.50443000E-35 1.00000000E-40 1.00000000E-40 2.16404000E-15 1.34671000E-32 1.29620000E-28 1.00000000E-40 1.00000000E-40 2.39310000E-37 7.60438000E-36 1.24775000E-31 8.77648000E-39 1.36550000E-28 7.98086000E-23 2.86476000E-23 2.08529000E-35 2.05671000E-37 1.00000000E-05 1.00000000E-05 1.00000000E-05 1.00000000E-05 1.00000000E-05 1.00000000E-05 1.00000000E-05 1.00000000E-05 1.00000000E-05 1.00000000E-05 1.00000000E-05 1.00000000E-05 1.00000000E-05
1.75000000E+00 8.66386000E-01 3.02088000E+19 2.07727776E+02 1.00000000E+05 5.90121000E-01 2.15467000E+02 1.00120000E-40 5.05376000E-10 1.82729000E-34 1.41748000E-13 1.00116000E-40 5.32233000E-08 1.00120000E-40 1.00120000E-40 1.00120000E-40 1.00120000E-40 1.00120000E-40 1.89735000E-20 7.66482000E-08 4.33229000E-06 8.17406000E-30 2.99049000E-20 7.92904000E-09 1.25541000E-07 9.93079000E-01 1.43655000E-23 8.93601000E-21 1.00000000E-40 1.00000000E-40 1.00000000E-40 1.26049000E-36 1.04132000E-26 6.55341000E-17 6.00842000E-18 6.15299000E-24 8.14726000E-25 9.83483000E-23 1.62783000E-09 2.66273000E-13 3.32596000E-11 6.91593000E-03 6.31385000E-37 2.90189000E-32 5.10080000E-11 1.00000000E-40 1.00000000E-40 1.56451000E-33 2.31490000E-32 1.38773000E-18 1.26986000E-12 3.45657000E-18 1.58826000E-18 7.79364000E-14 3.27934000E-08 6.75286000E-18 6.87075000E-24 1.16715000E-28 1.00489000E-09 2.94526000E-36 6.93362000E-26 1.14883000E-29 1.40205000E-32 1.20267000E-39 1.00800000E-40 7.61218000E-32 2.95056000E-33 2.98468000E-14 2.70310000E-36 1.00000000E-40 6.52772000E-35 1.00000000E-40 1.00000000E-40 2.36071000E-15 4.28620000E-33 1.30114000E-28 1.00000000E-40 1.00000000E-40 3.60635000E-37 7.63133000E-36 1.25557000E-31 8.82471000E-39 1.37047000E-28 4.33769000E-23 2.87608000E-23 2.09172000E-35 3.13309000E-37 1.00000000E-05 1.00000000E-05 1.00000000E-05 1.00000000E-05 1.00000000E-05 1.00000000E-05 1.00000000E-05 1.00000000E-05 1.00000000E-05 1.00000000E-05 1.00000000E-05 1.00000000E-05 1.00000000E-05
2.25000000E+00 8.22772000E-01 2.90823000E+19 2.04911494E+02 1.00000000E+05 6.26793000E-01 2.22043000E+02 1.00029000E-40 6.77573000E-10 2.38855000E-34 8.33092000E-14 1.00026000E-40 5.41906000E-08 1.00028000E-40 1.00028000E-40 1.00028000E-40 1.00028000E-40 1.00028000E-40 1.24769000E-20 1.04227000E-07 3.14374000E-06 6.43714000E-30 2.86383000E-20 1.04405000E-08 1.31436000E-07 9.93060000E-01 6.90310000E-24 9.63771000E-21 1.00000000E-40 1.00000000E-40 1.00000000E-40 8.09742000E-37 1.04526000E-26 4.42635000E-17 3.48935000E-18 2.17958000E-24 2.55552000E-25 1.02799000E-22 1.60802000E-09 2.45420000E-13 3.33663000E-11 6.93635000E-03 7.32261000E-37 2.91287000E-32 5.06042000E-11 1.00000000E-40 1.00000000E-40 1.57105000E-33 2.32623000E-32 1.18290000E-18 1.37463000E-12 4.35124000E-18 1.78349000E-18 6.02936000E-14 3.29219000E-08 5.68457000E-18 4.61136000E-24 9.99373000E-29 1.01312000E-09 2.95687000E-36 6.95983000E-26 1.15470000E-29 1.40643000E-32 1.21185000E-39 1.01105000E-40 7.64211000E-32 2.96155000E-33 2.28344000E-14 2.76348000E-36 1.00000000E-40 6.55159000E-35 1.00000000E-40 1.00000000E-40 2.64217000E-15 1.47597000E-33 1.30621000E-28 1.00000000E-40 1.00000000E-40 5.79089000E-37 7.65896000E-36 1.26472000E-31 8.87969000E-39 1.37558000E-28 2.68424000E-23 2.88790000E-23 2.09908000E-35 4.33928000E-37 1.00000000E-05 1.00000000E-05 1.00000000E-05 1.00000000E-05 1.00000000E-05 1.00000000E-05 1.00000000E-05 1.00000000E-05 1.00000000E-05 1.00000000E-05 1.00000000E-05 1.00000000E-05 1.00000000E-05
2.75000000E+00 7.80739000E-01 2.79155000E+19 2.02571455E+02 1.00000000E+05 6.67984000E-01 2.29644000E+02 1.00090000E-40 9.15830000E-10 3.14810000E-34 5.23433000E-14 1.00085000E-40 5.54314000E-08 1.00090000E-40 1.00090000E-40 1.00090000E-40 1.00090000E-40 1.00090000E-40 9.09465000E-21 1.32882000E-07 2.34858000E-06 5.37996000E-30 2.78731000E-20 1.30631000E-08 1.37590000E-07 9.93041000E-01 3.91040000E-24 1.03362000E-20 1.00000000E-40 1.00000000E-40 1.00000000E-40 5.64411000E-37 1.04935000E-26 3.19520000E-17 2.19867000E-18 8.93908000E-25 9.40392000E-26 1.07229000E-22 1.58890000E-09 2.29163000E-13 3.34479000E-11 6.95610000E-03 8.61212000E-37 2.92427000E-32 5.01786000E-11 1.00000000E-40 1.00000000E-40 1.57800000E-33 2.33861000E-32 1.05582000E-18 1.48081000E-12 5.19239000E-18 2.06235000E-18 4.87681000E-14 3.30566000E-08 4.93574000E-18 3.05188000E-24 8.51310000E-29 1.02226000E-09 2.96903000E-36 6.98699000E-26 1.16115000E-29 1.41074000E-32 1.22258000E-39 1.01424000E-40 7.67342000E-32 2.97289000E-33 1.79799000E-14 2.82690000E-36 1.00000000E-40 6.57617000E-35 1.00000000E-40 1.00000000E-40 3.05751000E-15 6.28350000E-34 1.31141000E-28 1.00000000E-40 1.00000000E-40 8.94178000E-37 7.68739000E-36 1.27530000E-31 8.94189000E-39 1.38083000E-28 1.84573000E-23 2.90022000E-23 2.10748000E-35 5.69656000E-37 1.00000000E-05 1.00000000E-05 1.00000000E-05 1.00000000E-05 1.00000000E-05 1.00000000E-05 1.00000000E-05 1.00000000E-05 1.00000000E-05 1.00000000E-05 1.00000000E-05 1.00000000E-05 1.00000000E-05
3.25000000E+00 7.40397000E-01 2.66996000E+19 2.00852197E+02 1.00000000E+05 7.15699000E-01 2.38616000E+02 1.00069000E-40 1.26652000E-09 4.23369000E-34 3.55575000E-14 1.00063000E-40 5.70797000E-08 1.00105000E-40 1.00105000E-40 1.00105000E-40 1.00105000E-40 1.00106000E-40 7.36334000E-21 1.62720000E-07 1.86023000E-06 4.79819000E-30 2.77837000E-20 1.58109000E-08 1.44035000E-07 9.93023000E-01 2.58806000E-24 1.10313000E-20 1.00000000E-40 1.00000000E-40 1.00000000E-40 4.31271000E-37 1.05361000E-26 2.44816000E-17 1.50025000E-18 4.19834000E-25 4.03759000E-26 1.11646000E-22 1.57038000E-09 2.17802000E-13 3.35187000E-11 6.97523000E-03 1.02108000E-36 2.93613000E-32 4.97407000E-11 1.00000000E-40 1.00000000E-40 1.58538000E-33 2.35215000E-32 1.00394000E-18 1.58858000E-12 5.99389000E-18 2.40995000E-18 4.14225000E-14 3.31985000E-08 4.47913000E-18 2.03955000E-24 7.22809000E-29 1.03226000E-09 2.98180000E-36 7.01525000E-26 1.16823000E-29 1.41498000E-32 1.23504000E-39 1.01759000E-40 7.70628000E-32 2.98465000E-33 1.47382000E-14 2.89286000E-36 1.00000000E-40 6.60157000E-35 1.00000000E-40 1.00000000E-40 3.65814000E-15 3.50097000E-34 1.31679000E-28 1.00000000E-40 1.00000000E-40 1.30756000E-36 7.71677000E-36 1.28741000E-31 9.01185000E-39 1.38626000E-28 1.38989000E-23 2.91309000E-23 2.11698000E-35 7.24498000E-37 1.00000000E-05 1.00000000E-05 1.00000000E-05 1.00000000E-05 1.00000000E-05 1.00000000E-05 1.00000000E-05 1.00000000E-05 1.00000000E-05 1.00000000E-05 1.00000000E-05 1.00000000E-05 1.00000000E-05
3.75000000E+00 7.01752000E-01 2.54897000E+19 1.99404862E+02 1.00000000E+05 7.69253000E-01 2.48692000E+02 1.00022000E-40 1.77691000E-09 5.76934000E-34 2.54337000E-14 1.00020000E-40 5.90142000E-08 1.02238000E-40 1.02238000E-40 1.02238000E-40 1.02238000E-40 1.02340000E-40 6.27769000E-21 1.93847000E-07 1.53789000E-06 4.41188000E-30 2.80329000E-20 1.86976000E-08 1.50802000E-07 9.93004000E-01 1.85978000E-24 1.17224000E-20 1.00000000E-40 1.00000000E-40 1.00000000E-40 3.45550000E-37 1.05806000E-26 1.94471000E-17 1.07407000E-18 2.14382000E-25 1.90518000E-26 1.16052000E-22 1.55240000E-09 2.08985000E-13 3.35878000E-11 6.99373000E-03 1.21556000E-36 2.94850000E-32 4.92958000E-11 1.00000000E-40 1.00000000E-40 1.59324000E-33 2.36693000E-32 9.78279000E-19 1.69808000E-12 6.76175000E-18 2.73636000E-18 3.59907000E-14 3.33484000E-08 4.14604000E-18 1.38887000E-24 6.12530000E-29 1.04311000E-09 2.99524000E-36 7.04472000E-26 1.17598000E-29 1.41917000E-32 1.24943000E-39 1.02112000E-40 7.74083000E-32 2.99687000E-33 1.23285000E-14 2.96111000E-36 1.00000000E-40 6.62788000E-35 1.00000000E-40 1.00000000E-40 4.50356000E-15 2.36378000E-34 1.32236000E-28 1.00000000E-40 1.00000000E-40 1.82556000E-36 7.74721000E-36 1.30119000E-31 9.09020000E-39 1.39189000E-28 1.10082000E-23 2.92656000E-23 2.12767000E-35 8.99687000E-37 1.00000000E-05 1.00000000E-05 1.00000000E-05 1.00000000E-05 1.00000000E-05 1.00000000E-05 1.00000000E-05 1.00000000E-05 1.00000000E-05 1.00000000E-05 1.00000000E-05 1.00000000E-05 1.00000000E-05
4.25000000E+00 6.64758000E-01 2.43184000E+19 1.97990940E+02 1.00000000E+05 8.27466000E-01 2.59485000E+02 1.00012000E-40 2.50732000E-09 7.90973000E-34 1.86539000E-14 1.00011000E-40 6.11167000E-08 1.05990000E-40 1.05990000E-40 1.05990000E-40 1.05990000E-40 1.06099000E-40 5.42333000E-21 2.26330000E-07 1.30091000E-06 4.08733000E-30 2.83838000E-20 2.17345000E-08 1.57919000E-07 9.92987000E-01 1.37784000E-24 1.24078000E-20 1.00000000E-40 1.00000000E-40 1.00000000E-40 2.80985000E-37 1.06271000E-26 1.57617000E-17 7.88438000E-19 1.14711000E-25 9.45547000E-27 1.20443000E-22 1.53493000E-09 2.01242000E-13 3.36615000E-11 7.01159000E-03 1.44886000E-36 2.96144000E-32 4.88480000E-11 1.00000000E-40 1.00000000E-40 1.60161000E-33 2.38305000E-32 9.48818000E-19 1.80932000E-12 7.49694000E-18 2.98443000E-18 3.14485000E-14 3.35068000E-08 3.84589000E-18 9.66253000E-25 5.18949000E-29 1.05480000E-09 3.00941000E-36 7.07553000E-26 1.18445000E-29 1.42330000E-32 1.26596000E-39 1.02483000E-40 7.77723000E-32 3.00960000E-33 1.03658000E-14 3.03149000E-36 1.00000000E-40 6.65519000E-35 1.00000000E-40 1.00000000E-40 5.67040000E-15 1.75409000E-34 1.32813000E-28 1.00000000E-40 1.00000000E-40 2.45412000E-36 7.77882000E-36 1.31674000E-31 9.17749000E-39 1.39773000E-28 8.93389000E-24 2.94067000E-23 2.13961000E-35 1.09543000E-36 1.00000000E-05 1.00000000E-05 1.00000000E-05 1.00000000E-05 1.00000000E-05 1.00000000E-05 1.00000000E-05 1.00000000E-05 1.00000000E-05 1.00000000E-05 1.00000000E-05 1.00000000E-05 1.00000000E-05
4.75000000E+00 6.29380000E-01 2.31528000E+19 1.96891400E+02 1.00000000E+05 8.91857000E-01 2.71601000E+02 1.00004000E-40 3.59307000E-09 1.09874000E-33 1.41161000E-14 1.00003000E-40 6.35622000E-08 1.10267000E-40 1.10267000E-40 1.10267000E-40 1.10267000E-40 1.10386000E-40 4.92569000E-21 2.60248000E-07 1.13476000E-06 3.90601000E-30 2.91010000E-20 2.49342000E-08 1.65413000E-07 9.92970000E-01 1.09809000E-24 1.30860000E-20 1.00000000E-40 1.00000000E-40 1.00000000E-40 2.39937000E-37 1.06757000E-26 1.31212000E-17 5.99194000E-19 6.51343000E-26 5.01582000E-27 1.24818000E-22 1.51794000E-09 1.95354000E-13 3.37440000E-11 7.02881000E-03 1.72586000E-36 2.97499000E-32 4.84002000E-11 1.00000000E-40 1.00000000E-40 1.61054000E-33 2.40062000E-32 9.49653000E-19 1.92231000E-12 8.20678000E-18 3.27706000E-18 2.80446000E-14 3.36746000E-08 3.65496000E-18 6.92749000E-25 4.40515000E-29 1.06735000E-09 3.02436000E-36 7.10778000E-26 1.19369000E-29 1.42737000E-32 1.28488000E-39 1.02874000E-40 7.81562000E-32 3.02288000E-33 8.90983000E-15 3.10392000E-36 1.00000000E-40 6.68361000E-35 1.00000000E-40 1.00000000E-40 7.25982000E-15 1.39559000E-34 1.33412000E-28 1.00000000E-40 1.00000000E-40 3.19613000E-36 7.81171000E-36 1.33420000E-31 9.27437000E-39 1.40381000E-28 7.54784000E-24 2.95545000E-23 2.15286000E-35 1.31711000E-36 1.00000000E-05 1.00000000E-05 1.00000000E-05 1.00000000E-05 1.00000000E-05 1.00000000E-05 1.00000000E-05 1.00000000E-05 1.00000000E-05 1.00000000E-05 1.00000000E-05 1.00000000E-05 1.00000000E-05
5.25000000E+00 5.95574000E-01 2.20404000E+19 1.95719241E+02 1.00000000E+05 9.61467000E-01 2.84350000E+02 1.00001000E-40 5.15447000E-09 1.53031000E-33 1.08237000E-14 1.00000000E-40 6.61440000E-08 1.14736000E-40 1.14736000E-40 1.14736000E-40 1.14736000E-40 1.14864000E-40 4.44400000E-21 2.95677000E-07 9.98145000E-07 3.72265000E-30 2.98303000E-20 2.83095000E-08 1.73314000E-07 9.92953000E-01 8.75873000E-25 1.37549000E-20 1.00000000E-40 1.00000000E-40 1.00000000E-40 2.04453000E-37 1.07268000E-26 1.10235000E-17 4.60238000E-19 3.78056000E-26 2.72132000E-27 1.29171000E-22 1.50144000E-09 1.89777000E-13 3.38390000E-11 7.04537000E-03 2.05210000E-36 2.98920000E-32 4.79546000E-11 1.00000000E-40 1.00000000E-40 1.62005000E-33 2.41975000E-32 9.34980000E-19 2.03701000E-12 8.89012000E-18 3.48088000E-18 2.49620000E-14 3.38524000E-08 3.45440000E-18 5.08534000E-25 3.75723000E-29 1.08078000E-09 3.04017000E-36 7.14161000E-26 1.20374000E-29 1.43138000E-32 1.30647000E-39 1.03287000E-40 7.85616000E-32 3.03676000E-33 7.64508000E-15 3.17838000E-36 1.00000000E-40 6.71324000E-35 1.00000000E-40 1.00000000E-40 9.39833000E-15 1.13891000E-34 1.34036000E-28 1.00000000E-40 1.00000000E-40 4.05715000E-36 7.84602000E-36 1.35371000E-31 9.38155000E-39 1.41015000E-28 6.43181000E-24 2.97097000E-23 2.16747000E-35 1.56294000E-36 1.00000000E-05 1.00000000E-05 1.00000000E-05 1.00000000E-05 1.00000000E-05 1.00000000E-05 1.00000000E-05 1.00000000E-05 1.00000000E-05 1.00000000E-05 1.00000000E-05 1.00000000E-05 1.00000000E-05
5.75000000E+00 5.63287000E-01 2.09511000E+19 1.94733197E+02 1.00000000E+05 1.03630000E+00 2.98316000E+02 1.00000000E-40 7.45781000E-09 2.15034000E-33 8.44373000E-15 1.00000000E-40 6.90176000E-08 1.19663000E-40 1.19663000E-40 1.19663000E-40 1.19663000E-40 1.19789000E-40 4.13095000E-21 3.32690000E-07 8.93280000E-07 3.61764000E-30 3.08244000E-20 3.18735000E-08 1.81652000E-07 9.92937000E-01 7.30214000E-25 1.44123000E-20 1.00000000E-40 1.00000000E-40 1.00000000E-40 1.79683000E-37 1.07805000E-26 9.41707000E-18 3.61011000E-19 2.27583000E-26 1.53703000E-27 1.33496000E-22 1.48541000E-09 1.85234000E-13 3.39489000E-11 7.06126000E-03 2.43365000E-36 3.00414000E-32 4.75133000E-11 1.00000000E-40 1.00000000E-40 1.63021000E-33 2.44056000E-32 9.36970000E-19 2.15339000E-12 9.55362000E-18 3.72226000E-18 2.24810000E-14 3.40413000E-08 3.31394000E-18 3.83487000E-25 3.23311000E-29 1.09511000E-09 3.05689000E-36 7.17716000E-26 1.21465000E-29 1.43533000E-32 1.33108000E-39 1.03722000E-40 7.89903000E-32 3.05131000E-33 6.65229000E-15 3.25486000E-36 1.00000000E-40 6.74418000E-35 1.00000000E-40 1.00000000E-40 1.22465000E-14 9.61084000E-35 1.34688000E-28 1.00000000E-40 1.00000000E-40 5.03885000E-36 7.88186000E-36 1.37543000E-31 9.49974000E-39 1.41678000E-28 5.62156000E-24 2.98728000E-23 2.18352000E-35 1.83927000E-36 1.00000000E-05 1.00000000E-05 1.00000000E-05 1.00000000E-05 1.00000000E-05 1.00000000E-05 1.00000000E-05 1.00000000E-05 1.00000000E-05 1.00000000E-05 1.00000000E-05 1.00000000E-05 1.00000000E-05
6.25000000E+00 5.32480000E-01 1.99046000E+19 1.93760586E+02 1.00000000E+05 1.11685000E+00 3.13278000E+02 1.00000000E-40 1.08171000E-08 3.03075000E-33 6.66058000E-15 1.00000000E-40 7.21179000E-08 1.24912000E-40 1.24912000E-40 1.24912000E-40 1.24912000E-40 1.25046000E-40 3.85538000E-21 3.71371000E-07 8.05611000E-07 3.53262000E-30 3.19309000E-20 3.56414000E-08 1.90463000E-07 9.92922000E-01 6.15588000E-25 1.50561000E-20 1.00000000E-40 1.00000000E-40 1.00000000E-40 1.59083000E-37 1.08370000E-26 8.11578000E-18 2.86191000E-19 1.39774000E-26 8.86746000E-28 1.37790000E-22 1.46985000E-09 1.81109000E-13 3.40762000E-11 7.07643000E-03 2.87738000E-36 3.01985000E-32 4.70775000E-11 1.00000000E-40 1.00000000E-40 1.64106000E-33 2.46318000E-32 9.35354000E-19 2.27141000E-12 1.01986000E-17 3.93195000E-18 2.02924000E-14 3.42419000E-08 3.18384000E-18 2.95332000E-25 2.82213000E-29 1.11037000E-09 3.07460000E-36 7.21457000E-26 1.22647000E-29 1.43920000E-32 1.35906000E-39 1.04183000E-40 7.94441000E-32 3.06657000E-33 5.80723000E-15 3.33341000E-36 1.00000000E-40 6.77656000E-35 1.00000000E-40 1.00000000E-40 1.60038000E-14 8.25984000E-35 1.35368000E-28 1.00000000E-40 1.00000000E-40 6.14457000E-36 7.91937000E-36 1.39953000E-31 9.62976000E-39 1.42371000E-28 4.96980000E-24 3.00444000E-23 2.20106000E-35 2.14673000E-36 1.00000000E-05 1.00000000E-05 1.00000000E-05 1.00000000E-05 1.00000000E-05 1.00000000E-05 1.00000000E-05 1.00000000E-05 1.00000000E-05 1.00000000E-05 1.00000000E-05 1.00000000E-05 1.00000000E-05
6.75000000E+00 5.03085000E-01 1.88959000E+19 1.92836644E+02 1.00000000E+05 1.20294000E+00 3.29262000E+02 1.00000000E-40 1.57368000E-08 4.28953000E-33 5.30417000E-15 1.00000000E-40 7.54591000E-08 1.30514000E-40 1.30514000E-40 1.30514000E-40 1.30514000E-40 1.30661000E-40 3.62959000E-21 4.11802000E-07 7.31781000E-07 3.47834000E-30 3.31910000E-20 3.96280000E-08 1.99781000E-07 9.92908000E-01 5.27273000E-25 1.56837000E-20 1.00000000E-40 1.00000000E-40 1.00000000E-40 1.42463000E-37 1.08965000E-26 7.05520000E-18 2.29216000E-19 8.74826000E-27 5.21918000E-28 1.42044000E-22 1.45476000E-09 1.77412000E-13 3.42227000E-11 7.09087000E-03 3.39076000E-36 3.03641000E-32 4.66486000E-11 1.00000000E-40 1.00000000E-40 1.65264000E-33 2.48773000E-32 9.34904000E-19 2.39101000E-12 1.08279000E-17 4.13902000E-18 1.83834000E-14 3.44552000E-08 3.07200000E-18 2.31589000E-25 2.51674000E-29 1.12661000E-09 3.09338000E-36 7.25399000E-26 1.23927000E-29 1.44300000E-32 1.39085000E-39 1.04669000E-40 7.99249000E-32 3.08261000E-33 5.09559000E-15 3.41408000E-36 1.00000000E-40 6.81048000E-35 1.00000000E-40 1.00000000E-40 2.09153000E-14 7.22100000E-35 1.36080000E-28 1.00000000E-40 1.00000000E-40 7.37610000E-36 7.95868000E-36 1.42619000E-31 9.77246000E-39 1.43098000E-28 4.45222000E-24 3.02252000E-23 2.22014000E-35 2.48925000E-36 1.00000000E-05 1.00000000E-05 1.00000000E-05 1.00000000E-05 1.00000000E-05 1.00000000E-05 1.00000000E-05 1.00000000E-05 1.00000000E-05 1.00000000E-05 1.00000000E-05 1.00000000E-05 1.00000000E-05
7.25000000E+00 4.75056000E-01 1.79243000E+19 1.91964085E+02 1.00000000E+05 1.29489000E+00 3.46533000E+02 1.00000000E-40 2.29733000E-08 6.09814000E-33 4.26119000E-15 1.00000000E-40 7.91041000E-08 1.36585000E-40 1.36585000E-40 1.36585000E-40 1.36585000E-40 1.36745000E-40 3.44782000E-21 4.54073000E-07 6.69201000E-07 3.46106000E-30 3.46248000E-20 4.38505000E-08 2.09645000E-07 9.92894000E-01 4.58656000E-25 1.62926000E-20 1.00000000E-40 1.00000000E-40 1.00000000E-40 1.29054000E-37 1.09593000E-26 6.18180000E-18 1.85321000E-19 5.56969000E-27 3.12827000E-28 1.46253000E-22 1.44016000E-09 1.74111000E-13 3.43900000E-11 7.10454000E-03 3.98201000E-36 3.05387000E-32 4.62279000E-11 1.00000000E-40 1.00000000E-40 1.66501000E-33 2.51439000E-32 9.36655000E-19 2.51212000E-12 1.14454000E-17 4.35016000E-18 1.67173000E-14 3.46822000E-08 2.97781000E-18 1.84427000E-25 2.31260000E-29 1.14389000E-09 3.11330000E-36 7.29558000E-26 1.25311000E-29 1.44672000E-32 1.42693000E-39 1.05185000E-40 8.04347000E-32 3.09948000E-33 4.49495000E-15 3.49695000E-36 1.00000000E-40 6.84607000E-35 1.00000000E-40 1.00000000E-40 2.72806000E-14 6.41321000E-35 1.36826000E-28 1.00000000E-40 1.00000000E-40 8.73500000E-36 7.99998000E-36 1.45562000E-31 9.92878000E-39 1.43861000E-28 4.04667000E-24 3.04157000E-23 2.24084000E-35 2.87106000E-36 1.00000000E-05 1.00000000E-05 1.00000000E-05 1.00000000E-05 1.00000000E-05 1.00000000E-05 1.00000000E-05 1.00000000E-05 1.00000000E-05 1.00000000E-05 1.00000000E-05 1.00000000E-05 1.00000000E-05
7.75000000E+00 4.48342000E-01 1.69921000E+19 1.91108174E+02 1.00000000E+05 1.39380000E+00 3.64884000E+02 1.00000000E-40 3.35655000E-08 8.68704000E-33 3.44592000E-15 1.00000000E-40 8.29950000E-08 1.43006000E-40 1.43006000E-40 1.43006000E-40 1.43006000E-40 1.43164000E-40 3.28699000E-21 4.98281000E-07 6.14537000E-07 3.48885000E-30 3.62096000E-20 4.83272000E-08 2.20097000E-07 9.92881000E-01 4.02260000E-25 1.68801000E-20 1.00000000E-40 1.00000000E-40 1.00000000E-40 1.17656000E-37 1.10257000E-26 5.44819000E-18 1.50831000E-19 3.59062000E-27 1.89946000E-28 1.50408000E-22 1.42604000E-09 1.71068000E-13 3.45800000E-11 7.11739000E-03 4.66015000E-36 3.07231000E-32 4.58164000E-11 1.00000000E-40 1.00000000E-40 1.67824000E-33 2.54330000E-32 9.36756000E-19 2.63468000E-12 1.20533000E-17 4.55288000E-18 1.52296000E-14 3.49239000E-08 2.89211000E-18 1.48623000E-25 2.20926000E-29 1.16225000E-09 3.13445000E-36 7.33951000E-26 1.26803000E-29 1.45034000E-32 1.46789000E-39 1.05732000E-40 8.09758000E-32 3.11727000E-33 3.97703000E-15 3.58211000E-36 1.00000000E-40 6.88349000E-35 1.00000000E-40 1.00000000E-40 3.54611000E-14 5.76637000E-35 1.37609000E-28 1.00000000E-40 1.00000000E-40 1.02227000E-35 8.04340000E-36 1.48805000E-31 1.00997000E-38 1.44664000E-28 3.73980000E-24 3.06169000E-23 2.26323000E-35 3.29563000E-36 1.00000000E-05 1.00000000E-05 1.00000000E-05 1.00000000E-05 1.00000000E-05 1.00000000E-05 1.00000000E-05 1.00000000E-05 1.00000000E-05 1.00000000E-05 1.00000000E-05 1.00000000E-05 1.00000000E-05
8.25000000E+00 4.22889000E-01 1.60960000E+19 1.90294044E+02 1.00000000E+05 1.49769000E+00 3.84728000E+02 1.00000000E-40 4.91528000E-08 1.24331000E-32 2.80459000E-15 1.00000000E-40 8.72631000E-08 1.49946000E-40 1.49946000E-40 1.49946000E-40 1.49946000E-40 1.50118000E-40 3.15717000E-21 5.44528000E-07 5.67149000E-07 3.62640000E-30 3.79922000E-20 5.30780000E-08 2.31181000E-07 9.92869000E-01 3.57200000E-25 1.74432000E-20 1.00000000E-40 1.00000000E-40 1.00000000E-40 1.08313000E-37 1.10960000E-26 4.83103000E-18 1.23630000E-19 2.34434000E-27 1.16887000E-28 1.54503000E-22 1.41242000E-09 1.68313000E-13 3.47944000E-11 7.12939000E-03 5.43497000E-36 3.09181000E-32 4.54153000E-11 1.00000000E-40 1.00000000E-40 1.69237000E-33 2.57466000E-32 9.38915000E-19 2.75863000E-12 1.26555000E-17 4.76600000E-18 1.39174000E-14 3.51815000E-08 2.82034000E-18 1.21043000E-25 2.21082000E-29 1.18175000E-09 3.15693000E-36 7.38597000E-26 1.28413000E-29 1.45385000E-32 1.51436000E-39 1.06312000E-40 8.15505000E-32 3.13605000E-33 3.53497000E-15 3.66969000E-36 1.00000000E-40 6.92288000E-35 1.00000000E-40 1.00000000E-40 4.58905000E-14 5.25207000E-35 1.38432000E-28 1.00000000E-40 1.00000000E-40 1.18405000E-35 8.08913000E-36 1.52373000E-31 1.02864000E-38 1.45510000E-28 3.57347000E-24 3.08295000E-23 2.28738000E-35 3.76889000E-36 1.00000000E-05 1.00000000E-05 1.00000000E-05 1.00000000E-05 1.00000000E-05 1.00000000E-05 1.00000000E-05 1.00000000E-05 1.00000000E-05 1.00000000E-05 1.00000000E-05 1.00000000E-05 1.00000000E-05
8.75000000E+00 3.98650000E-01 1.52373000E+19 1.89495790E+02 1.00000000E+05 1.60982000E+00 4.05854000E+02 1.00000000E-40 7.20096000E-08 1.78271000E-32 2.29441000E-15 1.00000000E-40 9.18113000E-08 1.57348000E-40 1.57348000E-40 1.57348000E-40 1.57348000E-40 1.57523000E-40 3.04264000E-21 5.92930000E-07 5.25103000E-07 4.03157000E-30 3.99605000E-20 5.81248000E-08 2.42949000E-07 9.92858000E-01 3.19381000E-25 1.79790000E-20 1.00000000E-40 1.00000000E-40 1.00000000E-40 1.00290000E-37 1.11704000E-26 4.30358000E-18 1.01850000E-19 1.54510000E-27 7.26272000E-29 1.58529000E-22 1.39931000E-09 1.65751000E-13 3.50347000E-11 7.14048000E-03 6.31718000E-36 3.11246000E-32 4.50254000E-11 1.00000000E-40 1.00000000E-40 1.70749000E-33 2.60865000E-32 9.40122000E-19 2.88388000E-12 1.32545000E-17 4.97782000E-18 1.27388000E-14 3.54561000E-08 2.75576000E-18 9.93952000E-26 2.32683000E-29 1.20247000E-09 3.18085000E-36 7.43519000E-26 1.30145000E-29 1.45724000E-32 1.56709000E-39 1.06929000E-40 8.21614000E-32 3.15590000E-33 3.15081000E-15 3.75981000E-36 1.00000000E-40 6.96441000E-35 1.00000000E-40 1.00000000E-40 5.90854000E-14 4.83518000E-35 1.39300000E-28 1.00000000E-40 1.00000000E-40 1.35897000E-35 8.13738000E-36 1.56292000E-31 1.04901000E-38 1.46402000E-28 3.66133000E-24 3.10544000E-23 2.31338000E-35 4.29565000E-36 1.00000000E-05 1.00000000E-05 1.00000000E-05 1.00000000E-05 1.00000000E-05 1.00000000E-05 1.00000000E-05 1.00000000E-05 1.00000000E-05 1.00000000E-05 1.00000000E-05 1.00000000E-05 1.00000000E-05
9.25000000E+00 3.75570000E-01 1.44141000E+19 1.88720648E+02 1.00000000E+05 1.72747000E+00 4.28566000E+02 1.00000000E-40 1.05488000E-07 2.56513000E-32 1.88530000E-15 1.00000000E-40 9.67748000E-08 1.65319000E-40 1.65319000E-40 1.65319000E-40 1.65319000E-40 1.65515000E-40 2.94549000E-21 6.43608000E-07 4.87721000E-07 5.16730000E-30 4.21451000E-20 6.34917000E-08 2.55457000E-07 9.92848000E-01 2.87837000E-25 1.84844000E-20 1.00000000E-40 1.00000000E-40 1.00000000E-40 9.34865000E-38 1.12493000E-26 3.85050000E-18 8.43031000E-20 1.02708000E-27 4.55231000E-29 1.62478000E-22 1.38672000E-09 1.63367000E-13 3.53029000E-11 7.15061000E-03 7.31836000E-36 3.13435000E-32 4.46479000E-11 1.00000000E-40 1.00000000E-40 1.72367000E-33 2.64550000E-32 9.41678000E-19 3.01036000E-12 1.38535000E-17 5.19683000E-18 1.16824000E-14 3.57491000E-08 2.69979000E-18 8.22025000E-26 2.57357000E-29 1.22450000E-09 3.20631000E-36 7.48739000E-26 1.32010000E-29 1.46051000E-32 1.62693000E-39 1.07586000E-40 8.28115000E-32 3.17692000E-33 2.81736000E-15 3.85264000E-36 1.00000000E-40 7.00827000E-35 1.00000000E-40 1.00000000E-40 7.56552000E-14 4.49850000E-35 1.40215000E-28 1.00000000E-40 1.00000000E-40 1.54715000E-35 8.18837000E-36 1.60596000E-31 1.07121000E-38 1.47345000E-28 4.33356000E-24 3.12927000E-23 2.34130000E-35 4.88272000E-36 1.00000000E-05 1.00000000E-05 1.00000000E-05 1.00000000E-05 1.00000000E-05 1.00000000E-05 1.00000000E-05 1.00000000E-05 1.00000000E-05 1.00000000E-05 1.00000000E-05 1.00000000E-05 1.00000000E-05
9.75000000E+00 3.53601000E-01 1.36259000E+19 1.87960161E+02 1.00000000E+05 1.85327000E+00 4.52957000E+02 1.00000000E-40 1.54602000E-07 3.70170000E-32 1.55478000E-15 1.00000000E-40 1.02159000E-07 1.73892000E-40 1.73892000E-40 1.73892000E-40 1.73892000E-40 1.74091000E-40 2.86020000E-21 6.96699000E-07 4.54101000E-07 8.25301000E-30 4.45581000E-20 6.92050000E-08 2.68763000E-07 9.92839000E-01 2.60924000E-25 1.89561000E-20 1.00000000E-40 1.00000000E-40 1.00000000E-40 8.75985000E-38 1.13332000E-26 3.45768000E-18 7.00385000E-20 6.87378000E-28 2.87295000E-29 1.66340000E-22 1.37469000E-09 1.61114000E-13 3.56007000E-11 7.15971000E-03 8.45112000E-36 3.15759000E-32 4.42839000E-11 1.00000000E-40 1.00000000E-40 1.74099000E-33 2.68545000E-32 9.42708000E-19 3.13800000E-12 1.44554000E-17 5.42024000E-18 1.07282000E-14 3.60621000E-08 2.65004000E-18 6.83833000E-26 2.97566000E-29 1.24792000E-09 3.23345000E-36 7.54283000E-26 1.34016000E-29 1.46362000E-32 1.69485000E-39 1.08285000E-40 8.35041000E-32 3.19921000E-33 2.52550000E-15 3.94835000E-36 1.00000000E-40 7.05466000E-35 1.00000000E-40 1.00000000E-40 9.63159000E-14 4.22590000E-35 1.41182000E-28 1.00000000E-40 1.00000000E-40 1.74877000E-35 8.24234000E-36 1.65316000E-31 1.09538000E-38 1.48342000E-28 6.40262000E-24 3.15455000E-23 2.37127000E-35 5.53715000E-36 1.00000000E-05 1.00000000E-05 1.00000000E-05 1.00000000E-05 1.00000000E-05 1.00000000E-05 1.00000000E-05 1.00000000E-05 1.00000000E-05 1.00000000E-05 1.00000000E-05 1.00000000E-05 1.00000000E-05
1.02500000E+01 3.32704000E-01 1.28717000E+19 1.87213658E+02 1.00000000E+05 1.98688000E+00 4.79127000E+02 1.00000000E-40 2.26851000E-07 5.37298000E-32 1.28574000E-15 1.00000000E-40 1.07943000E-07 1.83056000E-40 1.83056000E-40 1.83056000E-40 1.83056000E-40 1.83275000E-40 2.78646000E-21 7.52351000E-07 4.23708000E-07 1.63854000E-29 4.72271000E-20 7.52941000E-08 2.82936000E-07 9.92831000E-01 2.37898000E-25 1.93906000E-20 1.00000000E-40 1.00000000E-40 1.00000000E-40 8.25184000E-38 1.14224000E-26 3.11513000E-18 5.83719000E-20 4.62677000E-28 1.82351000E-29 1.70107000E-22 1.36323000E-09 1.58967000E-13 3.59305000E-11 7.16772000E-03 9.72913000E-36 3.18230000E-32 4.39344000E-11 1.00000000E-40 1.00000000E-40 1.75956000E-33 2.72875000E-32 9.43729000E-19 3.26673000E-12 1.50633000E-17 5.65266000E-18 9.86547000E-15 3.63966000E-08 2.60659000E-18 5.71756000E-26 3.56820000E-29 1.27283000E-09 3.26240000E-36 7.60181000E-26 1.36172000E-29 1.46658000E-32 1.77197000E-39 1.09031000E-40 8.42426000E-32 3.22288000E-33 2.26956000E-15 4.04717000E-36 1.00000000E-40 7.10382000E-35 1.00000000E-40 1.00000000E-40 1.21902000E-13 4.00689000E-35 1.42206000E-28 1.00000000E-40 1.00000000E-40 1.96402000E-35 8.29957000E-36 1.70492000E-31 1.12169000E-38 1.49400000E-28 1.17748000E-23 3.18139000E-23 2.40338000E-35 6.26736000E-36 1.00000000E-05 1.00000000E-05 1.00000000E-05 1.00000000E-05 1.00000000E-05 1.00000000E-05 1.00000000E-05 1.00000000E-05 1.00000000E-05 1.00000000E-05 1.00000000E-05 1.00000000E-05 1.00000000E-05
1.07500000E+01 3.12821000E-01 1.21501000E+19 1.86480349E+02 1.00000000E+05 2.12761000E+00 5.07183000E+02 1.00000000E-40 3.33187000E-07 7.86610000E-32 1.06590000E-15 1.00000000E-40 1.14235000E-07 1.92934000E-40 1.92934000E-40 1.92934000E-40 1.92934000E-40 1.93162000E-40 2.72240000E-21 8.10727000E-07 3.96129000E-07 3.70620000E-29 5.01805000E-20 8.17910000E-08 2.98049000E-07 9.92824000E-01 2.17993000E-25 1.97842000E-20 1.00000000E-40 1.00000000E-40 1.00000000E-40 7.81066000E-38 1.15175000E-26 2.81460000E-18 4.87741000E-20 3.12868000E-28 1.16270000E-29 1.73768000E-22 1.35236000E-09 1.56900000E-13 3.62943000E-11 7.17456000E-03 1.11671000E-35 3.20860000E-32 4.36006000E-11 1.00000000E-40 1.00000000E-40 1.77946000E-33 2.77568000E-32 9.44828000E-19 3.39646000E-12 1.56805000E-17 5.89299000E-18 9.08274000E-15 3.67545000E-08 2.56865000E-18 4.80203000E-26 4.39944000E-29 1.29935000E-09 3.29332000E-36 7.66462000E-26 1.38489000E-29 1.46936000E-32 1.85959000E-39 1.09827000E-40 8.50309000E-32 3.24806000E-33 2.04408000E-15 4.14930000E-36 1.00000000E-40 7.15599000E-35 1.00000000E-40 1.00000000E-40 1.53380000E-13 3.83340000E-35 1.43292000E-28 1.00000000E-40 1.00000000E-40 2.19315000E-35 8.36034000E-36 1.76166000E-31 1.15032000E-38 1.50524000E-28 2.46973000E-23 3.20995000E-23 2.43777000E-35 7.08323000E-36 1.00000000E-05 1.00000000E-05 1.00000000E-05 1.00000000E-05 1.00000000E-05 1.00000000E-05 1.00000000E-05 1.00000000E-05 1.00000000E-05 1.00000000E-05 1.00000000E-05 1.00000000E-05 1.00000000E-05
1.12500000E+01 2.93914000E-01 1.14602000E+19 1.85756591E+02 1.00000000E+05 2.27920000E+00 5.37329000E+02 1.00000000E-40 4.89574000E-07 1.18654000E-31 8.85089000E-16 1.00000000E-40 1.21007000E-07 2.03553000E-40 2.03553000E-40 2.03553000E-40 2.03553000E-40 2.03797000E-40 2.66710000E-21 8.72010000E-07 3.71011000E-07 8.76522000E-29 5.34518000E-20 8.87317000E-08 3.14184000E-07 9.92818000E-01 2.00683000E-25 2.01332000E-20 1.00000000E-40 1.00000000E-40 1.00000000E-40 7.42705000E-38 1.16189000E-26 2.54957000E-18 4.08402000E-20 2.12352000E-28 7.44117000E-30 1.77314000E-22 1.34212000E-09 1.54890000E-13 3.66949000E-11 7.18016000E-03 1.27813000E-35 3.23664000E-32 4.32838000E-11 1.00000000E-40 1.00000000E-40 1.80082000E-33 2.82659000E-32 9.46657000E-19 3.52713000E-12 1.63110000E-17 6.14253000E-18 8.37149000E-15 3.71377000E-08 2.53591000E-18 4.04951000E-26 5.53390000E-29 1.32760000E-09 3.32638000E-36 7.73164000E-26 1.40980000E-29 1.47194000E-32 1.95918000E-39 1.10679000E-40 8.58734000E-32 3.27489000E-33 1.84489000E-15 4.25503000E-36 1.00000000E-40 7.21146000E-35 1.00000000E-40 1.00000000E-40 1.91864000E-13 3.69915000E-35 1.44446000E-28 1.00000000E-40 1.00000000E-40 2.43647000E-35 8.42502000E-36 1.82386000E-31 1.18145000E-38 1.51720000E-28 5.42088000E-23 3.24036000E-23 2.47458000E-35 7.99637000E-36 1.00000000E-05 1.00000000E-05 1.00000000E-05 1.00000000E-05 1.00000000E-05 1.00000000E-05 1.00000000E-05 1.00000000E-05 1.00000000E-05 1.00000000E-05 1.00000000E-05 1.00000000E-05 1.00000000E-05
1.17500000E+01 2.75942000E-01 1.08006000E+19 1.85048741E+02 1.00000000E+05 2.43749000E+00 5.69969000E+02 1.00000000E-40 7.18390000E-07 2.53093000E-31 7.36239000E-16 1.00000000E-40 1.28490000E-07 2.15151000E-40 2.15151000E-40 2.15151000E-40 2.15151000E-40 2.15407000E-40 2.62219000E-21 9.36405000E-07 3.48234000E-07 2.06715000E-28 5.70929000E-20 9.61563000E-08 3.31434000E-07 9.92814000E-01 1.85747000E-25 2.04337000E-20 1.00000000E-40 1.00000000E-40 1.00000000E-40 7.09931000E-38 1.17272000E-26 2.31522000E-18 3.42627000E-20 1.44594000E-28 4.77858000E-30 1.80734000E-22 1.33253000E-09 1.52928000E-13 3.71351000E-11 7.18443000E-03 1.45888000E-35 3.26659000E-32 4.29853000E-11 1.00000000E-40 1.00000000E-40 1.82376000E-33 2.88181000E-32 9.51239000E-19 3.65868000E-12 1.69591000E-17 6.40435000E-18 7.72639000E-15 3.75486000E-08 2.50929000E-18 3.42887000E-26 7.05595000E-29 1.35774000E-09 3.36177000E-36 7.80324000E-26 1.43656000E-29 1.47429000E-32 2.07247000E-39 1.11592000E-40 8.67749000E-32 3.30353000E-33 1.66899000E-15 4.36466000E-36 1.00000000E-40 7.27055000E-35 1.00000000E-40 1.00000000E-40 2.38632000E-13 3.60028000E-35 1.45674000E-28 1.00000000E-40 1.00000000E-40 2.69434000E-35 8.49396000E-36 1.89204000E-31 1.21532000E-38 1.52994000E-28 1.18712000E-22 3.27281000E-23 2.51398000E-35 9.02098000E-36 1.00000000E-05 1.00000000E-05 1.00000000E-05 1.00000000E-05 1.00000000E-05 1.00000000E-05 1.00000000E-05 1.00000000E-05 1.00000000E-05 1.00000000E-05 1.00000000E-05 1.00000000E-05 1.00000000E-05
1.22500000E+01 2.58862000E-01 1.01705000E+19 1.84349610E+02 1.00000000E+05 2.60716000E+00 6.05034000E+02 1.00000000E-40 1.05499000E-06 2.51119000E-30 6.12956000E-16 1.00000000E-40 1.36574000E-07 2.27527000E-40 2.27527000E-40 2.27527000E-40 2.27527000E-40 2.27807000E-40 2.58476000E-21 1.00414000E-06 3.27450000E-07 4.76291000E-28 6.11427000E-20 1.04109000E-07 3.49902000E-07 9.92811000E-01 1.72623000E-25 2.06813000E-20 1.00000000E-40 1.00000000E-40 1.00000000E-40 6.81562000E-38 1.18431000E-26 2.10672000E-18 2.87810000E-20 9.86597000E-29 3.07609000E-30 1.84015000E-22 1.32365000E-09 1.50985000E-13 3.76181000E-11 7.18728000E-03 1.66087000E-35 3.29862000E-32 4.27064000E-11 1.00000000E-40 1.00000000E-40 1.84843000E-33 2.94175000E-32 9.60458000E-19 3.79104000E-12 1.76291000E-17 6.67443000E-18 7.13824000E-15 3.79896000E-08 2.48741000E-18 2.91404000E-26 9.07345000E-29 1.38992000E-09 3.39972000E-36 7.87988000E-26 1.46532000E-29 1.47639000E-32 2.20143000E-39 1.12571000E-40 8.77411000E-32 3.33416000E-33 1.51261000E-15 4.47853000E-36 1.00000000E-40 7.33361000E-35 1.00000000E-40 1.00000000E-40 2.95142000E-13 3.53250000E-35 1.46984000E-28 1.00000000E-40 1.00000000E-40 2.96723000E-35 8.56760000E-36 1.96683000E-31 1.25215000E-38 1.54355000E-28 2.54082000E-22 3.30749000E-23 2.55614000E-35 1.01732000E-35 1.00000000E-05 1.00000000E-05 1.00000000E-05 1.00000000E-05 1.00000000E-05 1.00000000E-05 1.00000000E-05 1.00000000E-05 1.00000000E-05 1.00000000E-05 1.00000000E-05 1.00000000E-05 1.00000000E-05
1.27500000E+01 2.42634000E-01 9.56850000E+18 1.83663850E+02 1.00000000E+05 2.78723000E+00 6.43062000E+02 1.00000000E-40 1.55107000E-06 5.73696000E-29 5.10753000E-16 1.00000000E-40 1.45455000E-07 2.41030000E-40 2.41030000E-40 2.41030000E-40 2.41030000E-40 2.41336000E-40 2.55663000E-21 1.07547000E-06 3.08542000E-07 1.06409000E-27 6.56694000E-20 1.12641000E-07 3.69701000E-07 9.92809000E-01 1.61210000E-25 2.08716000E-20 1.00000000E-40 1.00000000E-40 1.00000000E-40 6.57576000E-38 1.19675000E-26 1.92079000E-18 2.42019000E-20 6.74223000E-29 1.98461000E-30 1.87147000E-22 1.31550000E-09 1.49047000E-13 3.81478000E-11 7.18859000E-03 1.88616000E-35 3.33294000E-32 4.24491000E-11 1.00000000E-40 1.00000000E-40 1.87499000E-33 3.00684000E-32 9.80147000E-19 3.92416000E-12 1.83261000E-17 6.95751000E-18 6.60305000E-15 3.84636000E-08 2.47125000E-18 2.48557000E-26 1.17209000E-28 1.42433000E-09 3.44046000E-36 7.96204000E-26 1.49625000E-29 1.47822000E-32 2.34835000E-39 1.13622000E-40 8.87779000E-32 3.36697000E-33 1.37367000E-15 4.59703000E-36 1.00000000E-40 7.40105000E-35 1.00000000E-40 1.00000000E-40 3.63054000E-13 3.49364000E-35 1.48384000E-28 1.00000000E-40 1.00000000E-40 3.25571000E-35 8.64639000E-36 2.04892000E-31 1.29222000E-38 1.55812000E-28 5.27346000E-22 3.34462000E-23 2.60128000E-35 1.14738000E-35 1.00000000E-05 1.00000000E-05 1.00000000E-05 1.00000000E-05 1.00000000E-05 1.00000000E-05 1.00000000E-05 1.00000000E-05 1.00000000E-05 1.00000000E-05 1.00000000E-05 1.00000000E-05 1.00000000E-05
1.32500000E+01 2.27220000E-01 8.99385000E+18 1.82986469E+02 1.00000000E+05 2.97845000E+00 6.84108000E+02 1.00000000E-40 2.31577000E-06 1.21327000E-27 4.25727000E-16 1.00000000E-40 1.55173000E-07 2.55677000E-40 2.55677000E-40 2.55677000E-40 2.55677000E-40 2.56007000E-40 2.53559000E-21 1.15068000E-06 2.91235000E-07 2.29945000E-27 7.07322000E-20 1.21809000E-07 3.90963000E-07 9.92810000E-01 1.51124000E-25 2.09998000E-20 1.00000000E-40 1.00000000E-40 1.00000000E-40 6.37227000E-38 1.21010000E-26 1.75415000E-18 2.03612000E-20 4.61007000E-29 1.28259000E-30 1.90117000E-22 1.30814000E-09 1.47087000E-13 3.87281000E-11 7.18825000E-03 2.13699000E-35 3.36979000E-32 4.22148000E-11 1.00000000E-40 1.00000000E-40 1.90360000E-33 3.07758000E-32 1.01946000E-18 4.05802000E-12 1.90556000E-17 7.25082000E-18 6.11403000E-15 3.89737000E-08 2.45979000E-18 2.12696000E-26 1.51611000E-28 1.46117000E-09 3.48425000E-36 8.05031000E-26 1.52952000E-29 1.47973000E-32 2.51588000E-39 1.14754000E-40 8.98922000E-32 3.40220000E-33 1.24946000E-15 4.72061000E-36 1.00000000E-40 7.47331000E-35 1.00000000E-40 1.00000000E-40 4.44241000E-13 3.48138000E-35 1.49883000E-28 1.00000000E-40 1.00000000E-40 3.56046000E-35 8.73090000E-36 2.13906000E-31 1.33584000E-38 1.57374000E-28 1.05861000E-21 3.38443000E-23 2.64964000E-35 1.29476000E-35 1.00000000E-05 1.00000000E-05 1.00000000E-05 1.00000000E-05 1.00000000E-05 1.00000000E-05 1.00000000E-05 1.00000000E-05 1.00000000E-05 1.00000000E-05 1.00000000E-05 1.00000000E-05 1.00000000E-05
1.37500000E+01 2.12584000E-01 8.44526000E+18 1.82320187E+02 1.00000000E+05 3.18350000E+00 7.28696000E+02 1.00000000E-40 4.28985000E-06 2.11159000E-26 3.55034000E-16 1.00000000E-40 1.65847000E-07 2.71553000E-40 2.71553000E-40 2.71553000E-40 2.71553000E-40 2.71900000E-40 2.52358000E-21 1.23010000E-06 2.75493000E-07 4.80534000E-27 7.64268000E-20 1.31677000E-07 4.13833000E-07 9.92812000E-01 1.42327000E-25 2.10611000E-20 1.00000000E-40 1.00000000E-40 1.00000000E-40 6.20515000E-38 1.22448000E-26 1.60463000E-18 1.71367000E-20 3.15291000E-29 8.30705000E-31 1.92912000E-22 1.30163000E-09 1.45097000E-13 3.93641000E-11 7.18613000E-03 2.41583000E-35 3.40942000E-32 4.20057000E-11 1.00000000E-40 1.00000000E-40 1.93449000E-33 3.15452000E-32 1.09690000E-18 4.19257000E-12 1.98248000E-17 7.55764000E-18 5.66849000E-15 3.95235000E-08 2.45405000E-18 1.82616000E-26 1.95848000E-28 1.50069000E-09 3.53142000E-36 8.14531000E-26 1.56534000E-29 1.48092000E-32 2.70712000E-39 1.15975000E-40 9.10920000E-32 3.44010000E-33 1.13847000E-15 4.84978000E-36 1.00000000E-40 7.55091000E-35 1.00000000E-40 1.00000000E-40 5.40826000E-13 3.49512000E-35 1.51492000E-28 1.00000000E-40 1.00000000E-40 3.88231000E-35 8.82173000E-36 2.23815000E-31 1.38333000E-38 1.59052000E-28 2.05439000E-21 3.42721000E-23 2.70148000E-35 1.46280000E-35 1.00000000E-05 1.00000000E-05 1.00000000E-05 1.00000000E-05 1.00000000E-05 1.00000000E-05 1.00000000E-05 1.00000000E-05 1.00000000E-05 1.00000000E-05 1.00000000E-05 1.00000000E-05 1.00000000E-05
1.42500000E+01 1.98690000E-01 7.92163000E+18 1.81668013E+02 1.00000000E+05 3.40059000E+00 7.77234000E+02 1.00000000E-40 2.34217000E-05 2.92900000E-25 2.96366000E-16 1.00000000E-40 1.77676000E-07 2.88941000E-40 2.88941000E-40 2.88941000E-40 2.88941000E-40 2.89304000E-40 2.52182000E-21 1.31411000E-06 2.61251000E-07 9.71767000E-27 8.28657000E-20 1.42317000E-07 4.38481000E-07 9.92816000E-01 1.34731000E-25 2.10504000E-20 1.00000000E-40 1.00000000E-40 1.00000000E-40 6.07714000E-38 1.23999000E-26 1.47031000E-18 1.44270000E-20 2.15611000E-29 5.39639000E-31 1.95516000E-22 1.29603000E-09 1.43070000E-13 4.00612000E-11 7.18207000E-03 2.72538000E-35 3.45213000E-32 4.18240000E-11 1.00000000E-40 1.00000000E-40 1.96789000E-33 3.23831000E-32 1.24425000E-18 4.32783000E-12 2.06422000E-17 7.87971000E-18 5.26332000E-15 4.01172000E-08 2.45469000E-18 1.57318000E-26 2.52061000E-28 1.54316000E-09 3.58232000E-36 8.24777000E-26 1.60393000E-29 1.48172000E-32 2.92564000E-39 1.17295000E-40 9.23860000E-32 3.48095000E-33 1.03915000E-15 4.98512000E-36 1.00000000E-40 7.63443000E-35 1.00000000E-40 1.00000000E-40 6.55194000E-13 3.53472000E-35 1.53224000E-28 1.00000000E-40 1.00000000E-40 4.22223000E-35 8.91958000E-36 2.34721000E-31 1.43510000E-38 1.60859000E-28 3.85579000E-21 3.47327000E-23 2.75714000E-35 1.65595000E-35 1.00000000E-05 1.00000000E-05 1.00000000E-05 1.00000000E-05 1.00000000E-05 1.00000000E-05 1.00000000E-05 1.00000000E-05 1.00000000E-05 1.00000000E-05 1.00000000E-05 1.00000000E-05 1.00000000E-05
1.47500000E+01 1.85504000E-01 7.42232000E+18 1.81022022E+02 1.00000000E+05 3.63607000E+00 8.30311000E+02 1.00000000E-40 2.71629000E-04 3.13073000E-24 2.47715000E-16 1.00000000E-40 1.90756000E-07 3.07932000E-40 3.07932000E-40 3.07932000E-40 3.07932000E-40 3.08334000E-40 2.52714000E-21 1.40313000E-06 2.48341000E-07 1.90346000E-26 9.01572000E-20 1.53813000E-07 4.65093000E-07 9.92822000E-01 1.27980000E-25 2.09624000E-20 1.00000000E-40 1.00000000E-40 1.00000000E-40 5.97663000E-38 1.25675000E-26 1.34915000E-18 1.21443000E-20 1.47317000E-29 3.51867000E-31 1.97914000E-22 1.29142000E-09 1.40997000E-13 4.08256000E-11 7.17592000E-03 3.06861000E-35 3.49826000E-32 4.16721000E-11 1.00000000E-40 1.00000000E-40 2.00405000E-33 3.32965000E-32 1.51347000E-18 4.46379000E-12 2.15179000E-17 8.20485000E-18 4.89296000E-15 4.07592000E-08 2.46013000E-18 1.35939000E-26 3.22527000E-28 1.58887000E-09 3.63734000E-36 8.35853000E-26 1.64556000E-29 1.48212000E-32 3.17565000E-39 1.18723000E-40 9.37845000E-32 3.52510000E-33 9.49354000E-16 5.12731000E-36 1.00000000E-40 7.72455000E-35 1.00000000E-40 1.00000000E-40 7.90028000E-13 3.60019000E-35 1.55092000E-28 1.00000000E-40 1.00000000E-40 4.58138000E-35 9.02523000E-36 2.46741000E-31 1.49156000E-38 1.62811000E-28 7.00473000E-21 3.52298000E-23 2.81696000E-35 1.88009000E-35 1.00000000E-05 1.00000000E-05 1.00000000E-05 1.00000000E-05 1.00000000E-05 1.00000000E-05 1.00000000E-05 1.00000000E-05 1.00000000E-05 1.00000000E-05 1.00000000E-05 1.00000000E-05 1.00000000E-05
1.52500000E+01 1.72994000E-01 6.94537000E+18 1.80406751E+02 1.00000000E+05 3.88612000E+00 8.88858000E+02 1.00000000E-40 2.52512000E-03 2.46243000E-23 2.07621000E-16 1.00000000E-40 2.05467000E-07 3.28934000E-40 3.28934000E-40 3.28934000E-40 3.28934000E-40 3.29378000E-40 2.55145000E-21 1.49766000E-06 2.37124000E-07 3.61687000E-26 9.85515000E-20 1.66259000E-07 4.93892000E-07 9.92830000E-01 1.22658000E-25 2.07915000E-20 1.00000000E-40 1.00000000E-40 1.00000000E-40 5.93077000E-38 1.27491000E-26 1.24095000E-18 1.02333000E-20 1.00716000E-29 2.31174000E-31 2.00092000E-22 1.28787000E-09 1.38910000E-13 4.16650000E-11 7.16747000E-03 3.44887000E-35 3.54820000E-32 4.15530000E-11 1.00000000E-40 1.00000000E-40 2.04329000E-33 3.42935000E-32 1.99496000E-18 4.60051000E-12 2.24670000E-17 8.55649000E-18 4.56205000E-15 4.14551000E-08 2.47645000E-18 1.17974000E-26 4.09508000E-28 1.63819000E-09 3.69696000E-36 8.47854000E-26 1.69053000E-29 1.48205000E-32 3.46207000E-39 1.20272000E-40 9.52992000E-32 3.57294000E-33 8.69541000E-16 5.27715000E-36 1.00000000E-40 7.82204000E-35 1.00000000E-40 1.00000000E-40 9.48347000E-13 3.69432000E-35 1.57112000E-28 1.00000000E-40 1.00000000E-40 4.96115000E-35 9.13962000E-36 2.60009000E-31 1.55322000E-38 1.64924000E-28 1.23283000E-20 3.57674000E-23 2.88137000E-35 2.14439000E-35 1.00000000E-05 1.00000000E-05 1.00000000E-05 1.00000000E-05 1.00000000E-05 1.00000000E-05 1.00000000E-05 1.00000000E-05 1.00000000E-05 1.00000000E-05 1.00000000E-05 1.00000000E-05 1.00000000E-05
1.57500000E+01 1.61129000E-01 6.49084000E+18 1.79799798E+02 1.00000000E+05 4.15797000E+00 9.53235000E+02 1.00000000E-40 1.36990000E-02 1.33271000E-22 1.74585000E-16 1.00000000E-40 2.21910000E-07 3.52045000E-40 3.52045000E-40 3.52045000E-40 3.52045000E-40 3.52521000E-40 2.58530000E-21 1.59826000E-06 2.27203000E-07 6.67446000E-26 1.08185000E-19 1.79766000E-07 5.25126000E-07 9.92841000E-01 1.18039000E-25 2.05325000E-20 1.00000000E-40 1.00000000E-40 1.00000000E-40 5.91585000E-38 1.29463000E-26 1.14338000E-18 8.62412000E-21 6.87967000E-30 1.53188000E-31 2.02029000E-22 1.28549000E-09 1.36791000E-13 4.25879000E-11 7.15652000E-03 3.86989000E-35 3.60242000E-32 4.14698000E-11 1.00000000E-40 1.00000000E-40 2.08596000E-33 3.53835000E-32 2.82125000E-18 4.73808000E-12 2.35037000E-17 8.90528000E-18 4.26140000E-15 4.22110000E-08 2.49884000E-18 1.02710000E-26 5.15008000E-28 1.69152000E-09 3.76169000E-36 8.60889000E-26 1.73920000E-29 1.48147000E-32 3.79069000E-39 1.21958000E-40 9.69434000E-32 3.62489000E-33 7.96775000E-16 5.43552000E-36 1.00000000E-40 7.92778000E-35 1.00000000E-40 1.00000000E-40 1.13355000E-12 3.81789000E-35 1.59302000E-28 1.00000000E-40 1.00000000E-40 5.36320000E-35 9.26380000E-36 2.74683000E-31 1.62066000E-38 1.67216000E-28 2.10471000E-20 3.63504000E-23 2.95087000E-35 2.46056000E-35 1.00000000E-05 1.00000000E-05 1.00000000E-05 1.00000000E-05 1.00000000E-05 1.00000000E-05 1.00000000E-05 1.00000000E-05 1.00000000E-05 1.00000000E-05 1.00000000E-05 1.00000000E-05 1.00000000E-05
1.62500000E+01 1.49878000E-01 6.05703000E+18 1.79224001E+02 1.00000000E+05 4.45247000E+00 1.02523000E+03 1.00000000E-40 3.24148000E-02 4.49363000E-22 1.47583000E-16 1.00000000E-40 2.40668000E-07 3.77752000E-40 3.77752000E-40 3.77752000E-40 3.77752000E-40 3.78267000E-40 2.64068000E-21 1.70559000E-06 2.18870000E-07 1.19832000E-25 1.19420000E-19 1.94461000E-07 5.59091000E-07 9.92854000E-01 1.14648000E-25 2.01804000E-20 1.00000000E-40 1.00000000E-40 1.00000000E-40 5.95893000E-38 1.31612000E-26 1.05639000E-18 7.27773000E-21 4.70251000E-30 1.02908000E-31 2.03708000E-22 1.28440000E-09 1.34676000E-13 4.36046000E-11 7.14281000E-03 4.33588000E-35 3.66144000E-32 4.14264000E-11 1.00000000E-40 1.00000000E-40 2.13245000E-33 3.65773000E-32 4.20258000E-18 4.87664000E-12 2.46499000E-17 9.27642000E-18 3.99499000E-15 4.30340000E-08 2.53331000E-18 8.97896000E-27 6.40500000E-28 1.74934000E-09 3.83217000E-36 8.75088000E-26 1.79195000E-29 1.48032000E-32 4.16837000E-39 1.23796000E-40 9.87330000E-32 3.68148000E-33 7.31395000E-16 5.60350000E-36 1.00000000E-40 8.04281000E-35 1.00000000E-40 1.00000000E-40 1.34946000E-12 3.97523000E-35 1.61685000E-28 1.00000000E-40 1.00000000E-40 5.78949000E-35 9.39900000E-36 2.90943000E-31 1.69452000E-38 1.69711000E-28 3.48945000E-20 3.69844000E-23 3.02601000E-35 2.84728000E-35 1.00000000E-05 1.00000000E-05 1.00000000E-05 1.00000000E-05 1.00000000E-05 1.00000000E-05 1.00000000E-05 1.00000000E-05 1.00000000E-05 1.00000000E-05 1.00000000E-05 1.00000000E-05 1.00000000E-05
1.67500000E+01 1.39214000E-01 5.64348000E+18 1.78670132E+02 1.00000000E+05 4.77361000E+00 1.10579000E+03 1.03338000E-40 5.15185000E-02 8.42551000E-22 1.25597000E-16 1.03600000E-40 2.62131000E-07 4.06442000E-40 4.06442000E-40 4.06442000E-40 4.06442000E-40 4.06987000E-40 2.71541000E-21 1.82043000E-06 2.11971000E-07 2.09634000E-25 1.32582000E-19 2.10493000E-07 5.96125000E-07 9.92871000E-01 1.12190000E-25 1.97309000E-20 1.00000000E-40 1.00000000E-40 1.00000000E-40 6.05541000E-38 1.33959000E-26 9.78670000E-19 6.14947000E-21 3.21566000E-30 7.03298000E-32 2.05105000E-22 1.28472000E-09 1.32577000E-13 4.47269000E-11 7.12607000E-03 4.85166000E-35 3.72587000E-32 4.14270000E-11 1.00000000E-40 1.00000000E-40 2.18325000E-33 3.78875000E-32 6.44126000E-18 5.01638000E-12 2.59298000E-17 9.65679000E-18 3.75864000E-15 4.39325000E-08 2.57864000E-18 7.87706000E-27 7.86584000E-28 1.81220000E-09 3.90911000E-36 8.90599000E-26 1.84925000E-29 1.47855000E-32 4.60323000E-39 1.25806000E-40 1.00686000E-31 3.74331000E-33 6.71776000E-16 5.78231000E-36 1.00000000E-40 8.16833000E-35 1.00000000E-40 1.00000000E-40 1.60040000E-12 4.17038000E-35 1.64284000E-28 1.00000000E-40 1.00000000E-40 6.24236000E-35 9.54666000E-36 3.09005000E-31 1.77559000E-38 1.72435000E-28 5.62590000E-20 3.76759000E-23 3.10747000E-35 3.33096000E-35 1.00000000E-05 1.00000000E-05 1.00000000E-05 1.00000000E-05 1.00000000E-05 1.00000000E-05 1.00000000E-05 1.00000000E-05 1.00000000E-05 1.00000000E-05 1.00000000E-05 1.00000000E-05 1.00000000E-05
1.72500000E+01 1.29107000E-01 5.24927000E+18 1.78142784E+02 1.00000000E+05 5.12693000E+00 1.19676000E+03 1.07170000E-40 6.65840000E-02 1.05120000E-21 1.07820000E-16 1.07473000E-40 2.87143000E-07 4.38630000E-40 4.38630000E-40 4.38630000E-40 4.38630000E-40 4.39222000E-40 2.81459000E-21 1.94369000E-06 2.06533000E-07 3.57977000E-25 1.48160000E-19 2.28036000E-07 6.36629000E-07 9.92891000E-01 1.10752000E-25 1.91808000E-20 1.00000000E-40 1.00000000E-40 1.00000000E-40 6.21935000E-38 1.36532000E-26 9.09638000E-19 5.20645000E-21 2.20155000E-30 4.91374000E-32 2.06196000E-22 1.28661000E-09 1.30525000E-13 4.59690000E-11 7.10596000E-03 5.42276000E-35 3.79643000E-32 4.14768000E-11 1.00000000E-40 1.00000000E-40 2.23891000E-33 3.93285000E-32 9.97140000E-18 5.15759000E-12 2.73751000E-17 1.00547000E-17 3.55217000E-15 4.49164000E-08 2.63713000E-18 6.93503000E-27 9.52667000E-28 1.88077000E-09 3.99336000E-36 9.07599000E-26 1.91166000E-29 1.47611000E-32 5.10496000E-39 1.28012000E-40 1.02824000E-31 3.81109000E-33 6.17313000E-16 5.97344000E-36 1.00000000E-40 8.30576000E-35 1.00000000E-40 1.00000000E-40 1.89128000E-12 4.40973000E-35 1.67130000E-28 1.00000000E-40 1.00000000E-40 6.72461000E-35 9.70845000E-36 3.29120000E-31 1.86472000E-38 1.75420000E-28 8.83276000E-20 3.84325000E-23 3.19603000E-35 3.95165000E-35 1.00000000E-05 1.00000000E-05 1.00000000E-05 1.00000000E-05 1.00000000E-05 1.00000000E-05 1.00000000E-05 1.00000000E-05 1.00000000E-05 1.00000000E-05 1.00000000E-05 1.00000000E-05 1.00000000E-05
1.77500000E+01 1.19533000E-01 4.87322000E+18 1.77658691E+02 1.00000000E+05 5.51894000E+00 1.30254000E+03 1.11341000E-40 7.59990000E-02 1.11120000E-21 9.35770000E-17 1.11703000E-40 3.17232000E-07 4.75557000E-40 4.75557000E-40 4.75557000E-40 4.75557000E-40 4.76219000E-40 2.95057000E-21 2.07645000E-06 2.02581000E-07 5.97861000E-25 1.66875000E-19 2.47295000E-07 6.81076000E-07 9.92915000E-01 1.10717000E-25 1.85284000E-20 1.00000000E-40 1.00000000E-40 1.00000000E-40 6.48143000E-38 1.39361000E-26 8.49128000E-19 4.42258000E-21 1.51154000E-30 3.52929000E-32 2.06953000E-22 1.29026000E-09 1.28568000E-13 4.73480000E-11 7.08210000E-03 6.05562000E-35 3.87398000E-32 4.15817000E-11 1.00000000E-40 1.00000000E-40 2.30010000E-33 4.09178000E-32 1.53972000E-17 5.30068000E-12 2.90267000E-17 1.05147000E-17 3.37799000E-15 4.59972000E-08 2.71438000E-18 6.13157000E-27 1.13670000E-27 1.95581000E-09 4.08592000E-36 9.26295000E-26 1.97983000E-29 1.47292000E-32 5.68517000E-39 1.30441000E-40 1.05173000E-31 3.88565000E-33 5.68012000E-16 6.17861000E-36 1.00000000E-40 8.45678000E-35 1.00000000E-40 1.00000000E-40 2.22771000E-12 4.70219000E-35 1.70257000E-28 1.00000000E-40 1.00000000E-40 7.23959000E-35 9.88639000E-36 3.51589000E-31 1.96299000E-38 1.78702000E-28 1.35221000E-19 3.92632000E-23 3.29265000E-35 4.77033000E-35 1.00000000E-05 1.00000000E-05 1.00000000E-05 1.00000000E-05 1.00000000E-05 1.00000000E-05 1.00000000E-05 1.00000000E-05 1.00000000E-05 1.00000000E-05 1.00000000E-05 1.00000000E-05 1.00000000E-05
1.82500000E+01 1.10465000E-01 4.51550000E+18 1.77187540E+02 1.00000000E+05 5.95763000E+00 1.42605000E+03 1.15943000E-40 8.48319000E-02 1.10731000E-21 8.22198000E-17 1.16375000E-40 3.53812000E-07 5.17557000E-40 5.17557000E-40 5.17557000E-40 5.17557000E-40 5.18303000E-40 3.11246000E-21 2.22000000E-06 1.99036000E-07 9.77934000E-25 1.89360000E-19 2.68515000E-07 7.30026000E-07 9.92943000E-01 1.11372000E-25 1.77743000E-20 1.00000000E-40 1.00000000E-40 1.00000000E-40 6.83053000E-38 1.42485000E-26 7.95546000E-19 3.76646000E-21 1.03946000E-30 2.60911000E-32 2.07345000E-22 1.29589000E-09 1.26714000E-13 4.88839000E-11 7.05401000E-03 6.75780000E-35 3.95955000E-32 4.17489000E-11 1.00000000E-40 1.00000000E-40 2.36760000E-33 4.26755000E-32 2.35216000E-17 5.44618000E-12 3.09301000E-17 1.10778000E-17 3.22907000E-15 4.71888000E-08 2.80452000E-18 5.43541000E-27 1.33492000E-27 2.03823000E-09 4.18799000E-36 9.46933000E-26 2.05451000E-29 1.46891000E-32 6.35785000E-39 1.33125000E-40 1.07762000E-31 3.96798000E-33 5.21917000E-16 6.39990000E-36 1.00000000E-40 8.62337000E-35 1.00000000E-40 1.00000000E-40 2.61609000E-12 5.05752000E-35 1.73707000E-28 1.00000000E-40 1.00000000E-40 7.79133000E-35 1.00828000E-35 3.76768000E-31 2.07162000E-38 1.82324000E-28 2.02162000E-19 4.01787000E-23 3.39842000E-35 5.87601000E-35 1.00000000E-05 1.00000000E-05 1.00000000E-05 1.00000000E-05 1.00000000E-05 1.00000000E-05 1.00000000E-05 1.00000000E-05 1.00000000E-05 1.00000000E-05 1.00000000E-05 1.00000000E-05 1.00000000E-05
1.87500000E+01 1.01877000E-01 4.17385000E+18 1.76789686E+02 1.00000000E+05 6.46237000E+00 1.57722000E+03 1.21101000E-40 9.78182000E-02 1.09180000E-21 7.33580000E-17 1.21620000E-40 4.00961000E-07 5.67574000E-40 5.67574000E-40 5.67574000E-40 5.67574000E-40 5.68421000E-40 3.34235000E-21 2.37587000E-06 1.95135000E-07 1.57061000E-24 2.17201000E-19 2.91991000E-07 7.84153000E-07 9.92975000E-01 1.14283000E-25 1.69220000E-20 1.00000000E-40 1.00000000E-40 1.00000000E-40 7.36748000E-38 1.45947000E-26 7.50209000E-19 3.22720000E-21 7.19350000E-31 1.99857000E-32 2.07336000E-22 1.30376000E-09 1.25059000E-13 5.06017000E-11 7.02116000E-03 7.53828000E-35 4.05434000E-32 4.19867000E-11 1.00000000E-40 1.00000000E-40 2.44234000E-33 4.46261000E-32 3.54255000E-17 5.59484000E-12 3.31562000E-17 1.20618000E-17 3.11778000E-15 4.85077000E-08 2.92638000E-18 4.85001000E-27 1.54211000E-27 2.12913000E-09 4.30098000E-36 9.69811000E-26 2.13665000E-29 1.46404000E-32 7.14002000E-39 1.36102000E-40 1.10627000E-31 4.05928000E-33 4.81208000E-16 6.63979000E-36 1.00000000E-40 8.80793000E-35 1.00000000E-40 1.00000000E-40 3.06387000E-12 5.49330000E-35 1.77529000E-28 1.00000000E-40 1.00000000E-40 8.38475000E-35 1.03006000E-35 4.05089000E-31 2.19210000E-38 1.86339000E-28 2.95452000E-19 4.11919000E-23 3.51472000E-35 7.41235000E-35 1.00000000E-05 1.00000000E-05 1.00000000E-05 1.00000000E-05 1.00000000E-05 1.00000000E-05 1.00000000E-05 1.00000000E-05 1.00000000E-05 1.00000000E-05 1.00000000E-05 1.00000000E-05 1.00000000E-05
1.92500000E+01 9.37487000E-02 3.84912000E+18 1.76409517E+02 1.00000000E+05 7.04244000E+00 1.76165000E+03 1.26829000E-40 1.14385000E-01 1.08021000E-21 6.64430000E-17 1.27454000E-40 4.61738000E-07 6.26553000E-40 6.26553000E-40 6.26553000E-40 6.26553000E-40 6.27472000E-40 3.61819000E-21 2.54596000E-06 1.90823000E-07 2.47901000E-24 2.51483000E-19 3.18076000E-07 8.44273000E-07 9.93013000E-01 1.18185000E-25 1.59782000E-20 1.00000000E-40 1.00000000E-40 1.00000000E-40 8.07474000E-38 1.49803000E-26 7.10813000E-19 2.77560000E-21 4.99248000E-31 1.57897000E-32 2.06883000E-22 1.31420000E-09 1.23555000E-13 5.25314000E-11 6.98289000E-03 8.40789000E-35 4.15984000E-32 4.23056000E-11 1.00000000E-40 1.00000000E-40 2.52547000E-33 4.67991000E-32 5.24471000E-17 5.74766000E-12 3.57706000E-17 1.33965000E-17 3.03254000E-15 4.99740000E-08 3.06807000E-18 4.33971000E-27 1.75121000E-27 2.22986000E-09 4.42665000E-36 9.95287000E-26 2.22736000E-29 1.45826000E-32 8.05251000E-39 1.39420000E-40 1.13813000E-31 4.16097000E-33 4.43301000E-16 6.90132000E-36 1.00000000E-40 9.01336000E-35 1.00000000E-40 1.00000000E-40 3.57980000E-12 6.02609000E-35 1.81783000E-28 1.00000000E-40 1.00000000E-40 9.02582000E-35 1.05433000E-35 4.37077000E-31 2.32622000E-38 1.90811000E-28 4.22679000E-19 4.23186000E-23 3.64316000E-35 9.58495000E-35 1.00000000E-05 1.00000000E-05 1.00000000E-05 1.00000000E-05 1.00000000E-05 1.00000000E-05 1.00000000E-05 1.00000000E-05 1.00000000E-05 1.00000000E-05 1.00000000E-05 1.00000000E-05 1.00000000E-05
1.97500000E+01 8.60548000E-02 3.54025000E+18 1.76058791E+02 1.00000000E+05 7.73356000E+00 1.99700000E+03 1.33195000E-40 1.51957000E-01 1.17290000E-21 6.11251000E-17 1.33958000E-40 5.44152000E-07 6.99476000E-40 6.99476000E-40 6.99476000E-40 6.99476000E-40 7.00480000E-40 3.96111000E-21 2.73254000E-06 1.86031000E-07 3.85229000E-24 2.94363000E-19 3.47202000E-07 9.11374000E-07 9.93057000E-01 1.23606000E-25 1.49535000E-20 1.00000000E-40 1.00000000E-40 1.00000000E-40 9.03253000E-38 1.54118000E-26 6.77259000E-19 2.39742000E-21 3.47690000E-31 1.28517000E-32 2.05935000E-22 1.32758000E-09 1.22197000E-13 5.47096000E-11 6.93841000E-03 9.37962000E-35 4.27785000E-32 4.27177000E-11 1.00432000E-40 1.00000000E-40 2.61837000E-33 4.92299000E-32 7.62661000E-17 5.90596000E-12 3.88650000E-17 1.52750000E-17 2.97649000E-15 5.16119000E-08 3.23731000E-18 3.89312000E-27 1.95405000E-27 2.34202000E-09 4.56708000E-36 1.02380000E-25 2.32800000E-29 1.45156000E-32 9.12085000E-39 1.43136000E-40 1.17373000E-31 4.27483000E-33 4.08746000E-16 7.18816000E-36 1.00000000E-40 9.24318000E-35 1.00000000E-40 1.00000000E-40 4.17406000E-12 6.68187000E-35 1.86544000E-28 1.00000000E-40 1.00000000E-40 9.72183000E-35 1.08150000E-35 4.73369000E-31 2.47613000E-38 1.95816000E-28 5.92485000E-19 4.35776000E-23 3.78574000E-35 1.27146000E-34 1.00000000E-05 1.00000000E-05 1.00000000E-05 1.00000000E-05 1.00000000E-05 1.00000000E-05 1.00000000E-05 1.00000000E-05 1.00000000E-05 1.00000000E-05 1.00000000E-05 1.00000000E-05 1.00000000E-05
2.02500000E+01 7.87741000E-02 3.24692000E+18 1.75723399E+02 1.00000000E+05 8.56855000E+00 2.30039000E+03 1.40319000E-40 2.57303000E-01 1.59280000E-21 5.71051000E-17 1.41272000E-40 6.56823000E-07 7.91729000E-40 7.91729000E-40 7.91729000E-40 7.91729000E-40 7.92915000E-40 4.37470000E-21 2.93838000E-06 1.80673000E-07 5.90140000E-24 3.48443000E-19 3.79897000E-07 9.86671000E-07 9.93109000E-01 1.30298000E-25 1.38625000E-20 1.00000000E-40 1.00000000E-40 1.00000000E-40 1.03018000E-37 1.58973000E-26 6.48626000E-19 2.07696000E-21 2.42520000E-31 1.07238000E-32 2.04430000E-22 1.34440000E-09 1.20917000E-13 5.71821000E-11 6.88674000E-03 1.04694000E-34 4.41057000E-32 4.32386000E-11 1.01373000E-40 1.00000000E-40 2.72272000E-33 5.19620000E-32 1.08871000E-16 6.07147000E-12 4.25468000E-17 1.78492000E-17 2.94718000E-15 5.34513000E-08 3.43335000E-18 3.49361000E-27 2.14165000E-27 2.46759000E-09 4.72486000E-36 1.05588000E-25 2.44024000E-29 1.44398000E-32 1.03768000E-38 1.47320000E-40 1.21371000E-31 4.40298000E-33 3.77082000E-16 7.50479000E-36 1.00000000E-40 9.50169000E-35 1.00000000E-40 1.00000000E-40 4.85885000E-12 7.49401000E-35 1.91899000E-28 1.00000000E-40 1.00000000E-40 1.04817000E-34 1.11208000E-35 5.14751000E-31 2.64447000E-38 2.01448000E-28 8.14486000E-19 4.49922000E-23 3.94491000E-35 1.72831000E-34 1.00000000E-05 1.00000000E-05 1.00000000E-05 1.00000000E-05 1.00000000E-05 1.00000000E-05 1.00000000E-05 1.00000000E-05 1.00000000E-05 1.00000000E-05 1.00000000E-05 1.00000000E-05 1.00000000E-05
2.07500000E+01 7.18848000E-02 2.96892000E+18 1.75370160E+02 1.00000000E+05 9.60259000E+00 2.69478000E+03 1.48409000E-40 4.86499000E-01 2.75113000E-21 5.41405000E-17 1.49591000E-40 8.11001000E-07 9.13828000E-40 9.13828000E-40 9.13828000E-40 9.13828000E-40 9.15213000E-40 4.84940000E-21 3.16697000E-06 1.74641000E-07 8.92209000E-24 4.17010000E-19 4.16814000E-07 1.07166000E-06 9.93168000E-01 1.37542000E-25 1.27236000E-20 1.00000000E-40 1.00000000E-40 1.00000000E-40 1.19345000E-37 1.64468000E-26 6.23688000E-19 1.79971000E-21 1.68773000E-31 9.10806000E-33 2.02295000E-22 1.36525000E-09 1.19582000E-13 6.00054000E-11 6.82668000E-03 1.16968000E-34 4.56072000E-32 4.38871000E-11 1.02838000E-40 1.00000000E-40 2.84065000E-33 5.50491000E-32 1.52532000E-16 6.24651000E-12 4.69391000E-17 2.12617000E-17 2.93945000E-15 5.55295000E-08 3.65005000E-18 3.12061000E-27 2.30458000E-27 2.60904000E-09 4.90317000E-36 1.09220000E-25 2.56616000E-29 1.43562000E-32 1.18599000E-38 1.52059000E-40 1.25888000E-31 4.54811000E-33 3.47611000E-16 7.85684000E-36 1.00000000E-40 9.79427000E-35 1.00000000E-40 1.00000000E-40 5.64876000E-12 8.50639000E-35 1.97960000E-28 1.00000000E-40 1.00000000E-40 1.13167000E-34 1.14671000E-35 5.62201000E-31 2.83450000E-38 2.07825000E-28 1.09905000E-18 4.65912000E-23 4.12369000E-35 2.40103000E-34 1.00000000E-05 1.00000000E-05 1.00000000E-05 1.00000000E-05 1.00000000E-05 1.00000000E-05 1.00000000E-05 1.00000000E-05 1.00000000E-05 1.00000000E-05 1.00000000E-05 1.00000000E-05 1.00000000E-05
2.12500000E+01 6.53665000E-02 2.70605000E+18 1.74958647E+02 1.00000000E+05 1.09517000E+01 3.20530000E+03 1.57608000E-40 8.63949000E-01 5.15553000E-21 5.20056000E-17 1.59101000E-40 1.01771000E-06 1.08967000E-39 1.08967000E-39 1.08967000E-39 1.08967000E-39 1.09132000E-39 5.35837000E-21 3.42260000E-06 1.67802000E-07 1.33264000E-23 5.04264000E-19 4.58769000E-07 1.16821000E-06 9.93238000E-01 1.44120000E-25 1.15584000E-20 1.00000000E-40 1.00000000E-40 1.00000000E-40 1.39651000E-37 1.70727000E-26 6.01064000E-19 1.55324000E-21 1.16518000E-31 7.80621000E-33 1.99437000E-22 1.39087000E-09 1.17979000E-13 6.32509000E-11 6.75675000E-03 1.30861000E-34 4.73170000E-32 4.46868000E-11 1.04886000E-40 1.00000000E-40 2.97474000E-33 5.85579000E-32 2.09723000E-16 6.43407000E-12 5.21827000E-17 2.56235000E-17 2.94606000E-15 5.78920000E-08 3.87547000E-18 2.75235000E-27 2.43352000E-27 2.76941000E-09 5.10598000E-36 1.13357000E-25 2.70831000E-29 1.42668000E-32 1.36202000E-38 1.57461000E-40 1.31027000E-31 4.71351000E-33 3.19589000E-16 8.25120000E-36 1.00000000E-40 1.01276000E-34 1.00000000E-40 1.00000000E-40 6.56143000E-12 9.77801000E-35 2.04866000E-28 1.00000000E-40 1.00000000E-40 1.22406000E-34 1.18618000E-35 6.16940000E-31 3.05025000E-38 2.15091000E-28 1.45705000E-18 4.84104000E-23 4.32584000E-35 3.39636000E-34 1.00000000E-05 1.00000000E-05 1.00000000E-05 1.00000000E-05 1.00000000E-05 1.00000000E-05 1.00000000E-05 1.00000000E-05 1.00000000E-05 1.00000000E-05 1.00000000E-05 1.00000000E-05 1.00000000E-05
2.17500000E+01 5.91993000E-02 2.45844000E+18 1.74411207E+02 1.00000000E+05 1.26603000E+01 3.81710000E+03 1.68092000E-40 1.50065000E+00 9.03832000E-21 5.05761000E-17 1.69989000E-40 1.26996000E-06 1.33857000E-39 1.33857000E-39 1.33857000E-39 1.33857000E-39 1.34075000E-39 5.81935000E-21 3.71068000E-06 1.59990000E-07 1.96803000E-23 6.14749000E-19 5.06782000E-07 1.27867000E-06 9.93319000E-01 1.47334000E-25 1.03912000E-20 1.00000000E-40 1.00000000E-40 1.00000000E-40 1.63295000E-37 1.77909000E-26 5.78592000E-19 1.32598000E-21 7.90637000E-32 6.67115000E-33 1.95745000E-22 1.42219000E-09 1.15815000E-13 6.70084000E-11 6.67508000E-03 1.46676000E-34 4.92778000E-32 4.56678000E-11 1.07596000E-40 1.00000000E-40 3.12829000E-33 6.25722000E-32 2.82993000E-16 6.63807000E-12 5.84299000E-17 3.07094000E-17 2.95239000E-15 6.05969000E-08 4.07881000E-18 2.36356000E-27 2.51993000E-27 2.95253000E-09 5.33830000E-36 1.18104000E-25 2.86993000E-29 1.41750000E-32 1.57211000E-38 1.63661000E-40 1.36911000E-31 4.90336000E-33 2.91543000E-16 8.69662000E-36 1.00000000E-40 1.05099000E-34 1.00000000E-40 1.00000000E-40 7.61837000E-12 1.13879000E-34 2.12789000E-28 1.00000000E-40 1.00000000E-40 1.32709000E-34 1.23150000E-35 6.80509000E-31 3.29678000E-38 2.23430000E-28 1.90024000E-18 5.04950000E-23 4.55609000E-35 4.86945000E-34 1.00000000E-05 1.00000000E-05 1.00000000E-05 1.00000000E-05 1.00000000E-05 1.00000000E-05 1.00000000E-05 1.00000000E-05 1.00000000E-05 1.00000000E-05 1.00000000E-05 1.00000000E-05 1.00000000E-05
2.22500000E+01 5.33652000E-02 2.22622000E+18 1.73623347E+02 1.00000000E+05 1.49174000E+01 4.49652000E+03 1.80155000E-40 2.45606000E+00 1.38819000E-20 4.97499000E-17 1.82639000E-40 1.54694000E-06 1.71937000E-39 1.71937000E-39 1.71937000E-39 1.71937000E-39 1.72224000E-39 6.09604000E-21 4.03799000E-06 1.50994000E-07 2.87584000E-23 7.53207000E-19 5.62143000E-07 1.40600000E-06 9.93414000E-01 1.43629000E-25 9.24681000E-21 1.00000000E-40 1.00000000E-40 1.00000000E-40 1.88514000E-37 1.86209000E-26 5.53900000E-19 1.11064000E-21 5.21513000E-32 5.60824000E-33 1.91072000E-22 1.46042000E-09 1.12806000E-13 7.13925000E-11 6.57931000E-03 1.64794000E-34 5.15436000E-32 4.68676000E-11 1.11071000E-40 1.00000000E-40 3.30543000E-33 6.71971000E-32 3.74862000E-16 6.86363000E-12 6.58738000E-17 3.57921000E-17 2.94089000E-15 6.37172000E-08 4.21223000E-18 1.94215000E-27 2.55754000E-27 3.16325000E-09 5.60642000E-36 1.23590000E-25 3.05508000E-29 1.40858000E-32 1.82435000E-38 1.70830000E-40 1.43702000E-31 5.12290000E-33 2.61948000E-16 9.20408000E-36 1.00000000E-40 1.09519000E-34 1.00000000E-40 1.00000000E-40 8.84597000E-12 1.34504000E-34 2.21949000E-28 1.00000000E-40 1.00000000E-40 1.44295000E-34 1.28392000E-35 7.54865000E-31 3.58046000E-38 2.33074000E-28 2.44214000E-18 5.29017000E-23 4.82041000E-35 7.04664000E-34 1.00000000E-05 1.00000000E-05 1.00000000E-05 1.00000000E-05 1.00000000E-05 1.00000000E-05 1.00000000E-05 1.00000000E-05 1.00000000E-05 1.00000000E-05 1.00000000E-05 1.00000000E-05 1.00000000E-05
2.27500000E+01 4.78480000E-02 2.00789000E+18 1.72600303E+02 1.00000000E+05 1.77529000E+01 5.12326000E+03 1.94251000E-40 3.85839000E+00 1.84369000E-20 4.96391000E-17 1.97555000E-40 1.78921000E-06 2.28171000E-39 2.28171000E-39 2.28171000E-39 2.28171000E-39 2.28545000E-39 6.17078000E-21 4.41337000E-06 1.40539000E-07 4.17086000E-23 9.29836000E-19 6.26524000E-07 1.55404000E-06 9.93527000E-01 1.33722000E-25 8.14958000E-21 1.00000000E-40 1.00000000E-40 1.00000000E-40 2.15973000E-37 1.95885000E-26 5.27783000E-19 9.11358000E-22 3.33869000E-32 4.62127000E-33 1.85235000E-22 1.50709000E-09 1.08873000E-13 7.65518000E-11 6.46638000E-03 1.85706000E-34 5.41841000E-32 4.83355000E-11 1.15438000E-40 1.00000000E-40 3.51154000E-33 7.25691000E-32 4.88134000E-16 7.11749000E-12 7.48663000E-17 4.10004000E-17 2.91722000E-15 6.73472000E-08 4.27015000E-18 1.51935000E-27 2.54542000E-27 3.40781000E-09 5.91852000E-36 1.29987000E-25 3.26903000E-29 1.40067000E-32 2.12931000E-38 1.79192000E-40 1.51606000E-31 5.37895000E-33 2.32177000E-16 9.78784000E-36 1.00000000E-40 1.14672000E-34 1.00000000E-40 1.00000000E-40 1.02775000E-11 1.61575000E-34 2.32630000E-28 1.00000000E-40 1.00000000E-40 1.57448000E-34 1.34506000E-35 8.42547000E-31 3.90949000E-38 2.44319000E-28 3.09774000E-18 5.57043000E-23 5.12651000E-35 1.02864000E-33 1.00000000E-05 1.00000000E-05 1.00000000E-05 1.00000000E-05 1.00000000E-05 1.00000000E-05 1.00000000E-05 1.00000000E-05 1.00000000E-05 1.00000000E-05 1.00000000E-05 1.00000000E-05 1.00000000E-05
2.32500000E+01 4.26327000E-02 1.80236000E+18 1.71323758E+02 1.00000000E+05 2.11367000E+01 5.49259000E+03 2.11087000E-40 5.78959000E+00 2.09179000E-20 5.04795000E-17 2.15640000E-40 1.90525000E-06 3.10577000E-39 3.10577000E-39 3.10577000E-39 3.10577000E-39 3.11082000E-39 6.02359000E-21 4.84854000E-06 1.28264000E-07 6.02471000E-23 1.15928000E-18 7.02150000E-07 1.72789000E-06 9.93660000E-01 1.18505000E-25 7.12094000E-21 1.00000000E-40 1.00000000E-40 1.00000000E-40 2.46332000E-37 2.07278000E-26 5.00637000E-19 7.31429000E-22 2.07018000E-32 3.71520000E-33 1.77994000E-22 1.56426000E-09 1.04030000E-13 8.26847000E-11 6.33228000E-03 2.10063000E-34 5.72925000E-32 5.01367000E-11 1.20867000E-40 1.00000000E-40 3.75374000E-33 7.88694000E-32 6.25904000E-16 7.40877000E-12 8.59517000E-17 4.65655000E-17 2.88533000E-15 7.16130000E-08 4.24082000E-18 1.12677000E-27 2.48730000E-27 3.69456000E-09 6.28546000E-36 1.37518000E-25 3.51881000E-29 1.39476000E-32 2.50115000E-38 1.89041000E-40 1.60899000E-31 5.68059000E-33 2.02903000E-16 1.04668000E-35 1.00000000E-40 1.20741000E-34 1.00000000E-40 1.00000000E-40 1.19564000E-11 1.98180000E-34 2.45210000E-28 1.00000000E-40 1.00000000E-40 1.72548000E-34 1.41711000E-35 9.46942000E-31 4.29480000E-38 2.57566000E-28 3.88649000E-18 5.90009000E-23 5.48467000E-35 1.51660000E-33 1.00000000E-05 1.00000000E-05 1.00000000E-05 1.00000000E-05 1.00000000E-05 1.00000000E-05 1.00000000E-05 1.00000000E-05 1.00000000E-05 1.00000000E-05 1.00000000E-05 1.00000000E-05 1.00000000E-05
2.37500000E+01 3.77067000E-02 1.60844000E+18 1.69796696E+02 1.00000000E+05 2.47419000E+01 5.38076000E+03 2.31807000E-40 8.14950000E+00 2.02569000E-20 5.30298000E-17 2.38260000E-40 1.81237000E-06 4.24176000E-39 4.24176000E-39 4.24176000E-39 4.24176000E-39 4.24846000E-39 5.68787000E-21 5.35948000E-06 1.13672000E-07 8.70982000E-23 1.46607000E-18 7.92041000E-07 1.93449000E-06 9.93820000E-01 1.00197000E-25 6.17819000E-21 1.00000000E-40 1.00000000E-40 1.00000000E-40 2.81633000E-37 2.20851000E-26 4.73368000E-19 5.74034000E-22 1.24297000E-32 2.90673000E-33 1.69021000E-22 1.63472000E-09 9.83823000E-14 9.00607000E-11 6.17150000E-03 2.38749000E-34 6.09949000E-32 5.23599000E-11 1.27589000E-40 1.00000000E-40 4.04176000E-33 8.63440000E-32 7.92005000E-16 7.74991000E-12 1.00002000E-16 5.36343000E-17 2.85419000E-15 7.66856000E-08 4.12568000E-18 7.90571000E-28 2.39114000E-27 4.03482000E-09 6.72200000E-36 1.46491000E-25 3.81396000E-29 1.39225000E-32 2.95913000E-38 2.00780000E-40 1.71954000E-31 6.04013000E-33 1.75007000E-16 1.12670000E-35 1.00000000E-40 1.27973000E-34 1.00000000E-40 1.00000000E-40 1.39410000E-11 2.49543000E-34 2.60203000E-28 1.00000000E-40 1.00000000E-40 1.90111000E-34 1.50300000E-35 1.07266000E-30 4.75120000E-38 2.73356000E-28 4.83477000E-18 6.29248000E-23 5.90886000E-35 2.26679000E-33 1.00000000E-05 1.00000000E-05 1.00000000E-05 1.00000000E-05 1.00000000E-05 1.00000000E-05 1.00000000E-05 1.00000000E-05 1.00000000E-05 1.00000000E-05 1.00000000E-05 1.00000000E-05 1.00000000E-05
2.42500000E+01 3.30582000E-02 1.42515000E+18 1.68010292E+02 1.00000000E+05 2.76139000E+01 4.65207000E+03 2.57983000E-40 1.05343000E+01 1.74215000E-20 5.94338000E-17 2.67470000E-40 1.49047000E-06 5.60782000E-39 5.60782000E-39 5.60782000E-39 5.60782000E-39 5.61642000E-39 5.21719000E-21 5.96850000E-06 9.60738000E-08 1.26769000E-22 1.89067000E-18 9.00419000E-07 2.18352000E-06 9.94014000E-01 8.10461000E-26 5.33375000E-21 1.00000000E-40 1.00000000E-40 1.00000000E-40 3.24829000E-37 2.37252000E-26 4.46528000E-19 4.40159000E-22 7.21529000E-33 2.20630000E-33 1.57859000E-22 1.72237000E-09 9.20720000E-14 9.90565000E-11 5.97636000E-03 2.73001000E-34 6.54679000E-32 5.51287000E-11 1.35931000E-40 1.00000000E-40 4.38915000E-33 9.53366000E-32 9.91364000E-16 8.15836000E-12 1.18415000E-16 6.49883000E-17 2.83180000E-15 8.28037000E-08 3.92669000E-18 5.22307000E-28 2.26737000E-27 4.44439000E-09 7.24878000E-36 1.57334000E-25 4.16781000E-29 1.39506000E-32 3.53027000E-38 2.14970000E-40 1.85293000E-31 6.47479000E-33 1.48956000E-16 1.22242000E-35 1.00000000E-40 1.36714000E-34 1.00000000E-40 1.00000000E-40 1.63125000E-11 3.24902000E-34 2.78326000E-28 1.00000000E-40 1.00000000E-40 2.10862000E-34 1.60686000E-35 1.22615000E-30 5.29935000E-38 2.92444000E-28 5.98023000E-18 6.76624000E-23 6.41857000E-35 3.45283000E-33 1.00000000E-05 1.00000000E-05 1.00000000E-05 1.00000000E-05 1.00000000E-05 1.00000000E-05 1.00000000E-05 1.00000000E-05 1.00000000E-05 1.00000000E-05 1.00000000E-05 1.00000000E-05 1.00000000E-05
2.47500000E+01 2.86780000E-02 1.25230000E+18 1.65865846E+02 1.00000000E+05 2.85779000E+01 3.44155000E+03 2.92299000E-40 1.22207000E+01 1.61640000E-20 7.53521000E-17 3.06766000E-40 1.03153000E-06 6.99305000E-39 6.99305000E-39 6.99305000E-39 6.99305000E-39 7.00327000E-39 4.62403000E-21 6.70751000E-06 7.44865000E-08 1.86844000E-22 2.49382000E-18 1.03332000E-06 2.48884000E-06 9.94254000E-01 6.20683000E-26 4.59525000E-21 1.00000000E-40 1.00000000E-40 1.00000000E-40 3.78015000E-37 2.57405000E-26 4.18608000E-19 3.27725000E-22 4.00858000E-33 1.60774000E-33 1.43861000E-22 1.83276000E-09 8.52623000E-14 1.10211000E-10 5.73593000E-03 3.14583000E-34 7.09638000E-32 5.86202000E-11 1.46369000E-40 1.00000000E-40 4.81529000E-33 1.06338000E-31 1.22982000E-15 8.65897000E-12 1.43463000E-16 8.73896000E-17 2.81432000E-15 9.03091000E-08 3.61604000E-18 3.18303000E-28 2.12762000E-27 4.94590000E-09 7.89530000E-36 1.70660000E-25 4.59941000E-29 1.40590000E-32 4.25330000E-38 2.32413000E-40 2.01664000E-31 7.00916000E-33 1.24034000E-16 1.33899000E-35 1.00000000E-40 1.47458000E-34 1.00000000E-40 1.00000000E-40 1.91865000E-11 4.41569000E-34 3.00604000E-28 1.00000000E-40 1.00000000E-40 2.35834000E-34 1.73457000E-35 1.41665000E-30 5.96872000E-38 3.15911000E-28 7.38013000E-18 7.34798000E-23 7.04172000E-35 5.38826000E-33 1.00000000E-05 1.00000000E-05 1.00000000E-05 1.00000000E-05 1.00000000E-05 1.00000000E-05 1.00000000E-05 1.00000000E-05 1.00000000E-05 1.00000000E-05 1.00000000E-05 1.00000000E-05 1.00000000E-05
2.52500000E+01 2.45581000E-02 1.09018000E+18 1.63159487E+02 1.00000000E+05 2.67652000E+01 2.12824000E+03 3.38752000E-40 1.26728000E+01 2.16292000E-20 1.14048000E-16 3.61518000E-40 5.89089000E-07 8.00637000E-39 8.00637000E-39 8.00637000E-39 8.00637000E-39 8.01733000E-39 3.94708000E-21 7.62318000E-06 5.08288000E-08 2.80500000E-22 3.36727000E-18 1.19958000E-06 2.87075000E-06 9.94554000E-01 4.44189000E-26 3.96673000E-21 1.00000000E-40 1.00000000E-40 1.00000000E-40 4.43005000E-37 2.82668000E-26 3.85945000E-19 2.34520000E-22 2.09143000E-33 1.10467000E-33 1.26078000E-22 1.97408000E-09 7.83506000E-14 1.24311000E-10 5.43417000E-03 3.66081000E-34 7.78523000E-32 6.30939000E-11 1.59609000E-40 1.00000000E-40 5.34854000E-33 1.20067000E-31 1.51399000E-15 9.28811000E-12 1.79311000E-16 1.33965000E-16 2.79109000E-15 9.97019000E-08 3.14329000E-18 1.72743000E-28 1.98796000E-27 5.57245000E-09 8.70477000E-36 1.87365000E-25 5.13670000E-29 1.42867000E-32 5.18518000E-38 2.54285000E-40 2.22160000E-31 7.67929000E-33 9.90340000E-17 1.48398000E-35 1.00000000E-40 1.60932000E-34 1.00000000E-40 1.00000000E-40 2.27324000E-11 6.34954000E-34 3.28541000E-28 1.00000000E-40 1.00000000E-40 2.66542000E-34 1.89476000E-35 1.65769000E-30 6.80242000E-38 3.45341000E-28 9.12517000E-18 8.07669000E-23 7.81916000E-35 8.67031000E-33 1.00000000E-05 1.00000000E-05 1.00000000E-05 1.00000000E-05 1.00000000E-05 1.00000000E-05 1.00000000E-05 1.00000000E-05 1.00000000E-05 1.00000000E-05 1.00000000E-05 1.00000000E-05 1.00000000E-05
2.57500000E+01 2.06919000E-02 9.34589000E+17 1.60359949E+02 1.00000000E+05 2.18595000E+01 1.05138000E+03 4.05336000E-40 1.26402000E+01 3.36172000E-20 2.04069000E-16 4.41160000E-40 2.68593000E-07 8.22433000E-39 8.22433000E-39 8.22433000E-39 8.22433000E-39 8.23478000E-39 3.81504000E-21 8.78896000E-06 3.29058000E-08 4.38758000E-22 4.85104000E-18 1.41310000E-06 3.36111000E-06 9.94940000E-01 3.54282000E-26 3.44919000E-21 1.00000000E-40 1.00000000E-40 1.00000000E-40 5.44372000E-37 3.15171000E-26 3.59703000E-19 1.67679000E-22 1.07863000E-33 7.53074000E-34 1.03020000E-22 2.15913000E-09 7.24423000E-14 1.42594000E-10 5.04588000E-03 4.31563000E-34 8.67140000E-32 6.89568000E-11 1.76769000E-40 1.00000000E-40 6.03352000E-33 1.37653000E-31 1.85897000E-15 1.01026000E-11 2.35154000E-16 2.31232000E-16 2.83996000E-15 1.11768000E-07 2.71604000E-18 8.91674000E-29 1.87990000E-27 6.37606000E-09 9.74503000E-36 2.08857000E-25 5.82353000E-29 1.46928000E-32 6.41546000E-38 2.82432000E-40 2.48499000E-31 8.54179000E-33 7.94430000E-17 1.66923000E-35 1.00000000E-40 1.78271000E-34 1.00000000E-40 1.00000000E-40 2.72175000E-11 9.83373000E-34 3.64498000E-28 1.00000000E-40 1.00000000E-40 3.05369000E-34 2.10097000E-35 1.97058000E-30 7.86807000E-38 3.83220000E-28 1.13036000E-17 9.01364000E-23 8.81508000E-35 1.46981000E-32 1.00000000E-05 1.00000000E-05 1.00000000E-05 1.00000000E-05 1.00000000E-05 1.00000000E-05 1.00000000E-05 1.00000000E-05 1.00000000E-05 1.00000000E-05 1.00000000E-05 1.00000000E-05 1.00000000E-05
2.62500000E+01 1.70707000E-02 7.83005000E+17 1.57907994E+02 1.00000000E+05 1.52080000E+01 4.02509000E+02 5.00074000E-40 1.76408000E+01 4.06189000E-20 3.96021000E-16 5.52706000E-40 9.76302000E-08 7.50201000E-39 7.50201000E-39 7.50201000E-39 7.50201000E-39 7.51083000E-39 4.86423000E-21 1.03304000E-05 2.22145000E-08 7.39911000E-22 7.85530000E-18 1.69758000E-06 4.01440000E-06 9.95456000E-01 3.71812000E-26 3.04169000E-21 1.00000000E-40 1.00000000E-40 1.00000000E-40 7.19588000E-37 3.58549000E-26 3.49761000E-19 1.25679000E-22 5.84774000E-34 5.40582000E-34 7.21477000E-23 2.40977000E-09 6.86797000E-14 1.67168000E-10 4.52799000E-03 5.17998000E-34 9.85398000E-32 7.69026000E-11 1.99775000E-40 1.00000000E-40 6.94637000E-33 1.61024000E-31 2.28949000E-15 1.11990000E-11 3.27001000E-16 4.26790000E-16 3.01892000E-15 1.27850000E-07 2.47059000E-18 4.86354000E-29 1.83699000E-27 7.44560000E-09 1.11320000E-35 2.37541000E-25 6.73490000E-29 1.53734000E-32 8.09676000E-38 3.20006000E-40 2.83617000E-31 9.69329000E-33 6.75324000E-17 1.91500000E-35 1.00000000E-40 2.01419000E-34 1.00000000E-40 1.00000000E-40 3.31019000E-11 1.64420000E-33 4.12502000E-28 1.00000000E-40 1.00000000E-40 3.56397000E-34 2.37635000E-35 2.39163000E-30 9.28113000E-38 4.33794000E-28 1.40261000E-17 1.02634000E-22 1.01392000E-34 2.66589000E-32 1.00000000E-05 1.00000000E-05 1.00000000E-05 1.00000000E-05 1.00000000E-05 1.00000000E-05 1.00000000E-05 1.00000000E-05 1.00000000E-05 1.00000000E-05 1.00000000E-05 1.00000000E-05 1.00000000E-05
2.67500000E+01 1.38173000E-02 6.41257000E+17 1.56065793E+02 1.00000000E+05 8.46946000E+00 1.10753000E+02 6.09688000E-40 3.71517000E+01 2.74231000E-20 7.44502000E-16 6.76189000E-40 2.91500000E-08 5.90569000E-39 5.90569000E-39 5.90569000E-39 5.90569000E-39 5.91162000E-39 7.95327000E-21 1.23573000E-05 1.68691000E-08 1.27054000E-21 1.35532000E-17 2.07632000E-06 4.88288000E-06 9.95804000E-01 5.03994000E-26 2.71867000E-21 1.00000000E-40 1.00000000E-40 1.00000000E-40 1.02465000E-36 4.15406000E-26 3.60773000E-19 1.01797000E-22 3.48774000E-34 4.24695000E-34 4.24241000E-23 2.73918000E-09 6.74343000E-14 1.99941000E-10 4.17609000E-03 6.32021000E-34 1.14032000E-31 8.73469000E-11 2.29932000E-40 1.00000000E-40 8.14710000E-33 1.91845000E-31 2.82819000E-15 1.26292000E-11 4.64949000E-16 7.77062000E-16 3.34832000E-15 1.48950000E-07 2.44929000E-18 3.08235000E-29 1.86215000E-27 8.85756000E-09 1.29515000E-35 2.75136000E-25 7.93085000E-29 1.63382000E-32 1.04076000E-37 3.69176000E-40 3.29669000E-31 1.12014000E-32 6.26597000E-17 2.23658000E-35 1.00000000E-40 2.31673000E-34 1.00000000E-40 1.00000000E-40 4.08354000E-11 2.79075000E-33 4.75291000E-28 1.00000000E-40 1.00000000E-40 4.22987000E-34 2.73651000E-35 2.95865000E-30 1.11443000E-37 4.99952000E-28 1.73632000E-17 1.19013000E-22 1.18767000E-34 4.98716000E-32 1.00000000E-05 1.00000000E-05 1.00000000E-05 1.00000000E-05 1.00000000E-05 1.00000000E-05 1.00000000E-05 1.00000000E-05 1.00000000E-05 1.00000000E-05 1.00000000E-05 1.00000000E-05 1.00000000E-05
2.72500000E+01 1.16399000E-02 5.44645000E+17 1.54794286E+02 1.00000000E+05 3.56537000E+00 2.08621000E+01 6.95778000E-40 3.63425000E+01 1.04769000E-20 1.26756000E-15 7.69992000E-40 9.56859000E-09 3.99769000E-39 3.99769000E-39 3.99769000E-39 3.99769000E-39 4.00086000E-39 1.27231000E-20 1.41863000E-05 1.39046000E-08 1.94212000E-21 2.09802000E-17 2.43846000E-06 5.70411000E-06 9.96044000E-01 6.94009000E-26 2.32345000E-21 1.00000000E-40 1.00000000E-40 1.12340000E-40 1.38060000E-36 4.62136000E-26 3.72146000E-19 8.45726000E-23 2.28078000E-34 3.46317000E-34 2.60875000E-23 2.98979000E-09 6.50449000E-14 2.30067000E-10 3.93375000E-03 7.39302000E-34 1.26700000E-31 9.52618000E-11 2.54094000E-40 1.00000000E-40 9.17866000E-33 2.19507000E-31 3.31653000E-15 1.36610000E-11 6.16941000E-16 1.24764000E-15 3.62965000E-15 1.66650000E-07 2.49608000E-18 2.21373000E-29 1.84404000E-27 1.01226000E-08 1.44705000E-35 3.06001000E-25 8.96644000E-29 1.66291000E-32 1.28515000E-37 4.08860000E-40 3.67973000E-31 1.24278000E-32 5.95740000E-17 2.50741000E-35 1.00000000E-40 2.55762000E-34 1.00000000E-40 1.00000000E-40 4.82010000E-11 4.24067000E-33 5.25690000E-28 1.00000000E-40 1.00000000E-40 4.81390000E-34 3.02494000E-35 3.51847000E-30 1.28429000E-37 5.53122000E-28 2.02959000E-17 1.32515000E-22 1.33587000E-34 8.30931000E-32 1.00000000E-05 1.00000000E-05 1.00000000E-05 1.00000000E-05 1.00000000E-05 1.00000000E-05 1.00000000E-05 1.00000000E-05 1.00000000E-05 1.00000000E-05 1.00000000E-05 1.00000000E-05 1.00000000E-05
2.77500000E+01 1.01548000E-02 4.78228000E+17 1.53798942E+02 1.00000000E+05 1.18804000E+00 2.98306000E+00 7.59568000E-40 2.56543000E+01 3.76172000E-21 1.97644000E-15 8.36960000E-40 5.58473000E-09 2.57793000E-39 2.57793000E-39 2.57793000E-39 2.57793000E-39 2.57945000E-39 1.87726000E-20 1.57117000E-05 1.20560000E-08 2.68311000E-21 2.93575000E-17 2.76436000E-06 6.43347000E-06 9.96218000E-01 9.05414000E-26 1.90892000E-21 1.00000000E-40 1.00000000E-40 1.51695000E-40 1.74876000E-36 4.96211000E-26 3.79002000E-19 7.11190000E-23 1.58580000E-34 2.86929000E-34 1.73987000E-23 3.14949000E-09 6.19615000E-14 2.56018000E-10 3.75694000E-03 8.33519000E-34 1.35859000E-31 1.00268000E-10 2.70976000E-40 1.00000000E-40 9.98463000E-33 2.42451000E-31 3.72039000E-15 1.42472000E-11 7.65569000E-16 1.75847000E-15 3.82504000E-15 1.79979000E-07 2.54048000E-18 1.71927000E-29 1.78410000E-27 1.11710000E-08 1.56060000E-35 3.28468000E-25 9.78292000E-29 1.62923000E-32 1.53258000E-37 4.36915000E-40 3.96441000E-31 1.33063000E-32 5.65004000E-17 2.71221000E-35 1.00000000E-40 2.72391000E-34 1.00000000E-40 1.00000000E-40 5.47397000E-11 5.81266000E-33 5.60983000E-28 1.00000000E-40 1.00000000E-40 5.28083000E-34 3.22611000E-35 4.04365000E-30 1.42773000E-37 5.90436000E-28 2.26551000E-17 1.42405000E-22 1.45028000E-34 1.24379000E-31 1.00000000E-05 1.00000000E-05 1.00000000E-05 1.00000000E-05 1.00000000E-05 1.00000000E-05 1.00000000E-05 1.00000000E-05 1.00000000E-05 1.00000000E-05 1.00000000E-05 1.00000000E-05 1.00000000E-05
2.82500000E+01 9.11307000E-03 4.31308000E+17 1.53035548E+02 1.00000000E+05 3.11432000E-01 3.62194000E-01 8.05190000E-40 1.64116000E+01 1.51732000E-21 2.84405000E-15 8.82055000E-40 5.03623000E-09 1.73337000E-39 1.73337000E-39 1.73337000E-39 1.73337000E-39 1.73398000E-39 2.55412000E-20 1.69036000E-05 1.08172000E-08 3.41980000E-21 3.79443000E-17 3.04605000E-06 7.05415000E-06 9.96349000E-01 1.11500000E-25 1.51835000E-21 1.00000000E-40 1.00000000E-40 1.89076000E-40 2.09651000E-36 5.17753000E-26 3.82576000E-19 6.06310000E-23 1.16270000E-34 2.41761000E-34 1.26087000E-23 3.22381000E-09 5.86056000E-14 2.77416000E-10 3.62418000E-03 9.12079000E-34 1.41553000E-31 1.02546000E-10 2.80771000E-40 1.00000000E-40 1.05593000E-32 2.60281000E-31 4.02925000E-15 1.44238000E-11 9.00083000E-16 2.26856000E-15 3.93766000E-15 1.88912000E-07 2.58860000E-18 1.40865000E-29 1.69125000E-27 1.19866000E-08 1.63573000E-35 3.42625000E-25 1.03712000E-28 1.54704000E-32 1.77723000E-37 4.53577000E-40 4.15075000E-31 1.38427000E-32 5.34949000E-17 2.85000000E-35 1.00000000E-40 2.81766000E-34 1.00000000E-40 1.00000000E-40 6.02375000E-11 7.34109000E-33 5.81523000E-28 1.00000000E-40 1.00000000E-40 5.62235000E-34 3.34221000E-35 4.52223000E-30 1.54143000E-37 6.12255000E-28 2.43844000E-17 1.48710000E-22 1.53012000E-34 1.71059000E-31 1.00000000E-05 1.00000000E-05 1.00000000E-05 1.00000000E-05 1.00000000E-05 1.00000000E-05 1.00000000E-05 1.00000000E-05 1.00000000E-05 1.00000000E-05 1.00000000E-05 1.00000000E-05 1.00000000E-05
2.87500000E+01 8.30273000E-03 3.94700000E+17 1.52360010E+02 1.00000000E+05 6.91666000E-02 7.74390000E-02 8.41410000E-40 9.95739000E+00 7.16630000E-22 3.79648000E-15 9.12710000E-40 5.34246000E-09 1.30679000E-39 1.30679000E-39 1.30679000E-39 1.30679000E-39 1.30699000E-39 3.31137000E-20 1.79014000E-05 9.87890000E-09 4.16606000E-21 4.69862000E-17 3.30599000E-06 7.61975000E-06 9.96456000E-01 1.32311000E-25 1.18492000E-21 1.00000000E-40 1.00000000E-40 2.25584000E-40 2.43662000E-36 5.31952000E-26 3.84081000E-19 5.23891000E-23 8.83057000E-35 2.06372000E-34 9.60794000E-24 3.24902000E-09 5.55903000E-14 2.96596000E-10 3.51446000E-03 9.81635000E-34 1.45210000E-31 1.03258000E-10 2.86401000E-40 1.00000000E-40 1.10010000E-32 2.75187000E-31 4.27213000E-15 1.43636000E-11 1.02571000E-15 2.76125000E-15 3.99590000E-15 1.95276000E-07 2.62784000E-18 1.18402000E-29 1.58658000E-27 1.26723000E-08 1.68841000E-35 3.51910000E-25 1.08251000E-28 1.44264000E-32 2.03065000E-37 4.63508000E-40 4.27951000E-31 1.41777000E-32 5.04637000E-17 2.94794000E-35 1.00000000E-40 2.86840000E-34 1.00000000E-40 1.00000000E-40 6.51008000E-11 8.83388000E-33 5.93334000E-28 1.00000000E-40 1.00000000E-40 5.88679000E-34 3.40799000E-35 4.98700000E-30 1.63751000E-37 6.24912000E-28 2.57100000E-17 1.52910000E-22 1.58974000E-34 2.24109000E-31 1.00000000E-05 1.00000000E-05 1.00000000E-05 1.00000000E-05 1.00000000E-05 1.00000000E-05 1.00000000E-05 1.00000000E-05 1.00000000E-05 1.00000000E-05 1.00000000E-05 1.00000000E-05 1.00000000E-05
2.92500000E+01 7.64927000E-03 3.65051000E+17 1.51768563E+02 1.00000000E+05 1.27193000E-02 4.00191000E-02 8.66063000E-40 6.63978000E+00 3.95593000E-22 4.68328000E-15 9.25659000E-40 6.12513000E-09 1.09672000E-39 1.09672000E-39 1.09672000E-39 1.09672000E-39 1.09679000E-39 4.13872000E-20 1.87369000E-05 9.13072000E-09 4.90961000E-21 5.64848000E-17 3.54844000E-06 8.14107000E-06 9.96549000E-01 1.52760000E-25 9.11071000E-22 1.00000000E-40 1.00000000E-40 2.61186000E-40 2.76663000E-36 5.40324000E-26 3.84890000E-19 4.59084000E-23 6.92074000E-35 1.78648000E-34 7.59194000E-24 3.23687000E-09 5.29516000E-14 3.14121000E-10 3.42075000E-03 1.04337000E-33 1.47250000E-31 1.02779000E-10 2.88754000E-40 1.00000000E-40 1.13362000E-32 2.87679000E-31 4.45644000E-15 1.41265000E-11 1.14415000E-15 3.24581000E-15 4.01245000E-15 1.99587000E-07 2.66862000E-18 1.01420000E-29 1.47635000E-27 1.32529000E-08 1.72317000E-35 3.57329000E-25 1.11687000E-28 1.32646000E-32 2.29513000E-37 4.68102000E-40 4.36234000E-31 1.43533000E-32 4.76005000E-17 3.01358000E-35 1.00000000E-40 2.88514000E-34 1.00000000E-40 1.00000000E-40 6.93887000E-11 1.02765000E-32 5.98235000E-28 1.00000000E-40 1.00000000E-40 6.08585000E-34 3.43398000E-35 5.44468000E-30 1.71840000E-37 6.30316000E-28 2.66842000E-17 1.55437000E-22 1.63302000E-34 2.83884000E-31 1.00000000E-05 1.00000000E-05 1.00000000E-05 1.00000000E-05 1.00000000E-05 1.00000000E-05 1.00000000E-05 1.00000000E-05 1.00000000E-05 1.00000000E-05 1.00000000E-05 1.00000000E-05 1.00000000E-05
2.97500000E+01 7.09949000E-03 3.40021000E+17 1.51229828E+02 1.00000000E+05 1.97325000E-03 2.71390000E-02 8.81868000E-40 3.84923000E+00 2.39006000E-22 5.33620000E-15 9.22123000E-40 7.48211000E-09 9.94673000E-40 9.94673000E-40 9.94673000E-40 9.94673000E-40 9.94701000E-40 5.04225000E-20 1.94563000E-05 8.50569000E-09 5.65538000E-21 6.66289000E-17 3.78092000E-06 8.63605000E-06 9.96630000E-01 1.72943000E-25 6.92869000E-22 1.00000000E-40 1.00000000E-40 2.96500000E-40 3.09223000E-36 5.44636000E-26 3.85516000E-19 4.07482000E-23 5.56214000E-35 1.56531000E-34 6.14496000E-24 3.19980000E-09 5.07157000E-14 3.30785000E-10 3.33799000E-03 1.09944000E-33 1.48161000E-31 1.01507000E-10 2.88828000E-40 1.00000000E-40 1.15982000E-32 2.98474000E-31 4.59300000E-15 1.37732000E-11 1.25892000E-15 3.72227000E-15 3.99906000E-15 2.02464000E-07 2.71006000E-18 8.79939000E-30 1.36631000E-27 1.37629000E-08 1.74545000E-35 3.60056000E-25 1.14336000E-28 1.20710000E-32 2.57554000E-37 4.68956000E-40 4.41308000E-31 1.44176000E-32 4.49132000E-17 3.05614000E-35 1.00000000E-40 2.87800000E-34 1.00000000E-40 1.00000000E-40 7.32305000E-11 1.16875000E-32 5.98288000E-28 1.00000000E-40 1.00000000E-40 6.23563000E-34 3.43207000E-35 5.90726000E-30 1.78789000E-37 6.30634000E-28 2.73884000E-17 1.56795000E-22 1.66481000E-34 3.51815000E-31 1.00000000E-05 1.00000000E-05 1.00000000E-05 1.00000000E-05 1.00000000E-05 1.00000000E-05 1.00000000E-05 1.00000000E-05 1.00000000E-05 1.00000000E-05 1.00000000E-05 1.00000000E-05 1.00000000E-05
3.02500000E+01 6.62556000E-03 3.18363000E+17 1.50735766E+02 1.00000000E+05 2.60383000E-04 1.90221000E-02 8.89380000E-40 1.63175000E+00 1.54282000E-22 5.60821000E-15 9.00355000E-40 9.53183000E-09 9.42420000E-40 9.42420000E-40 9.42420000E-40 9.42420000E-40 9.42435000E-40 6.02157000E-20 2.00821000E-05 7.97514000E-09 6.39995000E-21 7.75338000E-17 4.00696000E-06 9.11326000E-06 9.96701000E-01 1.92820000E-25 5.22225000E-22 1.00000000E-40 1.00000000E-40 3.31833000E-40 3.41482000E-36 5.45833000E-26 3.86434000E-19 3.66068000E-23 4.56942000E-35 1.38705000E-34 5.06841000E-24 3.14464000E-09 4.88416000E-14 3.46984000E-10 3.26516000E-03 1.15079000E-33 1.48203000E-31 9.96605000E-11 2.87160000E-40 1.00000000E-40 1.18040000E-32 3.07919000E-31 4.68803000E-15 1.33383000E-11 1.37194000E-15 4.19218000E-15 3.96326000E-15 2.04233000E-07 2.75534000E-18 7.72008000E-30 1.25911000E-27 1.42195000E-08 1.75810000E-35 3.60717000E-25 1.16356000E-28 1.08927000E-32 2.87480000E-37 4.66922000E-40 4.43906000E-31 1.43963000E-32 4.24389000E-17 3.08045000E-35 1.00000000E-40 2.85246000E-34 1.00000000E-40 1.00000000E-40 7.66823000E-11 1.30780000E-32 5.94601000E-28 1.00000000E-40 1.00000000E-40 6.34416000E-34 3.40867000E-35 6.38117000E-30 1.84768000E-37 6.27029000E-28 2.78651000E-17 1.57253000E-22 1.68761000E-34 4.29286000E-31 1.00000000E-05 1.00000000E-05 1.00000000E-05 1.00000000E-05 1.00000000E-05 1.00000000E-05 1.00000000E-05 1.00000000E-05 1.00000000E-05 1.00000000E-05 1.00000000E-05 1.00000000E-05 1.00000000E-05
3.07500000E+01 6.20112000E-03 2.98862000E+17 1.50285380E+02 1.00000000E+05 2.87497000E-05 1.27992000E-02 8.87489000E-40 2.91328000E-01 1.03481000E-22 5.43294000E-15 8.56737000E-40 1.22495000E-08 9.09334000E-40 9.09334000E-40 9.09334000E-40 9.09334000E-40 9.09340000E-40 7.10024000E-20 2.06584000E-05 7.53366000E-09 7.15428000E-21 8.95523000E-17 4.23487000E-06 9.59190000E-06 9.96759000E-01 2.12898000E-25 3.91151000E-22 1.00000000E-40 1.00000000E-40 3.68364000E-40 3.74904000E-36 5.45326000E-26 3.88548000E-19 3.33128000E-23 3.83086000E-35 1.24416000E-34 4.25588000E-24 3.08046000E-09 4.73519000E-14 3.63499000E-10 3.20671000E-03 1.19973000E-33 1.47761000E-31 9.75283000E-11 2.84522000E-40 1.00000000E-40 1.19824000E-32 3.16682000E-31 4.75311000E-15 1.28640000E-11 1.48667000E-15 4.66314000E-15 3.91597000E-15 2.05406000E-07 2.81164000E-18 6.85583000E-30 1.15785000E-27 1.46550000E-08 1.76556000E-35 3.60245000E-25 1.18019000E-28 9.77255000E-33 3.19992000E-37 4.63241000E-40 4.45153000E-31 1.43273000E-32 4.02530000E-17 3.09419000E-35 1.00000000E-40 2.81627000E-34 1.00000000E-40 1.00000000E-40 7.98923000E-11 1.44888000E-32 5.88768000E-28 1.00000000E-40 1.00000000E-40 6.42591000E-34 3.37295000E-35 6.88091000E-30 1.90145000E-37 6.21179000E-28 2.81850000E-17 1.57215000E-22 1.70555000E-34 5.19342000E-31 1.00000000E-05 1.00000000E-05 1.00000000E-05 1.00000000E-05 1.00000000E-05 1.00000000E-05 1.00000000E-05 1.00000000E-05 1.00000000E-05 1.00000000E-05 1.00000000E-05 1.00000000E-05 1.00000000E-05
3.12500000E+01 5.80253000E-03 2.80457000E+17 1.49853991E+02 1.00000000E+05 2.79063000E-06 8.02218000E-03 8.72708000E-40 4.27002000E-02 7.16963000E-23 4.85224000E-15 7.86647000E-40 1.53509000E-08 8.76935000E-40 8.76935000E-40 8.76935000E-40 8.76935000E-40 8.76937000E-40 8.34351000E-20 2.12465000E-05 7.16744000E-09 7.95582000E-21 1.03408000E-16 4.47745000E-06 1.01010000E-05 9.96799000E-01 2.34277000E-25 2.92072000E-22 1.00000000E-40 1.00000000E-40 4.08535000E-40 4.12627000E-36 5.44820000E-26 3.92396000E-19 3.07120000E-23 3.26775000E-35 1.12988000E-34 3.62387000E-24 3.01721000E-09 4.63056000E-14 3.81452000E-10 3.16448000E-03 1.24974000E-33 1.47300000E-31 9.54266000E-11 2.81808000E-40 1.00000000E-40 1.21699000E-32 3.25692000E-31 4.80295000E-15 1.23944000E-11 1.60875000E-15 5.13981000E-15 3.86817000E-15 2.06616000E-07 2.87994000E-18 6.15030000E-30 1.06539000E-27 1.51137000E-08 1.77329000E-35 3.59767000E-25 1.19680000E-28 8.74389000E-33 3.56271000E-37 4.59369000E-40 4.46429000E-31 1.42555000E-32 3.83598000E-17 3.10684000E-35 1.00000000E-40 2.77834000E-34 1.00000000E-40 1.00000000E-40 8.30875000E-11 1.59968000E-32 5.82644000E-28 1.00000000E-40 1.00000000E-40 6.49983000E-34 3.33556000E-35 7.42956000E-30 1.95448000E-37 6.15041000E-28 2.84433000E-17 1.57172000E-22 1.72383000E-34 6.27534000E-31 1.00000000E-05 1.00000000E-05 1.00000000E-05 1.00000000E-05 1.00000000E-05 1.00000000E-05 1.00000000E-05 1.00000000E-05 1.00000000E-05 1.00000000E-05 1.00000000E-05 1.00000000E-05 1.00000000E-05
3.17500000E+01 5.42837000E-03 2.63055000E+17 1.49465210E+02 1.00000000E+05 2.56360000E-07 3.41866000E-03 8.40738000E-40 1.62194000E-02 4.80403000E-23 4.01427000E-15 6.88987000E-40 1.83077000E-08 8.32958000E-40 8.32958000E-40 8.32958000E-40 8.32958000E-40 8.32959000E-40 9.76551000E-20 2.18465000E-05 6.88146000E-09 8.79616000E-21 1.19336000E-16 4.73575000E-06 1.06428000E-05 9.96820000E-01 2.56998000E-25 2.17424000E-22 1.00000000E-40 1.00000000E-40 4.52476000E-40 4.55114000E-36 5.44315000E-26 3.98567000E-19 2.87064000E-23 2.83914000E-35 1.03990000E-34 3.14096000E-24 2.95490000E-09 4.56478000E-14 4.00941000E-10 3.14220000E-03 1.30081000E-33 1.46816000E-31 9.33549000E-11 2.79013000E-40 1.00000000E-40 1.23671000E-32 3.34938000E-31 4.83918000E-15 1.19306000E-11 1.73877000E-15 5.63050000E-15 3.82212000E-15 2.07864000E-07 2.97011000E-18 5.59468000E-30 9.80957000E-28 1.55970000E-08 1.78131000E-35 3.59284000E-25 1.21335000E-28 7.80216000E-33 3.96736000E-37 4.55290000E-40 4.47733000E-31 1.41808000E-32 3.67979000E-17 3.11838000E-35 1.00000000E-40 2.73855000E-34 1.00000000E-40 1.00000000E-40 8.62661000E-11 1.76114000E-32 5.76210000E-28 1.00000000E-40 1.00000000E-40 6.56536000E-34 3.29638000E-35 8.03223000E-30 2.00645000E-37 6.08595000E-28 2.86390000E-17 1.57123000E-22 1.74247000E-34 7.57863000E-31 1.00000000E-05 1.00000000E-05 1.00000000E-05 1.00000000E-05 1.00000000E-05 1.00000000E-05 1.00000000E-05 1.00000000E-05 1.00000000E-05 1.00000000E-05 1.00000000E-05 1.00000000E-05 1.00000000E-05
3.22500000E+01 5.07722000E-03 2.46646000E+17 1.49096847E+02 1.00000000E+05 3.89809000E-08 1.04861000E-03 7.87691000E-40 1.13023000E-02 3.40467000E-23 3.11040000E-15 5.69081000E-40 2.05198000E-08 7.69529000E-40 7.69529000E-40 7.69529000E-40 7.69529000E-40 7.69529000E-40 1.14004000E-19 2.24592000E-05 6.64611000E-09 9.68777000E-21 1.37785000E-16 5.01100000E-06 1.12197000E-05 9.96829000E-01 2.81218000E-25 1.61362000E-22 1.00000000E-40 1.00000000E-40 5.01032000E-40 5.03191000E-36 5.43817000E-26 4.06498000E-19 2.71424000E-23 2.50428000E-35 9.67487000E-35 2.75429000E-24 2.89354000E-09 4.53371000E-14 4.22074000E-10 3.13237000E-03 1.35301000E-33 1.46312000E-31 9.13137000E-11 2.76134000E-40 1.00000000E-40 1.25747000E-32 3.44416000E-31 4.86226000E-15 1.14733000E-11 1.87931000E-15 6.13137000E-15 3.77651000E-15 2.09154000E-07 3.07556000E-18 5.13638000E-30 9.04126000E-28 1.61064000E-08 1.78964000E-35 3.58800000E-25 1.22984000E-28 6.94273000E-33 4.41857000E-37 4.50999000E-40 4.49073000E-31 1.41031000E-32 3.54663000E-17 3.12877000E-35 1.00000000E-40 2.69687000E-34 1.00000000E-40 1.00000000E-40 8.94281000E-11 1.93627000E-32 5.69455000E-28 1.00000000E-40 1.00000000E-40 6.62200000E-34 3.25537000E-35 8.69471000E-30 2.05706000E-37 6.01831000E-28 2.87808000E-17 1.57069000E-22 1.76150000E-34 9.15796000E-31 1.00000000E-05 1.00000000E-05 1.00000000E-05 1.00000000E-05 1.00000000E-05 1.00000000E-05 1.00000000E-05 1.00000000E-05 1.00000000E-05 1.00000000E-05 1.00000000E-05 1.00000000E-05 1.00000000E-05
3.27500000E+01 4.74772000E-03 2.31194000E+17 1.48738729E+02 1.00000000E+05 1.55837000E-08 7.62765000E-05 7.10811000E-40 7.08854000E-03 2.56528000E-23 2.30478000E-15 4.39395000E-40 2.15822000E-08 6.82798000E-40 6.82798000E-40 6.82798000E-40 6.82798000E-40 6.82798000E-40 1.32952000E-19 2.30852000E-05 6.44150000E-09 1.06476000E-20 1.59360000E-16 5.30445000E-06 1.18343000E-05 9.96831000E-01 3.07296000E-25 1.19393000E-22 1.00000000E-40 1.00000000E-40 5.55359000E-40 5.58063000E-36 5.43336000E-26 4.15880000E-19 2.59277000E-23 2.23831000E-35 9.08762000E-35 2.43180000E-24 2.83317000E-09 4.53566000E-14 4.44960000E-10 3.12887000E-03 1.40637000E-33 1.45786000E-31 8.93036000E-11 2.73166000E-40 1.00000000E-40 1.27935000E-32 3.54119000E-31 4.87291000E-15 1.10237000E-11 2.03386000E-15 6.64659000E-15 3.73034000E-15 2.10487000E-07 3.19307000E-18 4.74359000E-30 8.34743000E-28 1.66440000E-08 1.79832000E-35 3.58318000E-25 1.24621000E-28 6.16093000E-33 4.92149000E-37 4.46487000E-40 4.50451000E-31 1.40225000E-32 3.43177000E-17 3.13798000E-35 1.00000000E-40 2.65320000E-34 1.00000000E-40 1.00000000E-40 9.25739000E-11 2.12891000E-32 5.62365000E-28 1.00000000E-40 1.00000000E-40 6.66923000E-34 3.21244000E-35 9.42334000E-30 2.10597000E-37 5.94736000E-28 2.88747000E-17 1.57013000E-22 1.78097000E-34 1.10866000E-30 1.00000000E-05 1.00000000E-05 1.00000000E-05 1.00000000E-05 1.00000000E-05 1.00000000E-05 1.00000000E-05 1.00000000E-05 1.00000000E-05 1.00000000E-05 1.00000000E-05 1.00000000E-05 1.00000000E-05
3.32500000E+01 4.43854000E-03 2.16638000E+17 1.48395735E+02 1.00000000E+05 1.01903000E-08 9.28624000E-07 6.10681000E-40 3.92383000E-03 2.02632000E-23 1.70466000E-15 3.17251000E-40 2.14731000E-08 5.74479000E-40 5.74479000E-40 5.74479000E-40 5.74479000E-40 5.74479000E-40 1.55106000E-19 2.37250000E-05 6.26637000E-09 1.16956000E-20 1.84868000E-16 5.61743000E-06 1.24895000E-05 9.96830000E-01 3.35865000E-25 8.80731000E-23 1.00000000E-40 1.00000000E-40 6.16965000E-40 6.21336000E-36 5.42873000E-26 4.26866000E-19 2.50321000E-23 2.02782000E-35 8.62284000E-35 2.16227000E-24 2.77377000E-09 4.57187000E-14 4.69713000E-10 3.12777000E-03 1.46096000E-33 1.45238000E-31 8.73245000E-11 2.70104000E-40 1.00000000E-40 1.30240000E-32 3.64034000E-31 4.87211000E-15 1.05824000E-11 2.20617000E-15 7.18164000E-15 3.68413000E-15 2.11867000E-07 3.32608000E-18 4.40956000E-30 7.72760000E-28 1.72113000E-08 1.80738000E-35 3.57841000E-25 1.26244000E-28 5.45201000E-33 5.48176000E-37 4.41739000E-40 4.51871000E-31 1.39388000E-32 3.33637000E-17 3.14598000E-35 1.00000000E-40 2.60747000E-34 1.00000000E-40 1.00000000E-40 9.57034000E-11 2.34298000E-32 5.54921000E-28 1.00000000E-40 1.00000000E-40 6.70644000E-34 3.16751000E-35 1.02251000E-29 2.15279000E-37 5.87290000E-28 2.89212000E-17 1.56953000E-22 1.80089000E-34 1.34597000E-30 1.00000000E-05 1.00000000E-05 1.00000000E-05 1.00000000E-05 1.00000000E-05 1.00000000E-05 1.00000000E-05 1.00000000E-05 1.00000000E-05 1.00000000E-05 1.00000000E-05 1.00000000E-05 1.00000000E-05
3.37500000E+01 4.14858000E-03 2.02938000E+17 1.48065250E+02 1.00000000E+05 7.73861000E-09 4.20650000E-07 4.93832000E-40 1.88921000E-03 1.66523000E-23 1.37882000E-15 2.18862000E-40 2.05262000E-08 4.53409000E-40 4.53409000E-40 4.53409000E-40 4.53409000E-40 4.53409000E-40 1.81138000E-19 2.43791000E-05 6.11612000E-09 1.28487000E-20 2.15198000E-16 5.95137000E-06 1.31881000E-05 9.96830000E-01 3.67369000E-25 6.47734000E-23 1.00000000E-40 1.00000000E-40 6.87245000E-40 6.94656000E-36 5.42430000E-26 4.39387000E-19 2.44310000E-23 1.86164000E-35 8.26442000E-35 1.93463000E-24 2.71535000E-09 4.64610000E-14 4.96450000E-10 3.12663000E-03 1.51679000E-33 1.44668000E-31 8.53760000E-11 2.66940000E-40 1.00000000E-40 1.32671000E-32 3.74147000E-31 4.86058000E-15 1.01503000E-11 2.39981000E-15 7.73414000E-15 3.63774000E-15 2.13295000E-07 3.47479000E-18 4.12326000E-30 7.17894000E-28 1.78102000E-08 1.81681000E-35 3.57370000E-25 1.27848000E-28 4.81123000E-33 6.10562000E-37 4.36742000E-40 4.53332000E-31 1.38518000E-32 3.25883000E-17 3.15269000E-35 1.00000000E-40 2.55954000E-34 1.00000000E-40 1.00000000E-40 9.88170000E-11 2.58219000E-32 5.47102000E-28 1.00000000E-40 1.00000000E-40 6.73301000E-34 3.12044000E-35 1.11075000E-29 2.19713000E-37 5.79473000E-28 2.89221000E-17 1.56891000E-22 1.82127000E-34 1.63933000E-30 1.00000000E-05 1.00000000E-05 1.00000000E-05 1.00000000E-05 1.00000000E-05 1.00000000E-05 1.00000000E-05 1.00000000E-05 1.00000000E-05 1.00000000E-05 1.00000000E-05 1.00000000E-05 1.00000000E-05
3.42500000E+01 3.87666000E-03 1.90051000E+17 1.47741585E+02 1.00000000E+05 5.98373000E-09 2.56672000E-07 3.73219000E-40 7.89207000E-04 1.39073000E-23 1.40945000E-15 1.52737000E-40 1.92100000E-08 3.34443000E-40 3.34443000E-40 3.34443000E-40 3.34443000E-40 3.34443000E-40 2.11729000E-19 2.50479000E-05 5.98909000E-09 1.41161000E-20 2.51286000E-16 6.30779000E-06 1.39334000E-05 9.96829000E-01 4.02028000E-25 4.74945000E-23 1.00000000E-40 1.00000000E-40 7.67321000E-40 7.79574000E-36 5.42011000E-26 4.53333000E-19 2.41197000E-23 1.73164000E-35 7.99937000E-35 1.74179000E-24 2.65790000E-09 4.76542000E-14 5.25294000E-10 3.12546000E-03 1.57393000E-33 1.44073000E-31 8.34576000E-11 2.63667000E-40 1.00000000E-40 1.35232000E-32 3.84439000E-31 4.83898000E-15 9.72811000E-12 2.61790000E-15 8.29380000E-15 3.59181000E-15 2.14771000E-07 3.63883000E-18 3.87727000E-30 6.69702000E-28 1.84427000E-08 1.82663000E-35 3.56905000E-25 1.29428000E-28 4.23392000E-33 6.79992000E-37 4.31479000E-40 4.54837000E-31 1.37614000E-32 3.19717000E-17 3.15806000E-35 1.00000000E-40 2.50931000E-34 1.00000000E-40 1.00000000E-40 1.01915000E-10 2.84961000E-32 5.38884000E-28 1.00000000E-40 1.00000000E-40 6.74828000E-34 3.07110000E-35 1.20791000E-29 2.23855000E-37 5.71262000E-28 2.88793000E-17 1.56825000E-22 1.84215000E-34 2.00280000E-30 1.00000000E-05 1.00000000E-05 1.00000000E-05 1.00000000E-05 1.00000000E-05 1.00000000E-05 1.00000000E-05 1.00000000E-05 1.00000000E-05 1.00000000E-05 1.00000000E-05 1.00000000E-05 1.00000000E-05
3.47500000E+01 3.62176000E-03 1.77897000E+17 1.47458310E+02 1.00000000E+05 7.68774000E-10 2.37618000E-07 2.65279000E-40 3.05898000E-04 1.06029000E-23 1.95154000E-15 1.17122000E-40 1.79067000E-08 2.33845000E-40 2.33845000E-40 2.33845000E-40 2.33845000E-40 2.33845000E-40 2.48006000E-19 2.57320000E-05 5.90453000E-09 1.55244000E-20 2.94679000E-16 6.68837000E-06 1.47286000E-05 9.96828000E-01 4.41181000E-25 3.47199000E-23 1.00000000E-40 1.00000000E-40 8.59600000E-40 8.78878000E-36 5.41615000E-26 4.69783000E-19 2.41771000E-23 1.63835000E-35 7.84511000E-35 1.58999000E-24 2.60140000E-09 4.94143000E-14 5.56377000E-10 3.12424000E-03 1.63244000E-33 1.43453000E-31 8.15687000E-11 2.60275000E-40 1.00000000E-40 1.37932000E-32 3.94890000E-31 4.80901000E-15 9.31648000E-12 2.86400000E-15 8.88089000E-15 3.54838000E-15 2.16298000E-07 3.83639000E-18 3.69010000E-30 6.27832000E-28 1.91107000E-08 1.83686000E-35 3.56447000E-25 1.30980000E-28 3.71546000E-33 7.57226000E-37 4.25932000E-40 4.56383000E-31 1.36673000E-32 3.15991000E-17 3.16200000E-35 1.00000000E-40 2.45665000E-34 1.00000000E-40 1.00000000E-40 1.05001000E-10 3.14807000E-32 5.30240000E-28 1.00000000E-40 1.00000000E-40 6.75155000E-34 3.01937000E-35 1.31494000E-29 2.27658000E-37 5.62629000E-28 2.87864000E-17 1.56755000E-22 1.86354000E-34 2.45501000E-30 1.00000000E-05 1.00000000E-05 1.00000000E-05 1.00000000E-05 1.00000000E-05 1.00000000E-05 1.00000000E-05 1.00000000E-05 1.00000000E-05 1.00000000E-05 1.00000000E-05 1.00000000E-05 1.00000000E-05
3.52500000E+01 3.38289000E-03 1.66499000E+17 1.47160511E+02 1.00000000E+05 7.73122000E-10 2.55766000E-07 1.83342000E-40 1.57711000E-04 9.16435000E-24 3.27362000E-15 1.02952000E-40 1.67909000E-08 1.62406000E-40 1.62406000E-40 1.62406000E-40 1.62406000E-40 1.62406000E-40 2.90554000E-19 2.64318000E-05 5.81673000E-09 1.70646000E-20 3.46202000E-16 7.09486000E-06 1.55775000E-05 9.96828000E-01 4.83689000E-25 2.53046000E-23 1.00000000E-40 1.00000000E-40 9.64037000E-40 9.93305000E-36 5.41244000E-26 4.87036000E-19 2.45524000E-23 1.56895000E-35 7.75984000E-35 1.45467000E-24 2.54584000E-09 5.18935000E-14 5.89829000E-10 3.12295000E-03 1.69239000E-33 1.42804000E-31 7.97083000E-11 2.56756000E-40 1.00000000E-40 1.40779000E-32 4.05480000E-31 4.77000000E-15 8.91603000E-12 3.14104000E-15 9.49220000E-15 3.50670000E-15 2.17875000E-07 4.04259000E-18 3.51781000E-30 5.91394000E-28 1.98163000E-08 1.84752000E-35 3.55996000E-25 1.32497000E-28 3.25135000E-33 8.43094000E-37 4.20081000E-40 4.57971000E-31 1.35691000E-32 3.13117000E-17 3.16443000E-35 1.00000000E-40 2.40144000E-34 1.00000000E-40 1.00000000E-40 1.08074000E-10 3.48081000E-32 5.21143000E-28 1.00000000E-40 1.00000000E-40 6.74213000E-34 2.96509000E-35 1.43286000E-29 2.31074000E-37 5.53547000E-28 2.86569000E-17 1.56680000E-22 1.88545000E-34 3.01589000E-30 1.00000000E-05 1.00000000E-05 1.00000000E-05 1.00000000E-05 1.00000000E-05 1.00000000E-05 1.00000000E-05 1.00000000E-05 1.00000000E-05 1.00000000E-05 1.00000000E-05 1.00000000E-05 1.00000000E-05
3.57500000E+01 3.15910000E-03 1.55745000E+17 1.46915148E+02 1.00000000E+05 2.73729000E-10 2.60453000E-07 1.32464000E-40 1.67976000E-04 6.28079000E-24 5.76009000E-15 1.00000000E-40 1.58949000E-08 1.21548000E-40 1.21548000E-40 1.21548000E-40 1.21548000E-40 1.21548000E-40 3.41356000E-19 2.71479000E-05 5.72879000E-09 1.87851000E-20 4.08505000E-16 7.52920000E-06 1.64840000E-05 9.96827000E-01 5.32362000E-25 1.83871000E-23 1.00000000E-40 1.00000000E-40 1.08488000E-39 1.12766000E-35 5.40901000E-26 5.07415000E-19 2.54431000E-23 1.53281000E-35 7.79272000E-35 1.35509000E-24 2.49121000E-09 5.53408000E-14 6.25795000E-10 3.12162000E-03 1.75383000E-33 1.42126000E-31 7.78759000E-11 2.53098000E-40 1.00000000E-40 1.43781000E-32 4.16184000E-31 4.72474000E-15 8.52741000E-12 3.45373000E-15 1.03014000E-14 3.46425000E-15 2.19506000E-07 4.29629000E-18 3.40540000E-30 5.60223000E-28 2.05621000E-08 1.85862000E-35 3.55552000E-25 1.33974000E-28 2.83727000E-33 9.38517000E-37 4.13905000E-40 4.59602000E-31 1.34667000E-32 3.12899000E-17 3.16526000E-35 1.00000000E-40 2.34354000E-34 1.00000000E-40 1.00000000E-40 1.11140000E-10 3.85034000E-32 5.11564000E-28 1.00000000E-40 1.00000000E-40 6.71928000E-34 2.90811000E-35 1.56283000E-29 2.34048000E-37 5.43987000E-28 2.84774000E-17 1.56601000E-22 1.90792000E-34 3.71578000E-30 1.00000000E-05 1.00000000E-05 1.00000000E-05 1.00000000E-05 1.00000000E-05 1.00000000E-05 1.00000000E-05 1.00000000E-05 1.00000000E-05 1.00000000E-05 1.00000000E-05 1.00000000E-05 1.00000000E-05
3.62500000E+01 2.94951000E-03 1.45649000E+17 1.46675627E+02 1.00000000E+05 1.58824000E-10 2.35836000E-07 1.08091000E-40 2.46160000E-04 5.07862000E-24 9.84280000E-15 1.00000000E-40 1.51660000E-08 1.04123000E-40 1.04123000E-40 1.04123000E-40 1.04123000E-40 1.04123000E-40 4.01628000E-19 2.78810000E-05 5.63471000E-09 2.06826000E-20 4.83124000E-16 7.99349000E-06 1.74525000E-05 9.96826000E-01 5.86539000E-25 1.33198000E-23 1.00000000E-40 1.00000000E-40 1.22295000E-39 1.28384000E-35 5.40585000E-26 5.29471000E-19 2.68826000E-23 1.52216000E-35 7.91724000E-35 1.27106000E-24 2.43749000E-09 6.00838000E-14 6.64423000E-10 3.12023000E-03 1.81686000E-33 1.41416000E-31 7.60704000E-11 2.49292000E-40 1.00000000E-40 1.46947000E-32 4.26974000E-31 4.67282000E-15 8.15117000E-12 3.80586000E-15 1.12402000E-14 3.42396000E-15 2.21190000E-07 4.57658000E-18 3.31562000E-30 5.33490000E-28 2.13503000E-08 1.87016000E-35 3.55116000E-25 1.35404000E-28 2.46898000E-33 1.04450000E-36 4.07381000E-40 4.61275000E-31 1.33598000E-32 3.14066000E-17 3.16440000E-35 1.00000000E-40 2.28282000E-34 1.00000000E-40 1.00000000E-40 1.14201000E-10 4.26006000E-32 5.01468000E-28 1.00000000E-40 1.00000000E-40 6.68225000E-34 2.84827000E-35 1.70612000E-29 2.36527000E-37 5.33916000E-28 2.82602000E-17 1.56515000E-22 1.93096000E-34 4.58684000E-30 1.00000000E-05 1.00000000E-05 1.00000000E-05 1.00000000E-05 1.00000000E-05 1.00000000E-05 1.00000000E-05 1.00000000E-05 1.00000000E-05 1.00000000E-05 1.00000000E-05 1.00000000E-05 1.00000000E-05
3.67500000E+01 2.75326000E-03 1.36178000E+17 1.46439274E+02 1.00000000E+05 1.00157000E-10 1.87362000E-07 1.00420000E-40 3.41506000E-04 4.19560000E-24 1.58733000E-14 1.00000000E-40 1.45500000E-08 1.00000000E-40 1.00000000E-40 1.00000000E-40 1.00000000E-40 1.00000000E-40 4.73568000E-19 2.86315000E-05 5.53372000E-09 2.27741000E-20 5.72458000E-16 8.48991000E-06 1.84876000E-05 9.96825000E-01 6.47250000E-25 9.61964000E-24 1.00000000E-40 1.00000000E-40 1.38136000E-39 1.46618000E-35 5.40298000E-26 5.53060000E-19 2.90255000E-23 1.53763000E-35 8.14154000E-35 1.19658000E-24 2.38466000E-09 6.66011000E-14 7.05862000E-10 3.11879000E-03 1.88158000E-33 1.40672000E-31 7.42912000E-11 2.45326000E-40 1.00000000E-40 1.50285000E-32 4.37820000E-31 4.61519000E-15 7.78793000E-12 4.20207000E-15 1.23172000E-14 3.38563000E-15 2.22927000E-07 4.88309000E-18 3.23993000E-30 5.10651000E-28 2.21836000E-08 1.88218000E-35 3.54687000E-25 1.36782000E-28 2.14252000E-33 1.16216000E-36 4.00486000E-40 4.62990000E-31 1.32480000E-32 3.16499000E-17 3.16175000E-35 1.00000000E-40 2.21913000E-34 1.00000000E-40 1.00000000E-40 1.17262000E-10 4.71325000E-32 4.90823000E-28 1.00000000E-40 1.00000000E-40 6.63028000E-34 2.78537000E-35 1.86412000E-29 2.38451000E-37 5.23301000E-28 2.80101000E-17 1.56423000E-22 1.95458000E-34 5.67090000E-30 1.00000000E-05 1.00000000E-05 1.00000000E-05 1.00000000E-05 1.00000000E-05 1.00000000E-05 1.00000000E-05 1.00000000E-05 1.00000000E-05 1.00000000E-05 1.00000000E-05 1.00000000E-05 1.00000000E-05
3.72500000E+01 2.56955000E-03 1.27282000E+17 1.46220050E+02 1.00000000E+05 8.01501000E-11 1.30731000E-07 1.00000000E-40 4.13518000E-04 3.20091000E-24 2.39696000E-14 1.00000000E-40 1.40135000E-08 1.00000000E-40 1.00000000E-40 1.00000000E-40 1.00000000E-40 1.00000000E-40 5.61073000E-19 2.94001000E-05 5.42531000E-09 2.50940000E-20 6.79946000E-16 9.02085000E-06 1.95939000E-05 9.96824000E-01 7.17644000E-25 6.92629000E-24 1.00000000E-40 1.00000000E-40 1.56696000E-39 1.68308000E-35 5.40042000E-26 5.78921000E-19 3.21499000E-23 1.58522000E-35 8.49847000E-35 1.13560000E-24 2.33272000E-09 7.55823000E-14 7.50267000E-10 3.11730000E-03 1.94807000E-33 1.39892000E-31 7.25373000E-11 2.41188000E-40 1.00000000E-40 1.53807000E-32 4.48688000E-31 4.55351000E-15 7.43829000E-12 4.64838000E-15 1.36221000E-14 3.34862000E-15 2.24721000E-07 5.23047000E-18 3.18952000E-30 4.91479000E-28 2.30647000E-08 1.89468000E-35 3.54267000E-25 1.38098000E-28 1.85410000E-33 1.29268000E-36 3.93196000E-40 4.64745000E-31 1.31309000E-32 3.20662000E-17 3.15719000E-35 1.00000000E-40 2.15233000E-34 1.00000000E-40 1.00000000E-40 1.20329000E-10 5.21296000E-32 4.79593000E-28 1.00000000E-40 1.00000000E-40 6.56256000E-34 2.71927000E-35 2.03836000E-29 2.39760000E-37 5.12105000E-28 2.77270000E-17 1.56324000E-22 1.97882000E-34 7.02303000E-30 1.00000000E-05 1.00000000E-05 1.00000000E-05 1.00000000E-05 1.00000000E-05 1.00000000E-05 1.00000000E-05 1.00000000E-05 1.00000000E-05 1.00000000E-05 1.00000000E-05 1.00000000E-05 1.00000000E-05
3.77500000E+01 2.39761000E-03 1.18932000E+17 1.46015214E+02 1.00000000E+05 8.03568000E-11 8.15818000E-08 1.00000000E-40 4.30675000E-04 2.42929000E-24 3.39043000E-14 1.00000000E-40 1.35372000E-08 1.00000000E-40 1.00000000E-40 1.00000000E-40 1.00000000E-40 1.00000000E-40 6.70856000E-19 3.01874000E-05 5.30893000E-09 2.76688000E-20 8.09377000E-16 9.58889000E-06 2.07769000E-05 9.96823000E-01 8.02870000E-25 4.97191000E-24 1.00000000E-40 1.00000000E-40 1.79285000E-39 1.94956000E-35 5.39819000E-26 6.07063000E-19 3.65955000E-23 1.67043000E-35 9.02180000E-35 1.08670000E-24 2.28164000E-09 8.79964000E-14 7.97801000E-10 3.11577000E-03 2.01648000E-33 1.39072000E-31 7.08078000E-11 2.36864000E-40 1.00000000E-40 1.57521000E-32 4.59540000E-31 4.48898000E-15 7.10284000E-12 5.15191000E-15 1.52042000E-14 3.31525000E-15 2.26571000E-07 5.62129000E-18 3.16247000E-30 4.75784000E-28 2.39964000E-08 1.90768000E-35 3.53856000E-25 1.39346000E-28 1.60012000E-33 1.43739000E-36 3.85482000E-40 4.66541000E-31 1.30081000E-32 3.26502000E-17 3.15061000E-35 1.00000000E-40 2.08224000E-34 1.00000000E-40 1.00000000E-40 1.23409000E-10 5.76293000E-32 4.67739000E-28 1.00000000E-40 1.00000000E-40 6.47828000E-34 2.64975000E-35 2.23055000E-29 2.40388000E-37 5.00293000E-28 2.74164000E-17 1.56216000E-22 2.00370000E-34 8.71212000E-30 1.00000000E-05 1.00000000E-05 1.00000000E-05 1.00000000E-05 1.00000000E-05 1.00000000E-05 1.00000000E-05 1.00000000E-05 1.00000000E-05 1.00000000E-05 1.00000000E-05 1.00000000E-05 1.00000000E-05
3.82500000E+01 2.23677000E-03 1.11092000E+17 1.45832629E+02 1.00000000E+05 8.77177000E-11 4.86668000E-08 1.00000000E-40 3.83514000E-04 1.66148000E-24 4.51108000E-14 1.00000000E-40 1.31125000E-08 1.00000000E-40 1.00000000E-40 1.00000000E-40 1.00000000E-40 1.00000000E-40 8.17395000E-19 3.09939000E-05 5.18403000E-09 3.05421000E-20 9.65931000E-16 1.01968000E-05 2.20424000E-05 9.96822000E-01 9.15454000E-25 3.55814000E-24 1.00000000E-40 1.00000000E-40 2.09053000E-39 2.29954000E-35 5.39629000E-26 6.38150000E-19 4.28780000E-23 1.80545000E-35 9.78652000E-35 1.05091000E-24 2.23140000E-09 1.05202000E-13 8.48631000E-10 3.11419000E-03 2.08691000E-33 1.38211000E-31 6.91015000E-11 2.32340000E-40 1.00000000E-40 1.61440000E-32 4.70338000E-31 4.42342000E-15 6.78217000E-12 5.72194000E-15 1.71757000E-14 3.28447000E-15 2.28480000E-07 6.06941000E-18 3.16424000E-30 4.63538000E-28 2.49821000E-08 1.92119000E-35 3.53453000E-25 1.40518000E-28 1.37718000E-33 1.59775000E-36 3.77316000E-40 4.68376000E-31 1.28793000E-32 3.34339000E-17 3.14189000E-35 1.00000000E-40 2.00873000E-34 1.00000000E-40 1.00000000E-40 1.26510000E-10 6.36810000E-32 4.55218000E-28 1.00000000E-40 1.00000000E-40 6.37661000E-34 2.57659000E-35 2.44254000E-29 2.40268000E-37 4.87819000E-28 2.70819000E-17 1.56099000E-22 2.02922000E-34 1.08296000E-29 1.00000000E-05 1.00000000E-05 1.00000000E-05 1.00000000E-05 1.00000000E-05 1.00000000E-05 1.00000000E-05 1.00000000E-05 1.00000000E-05 1.00000000E-05 1.00000000E-05 1.00000000E-05 1.00000000E-05
3.87500000E+01 2.08631000E-03 1.03742000E+17 1.45659585E+02 1.00000000E+05 9.46077000E-11 3.25285000E-08 1.00000000E-40 2.90415000E-04 1.22599000E-24 5.68011000E-14 1.00000000E-40 1.27304000E-08 1.00000000E-40 1.00000000E-40 1.00000000E-40 1.00000000E-40 1.00000000E-40 1.03180000E-18 3.18207000E-05 5.04994000E-09 3.37428000E-20 1.15543000E-15 1.08477000E-05 2.33964000E-05 9.96821000E-01 1.08106000E-24 2.53860000E-24 1.00000000E-40 1.00000000E-40 2.53135000E-39 2.80665000E-35 5.39475000E-26 6.71909000E-19 5.16402000E-23 2.00623000E-35 1.09072000E-34 1.02296000E-24 2.18198000E-09 1.29082000E-13 9.02928000E-10 3.11257000E-03 2.15954000E-33 1.37304000E-31 6.74172000E-11 2.27601000E-40 1.00000000E-40 1.65575000E-32 4.81038000E-31 4.35843000E-15 6.47692000E-12 6.37125000E-15 1.95866000E-14 3.25943000E-15 2.30446000E-07 6.57054000E-18 3.18419000E-30 4.54800000E-28 2.60247000E-08 1.93524000E-35 3.53059000E-25 1.41605000E-28 1.18213000E-33 1.77532000E-36 3.68665000E-40 4.70250000E-31 1.27439000E-32 3.43970000E-17 3.13086000E-35 1.00000000E-40 1.93160000E-34 1.00000000E-40 1.00000000E-40 1.29642000E-10 7.03711000E-32 4.41986000E-28 1.00000000E-40 1.00000000E-40 6.25668000E-34 2.49960000E-35 2.67642000E-29 2.39330000E-37 4.74641000E-28 2.67329000E-17 1.55971000E-22 2.05543000E-34 1.34959000E-29 1.00000000E-05 1.00000000E-05 1.00000000E-05 1.00000000E-05 1.00000000E-05 1.00000000E-05 1.00000000E-05 1.00000000E-05 1.00000000E-05 1.00000000E-05 1.00000000E-05 1.00000000E-05 1.00000000E-05
3.92500000E+01 1.94561000E-03 9.68535000E+16 1.45498404E+02 1.00000000E+05 9.68198000E-11 2.83123000E-08 1.00000000E-40 1.85957000E-04 8.46384000E-25 6.81714000E-14 1.00000000E-40 1.23877000E-08 1.00000000E-40 1.00000000E-40 1.00000000E-40 1.00000000E-40 1.00000000E-40 1.38443000E-18 3.26681000E-05 4.90598000E-09 3.73232000E-20 1.38648000E-15 1.15445000E-05 2.48457000E-05 9.96820000E-01 1.35664000E-24 1.80568000E-24 1.00000000E-40 1.00000000E-40 3.27850000E-39 3.63560000E-35 5.39359000E-26 7.09001000E-19 6.38421000E-23 2.30587000E-35 1.26266000E-34 1.00227000E-24 2.13337000E-09 1.62244000E-13 9.60865000E-10 3.11091000E-03 2.23452000E-33 1.36350000E-31 6.57538000E-11 2.22629000E-40 1.00000000E-40 1.69937000E-32 4.91595000E-31 4.29700000E-15 6.18779000E-12 7.12035000E-15 2.25887000E-14 3.24189000E-15 2.32474000E-07 7.13384000E-18 3.22331000E-30 4.50057000E-28 2.71279000E-08 1.94983000E-35 3.52674000E-25 1.42597000E-28 1.01202000E-33 1.97184000E-36 3.59497000E-40 4.72162000E-31 1.26015000E-32 3.55727000E-17 3.11739000E-35 1.00000000E-40 1.85067000E-34 1.00000000E-40 1.00000000E-40 1.32818000E-10 7.78548000E-32 4.27995000E-28 1.00000000E-40 1.00000000E-40 6.11762000E-34 2.41855000E-35 2.93444000E-29 2.37500000E-37 4.60712000E-28 2.63771000E-17 1.55832000E-22 2.08234000E-34 1.68865000E-29 1.00000000E-05 1.00000000E-05 1.00000000E-05 1.00000000E-05 1.00000000E-05 1.00000000E-05 1.00000000E-05 1.00000000E-05 1.00000000E-05 1.00000000E-05 1.00000000E-05 1.00000000E-05 1.00000000E-05
3.97500000E+01 1.81406000E-03 9.03957000E+16 1.45351826E+02 1.00000000E+05 9.24278000E-11 2.94825000E-08 1.00000000E-40 1.00072000E-04 5.12288000E-25 7.85723000E-14 1.00000000E-40 1.20803000E-08 1.00000000E-40 1.00000000E-40 1.00000000E-40 1.00000000E-40 1.00000000E-40 2.02845000E-18 3.35371000E-05 4.75137000E-09 4.13513000E-20 1.67204000E-15 1.22911000E-05 2.63973000E-05 9.96818000E-01 1.85896000E-24 1.28045000E-24 1.00000000E-40 1.00000000E-40 4.68186000E-39 5.13372000E-35 5.39281000E-26 7.50670000E-19 8.08702000E-23 2.76482000E-35 1.54086000E-34 9.89532000E-25 2.08554000E-09 2.08258000E-13 1.02262000E-09 3.10921000E-03 2.31207000E-33 1.35345000E-31 6.41101000E-11 2.17408000E-40 1.00000000E-40 1.74540000E-32 5.01956000E-31 4.24371000E-15 5.91555000E-12 8.00475000E-15 2.64397000E-14 3.23612000E-15 2.34562000E-07 7.77369000E-18 3.28588000E-30 4.50406000E-28 2.82954000E-08 1.96501000E-35 3.52299000E-25 1.43485000E-28 8.64158000E-34 2.18917000E-36 3.49776000E-40 4.74111000E-31 1.24515000E-32 3.70270000E-17 3.10134000E-35 1.00000000E-40 1.76577000E-34 1.00000000E-40 1.00000000E-40 1.36049000E-10 8.64307000E-32 4.13195000E-28 1.00000000E-40 1.00000000E-40 5.95853000E-34 2.33317000E-35 3.21909000E-29 2.34703000E-37 4.45982000E-28 2.60217000E-17 1.55681000E-22 2.10998000E-34 2.12768000E-29 1.00000000E-05 1.00000000E-05 1.00000000E-05 1.00000000E-05 1.00000000E-05 1.00000000E-05 1.00000000E-05 1.00000000E-05 1.00000000E-05 1.00000000E-05 1.00000000E-05 1.00000000E-05 1.00000000E-05
4.02500000E+01 1.69110000E-03 8.43487000E+16 1.45214137E+02 1.00000000E+05 8.17802000E-11 3.05694000E-08 1.00000000E-40 4.49510000E-05 2.98339000E-25 8.75939000E-14 1.00000000E-40 1.18049000E-08 1.00000000E-40 1.00000000E-40 1.00000000E-40 1.00000000E-40 1.00000000E-40 3.28320000E-18 3.44283000E-05 4.58527000E-09 4.58942000E-20 2.03224000E-15 1.30909000E-05 2.80589000E-05 9.96817000E-01 2.81304000E-24 9.05261000E-25 1.00000000E-40 1.00000000E-40 7.44987000E-39 7.99270000E-35 5.39243000E-26 7.98216000E-19 1.04655000E-22 3.48697000E-35 2.00865000E-34 9.81855000E-25 2.03846000E-09 2.71951000E-13 1.08836000E-09 3.10747000E-03 2.39240000E-33 1.34283000E-31 6.24844000E-11 2.11916000E-40 1.00000000E-40 1.79398000E-32 5.12068000E-31 4.20569000E-15 5.66104000E-12 9.08853000E-15 3.15446000E-14 3.26165000E-15 2.36712000E-07 8.49200000E-18 3.36621000E-30 4.57869000E-28 2.95309000E-08 1.98077000E-35 3.51933000E-25 1.44260000E-28 7.36044000E-34 2.42935000E-36 3.39460000E-40 4.76094000E-31 1.22933000E-32 3.88412000E-17 3.08250000E-35 1.00000000E-40 1.67671000E-34 1.00000000E-40 1.00000000E-40 1.39355000E-10 9.66813000E-32 3.97530000E-28 1.00000000E-40 1.00000000E-40 5.77848000E-34 2.24323000E-35 3.53310000E-29 2.30861000E-37 4.30395000E-28 2.56785000E-17 1.55515000E-22 2.13837000E-34 2.71309000E-29 1.00000000E-05 1.00000000E-05 1.00000000E-05 1.00000000E-05 1.00000000E-05 1.00000000E-05 1.00000000E-05 1.00000000E-05 1.00000000E-05 1.00000000E-05 1.00000000E-05 1.00000000E-05 1.00000000E-05
4.07500000E+01 1.57619000E-03 7.86898000E+16 1.45080405E+02 1.00000000E+05 6.75142000E-11 2.86108000E-08 1.00000000E-40 1.67288000E-05 1.67011000E-25 9.50783000E-14 1.00000000E-40 1.15593000E-08 1.00000000E-40 1.00000000E-40 1.00000000E-40 1.00000000E-40 1.00000000E-40 5.78722000E-18 3.53425000E-05 4.40681000E-09 5.10418000E-20 2.50296000E-15 1.39481000E-05 2.98389000E-05 9.96815000E-01 4.63375000E-24 6.38153000E-25 1.00000000E-40 1.00000000E-40 1.29437000E-38 1.35170000E-34 5.39248000E-26 8.54447000E-19 1.38116000E-22 4.65649000E-35 2.81464000E-34 9.77649000E-25 1.99210000E-09 3.59767000E-13 1.15826000E-09 3.10570000E-03 2.47576000E-33 1.33162000E-31 6.08753000E-11 2.06133000E-40 1.00000000E-40 1.84525000E-32 5.21873000E-31 4.19509000E-15 5.42525000E-12 1.04909000E-14 3.91484000E-14 3.39023000E-15 2.38926000E-07 9.29442000E-18 3.46249000E-30 4.76192000E-28 3.08386000E-08 1.99712000E-35 3.51575000E-25 1.44909000E-28 6.25418000E-34 2.69458000E-36 3.28510000E-40 4.78111000E-31 1.21263000E-32 4.12004000E-17 3.06070000E-35 1.00000000E-40 1.58326000E-34 1.00000000E-40 1.00000000E-40 1.42754000E-10 1.09694000E-31 3.80945000E-28 1.00000000E-40 1.00000000E-40 5.57657000E-34 2.14844000E-35 3.87949000E-29 2.25892000E-37 4.13897000E-28 2.53605000E-17 1.55334000E-22 2.16753000E-34 3.53087000E-29 1.00000000E-05 1.00000000E-05 1.00000000E-05 1.00000000E-05 1.00000000E-05 1.00000000E-05 1.00000000E-05 1.00000000E-05 1.00000000E-05 1.00000000E-05 1.00000000E-05 1.00000000E-05 1.00000000E-05
4.12500000E+01 1.46883000E-03 7.33865000E+16 1.44968156E+02 1.00000000E+05 5.36505000E-11 2.34326000E-08 1.00000000E-40 5.11672000E-06 9.99329000E-28 1.01066000E-13 1.00000000E-40 1.13427000E-08 1.00000000E-40 1.00000000E-40 1.00000000E-40 1.00000000E-40 1.00000000E-40 1.07662000E-17 3.62807000E-05 4.21496000E-09 5.69508000E-20 3.15327000E-15 1.48670000E-05 3.17460000E-05 9.96813000E-01 8.05709000E-24 4.48663000E-25 1.00000000E-40 1.00000000E-40 2.36315000E-38 2.40345000E-34 5.39297000E-26 9.25972000E-19 1.86174000E-22 6.60259000E-35 4.21893000E-34 9.78690000E-25 1.94643000E-09 4.80174000E-13 1.23251000E-09 3.10389000E-03 2.56248000E-33 1.31977000E-31 5.92812000E-11 2.00037000E-40 1.00000000E-40 1.89936000E-32 5.31308000E-31 4.23256000E-15 5.20932000E-12 1.24323000E-14 5.41882000E-14 3.87808000E-15 2.41203000E-07 1.02186000E-17 3.58934000E-30 5.12038000E-28 3.22228000E-08 2.01412000E-35 3.51227000E-25 1.45420000E-28 5.30222000E-34 2.98727000E-36 3.16883000E-40 4.80159000E-31 1.19499000E-32 4.45161000E-17 3.03576000E-35 1.00000000E-40 1.48526000E-34 1.00000000E-40 1.00000000E-40 1.46270000E-10 1.27410000E-31 3.63380000E-28 1.00000000E-40 1.00000000E-40 5.35189000E-34 2.04855000E-35 4.26153000E-29 2.19716000E-37 3.96426000E-28 2.50775000E-17 1.55136000E-22 2.19748000E-34 4.75113000E-29 1.00000000E-05 1.00000000E-05 1.00000000E-05 1.00000000E-05 1.00000000E-05 1.00000000E-05 1.00000000E-05 1.00000000E-05 1.00000000E-05 1.00000000E-05 1.00000000E-05 1.00000000E-05 1.00000000E-05
4.17500000E+01 1.36854000E-03 6.84333000E+16 1.44846057E+02 1.00000000E+05 4.39157000E-11 1.69240000E-08 1.00000000E-40 1.27501000E-06 1.48243000E-27 1.05684000E-13 1.00000000E-40 1.11528000E-08 1.00000000E-40 1.00000000E-40 1.00000000E-40 1.00000000E-40 1.00000000E-40 2.04480000E-17 3.72435000E-05 4.00870000E-09 6.37266000E-20 4.10962000E-15 1.58522000E-05 3.37899000E-05 9.96811000E-01 1.42903000E-23 3.14783000E-25 1.00000000E-40 1.00000000E-40 4.37908000E-38 4.34164000E-34 5.39392000E-26 1.02032000E-18 2.56423000E-22 9.84630000E-35 6.62933000E-34 9.79680000E-25 1.90143000E-09 6.44046000E-13 1.31125000E-09 3.10205000E-03 2.65289000E-33 1.30724000E-31 5.77002000E-11 1.93605000E-40 1.00000000E-40 1.95647000E-32 5.40309000E-31 4.35018000E-15 5.01458000E-12 1.53136000E-14 9.60454000E-14 5.64903000E-15 2.43545000E-07 1.12335000E-17 3.72152000E-30 5.76671000E-28 3.36883000E-08 2.03175000E-35 3.50888000E-25 1.45781000E-28 4.48603000E-34 3.31000000E-36 3.04533000E-40 4.82236000E-31 1.17632000E-32 4.93861000E-17 3.00742000E-35 1.00000000E-40 1.38255000E-34 1.00000000E-40 1.00000000E-40 1.49929000E-10 1.53194000E-31 3.44777000E-28 1.00000000E-40 1.00000000E-40 5.10358000E-34 1.94329000E-35 4.68282000E-29 2.12251000E-37 3.77921000E-28 2.48534000E-17 1.54919000E-22 2.22824000E-34 6.71964000E-29 1.00000000E-05 1.00000000E-05 1.00000000E-05 1.00000000E-05 1.00000000E-05 1.00000000E-05 1.00000000E-05 1.00000000E-05 1.00000000E-05 1.00000000E-05 1.00000000E-05 1.00000000E-05 1.00000000E-05
4.22500000E+01 1.27486000E-03 6.37989000E+16 1.44733232E+02 1.00000000E+05 4.02321000E-11 1.19171000E-08 1.00000000E-40 2.59171000E-07 2.09366000E-27 1.09134000E-13 1.00000000E-40 1.09898000E-08 1.00000000E-40 1.00000000E-40 1.00000000E-40 1.00000000E-40 1.00000000E-40 3.87705000E-17 3.82318000E-05 3.78694000E-09 7.16251000E-20 5.62113000E-15 1.69087000E-05 3.59809000E-05 9.96808000E-01 2.52968000E-23 2.20695000E-25 1.00000000E-40 1.00000000E-40 8.04305000E-38 7.78090000E-34 5.39535000E-26 1.15514000E-18 3.63389000E-22 1.52903000E-34 1.07080000E-33 9.80631000E-25 1.85704000E-09 8.65048000E-13 1.39466000E-09 3.10017000E-03 2.74740000E-33 1.29397000E-31 5.61306000E-11 1.86816000E-40 1.00000000E-40 2.01674000E-32 5.48805000E-31 4.60044000E-15 4.84262000E-12 1.98435000E-14 2.39948000E-13 1.13722000E-14 2.45952000E-07 1.23818000E-17 3.87418000E-30 6.89575000E-28 3.52397000E-08 2.05006000E-35 3.50558000E-25 1.45980000E-28 3.78905000E-34 3.66555000E-36 2.91417000E-40 4.84342000E-31 1.15654000E-32 5.70576000E-17 2.97550000E-35 1.00000000E-40 1.27503000E-34 1.00000000E-40 1.00000000E-40 1.53765000E-10 1.92471000E-31 3.25080000E-28 1.00000000E-40 1.00000000E-40 4.83094000E-34 1.83244000E-35 5.14729000E-29 2.03424000E-37 3.58322000E-28 2.47060000E-17 1.54682000E-22 2.25983000E-34 1.01746000E-28 1.00000000E-05 1.00000000E-05 1.00000000E-05 1.00000000E-05 1.00000000E-05 1.00000000E-05 1.00000000E-05 1.00000000E-05 1.00000000E-05 1.00000000E-05 1.00000000E-05 1.00000000E-05 1.00000000E-05
4.27500000E+01 1.18739000E-03 5.94682000E+16 1.44619155E+02 1.00000000E+05 4.21544000E-11 1.16441000E-08 1.00000000E-40 5.74529000E-08 2.71902000E-27 1.11603000E-13 1.00000000E-40 1.08492000E-08 1.00000000E-40 1.00000000E-40 1.00000000E-40 1.00000000E-40 1.00000000E-40 7.24024000E-17 3.92465000E-05 3.54865000E-09 8.09271000E-20 8.15378000E-15 1.80420000E-05 3.83298000E-05 9.96806000E-01 4.40814000E-23 1.55086000E-25 1.00000000E-40 1.00000000E-40 1.44566000E-37 1.36322000E-33 5.39728000E-26 1.35711000E-18 5.33469000E-22 2.44014000E-34 1.74443000E-33 9.81551000E-25 1.81321000E-09 1.15988000E-12 1.48287000E-09 3.09824000E-03 2.84647000E-33 1.27990000E-31 5.45704000E-11 1.79650000E-40 1.00000000E-40 2.08036000E-32 5.56720000E-31 5.06325000E-15 4.69529000E-12 2.72378000E-14 7.39659000E-13 2.76119000E-14 2.48425000E-07 1.36643000E-17 4.04081000E-30 8.83595000E-28 3.68820000E-08 2.06905000E-35 3.50237000E-25 1.46003000E-28 3.19654000E-34 4.05693000E-36 2.77496000E-40 4.86471000E-31 1.13559000E-32 6.95736000E-17 2.93970000E-35 1.00000000E-40 1.16275000E-34 1.00000000E-40 1.04141000E-40 1.57815000E-10 2.53580000E-31 3.04248000E-28 1.00000000E-40 1.00000000E-40 4.53346000E-34 1.71583000E-35 5.65926000E-29 1.93172000E-37 3.37572000E-28 2.46657000E-17 1.54421000E-22 2.29225000E-34 1.67276000E-28 1.00000000E-05 1.00000000E-05 1.00000000E-05 1.00000000E-05 1.00000000E-05 1.00000000E-05 1.00000000E-05 1.00000000E-05 1.00000000E-05 1.00000000E-05 1.00000000E-05 1.00000000E-05 1.00000000E-05
4.32500000E+01 1.10572000E-03 5.54206000E+16 1.44506977E+02 1.00000000E+05 4.75483000E-11 2.05258000E-08 1.00000000E-40 8.09390000E-08 3.17969000E-27 1.13274000E-13 1.00000000E-40 1.07191000E-08 1.00000000E-40 1.00000000E-40 1.00000000E-40 1.00000000E-40 1.00000000E-40 1.32359000E-16 4.02884000E-05 3.29321000E-09 9.20732000E-20 1.25673000E-14 1.92577000E-05 4.08488000E-05 9.96803000E-01 7.51632000E-23 1.09961000E-25 1.00000000E-40 1.00000000E-40 2.52684000E-37 2.31723000E-33 5.39972000E-26 1.67051000E-18 8.16807000E-22 3.96785000E-34 2.83085000E-33 9.82443000E-25 1.76991000E-09 1.54831000E-12 1.57602000E-09 3.09629000E-03 2.95065000E-33 1.26499000E-31 5.30175000E-11 1.72095000E-40 1.00000000E-40 2.14751000E-32 5.63979000E-31 5.85946000E-15 4.57484000E-12 3.95075000E-14 2.33819000E-12 6.71677000E-14 2.50965000E-07 1.51051000E-17 4.22524000E-30 1.21422000E-27 3.86208000E-08 2.08875000E-35 3.49925000E-25 1.45834000E-28 2.69560000E-34 4.48739000E-36 2.62739000E-40 4.88621000E-31 1.11337000E-32 9.03539000E-17 2.89981000E-35 1.00000000E-40 1.04599000E-34 1.00000000E-40 1.54334000E-40 1.62124000E-10 3.48451000E-31 2.82256000E-28 1.00000000E-40 1.00000000E-40 4.21112000E-34 1.59346000E-35 6.22341000E-29 1.81461000E-37 3.15629000E-28 2.47708000E-17 1.54137000E-22 2.32552000E-34 3.00071000E-28 1.00000000E-05 1.00000000E-05 1.00000000E-05 1.00000000E-05 1.00000000E-05 1.00000000E-05 1.00000000E-05 1.00000000E-05 1.00000000E-05 1.00000000E-05 1.00000000E-05 1.00000000E-05 1.00000000E-05
4.37500000E+01 1.02947000E-03 5.16377000E+16 1.44398784E+02 1.00000000E+05 5.38497000E-11 4.58760000E-08 1.00000000E-40 3.10801000E-07 3.34658000E-27 1.14303000E-13 1.00000000E-40 1.05748000E-08 1.00000000E-40 1.00000000E-40 1.00000000E-40 1.00000000E-40 1.00000000E-40 2.36428000E-16 4.13585000E-05 3.02097000E-09 1.05710000E-19 2.03960000E-14 2.05622000E-05 4.35504000E-05 9.96800000E-01 1.25183000E-22 7.97782000E-26 1.00000000E-40 1.00000000E-40 4.28415000E-37 3.80775000E-33 5.40270000E-26 2.16397000E-18 1.30690000E-21 6.55353000E-34 4.54341000E-33 9.83311000E-25 1.72707000E-09 2.05296000E-12 1.67425000E-09 3.09429000E-03 3.06053000E-33 1.24917000E-31 5.14696000E-11 1.64148000E-40 1.00000000E-40 2.21837000E-32 5.70498000E-31 7.16834000E-15 4.48391000E-12 5.98589000E-14 6.89311000E-12 1.48652000E-13 2.53571000E-07 1.67320000E-17 4.43145000E-30 1.77538000E-27 4.04617000E-08 2.10917000E-35 3.49621000E-25 1.45460000E-28 2.27530000E-34 4.96040000E-36 2.47137000E-40 4.90790000E-31 1.08979000E-32 1.24818000E-16 2.85551000E-35 1.00000000E-40 9.25408000E-35 1.00000000E-40 2.52232000E-40 1.66745000E-10 4.92856000E-31 2.59117000E-28 1.00000000E-40 1.00000000E-40 3.86462000E-34 1.46554000E-35 6.84489000E-29 1.68295000E-37 2.92475000E-28 2.50753000E-17 1.53825000E-22 2.35961000E-34 5.83627000E-28 1.00000000E-05 1.00000000E-05 1.00000000E-05 1.00000000E-05 1.00000000E-05 1.00000000E-05 1.00000000E-05 1.00000000E-05 1.00000000E-05 1.00000000E-05 1.00000000E-05 1.00000000E-05 1.00000000E-05
4.42500000E+01 9.58308000E-04 4.81048000E+16 1.44289488E+02 1.00000000E+05 5.90741000E-11 9.91219000E-08 1.00000000E-40 1.12814000E-06 3.34252000E-27 1.14806000E-13 1.00000000E-40 1.03743000E-08 1.00000000E-40 1.00000000E-40 1.00000000E-40 1.00000000E-40 1.00000000E-40 4.12869000E-16 4.24577000E-05 2.73422000E-09 1.22786000E-19 3.42868000E-14 2.19621000E-05 4.64486000E-05 9.96797000E-01 2.03714000E-22 6.08623000E-26 1.00000000E-40 1.00000000E-40 7.04348000E-37 6.03927000E-33 5.40624000E-26 2.93914000E-18 2.17251000E-21 1.10145000E-33 7.18515000E-33 9.84155000E-25 1.68462000E-09 2.69861000E-12 1.77766000E-09 3.09225000E-03 3.17679000E-33 1.23237000E-31 4.99244000E-11 1.55830000E-40 1.00000000E-40 2.29315000E-32 5.76196000E-31 9.25328000E-15 4.42572000E-12 9.32124000E-14 1.83296000E-11 2.89179000E-13 2.56245000E-07 1.85582000E-17 4.65588000E-30 2.72728000E-27 4.24107000E-08 2.13035000E-35 3.49324000E-25 1.44865000E-28 1.92731000E-34 5.47972000E-36 2.30712000E-40 4.92972000E-31 1.06478000E-32 1.81221000E-16 2.80652000E-35 1.00000000E-40 8.02207000E-35 1.00000000E-40 4.25985000E-40 1.71743000E-10 7.05619000E-31 2.34900000E-28 1.00000000E-40 1.00000000E-40 3.49578000E-34 1.33268000E-35 7.52930000E-29 1.53752000E-37 2.68134000E-28 2.56595000E-17 1.53484000E-22 2.39450000E-34 1.21213000E-27 1.00000000E-05 1.00000000E-05 1.00000000E-05 1.00000000E-05 1.00000000E-05 1.00000000E-05 1.00000000E-05 1.00000000E-05 1.00000000E-05 1.00000000E-05 1.00000000E-05 1.00000000E-05 1.00000000E-05
4.47500000E+01 8.91896000E-04 4.48034000E+16 1.44185329E+02 1.00000000E+05 6.21456000E-11 1.95281000E-07 1.00000000E-40 3.63561000E-06 3.87835000E-27 1.14898000E-13 1.00000000E-40 1.00661000E-08 1.00000000E-40 1.00000000E-40 1.00000000E-40 1.00000000E-40 1.00000000E-40 7.06469000E-16 4.35870000E-05 2.43813000E-09 1.44844000E-19 5.86462000E-14 2.34649000E-05 4.95582000E-05 9.96793000E-01 3.24749000E-22 5.10324000E-26 1.00000000E-40 1.00000000E-40 1.12322000E-36 9.24230000E-33 5.41036000E-26 4.14339000E-18 3.70830000E-21 1.89504000E-33 1.11963000E-32 9.84976000E-25 1.64250000E-09 3.51117000E-12 1.88639000E-09 3.09017000E-03 3.30013000E-33 1.21452000E-31 4.83796000E-11 1.47192000E-40 1.00000000E-40 2.37205000E-32 5.80984000E-31 1.25022000E-14 4.40407000E-12 1.46806000E-13 4.36218000E-11 4.88252000E-13 2.58986000E-07 2.06370000E-17 4.90980000E-30 4.34643000E-27 4.44743000E-08 2.15229000E-35 3.49035000E-25 1.44033000E-28 1.64735000E-34 6.04936000E-36 2.13542000E-40 4.95164000E-31 1.03824000E-32 2.71601000E-16 2.75255000E-35 1.00000000E-40 6.78309000E-35 1.00000000E-40 7.24045000E-40 1.77191000E-10 1.00591000E-30 2.09761000E-28 1.00000000E-40 1.00000000E-40 3.10805000E-34 1.19601000E-35 8.28278000E-29 1.38005000E-37 2.42697000E-28 2.66358000E-17 1.53111000E-22 2.43010000E-34 2.63563000E-27 1.00000000E-05 1.00000000E-05 1.00000000E-05 1.00000000E-05 1.00000000E-05 1.00000000E-05 1.00000000E-05 1.00000000E-05 1.00000000E-05 1.00000000E-05 1.00000000E-05 1.00000000E-05 1.00000000E-05
4.52500000E+01 8.29936000E-04 4.17213000E+16 1.44079989E+02 1.00000000E+05 6.27788000E-11 3.51416000E-07 1.00000000E-40 1.03745000E-05 6.93346000E-27 1.14655000E-13 1.00000000E-40 9.60600000E-09 1.00000000E-40 1.00000000E-40 1.00000000E-40 1.00000000E-40 1.00000000E-40 1.18769000E-15 4.47472000E-05 2.14100000E-09 1.74253000E-19 1.00543000E-13 2.50782000E-05 5.28954000E-05 9.96789000E-01 5.08390000E-22 4.94200000E-26 1.00000000E-40 1.00000000E-40 1.73945000E-36 1.36426000E-32 5.41509000E-26 5.97805000E-18 6.40087000E-21 3.35162000E-33 1.72013000E-32 9.85773000E-25 1.60060000E-09 4.51615000E-12 2.00061000E-09 3.08803000E-03 3.43127000E-33 1.19555000E-31 4.68327000E-11 1.38336000E-40 1.00000000E-40 2.45528000E-32 5.84779000E-31 1.74856000E-14 4.42356000E-12 2.30876000E-13 9.30496000E-11 7.17334000E-13 2.61796000E-07 2.29901000E-17 5.18959000E-30 7.11626000E-27 4.66591000E-08 2.17504000E-35 3.48752000E-25 1.42949000E-28 1.43894000E-34 6.67362000E-36 1.95783000E-40 4.97363000E-31 1.01012000E-32 4.12788000E-16 2.69325000E-35 1.00000000E-40 5.56453000E-35 1.00000000E-40 1.21937000E-39 1.83178000E-10 1.40851000E-30 1.83961000E-28 1.00000000E-40 1.00000000E-40 2.70699000E-34 1.05741000E-35 9.11199000E-29 1.21358000E-37 2.16351000E-28 2.81747000E-17 1.52703000E-22 2.46627000E-34 5.87808000E-27 1.00000000E-05 1.00000000E-05 1.00000000E-05 1.00000000E-05 1.00000000E-05 1.00000000E-05 1.00000000E-05 1.00000000E-05 1.00000000E-05 1.00000000E-05 1.00000000E-05 1.00000000E-05 1.00000000E-05
4.57500000E+01 7.72135000E-04 3.88431000E+16 1.43977928E+02 1.00000000E+05 6.13807000E-11 5.87892000E-07 1.00000000E-40 2.62022000E-05 1.71211000E-26 1.14144000E-13 1.00000000E-40 8.98343000E-09 1.00000000E-40 1.00000000E-40 1.00000000E-40 1.00000000E-40 1.00000000E-40 1.96787000E-15 4.59397000E-05 1.85318000E-09 2.14927000E-19 1.70889000E-13 2.68105000E-05 5.64774000E-05 9.96785000E-01 7.84120000E-22 5.64787000E-26 1.00000000E-40 1.00000000E-40 2.61878000E-36 1.94131000E-32 5.42045000E-26 8.71126000E-18 1.10161000E-20 6.08975000E-33 2.61115000E-32 9.86543000E-25 1.55884000E-09 5.73676000E-12 2.12057000E-09 3.08585000E-03 3.57086000E-33 1.17537000E-31 4.52815000E-11 1.29430000E-40 1.00000000E-40 2.54305000E-32 5.87502000E-31 2.50467000E-14 4.48973000E-12 3.59244000E-13 1.79193000E-10 9.24227000E-13 2.64673000E-07 2.56803000E-17 5.50437000E-30 1.18928000E-26 4.89722000E-08 2.19860000E-35 3.48475000E-25 1.41598000E-28 1.32178000E-34 7.35708000E-36 1.77698000E-40 4.99562000E-31 9.80338000E-33 6.27157000E-16 2.62831000E-35 1.00000000E-40 4.40150000E-35 1.00000000E-40 2.01384000E-39 1.89811000E-10 1.91644000E-30 1.57901000E-28 1.00000000E-40 1.00000000E-40 2.30062000E-34 9.19591000E-36 1.00242000E-28 1.04269000E-37 1.89402000E-28 3.05253000E-17 1.52257000E-22 2.50278000E-34 1.32017000E-26 1.00000000E-05 1.00000000E-05 1.00000000E-05 1.00000000E-05 1.00000000E-05 1.00000000E-05 1.00000000E-05 1.00000000E-05 1.00000000E-05 1.00000000E-05 1.00000000E-05 1.00000000E-05 1.00000000E-05
4.62500000E+01 7.18224000E-04 3.61564000E+16 1.43876950E+02 1.00000000E+05 5.89715000E-11 9.36203000E-07 1.00000000E-40 5.86230000E-05 4.37044000E-26 1.13413000E-13 1.00000000E-40 8.23301000E-09 1.00000000E-40 1.00000000E-40 1.00000000E-40 1.00000000E-40 1.00000000E-40 3.22192000E-15 4.71653000E-05 1.58483000E-09 2.73255000E-19 2.85916000E-13 2.86710000E-05 6.03229000E-05 9.96780000E-01 1.19460000E-21 7.42059000E-26 1.00000000E-40 1.00000000E-40 3.83788000E-36 2.65885000E-32 5.42644000E-26 1.26846000E-17 1.86913000E-20 1.12732000E-32 3.92350000E-32 9.87285000E-25 1.51712000E-09 7.19188000E-12 2.24665000E-09 3.08362000E-03 3.71946000E-33 1.15391000E-31 4.37238000E-11 1.20729000E-40 1.00000000E-40 2.63559000E-32 5.89090000E-31 3.64251000E-14 4.60923000E-12 5.49810000E-13 3.14741000E-10 1.06033000E-12 2.67618000E-07 2.87667000E-17 5.85859000E-30 2.02080000E-26 5.14213000E-08 2.22300000E-35 3.48203000E-25 1.39966000E-28 1.34983000E-34 8.10465000E-36 1.59683000E-40 5.01756000E-31 9.48882000E-33 9.43182000E-16 2.55741000E-35 1.00000000E-40 3.33373000E-35 1.00000000E-40 3.23898000E-39 1.97213000E-10 2.51290000E-30 1.32119000E-28 1.00000000E-40 1.00000000E-40 1.89948000E-34 7.86175000E-36 1.10273000E-28 8.73374000E-38 1.62300000E-28 3.40607000E-17 1.51769000E-22 2.53925000E-34 2.94214000E-26 1.00000000E-05 1.00000000E-05 1.00000000E-05 1.00000000E-05 1.00000000E-05 1.00000000E-05 1.00000000E-05 1.00000000E-05 1.00000000E-05 1.00000000E-05 1.00000000E-05 1.00000000E-05 1.00000000E-05
4.67500000E+01 6.67952000E-04 3.36488000E+16 1.43777983E+02 1.00000000E+05 5.68396000E-11 1.44904000E-06 1.00000000E-40 1.16578000E-04 1.01889000E-25 1.12512000E-13 1.00000000E-40 7.42255000E-09 1.00000000E-40 1.00000000E-40 1.00000000E-40 1.00000000E-40 1.00000000E-40 5.22271000E-15 4.84252000E-05 1.34366000E-09 3.59964000E-19 4.68914000E-13 3.06694000E-05 6.44521000E-05 9.96775000E-01 1.80126000E-21 1.06633000E-25 1.00000000E-40 1.00000000E-40 5.48175000E-36 3.49516000E-32 5.43312000E-26 1.83210000E-17 3.10248000E-20 2.09782000E-32 5.84446000E-32 9.87997000E-25 1.47531000E-09 8.89400000E-12 2.37943000E-09 3.08134000E-03 3.87734000E-33 1.13109000E-31 4.21579000E-11 1.12606000E-40 1.00000000E-40 2.73310000E-32 5.89515000E-31 5.34225000E-14 4.79009000E-12 8.24726000E-13 5.10284000E-10 1.10308000E-12 2.70630000E-07 3.23405000E-17 6.26282000E-30 3.48238000E-26 5.40143000E-08 2.24827000E-35 3.47936000E-25 1.38039000E-28 1.64956000E-34 8.92155000E-36 1.42278000E-40 5.03938000E-31 9.15741000E-33 1.39536000E-15 2.48025000E-35 1.00000000E-40 2.39986000E-35 1.00000000E-40 5.04902000E-39 2.05534000E-10 3.15491000E-30 1.07281000E-28 1.00000000E-40 1.00000000E-40 1.51602000E-34 6.61488000E-36 1.21299000E-28 7.12743000E-38 1.35631000E-28 3.93439000E-17 1.51236000E-22 2.57516000E-34 6.43647000E-26 1.00000000E-05 1.00000000E-05 1.00000000E-05 1.00000000E-05 1.00000000E-05 1.00000000E-05 1.00000000E-05 1.00000000E-05 1.00000000E-05 1.00000000E-05 1.00000000E-05 1.00000000E-05 1.00000000E-05
4.72500000E+01 6.21080000E-04 3.13085000E+16 1.43682502E+02 1.00000000E+05 5.58820000E-11 2.19343000E-06 1.00000000E-40 2.07670000E-04 2.10071000E-25 1.11467000E-13 1.00000000E-40 6.62620000E-09 1.00000000E-40 1.00000000E-40 1.00000000E-40 1.00000000E-40 1.00000000E-40 8.38986000E-15 4.97205000E-05 1.13374000E-09 4.93337000E-19 7.52230000E-13 3.28165000E-05 6.88867000E-05 9.96769000E-01 2.69076000E-21 1.60683000E-25 1.00000000E-40 1.00000000E-40 7.63998000E-36 4.39087000E-32 5.44050000E-26 2.61300000E-17 5.01436000E-20 3.86838000E-32 8.63651000E-32 9.88676000E-25 1.43330000E-09 1.08477000E-11 2.51973000E-09 3.07900000E-03 4.04441000E-33 1.10682000E-31 4.05820000E-11 1.05612000E-40 1.00000000E-40 2.83579000E-32 5.88823000E-31 7.86038000E-14 5.04198000E-12 1.21029000E-12 7.73138000E-10 1.06108000E-12 2.73710000E-07 3.65259000E-17 6.73180000E-30 6.07381000E-26 5.67596000E-08 2.27443000E-35 3.47672000E-25 1.35807000E-28 2.49868000E-34 9.81332000E-36 1.26195000E-40 5.06102000E-31 8.80946000E-33 2.02370000E-15 2.39653000E-35 1.00000000E-40 1.62965000E-35 1.00000000E-40 7.60332000E-39 2.14940000E-10 3.77266000E-30 8.41210000E-29 1.00000000E-40 1.00000000E-40 1.16341000E-34 5.50178000E-36 1.33414000E-28 5.68139000E-38 1.10090000E-28 4.72391000E-17 1.50654000E-22 2.60977000E-34 1.37237000E-25 1.00000000E-05 1.00000000E-05 1.00000000E-05 1.00000000E-05 1.00000000E-05 1.00000000E-05 1.00000000E-05 1.00000000E-05 1.00000000E-05 1.00000000E-05 1.00000000E-05 1.00000000E-05 1.00000000E-05
4.77500000E+01 5.77391000E-04 2.91252000E+16 1.43587710E+02 1.00000000E+05 5.60604000E-11 3.20408000E-06 1.00000000E-40 3.36458000E-04 3.79572000E-25 1.10293000E-13 1.00000000E-40 5.90110000E-09 1.00000000E-40 1.00000000E-40 1.00000000E-40 1.00000000E-40 1.00000000E-40 1.33557000E-14 5.10525000E-05 9.55543000E-10 7.05046000E-19 1.17956000E-12 3.51236000E-05 7.36502000E-05 9.96763000E-01 3.98183000E-21 2.47524000E-25 1.00000000E-40 1.00000000E-40 1.04021000E-35 5.24173000E-32 5.44859000E-26 3.67163000E-17 7.87398000E-20 6.98580000E-32 1.26561000E-31 9.89320000E-25 1.39094000E-09 1.30491000E-11 2.66866000E-09 3.07659000E-03 4.22007000E-33 1.08103000E-31 3.89953000E-11 1.00593000E-40 1.00000000E-40 2.94388000E-32 5.87205000E-31 1.15522000E-13 5.37656000E-12 1.73655000E-12 1.10749000E-09 9.61928000E-13 2.76858000E-07 4.14848000E-17 7.28300000E-30 1.06992000E-25 5.96662000E-08 2.30151000E-35 3.47410000E-25 1.33261000E-28 4.48472000E-34 1.07858000E-35 1.12394000E-40 5.08237000E-31 8.44572000E-33 2.87301000E-15 2.30603000E-35 1.00000000E-40 1.03683000E-35 1.00000000E-40 1.10382000E-38 2.25619000E-10 4.27803000E-30 6.33563000E-29 1.00000000E-40 1.00000000E-40 8.53665000E-35 4.56608000E-36 1.46720000E-28 4.46052000E-38 8.64168000E-29 5.90944000E-17 1.50019000E-22 2.64211000E-34 2.83975000E-25 1.00000000E-05 1.00000000E-05 1.00000000E-05 1.00000000E-05 1.00000000E-05 1.00000000E-05 1.00000000E-05 1.00000000E-05 1.00000000E-05 1.00000000E-05 1.00000000E-05 1.00000000E-05 1.00000000E-05
4.82500000E+01 5.36674000E-04 2.70881000E+16 1.43499154E+02 1.00000000E+05 5.63704000E-11 4.40092000E-06 1.00000000E-40 5.08416000E-04 5.98390000E-25 1.09010000E-13 1.00000000E-40 5.27783000E-09 1.00000000E-40 1.00000000E-40 1.00000000E-40 1.00000000E-40 1.00000000E-40 2.10533000E-14 5.24222000E-05 8.06981000E-10 1.05099000E-18 1.80857000E-12 3.76030000E-05 7.87678000E-05 9.96757000E-01 5.83362000E-21 3.84643000E-25 1.00000000E-40 1.00000000E-40 1.38497000E-35 5.90662000E-32 5.45744000E-26 5.07964000E-17 1.20083000E-19 1.22598000E-31 1.83770000E-31 9.89925000E-25 1.34809000E-09 1.54855000E-11 2.82762000E-09 3.07412000E-03 4.40307000E-33 1.05366000E-31 3.73972000E-11 1.00000000E-40 1.00000000E-40 3.05755000E-32 5.85132000E-31 1.68945000E-13 5.80790000E-12 2.43653000E-12 1.51545000E-09 8.34784000E-13 2.80072000E-07 4.74729000E-17 7.94817000E-30 1.89878000E-25 6.27433000E-08 2.32952000E-35 3.47148000E-25 1.30395000E-28 8.81804000E-34 1.18453000E-35 1.02349000E-40 5.10336000E-31 8.06744000E-33 3.99146000E-15 2.20860000E-35 1.00000000E-40 6.15360000E-36 1.00000000E-40 1.54319000E-38 2.37768000E-10 4.58222000E-30 4.55737000E-29 1.00000000E-40 1.00000000E-40 5.95616000E-35 3.84157000E-36 1.61328000E-28 3.51065000E-38 6.52978000E-29 7.70340000E-17 1.49325000E-22 2.67096000E-34 5.69066000E-25 1.00000000E-05 1.00000000E-05 1.00000000E-05 1.00000000E-05 1.00000000E-05 1.00000000E-05 1.00000000E-05 1.00000000E-05 1.00000000E-05 1.00000000E-05 1.00000000E-05 1.00000000E-05 1.00000000E-05
4.87500000E+01 4.98733000E-04 2.51885000E+16 1.43410952E+02 1.00000000E+05 5.53376000E-11 5.52998000E-06 1.00000000E-40 7.40265000E-04 8.20022000E-25 1.07624000E-13 1.00000000E-40 4.76465000E-09 1.00000000E-40 1.00000000E-40 1.00000000E-40 1.00000000E-40 1.00000000E-40 3.28235000E-14 5.38310000E-05 6.84542000E-10 1.63029000E-18 2.71399000E-12 4.02683000E-05 8.42671000E-05 9.96750000E-01 8.45002000E-21 5.98883000E-25 1.00000000E-40 1.00000000E-40 1.80530000E-35 6.23655000E-32 5.46706000E-26 6.92196000E-17 1.78001000E-19 2.08277000E-31 2.63972000E-31 9.90490000E-25 1.30461000E-09 1.81366000E-11 2.99839000E-09 3.07158000E-03 4.59140000E-33 1.02466000E-31 3.57880000E-11 1.00000000E-40 1.00000000E-40 3.17701000E-32 5.83601000E-31 2.45050000E-13 6.35289000E-12 3.34561000E-12 1.99822000E-09 7.03714000E-13 2.83352000E-07 5.48097000E-17 8.75884000E-30 3.38517000E-25 6.60011000E-08 2.35852000E-35 3.46885000E-25 1.27210000E-28 1.79365000E-33 1.29984000E-35 1.00000000E-40 5.12389000E-31 7.67639000E-33 5.43055000E-15 2.10419000E-35 1.00000000E-40 3.41329000E-36 1.00000000E-40 2.07746000E-38 2.51585000E-10 4.62000000E-30 3.11249000E-29 1.00000000E-40 1.00000000E-40 3.93333000E-35 3.34652000E-36 1.77358000E-28 2.85283000E-38 4.72667000E-29 1.04417000E-16 1.48569000E-22 2.69494000E-34 1.10374000E-24 1.00000000E-05 1.00000000E-05 1.00000000E-05 1.00000000E-05 1.00000000E-05 1.00000000E-05 1.00000000E-05 1.00000000E-05 1.00000000E-05 1.00000000E-05 1.00000000E-05 1.00000000E-05 1.00000000E-05
4.92500000E+01 4.63388000E-04 2.34171000E+16 1.43327256E+02 1.00000000E+05 5.18633000E-11 6.21599000E-06 1.00000000E-40 1.06677000E-03 9.73225000E-25 1.06132000E-13 1.00000000E-40 4.35388000E-09 1.00000000E-40 1.00000000E-40 1.00000000E-40 1.00000000E-40 1.00000000E-40 5.05582000E-14 5.52802000E-05 5.84277000E-10 2.61996000E-18 3.99129000E-12 4.31338000E-05 9.01774000E-05 9.96742000E-01 1.20897000E-20 9.30843000E-25 1.00000000E-40 1.00000000E-40 2.30593000E-35 6.12476000E-32 5.47751000E-26 9.30162000E-17 2.56916000E-19 3.42266000E-31 3.74661000E-31 9.91011000E-25 1.26036000E-09 2.09767000E-11 3.18309000E-09 3.06897000E-03 4.78216000E-33 9.93973000E-32 3.41688000E-11 1.00000000E-40 1.00000000E-40 3.30242000E-32 5.84581000E-31 3.51583000E-13 7.03176000E-12 4.50019000E-12 2.55710000E-09 5.81904000E-13 2.86697000E-07 6.40218000E-17 9.77698000E-30 6.04327000E-25 6.94501000E-08 2.38851000E-35 3.46620000E-25 1.23712000E-28 3.66477000E-33 1.42520000E-35 1.00000000E-40 5.14384000E-31 7.27489000E-33 7.24300000E-15 1.99291000E-35 1.00000000E-40 1.79989000E-36 1.00000000E-40 2.69525000E-38 2.67250000E-10 4.37009000E-30 2.00606000E-29 1.00000000E-40 1.00000000E-40 2.45579000E-35 3.08124000E-36 1.94940000E-28 2.48659000E-38 3.26140000E-29 1.46499000E-16 1.47746000E-22 2.71250000E-34 2.07283000E-24 1.00000000E-05 1.00000000E-05 1.00000000E-05 1.00000000E-05 1.00000000E-05 1.00000000E-05 1.00000000E-05 1.00000000E-05 1.00000000E-05 1.00000000E-05 1.00000000E-05 1.00000000E-05 1.00000000E-05
4.97500000E+01 4.30468000E-04 2.17658000E+16 1.43245611E+02 1.00000000E+05 4.60483000E-11 6.14773000E-06 1.00000000E-40 1.52536000E-03 9.96416000E-25 1.04547000E-13 1.00000000E-40 4.03052000E-09 1.00000000E-40 1.00000000E-40 1.00000000E-40 1.00000000E-40 1.00000000E-40 7.68655000E-14 5.67709000E-05 5.02361000E-10 4.33339000E-18 5.76104000E-12 4.62150000E-05 9.65308000E-05 9.96734000E-01 1.70686000E-20 1.44113000E-24 1.00000000E-40 1.00000000E-40 2.88907000E-35 5.55503000E-32 5.48881000E-26 1.23446000E-16 3.61859000E-19 5.44728000E-31 5.24801000E-31 9.91486000E-25 1.21521000E-09 2.39758000E-11 3.38424000E-09 3.06628000E-03 4.97156000E-33 9.61591000E-32 3.25414000E-11 1.00000000E-40 1.00000000E-40 3.43396000E-32 5.91774000E-31 4.97902000E-13 7.86855000E-12 5.93692000E-12 3.19418000E-09 4.75956000E-13 2.90105000E-07 7.58628000E-17 1.10847000E-29 1.07664000E-24 7.31013000E-08 2.41952000E-35 3.46351000E-25 1.19915000E-28 7.42369000E-33 1.56133000E-35 1.00000000E-40 5.16309000E-31 6.86580000E-33 9.48325000E-15 1.87505000E-35 1.00000000E-40 9.49298000E-37 1.00000000E-40 3.37587000E-38 2.84909000E-10 3.86591000E-30 1.21275000E-29 1.00000000E-40 1.00000000E-40 1.46656000E-35 3.02996000E-36 2.14217000E-28 2.40362000E-38 2.13418000E-29 2.11373000E-16 1.46849000E-22 2.72208000E-34 3.77314000E-24 1.00000000E-05 1.00000000E-05 1.00000000E-05 1.00000000E-05 1.00000000E-05 1.00000000E-05 1.00000000E-05 1.00000000E-05 1.00000000E-05 1.00000000E-05 1.00000000E-05 1.00000000E-05 1.00000000E-05
5.02500000E+01 3.99809000E-04 2.02269000E+16 1.43165970E+02 1.00000000E+05 3.94614000E-11 5.28520000E-06 1.00000000E-40 2.11077000E-03 8.76339000E-25 1.02891000E-13 1.00000000E-40 3.77699000E-09 1.00000000E-40 1.00000000E-40 1.00000000E-40 1.00000000E-40 1.00000000E-40 1.15278000E-13 5.83047000E-05 4.35402000E-10 7.31877000E-18 8.17416000E-12 4.95288000E-05 1.03362000E-04 9.96725000E-01 2.37641000E-20 2.21918000E-24 1.00000000E-40 1.00000000E-40 3.55406000E-35 4.62431000E-32 5.50099000E-26 1.62072000E-16 4.98546000E-19 8.41641000E-31 7.24853000E-31 9.91909000E-25 1.16906000E-09 2.71016000E-11 3.60485000E-09 3.06350000E-03 5.15492000E-33 9.27511000E-32 3.09085000E-11 1.00000000E-40 1.00000000E-40 3.57178000E-32 6.11931000E-31 6.94931000E-13 8.89159000E-12 7.69158000E-12 3.91269000E-09 3.87616000E-13 2.93576000E-07 9.14675000E-17 1.28033000E-29 1.90755000E-24 7.69666000E-08 2.45159000E-35 3.46077000E-25 1.15846000E-28 1.48259000E-32 1.70901000E-35 1.00000000E-40 5.18150000E-31 6.45246000E-33 1.22069000E-14 1.75114000E-35 1.00000000E-40 5.56110000E-37 1.00000000E-40 4.09288000E-38 3.04654000E-10 3.18872000E-30 6.83556000E-30 1.00000000E-40 1.00000000E-40 8.84895000E-36 3.16648000E-36 2.35340000E-28 2.61274000E-38 1.31768000E-29 3.11190000E-16 1.45873000E-22 2.72226000E-34 6.66625000E-24 1.00000000E-05 1.00000000E-05 1.00000000E-05 1.00000000E-05 1.00000000E-05 1.00000000E-05 1.00000000E-05 1.00000000E-05 1.00000000E-05 1.00000000E-05 1.00000000E-05 1.00000000E-05 1.00000000E-05
5.07500000E+01 3.71266000E-04 1.87927000E+16 1.43090926E+02 1.00000000E+05 3.44270000E-11 3.91282000E-06 1.00000000E-40 2.72583000E-03 6.59136000E-25 1.01192000E-13 1.00000000E-40 3.57701000E-09 1.00000000E-40 1.00000000E-40 1.00000000E-40 1.00000000E-40 1.00000000E-40 1.70527000E-13 5.98828000E-05 3.80554000E-10 1.25203000E-17 1.14182000E-11 5.30934000E-05 1.10706000E-04 9.96715000E-01 3.26285000E-20 3.39582000E-24 1.00000000E-40 1.00000000E-40 4.29682000E-35 3.51946000E-32 5.51409000E-26 2.10854000E-16 6.73524000E-19 1.26612000E-30 9.87101000E-31 9.92279000E-25 1.12183000E-09 3.03204000E-11 3.84838000E-09 3.06064000E-03 5.32679000E-33 8.91762000E-32 2.92738000E-11 1.00000000E-40 1.00000000E-40 3.71605000E-32 6.56979000E-31 9.54975000E-13 1.01337000E-11 9.79762000E-12 4.71723000E-09 3.15356000E-13 2.97107000E-07 1.12680000E-16 1.51388000E-29 3.35016000E-24 8.10583000E-08 2.48474000E-35 3.45794000E-25 1.11548000E-28 2.91190000E-32 1.86903000E-35 1.00000000E-40 5.19893000E-31 6.03861000E-33 1.54687000E-14 1.62196000E-35 1.00000000E-40 4.09481000E-37 1.00000000E-40 4.81922000E-38 3.26509000E-10 2.44521000E-30 3.57160000E-30 1.00000000E-40 1.00000000E-40 6.33941000E-36 3.46173000E-36 2.58477000E-28 3.17882000E-38 7.63718000E-30 4.63644000E-16 1.44811000E-22 2.71190000E-34 1.14494000E-23 1.00000000E-05 1.00000000E-05 1.00000000E-05 1.00000000E-05 1.00000000E-05 1.00000000E-05 1.00000000E-05 1.00000000E-05 1.00000000E-05 1.00000000E-05 1.00000000E-05 1.00000000E-05 1.00000000E-05
5.12500000E+01 3.44697000E-04 1.74571000E+16 1.43014897E+02 1.00000000E+05 3.26100000E-11 2.47512000E-06 1.00000000E-40 3.18170000E-03 4.21941000E-25 9.94712000E-14 1.00000000E-40 3.41722000E-09 1.00000000E-40 1.00000000E-40 1.00000000E-40 1.00000000E-40 1.00000000E-40 2.48824000E-13 6.15066000E-05 3.35481000E-10 2.15231000E-17 1.57253000E-11 5.69282000E-05 1.18605000E-04 9.96705000E-01 4.41746000E-20 5.16106000E-24 1.00000000E-40 1.00000000E-40 5.11247000E-35 2.45439000E-32 5.52817000E-26 2.72227000E-16 8.94125000E-19 1.85996000E-30 1.32489000E-30 9.92590000E-25 1.07349000E-09 3.35969000E-11 4.11891000E-09 3.05768000E-03 5.48105000E-33 8.54397000E-32 2.76418000E-11 1.00000000E-40 1.00000000E-40 3.86691000E-32 7.47415000E-31 1.29134000E-12 1.16326000E-11 1.22865000E-11 5.61387000E-09 2.57597000E-13 3.00696000E-07 1.42238000E-16 1.83765000E-29 5.81511000E-24 8.53892000E-08 2.51900000E-35 3.45500000E-25 1.07093000E-28 5.61765000E-32 2.04222000E-35 1.00000000E-40 5.21521000E-31 5.62832000E-33 1.93273000E-14 1.48860000E-35 1.00000000E-40 3.90899000E-37 1.00000000E-40 5.53178000E-38 3.50413000E-10 1.73894000E-30 1.72125000E-30 1.00000000E-40 1.00000000E-40 6.69285000E-36 3.88980000E-36 2.83808000E-28 4.28607000E-38 4.13561000E-30 6.93742000E-16 1.43657000E-22 2.69034000E-34 1.91474000E-23 1.00000000E-05 1.00000000E-05 1.00000000E-05 1.00000000E-05 1.00000000E-05 1.00000000E-05 1.00000000E-05 1.00000000E-05 1.00000000E-05 1.00000000E-05 1.00000000E-05 1.00000000E-05 1.00000000E-05
5.17500000E+01 3.19969000E-04 1.62126000E+16 1.42945619E+02 1.00000000E+05 3.38988000E-11 1.32836000E-06 1.00000000E-40 3.28183000E-03 2.28740000E-25 9.77497000E-14 1.00000000E-40 3.28779000E-09 1.00000000E-40 1.00000000E-40 1.00000000E-40 1.00000000E-40 1.00000000E-40 3.58351000E-13 6.31775000E-05 2.98333000E-10 3.69427000E-17 2.13821000E-11 6.10543000E-05 1.27102000E-04 9.96694000E-01 5.90237000E-20 7.79020000E-24 1.00000000E-40 1.00000000E-40 5.99487000E-35 1.60329000E-32 5.54324000E-26 3.49276000E-16 1.16878000E-18 2.67558000E-30 1.75412000E-30 9.92838000E-25 1.02403000E-09 3.68941000E-11 4.42116000E-09 3.05462000E-03 5.61127000E-33 8.15502000E-32 2.60177000E-11 1.00000000E-40 1.00000000E-40 4.02451000E-32 9.17493000E-31 1.71790000E-12 1.34298000E-11 1.51855000E-11 6.61025000E-09 2.11329000E-13 3.04342000E-07 1.84765000E-16 2.30297000E-29 9.95134000E-24 8.99733000E-08 2.55439000E-35 3.45194000E-25 1.02591000E-28 1.06378000E-31 2.22945000E-35 1.00000000E-40 5.23019000E-31 5.22583000E-33 2.38380000E-14 1.35238000E-35 1.00000000E-40 4.52008000E-37 1.00000000E-40 6.21516000E-38 3.76223000E-10 1.14486000E-30 7.62793000E-31 1.00000000E-40 1.00000000E-40 1.00588000E-35 4.43310000E-36 3.11527000E-28 6.35029000E-38 2.08449000E-30 1.03546000E-15 1.42403000E-22 2.65757000E-34 3.12333000E-23 1.00000000E-05 1.00000000E-05 1.00000000E-05 1.00000000E-05 1.00000000E-05 1.00000000E-05 1.00000000E-05 1.00000000E-05 1.00000000E-05 1.00000000E-05 1.00000000E-05 1.00000000E-05 1.00000000E-05
5.22500000E+01 2.96961000E-04 1.50543000E+16 1.42875204E+02 1.00000000E+05 3.64474000E-11 6.00687000E-07 1.00000000E-40 2.94635000E-03 1.04484000E-25 9.60268000E-14 1.00000000E-40 3.18164000E-09 1.00000000E-40 1.00000000E-40 1.00000000E-40 1.00000000E-40 1.00000000E-40 5.09625000E-13 6.48969000E-05 2.67634000E-10 6.29598000E-17 2.87441000E-11 6.54947000E-05 1.36244000E-04 9.96681000E-01 7.78480000E-20 1.16822000E-23 1.00000000E-40 1.00000000E-40 6.94604000E-35 1.06268000E-32 5.55938000E-26 4.45789000E-16 1.50645000E-18 3.77746000E-30 2.29081000E-30 9.93019000E-25 9.73521000E-10 4.01703000E-11 4.76060000E-09 3.05145000E-03 5.71094000E-33 7.75194000E-32 2.44076000E-11 1.00000000E-40 1.00000000E-40 4.18903000E-32 1.22281000E-30 2.24835000E-12 1.55708000E-11 1.85217000E-11 7.71569000E-09 1.74926000E-13 3.08042000E-07 2.47258000E-16 2.98325000E-29 1.67577000E-23 9.48251000E-08 2.59096000E-35 3.44872000E-25 9.82164000E-29 1.97626000E-31 2.43162000E-35 1.00000000E-40 5.24367000E-31 4.83543000E-33 2.90676000E-14 1.21494000E-35 1.00000000E-40 5.90821000E-37 1.00000000E-40 6.86090000E-38 4.03705000E-10 6.98231000E-31 3.11941000E-31 1.00000000E-40 1.00000000E-40 1.74554000E-35 5.08122000E-36 3.41848000E-28 1.02218000E-37 9.77399000E-31 1.53375000E-15 1.41041000E-22 2.61432000E-34 4.97792000E-23 1.00000000E-05 1.00000000E-05 1.00000000E-05 1.00000000E-05 1.00000000E-05 1.00000000E-05 1.00000000E-05 1.00000000E-05 1.00000000E-05 1.00000000E-05 1.00000000E-05 1.00000000E-05 1.00000000E-05
5.27500000E+01 2.75558000E-04 1.39757000E+16 1.42808715E+02 1.00000000E+05 3.78828000E-11 2.27302000E-07 1.00000000E-40 2.27817000E-03 4.00519000E-26 9.43073000E-14 1.00000000E-40 3.09384000E-09 1.00000000E-40 1.00000000E-40 1.00000000E-40 1.00000000E-40 1.00000000E-40 7.16381000E-13 6.66662000E-05 2.42242000E-10 1.06146000E-16 3.82538000E-11 7.02739000E-05 1.46080000E-04 9.96668000E-01 1.01474000E-19 1.74184000E-23 1.00000000E-40 1.00000000E-40 7.98018000E-35 8.61073000E-33 5.57661000E-26 5.66561000E-16 1.91715000E-18 5.24455000E-30 2.95438000E-30 9.93128000E-25 9.22054000E-10 4.33804000E-11 5.14356000E-09 3.04815000E-03 5.77380000E-33 7.33621000E-32 2.28176000E-11 1.00000000E-40 1.00000000E-40 4.36059000E-32 1.75092000E-30 2.89563000E-12 1.81032000E-11 2.23191000E-11 8.94126000E-09 1.46067000E-13 3.11792000E-07 3.41393000E-16 4.00830000E-29 2.77323000E-23 9.99596000E-08 2.62871000E-35 3.44532000E-25 9.42427000E-29 3.60036000E-31 2.64965000E-35 1.00000000E-40 5.25547000E-31 4.46133000E-33 3.50829000E-14 1.07814000E-35 1.00000000E-40 8.36780000E-37 1.00000000E-40 7.46842000E-38 4.32550000E-10 3.97276000E-31 1.20915000E-31 1.00000000E-40 1.00000000E-40 3.11276000E-35 5.83266000E-36 3.74998000E-28 1.75426000E-37 4.30855000E-31 2.24552000E-15 1.39563000E-22 2.56208000E-34 7.76552000E-23 1.00000000E-05 1.00000000E-05 1.00000000E-05 1.00000000E-05 1.00000000E-05 1.00000000E-05 1.00000000E-05 1.00000000E-05 1.00000000E-05 1.00000000E-05 1.00000000E-05 1.00000000E-05 1.00000000E-05
5.32500000E+01 2.55647000E-04 1.29718000E+16 1.42744133E+02 1.00000000E+05 3.67530000E-11 7.14553000E-08 1.00000000E-40 1.50470000E-03 1.28767000E-26 9.25906000E-14 1.00000000E-40 3.02053000E-09 1.00000000E-40 1.00000000E-40 1.00000000E-40 1.00000000E-40 1.00000000E-40 9.96246000E-13 6.84870000E-05 2.21272000E-10 1.76537000E-16 5.04673000E-11 7.54185000E-05 1.56665000E-04 9.96654000E-01 1.30821000E-19 2.58536000E-23 1.00000000E-40 1.00000000E-40 9.14452000E-35 1.00001000E-32 5.59499000E-26 7.17510000E-16 2.41103000E-18 7.17132000E-30 3.76476000E-30 9.93159000E-25 8.69783000E-10 4.64726000E-11 5.57742000E-09 3.04474000E-03 5.79428000E-33 6.90966000E-32 2.12546000E-11 1.00000000E-40 1.00000000E-40 4.53941000E-32 2.63530000E-30 3.67106000E-12 2.10749000E-11 2.66057000E-11 1.03000000E-08 1.23393000E-13 3.15589000E-07 4.85525000E-16 5.58421000E-29 4.50708000E-23 1.05393000E-07 2.66770000E-35 3.44169000E-25 9.10928000E-29 6.42956000E-31 2.88448000E-35 1.00000000E-40 5.26540000E-31 4.10754000E-33 4.19699000E-14 9.44008000E-36 1.00000000E-40 1.24499000E-36 1.00000000E-40 8.04069000E-38 4.62381000E-10 2.16639000E-31 4.91898000E-32 1.00000000E-40 1.00000000E-40 5.50785000E-35 6.68984000E-36 4.11226000E-28 3.13356000E-37 1.87267000E-31 3.24113000E-15 1.37961000E-22 2.50309000E-34 1.18788000E-22 1.00000000E-05 1.00000000E-05 1.00000000E-05 1.00000000E-05 1.00000000E-05 1.00000000E-05 1.00000000E-05 1.00000000E-05 1.00000000E-05 1.00000000E-05 1.00000000E-05 1.00000000E-05 1.00000000E-05
5.37500000E+01 2.37136000E-04 1.20379000E+16 1.42679908E+02 1.00000000E+05 3.31744000E-11 1.85175000E-08 1.00000000E-40 8.42849000E-04 3.51486000E-27 9.08810000E-14 1.00000000E-40 2.95865000E-09 1.00000000E-40 1.00000000E-40 1.00000000E-40 1.00000000E-40 1.00000000E-40 1.37208000E-12 7.03604000E-05 2.04045000E-10 2.89167000E-16 6.60895000E-11 8.09571000E-05 1.68058000E-04 9.96639000E-01 1.66989000E-19 3.82600000E-23 1.00000000E-40 1.00000000E-40 1.05438000E-34 1.50120000E-32 5.61459000E-26 9.06042000E-16 2.99840000E-18 9.66965000E-30 4.74461000E-30 9.93107000E-25 8.16904000E-10 4.93906000E-11 6.07070000E-09 3.04119000E-03 5.76782000E-33 6.47441000E-32 1.97254000E-11 1.00000000E-40 1.00000000E-40 4.72567000E-32 4.07261000E-30 4.58377000E-12 2.45322000E-11 3.14134000E-11 1.18071000E-08 1.05645000E-13 3.19430000E-07 7.09197000E-16 8.06144000E-29 7.19208000E-23 1.11142000E-07 2.70793000E-35 3.43779000E-25 8.94120000E-29 1.12507000E-30 3.13710000E-35 1.00000000E-40 5.27323000E-31 3.77780000E-33 4.98319000E-14 8.14670000E-36 1.00000000E-40 1.89700000E-36 1.00000000E-40 8.58347000E-38 4.92773000E-10 1.22570000E-31 2.65768000E-32 1.00000000E-40 1.00000000E-40 9.58817000E-35 7.65899000E-36 4.50800000E-28 5.69052000E-37 9.26076000E-32 4.60455000E-15 1.36225000E-22 2.44013000E-34 1.78494000E-22 1.00000000E-05 1.00000000E-05 1.00000000E-05 1.00000000E-05 1.00000000E-05 1.00000000E-05 1.00000000E-05 1.00000000E-05 1.00000000E-05 1.00000000E-05 1.00000000E-05 1.00000000E-05 1.00000000E-05
5.42500000E+01 2.19926000E-04 1.11689000E+16 1.42621093E+02 1.00000000E+05 2.83197000E-11 3.92307000E-09 1.00000000E-40 3.97706000E-04 8.65568000E-28 8.91958000E-14 1.00000000E-40 2.90587000E-09 1.00000000E-40 1.00000000E-40 1.00000000E-40 1.00000000E-40 1.00000000E-40 1.87383000E-12 7.22883000E-05 1.90052000E-10 4.66158000E-16 8.60233000E-11 8.69209000E-05 1.80322000E-04 9.96623000E-01 2.11341000E-19 5.65589000E-23 1.00000000E-40 1.00000000E-40 1.23834000E-34 2.43854000E-32 5.63544000E-26 1.14148000E-15 3.68956000E-18 1.28704000E-29 5.92105000E-30 9.92966000E-25 7.63663000E-10 5.20761000E-11 6.63336000E-09 3.03749000E-03 5.69115000E-33 6.03287000E-32 1.82369000E-11 1.00000000E-40 1.00000000E-40 4.91961000E-32 6.34193000E-30 5.64033000E-12 2.85171000E-11 3.67817000E-11 1.34800000E-08 9.17375000E-14 3.23310000E-07 1.05998000E-15 1.20495000E-28 1.12712000E-22 1.17225000E-07 2.74944000E-35 3.43360000E-25 9.01651000E-29 1.92825000E-30 3.40850000E-35 1.00000000E-40 5.27876000E-31 3.47552000E-33 5.87944000E-14 6.92253000E-36 1.00000000E-40 2.90391000E-36 1.00000000E-40 9.10432000E-38 5.23268000E-10 8.42629000E-32 2.21860000E-32 1.00000000E-40 1.00000000E-40 1.63865000E-34 8.74990000E-36 4.94012000E-28 1.03088000E-36 6.46670000E-32 6.43287000E-15 1.34347000E-22 2.37636000E-34 2.63956000E-22 1.00000000E-05 1.00000000E-05 1.00000000E-05 1.00000000E-05 1.00000000E-05 1.00000000E-05 1.00000000E-05 1.00000000E-05 1.00000000E-05 1.00000000E-05 1.00000000E-05 1.00000000E-05 1.00000000E-05
5.47500000E+01 2.03929000E-04 1.03609000E+16 1.42559660E+02 1.00000000E+05 2.33648000E-11 6.73305000E-10 1.00000000E-40 1.56993000E-04 2.45538000E-28 8.75564000E-14 1.00000000E-40 2.86026000E-09 1.00000000E-40 1.00000000E-40 1.00000000E-40 1.00000000E-40 1.00000000E-40 2.54029000E-12 7.42717000E-05 1.78915000E-10 7.39290000E-16 1.11431000E-10 9.33430000E-05 1.93525000E-04 9.96605000E-01 2.65423000E-19 8.36950000E-23 1.00000000E-40 1.00000000E-40 1.50411000E-34 3.94931000E-32 5.65764000E-26 1.43535000E-15 4.49335000E-18 1.69232000E-29 7.32142000E-30 9.92730000E-25 7.10348000E-10 5.44688000E-11 7.27701000E-09 3.03364000E-03 5.56259000E-33 5.58773000E-32 1.67957000E-11 1.00000000E-40 1.00000000E-40 5.12146000E-32 9.82325000E-30 6.84413000E-12 3.30658000E-11 4.27646000E-11 1.53390000E-08 8.11230000E-14 3.27225000E-07 1.61269000E-15 1.85916000E-28 1.73575000E-22 1.23659000E-07 2.79226000E-35 3.42907000E-25 9.47594000E-29 3.23565000E-30 3.69970000E-35 1.00000000E-40 5.28176000E-31 3.20374000E-33 6.90267000E-14 5.78795000E-36 1.00000000E-40 4.40748000E-36 1.00000000E-40 9.60803000E-38 5.53397000E-10 7.90222000E-32 2.40407000E-32 1.00000000E-40 1.00000000E-40 2.74668000E-34 9.97016000E-36 5.41176000E-28 1.83792000E-36 6.41279000E-32 8.83726000E-15 1.32315000E-22 2.31500000E-34 3.84818000E-22 1.00000000E-05 1.00000000E-05 1.00000000E-05 1.00000000E-05 1.00000000E-05 1.00000000E-05 1.00000000E-05 1.00000000E-05 1.00000000E-05 1.00000000E-05 1.00000000E-05 1.00000000E-05 1.00000000E-05
5.52500000E+01 1.89060000E-04 9.60923000E+15 1.42504355E+02 1.00000000E+05 1.88406000E-11 9.26888000E-11 1.00000000E-40 5.14778000E-05 1.36195000E-28 8.60031000E-14 1.00000000E-40 2.82061000E-09 1.00000000E-40 1.00000000E-40 1.00000000E-40 1.00000000E-40 1.00000000E-40 3.42354000E-12 7.63124000E-05 1.70374000E-10 1.15389000E-15 1.43820000E-10 1.00260000E-04 2.07742000E-04 9.96586000E-01 3.31349000E-19 1.24254000E-22 1.00000000E-40 1.00000000E-40 1.91576000E-34 6.23000000E-32 5.68126000E-26 1.80237000E-15 5.41879000E-18 2.20013000E-29 8.98379000E-30 9.92392000E-25 6.57286000E-10 5.65171000E-11 8.01526000E-09 3.02963000E-03 5.38226000E-33 5.14191000E-32 1.54077000E-11 1.00000000E-40 1.00000000E-40 5.33151000E-32 1.50105000E-29 8.19598000E-12 3.82067000E-11 4.94249000E-11 1.74074000E-08 7.30696000E-14 3.31170000E-07 2.48797000E-15 2.95957000E-28 2.62872000E-22 1.30466000E-07 2.83643000E-35 3.42415000E-25 1.05187000E-28 5.31361000E-30 4.01172000E-35 1.00000000E-40 5.28200000E-31 2.96513000E-33 8.07225000E-14 4.76163000E-36 1.00000000E-40 6.57996000E-36 1.00000000E-40 1.01025000E-37 5.82699000E-10 9.24091000E-32 2.80425000E-32 1.00000000E-40 1.00000000E-40 4.51336000E-34 1.13356000E-35 5.92636000E-28 3.19560000E-36 7.39176000E-32 1.19388000E-14 1.30120000E-22 2.25911000E-34 5.54045000E-22 1.00000000E-05 1.00000000E-05 1.00000000E-05 1.00000000E-05 1.00000000E-05 1.00000000E-05 1.00000000E-05 1.00000000E-05 1.00000000E-05 1.00000000E-05 1.00000000E-05 1.00000000E-05 1.00000000E-05
5.57500000E+01 1.75245000E-04 8.91058000E+15 1.42448048E+02 1.00000000E+05 1.47239000E-11 1.01237000E-11 1.00000000E-40 1.39143000E-05 1.46054000E-28 8.45674000E-14 1.00000000E-40 2.78584000E-09 1.00000000E-40 1.00000000E-40 1.00000000E-40 1.00000000E-40 1.00000000E-40 4.59234000E-12 7.84118000E-05 1.64256000E-10 1.77309000E-15 1.85143000E-10 1.07710000E-04 2.23051000E-04 9.96565000E-01 4.11615000E-19 1.85479000E-22 1.00000000E-40 1.00000000E-40 2.57829000E-34 9.51929000E-32 5.70638000E-26 2.26080000E-15 6.47290000E-18 2.83006000E-29 1.09483000E-29 9.91945000E-25 6.04840000E-10 5.81773000E-11 8.86416000E-09 3.02544000E-03 5.15208000E-33 4.69858000E-32 1.40786000E-11 1.00000000E-40 1.00000000E-40 5.55007000E-32 2.25118000E-29 9.69373000E-12 4.39608000E-11 5.68458000E-11 1.97118000E-08 6.72902000E-14 3.35138000E-07 3.87543000E-15 4.84846000E-28 3.91855000E-22 1.37665000E-07 2.88194000E-35 3.41879000E-25 1.24172000E-28 8.53612000E-30 4.34561000E-35 1.00000000E-40 5.27923000E-31 2.76211000E-33 9.41389000E-14 3.85976000E-36 1.00000000E-40 9.61427000E-36 1.00000000E-40 1.05914000E-37 6.10750000E-10 1.15974000E-31 3.29293000E-32 1.00000000E-40 1.00000000E-40 7.26534000E-34 1.28591000E-35 6.48762000E-28 5.38668000E-36 8.70056000E-32 1.58704000E-14 1.27749000E-22 2.21134000E-34 7.89000000E-22 1.00000000E-05 1.00000000E-05 1.00000000E-05 1.00000000E-05 1.00000000E-05 1.00000000E-05 1.00000000E-05 1.00000000E-05 1.00000000E-05 1.00000000E-05 1.00000000E-05 1.00000000E-05 1.00000000E-05
5.62500000E+01 1.62412000E-04 8.26120000E+15 1.42393837E+02 1.00000000E+05 1.08954000E-11 8.67401000E-13 1.00000000E-40 3.07482000E-06 1.83524000E-28 8.32652000E-14 1.00000000E-40 2.75512000E-09 1.00000000E-40 1.00000000E-40 1.00000000E-40 1.00000000E-40 1.00000000E-40 6.13995000E-12 8.05712000E-05 1.60473000E-10 2.68421000E-15 2.37933000E-10 1.15737000E-04 2.39540000E-04 9.96543000E-01 5.09549000E-19 2.78958000E-22 1.00000000E-40 1.00000000E-40 3.65466000E-34 1.40735000E-31 5.73312000E-26 2.83374000E-15 7.66275000E-18 3.60473000E-29 1.32681000E-29 9.91381000E-25 5.53396000E-10 5.94246000E-11 9.84265000E-09 3.02107000E-03 4.87590000E-33 4.26103000E-32 1.28130000E-11 1.00000000E-40 1.00000000E-40 5.77751000E-32 3.30280000E-29 1.13334000E-11 5.03430000E-11 6.51211000E-11 2.22832000E-08 6.34660000E-14 3.39123000E-07 6.07653000E-15 8.16070000E-28 5.75452000E-22 1.45278000E-07 2.92885000E-35 3.41292000E-25 1.55294000E-28 1.34084000E-29 4.70241000E-35 1.00000000E-40 5.27320000E-31 2.59687000E-33 1.09571000E-13 3.09566000E-36 1.00000000E-40 1.37112000E-35 1.00000000E-40 1.10801000E-37 6.37188000E-10 1.44608000E-31 3.83172000E-32 1.00000000E-40 1.00000000E-40 1.14505000E-33 1.45628000E-35 7.09959000E-28 8.76926000E-36 1.00297000E-31 2.07713000E-14 1.25191000E-22 2.17383000E-34 1.11292000E-21 1.00000000E-05 1.00000000E-05 1.00000000E-05 1.00000000E-05 1.00000000E-05 1.00000000E-05 1.00000000E-05 1.00000000E-05 1.00000000E-05 1.00000000E-05 1.00000000E-05 1.00000000E-05 1.00000000E-05
5.67500000E+01 1.50493000E-04 7.65774000E+15 1.42341925E+02 1.00000000E+05 7.42869000E-12 6.43436000E-14 1.00000000E-40 5.50532000E-07 2.17455000E-28 8.20834000E-14 1.00000000E-40 2.72777000E-09 1.00000000E-40 1.00000000E-40 1.00000000E-40 1.00000000E-40 1.00000000E-40 8.19326000E-12 8.27921000E-05 1.59007000E-10 4.00611000E-15 3.05458000E-10 1.24384000E-04 2.57301000E-04 9.96518000E-01 6.29461000E-19 4.23457000E-22 1.00000000E-40 1.00000000E-40 5.38757000E-34 2.01322000E-31 5.76161000E-26 3.55031000E-15 8.99588000E-18 4.55074000E-29 1.60083000E-29 9.90693000E-25 5.03355000E-10 6.02562000E-11 1.09733000E-08 3.01652000E-03 4.55934000E-33 3.83271000E-32 1.16150000E-11 1.00000000E-40 1.00000000E-40 6.01427000E-32 4.73004000E-29 1.31099000E-11 5.73652000E-11 7.43560000E-11 2.51576000E-08 6.14380000E-14 3.43120000E-07 9.56692000E-15 1.40765000E-27 8.33183000E-22 1.53328000E-07 2.97718000E-35 3.40651000E-25 2.03045000E-28 2.05844000E-29 5.08315000E-35 1.00000000E-40 5.26364000E-31 2.47157000E-33 1.27368000E-13 2.47952000E-36 1.00000000E-40 1.90569000E-35 1.00000000E-40 1.15729000E-37 6.61760000E-10 1.74647000E-31 4.40462000E-32 1.00000000E-40 1.00000000E-40 1.76570000E-33 1.64751000E-35 7.76667000E-28 1.37531000E-35 1.12077000E-31 2.67855000E-14 1.22435000E-22 2.14809000E-34 1.55674000E-21 1.00000000E-05 1.00000000E-05 1.00000000E-05 1.00000000E-05 1.00000000E-05 1.00000000E-05 1.00000000E-05 1.00000000E-05 1.00000000E-05 1.00000000E-05 1.00000000E-05 1.00000000E-05 1.00000000E-05
5.72500000E+01 1.39426000E-04 7.09718000E+15 1.42289856E+02 1.00000000E+05 4.55401000E-12 6.89519000E-14 1.00000000E-40 7.90796000E-08 2.29589000E-28 8.09818000E-14 1.00000000E-40 2.70306000E-09 1.00000000E-40 1.00000000E-40 1.00000000E-40 1.00000000E-40 1.00000000E-40 1.09255000E-11 8.50756000E-05 1.59911000E-10 5.89834000E-15 3.91906000E-10 1.33702000E-04 2.76433000E-04 9.96492000E-01 7.76857000E-19 6.49677000E-22 1.00000000E-40 1.00000000E-40 8.12221000E-34 2.78759000E-31 5.79199000E-26 4.44705000E-15 1.04813000E-17 5.69990000E-29 1.92468000E-29 9.89871000E-25 4.55116000E-10 6.06946000E-11 1.22830000E-08 3.01175000E-03 4.20963000E-33 3.41712000E-32 1.04875000E-11 1.00000000E-40 1.00000000E-40 6.26088000E-32 6.60189000E-29 1.50180000E-11 6.50419000E-11 8.46624000E-11 2.83769000E-08 6.11909000E-14 3.47119000E-07 1.50937000E-14 2.47963000E-27 1.19015000E-21 1.61838000E-07 3.02693000E-35 3.39947000E-25 2.72758000E-28 3.08693000E-29 5.48890000E-35 1.00000000E-40 5.25025000E-31 2.38847000E-33 1.47930000E-13 2.01826000E-36 1.00000000E-40 2.57930000E-35 1.13940000E-40 1.20730000E-37 6.84352000E-10 2.02938000E-31 4.99953000E-32 1.00000000E-40 1.00000000E-40 2.66196000E-33 1.86320000E-35 8.49365000E-28 2.07463000E-35 1.21165000E-31 3.40575000E-14 1.19466000E-22 2.13505000E-34 2.16140000E-21 1.00000000E-05 1.00000000E-05 1.00000000E-05 1.00000000E-05 1.00000000E-05 1.00000000E-05 1.00000000E-05 1.00000000E-05 1.00000000E-05 1.00000000E-05 1.00000000E-05 1.00000000E-05 1.00000000E-05
5.77500000E+01 1.29152000E-04 6.57651000E+15 1.42239518E+02 1.00000000E+05 2.45955000E-12 5.61083000E-13 1.00000000E-40 9.01515000E-09 2.12161000E-28 7.99101000E-14 1.00000000E-40 2.68043000E-09 1.00000000E-40 1.00000000E-40 1.00000000E-40 1.00000000E-40 1.00000000E-40 1.45764000E-11 8.74233000E-05 1.63302000E-10 8.57306000E-15 5.02587000E-10 1.43742000E-04 2.97046000E-04 9.96464000E-01 9.59120000E-19 1.00835000E-21 1.00000000E-40 1.00000000E-40 1.23249000E-33 3.73828000E-31 5.82444000E-26 5.57031000E-15 1.21344000E-17 7.09272000E-29 2.30847000E-29 9.88904000E-25 4.09059000E-10 6.07934000E-11 1.38045000E-08 3.00676000E-03 3.83535000E-33 3.01774000E-32 9.43270000E-12 1.00000000E-40 1.00000000E-40 6.51799000E-32 8.96906000E-29 1.70542000E-11 7.33978000E-11 9.61419000E-11 3.19905000E-08 6.27493000E-14 3.51112000E-07 2.38301000E-14 4.44371000E-27 1.67801000E-21 1.70834000E-07 3.07814000E-35 3.39174000E-25 3.70334000E-28 4.51976000E-29 5.92069000E-35 1.00000000E-40 5.23277000E-31 2.35021000E-33 1.71685000E-13 1.71553000E-36 1.00000000E-40 3.39903000E-35 1.83414000E-40 1.25857000E-37 7.05055000E-10 2.26630000E-31 5.60449000E-32 1.00000000E-40 1.00000000E-40 3.92087000E-33 2.10889000E-35 9.28584000E-28 3.00702000E-35 1.26737000E-31 4.27237000E-14 1.16272000E-22 2.13515000E-34 2.98051000E-21 1.00000000E-05 1.00000000E-05 1.00000000E-05 1.00000000E-05 1.00000000E-05 1.00000000E-05 1.00000000E-05 1.00000000E-05 1.00000000E-05 1.00000000E-05 1.00000000E-05 1.00000000E-05 1.00000000E-05
5.82500000E+01 1.19614000E-04 6.09291000E+15 1.42192468E+02 1.00000000E+05 1.15053000E-12 4.24547000E-12 1.00000000E-40 8.06211000E-10 1.70039000E-28 7.88145000E-14 1.00000000E-40 2.65939000E-09 1.00000000E-40 1.00000000E-40 1.00000000E-40 1.00000000E-40 1.00000000E-40 1.94781000E-11 8.98364000E-05 1.69372000E-10 1.23082000E-14 6.44130000E-10 1.54563000E-04 3.19255000E-04 9.96434000E-01 1.18581000E-18 1.58402000E-21 1.00000000E-40 1.00000000E-40 1.85923000E-33 4.85880000E-31 5.85920000E-26 6.97867000E-15 1.39796000E-17 8.78245000E-29 2.76436000E-29 9.87784000E-25 3.65532000E-10 6.06353000E-11 1.55768000E-08 3.00154000E-03 3.44599000E-33 2.63793000E-32 8.45173000E-12 1.00000000E-40 1.00000000E-40 6.78646000E-32 1.18475000E-28 1.92190000E-11 8.24775000E-11 1.08873000E-10 3.60572000E-08 6.63026000E-14 3.55091000E-07 3.76049000E-14 8.06471000E-27 2.33595000E-21 1.80340000E-07 3.13083000E-35 3.38325000E-25 5.01706000E-28 6.45749000E-29 6.37958000E-35 1.00000000E-40 5.21084000E-31 2.36013000E-33 1.99066000E-13 1.57135000E-36 1.00000000E-40 4.36179000E-35 2.93177000E-40 1.31162000E-37 7.24220000E-10 2.43400000E-31 6.20735000E-32 1.00000000E-40 1.00000000E-40 5.63813000E-33 2.39201000E-35 1.01491000E-27 4.18548000E-35 1.28367000E-31 5.29079000E-14 1.12841000E-22 2.14847000E-34 4.08324000E-21 1.00000000E-05 1.00000000E-05 1.00000000E-05 1.00000000E-05 1.00000000E-05 1.00000000E-05 1.00000000E-05 1.00000000E-05 1.00000000E-05 1.00000000E-05 1.00000000E-05 1.00000000E-05 1.00000000E-05
5.87500000E+01 1.10764000E-04 5.64408000E+15 1.42142106E+02 1.00000000E+05 4.59326000E-13 2.85830000E-11 1.00000000E-40 5.82883000E-11 1.17452000E-28 7.76253000E-14 1.00000000E-40 2.63940000E-09 1.00000000E-40 1.00000000E-40 1.00000000E-40 1.00000000E-40 1.00000000E-40 2.60873000E-11 9.23159000E-05 1.78389000E-10 1.74606000E-14 8.24632000E-10 1.66225000E-04 3.43187000E-04 9.96402000E-01 1.46902000E-18 2.51872000E-21 1.00000000E-40 1.00000000E-40 2.76406000E-33 6.12520000E-31 5.89653000E-26 8.74590000E-15 1.60551000E-17 1.08426000E-28 3.30587000E-29 9.86499000E-25 3.24828000E-10 6.03292000E-11 1.76480000E-08 2.99608000E-03 3.05158000E-33 2.28082000E-32 7.54488000E-12 1.00000000E-40 1.00000000E-40 7.06737000E-32 1.52005000E-28 2.15178000E-11 9.23567000E-11 1.22899000E-10 4.06478000E-08 7.22771000E-14 3.59044000E-07 5.92363000E-14 1.47480000E-26 3.21176000E-21 1.90385000E-07 3.18501000E-35 3.37392000E-25 6.71986000E-28 8.99723000E-29 6.86664000E-35 1.00000000E-40 5.18414000E-31 2.42272000E-33 2.30508000E-13 1.58165000E-36 1.00000000E-40 5.45115000E-35 4.61225000E-40 1.36674000E-37 7.42549000E-10 2.51799000E-31 6.79591000E-32 1.00000000E-40 1.00000000E-40 7.90766000E-33 2.72133000E-35 1.10900000E-27 5.59328000E-35 1.26069000E-31 6.47153000E-14 1.09156000E-22 2.17480000E-34 5.55717000E-21 1.00000000E-05 1.00000000E-05 1.00000000E-05 1.00000000E-05 1.00000000E-05 1.00000000E-05 1.00000000E-05 1.00000000E-05 1.00000000E-05 1.00000000E-05 1.00000000E-05 1.00000000E-05 1.00000000E-05
5.92500000E+01 1.02552000E-04 5.22727000E+15 1.42097827E+02 1.00000000E+05 1.54476000E-13 1.70902000E-10 1.00000000E-40 2.75309000E-11 7.00451000E-29 7.62597000E-14 1.00000000E-40 2.62024000E-09 1.00000000E-40 1.00000000E-40 1.00000000E-40 1.00000000E-40 1.00000000E-40 3.50473000E-11 9.48633000E-05 1.90720000E-10 2.44890000E-14 1.05372000E-09 1.78796000E-04 3.68977000E-04 9.96366000E-01 1.82546000E-18 4.05299000E-21 1.00000000E-40 1.00000000E-40 4.02471000E-33 7.49620000E-31 5.93673000E-26 1.09675000E-14 1.84299000E-17 1.33819000E-28 3.95150000E-29 9.85038000E-25 2.87174000E-10 6.00208000E-11 2.00770000E-08 2.99035000E-03 2.66203000E-33 1.94917000E-32 6.71165000E-12 1.00000000E-40 1.00000000E-40 7.36212000E-32 1.89233000E-28 2.39671000E-11 1.03155000E-10 1.38172000E-10 4.58482000E-08 8.10626000E-14 3.62963000E-07 9.30742000E-14 2.70734000E-26 4.36361000E-21 2.00998000E-07 3.24070000E-35 3.36366000E-25 8.84300000E-28 1.22171000E-28 7.38295000E-35 1.00000000E-40 5.15232000E-31 2.54429000E-33 2.66295000E-13 1.73704000E-36 1.00000000E-40 6.63923000E-35 7.09973000E-40 1.42516000E-37 7.61156000E-10 2.51405000E-31 7.36016000E-32 1.00000000E-40 1.00000000E-40 1.08119000E-32 3.11228000E-35 1.21160000E-27 7.17598000E-35 1.20234000E-31 7.82010000E-14 1.05207000E-22 2.21395000E-34 7.51043000E-21 1.00000000E-05 1.00000000E-05 1.00000000E-05 1.00000000E-05 1.00000000E-05 1.00000000E-05 1.00000000E-05 1.00000000E-05 1.00000000E-05 1.00000000E-05 1.00000000E-05 1.00000000E-05 1.00000000E-05
5.97500000E+01 9.49353000E-05 4.84061000E+15 1.42051198E+02 1.00000000E+05 4.32387000E-14 9.05752000E-10 1.00000000E-40 2.13877000E-10 3.81198000E-29 7.46146000E-14 1.00000000E-40 2.60142000E-09 1.00000000E-40 1.00000000E-40 1.00000000E-40 1.00000000E-40 1.00000000E-40 4.72391000E-11 9.74793000E-05 2.06843000E-10 3.39633000E-14 1.34236000E-09 1.92347000E-04 3.96773000E-04 9.96328000E-01 2.27516000E-18 6.59696000E-21 1.00000000E-40 1.00000000E-40 5.71710000E-33 8.91295000E-31 5.98015000E-26 1.37634000E-14 2.12039000E-17 1.65602000E-28 4.71814000E-29 9.83388000E-25 2.52723000E-10 5.98752000E-11 2.29364000E-08 2.98436000E-03 2.28661000E-33 1.64523000E-32 5.95073000E-12 1.00000000E-40 1.00000000E-40 7.67242000E-32 2.28332000E-28 2.65951000E-11 1.15051000E-10 1.54566000E-10 5.17639000E-08 9.37042000E-14 3.66835000E-07 1.45680000E-13 4.97216000E-26 5.86572000E-21 2.12207000E-07 3.29793000E-35 3.35239000E-25 1.13838000E-27 1.61555000E-28 7.92960000E-35 1.00000000E-40 5.11496000E-31 2.73384000E-33 3.06625000E-13 2.02126000E-36 1.00000000E-40 7.88169000E-35 1.06492000E-39 1.48701000E-37 7.81726000E-10 2.42911000E-31 7.89079000E-32 1.00000000E-40 1.00000000E-40 1.43946000E-32 3.58084000E-35 1.32358000E-27 8.84219000E-35 1.11586000E-31 9.34116000E-14 1.00977000E-22 2.26549000E-34 1.00718000E-20 1.00000000E-05 1.00000000E-05 1.00000000E-05 1.00000000E-05 1.00000000E-05 1.00000000E-05 1.00000000E-05 1.00000000E-05 1.00000000E-05 1.00000000E-05 1.00000000E-05 1.00000000E-05 1.00000000E-05
6.02500000E+01 8.78704000E-05 4.48190000E+15 1.42003241E+02 1.00000000E+05 9.95908000E-15 4.24659000E-09 1.00000000E-40 1.65509000E-09 2.60209000E-29 7.26075000E-14 1.00000000E-40 2.58265000E-09 1.00000000E-40 1.00000000E-40 1.00000000E-40 1.00000000E-40 1.00000000E-40 6.39058000E-11 1.00165000E-04 2.27394000E-10 4.66033000E-14 1.70248000E-09 2.06955000E-04 4.26730000E-04 9.96287000E-01 2.84540000E-18 1.08551000E-20 1.00000000E-40 1.00000000E-40 7.89728000E-33 1.03043000E-30 6.02715000E-26 1.72897000E-14 2.45418000E-17 2.06281000E-28 5.62753000E-29 9.81536000E-25 2.21533000E-10 6.00998000E-11 2.63165000E-08 2.97808000E-03 1.93340000E-33 1.37062000E-32 5.26021000E-12 1.00000000E-40 1.00000000E-40 8.00035000E-32 2.66712000E-28 2.94542000E-11 1.28292000E-10 1.71797000E-10 5.85256000E-08 1.11450000E-13 3.70647000E-07 2.27072000E-13 9.14025000E-26 7.82405000E-21 2.24043000E-07 3.35668000E-35 3.34000000E-25 1.42907000E-27 2.07880000E-28 8.50779000E-35 1.00000000E-40 5.07161000E-31 3.00448000E-33 3.51373000E-13 2.40898000E-36 1.00000000E-40 9.12564000E-35 1.55205000E-39 1.55333000E-37 8.06626000E-10 2.27798000E-31 8.38219000E-32 1.00000000E-40 1.00000000E-40 1.86481000E-32 4.15345000E-35 1.44592000E-27 1.04702000E-34 1.00983000E-31 1.10350000E-13 9.64566000E-23 2.32920000E-34 1.33878000E-20 1.00000000E-05 1.00000000E-05 1.00000000E-05 1.00000000E-05 1.00000000E-05 1.00000000E-05 1.00000000E-05 1.00000000E-05 1.00000000E-05 1.00000000E-05 1.00000000E-05 1.00000000E-05 1.00000000E-05
6.07500000E+01 8.13198000E-05 4.14877000E+15 1.41968979E+02 1.00000000E+05 1.86761000E-15 1.75783000E-08 1.00000000E-40 1.13954000E-08 3.70241000E-29 7.01847000E-14 1.00000000E-40 2.56386000E-09 1.00000000E-40 1.00000000E-40 1.00000000E-40 1.00000000E-40 1.00000000E-40 8.68383000E-11 1.02921000E-04 2.53216000E-10 6.33399000E-14 2.14626000E-09 2.22703000E-04 4.59022000E-04 9.96243000E-01 3.57525000E-18 1.80459000E-20 1.00000000E-40 1.00000000E-40 1.05762000E-32 1.15925000E-30 6.07813000E-26 2.17526000E-14 2.87127000E-17 2.59883000E-28 6.71056000E-29 9.79468000E-25 1.93568000E-10 6.09568000E-11 3.03300000E-08 2.97149000E-03 1.60876000E-33 1.12612000E-32 4.63760000E-12 1.00000000E-40 1.00000000E-40 8.34821000E-32 3.01157000E-28 3.26323000E-11 1.43212000E-10 1.89409000E-10 6.62976000E-08 1.35681000E-13 3.74386000E-07 3.52964000E-13 1.69367000E-25 1.04213000E-20 2.36539000E-07 3.41697000E-35 3.32638000E-25 1.74504000E-27 2.60036000E-28 9.11879000E-35 1.00000000E-40 5.02179000E-31 3.37555000E-33 3.99961000E-13 2.86349000E-36 1.00000000E-40 1.03159000E-34 2.19334000E-39 1.62624000E-37 8.39111000E-10 2.07970000E-31 8.83318000E-32 1.00000000E-40 1.00000000E-40 2.35020000E-32 4.87450000E-35 1.57981000E-27 1.19217000E-34 8.92691000E-32 1.28978000E-13 9.16309000E-23 2.40511000E-34 1.76176000E-20 1.00000000E-05 1.00000000E-05 1.00000000E-05 1.00000000E-05 1.00000000E-05 1.00000000E-05 1.00000000E-05 1.00000000E-05 1.00000000E-05 1.00000000E-05 1.00000000E-05 1.00000000E-05 1.00000000E-05
6.12500000E+01 7.52461000E-05 3.84053000E+15 1.41909052E+02 1.00000000E+05 2.88775000E-16 6.40830000E-08 1.00000000E-40 6.96278000E-08 7.87167000E-29 6.72526000E-14 1.00000000E-40 2.54403000E-09 1.00000000E-40 1.00000000E-40 1.00000000E-40 1.00000000E-40 1.00000000E-40 1.18542000E-10 1.05748000E-04 2.85415000E-10 8.53583000E-14 2.68539000E-09 2.39682000E-04 4.93830000E-04 9.96195000E-01 4.50860000E-18 3.02873000E-20 1.00000000E-40 1.00000000E-40 1.37098000E-32 1.26907000E-30 6.13347000E-26 2.74053000E-14 3.40863000E-17 3.32698000E-28 7.98223000E-29 9.77171000E-25 1.68673000E-10 6.27295000E-11 3.51174000E-08 2.96459000E-03 1.31699000E-33 9.11703000E-33 4.08004000E-12 1.00000000E-40 1.00000000E-40 8.71821000E-32 3.28101000E-28 3.62643000E-11 1.60238000E-10 2.06971000E-10 7.52859000E-08 1.70899000E-13 3.78037000E-07 5.49409000E-13 3.22123000E-25 1.40374000E-20 2.49728000E-07 3.47880000E-35 3.31144000E-25 2.06800000E-27 3.15856000E-28 9.76400000E-35 1.00000000E-40 4.96492000E-31 3.87570000E-33 4.51895000E-13 3.33494000E-36 1.00000000E-40 1.13776000E-34 2.99783000E-39 1.70314000E-37 8.83814000E-10 1.85553000E-31 9.24268000E-32 1.00000000E-40 1.00000000E-40 2.87468000E-32 5.78049000E-35 1.72668000E-27 1.30772000E-34 7.72548000E-32 1.49587000E-13 8.64891000E-23 2.49199000E-34 2.29271000E-20 1.00000000E-05 1.00000000E-05 1.00000000E-05 1.00000000E-05 1.00000000E-05 1.00000000E-05 1.00000000E-05 1.00000000E-05 1.00000000E-05 1.00000000E-05 1.00000000E-05 1.00000000E-05 1.00000000E-05
6.17500000E+01 6.96171000E-05 3.55380000E+15 1.41885620E+02 1.00000000E+05 8.39806000E-17 2.05351000E-07 1.00000000E-40 3.77013000E-07 1.63169000E-28 6.36820000E-14 1.00000000E-40 2.52371000E-09 1.00000000E-40 1.00000000E-40 1.00000000E-40 1.00000000E-40 1.00000000E-40 1.63160000E-10 1.08648000E-04 3.25558000E-10 1.14577000E-13 3.33187000E-09 2.57989000E-04 5.31355000E-04 9.96144000E-01 5.73798000E-18 5.12888000E-20 1.00000000E-40 1.42527000E-40 1.71321000E-32 1.35218000E-30 6.19350000E-26 3.46156000E-14 4.13511000E-17 4.35644000E-28 9.52268000E-29 9.74626000E-25 1.46555000E-10 6.58637000E-11 4.08544000E-08 2.95735000E-03 1.06011000E-33 7.26340000E-33 3.58431000E-12 1.00000000E-40 1.00000000E-40 9.11199000E-32 3.44001000E-28 4.05973000E-11 1.79868000E-10 2.23784000E-10 8.57526000E-08 2.18679000E-13 3.81584000E-07 8.68468000E-13 6.54703000E-25 1.95420000E-20 2.63646000E-07 3.54218000E-35 3.29505000E-25 2.37268000E-27 3.72033000E-28 1.04450000E-34 1.00000000E-40 4.90030000E-31 4.54795000E-33 5.05643000E-13 3.75719000E-36 1.00000000E-40 1.22750000E-34 3.95735000E-39 1.79007000E-37 9.46672000E-10 1.62100000E-31 9.62510000E-32 1.00000000E-40 1.00000000E-40 3.41862000E-32 6.99593000E-35 1.88828000E-27 1.38262000E-34 6.53639000E-32 1.72433000E-13 8.10205000E-23 2.59099000E-34 2.94880000E-20 1.00000000E-05 1.00000000E-05 1.00000000E-05 1.00000000E-05 1.00000000E-05 1.00000000E-05 1.00000000E-05 1.00000000E-05 1.00000000E-05 1.00000000E-05 1.00000000E-05 1.00000000E-05 1.00000000E-05
6.22500000E+01 6.44000000E-05 3.28878000E+15 1.41829954E+02 1.00000000E+05 3.07301000E-16 5.76693000E-07 1.00000000E-40 1.80467000E-06 2.98270000E-28 5.91519000E-14 1.00000000E-40 2.50133000E-09 1.00000000E-40 1.00000000E-40 1.00000000E-40 1.00000000E-40 1.00000000E-40 2.27231000E-10 1.11619000E-04 3.75689000E-10 1.54096000E-13 4.10235000E-09 2.77728000E-04 5.71809000E-04 9.96088000E-01 7.38050000E-18 8.75658000E-20 1.00000000E-40 2.38088000E-40 2.06158000E-32 1.39888000E-30 6.25853000E-26 4.38140000E-14 5.13889000E-17 5.85785000E-28 1.13880000E-28 9.71820000E-25 1.26745000E-10 7.07937000E-11 4.77560000E-08 2.94976000E-03 8.37950000E-34 5.68180000E-33 3.14700000E-12 1.00000000E-40 1.00000000E-40 9.52955000E-32 3.45771000E-28 4.60308000E-11 2.02663000E-10 2.39949000E-10 9.80295000E-08 2.90166000E-13 3.85012000E-07 1.42527000E-12 1.50798000E-24 2.90423000E-20 2.78328000E-07 3.60711000E-35 3.27709000E-25 2.62809000E-27 4.24188000E-28 1.11638000E-34 1.00000000E-40 4.82708000E-31 5.45674000E-33 5.61495000E-13 4.05040000E-36 1.05700000E-40 1.29294000E-34 5.02767000E-39 1.88039000E-37 1.03616000E-09 1.39083000E-31 9.99399000E-32 1.00000000E-40 1.00000000E-40 3.93912000E-32 8.61670000E-35 2.06669000E-27 1.41365000E-34 5.39471000E-32 1.99370000E-13 7.52167000E-23 2.69835000E-34 3.75400000E-20 1.00000000E-05 1.00000000E-05 1.00000000E-05 1.00000000E-05 1.00000000E-05 1.00000000E-05 1.00000000E-05 1.00000000E-05 1.00000000E-05 1.00000000E-05 1.00000000E-05 1.00000000E-05 1.00000000E-05
6.27500000E+01 5.95657000E-05 3.04263000E+15 1.41796495E+02 1.00000000E+05 1.63046000E-15 1.41610000E-06 1.00000000E-40 7.62390000E-06 4.73205000E-28 5.33014000E-14 1.00000000E-40 2.47678000E-09 1.00000000E-40 1.00000000E-40 1.00000000E-40 1.00000000E-40 1.00000000E-40 3.24126000E-10 1.14664000E-04 4.38781000E-10 2.10943000E-13 5.03758000E-09 2.99012000E-04 6.15422000E-04 9.96028000E-01 9.72767000E-18 1.50618000E-19 1.00000000E-40 3.90785000E-40 2.38034000E-32 1.39885000E-30 6.32876000E-26 5.56262000E-14 6.56043000E-17 8.10927000E-28 1.38271000E-28 9.68734000E-25 1.08573000E-10 7.80651000E-11 5.60782000E-08 2.94179000E-03 6.48352000E-34 4.34583000E-33 2.76468000E-12 1.00000000E-40 1.00000000E-40 9.96779000E-32 3.31190000E-28 5.33667000E-11 2.29086000E-10 2.56400000E-10 1.12535000E-07 3.93398000E-13 3.88300000E-07 2.50331000E-12 4.16547000E-24 4.76607000E-20 2.93813000E-07 3.67356000E-35 3.25741000E-25 2.79980000E-27 4.67121000E-28 1.19225000E-34 1.00000000E-40 4.74416000E-31 6.69899000E-33 6.21022000E-13 4.11915000E-36 1.28722000E-40 1.33165000E-34 6.13005000E-39 1.97802000E-37 1.16176000E-09 1.17223000E-31 1.03980000E-31 1.00000000E-40 1.00000000E-40 4.40670000E-32 1.09334000E-34 2.26448000E-27 1.40087000E-34 4.28743000E-32 2.34286000E-13 6.90723000E-23 2.81302000E-34 4.75801000E-20 1.00000000E-05 1.00000000E-05 1.00000000E-05 1.00000000E-05 1.00000000E-05 1.00000000E-05 1.00000000E-05 1.00000000E-05 1.00000000E-05 1.00000000E-05 1.00000000E-05 1.00000000E-05 1.00000000E-05
6.32500000E+01 5.50883000E-05 2.81458000E+15 1.41762573E+02 1.00000000E+05 7.72294000E-15 3.03131000E-06 1.00000000E-40 2.83576000E-05 6.48167000E-28 4.57650000E-14 1.00000000E-40 2.44824000E-09 1.00000000E-40 1.00000000E-40 1.00000000E-40 1.00000000E-40 1.00000000E-40 4.84954000E-10 1.17781000E-04 5.18867000E-10 3.03462000E-13 6.26619000E-09 3.21963000E-04 6.62446000E-04 9.95963000E-01 1.34467000E-17 2.60754000E-19 1.00000000E-40 6.45332000E-40 2.63687000E-32 1.33529000E-30 6.40430000E-26 7.08248000E-14 8.52217000E-17 1.14590000E-27 1.73854000E-28 9.65347000E-25 9.11574000E-11 8.76856000E-11 6.61100000E-08 2.93344000E-03 4.87642000E-34 3.22430000E-33 2.43386000E-12 1.00000000E-40 1.00000000E-40 1.04184000E-31 2.99339000E-28 6.42901000E-11 2.59207000E-10 2.77893000E-10 1.29793000E-07 5.49109000E-13 3.91430000E-07 4.77606000E-12 1.38428000E-23 8.78974000E-20 3.10140000E-07 3.74154000E-35 3.23588000E-25 2.85380000E-27 4.95289000E-28 1.27241000E-34 1.00000000E-40 4.65013000E-31 8.41746000E-33 6.94791000E-13 3.86832000E-36 1.55480000E-40 1.33812000E-34 7.13472000E-39 2.07836000E-37 1.32982000E-09 9.74037000E-32 1.09301000E-31 1.00000000E-40 1.00000000E-40 4.78768000E-32 1.43855000E-34 2.48472000E-27 1.35367000E-34 3.18282000E-32 2.89193000E-13 6.25864000E-23 2.92839000E-34 6.10984000E-20 1.00000000E-05 1.00000000E-05 1.00000000E-05 1.00000000E-05 1.00000000E-05 1.00000000E-05 1.00000000E-05 1.00000000E-05 1.00000000E-05 1.00000000E-05 1.00000000E-05 1.00000000E-05 1.00000000E-05
6.37500000E+01 5.09402000E-05 2.60376000E+15 1.41702120E+02 1.00000000E+05 3.22608000E-14 5.63841000E-06 1.00000000E-40 9.26371000E-05 7.63325000E-28 3.63842000E-14 1.00000000E-40 2.41244000E-09 1.00000000E-40 1.00000000E-40 1.00000000E-40 1.00000000E-40 1.00000000E-40 7.98105000E-10 1.20969000E-04 6.21281000E-10 4.89202000E-13 8.23154000E-09 3.46710000E-04 7.13142000E-04 9.95894000E-01 2.04241000E-17 4.53609000E-19 1.00000000E-40 1.13204000E-39 2.82194000E-32 1.18218000E-30 6.48510000E-26 9.03864000E-14 1.08529000E-16 1.59440000E-27 2.35339000E-28 9.61645000E-25 7.34881000E-11 9.73127000E-11 7.81565000E-08 2.92468000E-03 3.51431000E-34 2.28550000E-33 2.15127000E-12 1.00000000E-40 1.00000000E-40 1.08646000E-31 2.51083000E-28 8.23271000E-11 2.91743000E-10 3.18874000E-10 1.50422000E-07 7.95626000E-13 3.94379000E-07 9.69115000E-12 5.18283000E-23 1.79994000E-19 3.27347000E-07 3.81100000E-35 3.21236000E-25 2.76147000E-27 5.03458000E-28 1.35718000E-34 1.00000000E-40 4.54328000E-31 1.08098000E-32 8.18947000E-13 3.24580000E-36 1.95313000E-40 1.29616000E-34 7.86406000E-39 2.17491000E-37 1.51895000E-09 8.20441000E-32 1.17625000E-31 1.00000000E-40 1.00000000E-40 5.06353000E-32 1.96742000E-34 2.73096000E-27 1.28145000E-34 2.05230000E-32 4.00313000E-13 5.57715000E-23 3.03911000E-34 8.29560000E-20 1.00000000E-05 1.00000000E-05 1.00000000E-05 1.00000000E-05 1.00000000E-05 1.00000000E-05 1.00000000E-05 1.00000000E-05 1.00000000E-05 1.00000000E-05 1.00000000E-05 1.00000000E-05 1.00000000E-05
6.42500000E+01 4.70997000E-05 2.40734000E+15 1.41708936E+02 1.00000000E+05 1.18645000E-13 9.08918000E-06 1.00000000E-40 2.65291000E-04 7.70182000E-28 2.54902000E-14 1.00000000E-40 2.36606000E-09 1.00000000E-40 1.00000000E-40 1.00000000E-40 1.00000000E-40 1.00000000E-40 1.52712000E-09 1.24235000E-04 7.52058000E-10 9.57085000E-13 1.25136000E-08 3.73396000E-04 7.67810000E-04 9.95818000E-01 3.61312000E-17 7.90312000E-19 1.00000000E-40 2.28595000E-39 2.99038000E-32 9.19493000E-31 6.57112000E-26 1.15607000E-13 1.22627000E-16 1.97663000E-27 3.59755000E-28 9.57599000E-25 5.47476000E-11 9.81354000E-11 9.25629000E-08 2.91549000E-03 2.35802000E-34 1.50370000E-33 1.91377000E-12 1.00000000E-40 1.00000000E-40 1.12778000E-31 1.89839000E-28 1.11036000E-10 3.21430000E-10 4.18541000E-10 1.75084000E-07 1.15924000E-12 3.97123000E-07 1.97496000E-11 1.97542000E-22 3.95767000E-19 3.45478000E-07 3.88195000E-35 3.18670000E-25 2.50612000E-27 4.87575000E-28 1.44703000E-34 1.00000000E-40 4.42187000E-31 1.41009000E-32 1.10725000E-12 2.35826000E-36 2.68664000E-40 1.13593000E-34 8.12085000E-39 2.27607000E-37 1.60298000E-09 7.86550000E-32 1.30160000E-31 1.00000000E-40 1.00000000E-40 5.21701000E-32 2.72039000E-34 3.00740000E-27 1.13819000E-34 9.97023000E-33 6.69755000E-13 4.86675000E-23 3.18331000E-34 1.28840000E-19 1.00000000E-05 1.00000000E-05 1.00000000E-05 1.00000000E-05 1.00000000E-05 1.00000000E-05 1.00000000E-05 1.00000000E-05 1.00000000E-05 1.00000000E-05 1.00000000E-05 1.00000000E-05 1.00000000E-05
6.47500000E+01 4.35431000E-05 2.22697000E+15 1.41619021E+02 1.00000000E+05 3.82835000E-13 1.26395000E-05 1.00000000E-40 6.63523000E-04 6.62097000E-28 1.44133000E-14 1.00000000E-40 2.30131000E-09 1.00000000E-40 1.00000000E-40 1.00000000E-40 1.00000000E-40 1.00000000E-40 3.25481000E-09 1.27567000E-04 9.10527000E-10 2.16861000E-12 2.45814000E-08 4.02170000E-04 8.26756000E-04 9.95737000E-01 7.09521000E-17 1.36621000E-18 1.00000000E-40 5.42100000E-39 3.34291000E-32 5.89590000E-31 6.66208000E-26 1.46649000E-13 9.76418000E-17 1.74013000E-27 5.90513000E-28 9.53198000E-25 3.54462000E-11 7.51569000E-11 1.09776000E-07 2.90586000E-03 1.39734000E-34 8.71669000E-34 1.71862000E-12 1.00000000E-40 1.00000000E-40 1.16128000E-31 1.23000000E-28 1.36992000E-10 3.34343000E-10 6.75020000E-10 2.04192000E-07 1.73910000E-12 3.99637000E-07 3.72016000E-11 6.87691000E-22 8.96662000E-19 3.64574000E-07 3.95433000E-35 3.15880000E-25 2.09306000E-27 4.45956000E-28 1.54248000E-34 1.00000000E-40 4.28610000E-31 1.83739000E-32 1.90641000E-12 1.57328000E-36 3.66937000E-40 7.37914000E-35 7.69443000E-39 2.36711000E-37 1.30551000E-09 9.34326000E-32 1.39946000E-31 1.00000000E-40 1.00000000E-40 4.96317000E-32 3.22645000E-34 3.31856000E-27 7.88629000E-35 3.19737000E-33 1.30088000E-12 4.13929000E-23 3.49787000E-34 2.45381000E-19 1.00000000E-05 1.00000000E-05 1.00000000E-05 1.00000000E-05 1.00000000E-05 1.00000000E-05 1.00000000E-05 1.00000000E-05 1.00000000E-05 1.00000000E-05 1.00000000E-05 1.00000000E-05 1.00000000E-05
6.52500000E+01 4.02512000E-05 2.05849000E+15 1.41627319E+02 1.00000000E+05 1.08254000E-12 1.51250000E-05 1.00000000E-40 1.44718000E-03 4.83229000E-28 6.12167000E-15 1.00000000E-40 2.21291000E-09 1.00000000E-40 1.00000000E-40 1.00000000E-40 1.00000000E-40 1.00000000E-40 6.45113000E-09 1.30975000E-04 1.07778000E-09 4.44996000E-12 6.02116000E-08 4.33195000E-04 8.90331000E-04 9.95649000E-01 1.29797000E-16 2.29053000E-18 1.00000000E-40 1.28359000E-38 4.01259000E-32 3.04681000E-31 6.75786000E-26 1.82614000E-13 4.19189000E-17 8.60303000E-28 8.86802000E-28 9.48409000E-25 1.93122000E-11 3.62704000E-11 1.30296000E-07 2.89576000E-03 6.74787000E-35 4.09166000E-34 1.56354000E-12 1.00000000E-40 1.00000000E-40 1.18067000E-31 6.30486000E-29 1.25813000E-10 3.14106000E-10 1.26978000E-09 2.37309000E-07 2.41344000E-12 4.01907000E-07 5.89637000E-11 1.96351000E-21 1.99053000E-18 3.84673000E-07 4.02812000E-35 3.12866000E-25 1.56426000E-27 3.80883000E-28 1.64423000E-34 1.00000000E-40 4.14164000E-31 2.32061000E-32 4.00559000E-12 1.15696000E-36 3.61114000E-40 2.85810000E-35 6.52174000E-39 2.44416000E-37 6.64396000E-10 1.08741000E-31 1.30983000E-31 1.00000000E-40 1.00000000E-40 4.04074000E-32 2.89353000E-34 3.66931000E-27 3.21517000E-35 7.05470000E-34 2.26756000E-12 3.42007000E-23 4.36403000E-34 5.45397000E-19 1.00000000E-05 1.00000000E-05 1.00000000E-05 1.00000000E-05 1.00000000E-05 1.00000000E-05 1.00000000E-05 1.00000000E-05 1.00000000E-05 1.00000000E-05 1.00000000E-05 1.00000000E-05 1.00000000E-05
6.57500000E+01 3.72040000E-05 1.90345000E+15 1.41567764E+02 1.00000000E+05 2.67248000E-12 1.54940000E-05 1.00000000E-40 2.74114000E-03 2.97530000E-28 2.25342000E-15 1.00000000E-40 2.09880000E-09 1.00000000E-40 1.00000000E-40 1.00000000E-40 1.00000000E-40 1.00000000E-40 1.08288000E-08 1.34450000E-04 1.22509000E-09 7.37983000E-12 1.48340000E-07 4.66649000E-04 9.58925000E-04 9.95553000E-01 2.00280000E-16 3.61218000E-18 1.00000000E-40 2.33756000E-38 4.37641000E-32 1.35989000E-31 6.85819000E-26 2.27292000E-13 1.13859000E-17 3.38633000E-28 1.09752000E-27 9.43215000E-25 9.54330000E-12 1.30499000E-11 1.54974000E-07 2.88516000E-03 2.47518000E-35 1.41529000E-34 1.44701000E-12 1.00000000E-40 1.00000000E-40 1.17854000E-31 2.33999000E-29 9.20094000E-11 2.70465000E-10 2.39840000E-09 2.73014000E-07 3.12208000E-12 4.03925000E-07 7.50932000E-11 4.29444000E-21 4.08327000E-18 4.05808000E-07 4.10327000E-35 3.09642000E-25 1.01191000E-27 2.99987000E-28 1.75318000E-34 1.00000000E-40 4.00092000E-31 2.75798000E-32 8.40681000E-12 9.21841000E-37 2.11961000E-40 6.75111000E-36 4.77383000E-39 2.41106000E-37 2.47886000E-10 1.07304000E-31 1.06398000E-31 1.00000000E-40 1.00000000E-40 2.89251000E-32 2.17231000E-34 4.06461000E-27 7.68661000E-36 1.36444000E-34 3.17823000E-12 2.74384000E-23 6.11653000E-34 1.21530000E-18 1.00000000E-05 1.00000000E-05 1.00000000E-05 1.00000000E-05 1.00000000E-05 1.00000000E-05 1.00000000E-05 1.00000000E-05 1.00000000E-05 1.00000000E-05 1.00000000E-05 1.00000000E-05 1.00000000E-05
6.62500000E+01 3.43841000E-05 1.75956000E+15 1.41536598E+02 1.00000000E+05 5.74739000E-12 1.35362000E-05 1.00000000E-40 4.49727000E-03 1.53759000E-28 8.40787000E-16 1.00000000E-40 1.96420000E-09 1.00000000E-40 1.00000000E-40 1.00000000E-40 1.00000000E-40 1.00000000E-40 1.63243000E-08 1.37995000E-04 1.35131000E-09 1.08039000E-11 3.25450000E-07 5.02721000E-04 1.03296000E-03 9.95451000E-01 2.76947000E-16 5.30422000E-18 1.00000000E-40 2.88785000E-38 3.60670000E-32 5.98594000E-32 6.96293000E-26 2.87820000E-13 3.06197000E-18 1.91747000E-28 1.18502000E-27 9.37592000E-25 4.63638000E-12 4.94025000E-12 1.85665000E-07 2.87406000E-03 6.83876000E-36 3.39266000E-35 1.36830000E-12 1.00000000E-40 1.00000000E-40 1.14809000E-31 5.94966000E-30 6.49507000E-11 2.21967000E-10 4.12262000E-09 3.09743000E-07 3.72076000E-12 4.05695000E-07 8.10208000E-11 7.30992000E-21 7.49099000E-18 4.28000000E-07 4.17973000E-35 3.06225000E-25 5.49994000E-28 2.15162000E-28 1.87047000E-34 1.00000000E-40 3.87692000E-31 3.05034000E-32 1.56607000E-11 6.38504000E-37 1.00000000E-40 1.09820000E-36 2.93333000E-39 2.27602000E-37 9.57477000E-11 1.00286000E-31 8.24399000E-32 1.00000000E-40 1.00000000E-40 1.92809000E-32 1.65059000E-34 4.50899000E-27 1.23488000E-36 2.86320000E-35 3.88188000E-12 2.13841000E-23 8.74108000E-34 2.46350000E-18 1.00000000E-05 1.00000000E-05 1.00000000E-05 1.00000000E-05 1.00000000E-05 1.00000000E-05 1.00000000E-05 1.00000000E-05 1.00000000E-05 1.00000000E-05 1.00000000E-05 1.00000000E-05 1.00000000E-05
6.67500000E+01 3.17753000E-05 1.62613000E+15 1.41530613E+02 1.00000000E+05 1.07344000E-11 1.00369000E-05 1.00000000E-40 6.36871000E-03 6.62755000E-29 3.30208000E-16 1.00000000E-40 1.81819000E-09 1.00000000E-40 1.00000000E-40 1.00000000E-40 1.00000000E-40 1.00000000E-40 2.31026000E-08 1.41615000E-04 1.46658000E-09 1.48298000E-11 6.36180000E-07 5.41621000E-04 1.11290000E-03 9.95339000E-01 3.58447000E-16 7.28059000E-18 1.00000000E-40 2.41712000E-38 2.14581000E-32 2.84827000E-32 7.07208000E-26 3.69824000E-13 9.97288000E-19 1.49665000E-28 1.16605000E-27 9.31506000E-25 2.29880000E-12 2.20581000E-12 2.24587000E-07 2.86243000E-03 1.53613000E-36 5.52573000E-36 1.32743000E-12 1.00000000E-40 1.00000000E-40 1.08523000E-31 1.02086000E-30 4.73399000E-11 1.77323000E-10 6.41565000E-09 3.46053000E-07 4.19641000E-12 4.07218000E-07 7.99483000E-11 1.03273000E-20 1.23140000E-17 4.51266000E-07 4.25746000E-35 3.02636000E-25 2.45853000E-28 1.38891000E-28 1.99761000E-34 1.00000000E-40 3.77977000E-31 3.13060000E-32 2.59317000E-11 3.46837000E-37 1.00000000E-40 1.26749000E-37 1.48115000E-39 2.09335000E-37 4.31967000E-11 9.24191000E-32 6.40843000E-32 1.00000000E-40 1.00000000E-40 1.18788000E-32 1.32596000E-34 5.00640000E-27 1.39727000E-37 7.16004000E-36 4.37775000E-12 1.61981000E-23 1.18431000E-33 4.51862000E-18 1.00000000E-05 1.00000000E-05 1.00000000E-05 1.00000000E-05 1.00000000E-05 1.00000000E-05 1.00000000E-05 1.00000000E-05 1.00000000E-05 1.00000000E-05 1.00000000E-05 1.00000000E-05 1.00000000E-05
6.72500000E+01 2.93606000E-05 1.50352000E+15 1.41439620E+02 1.00000000E+05 1.73423000E-11 6.27915000E-06 1.00000000E-40 7.74986000E-03 2.36472000E-29 1.93698000E-16 1.00000000E-40 1.66710000E-09 1.00000000E-40 1.00000000E-40 1.00000000E-40 1.00000000E-40 1.00000000E-40 3.12807000E-08 1.45287000E-04 1.57900000E-09 1.95142000E-11 1.13592000E-06 5.83559000E-04 1.19924000E-03 9.95219000E-01 4.40742000E-16 9.39819000E-18 1.00000000E-40 1.42381000E-38 9.39764000E-33 1.48259000E-32 7.18550000E-26 4.79902000E-13 3.95653000E-19 1.27212000E-28 1.06121000E-27 9.24944000E-25 1.17637000E-12 1.13833000E-12 2.74117000E-07 2.85026000E-03 3.22534000E-37 6.18116000E-37 1.32534000E-12 1.00000000E-40 1.00000000E-40 9.90189000E-32 1.19618000E-31 3.58478000E-11 1.39189000E-10 9.25329000E-09 3.80524000E-07 4.69876000E-12 4.08496000E-07 7.63076000E-11 1.29110000E-20 1.84138000E-17 4.75614000E-07 4.33635000E-35 2.98899000E-25 8.95640000E-29 7.99048000E-29 2.13651000E-34 1.00000000E-40 3.71475000E-31 2.97825000E-32 3.92122000E-11 1.46505000E-37 1.00000000E-40 1.04365000E-38 6.08229000E-40 1.87444000E-37 2.24705000E-11 8.29437000E-32 5.05968000E-32 1.00000000E-40 1.00000000E-40 6.60200000E-33 1.10643000E-34 5.55939000E-27 1.13174000E-38 2.12746000E-36 4.67615000E-12 1.19376000E-23 1.47316000E-33 7.66581000E-18 1.00000000E-05 1.00000000E-05 1.00000000E-05 1.00000000E-05 1.00000000E-05 1.00000000E-05 1.00000000E-05 1.00000000E-05 1.00000000E-05 1.00000000E-05 1.00000000E-05 1.00000000E-05 1.00000000E-05
6.77500000E+01 2.71287000E-05 1.38866000E+15 1.41497778E+02 1.00000000E+05 2.41885000E-11 3.30075000E-06 1.00000000E-40 8.08334000E-03 6.94267000E-30 2.65120000E-16 1.00000000E-40 1.51402000E-09 1.00000000E-40 1.00000000E-40 1.00000000E-40 1.00000000E-40 1.00000000E-40 4.09775000E-08 1.49044000E-04 1.69925000E-09 2.48548000E-11 1.89402000E-06 6.28788000E-04 1.29255000E-03 9.95089000E-01 5.23969000E-16 1.14808000E-17 1.00000000E-40 6.23120000E-39 3.16039000E-33 8.18036000E-33 7.30363000E-26 6.29640000E-13 1.85131000E-19 1.08119000E-28 9.12649000E-28 9.17861000E-25 6.21924000E-13 6.55267000E-13 3.37262000E-07 2.83749000E-03 6.83640000E-38 4.83570000E-38 1.36408000E-12 1.00000000E-40 1.00000000E-40 8.68085000E-32 9.79261000E-33 2.79767000E-11 1.07801000E-10 1.25385000E-08 4.11754000E-07 4.94858000E-12 4.09531000E-07 7.28394000E-11 1.48775000E-20 2.53993000E-17 5.01063000E-07 4.41639000E-35 2.95035000E-25 2.66874000E-29 4.05897000E-29 2.28974000E-34 1.00000000E-40 3.68022000E-31 2.63007000E-32 5.53067000E-11 4.96149000E-38 1.00000000E-40 6.22710000E-40 2.04486000E-40 1.64436000E-37 1.29613000E-11 7.41903000E-32 4.05270000E-32 1.00000000E-40 1.00000000E-40 3.29446000E-33 9.70215000E-35 6.16921000E-27 6.58548000E-40 7.09848000E-37 4.72454000E-12 8.56579000E-24 1.69126000E-33 1.22266000E-17 1.00000000E-05 1.00000000E-05 1.00000000E-05 1.00000000E-05 1.00000000E-05 1.00000000E-05 1.00000000E-05 1.00000000E-05 1.00000000E-05 1.00000000E-05 1.00000000E-05 1.00000000E-05 1.00000000E-05
6.82500000E+01 2.50631000E-05 1.28398000E+15 1.41382103E+02 1.00000000E+05 2.89544000E-11 1.44585000E-06 1.00000000E-40 7.17976000E-03 1.65988000E-30 5.28063000E-16 1.00000000E-40 1.36473000E-09 1.00000000E-40 1.00000000E-40 1.00000000E-40 1.00000000E-40 1.00000000E-40 5.22793000E-08 1.52845000E-04 1.82618000E-09 3.08111000E-11 2.99313000E-06 6.77546000E-04 1.39340000E-03 9.94947000E-01 6.00119000E-16 1.33399000E-17 1.00000000E-40 2.13555000E-39 8.55404000E-34 4.73488000E-33 7.42640000E-26 8.31102000E-13 9.90905000E-20 8.84905000E-29 7.37420000E-28 9.10250000E-25 3.39612000E-13 4.11695000E-13 4.17597000E-07 2.82414000E-03 1.43069000E-38 2.72881000E-39 1.44701000E-12 1.00000000E-40 1.00000000E-40 7.28805000E-32 5.75955000E-34 2.24268000E-11 8.25644000E-11 1.63436000E-08 4.38450000E-07 5.38405000E-12 4.10324000E-07 6.99090000E-11 1.62318000E-20 3.28581000E-17 5.27626000E-07 4.49745000E-35 2.91070000E-25 6.70082000E-30 1.81139000E-29 2.46055000E-34 1.00000000E-40 3.66873000E-31 2.17028000E-32 7.40838000E-11 1.39548000E-38 1.00000000E-40 1.00000000E-40 1.00000000E-40 1.37272000E-37 8.18555000E-12 6.35205000E-32 3.28334000E-32 1.00000000E-40 1.00000000E-40 1.44029000E-33 8.57798000E-35 6.83501000E-27 1.00000000E-40 2.62451000E-37 4.60761000E-12 5.99414000E-24 1.77650000E-33 1.86906000E-17 1.00000000E-05 1.00000000E-05 1.00000000E-05 1.00000000E-05 1.00000000E-05 1.00000000E-05 1.00000000E-05 1.00000000E-05 1.00000000E-05 1.00000000E-05 1.00000000E-05 1.00000000E-05 1.00000000E-05
6.87500000E+01 2.31536000E-05 1.18592000E+15 1.41409629E+02 1.00000000E+05 2.96875000E-11 5.25278000E-07 1.00000000E-40 5.41633000E-03 3.20881000E-31 1.04733000E-15 1.00000000E-40 1.21651000E-09 1.00000000E-40 1.00000000E-40 1.00000000E-40 1.00000000E-40 1.00000000E-40 6.53082000E-08 1.56722000E-04 1.96861000E-09 3.72604000E-11 4.53649000E-06 7.30106000E-04 1.50244000E-03 9.94794000E-01 6.71845000E-16 1.48131000E-17 1.00000000E-40 6.31465000E-40 2.03865000E-34 2.88029000E-33 7.55439000E-26 1.10937000E-12 5.94349000E-20 7.03500000E-29 5.70715000E-28 9.02064000E-25 1.91786000E-13 2.76853000E-13 5.20685000E-07 2.81015000E-03 2.92099000E-39 1.13993000E-40 1.57911000E-12 1.00000000E-40 1.00000000E-40 5.84313000E-32 2.49952000E-35 1.83198000E-11 6.26093000E-11 2.05159000E-08 4.59425000E-07 5.55684000E-12 4.10879000E-07 6.78163000E-11 1.68955000E-20 4.01566000E-17 5.55315000E-07 4.57946000E-35 2.87030000E-25 1.51447000E-30 7.05805000E-30 2.65318000E-34 1.00000000E-40 3.67005000E-31 1.69200000E-32 9.52372000E-11 3.55714000E-39 1.00000000E-40 1.00000000E-40 1.00000000E-40 1.10516000E-37 5.50937000E-12 5.39407000E-32 2.67610000E-32 1.00000000E-40 1.00000000E-40 5.55833000E-34 7.83581000E-35 7.55406000E-27 1.00000000E-40 1.05589000E-37 4.29453000E-12 4.09464000E-24 1.75506000E-33 2.75213000E-17 1.00000000E-05 1.00000000E-05 1.00000000E-05 1.00000000E-05 1.00000000E-05 1.00000000E-05 1.00000000E-05 1.00000000E-05 1.00000000E-05 1.00000000E-05 1.00000000E-05 1.00000000E-05 1.00000000E-05
6.92500000E+01 2.13878000E-05 1.09587000E+15 1.41359419E+02 1.00000000E+05 2.59198000E-11 1.56880000E-07 1.00000000E-40 3.44748000E-03 4.95831000E-32 1.91649000E-15 1.00000000E-40 1.07518000E-09 1.00000000E-40 1.00000000E-40 1.00000000E-40 1.00000000E-40 1.00000000E-40 8.01549000E-08 1.60652000E-04 2.12427000E-09 4.40537000E-11 6.64654000E-06 7.86756000E-04 1.62039000E-03 9.94628000E-01 7.32660000E-16 1.57832000E-17 1.00000000E-40 1.86574000E-40 4.93270000E-35 1.85239000E-33 7.68782000E-26 1.49467000E-12 3.92627000E-20 5.39131000E-29 4.21210000E-28 8.93284000E-25 1.12436000E-13 1.97204000E-13 6.53612000E-07 2.79552000E-03 6.42121000E-40 1.00000000E-40 1.76726000E-12 1.00000000E-40 1.00000000E-40 4.46762000E-32 8.26340000E-37 1.52186000E-11 4.70387000E-11 2.51615000E-08 4.73744000E-07 5.78771000E-12 4.11197000E-07 6.59842000E-11 1.69030000E-20 4.68631000E-17 5.84149000E-07 4.66230000E-35 2.82935000E-25 3.53749000E-31 2.39619000E-30 2.87320000E-34 1.00000000E-40 3.67517000E-31 1.26945000E-32 1.18612000E-10 9.41241000E-40 1.00000000E-40 1.00000000E-40 1.00000000E-40 8.44247000E-38 3.93385000E-12 4.42514000E-32 2.18849000E-32 1.00000000E-40 1.00000000E-40 1.86605000E-34 7.19459000E-35 8.32208000E-27 1.00000000E-40 4.64841000E-38 3.87864000E-12 2.73484000E-24 1.64706000E-33 3.94756000E-17 1.00000000E-05 1.00000000E-05 1.00000000E-05 1.00000000E-05 1.00000000E-05 1.00000000E-05 1.00000000E-05 1.00000000E-05 1.00000000E-05 1.00000000E-05 1.00000000E-05 1.00000000E-05 1.00000000E-05
6.97500000E+01 1.97552000E-05 1.01252000E+15 1.41316647E+02 1.00000000E+05 1.91899000E-11 3.82237000E-08 1.00000000E-40 1.84208000E-03 6.05855000E-33 3.21190000E-15 1.00000000E-40 9.39560000E-10 1.00000000E-40 1.00000000E-40 1.00000000E-40 1.00000000E-40 1.00000000E-40 9.69109000E-08 1.64632000E-04 2.29566000E-09 5.09497000E-11 9.47227000E-06 8.47779000E-04 1.74797000E-03 9.94447000E-01 7.82343000E-16 1.61921000E-17 1.00000000E-40 1.00000000E-40 1.55014000E-35 1.24671000E-33 7.82705000E-26 2.03880000E-12 2.82600000E-20 4.00767000E-29 2.98761000E-28 8.83881000E-25 6.88021000E-14 1.47428000E-13 8.26871000E-07 2.78020000E-03 1.90769000E-40 1.00000000E-40 2.02049000E-12 1.00000000E-40 1.00000000E-40 3.25531000E-32 2.79748000E-38 1.28054000E-11 3.50335000E-11 3.02334000E-08 4.80746000E-07 5.93320000E-12 4.11277000E-07 6.42587000E-11 1.62823000E-20 5.24904000E-17 6.14138000E-07 4.74584000E-35 2.78809000E-25 1.08304000E-31 7.07755000E-31 3.12768000E-34 1.00000000E-40 3.67901000E-31 9.32445000E-33 1.43994000E-10 3.30684000E-40 1.00000000E-40 1.00000000E-40 1.00000000E-40 6.14710000E-38 2.94653000E-12 3.54344000E-32 1.78908000E-32 1.00000000E-40 1.00000000E-40 5.46218000E-35 6.67043000E-35 9.13318000E-27 1.00000000E-40 2.19805000E-38 3.39187000E-12 1.78864000E-24 1.50209000E-33 5.53607000E-17 1.00000000E-05 1.00000000E-05 1.00000000E-05 1.00000000E-05 1.00000000E-05 1.00000000E-05 1.00000000E-05 1.00000000E-05 1.00000000E-05 1.00000000E-05 1.00000000E-05 1.00000000E-05 1.00000000E-05
7.02500000E+01 1.82471000E-05 9.35034000E+14 1.41346029E+02 1.00000000E+05 1.19902000E-11 7.53324000E-09 1.00000000E-40 8.21601000E-04 5.78439000E-34 4.94596000E-15 1.00000000E-40 8.11634000E-10 1.00000000E-40 1.00000000E-40 1.00000000E-40 1.00000000E-40 1.00000000E-40 1.15694000E-07 1.68688000E-04 2.48448000E-09 5.76732000E-11 1.31945000E-05 9.13509000E-04 1.88603000E-03 9.94252000E-01 8.21533000E-16 1.60453000E-17 1.00000000E-40 1.00000000E-40 7.92565000E-36 8.63711000E-34 7.97271000E-26 2.82065000E-12 2.19631000E-20 2.91239000E-29 2.04863000E-28 8.73809000E-25 4.41728000E-14 1.14877000E-13 1.05491000E-06 2.76415000E-03 1.00000000E-40 1.00000000E-40 2.35039000E-12 1.00000000E-40 1.00000000E-40 2.25998000E-32 8.30165000E-39 1.08838000E-11 2.58732000E-11 3.56704000E-08 4.80136000E-07 5.87925000E-12 4.11120000E-07 6.25557000E-11 1.51272000E-20 5.66660000E-17 6.45302000E-07 4.83000000E-35 2.74666000E-25 5.42544000E-32 1.81524000E-31 3.42591000E-34 1.00000000E-40 3.67990000E-31 6.78871000E-33 1.71253000E-10 1.94219000E-40 1.00000000E-40 1.00000000E-40 1.00000000E-40 4.28179000E-38 2.29582000E-12 2.79238000E-32 1.45763000E-32 1.00000000E-40 1.00000000E-40 1.39532000E-35 6.26584000E-35 9.98135000E-27 1.00000000E-40 1.09120000E-38 2.87388000E-12 1.14686000E-24 1.35292000E-33 7.61138000E-17 1.00000000E-05 1.00000000E-05 1.00000000E-05 1.00000000E-05 1.00000000E-05 1.00000000E-05 1.00000000E-05 1.00000000E-05 1.00000000E-05 1.00000000E-05 1.00000000E-05 1.00000000E-05 1.00000000E-05
7.07500000E+01 1.68513000E-05 8.64269000E+14 1.41221770E+02 1.00000000E+05 6.27762000E-12 1.18707000E-09 1.00000000E-40 3.03380000E-04 4.24771000E-35 7.02260000E-15 1.00000000E-40 6.93983000E-10 1.00000000E-40 1.00000000E-40 1.00000000E-40 1.00000000E-40 1.00000000E-40 1.36518000E-07 1.72756000E-04 2.68590000E-09 6.39481000E-11 1.80228000E-05 9.84230000E-04 2.03534000E-03 9.94039000E-01 8.43734000E-16 1.54049000E-17 1.00000000E-40 1.00000000E-40 5.96562000E-36 6.10975000E-34 8.12474000E-26 3.94303000E-12 1.82179000E-20 2.05908000E-29 1.34747000E-28 8.63070000E-25 2.98928000E-14 9.28190000E-14 1.35547000E-06 2.74736000E-03 1.00000000E-40 1.00000000E-40 2.77112000E-12 1.00000000E-40 1.00000000E-40 1.49764000E-32 8.60911000E-39 9.33841000E-12 1.89551000E-11 4.17537000E-08 4.72014000E-07 5.98525000E-12 4.10719000E-07 6.04140000E-11 1.36024000E-20 5.93248000E-17 6.77654000E-07 4.91454000E-35 2.70516000E-25 4.04950000E-32 4.06068000E-32 3.77962000E-34 1.00000000E-40 3.67778000E-31 4.95835000E-33 2.00203000E-10 1.72567000E-40 1.00000000E-40 1.00000000E-40 1.00000000E-40 2.81933000E-38 1.86173000E-12 2.11199000E-32 1.18271000E-32 1.00000000E-40 1.00000000E-40 3.08656000E-36 5.81698000E-35 1.08605000E-26 1.00000000E-40 5.66163000E-39 2.38675000E-12 7.22543000E-25 1.20682000E-33 1.03354000E-16 1.00000000E-05 1.00000000E-05 1.00000000E-05 1.00000000E-05 1.00000000E-05 1.00000000E-05 1.00000000E-05 1.00000000E-05 1.00000000E-05 1.00000000E-05 1.00000000E-05 1.00000000E-05 1.00000000E-05
7.12500000E+01 1.55635000E-05 7.97717000E+14 1.41311076E+02 1.00000000E+05 2.74391000E-12 1.48297000E-10 1.00000000E-40 9.22948000E-05 2.36841000E-36 9.26575000E-15 1.00000000E-40 5.84057000E-10 1.00000000E-40 1.00000000E-40 1.00000000E-40 1.00000000E-40 1.00000000E-40 1.59558000E-07 1.76917000E-04 2.90723000E-09 6.94188000E-11 2.42218000E-05 1.06030000E-03 2.19690000E-03 9.93808000E-01 8.58942000E-16 1.43623000E-17 1.00000000E-40 1.00000000E-40 5.38659000E-36 4.34083000E-34 8.28427000E-26 5.59176000E-12 1.60370000E-20 1.44501000E-29 8.66872000E-29 8.51593000E-25 2.12901000E-14 7.72501000E-14 1.75533000E-06 2.72973000E-03 1.00000000E-40 1.00000000E-40 3.29983000E-12 1.00000000E-40 1.00000000E-40 9.47846000E-33 9.64001000E-39 8.05627000E-12 1.37791000E-11 4.80179000E-08 4.56970000E-07 5.64767000E-12 4.10068000E-07 5.84227000E-11 1.18382000E-20 6.01540000E-17 7.11214000E-07 4.99942000E-35 2.66369000E-25 3.61622000E-32 7.89203000E-33 4.20391000E-34 1.00000000E-40 3.67359000E-31 3.61315000E-33 2.30888000E-10 1.88809000E-40 1.00000000E-40 1.00000000E-40 1.00000000E-40 1.79610000E-38 1.54667000E-12 1.60291000E-32 9.51593000E-33 1.00000000E-40 1.00000000E-40 6.00457000E-37 5.52993000E-35 1.17667000E-26 1.00000000E-40 2.97754000E-39 1.91902000E-12 4.47521000E-25 1.07937000E-33 1.37862000E-16 1.00000000E-05 1.00000000E-05 1.00000000E-05 1.00000000E-05 1.00000000E-05 1.00000000E-05 1.00000000E-05 1.00000000E-05 1.00000000E-05 1.00000000E-05 1.00000000E-05 1.00000000E-05 1.00000000E-05
7.17500000E+01 1.43719000E-05 7.37232000E+14 1.41197454E+02 1.00000000E+05 9.91739000E-13 1.44645000E-11 1.00000000E-40 2.28813000E-05 9.82836000E-38 1.13880000E-14 1.00000000E-40 4.87720000E-10 1.00000000E-40 1.00000000E-40 1.00000000E-40 1.00000000E-40 1.00000000E-40 1.84768000E-07 1.81083000E-04 3.13826000E-09 7.39861000E-11 3.20813000E-05 1.14202000E-03 2.37157000E-03 9.93558000E-01 8.56733000E-16 1.30483000E-17 1.00000000E-40 1.00000000E-40 5.00320000E-36 3.12063000E-34 8.45122000E-26 7.96223000E-12 1.47378000E-20 1.01530000E-29 5.41507000E-29 8.39392000E-25 1.59171000E-14 6.59131000E-14 2.28024000E-06 2.71127000E-03 1.00000000E-40 1.00000000E-40 3.95653000E-12 1.00000000E-40 1.00000000E-40 5.76203000E-33 1.07075000E-38 6.99949000E-12 9.94128000E-12 5.51161000E-08 4.35907000E-07 5.54448000E-12 4.09151000E-07 5.59415000E-11 1.00356000E-20 5.95707000E-17 7.46006000E-07 5.08434000E-35 2.62215000E-25 3.35079000E-32 1.34287000E-33 4.71778000E-34 1.00000000E-40 3.66753000E-31 2.65672000E-33 2.62996000E-10 2.15636000E-40 1.00000000E-40 1.00000000E-40 1.00000000E-40 1.08518000E-38 1.32392000E-12 1.16670000E-32 7.61604000E-33 1.00000000E-40 1.00000000E-40 1.01225000E-37 5.15814000E-35 1.26978000E-26 1.00000000E-40 1.61651000E-39 1.52373000E-12 2.73188000E-25 9.61014000E-34 1.82530000E-16 1.00000000E-05 1.00000000E-05 1.00000000E-05 1.00000000E-05 1.00000000E-05 1.00000000E-05 1.00000000E-05 1.00000000E-05 1.00000000E-05 1.00000000E-05 1.00000000E-05 1.00000000E-05 1.00000000E-05
7.22500000E+01 1.32716000E-05 6.80683000E+14 1.41220443E+02 1.00000000E+05 2.94867000E-13 1.08881000E-12 1.00000000E-40 4.59181000E-06 3.07245000E-39 1.31355000E-14 1.00000000E-40 4.00623000E-10 1.00000000E-40 1.00000000E-40 1.00000000E-40 1.00000000E-40 1.00000000E-40 2.12294000E-07 1.85312000E-04 3.38381000E-09 7.74100000E-11 4.19687000E-05 1.22971000E-03 2.56039000E-03 9.93286000E-01 8.47432000E-16 1.15717000E-17 1.00000000E-40 1.00000000E-40 4.74788000E-36 2.25465000E-34 8.62677000E-26 1.14078000E-11 1.40526000E-20 7.46840000E-30 3.30098000E-29 8.26411000E-25 1.23727000E-14 5.73023000E-14 2.96975000E-06 2.69187000E-03 1.00000000E-40 1.00000000E-40 4.76402000E-12 1.00000000E-40 1.00000000E-40 3.38069000E-33 1.21533000E-38 6.10343000E-12 7.12128000E-12 6.25009000E-08 4.10191000E-07 5.14577000E-12 4.07954000E-07 5.36467000E-11 8.30510000E-21 5.75331000E-17 7.82040000E-07 5.16918000E-35 2.58053000E-25 3.16217000E-32 1.99870000E-34 5.34457000E-34 1.00000000E-40 3.66017000E-31 1.95237000E-33 2.96672000E-10 2.55123000E-40 1.00000000E-40 1.00000000E-40 1.00000000E-40 6.38145000E-39 1.15063000E-12 8.50020000E-33 6.04387000E-33 1.00000000E-40 1.00000000E-40 1.50458000E-38 4.88306000E-35 1.36549000E-26 1.00000000E-40 8.88749000E-40 1.18144000E-12 1.64508000E-25 8.57868000E-34 2.38448000E-16 1.00000000E-05 1.00000000E-05 1.00000000E-05 1.00000000E-05 1.00000000E-05 1.00000000E-05 1.00000000E-05 1.00000000E-05 1.00000000E-05 1.00000000E-05 1.00000000E-05 1.00000000E-05 1.00000000E-05
7.27500000E+01 1.22551000E-05 6.28676000E+14 1.41190954E+02 1.00000000E+05 7.14388000E-14 6.21941000E-14 1.00000000E-40 7.37584000E-07 1.63798000E-40 1.42922000E-14 1.00000000E-40 3.25877000E-10 1.00000000E-40 1.00000000E-40 1.00000000E-40 1.00000000E-40 1.00000000E-40 2.42159000E-07 1.89575000E-04 3.63801000E-09 7.97837000E-11 5.42974000E-05 1.32370000E-03 2.76440000E-03 9.92991000E-01 8.27593000E-16 1.00479000E-17 1.00000000E-40 1.00000000E-40 4.49415000E-36 1.65074000E-34 8.81169000E-26 1.63269000E-11 1.37184000E-20 5.63662000E-30 1.93720000E-29 8.12633000E-25 9.90732000E-15 5.05065000E-14 3.86111000E-06 2.67150000E-03 1.00000000E-40 1.00000000E-40 5.74816000E-12 1.00000000E-40 1.00000000E-40 1.93443000E-33 1.38637000E-38 5.34464000E-12 5.06594000E-12 7.05516000E-08 3.81290000E-07 4.76183000E-12 4.06458000E-07 5.13888000E-11 6.75822000E-21 5.45034000E-17 8.19348000E-07 5.25369000E-35 2.53863000E-25 2.98437000E-32 2.61471000E-35 6.11322000E-34 1.00000000E-40 3.65152000E-31 1.44147000E-33 3.31700000E-10 3.02993000E-40 1.00000000E-40 1.00000000E-40 1.00000000E-40 3.64801000E-39 1.01516000E-12 6.10251000E-33 4.77061000E-33 1.00000000E-40 1.00000000E-40 1.96113000E-39 4.60341000E-35 1.46430000E-26 1.00000000E-40 5.01156000E-40 9.04602000E-13 9.78925000E-26 7.65411000E-34 3.08902000E-16 1.00000000E-05 1.00000000E-05 1.00000000E-05 1.00000000E-05 1.00000000E-05 1.00000000E-05 1.00000000E-05 1.00000000E-05 1.00000000E-05 1.00000000E-05 1.00000000E-05 1.00000000E-05 1.00000000E-05
7.32500000E+01 1.13151000E-05 5.80699000E+14 1.41131230E+02 1.00000000E+05 1.39760000E-14 2.64768000E-15 1.00000000E-40 9.37827000E-08 1.00760000E-40 1.48060000E-14 1.00000000E-40 2.61922000E-10 1.00000000E-40 1.00000000E-40 1.00000000E-40 1.00000000E-40 1.00000000E-40 2.74363000E-07 1.93848000E-04 3.89788000E-09 8.11779000E-11 6.95564000E-05 1.42426000E-03 2.98462000E-03 9.92671000E-01 7.99267000E-16 8.56261000E-18 1.00000000E-40 1.00000000E-40 4.24440000E-36 1.23034000E-34 9.00697000E-26 2.32837000E-11 1.35954000E-20 4.52295000E-30 1.10189000E-29 7.98049000E-25 8.09063000E-15 4.49166000E-14 4.99893000E-06 2.65009000E-03 1.02357000E-40 1.00000000E-40 6.93714000E-12 1.00000000E-40 1.00000000E-40 1.09482000E-33 1.59183000E-38 4.69467000E-12 3.58032000E-12 7.92766000E-08 3.50771000E-07 4.37068000E-12 4.04637000E-07 4.93631000E-11 5.44222000E-21 5.07958000E-17 8.57943000E-07 5.33760000E-35 2.49629000E-25 2.81508000E-32 3.02909000E-36 7.05785000E-34 1.00000000E-40 3.64167000E-31 1.06816000E-33 3.67975000E-10 3.60208000E-40 1.00000000E-40 1.00000000E-40 1.00000000E-40 2.05905000E-39 9.04354000E-13 4.36468000E-33 3.74943000E-33 1.00000000E-40 1.00000000E-40 2.26130000E-40 4.33090000E-35 1.56703000E-26 1.00000000E-40 2.90593000E-40 6.85363000E-13 5.76612000E-26 6.82979000E-34 3.96986000E-16 1.00000000E-05 1.00000000E-05 1.00000000E-05 1.00000000E-05 1.00000000E-05 1.00000000E-05 1.00000000E-05 1.00000000E-05 1.00000000E-05 1.00000000E-05 1.00000000E-05 1.00000000E-05 1.00000000E-05
7.37500000E+01 1.04481000E-05 5.36004000E+14 1.41184327E+02 1.00000000E+05 2.18803000E-15 8.24612000E-17 1.00000000E-40 9.33354000E-09 1.00004000E-40 1.48096000E-14 1.00000000E-40 2.07860000E-10 1.00000000E-40 1.00000000E-40 1.00000000E-40 1.00000000E-40 1.00000000E-40 3.09118000E-07 1.98201000E-04 4.16191000E-09 8.17149000E-11 8.83441000E-05 1.53171000E-03 3.22229000E-03 9.92323000E-01 7.68051000E-16 7.17263000E-18 1.00000000E-40 1.00000000E-40 4.05515000E-36 9.39694000E-35 9.21470000E-26 3.30821000E-11 1.36062000E-20 4.18383000E-30 6.68257000E-30 7.82603000E-25 6.67283000E-15 4.01479000E-14 6.43597000E-06 2.62754000E-03 1.19785000E-40 1.00000000E-40 8.36219000E-12 1.00000000E-40 1.00000000E-40 6.22565000E-34 1.86244000E-38 4.13157000E-12 2.51450000E-12 8.83043000E-08 3.20123000E-07 3.82324000E-12 4.02472000E-07 4.79717000E-11 4.36481000E-21 4.66398000E-17 8.97850000E-07 5.42076000E-35 2.45334000E-25 2.67765000E-32 3.17299000E-37 8.21872000E-34 1.00000000E-40 3.63057000E-31 7.90259000E-34 4.05706000E-10 4.33916000E-40 1.00000000E-40 1.00000000E-40 1.00000000E-40 1.17637000E-39 8.07412000E-13 3.19813000E-33 2.93473000E-33 1.00000000E-40 1.00000000E-40 1.00000000E-40 4.12809000E-35 1.67487000E-26 1.00000000E-40 1.73452000E-40 5.12651000E-13 3.36436000E-26 6.10588000E-34 5.04863000E-16 1.00000000E-05 1.00000000E-05 1.00000000E-05 1.00000000E-05 1.00000000E-05 1.00000000E-05 1.00000000E-05 1.00000000E-05 1.00000000E-05 1.00000000E-05 1.00000000E-05 1.00000000E-05 1.00000000E-05
7.42500000E+01 9.64514000E-06 4.95275000E+14 1.41051549E+02 1.00000000E+05 2.70388000E-16 1.82838000E-18 1.00000000E-40 7.15052000E-10 1.00000000E-40 1.45083000E-14 1.00000000E-40 1.64039000E-10 1.00000000E-40 1.00000000E-40 1.00000000E-40 1.00000000E-40 1.00000000E-40 3.46182000E-07 2.02507000E-04 4.42111000E-09 8.17391000E-11 1.11295000E-04 1.64623000E-03 3.47839000E-03 9.91947000E-01 7.27893000E-16 5.92846000E-18 1.00000000E-40 1.00000000E-40 3.81243000E-36 7.41250000E-35 9.43562000E-26 4.65370000E-11 1.36152000E-20 4.95085000E-30 3.71352000E-30 7.66333000E-25 5.53055000E-15 3.59491000E-14 8.20805000E-06 2.60386000E-03 1.41893000E-40 1.00000000E-40 1.00562000E-11 1.20869000E-40 1.00000000E-40 3.64159000E-34 2.15859000E-38 3.64650000E-12 1.75558000E-12 9.85530000E-08 2.90438000E-07 3.47435000E-12 3.99933000E-07 4.68621000E-11 3.51557000E-21 4.24998000E-17 9.39082000E-07 5.50270000E-35 2.40948000E-25 2.52291000E-32 3.58166000E-38 9.64133000E-34 1.00000000E-40 3.61808000E-31 5.89653000E-34 4.44249000E-10 5.12526000E-40 1.00000000E-40 1.00000000E-40 1.00000000E-40 6.84010000E-40 7.25481000E-13 2.37055000E-33 2.30041000E-33 1.00000000E-40 1.00000000E-40 1.00000000E-40 3.86860000E-35 1.78920000E-26 1.00000000E-40 1.08303000E-40 3.84229000E-13 1.94951000E-26 5.44932000E-34 6.39949000E-16 1.00000000E-05 1.00000000E-05 1.00000000E-05 1.00000000E-05 1.00000000E-05 1.00000000E-05 1.00000000E-05 1.00000000E-05 1.00000000E-05 1.00000000E-05 1.00000000E-05 1.00000000E-05 1.00000000E-05
7.47500000E+01 8.90508000E-06 4.57007000E+14 1.41133669E+02 1.00000000E+05 2.61297000E-17 2.82217000E-20 1.00000000E-40 4.16607000E-11 1.00000000E-40 1.41813000E-14 1.00000000E-40 1.27400000E-10 1.00000000E-40 1.00000000E-40 1.00000000E-40 1.00000000E-40 1.00000000E-40 3.85964000E-07 2.06909000E-04 4.67638000E-09 8.11927000E-11 1.39277000E-04 1.76811000E-03 3.75437000E-03 9.91540000E-01 6.89859000E-16 4.83095000E-18 1.00000000E-40 1.00000000E-40 3.66433000E-36 6.08260000E-35 9.67312000E-26 6.52199000E-11 1.36592000E-20 3.96365000E-30 3.27959000E-30 7.49164000E-25 4.57019000E-15 3.21780000E-14 1.03914000E-05 2.57887000E-03 1.71997000E-40 1.00000000E-40 1.20549000E-11 1.50254000E-40 1.00000000E-40 2.21651000E-34 2.56580000E-38 3.21865000E-12 1.21894000E-12 1.08747000E-07 2.62767000E-07 2.93085000E-12 3.97002000E-07 4.68231000E-11 2.85442000E-21 3.83051000E-17 9.81648000E-07 5.58336000E-35 2.36457000E-25 2.41373000E-32 8.49327000E-39 1.13753000E-33 1.00000000E-40 3.60411000E-31 4.37077000E-34 4.84367000E-10 6.19084000E-40 1.00000000E-40 1.00000000E-40 1.00000000E-40 4.20036000E-40 6.48128000E-13 1.88219000E-33 1.79809000E-33 1.00000000E-40 1.00000000E-40 1.00000000E-40 3.71297000E-35 1.91165000E-26 1.00000000E-40 1.00000000E-40 2.84523000E-13 1.12178000E-26 4.87606000E-34 8.01769000E-16 1.00000000E-05 1.00000000E-05 1.00000000E-05 1.00000000E-05 1.00000000E-05 1.00000000E-05 1.00000000E-05 1.00000000E-05 1.00000000E-05 1.00000000E-05 1.00000000E-05 1.00000000E-05 1.00000000E-05
7.52500000E+01 8.22023000E-06 4.22115000E+14 1.41049107E+02 1.00000000E+05 1.94098000E-18 2.92005000E-22 1.00000000E-40 1.80719000E-12 1.00000000E-40 1.39446000E-14 1.00000000E-40 9.87911000E-11 1.00000000E-40 1.00000000E-40 1.00000000E-40 1.00000000E-40 1.00000000E-40 4.28184000E-07 2.11281000E-04 4.91814000E-09 8.05097000E-11 1.73145000E-04 1.89749000E-03 4.05136000E-03 9.91099000E-01 6.46455000E-16 3.89903000E-18 1.00000000E-40 1.00000000E-40 3.47381000E-36 5.19691000E-35 9.92866000E-26 9.04319000E-11 1.36160000E-20 5.90129000E-30 1.82182000E-30 7.31134000E-25 3.76145000E-15 2.87348000E-14 1.30081000E-05 2.55261000E-03 2.09485000E-40 1.00000000E-40 1.43950000E-11 1.83103000E-40 1.00000000E-40 1.42860000E-34 3.01563000E-38 2.84690000E-12 8.41882000E-13 1.20257000E-07 2.37473000E-07 2.56347000E-12 3.93653000E-07 4.73251000E-11 2.35197000E-21 3.44303000E-17 1.02557000E-06 5.66223000E-35 2.31833000E-25 2.29120000E-32 5.07365000E-39 1.34746000E-33 1.00000000E-40 3.58845000E-31 3.26445000E-34 5.25149000E-10 7.33612000E-40 1.00000000E-40 1.00000000E-40 1.00000000E-40 2.70947000E-40 5.80079000E-13 1.57751000E-33 1.41166000E-33 1.00000000E-40 1.00000000E-40 1.00000000E-40 3.51253000E-35 2.04393000E-26 1.00000000E-40 1.00000000E-40 2.11973000E-13 6.42487000E-27 4.35669000E-34 1.00181000E-15 1.00000000E-05 1.00000000E-05 1.00000000E-05 1.00000000E-05 1.00000000E-05 1.00000000E-05 1.00000000E-05 1.00000000E-05 1.00000000E-05 1.00000000E-05 1.00000000E-05 1.00000000E-05 1.00000000E-05
7.57500000E+01 7.58813000E-06 3.89656000E+14 1.41049349E+02 1.00000000E+05 1.09315000E-19 1.94782000E-24 1.00000000E-40 5.73315000E-14 1.00000000E-40 1.38655000E-14 1.00000000E-40 7.56995000E-11 1.00000000E-40 1.00000000E-40 1.00000000E-40 1.00000000E-40 1.00000000E-40 4.73080000E-07 2.15691000E-04 5.14417000E-09 7.96242000E-11 2.14039000E-04 2.03448000E-03 4.37075000E-03 9.90622000E-01 6.04184000E-16 3.11562000E-18 1.00000000E-40 1.00000000E-40 3.32760000E-36 4.63730000E-35 1.02057000E-25 1.24638000E-10 1.35240000E-20 3.93116000E-30 1.00000000E-40 7.12215000E-25 3.07182000E-15 2.55743000E-14 1.61327000E-05 2.52494000E-03 2.56944000E-40 1.00000000E-40 1.71137000E-11 2.19157000E-40 1.00000000E-40 9.76431000E-35 3.57879000E-38 2.51819000E-12 5.78658000E-13 1.32145000E-07 2.14904000E-07 2.16669000E-12 3.89870000E-07 4.88534000E-11 1.96899000E-21 3.08005000E-17 1.07082000E-06 5.73907000E-35 2.27063000E-25 2.19187000E-32 3.89613000E-39 1.59917000E-33 1.00000000E-40 3.57097000E-31 2.43206000E-34 5.67075000E-10 8.76565000E-40 1.00000000E-40 1.00000000E-40 1.00000000E-40 1.86960000E-40 5.16331000E-13 1.43231000E-33 1.10952000E-33 1.00000000E-40 1.00000000E-40 1.00000000E-40 3.36020000E-35 2.18770000E-26 1.00000000E-40 1.00000000E-40 1.57413000E-13 3.66502000E-27 3.89624000E-34 1.24186000E-15 1.00000000E-05 1.00000000E-05 1.00000000E-05 1.00000000E-05 1.00000000E-05 1.00000000E-05 1.00000000E-05 1.00000000E-05 1.00000000E-05 1.00000000E-05 1.00000000E-05 1.00000000E-05 1.00000000E-05
7.62500000E+01 7.00467000E-06 3.59723000E+14 1.41038164E+02 1.00000000E+05 4.58298000E-21 7.89130000E-27 1.00000000E-40 1.29919000E-15 1.00000000E-40 1.39097000E-14 1.00000000E-40 5.76606000E-11 1.00000000E-40 1.00000000E-40 1.00000000E-40 1.00000000E-40 1.00000000E-40 5.20684000E-07 2.20131000E-04 5.34964000E-09 7.87217000E-11 2.63207000E-04 2.17917000E-03 4.71396000E-03 9.90106000E-01 5.61957000E-16 2.47015000E-18 1.00000000E-40 1.00000000E-40 3.19229000E-36 4.29989000E-35 1.05074000E-25 1.70469000E-10 1.33481000E-20 8.03062000E-30 6.38951000E-30 6.92410000E-25 2.48696000E-15 2.26695000E-14 1.98054000E-05 2.49581000E-03 3.15000000E-40 1.00000000E-40 2.02485000E-11 2.57924000E-40 1.00000000E-40 7.09438000E-35 4.24277000E-38 2.22869000E-12 3.95926000E-13 1.44809000E-07 1.95012000E-07 1.82077000E-12 3.85637000E-07 5.13277000E-11 1.67742000E-21 2.74998000E-17 1.11741000E-06 5.81353000E-35 2.22127000E-25 2.10116000E-32 3.08582000E-39 1.89787000E-33 1.00000000E-40 3.55148000E-31 1.81417000E-34 6.09837000E-10 1.04492000E-39 1.00000000E-40 1.00000000E-40 1.00000000E-40 1.37629000E-40 4.57851000E-13 1.38914000E-33 8.75072000E-34 1.00000000E-40 1.00000000E-40 1.00000000E-40 3.21968000E-35 2.34467000E-26 1.00000000E-40 1.00000000E-40 1.17155000E-13 2.08472000E-27 3.48435000E-34 1.53106000E-15 1.00000000E-05 1.00000000E-05 1.00000000E-05 1.00000000E-05 1.00000000E-05 1.00000000E-05 1.00000000E-05 1.00000000E-05 1.00000000E-05 1.00000000E-05 1.00000000E-05 1.00000000E-05 1.00000000E-05
7.67500000E+01 6.46530000E-06 3.32179000E+14 1.40972932E+02 1.00000000E+05 1.40015000E-22 1.74213000E-29 1.00000000E-40 2.04415000E-17 1.00000000E-40 1.40313000E-14 1.00000000E-40 4.36393000E-11 1.00000000E-40 1.00000000E-40 1.00000000E-40 1.00000000E-40 1.00000000E-40 5.70834000E-07 2.24542000E-04 5.53051000E-09 7.78675000E-11 3.22073000E-04 2.33149000E-03 5.08229000E-03 9.89548000E-01 5.19547000E-16 1.94638000E-18 1.00000000E-40 1.00000000E-40 3.05297000E-36 4.10928000E-35 1.08369000E-25 2.31274000E-10 1.30749000E-20 3.71199000E-30 1.00000000E-40 6.71749000E-25 1.99551000E-15 1.99999000E-14 2.40666000E-05 2.46520000E-03 3.84511000E-40 1.00000000E-40 2.38338000E-11 2.98917000E-40 1.00000000E-40 5.48957000E-35 4.99497000E-38 1.97293000E-12 2.69781000E-13 1.58495000E-07 1.77609000E-07 1.54229000E-12 3.80940000E-07 5.47172000E-11 1.45372000E-21 2.45449000E-17 1.16532000E-06 5.88513000E-35 2.17014000E-25 2.01204000E-32 2.45321000E-39 2.24804000E-33 1.00000000E-40 3.52980000E-31 1.35652000E-34 6.53173000E-10 1.23671000E-39 1.00000000E-40 1.00000000E-40 1.00000000E-40 1.08004000E-40 4.04637000E-13 1.41423000E-33 6.93073000E-34 1.00000000E-40 1.00000000E-40 1.00000000E-40 3.07540000E-35 2.51638000E-26 1.00000000E-40 1.00000000E-40 8.75737000E-14 1.18420000E-27 3.11388000E-34 1.87974000E-15 1.00000000E-05 1.00000000E-05 1.00000000E-05 1.00000000E-05 1.00000000E-05 1.00000000E-05 1.00000000E-05 1.00000000E-05 1.00000000E-05 1.00000000E-05 1.00000000E-05 1.00000000E-05 1.00000000E-05
7.72500000E+01 5.96874000E-06 3.06569000E+14 1.41017804E+02 1.00000000E+05 3.05526000E-24 1.58412000E-32 1.00000000E-40 2.17188000E-19 1.00000000E-40 1.42136000E-14 1.00000000E-40 3.26950000E-11 1.00000000E-40 1.00000000E-40 1.00000000E-40 1.00000000E-40 1.00000000E-40 6.23981000E-07 2.29037000E-04 5.68540000E-09 7.70170000E-11 3.92435000E-04 2.49139000E-03 5.47748000E-03 9.88945000E-01 4.80470000E-16 1.52295000E-18 1.11003000E-40 1.00000000E-40 2.95878000E-36 4.04135000E-35 1.11988000E-25 3.11999000E-10 1.27374000E-20 1.15093000E-29 1.00000000E-40 6.50210000E-25 1.58445000E-15 1.75659000E-14 2.89945000E-05 2.43297000E-03 4.66331000E-40 1.00000000E-40 2.79001000E-11 3.41513000E-40 1.00000000E-40 4.50478000E-35 5.91914000E-38 1.74561000E-12 1.83123000E-13 1.72317000E-07 1.62537000E-07 1.25664000E-12 3.75778000E-07 5.93611000E-11 1.27732000E-21 2.18585000E-17 1.21452000E-06 5.95365000E-35 2.11719000E-25 1.94540000E-32 1.96527000E-39 2.65306000E-33 1.00000000E-40 3.50575000E-31 1.01047000E-34 6.97425000E-10 1.47892000E-39 1.00000000E-40 1.00000000E-40 1.00000000E-40 1.00000000E-40 3.55015000E-13 1.48819000E-33 5.49939000E-34 1.00000000E-40 1.00000000E-40 1.00000000E-40 2.97846000E-35 2.70428000E-26 1.00000000E-40 1.00000000E-40 6.53583000E-14 6.71874000E-28 2.78541000E-34 2.29035000E-15 1.00000000E-05 1.00000000E-05 1.00000000E-05 1.00000000E-05 1.00000000E-05 1.00000000E-05 1.00000000E-05 1.00000000E-05 1.00000000E-05 1.00000000E-05 1.00000000E-05 1.00000000E-05 1.00000000E-05
7.77500000E+01 5.50962000E-06 2.83164000E+14 1.40930084E+02 1.00000000E+05 4.61370000E-26 1.16875000E-40 1.00000000E-40 1.48743000E-21 1.00000000E-40 1.44113000E-14 1.00000000E-40 2.44618000E-11 1.00000000E-40 1.00000000E-40 1.00000000E-40 1.00000000E-40 1.00000000E-40 6.79583000E-07 2.33467000E-04 5.81064000E-09 7.63462000E-11 4.76037000E-04 2.65860000E-03 5.90077000E-03 9.88295000E-01 4.41014000E-16 1.18800000E-18 1.41643000E-40 1.00000000E-40 2.83580000E-36 4.02548000E-35 1.15952000E-25 4.16796000E-10 1.22866000E-20 6.23383000E-30 1.00000000E-40 6.27868000E-25 1.24733000E-15 1.53491000E-14 3.45711000E-05 2.39918000E-03 5.60239000E-40 1.00000000E-40 3.24709000E-11 3.85102000E-40 1.00000000E-40 3.93839000E-35 6.89369000E-38 1.54506000E-12 1.23874000E-13 1.87646000E-07 1.49376000E-07 1.05665000E-12 3.70146000E-07 6.48455000E-11 1.13784000E-21 1.95075000E-17 1.26497000E-06 6.01844000E-35 2.06231000E-25 1.86881000E-32 1.57196000E-39 3.11513000E-33 1.00000000E-40 3.47919000E-31 7.56824000E-35 7.41736000E-10 1.73874000E-39 1.00000000E-40 1.00000000E-40 1.00000000E-40 1.00000000E-40 3.10919000E-13 1.58705000E-33 4.38912000E-34 1.00000000E-40 1.00000000E-40 1.00000000E-40 2.85181000E-35 2.90956000E-26 1.00000000E-40 1.00000000E-40 4.91980000E-14 3.81421000E-28 2.48796000E-34 2.78514000E-15 1.00000000E-05 1.00000000E-05 1.00000000E-05 1.00000000E-05 1.00000000E-05 1.00000000E-05 1.00000000E-05 1.00000000E-05 1.00000000E-05 1.00000000E-05 1.00000000E-05 1.00000000E-05 1.00000000E-05
7.82500000E+01 5.08716000E-06 2.61383000E+14 1.40966331E+02 1.00000000E+05 4.69655000E-28 1.04418000E-40 1.00000000E-40 6.25846000E-24 1.00000000E-40 1.46295000E-14 1.00000000E-40 1.81008000E-11 1.00000000E-40 1.00000000E-40 1.00000000E-40 1.00000000E-40 1.00000000E-40 7.38191000E-07 2.37964000E-04 5.90650000E-09 7.56813000E-11 5.75295000E-04 2.83279000E-03 6.35396000E-03 9.87593000E-01 4.05377000E-16 9.21328000E-19 1.78228000E-40 1.00000000E-40 2.75643000E-36 4.07363000E-35 1.20302000E-25 5.53489000E-10 1.17817000E-20 1.34349000E-29 7.37897000E-30 6.04719000E-25 9.71865000E-16 1.33512000E-14 4.09051000E-05 2.36367000E-03 6.66044000E-40 1.00000000E-40 3.75595000E-11 4.29066000E-40 1.00000000E-40 3.62398000E-35 8.06900000E-38 1.36606000E-12 8.35377000E-14 2.02873000E-07 1.37999000E-07 8.52050000E-13 3.64053000E-07 7.16807000E-11 1.02155000E-21 1.73738000E-17 1.31661000E-06 6.07926000E-35 2.00559000E-25 1.81312000E-32 1.26671000E-39 3.63390000E-33 1.00000000E-40 3.44992000E-31 5.64162000E-35 7.86590000E-10 2.06579000E-39 1.15584000E-40 1.00000000E-40 1.00000000E-40 1.00000000E-40 2.70213000E-13 1.70267000E-33 3.50706000E-34 1.00000000E-40 1.00000000E-40 1.00000000E-40 2.77051000E-35 3.13309000E-26 1.00000000E-40 1.00000000E-40 3.69583000E-14 2.16696000E-28 2.22409000E-34 3.36155000E-15 1.00000000E-05 1.00000000E-05 1.00000000E-05 1.00000000E-05 1.00000000E-05 1.00000000E-05 1.00000000E-05 1.00000000E-05 1.00000000E-05 1.00000000E-05 1.00000000E-05 1.00000000E-05 1.00000000E-05
7.87500000E+01 4.69746000E-06 2.41403000E+14 1.40941159E+02 1.00000000E+05 3.08622000E-30 1.00511000E-40 1.00000000E-40 1.46623000E-26 1.00000000E-40 1.48326000E-14 1.00000000E-40 1.33826000E-11 1.00000000E-40 1.00000000E-40 1.00000000E-40 1.00000000E-40 1.00000000E-40 7.99428000E-07 2.42434000E-04 5.97156000E-09 7.51695000E-11 6.92523000E-04 3.01348000E-03 6.83850000E-03 9.86836000E-01 3.71042000E-16 7.12714000E-19 2.21188000E-40 1.00000000E-40 2.66646000E-36 4.13872000E-35 1.25043000E-25 7.28000000E-10 1.11920000E-20 7.59360000E-30 1.63154000E-29 5.80841000E-25 7.50715000E-16 1.15573000E-14 4.79595000E-05 2.32651000E-03 7.82930000E-40 1.00000000E-40 4.31688000E-11 4.72734000E-40 1.00000000E-40 3.49401000E-35 9.32099000E-38 1.20763000E-12 5.61806000E-14 2.19148000E-07 1.28048000E-07 6.95071000E-13 3.57509000E-07 7.95236000E-11 9.23977000E-22 1.54915000E-17 1.36937000E-06 6.13550000E-35 1.94703000E-25 1.75450000E-32 1.02134000E-39 4.20752000E-33 1.00000000E-40 3.41783000E-31 4.21744000E-35 8.31282000E-10 2.42694000E-39 1.39828000E-40 1.00000000E-40 1.00000000E-40 1.00000000E-40 2.34064000E-13 1.82199000E-33 2.81474000E-34 1.00000000E-40 1.00000000E-40 1.00000000E-40 2.67835000E-35 3.37525000E-26 1.00000000E-40 1.00000000E-40 2.79304000E-14 1.23369000E-28 1.98658000E-34 4.04417000E-15 1.00000000E-05 1.00000000E-05 1.00000000E-05 1.00000000E-05 1.00000000E-05 1.00000000E-05 1.00000000E-05 1.00000000E-05 1.00000000E-05 1.00000000E-05 1.00000000E-05 1.00000000E-05 1.00000000E-05
7.92500000E+01 4.33834000E-06 2.22957000E+14 1.40933577E+02 1.00000000E+05 1.24171000E-32 1.00000000E-40 1.00000000E-40 1.51388000E-29 1.00000000E-40 1.50152000E-14 1.00000000E-40 9.84340000E-12 1.00000000E-40 1.00000000E-40 1.00000000E-40 1.00000000E-40 1.00000000E-40 8.63360000E-07 2.46896000E-04 6.00618000E-09 7.47331000E-11 8.30563000E-04 3.19999000E-03 7.35590000E-03 9.86020000E-01 3.39139000E-16 5.49705000E-19 2.71205000E-40 1.00000000E-40 2.58608000E-36 4.21789000E-35 1.30169000E-25 9.49319000E-10 1.05464000E-20 1.00000000E-40 1.45349000E-29 5.56294000E-25 5.74897000E-16 9.95785000E-15 5.57767000E-05 2.28766000E-03 9.09624000E-40 1.00000000E-40 4.92863000E-11 5.15589000E-40 1.00000000E-40 3.48514000E-35 1.06961000E-37 1.06671000E-12 3.76941000E-14 2.35839000E-07 1.19339000E-07 5.60866000E-13 3.50534000E-07 8.85338000E-11 8.38946000E-22 1.38101000E-17 1.42317000E-06 6.18672000E-35 1.88676000E-25 1.70117000E-32 8.25868000E-40 4.83102000E-33 1.00000000E-40 3.38279000E-31 3.15117000E-35 8.75667000E-10 2.84173000E-39 1.67367000E-40 1.00000000E-40 1.00000000E-40 1.00000000E-40 2.01710000E-13 1.93898000E-33 2.26508000E-34 1.00000000E-40 1.00000000E-40 1.00000000E-40 2.59627000E-35 3.63562000E-26 1.00000000E-40 1.00000000E-40 2.11580000E-14 7.04211000E-29 1.77409000E-34 4.84177000E-15 1.00000000E-05 1.00000000E-05 1.00000000E-05 1.00000000E-05 1.00000000E-05 1.00000000E-05 1.00000000E-05 1.00000000E-05 1.00000000E-05 1.00000000E-05 1.00000000E-05 1.00000000E-05 1.00000000E-05
7.97500000E+01 4.00757000E-06 2.05942000E+14 1.40942882E+02 1.00000000E+05 2.78977000E-35 1.00000000E-40 1.00000000E-40 2.90530000E-40 1.00000000E-40 1.51711000E-14 1.00000000E-40 7.21608000E-12 1.00000000E-40 1.00000000E-40 1.00000000E-40 1.00000000E-40 1.00000000E-40 9.30009000E-07 2.51354000E-04 6.01110000E-09 7.43705000E-11 9.92546000E-04 3.39150000E-03 7.90776000E-03 9.85142000E-01 3.09651000E-16 4.22933000E-19 3.28867000E-40 1.00000000E-40 2.51272000E-36 4.29919000E-35 1.35640000E-25 1.22671000E-09 9.85952000E-21 2.06480000E-30 1.00000000E-40 5.31158000E-25 4.36627000E-16 8.54140000E-15 6.43581000E-05 2.24712000E-03 1.04433000E-39 1.00000000E-40 5.58857000E-11 5.57064000E-40 1.00000000E-40 3.55815000E-35 1.21837000E-37 9.41477000E-13 2.52402000E-14 2.52832000E-07 1.11684000E-07 4.47860000E-13 3.43156000E-07 9.87257000E-11 7.63012000E-22 1.23056000E-17 1.47790000E-06 6.23245000E-35 1.82498000E-25 1.65163000E-32 6.69572000E-40 5.49738000E-33 1.00000000E-40 3.34471000E-31 2.35400000E-35 9.19399000E-10 3.31168000E-39 1.98125000E-40 1.00000000E-40 1.00000000E-40 1.00000000E-40 1.72977000E-13 2.04785000E-33 1.82739000E-34 1.00000000E-40 1.00000000E-40 1.00000000E-40 2.52154000E-35 3.91287000E-26 1.00000000E-40 1.00000000E-40 1.60675000E-14 4.03273000E-29 1.58410000E-34 5.76925000E-15 1.00000000E-05 1.00000000E-05 1.00000000E-05 1.00000000E-05 1.00000000E-05 1.00000000E-05 1.00000000E-05 1.00000000E-05 1.00000000E-05 1.00000000E-05 1.00000000E-05 1.00000000E-05 1.00000000E-05
8.02500000E+01 3.70244000E-06 1.90285000E+14 1.40924579E+02 1.00000000E+05 2.73222000E-38 1.00000000E-40 1.00000000E-40 1.71134000E-40 1.00000000E-40 1.52974000E-14 1.00000000E-40 5.28261000E-12 1.00000000E-40 1.00000000E-40 1.00000000E-40 1.00000000E-40 1.00000000E-40 9.99165000E-07 2.55770000E-04 5.98728000E-09 7.40930000E-11 1.18182000E-03 3.58695000E-03 8.49545000E-03 9.84198000E-01 2.82066000E-16 3.25077000E-19 3.94729000E-40 1.00000000E-40 2.43303000E-36 4.36743000E-35 1.41379000E-25 1.56939000E-09 9.14215000E-21 1.34130000E-29 1.71900000E-29 5.05539000E-25 3.29205000E-16 7.29331000E-15 7.36620000E-05 2.20496000E-03 1.18563000E-39 1.00000000E-40 6.29262000E-11 5.96738000E-40 1.00000000E-40 3.69019000E-35 1.37149000E-37 8.30327000E-13 1.68744000E-14 2.70354000E-07 1.04884000E-07 3.58552000E-13 3.35409000E-07 1.09999000E-10 6.94493000E-22 1.09657000E-17 1.53347000E-06 6.27215000E-35 1.76189000E-25 1.59961000E-32 5.43008000E-40 6.19811000E-33 1.00000000E-40 3.30356000E-31 1.76143000E-35 9.61980000E-10 3.81794000E-39 2.30919000E-40 1.00000000E-40 1.00000000E-40 1.00000000E-40 1.47769000E-13 2.14422000E-33 1.47879000E-34 1.00000000E-40 1.00000000E-40 1.00000000E-40 2.44056000E-35 4.20446000E-26 1.00000000E-40 1.00000000E-40 1.22513000E-14 2.32038000E-29 1.41374000E-34 6.84894000E-15 1.00000000E-05 1.00000000E-05 1.00000000E-05 1.00000000E-05 1.00000000E-05 1.00000000E-05 1.00000000E-05 1.00000000E-05 1.00000000E-05 1.00000000E-05 1.00000000E-05 1.00000000E-05 1.00000000E-05
8.07500000E+01 3.42085000E-06 1.75834000E+14 1.40906636E+02 1.00000000E+05 1.00000000E-40 1.00000000E-40 1.00000000E-40 1.18681000E-40 1.00000000E-40 1.54074000E-14 1.00000000E-40 3.85384000E-12 1.00000000E-40 1.00000000E-40 1.00000000E-40 1.00000000E-40 1.00000000E-40 1.07081000E-06 2.60143000E-04 5.93638000E-09 7.38451000E-11 1.40222000E-03 3.78512000E-03 9.12053000E-03 9.83184000E-01 2.56606000E-16 2.49598000E-19 4.69499000E-40 1.00000000E-40 2.35236000E-36 4.42016000E-35 1.47265000E-25 1.98877000E-09 8.41936000E-21 1.62086000E-29 1.00000000E-40 4.79548000E-25 2.46480000E-16 6.20055000E-15 8.36798000E-05 2.16122000E-03 1.33151000E-39 1.00000000E-40 7.03542000E-11 6.34277000E-40 1.00000000E-40 3.85948000E-35 1.52971000E-37 7.31486000E-13 1.12687000E-14 2.87985000E-07 9.88096000E-08 2.85475000E-13 3.27336000E-07 1.22453000E-10 6.31384000E-22 9.76139000E-18 1.58975000E-06 6.30541000E-35 1.69777000E-25 1.54699000E-32 4.40685000E-40 6.92414000E-33 1.00000000E-40 3.25933000E-31 1.31871000E-35 1.00296000E-09 4.36406000E-39 2.65830000E-40 1.00000000E-40 1.00000000E-40 1.00000000E-40 1.25686000E-13 2.22563000E-33 1.19915000E-34 1.00000000E-40 1.00000000E-40 1.00000000E-40 2.35879000E-35 4.50656000E-26 1.00000000E-40 1.00000000E-40 9.36355000E-15 1.34702000E-29 1.26137000E-34 8.09605000E-15 1.00000000E-05 1.00000000E-05 1.00000000E-05 1.00000000E-05 1.00000000E-05 1.00000000E-05 1.00000000E-05 1.00000000E-05 1.00000000E-05 1.00000000E-05 1.00000000E-05 1.00000000E-05 1.00000000E-05
8.12500000E+01 3.16117000E-06 1.62492000E+14 1.40901823E+02 1.00000000E+05 1.00001000E-40 1.00007000E-40 1.00001000E-40 1.02600000E-40 1.00010000E-40 1.55217000E-14 1.00003000E-40 2.80167000E-12 1.00001000E-40 1.00001000E-40 1.00001000E-40 1.00001000E-40 1.00001000E-40 1.14520000E-06 2.64515000E-04 5.86051000E-09 7.36249000E-11 1.65803000E-03 3.98472000E-03 9.78482000E-03 9.82094000E-01 2.33359000E-16 1.91553000E-19 5.53855000E-40 1.00000000E-40 2.27236000E-36 4.45425000E-35 1.53150000E-25 2.49644000E-09 7.71079000E-21 3.46958000E-30 1.00000000E-40 4.53296000E-25 1.83347000E-16 5.25027000E-15 9.43663000E-05 2.11595000E-03 1.47939000E-39 1.00000000E-40 7.81071000E-11 6.69316000E-40 1.00000000E-40 4.05179000E-35 1.69341000E-37 6.43787000E-13 7.51995000E-15 3.05410000E-07 9.33400000E-08 2.25287000E-13 3.18987000E-07 1.36142000E-10 5.72589000E-22 8.67608000E-18 1.64665000E-06 6.33190000E-35 1.63297000E-25 1.49422000E-32 3.58077000E-40 7.66885000E-33 1.00000000E-40 3.21206000E-31 9.87913000E-36 1.04185000E-09 4.94679000E-39 3.02883000E-40 1.00000000E-40 1.00000000E-40 1.00000000E-40 1.06440000E-13 2.29008000E-33 9.74281000E-35 2.31149000E-40 1.00000000E-40 1.00000000E-40 2.27793000E-35 4.81416000E-26 1.00000000E-40 1.00000000E-40 7.17058000E-15 7.78904000E-30 1.12554000E-34 9.52772000E-15 1.00000000E-05 1.00000000E-05 1.00000000E-05 1.00000000E-05 1.00000000E-05 1.00000000E-05 1.00000000E-05 1.00000000E-05 1.00000000E-05 1.00000000E-05 1.00000000E-05 1.00000000E-05 1.00000000E-05
8.17500000E+01 2.92068000E-06 1.50211000E+14 1.40827776E+02 1.00000000E+05 1.00000000E-40 1.00000000E-40 1.00000000E-40 1.00000000E-40 1.00000000E-40 1.56516000E-14 1.00000000E-40 2.03050000E-12 1.00000000E-40 1.00000000E-40 1.00000000E-40 1.00000000E-40 1.00000000E-40 1.22186000E-06 2.68800000E-04 5.76145000E-09 7.34332000E-11 1.95354000E-03 4.18424000E-03 1.04899000E-02 9.80925000E-01 2.11536000E-16 1.47255000E-19 6.48419000E-40 1.00000000E-40 2.17299000E-36 4.45611000E-35 1.58830000E-25 3.10159000E-09 7.02501000E-21 8.71001000E-30 2.59892000E-29 4.26934000E-25 1.35694000E-16 4.42691000E-15 1.05603000E-04 2.06932000E-03 1.62954000E-39 1.00000000E-40 8.61181000E-11 7.01787000E-40 1.00000000E-40 4.26589000E-35 1.84877000E-37 5.66056000E-13 5.01747000E-15 3.23198000E-07 8.83194000E-08 1.80343000E-13 3.10416000E-07 1.50924000E-10 5.18513000E-22 7.70512000E-18 1.70412000E-06 6.35120000E-35 1.56782000E-25 1.43224000E-32 2.90070000E-40 8.43179000E-33 1.00000000E-40 3.16188000E-31 7.42895000E-36 1.07823000E-09 5.50759000E-39 3.39249000E-40 1.00000000E-40 1.00000000E-40 1.00000000E-40 8.99216000E-14 2.33628000E-33 7.93748000E-35 7.62998000E-40 1.00000000E-40 1.00000000E-40 2.17758000E-35 5.12122000E-26 1.00000000E-40 1.00000000E-40 5.51554000E-15 4.69521000E-30 1.00371000E-34 1.11821000E-14 1.00000000E-05 1.00000000E-05 1.00000000E-05 1.00000000E-05 1.00000000E-05 1.00000000E-05 1.00000000E-05 1.00000000E-05 1.00000000E-05 1.00000000E-05 1.00000000E-05 1.00000000E-05 1.00000000E-05
8.22500000E+01 2.69860000E-06 1.38819000E+14 1.40801438E+02 1.00000000E+05 1.00008000E-40 1.00009000E-40 1.00008000E-40 1.00009000E-40 1.00005000E-40 1.58114000E-14 1.00009000E-40 1.45687000E-12 1.00008000E-40 1.00008000E-40 1.00008000E-40 1.00008000E-40 1.00008000E-40 1.30152000E-06 2.73112000E-04 5.64198000E-09 7.31803000E-11 2.29432000E-03 4.38211000E-03 1.12383000E-02 9.79670000E-01 1.91969000E-16 1.13164000E-19 7.54351000E-40 1.00000000E-40 2.08047000E-36 4.43970000E-35 1.64112000E-25 3.82143000E-09 6.39086000E-21 1.58762000E-29 1.00000000E-40 4.00569000E-25 9.98623000E-17 3.71955000E-15 1.17427000E-04 2.02123000E-03 1.77779000E-39 1.00000000E-40 9.43173000E-11 7.31488000E-40 1.10273000E-40 4.48489000E-35 2.01609000E-37 4.97024000E-13 3.34879000E-15 3.39902000E-07 8.37275000E-08 1.41663000E-13 3.01688000E-07 1.67236000E-10 4.67325000E-22 6.81837000E-18 1.76210000E-06 6.36328000E-35 1.50273000E-25 1.37236000E-32 2.35464000E-40 9.22079000E-33 1.00000000E-40 3.10896000E-31 5.58411000E-36 1.11148000E-09 6.09746000E-39 3.78786000E-40 1.00000000E-40 1.00000000E-40 1.04142000E-40 7.56118000E-14 2.36481000E-33 6.47015000E-35 2.45222000E-39 1.00000000E-40 1.00000000E-40 2.08440000E-35 5.42121000E-26 1.00000000E-40 1.00000000E-40 4.24000000E-15 2.78852000E-30 8.95609000E-35 1.30587000E-14 1.00000000E-05 1.00000000E-05 1.00000000E-05 1.00000000E-05 1.00000000E-05 1.00000000E-05 1.00000000E-05 1.00000000E-05 1.00000000E-05 1.00000000E-05 1.00000000E-05 1.00000000E-05 1.00000000E-05
8.27500000E+01 2.49294000E-06 1.28308000E+14 1.40730650E+02 1.00000000E+05 1.00000000E-40 1.00000000E-40 1.00000000E-40 1.00000000E-40 1.00000000E-40 1.59555000E-14 1.00000000E-40 1.03792000E-12 1.00000000E-40 1.00000000E-40 1.00000000E-40 1.00000000E-40 1.00000000E-40 1.38396000E-06 2.77404000E-04 5.50421000E-09 7.28969000E-11 2.68575000E-03 4.57669000E-03 1.20326000E-02 9.78322000E-01 1.73912000E-16 8.71225000E-20 8.72406000E-40 1.00000000E-40 1.97521000E-36 4.39324000E-35 1.68776000E-25 4.66494000E-09 5.80942000E-21 2.50890000E-29 2.28489000E-29 3.74352000E-25 7.31652000E-17 3.11425000E-15 1.29692000E-04 1.97184000E-03 1.92528000E-39 1.00000000E-40 1.02643000E-10 7.58403000E-40 1.24808000E-40 4.71517000E-35 2.18446000E-37 4.35942000E-13 2.23691000E-15 3.56223000E-07 7.94545000E-08 1.12003000E-13 2.92868000E-07 1.85004000E-10 4.19877000E-22 6.01668000E-18 1.82064000E-06 6.36799000E-35 1.43808000E-25 1.30600000E-32 1.90785000E-40 1.00610000E-32 1.00000000E-40 3.05355000E-31 4.21163000E-36 1.14150000E-09 6.64424000E-39 4.19158000E-40 1.00000000E-40 1.00000000E-40 1.09640000E-40 6.34281000E-14 2.37525000E-33 5.28356000E-35 7.50443000E-39 1.00000000E-40 1.00000000E-40 1.97843000E-35 5.70769000E-26 1.00000000E-40 1.00000000E-40 3.26759000E-15 1.66089000E-30 7.99123000E-35 1.52041000E-14 1.00000000E-05 1.00000000E-05 1.00000000E-05 1.00000000E-05 1.00000000E-05 1.00000000E-05 1.00000000E-05 1.00000000E-05 1.00000000E-05 1.00000000E-05 1.00000000E-05 1.00000000E-05 1.00000000E-05
8.32500000E+01 2.30181000E-06 1.18544000E+14 1.40648082E+02 1.00000000E+05 1.00000000E-40 1.00000000E-40 1.00000000E-40 1.00000000E-40 1.00000000E-40 1.60147000E-14 1.00000000E-40 7.30862000E-13 1.00000000E-40 1.00000000E-40 1.00000000E-40 1.00000000E-40 1.00000000E-40 1.46890000E-06 2.81629000E-04 5.35034000E-09 7.24490000E-11 3.13417000E-03 4.76606000E-03 1.28756000E-02 9.76875000E-01 1.57369000E-16 6.70801000E-20 1.00427000E-39 1.00000000E-40 1.86473000E-36 4.32294000E-35 1.72617000E-25 5.65096000E-09 5.29440000E-21 1.00000000E-40 1.00000000E-40 3.48428000E-25 5.33479000E-17 2.59865000E-15 1.42427000E-04 1.92110000E-03 2.07226000E-39 1.00000000E-40 1.11038000E-10 7.82876000E-40 1.40282000E-40 4.95423000E-35 2.36839000E-37 3.81585000E-13 1.49632000E-15 3.71390000E-07 7.54774000E-08 8.82328000E-14 2.84028000E-07 2.04701000E-10 3.75499000E-22 5.28119000E-18 1.87980000E-06 6.36532000E-35 1.37429000E-25 1.23633000E-32 1.54424000E-40 1.09970000E-32 1.00000000E-40 2.99601000E-31 3.18022000E-36 1.16769000E-09 7.15768000E-39 4.63167000E-40 1.00000000E-40 1.00000000E-40 1.15326000E-40 5.30439000E-14 2.36961000E-33 4.31372000E-35 2.18063000E-38 1.00000000E-40 1.00000000E-40 1.86717000E-35 5.97494000E-26 1.00000000E-40 1.00000000E-40 2.51593000E-15 9.91698000E-31 7.13039000E-35 1.76398000E-14 1.00000000E-05 1.00000000E-05 1.00000000E-05 1.00000000E-05 1.00000000E-05 1.00000000E-05 1.00000000E-05 1.00000000E-05 1.00000000E-05 1.00000000E-05 1.00000000E-05 1.00000000E-05 1.00000000E-05
8.37500000E+01 2.12547000E-06 1.09433000E+14 1.40687947E+02 1.00000000E+05 1.00000000E-40 1.00000000E-40 1.00000000E-40 1.00000000E-40 1.00000000E-40 1.59303000E-14 1.00000000E-40 5.08119000E-13 1.00000000E-40 1.00000000E-40 1.00000000E-40 1.00000000E-40 1.00000000E-40 1.55812000E-06 2.86034000E-04 5.18343000E-09 7.18003000E-11 3.64769000E-03 4.94847000E-03 1.37717000E-02 9.75317000E-01 1.43055000E-16 5.15009000E-20 1.15195000E-39 1.19430000E-40 1.77617000E-36 4.24500000E-35 1.75503000E-25 6.80657000E-09 4.85969000E-21 1.00000000E-40 1.00000000E-40 3.22886000E-25 3.86518000E-17 2.16402000E-15 1.55740000E-04 1.86874000E-03 2.21218000E-39 1.00000000E-40 1.19458000E-10 8.04721000E-40 1.56720000E-40 5.19296000E-35 2.61515000E-37 3.33395000E-13 1.00281000E-15 3.83554000E-07 7.18226000E-08 6.66705000E-14 2.75245000E-07 2.27152000E-10 3.32896000E-22 4.59572000E-18 1.93970000E-06 6.35577000E-35 1.31179000E-25 1.17568000E-32 1.25942000E-40 1.21001000E-32 1.00000000E-40 2.93664000E-31 2.39473000E-36 1.18909000E-09 7.73792000E-39 5.20830000E-40 1.00000000E-40 1.00000000E-40 1.22378000E-40 4.41303000E-14 2.34930000E-33 3.51532000E-35 6.01531000E-38 1.00000000E-40 1.00000000E-40 1.77802000E-35 6.21876000E-26 1.00000000E-40 1.00000000E-40 1.92606000E-15 5.41652000E-31 6.37388000E-35 2.03502000E-14 1.00000000E-05 1.00000000E-05 1.00000000E-05 1.00000000E-05 1.00000000E-05 1.00000000E-05 1.00000000E-05 1.00000000E-05 1.00000000E-05 1.00000000E-05 1.00000000E-05 1.00000000E-05 1.00000000E-05
8.42500000E+01 1.95933000E-06 1.00966000E+14 1.40562674E+02 1.00000000E+05 1.00000000E-40 1.00000000E-40 1.00000000E-40 1.00000000E-40 1.00000000E-40 1.56471000E-14 1.00000000E-40 3.53039000E-13 1.00000000E-40 1.00000000E-40 1.00000000E-40 1.00000000E-40 1.00000000E-40 1.64915000E-06 2.90250000E-04 5.00427000E-09 7.08771000E-11 4.23177000E-03 5.12186000E-03 1.47232000E-02 9.73644000E-01 1.29172000E-16 3.96117000E-20 1.31758000E-39 2.05800000E-40 1.65824000E-36 4.13420000E-35 1.77262000E-25 8.13742000E-09 4.49002000E-21 1.00000000E-40 3.61632000E-29 2.97921000E-25 2.78961000E-17 1.79656000E-15 1.69424000E-04 1.81506000E-03 2.36260000E-39 1.00000000E-40 1.27884000E-10 8.25393000E-40 1.74140000E-40 5.47605000E-35 2.88099000E-37 2.90551000E-13 6.73908000E-16 3.95254000E-07 6.83096000E-08 5.21772000E-14 2.66586000E-07 2.52345000E-10 2.94269000E-22 3.96971000E-18 2.00055000E-06 6.33897000E-35 1.25089000E-25 1.10146000E-32 1.01984000E-40 1.34812000E-32 1.00000000E-40 2.87598000E-31 1.81485000E-36 1.20608000E-09 8.15985000E-39 5.82623000E-40 1.00000000E-40 1.00000000E-40 1.29358000E-40 3.67493000E-14 2.31656000E-33 2.86416000E-35 1.58060000E-37 1.00000000E-40 1.00000000E-40 1.65859000E-35 6.43672000E-26 1.00000000E-40 1.00000000E-40 1.47558000E-15 2.92344000E-31 5.69169000E-35 2.34633000E-14 1.00000000E-05 1.00000000E-05 1.00000000E-05 1.00000000E-05 1.00000000E-05 1.00000000E-05 1.00000000E-05 1.00000000E-05 1.00000000E-05 1.00000000E-05 1.00000000E-05 1.00000000E-05 1.00000000E-05
8.47500000E+01 1.80617000E-06 9.29484000E+13 1.40741616E+02 1.00000000E+05 1.00036000E-40 1.00065000E-40 1.00034000E-40 1.00047000E-40 1.00038000E-40 1.52630000E-14 1.00049000E-40 2.41518000E-13 1.00036000E-40 1.00036000E-40 1.00036000E-40 1.00036000E-40 1.00036000E-40 1.74757000E-06 2.94996000E-04 4.81694000E-09 6.95924000E-11 4.89835000E-03 5.28492000E-03 1.57386000E-02 9.71835000E-01 1.18029000E-16 3.02613000E-20 1.50593000E-39 4.47408000E-40 1.59563000E-36 4.04092000E-35 1.77928000E-25 9.71197000E-09 4.21305000E-21 1.00000000E-40 1.00000000E-40 2.73525000E-25 1.99805000E-17 1.49143000E-15 1.83928000E-04 1.75918000E-03 2.49961000E-39 1.00000000E-40 1.36299000E-10 8.44570000E-40 1.92824000E-40 5.77325000E-35 3.32381000E-37 2.52679000E-13 4.54315000E-16 4.00593000E-07 6.50551000E-08 3.71136000E-14 2.58129000E-07 2.82437000E-10 2.56076000E-22 3.37666000E-18 2.06247000E-06 6.31611000E-35 1.19203000E-25 1.05147000E-32 1.00000000E-40 1.52819000E-32 1.00000000E-40 2.81417000E-31 1.36388000E-36 1.21470000E-09 8.83644000E-39 6.83210000E-40 1.00000000E-40 1.00000000E-40 1.40512000E-40 3.03626000E-14 2.27501000E-33 2.32093000E-35 3.95711000E-37 1.00000000E-40 1.00000000E-40 1.59387000E-35 6.62879000E-26 1.00000000E-40 1.00000000E-40 1.11366000E-15 1.96501000E-31 5.10574000E-35 2.68380000E-14 1.00000000E-05 1.00000000E-05 1.00000000E-05 1.00000000E-05 1.00000000E-05 1.00000000E-05 1.00000000E-05 1.00000000E-05 1.00000000E-05 1.00000000E-05 1.00000000E-05 1.00000000E-05 1.00000000E-05
8.52500000E+01 1.66220000E-06 8.55649000E+13 1.40693925E+02 1.00000000E+05 1.00081000E-40 1.00090000E-40 1.00078000E-40 1.00094000E-40 1.00000000E-40 1.48202000E-14 1.00096000E-40 1.67261000E-13 1.00081000E-40 1.00081000E-40 1.00081000E-40 1.00081000E-40 1.00081000E-40 1.85166000E-06 2.99983000E-04 4.62186000E-09 6.82729000E-11 5.65091000E-03 5.43757000E-03 1.68222000E-02 9.69884000E-01 1.07187000E-16 2.33516000E-20 1.71818000E-39 1.09787000E-39 1.50195000E-36 3.91636000E-35 1.77449000E-25 1.14862000E-08 3.98433000E-21 1.00000000E-40 1.15523000E-28 2.49829000E-25 1.43266000E-17 1.23651000E-15 1.98330000E-04 1.70202000E-03 2.65159000E-39 1.00000000E-40 1.44746000E-10 8.63682000E-40 2.12540000E-40 6.18236000E-35 3.83783000E-37 2.19855000E-13 3.07505000E-16 4.05825000E-07 6.16991000E-08 2.78225000E-14 2.49918000E-07 3.16086000E-10 2.22770000E-22 2.85843000E-18 2.12573000E-06 6.28674000E-35 1.13534000E-25 9.87541000E-33 1.00000000E-40 1.77142000E-32 1.00000000E-40 2.75158000E-31 1.03966000E-36 1.21880000E-09 9.28252000E-39 7.99203000E-40 1.00000000E-40 1.00000000E-40 1.52797000E-40 2.51996000E-14 2.22387000E-33 1.88862000E-35 9.50644000E-37 1.00000000E-40 1.00000000E-40 1.49468000E-35 6.79695000E-26 1.00000000E-40 1.00000000E-40 8.45575000E-16 1.13555000E-31 4.58366000E-35 3.07434000E-14 1.00000000E-05 1.00000000E-05 1.00000000E-05 1.00000000E-05 1.00000000E-05 1.00000000E-05 1.00000000E-05 1.00000000E-05 1.00000000E-05 1.00000000E-05 1.00000000E-05 1.00000000E-05 1.00000000E-05
8.57500000E+01 1.52840000E-06 7.86918000E+13 1.40675930E+02 1.00000000E+05 1.00157000E-40 1.00076000E-40 1.00156000E-40 1.00155000E-40 1.00000000E-40 1.44396000E-14 1.00153000E-40 1.14359000E-13 1.00157000E-40 1.00157000E-40 1.00157000E-40 1.00157000E-40 1.00157000E-40 1.96516000E-06 3.05631000E-04 4.42148000E-09 6.69234000E-11 6.49915000E-03 5.58015000E-03 1.79835000E-02 9.67771000E-01 9.77193000E-17 1.81814000E-20 1.96025000E-39 2.82528000E-39 1.42544000E-36 3.78949000E-35 1.75920000E-25 1.34961000E-08 3.80930000E-21 1.00000000E-40 6.82373000E-29 2.26835000E-25 1.03103000E-17 1.02520000E-15 2.12588000E-04 1.64326000E-03 2.80583000E-39 1.00000000E-40 1.53277000E-10 8.83403000E-40 2.33594000E-40 6.71883000E-35 4.54364000E-37 1.91510000E-13 2.09082000E-16 4.07934000E-07 5.82261000E-08 2.05522000E-14 2.41994000E-07 3.54419000E-10 1.92933000E-22 2.40592000E-18 2.19046000E-06 6.25120000E-35 1.08098000E-25 9.29464000E-33 1.00000000E-40 2.10233000E-32 1.00000000E-40 2.68816000E-31 7.97875000E-37 1.21616000E-09 9.74897000E-39 9.57436000E-40 1.00000000E-40 1.08447000E-40 1.69421000E-40 2.09069000E-14 2.16653000E-33 1.54061000E-35 2.18854000E-36 1.00000000E-40 1.00000000E-40 1.40556000E-35 6.94477000E-26 1.00000000E-40 1.00000000E-40 6.41148000E-16 9.75744000E-32 4.13088000E-35 3.51708000E-14 1.00000000E-05 1.00000000E-05 1.00000000E-05 1.00000000E-05 1.00000000E-05 1.00000000E-05 1.00000000E-05 1.00000000E-05 1.00000000E-05 1.00000000E-05 1.00000000E-05 1.00000000E-05 1.00000000E-05
8.62500000E+01 1.40441000E-06 7.23878000E+13 1.40548241E+02 1.00000000E+05 1.00109000E-40 1.00000000E-40 1.00114000E-40 1.00065000E-40 1.00000000E-40 1.41551000E-14 1.00054000E-40 7.68527000E-14 1.00109000E-40 1.00109000E-40 1.00109000E-40 1.00109000E-40 1.00109000E-40 2.08917000E-06 3.12012000E-04 4.21686000E-09 6.57360000E-11 7.45044000E-03 5.71363000E-03 1.92307000E-02 9.65479000E-01 8.90997000E-17 1.43747000E-20 2.23583000E-39 7.26335000E-39 1.35699000E-36 3.65035000E-35 1.73423000E-25 1.57083000E-08 3.66664000E-21 1.32280000E-29 3.23657000E-30 2.04574000E-25 7.48187000E-18 8.50404000E-16 2.26160000E-04 1.58323000E-03 2.97205000E-39 1.00000000E-40 1.61993000E-10 9.04297000E-40 2.55945000E-40 7.43759000E-35 5.43149000E-37 1.67327000E-13 1.42835000E-16 4.09080000E-07 5.45912000E-08 1.55690000E-14 2.34368000E-07 3.97312000E-10 1.67415000E-22 2.02355000E-18 2.25673000E-06 6.20897000E-35 1.02894000E-25 8.69274000E-33 1.00000000E-40 2.54983000E-32 1.00000000E-40 2.62376000E-31 6.20896000E-37 1.20960000E-09 1.01582000E-38 1.15553000E-39 1.00000000E-40 3.19623000E-40 1.89935000E-40 1.74103000E-14 2.10243000E-33 1.26514000E-35 4.82424000E-36 1.00000000E-40 1.00000000E-40 1.30756000E-35 7.07669000E-26 1.00000000E-40 1.00000000E-40 4.89248000E-16 1.43450000E-31 3.73416000E-35 4.03233000E-14 1.00000000E-05 1.00000000E-05 1.00000000E-05 1.00000000E-05 1.00000000E-05 1.00000000E-05 1.00000000E-05 1.00000000E-05 1.00000000E-05 1.00000000E-05 1.00000000E-05 1.00000000E-05 1.00000000E-05
8.67500000E+01 1.28881000E-06 6.65988000E+13 1.40231318E+02 1.00000000E+05 1.00000000E-40 1.00000000E-40 1.00000000E-40 1.00000000E-40 1.00000000E-40 1.39542000E-14 1.00000000E-40 4.99430000E-14 1.00000000E-40 1.00000000E-40 1.00000000E-40 1.00000000E-40 1.00000000E-40 2.22092000E-06 3.18757000E-04 4.00803000E-09 6.45697000E-11 8.51089000E-03 5.83756000E-03 2.05683000E-02 9.62998000E-01 8.08967000E-17 1.15321000E-20 2.55260000E-39 1.81489000E-38 1.30957000E-36 3.50034000E-35 1.70006000E-25 1.81170000E-08 3.54960000E-21 1.00000000E-40 1.00000000E-40 1.83138000E-25 5.47987000E-18 7.05380000E-16 2.38962000E-04 1.52205000E-03 3.16875000E-39 1.00000000E-40 1.71050000E-10 9.28135000E-40 2.80020000E-40 8.38001000E-35 6.47265000E-37 1.46428000E-13 9.80523000E-17 4.10057000E-07 5.08803000E-08 1.23429000E-14 2.27032000E-07 4.45751000E-10 1.46010000E-22 1.70093000E-18 2.32450000E-06 6.15845000E-35 9.79055000E-26 8.03337000E-33 1.00000000E-40 3.14205000E-32 1.00000000E-40 2.55813000E-31 4.89813000E-37 1.20068000E-09 1.06388000E-38 1.38647000E-39 1.00000000E-40 9.00845000E-40 2.13578000E-40 1.45726000E-14 2.03389000E-33 1.04476000E-35 1.01391000E-35 1.00000000E-40 1.00000000E-40 1.19345000E-35 7.19694000E-26 1.00000000E-40 1.00000000E-40 3.75631000E-16 3.30970000E-32 3.37881000E-35 4.64319000E-14 1.00000000E-05 1.00000000E-05 1.00000000E-05 1.00000000E-05 1.00000000E-05 1.00000000E-05 1.00000000E-05 1.00000000E-05 1.00000000E-05 1.00000000E-05 1.00000000E-05 1.00000000E-05 1.00000000E-05
8.72500000E+01 1.18357000E-06 6.12336000E+13 1.40103774E+02 1.00000000E+05 1.00000000E-40 1.00000000E-40 1.00000000E-40 1.00000000E-40 1.00000000E-40 1.38368000E-14 1.00000000E-40 3.05681000E-14 1.00000000E-40 1.00000000E-40 1.00000000E-40 1.00000000E-40 1.00000000E-40 2.36206000E-06 3.26018000E-04 3.79642000E-09 6.31961000E-11 9.69408000E-03 5.94923000E-03 2.20008000E-02 9.60314000E-01 7.41409000E-17 9.25082000E-21 2.92228000E-39 4.32721000E-38 1.37076000E-36 3.37270000E-35 1.65801000E-25 2.08229000E-08 3.47654000E-21 1.41598000E-28 4.06059000E-28 1.62589000E-25 4.01611000E-18 5.86469000E-16 2.51777000E-04 1.45887000E-03 3.37797000E-39 1.00000000E-40 1.80654000E-10 9.54984000E-40 3.06535000E-40 9.52169000E-35 7.90433000E-37 1.28149000E-13 6.76084000E-17 4.06516000E-07 4.73992000E-08 9.20187000E-15 2.19966000E-07 5.03348000E-10 1.26461000E-22 1.41551000E-18 2.39327000E-06 6.09826000E-35 9.31183000E-26 7.53210000E-33 1.00000000E-40 3.89793000E-32 1.00000000E-40 2.49070000E-31 3.85294000E-37 1.18591000E-09 1.20349000E-38 1.70561000E-39 1.00000000E-40 2.39060000E-39 2.46109000E-40 1.21675000E-14 1.96266000E-33 8.61761000E-36 2.01901000E-35 1.00000000E-40 1.00000000E-40 1.11257000E-35 7.30868000E-26 1.00000000E-40 1.00000000E-40 2.85835000E-16 1.24048000E-32 3.06694000E-35 5.35328000E-14 1.00000000E-05 1.00000000E-05 1.00000000E-05 1.00000000E-05 1.00000000E-05 1.00000000E-05 1.00000000E-05 1.00000000E-05 1.00000000E-05 1.00000000E-05 1.00000000E-05 1.00000000E-05 1.00000000E-05
8.77500000E+01 1.08634000E-06 5.62576000E+13 1.39974072E+02 1.00000000E+05 1.00000000E-40 1.00000000E-40 1.00000000E-40 1.00000000E-40 1.00000000E-40 1.37483000E-14 1.00000000E-40 1.78039000E-14 1.00000000E-40 1.00000000E-40 1.00000000E-40 1.00000000E-40 1.00000000E-40 2.50656000E-06 3.33113000E-04 3.58186000E-09 6.13331000E-11 1.10040000E-02 6.04387000E-03 2.35222000E-02 9.57432000E-01 6.79949000E-17 7.38478000E-21 3.35993000E-39 9.75655000E-38 1.58427000E-36 3.26478000E-35 1.60843000E-25 2.38885000E-08 3.44999000E-21 2.29759000E-28 1.00000000E-40 1.43104000E-25 2.92698000E-18 4.88595000E-16 2.65048000E-04 1.39372000E-03 3.64079000E-39 1.00000000E-40 1.91181000E-10 9.87305000E-40 3.36487000E-40 1.08860000E-34 9.65663000E-37 1.11840000E-13 4.68223000E-17 3.99757000E-07 4.42771000E-08 6.73166000E-15 2.13133000E-07 5.73350000E-10 1.08802000E-22 1.16026000E-18 2.46237000E-06 6.02546000E-35 8.85056000E-26 7.07791000E-33 1.00000000E-40 4.82344000E-32 1.00000000E-40 2.42104000E-31 3.02634000E-37 1.16674000E-09 1.50465000E-38 2.09767000E-39 1.00000000E-40 5.92352000E-39 2.85839000E-40 1.01721000E-14 1.89111000E-33 7.08044000E-36 3.80357000E-35 1.00000000E-40 1.00000000E-40 1.04043000E-35 7.41332000E-26 1.00000000E-40 1.00000000E-40 2.15366000E-16 7.62598000E-32 2.78293000E-35 6.20071000E-14 1.00000000E-05 1.00000000E-05 1.00000000E-05 1.00000000E-05 1.00000000E-05 1.00000000E-05 1.00000000E-05 1.00000000E-05 1.00000000E-05 1.00000000E-05 1.00000000E-05 1.00000000E-05 1.00000000E-05
8.82500000E+01 9.99627000E-07 5.16266000E+13 1.40315707E+02 1.00000000E+05 1.00000000E-40 1.00000000E-40 1.00000000E-40 1.00000000E-40 1.00000000E-40 1.37073000E-14 1.00000000E-40 9.73549000E-15 1.00000000E-40 1.00000000E-40 1.00000000E-40 1.00000000E-40 1.00000000E-40 2.65787000E-06 3.40403000E-04 3.36671000E-09 5.89074000E-11 1.24533000E-02 6.11581000E-03 2.51288000E-02 9.54350000E-01 6.35707000E-17 5.78451000E-21 3.88578000E-39 2.06767000E-37 2.10837000E-36 3.21718000E-35 1.55299000E-25 2.75170000E-08 3.49320000E-21 1.00000000E-40 1.00000000E-40 1.24783000E-25 2.09888000E-18 4.09080000E-16 2.79578000E-04 1.32607000E-03 3.92664000E-39 1.00000000E-40 2.03234000E-10 1.02459000E-39 3.71068000E-40 1.24363000E-34 1.22453000E-36 9.72965000E-14 3.25608000E-17 3.84999000E-07 4.16952000E-08 4.24497000E-15 2.06499000E-07 6.60792000E-10 9.15761000E-23 9.27948000E-19 2.53060000E-06 5.93820000E-35 8.40508000E-26 6.89211000E-33 1.00000000E-40 5.90080000E-32 1.00000000E-40 2.34837000E-31 2.33209000E-37 1.13728000E-09 2.17478000E-38 2.68671000E-39 1.00000000E-40 1.37416000E-38 3.45323000E-40 8.43422000E-15 1.82050000E-33 5.76462000E-36 6.77126000E-35 1.00000000E-40 1.00000000E-40 1.02669000E-35 7.51010000E-26 1.00000000E-40 1.00000000E-40 1.58274000E-16 1.86823000E-32 2.53391000E-35 7.20245000E-14 1.00000000E-05 1.00000000E-05 1.00000000E-05 1.00000000E-05 1.00000000E-05 1.00000000E-05 1.00000000E-05 1.00000000E-05 1.00000000E-05 1.00000000E-05 1.00000000E-05 1.00000000E-05 1.00000000E-05
8.87500000E+01 9.21377000E-07 4.74169000E+13 1.40738586E+02 1.00000000E+05 1.00000000E-40 1.00000000E-40 1.00000000E-40 1.00000000E-40 1.00000000E-40 1.36628000E-14 1.00000000E-40 5.31968000E-15 1.00000000E-40 1.00000000E-40 1.00000000E-40 1.00000000E-40 1.00000000E-40 2.81192000E-06 3.47451000E-04 3.15179000E-09 5.61255000E-11 1.40354000E-02 6.16092000E-03 2.68054000E-02 9.51093000E-01 5.97390000E-17 4.49914000E-21 4.51798000E-39 4.11882000E-37 3.05634000E-36 3.22192000E-35 1.49241000E-25 3.16856000E-08 3.59019000E-21 1.00000000E-40 1.00000000E-40 1.07795000E-25 1.48427000E-18 3.43988000E-16 2.94672000E-04 1.25744000E-03 4.30108000E-39 1.00000000E-40 2.17942000E-10 1.06866000E-39 4.11152000E-40 1.42059000E-34 1.54301000E-36 8.44842000E-14 2.27477000E-17 3.67298000E-07 3.95176000E-08 2.57768000E-15 2.00014000E-07 7.67316000E-10 7.62589000E-23 7.28114000E-19 2.59663000E-06 5.83353000E-35 7.97268000E-26 6.76547000E-33 1.00000000E-40 7.09682000E-32 1.00000000E-40 2.27220000E-31 1.79206000E-37 1.10268000E-09 3.43052000E-38 3.42022000E-39 1.00000000E-40 2.97797000E-38 4.19510000E-40 7.00317000E-15 1.75056000E-33 4.68391000E-36 1.14550000E-34 1.00000000E-40 1.00000000E-40 1.02526000E-35 7.59620000E-26 1.00000000E-40 1.00000000E-40 1.15246000E-16 1.13354000E-31 2.30708000E-35 8.44033000E-14 1.00000000E-05 1.00000000E-05 1.00000000E-05 1.00000000E-05 1.00000000E-05 1.00000000E-05 1.00000000E-05 1.00000000E-05 1.00000000E-05 1.00000000E-05 1.00000000E-05 1.00000000E-05 1.00000000E-05
8.92500000E+01 8.51073000E-07 4.36077000E+13 1.41263533E+02 1.00000000E+05 1.00000000E-40 1.00000000E-40 1.00000000E-40 1.00000000E-40 1.00000000E-40 1.36073000E-14 1.00000000E-40 2.97329000E-15 1.00000000E-40 1.00000000E-40 1.00000000E-40 1.00000000E-40 1.00000000E-40 2.96906000E-06 3.54283000E-04 2.93904000E-09 5.31264000E-11 1.57469000E-02 6.17475000E-03 2.85370000E-02 9.47682000E-01 5.64660000E-17 3.49384000E-21 5.28549000E-39 7.73131000E-37 4.64533000E-36 3.30518000E-35 1.42800000E-25 3.64735000E-08 3.74483000E-21 8.68054000E-30 1.00000000E-40 9.22489000E-26 1.03811000E-18 2.90438000E-16 3.09884000E-04 1.18902000E-03 4.79820000E-39 1.00000000E-40 2.37253000E-10 1.12082000E-39 4.58310000E-40 1.61671000E-34 1.92454000E-36 7.32614000E-14 1.59737000E-17 3.47168000E-07 3.76274000E-08 1.51394000E-15 1.93635000E-07 8.95998000E-10 6.30925000E-23 5.62135000E-19 2.65890000E-06 5.70928000E-35 7.55121000E-26 6.69494000E-33 1.00000000E-40 8.35913000E-32 1.00000000E-40 2.19196000E-31 1.37515000E-37 1.06267000E-09 5.68072000E-38 4.31114000E-39 1.00000000E-40 6.05422000E-38 5.10233000E-40 5.82186000E-15 1.68301000E-33 3.80985000E-36 1.85096000E-34 1.00000000E-40 1.00000000E-40 1.03622000E-35 7.66712000E-26 1.00000000E-40 1.00000000E-40 8.33888000E-17 1.45591000E-31 2.10093000E-35 1.00032000E-13 1.00000000E-05 1.00000000E-05 1.00000000E-05 1.00000000E-05 1.00000000E-05 1.00000000E-05 1.00000000E-05 1.00000000E-05 1.00000000E-05 1.00000000E-05 1.00000000E-05 1.00000000E-05 1.00000000E-05
8.97500000E+01 7.87864000E-07 4.02060000E+13 1.41747838E+02 1.00000000E+05 1.00000000E-40 1.00000000E-40 1.00000000E-40 1.00000000E-40 1.00000000E-40 1.35207000E-14 1.00000000E-40 1.75310000E-15 1.00000000E-40 1.00000000E-40 1.00000000E-40 1.00000000E-40 1.00000000E-40 3.12940000E-06 3.60889000E-04 2.73017000E-09 5.01003000E-11 1.75824000E-02 6.15260000E-03 3.03068000E-02 9.44144000E-01 5.34288000E-17 2.73588000E-21 6.22182000E-39 1.37267000E-36 7.12988000E-36 3.48781000E-35 1.36100000E-25 4.18915000E-08 3.95599000E-21 2.49231000E-28 7.64688000E-29 7.82168000E-26 7.22797000E-19 2.46084000E-16 3.24475000E-04 1.12233000E-03 5.48398000E-39 1.00000000E-40 2.64522000E-10 1.18200000E-39 5.14032000E-40 1.82574000E-34 2.33738000E-36 6.35111000E-14 1.12791000E-17 3.26661000E-07 3.58740000E-08 8.99627000E-16 1.87319000E-07 1.05052000E-09 5.24560000E-23 4.29865000E-19 2.71591000E-06 5.56360000E-35 7.13850000E-26 6.60543000E-33 1.00000000E-40 9.63143000E-32 1.00000000E-40 2.10726000E-31 1.06218000E-37 1.02075000E-09 9.49390000E-38 5.28689000E-39 1.00000000E-40 1.15839000E-37 6.10881000E-40 4.86270000E-15 1.61831000E-33 3.11961000E-36 2.87606000E-34 1.00000000E-40 1.00000000E-40 1.04246000E-35 7.71745000E-26 1.00000000E-40 1.00000000E-40 6.05111000E-17 2.87537000E-31 1.91146000E-35 1.20164000E-13 1.00000000E-05 1.00000000E-05 1.00000000E-05 1.00000000E-05 1.00000000E-05 1.00000000E-05 1.00000000E-05 1.00000000E-05 1.00000000E-05 1.00000000E-05 1.00000000E-05 1.00000000E-05 1.00000000E-05
9.02500000E+01 7.29736000E-07 3.71569000E+13 1.41995646E+02 1.00000000E+05 1.00000000E-40 1.00000000E-40 1.00000000E-40 1.00000000E-40 1.00000000E-40 1.33805000E-14 1.00000000E-40 1.09945000E-15 1.00000000E-40 1.00000000E-40 1.00000000E-40 1.00000000E-40 1.00000000E-40 3.28899000E-06 3.66875000E-04 2.52634000E-09 4.70290000E-11 1.95321000E-02 6.08835000E-03 3.20939000E-02 9.40515000E-01 5.01544000E-17 2.17541000E-21 7.37937000E-39 2.31845000E-36 1.08139000E-35 3.79681000E-35 1.29234000E-25 4.80199000E-08 4.23670000E-21 1.86289000E-28 1.00000000E-40 6.57458000E-26 5.05012000E-19 2.08751000E-16 3.37950000E-04 1.05875000E-03 6.47571000E-39 1.00000000E-40 3.05251000E-10 1.25508000E-39 5.80811000E-40 2.03848000E-34 2.71376000E-36 5.49411000E-14 8.01147000E-18 3.07076000E-07 3.41233000E-08 5.71286000E-16 1.81026000E-07 1.23787000E-09 4.43907000E-23 3.27669000E-19 2.76635000E-06 5.39487000E-35 6.73246000E-26 6.40031000E-33 1.00000000E-40 1.08642000E-31 1.00000000E-40 2.01800000E-31 8.30955000E-38 9.80471000E-10 1.56921000E-37 6.18261000E-39 1.00000000E-40 2.09494000E-37 7.06127000E-40 4.09269000E-15 1.55944000E-33 2.57922000E-36 4.32523000E-34 1.00000000E-40 1.00000000E-40 1.02082000E-35 7.74173000E-26 1.00000000E-40 1.00000000E-40 4.42724000E-17 4.10523000E-31 1.73320000E-35 1.46466000E-13 1.00000000E-05 1.00000000E-05 1.00000000E-05 1.00000000E-05 1.00000000E-05 1.00000000E-05 1.00000000E-05 1.00000000E-05 1.00000000E-05 1.00000000E-05 1.00000000E-05 1.00000000E-05 1.00000000E-05
9.07500000E+01 6.77862000E-07 3.44422000E+13 1.42261251E+02 1.00000000E+05 1.00000000E-40 1.00000000E-40 1.00000000E-40 1.00000000E-40 1.00000000E-40 1.32115000E-14 1.00000000E-40 7.16486000E-16 1.00000000E-40 1.00000000E-40 1.00000000E-40 1.00000000E-40 1.00000000E-40 3.45171000E-06 3.72548000E-04 2.32947000E-09 4.39757000E-11 2.15998000E-02 5.97509000E-03 3.38852000E-02 9.36811000E-01 4.71938000E-17 1.75159000E-21 8.81995000E-39 3.73750000E-36 1.60786000E-35 4.28595000E-35 1.22348000E-25 5.50901000E-08 4.62613000E-21 5.07105000E-29 1.75763000E-28 5.48039000E-26 3.55228000E-19 1.77490000E-16 3.50269000E-04 9.98889000E-04 7.82269000E-39 1.00000000E-40 3.68026000E-10 1.33863000E-39 6.60582000E-40 2.24702000E-34 3.08451000E-36 4.74231000E-14 5.72287000E-18 2.86775000E-07 3.23437000E-08 3.65131000E-16 1.74737000E-07 1.47124000E-09 3.84547000E-23 2.49462000E-19 2.80902000E-06 5.20295000E-35 6.33204000E-26 6.18905000E-33 1.00000000E-40 1.20134000E-31 1.00000000E-40 1.92408000E-31 6.53392000E-38 9.39538000E-10 2.54818000E-37 7.07509000E-39 1.00000000E-40 3.60409000E-37 8.03284000E-40 3.45371000E-15 1.50696000E-33 2.15659000E-36 6.32074000E-34 1.00000000E-40 1.00000000E-40 9.97301000E-36 7.73509000E-26 1.00000000E-40 1.00000000E-40 3.25232000E-17 3.91511000E-31 1.56919000E-35 1.80924000E-13 1.00000000E-05 1.00000000E-05 1.00000000E-05 1.00000000E-05 1.00000000E-05 1.00000000E-05 1.00000000E-05 1.00000000E-05 1.00000000E-05 1.00000000E-05 1.00000000E-05 1.00000000E-05 1.00000000E-05
9.12500000E+01 6.28952000E-07 3.19851000E+13 1.42133358E+02 1.00000000E+05 1.00000000E-40 1.00000000E-40 1.00000000E-40 1.00000000E-40 1.00000000E-40 1.29904000E-14 1.00000000E-40 4.85176000E-16 1.00000000E-40 1.00000000E-40 1.00000000E-40 1.00000000E-40 1.00000000E-40 3.61145000E-06 3.77274000E-04 2.14006000E-09 4.07891000E-11 2.37683000E-02 5.80605000E-03 3.56554000E-02 9.33081000E-01 4.37378000E-17 1.43641000E-21 1.06413000E-38 5.79111000E-36 2.32887000E-35 4.98360000E-35 1.15485000E-25 6.33754000E-08 5.17205000E-21 1.00000000E-40 1.00000000E-40 4.53704000E-26 2.53577000E-19 1.50942000E-16 3.61519000E-04 9.43450000E-04 9.81169000E-39 1.17051000E-40 4.65756000E-10 1.43779000E-39 7.57018000E-40 2.44401000E-34 3.31617000E-36 4.06967000E-14 4.11284000E-18 2.67445000E-07 3.04525000E-08 2.59253000E-16 1.68444000E-07 1.77123000E-09 3.44959000E-23 1.90406000E-19 2.84332000E-06 4.98769000E-35 5.93645000E-26 5.80685000E-33 1.00000000E-40 1.30626000E-31 1.00000000E-40 1.82612000E-31 5.22890000E-38 9.03533000E-10 4.05473000E-37 7.62980000E-39 1.00000000E-40 5.91685000E-37 8.71147000E-40 2.94597000E-15 1.46565000E-33 1.82953000E-36 9.01837000E-34 1.00000000E-40 1.00000000E-40 9.31686000E-36 7.69410000E-26 1.00000000E-40 1.00000000E-40 2.41257000E-17 4.84547000E-31 1.41310000E-35 2.26322000E-13 1.00000000E-05 1.00000000E-05 1.00000000E-05 1.00000000E-05 1.00000000E-05 1.00000000E-05 1.00000000E-05 1.00000000E-05 1.00000000E-05 1.00000000E-05 1.00000000E-05 1.00000000E-05 1.00000000E-05
9.17500000E+01 5.84228000E-07 2.97157000E+13 1.42117975E+02 1.00000000E+05 1.00000000E-40 1.00000000E-40 1.00000000E-40 1.00000000E-40 1.00000000E-40 1.27869000E-14 1.00000000E-40 3.26937000E-16 1.00000000E-40 1.00000000E-40 1.00000000E-40 1.00000000E-40 1.00000000E-40 3.77705000E-06 3.81777000E-04 1.95999000E-09 3.73817000E-11 2.60505000E-02 5.57531000E-03 3.73986000E-02 9.29322000E-01 4.07098000E-17 1.18306000E-21 1.29773000E-38 8.65265000E-36 3.29220000E-35 5.96976000E-35 1.08759000E-25 7.37231000E-08 6.00806000E-21 1.78859000E-29 7.25540000E-29 3.73320000E-26 1.82694000E-19 1.28697000E-16 3.72642000E-04 8.91664000E-04 1.25524000E-38 1.95313000E-40 6.17182000E-10 1.55117000E-39 8.73452000E-40 2.62938000E-34 3.54154000E-36 3.46479000E-14 2.97204000E-18 2.45195000E-07 2.85264000E-08 1.78684000E-16 1.62161000E-07 2.17103000E-09 3.19549000E-23 1.44201000E-19 2.86865000E-06 4.75108000E-35 5.54626000E-26 5.47622000E-33 1.00000000E-40 1.39809000E-31 1.00000000E-40 1.72449000E-31 4.17817000E-38 8.62920000E-10 6.36858000E-37 8.17807000E-39 1.00000000E-40 9.35181000E-37 9.41041000E-40 2.51304000E-15 1.43836000E-33 1.57382000E-36 1.25659000E-33 1.00000000E-40 1.00000000E-40 8.77984000E-36 7.61636000E-26 1.00000000E-40 1.00000000E-40 1.77301000E-17 4.72330000E-31 1.27135000E-35 2.86541000E-13 1.00000000E-05 1.00000000E-05 1.00000000E-05 1.00000000E-05 1.00000000E-05 1.00000000E-05 1.00000000E-05 1.00000000E-05 1.00000000E-05 1.00000000E-05 1.00000000E-05 1.00000000E-05 1.00000000E-05
9.22500000E+01 5.42809000E-07 2.76292000E+13 1.42011283E+02 1.00000000E+05 1.00000000E-40 1.00000000E-40 1.00000000E-40 1.00000000E-40 1.00000000E-40 1.26097000E-14 1.00000000E-40 2.21389000E-16 1.00000000E-40 1.00000000E-40 1.00000000E-40 1.00000000E-40 1.00000000E-40 3.94806000E-06 3.86025000E-04 1.78993000E-09 3.38369000E-11 2.84418000E-02 5.28215000E-03 3.91061000E-02 9.25549000E-01 3.78156000E-17 9.82446000E-22 1.59814000E-38 1.25040000E-35 4.53279000E-35 7.27638000E-35 1.02182000E-25 8.67820000E-08 7.26958000E-21 1.00000000E-40 1.00000000E-40 3.05704000E-26 1.33252000E-19 1.09973000E-16 3.83465000E-04 8.43893000E-04 1.64112000E-38 3.27425000E-40 8.49212000E-10 1.67864000E-39 1.01176000E-39 2.80339000E-34 3.71107000E-36 2.92248000E-14 2.15886000E-18 2.21494000E-07 2.65543000E-08 1.24149000E-16 1.55907000E-07 2.70814000E-09 3.08217000E-23 1.08582000E-19 2.88498000E-06 4.49529000E-35 5.16205000E-26 5.12884000E-33 1.00000000E-40 1.47892000E-31 1.00000000E-40 1.61993000E-31 3.35552000E-38 8.21596000E-10 9.86108000E-37 8.59321000E-39 1.00000000E-40 1.42530000E-36 1.00091000E-39 2.15260000E-15 1.42608000E-33 1.38326000E-36 1.71680000E-33 1.00000000E-40 1.00000000E-40 8.19389000E-36 7.50102000E-26 1.00000000E-40 1.00000000E-40 1.29711000E-17 3.96165000E-31 1.14089000E-35 3.66356000E-13 1.00000000E-05 1.00000000E-05 1.00000000E-05 1.00000000E-05 1.00000000E-05 1.00000000E-05 1.00000000E-05 1.00000000E-05 1.00000000E-05 1.00000000E-05 1.00000000E-05 1.00000000E-05 1.00000000E-05
9.27500000E+01 5.05933000E-07 2.57433000E+13 1.42050935E+02 1.00000000E+05 1.00000000E-40 1.00000000E-40 1.00000000E-40 1.00000000E-40 1.00000000E-40 1.24888000E-14 1.00000000E-40 1.50622000E-16 1.00000000E-40 1.00000000E-40 1.00000000E-40 1.00000000E-40 1.00000000E-40 4.12824000E-06 3.90399000E-04 1.63060000E-09 3.03327000E-11 3.09480000E-02 4.93099000E-03 4.07821000E-02 9.21747000E-01 3.54292000E-17 8.23121000E-22 1.98321000E-38 1.74812000E-35 6.07339000E-35 8.93526000E-35 9.57473000E-26 1.03425000E-07 9.19467000E-21 3.26168000E-28 2.70564000E-28 2.49321000E-26 9.89733000E-20 9.42368000E-17 3.93331000E-04 8.00642000E-04 2.15995000E-38 5.45450000E-40 1.19977000E-09 1.81422000E-39 1.17116000E-39 2.97186000E-34 3.91595000E-36 2.44279000E-14 1.57543000E-18 1.96404000E-07 2.45265000E-08 8.21858000E-17 1.49713000E-07 3.42411000E-09 3.13309000E-23 8.18937000E-20 2.89242000E-06 4.22334000E-35 4.78475000E-26 4.84331000E-33 1.00000000E-40 1.55364000E-31 1.00000000E-40 1.51295000E-31 2.68855000E-38 7.78049000E-10 1.50288000E-36 9.10166000E-39 1.00000000E-40 2.10070000E-36 1.07096000E-39 1.84195000E-15 1.42753000E-33 1.25086000E-36 2.30785000E-33 1.00000000E-40 1.00000000E-40 7.75086000E-36 7.34805000E-26 1.00000000E-40 1.00000000E-40 9.43902000E-18 3.61707000E-31 1.02256000E-35 4.71965000E-13 1.00000000E-05 1.00000000E-05 1.00000000E-05 1.00000000E-05 1.00000000E-05 1.00000000E-05 1.00000000E-05 1.00000000E-05 1.00000000E-05 1.00000000E-05 1.00000000E-05 1.00000000E-05 1.00000000E-05
9.32500000E+01 4.74839000E-07 2.41559000E+13 1.42095850E+02 1.00000000E+05 1.00000000E-40 1.00000000E-40 1.00000000E-40 1.00000000E-40 1.00000000E-40 1.24011000E-14 1.00000000E-40 1.05469000E-16 1.00000000E-40 1.00000000E-40 1.00000000E-40 1.00000000E-40 1.00000000E-40 4.31803000E-06 3.95052000E-04 1.48218000E-09 2.71925000E-11 3.35725000E-02 4.53127000E-03 4.24363000E-02 9.17893000E-01 3.34417000E-17 7.06659000E-22 2.46567000E-38 2.35909000E-35 7.88606000E-35 1.09002000E-34 8.93947000E-26 1.23977000E-07 1.20458000E-20 1.00000000E-40 1.00000000E-40 2.02573000E-26 7.60112000E-20 8.11409000E-17 4.00859000E-04 7.62982000E-04 2.84122000E-38 8.93777000E-40 1.72126000E-09 1.94615000E-39 1.34402000E-39 3.13676000E-34 4.11719000E-36 2.03100000E-14 1.15380000E-18 1.72817000E-07 2.24082000E-08 5.47981000E-17 1.43606000E-07 4.36042000E-09 3.38917000E-23 6.31038000E-20 2.89133000E-06 3.93836000E-35 4.41516000E-26 4.55778000E-33 1.00000000E-40 1.62898000E-31 1.00000000E-40 1.40402000E-31 2.17162000E-38 7.40109000E-10 2.23138000E-36 9.60199000E-39 1.00000000E-40 2.98457000E-36 1.14029000E-39 1.58424000E-15 1.43597000E-33 1.17085000E-36 3.06113000E-33 1.00000000E-40 1.00000000E-40 7.30269000E-36 7.15830000E-26 1.00000000E-40 1.00000000E-40 6.97227000E-18 3.66660000E-31 9.13677000E-36 6.08666000E-13 1.00000000E-05 1.00000000E-05 1.00000000E-05 1.00000000E-05 1.00000000E-05 1.00000000E-05 1.00000000E-05 1.00000000E-05 1.00000000E-05 1.00000000E-05 1.00000000E-05 1.00000000E-05 1.00000000E-05
9.37500000E+01 4.46219000E-07 2.28121000E+13 1.41475695E+02 1.00000000E+05 1.00000000E-40 1.00000000E-40 1.00000000E-40 1.00000000E-40 1.00000000E-40 1.22696000E-14 1.00000000E-40 7.62883000E-17 1.00000000E-40 1.00000000E-40 1.00000000E-40 1.00000000E-40 1.00000000E-40 4.49105000E-06 3.98019000E-04 1.34348000E-09 2.43340000E-11 3.62547000E-02 4.09365000E-03 4.40492000E-02 9.14059000E-01 3.08240000E-17 6.30005000E-22 3.07019000E-38 3.08685000E-35 9.94373000E-35 1.31239000E-34 8.29495000E-26 1.49296000E-07 1.60959000E-20 6.96255000E-28 1.88091000E-28 1.64283000E-26 6.11946000E-20 6.98569000E-17 4.05723000E-04 7.31389000E-04 3.83031000E-38 1.49310000E-39 2.48140000E-09 2.08064000E-39 1.52960000E-39 3.29491000E-34 4.04872000E-36 1.66990000E-14 8.47743000E-19 1.52948000E-07 2.01983000E-08 4.40938000E-17 1.37627000E-07 5.55737000E-09 3.82495000E-23 5.04462000E-20 2.88304000E-06 3.64360000E-35 4.05466000E-26 4.06363000E-33 1.00000000E-40 1.70762000E-31 1.00000000E-40 1.29446000E-31 1.80136000E-38 7.17315000E-10 3.24894000E-36 9.41666000E-39 1.00000000E-40 4.07779000E-36 1.14617000E-39 1.38717000E-15 1.45474000E-33 1.13078000E-36 4.00167000E-33 1.00000000E-40 1.00000000E-40 6.35749000E-36 6.93538000E-26 1.00000000E-40 1.00000000E-40 5.31787000E-18 3.02137000E-31 8.06949000E-36 7.82167000E-13 1.00000000E-05 1.00000000E-05 1.00000000E-05 1.00000000E-05 1.00000000E-05 1.00000000E-05 1.00000000E-05 1.00000000E-05 1.00000000E-05 1.00000000E-05 1.00000000E-05 1.00000000E-05 1.00000000E-05
9.42500000E+01 4.20887000E-07 2.16132000E+13 1.41000467E+02 1.00000000E+05 1.00000000E-40 1.00000000E-40 1.00000000E-40 1.00000000E-40 1.00000000E-40 1.21424000E-14 1.00000000E-40 5.45046000E-17 1.00000000E-40 1.00000000E-40 1.00000000E-40 1.00000000E-40 1.00000000E-40 4.66717000E-06 4.00654000E-04 1.21535000E-09 2.15372000E-11 3.90098000E-02 3.62244000E-03 4.56263000E-02 9.10219000E-01 2.85850000E-17 5.69641000E-22 3.84195000E-38 3.92472000E-35 1.22281000E-34 1.56200000E-34 7.64086000E-26 1.83474000E-07 2.25618000E-20 1.00000000E-40 5.81429000E-29 1.33093000E-26 5.06304000E-20 6.06012000E-17 4.10455000E-04 7.02830000E-04 5.20378000E-38 2.53798000E-39 3.56643000E-09 2.21434000E-39 1.72865000E-39 3.44591000E-34 3.97895000E-36 1.35286000E-14 6.24175000E-19 1.32563000E-07 1.80386000E-08 3.50971000E-17 1.31839000E-07 7.06561000E-09 4.45985000E-23 4.07840000E-20 2.86820000E-06 3.34450000E-35 3.70649000E-26 3.62740000E-33 1.00000000E-40 1.77883000E-31 1.00000000E-40 1.18566000E-31 1.49371000E-38 6.94382000E-10 4.71133000E-36 9.23302000E-39 1.00000000E-40 5.40963000E-36 1.15295000E-39 1.22170000E-15 1.48717000E-33 1.11868000E-36 5.11557000E-33 1.00000000E-40 1.00000000E-40 5.55589000E-36 6.68385000E-26 1.00000000E-40 1.00000000E-40 4.04269000E-18 3.48510000E-31 7.10316000E-36 1.00581000E-12 1.00000000E-05 1.00000000E-05 1.00000000E-05 1.00000000E-05 1.00000000E-05 1.00000000E-05 1.00000000E-05 1.00000000E-05 1.00000000E-05 1.00000000E-05 1.00000000E-05 1.00000000E-05 1.00000000E-05
9.47500000E+01 3.92521000E-07 2.03583000E+13 1.39756975E+02 1.00000000E+05 1.00000000E-40 1.00000000E-40 1.00000000E-40 1.00000000E-40 1.00000000E-40 1.19515000E-14 1.00000000E-40 3.84516000E-17 1.00000000E-40 1.00000000E-40 1.00000000E-40 1.00000000E-40 1.00000000E-40 4.82944000E-06 4.01817000E-04 1.09751000E-09 1.85239000E-11 4.18061000E-02 3.11842000E-03 4.71516000E-02 9.06422000E-01 2.55341000E-17 5.17380000E-22 4.87049000E-38 4.90083000E-35 1.47826000E-34 1.84338000E-34 6.97338000E-26 2.34198000E-07 3.32125000E-20 1.00000000E-40 1.00000000E-40 1.07944000E-26 4.18590000E-20 5.26720000E-17 4.18235000E-04 6.73906000E-04 7.52099000E-38 4.75932000E-39 5.08581000E-09 2.37391000E-39 1.95648000E-39 3.58344000E-34 3.59155000E-36 1.06021000E-14 4.60219000E-19 1.11960000E-07 1.60776000E-08 3.34385000E-17 1.26310000E-07 8.91966000E-09 5.12611000E-23 3.21121000E-20 2.84818000E-06 3.04652000E-35 3.37400000E-26 3.06090000E-33 1.00000000E-40 1.83042000E-31 1.00000000E-40 1.07969000E-31 1.26145000E-38 6.74267000E-10 6.99755000E-36 8.26126000E-39 1.00000000E-40 6.99032000E-36 1.08946000E-39 1.09928000E-15 1.54668000E-33 1.12862000E-36 6.36109000E-33 1.00000000E-40 1.00000000E-40 4.46488000E-36 6.41141000E-26 1.00000000E-40 1.00000000E-40 3.02902000E-18 3.84182000E-31 6.18671000E-36 1.29626000E-12 1.00000000E-05 1.00000000E-05 1.00000000E-05 1.00000000E-05 1.00000000E-05 1.00000000E-05 1.00000000E-05 1.00000000E-05 1.00000000E-05 1.00000000E-05 1.00000000E-05 1.00000000E-05 1.00000000E-05
9.52500000E+01 3.66970000E-07 1.90857000E+13 1.39412557E+02 1.00000000E+05 1.00000000E-40 1.00000000E-40 1.00000000E-40 1.00000000E-40 1.00000000E-40 1.18530000E-14 1.00000000E-40 2.47646000E-17 1.00000000E-40 1.00000000E-40 1.00000000E-40 1.00000000E-40 1.00000000E-40 4.98690000E-06 4.02355000E-04 9.90577000E-10 1.52899000E-11 4.46829000E-02 2.58256000E-03 4.86421000E-02 9.02609000E-01 2.35375000E-17 4.50812000E-22 6.26528000E-38 5.97394000E-35 1.75324000E-34 2.15191000E-34 6.30356000E-26 3.17503000E-07 5.50152000E-20 2.63544000E-28 8.77672000E-29 8.76832000E-27 3.34303000E-20 4.62510000E-17 4.31013000E-04 6.41932000E-04 1.09554000E-37 9.49258000E-39 7.18097000E-09 2.53783000E-39 2.20905000E-39 3.69849000E-34 3.50620000E-36 7.95453000E-15 3.39134000E-19 8.80095000E-08 1.44570000E-08 2.46368000E-17 1.21098000E-07 1.11121000E-08 5.98274000E-23 2.38372000E-20 2.82358000E-06 2.75539000E-35 3.06026000E-26 2.75186000E-33 1.00000000E-40 1.85370000E-31 1.00000000E-40 9.78012000E-32 1.01410000E-38 6.37224000E-10 1.08233000E-35 8.05837000E-39 1.00000000E-40 8.88445000E-36 1.09631000E-39 9.73512000E-16 1.62886000E-33 1.15982000E-36 7.67584000E-33 1.00000000E-40 1.00000000E-40 3.96156000E-36 6.12592000E-26 1.00000000E-40 1.00000000E-40 2.10854000E-18 3.84816000E-31 5.39289000E-36 1.68460000E-12 1.00000000E-05 1.00000000E-05 1.00000000E-05 1.00000000E-05 1.00000000E-05 1.00000000E-05 1.00000000E-05 1.00000000E-05 1.00000000E-05 1.00000000E-05 1.00000000E-05 1.00000000E-05 1.00000000E-05
9.57500000E+01 3.44583000E-07 1.79214000E+13 1.39412557E+02 1.00000000E+05 1.00000000E-40 1.00000000E-40 1.00000000E-40 1.00000000E-40 1.00000000E-40 1.18032000E-14 1.00000000E-40 1.54900000E-17 1.00000000E-40 1.00000000E-40 1.00000000E-40 1.00000000E-40 1.00000000E-40 5.12914000E-06 4.01804000E-04 8.94584000E-10 1.22425000E-11 4.75923000E-02 2.03501000E-03 5.00913000E-02 8.98816000E-01 2.19971000E-17 3.84684000E-22 8.30904000E-38 7.08702000E-35 2.03048000E-34 2.46570000E-34 5.64372000E-26 4.56811000E-07 1.01451000E-19 1.19581000E-28 1.00000000E-40 7.14488000E-27 2.61078000E-20 4.11355000E-17 4.47437000E-04 6.08008000E-04 1.67927000E-37 2.20566000E-38 1.00244000E-08 2.69650000E-39 2.47254000E-39 3.78658000E-34 3.51132000E-36 5.68360000E-15 2.49985000E-19 6.48447000E-08 1.31018000E-08 1.63380000E-17 1.16271000E-07 1.35628000E-08 7.02955000E-23 1.69282000E-20 2.79571000E-06 2.47708000E-35 2.76889000E-26 2.53085000E-33 1.00000000E-40 1.85647000E-31 1.00000000E-40 8.82163000E-32 7.99764000E-39 5.98038000E-10 1.77028000E-35 8.08596000E-39 1.00000000E-40 1.10095000E-35 1.12219000E-39 8.63917000E-16 1.72498000E-33 1.20617000E-36 9.03535000E-33 1.00000000E-40 1.00000000E-40 3.64584000E-36 5.83829000E-26 1.00000000E-40 1.00000000E-40 1.40999000E-18 3.40110000E-31 4.68870000E-36 2.18540000E-12 1.00000000E-05 1.00000000E-05 1.00000000E-05 1.00000000E-05 1.00000000E-05 1.00000000E-05 1.00000000E-05 1.00000000E-05 1.00000000E-05 1.00000000E-05 1.00000000E-05 1.00000000E-05 1.00000000E-05
9.62500000E+01 3.24485000E-07 1.68761000E+13 1.39412557E+02 1.00000000E+05 1.00000000E-40 1.00000000E-40 1.00000000E-40 1.00000000E-40 1.00000000E-40 1.17743000E-14 1.00000000E-40 9.77649000E-18 1.00000000E-40 1.00000000E-40 1.00000000E-40 1.00000000E-40 1.00000000E-40 5.25398000E-06 4.00275000E-04 8.09807000E-10 9.60850000E-12 5.04898000E-02 1.50136000E-03 5.14986000E-02 8.95062000E-01 2.05775000E-17 3.27706000E-22 1.12236000E-35 8.20929000E-35 2.30225000E-34 2.77536000E-34 5.01223000E-26 7.05479000E-07 2.10290000E-19 3.12351000E-28 1.00000000E-40 5.84370000E-27 2.03970000E-20 3.70726000E-17 4.66487000E-04 5.72713000E-04 9.96056000E-36 1.27479000E-36 1.38256000E-08 2.85217000E-39 2.74249000E-39 3.85954000E-34 3.49781000E-36 3.81263000E-15 1.84784000E-19 4.43104000E-08 1.19088000E-08 1.08716000E-17 1.11892000E-07 1.61562000E-08 8.18254000E-23 1.17277000E-20 2.76562000E-06 2.21731000E-35 2.50332000E-26 2.27444000E-33 1.00000000E-40 1.84932000E-31 1.00000000E-40 7.93264000E-32 6.30407000E-39 5.62023000E-10 4.48909000E-35 8.06834000E-39 1.00000000E-40 1.33010000E-35 1.14155000E-39 7.75894000E-16 1.83520000E-33 1.26358000E-36 1.04260000E-32 1.00000000E-40 1.00000000E-40 3.35208000E-36 5.55936000E-26 1.00000000E-40 1.00000000E-40 9.25415000E-19 2.83546000E-31 4.06349000E-36 2.82135000E-12 1.00000000E-05 1.00000000E-05 1.00000000E-05 1.00000000E-05 1.00000000E-05 1.00000000E-05 1.00000000E-05 1.00000000E-05 1.00000000E-05 1.00000000E-05 1.00000000E-05 1.00000000E-05 1.00000000E-05
9.67500000E+01 3.06128000E-07 1.59214000E+13 1.39412557E+02 1.00000000E+05 1.00000000E-40 1.00000000E-40 1.00000000E-40 1.00000000E-40 1.00000000E-40 1.17669000E-14 1.00000000E-40 6.23960000E-18 1.00000000E-40 1.00000000E-40 1.00000000E-40 1.00000000E-40 1.00000000E-40 5.36595000E-06 3.98267000E-04 7.36425000E-10 7.45711000E-12 5.33517000E-02 1.00448000E-03 5.28702000E-02 8.91342000E-01 1.92746000E-17 2.80490000E-22 5.10262000E-32 9.40495000E-35 2.56800000E-34 3.07449000E-34 4.42828000E-26 1.21006000E-06 5.19814000E-19 1.27366000E-27 1.00000000E-40 4.79447000E-27 1.62663000E-20 3.39376000E-17 4.88312000E-04 5.35234000E-04 3.66632000E-32 1.29571000E-33 1.88348000E-08 3.01026000E-39 3.02087000E-39 3.92924000E-34 3.47897000E-36 2.32599000E-15 1.37367000E-19 2.68523000E-08 1.08250000E-08 7.32467000E-18 1.08005000E-07 1.87640000E-08 9.33342000E-23 8.04622000E-21 2.73407000E-06 1.98071000E-35 2.26608000E-26 5.04466000E-34 1.00000000E-40 1.83936000E-31 1.00000000E-40 7.12070000E-32 4.97921000E-39 5.28203000E-10 6.52076000E-34 8.03615000E-39 1.00000000E-40 1.57560000E-35 1.15924000E-39 7.06169000E-16 1.96419000E-33 1.33306000E-36 1.18261000E-32 1.00000000E-40 1.00000000E-40 3.08781000E-36 5.29843000E-26 1.00000000E-40 1.00000000E-40 5.99352000E-19 2.39715000E-31 3.51880000E-36 3.63121000E-12 1.00000000E-05 1.00000000E-05 1.00000000E-05 1.00000000E-05 1.00000000E-05 1.00000000E-05 1.00000000E-05 1.00000000E-05 1.00000000E-05 1.00000000E-05 1.00000000E-05 1.00000000E-05 1.00000000E-05
9.72500000E+01 2.89043000E-07 1.50328000E+13 1.39412557E+02 1.00000000E+05 1.00000000E-40 1.00000000E-40 1.00000000E-40 1.00000000E-40 1.00000000E-40 1.17782000E-14 1.00000000E-40 4.02202000E-18 1.00000000E-40 1.00000000E-40 1.00000000E-40 1.00000000E-40 1.00000000E-40 5.46836000E-06 3.96153000E-04 6.74444000E-10 5.82737000E-12 5.61544000E-02 5.66087000E-04 5.42103000E-02 8.87655000E-01 1.80750000E-17 2.43343000E-22 1.80833000E-28 2.49114000E-33 2.79763000E-34 3.20527000E-34 3.90871000E-26 2.52018000E-06 1.81176000E-18 7.92515000E-27 1.05513000E-28 3.94167000E-27 1.35501000E-20 3.17253000E-17 5.13586000E-04 4.93887000E-04 1.13314000E-28 1.33847000E-30 2.53331000E-08 3.17971000E-39 3.31416000E-39 4.00546000E-34 3.46211000E-36 1.19834000E-15 1.03083000E-19 1.28889000E-08 9.84255000E-09 5.01835000E-18 1.04643000E-07 2.12560000E-08 1.03475000E-22 5.57611000E-21 2.70171000E-06 1.77087000E-35 2.05898000E-26 1.00000000E-40 1.00000000E-40 1.83045000E-31 1.00000000E-40 6.39204000E-32 3.94942000E-39 4.95775000E-10 2.20927000E-32 8.00624000E-39 1.00000000E-40 1.84255000E-35 5.07030000E-39 6.52433000E-16 2.11943000E-33 1.42118000E-36 1.32041000E-32 1.00000000E-40 1.00000000E-40 2.85686000E-36 5.06305000E-26 1.00000000E-40 1.00000000E-40 3.87739000E-19 1.99981000E-31 3.05229000E-36 4.67283000E-12 1.00000000E-05 1.00000000E-05 1.00000000E-05 1.00000000E-05 1.00000000E-05 1.00000000E-05 1.00000000E-05 1.00000000E-05 1.00000000E-05 1.00000000E-05 1.00000000E-05 1.00000000E-05 1.00000000E-05
9.77500000E+01 2.72911000E-07 1.41938000E+13 1.39412557E+02 1.00000000E+05 1.00000000E-40 1.00000000E-40 1.00000000E-40 1.00000000E-40 1.00000000E-40 1.18013000E-14 1.00000000E-40 2.60862000E-18 1.00000000E-40 1.00000000E-40 1.00000000E-40 1.00000000E-40 1.00000000E-40 5.56246000E-06 3.94156000E-04 6.23908000E-10 4.79352000E-12 5.88655000E-02 2.12649000E-04 5.55200000E-02 8.84004000E-01 1.69639000E-17 2.22334000E-22 4.97325000E-25 6.43900000E-30 5.86249000E-34 1.70981000E-34 3.46748000E-26 9.36139000E-06 1.90138000E-17 2.97263000E-25 2.31018000E-28 3.24290000E-27 1.21950000E-20 3.10391000E-17 5.39522000E-04 4.46184000E-04 2.75184000E-25 1.31953000E-27 3.36059000E-08 3.37431000E-39 3.63468000E-39 4.09732000E-34 3.45043000E-36 4.12430000E-16 7.85329000E-20 3.15026000E-09 8.98759000E-09 3.52621000E-18 1.01832000E-07 2.35123000E-08 1.10986000E-22 4.04226000E-21 2.66911000E-06 1.59090000E-35 1.88364000E-26 1.00000000E-40 1.00000000E-40 1.82428000E-31 1.00000000E-40 5.75279000E-32 3.15418000E-39 4.64265000E-10 8.35913000E-31 7.98593000E-39 1.00000000E-40 2.14366000E-35 9.69380000E-36 6.09036000E-16 2.31221000E-33 1.54429000E-36 1.45185000E-32 1.00000000E-40 1.00000000E-40 2.66046000E-36 4.85899000E-26 7.35863000E-40 1.00000000E-40 2.59554000E-19 1.63755000E-31 2.66002000E-36 6.04253000E-12 1.00000000E-05 1.00000000E-05 1.00000000E-05 1.00000000E-05 1.00000000E-05 1.00000000E-05 1.00000000E-05 1.00000000E-05 1.00000000E-05 1.00000000E-05 1.00000000E-05 1.00000000E-05 1.00000000E-05
9.82500000E+01 2.57539000E-07 1.33943000E+13 1.39412557E+02 1.00000000E+05 1.00000000E-40 1.00000000E-40 1.00000000E-40 1.00000000E-40 1.00000000E-40 1.18221000E-14 1.00000000E-40 1.68479000E-18 1.00000000E-40 1.00000000E-40 1.00000000E-40 1.00000000E-40 1.00000000E-40 5.64781000E-06 3.92411000E-04 5.85056000E-10 4.77919000E-12 6.14002000E-02 2.60140000E-05 5.67966000E-02 8.80400000E-01 1.59262000E-17 2.47681000E-22 1.08163000E-21 1.37204000E-26 6.64761000E-31 3.67779000E-34 3.11528000E-26 8.11376000E-05 1.16897000E-15 1.23317000E-22 1.34924000E-27 2.66616000E-27 1.23329000E-20 3.92788000E-17 5.05955000E-04 3.89278000E-04 4.87113000E-22 1.22994000E-24 4.37732000E-08 3.61122000E-39 3.99178000E-39 4.21413000E-34 3.44466000E-36 4.63462000E-17 6.12984000E-20 1.01072000E-10 8.30736000E-09 2.57523000E-18 9.95990000E-08 2.54390000E-08 1.15033000E-22 3.22508000E-21 2.63664000E-06 1.44369000E-35 1.74181000E-26 1.00000000E-40 1.00000000E-40 1.82123000E-31 1.00000000E-40 5.20972000E-32 2.54890000E-39 4.33262000E-10 4.52535000E-29 7.97591000E-39 1.00000000E-40 2.49285000E-35 1.91072000E-32 5.16522000E-16 2.55296000E-33 1.73685000E-36 1.57165000E-32 1.00000000E-40 1.00000000E-40 2.49980000E-36 4.69020000E-26 1.00000000E-40 1.00000000E-40 2.04268000E-19 1.46828000E-31 2.33962000E-36 7.91290000E-12 1.00000000E-05 1.00000000E-05 1.00000000E-05 1.00000000E-05 1.00000000E-05 1.00000000E-05 1.00000000E-05 1.00000000E-05 1.00000000E-05 1.00000000E-05 1.00000000E-05 1.00000000E-05 1.00000000E-05
9.87500000E+01 2.42804000E-07 1.26280000E+13 1.39412557E+02 1.00000000E+05 1.00000000E-40 1.00000000E-40 1.00000000E-40 1.00000000E-40 1.00000000E-40 1.14545000E-14 1.00000000E-40 1.05650000E-18 1.00000000E-40 1.00000000E-40 1.00000000E-40 1.00000000E-40 1.00000000E-40 5.72263000E-06 3.91012000E-04 5.58382000E-10 5.50749000E-12 6.37546000E-02 5.31636000E-06 5.80328000E-02 8.76852000E-01 1.49417000E-17 4.45163000E-22 1.80026000E-18 2.23363000E-23 1.05157000E-27 4.60124000E-32 2.86176000E-26 2.20624000E-04 7.76609000E-15 1.82399000E-21 2.28878000E-27 2.18722000E-27 1.31402000E-20 5.43453000E-17 4.04576000E-04 3.30118000E-04 5.95667000E-19 1.00972000E-21 5.37766000E-08 1.67061000E-38 4.40608000E-39 4.36743000E-34 3.44399000E-36 8.71372000E-18 4.97023000E-20 5.85825000E-12 7.78483000E-09 1.97244000E-18 9.79744000E-08 2.69960000E-08 1.15358000E-22 2.85004000E-21 2.60451000E-06 1.33213000E-35 1.63547000E-26 1.00000000E-40 1.00000000E-40 1.82088000E-31 1.00000000E-40 4.77053000E-32 2.09064000E-39 4.02882000E-10 1.02002000E-26 7.97476000E-39 1.00000000E-40 2.90436000E-35 2.88456000E-29 3.79222000E-16 2.84604000E-33 2.06153000E-36 1.67337000E-32 1.00000000E-40 1.00000000E-40 2.37117000E-36 4.55906000E-26 1.00000000E-40 1.00000000E-40 1.81254000E-19 1.65562000E-31 2.08551000E-36 1.06300000E-11 1.00000000E-05 1.00000000E-05 1.00000000E-05 1.00000000E-05 1.00000000E-05 1.00000000E-05 1.00000000E-05 1.00000000E-05 1.00000000E-05 1.00000000E-05 1.00000000E-05 1.00000000E-05 1.00000000E-05
9.92500000E+01 2.28653000E-07 1.18920000E+13 1.39412557E+02 1.00000000E+05 1.00000000E-40 1.00000000E-40 1.00000000E-40 1.00000000E-40 1.00000000E-40 9.03030000E-15 1.00000000E-40 6.07501000E-19 1.00000000E-40 1.00000000E-40 1.00000000E-40 1.00000000E-40 1.00000000E-40 5.78339000E-06 3.90042000E-04 5.44620000E-10 6.57605000E-12 6.60641000E-02 3.34927000E-06 5.92149000E-02 8.73378000E-01 1.39874000E-17 1.31545000E-21 2.14151000E-15 2.59760000E-20 1.18910000E-24 4.83723000E-29 2.71490000E-26 3.15021000E-04 1.43662000E-14 4.12283000E-21 2.02897000E-27 1.78782000E-27 1.33849000E-20 6.15220000E-17 3.42234000E-04 2.83303000E-04 5.55619000E-16 6.18277000E-19 6.02693000E-08 1.85932000E-33 4.97792000E-39 4.57883000E-34 3.44673000E-36 5.04181000E-18 4.26290000E-20 2.37276000E-12 7.34867000E-09 1.58838000E-18 9.69954000E-08 2.81579000E-08 1.12097000E-22 2.70524000E-21 2.57282000E-06 1.25911000E-35 1.56678000E-26 4.83131000E-31 1.00000000E-40 1.82233000E-31 1.00000000E-40 4.44445000E-32 1.74037000E-39 3.73737000E-10 4.46056000E-24 7.98117000E-39 1.00000000E-40 3.43468000E-35 3.10992000E-26 2.94509000E-16 3.22064000E-33 2.69438000E-36 1.74926000E-32 1.00000000E-40 1.00000000E-40 2.26568000E-36 4.46661000E-26 1.35685000E-38 1.00000000E-40 1.68791000E-19 1.62339000E-31 1.88998000E-36 1.51968000E-11 1.00000000E-05 1.00000000E-05 1.00000000E-05 1.00000000E-05 1.00000000E-05 1.00000000E-05 1.00000000E-05 1.00000000E-05 1.00000000E-05 1.00000000E-05 1.00000000E-05 1.00000000E-05 1.00000000E-05
9.97500000E+01 2.15090000E-07 1.11866000E+13 1.39412557E+02 1.00000000E+05 1.00000000E-40 1.00000000E-40 1.00000000E-40 1.00000000E-40 1.00000000E-40 4.80582000E-15 1.00000000E-40 2.69649000E-19 1.00000000E-40 1.00000000E-40 1.00000000E-40 1.00000000E-40 1.00000000E-40 5.82232000E-06 3.89538000E-04 5.44789000E-10 8.79038000E-12 6.83287000E-02 2.90352000E-06 6.03117000E-02 8.70027000E-01 1.44198000E-17 4.80929000E-21 1.93930000E-12 2.28862000E-17 1.01647000E-21 3.86535000E-26 2.68147000E-26 3.63838000E-04 1.74227000E-14 5.10221000E-21 3.73454000E-27 1.45469000E-27 1.31615000E-20 6.19317000E-17 3.12249000E-04 2.55022000E-04 3.84691000E-13 2.31702000E-16 6.23535000E-08 2.16949000E-28 5.99041000E-39 4.85442000E-34 3.45505000E-36 4.00203000E-18 3.94059000E-20 1.73222000E-12 6.98280000E-09 1.35593000E-18 9.67132000E-08 2.88778000E-08 1.06127000E-22 2.69500000E-21 2.54169000E-06 1.22801000E-35 1.53846000E-26 6.34064000E-29 1.00000000E-40 1.82452000E-31 1.00000000E-40 4.24544000E-32 1.47834000E-39 3.46070000E-10 1.67168000E-21 7.99328000E-39 1.00000000E-40 4.88267000E-35 2.53531000E-23 2.46048000E-16 3.78639000E-33 4.24515000E-36 1.78849000E-32 1.00000000E-40 1.00000000E-40 2.17876000E-36 4.41278000E-26 1.00000000E-40 3.85287000E-39 1.84723000E-19 1.55022000E-31 1.75249000E-36 2.51059000E-11 1.00000000E-05 1.00000000E-05 1.00000000E-05 1.00000000E-05 1.00000000E-05 1.00000000E-05 1.00000000E-05 1.00000000E-05 1.00000000E-05 1.00000000E-05 1.00000000E-05 1.00000000E-05 1.00000000E-05
