alt press den temp eddy H2Oaer SO2aer CO2aer S8aer H2SO4aer C2H2aer C2H4aer C2H6aer CH4aer HCaer1 H H2 H2O OH O O2 CO CO2 HCO H2CO C CH CH2 CH3 CH4 S S2 S3 S4 S8 H2S HS SO SO2 CS CS2 OCS C2 C2H C2H2 C2H4 HO2 H2O2 O3 SO3 H2SO4 HCl Cl Cl2 HOCl ClO C2H6 CH3OH CH2CO CH3CHO C3H4 C3H6 C4H2 C4H4 OClO HCS C2H3 C2H5 1CH2 HCCO HSO CH3O H2COH C4H C2H2OH CH3CO CH2CHO C2H3OH C2H4OH CH3O2 HSO3 HS4 C4H3 O1D H2Oaer_r SO2aer_r CO2aer_r S8aer_r H2SO4aer_r C2H2aer_r C2H4aer_r C2H6aer_r CH4aer_r HCaer1_r
5.92280000E-01 7.00131000E-01 2.80841213E+19 1.80565671E+02 1.00000000E+05 1.03547845E+00 4.09757931E+02 1.28097607E-01 2.36537780E-34 2.58653851E-07 1.65160153E-40 1.65160153E-40 1.65160153E-40 1.65160153E-40 1.67207289E-40 9.51944459E-16 7.14152058E-06 8.61139315E-08 7.44580635E-24 3.44724261E-19 1.42830412E-09 1.57113452E-07 4.27855802E-01 1.83645331E-18 2.44761539E-18 1.00000000E-40 1.00000000E-40 7.76770606E-39 1.37180073E-27 4.52462223E-20 2.28273147E-18 2.89093492E-17 3.11321551E-24 1.04518453E-23 5.86341173E-27 2.85660823E-13 2.48299268E-14 9.15490007E-15 3.59151267E-03 1.12135924E-31 5.73687912E-27 4.03345954E-11 1.00000000E-40 1.00000000E-40 8.01782615E-30 1.80103714E-31 2.85600847E-13 6.88953137E-11 1.13982171E-17 5.20372274E-17 5.31298996E-13 3.57076029E-08 2.95300813E-15 7.30596586E-22 1.31871073E-23 4.06219219E-09 2.82386668E-30 5.10079777E-19 2.35545303E-28 6.95617994E-30 3.79540337E-36 6.29807599E-39 3.22593518E-27 2.50375090E-27 5.08245187E-14 1.94597059E-34 6.12272571E-39 1.86642556E-34 1.00000000E-40 1.00000000E-40 1.25220266E-12 3.47736734E-24 2.02216826E-28 1.00000000E-40 1.00000000E-40 1.19479693E-29 1.96636716E-30 2.67114243E-26 1.05355409E-39 1.31610843E-23 1.54843273E-16 1.16780960E-20 3.15312649E-30 1.00000000E-40 1.00000000E-05 1.00000000E-05 1.00000000E-05 1.00000000E-05 1.00000000E-05 1.00000000E-05 1.00000000E-05 1.00000000E-05 1.00000000E-05 1.00000000E-05
1.77684000E+00 5.97166000E-01 2.37229428E+19 1.82323744E+02 1.00000000E+05 2.27787042E+00 9.36821124E+02 1.23292508E+01 5.47051972E-34 6.04975651E-07 3.38585933E-40 3.38585933E-40 3.38585933E-40 3.38585933E-40 3.44630076E-40 6.48409258E-17 8.00039143E-06 1.31337804E-07 5.38980473E-25 3.38176631E-19 2.79363618E-08 2.32708090E-07 4.86976757E-01 1.01190097E-20 2.80574491E-18 1.00000000E-40 1.00000000E-40 3.14138285E-39 4.21384616E-28 4.64950209E-20 9.15807723E-20 2.76519966E-17 1.86834656E-24 7.69212764E-24 6.60811292E-27 3.17639438E-13 1.93014199E-14 1.23116834E-14 4.43243540E-03 1.14487838E-31 5.93766369E-27 4.17626958E-11 1.00000000E-40 1.00000000E-40 8.27307840E-30 2.15317585E-31 3.32125572E-13 8.41115399E-11 7.47237523E-17 4.48532198E-17 5.82695897E-13 4.00338663E-08 2.84457162E-15 6.39226238E-22 9.13890025E-24 4.17637616E-09 2.91354457E-30 5.26212565E-19 2.43179382E-28 6.97692273E-30 3.90333151E-36 6.56877588E-39 3.33168746E-27 2.57937334E-27 5.04909534E-14 1.95254610E-34 1.00000000E-40 1.66130323E-34 1.00000000E-40 1.00000000E-40 2.91300743E-12 2.30885374E-25 2.29342309E-28 1.00000000E-40 1.00000000E-40 1.33048586E-29 1.94876756E-30 2.75369641E-26 1.71524939E-39 2.17476610E-23 6.96313786E-19 1.29240853E-20 3.09247464E-30 1.00000000E-40 1.00000000E-05 1.00000000E-05 1.00000000E-05 1.00000000E-05 1.00000000E-05 1.00000000E-05 1.00000000E-05 1.00000000E-05 1.00000000E-05 1.00000000E-05
2.96140000E+00 5.07918000E-01 2.02136998E+19 1.81997117E+02 1.00000000E+05 4.37606164E+00 1.79351008E+03 4.57643074E+01 1.03919509E-33 1.13890593E-06 5.95761717E-40 5.95761717E-40 5.95761717E-40 5.95761717E-40 6.08298419E-40 3.17588264E-17 9.01531060E-06 1.53619773E-07 2.48946706E-25 2.97742501E-19 6.00993926E-08 3.23811494E-07 5.55326141E-01 3.15354955E-21 3.15845531E-18 1.00000000E-40 1.00000000E-40 1.66916822E-39 2.20786084E-28 4.77842582E-20 3.32336808E-20 2.63745872E-17 1.36952714E-24 5.77756550E-24 8.10835273E-27 3.64508760E-13 1.67929853E-14 1.66518749E-14 5.38669704E-03 1.15779448E-31 6.19380504E-27 4.34541713E-11 1.00000000E-40 1.00000000E-40 8.57503389E-30 2.93261084E-31 3.35744251E-13 9.70555621E-11 1.19535744E-16 3.71657185E-17 5.16423322E-13 4.51360521E-08 2.65387647E-15 4.81041889E-22 6.22147929E-24 4.29662376E-09 3.01955629E-30 5.45258348E-19 2.53005775E-28 6.98068349E-30 4.01928081E-36 6.84573995E-39 3.45768825E-27 2.66744306E-27 4.25503920E-14 1.95736000E-34 1.00000000E-40 1.52225953E-34 1.00000000E-40 1.00000000E-40 4.87959348E-12 2.02499346E-26 2.55692568E-28 1.00000000E-40 1.00000000E-40 1.43317484E-29 1.92359886E-30 2.84915199E-26 2.81237075E-39 3.02838616E-23 1.79983378E-19 1.53331125E-20 3.03719986E-30 1.00000000E-40 1.00000000E-05 1.00000000E-05 1.00000000E-05 1.00000000E-05 1.00000000E-05 1.00000000E-05 1.00000000E-05 1.00000000E-05 1.00000000E-05 1.00000000E-05
4.14596000E+00 4.40637000E-01 1.75814292E+19 1.81527950E+02 1.00000000E+05 6.05366512E+00 2.48297754E+03 5.48225798E+01 1.44341805E-33 1.52892114E-06 8.24355949E-40 8.24355949E-40 8.24355949E-40 8.24355949E-40 8.42854771E-40 1.96281467E-17 9.96262722E-06 1.69375663E-07 1.45752522E-25 2.57668308E-19 9.67423417E-08 4.23076529E-07 6.17417710E-01 1.54714388E-21 3.41533761E-18 1.00000000E-40 1.00000000E-40 9.51814138E-40 1.33001839E-28 4.79608865E-20 1.61027482E-20 2.45420429E-17 9.80217735E-25 4.21356363E-24 1.03592718E-26 4.16980917E-13 1.47351074E-14 2.08287924E-14 6.33045696E-03 1.13638896E-31 6.36007786E-27 4.43838714E-11 1.00000000E-40 1.00000000E-40 8.71969512E-30 4.26140440E-31 3.27866490E-13 1.05314025E-10 1.41892177E-16 3.11169564E-17 4.35245613E-13 4.98939193E-08 2.40130017E-15 3.36023343E-22 4.11361661E-24 4.31793715E-09 3.07015601E-30 5.54345031E-19 2.59144162E-28 6.81121360E-30 4.04897510E-36 6.95525854E-39 3.52234163E-27 2.70489979E-27 3.45768700E-14 1.91470858E-34 1.00000000E-40 1.40671295E-34 1.00000000E-40 1.00000000E-40 7.03192222E-12 6.80001896E-27 2.76904183E-28 1.00000000E-40 1.00000000E-40 1.47671881E-29 1.84971553E-30 2.88997323E-26 4.46612287E-39 3.75785915E-23 7.72857433E-20 1.87857765E-20 2.92550251E-30 1.00000000E-40 1.00000000E-05 1.00000000E-05 1.00000000E-05 1.00000000E-05 1.00000000E-05 1.00000000E-05 1.00000000E-05 1.00000000E-05 1.00000000E-05 1.00000000E-05
5.33052000E+00 3.89650000E-01 1.55536542E+19 1.81450830E+02 1.00000000E+05 7.25243687E+00 3.00777850E+03 4.85564023E+01 1.76090172E-33 1.83230604E-06 1.03310297E-39 1.03310297E-39 1.03310297E-39 1.03310297E-39 1.05691700E-39 1.38253302E-17 1.07928939E-05 1.91033036E-07 9.90949498E-26 2.23838494E-19 1.36543562E-07 5.26598038E-07 6.69378304E-01 9.53486202E-22 3.55631685E-18 1.00000000E-40 1.00000000E-40 1.00000000E-40 8.74853382E-29 4.70318069E-20 8.60273287E-21 2.22958802E-17 6.78252572E-25 2.96334559E-24 1.34811525E-26 4.71436720E-13 1.27205626E-14 2.39415117E-14 7.28549510E-03 1.08566665E-31 6.43118594E-27 4.45345106E-11 1.00000000E-40 1.00000000E-40 8.70280144E-30 6.36933501E-31 3.19804187E-13 1.08786737E-10 1.47632935E-16 2.60523005E-17 3.68367923E-13 5.40592041E-08 2.12990655E-15 2.31109371E-22 2.65256694E-24 4.23917257E-09 3.06400253E-30 5.53373201E-19 2.61450649E-28 6.49246232E-30 3.99631134E-36 6.88941650E-39 3.52471069E-27 2.69148614E-27 2.82812106E-14 1.82815704E-34 1.00000000E-40 1.30853042E-34 1.00000000E-40 1.00000000E-40 9.27334007E-12 3.80730876E-27 2.92950726E-28 1.00000000E-40 1.00000000E-40 1.46573444E-29 1.73435233E-30 2.87580051E-26 6.88090539E-39 4.33101499E-23 4.27635537E-20 2.33933837E-20 2.76649743E-30 1.00000000E-40 1.00000000E-05 1.00000000E-05 1.00000000E-05 1.00000000E-05 1.00000000E-05 1.00000000E-05 1.00000000E-05 1.00000000E-05 1.00000000E-05 1.00000000E-05
6.51508000E+00 3.46768000E-01 1.38133596E+19 1.81826179E+02 1.00000000E+05 8.47589356E+00 3.54104825E+03 4.88193087E+01 2.07942928E-33 2.14177981E-06 1.23228841E-39 1.23228841E-39 1.23228841E-39 1.23228841E-39 1.26151111E-39 1.07323310E-17 1.16042333E-05 2.25209320E-07 7.41047325E-26 1.94100277E-19 1.80190421E-07 6.37969099E-07 7.17510672E-01 6.85569657E-22 3.61806051E-18 1.00000000E-40 1.00000000E-40 1.00000000E-40 6.16944232E-29 4.56402929E-20 4.82939156E-21 2.00292253E-17 4.58980789E-25 2.03444267E-24 1.77822229E-26 5.30590483E-13 1.08710429E-14 2.59576601E-14 8.48861227E-03 1.02362898E-31 6.48422863E-27 4.44760564E-11 1.00000000E-40 1.00000000E-40 8.63407116E-30 9.67857445E-31 3.16757201E-13 1.09065383E-10 1.41871417E-16 2.20863096E-17 3.19226513E-13 5.81231208E-08 1.87842710E-15 1.62037487E-22 1.69149250E-24 4.11690403E-09 3.03991371E-30 5.49537790E-19 2.63118482E-28 6.13730242E-30 3.92026039E-36 6.73711838E-39 3.51027552E-27 2.66245310E-27 2.36899498E-14 1.72525269E-34 1.00000000E-40 1.23580685E-34 1.00000000E-40 1.00000000E-40 1.16473508E-11 2.44013185E-27 3.07538346E-28 1.00000000E-40 1.00000000E-40 1.42397733E-29 1.60634030E-30 2.84435292E-26 1.04439743E-38 4.79630509E-23 2.79699671E-20 2.95599440E-20 2.60267489E-30 1.00000000E-40 1.00000000E-05 1.00000000E-05 1.00000000E-05 1.00000000E-05 1.00000000E-05 1.00000000E-05 1.00000000E-05 1.00000000E-05 1.00000000E-05 1.00000000E-05
7.69964000E+00 3.08741000E-01 1.22712286E+19 1.82231302E+02 1.00000000E+05 9.81262318E+00 4.12338784E+03 4.83162322E+01 2.42494978E-33 2.47683909E-06 1.44204725E-39 1.44204725E-39 1.44204725E-39 1.44204725E-39 1.47730530E-39 8.62414630E-18 1.24497218E-05 2.70882829E-07 5.68048624E-26 1.66192549E-19 2.28836481E-07 7.60805528E-07 7.65750799E-01 5.22079795E-22 3.62224639E-18 1.00000000E-40 1.00000000E-40 1.00000000E-40 4.46488031E-29 4.40884127E-20 2.79758876E-21 1.78974156E-17 3.07336440E-25 1.37992979E-24 2.36241478E-26 5.96154277E-13 9.26775231E-15 2.74845622E-14 9.96914276E-03 9.58459232E-32 6.55317358E-27 4.44793199E-11 1.00000000E-40 1.00000000E-40 8.56271982E-30 1.48219181E-30 3.12854197E-13 1.07108921E-10 1.29028522E-16 1.79426749E-17 2.75303086E-13 6.23512079E-08 1.64382193E-15 1.14309564E-22 1.07331220E-24 3.97743803E-09 3.01541260E-30 5.46229944E-19 2.65564494E-28 5.81002444E-30 3.85306969E-36 6.54120976E-39 3.50053710E-27 2.63427903E-27 1.97494667E-14 1.61836179E-34 1.00000000E-40 1.18611049E-34 1.00000000E-40 1.00000000E-40 1.42185331E-11 1.64862076E-27 3.22911878E-28 1.00000000E-40 1.00000000E-40 1.36416894E-29 1.47850133E-30 2.81337873E-26 1.57265840E-38 5.19453799E-23 1.96219520E-20 3.77054801E-20 2.45271207E-30 1.73379000E-40 1.00000000E-05 1.00000000E-05 1.00000000E-05 1.00000000E-05 1.00000000E-05 1.00000000E-05 1.00000000E-05 1.00000000E-05 1.00000000E-05 1.00000000E-05
8.88420000E+00 2.75166000E-01 1.09095315E+19 1.82686050E+02 1.00000000E+05 1.12845568E+01 4.76947373E+03 4.86794782E+01 2.80675507E-33 2.84691793E-06 1.67130555E-39 1.67130555E-39 1.67130555E-39 1.67130555E-39 1.71320216E-39 7.08755440E-18 1.33119182E-05 3.28691789E-07 4.43108897E-26 1.40857543E-19 2.82883264E-07 8.95574836E-07 8.13789680E-01 4.12736328E-22 3.56945560E-18 1.00000000E-40 1.00000000E-40 1.00000000E-40 3.28381390E-29 4.23665567E-20 1.64419664E-21 1.58985165E-17 2.03454624E-25 9.24126778E-25 3.13472117E-26 6.67442815E-13 7.85475031E-15 2.91495680E-14 1.17507639E-02 8.90767618E-32 6.62769113E-27 4.45151034E-11 1.00000000E-40 1.00000000E-40 8.47891460E-30 2.26710270E-30 3.07765853E-13 1.03163388E-10 1.12655940E-16 1.43228855E-17 2.35701622E-13 6.66554899E-08 1.42688619E-15 8.07802206E-23 6.77535214E-25 3.81904443E-09 2.98722317E-30 5.43115651E-19 2.68402814E-28 5.53986768E-30 3.80230484E-36 6.29982441E-39 3.49326714E-27 2.60530866E-27 1.63806779E-14 1.50751396E-34 1.00000000E-40 1.15110989E-34 1.00000000E-40 1.00000000E-40 1.70061507E-11 1.15059207E-27 3.39606362E-28 1.00000000E-40 1.00000000E-40 1.28905445E-29 1.35166099E-30 2.78130681E-26 2.34820169E-38 5.53739508E-23 1.44252539E-20 4.81463165E-20 2.31609488E-30 3.65995000E-40 1.00000000E-05 1.00000000E-05 1.00000000E-05 1.00000000E-05 1.00000000E-05 1.00000000E-05 1.00000000E-05 1.00000000E-05 1.00000000E-05 1.00000000E-05
1.00688000E+01 2.45598000E-01 9.71251684E+18 1.83151196E+02 1.00000000E+05 1.29051361E+01 5.48772678E+03 4.97875589E+01 3.22778375E-33 3.25697298E-06 1.92033939E-39 1.92033939E-39 1.92033939E-39 1.92033939E-39 1.96818092E-39 5.88013441E-18 1.41731111E-05 3.99274184E-07 3.47994221E-26 1.18107808E-19 3.42701151E-07 1.04266090E-06 8.61343968E-01 3.32256056E-22 3.46288916E-18 1.00000000E-40 1.00000000E-40 1.00000000E-40 2.42954938E-29 4.04814509E-20 9.70668633E-22 1.40370849E-17 1.33225537E-25 6.11474136E-25 4.13404809E-26 7.44204166E-13 6.60740081E-15 3.46385091E-14 1.38469793E-02 8.21321241E-32 6.69721664E-27 4.45589814E-11 1.00000000E-40 1.00000000E-40 8.37396524E-30 3.44626225E-30 2.99735343E-13 9.74987058E-11 9.52317938E-17 1.12597316E-17 1.99464341E-13 7.09462237E-08 1.22680607E-15 5.69361882E-23 4.25399179E-25 3.64150575E-09 2.95242739E-30 5.39938091E-19 2.71237819E-28 5.37098743E-30 3.77858809E-36 6.01407410E-39 3.48668315E-27 2.57429912E-27 1.34568541E-14 1.39336880E-34 1.00000000E-40 1.12482942E-34 1.00000000E-40 1.00000000E-40 2.00367830E-11 8.17485723E-28 3.58378748E-28 1.00000000E-40 1.00000000E-40 1.20168197E-29 1.22709811E-30 2.74705608E-26 3.47480428E-38 5.83395206E-23 1.08843625E-20 6.12167988E-20 2.19291125E-30 7.73217000E-40 1.00000000E-05 1.00000000E-05 1.00000000E-05 1.00000000E-05 1.00000000E-05 1.00000000E-05 1.00000000E-05 1.00000000E-05 1.00000000E-05 1.00000000E-05
1.12533000E+01 2.19575000E-01 8.66041506E+18 1.83637301E+02 1.00000000E+05 1.47014206E+01 6.29159865E+03 5.14375963E+01 3.69121016E-33 3.70999951E-06 2.18561836E-39 2.18561836E-39 2.18561836E-39 2.18561836E-39 2.23738779E-39 4.90054359E-18 1.50168983E-05 4.83232193E-07 2.73546435E-26 9.81431887E-20 4.08661251E-07 1.20246483E-06 9.08191079E-01 2.70340283E-22 3.30832950E-18 1.00000000E-40 1.00000000E-40 1.00000000E-40 1.80081178E-29 3.84565708E-20 5.74731343E-22 1.23226620E-17 8.63531528E-26 4.00096733E-25 5.40362055E-26 8.26704499E-13 5.52387204E-15 6.49579845E-14 1.62684826E-02 7.51069326E-32 6.75168876E-27 4.45930409E-11 1.00000000E-40 1.00000000E-40 8.24106126E-30 5.19206006E-30 2.83785508E-13 9.04196724E-11 7.84464229E-17 8.81400829E-18 1.66727512E-13 7.51397153E-08 1.04433765E-15 3.99426251E-23 2.65632486E-25 3.44615399E-09 2.90868575E-30 5.36536479E-19 2.73693097E-28 5.36771008E-30 3.79561374E-36 5.68808770E-39 3.47958136E-27 2.54050756E-27 1.09453667E-14 1.27714969E-34 1.00000000E-40 1.10289404E-34 1.00000000E-40 1.00000000E-40 2.33360196E-11 5.87074433E-28 3.80216993E-28 1.00000000E-40 1.00000000E-40 1.10542178E-29 1.10643961E-30 2.71011797E-26 5.09336988E-38 6.09132985E-23 8.31903519E-21 7.72573225E-20 2.08367875E-30 1.65316000E-39 1.00000000E-05 1.00000000E-05 1.00000000E-05 1.00000000E-05 1.00000000E-05 1.00000000E-05 1.00000000E-05 1.00000000E-05 1.00000000E-05 1.00000000E-05
1.24379000E+01 1.96694000E-01 7.74202165E+18 1.84015094E+02 1.00000000E+05 1.66709541E+01 7.17809152E+03 5.35625372E+01 4.18832933E-33 4.18486212E-06 2.46316305E-39 2.46316305E-39 2.46316305E-39 2.46316305E-39 2.52198058E-39 4.03178136E-18 1.58247207E-05 5.77749892E-07 2.08087718E-26 8.05317714E-20 4.81015265E-07 1.37507078E-06 9.53904008E-01 2.17053489E-22 3.11289366E-18 1.00000000E-40 1.00000000E-40 1.00000000E-40 1.32012025E-29 3.63203765E-20 3.53073639E-22 1.07653211E-17 5.56174197E-26 2.59907031E-25 6.98774567E-26 9.15529841E-13 4.63843412E-15 2.26460537E-13 1.89575052E-02 6.80905073E-32 6.78024192E-27 4.45935832E-11 1.00000000E-40 1.00000000E-40 8.07348220E-30 7.73802877E-30 2.38526234E-13 8.22694063E-11 6.31549497E-17 6.73411647E-18 1.36199730E-13 7.91408884E-08 8.77462646E-16 2.75619153E-23 1.64931955E-25 3.23483739E-09 2.85356464E-30 5.32696491E-19 2.75358543E-28 5.61996774E-30 3.86880786E-36 5.32720064E-39 3.47037569E-27 2.50298493E-27 8.71658630E-15 1.16019438E-34 1.00000000E-40 1.08153660E-34 1.00000000E-40 1.00000000E-40 2.68577633E-11 4.20135711E-28 4.06186837E-28 1.00000000E-40 1.00000000E-40 1.00355300E-29 9.91235031E-31 2.66978830E-26 7.38977401E-38 6.31329422E-23 6.18993674E-21 9.65684386E-20 1.98870304E-30 3.64660000E-39 1.00000000E-05 1.00000000E-05 1.00000000E-05 1.00000000E-05 1.00000000E-05 1.00000000E-05 1.00000000E-05 1.00000000E-05 1.00000000E-05 1.00000000E-05
1.36224000E+01 1.76553000E-01 6.93761894E+18 1.84323784E+02 1.00000000E+05 1.88449302E+01 8.14437470E+03 5.60996055E+01 4.72220137E-33 4.66296478E-06 2.76660322E-39 2.76660322E-39 2.76660322E-39 2.76660322E-39 2.83380958E-39 3.27818183E-18 1.65807534E-05 6.84304059E-07 1.48949286E-26 6.53334123E-20 5.60005399E-07 1.56058769E-06 9.98096853E-01 1.72214438E-22 2.88546256E-18 1.00000000E-40 1.00000000E-40 1.00000000E-40 9.57921519E-30 3.41152581E-20 3.45559499E-22 9.37841576E-18 3.57176267E-26 1.68216897E-25 8.93102456E-26 1.01193913E-12 3.98019054E-15 9.33768166E-13 2.19424803E-02 6.11876817E-32 6.77371842E-27 4.45437561E-11 1.00000000E-40 1.00000000E-40 7.86738015E-30 1.13963719E-29 1.37477115E-13 7.35594746E-11 4.98154901E-17 5.05144892E-18 1.09108540E-13 8.28676995E-08 7.27828878E-16 1.87008396E-23 1.01851930E-25 3.01071178E-09 2.78548155E-30 5.28299696E-19 2.75894080E-28 6.25395688E-30 4.01594601E-36 4.93915479E-39 3.45807823E-27 2.46128334E-27 6.81177382E-15 1.04420039E-34 1.00000000E-40 1.05826663E-34 1.00000000E-40 1.00000000E-40 3.02716518E-11 2.99235269E-28 4.37488142E-28 1.00000000E-40 1.00000000E-40 8.99386856E-30 8.83153816E-31 2.62590297E-26 1.06064476E-37 6.50244353E-23 4.35434992E-21 1.19405011E-19 1.90816855E-30 7.93615000E-39 1.00000000E-05 1.00000000E-05 1.00000000E-05 1.00000000E-05 1.00000000E-05 1.00000000E-05 1.00000000E-05 1.00000000E-05 1.00000000E-05 1.00000000E-05
1.48070000E+01 1.58735000E-01 6.22526739E+18 1.84684906E+02 1.00000000E+05 2.12488791E+01 9.16400655E+03 5.91223685E+01 5.35666270E-33 5.18076277E-06 3.10292726E-39 3.10292726E-39 3.10292726E-39 3.10292726E-39 3.17981418E-39 2.66118439E-18 1.72790740E-05 8.09244697E-07 1.05891871E-26 5.27428392E-20 6.46169625E-07 1.75995937E-06 1.04081435E+00 1.36890076E-22 2.63666823E-18 1.00000000E-40 1.00000000E-40 1.00000000E-40 6.93409123E-30 3.19026088E-20 1.30504418E-21 8.17893813E-18 2.30021758E-26 1.09074950E-25 1.12815046E-25 1.11854788E-12 3.44066622E-15 2.97442096E-12 2.53535012E-02 5.45215975E-32 6.72743991E-27 4.44479645E-11 1.00000000E-40 1.00000000E-40 7.62437758E-30 1.65856457E-29 5.04285147E-14 6.49378914E-11 3.86905934E-17 3.80485588E-18 8.68791253E-14 8.62868048E-08 5.97244482E-16 1.25858585E-23 6.26068099E-26 2.77866893E-09 2.70460281E-30 5.23485048E-19 2.75147765E-28 7.44700403E-30 4.25809425E-36 4.53457383E-39 3.44339571E-27 2.41617125E-27 5.27083812E-15 9.31260130E-35 1.00000000E-40 1.03196708E-34 1.00000000E-40 1.00000000E-40 3.29195503E-11 2.13230502E-28 4.75563844E-28 1.00000000E-40 1.00000000E-40 7.96229825E-30 7.83983783E-31 2.57958228E-26 1.50617948E-37 6.66291367E-23 3.05984755E-21 1.46021915E-19 1.84267558E-30 1.68303000E-38 1.00000000E-05 1.00000000E-05 1.00000000E-05 1.00000000E-05 1.00000000E-05 1.00000000E-05 1.00000000E-05 1.00000000E-05 1.00000000E-05 1.00000000E-05
1.59916000E+01 1.42810000E-01 5.59040679E+18 1.85025645E+02 1.00000000E+05 2.38506671E+01 1.02389586E+04 6.26494262E+01 6.40096905E-33 5.76110296E-06 3.47746844E-39 3.47746844E-39 3.47746844E-39 3.47746844E-39 3.56558314E-39 2.13945513E-18 1.79277042E-05 9.54370925E-07 7.67627006E-27 4.26324210E-20 7.40636604E-07 1.97568256E-06 1.08275863E+00 1.07788133E-22 2.37805938E-18 1.00000000E-40 1.00000000E-40 1.00000000E-40 4.98186694E-30 2.97597425E-20 5.21248491E-21 7.18666124E-18 1.50584825E-26 7.17765171E-26 1.40953538E-25 1.23961220E-12 2.95463169E-15 6.61790430E-12 2.92349091E-02 4.82203296E-32 6.64237334E-27 4.43375811E-11 1.00000000E-40 1.00000000E-40 7.35221349E-30 2.38696329E-29 1.96561258E-14 5.67682845E-11 2.98628071E-17 2.85994623E-18 6.90478305E-14 8.94334849E-08 4.84384941E-16 8.36641510E-24 3.83548025E-26 2.54498537E-09 2.61306448E-30 5.18705167E-19 2.73213763E-28 9.44822219E-30 4.62035931E-36 4.12612027E-39 3.42914911E-27 2.36983436E-27 4.01796377E-15 8.23652236E-35 1.00000000E-40 1.00221208E-34 1.00000000E-40 1.00000000E-40 3.47287004E-11 1.51047672E-28 5.22183513E-28 1.00000000E-40 1.00000000E-40 6.97219283E-30 6.95467603E-31 2.53343503E-26 2.11773177E-37 6.80184614E-23 2.20185776E-21 1.76733804E-19 1.79371129E-30 3.20502000E-38 1.00000000E-05 1.00000000E-05 1.00000000E-05 1.00000000E-05 1.00000000E-05 1.00000000E-05 1.00000000E-05 1.00000000E-05 1.00000000E-05 1.00000000E-05
1.71761000E+01 1.28408000E-01 5.01809123E+18 1.85340464E+02 1.00000000E+05 2.66101463E+01 1.14461588E+04 6.67434880E+01 8.62055887E-33 6.41926335E-06 3.89768286E-39 3.89768286E-39 3.89768286E-39 3.89768286E-39 3.99894340E-39 1.70187380E-18 1.85430662E-05 1.12381352E-06 5.52421404E-27 3.50342543E-20 8.45116053E-07 2.21166333E-06 1.12497004E+00 8.39396288E-23 2.12008077E-18 1.00000000E-40 1.00000000E-40 1.00000000E-40 3.55464540E-30 2.77620866E-20 1.46265145E-20 6.42120679E-18 1.02070306E-26 4.87619600E-26 1.74377743E-25 1.38094956E-12 2.54176247E-15 1.18341969E-11 3.36823207E-02 4.23852700E-32 6.52247483E-27 4.42538327E-11 1.00000000E-40 1.00000000E-40 7.06128162E-30 3.40044070E-29 9.24072573E-15 4.92163651E-11 2.32818566E-17 2.17452045E-18 5.55836020E-14 9.23836029E-08 3.88482773E-16 5.48339824E-24 2.34548586E-26 2.31562449E-09 2.51373741E-30 5.14516959E-19 2.70339514E-28 1.26053493E-29 5.13119907E-36 3.72554217E-39 3.41893796E-27 2.32485081E-27 3.01775254E-15 7.23258848E-35 1.00000000E-40 9.69240038E-35 1.00000000E-40 1.00000000E-40 3.59989287E-11 1.06219801E-28 5.79343216E-28 1.00000000E-40 1.00000000E-40 6.04791959E-30 6.18877565E-31 2.49046569E-26 2.95083395E-37 6.92737693E-23 1.57820259E-21 2.11918290E-19 1.76278429E-30 5.67968000E-38 1.00000000E-05 1.00000000E-05 1.00000000E-05 1.00000000E-05 1.00000000E-05 1.00000000E-05 1.00000000E-05 1.00000000E-05 1.00000000E-05 1.00000000E-05
1.83607000E+01 1.15307000E-01 4.49889795E+18 1.85637730E+02 1.00000000E+05 2.96510932E+01 1.28290849E+04 7.15783500E+01 1.27854024E-32 7.17533195E-06 4.37416860E-39 4.37416860E-39 4.37416860E-39 4.37416860E-39 4.49095377E-39 1.34043371E-18 1.91361688E-05 1.32637894E-06 3.92068993E-27 2.99553770E-20 9.61427496E-07 2.47190515E-06 1.16802068E+00 6.46951912E-23 1.87005199E-18 1.00000000E-40 1.00000000E-40 1.00000000E-40 2.52382525E-30 2.59610798E-20 3.23793490E-20 5.89992291E-18 7.32962516E-27 3.49405624E-26 2.13735142E-25 1.54936916E-12 2.19125200E-15 1.86801625E-11 3.88743608E-02 3.70601409E-32 6.36960304E-27 4.42150314E-11 1.00000000E-40 1.00000000E-40 6.75908210E-30 4.79774530E-29 4.87687340E-15 4.23502081E-11 1.87741281E-17 1.70805813E-18 4.64840229E-14 9.51843995E-08 3.08219063E-16 3.54590714E-24 1.43327161E-26 2.09428559E-09 2.40823072E-30 5.11199481E-19 2.66734995E-28 1.73951483E-29 5.81979787E-36 3.34043137E-39 3.41461651E-27 2.28243462E-27 2.23564398E-15 6.31004628E-35 1.00000000E-40 9.33352251E-35 1.00000000E-40 1.00000000E-40 3.69981401E-11 7.41392623E-29 6.48903217E-28 1.00000000E-40 1.00000000E-40 5.20239265E-30 5.54612308E-31 2.45220140E-26 4.07640912E-37 7.04374609E-23 1.12032599E-21 2.51894062E-19 1.75024074E-30 9.44177000E-38 1.00000000E-05 1.00000000E-05 1.00000000E-05 1.00000000E-05 1.00000000E-05 1.00000000E-05 1.00000000E-05 1.00000000E-05 1.00000000E-05 1.00000000E-05
1.95452000E+01 1.03355000E-01 4.02398358E+18 1.86033865E+02 1.00000000E+05 3.31040418E+01 1.44227545E+04 7.72199098E+01 2.02076674E-32 8.04884381E-06 4.91678615E-39 4.91678615E-39 4.91678615E-39 4.91678615E-39 5.05204835E-39 1.05675387E-18 1.97173086E-05 1.58049624E-06 2.77661376E-27 2.75763175E-20 1.09172504E-06 2.76108984E-06 1.21232574E+00 5.00686606E-23 1.63315822E-18 1.00000000E-40 1.00000000E-40 1.00000000E-40 1.80042405E-30 2.43965699E-20 6.20899725E-20 5.64438848E-18 5.71008939E-27 2.70068511E-26 2.59689065E-25 1.75320281E-12 1.88699199E-15 2.73339976E-11 4.51557017E-02 3.22578038E-32 6.18556045E-27 4.42312052E-11 1.00000000E-40 1.00000000E-40 6.45283662E-30 6.70763072E-29 2.77129498E-15 3.61900567E-11 1.61645714E-17 1.45571900E-18 4.20351279E-14 9.78777200E-08 2.42426568E-16 2.28332893E-24 8.75897909E-27 1.88347009E-09 2.29777977E-30 5.08930525E-19 2.62678977E-28 2.44724942E-29 6.71804630E-36 2.97596070E-39 3.41744321E-27 2.24325962E-27 1.64802759E-15 5.47297644E-35 1.00000000E-40 8.95305273E-35 1.00000000E-40 1.00000000E-40 3.79500098E-11 5.17100655E-29 7.32735764E-28 1.00000000E-40 1.00000000E-40 4.44145129E-30 5.02616064E-31 2.41957629E-26 5.58495487E-37 7.15352447E-23 7.98203706E-22 2.96950350E-19 1.75604750E-30 1.48455000E-37 1.00000000E-05 1.00000000E-05 1.00000000E-05 1.00000000E-05 1.00000000E-05 1.00000000E-05 1.00000000E-05 1.00000000E-05 1.00000000E-05 1.00000000E-05
2.07298000E+01 9.24529000E-02 3.59198708E+18 1.86424286E+02 1.00000000E+05 3.70544896E+01 1.62673531E+04 8.37626692E+01 3.82177152E-32 9.06313872E-06 5.53661267E-39 5.53661267E-39 5.53661267E-39 5.53661267E-39 5.69391768E-39 8.24938019E-19 2.02935598E-05 1.89723527E-06 1.94713320E-27 2.79874264E-20 1.23834779E-06 3.08420214E-06 1.25800743E+00 3.83448758E-23 1.41271851E-18 1.00000000E-40 1.00000000E-40 1.00000000E-40 1.28283412E-30 2.30978781E-20 1.08148107E-19 5.68352641E-18 4.93814899E-27 2.30375267E-26 3.12841295E-25 2.00223440E-12 1.61749126E-15 3.80966742E-11 5.27198064E-02 2.79680248E-32 5.97165559E-27 4.43010157E-11 1.00000000E-40 1.00000000E-40 6.14940728E-30 9.29414171E-29 1.63512492E-15 3.07223647E-11 1.52626444E-17 1.35299906E-18 4.19508258E-14 1.00487461E-07 1.88615892E-16 1.45332167E-24 5.35550022E-27 1.68465316E-09 2.18316834E-30 5.07756470E-19 2.58527124E-28 3.47205579E-29 7.85982211E-36 2.63520817E-39 3.42785408E-27 2.20735645E-27 1.19953886E-15 4.72163339E-35 1.00000000E-40 8.55574716E-35 1.00000000E-40 1.00000000E-40 3.90340384E-11 3.57784243E-29 8.32592217E-28 1.00000000E-40 1.00000000E-40 3.76609355E-30 4.62495889E-31 2.39281688E-26 7.58895633E-37 7.25709703E-23 5.66100970E-22 3.47269304E-19 1.78000828E-30 2.24578000E-37 1.00000000E-05 1.00000000E-05 1.00000000E-05 1.00000000E-05 1.00000000E-05 1.00000000E-05 1.00000000E-05 1.00000000E-05 1.00000000E-05 1.00000000E-05
2.19144000E+01 8.25243000E-02 3.19879942E+18 1.86857941E+02 1.00000000E+05 4.15665937E+01 1.84031481E+04 9.12699369E+01 9.38415586E-32 1.02419934E-05 6.24369737E-39 6.24369737E-39 6.24369737E-39 6.24369737E-39 6.42735902E-39 6.40302224E-19 2.08701185E-05 2.30466947E-06 1.36036721E-27 3.15573258E-20 1.40387927E-06 3.44668609E-06 1.30499312E+00 2.92199877E-23 1.21073995E-18 1.00000000E-40 1.00000000E-40 1.00000000E-40 9.17681246E-31 2.20885813E-20 1.76870242E-19 6.05723672E-18 4.78335359E-27 2.19114649E-26 3.73692524E-25 2.30795312E-12 1.37540343E-15 5.13889037E-11 6.20283403E-02 2.41693311E-32 5.72941102E-27 4.44166920E-11 1.00000000E-40 1.00000000E-40 5.85637524E-30 1.27633904E-28 9.89711115E-16 2.59156367E-11 1.59200611E-17 1.38705539E-18 4.67016025E-14 1.03026219E-07 1.45252734E-16 9.16556555E-25 3.27746335E-27 1.49873896E-09 2.06505781E-30 5.07652992E-19 2.54776291E-28 4.93141640E-29 9.28120040E-36 2.31995028E-39 3.44584961E-27 2.17440722E-27 8.65049967E-16 4.05441319E-35 1.00000000E-40 8.15262548E-35 1.00000000E-40 1.00000000E-40 4.04001468E-11 2.46370069E-29 9.50085395E-28 1.00000000E-40 1.00000000E-40 3.17415732E-30 4.33680967E-31 2.37175403E-26 1.02260307E-36 7.35348102E-23 4.02610402E-22 4.02899138E-19 1.82176761E-30 3.29438000E-37 1.00000000E-05 1.00000000E-05 1.00000000E-05 1.00000000E-05 1.00000000E-05 1.00000000E-05 1.00000000E-05 1.00000000E-05 1.00000000E-05 1.00000000E-05
2.30989000E+01 7.35050000E-02 2.84092569E+18 1.87401786E+02 1.00000000E+05 4.67552911E+01 2.08986982E+04 9.99173530E+01 3.13367751E-31 1.16260985E-05 7.05590752E-39 7.05590752E-39 7.05590752E-39 7.05590752E-39 7.27137744E-39 4.97189287E-19 2.14520742E-05 2.85002982E-06 9.53746929E-28 3.88352268E-20 1.59132791E-06 3.85486867E-06 1.35314401E+00 2.23363272E-23 1.02820310E-18 1.00000000E-40 1.00000000E-40 1.00000000E-40 6.63426582E-31 2.13889109E-20 2.77787590E-19 6.81944617E-18 5.15334085E-27 2.31237650E-26 4.42636737E-25 2.68395111E-12 1.15689102E-15 6.77667691E-11 7.38006084E-02 2.08336352E-32 5.46100620E-27 4.45683066E-11 1.00000000E-40 1.00000000E-40 5.58272027E-30 1.73722215E-28 6.12301417E-16 2.17273805E-11 1.80151304E-17 1.54989189E-18 5.72588385E-14 1.05503950E-07 1.10839920E-16 5.76388544E-25 2.00799928E-27 1.32626021E-09 1.94416618E-30 5.08574922E-19 2.52130418E-28 6.97982535E-29 1.10211818E-35 2.03101278E-39 3.47132852E-27 2.14396174E-27 6.21191324E-16 3.46871835E-35 1.00000000E-40 7.75908594E-35 1.00000000E-40 1.00000000E-40 4.21760987E-11 1.69775641E-29 1.08672266E-27 1.00000000E-40 1.00000000E-40 2.66154400E-30 4.15491228E-31 2.35605847E-26 1.36629922E-36 7.44112483E-23 2.89742150E-22 4.63765721E-19 1.88109945E-30 4.73890000E-37 1.00000000E-05 1.00000000E-05 1.00000000E-05 1.00000000E-05 1.00000000E-05 1.00000000E-05 1.00000000E-05 1.00000000E-05 1.00000000E-05 1.00000000E-05
2.42835000E+01 6.53356000E-02 2.51672627E+18 1.88031504E+02 1.00000000E+05 5.27196800E+01 2.38191285E+04 1.09876325E+02 1.37613419E-30 1.32558536E-05 7.98829939E-39 7.98829939E-39 7.98829939E-39 7.98829939E-39 8.24215257E-39 3.85085789E-19 2.20445120E-05 3.59295884E-06 6.70306321E-28 5.04898349E-20 1.80416163E-06 4.31603892E-06 1.40227327E+00 1.70599424E-23 8.65324045E-19 1.00000000E-40 1.00000000E-40 1.00000000E-40 4.84542480E-31 2.10166958E-20 4.23861886E-19 8.04059620E-18 6.05918788E-27 2.66289374E-26 5.19904674E-25 3.14601578E-12 9.60562795E-16 8.79358595E-11 8.88294152E-02 1.79298415E-32 5.16936132E-27 4.47447690E-11 1.00000000E-40 1.00000000E-40 5.33917038E-30 2.34346595E-28 3.84406274E-16 1.81098257E-11 2.14452809E-17 1.81352143E-18 7.48890752E-14 1.07928597E-07 8.37650958E-17 3.61196402E-25 1.23176394E-27 1.16752270E-09 1.82132716E-30 5.10468764E-19 2.51559031E-28 9.81647652E-29 1.31211018E-35 1.76854917E-39 3.50416211E-27 2.11550374E-27 4.43410024E-16 2.96169401E-35 1.00000000E-40 7.39102138E-35 1.00000000E-40 1.00000000E-40 4.44709160E-11 1.17206250E-29 1.24381610E-27 1.00000000E-40 1.00000000E-40 2.22329740E-30 4.07172167E-31 2.34530792E-26 1.80975600E-36 7.51811534E-23 2.10855219E-22 5.29637912E-19 1.95810376E-30 6.72091000E-37 1.00000000E-05 1.00000000E-05 1.00000000E-05 1.00000000E-05 1.00000000E-05 1.00000000E-05 1.00000000E-05 1.00000000E-05 1.00000000E-05 1.00000000E-05
2.54680000E+01 5.79562000E-02 2.22347571E+18 1.88792280E+02 1.00000000E+05 5.93692409E+01 2.71610209E+04 1.20880113E+02 7.41046389E-30 1.51370158E-05 9.02753237E-39 9.02753237E-39 9.02753237E-39 9.02753237E-39 9.32695184E-39 2.98740591E-19 2.26531804E-05 4.63181683E-06 4.75602868E-28 6.75496462E-20 2.04644769E-06 4.83876428E-06 1.45220348E+00 1.30888831E-23 7.21743603E-19 1.00000000E-40 1.00000000E-40 1.00000000E-40 3.59099748E-31 2.09881267E-20 6.34830247E-19 9.81043547E-18 7.57996992E-27 3.26555089E-26 6.05537289E-25 3.71234214E-12 7.86439259E-16 1.12775338E-10 1.08258021E-01 1.54261345E-32 4.85817774E-27 4.49355034E-11 1.00000000E-40 1.00000000E-40 5.13852513E-30 3.13294878E-28 2.45414944E-16 1.50133129E-11 2.61495722E-17 2.17317307E-18 1.01950447E-13 1.10309439E-07 6.27681865E-17 2.26386903E-25 7.56610172E-28 1.02268857E-09 1.69752210E-30 5.13292332E-19 2.54369419E-28 1.36939848E-28 1.56246418E-35 1.53221670E-39 3.54432515E-27 2.08853332E-27 3.15719054E-16 2.53071515E-35 1.00000000E-40 7.06707441E-35 1.00000000E-40 1.00000000E-40 4.73800185E-11 8.17090662E-30 1.42244294E-27 1.00000000E-40 1.00000000E-40 1.85402903E-30 4.07917242E-31 2.33907864E-26 2.37602333E-36 7.58251071E-23 1.56233228E-22 6.00125299E-19 2.05325725E-30 9.41382000E-37 1.00000000E-05 1.00000000E-05 1.00000000E-05 1.00000000E-05 1.00000000E-05 1.00000000E-05 1.00000000E-05 1.00000000E-05 1.00000000E-05 1.00000000E-05
2.66526000E+01 5.13074000E-02 1.95992557E+18 1.89608214E+02 1.00000000E+05 6.70187510E+01 3.11119750E+04 1.33548986E+02 4.41903623E-29 1.73853683E-05 1.02208815E-38 1.02208815E-38 1.02208815E-38 1.02208815E-38 1.05756661E-38 2.30497524E-19 2.32840548E-05 6.10819841E-06 3.39671072E-28 9.11074510E-20 2.32289502E-06 5.43297966E-06 1.50275193E+00 9.99205652E-24 5.96659272E-19 1.00000000E-40 1.00000000E-40 1.00000000E-40 2.68814538E-31 2.13172063E-20 9.35666105E-19 1.22399565E-17 9.86132537E-27 4.17074777E-26 6.99327879E-25 4.40344292E-12 6.34983686E-16 1.43372492E-10 1.33328978E-01 1.32908886E-32 4.53173374E-27 4.51299221E-11 1.00000000E-40 1.00000000E-40 4.99571298E-30 4.15040241E-28 1.58638711E-16 1.23880733E-11 3.20894617E-17 2.56649064E-18 1.41286525E-13 1.12655293E-07 4.66026750E-17 1.41453157E-25 4.65436826E-28 8.91800488E-10 1.57382409E-30 5.17008663E-19 2.62276355E-28 1.89254613E-28 1.85767392E-35 1.32125688E-39 3.59184899E-27 2.06254534E-27 2.23183207E-16 2.17368583E-35 1.00000000E-40 6.80653092E-35 1.00000000E-40 1.00000000E-40 5.09853938E-11 5.77590746E-30 1.62331429E-27 1.00000000E-40 1.00000000E-40 1.54832599E-30 4.16859656E-31 2.33691987E-26 3.09126843E-36 7.63229494E-23 1.17400734E-22 6.74650358E-19 2.16750758E-30 1.30958000E-36 1.00000000E-05 1.00000000E-05 1.00000000E-05 1.00000000E-05 1.00000000E-05 1.00000000E-05 1.00000000E-05 1.00000000E-05 1.00000000E-05 1.00000000E-05
2.78372000E+01 4.53327000E-02 1.72108419E+18 1.90777076E+02 1.00000000E+05 7.59423935E+01 3.58799556E+04 1.48352698E+02 2.74987127E-28 2.01366124E-05 1.16097246E-38 1.16097246E-38 1.16097246E-38 1.16097246E-38 1.20328716E-38 1.82279279E-19 2.39445752E-05 8.31760721E-06 2.53893079E-28 1.24214739E-19 2.63931092E-06 6.11098910E-06 1.55383085E+00 7.89134380E-24 4.88871369E-19 1.00000000E-40 1.00000000E-40 1.00000000E-40 2.07808643E-31 2.20167972E-20 1.38028016E-18 1.54666104E-17 1.30608718E-26 5.41751183E-26 8.00896091E-25 5.24293354E-12 5.06675813E-16 1.81106779E-10 1.66202670E-01 1.14929075E-32 4.19455025E-27 4.53191521E-11 1.00000000E-40 1.00000000E-40 4.92801142E-30 5.44890351E-28 1.07238818E-16 1.01841182E-11 3.94791856E-17 3.13041818E-18 2.01174535E-13 1.14980108E-07 3.45466157E-17 9.04886389E-26 2.86754207E-28 7.74735484E-10 1.45129439E-30 5.21607894E-19 2.77507421E-28 2.58970043E-28 2.20263900E-35 1.13445784E-39 3.64699009E-27 2.03707884E-27 1.60216510E-16 1.88916201E-35 1.00000000E-40 6.63320457E-35 1.00000000E-40 1.00000000E-40 5.53616147E-11 4.26375350E-30 1.84691709E-27 1.00000000E-40 1.00000000E-40 1.30064294E-30 4.33097680E-31 2.33843791E-26 3.98532186E-36 7.66570450E-23 9.26707830E-23 7.52531942E-19 2.30238431E-30 1.81907000E-36 1.00000000E-05 1.00000000E-05 1.00000000E-05 1.00000000E-05 1.00000000E-05 1.00000000E-05 1.00000000E-05 1.00000000E-05 1.00000000E-05 1.00000000E-05
2.90217000E+01 3.99771000E-02 1.50802326E+18 1.92008283E+02 1.00000000E+05 8.64152257E+01 4.17237104E+04 1.65748266E+02 1.69185087E-27 2.35660900E-05 1.32353548E-38 1.32353548E-38 1.32353548E-38 1.32353548E-38 1.37439728E-38 1.43823937E-19 2.46426369E-05 1.14687609E-05 1.96448427E-28 1.70185399E-19 3.00254547E-06 6.88734617E-06 1.60537314E+00 6.21785599E-24 3.96929826E-19 1.00000000E-40 1.00000000E-40 1.00000000E-40 1.62513320E-31 2.30976249E-20 2.02015149E-18 1.96546448E-17 1.74328053E-26 7.09082779E-26 9.09596195E-25 6.25693108E-12 4.00863267E-16 2.27779618E-10 2.06983669E-01 1.00015287E-32 3.85124197E-27 4.54948279E-11 1.00000000E-40 1.00000000E-40 4.95513774E-30 7.08924981E-28 7.48040564E-17 8.35308746E-12 4.87090118E-17 3.78505445E-18 2.87233775E-13 1.17298997E-07 2.54690509E-17 5.80764268E-26 1.76881556E-28 6.71271640E-10 1.33095312E-30 5.27093075E-19 3.02888601E-28 3.50680995E-28 2.60239366E-35 9.70293234E-40 3.71011813E-27 2.01167883E-27 1.14532767E-16 1.67674339E-35 1.00000000E-40 6.56004448E-35 1.00000000E-40 1.00000000E-40 6.05705148E-11 3.28612977E-30 2.09326758E-27 1.00000000E-40 1.00000000E-40 1.10648126E-30 4.55674392E-31 2.34324427E-26 5.09066824E-36 7.68104865E-23 7.53595719E-23 8.32934468E-19 2.46075504E-30 2.52127000E-36 1.00000000E-05 1.00000000E-05 1.00000000E-05 1.00000000E-05 1.00000000E-05 1.00000000E-05 1.00000000E-05 1.00000000E-05 1.00000000E-05 1.00000000E-05
3.02063000E+01 3.51832000E-02 1.31865493E+18 1.93250619E+02 1.00000000E+05 9.88101381E+01 4.90040000E+04 1.86425793E+02 9.81314445E-27 2.79157742E-05 1.51538281E-38 1.51538281E-38 1.51538281E-38 1.51538281E-38 1.57705439E-38 1.13107892E-19 2.53872189E-05 1.58325998E-05 1.59847217E-28 2.34603381E-19 3.42053210E-06 7.77898400E-06 1.65737968E+00 4.87434661E-24 3.19349323E-19 1.00000000E-40 1.00000000E-40 1.00000000E-40 1.28336917E-31 2.45687321E-20 2.93622491E-18 2.49947955E-17 2.32447214E-26 9.26665500E-26 1.02445711E-24 7.47338306E-12 3.16514622E-16 2.85717161E-10 2.56296237E-01 8.79011628E-33 3.50685544E-27 4.56514898E-11 1.00000000E-40 1.00000000E-40 5.09977423E-30 9.13872731E-28 5.45976965E-17 6.85150334E-12 6.04224896E-17 4.57398587E-18 4.08875767E-13 1.19632630E-07 1.87255427E-17 3.71559952E-26 1.09239428E-28 5.81263718E-10 1.21392189E-30 5.33506082E-19 3.41950276E-28 4.69660388E-28 3.06185315E-35 8.27224196E-40 3.78187404E-27 1.98603561E-27 8.14861005E-17 1.53771084E-35 1.00000000E-40 6.60190960E-35 1.00000000E-40 1.00000000E-40 6.66601462E-11 2.69301909E-30 2.36171519E-27 1.00000000E-40 1.00000000E-40 9.62303033E-31 4.83586239E-31 2.35109408E-26 6.44098723E-36 7.67713780E-23 6.38710798E-23 9.14854099E-19 2.64646082E-30 3.50082000E-36 1.00000000E-05 1.00000000E-05 1.00000000E-05 1.00000000E-05 1.00000000E-05 1.00000000E-05 1.00000000E-05 1.00000000E-05 1.00000000E-05 1.00000000E-05
3.13908000E+01 3.08843000E-02 1.15048938E+18 1.94433846E+02 1.00000000E+05 1.13603574E+02 5.82476056E+04 2.11242228E+02 4.69388288E-26 3.35303434E-05 1.74375875E-38 1.74375875E-38 1.74375875E-38 1.74375875E-38 1.81939806E-38 8.88009287E-20 2.61987606E-05 2.17241978E-05 1.40219628E-28 3.27074404E-19 3.90425724E-06 8.80962967E-06 1.71060964E+00 3.80024177E-24 2.54675986E-19 1.00000000E-40 1.00000000E-40 1.00000000E-40 1.02388055E-31 2.64479844E-20 4.24279352E-18 3.17201251E-17 3.07949149E-26 1.20221371E-25 1.14471051E-24 8.92586679E-12 2.52200289E-16 3.58154743E-10 3.13743290E-01 7.83783570E-33 3.16755710E-27 4.58041004E-11 1.53730221E-40 1.00000000E-40 5.38973444E-30 1.16757231E-27 4.24136073E-17 5.64119484E-12 7.58140947E-17 5.53617059E-18 5.78938837E-13 1.22055710E-07 1.38003236E-17 2.37023873E-26 6.75772768E-29 5.04749893E-10 1.10167927E-30 5.41137391E-19 3.99193401E-28 6.22076997E-28 3.58741603E-35 7.03848722E-40 3.86468605E-27 1.96070513E-27 5.77894073E-17 1.47555031E-35 1.00000000E-40 6.77746421E-35 1.00000000E-40 1.00000000E-40 7.36944496E-11 2.39094285E-30 2.65206129E-27 1.00000000E-40 1.00000000E-40 8.65849622E-31 5.15994254E-31 2.36279286E-26 8.07370973E-36 7.65624141E-23 5.75212540E-23 9.97593567E-19 2.86560556E-30 4.91033000E-36 1.00000000E-05 1.00000000E-05 1.00000000E-05 1.00000000E-05 1.00000000E-05 1.00000000E-05 1.00000000E-05 1.00000000E-05 1.00000000E-05 1.00000000E-05
3.25754000E+01 2.69872000E-02 9.98996615E+17 1.95663820E+02 1.00000000E+05 1.31816263E+02 7.03098856E+04 2.42146904E+02 1.46676158E-25 4.09145901E-05 2.02436146E-38 2.02436146E-38 2.02436146E-38 2.02436146E-38 2.11871667E-38 7.10382820E-20 2.71392547E-05 2.95056056E-05 1.39118984E-28 4.69165905E-19 4.47401876E-06 1.00236825E-05 1.76853260E+00 3.01172555E-24 2.01627795E-19 1.00000000E-40 1.00000000E-40 1.00000000E-40 8.38265861E-32 2.87975856E-20 6.14630476E-18 4.01685645E-17 4.03965251E-26 1.54045920E-25 1.27143348E-24 1.06684676E-11 2.06609368E-16 4.50229699E-10 3.77353384E-01 7.13567576E-33 2.84257650E-27 4.60359803E-11 2.90984565E-40 1.00000000E-40 5.86541146E-30 1.48111580E-27 3.60501580E-17 4.69209167E-12 9.74948575E-17 6.95709545E-18 8.22607007E-13 1.24832445E-07 1.03207072E-17 1.53322000E-26 4.19480366E-29 4.42284244E-10 9.96788433E-31 5.51118960E-19 4.80877898E-28 8.16147501E-28 4.19272725E-35 5.99321547E-40 3.96711043E-27 1.93905450E-27 4.14892261E-17 1.49776041E-35 1.00000000E-40 7.11591412E-35 1.00000000E-40 1.00000000E-40 8.18555864E-11 2.34601237E-30 2.96832942E-27 1.00000000E-40 1.00000000E-40 8.17133074E-31 5.52892009E-31 2.38271407E-26 1.00435410E-35 7.63190645E-23 5.71513972E-23 1.08212189E-18 3.13047929E-30 7.03856000E-36 1.00000000E-05 1.00000000E-05 1.00000000E-05 1.00000000E-05 1.00000000E-05 1.00000000E-05 1.00000000E-05 1.00000000E-05 1.00000000E-05 1.00000000E-05
3.37600000E+01 2.33997000E-02 8.61139048E+17 1.96812974E+02 1.00000000E+05 1.55197759E+02 8.64805939E+04 2.82412561E+02 1.17915139E-25 5.07444726E-05 2.38467739E-38 2.38467739E-38 2.38467739E-38 2.38467739E-38 2.50554236E-38 5.83024210E-20 2.83154348E-05 3.78109104E-05 1.62646227E-28 7.06753437E-19 5.16411224E-06 1.14961677E-05 1.83743164E+00 2.42975139E-24 1.58848363E-19 1.00000000E-40 1.00000000E-40 1.00000000E-40 7.09228952E-32 3.17412589E-20 8.94075759E-18 5.08586008E-17 5.24446818E-26 1.94853022E-25 1.40830790E-24 1.27895228E-11 1.78232116E-16 5.70390534E-10 4.39922891E-01 6.68116243E-33 2.54144434E-27 4.64928504E-11 5.91356593E-40 1.00000000E-40 6.58494456E-30 1.87138030E-27 3.33087765E-17 3.97740414E-12 1.30575019E-16 9.81090164E-18 1.15880356E-12 1.28418122E-07 7.92737885E-18 9.94495077E-27 2.61883861E-29 3.94608414E-10 9.02035284E-31 5.65424338E-19 5.95947728E-28 1.06365708E-27 4.90317242E-35 5.12755237E-40 4.10408284E-27 1.92679809E-27 3.03122047E-17 1.61695827E-35 1.00000000E-40 7.65256177E-35 1.00000000E-40 1.00000000E-40 9.14981796E-11 2.57549516E-30 3.32069524E-27 1.00000000E-40 1.00000000E-40 8.19449133E-31 5.95317285E-31 2.41862064E-26 1.24368525E-35 7.62736450E-23 6.42194748E-23 1.17152791E-18 3.46203590E-30 1.05387000E-35 1.00000000E-05 1.00000000E-05 1.00000000E-05 1.00000000E-05 1.00000000E-05 1.00000000E-05 1.00000000E-05 1.00000000E-05 1.00000000E-05 1.00000000E-05
3.49445000E+01 2.01308000E-02 7.48394620E+17 1.94826081E+02 1.00000000E+05 1.85292872E+02 1.07420781E+05 3.34764556E+02 5.84406365E-28 6.30659651E-05 2.85086027E-38 2.85086027E-38 2.85086027E-38 2.85086027E-38 3.01063737E-38 3.75714557E-20 2.97320476E-05 3.47987700E-05 1.92189517E-28 1.02687831E-18 5.99450621E-06 1.32700085E-05 1.91681454E+00 1.41236047E-24 1.24545436E-19 1.00000000E-40 1.00000000E-40 1.00000000E-40 5.07669583E-32 3.52935496E-20 1.16010912E-17 6.41959231E-17 6.78223749E-26 2.53463907E-25 1.55380393E-24 1.53382936E-11 1.61630801E-16 7.27884336E-10 4.78603482E-01 6.44757035E-33 2.26356877E-27 4.71498164E-11 1.23595273E-39 1.00000000E-40 7.59057106E-30 2.34987802E-27 2.36236283E-17 3.46102413E-12 1.79041491E-16 1.32068945E-17 1.35116311E-12 1.32803290E-07 5.91969487E-18 5.05106473E-27 1.64593403E-29 3.61223973E-10 8.16677839E-31 5.84001171E-19 7.52870457E-28 1.37337523E-27 5.72798225E-35 4.41487013E-40 4.27592705E-27 1.92255966E-27 1.86714170E-17 1.84345814E-35 1.00000000E-40 8.38708268E-35 1.00000000E-40 1.00000000E-40 1.02643938E-10 3.07115790E-30 3.70687394E-27 1.00000000E-40 1.00000000E-40 8.76383128E-31 6.42152093E-31 2.46954696E-26 1.52968178E-35 7.63765439E-23 7.11812777E-23 1.26464437E-18 3.87127986E-30 1.66279000E-35 1.00000000E-05 1.00000000E-05 1.00000000E-05 1.00000000E-05 1.00000000E-05 1.00000000E-05 1.00000000E-05 1.00000000E-05 1.00000000E-05 1.00000000E-05
3.61291000E+01 1.72508000E-02 6.47899489E+17 1.92849413E+02 1.00000000E+05 2.24351648E+02 1.32827415E+05 4.02909350E+02 5.33674551E-34 7.69709860E-05 3.46442332E-38 3.46442332E-38 3.46442332E-38 3.46442332E-38 3.68333740E-38 2.57318229E-20 3.12753832E-05 3.02443162E-05 2.82874675E-28 1.59286762E-18 6.96259797E-06 1.53385189E-05 1.99852336E+00 8.65569595E-25 9.69338702E-20 1.00000000E-40 1.00000000E-40 1.00000000E-40 3.86345052E-32 3.93209731E-20 1.49777429E-17 8.03401131E-17 8.48220052E-26 3.19095256E-25 1.69947339E-24 1.82975784E-11 1.58830986E-16 9.27718137E-10 4.97807065E-01 6.41311717E-33 2.00149587E-27 4.78034233E-11 2.41829948E-39 1.00000000E-40 8.89978363E-30 2.91746612E-27 1.73579537E-17 3.10389399E-12 2.57070720E-16 1.99824906E-17 1.57834732E-12 1.37461279E-07 4.64512624E-18 2.53680336E-27 1.04272219E-29 3.40890712E-10 7.37460096E-31 6.04554201E-19 9.58224958E-28 1.74738866E-27 6.65119286E-35 3.81984285E-40 4.46637840E-27 1.91787819E-27 1.21018153E-17 2.18343090E-35 1.00000000E-40 9.33918107E-35 1.00000000E-40 1.00000000E-40 1.14855817E-10 4.12094695E-30 4.10754575E-27 1.00000000E-40 1.00000000E-40 9.77968754E-31 6.89560329E-31 2.52519265E-26 1.85900703E-35 7.62917305E-23 9.33932761E-23 1.35494011E-18 4.34334374E-30 2.72334000E-35 1.00000000E-05 1.00000000E-05 1.00000000E-05 1.00000000E-05 1.00000000E-05 1.00000000E-05 1.00000000E-05 1.00000000E-05 1.00000000E-05 1.00000000E-05
3.73136000E+01 1.47764000E-02 5.60527092E+17 1.90936408E+02 1.00000000E+05 2.73861251E+02 1.59115215E+05 4.88124964E+02 7.82014445E-40 8.92648078E-05 4.26569514E-38 4.26569514E-38 4.26569514E-38 4.26569514E-38 4.57637704E-38 1.89955363E-20 3.28467688E-05 2.59776547E-05 4.77524498E-28 2.57708481E-18 8.06762009E-06 1.76998316E-05 2.07515825E+00 5.68801965E-25 7.46540623E-20 1.00000000E-40 1.00000000E-40 1.00000000E-40 3.16223986E-32 4.36907585E-20 1.91763085E-17 9.94194657E-17 1.02593797E-25 3.88620292E-25 1.83707541E-24 2.16419422E-11 1.70934893E-16 1.17558886E-09 5.01781716E-01 6.56209163E-33 1.75125659E-27 4.82899795E-11 4.36509839E-39 1.00000000E-40 1.05330692E-29 3.57216832E-27 1.31488067E-17 2.87555038E-12 3.79739625E-16 3.11354032E-17 1.85535078E-12 1.41955542E-07 3.87888321E-18 1.36373295E-27 6.66820734E-30 3.33023584E-10 6.62324369E-31 6.25196480E-19 1.21887123E-27 2.18488587E-27 7.65505557E-35 3.31638227E-40 4.66185871E-27 1.90615945E-27 8.41771543E-18 2.64428029E-35 1.00000000E-40 1.05008092E-34 1.00000000E-40 1.00000000E-40 1.27674104E-10 5.90775936E-30 4.50280620E-27 1.00000000E-40 1.00000000E-40 1.11700711E-30 7.33915785E-31 2.57727163E-26 2.22608587E-35 7.57571748E-23 1.35691778E-22 1.43643061E-18 4.86408112E-30 4.60157000E-35 1.00000000E-05 1.00000000E-05 1.00000000E-05 1.00000000E-05 1.00000000E-05 1.00000000E-05 1.00000000E-05 1.00000000E-05 1.00000000E-05 1.00000000E-05
3.84982000E+01 1.26692000E-02 4.85253778E+17 1.89102375E+02 1.00000000E+05 3.33853564E+02 1.78372718E+05 5.87345084E+02 3.93813569E-40 9.47088653E-05 5.29194917E-38 5.29194917E-38 5.29194917E-38 5.29194917E-38 5.74412259E-38 1.52249620E-20 3.43942303E-05 2.22459423E-05 8.69559109E-28 4.27737073E-18 9.31598586E-06 2.03689641E-05 2.14193858E+00 4.04150772E-25 5.68283112E-20 1.00000000E-40 1.00000000E-40 1.00000000E-40 2.80085097E-32 4.83059716E-20 2.43029328E-17 1.21557881E-16 1.20205625E-25 4.58427429E-25 1.96053368E-24 2.53491352E-11 2.01161509E-16 1.47836015E-09 4.95240161E-01 6.89089488E-33 1.51442069E-27 4.85384831E-11 7.29464254E-39 1.00000000E-40 1.25182001E-29 4.31010839E-27 1.01934345E-17 2.75563444E-12 5.69020919E-16 4.90137234E-17 2.18505801E-12 1.46085258E-07 3.47573854E-18 8.14880571E-28 4.33307897E-30 3.37909354E-10 5.91180604E-31 6.45078311E-19 1.54179709E-27 2.68196958E-27 8.72545091E-35 2.89100008E-40 4.85603252E-27 1.88482457E-27 6.35912039E-18 3.23449510E-35 1.00000000E-40 1.18521996E-34 1.00000000E-40 1.00000000E-40 1.40724799E-10 8.75392143E-30 4.87651053E-27 1.00000000E-40 1.00000000E-40 1.28806357E-30 7.72588691E-31 2.62224339E-26 2.62402181E-35 7.46727033E-23 2.07639641E-22 1.50526646E-18 5.42368685E-30 8.18591000E-35 1.00000000E-05 1.00000000E-05 1.00000000E-05 1.00000000E-05 1.00000000E-05 1.00000000E-05 1.00000000E-05 1.00000000E-05 1.00000000E-05 1.00000000E-05
3.96828000E+01 1.08748000E-02 4.20533527E+17 1.87299824E+02 1.00000000E+05 3.98117139E+02 1.78699369E+05 6.84822886E+02 1.51315168E-38 8.75793926E-05 6.51552146E-38 6.51552146E-38 6.51552146E-38 6.51552146E-38 7.17576239E-38 1.31708828E-20 3.58954116E-05 1.90083235E-05 1.64613040E-27 7.20147444E-18 1.07210927E-05 2.33771332E-05 2.19525494E+00 3.08276802E-25 4.27568211E-20 1.00000000E-40 1.00000000E-40 1.75034975E-40 2.67054793E-32 5.30983040E-20 3.04083726E-17 1.46882019E-16 1.36672924E-25 5.24880948E-25 2.06573660E-24 2.94012398E-11 2.55938935E-16 1.84440113E-09 4.81901376E-01 7.40237303E-33 1.29423604E-27 4.85342548E-11 1.13730158E-38 1.00000000E-40 1.48884794E-29 5.12568827E-27 7.99069179E-18 2.72769921E-12 8.57190909E-16 7.68115815E-17 2.56257170E-12 1.49797623E-07 3.33827468E-18 5.44756382E-28 2.89653107E-30 3.56158378E-10 5.24638280E-31 6.63994982E-19 1.93371606E-27 3.23132516E-27 9.85212452E-35 2.53480022E-40 5.04714803E-27 1.85362881E-27 5.21477487E-18 3.96213941E-35 1.00000000E-40 1.33644428E-34 1.00000000E-40 1.00000000E-40 1.53708549E-10 1.31734804E-29 5.21595604E-27 1.00000000E-40 1.00000000E-40 1.48614495E-30 8.03771947E-31 2.65951779E-26 3.04482814E-35 7.30350724E-23 3.24958433E-22 1.55935548E-18 6.01576668E-30 1.58614000E-34 1.00000000E-05 1.00000000E-05 1.00000000E-05 1.00000000E-05 1.00000000E-05 1.00000000E-05 1.00000000E-05 1.00000000E-05 1.00000000E-05 1.00000000E-05
4.08673000E+01 9.34378000E-03 3.64767448E+17 1.85533889E+02 1.00000000E+05 4.45846639E+02 1.50291000E+05 7.42296112E+02 7.22097985E-37 6.55481073E-05 7.70654450E-38 7.70654450E-38 7.70654450E-38 7.70654450E-38 8.63400099E-38 1.22079444E-20 3.73324662E-05 1.62384382E-05 3.18458642E-27 1.22290385E-17 1.22990031E-05 2.67622579E-05 2.23094281E+00 2.50485749E-25 3.18030401E-20 1.00000000E-40 1.00000000E-40 3.22678187E-40 2.71990499E-32 5.80027273E-20 3.75740369E-17 1.75466357E-16 1.50845888E-25 5.83386460E-25 2.14949498E-24 3.37738119E-11 3.47332876E-16 2.28304785E-09 4.64733479E-01 8.10271260E-33 1.09328259E-27 4.82771843E-11 1.66621809E-38 1.00000000E-40 1.76765306E-29 6.00965362E-27 6.31715043E-18 2.77606515E-12 1.29073258E-15 1.19480164E-16 2.98711938E-12 1.53072656E-07 3.40985877E-18 4.03795277E-28 2.02955745E-30 3.88357278E-10 4.63197076E-31 6.81880114E-19 2.39987323E-27 3.82060859E-27 1.10247883E-34 2.23938179E-40 5.23437007E-27 1.81292007E-27 4.61491344E-18 4.83229824E-35 1.00000000E-40 1.49971018E-34 1.00000000E-40 1.00000000E-40 1.66333202E-10 1.99456926E-29 5.50949932E-27 1.00000000E-40 1.00000000E-40 1.70544581E-30 8.26030948E-31 2.68929818E-26 3.47843263E-35 7.08684625E-23 5.13408896E-22 1.59740901E-18 6.63419607E-30 3.39779000E-34 1.00000000E-05 1.00000000E-05 1.00000000E-05 1.00000000E-05 1.00000000E-05 1.00000000E-05 1.00000000E-05 1.00000000E-05 1.00000000E-05 1.00000000E-05
4.20519000E+01 8.03497000E-03 3.16552229E+17 1.83846599E+02 1.00000000E+05 4.39621627E+02 9.83704937E+04 7.07388676E+02 2.73208272E-35 3.46450408E-05 8.30911561E-38 8.30911561E-38 8.30911561E-38 8.30911561E-38 9.48496657E-38 1.20322564E-20 3.86850758E-05 1.39263940E-05 6.31957695E-27 2.09334381E-17 1.40671077E-05 3.05661504E-05 2.24438925E+00 2.15121340E-25 2.33874085E-20 1.00000000E-40 1.00000000E-40 5.94275079E-40 2.93323550E-32 6.29512562E-20 4.59456928E-17 2.07305960E-16 1.61443552E-25 6.28513250E-25 2.20931982E-24 3.84326949E-11 4.97797323E-16 2.80442014E-09 4.45205575E-01 9.00240957E-33 9.13017894E-28 4.77702633E-11 2.30871147E-38 1.00000000E-40 2.09119925E-29 6.94840224E-27 5.05835744E-18 2.88539918E-12 1.93840198E-15 1.84748369E-16 3.46362725E-12 1.55890548E-07 3.66069267E-18 3.26453315E-28 1.52957283E-30 4.34987623E-10 4.07090496E-31 6.98662552E-19 2.94309606E-27 4.43166588E-27 1.22320738E-34 1.99632166E-40 5.41673582E-27 1.76316836E-27 4.36365129E-18 5.84535852E-35 1.00000000E-40 1.66991066E-34 1.00000000E-40 1.00000000E-40 1.78302487E-10 3.02760062E-29 5.74618456E-27 1.00000000E-40 1.00000000E-40 1.93884999E-30 8.38209009E-31 2.71198092E-26 3.91257550E-35 6.82051036E-23 8.21868674E-22 1.61868179E-18 7.27220260E-30 7.82970000E-34 1.00000000E-05 1.00000000E-05 1.00000000E-05 1.00000000E-05 1.00000000E-05 1.00000000E-05 1.00000000E-05 1.00000000E-05 1.00000000E-05 1.00000000E-05
4.32364000E+01 6.91339000E-03 2.74778010E+17 1.82232487E+02 1.00000000E+05 3.46779032E+02 4.44859001E+04 5.53271803E+02 7.81921154E-34 9.23588526E-06 7.60494098E-38 7.60494098E-38 7.60494098E-38 7.60494098E-38 8.84984127E-38 1.24405180E-20 3.99358409E-05 1.20024953E-05 1.35666945E-26 3.63496372E-17 1.60462366E-05 3.48392572E-05 2.23242776E+00 1.92233969E-25 1.70004211E-20 1.00000000E-40 1.00000000E-40 1.09904308E-39 3.30476328E-32 6.78837605E-20 5.56236675E-17 2.42336299E-16 1.67250963E-25 6.55414681E-25 2.24381979E-24 4.33405805E-11 7.50503654E-16 3.41992662E-09 4.21700461E-01 1.01183042E-32 7.53990128E-28 4.70252758E-11 3.04367511E-38 1.00000000E-40 2.46241464E-29 7.92522095E-27 4.11371917E-18 3.04138555E-12 2.91526889E-15 2.83225503E-16 3.99298852E-12 1.58250933E-07 4.06840420E-18 2.80463292E-28 1.27924313E-30 4.96479234E-10 3.56371906E-31 7.14353565E-19 3.56344793E-27 5.04113997E-27 1.34636031E-34 1.79775138E-40 5.59384693E-27 1.70516581E-27 4.34465199E-18 6.99658327E-35 1.00000000E-40 1.84138773E-34 1.00000000E-40 1.39247240E-40 1.89354595E-10 4.63161836E-29 5.91702412E-27 1.00000000E-40 1.00000000E-40 2.17806451E-30 8.39580458E-31 2.72847507E-26 4.33390927E-35 6.50922218E-23 1.39619431E-21 1.62319087E-18 7.92345129E-30 1.84656000E-33 1.00000000E-05 1.00000000E-05 1.00000000E-05 1.00000000E-05 1.00000000E-05 1.00000000E-05 1.00000000E-05 1.00000000E-05 1.00000000E-05 1.00000000E-05
4.44210000E+01 5.94987000E-03 2.38556342E+17 1.80648029E+02 1.00000000E+05 1.94338992E+02 1.14871489E+04 3.36673652E+02 1.64425596E-32 7.77837510E-07 5.49355667E-38 5.49355667E-38 5.49355667E-38 5.49355667E-38 6.50861076E-38 1.32503998E-20 4.10693785E-05 1.03659792E-05 3.55651687E-26 6.44900582E-17 1.82605899E-05 3.96406563E-05 2.19547269E+00 1.75042746E-25 1.22055524E-20 1.00000000E-40 1.00000000E-40 2.05404873E-39 3.82530985E-32 7.27482348E-20 6.65901890E-17 2.80422260E-16 1.67539682E-25 6.61520021E-25 2.25266792E-24 4.84579425E-11 1.18942897E-15 4.14220655E-09 3.92145427E-01 1.14698601E-32 6.15945953E-28 4.60604440E-11 3.83769250E-38 1.00000000E-40 2.88414462E-29 8.92088999E-27 3.43984770E-18 3.23091263E-12 4.41599637E-15 4.28814085E-16 4.56775844E-12 1.60166193E-07 4.60658765E-18 2.48090514E-28 1.22334735E-30 5.73192433E-10 3.10939705E-31 7.29017990E-19 4.25750022E-27 5.62087114E-27 1.47100639E-34 1.63650630E-40 5.76566716E-27 1.63992692E-27 4.48993564E-18 8.27493205E-35 1.00000000E-40 2.00829576E-34 1.00000000E-40 2.90740505E-40 1.99271011E-10 7.19467261E-29 6.01526577E-27 1.00000000E-40 1.00000000E-40 2.41357046E-30 8.29843248E-31 2.74005355E-26 4.72880126E-35 6.15873784E-23 2.81759798E-21 1.61162363E-18 8.58187921E-30 4.29370000E-33 1.00000000E-05 1.00000000E-05 1.00000000E-05 1.00000000E-05 1.00000000E-05 1.00000000E-05 1.00000000E-05 1.00000000E-05 1.00000000E-05 1.00000000E-05
4.56056000E+01 5.12087000E-03 2.07124583E+17 1.79072469E+02 1.00000000E+05 6.56317657E+01 1.00149209E+03 1.56287354E+02 2.48281990E-31 4.85552172E-08 2.92557717E-38 2.92557717E-38 2.92557717E-38 2.92557717E-38 3.51543242E-38 1.42996744E-20 4.20654754E-05 8.95107990E-06 1.19724563E-25 1.16439708E-16 2.07349314E-05 4.50321145E-05 2.13762100E+00 1.59660379E-25 8.63685469E-21 1.00000000E-40 1.00000000E-40 3.86194891E-39 4.48393545E-32 7.74898096E-20 7.87621905E-17 3.21304483E-16 1.62442115E-25 6.47536881E-25 2.23617763E-24 5.37369678E-11 1.97204130E-15 4.98415722E-09 3.58594951E-01 1.30693850E-32 4.97886052E-28 4.48914296E-11 4.64672675E-38 1.00000000E-40 3.35866945E-29 9.91353383E-27 3.14327993E-18 3.44180873E-12 6.72255615E-15 6.39967768E-16 5.17500681E-12 1.61631449E-07 5.24544181E-18 2.19566284E-28 1.36067362E-30 6.65311993E-10 2.70523189E-31 7.42638892E-19 5.01708076E-27 6.13799477E-27 1.59610194E-34 1.50596481E-40 5.93147572E-27 1.56835393E-27 4.76226607E-18 9.66086414E-35 1.00000000E-40 2.16485732E-34 1.00000000E-40 6.17174562E-40 2.07854452E-10 1.13042885E-28 6.03570669E-27 1.00000000E-40 1.00000000E-40 2.63437626E-30 8.08973362E-31 2.74779201E-26 5.08385225E-35 5.77451980E-23 7.11555791E-21 1.58497776E-18 9.24021577E-30 9.74631000E-33 1.00000000E-05 1.00000000E-05 1.00000000E-05 1.00000000E-05 1.00000000E-05 1.00000000E-05 1.00000000E-05 1.00000000E-05 1.00000000E-05 1.00000000E-05
4.67901000E+01 4.40660000E-03 1.79763585E+17 1.77549162E+02 1.00000000E+05 1.03362574E+01 6.73017661E+00 5.81784232E+01 2.62852286E-30 2.86752179E-08 1.08420669E-38 1.08420669E-38 1.08420669E-38 1.08420669E-38 1.30963890E-38 1.55843756E-20 4.29039766E-05 7.75057027E-06 4.48799586E-25 2.12003198E-16 2.34966047E-05 5.10825839E-05 2.06465322E+00 1.45745463E-25 5.99915401E-21 1.00000000E-40 1.00000000E-40 7.23375353E-39 5.32241488E-32 8.20593757E-20 9.22642290E-17 3.64616469E-16 1.52673388E-25 6.15778104E-25 2.19547977E-24 5.91285740E-11 3.39256391E-15 5.95880465E-09 3.24918572E-01 1.49186243E-32 3.98331540E-28 4.35358183E-11 5.42035741E-38 1.00000000E-40 3.88795649E-29 1.08816385E-26 3.59215608E-18 3.66357322E-12 1.02125190E-14 9.47499993E-16 5.81456517E-12 1.62640705E-07 5.97492397E-18 1.91004898E-28 1.75365272E-30 7.72888250E-10 2.34765066E-31 7.55190474E-19 5.82930104E-27 6.55716814E-27 1.72066368E-34 1.40031169E-40 6.09045571E-27 1.49139289E-27 5.14443472E-18 1.11266216E-34 1.00000000E-40 2.30640366E-34 1.00000000E-40 1.31843795E-39 2.14960684E-10 1.77605383E-28 5.97566963E-27 1.00000000E-40 1.00000000E-40 2.82860899E-30 7.77308860E-31 2.75278812E-26 5.38827414E-35 5.36229872E-23 1.96356358E-20 1.54464824E-18 9.89088600E-30 2.18374000E-32 1.00000000E-05 1.00000000E-05 1.00000000E-05 1.00000000E-05 1.00000000E-05 1.00000000E-05 1.00000000E-05 1.00000000E-05 1.00000000E-05 1.00000000E-05
4.79747000E+01 3.79046000E-03 1.55924515E+17 1.76073596E+02 1.00000000E+05 5.08757508E-01 7.86261652E-04 1.98990789E+01 1.89634343E-29 3.66601283E-08 2.77986243E-39 2.77986243E-39 2.77986243E-39 2.77986243E-39 3.30956429E-39 1.70688654E-20 4.35652629E-05 6.73155866E-06 1.61082145E-24 3.87567067E-16 2.65757246E-05 5.78686870E-05 1.98132081E+00 1.32578692E-25 4.06417727E-21 1.00000000E-40 1.00000000E-40 1.34353207E-38 6.44890237E-32 8.64142330E-20 1.07026503E-16 4.09868704E-16 1.39135198E-25 5.69792151E-25 2.13241032E-24 6.45844941E-11 6.01104459E-15 7.07889088E-09 2.92385156E-01 1.70073982E-32 3.15490851E-28 4.20122754E-11 6.10763980E-38 1.00000000E-40 4.47360883E-29 1.18072399E-26 5.44043864E-18 3.88800246E-12 1.54373165E-14 1.38931068E-15 6.47314921E-12 1.63185564E-07 6.77104735E-18 1.59826796E-28 2.56830650E-30 8.95821612E-10 2.03257326E-31 7.66631589E-19 6.67643976E-27 6.84303675E-27 1.84378209E-34 1.31453321E-40 6.24166057E-27 1.41000165E-27 5.60322898E-18 1.26361889E-34 1.00000000E-40 2.43047708E-34 1.00000000E-40 2.82285128E-39 2.20507163E-10 2.77598892E-28 5.83527098E-27 1.00000000E-40 1.00000000E-40 2.98405314E-30 7.35531169E-31 2.75606921E-26 5.63656895E-35 4.92794248E-23 5.10408585E-20 1.49232003E-18 1.05260779E-29 4.89428000E-32 1.00000000E-05 1.00000000E-05 1.00000000E-05 1.00000000E-05 1.00000000E-05 1.00000000E-05 1.00000000E-05 1.00000000E-05 1.00000000E-05 1.00000000E-05
4.91593000E+01 3.25865000E-03 1.35168073E+17 1.74614502E+02 1.00000000E+05 3.80266889E-03 2.89890922E-06 6.98317573E+00 9.07644049E-29 4.00941793E-08 5.75598374E-40 5.75598374E-40 5.75598374E-40 5.75598374E-40 6.51205514E-40 1.87703566E-20 4.40280405E-05 5.84487980E-06 5.22702381E-24 7.09660565E-16 3.00030280E-05 6.54700093E-05 1.89057446E+00 1.19998842E-25 2.66280119E-21 1.00000000E-40 1.00000000E-40 2.46765623E-38 8.16828796E-32 9.05121561E-20 1.22694677E-16 4.56387104E-16 1.22906533E-25 5.13604470E-25 2.04925756E-24 7.00537518E-11 1.08949990E-14 8.35519468E-09 2.61361878E-01 1.93091978E-32 2.47412834E-28 4.03378083E-11 6.66134634E-38 1.00000000E-40 5.11636698E-29 1.26795323E-26 9.62162138E-18 4.10988911E-12 2.31911571E-14 2.01158178E-15 7.12032271E-12 1.63244613E-07 7.58912065E-18 1.26331721E-28 4.18690572E-30 1.03376804E-09 1.75567704E-31 7.76852407E-19 7.53553400E-27 6.96340071E-27 1.96448464E-34 1.24432591E-40 6.38358223E-27 1.32506152E-27 6.12025879E-18 1.41446751E-34 1.00000000E-40 2.53822368E-34 1.00000000E-40 6.04889264E-39 2.24464856E-10 4.30613531E-28 5.61734585E-27 1.00000000E-40 1.00000000E-40 3.08864958E-30 6.84608802E-31 2.75833868E-26 5.83191052E-35 4.47720185E-23 1.18146579E-19 1.42978071E-18 1.11369530E-29 1.10557000E-31 1.00000000E-05 1.00000000E-05 1.00000000E-05 1.00000000E-05 1.00000000E-05 1.00000000E-05 1.00000000E-05 1.00000000E-05 1.00000000E-05 1.00000000E-05
5.03438000E+01 2.79934000E-03 1.17106871E+17 1.73137041E+02 1.00000000E+05 2.87621956E-06 7.99580278E-06 2.56641922E+00 2.78730329E-28 3.66045489E-08 1.78218100E-40 1.78218100E-40 1.78218100E-40 1.78218100E-40 1.87472464E-40 2.11797948E-20 4.42739131E-05 5.05858386E-06 1.52622469E-23 1.29897143E-15 3.38114477E-05 7.39723282E-05 1.79446115E+00 1.10381385E-25 1.67210504E-21 1.00000000E-40 1.00000000E-40 4.47212084E-38 1.11709554E-31 9.43184878E-20 1.38724877E-16 5.03297140E-16 1.05242082E-25 4.51107935E-25 1.94883498E-24 7.54881412E-11 2.00605866E-14 9.79501687E-09 2.32107050E-01 2.17791867E-32 1.92147613E-28 3.85316963E-11 7.04226592E-38 1.00000000E-40 5.81619251E-29 1.35019773E-26 1.72097069E-17 4.32870173E-12 3.45806617E-14 2.86970977E-15 7.71886410E-12 1.62798323E-07 8.37646509E-18 9.41309202E-29 7.52061752E-30 1.18617464E-09 1.51285964E-31 7.85738999E-19 8.37933327E-27 6.89524026E-27 2.08187091E-34 1.18616606E-40 6.51467750E-27 1.23751041E-27 6.73274689E-18 1.56002263E-34 1.00000000E-40 2.63674126E-34 1.00000000E-40 1.29593274E-38 2.26882955E-10 6.61380838E-28 5.32833443E-27 1.00000000E-40 1.00000000E-40 3.13167448E-30 6.25861534E-31 2.76014629E-26 5.99198969E-35 4.01627738E-23 2.42594477E-19 1.35897185E-18 1.17144262E-29 2.57656000E-31 1.00000000E-05 1.00000000E-05 1.00000000E-05 1.00000000E-05 1.00000000E-05 1.00000000E-05 1.00000000E-05 1.00000000E-05 1.00000000E-05 1.00000000E-05
5.15284000E+01 2.40257000E-03 1.01353802E+17 1.71693052E+02 1.00000000E+05 3.01887254E-07 4.00693380E-05 1.03923587E+00 5.27248266E-28 3.46114611E-08 1.25374744E-40 1.25374744E-40 1.25374744E-40 1.25374744E-40 1.28223834E-40 2.67597845E-20 4.42870097E-05 4.37456573E-06 4.06260961E-23 2.37642284E-15 3.80362380E-05 8.34675733E-05 1.69460010E+00 1.12721655E-25 9.98650417E-22 1.00000000E-40 1.00000000E-40 7.99260317E-38 1.66123364E-31 9.78047884E-20 1.54879863E-16 5.49461469E-16 8.73941374E-26 3.85351004E-25 1.83425007E-24 8.08415575E-11 3.72255741E-14 1.13997378E-08 2.04791354E-01 2.43517260E-32 1.47808781E-28 3.66136502E-11 7.22248482E-38 1.00000000E-40 6.57208843E-29 1.43002431E-26 2.92111249E-17 4.55022329E-12 5.11046317E-14 4.05702026E-15 8.25378042E-12 1.61824875E-07 9.12608133E-18 6.76659958E-29 1.49019717E-29 1.35229132E-09 1.30025279E-31 7.93152381E-19 9.17729428E-27 6.63108509E-27 2.19508020E-34 1.13718179E-40 6.63322656E-27 1.14826859E-27 7.54479368E-18 1.69458712E-34 1.00000000E-40 2.74181057E-34 1.00000000E-40 2.77365738E-38 2.27887972E-10 1.00243166E-27 4.97839121E-27 1.00000000E-40 1.00000000E-40 3.10478640E-30 5.60911611E-31 2.76174198E-26 6.15646105E-35 3.55161778E-23 4.47088719E-19 1.28183816E-18 1.22489722E-29 6.69611000E-31 1.00000000E-05 1.00000000E-05 1.00000000E-05 1.00000000E-05 1.00000000E-05 1.00000000E-05 1.00000000E-05 1.00000000E-05 1.00000000E-05 1.00000000E-05
5.27129000E+01 2.05975000E-03 8.76151216E+16 1.70275499E+02 1.00000000E+05 1.22294187E-07 1.89133237E-04 5.48137926E-01 5.87320839E-28 3.61180484E-08 1.24684519E-40 1.24684519E-40 1.24684519E-40 1.24684519E-40 1.27548352E-40 4.40172621E-20 4.40578859E-05 3.77885552E-06 1.00265655E-22 4.33847509E-15 4.27189954E-05 9.40621223E-05 1.59248945E+00 1.48577856E-25 5.64830659E-22 1.00000000E-40 1.00000000E-40 1.40598816E-37 2.56502705E-31 1.00956807E-19 1.70492881E-16 5.93441252E-16 7.04287965E-26 3.19698338E-25 1.70885804E-24 8.60753744E-11 6.88708205E-14 1.31634020E-08 1.79522374E-01 2.69327177E-32 1.12636962E-28 3.46057533E-11 7.18885697E-38 1.00000000E-40 7.38251904E-29 1.51329820E-26 4.64551020E-17 4.78878579E-12 7.47317090E-14 5.67497794E-15 8.69023548E-12 1.60312514E-07 9.81113021E-18 4.78406609E-29 3.27406077E-29 1.53133786E-09 1.11435037E-31 7.98987649E-19 9.89782148E-27 6.18416635E-27 2.30346414E-34 1.09515761E-40 6.73785649E-27 1.05828910E-27 8.66987609E-18 1.81235776E-34 1.00000000E-40 2.88150657E-34 1.00000000E-40 5.92378282E-38 2.27704631E-10 1.49404617E-27 4.58204559E-27 1.00000000E-40 1.00000000E-40 3.00344953E-30 4.91691848E-31 2.76323070E-26 6.39807010E-35 3.09014872E-23 7.52167345E-19 1.20031920E-18 1.27315557E-29 2.49636000E-30 1.00000000E-05 1.00000000E-05 1.00000000E-05 1.00000000E-05 1.00000000E-05 1.00000000E-05 1.00000000E-05 1.00000000E-05 1.00000000E-05 1.00000000E-05
5.38975000E+01 1.76330000E-03 7.56282640E+16 1.68872446E+02 1.00000000E+05 1.55440941E-08 7.05044039E-04 3.75815827E-01 3.65495854E-28 3.98808985E-08 1.28020030E-40 1.28020030E-40 1.28020030E-40 1.28020030E-40 1.31361244E-40 1.02815668E-19 4.35880603E-05 3.24519894E-06 2.34496679E-22 7.88944746E-15 4.79134486E-05 1.05888787E-04 1.48969932E+00 2.75686329E-25 3.02699902E-22 1.00000000E-40 1.00000000E-40 2.42909057E-37 3.91368842E-31 1.03784324E-19 1.84693509E-16 6.33444131E-16 5.50623292E-26 2.57032714E-25 1.57624768E-24 9.11638640E-11 1.25447135E-13 1.50708096E-08 1.56369222E-01 2.93958594E-32 8.50494836E-29 3.25350467E-11 6.94475978E-38 1.00000000E-40 8.24603625E-29 1.61032661E-26 7.00775306E-17 5.06977661E-12 1.07941607E-13 7.90604857E-15 8.98710594E-12 1.58274982E-07 1.04081320E-17 3.36623488E-29 7.98414478E-29 1.72275403E-09 9.52129951E-32 8.03249436E-19 1.05110105E-26 5.58844685E-27 2.40680275E-34 1.05854936E-40 6.82820322E-27 9.68628967E-28 1.02212825E-17 1.90790969E-34 1.00000000E-40 3.10048840E-34 1.00000000E-40 1.26079092E-37 2.26680553E-10 2.18075481E-27 4.15898515E-27 1.00000000E-40 1.00000000E-40 2.82836559E-30 4.20449030E-31 2.76481301E-26 6.83830179E-35 2.63955848E-23 1.18082023E-18 1.11637463E-18 1.31547394E-29 2.05450000E-29 1.00000000E-05 1.00000000E-05 1.00000000E-05 1.00000000E-05 1.00000000E-05 1.00000000E-05 1.00000000E-05 1.00000000E-05 1.00000000E-05 1.00000000E-05
5.50821000E+01 1.50686000E-03 6.51939894E+16 1.67410257E+02 1.00000000E+05 3.09861484E-08 1.81594354E-03 2.60686468E-01 1.19571562E-28 4.44353954E-08 1.25226847E-40 1.25226847E-40 1.25226847E-40 1.25226847E-40 1.28522874E-40 3.02091478E-19 4.28814453E-05 2.72655206E-06 5.31653607E-22 1.42255766E-14 5.36792178E-05 1.19091954E-04 1.38756978E+00 6.36687719E-25 1.54661568E-22 1.00000000E-40 1.00000000E-40 4.10207024E-37 5.74394463E-31 1.06301344E-19 1.95506890E-16 6.67094286E-16 4.16676442E-26 1.99931149E-25 1.43975012E-24 9.60727845E-11 2.22021451E-13 1.70909526E-08 1.35334008E-01 3.15743742E-32 6.36376613E-29 3.04260833E-11 6.50849930E-38 1.00000000E-40 9.15971653E-29 1.73631998E-26 1.02602776E-16 5.43144348E-12 1.53634297E-13 1.10237646E-14 9.06184217E-12 1.55720305E-07 1.08153522E-17 2.32647654E-29 2.14807463E-28 1.92604153E-09 8.10818177E-32 8.05894553E-19 1.09886732E-26 4.89201669E-27 2.50484131E-34 1.02579202E-40 6.90360846E-27 8.80215879E-28 1.22809202E-17 1.97617122E-34 1.00000000E-40 3.46376724E-34 1.00000000E-40 2.66875548E-37 2.25243667E-10 3.10441798E-27 3.73361987E-27 1.00000000E-40 1.00000000E-40 2.58587511E-30 3.49583509E-31 2.76625679E-26 7.66720713E-35 2.20764824E-23 1.77490395E-18 1.03167953E-18 1.35100379E-29 4.18196000E-28 1.00000000E-05 1.00000000E-05 1.00000000E-05 1.00000000E-05 1.00000000E-05 1.00000000E-05 1.00000000E-05 1.00000000E-05 1.00000000E-05 1.00000000E-05
5.62666000E+01 1.28355000E-03 5.60262796E+16 1.65934895E+02 1.00000000E+05 1.26700329E-07 2.96416658E-03 1.50767813E-01 1.92898123E-29 4.69902632E-08 1.14126070E-40 1.14126070E-40 1.14126070E-40 1.14126070E-40 1.16959220E-40 9.56558052E-19 4.19957836E-05 2.20951340E-06 1.19993152E-21 2.54338440E-14 6.01576774E-05 1.33994960E-04 1.28880670E+00 1.57024123E-24 7.65966542E-23 1.00000000E-40 1.00000000E-40 6.76681558E-37 8.12169755E-31 1.08658388E-19 2.02517629E-16 6.92233177E-16 3.04059186E-26 1.49642190E-25 1.30392541E-24 1.00877069E-10 3.78024819E-13 1.91948036E-08 1.16506052E-01 3.33186023E-32 4.72359749E-29 2.83353359E-11 5.91894444E-38 1.00000000E-40 1.01313102E-28 1.91374608E-26 1.49816879E-16 5.93675993E-12 2.15083394E-13 1.61117103E-14 8.91453644E-12 1.52838160E-07 1.10943270E-17 1.59857727E-29 6.31929547E-28 2.14355611E-09 6.88734259E-32 8.07818449E-19 1.13200350E-26 4.15543661E-27 2.60043634E-34 1.00000000E-40 6.97164424E-27 7.94814364E-28 1.49424670E-17 2.01518545E-34 1.00000000E-40 4.06581667E-34 1.00000000E-40 5.61132996E-37 2.24173771E-10 4.28640300E-27 3.33979276E-27 1.00000000E-40 1.00000000E-40 2.29137556E-30 2.81895683E-31 2.77034277E-26 9.18373117E-35 1.80444503E-23 2.61773808E-18 9.48750131E-19 1.38047131E-29 5.06386000E-26 1.00000000E-05 1.00000000E-05 1.00000000E-05 1.00000000E-05 1.00000000E-05 1.00000000E-05 1.00000000E-05 1.00000000E-05 1.00000000E-05 1.00000000E-05
5.74512000E+01 1.07244000E-03 4.72750040E+16 1.64307787E+02 1.00000000E+05 4.28384807E-07 2.90376548E-03 6.57071802E-02 1.50080485E-30 4.72648740E-08 1.00229919E-40 1.00229919E-40 1.00229919E-40 1.00229919E-40 1.03224551E-40 3.01311657E-18 4.15904473E-05 1.71252762E-06 2.77042513E-21 4.54542177E-14 6.85285018E-05 1.53239823E-04 1.21309604E+00 3.80531474E-24 3.88856514E-23 1.00000000E-40 1.00000000E-40 1.09903648E-36 1.11393288E-30 1.12654349E-19 2.05974415E-16 7.16646576E-16 2.15892869E-26 1.09132462E-25 1.18956195E-24 1.07209462E-10 6.22896689E-13 2.16511466E-08 1.01324631E-01 3.49685751E-32 3.53152084E-29 2.66944473E-11 5.29992871E-38 1.00000000E-40 1.13356923E-28 2.20153234E-26 2.25685787E-16 6.77554269E-12 2.99744641E-13 2.50701836E-14 8.55830967E-12 1.52005626E-07 1.12493591E-17 1.06319841E-29 2.04226953E-27 2.41419900E-09 5.92546425E-32 8.21799975E-19 1.16698715E-26 3.48746074E-27 2.73647765E-34 1.00000000E-40 7.14354674E-27 7.24193710E-28 1.84882704E-17 2.05377230E-34 1.00000000E-40 5.10732754E-34 1.00000000E-40 1.18654931E-36 2.27622563E-10 5.80246377E-27 3.06056363E-27 1.00000000E-40 1.00000000E-40 1.99383789E-30 2.23056177E-31 2.82054749E-26 1.20101493E-34 1.45926682E-23 3.91373359E-18 8.82213166E-19 1.42527867E-29 4.47832000E-24 1.00000000E-05 1.00000000E-05 1.00000000E-05 1.00000000E-05 1.00000000E-05 1.00000000E-05 1.00000000E-05 1.00000000E-05 1.00000000E-05 1.00000000E-05
5.86357000E+01 7.54895000E-04 3.39133542E+16 1.61225050E+02 1.00000000E+05 1.53613470E-06 1.83915790E-03 2.23391596E-02 6.24699858E-32 5.64458956E-08 1.03440207E-40 1.03440207E-40 1.03440207E-40 1.03440207E-40 1.09561460E-40 9.95317969E-18 4.84605187E-05 1.38513773E-06 7.34891198E-21 9.05457602E-14 9.22992655E-05 2.07163518E-04 1.34721643E+00 9.27358928E-24 2.65331795E-23 1.00000000E-40 1.00000000E-40 1.96619742E-36 1.64245814E-30 1.37875024E-19 2.20204758E-16 8.57680251E-16 1.72429018E-26 9.23438775E-26 1.27243300E-24 1.34119543E-10 1.14599930E-12 2.84605539E-08 1.03604093E-01 4.23217772E-32 3.09455555E-29 2.96056864E-11 5.43271183E-38 1.00000000E-40 1.49200512E-28 3.07294829E-26 4.07749595E-16 9.45208230E-12 4.80318989E-13 3.65138319E-14 8.56450469E-12 1.78210488E-07 1.14058107E-17 5.72389637E-30 8.32919989E-27 3.20267417E-09 6.00825375E-32 9.86985173E-19 1.40013398E-26 3.38557884E-27 3.39598636E-34 1.04081072E-40 8.63981159E-27 7.74637912E-28 2.64246206E-17 2.43139446E-34 1.00000000E-40 7.92363442E-34 1.00000000E-40 2.92097876E-36 2.75122127E-10 9.03903768E-27 3.41132651E-27 1.00000000E-40 1.00000000E-40 1.98054724E-30 2.00976641E-31 3.39558094E-26 1.97586602E-34 1.35526261E-23 7.00338962E-18 9.65519005E-19 1.72904949E-29 1.35416000E-22 1.00000000E-05 1.00000000E-05 1.00000000E-05 1.00000000E-05 1.00000000E-05 1.00000000E-05 1.00000000E-05 1.00000000E-05 1.00000000E-05 1.00000000E-05
5.98203000E+01 3.96500000E-04 1.83984914E+16 1.56090939E+02 1.00000000E+05 5.87863674E-06 7.99050475E-04 6.09138028E-03 1.56472485E-33 9.70392816E-08 1.51652118E-40 1.51652118E-40 1.51652118E-40 1.51652118E-40 1.65149215E-40 3.72890874E-17 7.49205706E-05 1.11186207E-06 2.48404499E-20 2.19775688E-13 1.65598996E-04 3.72920134E-04 1.99325809E+00 2.41280715E-23 3.52590461E-23 1.00000000E-40 1.00000000E-40 4.24672920E-36 2.98426475E-30 2.24640851E-19 2.63494011E-16 1.33366074E-15 1.74634871E-26 1.03241371E-25 1.80206749E-24 2.22538512E-10 2.67246644E-12 4.89560264E-08 1.40671089E-01 6.69377243E-32 3.59453818E-29 4.36227410E-11 7.19248601E-38 1.00000000E-40 2.60206447E-28 5.81990338E-26 9.99667504E-16 1.82344800E-11 9.84279052E-13 6.09538133E-14 9.57672726E-12 2.77718818E-07 1.19198584E-17 2.29942699E-30 4.78276732E-26 5.64339022E-09 8.10961200E-32 1.57754426E-18 2.20360705E-26 4.34398189E-27 5.60247169E-34 1.46650759E-40 1.39042812E-26 1.09788758E-27 4.81797195E-17 3.76603256E-34 1.00000000E-40 1.68609491E-33 1.00000000E-40 9.36609269E-36 4.47390490E-10 1.82862457E-26 5.35652352E-27 1.00000000E-40 1.00000000E-40 2.54225694E-30 2.32682610E-31 5.44865822E-26 4.51060903E-34 1.63040481E-23 1.71816711E-17 1.40388084E-18 2.77824020E-29 1.60604000E-21 1.00000000E-05 1.00000000E-05 1.00000000E-05 1.00000000E-05 1.00000000E-05 1.00000000E-05 1.00000000E-05 1.00000000E-05 1.00000000E-05 1.00000000E-05
6.10049000E+01 3.04552000E-04 1.43069382E+16 1.54181218E+02 1.00000000E+05 1.92455396E-06 1.32382835E-04 6.50121747E-04 1.15491737E-35 1.24161604E-07 1.64070653E-40 1.64070653E-40 1.64070653E-40 1.64070653E-40 1.80393433E-40 1.05051997E-16 7.84623200E-05 7.53939215E-07 6.65587243E-20 3.81666814E-13 2.02272273E-04 4.56773072E-04 2.00725025E+00 5.05185790E-23 5.31789385E-23 1.00000000E-40 1.00000000E-40 6.39591926E-36 4.25742222E-30 2.48891092E-19 2.48853776E-16 1.37320619E-15 1.11196613E-26 6.80410964E-26 1.72566795E-24 2.50019712E-10 4.16985205E-12 5.60194341E-08 1.29522977E-01 7.19829922E-32 2.82965423E-29 4.35985537E-11 6.26254226E-38 1.00000000E-40 3.07060072E-28 7.55031184E-26 1.82595422E-15 2.49317776E-11 1.30629800E-12 1.17331453E-13 8.35428172E-12 2.93626261E-07 1.21171584E-17 1.31361841E-30 1.98794626E-25 6.75623066E-09 7.44143259E-32 1.71281462E-18 2.32109164E-26 3.82708112E-27 6.27362664E-34 1.39395679E-40 1.51996097E-26 1.05238826E-27 5.90091438E-17 3.88884887E-34 1.00000000E-40 2.48761310E-33 1.00000000E-40 1.95077315E-35 5.00509708E-10 2.24955415E-26 6.19680677E-27 1.00000000E-40 1.00000000E-40 2.16490285E-30 1.76175532E-31 5.94920270E-26 7.13852042E-34 1.29326872E-23 2.92829548E-17 1.38449856E-18 3.02029444E-29 4.23336000E-21 1.00000000E-05 1.00000000E-05 1.00000000E-05 1.00000000E-05 1.00000000E-05 1.00000000E-05 1.00000000E-05 1.00000000E-05 1.00000000E-05 1.00000000E-05
6.21894000E+01 2.55854000E-04 1.21177659E+16 1.52927775E+02 1.00000000E+05 2.93173170E-07 1.63367824E-05 3.28642973E-05 2.83912302E-38 1.46885497E-07 1.63019833E-40 1.63019833E-40 1.63019833E-40 1.63019833E-40 1.80262993E-40 2.65458388E-16 7.44608917E-05 5.54657862E-07 1.73346883E-19 5.86661565E-13 2.25557838E-04 5.10410253E-04 1.84120215E+00 9.58880691E-23 1.00493780E-22 1.00000000E-40 1.00000000E-40 8.33707186E-36 5.78792086E-30 2.51147964E-19 2.11406442E-16 1.24654187E-15 5.95120604E-27 3.73418071E-26 1.49364704E-24 2.54446506E-10 5.86554540E-12 5.68271656E-08 1.08043394E-01 7.10876488E-32 2.01407399E-29 3.95173827E-11 4.77252791E-38 1.00000000E-40 3.28402952E-28 8.85790233E-26 3.23536249E-15 3.24116514E-11 1.49767540E-12 1.72383828E-13 6.69618127E-12 2.81731562E-07 1.25494780E-17 9.23525018E-31 7.96987870E-25 7.37688216E-09 6.20242539E-32 1.69027328E-18 2.18667014E-26 3.14285025E-27 6.38428409E-34 1.21353971E-40 1.51047642E-26 9.11589397E-28 6.31884267E-17 3.57101908E-34 1.00000000E-40 3.37218525E-33 1.00000000E-40 3.53386173E-35 5.16136813E-10 2.28370363E-26 7.14194296E-27 1.00000000E-40 1.00000000E-40 1.64500677E-30 1.16090572E-31 5.91574402E-26 1.02866243E-33 8.99469936E-24 4.65915385E-17 1.23771605E-18 2.97423400E-29 8.06129000E-21 1.00000000E-05 1.00000000E-05 1.00000000E-05 1.00000000E-05 1.00000000E-05 1.00000000E-05 1.00000000E-05 1.00000000E-05 1.00000000E-05 1.00000000E-05
6.33740000E+01 2.14972000E-04 1.02647359E+16 1.51687864E+02 1.00000000E+05 6.85727172E-13 1.98439663E-06 8.09196605E-07 2.39574025E-40 1.69151200E-07 1.60367525E-40 1.60367525E-40 1.60367525E-40 1.60367525E-40 1.78140590E-40 6.41700466E-16 7.00299204E-05 4.20677357E-07 4.65547861E-19 8.43042352E-13 2.51389286E-04 5.69511046E-04 1.68405884E+00 1.73166086E-22 2.16483991E-22 1.00000000E-40 1.00000000E-40 9.94726793E-36 7.91862710E-30 2.52615361E-19 1.66691984E-16 1.08209522E-15 2.89278112E-27 1.87074394E-26 1.27787758E-24 2.56173137E-10 8.26924106E-12 5.54929697E-08 8.92634308E-02 7.14271262E-32 1.41559602E-29 3.55158046E-11 3.45389007E-38 1.00000000E-40 3.48139095E-28 1.01059507E-25 6.03103897E-15 4.37198052E-11 1.61356509E-12 2.23930451E-13 6.98367368E-12 2.68249200E-07 1.37018581E-17 7.02012563E-31 3.35200619E-24 8.05472755E-09 5.13516697E-32 1.65788869E-18 2.01038141E-26 2.62429547E-27 6.45838638E-34 1.07831841E-40 1.49249524E-26 7.79954242E-28 6.34976714E-17 3.17507989E-34 1.00000000E-40 4.53067141E-33 1.00000000E-40 6.22376350E-35 5.36386510E-10 2.06918643E-26 8.83175368E-27 1.00000000E-40 1.00000000E-40 1.22117638E-30 7.24399551E-32 5.85702718E-26 1.44018581E-33 5.95517131E-24 7.54254135E-17 1.09617436E-18 2.90417207E-29 1.49988000E-20 1.00000000E-05 1.00000000E-05 1.00000000E-05 1.00000000E-05 1.00000000E-05 1.00000000E-05 1.00000000E-05 1.00000000E-05 1.00000000E-05 1.00000000E-05
6.45585000E+01 1.80645000E-04 8.69700189E+15 1.50443386E+02 1.00000000E+05 6.36364295E-15 1.73091160E-07 8.92089338E-09 1.74234899E-40 1.86984464E-07 1.56113494E-40 1.56113494E-40 1.56113494E-40 1.56113494E-40 1.74005131E-40 1.55860863E-15 6.52665924E-05 2.86189420E-07 1.28362274E-18 1.13821283E-12 2.80212701E-04 6.34797558E-04 1.53760122E+00 3.12767531E-22 4.97640388E-22 1.00000000E-40 1.00000000E-40 1.25898771E-35 1.06026164E-29 2.53423539E-19 1.19850537E-16 8.84614538E-16 1.24277656E-27 8.32406796E-27 1.08056288E-24 2.54349289E-10 1.20816328E-11 5.15519551E-08 7.30194857E-02 7.44175060E-32 9.80154533E-30 3.16326473E-11 2.32589825E-38 1.00000000E-40 3.65638382E-28 1.10121280E-25 1.20116123E-14 6.09008893E-11 1.75833101E-12 1.72432221E-12 5.78981114E-11 2.53378594E-07 1.66416907E-17 6.26389273E-31 1.47437349E-23 8.81819995E-09 4.22367707E-32 1.61570963E-18 1.79556160E-26 2.14229521E-27 6.49390480E-34 1.00000000E-40 1.46617199E-26 6.58801526E-28 6.03568406E-17 2.71384172E-34 1.00000000E-40 5.92375130E-33 1.00000000E-40 1.17213307E-34 5.60190406E-10 1.67276908E-26 1.12343338E-26 1.00000000E-40 1.00000000E-40 8.63773615E-31 4.19691935E-32 5.75729566E-26 1.88750547E-33 3.67521437E-24 1.23793393E-16 9.60646668E-19 2.81645600E-29 2.84676000E-20 1.00000000E-05 1.00000000E-05 1.00000000E-05 1.00000000E-05 1.00000000E-05 1.00000000E-05 1.00000000E-05 1.00000000E-05 1.00000000E-05 1.00000000E-05
6.57431000E+01 1.51819000E-04 7.37088059E+15 1.49184419E+02 1.00000000E+05 8.70943312E-17 7.92050465E-09 4.23120326E-11 1.62662818E-40 1.95506617E-07 1.50611836E-40 1.50611836E-40 1.50611836E-40 1.50611836E-40 1.68161995E-40 5.65043439E-15 6.02725108E-05 1.49782034E-07 3.67690170E-18 2.16970598E-12 3.12592320E-04 7.07169209E-04 1.40319176E+00 8.40113007E-22 1.19998689E-21 1.00000000E-40 1.00000000E-40 5.09638183E-35 1.49785117E-29 2.53713194E-19 8.39964026E-17 6.58908731E-16 4.59815664E-28 3.14708514E-27 9.02979175E-25 2.47512431E-10 1.89649377E-11 4.46180330E-08 5.91206094E-02 8.20020644E-32 6.64958210E-30 2.78941710E-11 1.37202019E-38 1.00000000E-40 3.80188356E-28 1.12341174E-25 2.92433864E-14 8.70812099E-11 3.39560447E-12 3.66400076E-10 1.12154367E-09 2.37347179E-07 2.68529091E-17 1.25751608E-30 6.76614271E-23 9.70844115E-09 3.45200378E-32 1.56391895E-18 1.54976684E-26 1.59282380E-27 6.48898226E-34 1.00000000E-40 1.43179939E-26 5.49067420E-28 8.18006252E-17 2.20244652E-34 1.00000000E-40 7.29555271E-33 1.00000000E-40 2.69287214E-34 5.84809007E-10 1.70889146E-26 1.37107515E-26 1.00000000E-40 1.00000000E-40 5.31881860E-31 2.07517976E-32 5.56778906E-26 2.13375854E-33 1.96516152E-24 2.08667407E-16 8.31581271E-19 2.72060378E-29 5.71380000E-20 1.00000000E-05 1.00000000E-05 1.00000000E-05 1.00000000E-05 1.00000000E-05 1.00000000E-05 1.00000000E-05 1.00000000E-05 1.00000000E-05 1.00000000E-05
6.69277000E+01 1.27608000E-04 6.24897299E+15 1.47906061E+02 1.00000000E+05 5.91929249E-19 1.40163449E-10 8.05935444E-14 1.52553803E-40 1.49988493E-07 1.44252936E-40 1.44252936E-40 1.44252936E-40 1.44252936E-40 1.61000640E-40 6.24813959E-14 5.51516169E-05 3.34664922E-08 1.21446792E-17 1.45867866E-11 3.49246802E-04 7.87777178E-04 1.28182098E+00 6.86423922E-21 3.02308765E-21 1.00000000E-40 1.00000000E-40 3.56764410E-34 4.91056568E-29 2.53636409E-19 1.11235331E-16 4.13445751E-16 2.26184030E-28 1.49853824E-27 7.45604739E-25 2.32929738E-10 3.06747751E-11 3.44924859E-08 4.73599192E-02 9.57681748E-32 4.36575370E-30 2.43187011E-11 5.87153399E-39 1.00000000E-40 3.90887810E-28 1.04463178E-25 1.64363997E-13 1.26942991E-10 1.67199169E-11 2.75794724E-08 3.85819280E-09 2.20411913E-07 1.11806056E-16 1.93895535E-29 3.23497676E-22 1.07829866E-08 2.80454572E-32 1.50289116E-18 1.30593045E-26 1.00147762E-27 6.44217236E-34 1.00000000E-40 1.38982717E-26 4.51650601E-28 3.95806784E-16 1.65758750E-34 1.00000000E-40 8.05015305E-33 1.15098099E-40 6.40128603E-34 6.07136073E-10 3.51081942E-26 1.45102586E-26 1.00000000E-40 1.00000000E-40 2.28068091E-31 6.42302605E-33 5.19037232E-26 1.69200312E-33 7.06926740E-25 4.01596173E-16 7.09189085E-19 2.62531204E-29 1.26565000E-19 1.00000000E-05 1.00000000E-05 1.00000000E-05 1.00000000E-05 1.00000000E-05 1.00000000E-05 1.00000000E-05 1.00000000E-05 1.00000000E-05 1.00000000E-05
6.81122000E+01 1.07273000E-04 5.30072196E+15 1.46579123E+02 1.00000000E+05 1.77126701E-21 5.71808819E-13 5.68917039E-17 1.42797275E-40 3.09361356E-08 1.37470051E-40 1.37470051E-40 1.37470051E-40 1.37470051E-40 1.53031497E-40 7.68017852E-13 5.00044812E-05 6.69540693E-09 8.17052804E-17 1.26046102E-10 3.91067290E-04 8.78063690E-04 1.17406442E+00 6.22772989E-20 7.94179884E-21 1.00000000E-40 1.00000000E-40 1.79640414E-33 3.27029605E-28 2.53340156E-19 2.88283801E-16 1.83194913E-16 7.06686319E-28 5.80432456E-27 6.08202130E-25 2.06175924E-10 4.04541165E-11 2.29420391E-08 3.75201571E-02 1.11603277E-31 2.69738345E-30 2.09402024E-11 1.12363575E-39 1.00000000E-40 3.96108500E-28 8.45156232E-26 1.96713484E-12 1.87367258E-10 8.71763138E-11 1.59835729E-07 1.08917264E-09 2.02842963E-07 1.27778361E-15 6.34885327E-28 1.60944830E-21 1.21192787E-08 2.26612160E-32 1.43314053E-18 1.16115255E-26 5.12708369E-28 6.35225547E-34 1.00000000E-40 1.34069483E-26 3.68991104E-28 2.50928262E-15 1.09978682E-34 1.00000000E-40 7.20874278E-33 5.98571139E-40 9.38872211E-34 6.29901399E-10 3.27621959E-26 1.61841098E-26 1.00000000E-40 1.00000000E-40 6.36167537E-32 8.74599738E-34 4.51569776E-26 1.11281969E-33 9.39566793E-26 1.56052436E-15 5.93466195E-19 2.51226839E-29 3.25760000E-19 1.00000000E-05 1.00000000E-05 1.00000000E-05 1.00000000E-05 1.00000000E-05 1.00000000E-05 1.00000000E-05 1.00000000E-05 1.00000000E-05 1.00000000E-05
6.92968000E+01 9.01893000E-05 4.50014751E+15 1.45159340E+02 1.00000000E+05 2.28020664E-24 2.66739897E-31 1.44136405E-20 1.33587662E-40 5.22356233E-09 1.30585029E-40 1.30585029E-40 1.30585029E-40 1.30585029E-40 1.44684626E-40 6.00091724E-12 4.49263402E-05 1.79410639E-09 2.32235849E-15 7.36669736E-10 4.39136669E-04 9.79814825E-04 1.08017247E+00 3.58501421E-19 2.16895990E-20 1.00000000E-40 1.00000000E-40 7.49540097E-33 2.46309738E-27 2.52963440E-19 6.18616116E-16 4.92591487E-17 3.32332378E-27 2.88794006E-26 4.90016182E-25 1.66173347E-10 3.95451822E-11 1.41403007E-08 2.93850975E-02 1.09055128E-31 1.48081868E-30 1.78613353E-11 1.00000000E-40 1.00000000E-40 3.92629057E-28 5.39851395E-26 1.71535626E-11 2.78720363E-10 3.35843865E-10 3.41980323E-07 2.02949428E-10 1.84927294E-07 1.95177421E-14 2.19708279E-26 8.32651334E-21 1.38185451E-08 1.82242524E-32 1.35538685E-18 1.24760439E-26 2.35059560E-28 6.21850428E-34 1.00000000E-40 1.28470636E-26 3.07933061E-28 1.10334070E-14 5.71487118E-35 2.17422843E-40 4.76203845E-33 2.42507784E-39 9.15287056E-34 6.30754786E-10 6.76321286E-27 5.53005692E-26 1.00000000E-40 1.00000000E-40 2.21801781E-32 3.13571251E-34 3.58642739E-26 2.55208659E-33 4.60200569E-27 2.55114904E-14 4.84322108E-19 2.26863263E-29 9.77506000E-19 1.00000000E-05 1.00000000E-05 1.00000000E-05 1.00000000E-05 1.00000000E-05 1.00000000E-05 1.00000000E-05 1.00000000E-05 1.00000000E-05 1.00000000E-05
7.04813000E+01 7.58365000E-05 3.82449011E+15 1.43622161E+02 1.00000000E+05 1.15849939E-27 5.75266031E-40 1.15483043E-24 1.25276093E-40 1.20727980E-09 1.23968010E-40 1.23968010E-40 1.23968010E-40 1.23968010E-40 1.36448949E-40 6.53246531E-11 4.00028272E-05 6.16708941E-10 6.75230610E-14 3.55860907E-09 4.94743007E-04 1.09521328E-03 1.00003729E+00 2.87671822E-18 6.13571904E-20 1.00000000E-40 1.00000000E-40 2.77723776E-32 2.73925643E-26 2.52620450E-19 1.09304486E-15 9.36639017E-18 2.24995300E-26 1.96487322E-25 3.89859333E-25 1.17863155E-10 2.84487676E-11 9.45571731E-09 2.27422714E-02 7.06541913E-32 6.38654908E-31 1.52842133E-11 1.00000000E-40 1.00000000E-40 3.75095568E-28 2.18084346E-26 8.61432230E-11 4.10371335E-10 1.15223650E-09 5.66826934E-07 4.41002221E-11 1.66949222E-07 2.52770481E-13 6.52957142E-25 4.48632487E-20 1.60096440E-08 1.46004504E-32 1.27049230E-18 1.44833317E-26 1.47535131E-28 6.04051264E-34 1.00000000E-40 1.22193360E-26 2.80469220E-28 4.11791424E-14 1.56729173E-35 2.04108190E-39 3.31535646E-33 7.74295615E-39 7.94235728E-34 4.95063770E-10 5.99496787E-27 2.57523432E-25 1.00000000E-40 6.89950057E-40 1.35617690E-32 4.56813926E-34 2.82085620E-26 5.14326344E-33 2.71549674E-27 4.24928626E-13 3.81656638E-19 1.66414542E-29 2.84244000E-18 1.00000000E-05 1.00000000E-05 1.00000000E-05 1.00000000E-05 1.00000000E-05 1.00000000E-05 1.00000000E-05 1.00000000E-05 1.00000000E-05 1.00000000E-05
7.16659000E+01 6.37763000E-05 3.25375835E+15 1.41968091E+02 1.00000000E+05 2.24634637E-31 1.28928461E-40 2.67273879E-29 1.18093882E-40 4.60583801E-10 1.17885335E-40 1.17885335E-40 1.17885335E-40 1.17885335E-40 1.28682601E-40 7.89697171E-10 3.53076432E-05 2.85540958E-10 9.53409425E-13 3.05739673E-08 5.59428068E-04 1.22699674E-03 9.33270242E-01 2.56473580E-17 1.77640336E-19 1.00000000E-40 4.35534929E-39 1.06150659E-31 5.89088653E-26 2.52406696E-19 2.12744052E-15 3.65770862E-19 1.59869249E-25 1.39418974E-24 3.06240631E-25 6.65225051E-11 4.87606885E-12 9.23000886E-09 1.73875478E-02 1.91083213E-32 1.38560165E-31 1.34796734E-11 1.00000000E-40 1.00000000E-40 3.35131466E-28 1.63312397E-27 1.14397370E-10 4.16929520E-10 5.36806654E-09 8.33286040E-07 1.56230261E-11 1.49188807E-07 1.43311180E-12 1.11962886E-23 2.50093257E-19 1.88531355E-08 1.16661908E-32 1.17955932E-18 1.12418220E-26 1.31581196E-28 5.81864909E-34 1.00000000E-40 1.15340758E-26 2.82881903E-28 2.75776299E-13 1.13708418E-36 3.86702352E-39 3.05596110E-34 1.32017010E-38 6.35379016E-34 9.33754247E-11 2.25084001E-27 3.64883672E-25 1.83559247E-40 8.87391127E-39 1.18364649E-32 5.64826239E-34 2.93082117E-26 6.13253529E-34 6.23139947E-28 3.42515487E-12 2.86239430E-19 1.35291609E-29 7.03936000E-18 1.00000000E-05 1.00000000E-05 1.00000000E-05 1.00000000E-05 1.00000000E-05 1.00000000E-05 1.00000000E-05 1.00000000E-05 1.00000000E-05 1.00000000E-05
7.28505000E+01 5.36414000E-05 2.77209836E+15 1.40154868E+02 1.00000000E+05 1.51011576E-35 1.19802665E-40 1.38051615E-34 1.12175360E-40 2.30000746E-10 1.12543149E-40 1.12543149E-40 1.12543149E-40 1.12543149E-40 1.21638041E-40 2.45112256E-09 3.08995912E-05 1.63851989E-10 3.05834057E-12 3.03388617E-07 6.34985794E-04 1.37862566E-03 8.79215340E-01 5.84267702E-17 3.91001468E-19 1.00000000E-40 1.78704652E-38 1.34648791E-31 7.06810550E-27 2.52385323E-19 6.09486391E-15 4.12763637E-21 2.78481287E-25 2.39071525E-24 2.37471456E-25 3.39090149E-11 2.09222730E-13 1.58032154E-08 1.31286340E-02 9.83385994E-34 6.80129121E-33 1.27385918E-11 1.00000000E-40 1.00000000E-40 2.60278506E-28 1.00000000E-40 2.86503973E-11 2.37001748E-10 2.56727388E-08 1.05446682E-06 8.16907979E-12 1.31925642E-07 1.19696322E-12 3.69162043E-23 1.26890326E-18 2.25279586E-08 9.30929328E-33 1.08424175E-18 2.65775951E-27 7.11268114E-29 5.55433880E-34 1.00000000E-40 1.09154115E-26 1.98902480E-28 2.14521682E-12 3.60082979E-37 1.00000000E-40 1.00000000E-40 5.85634145E-39 4.47352962E-34 4.29196808E-12 2.13532401E-28 1.33424754E-25 4.48028939E-39 2.28331183E-38 5.21383367E-33 2.09642515E-34 4.21894895E-26 1.00000000E-40 7.56551725E-30 6.10114340E-12 2.05570538E-19 2.24315629E-29 1.51963000E-17 1.00000000E-05 1.00000000E-05 1.00000000E-05 1.00000000E-05 1.00000000E-05 1.00000000E-05 1.00000000E-05 1.00000000E-05 1.00000000E-05 1.00000000E-05
7.40350000E+01 4.51234000E-05 2.36563993E+15 1.38156044E+02 1.00000000E+05 4.26474757E-40 1.13625289E-40 2.03277730E-40 1.07500781E-40 1.29508919E-10 1.08109330E-40 1.08109330E-40 1.08109330E-40 1.08109330E-40 1.15509199E-40 4.43090870E-09 2.68220693E-05 1.12115639E-10 6.08629536E-12 1.27428359E-06 7.23480224E-04 1.55439297E-03 8.37001140E-01 7.64670858E-17 5.32015551E-19 1.00000000E-40 6.51433201E-39 2.44690469E-32 1.00000000E-40 2.52583060E-19 2.87405960E-14 1.05005097E-21 2.78042509E-25 2.28975652E-24 1.81770111E-25 1.59433094E-11 5.10604306E-14 4.86892473E-08 9.78815378E-03 1.61641533E-35 1.11419988E-34 1.33915857E-11 1.00000000E-40 1.00000000E-40 1.62328941E-28 1.00000000E-40 1.00641792E-11 1.21068215E-10 6.24164457E-08 1.10769164E-06 5.58360364E-12 1.15428086E-07 8.71745759E-13 6.91199183E-23 4.04484960E-18 2.72310905E-08 7.42980600E-33 9.86552068E-19 2.62056146E-28 4.24075659E-28 5.25294020E-34 1.00000000E-40 1.03597495E-26 7.07061216E-29 7.26785773E-12 2.09206637E-37 1.00000000E-40 1.00000000E-40 9.75648527E-40 2.45652577E-34 1.11532811E-12 7.53891838E-29 6.19360052E-26 8.02804855E-38 2.98273435E-38 2.68295743E-32 1.02561902E-34 5.96543527E-26 1.00000000E-40 1.32998694E-32 6.34338900E-12 1.44950141E-19 1.72999700E-29 2.97862000E-17 1.00000000E-05 1.00000000E-05 1.00000000E-05 1.00000000E-05 1.00000000E-05 1.00000000E-05 1.00000000E-05 1.00000000E-05 1.00000000E-05 1.00000000E-05
7.52196000E+01 3.79635000E-05 2.02260341E+15 1.35947814E+02 1.00000000E+05 1.06185370E-40 1.08700424E-40 1.06830517E-40 1.03429629E-40 7.36306423E-11 1.04661242E-40 1.04661242E-40 1.04661242E-40 1.04661242E-40 1.10423479E-40 6.72058764E-09 2.31032671E-05 8.58087570E-11 9.22002018E-12 3.60653831E-06 8.27201098E-04 1.75943702E-03 8.05595436E-01 8.21755562E-17 5.34010584E-19 1.00000000E-40 2.83630691E-38 7.19875326E-32 2.53357711E-28 2.52988615E-19 1.83406183E-13 1.63870226E-21 2.32630097E-25 1.78621532E-24 1.37352301E-25 6.90414337E-12 3.54937742E-14 2.18066947E-07 7.20587198E-03 6.23005742E-37 8.55384991E-37 1.59265299E-11 4.81098008E-40 1.00000000E-40 7.99956916E-29 1.00000000E-40 4.44128171E-12 5.66677206E-11 1.07097808E-07 9.34714533E-07 4.26394109E-12 9.99170759E-08 6.64385395E-13 8.79680787E-23 8.28162054E-18 3.32136486E-08 5.94041606E-33 8.88480365E-19 6.63578758E-28 1.27091955E-26 4.92413313E-34 1.00000000E-40 9.73525748E-27 1.92443577E-29 1.70131873E-11 4.47686954E-36 1.00000000E-40 1.00000000E-40 4.04156132E-39 1.04307051E-34 8.28513745E-13 3.37662777E-29 3.10771309E-26 1.07285671E-36 2.40207275E-38 6.93406465E-31 4.99353135E-35 6.94261185E-26 1.00000000E-40 2.37205580E-32 4.64863682E-12 1.02827554E-19 8.89061790E-30 5.45677000E-17 1.00000000E-05 1.00000000E-05 1.00000000E-05 1.00000000E-05 1.00000000E-05 1.00000000E-05 1.00000000E-05 1.00000000E-05 1.00000000E-05 1.00000000E-05
7.64041000E+01 3.19444000E-05 1.73309553E+15 1.33502362E+02 1.00000000E+05 1.02314102E-40 1.04507795E-40 1.03230698E-40 1.00000000E-40 3.91055619E-11 1.02002491E-40 1.02002491E-40 1.02002491E-40 1.02002491E-40 1.06346945E-40 9.18390089E-09 1.97580308E-05 6.72094410E-11 1.02116346E-11 8.29631211E-06 9.48596656E-04 1.99977186E-03 7.83874413E-01 7.73512678E-17 4.33115842E-19 4.09755802E-40 6.48157281E-37 1.26824174E-30 1.38518946E-28 2.53563019E-19 1.04949216E-12 3.64888021E-21 1.79317722E-25 1.25417610E-24 1.02493563E-25 2.75323796E-12 3.17949550E-14 8.83616491E-07 5.23931372E-03 1.95641105E-35 1.26038002E-38 2.12001021E-11 2.25946036E-38 1.00000000E-40 3.14189952E-29 3.95524426E-27 2.25901722E-12 2.42199204E-11 1.53941214E-07 6.06615217E-07 2.95868012E-12 8.55534767E-08 4.48605173E-13 6.76181684E-23 1.13596962E-17 4.07872754E-08 4.76611762E-33 7.91654524E-19 1.19065031E-26 2.65991450E-25 4.57952940E-34 1.00000000E-40 9.07344534E-27 5.98843608E-30 3.31675908E-11 2.54277513E-34 1.00000000E-40 1.00000000E-40 1.06067579E-37 3.45683579E-35 7.97461356E-13 3.28487020E-29 1.37696274E-26 1.09656569E-35 1.16021634E-38 1.23222578E-29 2.00113978E-35 6.20794409E-26 1.02602870E-33 5.07218060E-33 2.32253853E-12 7.52412367E-20 4.74299516E-30 9.51353000E-17 1.00000000E-05 1.00000000E-05 1.00000000E-05 1.00000000E-05 1.00000000E-05 1.00000000E-05 1.00000000E-05 1.00000000E-05 1.00000000E-05 1.00000000E-05
7.75887000E+01 2.68838000E-05 1.48885594E+15 1.30784024E+02 1.00000000E+05 1.00000000E-40 1.00000000E-40 1.00248746E-40 1.00000000E-40 1.93028055E-11 1.00000000E-40 1.00000000E-40 1.00000000E-40 1.00000000E-40 1.02868204E-40 1.16106619E-08 1.67886191E-05 5.20224867E-11 8.41748006E-12 1.69282064E-05 1.09003467E-03 2.28190545E-03 7.70640729E-01 6.49576811E-17 2.98817471E-19 9.65475810E-39 1.32830310E-35 2.15638317E-29 1.61190445E-28 2.54232751E-19 5.16315470E-12 8.05478579E-21 1.31826924E-25 8.20811433E-25 7.55804306E-26 1.00799495E-12 2.90977228E-14 2.90934633E-06 3.76391554E-03 6.65523130E-34 7.70554573E-37 3.07302298E-11 3.04714578E-37 1.73476800E-39 1.15611010E-29 1.00000000E-40 1.27997669E-12 9.45321435E-12 2.07829538E-07 2.95397993E-07 1.74979781E-12 7.24302736E-08 2.61272913E-13 3.32875305E-23 1.12918031E-17 5.03177685E-08 3.84354126E-33 6.97011932E-19 2.18470555E-25 6.72848181E-24 4.22968832E-34 1.00000000E-40 8.40929927E-27 2.11043920E-30 5.87557377E-11 1.13195170E-32 1.00000000E-40 1.00000000E-40 2.71880776E-36 1.04832711E-35 7.92058792E-13 2.29504512E-28 5.05989183E-27 8.82108889E-35 3.97300913E-39 2.59024095E-28 6.45188117E-36 4.50432654E-26 3.36758042E-28 3.19973119E-33 8.23626473E-13 5.80327489E-20 2.67523810E-30 1.59618000E-16 1.00000000E-05 1.00000000E-05 1.00000000E-05 1.00000000E-05 1.00000000E-05 1.00000000E-05 1.00000000E-05 1.00000000E-05 1.00000000E-05 1.00000000E-05
7.87733000E+01 2.26285000E-05 1.28317543E+15 1.27728099E+02 1.00000000E+05 1.00000000E-40 1.00000000E-40 1.00000000E-40 1.00000000E-40 9.26375868E-12 1.00000000E-40 1.00000000E-40 1.00000000E-40 1.00000000E-40 1.00000000E-40 1.37605271E-08 1.41660636E-05 4.12049919E-11 5.98509571E-12 3.20389789E-05 1.25271355E-03 2.61088324E-03 7.64238530E-01 4.89953229E-17 1.81803993E-19 8.55299182E-38 2.12184143E-36 3.10026010E-30 1.00000000E-40 2.54708759E-19 2.27721828E-11 1.57167734E-20 9.54881037E-26 5.33376835E-25 5.51324762E-26 3.36912327E-13 2.43387140E-14 7.64713903E-06 2.67208671E-03 2.59143136E-34 1.12760372E-36 4.68349116E-11 1.67771804E-36 1.46204852E-38 1.00000000E-40 1.00000000E-40 7.69399428E-13 3.40331524E-12 2.82684446E-07 1.16262452E-07 1.03370121E-12 6.05631642E-08 2.11212372E-13 1.95528714E-23 9.57462054E-18 6.21535100E-08 3.11861005E-33 6.04837856E-19 3.51505053E-26 1.08014385E-24 3.88028930E-34 1.00000000E-40 7.75210964E-27 7.75971934E-31 9.85805337E-11 6.06137721E-33 1.00000000E-40 1.00000000E-40 5.84069788E-37 9.16485128E-37 7.28638951E-13 1.27361786E-27 1.71127524E-27 5.73418243E-34 1.24511319E-39 3.36451829E-29 2.07471372E-36 3.36225543E-26 3.91562416E-29 6.86571625E-34 2.45664434E-13 4.77257253E-20 1.51828714E-30 2.59614000E-16 1.00000000E-05 1.00000000E-05 1.00000000E-05 1.00000000E-05 1.00000000E-05 1.00000000E-05 1.00000000E-05 1.00000000E-05 1.00000000E-05 1.00000000E-05
7.99578000E+01 1.90500000E-05 1.09681051E+15 1.25799842E+02 1.00000000E+05 1.00000000E-40 1.00000000E-40 1.00000000E-40 1.00000000E-40 3.99303691E-12 1.00000000E-40 1.00000000E-40 1.00000000E-40 1.00000000E-40 1.00000000E-40 1.55118919E-08 1.19108236E-05 3.77770195E-11 4.55778390E-12 5.71429315E-05 1.44097108E-03 3.00086107E-03 7.64787640E-01 3.67050330E-17 1.00666014E-19 4.05858266E-37 1.31494105E-37 1.82378500E-31 5.06775265E-29 2.55372005E-19 9.19331835E-11 2.46789627E-20 7.38234016E-26 3.56320821E-25 3.98634687E-26 1.01529636E-13 1.68108245E-14 1.52651870E-05 1.87596767E-03 4.45377221E-35 5.50322747E-37 7.20618213E-11 5.23859398E-36 7.00378919E-38 1.00000000E-40 1.00000000E-40 4.73402553E-13 1.15063857E-12 3.70191925E-07 4.85434014E-08 4.85459682E-13 5.00269703E-08 3.81124471E-13 2.38202383E-23 8.07191347E-18 7.68604528E-08 2.55108607E-33 5.16644771E-19 2.19117827E-27 6.91797072E-26 3.54007954E-34 1.00000000E-40 7.11953242E-27 2.69805539E-31 1.56117709E-10 1.22897205E-33 1.00000000E-40 1.00000000E-40 4.80213083E-38 1.00000000E-40 5.27984899E-13 4.10591743E-27 6.38222741E-28 3.10713992E-33 1.00000000E-40 1.93693191E-30 1.19453301E-36 3.70308226E-26 1.91037582E-30 3.97285559E-34 7.28345701E-14 4.17646246E-20 8.77436235E-31 4.11433000E-16 1.00000000E-05 1.00000000E-05 1.00000000E-05 1.00000000E-05 1.00000000E-05 1.00000000E-05 1.00000000E-05 1.00000000E-05 1.00000000E-05 1.00000000E-05
8.11424000E+01 1.60403000E-05 9.32221822E+14 1.24626368E+02 1.00000000E+05 1.00000000E-40 1.00000000E-40 1.00000000E-40 1.00000000E-40 1.81398671E-12 1.00000000E-40 1.00000000E-40 1.00000000E-40 1.00000000E-40 1.00000000E-40 1.67419750E-08 9.98050544E-06 3.67596147E-11 3.95480332E-12 9.43484482E-05 1.65887547E-03 3.46686412E-03 7.71823087E-01 2.72998997E-17 5.32638462E-20 1.23370307E-36 1.00000000E-40 1.00000000E-40 1.31349553E-28 2.56283167E-19 2.79855017E-10 2.79884447E-20 6.01353500E-26 2.55057851E-25 2.85694226E-26 2.69917991E-14 1.01686133E-14 2.36023895E-05 1.30083351E-03 7.65287983E-36 1.00000000E-40 1.04682814E-10 1.12713710E-35 2.18224842E-37 3.40722288E-30 1.18458150E-27 3.04708632E-13 3.69552105E-13 4.69842705E-07 2.56508428E-08 2.52722057E-13 4.07825993E-08 7.55501086E-13 3.46598366E-23 7.30091222E-18 9.50425713E-08 2.10345973E-33 4.33536346E-19 1.00000000E-40 1.00000000E-40 3.21597940E-34 1.00000000E-40 6.51768162E-27 9.71427719E-32 2.31833935E-10 1.00000000E-40 1.40924287E-40 1.54044998E-37 1.00000000E-40 1.87203242E-36 3.29102983E-13 8.63320979E-27 2.86651206E-28 1.42390617E-32 6.25217015E-40 1.00000000E-40 7.16600180E-37 3.83026931E-26 1.00000000E-40 5.01932114E-34 2.47993367E-14 3.85939995E-20 5.23633550E-31 6.37682000E-16 1.00000000E-05 1.00000000E-05 1.00000000E-05 1.00000000E-05 1.00000000E-05 1.00000000E-05 1.00000000E-05 1.00000000E-05 1.00000000E-05 1.00000000E-05
8.23269000E+01 1.35086000E-05 7.88874331E+14 1.24027855E+02 1.00000000E+05 1.00000000E-40 1.00000000E-40 1.00000000E-40 1.00000000E-40 8.17826644E-13 1.00000000E-40 1.00000000E-40 1.00000000E-40 1.00000000E-40 1.00000000E-40 1.73567613E-08 8.33893553E-06 3.64428263E-11 3.80198282E-12 1.43184452E-04 1.91044495E-03 4.02283361E-03 7.84603232E-01 2.05906567E-17 2.81917379E-20 2.63000597E-36 1.00000000E-40 1.00000000E-40 1.78832180E-28 2.57360721E-19 5.69451367E-10 2.21410596E-20 4.91898876E-26 1.88408241E-25 2.03064106E-26 6.27966136E-15 5.74135230E-15 2.97455440E-05 8.91527544E-04 1.00000000E-40 1.00000000E-40 1.33215891E-10 1.83495588E-35 4.65515011E-37 5.05210856E-30 8.32855008E-28 2.06423943E-13 1.14024885E-13 5.66954953E-07 1.65582314E-08 1.39545911E-13 3.28184148E-08 1.22247095E-12 4.22766255E-23 6.87196918E-18 1.17252809E-07 1.74751913E-33 3.57560298E-19 1.00000000E-40 1.00000000E-40 2.91360764E-34 1.00000000E-40 5.95137396E-27 3.73223415E-32 3.19481290E-10 1.00000000E-40 8.74730257E-39 9.51568955E-38 1.00000000E-40 9.11477709E-36 1.88819811E-13 1.30292632E-26 1.52243396E-28 5.52754401E-32 1.50998585E-39 1.00000000E-40 4.08782706E-37 3.40960863E-26 1.00000000E-40 4.64157674E-34 9.71929105E-15 3.71765753E-20 3.26292190E-31 9.69147000E-16 1.00000000E-05 1.00000000E-05 1.00000000E-05 1.00000000E-05 1.00000000E-05 1.00000000E-05 1.00000000E-05 1.00000000E-05 1.00000000E-05 1.00000000E-05
8.35115000E+01 1.13788000E-05 6.65228570E+14 1.23891722E+02 1.00000000E+05 1.00000000E-40 1.00000000E-40 1.00000000E-40 1.00000000E-40 3.38317068E-13 1.00000000E-40 1.00000000E-40 1.00000000E-40 1.00000000E-40 1.00000000E-40 1.73383504E-08 6.95218687E-06 3.59604024E-11 3.84348296E-12 1.99384558E-04 2.20257208E-03 4.68422032E-03 8.02396713E-01 1.60251624E-17 1.54530269E-20 4.26122515E-36 1.00000000E-40 1.00000000E-40 2.20306687E-28 2.58486769E-19 8.21763426E-10 1.37964289E-20 4.08630535E-26 1.43851208E-25 1.43227970E-26 1.30428759E-15 3.20314706E-15 3.22316526E-05 6.05043705E-04 1.00000000E-40 1.00000000E-40 1.44547610E-10 2.45549596E-35 7.70705106E-37 1.29712680E-29 4.65787770E-27 1.47544648E-13 3.41778003E-14 6.40083249E-07 1.18919630E-08 7.08099788E-14 2.61084725E-08 1.65183403E-12 4.20527429E-23 6.33015840E-18 1.44085121E-07 1.46163026E-33 2.90995311E-19 1.00000000E-40 1.00000000E-40 2.63648098E-34 1.00000000E-40 5.42498131E-27 1.54573386E-32 4.05498054E-10 1.00000000E-40 6.71399456E-39 1.47514724E-38 1.00000000E-40 7.83832561E-36 1.05470571E-13 1.56795366E-26 9.12809847E-29 1.82310608E-31 3.58539772E-40 1.00000000E-40 2.34447733E-37 2.73949601E-26 1.00000000E-40 3.97170299E-34 4.21282120E-15 3.67727795E-20 2.13686146E-31 1.44684000E-15 1.00000000E-05 1.00000000E-05 1.00000000E-05 1.00000000E-05 1.00000000E-05 1.00000000E-05 1.00000000E-05 1.00000000E-05 1.00000000E-05 1.00000000E-05
8.46961000E+01 9.58692000E-06 5.59703130E+14 1.24061802E+02 1.00000000E+05 1.00000000E-40 1.00000000E-40 1.00000000E-40 1.00000000E-40 1.27789056E-13 1.00000000E-40 1.00000000E-40 1.00000000E-40 1.00000000E-40 1.00000000E-40 1.67592001E-08 5.78550517E-06 3.47275095E-11 3.89687039E-12 2.56638245E-04 2.54427793E-03 5.46785230E-03 8.24383601E-01 1.28444280E-17 8.94694293E-21 5.68663534E-36 1.00000000E-40 1.00000000E-40 2.28559041E-28 2.59470298E-19 9.33330704E-10 7.62592816E-21 3.40447854E-26 1.14725084E-25 1.00298876E-26 2.52860434E-16 1.83624739E-15 3.15688063E-05 4.07329189E-04 1.00000000E-40 1.00000000E-40 1.36283878E-10 2.91865980E-35 1.00655099E-36 1.00709513E-29 2.26131193E-27 1.10931124E-13 1.00603394E-14 6.78385078E-07 8.84117119E-09 3.20183180E-14 2.05752409E-08 1.98399004E-12 3.51165714E-23 5.46725176E-18 1.76167668E-07 1.22917761E-33 2.35109104E-19 1.00000000E-40 1.00000000E-40 2.38581338E-34 1.00000000E-40 4.94056464E-27 6.92542605E-33 4.76008938E-10 1.00000000E-40 9.33954141E-39 3.85938167E-37 1.00000000E-40 1.43982676E-35 6.00170777E-14 1.65162264E-26 5.90360711E-29 5.14106508E-31 3.23539965E-39 1.00000000E-40 1.38766205E-37 2.09494884E-26 1.00000000E-40 3.24685946E-34 1.93816499E-15 3.68360703E-20 1.46558423E-31 2.12394000E-15 1.00000000E-05 1.00000000E-05 1.00000000E-05 1.00000000E-05 1.00000000E-05 1.00000000E-05 1.00000000E-05 1.00000000E-05 1.00000000E-05 1.00000000E-05
8.58806000E+01 8.07909000E-06 4.70601600E+14 1.24344266E+02 1.00000000E+05 1.00000000E-40 1.00000000E-40 1.00000000E-40 1.00000000E-40 4.56412037E-14 1.00000000E-40 1.00000000E-40 1.00000000E-40 1.00000000E-40 1.00000000E-40 1.57589955E-08 4.80683917E-06 3.26255618E-11 3.85225677E-12 3.10114743E-04 2.94398926E-03 6.39125562E-03 8.49621739E-01 1.04819550E-17 5.50389124E-21 6.68017927E-36 1.00000000E-40 1.00000000E-40 2.27092199E-28 2.60060347E-19 9.10536909E-10 3.98151651E-21 2.73268415E-26 9.22532945E-26 6.97811099E-27 4.86891088E-17 1.09413130E-15 2.90195433E-05 2.72405996E-04 2.96839834E-36 1.00000000E-40 1.15542686E-10 3.25396546E-35 1.19212554E-36 1.36206202E-29 2.64298993E-27 8.68129136E-14 2.93827634E-15 6.84286729E-07 6.52608169E-09 1.33208743E-14 1.60924586E-08 2.22263961E-12 2.55738769E-23 4.35967390E-18 2.14091156E-07 1.03770928E-33 1.89728338E-19 1.00000000E-40 1.00000000E-40 2.16056888E-34 1.00000000E-40 4.49741491E-27 3.32289500E-33 5.23867440E-10 1.00000000E-40 6.64801069E-39 1.70091132E-37 1.00000000E-40 9.25012048E-36 3.54412818E-14 1.62304552E-26 3.98375606E-29 1.25421383E-30 2.21315285E-39 1.00000000E-40 8.42672693E-38 1.57769009E-26 1.00000000E-40 2.63115256E-34 9.16165571E-16 3.69474927E-20 1.04110930E-31 3.06721000E-15 1.00000000E-05 1.00000000E-05 1.00000000E-05 1.00000000E-05 1.00000000E-05 1.00000000E-05 1.00000000E-05 1.00000000E-05 1.00000000E-05 1.00000000E-05
8.70652000E+01 6.81013000E-06 3.96128402E+14 1.24519147E+02 1.00000000E+05 1.00000000E-40 1.00000000E-40 1.00000000E-40 1.00000000E-40 1.60993054E-14 1.00000000E-40 1.00000000E-40 1.00000000E-40 1.00000000E-40 1.00000000E-40 1.44931758E-08 3.98723497E-06 2.98696076E-11 3.66481029E-12 3.57691108E-04 3.40789973E-03 7.47136608E-03 8.77004802E-01 8.58961160E-18 3.59639686E-21 7.24424564E-36 3.99178803E-38 1.00000000E-40 2.16296230E-28 2.59950909E-19 8.10850058E-10 2.02379080E-21 2.07009884E-26 7.24792796E-26 4.82890044E-27 1.00950562E-17 6.74066053E-16 2.56407327E-05 1.81256576E-04 3.98855934E-35 1.00000000E-40 9.09733346E-11 3.51376699E-35 1.25642690E-36 8.04872852E-30 1.74976163E-27 6.98233571E-14 8.60192114E-16 6.67087045E-07 4.68538761E-09 5.39517594E-15 1.25079172E-08 2.39259989E-12 1.67949417E-23 3.21430307E-18 2.58299345E-07 8.77981153E-34 1.53634043E-19 1.00000000E-40 1.00000000E-40 1.95765237E-34 1.00000000E-40 4.09236477E-27 1.68282847E-33 5.48993673E-10 1.00000000E-40 9.32042046E-39 6.86667997E-39 1.00000000E-40 6.01781481E-36 2.17343668E-14 1.54501232E-26 2.74983090E-29 2.69031675E-30 6.52763736E-40 1.00000000E-40 5.08413777E-38 1.17217753E-26 1.00000000E-40 2.19500461E-34 4.35777447E-16 3.67881869E-20 7.56504793E-32 4.35767000E-15 1.00000000E-05 1.00000000E-05 1.00000000E-05 1.00000000E-05 1.00000000E-05 1.00000000E-05 1.00000000E-05 1.00000000E-05 1.00000000E-05 1.00000000E-05
8.82497000E+01 5.74207000E-06 3.33997728E+14 1.24520739E+02 1.00000000E+05 1.00000000E-40 1.00000000E-40 1.00000000E-40 1.00000000E-40 5.70887600E-15 1.00000000E-40 1.00000000E-40 1.00000000E-40 1.00000000E-40 1.00000000E-40 1.31019162E-08 3.30240189E-06 2.67802739E-11 3.34425500E-12 4.00283426E-04 3.94011805E-03 8.72509111E-03 9.05440626E-01 7.00170749E-18 2.48797389E-21 7.48877739E-36 4.72972317E-37 1.00000000E-40 2.02692332E-28 2.58857451E-19 6.86826338E-10 1.01521730E-21 1.58371367E-26 5.52739817E-26 3.33017488E-27 2.45690190E-18 4.23088985E-16 2.21074728E-05 1.20305342E-04 3.39831038E-35 1.00000000E-40 6.82536486E-11 3.73066871E-35 1.28681867E-36 6.40662426E-30 5.43401803E-28 5.69211884E-14 2.55434454E-16 6.36134974E-07 3.25879063E-09 2.18441933E-15 9.66955663E-09 2.51630797E-12 1.01361938E-23 2.20800598E-18 3.09044357E-07 7.43299896E-34 1.25206085E-19 1.00000000E-40 1.00000000E-40 1.77281736E-34 1.00000000E-40 3.72143451E-27 8.80342392E-34 5.55315709E-10 1.00000000E-40 1.00000000E-40 1.73190303E-38 2.27634317E-39 2.28241234E-36 1.36590584E-14 1.45142240E-26 1.91943043E-29 5.16815486E-30 3.83389099E-40 1.00000000E-40 3.00426284E-38 8.61770898E-27 1.00000000E-40 1.85695180E-34 2.05403869E-16 3.61412546E-20 5.55696534E-32 6.09034000E-15 1.00000000E-05 1.00000000E-05 1.00000000E-05 1.00000000E-05 1.00000000E-05 1.00000000E-05 1.00000000E-05 1.00000000E-05 1.00000000E-05 1.00000000E-05
8.94343000E+01 4.84297000E-06 2.82011865E+14 1.24383025E+02 1.00000000E+05 1.00000000E-40 1.00000000E-40 1.00000000E-40 1.00000000E-40 2.03975816E-15 1.00000000E-40 1.00000000E-40 1.00000000E-40 1.00000000E-40 1.00000000E-40 1.16971842E-08 2.73255019E-06 2.36390529E-11 2.93439590E-12 4.41069652E-04 4.54420412E-03 1.01713284E-02 9.34073682E-01 5.65055400E-18 1.81449514E-21 7.53403033E-36 4.57945643E-36 1.00000000E-40 1.89397932E-28 2.56590070E-19 5.68788170E-10 5.05273590E-22 1.14429007E-26 4.16059734E-26 2.29556808E-27 7.28387132E-19 2.66048166E-16 1.87888752E-05 7.99886686E-05 2.49740229E-35 1.00000000E-40 4.97656036E-11 3.91249997E-35 1.29865832E-36 6.88693303E-30 5.90840310E-28 4.64486735E-14 7.81517299E-17 5.99041855E-07 2.20809379E-09 8.84197536E-16 7.43989580E-09 2.60528279E-12 5.71793459E-24 1.42773279E-18 3.66410712E-07 6.28902249E-34 1.02859628E-19 1.00000000E-40 1.00000000E-40 1.60210019E-34 1.00000000E-40 3.38108672E-27 4.64849884E-34 5.48185058E-10 1.00000000E-40 8.08539880E-40 6.60713132E-39 4.08818571E-38 4.29851148E-36 8.63749264E-15 1.35478901E-26 1.34860905E-29 9.05647885E-30 2.59907945E-40 1.00000000E-40 1.73620966E-38 6.28737049E-27 1.00000000E-40 1.58669734E-34 9.50352811E-17 3.49021347E-20 4.08578515E-32 8.37370000E-15 1.00000000E-05 1.00000000E-05 1.00000000E-05 1.00000000E-05 1.00000000E-05 1.00000000E-05 1.00000000E-05 1.00000000E-05 1.00000000E-05 1.00000000E-05
9.06189000E+01 4.08600000E-06 2.38460858E+14 1.24107486E+02 1.00000000E+05 1.00000000E-40 1.00000000E-40 1.00000000E-40 1.00000000E-40 7.41436585E-16 1.00000000E-40 1.00000000E-40 1.00000000E-40 1.00000000E-40 1.00000000E-40 1.03528407E-08 2.26004797E-06 2.06354429E-11 2.48689544E-12 4.84286786E-04 5.22331327E-03 1.18294783E-02 9.62135532E-01 4.49344422E-18 1.38908809E-21 7.46765970E-36 3.52638535E-35 1.00000000E-40 1.76313626E-28 2.52996494E-19 4.68426266E-10 2.49815708E-22 7.90534397E-27 2.99778654E-26 1.58796433E-27 2.51773339E-19 1.65180734E-16 1.58477101E-05 5.36262788E-05 2.07902805E-35 1.78532977E-38 3.57995795E-11 4.05019454E-35 1.30183588E-36 8.42798808E-30 9.64154070E-28 3.75733296E-14 2.51297176E-17 5.62323632E-07 1.47015377E-09 3.62582607E-16 5.69939032E-09 2.65788596E-12 3.04574415E-24 8.79877360E-19 4.30236347E-07 5.31237680E-34 8.52156431E-20 1.00000000E-40 1.00000000E-40 1.44248185E-34 1.00000000E-40 3.06781287E-27 2.43494954E-34 5.33350314E-10 6.80196766E-35 4.82192824E-39 1.00000000E-40 5.67750943E-37 5.88204492E-36 5.41523541E-15 1.25665071E-26 9.55653007E-30 1.47216725E-29 3.79639377E-40 1.00000000E-40 9.77175488E-39 4.56476726E-27 1.00000000E-40 1.36024052E-34 4.31264958E-17 3.30659944E-20 2.98169307E-32 1.13298000E-14 1.00000000E-05 1.00000000E-05 1.00000000E-05 1.00000000E-05 1.00000000E-05 1.00000000E-05 1.00000000E-05 1.00000000E-05 1.00000000E-05 1.00000000E-05
9.18034000E+01 3.44859000E-06 2.01869310E+14 1.23733695E+02 1.00000000E+05 1.00000000E-40 1.00000000E-40 1.00000000E-40 1.00000000E-40 2.75368540E-16 1.00000000E-40 1.00000000E-40 1.00000000E-40 1.00000000E-40 1.00000000E-40 9.11322602E-09 1.86972413E-06 1.78759798E-11 2.04795657E-12 5.35430365E-04 5.98046689E-03 1.37196586E-02 9.88987898E-01 3.51223733E-18 1.10829681E-21 7.34749935E-36 2.35861620E-34 4.36287326E-32 1.63461314E-28 2.47977696E-19 3.88586151E-10 1.23000964E-22 5.30362102E-27 2.07600511E-26 1.10783161E-27 9.40230152E-20 1.00074280E-16 1.33598278E-05 3.65816492E-05 1.94297350E-35 3.07006864E-37 2.57217451E-11 4.12250186E-35 1.34728957E-36 1.58703475E-29 2.21646216E-27 2.98735425E-14 8.66260383E-18 5.30337717E-07 9.72916701E-10 1.51206933E-16 4.34836977E-09 2.66643092E-12 1.53547135E-24 5.23386141E-19 5.00094820E-07 4.47647762E-34 7.11677893E-20 3.82161338E-28 1.26710266E-26 1.29223224E-34 1.00000000E-40 2.77851777E-27 1.24418496E-34 5.15784673E-10 1.72873074E-33 6.12096980E-38 6.25721622E-39 4.72666260E-36 6.30262134E-36 3.32259022E-15 1.15393246E-26 6.87317275E-30 2.25249700E-29 2.72377313E-40 3.13519137E-31 5.35886154E-39 3.30666983E-27 3.03024044E-31 1.15761174E-34 1.92665130E-17 3.07081536E-20 2.14376504E-32 1.50964000E-14 1.00000000E-05 1.00000000E-05 1.00000000E-05 1.00000000E-05 1.00000000E-05 1.00000000E-05 1.00000000E-05 1.00000000E-05 1.00000000E-05 1.00000000E-05
9.29880000E+01 2.91177000E-06 1.71021829E+14 1.23316798E+02 1.00000000E+05 1.00000000E-40 1.00000000E-40 1.00000000E-40 1.00000000E-40 1.05236840E-16 1.00000000E-40 1.00000000E-40 1.00000000E-40 1.00000000E-40 1.00000000E-40 8.00425725E-09 1.54904271E-06 1.54084028E-11 1.65159912E-12 6.01176335E-04 6.82008303E-03 1.58655633E-02 1.01427799E+00 2.69827806E-18 9.12754288E-22 7.20801244E-36 1.45293491E-33 4.84718875E-32 1.46098803E-28 2.41526576E-19 3.28264202E-10 6.08646229E-23 3.61958114E-27 1.45559198E-26 7.83842222E-28 3.58870046E-20 5.88158492E-17 1.13506190E-05 2.56747955E-05 2.33362000E-35 1.19977464E-36 1.86567876E-11 4.10700547E-35 1.29253878E-36 1.14054048E-29 1.90695444E-29 2.32092663E-14 3.23313188E-18 5.05824018E-07 6.48423903E-10 6.40893233E-17 3.30572400E-09 2.62246886E-12 7.52523621E-25 3.04500358E-19 5.75376786E-07 3.76134046E-34 5.98715578E-20 1.00000000E-40 1.00000000E-40 1.15096009E-34 1.00000000E-40 2.51083451E-27 6.12199236E-35 4.99354220E-10 8.60658392E-33 1.00000000E-40 1.00000000E-40 3.55083456E-35 7.20252779E-36 1.98027178E-15 1.04384787E-26 5.07022050E-30 3.28446809E-29 2.02363784E-40 1.00000000E-40 2.87498915E-39 2.39861691E-27 1.00000000E-40 9.15901791E-35 8.55305673E-18 2.79604446E-20 1.51044270E-32 1.98335000E-14 1.00000000E-05 1.00000000E-05 1.00000000E-05 1.00000000E-05 1.00000000E-05 1.00000000E-05 1.00000000E-05 1.00000000E-05 1.00000000E-05 1.00000000E-05
9.41725000E+01 2.45958000E-06 1.45083857E+14 1.22788750E+02 1.00000000E+05 1.00000000E-40 1.00000000E-40 1.00000000E-40 1.00000000E-40 4.21573980E-17 1.00000000E-40 1.00000000E-40 1.00000000E-40 1.00000000E-40 1.00000000E-40 7.02521085E-09 1.28540284E-06 1.32305890E-11 1.31142529E-12 6.88654277E-04 7.74275651E-03 1.82812434E-02 1.03717886E+00 2.02654905E-18 7.69705460E-22 7.06212930E-36 8.13532446E-33 4.87609983E-31 1.30582701E-28 2.33498634E-19 2.84420054E-10 3.07327373E-23 2.29919455E-27 9.26975345E-27 5.65184574E-28 1.36608118E-20 3.35140286E-17 9.79316055E-06 1.87528415E-05 7.66527055E-35 6.91987510E-36 1.37797121E-11 3.99143518E-35 1.32000192E-36 1.62781673E-29 1.00000000E-40 1.75560530E-14 1.29724167E-18 4.90959127E-07 4.40339112E-10 2.87793631E-17 2.50419432E-09 2.51995835E-12 3.55660515E-25 1.75330602E-19 6.54857179E-07 3.14880193E-34 5.06565219E-20 5.72622046E-28 1.98634183E-26 1.01848622E-34 1.00000000E-40 2.26128951E-27 2.88960833E-35 4.86759024E-10 6.36774889E-32 1.00000000E-40 1.00000000E-40 2.36848204E-34 1.35465918E-35 1.14874644E-15 9.26021936E-27 3.88001027E-30 4.60747837E-29 2.14283123E-40 4.58121225E-31 1.48604977E-39 1.73745482E-27 4.62987673E-31 7.26589411E-35 3.82991597E-18 2.49656392E-20 1.03789483E-32 2.57372000E-14 1.00000000E-05 1.00000000E-05 1.00000000E-05 1.00000000E-05 1.00000000E-05 1.00000000E-05 1.00000000E-05 1.00000000E-05 1.00000000E-05 1.00000000E-05
9.53571000E+01 2.07861000E-06 1.23109573E+14 1.22291960E+02 1.00000000E+05 1.00000000E-40 1.00000000E-40 1.00000000E-40 1.00000000E-40 1.73966479E-17 1.00000000E-40 1.00000000E-40 1.00000000E-40 1.00000000E-40 1.00000000E-40 6.18081297E-09 1.07018376E-06 1.13303900E-11 1.03526717E-12 8.08033816E-04 8.75400544E-03 2.09935749E-02 1.05766429E+00 1.49850878E-18 6.57571534E-22 6.92937023E-36 3.96534670E-32 2.01394640E-30 1.15295823E-28 2.23972462E-19 2.55434718E-10 1.62264770E-23 1.43305344E-27 6.05989139E-27 4.16819606E-28 5.12954257E-21 1.85994848E-17 8.66495387E-06 1.43759635E-05 3.14918144E-34 3.33062336E-35 1.04396037E-11 3.77789651E-35 1.20362138E-36 6.09403446E-30 1.03201677E-28 1.29122807E-14 5.47199914E-19 4.84620221E-07 3.09049158E-10 1.31687055E-17 1.89185708E-09 2.36913339E-12 1.64100384E-25 1.00767365E-19 7.37446219E-07 2.62602076E-34 4.30558428E-20 1.00000000E-40 1.00000000E-40 8.95789728E-35 1.00000000E-40 2.02821772E-27 1.29675009E-35 4.78254882E-10 3.90394829E-31 1.00000000E-40 1.00000000E-40 1.31674982E-33 2.27460847E-35 6.48289066E-16 8.03757801E-27 3.10194721E-30 6.26872700E-29 1.00000000E-40 1.00000000E-40 7.54773101E-40 1.25936230E-27 1.00000000E-40 5.39334439E-35 1.74545287E-18 2.18834851E-20 6.95269454E-33 3.30657000E-14 1.00000000E-05 1.00000000E-05 1.00000000E-05 1.00000000E-05 1.00000000E-05 1.00000000E-05 1.00000000E-05 1.00000000E-05 1.00000000E-05 1.00000000E-05
9.65417000E+01 1.75757000E-06 1.04570315E+14 1.21736534E+02 1.00000000E+05 1.00000000E-40 1.00000000E-40 1.00000000E-40 1.00000000E-40 7.51681551E-18 1.00000000E-40 1.00000000E-40 1.00000000E-40 1.00000000E-40 1.00000000E-40 5.45828441E-09 8.94258016E-07 9.67350250E-12 8.16669973E-13 9.70658383E-04 9.85356532E-03 2.40151353E-02 1.07507329E+00 1.08698096E-18 5.67344060E-22 6.81923780E-36 1.63485271E-31 7.55638432E-30 1.04485352E-28 2.12831834E-19 2.38086205E-10 9.11007735E-24 8.87286740E-28 3.75952016E-27 3.14440207E-28 1.90323162E-21 1.01111695E-17 7.88856282E-06 1.16174597E-05 1.19607115E-33 1.38488054E-34 8.13925362E-12 3.48914518E-35 1.12527516E-36 1.85491782E-31 1.42285132E-28 9.25092472E-15 2.36976325E-19 4.87541596E-07 2.26125066E-10 6.38702238E-18 1.42567775E-09 2.17910269E-12 7.46362562E-26 5.82645196E-20 8.21358928E-07 2.17953599E-34 3.66850620E-20 1.00000000E-40 1.00000000E-40 7.83693170E-35 1.00000000E-40 1.80852005E-27 5.56608796E-36 4.74364433E-10 2.03096791E-30 4.60582916E-39 1.23955696E-40 6.02755625E-33 6.81483094E-35 3.59083175E-16 6.81982160E-27 2.60236492E-30 8.31655249E-29 1.00000000E-40 1.00000000E-40 3.71879762E-40 9.09990271E-28 1.00000000E-40 4.02819576E-35 8.19986206E-19 1.88427109E-20 4.53749102E-33 4.21947000E-14 1.00000000E-05 1.00000000E-05 1.00000000E-05 1.00000000E-05 1.00000000E-05 1.00000000E-05 1.00000000E-05 1.00000000E-05 1.00000000E-05 1.00000000E-05
9.77262000E+01 1.48698000E-06 8.88569021E+13 1.21207830E+02 1.00000000E+05 1.00000000E-40 1.00000000E-40 1.00000000E-40 1.00000000E-40 3.34552722E-18 1.00000000E-40 1.00000000E-40 1.00000000E-40 1.00000000E-40 1.00000000E-40 4.85004876E-09 7.50928376E-07 8.22858924E-12 6.48115367E-13 1.19282551E-03 1.10429723E-02 2.73660138E-02 1.08924531E+00 7.77395215E-19 4.94751824E-22 6.77089105E-36 5.66221303E-31 2.32839025E-29 1.05914210E-28 2.00083469E-19 2.30533014E-10 5.49494657E-24 5.61494602E-28 2.25506433E-27 2.41910009E-28 6.99248085E-22 5.40965226E-18 7.39688087E-06 9.87739345E-06 3.83488897E-33 4.92530008E-34 6.52995333E-12 3.16429381E-35 1.07319301E-36 1.00000000E-40 4.81685799E-28 6.47455866E-15 1.03459556E-19 4.98312165E-07 1.73477915E-10 3.21133939E-18 1.07247873E-09 1.96879161E-12 3.37003663E-26 3.40332406E-20 9.04872914E-07 1.79856255E-34 3.12704153E-20 1.00000000E-40 1.00000000E-40 6.84561862E-35 1.00000000E-40 1.60014808E-27 2.28765676E-36 4.73988920E-10 8.89913125E-30 2.83746110E-38 1.00000000E-40 2.28788048E-32 1.88323557E-34 1.95628554E-16 5.66771606E-27 2.29688224E-30 1.07998885E-28 1.00000000E-40 1.00000000E-40 1.79980530E-40 6.55215592E-28 1.00000000E-40 3.26564238E-35 3.97994161E-19 1.59546420E-20 2.89042180E-33 5.37409000E-14 1.00000000E-05 1.00000000E-05 1.00000000E-05 1.00000000E-05 1.00000000E-05 1.00000000E-05 1.00000000E-05 1.00000000E-05 1.00000000E-05 1.00000000E-05
9.89108000E+01 1.25886000E-06 7.55526978E+13 1.20682466E+02 1.00000000E+05 1.00000000E-40 1.00000000E-40 1.00000000E-40 1.00000000E-40 1.52478789E-18 1.00000000E-40 1.00000000E-40 1.00000000E-40 1.00000000E-40 1.00000000E-40 4.34514127E-09 6.34227436E-07 6.96297927E-12 5.19607197E-13 1.49616459E-03 1.23195307E-02 3.10603013E-02 1.09991342E+00 5.48846962E-19 4.41225358E-22 6.85465640E-36 1.65650284E-30 5.93634631E-29 1.30496418E-28 1.85706270E-19 2.30781138E-10 3.54839955E-24 2.78632961E-28 1.29282499E-27 1.88645210E-28 2.55284584E-22 2.85573665E-18 7.11476883E-06 8.77930394E-06 1.03725359E-32 1.50663162E-33 5.37158011E-12 2.85324214E-35 1.18617905E-36 2.19049144E-30 1.00000000E-40 4.44547473E-15 4.50948702E-20 5.16554526E-07 1.39455427E-10 1.67686501E-18 8.05860651E-10 1.75382323E-12 1.51981908E-26 2.01436192E-20 9.86006875E-07 1.47301870E-34 2.65969661E-20 1.51310710E-31 4.39009335E-30 6.04119410E-35 1.00000000E-40 1.40105998E-27 9.06260097E-37 4.76411262E-10 3.30766597E-29 1.00000000E-40 1.00000000E-40 7.29585660E-32 4.41001193E-34 1.05162311E-16 4.63352377E-27 2.14942484E-30 1.37511330E-28 1.00000000E-40 8.64714082E-35 1.00000000E-40 4.72495944E-28 1.00000000E-40 3.13511802E-35 1.99593519E-19 1.32971446E-20 1.79981221E-33 6.88593000E-14 1.00000000E-05 1.00000000E-05 1.00000000E-05 1.00000000E-05 1.00000000E-05 1.00000000E-05 1.00000000E-05 1.00000000E-05 1.00000000E-05 1.00000000E-05
1.00095000E+02 1.06648000E-06 6.42966506E+13 1.20138190E+02 1.00000000E+05 1.00000000E-40 1.00000000E-40 1.00000000E-40 1.00000000E-40 7.01122439E-19 1.00000000E-40 1.00000000E-40 1.00000000E-40 1.00000000E-40 1.00000000E-40 3.92995788E-09 5.38874211E-07 5.84618709E-12 4.21219855E-13 1.90887775E-03 1.36706031E-02 3.50939769E-02 1.10650093E+00 3.82781162E-19 4.10832781E-22 7.18442262E-36 4.13743627E-30 1.27053940E-28 1.92331560E-28 1.69676690E-19 2.37480340E-10 2.42881710E-24 2.28292120E-28 8.87525185E-28 1.47921881E-28 9.28860342E-23 1.48954589E-18 6.97816568E-06 8.07772793E-06 2.40750709E-32 4.01483559E-33 4.50474273E-12 2.60434126E-35 1.32550433E-36 4.17148109E-30 2.54817605E-29 3.00570358E-15 1.95558905E-20 5.40979163E-07 1.16728180E-10 9.05046093E-19 6.05062939E-10 1.54936786E-12 6.88841798E-27 1.20667681E-20 1.06234747E-06 1.19388414E-34 2.24967207E-20 4.17180801E-32 1.21084165E-30 5.56508884E-35 1.00000000E-40 1.20957749E-27 3.48152589E-37 4.80058828E-10 1.05795960E-28 2.96279096E-39 1.00000000E-40 1.98355598E-31 8.46144555E-34 5.58902295E-17 3.75658307E-27 2.14930695E-30 1.71568951E-28 1.00000000E-40 2.28879524E-35 1.00000000E-40 3.42339197E-28 1.00000000E-40 3.50827534E-35 1.02820499E-19 1.09157146E-20 1.09655937E-33 8.99078000E-14 1.00000000E-05 1.00000000E-05 1.00000000E-05 1.00000000E-05 1.00000000E-05 1.00000000E-05 1.00000000E-05 1.00000000E-05 1.00000000E-05 1.00000000E-05
1.01280000E+02 9.04203000E-07 5.47170659E+13 1.19690549E+02 1.00000000E+05 1.00000000E-40 1.00000000E-40 1.00000000E-40 1.00000000E-40 3.17603518E-19 1.00000000E-40 1.00000000E-40 1.00000000E-40 1.00000000E-40 1.00000000E-40 3.60140838E-09 4.61674513E-07 4.86215035E-12 3.46849966E-13 2.47066309E-03 1.50946852E-02 3.95030823E-02 1.10987667E+00 2.66537089E-19 4.07516955E-22 7.90171280E-36 8.93382588E-30 2.32113943E-28 2.97606349E-28 1.52350536E-19 2.50528289E-10 1.74669415E-24 1.17403743E-28 4.96435711E-28 1.15794452E-28 3.37795104E-23 7.71905123E-19 6.94924857E-06 7.61642181E-06 4.88191654E-32 9.43410582E-33 3.83327605E-12 2.44537195E-35 1.54877091E-36 4.11514962E-30 2.82595999E-30 2.01504844E-15 8.44677936E-21 5.69392231E-07 1.00921617E-10 4.78007078E-19 4.54667675E-10 1.36800192E-12 3.15184469E-27 7.31201547E-21 1.13282903E-06 9.55356746E-35 1.88765892E-20 4.15000032E-33 9.10009882E-32 5.72796005E-35 1.00000000E-40 1.02662201E-27 1.30345415E-37 4.83320362E-10 2.96671422E-28 1.06051279E-40 1.00000000E-40 4.67312191E-31 1.37208813E-33 2.94123457E-17 3.05656987E-27 2.28851631E-30 2.09574795E-28 1.00000000E-40 1.66298151E-36 1.00000000E-40 2.49465113E-28 1.00000000E-40 4.02335024E-35 5.40513952E-20 8.84154289E-21 6.56451819E-34 1.21736000E-13 1.00000000E-05 1.00000000E-05 1.00000000E-05 1.00000000E-05 1.00000000E-05 1.00000000E-05 1.00000000E-05 1.00000000E-05 1.00000000E-05 1.00000000E-05
1.02464000E+02 7.67278000E-07 4.66450593E+13 1.19141706E+02 1.00000000E+05 1.00000000E-40 1.00000000E-40 1.00000000E-40 1.00000000E-40 1.43132894E-19 1.00000000E-40 1.00000000E-40 1.00000000E-40 1.00000000E-40 1.00000000E-40 3.33989890E-09 3.98181091E-07 3.98835070E-12 2.87826456E-13 3.22133336E-03 1.65475119E-02 4.42192113E-02 1.10846345E+00 1.83654735E-19 4.32578983E-22 9.09323396E-36 1.68687208E-29 3.67692232E-28 4.38744597E-28 1.33855748E-19 2.68912804E-10 1.30633838E-24 9.50499386E-29 2.91661056E-28 8.97319717E-29 1.23607605E-23 3.99039491E-19 6.97833761E-06 7.28361402E-06 8.93865403E-32 2.00872032E-32 3.28945468E-12 2.36913192E-35 1.90390897E-36 4.06060352E-30 1.00000000E-40 1.34453504E-15 3.64712467E-21 6.00568663E-07 8.87916395E-11 2.61670068E-19 3.41746677E-10 1.21512811E-12 1.46209655E-27 4.45089814E-21 1.19404772E-06 7.51044012E-35 1.56378156E-20 2.23883503E-33 1.71734985E-32 7.04721843E-35 1.00000000E-40 8.52173375E-28 4.82730567E-38 4.84421959E-10 7.41369409E-28 7.79059344E-39 1.00000000E-40 9.63118784E-31 1.92149452E-33 1.55035766E-17 2.52201694E-27 2.53114072E-30 2.49607303E-28 1.00000000E-40 3.00699647E-37 1.00000000E-40 1.82208725E-28 1.00000000E-40 4.33765135E-35 2.88490622E-20 7.06456499E-21 3.85741052E-34 1.73767000E-13 1.00000000E-05 1.00000000E-05 1.00000000E-05 1.00000000E-05 1.00000000E-05 1.00000000E-05 1.00000000E-05 1.00000000E-05 1.00000000E-05 1.00000000E-05
1.03649000E+02 6.51701000E-07 3.97674014E+13 1.18696494E+02 1.00000000E+05 1.00000000E-40 1.00000000E-40 1.00000000E-40 1.00000000E-40 6.11882770E-20 1.00000000E-40 1.00000000E-40 1.00000000E-40 1.00000000E-40 1.00000000E-40 3.14205665E-09 3.46434359E-07 3.22210880E-12 2.41047754E-13 4.21589665E-03 1.80088547E-02 4.92522972E-02 1.10328879E+00 1.27185715E-19 4.78578109E-22 1.07688260E-35 2.82114694E-29 5.14202395E-28 5.93920568E-28 1.14952235E-19 2.94740632E-10 1.01879989E-24 3.58424245E-29 7.55118416E-29 6.84832653E-29 4.56588609E-24 2.07627657E-19 7.06314216E-06 6.99673033E-06 1.49585658E-31 3.92425845E-32 2.83995063E-12 2.33563284E-35 2.39837305E-36 4.49581099E-30 4.21525740E-33 8.97837078E-16 1.58077777E-21 6.28376405E-07 7.87582479E-11 1.35495043E-19 2.57383082E-10 1.09802131E-12 6.87182462E-28 2.70089937E-21 1.24536036E-06 5.78642031E-35 1.27637059E-20 1.55537558E-32 4.15655412E-31 1.02015783E-34 1.00000000E-40 6.89978924E-28 1.76838295E-38 4.80107052E-10 1.68013078E-27 1.00000000E-40 1.00000000E-40 1.76432197E-30 2.35302945E-33 8.19694713E-18 2.12538583E-27 2.81489695E-30 2.89378730E-28 1.00000000E-40 7.02649541E-36 1.00000000E-40 1.32816817E-28 1.00000000E-40 4.22379566E-35 1.54506636E-20 5.57826820E-21 2.23598796E-34 2.62761000E-13 1.00000000E-05 1.00000000E-05 1.00000000E-05 1.00000000E-05 1.00000000E-05 1.00000000E-05 1.00000000E-05 1.00000000E-05 1.00000000E-05 1.00000000E-05
1.04834000E+02 5.54103000E-07 3.39374656E+13 1.18257260E+02 1.00000000E+05 1.00000000E-40 1.00000000E-40 1.00000000E-40 1.00000000E-40 2.49196702E-20 1.00000000E-40 1.00000000E-40 1.00000000E-40 1.00000000E-40 1.00000000E-40 2.99607683E-09 3.04000122E-07 2.55844273E-12 2.02523493E-13 5.50585338E-03 1.94298024E-02 5.45386617E-02 1.09407191E+00 8.84443498E-20 5.32989945E-22 1.27699591E-35 4.22689362E-29 6.44990380E-28 7.33225661E-28 9.63399440E-20 3.29134039E-10 8.28548856E-25 9.38723983E-30 9.70897276E-29 5.12254534E-29 1.71204282E-24 1.09555365E-19 7.18662596E-06 6.70142464E-06 2.34202054E-31 7.19036127E-32 2.46076733E-12 2.29088012E-35 2.96616690E-36 4.71690251E-30 2.93631132E-36 6.02456228E-16 6.90691398E-22 6.49441687E-07 6.96460057E-11 6.73163096E-20 1.94331835E-10 1.01631474E-12 3.27686916E-28 1.62151025E-21 1.28507062E-06 4.35677809E-35 1.02384124E-20 4.24652690E-31 1.33877026E-29 1.56473844E-34 1.00000000E-40 5.43303396E-28 6.47808613E-39 4.68933134E-10 3.50032052E-27 1.00000000E-40 1.00000000E-40 2.90146348E-30 2.56636427E-33 4.39339778E-18 1.82410307E-27 3.06238542E-30 3.25905080E-28 1.00000000E-40 2.18661091E-34 1.00000000E-40 9.56951990E-29 1.00000000E-40 3.71762708E-35 8.26632900E-21 4.35556412E-21 1.28034058E-34 4.15812000E-13 1.00000000E-05 1.00000000E-05 1.00000000E-05 1.00000000E-05 1.00000000E-05 1.00000000E-05 1.00000000E-05 1.00000000E-05 1.00000000E-05 1.00000000E-05
1.06018000E+02 4.71639000E-07 2.89895300E+13 1.17837970E+02 1.00000000E+05 1.00000000E-40 1.00000000E-40 1.00000000E-40 1.00000000E-40 9.56713395E-21 1.00000000E-40 1.00000000E-40 1.00000000E-40 1.00000000E-40 1.00000000E-40 2.89151867E-09 2.69018343E-07 1.99520138E-12 1.69771103E-13 7.13894413E-03 2.07540683E-02 5.99922448E-02 1.08072166E+00 6.19358347E-20 5.80178453E-22 1.48243424E-35 5.74360811E-29 7.37633917E-28 8.31503795E-28 7.87911946E-20 3.74537053E-10 7.04870979E-25 2.95407593E-29 5.09278328E-29 3.74242166E-29 6.54599233E-25 5.89853021E-20 7.34146493E-06 6.35749638E-06 3.48145959E-31 1.25548714E-31 2.13678157E-12 2.19332238E-35 3.53583770E-36 4.94834607E-30 2.96988692E-39 4.07084137E-16 3.05383473E-22 6.58512363E-07 6.08606692E-11 3.16855610E-20 1.47206096E-10 9.70009158E-13 1.58281011E-28 9.54607617E-22 1.31195880E-06 3.20168270E-35 8.06194009E-21 1.30574814E-29 4.22103058E-28 2.29250168E-34 1.00000000E-40 4.15403448E-28 2.38500089E-39 4.49152581E-10 6.78101043E-27 1.00000000E-40 1.00000000E-40 4.33409769E-30 2.53338413E-33 2.40095717E-18 1.58073528E-27 3.21192406E-30 3.56381474E-28 1.00000000E-40 6.67201624E-33 1.00000000E-40 6.77775841E-29 1.00000000E-40 2.98858464E-35 4.38490871E-21 3.36540343E-21 7.25772779E-35 6.72942000E-13 1.00000000E-05 1.00000000E-05 1.00000000E-05 1.00000000E-05 1.00000000E-05 1.00000000E-05 1.00000000E-05 1.00000000E-05 1.00000000E-05 1.00000000E-05
1.07203000E+02 4.01911000E-07 2.47722735E+13 1.17511601E+02 1.00000000E+05 1.00000000E-40 1.00000000E-40 1.00000000E-40 1.00000000E-40 3.43782815E-21 1.00000000E-40 1.00000000E-40 1.00000000E-40 1.00000000E-40 1.00000000E-40 2.82425743E-09 2.40451109E-07 1.53123761E-12 1.41902800E-13 9.16480134E-03 2.19514437E-02 6.55926254E-02 1.06460011E+00 4.40147717E-20 6.07784204E-22 1.66291243E-35 7.17067896E-29 7.81732710E-28 8.77025945E-28 6.30607832E-20 4.34424081E-10 6.28380988E-25 2.46901623E-30 4.70125663E-29 2.66748871E-29 2.56320006E-25 3.26112555E-20 7.52778577E-06 5.95141133E-06 4.96188110E-31 2.10917362E-31 1.85982893E-12 2.02790026E-35 4.07676125E-36 5.71706485E-30 1.02307735E-39 2.77994864E-16 1.37200378E-22 6.52583024E-07 5.22980961E-11 1.37551792E-20 1.12115318E-10 9.59329617E-13 7.75319891E-29 5.49162511E-22 1.32694599E-06 2.30021192E-35 6.24102166E-21 3.84337957E-28 1.29072082E-26 3.02165056E-34 1.00000000E-40 3.08743913E-28 8.86262730E-40 4.21166455E-10 1.23453957E-26 1.00000000E-40 1.00000000E-40 5.95781975E-30 2.29976127E-33 1.34300876E-18 1.36997770E-27 3.24008815E-30 3.79278799E-28 1.00000000E-40 1.98850159E-31 1.00000000E-40 4.82192510E-29 2.61354224E-36 2.22537837E-35 2.29952706E-21 2.57810958E-21 4.09033250E-35 1.08875000E-12 1.00000000E-05 1.00000000E-05 1.00000000E-05 1.00000000E-05 1.00000000E-05 1.00000000E-05 1.00000000E-05 1.00000000E-05 1.00000000E-05 1.00000000E-05
1.08387000E+02 3.42899000E-07 2.12035805E+13 1.17131508E+02 1.00000000E+05 1.00000000E-40 1.00000000E-40 1.00000000E-40 1.00000000E-40 1.18470092E-21 1.00000000E-40 1.00000000E-40 1.00000000E-40 1.00000000E-40 1.00000000E-40 2.77983606E-09 2.16623320E-07 1.15750708E-12 1.17214925E-13 1.15904892E-02 2.29415699E-02 7.11389293E-02 1.04442619E+00 3.14483087E-20 6.11378738E-22 1.79189678E-35 8.32676593E-29 7.79377734E-28 8.74237294E-28 4.94748149E-20 5.11069336E-10 5.85048916E-25 3.39241237E-29 4.17124794E-29 1.85049484E-29 1.03148482E-25 1.85150128E-20 7.72139938E-06 5.47310006E-06 6.88700059E-31 3.46082255E-31 1.61874843E-12 1.80565122E-35 4.76777985E-36 8.58396959E-30 1.00999896E-39 1.91530353E-16 6.27717445E-23 6.30237206E-07 4.38947021E-11 5.79901728E-21 8.58660420E-11 9.85875445E-13 3.85384457E-29 3.06533708E-22 1.32812528E-06 1.61723654E-35 4.75258135E-21 9.44302283E-27 3.78780444E-25 3.49352966E-34 1.00000000E-40 2.23122873E-28 3.35052178E-40 3.85609718E-10 2.12515136E-26 1.00000000E-40 1.00000000E-40 7.60854619E-30 1.95485194E-33 7.73256958E-19 1.17851588E-27 3.15025063E-30 3.93276169E-28 1.00000000E-40 5.65823247E-30 1.00000000E-40 3.63379871E-29 5.41022399E-30 1.56160838E-35 1.18764643E-21 1.95749894E-21 2.29151395E-35 1.73290000E-12 1.00000000E-05 1.00000000E-05 1.00000000E-05 1.00000000E-05 1.00000000E-05 1.00000000E-05 1.00000000E-05 1.00000000E-05 1.00000000E-05 1.00000000E-05
1.09572000E+02 2.92899000E-07 1.81552745E+13 1.16850826E+02 1.00000000E+05 1.00000000E-40 1.00000000E-40 1.00000000E-40 1.00000000E-40 3.83314360E-22 1.00000000E-40 1.00000000E-40 1.00000000E-40 1.00000000E-40 1.00000000E-40 2.75640697E-09 1.97027462E-07 8.66306910E-13 9.58909288E-14 1.44326549E-02 2.37172730E-02 7.66172794E-02 1.02192662E+00 2.28358692E-20 5.89270141E-22 1.86031633E-35 9.12326554E-29 7.40625483E-28 8.23364464E-28 3.82808390E-20 6.10157360E-10 5.68282212E-25 1.86735441E-29 6.95661282E-31 1.25060760E-29 4.27170148E-26 1.08209033E-20 7.92348544E-06 4.93368239E-06 9.30288025E-31 5.54168933E-31 1.40930449E-12 1.55305372E-35 6.35603705E-36 1.66335950E-29 9.26892205E-40 1.33353438E-16 2.93483915E-23 5.90838081E-07 3.59928061E-11 2.26744088E-21 6.63482453E-11 1.05777641E-12 1.95267489E-29 1.65816868E-22 1.31769085E-06 1.11858127E-35 3.57679308E-21 1.00000000E-40 1.00000000E-40 3.55988027E-34 1.00000000E-40 1.57437719E-28 1.28607347E-40 3.44136713E-10 3.48537936E-26 1.00000000E-40 1.00000000E-40 9.16753663E-30 1.57806066E-33 4.56637679E-19 1.00524763E-27 2.98450019E-30 3.99199468E-28 1.00000000E-40 1.00000000E-40 1.00000000E-40 2.84100468E-29 1.00000000E-40 1.04784357E-35 6.01621923E-22 1.47644618E-21 1.28327126E-35 2.68958000E-12 1.00000000E-05 1.00000000E-05 1.00000000E-05 1.00000000E-05 1.00000000E-05 1.00000000E-05 1.00000000E-05 1.00000000E-05 1.00000000E-05 1.00000000E-05
1.10756000E+02 2.50479000E-07 1.55609502E+13 1.16587483E+02 1.00000000E+05 1.00000000E-40 1.00000000E-40 1.00000000E-40 1.00000000E-40 1.19659976E-22 1.00000000E-40 1.00000000E-40 1.00000000E-40 1.00000000E-40 1.00000000E-40 2.74642203E-09 1.80816717E-07 6.45141333E-13 7.75386555E-14 1.76601564E-02 2.42565732E-02 8.19095949E-02 9.97180671E-01 1.67798495E-20 5.49420897E-22 1.87009017E-35 9.55797559E-29 6.80442280E-28 7.42263877E-28 2.93823615E-20 7.35364145E-10 5.71805028E-25 1.00000000E-40 1.00000000E-40 8.23533211E-30 1.82281377E-26 6.50513015E-21 8.11330026E-06 4.35249101E-06 1.23386580E-30 8.71196210E-31 1.22522876E-12 1.29814090E-35 1.05644743E-35 3.38846544E-29 7.84318018E-40 9.38189277E-17 1.40539887E-23 5.38119211E-07 2.88217750E-11 8.49401537E-22 5.18531569E-11 1.18616737E-12 1.01813394E-29 8.69595299E-23 1.29615941E-06 7.64959423E-36 2.67247252E-21 1.00000000E-40 1.00000000E-40 3.24364809E-34 1.00000000E-40 1.08880818E-28 1.00000000E-40 2.99546463E-10 5.47160292E-26 1.00000000E-40 1.00000000E-40 1.05436861E-29 1.23262644E-33 2.77175303E-19 8.51902219E-28 2.78402962E-30 3.98066399E-28 1.00000000E-40 1.00000000E-40 1.00000000E-40 2.26987679E-29 1.00000000E-40 6.72239138E-36 2.99319363E-22 1.10723253E-21 7.20251972E-36 4.05769000E-12 1.00000000E-05 1.00000000E-05 1.00000000E-05 1.00000000E-05 1.00000000E-05 1.00000000E-05 1.00000000E-05 1.00000000E-05 1.00000000E-05 1.00000000E-05
1.11941000E+02 2.14441000E-07 1.33502091E+13 1.16341986E+02 1.00000000E+05 1.00000000E-40 1.00000000E-40 1.00000000E-40 1.00000000E-40 3.67062772E-23 1.00000000E-40 1.00000000E-40 1.00000000E-40 1.00000000E-40 1.00000000E-40 2.74359924E-09 1.67353062E-07 4.81400954E-13 6.19914505E-14 2.12093936E-02 2.45607412E-02 8.69070648E-02 9.70368544E-01 1.24652933E-20 5.06986869E-22 1.84001621E-35 9.71607167E-29 6.21489924E-28 6.96718416E-28 2.25465700E-20 8.91170210E-10 5.91922165E-25 3.75544460E-30 5.03873436E-30 5.28805876E-30 8.01558357E-27 4.01638966E-21 8.27228202E-06 3.75228621E-06 1.62771703E-30 1.34628071E-30 1.06165199E-12 1.06340357E-35 2.04349632E-35 6.40794720E-29 1.00000000E-40 6.66674603E-17 6.90949911E-24 4.75903822E-07 2.25840841E-11 3.10405105E-22 4.11367822E-11 1.38466844E-12 5.51654138E-30 4.42765439E-23 1.26444259E-06 5.20678448E-36 1.99487295E-21 2.01288400E-26 8.39323592E-25 2.69923108E-34 1.00000000E-40 7.41878884E-29 1.00000000E-40 2.54102197E-10 8.25410163E-26 1.00000000E-40 1.00000000E-40 1.17390880E-29 9.49693777E-34 1.72672977E-19 7.21903415E-28 2.59255161E-30 3.91287711E-28 1.00000000E-40 1.17623716E-29 1.00000000E-40 1.96149402E-29 1.20163473E-29 4.52333069E-36 1.46262319E-22 8.26462908E-22 4.06825074E-36 5.95737000E-12 1.00000000E-05 1.00000000E-05 1.00000000E-05 1.00000000E-05 1.00000000E-05 1.00000000E-05 1.00000000E-05 1.00000000E-05 1.00000000E-05 1.00000000E-05
1.13126000E+02 1.83778000E-07 1.14585944E+13 1.16165961E+02 1.00000000E+05 1.00000000E-40 1.00000000E-40 1.00000000E-40 1.00000000E-40 1.13089074E-23 1.00000000E-40 1.00000000E-40 1.00000000E-40 1.00000000E-40 1.00000000E-40 2.74642736E-09 1.56359071E-07 3.63895071E-13 4.92929428E-14 2.50169050E-02 2.46832902E-02 9.16227429E-02 9.42788525E-01 9.39694023E-21 4.58989492E-22 4.70013840E-33 9.74527074E-29 5.62969391E-28 6.23397741E-28 1.74984629E-20 1.08247410E-09 6.25988420E-25 1.48544179E-27 4.14491575E-27 3.31829035E-30 3.63293508E-27 2.54710424E-21 8.39113008E-06 3.16285193E-06 6.79326707E-29 2.04665925E-30 9.16177317E-13 8.62643909E-36 4.25092332E-35 1.15715280E-28 1.00000000E-40 4.79467959E-17 3.50130049E-24 4.09641391E-07 1.74197212E-11 1.11649520E-22 3.33276497E-11 1.66118295E-12 3.15168442E-30 2.20266241E-23 1.22511130E-06 3.56288626E-36 1.50214244E-21 1.00000000E-40 1.00000000E-40 2.10549835E-34 1.00000000E-40 5.02132237E-29 1.00000000E-40 2.10422459E-10 1.20189028E-25 1.00000000E-40 1.00000000E-40 1.28670101E-29 7.40141057E-34 1.10211397E-19 6.17979391E-28 2.45264936E-30 3.80752461E-28 1.00000000E-40 1.00000000E-40 1.00000000E-40 1.56445991E-29 1.00000000E-40 2.92306316E-36 7.05515918E-23 6.15372013E-22 2.32953143E-36 8.56132000E-12 1.00000000E-05 1.00000000E-05 1.00000000E-05 1.00000000E-05 1.00000000E-05 1.00000000E-05 1.00000000E-05 1.00000000E-05 1.00000000E-05 1.00000000E-05
1.14310000E+02 1.57651000E-07 9.84562049E+12 1.15976595E+02 1.00000000E+05 1.00000000E-40 1.00000000E-40 1.00000000E-40 1.00000000E-40 3.65962171E-24 1.00000000E-40 1.00000000E-40 1.00000000E-40 1.00000000E-40 1.00000000E-40 2.74759470E-09 1.47299480E-07 2.82455079E-13 3.91368597E-14 2.89532783E-02 2.46527023E-02 9.59241091E-02 9.13986067E-01 7.14061573E-21 4.15618856E-22 5.70943082E-28 9.83292599E-29 5.22813267E-28 5.85422044E-28 1.39267799E-20 1.31034774E-09 6.69183318E-25 1.00000000E-40 1.00000000E-40 2.03635379E-30 1.69672779E-27 1.65428079E-21 8.44675934E-06 2.60718100E-06 2.48115404E-25 6.20655352E-30 7.85796232E-13 7.02735230E-36 9.04621485E-35 2.03432260E-28 1.00000000E-40 3.48769477E-17 1.83890494E-24 3.44079402E-07 1.33171016E-11 4.17931345E-23 2.77316022E-11 2.00279606E-12 1.91406618E-30 1.07761754E-23 1.17858894E-06 2.48259978E-36 1.15427603E-21 2.05076765E-26 8.89473865E-25 1.58331485E-34 1.00000000E-40 3.41150370E-29 1.00000000E-40 1.70178945E-10 1.69290487E-25 1.00000000E-40 1.00000000E-40 1.41382532E-29 6.04437494E-34 7.20855805E-20 5.41711242E-28 2.40836209E-30 3.67455731E-28 1.00000000E-40 1.20991851E-29 1.00000000E-40 1.13696550E-29 1.34514584E-29 2.00781764E-36 3.38485041E-23 4.57394832E-22 1.36322825E-36 1.21986000E-11 1.00000000E-05 1.00000000E-05 1.00000000E-05 1.00000000E-05 1.00000000E-05 1.00000000E-05 1.00000000E-05 1.00000000E-05 1.00000000E-05 1.00000000E-05
1.15495000E+02 1.35356000E-07 8.46422547E+12 1.15826253E+02 1.00000000E+05 1.00000000E-40 1.00000000E-40 1.00000000E-40 1.00000000E-40 1.26468770E-24 1.00000000E-40 1.00000000E-40 1.00000000E-40 1.00000000E-40 1.00000000E-40 2.74434417E-09 1.39981219E-07 2.29805991E-13 3.14291605E-14 3.29077097E-02 2.45427447E-02 9.98144806E-02 8.84759626E-01 5.48284722E-21 3.67621773E-22 5.20514452E-23 1.02693993E-28 5.03555080E-28 5.52261417E-28 1.15969225E-20 1.57624217E-09 7.19505235E-25 2.08898779E-27 5.94885192E-27 1.22463099E-30 8.19112100E-28 1.09876354E-21 8.43046805E-06 2.10901235E-06 8.02410831E-22 1.34985971E-27 6.70356688E-13 5.87956237E-36 1.70021745E-34 3.07737243E-28 1.00000000E-40 2.56926392E-17 1.01835028E-24 2.82671075E-07 1.02185280E-11 1.68523625E-23 2.38903103E-11 2.37166822E-12 1.25013425E-30 5.25750032E-24 1.12696221E-06 1.80138318E-36 9.21114642E-22 1.00000000E-40 1.00000000E-40 1.19025463E-34 1.00000000E-40 2.37186482E-29 1.00000000E-40 1.34494872E-10 2.31424532E-25 1.00000000E-40 1.00000000E-40 1.59750118E-29 5.29249287E-34 4.81463169E-20 4.96075589E-28 2.54393083E-30 3.52613178E-28 1.00000000E-40 1.00000000E-40 1.00000000E-40 4.53192480E-30 9.49142227E-30 1.40217538E-36 1.63793983E-23 3.40109385E-22 8.29867983E-37 1.76558000E-11 1.00000000E-05 1.00000000E-05 1.00000000E-05 1.00000000E-05 1.00000000E-05 1.00000000E-05 1.00000000E-05 1.00000000E-05 1.00000000E-05 1.00000000E-05
1.16679000E+02 1.16305000E-07 7.28045197E+12 1.15706235E+02 1.00000000E+05 1.00000000E-40 1.00000000E-40 1.00000000E-40 1.00000000E-40 4.58227157E-25 1.00000000E-40 1.00000000E-40 1.00000000E-40 1.00000000E-40 1.00000000E-40 2.73174957E-09 1.34197754E-07 2.00837169E-13 2.61848404E-14 3.67438733E-02 2.44242501E-02 1.03265146E-01 8.55487691E-01 4.24613312E-21 3.22426320E-22 3.50494304E-18 2.20639290E-26 5.16230582E-28 5.42534739E-28 1.03381855E-20 1.87598525E-09 7.69348542E-25 1.00000000E-40 1.00000000E-40 7.22899040E-31 4.19008543E-28 7.44398307E-22 8.32729687E-06 1.69215723E-06 2.17786664E-18 4.73128275E-25 5.71029858E-13 5.26447023E-36 2.72932555E-34 3.85932446E-28 1.00000000E-40 1.91847600E-17 6.22717710E-25 2.27974991E-07 8.00159810E-12 7.79980273E-24 2.14681977E-11 2.70342046E-12 8.76787100E-31 2.65721937E-24 1.07173770E-06 1.40790697E-36 7.79782979E-22 1.00000000E-40 1.00000000E-40 9.36662347E-35 1.00000000E-40 1.74188067E-29 1.00000000E-40 1.03984714E-10 3.07855308E-25 1.00000000E-40 1.00000000E-40 1.90958545E-29 7.65997515E-32 3.27628970E-20 4.87145215E-28 3.06846631E-30 3.36975163E-28 1.00000000E-40 1.00000000E-40 1.00000000E-40 1.00000000E-40 1.28185077E-28 1.02262024E-36 8.28912516E-24 2.53511439E-22 5.41198630E-37 2.70911000E-11 1.00000000E-05 1.00000000E-05 1.00000000E-05 1.00000000E-05 1.00000000E-05 1.00000000E-05 1.00000000E-05 1.00000000E-05 1.00000000E-05 1.00000000E-05
1.17864000E+02 9.99997000E-08 6.26522588E+12 1.15605549E+02 1.00000000E+05 1.00000000E-40 1.00000000E-40 1.00000000E-40 1.00000000E-40 1.47791892E-25 1.00000000E-40 1.00000000E-40 1.00000000E-40 1.00000000E-40 1.00000000E-40 2.70239088E-09 1.29810489E-07 1.92684476E-13 2.46450404E-14 4.02848521E-02 2.43789413E-02 1.06233869E-01 8.26581073E-01 3.36245592E-21 3.65111927E-22 1.73408841E-13 9.52847834E-22 1.85639647E-27 6.47505535E-28 1.00655245E-20 2.19649764E-09 8.26581878E-25 3.44391331E-31 1.00000000E-40 4.19434077E-31 2.56803902E-28 5.12592066E-22 8.11211076E-06 1.38896724E-06 4.64803500E-15 1.21444297E-22 4.92410636E-13 1.37533088E-33 4.42703829E-34 4.57355577E-28 1.30419335E-35 1.45382853E-17 4.63213100E-25 1.82296024E-07 6.51985881E-12 4.50784232E-24 2.02371577E-11 2.91476835E-12 6.54392592E-31 1.58807006E-24 1.01433943E-06 1.23537697E-36 7.15238474E-22 1.00000000E-40 1.00000000E-40 8.10754956E-35 1.00000000E-40 1.41554419E-29 1.00000000E-40 7.87109589E-11 3.99400049E-25 1.00000000E-40 1.00000000E-40 2.48140535E-29 2.52199015E-27 2.26440171E-20 5.33438999E-28 4.86487908E-30 3.21023972E-28 1.00000000E-40 1.00000000E-40 1.00000000E-40 9.34089175E-31 1.57339273E-34 9.51638107E-37 4.93235690E-24 1.89861676E-22 3.95496826E-37 4.79743000E-11 1.00000000E-05 1.00000000E-05 1.00000000E-05 1.00000000E-05 1.00000000E-05 1.00000000E-05 1.00000000E-05 1.00000000E-05 1.00000000E-05 1.00000000E-05
