alt press den temp eddy H2Oaer SO2aer CO2aer S8aer H2SO4aer C2H2aer C2H4aer C2H6aer CH4aer HCaer1 H H2 H2O OH O O2 CO CO2 HCO H2CO C CH CH2 CH3 CH4 S S2 S3 S4 S8 H2S HS SO SO2 CS CS2 OCS C2 C2H C2H2 C2H4 HO2 H2O2 O3 SO3 H2SO4 HCl Cl Cl2 HOCl ClO C2H6 CH3OH CH2CO CH3CHO C3H4 C3H6 C4H2 C4H4 OClO HCS C2H3 C2H5 1CH2 HCCO HSO CH3O H2COH C4H C2H2OH CH3CO CH2CHO C2H3OH C2H4OH CH3O2 HSO3 HS4 C4H3 O1D H2Oaer_r SO2aer_r CO2aer_r S8aer_r H2SO4aer_r C2H2aer_r C2H4aer_r C2H6aer_r CH4aer_r HCaer1_r
5.92280000E-01 7.00131000E-01 2.48093831E+19 2.04399608E+02 1.00000000E+05 7.77891274E-01 3.01691165E+02 4.50737750E-10 1.72587253E-34 8.62082375E-08 1.26906931E-40 1.26906931E-40 1.26906931E-40 1.26906931E-40 1.27565005E-40 1.75956949E-15 7.14152079E-06 4.49807278E-06 2.48222536E-24 2.36097173E-20 1.42830416E-09 1.57113457E-07 7.14152079E-01 8.22290301E-18 8.93851364E-18 1.00000000E-40 1.00000000E-40 1.00000000E-40 6.08931598E-30 1.66703947E-24 3.52426994E-19 1.08063760E-16 2.99268753E-23 1.33439151E-22 6.99587312E-22 2.85660831E-13 8.12791984E-15 8.19825325E-16 3.93213948E-02 1.72102019E-34 1.08036067E-31 1.65448199E-12 1.00000000E-40 1.00000000E-40 2.82050141E-32 5.89199054E-32 5.83545196E-13 9.66421113E-11 5.23060434E-19 2.90076104E-18 1.25125809E-12 3.57076039E-08 1.55862982E-15 1.31933447E-21 6.38383469E-24 2.42377553E-09 1.98013016E-35 1.34129930E-23 1.47043672E-29 8.16473998E-32 6.75072756E-39 1.00000000E-40 3.71731638E-31 8.30956916E-32 8.13824183E-14 4.52514918E-37 1.00000000E-40 2.13301926E-34 1.00000000E-40 1.00000000E-40 4.16621967E-13 2.23797830E-25 1.45515040E-27 1.00000000E-40 1.00000000E-40 5.59357326E-32 3.10721055E-34 9.93414283E-31 3.70924367E-39 2.10804902E-27 4.21708934E-16 2.25452233E-21 6.40182472E-34 1.00000000E-40 1.00000000E-05 1.00000000E-05 1.00000000E-05 1.00000000E-05 1.00000000E-05 1.00000000E-05 1.00000000E-05 1.00000000E-05 1.00000000E-05 1.00000000E-05
1.77684000E+00 5.97166000E-01 2.15257386E+19 2.00934138E+02 1.00000000E+05 8.70212016E-01 3.36179141E+02 5.27915633E-10 2.02377735E-34 9.41539423E-08 1.40925998E-40 1.40925998E-40 1.40925998E-40 1.40925998E-40 1.41669172E-40 2.48863672E-16 7.59046288E-06 3.46500900E-06 3.68266090E-25 2.81981800E-20 9.65135354E-09 1.84276522E-07 7.38227223E-01 1.78831426E-19 9.02483796E-18 1.00000000E-40 1.00000000E-40 1.00000000E-40 1.59179108E-31 1.72289783E-24 1.71976154E-19 1.13011047E-16 2.53561940E-23 1.18754779E-22 7.28430748E-22 6.81023565E-13 1.67304369E-14 3.34214709E-15 3.51103318E-02 1.80553391E-34 1.12743323E-31 1.73061718E-12 1.00000000E-40 1.00000000E-40 2.94879916E-32 6.15532808E-32 5.29772573E-13 1.16595249E-10 2.27082686E-18 2.81023947E-18 9.95312241E-13 3.79757532E-08 1.47974682E-15 8.66288510E-22 4.26750814E-24 2.54718187E-09 2.06715749E-35 1.38556691E-23 1.53358406E-29 8.30362169E-32 7.04886700E-39 1.02950704E-40 3.89140713E-31 8.58313130E-32 5.63815739E-14 4.68386748E-37 1.00000000E-40 2.19413882E-34 1.00000000E-40 1.00000000E-40 9.87138330E-13 2.70006779E-26 1.30543027E-27 1.00000000E-40 1.00000000E-40 3.96205341E-32 3.19973568E-34 1.03740680E-30 6.91947803E-39 2.27014764E-27 8.63260568E-18 2.32770986E-21 5.72585737E-34 1.00000000E-40 1.00000000E-05 1.00000000E-05 1.00000000E-05 1.00000000E-05 1.00000000E-05 1.00000000E-05 1.00000000E-05 1.00000000E-05 1.00000000E-05 1.00000000E-05
2.96140000E+00 5.07918000E-01 1.86300261E+19 1.97468059E+02 1.00000000E+05 9.93771325E-01 3.81419120E+02 6.43724559E-10 2.46717882E-34 1.04465306E-07 1.59283395E-40 1.59283395E-40 1.59283395E-40 1.59283395E-40 1.60141627E-40 1.14756059E-16 8.08902072E-06 2.54647228E-06 1.78161431E-25 3.45239489E-20 1.95389998E-08 2.16000517E-07 7.63083661E-01 4.20656622E-20 9.07773155E-18 1.00000000E-40 1.00000000E-40 1.00000000E-40 4.30917425E-32 1.78505189E-24 2.13025878E-19 1.18680195E-16 2.17872800E-23 1.06493086E-22 7.58173237E-22 1.15883715E-12 2.79376469E-14 9.81722223E-15 3.08802764E-02 1.91743892E-34 1.17903560E-31 1.81280823E-12 1.00000000E-40 1.00000000E-40 3.09529761E-32 6.44340900E-32 4.66843938E-13 1.32867916E-10 4.41948113E-18 3.01862373E-18 7.38204462E-13 4.04815560E-08 1.45042822E-15 5.22138419E-22 2.74568116E-24 2.69716951E-09 2.16366958E-35 1.43486179E-23 1.60187904E-29 8.44140052E-32 7.38035751E-39 1.08628884E-40 4.08625000E-31 8.86699741E-32 3.91645612E-14 4.86295571E-37 1.00000000E-40 2.26062544E-34 1.00000000E-40 1.00000000E-40 1.66239756E-12 2.91616318E-27 1.20240139E-27 1.00000000E-40 1.00000000E-40 3.34555319E-32 3.29607347E-34 1.08642061E-30 1.14654864E-38 2.43775536E-27 1.86855243E-18 2.40699388E-21 5.29257589E-34 1.00000000E-40 1.00000000E-05 1.00000000E-05 1.00000000E-05 1.00000000E-05 1.00000000E-05 1.00000000E-05 1.00000000E-05 1.00000000E-05 1.00000000E-05 1.00000000E-05
4.14596000E+00 4.40637000E-01 1.64130315E+19 1.94450415E+02 1.00000000E+05 1.12418161E+00 4.27793625E+02 7.88009640E-10 3.01574958E-34 1.14844134E-07 1.77999146E-40 1.77999146E-40 1.77999146E-40 1.77999146E-40 1.78981818E-40 6.73709877E-17 8.45048270E-06 1.83237950E-06 1.11819239E-25 4.24016133E-20 3.07405903E-08 2.47512129E-07 7.70851592E-01 1.60208212E-20 8.88797432E-18 1.00000000E-40 1.00000000E-40 1.00000000E-40 2.26430114E-32 1.81300924E-24 2.60963750E-19 1.22270414E-16 1.83298640E-23 9.33571526E-23 7.70963184E-22 1.71201480E-12 3.98334359E-14 2.19927064E-14 2.67672673E-02 2.02548310E-34 1.20797139E-31 1.85888635E-12 1.00000000E-40 1.00000000E-40 3.18977983E-32 6.60679045E-32 4.06701006E-13 1.43342603E-10 6.80677453E-18 3.49610696E-18 5.51147364E-13 4.22920481E-08 1.39975251E-15 3.09543921E-22 1.70024258E-24 2.81018345E-09 2.22014413E-35 1.45661906E-23 1.63820095E-29 8.38241735E-32 7.57595768E-39 1.12353820E-40 4.20753679E-31 8.96342925E-32 2.75732093E-14 4.95015034E-37 1.00000000E-40 2.28119261E-34 1.00000000E-40 1.00000000E-40 2.39589050E-12 5.18043714E-28 1.11618353E-27 1.00000000E-40 1.00000000E-40 3.04128740E-32 3.32216619E-34 1.11555948E-30 1.70112553E-38 2.55728424E-27 6.66267410E-19 2.43897824E-21 4.93701871E-34 1.00000000E-40 1.00000000E-05 1.00000000E-05 1.00000000E-05 1.00000000E-05 1.00000000E-05 1.00000000E-05 1.00000000E-05 1.00000000E-05 1.00000000E-05 1.00000000E-05
5.33052000E+00 3.89650000E-01 1.47077533E+19 1.91886783E+02 1.00000000E+05 1.25652307E+00 4.73385111E+02 9.62986304E-10 3.67658495E-34 1.24923536E-07 1.96268655E-40 1.96268655E-40 1.96268655E-40 1.96268655E-40 1.97381389E-40 4.43426877E-17 8.66149367E-06 1.32043652E-06 7.94468374E-26 5.19479363E-20 4.28375493E-08 2.77640192E-07 7.61251729E-01 7.64978896E-21 8.46386487E-18 1.00000000E-40 1.00000000E-40 1.00000000E-40 1.43121980E-32 1.80660501E-24 3.02774623E-19 1.23565341E-16 1.50685970E-23 7.98122368E-23 7.66195496E-22 2.33785301E-12 5.14685572E-14 4.18755330E-14 2.30660759E-02 2.13896616E-34 1.21338228E-31 1.86712069E-12 1.00000000E-40 1.00000000E-40 3.23024305E-32 6.64011010E-32 3.50126928E-13 1.48351028E-10 9.35359349E-18 4.21883670E-18 4.18040274E-13 4.33413698E-08 1.32613927E-15 1.84946463E-22 1.02090164E-24 2.88115689E-09 2.23517929E-35 1.45072499E-23 1.64136777E-29 8.13155565E-32 7.63054866E-39 1.14032351E-40 4.25165173E-31 8.87422944E-32 1.97596485E-14 4.94182523E-37 1.00000000E-40 2.25512348E-34 1.00000000E-40 1.00000000E-40 3.14115347E-12 1.62135255E-28 1.03930536E-27 1.00000000E-40 1.00000000E-40 2.84500942E-32 3.27824635E-34 1.12407011E-30 2.33230086E-38 2.61045605E-27 3.00063537E-19 2.42411380E-21 4.62272321E-34 1.00000000E-40 1.00000000E-05 1.00000000E-05 1.00000000E-05 1.00000000E-05 1.00000000E-05 1.00000000E-05 1.00000000E-05 1.00000000E-05 1.00000000E-05 1.00000000E-05
6.51508000E+00 3.46768000E-01 1.32713894E+19 1.89251504E+02 1.00000000E+05 1.39948454E+00 5.21530641E+02 1.18258787E-09 4.50132479E-34 1.35606013E-07 2.15420348E-40 2.15420348E-40 2.15420348E-40 2.15420348E-40 2.16677527E-40 3.00532669E-17 8.82219151E-06 9.46477863E-07 5.77940026E-26 6.34631783E-20 5.59865805E-08 3.08879851E-07 7.43945747E-01 3.95263152E-21 7.92291720E-18 1.00000000E-40 1.00000000E-40 1.00000000E-40 9.60859499E-33 1.78889309E-24 3.40319988E-19 1.23939401E-16 1.23088276E-23 6.76309831E-23 7.53344601E-22 3.06560754E-12 6.31314329E-14 7.42412291E-14 1.97341586E-02 2.29350409E-34 1.21018576E-31 1.86021019E-12 1.00000000E-40 1.00000000E-40 3.25635371E-32 6.62458840E-32 2.91611894E-13 1.50195743E-10 1.21199648E-17 4.89697197E-18 3.14733863E-13 4.41316950E-08 1.23040044E-15 1.08660783E-22 6.05177862E-25 2.94259908E-09 2.23632932E-35 1.43571778E-23 1.63159210E-29 7.79825861E-32 7.63794332E-39 1.14986649E-40 4.27028171E-31 8.71466583E-32 1.40680622E-14 4.89826352E-37 1.00000000E-40 2.21066610E-34 1.00000000E-40 1.00000000E-40 3.89019862E-12 6.23122709E-29 9.77588044E-28 1.00000000E-40 1.00000000E-40 2.71100704E-32 3.20659852E-34 1.12576742E-30 3.04854556E-38 2.62383348E-27 1.46621284E-19 2.39374279E-21 4.37850205E-34 1.00000000E-40 1.00000000E-05 1.00000000E-05 1.00000000E-05 1.00000000E-05 1.00000000E-05 1.00000000E-05 1.00000000E-05 1.00000000E-05 1.00000000E-05 1.00000000E-05
7.69964000E+00 3.08741000E-01 1.19743575E+19 1.86749223E+02 1.00000000E+05 1.56286455E+00 5.75768961E+02 1.46663597E-09 5.56423323E-34 1.47808548E-07 2.36874369E-40 2.36874369E-40 2.36874369E-40 2.36874369E-40 2.38300872E-40 2.10178077E-17 8.98240262E-06 6.78598126E-07 4.37364361E-26 7.88130038E-20 7.04674971E-08 3.42898734E-07 7.23227908E-01 2.18525969E-21 7.31211742E-18 1.00000000E-40 1.00000000E-40 1.00000000E-40 6.75094340E-33 1.77063433E-24 3.71516985E-19 1.23982728E-16 9.98631311E-24 5.67900240E-23 7.36669941E-22 3.93253419E-12 7.46941619E-14 1.27031426E-13 1.68358173E-02 2.51492762E-34 1.20541315E-31 1.84877359E-12 1.00000000E-40 1.00000000E-40 3.28758049E-32 6.59849471E-32 2.35719293E-13 1.50309024E-10 1.53012978E-17 5.80636270E-18 2.39159931E-13 4.49131702E-08 1.12382209E-15 6.30037698E-23 3.60696626E-25 3.01034832E-09 2.23676122E-35 1.42024211E-23 1.61829669E-29 7.42918924E-32 7.64298389E-39 1.15848188E-40 4.28834325E-31 8.53734135E-32 1.01365987E-14 4.84659867E-37 1.00000000E-40 2.16026069E-34 1.00000000E-40 1.00000000E-40 4.63452910E-12 2.58469215E-29 9.29788024E-28 1.00000000E-40 1.00000000E-40 2.61084237E-32 3.12618560E-34 1.12726619E-30 3.86415285E-38 2.61267646E-27 7.69995450E-20 2.36240319E-21 4.20109673E-34 1.73379000E-40 1.00000000E-05 1.00000000E-05 1.00000000E-05 1.00000000E-05 1.00000000E-05 1.00000000E-05 1.00000000E-05 1.00000000E-05 1.00000000E-05 1.00000000E-05
8.88420000E+00 2.75166000E-01 1.08280823E+19 1.84060221E+02 1.00000000E+05 1.74512349E+00 6.35390497E+02 1.83015933E-09 6.93156237E-34 1.61313387E-07 2.60265728E-40 2.60265728E-40 2.60265728E-40 2.60265728E-40 2.61887667E-40 1.44073482E-17 9.13569375E-06 4.77421446E-07 4.46826530E-26 9.89485773E-20 8.63223142E-08 3.79645854E-07 6.98346333E-01 1.20059305E-21 6.62122283E-18 1.00000000E-40 1.00000000E-40 1.00000000E-40 4.71727881E-33 1.75067604E-24 3.91834750E-19 1.23480457E-16 8.04123842E-24 4.72686363E-23 7.15374766E-22 4.96428841E-12 8.56012090E-14 2.13781966E-13 1.41513321E-02 2.81708201E-34 1.19812594E-31 1.83119520E-12 1.00000000E-40 1.00000000E-40 3.32230458E-32 6.55652078E-32 1.77738906E-13 1.49032976E-10 1.90506395E-17 6.71423116E-18 1.79397846E-13 4.56541554E-08 9.94151235E-16 3.47360516E-23 2.23616741E-25 3.08178056E-09 2.23497839E-35 1.40337463E-23 1.60010915E-29 7.01646496E-32 7.64049322E-39 1.16513977E-40 4.30295499E-31 8.33578043E-32 7.18446537E-15 4.78170543E-37 1.00000000E-40 2.10150384E-34 1.00000000E-40 1.00000000E-40 5.34057833E-12 1.05891774E-29 8.89763411E-28 1.00000000E-40 1.00000000E-40 2.52101519E-32 3.03421114E-34 1.12781412E-30 4.78126755E-38 2.57678615E-27 5.53853176E-20 2.32858203E-21 4.06622102E-34 3.65995000E-40 1.00000000E-05 1.00000000E-05 1.00000000E-05 1.00000000E-05 1.00000000E-05 1.00000000E-05 1.00000000E-05 1.00000000E-05 1.00000000E-05 1.00000000E-05
1.00688000E+01 2.45598000E-01 9.80582820E+18 1.81408346E+02 1.00000000E+05 1.94916670E+00 7.01350169E+02 2.29620839E-09 8.89811265E-34 1.76357484E-07 2.85916834E-40 2.85916834E-40 2.85916834E-40 2.85916834E-40 2.87766246E-40 9.77872637E-18 9.27664509E-06 3.30547892E-07 2.41179782E-25 1.26701192E-19 1.03566710E-07 4.19036172E-07 6.68719112E-01 6.62222677E-22 5.84299405E-18 1.00000000E-40 1.00000000E-40 1.00000000E-40 3.28650199E-33 1.72819904E-24 3.92508217E-19 1.22253910E-16 6.37221980E-24 3.87338611E-23 6.88829821E-22 6.18549879E-12 9.45098629E-14 3.39473570E-13 1.17377114E-02 3.21565030E-34 1.18758833E-31 1.80621379E-12 1.00000000E-40 1.00000000E-40 3.35938196E-32 6.49448465E-32 1.24598822E-13 1.46639279E-10 2.36045355E-17 7.93982212E-18 1.34722716E-13 4.63280170E-08 8.51385033E-16 1.81591703E-23 1.57525704E-25 3.15468694E-09 2.22984013E-35 1.38446196E-23 1.57594886E-29 6.55423516E-32 7.62651522E-39 1.16901735E-40 4.31189331E-31 8.10514723E-32 5.04758325E-15 4.69955990E-37 1.00000000E-40 2.03253970E-34 1.00000000E-40 1.00000000E-40 5.98228580E-12 4.26628064E-30 8.52980546E-28 1.00000000E-40 1.00000000E-40 2.42891504E-32 2.92858712E-34 1.12683665E-30 5.80077786E-38 2.51708718E-27 2.11790556E-19 2.29120815E-21 3.95625449E-34 7.73217000E-40 1.00000000E-05 1.00000000E-05 1.00000000E-05 1.00000000E-05 1.00000000E-05 1.00000000E-05 1.00000000E-05 1.00000000E-05 1.00000000E-05 1.00000000E-05
1.12533000E+01 2.19575000E-01 8.89781636E+18 1.78737702E+02 1.00000000E+05 2.17654623E+00 7.74018343E+02 2.89840569E-09 1.55632154E-33 1.93012913E-07 3.13856394E-40 3.13856394E-40 3.13856394E-40 3.13856394E-40 3.15971911E-40 6.47765409E-18 9.40174349E-06 2.24307354E-07 2.01476285E-24 1.65072027E-19 1.22212650E-07 4.61017731E-07 6.33966768E-01 3.58923676E-22 4.97511160E-18 1.00000000E-40 1.00000000E-40 1.00000000E-40 2.24867568E-33 1.70281178E-24 3.60686045E-19 1.20193543E-16 4.94381957E-24 3.11647124E-23 6.56616474E-22 7.61763598E-12 9.90303739E-14 4.67141179E-13 9.57880338E-03 3.72772902E-34 1.17335063E-31 1.77306457E-12 1.00000000E-40 1.00000000E-40 3.39839764E-32 6.40979193E-32 8.55297799E-14 1.43314175E-10 2.91734607E-17 9.63881354E-18 1.02240897E-13 4.69175586E-08 7.01263034E-16 8.77591063E-24 1.43001651E-25 3.22760113E-09 2.22072047E-35 1.36319422E-23 1.54513370E-29 6.03878167E-32 7.59886079E-39 1.16958469E-40 4.31391821E-31 7.84265257E-32 3.45274577E-15 4.59757254E-37 1.00000000E-40 1.95215644E-34 1.00000000E-40 1.00000000E-40 6.57947882E-12 1.64923283E-30 8.16299233E-28 1.00000000E-40 1.00000000E-40 2.32840765E-32 2.80804204E-34 1.12401786E-30 6.92388538E-38 2.43522547E-27 1.25273687E-18 2.24977619E-21 3.85928418E-34 1.65316000E-39 1.00000000E-05 1.00000000E-05 1.00000000E-05 1.00000000E-05 1.00000000E-05 1.00000000E-05 1.00000000E-05 1.00000000E-05 1.00000000E-05 1.00000000E-05
1.24379000E+01 1.96694000E-01 8.09801018E+18 1.75925790E+02 1.00000000E+05 2.42736721E+00 8.53505946E+02 3.69619038E-09 1.08116585E-32 2.11326351E-07 3.43990908E-40 3.43990908E-40 3.43990908E-40 3.43990908E-40 3.46417411E-40 4.10311878E-18 9.50623695E-06 1.47920103E-07 1.16225240E-23 2.17509263E-19 1.42219638E-07 5.05400992E-07 5.93720287E-01 1.85772850E-22 4.02799417E-18 1.00000000E-40 1.00000000E-40 1.00000000E-40 1.48317773E-33 1.67398471E-24 2.89907433E-19 1.17249241E-16 3.73697684E-24 2.45861418E-23 6.18329968E-22 9.26971675E-12 9.63264447E-14 5.08989600E-13 7.65021588E-03 4.36817745E-34 1.15486780E-31 1.73091979E-12 1.00000000E-40 1.00000000E-40 3.43849980E-32 6.29934998E-32 7.14151792E-14 1.39125531E-10 3.59049914E-17 1.24779183E-17 8.21515418E-14 4.73993850E-08 5.50522631E-16 3.73312724E-24 1.64744433E-25 3.29865964E-09 2.20677030E-35 1.33915216E-23 1.50688343E-29 5.46701520E-32 7.55457853E-39 1.16620812E-40 4.30733039E-31 7.54507029E-32 2.22525820E-15 4.47305346E-37 1.00000000E-40 1.85916561E-34 1.00000000E-40 1.00000000E-40 7.20948257E-12 5.94080618E-31 7.77410379E-28 1.00000000E-40 1.00000000E-40 2.21598215E-32 2.67123504E-34 1.11892551E-30 8.14913133E-38 2.33250189E-27 5.08087031E-18 2.20360508E-21 3.76622208E-34 3.64660000E-39 1.00000000E-05 1.00000000E-05 1.00000000E-05 1.00000000E-05 1.00000000E-05 1.00000000E-05 1.00000000E-05 1.00000000E-05 1.00000000E-05 1.00000000E-05
1.36224000E+01 1.76553000E-01 7.38201145E+18 1.73227606E+02 1.00000000E+05 2.70833485E+00 9.42248744E+02 5.53024712E-09 3.00171552E-31 2.31926552E-07 3.77047805E-40 3.77047805E-40 3.77047805E-40 3.77047805E-40 3.79846943E-40 2.58461350E-18 9.58823141E-06 9.57135203E-08 4.82968450E-23 2.91847268E-19 1.63563926E-07 5.52093444E-07 5.47856550E-01 9.60758747E-23 3.04405301E-18 1.00000000E-40 1.00000000E-40 1.00000000E-40 9.73881433E-34 1.64173165E-24 2.00011662E-19 1.13484821E-16 2.72708741E-24 1.88915378E-23 5.73830090E-22 1.11352710E-11 8.62349308E-14 4.19358001E-13 6.01044324E-03 5.14810692E-34 1.13198177E-31 1.67959746E-12 1.00000000E-40 1.00000000E-40 3.47984736E-32 6.16218372E-32 9.35932463E-14 1.34143850E-10 4.40048931E-17 2.03035224E-17 7.93663497E-14 4.77643378E-08 4.19157664E-16 1.39579984E-24 1.98896470E-25 3.36700072E-09 2.18783729E-35 1.31235137E-23 1.46094167E-29 4.83990584E-32 7.49310428E-39 1.15863875E-40 4.29177741E-31 7.21177494E-32 1.35946061E-15 4.32500244E-37 1.00000000E-40 1.75313627E-34 1.00000000E-40 1.00000000E-40 7.92239617E-12 2.07680017E-31 7.34908155E-28 1.00000000E-40 1.00000000E-40 2.09020179E-32 2.51781327E-34 1.11147783E-30 9.47583867E-38 2.21067612E-27 1.47081415E-17 2.15273126E-21 3.67127975E-34 7.93615000E-39 1.00000000E-05 1.00000000E-05 1.00000000E-05 1.00000000E-05 1.00000000E-05 1.00000000E-05 1.00000000E-05 1.00000000E-05 1.00000000E-05 1.00000000E-05
1.48070000E+01 1.58735000E-01 6.75340386E+18 1.70241992E+02 1.00000000E+05 3.01846138E+00 1.04047700E+03 3.05919355E-08 1.29798941E-29 2.54947037E-07 4.12730388E-40 4.12730388E-40 4.12730388E-40 4.12730388E-40 4.15976690E-40 1.52246634E-18 9.64875225E-06 5.93475367E-08 1.57746059E-22 3.96118733E-19 1.86244435E-07 6.01113472E-07 4.96490294E-01 4.57898191E-23 2.10839744E-18 1.00000000E-40 1.00000000E-40 1.00000000E-40 6.05184894E-34 1.60659093E-24 1.16729278E-19 1.09026952E-16 1.93283566E-24 1.41964421E-23 5.23236931E-22 1.31964908E-11 7.06714229E-14 2.71907391E-13 4.57736998E-03 6.07244704E-34 1.10491893E-31 1.61951483E-12 1.00000000E-40 1.00000000E-40 3.52360079E-32 5.99941301E-32 1.50364690E-13 1.28497208E-10 5.37829746E-17 4.09223948E-17 9.46248059E-14 4.80177958E-08 3.01696481E-16 4.42552678E-25 2.16849468E-25 3.43280332E-09 2.16445707E-35 1.28322664E-23 1.40756840E-29 4.16644051E-32 7.41623236E-39 1.14701319E-40 4.26824476E-31 6.84463895E-32 7.74480948E-16 4.15405682E-37 1.00000000E-40 1.63437085E-34 1.00000000E-40 1.00000000E-40 8.66132407E-12 6.89044454E-32 6.88180362E-28 1.00000000E-40 1.00000000E-40 1.95106038E-32 2.34836778E-34 1.10193945E-30 1.09033262E-37 2.07176654E-27 3.28132028E-17 2.09788122E-21 3.57170912E-34 1.68303000E-38 1.00000000E-05 1.00000000E-05 1.00000000E-05 1.00000000E-05 1.00000000E-05 1.00000000E-05 1.00000000E-05 1.00000000E-05 1.00000000E-05 1.00000000E-05
1.59916000E+01 1.42810000E-01 6.17713106E+18 1.67451299E+02 1.00000000E+05 3.37712548E+00 1.15625324E+03 1.04437550E-06 5.61621233E-28 2.82538218E-07 4.53423335E-40 4.53423335E-40 4.53423335E-40 4.53423335E-40 4.57235299E-40 9.20055500E-19 9.69615660E-06 3.60260775E-08 4.25431228E-22 5.61019926E-19 2.10431162E-07 6.52998010E-07 4.40042126E-01 2.23986904E-23 1.32420024E-18 1.00000000E-40 1.00000000E-40 1.00000000E-40 3.85022768E-34 1.57023006E-24 6.31539913E-20 1.04050688E-16 1.32172999E-24 1.02960473E-23 4.67011442E-22 1.54416768E-11 5.55309863E-14 1.57578470E-13 3.42199320E-03 7.14498908E-34 1.07469585E-31 1.55218674E-12 1.00000000E-40 1.00000000E-40 3.57360374E-32 5.81640577E-32 2.21018422E-13 1.22381546E-10 6.63620119E-17 9.90511852E-17 1.27074773E-13 4.82015094E-08 2.14569946E-16 1.34651123E-25 2.07527857E-25 3.49894342E-09 2.13873646E-35 1.25311195E-23 1.34800059E-29 3.46926295E-32 7.33114914E-39 1.13231844E-40 4.24086123E-31 6.44998150E-32 4.47295536E-16 3.96376986E-37 1.00000000E-40 1.50425665E-34 1.00000000E-40 1.00000000E-40 9.36245308E-12 2.58818483E-32 6.37347683E-28 1.00000000E-40 1.00000000E-40 1.80004612E-32 2.16496974E-34 1.09137769E-30 1.24369664E-37 1.91871003E-27 5.92260898E-17 2.04123578E-21 3.46823744E-34 3.20502000E-38 1.00000000E-05 1.00000000E-05 1.00000000E-05 1.00000000E-05 1.00000000E-05 1.00000000E-05 1.00000000E-05 1.00000000E-05 1.00000000E-05 1.00000000E-05
1.71761000E+01 1.28408000E-01 5.66426711E+18 1.64196945E+02 1.00000000E+05 3.79405573E+00 1.29704983E+03 6.36664119E-05 2.05981026E-26 3.17041663E-07 4.99945332E-40 4.99945332E-40 4.99945332E-40 4.99945332E-40 5.04499200E-40 5.13144062E-19 9.73943281E-06 2.05728751E-08 1.02206921E-21 8.24747066E-19 2.36373521E-07 7.08464323E-07 3.78805471E-01 9.80782089E-24 7.55653024E-19 1.00000000E-40 1.00000000E-40 1.00000000E-40 2.29663480E-34 1.53426793E-24 3.14178076E-20 9.86763233E-17 8.81474520E-25 7.23377252E-24 4.05499175E-22 1.78767451E-11 4.17684681E-14 9.03606333E-14 2.44915254E-03 8.37031628E-34 1.04229297E-31 1.47896860E-12 1.00000000E-40 1.00000000E-40 3.63400800E-32 5.61828098E-32 2.84114943E-13 1.15915598E-10 8.30610279E-17 2.33873015E-16 1.67364749E-13 4.83601794E-08 1.43076050E-16 3.76030029E-26 1.78633528E-25 3.56871697E-09 2.11279941E-35 1.22329827E-23 1.28337040E-29 2.78091233E-32 7.24511231E-39 1.11556324E-40 4.21386973E-31 6.03316084E-32 2.54455959E-16 3.75738047E-37 1.00000000E-40 1.36391593E-34 1.00000000E-40 1.00000000E-40 1.00353152E-11 1.22371529E-32 5.82648329E-28 1.00000000E-40 1.00000000E-40 1.63842365E-32 1.96923973E-34 1.08087546E-30 1.40791410E-37 1.75364499E-27 9.16349697E-17 1.98487899E-21 3.36246120E-34 5.67968000E-38 1.00000000E-05 1.00000000E-05 1.00000000E-05 1.00000000E-05 1.00000000E-05 1.00000000E-05 1.00000000E-05 1.00000000E-05 1.00000000E-05 1.00000000E-05
1.83607000E+01 1.15307000E-01 5.18309118E+18 1.61132647E+02 1.00000000E+05 4.32800717E+00 1.49646571E+03 3.63158807E-03 5.83367223E-25 3.68340389E-07 5.59340957E-40 5.59340957E-40 5.59340957E-40 5.59340957E-40 5.64992563E-40 3.04648111E-19 9.78442618E-06 1.13773523E-08 2.31348251E-21 1.31019973E-18 2.64341150E-07 7.68203299E-07 3.12735978E-01 4.50691520E-24 3.97016386E-19 1.00000000E-40 1.00000000E-40 1.00000000E-40 1.44307860E-34 1.49966893E-24 1.53699051E-20 9.29461213E-17 5.60445710E-25 4.79147246E-24 3.38691647E-22 2.05153263E-11 3.10852727E-14 5.42929715E-14 1.70793418E-03 9.75388759E-34 1.00821083E-31 1.40040140E-12 1.00000000E-40 1.00000000E-40 3.70801600E-32 5.40747502E-32 3.37553963E-13 1.09114238E-10 1.06593830E-16 5.74158631E-16 2.11499592E-13 4.85226217E-08 9.51745123E-17 1.09037868E-26 1.46929727E-25 3.64449843E-09 2.08795600E-35 1.19454965E-23 1.21412228E-29 2.13573441E-32 7.16259900E-39 1.09731560E-40 4.18999020E-31 5.59580442E-32 1.52407067E-16 3.53606426E-37 1.00000000E-40 1.21349172E-34 1.00000000E-40 1.00000000E-40 1.07130395E-11 9.19202834E-33 5.24015969E-28 1.00000000E-40 1.00000000E-40 1.46631980E-32 1.76136062E-34 1.07110907E-30 1.58183290E-37 1.57722925E-27 1.28106460E-16 1.93000633E-21 3.25490889E-34 9.44177000E-38 1.00000000E-05 1.00000000E-05 1.00000000E-05 1.00000000E-05 1.00000000E-05 1.00000000E-05 1.00000000E-05 1.00000000E-05 1.00000000E-05 1.00000000E-05
1.95452000E+01 1.03355000E-01 4.74909386E+18 1.57629485E+02 1.00000000E+05 5.06087205E+00 1.81938796E+03 1.52454332E-01 1.15393983E-23 4.56370860E-07 6.40876591E-40 6.40876591E-40 6.40876591E-40 6.40876591E-40 6.48548050E-40 1.80640208E-19 9.83234882E-06 5.81213835E-09 5.27132246E-21 2.26114648E-18 2.94535862E-07 8.32662340E-07 2.41632958E-01 1.95174395E-24 1.95001733E-19 1.00000000E-40 1.00000000E-40 1.00000000E-40 8.79397729E-35 1.46660932E-24 6.95864402E-21 8.68343794E-17 3.35273028E-25 2.95107164E-24 2.66312539E-22 2.33739217E-11 2.22488204E-14 3.53325620E-14 1.12555517E-03 1.13006113E-33 9.72389076E-32 1.31616777E-12 1.00000000E-40 1.00000000E-40 3.79726240E-32 5.18336234E-32 3.77292168E-13 1.01924473E-10 1.41039415E-16 1.34795189E-15 2.52533670E-13 4.86945141E-08 5.89858027E-17 2.87009643E-27 1.22736488E-25 3.72710414E-09 2.06446318E-35 1.16699939E-23 1.13996685E-29 1.56431119E-32 7.08447830E-39 1.07758241E-40 4.16988889E-31 5.13584678E-32 8.96990157E-17 3.29882902E-37 1.00000000E-40 1.05226548E-34 1.00000000E-40 1.00000000E-40 1.14189087E-11 1.05676641E-32 4.61087562E-28 1.00000000E-40 1.00000000E-40 1.28282198E-32 1.54022539E-34 1.06222002E-30 1.76104147E-37 1.38877814E-27 1.67609214E-16 1.87677321E-21 3.14480148E-34 1.48455000E-37 1.00000000E-05 1.00000000E-05 1.00000000E-05 1.00000000E-05 1.00000000E-05 1.00000000E-05 1.00000000E-05 1.00000000E-05 1.00000000E-05 1.00000000E-05
2.07298000E+01 9.24529000E-02 4.34188222E+18 1.54226576E+02 1.00000000E+05 6.28446509E+00 2.43207301E+03 6.05189538E-01 1.45689067E-22 6.26018669E-07 7.81705949E-40 7.81705949E-40 7.81705949E-40 7.81705949E-40 7.95089532E-40 1.48033643E-19 9.88351027E-06 2.82850700E-09 1.23261875E-20 4.27144748E-18 3.27166941E-07 9.02284253E-07 1.77539899E-01 1.12257504E-24 9.02807377E-20 1.00000000E-40 1.00000000E-40 1.00000000E-40 5.95495439E-35 1.43511448E-24 3.20015467E-21 8.02970117E-17 1.87046364E-25 1.67780047E-24 1.88053110E-22 2.64705105E-11 1.60304959E-14 3.08305364E-14 7.14964348E-04 1.30169192E-33 9.34632834E-32 1.22571756E-12 1.00000000E-40 1.00000000E-40 3.90323617E-32 4.94455550E-32 4.07280294E-13 9.42772743E-11 2.02918845E-16 3.31889898E-15 2.89231829E-13 4.88768896E-08 3.63051904E-17 7.60730047E-28 1.26763498E-25 3.81710379E-09 2.04237250E-35 1.14065895E-23 1.06041740E-29 1.08822775E-32 7.01091297E-39 1.05626537E-40 4.15384858E-31 4.65017412E-32 5.47158411E-17 3.04409128E-37 1.00000000E-40 8.79297208E-35 1.00000000E-40 1.00000000E-40 1.21624716E-11 1.72583197E-32 3.93416693E-28 1.00000000E-40 1.00000000E-40 1.08671890E-32 1.30435213E-34 1.05424641E-30 1.93478513E-37 1.18717248E-27 2.08950348E-16 1.82512659E-21 3.03115630E-34 2.24578000E-37 1.00000000E-05 1.00000000E-05 1.00000000E-05 1.00000000E-05 1.00000000E-05 1.00000000E-05 1.00000000E-05 1.00000000E-05 1.00000000E-05 1.00000000E-05
2.19144000E+01 8.25243000E-02 3.96971113E+18 1.50570420E+02 1.00000000E+05 8.66380657E+00 3.48836627E+03 1.47946569E+00 1.07401671E-21 8.98630493E-07 1.07994719E-39 1.07994719E-39 1.07994719E-39 1.07994719E-39 1.11467898E-39 2.53540989E-19 9.93595309E-06 1.28218309E-09 3.05157805E-20 8.90123261E-18 3.62409407E-07 9.77390218E-07 1.24452888E-01 1.26512164E-24 3.93524849E-20 1.00000000E-40 1.00000000E-40 1.00000000E-40 5.48414107E-35 1.40485344E-24 1.99801301E-21 7.32624827E-17 9.72996052E-26 8.82816181E-25 1.03709094E-22 2.98222306E-11 1.34627680E-14 5.58006809E-14 4.30967380E-04 1.49106213E-33 8.94476924E-32 1.12809307E-12 1.00000000E-40 1.00000000E-40 4.02675291E-32 4.68819423E-32 4.23792537E-13 8.60898408E-11 4.24668406E-16 8.19151762E-15 3.17622096E-13 4.90594124E-08 2.13852482E-17 1.87448321E-28 2.27525161E-25 3.91430852E-09 2.02124306E-35 1.11525439E-23 9.74635499E-30 7.16883438E-33 6.94037433E-39 1.03293473E-40 4.14118964E-31 4.13391730E-32 3.35969547E-17 2.76923115E-37 1.00000000E-40 6.93336215E-35 1.00000000E-40 1.00000000E-40 1.29325234E-11 4.78970508E-32 3.20400716E-28 1.00000000E-40 1.00000000E-40 8.76357377E-33 1.05171468E-34 1.04697511E-30 2.07842361E-37 9.70724729E-28 2.51233496E-16 1.77454043E-21 2.91228670E-34 3.29438000E-37 1.00000000E-05 1.00000000E-05 1.00000000E-05 1.00000000E-05 1.00000000E-05 1.00000000E-05 1.00000000E-05 1.00000000E-05 1.00000000E-05 1.00000000E-05
2.30989000E+01 7.35050000E-02 3.62416567E+18 1.46901272E+02 1.00000000E+05 1.30014051E+01 4.53085519E+03 2.97876052E+00 2.86029407E-21 1.10212118E-06 1.70874228E-39 1.70874228E-39 1.70874228E-39 1.70874228E-39 1.81531395E-39 1.00524216E-18 9.98729596E-06 5.45594839E-10 7.96102688E-20 3.20840632E-17 4.00415493E-07 1.05824363E-06 8.41560036E-02 3.10555395E-24 1.61357874E-20 1.00000000E-40 1.00000000E-40 4.39335153E-39 1.30648528E-34 1.37547548E-24 6.85165116E-21 6.56594241E-17 4.69447079E-26 4.28641385E-25 3.59855323E-23 3.34346268E-11 2.63431833E-14 1.81938765E-13 2.47850508E-04 1.69933151E-33 8.51424844E-32 1.02231392E-12 1.00000000E-40 1.00000000E-40 4.16857014E-32 4.41128589E-32 4.21185175E-13 7.73162511E-11 2.25103040E-15 2.07100446E-14 3.33187841E-13 4.92294999E-08 1.24274650E-17 4.48706267E-29 7.50360067E-25 4.01835479E-09 2.00057771E-35 1.09049566E-23 8.81764777E-30 4.47841402E-33 6.87113379E-39 1.00455323E-40 4.13110905E-31 3.58215451E-32 2.44045629E-17 2.47159744E-37 1.00000000E-40 4.93376823E-35 1.00000000E-40 1.00000000E-40 1.36605032E-11 3.12184444E-31 2.41451906E-28 1.00000000E-40 1.00000000E-40 6.50245699E-33 7.80468371E-35 1.04016095E-30 2.13450831E-37 7.37833380E-28 2.88225504E-16 1.72446018E-21 2.78641480E-34 4.73890000E-37 1.00000000E-05 1.00000000E-05 1.00000000E-05 1.00000000E-05 1.00000000E-05 1.00000000E-05 1.00000000E-05 1.00000000E-05 1.00000000E-05 1.00000000E-05
2.42835000E+01 6.53356000E-02 3.30325842E+18 1.43259704E+02 1.00000000E+05 1.75018843E+01 4.00766853E+03 4.57730670E+00 2.85053282E-21 8.65167943E-07 2.59117551E-39 2.59117551E-39 2.59117551E-39 2.59117551E-39 2.85673024E-39 1.64875203E-17 1.00351430E-05 2.18693258E-10 2.24129823E-19 9.02717426E-16 4.41356082E-07 1.14514603E-06 5.51971010E-02 2.96894482E-23 6.22655897E-21 1.00000000E-40 1.00000000E-40 2.08165075E-37 1.69628430E-33 1.34662858E-24 1.44128611E-19 5.74188830E-17 2.09086053E-26 1.90567796E-25 9.53173006E-24 3.72538982E-11 1.25597630E-13 6.56639185E-13 1.36429210E-04 1.93021907E-33 8.04925106E-32 9.07364186E-13 1.00000000E-40 1.00000000E-40 4.32951375E-32 4.11066052E-32 3.94847024E-13 6.80265926E-11 2.05957937E-14 5.71227987E-14 3.55188801E-13 4.93741557E-08 7.46277536E-18 1.15921655E-29 3.30513483E-24 4.12891382E-09 1.97987092E-35 1.06608943E-23 7.80918617E-30 2.66405407E-33 6.80142761E-39 1.00000000E-40 4.12278206E-31 2.98992143E-32 1.19608169E-16 2.14841012E-37 1.00000000E-40 2.79391565E-35 1.00000000E-40 1.00000000E-40 1.41083566E-11 2.82520130E-30 1.56042902E-28 1.00000000E-40 1.00000000E-40 4.07441489E-33 4.89404455E-35 1.03355419E-30 1.97131431E-37 4.87230448E-28 3.22362576E-16 1.67431047E-21 2.65135467E-34 6.72091000E-37 1.00000000E-05 1.00000000E-05 1.00000000E-05 1.00000000E-05 1.00000000E-05 1.00000000E-05 1.00000000E-05 1.00000000E-05 1.00000000E-05 1.00000000E-05
2.54680000E+01 5.79562000E-02 3.00999093E+18 1.39460569E+02 1.00000000E+05 1.53748336E+01 1.73217427E+03 4.21635127E+00 1.08379381E-21 3.18240361E-07 2.77739164E-39 2.77739164E-39 2.77739164E-39 2.77739164E-39 3.17900849E-39 2.53449464E-16 1.00761267E-05 7.99091170E-11 7.62460226E-19 1.81670930E-14 4.85330888E-07 1.23822811E-06 3.49364255E-02 2.47326205E-22 2.28344507E-21 1.00000000E-40 1.00000000E-40 1.60868453E-36 1.60613576E-32 1.31787191E-24 1.78854047E-18 4.87261351E-17 9.04829456E-27 7.68418113E-26 2.04042733E-24 4.09443334E-11 4.60207684E-13 2.09601944E-12 7.10474731E-05 2.19812232E-33 7.54283416E-32 7.83265724E-13 1.00000000E-40 1.00000000E-40 4.50580817E-32 3.78324077E-32 3.60310518E-13 5.86039402E-11 1.37667062E-13 2.02903616E-13 4.43558891E-13 4.94752804E-08 5.58376034E-18 5.84755497E-30 1.51149111E-23 4.24517365E-09 1.95845320E-35 1.04167105E-23 6.72118580E-30 1.52230147E-33 6.72891762E-39 1.00000000E-40 4.11417655E-31 2.36298367E-32 1.20606021E-15 1.79743962E-37 1.00000000E-40 7.75660065E-36 1.00000000E-40 1.75787659E-39 1.38725496E-11 1.52457552E-29 6.85612312E-29 1.00000000E-40 1.00000000E-40 1.63327550E-33 1.96741573E-35 1.02681343E-30 1.38021804E-37 2.29284799E-28 3.89488035E-16 1.62339634E-21 2.49665438E-34 9.41382000E-37 1.00000000E-05 1.00000000E-05 1.00000000E-05 1.00000000E-05 1.00000000E-05 1.00000000E-05 1.00000000E-05 1.00000000E-05 1.00000000E-05 1.00000000E-05
2.66526000E+01 5.13074000E-02 2.73278380E+18 1.35985139E+02 1.00000000E+05 6.60148359E+00 2.66991979E+02 1.90722610E+00 1.38797771E-22 4.50015133E-08 1.69839926E-39 1.69839926E-39 1.69839926E-39 1.69839926E-39 2.00818781E-39 1.86422428E-15 1.01102805E-05 2.71966798E-11 3.02645856E-18 9.40990041E-14 5.32636827E-07 1.33810556E-06 2.22531337E-02 9.67397208E-22 8.09165896E-22 1.00000000E-40 1.00000000E-40 4.44536841E-36 3.94370078E-32 1.28918784E-24 6.08541954E-18 4.16107085E-17 4.48163762E-27 3.11404135E-26 4.07311974E-25 4.36152262E-11 8.67103358E-13 5.19612037E-12 3.68322377E-05 2.50703038E-33 6.99388347E-32 6.55400333E-13 1.00000000E-40 1.00000000E-40 4.67764592E-32 3.43127503E-32 3.58259405E-13 4.97540227E-11 3.56288270E-13 8.54795027E-13 5.43731966E-13 4.95306620E-08 8.96580638E-18 1.56813954E-29 5.15653371E-23 4.36778966E-09 1.93628499E-35 1.01720751E-23 5.60128986E-30 8.41641249E-34 6.65341827E-39 1.00000000E-40 4.10106257E-31 1.75256305E-32 3.40777667E-15 1.42234594E-37 1.00000000E-40 7.87033779E-37 1.00000000E-40 9.01185830E-39 1.33689369E-11 1.96916787E-29 1.65781812E-29 1.00000000E-40 1.00000000E-40 3.05749969E-34 3.71868292E-36 1.01992772E-30 9.00822953E-38 5.95800513E-29 5.26063674E-16 1.57152013E-21 2.22908648E-34 1.30958000E-36 1.00000000E-05 1.00000000E-05 1.00000000E-05 1.00000000E-05 1.00000000E-05 1.00000000E-05 1.00000000E-05 1.00000000E-05 1.00000000E-05 1.00000000E-05
2.78372000E+01 4.53327000E-02 2.46582366E+18 1.33157701E+02 1.00000000E+05 1.15631464E+00 1.11174389E+01 4.39596172E-01 7.94522609E-24 4.20962689E-09 6.37635812E-40 6.37635812E-40 6.37635812E-40 6.37635812E-40 7.64985038E-40 6.81097823E-15 1.01420730E-05 1.03008569E-11 1.00850320E-17 2.09519084E-13 5.83990699E-07 1.44636863E-06 1.52039238E-02 1.99502164E-21 2.81409080E-22 1.00000000E-40 1.00000000E-40 7.04475422E-36 6.38211011E-32 1.26101979E-24 1.10791100E-17 3.78785916E-17 2.68954513E-27 1.50477188E-26 9.06574104E-26 4.45642425E-11 1.17222457E-12 1.00529249E-11 2.06677958E-05 2.77916339E-33 6.41822864E-32 5.33430762E-13 1.00000000E-40 1.00000000E-40 4.81920255E-32 3.06809897E-32 3.65297007E-13 4.18214036E-11 4.62477298E-13 2.69334015E-12 5.39157026E-13 4.95592847E-08 2.28187969E-17 6.51720761E-29 1.07349273E-22 4.49977636E-09 1.91408410E-35 9.93022951E-24 4.53605275E-30 4.54885068E-34 6.57734388E-39 1.00000000E-40 4.07923249E-31 1.22967855E-32 4.40228467E-15 1.04869164E-37 1.00000000E-40 7.93021802E-38 1.00000000E-40 1.77753505E-38 1.35069201E-11 9.05916532E-30 5.73269778E-30 1.00000000E-40 1.00000000E-40 3.41437497E-35 4.35549652E-37 1.01330180E-30 9.58494939E-38 1.06370312E-29 6.53379037E-16 1.51902378E-21 1.75302627E-34 1.81907000E-36 1.00000000E-05 1.00000000E-05 1.00000000E-05 1.00000000E-05 1.00000000E-05 1.00000000E-05 1.00000000E-05 1.00000000E-05 1.00000000E-05 1.00000000E-05
2.90217000E+01 3.99771000E-02 2.20157674E+18 1.31520719E+02 1.00000000E+05 8.86105036E-02 1.31864032E-01 8.05127885E-02 5.80264663E-25 1.11476499E-09 2.47615430E-40 2.47615430E-40 2.47615430E-40 2.47615430E-40 2.90873854E-40 1.57950424E-14 1.01837005E-05 3.19575413E-11 2.21577788E-17 3.38911419E-13 6.40911420E-07 1.56645781E-06 1.21157092E-02 3.09717361E-21 9.77595387E-23 1.00000000E-40 1.00000000E-40 8.33191875E-36 1.46920345E-31 1.23460821E-24 1.66098953E-17 3.69262013E-17 2.02187266E-27 9.36853433E-27 2.97233692E-26 4.38655506E-11 1.41633808E-12 1.68050697E-11 1.41915336E-05 2.96554937E-33 5.83262435E-32 4.24568056E-13 1.00000000E-40 1.00000000E-40 4.92252659E-32 2.70783753E-32 3.64230295E-13 3.47940150E-11 4.96152338E-13 5.40471585E-13 1.84752718E-12 4.96174018E-08 4.81436332E-17 1.73275233E-28 1.57143309E-22 4.64848437E-09 1.89389039E-35 9.70061639E-24 3.58902465E-30 2.42949342E-34 6.50766571E-39 1.00000000E-40 4.05020703E-31 8.25704833E-33 4.70220761E-15 7.25600725E-38 1.00000000E-40 3.99426235E-38 1.00000000E-40 2.37126579E-38 1.42974429E-11 3.66053989E-30 5.04624555E-30 1.00000000E-40 1.00000000E-40 2.82260059E-36 5.50907938E-38 1.00807713E-30 1.01814674E-37 2.71849092E-30 7.03431967E-16 1.46720754E-21 1.25874115E-34 2.52127000E-36 1.00000000E-05 1.00000000E-05 1.00000000E-05 1.00000000E-05 1.00000000E-05 1.00000000E-05 1.00000000E-05 1.00000000E-05 1.00000000E-05 1.00000000E-05
3.02063000E+01 3.51832000E-02 1.94911926E+18 1.30741554E+02 1.00000000E+05 3.80898106E-03 7.53456762E-04 1.68803893E-02 8.47022107E-26 6.75227621E-10 1.46026499E-40 1.46026499E-40 1.46026499E-40 1.46026499E-40 1.64899785E-40 2.79739762E-14 1.02491128E-05 2.18104323E-11 3.52886418E-17 4.98755939E-13 7.05464626E-07 1.70300152E-06 1.11035396E-02 4.29657641E-21 3.53022922E-23 1.00000000E-40 1.00000000E-40 8.52350036E-36 2.56712954E-31 1.21127116E-24 2.33176857E-17 3.68604020E-17 1.76559918E-27 6.83491411E-27 1.52862784E-26 4.17666174E-11 1.62925289E-12 2.59111292E-11 1.18572505E-05 3.06522018E-33 5.24543037E-32 3.31546773E-13 1.00000000E-40 1.00000000E-40 4.99506016E-32 2.35837269E-32 3.61796066E-13 2.86948849E-11 5.38771184E-13 1.81501841E-12 2.12885198E-12 4.97701509E-08 8.14811403E-17 3.20114829E-28 1.96198540E-22 4.82324171E-09 1.87798051E-35 9.49326244E-24 2.78317776E-30 1.28981361E-34 6.45217900E-39 1.00000000E-40 4.01891792E-31 5.34354893E-33 5.16351902E-15 4.86086636E-38 1.00000000E-40 3.41786334E-38 1.00000000E-40 2.78153084E-38 1.53776296E-11 2.63236672E-30 4.82548150E-30 1.00000000E-40 1.00000000E-40 1.94992695E-37 2.36878467E-38 1.00556300E-30 8.91935598E-38 1.84998069E-30 7.23149327E-16 1.41742614E-21 9.13486402E-35 3.50082000E-36 1.00000000E-05 1.00000000E-05 1.00000000E-05 1.00000000E-05 1.00000000E-05 1.00000000E-05 1.00000000E-05 1.00000000E-05 1.00000000E-05 1.00000000E-05
3.13908000E+01 3.08843000E-02 1.72257822E+18 1.29860039E+02 1.00000000E+05 9.54938074E-05 1.78545630E-05 5.74181872E-03 2.44991702E-26 5.11851020E-10 1.14763729E-40 1.14763729E-40 1.14763729E-40 1.14763729E-40 1.25030673E-40 4.46548411E-14 1.03474129E-05 4.38267871E-12 5.08881896E-17 7.17083073E-13 7.79600099E-07 1.86028701E-06 1.05963171E-02 5.54509044E-21 1.49676497E-23 1.00000000E-40 1.00000000E-40 8.21008177E-36 3.81579770E-31 1.19181153E-24 3.14951250E-17 3.60274417E-17 1.56179714E-27 4.98366389E-27 9.44947124E-27 3.84311142E-11 1.80133865E-12 3.79191682E-11 1.05295857E-05 3.08361511E-33 4.66162694E-32 2.54598494E-13 1.00000000E-40 1.00000000E-40 5.04793358E-32 2.02417487E-32 3.59895266E-13 2.35776850E-11 5.97379527E-13 1.00070005E-11 6.09919807E-13 5.00607414E-08 1.30532406E-16 5.34883288E-28 2.33280057E-22 5.03176750E-09 1.86782640E-35 9.31411702E-24 2.11941605E-30 6.84987051E-35 6.41589475E-39 1.00000000E-40 3.98967193E-31 3.35927417E-33 5.78473858E-15 3.25718384E-38 1.00000000E-40 2.80817152E-38 1.00000000E-40 3.05080300E-38 1.64952049E-11 2.70076390E-30 4.47474615E-30 1.00000000E-40 1.00000000E-40 1.62444686E-38 2.11269495E-38 1.00664809E-30 7.19960755E-38 1.71816027E-30 7.40825418E-16 1.37036606E-21 7.08096205E-35 4.91033000E-36 1.00000000E-05 1.00000000E-05 1.00000000E-05 1.00000000E-05 1.00000000E-05 1.00000000E-05 1.00000000E-05 1.00000000E-05 1.00000000E-05 1.00000000E-05
3.25754000E+01 2.69872000E-02 1.51423960E+18 1.29086238E+02 1.00000000E+05 1.47087654E-06 4.66806433E-06 2.49892195E-03 9.93987400E-27 3.81993579E-10 1.03704425E-40 1.03704425E-40 1.03704425E-40 1.03704425E-40 1.09717901E-40 6.74110018E-14 1.05019187E-05 3.01576034E-12 7.08383941E-17 1.02992355E-12 8.66693312E-07 2.04588864E-06 1.03967621E-02 6.94163723E-21 9.29299133E-24 1.00000000E-40 1.00000000E-40 7.54485712E-36 5.16688158E-31 1.17856072E-24 4.18232960E-17 3.39720195E-17 1.35639101E-27 3.46079548E-27 6.53738227E-27 3.41031232E-11 1.92232168E-12 5.34518784E-11 9.72384062E-06 3.03357853E-33 4.09037247E-32 1.93000799E-13 1.00000000E-40 1.00000000E-40 5.09998664E-32 1.71067539E-32 3.62554127E-13 1.94214693E-11 6.78582455E-13 2.60059699E-11 6.98187481E-13 5.05977956E-08 2.11364271E-16 9.06973539E-28 2.79259315E-22 5.28941935E-09 1.86731946E-35 9.18086739E-24 1.59014227E-30 3.68294309E-35 6.41209923E-39 1.00000000E-40 3.97202252E-31 2.08421826E-33 6.63277804E-15 2.25152262E-38 1.00000000E-40 2.18513880E-38 1.00000000E-40 3.22438502E-38 1.75794879E-11 2.78339344E-30 4.13570359E-30 1.00000000E-40 1.00000000E-40 3.98059477E-39 1.99073173E-38 1.01355183E-30 5.55232375E-38 1.57071324E-30 7.69695300E-16 1.32833429E-21 5.97057931E-35 7.03856000E-36 1.00000000E-05 1.00000000E-05 1.00000000E-05 1.00000000E-05 1.00000000E-05 1.00000000E-05 1.00000000E-05 1.00000000E-05 1.00000000E-05 1.00000000E-05
3.37600000E+01 2.33997000E-02 1.31993988E+18 1.28402315E+02 1.00000000E+05 1.57337822E-08 2.52228749E-06 1.14421590E-03 4.91496490E-27 2.95377468E-10 1.00172069E-40 1.00172069E-40 1.00172069E-40 1.00172069E-40 1.03313461E-40 9.89463267E-14 1.07501979E-05 1.15156533E-12 9.85543441E-17 1.50809944E-12 9.72415028E-07 2.27249702E-06 1.04434710E-02 8.60548428E-21 8.88891141E-24 1.00000000E-40 1.00000000E-40 6.70063490E-36 6.61281210E-31 1.17512788E-24 5.55264913E-17 3.09462260E-17 1.16350921E-27 2.29021130E-27 4.87915670E-27 2.90955606E-11 1.98192877E-12 7.38349161E-11 9.25871811E-06 2.92476532E-33 3.54120234E-32 1.45120796E-13 1.00000000E-40 1.00000000E-40 5.17566449E-32 1.42210837E-32 3.70719234E-13 1.61152922E-11 7.97612627E-13 5.92117967E-11 2.45035485E-13 5.15555632E-08 3.57820563E-16 1.65847580E-27 3.47477767E-22 5.62147557E-09 1.88258416E-35 9.12071980E-24 1.17995397E-30 2.03792352E-35 6.46169844E-39 1.00000000E-40 3.97977700E-31 1.31027178E-33 7.88758733E-15 1.63346003E-38 1.00000000E-40 1.61367934E-38 1.00000000E-40 3.34689366E-38 1.86453171E-11 2.69726504E-30 3.87618015E-30 1.00000000E-40 1.00000000E-40 1.96838118E-39 1.84377316E-38 1.02980231E-30 4.14558106E-38 1.37371937E-30 8.24772536E-16 1.29471562E-21 5.40756177E-35 1.05387000E-35 1.00000000E-05 1.00000000E-05 1.00000000E-05 1.00000000E-05 1.00000000E-05 1.00000000E-05 1.00000000E-05 1.00000000E-05 1.00000000E-05 1.00000000E-05
3.49445000E+01 2.01308000E-02 1.14152725E+18 1.27729575E+02 1.00000000E+05 4.99583376E-10 1.77554108E-06 6.49930978E-04 2.88414638E-27 2.66726247E-10 1.00000000E-40 1.00000000E-40 1.00000000E-40 1.00000000E-40 1.00590743E-40 1.43082498E-13 1.10999707E-05 4.34547507E-13 1.38435451E-16 2.26052521E-12 1.10113055E-06 2.54940863E-06 1.06414725E-02 1.05805555E-20 1.06745965E-23 1.00000000E-40 1.00000000E-40 5.79721578E-36 8.09584698E-31 1.18154589E-24 7.47478877E-17 2.73721708E-17 9.98738101E-28 1.47182654E-27 3.78122831E-27 2.36536141E-11 1.96811824E-12 1.01432522E-10 8.96932643E-06 2.75077221E-33 3.00953682E-32 1.08438488E-13 1.00000000E-40 1.00000000E-40 5.28243152E-32 1.15618505E-32 3.80173740E-13 1.34449075E-11 9.68187965E-13 9.50274698E-11 5.73880109E-14 5.29614580E-08 6.41679574E-16 3.34975648E-27 4.53077493E-22 6.04104596E-09 1.91421954E-35 9.13259623E-24 8.66228598E-31 1.17860993E-35 6.56656023E-39 1.00000000E-40 4.01420732E-31 8.64772308E-34 9.69444439E-15 1.23634196E-38 1.00000000E-40 1.12547508E-38 1.00000000E-40 3.42838589E-38 1.96207780E-11 2.43893557E-30 3.69050023E-30 1.00000000E-40 1.00000000E-40 1.09339059E-39 1.67261869E-38 1.05601972E-30 2.99129390E-38 1.14567344E-30 9.04308932E-16 1.26852760E-21 5.13697346E-35 1.66279000E-35 1.00000000E-05 1.00000000E-05 1.00000000E-05 1.00000000E-05 1.00000000E-05 1.00000000E-05 1.00000000E-05 1.00000000E-05 1.00000000E-05 1.00000000E-05
3.61291000E+01 1.72508000E-02 9.83034408E+17 1.27103421E+02 1.00000000E+05 1.75645462E-10 1.27692540E-06 3.02818310E-04 1.79156428E-27 2.62937157E-10 1.00000000E-40 1.00000000E-40 1.00000000E-40 1.00000000E-40 1.00000000E-40 2.04367393E-13 1.15161430E-05 2.88051301E-13 1.96696289E-16 3.50468385E-12 1.25343865E-06 2.87708820E-06 1.09642510E-02 1.29617371E-20 1.38602957E-23 1.00000000E-40 1.00000000E-40 4.87906129E-36 9.32164482E-31 1.19334987E-24 1.02666342E-16 2.32533272E-17 8.56674133E-28 9.33154541E-28 3.02119777E-27 1.79977055E-11 1.85611312E-12 1.39451277E-10 8.81490828E-06 2.49464962E-33 2.48269926E-32 8.04001647E-14 1.00000000E-40 1.00000000E-40 5.40509914E-32 9.07750623E-33 3.86636472E-13 1.11813909E-11 1.22543611E-12 1.29861003E-10 3.02100463E-14 5.46370167E-08 1.23639414E-15 7.78962707E-27 6.32121278E-22 6.53914453E-09 1.95547782E-35 9.18049959E-24 6.26419185E-31 7.18974482E-36 6.70330261E-39 1.00000000E-40 4.06056854E-31 6.22844651E-34 1.24429245E-14 9.53980780E-39 1.00000000E-40 7.27774999E-39 1.00000000E-40 3.48465539E-38 2.02652564E-11 2.00384397E-30 3.54047425E-30 1.00000000E-40 1.00000000E-40 6.23580198E-40 1.47284192E-38 1.08879514E-30 2.04343254E-38 8.84233299E-31 1.01656535E-15 1.24388814E-21 5.02417695E-35 2.72334000E-35 1.00000000E-05 1.00000000E-05 1.00000000E-05 1.00000000E-05 1.00000000E-05 1.00000000E-05 1.00000000E-05 1.00000000E-05 1.00000000E-05 1.00000000E-05
3.73136000E+01 1.47764000E-02 8.45850364E+17 1.26529507E+02 1.00000000E+05 1.47671392E-10 8.85883120E-07 4.64993168E-05 1.14079867E-27 2.65891334E-10 1.00000000E-40 1.00000000E-40 1.00000000E-40 1.00000000E-40 1.00000000E-40 2.90412299E-13 1.19641124E-05 2.65024262E-13 2.86277169E-16 5.72593410E-12 1.42927626E-06 3.25462668E-06 1.13779832E-02 1.59345885E-20 1.87838849E-23 1.00000000E-40 1.00000000E-40 3.99174160E-36 9.90804878E-31 1.20654147E-24 1.44294201E-16 1.84504469E-17 7.18307663E-28 6.00608659E-28 2.48231317E-27 1.24801106E-11 1.62552139E-12 1.92365913E-10 8.76912292E-06 2.14748888E-33 1.95953254E-32 5.91368373E-14 1.00000000E-40 1.00000000E-40 5.52758407E-32 6.76671860E-33 3.86769563E-13 9.18137892E-12 1.64596364E-12 1.65622710E-10 2.94247821E-14 5.64083753E-08 2.64062808E-15 2.26195661E-26 9.80955956E-22 7.10537406E-09 2.00007521E-35 9.23234700E-24 4.43926203E-31 4.63072139E-36 6.85014217E-39 1.00000000E-40 4.10499713E-31 5.04554286E-34 1.69816492E-14 7.29588488E-39 1.00000000E-40 4.24197272E-39 1.00000000E-40 3.52251614E-38 2.02027731E-11 1.43994588E-30 3.40250631E-30 1.00000000E-40 1.00000000E-40 3.61505764E-40 1.24400015E-38 1.12489099E-30 1.29128152E-38 6.06063354E-31 1.18709599E-15 1.21575367E-21 5.00202732E-35 4.60157000E-35 1.00000000E-05 1.00000000E-05 1.00000000E-05 1.00000000E-05 1.00000000E-05 1.00000000E-05 1.00000000E-05 1.00000000E-05 1.00000000E-05 1.00000000E-05
3.84982000E+01 1.26692000E-02 7.28252230E+17 1.26003929E+02 1.00000000E+05 1.46647254E-10 5.90751200E-07 1.63636428E-08 7.42866119E-28 2.70405832E-10 1.00000000E-40 1.00000000E-40 1.00000000E-40 1.00000000E-40 1.00000000E-40 4.18991226E-13 1.24296255E-05 2.72489181E-13 4.37718838E-16 1.01048649E-11 1.63025656E-06 3.68507228E-06 1.18190462E-02 1.99671015E-20 2.70816652E-23 1.00000000E-40 1.00000000E-40 3.17940123E-36 9.57849754E-31 1.21951771E-24 2.07819111E-16 1.31021108E-17 5.65437821E-28 4.30818767E-28 2.09131181E-27 7.55251646E-12 1.28762328E-12 2.66459752E-10 8.81369306E-06 1.71876209E-33 1.45306107E-32 4.33042736E-14 1.00000000E-40 1.00000000E-40 5.64233330E-32 4.68203609E-33 3.79300458E-13 7.38880809E-12 2.39262768E-12 2.05376458E-10 3.49830666E-14 5.81996826E-08 6.65150399E-15 9.37451661E-26 1.77513443E-21 7.73958674E-09 2.04544273E-35 9.27468946E-24 3.06665137E-31 3.11922778E-36 6.99803340E-39 1.00000000E-40 4.14129008E-31 4.64056900E-34 2.51386693E-14 5.36800840E-39 1.00000000E-40 2.16048919E-39 1.00000000E-40 3.54393595E-38 1.89844789E-11 8.64732093E-31 3.26206111E-30 1.00000000E-40 1.00000000E-40 2.12547908E-40 1.00320730E-38 1.16307272E-30 7.35819086E-39 3.51682935E-31 1.46962601E-15 1.18183547E-21 5.04990145E-35 8.18591000E-35 1.00000000E-05 1.00000000E-05 1.00000000E-05 1.00000000E-05 1.00000000E-05 1.00000000E-05 1.00000000E-05 1.00000000E-05 1.00000000E-05 1.00000000E-05
3.96828000E+01 1.08748000E-02 6.27555446E+17 1.25512186E+02 1.00000000E+05 1.49570485E-10 3.92637000E-07 2.86926394E-12 5.01715485E-28 2.75336892E-10 1.00000000E-40 1.00000000E-40 1.00000000E-40 1.00000000E-40 1.00000000E-40 6.31351858E-13 1.29118155E-05 2.95017871E-13 7.23217649E-16 1.96827500E-11 1.85965123E-06 4.17524007E-06 1.22780254E-02 2.62004488E-20 4.29395038E-23 1.00000000E-40 1.00000000E-40 2.47357379E-36 8.34177469E-31 1.23211921E-24 3.05425123E-16 7.90048885E-18 4.00467374E-28 3.96783247E-28 1.79692443E-27 3.62388940E-12 9.03264938E-13 3.69564023E-10 8.92809122E-06 1.24067606E-33 9.85670107E-33 3.18115007E-14 1.00000000E-40 1.00000000E-40 5.74662551E-32 2.90585452E-33 3.65884153E-13 5.79402595E-12 3.84181050E-12 2.52900715E-10 4.55415872E-14 5.99980744E-08 2.26309039E-14 6.61142388E-25 3.88343601E-21 8.44973611E-09 2.09133055E-35 9.30510554E-24 2.04859265E-31 2.14944163E-36 7.14585602E-39 1.00000000E-40 4.16781350E-31 4.79896556E-34 4.12141889E-14 3.67880859E-39 1.00000000E-40 9.34119068E-40 1.00000000E-40 3.54538245E-38 1.62768208E-11 4.18775103E-31 3.10394575E-30 1.00000000E-40 1.00000000E-40 1.26352717E-40 7.77166429E-39 1.20340106E-30 3.67325295E-39 1.66612090E-31 1.97934266E-15 1.14139122E-21 5.17413294E-35 1.58614000E-34 1.00000000E-05 1.00000000E-05 1.00000000E-05 1.00000000E-05 1.00000000E-05 1.00000000E-05 1.00000000E-05 1.00000000E-05 1.00000000E-05 1.00000000E-05
4.08673000E+01 9.34378000E-03 5.41200322E+17 1.25049303E+02 1.00000000E+05 1.53285444E-10 2.52338456E-07 2.30571340E-16 3.48179590E-28 2.80439149E-10 1.00000000E-40 1.00000000E-40 1.00000000E-40 1.00000000E-40 1.00000000E-40 1.03027981E-12 1.34135514E-05 3.35992688E-13 1.31919453E-15 4.29886456E-11 2.12167931E-06 4.73401555E-06 1.27558172E-02 3.73159432E-20 7.54846998E-23 1.00000000E-40 1.00000000E-40 1.88933633E-36 6.60334787E-31 1.24455320E-24 4.52258442E-16 3.77175212E-18 2.48484768E-28 4.76991184E-28 1.57006686E-27 1.03480380E-12 5.49125604E-13 5.09209720E-10 9.10479101E-06 7.70703725E-34 5.85709197E-33 2.37302333E-14 1.00000000E-40 1.00000000E-40 5.83772548E-32 1.52937376E-33 3.47839339E-13 4.38578313E-12 6.91397660E-12 3.11894873E-10 6.51294222E-14 6.18070015E-08 1.24360406E-13 7.60311680E-24 1.01344096E-20 9.24720659E-09 2.13809815E-35 9.32383672E-24 1.30413926E-31 1.45790230E-36 7.29453826E-39 1.00000000E-40 4.18391797E-31 5.46500599E-34 7.59530546E-14 2.25502794E-39 1.00000000E-40 3.30697175E-40 1.00000000E-40 3.52485614E-38 1.21150648E-11 1.62356980E-31 2.89946849E-30 1.00000000E-40 1.00000000E-40 1.00000000E-40 5.87191016E-39 1.24630902E-30 1.52594678E-39 6.37301172E-32 2.95882591E-15 1.09409023E-21 5.41242700E-35 3.39779000E-34 1.00000000E-05 1.00000000E-05 1.00000000E-05 1.00000000E-05 1.00000000E-05 1.00000000E-05 1.00000000E-05 1.00000000E-05 1.00000000E-05 1.00000000E-05
4.20519000E+01 8.03497000E-03 4.66998892E+17 1.24619248E+02 1.00000000E+05 1.57353004E-10 1.38868096E-07 8.16741334E-21 2.43563576E-28 2.85457846E-10 1.00000000E-40 1.00000000E-40 1.00000000E-40 1.00000000E-40 1.00000000E-40 1.80837124E-12 1.39383743E-05 4.00669121E-13 2.56657968E-15 1.07037226E-10 2.42129550E-06 5.37185864E-06 1.32556987E-02 5.72951680E-20 1.38852941E-22 1.00000000E-40 1.00000000E-40 1.42989727E-36 4.45731843E-31 1.25706855E-24 6.62859991E-16 1.23697123E-18 1.45432792E-28 6.60364297E-28 1.39534569E-27 1.39669198E-13 2.66332463E-13 6.89699147E-10 9.34843533E-06 3.82528068E-34 2.83406680E-33 1.82925296E-14 1.00000000E-40 1.00000000E-40 5.91127187E-32 6.20483570E-34 3.07990326E-13 3.12629512E-12 1.40925765E-11 3.83358536E-10 1.00213653E-13 6.36314996E-08 4.96119124E-13 6.58775666E-23 2.89842344E-20 1.01451398E-08 2.18618435E-35 9.33134383E-24 7.70521868E-32 9.11900897E-37 7.44523527E-39 1.00000000E-40 4.18900236E-31 6.56698428E-34 1.59734299E-13 1.19277341E-39 1.00000000E-40 1.00000000E-40 1.00000000E-40 3.48775101E-38 7.02707554E-12 4.74487713E-32 2.52932708E-30 1.00000000E-40 1.00000000E-40 1.00000000E-40 4.18085730E-39 1.29231519E-30 4.55883765E-40 1.81920697E-32 4.73726601E-15 1.03984652E-21 5.86755135E-35 7.82970000E-34 1.00000000E-05 1.00000000E-05 1.00000000E-05 1.00000000E-05 1.00000000E-05 1.00000000E-05 1.00000000E-05 1.00000000E-05 1.00000000E-05 1.00000000E-05
4.32364000E+01 6.91339000E-03 4.03108944E+17 1.24218231E+02 1.00000000E+05 1.61724371E-10 6.43729312E-08 1.16035339E-25 1.73257445E-28 2.89994057E-10 1.00000000E-40 1.00000000E-40 1.00000000E-40 1.00000000E-40 1.00000000E-40 3.00669182E-12 1.44917437E-05 4.71070887E-13 4.49466294E-15 2.84559579E-10 2.76459926E-06 6.10170697E-06 1.37829117E-02 8.34820521E-20 2.36717082E-22 1.00000000E-40 1.00000000E-40 1.04649740E-36 2.13702283E-31 1.27006222E-24 9.54933366E-16 2.72232683E-19 1.12822452E-28 8.69656003E-28 1.25938911E-27 1.83293638E-14 9.85488577E-14 9.15743179E-10 9.65008392E-06 1.37343699E-34 1.00784431E-33 1.49009275E-14 1.00000000E-40 1.00000000E-40 5.96291510E-32 1.70331065E-34 2.26525818E-13 2.04140756E-12 3.04938581E-11 4.60559177E-10 1.45064768E-13 6.54855626E-08 6.38764778E-13 1.88190130E-22 7.71854996E-20 1.11584845E-08 2.23629206E-35 9.32916960E-24 4.06044080E-32 4.85714940E-37 7.59995697E-39 1.00000000E-40 4.18314668E-31 7.70808875E-34 3.59451133E-13 5.64875978E-40 1.00000000E-40 1.00000000E-40 1.00000000E-40 3.43675100E-38 2.91696788E-12 9.95322748E-33 1.86239409E-30 1.00000000E-40 1.00000000E-40 1.00000000E-40 2.58535106E-39 1.34214629E-30 1.00000000E-40 3.45201075E-33 6.83023135E-15 9.79116556E-22 6.76155830E-35 1.84656000E-33 1.00000000E-05 1.00000000E-05 1.00000000E-05 1.00000000E-05 1.00000000E-05 1.00000000E-05 1.00000000E-05 1.00000000E-05 1.00000000E-05 1.00000000E-05
4.44210000E+01 5.94987000E-03 3.47998150E+17 1.23836098E+02 1.00000000E+05 1.66468101E-10 4.96649281E-08 6.32104873E-31 1.27569847E-28 2.93981981E-10 1.00000000E-40 1.00000000E-40 1.00000000E-40 1.00000000E-40 1.00000000E-40 4.31342169E-12 1.50803868E-05 5.21370458E-13 6.38642011E-15 6.73658793E-10 3.15900120E-06 6.93925171E-06 1.43439246E-02 1.05067548E-19 3.59010346E-22 1.00000000E-40 1.00000000E-40 6.55237935E-37 8.59271611E-32 1.28398784E-24 1.37677509E-15 6.30366535E-20 1.11351322E-28 9.78293456E-28 1.15012493E-27 3.40022382E-15 3.60695106E-14 1.21481047E-09 9.97661055E-06 3.39292229E-35 2.48653066E-34 1.31320327E-14 1.00000000E-40 1.00000000E-40 5.99331369E-32 2.98487384E-35 1.49094589E-13 1.25075844E-12 5.90206360E-11 5.32499864E-10 1.79504553E-13 6.73873837E-08 5.39233825E-13 2.86482033E-22 1.62215627E-19 1.23042680E-08 2.28927293E-35 9.31923143E-24 1.84474421E-32 2.21697087E-37 7.76118648E-39 1.00000000E-40 4.16651048E-31 8.44079657E-34 7.23951127E-13 2.67505857E-40 1.00000000E-40 1.00000000E-40 1.00000000E-40 3.36862570E-38 1.13138877E-12 2.48399506E-33 1.21314919E-30 1.00000000E-40 1.00000000E-40 1.00000000E-40 1.50847354E-39 1.39668678E-30 1.00000000E-40 6.13675840E-34 7.95153804E-15 9.12516849E-22 8.23469479E-35 4.29370000E-33 1.00000000E-05 1.00000000E-05 1.00000000E-05 1.00000000E-05 1.00000000E-05 1.00000000E-05 1.00000000E-05 1.00000000E-05 1.00000000E-05 1.00000000E-05
4.56056000E+01 5.12087000E-03 3.00402959E+17 1.23468526E+02 1.00000000E+05 1.71679334E-10 5.06407003E-08 1.23733054E-36 9.61332451E-29 2.98031973E-10 1.00000000E-40 1.00000000E-40 1.00000000E-40 1.00000000E-40 1.00000000E-40 6.52179809E-12 1.57100799E-05 5.89530678E-13 9.17152802E-15 1.30062729E-09 3.61303269E-06 7.90237594E-06 1.49443285E-02 1.39518019E-19 5.82502151E-22 1.00000000E-40 1.00000000E-40 3.26702465E-37 5.20464266E-32 1.29915598E-24 2.03557558E-15 2.77274794E-20 1.27427790E-28 1.14482387E-27 1.06064403E-27 1.05861077E-15 2.04464807E-14 1.65391163E-09 1.03212297E-05 6.06076967E-36 4.44675057E-35 1.27197881E-14 1.00000000E-40 1.00000000E-40 6.01310065E-32 3.57611491E-36 1.21371748E-13 7.61786750E-13 9.36797029E-11 5.99727180E-10 2.24135274E-13 6.93472480E-08 5.03202695E-13 4.08079647E-22 2.88630209E-19 1.36022210E-08 2.34577794E-35 9.30181497E-24 7.20721509E-33 9.49411091E-38 7.93070159E-39 1.00000000E-40 4.13743241E-31 9.40097694E-34 1.18922637E-12 1.15732682E-40 1.00000000E-40 1.00000000E-40 1.00000000E-40 3.28877255E-38 6.61321453E-13 1.35634674E-33 9.29379920E-31 1.00000000E-40 1.00000000E-40 1.00000000E-40 1.12062821E-39 1.45678450E-30 1.00000000E-40 2.00403966E-34 9.31908259E-15 8.39880588E-22 9.71714713E-35 9.74631000E-33 1.00000000E-05 1.00000000E-05 1.00000000E-05 1.00000000E-05 1.00000000E-05 1.00000000E-05 1.00000000E-05 1.00000000E-05 1.00000000E-05 1.00000000E-05
4.67901000E+01 4.40660000E-03 2.59227913E+17 1.23122829E+02 1.00000000E+05 1.77424125E-10 5.23891414E-08 2.12768429E-40 7.16149437E-29 3.02143074E-10 1.00000000E-40 1.00000000E-40 1.00000000E-40 1.00000000E-40 1.00000000E-40 1.07280451E-11 1.63877239E-05 6.95756975E-13 1.39982302E-14 2.20334218E-09 4.13696069E-06 9.01261799E-06 1.55907681E-02 2.01865343E-19 1.04581398E-21 1.00000000E-40 1.00000000E-40 1.40811756E-37 4.60000417E-32 1.31592069E-24 3.08625275E-15 2.04778623E-20 1.59281385E-28 1.43582618E-27 9.89486433E-28 6.61040048E-16 1.67373302E-14 2.31269201E-09 1.06847065E-05 8.28915179E-37 6.09107401E-36 1.35179660E-14 1.00000000E-40 1.00000000E-40 6.03762560E-32 3.15004506E-37 1.20846686E-13 4.83310198E-13 1.30494470E-10 6.63958134E-10 2.96378371E-13 7.13774182E-08 5.57706200E-13 6.33258494E-22 4.73552287E-19 1.50760741E-08 2.40656757E-35 9.27723522E-24 2.44429285E-33 4.15692164E-38 8.11059398E-39 1.00000000E-40 4.09419821E-31 1.11179450E-33 1.70715030E-12 1.00000000E-40 1.00000000E-40 1.00000000E-40 1.00000000E-40 3.21381863E-38 5.52402761E-13 1.17546627E-33 8.39941529E-31 1.00000000E-40 1.00000000E-40 1.00000000E-40 1.02980826E-39 1.52345291E-30 1.00000000E-40 1.08783037E-34 1.15689489E-14 7.61331331E-22 1.09845082E-34 2.18374000E-32 1.00000000E-05 1.00000000E-05 1.00000000E-05 1.00000000E-05 1.00000000E-05 1.00000000E-05 1.00000000E-05 1.00000000E-05 1.00000000E-05 1.00000000E-05
4.79747000E+01 3.79046000E-03 2.23573950E+17 1.22796909E+02 1.00000000E+05 1.83754568E-10 5.43414472E-08 1.00000000E-40 5.35670074E-29 3.05878335E-10 1.00000000E-40 1.00000000E-40 1.00000000E-40 1.00000000E-40 1.00000000E-40 1.81289221E-11 1.71211268E-05 8.38856139E-13 2.16410829E-14 3.48063328E-09 4.74312216E-06 1.02959207E-05 1.62907825E-02 3.00472307E-19 1.95594662E-21 1.00000000E-40 1.00000000E-40 6.25268041E-38 4.81271584E-32 1.33465935E-24 4.72749633E-15 1.95544564E-20 2.01877759E-28 1.81725649E-27 9.33487914E-28 6.64427338E-16 1.63938230E-14 3.27239944E-09 1.10698860E-05 8.99925101E-38 6.62247221E-37 1.54661684E-14 1.00000000E-40 1.00000000E-40 6.08043384E-32 2.13448377E-38 1.32280075E-13 3.35120435E-13 1.69438205E-10 7.23617771E-10 3.99357489E-13 7.34915537E-08 6.73670673E-13 1.00122247E-21 7.27926004E-19 1.67529841E-08 2.47247789E-35 9.24594885E-24 7.25047098E-34 2.01560235E-38 8.30312376E-39 1.00000000E-40 4.03550144E-31 1.36470566E-33 2.27196445E-12 1.00000000E-40 1.00000000E-40 1.00000000E-40 1.00000000E-40 3.15282792E-38 5.49691180E-13 1.20442333E-33 8.15353353E-31 1.00000000E-40 1.00000000E-40 1.00000000E-40 1.04701722E-39 1.59787327E-30 1.00000000E-40 7.50278458E-35 1.44975846E-14 6.77761054E-22 1.21944607E-34 4.89428000E-32 1.00000000E-05 1.00000000E-05 1.00000000E-05 1.00000000E-05 1.00000000E-05 1.00000000E-05 1.00000000E-05 1.00000000E-05 1.00000000E-05 1.00000000E-05
4.91593000E+01 3.25865000E-03 1.92696498E+17 1.22484353E+02 1.00000000E+05 1.90723728E-10 5.64849933E-08 1.00000000E-40 4.11657042E-29 3.08829005E-10 1.00000000E-40 1.00000000E-40 1.00000000E-40 1.00000000E-40 1.00000000E-40 3.06665936E-11 1.79179623E-05 1.02059230E-12 3.31831670E-14 5.28997151E-09 5.44609151E-06 1.17829331E-05 1.70518222E-02 4.48158121E-19 3.66715091E-21 1.00000000E-40 1.00000000E-40 3.66525045E-38 5.37130175E-32 1.35568524E-24 7.22307941E-15 2.09423553E-20 2.51228698E-28 2.25368483E-27 8.88397156E-28 7.95124794E-16 1.73961432E-14 4.62582812E-09 1.14792524E-05 7.92550485E-39 5.83684674E-38 1.85734084E-14 1.00000000E-40 1.00000000E-40 6.15057212E-32 1.14557323E-39 1.50972470E-13 2.64225776E-13 2.11699748E-10 7.76893954E-10 5.36629773E-13 7.56997794E-08 8.42330498E-13 1.54403210E-21 1.05669960E-18 1.86629449E-08 2.54426269E-35 9.20792147E-24 1.89293164E-34 1.13566708E-38 8.51017166E-39 1.00000000E-40 3.95995440E-31 1.69350059E-33 2.88549969E-12 1.00000000E-40 1.00000000E-40 1.00000000E-40 1.00000000E-40 3.10877662E-38 5.91317822E-13 1.31615528E-33 8.10826852E-31 1.00000000E-40 1.00000000E-40 1.00000000E-40 1.11575719E-39 1.68131991E-30 1.00000000E-40 5.74679919E-35 1.79507455E-14 5.90703966E-22 1.34144170E-34 1.10557000E-31 1.00000000E-05 1.00000000E-05 1.00000000E-05 1.00000000E-05 1.00000000E-05 1.00000000E-05 1.00000000E-05 1.00000000E-05 1.00000000E-05 1.00000000E-05
5.03438000E+01 2.79934000E-03 1.65947473E+17 1.22180451E+02 1.00000000E+05 1.98412569E-10 5.88475977E-08 1.00000000E-40 3.24523572E-29 3.10667330E-10 1.00000000E-40 1.00000000E-40 1.00000000E-40 1.00000000E-40 1.00000000E-40 5.15254346E-11 1.87873451E-05 1.24706851E-12 5.02037804E-14 7.86632174E-09 6.26360679E-06 1.35109757E-05 1.78827782E-02 6.64335926E-19 6.78904537E-21 1.00000000E-40 1.00000000E-40 3.03775131E-38 6.11454412E-32 1.37937140E-24 1.09385632E-14 2.34779497E-20 3.03239381E-28 2.70695302E-27 8.51272293E-28 1.00473528E-15 1.90891117E-14 6.49141536E-09 1.19157384E-05 5.77381489E-40 4.22067227E-39 2.29159791E-14 1.00000000E-40 1.00000000E-40 6.25201258E-32 1.00000000E-40 1.75585738E-13 2.38318477E-13 2.58917106E-10 8.22873928E-10 7.14322812E-13 7.80152259E-08 1.06611801E-12 2.28531357E-21 1.45864792E-18 2.08407255E-08 2.62282230E-35 9.16350678E-24 4.42748114E-35 8.66344135E-39 8.73399801E-39 1.00000000E-40 3.86646006E-31 2.09357233E-33 3.54561461E-12 1.00000000E-40 1.00000000E-40 1.00000000E-40 1.00000000E-40 3.08163374E-38 6.56987830E-13 1.48839641E-33 8.09599051E-31 1.00000000E-40 1.00000000E-40 1.00000000E-40 1.21758611E-39 1.77533562E-30 1.00000000E-40 4.59864781E-35 2.18320780E-14 5.02319724E-22 1.46527334E-34 2.57656000E-31 1.00000000E-05 1.00000000E-05 1.00000000E-05 1.00000000E-05 1.00000000E-05 1.00000000E-05 1.00000000E-05 1.00000000E-05 1.00000000E-05 1.00000000E-05
5.15284000E+01 2.40257000E-03 1.42763937E+17 1.21891733E+02 1.00000000E+05 2.06930949E-10 6.14768654E-08 1.00000000E-40 2.53906490E-29 3.11095555E-10 1.00000000E-40 1.00000000E-40 1.00000000E-40 1.00000000E-40 1.00000000E-40 8.57499945E-11 1.97392315E-05 1.52977288E-12 7.48356184E-14 1.15636871E-08 7.21705608E-06 1.55250591E-05 1.87933366E-02 9.76031253E-19 1.23330383E-20 1.00000000E-40 1.00000000E-40 3.00489318E-38 6.93010077E-32 1.40609110E-24 1.63901603E-14 2.65632385E-20 3.52742584E-28 3.12914105E-27 8.21837450E-28 1.28870508E-15 2.11296965E-14 9.02560668E-09 1.23821783E-05 1.00000000E-40 2.51737302E-40 2.86398314E-14 1.00000000E-40 1.00000000E-40 6.38236186E-32 1.00000000E-40 2.05517754E-13 2.38126090E-13 3.13119629E-10 8.61200386E-10 9.39735743E-13 8.04506094E-08 1.35053403E-12 3.21967428E-21 1.92215308E-18 2.33257002E-08 2.70909591E-35 9.11306218E-24 1.02129930E-35 1.34267918E-38 8.97686501E-39 1.00000000E-40 3.75417023E-31 2.55949979E-33 4.24442303E-12 1.00000000E-40 1.00000000E-40 1.00000000E-40 1.00000000E-40 3.07080423E-38 7.35557942E-13 1.74200356E-33 8.03100501E-31 1.00000000E-40 1.00000000E-40 1.00000000E-40 1.34463025E-39 1.88170102E-30 1.00000000E-40 3.71436276E-35 2.60030386E-14 4.15240746E-22 1.59246982E-34 6.69611000E-31 1.00000000E-05 1.00000000E-05 1.00000000E-05 1.00000000E-05 1.00000000E-05 1.00000000E-05 1.00000000E-05 1.00000000E-05 1.00000000E-05 1.00000000E-05
5.27129000E+01 2.05975000E-03 1.22669368E+17 1.21617229E+02 1.00000000E+05 2.16395438E-10 6.44213572E-08 1.00000000E-40 2.17575094E-29 3.09800203E-10 1.00000000E-40 1.00000000E-40 1.00000000E-40 1.00000000E-40 1.00000000E-40 1.41086591E-10 2.07855871E-05 1.88147203E-12 1.09779299E-13 1.69113645E-08 8.33280760E-06 1.78807175E-05 1.97951725E-02 1.41802864E-18 2.18946120E-20 1.00000000E-40 1.00000000E-40 3.11481082E-38 7.70608674E-32 1.43629640E-24 2.43020704E-14 2.97211675E-20 3.93122220E-28 3.46005904E-27 7.95490043E-28 1.65048579E-15 2.32581942E-14 1.24334102E-08 1.28819581E-05 1.00000000E-40 1.00000000E-40 3.59699416E-14 1.00000000E-40 1.00000000E-40 6.53274371E-32 1.00000000E-40 2.40186693E-13 2.52073762E-13 3.76788287E-10 8.91620686E-10 1.21983110E-12 8.30226881E-08 1.70022289E-12 4.28966433E-21 2.42124155E-18 2.61639318E-08 2.80421964E-35 9.05748787E-24 3.41454677E-36 3.20192069E-38 9.24154770E-39 1.00000000E-40 3.62290301E-31 3.08036678E-33 4.96801925E-12 1.00000000E-40 1.00000000E-40 1.00000000E-40 1.00000000E-40 3.07116644E-38 8.18264835E-13 2.14357509E-33 7.86500743E-31 1.00000000E-40 1.00000000E-40 1.00000000E-40 1.49069226E-39 2.00259555E-30 1.00000000E-40 2.96639679E-35 3.02518187E-14 3.32388330E-22 1.72412524E-34 2.49636000E-30 1.00000000E-05 1.00000000E-05 1.00000000E-05 1.00000000E-05 1.00000000E-05 1.00000000E-05 1.00000000E-05 1.00000000E-05 1.00000000E-05 1.00000000E-05
5.38975000E+01 1.76330000E-03 1.05240376E+17 1.21355798E+02 1.00000000E+05 2.26975280E-10 6.77279168E-08 1.00000000E-40 2.27557599E-29 3.06519936E-10 1.00000000E-40 1.00000000E-40 1.00000000E-40 1.00000000E-40 1.00000000E-40 2.29099770E-10 2.19433353E-05 2.31731913E-12 1.58256177E-13 2.46876794E-08 9.64463442E-06 2.06491765E-05 2.09047005E-02 2.03291369E-18 3.78503373E-20 1.00000000E-40 1.00000000E-40 3.24071351E-38 8.33559438E-32 1.47069908E-24 3.56926775E-14 3.25665865E-20 4.17404418E-28 3.63788123E-27 7.61632628E-28 2.09383328E-15 2.52690879E-14 1.69819505E-08 1.34206013E-05 1.00000000E-40 1.00000000E-40 4.52299466E-14 1.00000000E-40 1.00000000E-40 6.68904175E-32 1.00000000E-40 2.78931715E-13 2.73101896E-13 4.52685562E-10 9.13814732E-10 1.55896436E-12 8.57626637E-08 2.11793299E-12 5.37534129E-21 2.91466315E-18 2.94128801E-08 2.90989199E-35 8.99932136E-24 2.42420351E-36 6.90891186E-38 9.53251343E-39 1.00000000E-40 3.47374879E-31 3.63706835E-33 5.69740442E-12 1.00000000E-40 1.00000000E-40 1.00000000E-40 1.00000000E-40 3.07558575E-38 8.97853811E-13 2.82010715E-33 7.57877043E-31 1.00000000E-40 1.00000000E-40 1.00000000E-40 1.65072499E-39 2.14093289E-30 1.00000000E-40 2.31596927E-35 3.42831057E-14 2.56677797E-22 1.86044779E-34 2.05450000E-29 1.00000000E-05 1.00000000E-05 1.00000000E-05 1.00000000E-05 1.00000000E-05 1.00000000E-05 1.00000000E-05 1.00000000E-05 1.00000000E-05 1.00000000E-05
5.50821000E+01 1.50686000E-03 9.01284860E+16 1.21095372E+02 1.00000000E+05 2.38833362E-10 7.14217840E-08 1.00000000E-40 2.40129866E-29 3.00996864E-10 1.00000000E-40 1.00000000E-40 1.00000000E-40 1.00000000E-40 1.00000000E-40 3.66552054E-10 2.32311457E-05 2.83868768E-12 2.23862492E-13 3.59950069E-08 1.11943788E-05 2.39186976E-05 2.21402595E-02 2.86863345E-18 6.35112470E-20 1.00000000E-40 1.00000000E-40 3.34482862E-38 8.74784254E-32 1.51003042E-24 5.19840538E-14 3.49015744E-20 4.19830238E-28 3.61385632E-27 7.18116499E-28 2.62395044E-15 2.70486773E-14 2.30136499E-08 1.40036385E-05 1.00000000E-40 1.00000000E-40 5.68624005E-14 1.00000000E-40 1.00000000E-40 6.83272243E-32 1.00000000E-40 3.21241061E-13 2.97108211E-13 5.43608461E-10 9.27376977E-10 1.94485353E-12 8.87023519E-08 2.60450434E-12 6.31286859E-21 3.35058967E-18 3.31395552E-08 3.02793203E-35 8.94106609E-24 2.51303491E-36 1.11406446E-37 9.85442796E-39 1.00000000E-40 3.30850324E-31 4.20088759E-33 6.40873005E-12 1.00000000E-40 1.00000000E-40 1.00000000E-40 1.00000000E-40 3.07289444E-38 9.70420795E-13 3.96995426E-33 7.17994628E-31 1.00000000E-40 1.00000000E-40 1.00000000E-40 1.81970746E-39 2.30015721E-30 1.00000000E-40 1.76351538E-35 3.77727076E-14 1.90537755E-22 1.99775615E-34 4.18196000E-28 1.00000000E-05 1.00000000E-05 1.00000000E-05 1.00000000E-05 1.00000000E-05 1.00000000E-05 1.00000000E-05 1.00000000E-05 1.00000000E-05 1.00000000E-05
5.62666000E+01 1.28355000E-03 7.69298797E+16 1.20846605E+02 1.00000000E+05 2.52139668E-10 7.56712914E-08 1.00000000E-40 2.54774917E-29 2.93608387E-10 1.00000000E-40 1.00000000E-40 1.00000000E-40 1.00000000E-40 1.00000000E-40 5.77855701E-10 2.47004583E-05 3.46986766E-12 3.10685768E-13 5.24108033E-08 1.30499625E-05 2.78329325E-05 2.35511408E-02 3.98486321E-18 1.03311850E-19 1.00000000E-40 1.00000000E-40 3.42054449E-38 8.92183608E-32 1.55695412E-24 7.53153418E-14 3.68341522E-20 3.99257269E-28 3.38212515E-27 6.63717797E-28 3.25257023E-15 2.86297632E-14 3.10131200E-08 1.46543688E-05 1.00000000E-40 1.00000000E-40 7.15504877E-14 1.00000000E-40 1.00000000E-40 6.95248585E-32 1.00000000E-40 3.67377344E-13 3.22705275E-13 6.52397482E-10 9.32950395E-10 2.36910540E-12 9.19861049E-08 3.16615404E-12 6.94874371E-21 3.68070521E-18 3.74681088E-08 3.16416341E-35 8.89599870E-24 2.79095759E-36 1.22343021E-37 1.02246752E-38 1.00000000E-40 3.13351038E-31 4.74412917E-33 7.08755923E-12 1.00000000E-40 1.00000000E-40 1.00000000E-40 1.00000000E-40 3.06107132E-38 1.03658410E-12 5.87245216E-33 6.70061321E-31 1.00000000E-40 1.19023010E-40 1.00000000E-40 2.00209628E-39 2.48739952E-30 1.00000000E-40 1.31367575E-35 4.04224540E-14 1.35708910E-22 2.13497735E-34 5.06386000E-26 1.00000000E-05 1.00000000E-05 1.00000000E-05 1.00000000E-05 1.00000000E-05 1.00000000E-05 1.00000000E-05 1.00000000E-05 1.00000000E-05 1.00000000E-05
5.74512000E+01 1.07244000E-03 6.44202886E+16 1.20577717E+02 1.00000000E+05 2.70881810E-10 8.19876858E-08 1.00000000E-40 2.75706311E-29 2.88934773E-10 1.00000000E-40 1.00000000E-40 1.00000000E-40 1.00000000E-40 1.00000000E-40 9.11399430E-10 2.68037598E-05 4.27466016E-12 4.29480681E-13 7.71291553E-08 1.55279798E-05 3.30644761E-05 2.55678276E-02 5.52609353E-18 1.65175817E-19 1.00000000E-40 1.00000000E-40 3.50856561E-38 9.05361921E-32 1.63822103E-24 1.10382645E-13 3.93857341E-20 3.63739882E-28 3.01614135E-27 6.05263451E-28 4.08198494E-15 3.06829235E-14 4.22442596E-08 1.56260052E-05 1.00000000E-40 1.00000000E-40 9.15877790E-14 1.00000000E-40 1.00000000E-40 7.14480673E-32 1.00000000E-40 4.25340766E-13 3.56705332E-13 7.93334258E-10 9.45853256E-10 2.86685408E-12 9.71857220E-08 3.87116119E-12 7.29749407E-21 3.92570030E-18 4.31868911E-08 3.37429003E-35 9.00777668E-24 3.16417273E-36 8.78914179E-38 1.08199604E-38 1.00000000E-40 2.99854095E-31 5.31074330E-33 7.82638784E-12 1.00000000E-40 1.00000000E-40 1.00000000E-40 1.00000000E-40 3.07487915E-38 1.12170502E-12 9.02946002E-33 6.27880856E-31 1.00000000E-40 1.48089647E-40 1.00000000E-40 2.23340742E-39 2.75156244E-30 1.00000000E-40 9.85212140E-36 4.27685395E-14 9.40415955E-23 2.29283759E-34 4.47832000E-24 1.00000000E-05 1.00000000E-05 1.00000000E-05 1.00000000E-05 1.00000000E-05 1.00000000E-05 1.00000000E-05 1.00000000E-05 1.00000000E-05 1.00000000E-05
5.86357000E+01 7.54895000E-04 4.55416054E+16 1.20059058E+02 1.00000000E+05 3.43811288E-10 1.05337246E-07 1.00000000E-40 3.50863681E-29 3.33212616E-10 1.00000000E-40 1.00000000E-40 1.00000000E-40 1.00000000E-40 1.00000000E-40 1.67358488E-09 3.45531750E-05 5.85953694E-12 6.88931219E-13 1.32627883E-07 2.19506350E-05 4.66730215E-05 3.29723460E-02 8.82093600E-18 3.01139740E-19 1.00000000E-40 1.00000000E-40 4.12677234E-38 1.08787330E-31 2.04751159E-24 1.89566305E-13 5.03520033E-20 3.66138026E-28 2.94630864E-27 6.23674440E-28 6.16000837E-15 3.92163351E-14 6.75316818E-08 1.97579903E-05 1.00000000E-40 1.00000000E-40 1.38843200E-13 1.00000000E-40 1.00000000E-40 8.62085891E-32 1.00000000E-40 5.84714994E-13 4.71758008E-13 1.14084699E-09 1.12830732E-09 3.99287096E-12 1.21755216E-07 5.53142015E-12 8.55090751E-21 4.73415731E-18 5.90532257E-08 4.27415584E-35 1.08054882E-23 4.18528132E-36 5.32723207E-38 1.35924170E-38 1.00000000E-40 3.37567908E-31 6.81528673E-33 9.97186903E-12 1.00000000E-40 1.00000000E-40 1.00000000E-40 1.00000000E-40 3.55523799E-38 1.45937028E-12 1.64568632E-32 6.92547597E-31 1.00000000E-40 2.17638027E-40 1.00000000E-40 2.87730282E-39 3.62426132E-30 1.00000000E-40 8.97948929E-36 5.28482586E-14 7.38632584E-23 2.81429478E-34 1.35416000E-22 1.00000000E-05 1.00000000E-05 1.00000000E-05 1.00000000E-05 1.00000000E-05 1.00000000E-05 1.00000000E-05 1.00000000E-05 1.00000000E-05 1.00000000E-05
5.98203000E+01 3.96500000E-04 2.41387404E+16 1.18972149E+02 1.00000000E+05 5.79135106E-10 1.75689312E-07 1.00000000E-40 5.84330697E-29 5.06629857E-10 1.00000000E-40 1.00000000E-40 1.00000000E-40 1.00000000E-40 1.00000000E-40 4.03307849E-09 5.96440359E-05 9.39549606E-12 1.45068971E-12 3.00038944E-07 4.15695113E-05 8.82737442E-05 5.69654572E-02 1.80024191E-17 7.04322992E-19 1.00000000E-40 1.00000000E-40 6.10928073E-38 1.77897855E-31 3.42831631E-24 4.27091463E-13 8.62502355E-20 4.54740009E-28 3.49761625E-27 7.95300916E-28 1.27001640E-14 6.73655003E-14 1.42257541E-07 3.34088274E-05 1.00000000E-40 1.00000000E-40 2.81270671E-13 1.00000000E-40 1.00000000E-40 1.37482180E-31 1.00000000E-40 1.07858975E-12 8.40266236E-13 2.21258386E-09 1.79226824E-09 7.25577233E-12 2.03991855E-07 1.03488897E-11 1.27027909E-20 7.31267156E-18 1.08009954E-07 7.25283454E-35 1.73234883E-23 7.13515178E-36 2.91591846E-38 2.28624500E-38 1.00000000E-40 5.04707437E-31 1.12320753E-32 1.63908739E-11 1.00000000E-40 1.00000000E-40 1.00000000E-40 1.00000000E-40 5.18556262E-38 2.60168001E-12 3.95128323E-32 1.01932231E-30 1.00000000E-40 4.43736133E-40 1.00000000E-40 4.62771741E-39 6.41081470E-30 1.00000000E-40 1.15677605E-35 8.76916290E-14 7.44662906E-23 4.34459765E-34 1.60604000E-21 1.00000000E-05 1.00000000E-05 1.00000000E-05 1.00000000E-05 1.00000000E-05 1.00000000E-05 1.00000000E-05 1.00000000E-05 1.00000000E-05 1.00000000E-05
6.10049000E+01 3.04552000E-04 1.86124637E+16 1.18515269E+02 1.00000000E+05 6.65903139E-10 1.84271043E-07 1.00000000E-40 3.64811324E-29 5.22913901E-10 1.00000000E-40 1.00000000E-40 1.00000000E-40 1.00000000E-40 1.00000000E-40 6.53376112E-09 7.04561786E-05 1.16928086E-11 2.05351678E-12 4.66823810E-07 5.38793168E-05 1.14290088E-04 6.73436857E-02 2.52291586E-17 1.09345725E-18 1.00000000E-40 1.00000000E-40 6.33287846E-38 1.86420806E-31 3.92820616E-24 6.64685498E-13 9.79711471E-20 3.81205998E-28 2.74813896E-27 7.41112063E-28 1.67071327E-14 7.64061813E-14 2.04055932E-07 3.85975670E-05 1.31468044E-40 1.00000000E-40 3.89948235E-13 1.41492476E-40 1.00000000E-40 1.46934118E-31 1.01757418E-40 1.32663276E-12 9.84192185E-13 2.88922338E-09 1.92481919E-09 8.89624338E-12 2.33425601E-07 1.32727880E-11 1.24231584E-20 7.55630042E-18 1.34971707E-07 8.42128526E-35 1.89612442E-23 8.50881442E-36 8.58421530E-39 2.62960342E-38 1.00000000E-40 5.11588892E-31 1.25074474E-32 1.86883930E-11 1.00000000E-40 1.00000000E-40 1.00000000E-40 1.00000000E-40 5.31578568E-38 3.00278915E-12 6.24567275E-32 1.00472985E-30 1.00000000E-40 5.54842364E-40 1.00000000E-40 5.37832546E-39 7.77905117E-30 1.00000000E-40 9.31886965E-36 9.39042879E-14 4.89420985E-23 4.77992543E-34 4.23336000E-21 1.00000000E-05 1.00000000E-05 1.00000000E-05 1.00000000E-05 1.00000000E-05 1.00000000E-05 1.00000000E-05 1.00000000E-05 1.00000000E-05 1.00000000E-05
6.21894000E+01 2.55854000E-04 1.56760218E+16 1.18215132E+02 1.00000000E+05 6.97191131E-10 2.97412211E-08 1.00000000E-40 1.67392783E-29 4.88654843E-10 1.00000000E-40 1.00000000E-40 1.00000000E-40 1.00000000E-40 1.00000000E-40 9.52261031E-09 7.61409629E-05 1.37989191E-11 2.61716230E-12 6.66268748E-07 6.39225283E-05 1.35475350E-04 7.28345134E-02 3.19493739E-17 1.50593573E-18 1.00000000E-40 1.00000000E-40 5.94205023E-38 1.71378852E-31 4.11776608E-24 9.54174086E-13 1.00193943E-19 2.85740826E-28 1.86333696E-27 6.90918353E-28 1.93206695E-14 7.75999133E-14 2.67819620E-07 4.13816460E-05 1.85383560E-40 1.00000000E-40 4.95918277E-13 1.84735004E-40 1.00000000E-40 1.40276423E-31 1.04923422E-40 1.46469102E-12 1.01607505E-12 3.44773820E-09 1.88175764E-09 9.85532189E-12 2.43859767E-07 1.54433962E-11 1.08170927E-20 7.05848865E-18 1.54088819E-07 8.94477899E-35 1.89415078E-23 9.30400817E-36 6.11397058E-39 2.76497049E-38 1.00000000E-40 4.70191902E-31 1.24861695E-32 1.96816836E-11 1.00000000E-40 1.00000000E-40 1.00000000E-40 1.00000000E-40 4.94255132E-38 3.08418904E-12 8.65181225E-32 8.91362427E-31 1.00000000E-40 5.96375869E-40 1.00000000E-40 5.77378422E-39 8.65868007E-30 1.00000000E-40 6.53927755E-36 9.01573137E-14 2.79482016E-23 4.85533432E-34 8.06129000E-21 1.00000000E-05 1.00000000E-05 1.00000000E-05 1.00000000E-05 1.00000000E-05 1.00000000E-05 1.00000000E-05 1.00000000E-05 1.00000000E-05 1.00000000E-05
6.33740000E+01 2.14972000E-04 1.32038327E+16 1.17923022E+02 1.00000000E+05 7.25782998E-10 7.94434198E-11 1.00000000E-40 1.01833443E-29 4.51371603E-10 1.00000000E-40 1.00000000E-40 1.00000000E-40 1.00000000E-40 1.00000000E-40 1.36559925E-08 8.23274057E-05 1.62258877E-11 3.28747462E-12 9.45965641E-07 7.59300075E-05 1.60813252E-04 7.88223760E-02 3.97373095E-17 2.01005845E-18 1.00000000E-40 1.00000000E-40 5.44581120E-38 1.54672360E-31 4.31913518E-24 1.37250088E-12 1.02449901E-19 2.13045084E-28 1.18107382E-27 6.65488532E-28 2.18761707E-14 7.82414502E-14 3.50205180E-07 4.45616921E-05 2.51831412E-40 1.00000000E-40 6.32700115E-13 2.30418636E-40 1.00000000E-40 1.30808897E-31 1.02466951E-40 1.60285356E-12 1.02480843E-12 4.10961157E-09 1.83334614E-09 1.07392520E-11 2.54355934E-07 1.78844497E-11 9.24095336E-21 6.51205361E-18 1.75779970E-07 9.50588138E-35 1.88880085E-23 1.01382908E-35 1.71178066E-38 2.90693721E-38 1.00000000E-40 4.28959084E-31 1.21639219E-32 2.07428565E-11 1.00000000E-40 1.00000000E-40 1.00000000E-40 1.00000000E-40 4.49483335E-38 3.14328084E-12 1.16068750E-31 7.84447668E-31 1.00000000E-40 6.15649812E-40 1.00000000E-40 6.18111607E-39 9.67014038E-30 1.00000000E-40 4.53729164E-36 8.51717996E-14 1.51677765E-23 4.88130060E-34 1.49988000E-20 1.00000000E-05 1.00000000E-05 1.00000000E-05 1.00000000E-05 1.00000000E-05 1.00000000E-05 1.00000000E-05 1.00000000E-05 1.00000000E-05 1.00000000E-05
6.45585000E+01 1.80645000E-04 1.11222675E+16 1.17638459E+02 1.00000000E+05 7.50690128E-10 1.47110808E-38 1.00000000E-40 7.43056482E-30 4.11938284E-10 1.00000000E-40 1.00000000E-40 1.00000000E-40 1.00000000E-40 1.00000000E-40 1.92754422E-08 8.90623817E-05 1.89731801E-11 4.07283572E-12 1.33220122E-06 9.03011738E-05 1.91153623E-04 8.53564940E-02 4.85693595E-17 2.60205106E-18 1.00000000E-40 1.00000000E-40 4.87735938E-38 1.37965308E-31 4.53326570E-24 1.97478443E-12 1.05363730E-19 1.64334463E-28 7.00606393E-28 6.49001991E-28 2.43138360E-14 7.86919655E-14 4.55679640E-07 4.80156681E-05 3.30409504E-40 1.00000000E-40 8.09020653E-13 2.77044802E-40 1.00000000E-40 1.19226043E-31 1.00000000E-40 1.74397722E-12 1.01791875E-12 4.88397509E-09 1.77875085E-09 1.14953381E-11 2.64846147E-07 2.07102005E-11 7.80079781E-21 5.94105538E-18 2.00371053E-07 1.01076076E-34 1.88006968E-23 1.10282925E-35 4.11003372E-38 3.05586429E-38 1.00000000E-40 3.88881929E-31 1.15714910E-32 2.18528704E-11 1.00000000E-40 1.00000000E-40 1.00000000E-40 1.00000000E-40 3.99799587E-38 3.19477708E-12 1.51535436E-31 6.86732671E-31 1.00000000E-40 6.11824050E-40 1.00000000E-40 6.61120933E-39 1.08363398E-29 1.00000000E-40 3.14321513E-36 7.91951417E-14 7.83242532E-24 4.84452723E-34 2.84676000E-20 1.00000000E-05 1.00000000E-05 1.00000000E-05 1.00000000E-05 1.00000000E-05 1.00000000E-05 1.00000000E-05 1.00000000E-05 1.00000000E-05 1.00000000E-05
6.57431000E+01 1.51819000E-04 9.36951385E+15 1.17361536E+02 1.00000000E+05 7.70884481E-10 1.00000000E-40 1.00000000E-40 5.80320258E-30 3.71367159E-10 1.00000000E-40 1.00000000E-40 1.00000000E-40 1.00000000E-40 1.00000000E-40 2.67946423E-08 9.63922306E-05 2.20582229E-11 4.98150066E-12 1.86039164E-06 1.07509225E-04 2.27506642E-04 9.24863147E-02 5.83930000E-17 3.27098332E-18 1.00000000E-40 1.00000000E-40 4.27532647E-38 1.21909206E-31 4.76094472E-24 2.83982216E-12 1.09060521E-19 1.36994272E-28 3.89898384E-28 6.37105004E-28 2.65220839E-14 7.90404918E-14 5.90118791E-07 5.17430050E-05 4.19640772E-40 1.00000000E-40 1.03557973E-12 3.22766897E-40 1.00000000E-40 1.06324163E-31 1.00000000E-40 1.88790955E-12 9.99506684E-13 5.78861440E-09 1.71912106E-09 1.20852268E-11 2.75235894E-07 2.40425080E-11 6.55052468E-21 5.37667871E-18 2.28214307E-07 1.07526389E-34 1.86777820E-23 1.19810007E-35 5.90164501E-38 3.21198869E-38 1.00000000E-40 3.50758037E-31 1.07658747E-32 2.30356341E-11 1.00000000E-40 1.00000000E-40 1.00000000E-40 1.00000000E-40 3.48165275E-38 3.24205441E-12 1.92911527E-31 5.98609327E-31 1.00000000E-40 5.86522554E-40 1.00000000E-40 7.06777896E-39 1.21836398E-29 1.00000000E-40 2.17929819E-36 7.26356358E-14 3.85542553E-24 4.74862575E-34 5.71380000E-20 1.00000000E-05 1.00000000E-05 1.00000000E-05 1.00000000E-05 1.00000000E-05 1.00000000E-05 1.00000000E-05 1.00000000E-05 1.00000000E-05 1.00000000E-05
6.69277000E+01 1.27608000E-04 7.89344072E+15 1.17092281E+02 1.00000000E+05 7.85376600E-10 1.00000000E-40 1.00000000E-40 4.61746028E-30 3.30687352E-10 1.00000000E-40 1.00000000E-40 1.00000000E-40 1.00000000E-40 1.00000000E-40 3.67088742E-08 1.04368023E-04 2.54882392E-11 6.02292924E-12 2.57705728E-06 1.28119677E-04 2.71083620E-04 1.00266707E-01 6.91261571E-17 3.99900043E-18 1.00000000E-40 1.00000000E-40 3.67478076E-38 1.06893683E-31 5.00305977E-24 4.07621817E-12 1.13428381E-19 1.26430701E-28 2.04234819E-28 6.28416434E-28 2.83784662E-14 7.92831807E-14 7.60679557E-07 5.57600996E-05 5.17226159E-40 1.00000000E-40 1.32512942E-12 3.65899934E-40 1.00000000E-40 9.28991132E-32 1.00000000E-40 2.03379525E-12 9.71895955E-13 6.84738960E-09 1.65684427E-09 1.24819575E-11 2.85419730E-07 2.80302637E-11 5.50428966E-21 4.84282809E-18 2.59700764E-07 1.14439001E-34 1.85168562E-23 1.29982804E-35 4.82316461E-38 3.37560525E-38 1.00000000E-40 3.15197334E-31 9.81390848E-33 2.43210411E-11 1.00000000E-40 1.00000000E-40 1.00000000E-40 1.00000000E-40 2.97259265E-38 3.28480811E-12 2.39823036E-31 5.19911792E-31 1.00000000E-40 5.43834981E-40 1.00000000E-40 7.55138878E-39 1.37431049E-29 1.00000000E-40 1.51403811E-36 6.58664751E-14 1.81348952E-24 4.60229021E-34 1.26565000E-19 1.00000000E-05 1.00000000E-05 1.00000000E-05 1.00000000E-05 1.00000000E-05 1.00000000E-05 1.00000000E-05 1.00000000E-05 1.00000000E-05 1.00000000E-05
6.81122000E+01 1.07273000E-04 6.65053423E+15 1.16828987E+02 1.00000000E+05 7.93254794E-10 1.00000000E-40 1.00000000E-40 3.71043445E-30 2.90844553E-10 1.00000000E-40 1.00000000E-40 1.00000000E-40 1.00000000E-40 1.00000000E-40 4.96006518E-08 1.13040366E-04 2.92464135E-11 7.20778868E-12 3.54254646E-06 1.52799269E-04 3.23318108E-04 1.08753329E-01 8.06512530E-17 4.76195796E-18 1.00000000E-40 1.00000000E-40 3.10390176E-38 9.31592805E-32 5.26035270E-24 5.83003081E-12 1.18227008E-19 1.27775219E-28 1.01055043E-28 6.21983731E-28 2.97792831E-14 7.93805704E-14 9.75881103E-07 6.00822626E-05 6.20409547E-40 1.00000000E-40 1.69231600E-12 4.05149775E-40 1.00000000E-40 7.96645188E-32 1.00000000E-40 2.18044589E-12 9.36592452E-13 8.09000435E-09 1.59450935E-09 1.26698832E-11 2.95268690E-07 3.28466718E-11 4.64909207E-21 4.35344365E-18 2.95247405E-07 1.21839861E-34 1.83141515E-23 1.40787018E-35 1.93074616E-38 3.54690679E-38 1.00000000E-40 2.82603337E-31 8.78186840E-33 2.57355124E-11 1.00000000E-40 1.00000000E-40 1.00000000E-40 1.00000000E-40 2.49221642E-38 3.32143422E-12 2.91522860E-31 4.50165127E-31 1.00000000E-40 4.89338861E-40 1.00000000E-40 8.05938946E-39 1.55505438E-29 1.00000000E-40 1.05504653E-36 5.91800336E-14 8.17533786E-25 4.41576889E-34 3.25760000E-19 1.00000000E-05 1.00000000E-05 1.00000000E-05 1.00000000E-05 1.00000000E-05 1.00000000E-05 1.00000000E-05 1.00000000E-05 1.00000000E-05 1.00000000E-05
6.92968000E+01 9.01893000E-05 5.60384504E+15 1.16569683E+02 1.00000000E+05 7.93832585E-10 1.00000000E-40 1.00000000E-40 2.98894571E-30 2.52673660E-10 1.00000000E-40 1.00000000E-40 1.00000000E-40 1.00000000E-40 1.00000000E-40 6.61479734E-08 1.22467040E-04 3.32962704E-11 8.54856955E-12 4.83502167E-06 1.82341454E-04 3.85923045E-04 1.18010216E-01 9.28235167E-17 5.53119619E-18 1.00000000E-40 1.00000000E-40 2.58313144E-38 8.08273921E-32 5.53379705E-24 8.29413180E-12 1.23140341E-19 1.36809676E-28 4.74286198E-29 6.17055177E-28 3.06595444E-14 7.92812348E-14 1.24583339E-06 6.47266945E-05 7.26399417E-40 1.00000000E-40 2.15351755E-12 4.39745192E-40 1.00000000E-40 6.71943126E-32 1.00000000E-40 2.32649364E-12 8.94773462E-13 9.55317979E-09 1.53444932E-09 1.26458534E-11 3.04654809E-07 3.86831240E-11 3.95860800E-21 3.91488000E-18 3.35313694E-07 1.29759977E-34 1.80663325E-23 1.52193355E-35 5.00990314E-39 3.72624534E-38 1.00000000E-40 2.53213776E-31 7.72959387E-33 2.73047419E-11 1.00000000E-40 1.00000000E-40 1.00000000E-40 1.00000000E-40 2.05590839E-38 3.34980260E-12 3.46912770E-31 3.88729402E-31 1.00000000E-40 4.28864813E-40 1.00000000E-40 8.58779656E-39 1.76482900E-29 1.00000000E-40 7.38115243E-37 5.27842306E-14 3.54451399E-25 4.20038590E-34 9.77506000E-19 1.00000000E-05 1.00000000E-05 1.00000000E-05 1.00000000E-05 1.00000000E-05 1.00000000E-05 1.00000000E-05 1.00000000E-05 1.00000000E-05 1.00000000E-05
7.04813000E+01 7.58365000E-05 4.72244862E+15 1.16312866E+02 1.00000000E+05 7.86656882E-10 1.00000000E-40 1.00000000E-40 2.35931799E-30 2.16838018E-10 1.00000000E-40 1.00000000E-40 1.00000000E-40 1.00000000E-40 1.00000000E-40 8.71245833E-08 1.32703278E-04 3.75844618E-11 1.00593118E-11 6.55515394E-06 2.17674063E-04 4.60911375E-04 1.28101145E-01 1.05467843E-16 6.27516036E-18 1.00000000E-40 1.00000000E-40 2.12400826E-38 6.99170600E-32 5.82414873E-24 1.17175996E-11 1.27788425E-19 1.50175950E-28 2.12119180E-29 6.13281529E-28 3.09958749E-14 7.89209027E-14 1.58232365E-06 6.97074296E-05 8.32634237E-40 1.00000000E-40 2.72629162E-12 4.69406468E-40 1.00000000E-40 5.58659077E-32 1.00000000E-40 2.47016247E-12 8.47354316E-13 1.12811380E-08 1.47835723E-09 1.24180380E-11 3.13429496E-07 4.57338760E-11 3.40249217E-21 3.52803811E-18 3.80375782E-07 1.38224983E-34 1.77692326E-23 1.64133771E-35 1.18557390E-39 3.91383836E-38 1.00000000E-40 2.27096737E-31 6.70522690E-33 2.90532011E-11 1.00000000E-40 1.00000000E-40 1.00000000E-40 1.00000000E-40 1.67209420E-38 3.36711698E-12 4.04542408E-31 3.34845149E-31 1.00000000E-40 3.67393238E-40 1.00000000E-40 9.13130230E-39 2.00849393E-29 1.00000000E-40 5.18807120E-37 4.68065188E-14 1.48364379E-25 3.96724174E-34 2.84244000E-18 1.00000000E-05 1.00000000E-05 1.00000000E-05 1.00000000E-05 1.00000000E-05 1.00000000E-05 1.00000000E-05 1.00000000E-05 1.00000000E-05 1.00000000E-05
7.16659000E+01 6.37763000E-05 3.97997921E+15 1.16063385E+02 1.00000000E+05 7.71650502E-10 1.00000000E-40 1.00000000E-40 1.68624162E-30 1.83840938E-10 1.00000000E-40 1.00000000E-40 1.00000000E-40 1.00000000E-40 1.00000000E-40 1.13407015E-07 1.43811232E-04 4.20985745E-11 1.17561177E-11 8.83314399E-06 2.59891288E-04 5.50670068E-04 1.39097487E-01 1.18420584E-16 6.96244600E-18 1.00000000E-40 1.00000000E-40 1.73136691E-38 6.03623025E-32 6.13232477E-24 1.64186017E-11 1.31770125E-19 1.65248391E-28 9.07962371E-30 6.11624385E-28 3.07965183E-14 7.82321332E-14 1.99917570E-06 7.50391906E-05 9.36822745E-40 1.00000000E-40 3.42889346E-12 4.94290101E-40 1.00000000E-40 4.58736381E-32 1.00000000E-40 2.60927950E-12 7.95087622E-13 1.33246556E-08 1.42737565E-09 1.20029510E-11 3.21449320E-07 5.41909066E-11 2.95237812E-21 3.19098541E-18 4.30942943E-07 1.47263468E-34 1.74196232E-23 1.76612828E-35 4.51458170E-40 4.11002630E-38 1.00000000E-40 2.04202193E-31 5.74440907E-33 3.10159184E-11 1.00000000E-40 1.00000000E-40 1.00000000E-40 1.00000000E-40 1.34394877E-38 3.36958107E-12 4.62673010E-31 2.87717568E-31 1.00000000E-40 3.08378150E-40 1.00000000E-40 9.69192354E-39 2.29175808E-29 1.00000000E-40 3.66385323E-37 4.13034366E-14 6.01968249E-26 3.72809636E-34 7.03936000E-18 1.00000000E-05 1.00000000E-05 1.00000000E-05 1.00000000E-05 1.00000000E-05 1.00000000E-05 1.00000000E-05 1.00000000E-05 1.00000000E-05 1.00000000E-05
7.28505000E+01 5.36414000E-05 3.35453183E+15 1.15820358E+02 1.00000000E+05 7.49030764E-10 1.00000000E-40 1.00000000E-40 1.09079025E-30 1.54004326E-10 1.00000000E-40 1.00000000E-40 1.00000000E-40 1.00000000E-40 1.00000000E-40 1.45970898E-07 1.55852815E-04 4.67821531E-11 1.36571471E-11 1.18349457E-05 3.10271185E-04 6.58003357E-04 1.51073019E-01 1.31485025E-16 7.56348902E-18 1.00000000E-40 1.00000000E-40 1.40346440E-38 5.20867020E-32 6.45912232E-24 2.27921964E-11 1.34721956E-19 1.79951876E-28 3.73719691E-30 6.12198637E-28 3.01175520E-14 7.71712066E-14 2.51214863E-06 8.07343938E-05 1.03752990E-39 1.00000000E-40 4.27939930E-12 5.14948728E-40 1.00000000E-40 3.72759342E-32 1.00000000E-40 2.74185841E-12 7.38964476E-13 1.57452033E-08 1.38212833E-09 1.14259984E-11 3.28566527E-07 6.42127100E-11 2.58382996E-21 2.89939461E-18 4.87538219E-07 1.56900361E-34 1.70147037E-23 1.89578118E-35 3.00654193E-40 4.31510682E-38 1.00000000E-40 1.84382219E-31 4.86938695E-33 3.32194509E-11 1.00000000E-40 1.00000000E-40 1.00000000E-40 1.00000000E-40 1.06953141E-38 3.35494603E-12 5.19398809E-31 2.46608068E-31 1.00000000E-40 2.54361362E-40 1.00000000E-40 1.02662049E-38 2.62124703E-29 1.00000000E-40 2.60161406E-37 3.63055610E-14 2.37748987E-26 3.49101756E-34 1.51963000E-17 1.00000000E-05 1.00000000E-05 1.00000000E-05 1.00000000E-05 1.00000000E-05 1.00000000E-05 1.00000000E-05 1.00000000E-05 1.00000000E-05 1.00000000E-05
7.40350000E+01 4.51234000E-05 2.82763111E+15 1.15583484E+02 1.00000000E+05 7.19332535E-10 1.00000000E-40 1.00000000E-40 6.14139433E-31 1.27485056E-10 1.00000000E-40 1.00000000E-40 1.00000000E-40 1.00000000E-40 1.00000000E-40 1.85889005E-07 1.68891600E-04 5.15729222E-11 1.57821672E-11 1.57715589E-05 3.70304133E-04 7.86202146E-04 1.64105729E-01 1.44456811E-16 8.05291726E-18 1.00000000E-40 1.00000000E-40 1.13532244E-38 4.49845274E-32 6.80529984E-24 3.13224170E-11 1.36350747E-19 1.92629273E-28 1.49150157E-30 6.15004020E-28 2.90379401E-14 7.57134012E-14 3.13919622E-06 8.68036999E-05 1.13411336E-39 1.00000000E-40 5.29483229E-12 5.32199943E-40 1.00000000E-40 3.00353292E-32 1.00000000E-40 2.86594700E-12 6.80120541E-13 1.86146317E-08 1.34278703E-09 1.07171695E-11 3.34640496E-07 7.59135654E-11 2.27724716E-21 2.64801123E-18 5.50696107E-07 1.67158356E-34 1.65528880E-23 2.02981797E-35 2.49144781E-40 4.52940607E-38 1.00000000E-40 1.67426625E-31 4.09142473E-33 3.56898386E-11 1.00000000E-40 1.00000000E-40 1.00000000E-40 1.00000000E-40 8.44437575E-39 3.32170747E-12 5.72769385E-31 2.10822169E-31 1.00000000E-40 2.06759095E-40 1.00000000E-40 1.08512249E-38 3.00469928E-29 1.00000000E-40 1.85885585E-37 3.18124013E-14 9.18012469E-27 3.26218802E-34 2.97862000E-17 1.00000000E-05 1.00000000E-05 1.00000000E-05 1.00000000E-05 1.00000000E-05 1.00000000E-05 1.00000000E-05 1.00000000E-05 1.00000000E-05 1.00000000E-05
7.52196000E+01 3.79635000E-05 2.38370723E+15 1.15353307E+02 1.00000000E+05 6.83374283E-10 1.00000000E-40 1.00000000E-40 2.61283709E-31 1.04298423E-10 1.00000000E-40 1.00000000E-40 1.00000000E-40 1.00000000E-40 1.00000000E-40 2.34325956E-07 1.82992343E-04 5.64157054E-11 1.81522339E-11 2.09100666E-05 4.41720815E-04 9.39114611E-04 1.78277636E-01 1.57135667E-16 8.41145215E-18 1.00000000E-40 1.00000000E-40 9.20211475E-39 3.89323872E-32 7.17156201E-24 4.25939898E-11 1.36456860E-19 2.01986871E-28 5.77855190E-31 6.20174236E-28 2.76426709E-14 7.38525281E-14 3.90064684E-06 9.32555296E-05 1.22662735E-39 1.00000000E-40 6.49018482E-12 5.47001526E-40 1.00000000E-40 2.40509393E-32 1.00000000E-40 2.97965990E-12 6.19758571E-13 2.20157377E-08 1.30918306E-09 9.90893332E-12 3.39544533E-07 8.93525983E-11 2.01765110E-21 2.43145222E-18 6.20953999E-07 1.78057056E-34 1.60342186E-23 2.16798150E-35 2.22323252E-40 4.75329112E-38 1.00000000E-40 1.53090075E-31 3.41317351E-33 3.84543208E-11 1.00000000E-40 1.00000000E-40 1.00000000E-40 1.00000000E-40 6.62950265E-39 3.26904318E-12 6.20919639E-31 1.79724922E-31 1.00000000E-40 1.66075754E-40 1.00000000E-40 1.14458887E-38 3.45118018E-29 1.00000000E-40 1.33728195E-37 2.78025937E-14 3.48071173E-27 3.04609695E-34 5.45677000E-17 1.00000000E-05 1.00000000E-05 1.00000000E-05 1.00000000E-05 1.00000000E-05 1.00000000E-05 1.00000000E-05 1.00000000E-05 1.00000000E-05 1.00000000E-05
7.64041000E+01 3.19444000E-05 2.00965843E+15 1.15130185E+02 1.00000000E+05 6.42192813E-10 1.00000000E-40 1.00000000E-40 4.54507453E-32 8.43434563E-11 1.00000000E-40 1.00000000E-40 1.00000000E-40 1.00000000E-40 1.00000000E-40 2.92534175E-07 1.98220986E-04 6.12553463E-11 2.07893226E-11 2.75862512E-05 5.26526596E-04 1.12123225E-03 1.93674418E-01 1.69329313E-16 8.62718157E-18 1.00000000E-40 1.00000000E-40 7.50778913E-39 3.38030938E-32 7.55852133E-24 5.73031209E-11 1.34956351E-19 2.07140941E-28 2.17596730E-31 6.27619381E-28 2.60157870E-14 7.16048489E-14 4.81935377E-06 1.00095427E-04 1.31573550E-39 1.00000000E-40 7.87744689E-12 5.60350577E-40 1.00000000E-40 1.91905638E-32 1.00000000E-40 3.08137975E-12 5.59131639E-13 2.60433328E-08 1.28089371E-09 9.03433802E-12 3.43170087E-07 1.04525617E-10 1.79386396E-21 2.24446043E-18 6.98844786E-07 1.89611563E-34 1.54604728E-23 2.31018473E-35 2.04997139E-40 4.98716695E-38 1.00000000E-40 1.41110439E-31 2.83112437E-33 4.15383496E-11 1.00000000E-40 1.00000000E-40 1.00000000E-40 1.00000000E-40 5.18926362E-39 3.19716447E-12 6.62206617E-31 1.52749724E-31 1.00000000E-40 1.32225303E-40 1.00000000E-40 1.20500690E-38 3.97137465E-29 1.00000000E-40 9.69257646E-38 2.42442062E-14 1.30162107E-27 2.84541518E-34 9.51353000E-17 1.00000000E-05 1.00000000E-05 1.00000000E-05 1.00000000E-05 1.00000000E-05 1.00000000E-05 1.00000000E-05 1.00000000E-05 1.00000000E-05 1.00000000E-05
7.75887000E+01 2.68838000E-05 1.69451365E+15 1.14911184E+02 1.00000000E+05 5.96954607E-10 1.00000000E-40 1.00000000E-40 2.89604657E-33 6.74280059E-11 1.00000000E-40 1.00000000E-40 1.00000000E-40 1.00000000E-40 1.00000000E-40 3.61841608E-07 2.14640972E-04 6.59970500E-11 2.37156223E-11 3.62174857E-05 6.27029743E-04 1.33776418E-03 2.10382835E-01 1.80835860E-16 8.69579189E-18 1.00000000E-40 1.00000000E-40 6.19032074E-39 2.94759683E-32 7.96658607E-24 7.62628263E-11 1.31885622E-19 2.07664677E-28 8.26276297E-32 6.36113091E-28 2.42387151E-14 6.90098412E-14 5.92058877E-06 1.07324562E-04 1.40274083E-39 1.00000000E-40 9.46452258E-12 5.73220461E-40 1.00000000E-40 1.52918623E-32 1.00000000E-40 3.16995666E-12 4.99513923E-13 3.08075393E-08 1.25727279E-09 8.12602099E-12 3.45429331E-07 1.21354843E-10 1.59768972E-21 2.08198304E-18 7.84879322E-07 2.01829119E-34 1.48351911E-23 2.45595141E-35 1.91905447E-40 5.23143947E-38 1.00000000E-40 1.31223614E-31 2.33793439E-33 4.49566307E-11 1.00000000E-40 1.00000000E-40 1.00000000E-40 1.00000000E-40 4.05785939E-39 3.10773008E-12 6.95338564E-31 1.29402606E-31 1.00000000E-40 1.04654815E-40 1.00000000E-40 1.26597378E-38 4.57790179E-29 1.00000000E-40 7.08339883E-38 2.11030983E-14 4.82178870E-28 2.66089273E-34 1.59618000E-16 1.00000000E-05 1.00000000E-05 1.00000000E-05 1.00000000E-05 1.00000000E-05 1.00000000E-05 1.00000000E-05 1.00000000E-05 1.00000000E-05 1.00000000E-05
7.87733000E+01 2.26285000E-05 1.42903605E+15 1.14690989E+02 1.00000000E+05 5.48873861E-10 1.00000000E-40 1.00000000E-40 1.67161595E-34 5.32937075E-11 1.00000000E-40 1.00000000E-40 1.00000000E-40 1.00000000E-40 1.00000000E-40 4.43623668E-07 2.32304264E-04 7.05048642E-11 2.69521322E-11 4.73200508E-05 7.45867246E-04 1.59471128E-03 2.28486663E-01 1.91429700E-16 8.61974355E-18 1.00000000E-40 1.00000000E-40 5.17270252E-39 2.58333907E-32 8.39576359E-24 1.00407666E-10 1.27356518E-19 2.03539679E-28 2.93151416E-32 6.44112150E-28 2.23787167E-14 6.61119021E-14 7.23191902E-06 1.14937506E-04 1.48933157E-39 1.00000000E-40 1.12541735E-11 5.86466245E-40 1.00000000E-40 1.21847954E-32 1.00000000E-40 3.24432513E-12 4.42000808E-13 3.64372165E-08 1.23751159E-09 7.21456976E-12 3.46253945E-07 1.39686884E-10 1.42326035E-21 1.93942397E-18 8.79524439E-07 2.14703970E-34 1.41634216E-23 2.60417015E-35 1.80672276E-40 5.48643571E-38 1.00000000E-40 1.23172252E-31 1.92401372E-33 4.87128073E-11 1.00000000E-40 1.00000000E-40 1.00000000E-40 1.00000000E-40 3.17263615E-39 3.00294630E-12 7.19411759E-31 1.09243638E-31 1.00000000E-40 1.00000000E-40 1.00000000E-40 1.32654975E-38 5.28570747E-29 1.00000000E-40 5.22264931E-38 1.83418855E-14 1.77747660E-28 2.49195774E-34 2.59614000E-16 1.00000000E-05 1.00000000E-05 1.00000000E-05 1.00000000E-05 1.00000000E-05 1.00000000E-05 1.00000000E-05 1.00000000E-05 1.00000000E-05 1.00000000E-05
7.99578000E+01 1.90500000E-05 1.20527390E+15 1.14479031E+02 1.00000000E+05 4.99229147E-10 1.00000000E-40 1.00000000E-40 1.00000000E-40 4.16489538E-11 1.00000000E-40 1.00000000E-40 1.00000000E-40 1.00000000E-40 1.00000000E-40 5.39344323E-07 2.51273080E-04 7.48477689E-11 3.05194022E-11 6.15443531E-05 8.86072010E-04 1.89904621E-03 2.48075693E-01 2.01027047E-16 8.40934490E-18 1.00000000E-40 1.00000000E-40 4.39538830E-39 2.27513833E-32 8.84605990E-24 1.30844369E-10 1.21532823E-19 1.95068432E-28 8.88901512E-33 6.50446878E-28 2.04697842E-14 6.29468196E-14 8.78495844E-06 1.22924827E-04 1.57610172E-39 1.00000000E-40 1.32438683E-11 6.00689500E-40 1.00000000E-40 9.71390387E-33 1.00000000E-40 3.30303260E-12 3.87304142E-13 4.30595556E-08 1.22099254E-09 6.32206711E-12 3.45614277E-07 1.59366011E-10 1.26653659E-21 1.81341086E-18 9.83230209E-07 2.28225353E-34 1.34522577E-23 2.75698702E-35 1.70238806E-40 5.75264507E-38 1.00000000E-40 1.16717498E-31 1.57877675E-33 5.28463895E-11 1.00000000E-40 1.00000000E-40 1.00000000E-40 1.00000000E-40 2.48335640E-39 2.88311899E-12 7.33879926E-31 9.18652791E-32 1.00000000E-40 1.00000000E-40 1.00000000E-40 1.38842806E-38 6.11288026E-29 1.00000000E-40 3.88087871E-38 1.59108291E-14 6.54832182E-29 2.33899574E-34 4.11433000E-16 1.00000000E-05 1.00000000E-05 1.00000000E-05 1.00000000E-05 1.00000000E-05 1.00000000E-05 1.00000000E-05 1.00000000E-05 1.00000000E-05 1.00000000E-05
8.11424000E+01 1.60403000E-05 1.01673828E+15 1.14266791E+02 1.00000000E+05 4.49192166E-10 1.00000000E-40 1.00000000E-40 1.00000000E-40 3.21874435E-11 1.00000000E-40 1.00000000E-40 1.00000000E-40 1.00000000E-40 1.00000000E-40 6.50465048E-07 2.71584444E-04 7.88737672E-11 3.44357189E-11 7.96765427E-05 1.05106267E-03 2.25869945E-03 2.69228960E-01 2.09423550E-16 8.07930154E-18 1.00000000E-40 1.00000000E-40 3.80385169E-39 2.01392488E-32 9.31674573E-24 1.68788478E-10 1.14647138E-19 1.82929985E-28 4.77467491E-33 6.53534099E-28 1.85595743E-14 5.95739012E-14 1.06123517E-05 1.31267346E-04 1.66463255E-39 1.00000000E-40 1.54242362E-11 6.16415726E-40 1.00000000E-40 7.75363647E-33 1.00000000E-40 3.34562147E-12 3.36155344E-13 5.08352526E-08 1.20686622E-09 5.47226862E-12 3.43499156E-07 1.80140991E-10 1.12461532E-21 1.70037738E-18 1.09635928E-06 2.42359936E-34 1.27096607E-23 2.91323961E-35 1.60237556E-40 6.03037708E-38 1.00000000E-40 1.11633536E-31 1.29227568E-33 5.73464793E-11 1.00000000E-40 1.00000000E-40 1.00000000E-40 1.00000000E-40 1.94619368E-39 2.75150665E-12 7.38708272E-31 7.69390160E-32 1.00000000E-40 1.00000000E-40 1.00000000E-40 1.45046243E-38 7.08099687E-29 1.00000000E-40 2.90705711E-38 1.37786225E-14 2.42121649E-29 2.19962625E-34 6.37682000E-16 1.00000000E-05 1.00000000E-05 1.00000000E-05 1.00000000E-05 1.00000000E-05 1.00000000E-05 1.00000000E-05 1.00000000E-05 1.00000000E-05 1.00000000E-05
8.23269000E+01 1.35086000E-05 8.57811282E+14 1.14060509E+02 1.00000000E+05 3.99854661E-10 1.00000000E-40 1.00000000E-40 1.00000000E-40 2.46011601E-11 1.00000000E-40 1.00000000E-40 1.00000000E-40 1.00000000E-40 1.00000000E-40 7.78519275E-07 2.93282711E-04 8.26329133E-11 3.87160309E-11 1.02696204E-04 1.24474085E-03 2.68282651E-03 2.92030638E-01 2.16557159E-16 7.64913155E-18 1.00000000E-40 1.00000000E-40 3.35988532E-39 1.79069331E-32 9.80700441E-24 2.15663200E-10 1.06950724E-19 1.67964251E-28 1.45823599E-33 6.52716388E-28 1.66719776E-14 5.60418249E-14 1.27514092E-05 1.39940394E-04 1.75523961E-39 1.00000000E-40 1.77798541E-11 6.33925008E-40 1.00000000E-40 6.19962487E-33 1.00000000E-40 3.37127837E-12 2.88977023E-13 5.99188425E-08 1.19448672E-09 4.67910291E-12 3.39940506E-07 2.01800307E-10 9.95496190E-22 1.59769857E-18 1.21924478E-06 2.57065779E-34 1.19450659E-23 3.07505553E-35 1.50548792E-40 6.32015582E-38 1.00000000E-40 1.07716917E-31 1.05507817E-33 6.22372238E-11 1.00000000E-40 1.00000000E-40 1.00000000E-40 1.00000000E-40 1.52856102E-39 2.60957216E-12 7.34229938E-31 6.41554019E-32 1.00000000E-40 1.00000000E-40 1.00000000E-40 1.51410202E-38 8.21642992E-29 1.00000000E-40 2.19237687E-38 1.19057698E-14 9.00356348E-30 2.07257365E-34 9.69147000E-16 1.00000000E-05 1.00000000E-05 1.00000000E-05 1.00000000E-05 1.00000000E-05 1.00000000E-05 1.00000000E-05 1.00000000E-05 1.00000000E-05 1.00000000E-05
8.35115000E+01 1.13788000E-05 7.23852900E+14 1.13857820E+02 1.00000000E+05 3.52155660E-10 1.00000000E-40 1.00000000E-40 1.00000000E-40 1.85977972E-11 1.00000000E-40 1.00000000E-40 1.00000000E-40 1.00000000E-40 1.00000000E-40 9.25052590E-07 3.16394895E-04 8.60745922E-11 4.33713395E-11 1.31787026E-04 1.47148077E-03 3.18180711E-03 3.16552639E-01 2.22333824E-16 7.14058773E-18 1.08936723E-40 1.00000000E-40 3.03252304E-39 1.59855581E-32 1.03152501E-23 2.73036715E-10 9.87156004E-20 1.51145118E-28 1.00000000E-40 6.47647637E-28 1.48359005E-14 5.24100909E-14 1.52411951E-05 1.48907536E-04 1.84839916E-39 1.00000000E-40 2.02881072E-11 6.53372357E-40 1.00000000E-40 4.96870572E-33 1.00000000E-40 3.37995992E-12 2.46100865E-13 7.04836365E-08 1.18308351E-09 3.95400809E-12 3.34991481E-07 2.24105504E-10 8.77725037E-22 1.50283825E-18 1.35211737E-06 2.72274668E-34 1.11681402E-23 3.24321809E-35 1.41155805E-40 6.62238004E-38 1.00000000E-40 1.04777874E-31 8.59119136E-34 6.75114108E-11 1.00000000E-40 1.00000000E-40 1.00000000E-40 1.00000000E-40 1.20374296E-39 2.46013787E-12 7.21168605E-31 5.32530706E-32 1.00000000E-40 1.00000000E-40 1.00000000E-40 1.57956954E-38 9.55094621E-29 1.00000000E-40 1.66341611E-38 1.02628758E-14 3.38640537E-30 1.95560525E-34 1.44684000E-15 1.00000000E-05 1.00000000E-05 1.00000000E-05 1.00000000E-05 1.00000000E-05 1.00000000E-05 1.00000000E-05 1.00000000E-05 1.00000000E-05 1.00000000E-05
8.46961000E+01 9.58692000E-06 6.10974642E+14 1.13650836E+02 1.00000000E+05 3.06833409E-10 1.00000000E-40 1.00000000E-40 1.00000000E-40 1.39054674E-11 1.00000000E-40 1.00000000E-40 1.00000000E-40 1.00000000E-40 1.00000000E-40 1.09151865E-06 3.40905859E-04 8.90397515E-11 4.84017913E-11 1.68367293E-04 1.73610836E-03 3.76724172E-03 3.42842990E-01 2.26594974E-16 6.57521600E-18 1.21683220E-40 1.00000000E-40 2.80487651E-39 1.43188695E-32 1.08386762E-23 3.42607440E-10 9.01934432E-20 1.33424345E-28 1.00000000E-40 6.38052211E-28 1.30774871E-14 4.87323850E-14 1.81218179E-05 1.58115544E-04 1.94481044E-39 1.00000000E-40 2.29184962E-11 6.74783915E-40 1.00000000E-40 3.99448140E-33 1.00000000E-40 3.37167871E-12 2.07697091E-13 8.27255563E-08 1.17170165E-09 3.30401028E-12 3.28717810E-07 2.46800230E-10 7.70211800E-22 1.41334501E-18 1.49505093E-06 2.87880538E-34 1.03882108E-23 3.41650681E-35 1.32051436E-40 6.93714916E-38 1.00000000E-40 1.02637860E-31 6.97495807E-34 7.31258838E-11 1.00000000E-40 1.00000000E-40 1.00000000E-40 1.00000000E-40 9.50536971E-40 2.30632134E-12 7.00531111E-31 4.39974004E-32 1.00000000E-40 1.00000000E-40 1.00000000E-40 1.64555623E-38 1.11224197E-28 1.00000000E-40 1.26898863E-38 8.82438328E-15 1.30254547E-30 1.84612001E-34 2.12394000E-15 1.00000000E-05 1.00000000E-05 1.00000000E-05 1.00000000E-05 1.00000000E-05 1.00000000E-05 1.00000000E-05 1.00000000E-05 1.00000000E-05 1.00000000E-05
8.58806000E+01 8.07909000E-06 5.15778574E+14 1.13452969E+02 1.00000000E+05 2.64501762E-10 1.00000000E-40 1.00000000E-40 1.00000000E-40 1.02830319E-11 1.00000000E-40 1.00000000E-40 1.00000000E-40 1.00000000E-40 1.00000000E-40 1.27960130E-06 3.66844161E-04 9.17348698E-11 5.38073966E-11 2.14209000E-04 2.04413736E-03 4.45258054E-03 3.70966621E-01 2.29453658E-16 5.97601042E-18 1.35857734E-40 1.00000000E-40 2.72433310E-39 1.28555781E-32 1.13747862E-23 4.26427609E-10 8.16128473E-20 1.15627424E-28 1.00000000E-40 6.23794531E-28 1.14060487E-14 4.50513042E-14 2.14408987E-05 1.67508110E-04 2.04289066E-39 1.00000000E-40 2.56361332E-11 6.97951302E-40 1.00000000E-40 3.22222848E-33 1.00000000E-40 3.34637363E-12 1.73688498E-13 9.67885865E-08 1.15990286E-09 2.72883483E-12 3.21238357E-07 2.69796105E-10 6.72246769E-22 1.32791786E-18 1.64813438E-06 3.03774305E-34 9.61528262E-24 3.60005876E-35 1.23213180E-40 7.26513531E-38 1.00000000E-40 1.01141457E-31 5.64166797E-34 7.91112741E-11 1.00000000E-40 1.00000000E-40 1.00000000E-40 1.00000000E-40 7.53718933E-40 2.14900134E-12 6.73467013E-31 3.61707132E-32 1.00000000E-40 1.00000000E-40 1.00000000E-40 1.71554864E-38 1.29772512E-28 1.00000000E-40 9.71430506E-39 7.56079168E-15 5.16298423E-31 1.74310461E-34 3.06721000E-15 1.00000000E-05 1.00000000E-05 1.00000000E-05 1.00000000E-05 1.00000000E-05 1.00000000E-05 1.00000000E-05 1.00000000E-05 1.00000000E-05 1.00000000E-05
8.70652000E+01 6.81013000E-06 4.35588141E+14 1.13239012E+02 1.00000000E+05 2.25548995E-10 1.00000000E-40 1.00000000E-40 1.00000000E-40 7.52007255E-12 1.00000000E-40 1.00000000E-40 1.00000000E-40 1.00000000E-40 1.00000000E-40 1.49055992E-06 3.94112624E-04 9.37113175E-11 5.95667541E-11 2.71317026E-04 2.40135493E-03 5.25215011E-03 4.00915229E-01 2.30619680E-16 5.36158634E-18 1.51528591E-40 1.00000000E-40 3.09847296E-39 1.15646404E-32 1.19180908E-23 5.26385980E-10 7.31654853E-20 9.84743550E-29 2.14703181E-34 6.04760243E-28 9.84912263E-15 4.14165154E-14 2.52369584E-05 1.76998196E-04 2.14431454E-39 1.00000000E-40 2.83954788E-11 7.22738528E-40 1.00000000E-40 2.61153107E-33 1.00000000E-40 3.30489239E-12 1.44015364E-13 1.12918401E-07 1.14640037E-09 2.23021659E-12 3.12642197E-07 2.92818096E-10 5.83160400E-22 1.24429436E-18 1.81107904E-06 3.19764073E-34 8.85719250E-24 3.78709144E-35 1.14646874E-40 7.60588003E-38 1.00000000E-40 1.00129590E-31 4.54605661E-34 8.53224198E-11 1.00000000E-40 1.00000000E-40 1.00000000E-40 1.00000000E-40 5.99704021E-40 1.99240866E-12 6.41308627E-31 2.95949564E-32 1.00000000E-40 1.00000000E-40 1.00000000E-40 1.78409405E-38 1.51682214E-28 1.00000000E-40 7.46507603E-39 6.45804807E-15 2.09955029E-31 1.64360413E-34 4.35767000E-15 1.00000000E-05 1.00000000E-05 1.00000000E-05 1.00000000E-05 1.00000000E-05 1.00000000E-05 1.00000000E-05 1.00000000E-05 1.00000000E-05 1.00000000E-05
8.82497000E+01 5.74207000E-06 3.67946250E+14 1.13031846E+02 1.00000000E+05 1.90222212E-10 1.00000000E-40 1.00000000E-40 1.00000000E-40 5.43718113E-12 1.00000000E-40 1.00000000E-40 1.00000000E-40 1.00000000E-40 1.00000000E-40 1.72603079E-06 4.22686118E-04 9.53365816E-11 6.56589110E-11 3.42285943E-04 2.81431100E-03 6.18256060E-03 4.32707080E-01 2.30304179E-16 4.75028924E-18 1.68804833E-40 1.00000000E-40 5.44608696E-39 1.04109547E-32 1.24637245E-23 6.45061145E-10 6.49865741E-20 8.24244970E-29 3.68168863E-34 5.81039678E-28 8.40357102E-15 3.78441144E-14 2.95625340E-05 1.86494222E-04 2.24641434E-39 1.00000000E-40 3.11494778E-11 7.48631494E-40 1.00000000E-40 2.12698975E-33 1.00000000E-40 3.24658704E-12 1.18322813E-13 1.31205985E-07 1.13107731E-09 1.80187296E-12 3.03077793E-07 3.15947591E-10 5.02577818E-22 1.16211926E-18 1.98365124E-06 3.35660188E-34 8.12222794E-24 3.98429211E-35 1.06296088E-40 7.95976521E-38 1.00000000E-40 9.94687264E-32 3.64404442E-34 9.18097508E-11 1.00000000E-40 1.00000000E-40 1.00000000E-40 1.00000000E-40 4.79783787E-40 1.83568903E-12 6.05257243E-31 2.40890281E-32 1.00000000E-40 1.00000000E-40 1.00000000E-40 1.85610388E-38 1.77585192E-28 1.00000000E-40 5.74322756E-39 5.48987686E-15 7.85261193E-32 1.54724637E-34 6.09034000E-15 1.00000000E-05 1.00000000E-05 1.00000000E-05 1.00000000E-05 1.00000000E-05 1.00000000E-05 1.00000000E-05 1.00000000E-05 1.00000000E-05 1.00000000E-05
8.94343000E+01 4.84297000E-06 3.10917878E+14 1.12819144E+02 1.00000000E+05 1.58647540E-10 1.00000000E-40 1.00000000E-40 1.00000000E-40 3.88648237E-12 1.00000000E-40 1.00000000E-40 1.00000000E-40 1.00000000E-40 1.00000000E-40 1.98728138E-06 4.52430931E-04 9.64282486E-11 7.20458361E-11 4.30096995E-04 3.28982426E-03 7.26148946E-03 4.66287633E-01 2.28400727E-16 4.15651745E-18 1.87731805E-40 3.86331285E-40 1.61186873E-38 9.37442004E-33 1.30039016E-23 7.84857522E-10 5.71860974E-20 6.78357164E-29 1.00000000E-40 5.52803565E-28 7.08180192E-15 3.43627104E-14 3.44585668E-05 1.95877748E-04 2.35112579E-39 1.00000000E-40 3.38426492E-11 7.75192594E-40 1.00000000E-40 1.74286485E-33 1.00000000E-40 3.17204566E-12 9.63171881E-14 1.51823031E-07 1.11321244E-09 1.44035046E-12 2.92668326E-07 3.39117193E-10 4.30084133E-22 1.08038442E-18 2.16523495E-06 3.51189523E-34 7.41647758E-24 4.18750813E-35 1.00000000E-40 8.32620463E-38 1.00000000E-40 9.90227622E-32 2.90402868E-34 9.84622387E-11 1.00000000E-40 1.00000000E-40 1.00000000E-40 1.00000000E-40 3.86142102E-40 1.68101230E-12 5.66539233E-31 1.95073322E-32 1.00000000E-40 1.00000000E-40 1.00000000E-40 1.92852761E-38 2.08180344E-28 1.00000000E-40 4.42138098E-39 4.64328651E-15 2.51777293E-32 1.45241486E-34 8.37370000E-15 1.00000000E-05 1.00000000E-05 1.00000000E-05 1.00000000E-05 1.00000000E-05 1.00000000E-05 1.00000000E-05 1.00000000E-05 1.00000000E-05 1.00000000E-05
9.06189000E+01 4.08600000E-06 2.62811066E+14 1.12608567E+02 1.00000000E+05 1.30805246E-10 1.00000000E-40 1.00000000E-40 1.00000000E-40 2.74573460E-12 1.00000000E-40 1.00000000E-40 1.00000000E-40 1.00000000E-40 1.00000000E-40 2.27574519E-06 4.83221279E-04 9.71181649E-11 7.86793821E-11 5.38415362E-04 3.83526089E-03 8.50859338E-03 5.01587968E-01 2.25015324E-16 3.59245209E-18 2.08365795E-40 1.77149980E-39 6.00368563E-38 8.43751710E-33 1.35299464E-23 9.48685072E-10 4.98523012E-20 5.48958262E-29 1.00000000E-40 5.20402274E-28 5.88764066E-15 3.09931515E-14 3.99714351E-05 2.05015587E-04 2.46554820E-39 1.00000000E-40 3.64174803E-11 8.01850541E-40 1.00000000E-40 1.43851981E-33 1.00000000E-40 3.08160131E-12 7.76463233E-14 1.74823527E-07 1.09249433E-09 1.13878991E-12 2.81558361E-07 3.62472963E-10 3.65289574E-22 9.98782335E-19 2.35508959E-06 3.66043676E-34 6.74520260E-24 4.39763317E-35 1.00000000E-40 8.70479952E-38 1.00000000E-40 9.86689922E-32 2.29826641E-34 1.05239781E-10 1.00000000E-40 1.00000000E-40 1.00000000E-40 1.00000000E-40 3.13516023E-40 1.52902131E-12 5.26270164E-31 1.57138474E-32 1.15391650E-40 1.00000000E-40 1.00000000E-40 2.00233681E-38 2.44245751E-28 1.00000000E-40 3.40106576E-39 3.90298870E-15 4.65084957E-33 1.35855231E-34 1.13298000E-14 1.00000000E-05 1.00000000E-05 1.00000000E-05 1.00000000E-05 1.00000000E-05 1.00000000E-05 1.00000000E-05 1.00000000E-05 1.00000000E-05 1.00000000E-05
9.18034000E+01 3.44859000E-06 2.22230689E+14 1.12396878E+02 1.00000000E+05 1.06589469E-10 1.00000000E-40 1.00000000E-40 1.00000000E-40 1.91691013E-12 1.00000000E-40 1.00000000E-40 1.00000000E-40 1.00000000E-40 1.00000000E-40 2.59280539E-06 5.14882870E-04 9.73678355E-11 8.54996686E-11 6.71561071E-04 4.45827957E-03 9.94497771E-03 5.38485882E-01 2.20190634E-16 3.06724215E-18 2.30735499E-40 7.72704823E-39 2.33129324E-37 7.58838887E-33 1.40309873E-23 1.13950805E-09 4.30508514E-20 4.36964211E-29 1.00000000E-40 4.84326520E-28 4.82634914E-15 2.77594530E-14 4.61393649E-05 2.13755726E-04 2.62394297E-39 1.00000000E-40 3.88128593E-11 8.28047398E-40 1.00000000E-40 1.19833811E-33 1.00000000E-40 2.97633566E-12 6.19765523E-14 2.00242637E-07 1.06844391E-09 8.90627973E-13 2.69885139E-07 3.86173040E-10 3.07775195E-22 9.17032894E-19 2.55217497E-06 3.79846960E-34 6.11208897E-24 4.61130481E-35 1.00000000E-40 9.09470196E-38 1.00000000E-40 9.82891639E-32 1.80503210E-34 1.12032780E-10 1.02495242E-40 1.00000000E-40 1.00000000E-40 1.43309107E-40 2.58360009E-40 1.38116939E-12 4.85454541E-31 1.25921453E-32 5.83393339E-40 1.00000000E-40 1.00000000E-40 2.07567964E-38 2.86600231E-28 1.00000000E-40 2.61231120E-39 3.25821215E-15 7.85050819E-33 1.26513910E-34 1.50964000E-14 1.00000000E-05 1.00000000E-05 1.00000000E-05 1.00000000E-05 1.00000000E-05 1.00000000E-05 1.00000000E-05 1.00000000E-05 1.00000000E-05 1.00000000E-05
9.29880000E+01 2.91177000E-06 1.88008697E+14 1.12174940E+02 1.00000000E+05 8.57939883E-11 1.00000000E-40 1.00000000E-40 1.00000000E-40 1.32195401E-12 1.00000000E-40 1.00000000E-40 1.00000000E-40 1.00000000E-40 1.00000000E-40 2.93922820E-06 5.47100342E-04 9.70154142E-11 9.24070295E-11 8.34580313E-04 5.16620265E-03 1.15919772E-02 5.76755381E-01 2.13861127E-16 2.58638504E-18 2.54876551E-40 3.29581307E-38 9.07596268E-37 6.81775804E-33 1.44924308E-23 1.36032150E-09 3.68147527E-20 3.42067190E-29 9.57173886E-34 4.45183510E-28 3.89886553E-15 2.46760672E-14 5.29889373E-05 2.21909776E-04 2.96123547E-39 1.00000000E-40 4.09626716E-11 8.53202050E-40 1.00000000E-40 1.00996119E-33 1.00000000E-40 2.85678937E-12 4.89660245E-14 2.28074002E-07 1.04040918E-09 6.89239793E-13 2.57759952E-07 4.10406748E-10 2.57076414E-22 8.34850198E-19 2.75491324E-06 3.92121582E-34 5.51901509E-24 4.81969094E-35 1.00000000E-40 9.49385834E-38 1.00000000E-40 9.77633955E-32 1.40578544E-34 1.18663599E-10 4.20213824E-40 1.00000000E-40 1.00000000E-40 7.35715387E-40 2.20392215E-40 1.23872162E-12 4.44926965E-31 1.00369979E-32 2.95400389E-39 1.00000000E-40 1.00000000E-40 2.14352671E-38 3.36033012E-28 1.00000000E-40 2.00257838E-39 2.69899678E-15 1.54303477E-32 1.17165535E-34 1.98335000E-14 1.00000000E-05 1.00000000E-05 1.00000000E-05 1.00000000E-05 1.00000000E-05 1.00000000E-05 1.00000000E-05 1.00000000E-05 1.00000000E-05 1.00000000E-05
9.41725000E+01 2.45958000E-06 1.59101506E+14 1.11970439E+02 1.00000000E+05 6.81729299E-11 1.00000000E-40 1.00000000E-40 1.00000000E-40 9.00394627E-13 1.00000000E-40 1.00000000E-40 1.00000000E-40 1.00000000E-40 1.00000000E-40 3.31751377E-06 5.79791640E-04 9.65860686E-11 9.93556114E-11 1.03399440E-03 5.96759064E-03 1.34752831E-02 6.16260365E-01 2.06482748E-16 2.15496695E-18 2.81038675E-40 1.38700795E-37 3.51349159E-36 6.11855697E-33 1.49017823E-23 1.61548367E-09 3.11756448E-20 2.63325861E-29 1.00000000E-40 4.03819321E-28 3.09951218E-15 2.17614575E-14 6.05629028E-05 2.29315753E-04 3.97638799E-39 1.00000000E-40 4.28127329E-11 8.76600493E-40 1.00000000E-40 8.62824259E-34 1.00000000E-40 2.72469378E-12 3.82666895E-14 2.57980979E-07 1.00891325E-09 5.27007198E-13 2.45354770E-07 4.35779701E-10 2.12833317E-22 7.53355043E-19 2.96209902E-06 4.02428041E-34 4.96804846E-24 5.03041692E-35 1.00000000E-40 9.90222926E-38 1.00000000E-40 9.70028102E-32 1.08413746E-34 1.25184742E-10 1.71158696E-39 1.00000000E-40 1.00000000E-40 3.73245397E-39 2.08917596E-40 1.10152090E-12 4.05360819E-31 7.95752948E-33 1.47091786E-38 1.00000000E-40 1.00000000E-40 2.21235132E-38 3.93362986E-28 1.00000000E-40 1.52957798E-39 2.21496105E-15 1.84700769E-32 1.07896700E-34 2.57372000E-14 1.00000000E-05 1.00000000E-05 1.00000000E-05 1.00000000E-05 1.00000000E-05 1.00000000E-05 1.00000000E-05 1.00000000E-05 1.00000000E-05 1.00000000E-05
9.53571000E+01 2.07861000E-06 1.34751217E+14 1.11726716E+02 1.00000000E+05 5.34497279E-11 1.00000000E-40 1.00000000E-40 1.00000000E-40 6.05516219E-13 1.00000000E-40 1.00000000E-40 1.00000000E-40 1.00000000E-40 1.00000000E-40 3.72681095E-06 6.12297874E-04 9.50704123E-11 1.06166859E-10 1.27629250E-03 6.86782686E-03 1.56141274E-02 6.56490722E-01 1.97523524E-16 1.77244459E-18 3.09818688E-40 5.66698305E-37 1.32468688E-35 5.49093092E-33 1.52351782E-23 1.90652531E-09 2.61165389E-20 1.99288079E-29 1.00000000E-40 3.60997707E-28 2.42749760E-15 1.90256245E-14 6.88234411E-05 2.35726093E-04 7.45252191E-39 1.00000000E-40 4.42874321E-11 8.97876475E-40 1.00000000E-40 7.49975744E-34 1.00000000E-40 2.58109227E-12 2.95909122E-14 2.90089604E-07 9.72318831E-10 3.99093618E-13 2.32705475E-07 4.62234586E-10 1.74443604E-22 6.71723829E-19 3.17072094E-06 4.10044470E-34 4.45742520E-24 5.20978215E-35 1.00000000E-40 1.03143475E-37 1.00000000E-40 9.58764545E-32 8.28449324E-35 1.31049147E-10 6.77913650E-39 1.00000000E-40 1.00000000E-40 1.79599092E-38 2.59918557E-40 9.72445653E-13 3.67263879E-31 6.27656999E-33 6.96205752E-38 1.00000000E-40 1.00000000E-40 2.26123525E-38 4.59076929E-28 1.00000000E-40 1.16715269E-39 1.80172466E-15 1.27885710E-32 9.86092536E-35 3.30657000E-14 1.00000000E-05 1.00000000E-05 1.00000000E-05 1.00000000E-05 1.00000000E-05 1.00000000E-05 1.00000000E-05 1.00000000E-05 1.00000000E-05 1.00000000E-05
9.65417000E+01 1.75757000E-06 1.14160916E+14 1.11509509E+02 1.00000000E+05 4.12685513E-11 1.00000000E-40 1.00000000E-40 1.00000000E-40 4.01855527E-13 1.00000000E-40 1.00000000E-40 1.00000000E-40 1.00000000E-40 1.00000000E-40 4.17042649E-06 6.44539793E-04 9.36319063E-11 1.12801520E-10 1.57141705E-03 7.87463247E-03 1.80365545E-02 6.97232822E-01 1.87758451E-16 1.43959094E-18 3.44012336E-40 2.18575141E-36 4.72033497E-35 4.94510824E-33 1.54764457E-23 2.24002133E-09 2.16311916E-20 1.48046515E-29 1.00000000E-40 3.17777168E-28 1.86690596E-15 1.64692073E-14 7.78097562E-05 2.40957647E-04 1.89866918E-38 1.00000000E-40 4.53457385E-11 9.16330183E-40 1.00000000E-40 6.63485560E-34 1.00000000E-40 2.42673476E-12 2.25991074E-14 3.23504491E-07 9.32360097E-10 2.98320947E-13 2.19984807E-07 4.90908334E-10 1.41578520E-22 5.92230446E-19 3.37913352E-06 4.14432795E-34 3.98735957E-24 5.37841938E-35 1.00000000E-40 1.07299760E-37 1.00000000E-40 9.43171789E-32 6.25168126E-35 1.36555755E-10 2.53613329E-38 1.00000000E-40 1.00000000E-40 7.93144685E-38 4.87340847E-40 8.49298374E-13 3.30953444E-31 4.92203261E-33 3.04286658E-37 1.00000000E-40 1.00000000E-40 2.30659313E-38 5.33671765E-28 1.00000000E-40 8.89859372E-40 1.44794726E-15 1.09150326E-32 8.94491465E-35 4.21947000E-14 1.00000000E-05 1.00000000E-05 1.00000000E-05 1.00000000E-05 1.00000000E-05 1.00000000E-05 1.00000000E-05 1.00000000E-05 1.00000000E-05 1.00000000E-05
9.77262000E+01 1.48698000E-06 9.67898069E+13 1.11273621E+02 1.00000000E+05 3.13703955E-11 1.00000000E-40 1.00000000E-40 1.00000000E-40 2.63312732E-13 1.00000000E-40 1.00000000E-40 1.00000000E-40 1.00000000E-40 1.00000000E-40 4.64837866E-06 6.75888192E-04 9.16063470E-11 1.19122291E-10 1.92951833E-03 8.99127288E-03 2.07617745E-02 7.37871906E-01 1.76904990E-16 1.15371804E-18 3.91540513E-40 7.75917418E-36 1.54874681E-34 4.52988317E-33 1.55980870E-23 2.61790095E-09 1.76830881E-20 1.07898364E-29 1.00000000E-40 2.75072838E-28 1.41006247E-15 1.40980593E-14 8.74354236E-05 2.44783371E-04 5.41315648E-38 1.00000000E-40 4.59294412E-11 9.32270446E-40 1.00000000E-40 5.98926823E-34 1.00000000E-40 2.26333681E-12 1.70375922E-14 3.58071016E-07 8.88497822E-10 2.20799754E-13 2.07233813E-07 5.22019158E-10 1.13704169E-22 5.15175300E-19 3.58376542E-06 4.14784420E-34 3.55475975E-24 5.50682927E-35 1.00000000E-40 1.11431817E-37 1.00000000E-40 9.22171922E-32 4.65902701E-35 1.41249951E-10 8.72415840E-38 1.00000000E-40 1.00000000E-40 3.15002342E-37 1.18705930E-39 7.33982368E-13 2.96654460E-31 3.83858415E-33 1.20538653E-36 1.00000000E-40 1.00000000E-40 2.33139419E-38 6.17086005E-28 1.00000000E-40 6.87600882E-40 1.14999439E-15 1.18458380E-32 8.03916685E-35 5.37409000E-14 1.00000000E-05 1.00000000E-05 1.00000000E-05 1.00000000E-05 1.00000000E-05 1.00000000E-05 1.00000000E-05 1.00000000E-05 1.00000000E-05 1.00000000E-05
9.89108000E+01 1.25886000E-06 8.21174413E+13 1.11034705E+02 1.00000000E+05 2.34165905E-11 1.00000000E-40 1.00000000E-40 1.00000000E-40 1.70235749E-13 1.00000000E-40 1.00000000E-40 1.00000000E-40 1.00000000E-40 1.00000000E-40 5.16176205E-06 7.05837677E-04 8.92295461E-11 1.25019530E-10 2.36427305E-03 1.02192718E-02 2.38093542E-02 7.77824898E-01 1.65175613E-16 9.11659875E-19 4.73937496E-40 2.49575586E-35 4.60226754E-34 4.37578226E-33 1.55735187E-23 3.04519288E-09 1.42417030E-20 7.69758603E-30 1.79089745E-32 2.33853339E-28 1.04370790E-15 1.19103077E-14 9.76283372E-05 2.46992898E-04 1.49823053E-37 1.88748918E-40 4.60019418E-11 9.47356193E-40 1.00000000E-40 5.52672995E-34 1.00000000E-40 2.09157296E-12 1.26592641E-14 3.93016382E-07 8.41517789E-10 1.61678157E-13 1.94529937E-07 5.56468209E-10 9.03469468E-23 4.41829150E-19 3.78118872E-06 4.10335792E-34 3.15677028E-24 5.58922194E-35 1.00000000E-40 1.15490895E-37 1.00000000E-40 8.94959645E-32 3.42004945E-35 1.45078491E-10 2.71544034E-37 1.00000000E-40 1.00000000E-40 1.11649050E-36 3.01106366E-39 6.26147130E-13 2.64579289E-31 2.97558439E-33 4.29140774E-36 1.00000000E-40 1.00000000E-40 2.33525533E-38 7.08881040E-28 1.00000000E-40 5.57297946E-40 9.00830996E-16 1.35476798E-32 7.14908135E-35 6.88593000E-14 1.00000000E-05 1.00000000E-05 1.00000000E-05 1.00000000E-05 1.00000000E-05 1.00000000E-05 1.00000000E-05 1.00000000E-05 1.00000000E-05 1.00000000E-05
1.00095000E+02 1.06648000E-06 6.97079879E+13 1.10812024E+02 1.00000000E+05 1.71253755E-11 1.00000000E-40 1.00000000E-40 1.00000000E-40 1.08604395E-13 1.00000000E-40 1.00000000E-40 1.00000000E-40 1.00000000E-40 1.00000000E-40 5.71425894E-06 7.34148530E-04 8.68713351E-11 1.30517052E-10 2.89404584E-03 1.15590700E-02 2.72018647E-02 8.16611292E-01 1.52937319E-16 7.10085178E-19 6.40997559E-40 7.22056145E-35 1.22839461E-33 4.77078447E-33 1.53791333E-23 3.52819212E-09 1.12761495E-20 5.34549069E-30 1.00000000E-40 1.95048759E-28 7.55265038E-16 9.90941169E-15 1.08283704E-04 2.47470046E-04 3.79737488E-37 5.05328311E-40 4.55534590E-11 9.66117721E-40 1.00000000E-40 5.23098054E-34 1.00000000E-40 1.91354335E-12 9.25316645E-15 4.27516189E-07 7.92836245E-10 1.17029025E-13 1.81979810E-07 5.95371769E-10 7.10843299E-23 3.73831639E-19 3.96848167E-06 4.00432561E-34 2.79059710E-24 5.62709286E-35 1.00000000E-40 1.19447435E-37 1.00000000E-40 8.61024097E-32 2.46617790E-35 1.48135523E-10 7.58474589E-37 1.00000000E-40 1.00000000E-40 3.52850756E-36 7.14752641E-39 5.25757743E-13 2.35007533E-31 2.29350154E-33 1.36957240E-35 1.00000000E-40 1.00000000E-40 2.32205177E-38 8.08263665E-28 1.00000000E-40 5.06021106E-40 6.95126343E-16 1.39027509E-32 6.28277373E-35 8.99078000E-14 1.00000000E-05 1.00000000E-05 1.00000000E-05 1.00000000E-05 1.00000000E-05 1.00000000E-05 1.00000000E-05 1.00000000E-05 1.00000000E-05 1.00000000E-05
1.01280000E+02 9.04203000E-07 5.92390986E+13 1.10553939E+02 1.00000000E+05 1.22468205E-11 1.00000000E-40 1.00000000E-40 1.00000000E-40 6.83527794E-14 1.00000000E-40 1.00000000E-40 1.00000000E-40 1.00000000E-40 1.00000000E-40 6.30287789E-06 7.59792034E-04 8.37790080E-11 1.35420798E-10 3.53972181E-03 1.29985668E-02 3.09384216E-02 8.53163914E-01 1.39803820E-16 5.43915544E-19 9.89688889E-40 1.87445063E-34 2.93470417E-33 6.23699263E-33 1.49813550E-23 4.06900317E-09 8.74235837E-21 3.61538296E-30 1.00000000E-40 1.59339269E-28 5.33340157E-16 8.09035421E-15 1.19141888E-04 2.46027564E-04 8.66502196E-37 1.20825851E-39 4.45639364E-11 9.97544850E-40 1.00000000E-40 5.11373445E-34 1.64634785E-40 1.72944413E-12 6.64128385E-15 4.61382095E-07 7.42232059E-10 8.41140044E-14 1.69563348E-07 6.39422041E-10 5.53739043E-23 3.11349754E-19 4.13995783E-06 3.84261844E-34 2.45137086E-24 5.57993461E-35 1.00000000E-40 1.23189442E-37 1.00000000E-40 8.19466554E-32 1.74315766E-35 1.49937556E-10 1.89445512E-36 1.00000000E-40 1.00000000E-40 9.95341140E-36 1.53397396E-38 4.33765080E-13 2.08317013E-31 1.75851540E-33 3.91824146E-35 1.00000000E-40 1.00000000E-40 2.26984804E-38 9.13331992E-28 1.00000000E-40 5.46805283E-40 5.28067897E-16 1.01812631E-32 5.43823377E-35 1.21736000E-13 1.00000000E-05 1.00000000E-05 1.00000000E-05 1.00000000E-05 1.00000000E-05 1.00000000E-05 1.00000000E-05 1.00000000E-05 1.00000000E-05 1.00000000E-05
1.02464000E+02 7.67278000E-07 5.03710886E+13 1.10328605E+02 1.00000000E+05 8.50163703E-12 1.00000000E-40 1.00000000E-40 1.00000000E-40 4.23682588E-14 1.00000000E-40 1.00000000E-40 1.00000000E-40 1.00000000E-40 1.00000000E-40 6.93286608E-06 7.82753282E-04 8.09198836E-11 1.39853460E-10 4.33518300E-03 1.45272049E-02 3.50354088E-02 8.87050056E-01 1.26457203E-16 4.09395490E-19 1.68686869E-39 4.37106532E-34 6.27247102E-33 9.54066022E-33 1.43667951E-23 4.68296535E-09 6.62138037E-21 2.39339875E-30 1.00000000E-40 1.27374729E-28 3.65650407E-16 6.45861666E-15 1.30067198E-04 2.42647638E-04 1.76500161E-36 2.57441145E-39 4.30810184E-11 1.05501478E-39 1.05194998E-40 5.19576088E-34 3.48076982E-40 1.54123752E-12 4.66452128E-15 4.93240650E-07 6.91876014E-10 5.97068237E-14 1.57406305E-07 6.91072780E-10 4.28179080E-23 2.55942113E-19 4.29302998E-06 3.61611747E-34 2.13674889E-24 5.47373057E-35 1.00000000E-40 1.26698871E-37 1.00000000E-40 7.70299865E-32 1.20022073E-35 1.51072020E-10 4.23621883E-36 1.00000000E-40 1.00000000E-40 2.51759466E-35 2.94170622E-38 3.49553360E-13 1.85083678E-31 1.34423330E-33 1.00729837E-34 1.00000000E-40 1.00000000E-40 2.19808918E-38 1.02226735E-27 1.00000000E-40 6.83011489E-40 3.93736565E-16 6.82253126E-33 4.62750171E-35 1.73767000E-13 1.00000000E-05 1.00000000E-05 1.00000000E-05 1.00000000E-05 1.00000000E-05 1.00000000E-05 1.00000000E-05 1.00000000E-05 1.00000000E-05 1.00000000E-05
1.03649000E+02 6.51701000E-07 4.28804621E+13 1.10079297E+02 1.00000000E+05 5.71517675E-12 1.00000000E-40 1.00000000E-40 1.00000000E-40 2.58564256E-14 1.00000000E-40 1.00000000E-40 1.00000000E-40 1.00000000E-40 1.00000000E-40 7.59952453E-06 8.02083677E-04 7.76497699E-11 1.43606991E-10 5.31944819E-03 1.61139530E-02 3.94714476E-02 9.17118065E-01 1.12625886E-16 3.01916388E-19 2.96164799E-39 9.17316267E-34 1.20000878E-32 1.55222589E-32 1.35201894E-23 5.38034355E-09 4.88321731E-21 1.52369470E-30 1.38137671E-32 9.94760006E-29 2.42619814E-16 5.01971359E-15 1.40723779E-04 2.37244437E-04 3.21448605E-36 4.90937312E-39 4.11413120E-11 1.15401718E-39 1.33236504E-40 5.51393935E-34 6.55227762E-40 1.35046089E-12 3.19703639E-15 5.22971569E-07 6.41388677E-10 4.21132684E-14 1.45495902E-07 7.52501475E-10 3.29120594E-23 2.07294669E-19 4.42177261E-06 3.32412214E-34 1.84310893E-24 5.27321818E-35 1.00000000E-40 1.29854685E-37 1.00000000E-40 7.13213913E-32 8.02132595E-36 1.51163929E-10 8.49380940E-36 1.00000000E-40 1.00000000E-40 5.72632109E-35 5.03149827E-38 2.74471606E-13 1.65804969E-31 1.02992741E-33 2.33202208E-34 1.00000000E-40 1.00000000E-40 2.08762476E-38 1.13192276E-27 1.00000000E-40 8.95831434E-40 2.87848720E-16 4.79512075E-33 3.85379710E-35 2.62761000E-13 1.00000000E-05 1.00000000E-05 1.00000000E-05 1.00000000E-05 1.00000000E-05 1.00000000E-05 1.00000000E-05 1.00000000E-05 1.00000000E-05 1.00000000E-05
1.04834000E+02 5.54103000E-07 3.65374628E+13 1.09842101E+02 1.00000000E+05 3.67477304E-12 1.00000000E-40 1.00000000E-40 1.00000000E-40 1.54765519E-14 1.00000000E-40 1.00000000E-40 1.00000000E-40 1.00000000E-40 1.00000000E-40 8.30092754E-06 8.17454680E-04 7.44052481E-11 1.46518260E-10 6.54771413E-03 1.77204003E-02 4.42262915E-02 9.42636788E-01 9.87304953E-17 2.17685010E-19 5.07788325E-39 1.73820079E-33 2.05922578E-32 2.47099398E-32 1.24533539E-23 6.19161112E-09 3.50962480E-21 9.18066577E-31 1.55463792E-33 7.58109109E-29 1.55062568E-16 3.78551699E-15 1.50939154E-04 2.29775149E-04 5.24439905E-36 8.42733836E-39 3.88318556E-11 1.30536625E-39 1.78033973E-40 6.07960859E-34 1.09929301E-39 1.16018568E-12 2.13132006E-15 5.49091284E-07 5.91142012E-10 2.93902154E-14 1.33907363E-07 8.28639916E-10 2.52151005E-23 1.65427856E-19 4.52239089E-06 2.97451608E-34 1.56930258E-24 4.99434792E-35 1.00000000E-40 1.32594088E-37 1.00000000E-40 6.48754515E-32 5.16943674E-36 1.50536670E-10 1.53546652E-35 1.00000000E-40 1.00000000E-40 1.17681161E-34 7.67370944E-38 2.09046452E-13 1.50731663E-31 7.98554383E-34 4.87823623E-34 1.00000000E-40 1.00000000E-40 1.94978070E-38 1.23912725E-27 1.00000000E-40 1.13085053E-39 2.05499387E-16 4.13392407E-33 3.13013497E-35 4.15812000E-13 1.00000000E-05 1.00000000E-05 1.00000000E-05 1.00000000E-05 1.00000000E-05 1.00000000E-05 1.00000000E-05 1.00000000E-05 1.00000000E-05 1.00000000E-05
1.06018000E+02 4.71639000E-07 3.11629877E+13 1.09619379E+02 1.00000000E+05 2.23039934E-12 1.00000000E-40 1.00000000E-40 1.00000000E-40 9.05349055E-15 1.00000000E-40 1.00000000E-40 1.00000000E-40 1.00000000E-40 1.00000000E-40 9.03140526E-06 8.28575224E-04 7.13164662E-11 1.48255265E-10 8.08671990E-03 1.92937158E-02 4.92599974E-02 9.62885293E-01 8.50907022E-17 1.53167644E-19 8.25095894E-39 2.98555561E-33 3.18072645E-32 3.68372384E-32 1.12013751E-23 7.16054230E-09 2.47051379E-21 5.75095442E-31 4.67876964E-34 5.63172063E-29 9.51591620E-17 2.76595809E-15 1.60573982E-04 2.20201559E-04 7.71208324E-36 1.31527711E-38 3.62552515E-11 1.50644000E-39 2.45040625E-40 6.85724413E-34 1.64828854E-39 9.75156369E-13 1.37901444E-15 5.70075406E-07 5.40595054E-10 2.02666703E-14 1.22714533E-07 9.27047928E-10 1.93091443E-23 1.29847353E-19 4.59127971E-06 2.58267900E-34 1.31555472E-24 4.64766589E-35 1.00000000E-40 1.34850953E-37 1.00000000E-40 5.78051444E-32 3.19785773E-36 1.49246251E-10 2.52082958E-35 1.00000000E-40 1.00000000E-40 2.19525531E-34 1.04623812E-37 1.54179029E-13 1.39473734E-31 6.35557540E-34 9.25397536E-34 1.00000000E-40 1.00000000E-40 1.79021914E-38 1.34038853E-27 1.00000000E-40 1.31249165E-39 1.42757917E-16 4.05281762E-33 2.47081091E-35 6.72942000E-13 1.00000000E-05 1.00000000E-05 1.00000000E-05 1.00000000E-05 1.00000000E-05 1.00000000E-05 1.00000000E-05 1.00000000E-05 1.00000000E-05 1.00000000E-05
1.07203000E+02 4.01911000E-07 2.66106804E+13 1.09393276E+02 1.00000000E+05 1.25126661E-12 1.00000000E-40 1.00000000E-40 1.00000000E-40 5.14612156E-15 1.00000000E-40 1.00000000E-40 1.00000000E-40 1.00000000E-40 1.00000000E-40 9.77721120E-06 8.34979237E-04 6.82220468E-11 1.48178328E-10 1.00079707E-02 2.07638009E-02 5.44980102E-02 9.77036975E-01 7.19503643E-17 1.04996757E-19 1.25332861E-38 4.67114932E-33 4.44751607E-32 5.06062872E-32 9.82180920E-24 8.34933717E-09 1.72144055E-21 3.43360536E-31 1.00000000E-40 4.07339654E-29 5.60141618E-17 1.95966807E-15 1.69540087E-04 2.08433367E-04 1.03371321E-35 1.89566164E-38 3.35121328E-11 1.73559609E-39 3.37400325E-40 7.74759879E-34 2.22049700E-39 8.00568098E-13 8.65559082E-16 5.83889659E-07 4.88472839E-10 1.37995797E-14 1.11982225E-07 1.06004806E-09 1.48083148E-23 9.97379247E-20 4.62451822E-06 2.17038851E-34 1.08333939E-24 4.24075752E-35 1.00000000E-40 1.36537048E-37 1.00000000E-40 5.02911984E-32 1.89426702E-36 1.47011619E-10 3.79621374E-35 1.00000000E-40 1.00000000E-40 3.73576984E-34 1.28200694E-37 1.10273137E-13 1.30951337E-31 5.26443214E-34 1.59855648E-33 1.00000000E-40 1.00000000E-40 1.61112152E-38 1.43184841E-27 1.00000000E-40 1.37805473E-39 9.60896973E-17 3.83681211E-33 1.88950774E-35 1.08875000E-12 1.00000000E-05 1.00000000E-05 1.00000000E-05 1.00000000E-05 1.00000000E-05 1.00000000E-05 1.00000000E-05 1.00000000E-05 1.00000000E-05 1.00000000E-05
1.08387000E+02 3.42899000E-07 2.27476828E+13 1.09180674E+02 1.00000000E+05 6.17024123E-13 1.00000000E-40 1.00000000E-40 1.00000000E-40 2.81344375E-15 1.00000000E-40 1.00000000E-40 1.00000000E-40 1.00000000E-40 1.00000000E-40 1.05229268E-05 8.36659338E-04 6.52280293E-11 1.45666136E-10 1.23846356E-02 2.20575182E-02 5.98556667E-02 9.84693277E-01 5.97493432E-17 7.01156997E-20 1.77733587E-38 6.70112241E-33 5.67755818E-32 6.39951924E-32 8.39448902E-24 9.85279068E-09 1.20821338E-21 2.13346676E-31 3.03892053E-32 2.86680011E-29 3.16373932E-17 1.35135446E-15 1.77896163E-04 1.94438250E-04 1.28010932E-35 2.60803890E-38 3.07060964E-11 1.95489619E-39 4.53841394E-40 8.59447748E-34 2.70801773E-39 6.41804093E-13 5.27741824E-16 5.87537212E-07 4.34141805E-10 9.20010299E-15 1.01827036E-07 1.24897442E-09 1.14043513E-23 7.45641147E-20 4.62039906E-06 1.76378885E-34 8.75427613E-25 3.80350002E-35 1.00000000E-40 1.37613254E-37 1.00000000E-40 4.26103072E-32 1.07343346E-36 1.43725445E-10 5.31313684E-35 1.00000000E-40 1.00000000E-40 5.83898862E-34 1.42269865E-37 7.67293710E-14 1.23721325E-31 4.56978733E-34 2.52776626E-33 1.00000000E-40 1.00000000E-40 1.42602685E-38 1.51023439E-27 1.00000000E-40 1.30770669E-39 6.23535258E-17 3.47262027E-33 1.39811372E-35 1.73290000E-12 1.00000000E-05 1.00000000E-05 1.00000000E-05 1.00000000E-05 1.00000000E-05 1.00000000E-05 1.00000000E-05 1.00000000E-05 1.00000000E-05 1.00000000E-05
1.09572000E+02 2.92899000E-07 1.94677671E+13 1.08972889E+02 1.00000000E+05 2.40108522E-13 1.00000000E-40 1.00000000E-40 1.00000000E-40 1.45884264E-15 1.00000000E-40 1.00000000E-40 1.00000000E-40 1.00000000E-40 1.00000000E-40 1.12452800E-05 8.33537526E-04 6.20901160E-11 1.40123554E-10 1.52711777E-02 2.30994686E-02 6.52151977E-02 9.85476021E-01 4.87554045E-17 4.56575802E-20 2.36015417E-38 8.88683885E-33 6.69082857E-32 7.50020047E-32 7.00317728E-24 1.17930567E-08 8.73009012E-22 1.26746618E-31 1.00000000E-40 1.96211334E-29 1.71834983E-17 9.12140486E-16 1.85673103E-04 1.78256211E-04 1.50048295E-35 2.39841686E-37 2.79126671E-11 2.12210662E-39 5.87366751E-40 9.23201633E-34 3.02177597E-39 5.02831804E-13 3.13606979E-16 5.78203226E-07 3.77534338E-10 5.94441179E-15 9.23544261E-08 1.52875355E-09 8.84101616E-24 5.38660381E-20 4.57752861E-06 1.38723124E-34 6.94326122E-25 3.35738621E-35 1.00000000E-40 1.38029662E-37 1.00000000E-40 3.50864408E-32 5.83226361E-37 1.39010653E-10 7.01263915E-35 1.00000000E-40 1.00000000E-40 8.44851919E-34 1.44550800E-37 5.22475966E-14 1.16492905E-31 4.14067791E-34 3.68047926E-33 1.00000000E-40 1.00000000E-40 1.24263269E-38 1.57250204E-27 1.00000000E-40 1.13177346E-39 3.88357927E-17 3.25357760E-33 1.00101240E-35 2.68958000E-12 1.00000000E-05 1.00000000E-05 1.00000000E-05 1.00000000E-05 1.00000000E-05 1.00000000E-05 1.00000000E-05 1.00000000E-05 1.00000000E-05 1.00000000E-05
1.10756000E+02 2.50479000E-07 1.66781801E+13 1.08777576E+02 1.00000000E+05 5.01218961E-14 1.00000000E-40 1.00000000E-40 1.00000000E-40 7.02168336E-16 1.00000000E-40 1.00000000E-40 1.00000000E-40 1.00000000E-40 1.00000000E-40 1.19190865E-05 8.25847703E-04 5.82299155E-11 1.31378647E-10 1.86900436E-02 2.38321258E-02 7.04512494E-02 9.79386581E-01 3.91834379E-17 2.90906360E-20 2.96097384E-38 1.10087875E-32 7.38088686E-32 8.24411146E-32 5.72441199E-24 1.43289679E-08 6.65026024E-22 1.00000000E-40 1.00000000E-40 1.30583310E-29 9.00741972E-18 6.06901496E-16 1.92873828E-04 1.60125581E-04 3.33353333E-34 1.01719129E-34 2.51837022E-11 2.20639638E-39 7.26223096E-40 9.53959071E-34 3.12626893E-39 3.85821980E-13 1.82586803E-16 5.53789270E-07 3.19854247E-10 3.62205099E-15 8.36868506E-08 1.95284459E-09 6.90287468E-24 3.73720200E-20 4.49651173E-06 1.05931449E-34 5.41707898E-25 2.92694810E-35 1.00000000E-40 1.37774109E-37 1.00000000E-40 2.80604047E-32 3.05208687E-37 1.32626190E-10 8.94606690E-35 1.00000000E-40 1.00000000E-40 1.14309139E-33 1.36309382E-37 3.50534633E-14 1.08628348E-31 3.87634952E-34 4.96787013E-33 1.00000000E-40 1.00000000E-40 1.07028844E-38 1.61656812E-27 1.00000000E-40 9.06751639E-40 2.31395477E-17 3.27821654E-33 6.95049681E-36 4.05769000E-12 1.00000000E-05 1.00000000E-05 1.00000000E-05 1.00000000E-05 1.00000000E-05 1.00000000E-05 1.00000000E-05 1.00000000E-05 1.00000000E-05 1.00000000E-05
1.11941000E+02 2.14441000E-07 1.43030217E+13 1.08591728E+02 1.00000000E+05 1.00000000E-40 1.00000000E-40 1.00000000E-40 1.00000000E-40 3.06721989E-16 1.00000000E-40 1.00000000E-40 1.00000000E-40 1.00000000E-40 1.00000000E-40 1.25170327E-05 8.13949047E-04 5.22335836E-11 1.19819572E-10 2.26112211E-02 2.42269614E-02 7.54305964E-02 9.66645182E-01 3.10895911E-17 1.83120121E-20 2.47871923E-37 1.29036822E-32 7.74810507E-32 8.63134525E-32 4.61459029E-24 1.76470700E-08 5.44744315E-22 1.00000000E-40 8.33857698E-32 8.45200141E-30 4.58150976E-18 4.00944741E-16 1.99357097E-04 1.40521634E-04 1.09107882E-30 4.65530821E-32 2.25422500E-11 2.19883768E-39 8.57116831E-40 9.48495708E-34 3.04667212E-39 2.90872006E-13 1.04879472E-16 5.14208521E-07 2.63316700E-10 1.97438712E-15 7.59340389E-08 2.58756372E-09 5.39761405E-24 2.47947634E-20 4.37919949E-06 7.89949775E-35 4.17677457E-25 2.52795097E-35 1.00000000E-40 1.36849786E-37 1.00000000E-40 2.18239565E-32 1.54966803E-37 1.24392768E-10 4.71515481E-34 1.00000000E-40 1.00000000E-40 1.46413053E-33 1.21297328E-37 2.33416324E-14 1.00260377E-31 3.71685137E-34 6.26172168E-33 1.00000000E-40 1.00000000E-40 9.13931496E-39 1.64122922E-27 1.00000000E-40 6.85961755E-40 1.31792114E-17 3.48887744E-33 4.70051760E-36 5.95737000E-12 1.00000000E-05 1.00000000E-05 1.00000000E-05 1.00000000E-05 1.00000000E-05 1.00000000E-05 1.00000000E-05 1.00000000E-05 1.00000000E-05 1.00000000E-05
1.13126000E+02 1.83778000E-07 1.22790634E+13 1.08403923E+02 1.00000000E+05 1.00000000E-40 1.00000000E-40 1.00000000E-40 1.00000000E-40 1.23166241E-16 1.00000000E-40 1.00000000E-40 1.00000000E-40 1.00000000E-40 1.00000000E-40 1.30072523E-05 7.98050686E-04 4.47698684E-11 1.06326182E-10 2.69319805E-02 2.42892859E-02 8.00013066E-02 9.47440672E-01 2.43871070E-17 1.17963862E-20 2.50748645E-33 1.45451826E-32 7.89206698E-32 8.77223044E-32 3.70525867E-24 2.19462386E-08 4.84345981E-22 1.37584479E-31 5.64931655E-32 5.32133731E-30 2.27763337E-18 2.64601436E-16 2.04771248E-04 1.20116329E-04 3.54957413E-27 1.94464641E-29 1.99873610E-11 2.11414073E-39 9.70376130E-40 9.12936963E-34 2.85041148E-39 2.16223472E-13 5.99487126E-17 4.61540605E-07 2.10640663E-10 9.63973150E-16 6.91689878E-08 3.48352568E-09 4.16980096E-24 1.57018014E-20 4.22759414E-06 5.80518212E-35 3.20713740E-25 2.17845301E-35 1.00000000E-40 1.35240915E-37 1.00000000E-40 1.65702003E-32 7.70731004E-38 1.14232684E-10 1.33922181E-31 1.00000000E-40 1.00000000E-40 1.80296737E-33 1.03896828E-37 1.55272460E-14 9.21447569E-32 3.64741586E-34 7.42322437E-33 1.00000000E-40 1.00000000E-40 7.74534504E-39 1.64580620E-27 1.00000000E-40 5.01974241E-40 7.18648569E-18 3.55989431E-33 3.11647332E-36 8.56132000E-12 1.00000000E-05 1.00000000E-05 1.00000000E-05 1.00000000E-05 1.00000000E-05 1.00000000E-05 1.00000000E-05 1.00000000E-05 1.00000000E-05 1.00000000E-05
1.14310000E+02 1.57651000E-07 1.05491219E+13 1.08242332E+02 1.00000000E+05 1.00000000E-40 1.00000000E-40 1.00000000E-40 1.00000000E-40 4.73711569E-17 1.00000000E-40 1.00000000E-40 1.00000000E-40 1.00000000E-40 1.00000000E-40 1.33694589E-05 7.79050648E-04 3.77891889E-11 9.24151930E-11 3.14995064E-02 2.40836642E-02 8.40735600E-02 9.22732952E-01 1.89942856E-17 8.85721843E-21 2.18305787E-28 2.35284794E-32 7.98840085E-32 8.86130874E-32 3.00976102E-24 2.74220594E-08 4.65424307E-22 1.00000000E-40 1.00000000E-40 3.26195710E-30 1.11777188E-18 1.75438576E-16 2.08716081E-04 9.98662892E-05 1.03567128E-23 7.24303565E-27 1.75289472E-11 1.98570883E-39 1.06628646E-39 8.60700891E-34 2.62078353E-39 1.59330250E-13 3.45363722E-17 4.00121091E-07 1.64629681E-10 4.41410419E-16 6.34852883E-08 4.62627485E-09 3.14339070E-24 9.54495368E-21 4.04742840E-06 4.26744937E-35 2.48397573E-25 2.90871071E-35 1.00000000E-40 1.33030334E-37 1.00000000E-40 1.23905047E-32 3.80154492E-38 1.02653163E-10 3.90099711E-29 1.00000000E-40 1.00000000E-40 2.17968264E-33 1.30008143E-37 1.03669596E-14 8.54513146E-32 3.70953552E-34 8.33873036E-33 1.00000000E-40 1.00000000E-40 6.56186473E-39 1.63155500E-27 1.00000000E-40 3.65611052E-40 3.77935085E-18 3.49656902E-33 2.04859330E-36 1.21986000E-11 1.00000000E-05 1.00000000E-05 1.00000000E-05 1.00000000E-05 1.00000000E-05 1.00000000E-05 1.00000000E-05 1.00000000E-05 1.00000000E-05 1.00000000E-05
1.15495000E+02 1.35356000E-07 9.07129531E+12 1.08074920E+02 1.00000000E+05 1.00000000E-40 1.00000000E-40 1.00000000E-40 1.00000000E-40 1.81704845E-17 1.00000000E-40 1.00000000E-40 1.00000000E-40 1.00000000E-40 1.00000000E-40 1.35737450E-05 7.57212896E-04 3.23321786E-11 7.96086579E-11 3.60819555E-02 2.36963897E-02 8.75172607E-02 8.92942533E-01 1.46816259E-17 1.01322372E-20 2.27158474E-23 7.34630353E-28 2.28740692E-31 9.15861309E-32 2.52541809E-24 3.41542443E-08 4.74275785E-22 1.00000000E-40 1.00000000E-40 1.94743128E-30 5.48979864E-19 1.17184642E-16 2.10468943E-04 8.08136247E-05 2.63228626E-20 2.34292616E-24 1.51776028E-11 1.89764196E-39 1.16244067E-39 8.08778764E-34 2.44728348E-39 1.16921281E-13 2.05116333E-17 3.35559547E-07 1.27051523E-10 2.03930996E-16 5.89022682E-08 5.88426107E-09 2.29897216E-24 5.63715607E-21 3.84231048E-06 3.20992948E-35 1.97601072E-25 8.28538179E-34 1.00000000E-40 1.30216638E-37 1.00000000E-40 9.26500802E-33 1.89485304E-38 8.99584269E-11 8.80759737E-27 1.00000000E-40 1.00000000E-40 2.65557481E-33 3.19083250E-33 6.97384365E-15 8.16376267E-32 4.03071769E-34 8.92745294E-33 1.00000000E-40 1.00000000E-40 5.54111691E-39 1.59935251E-27 1.00000000E-40 2.74717510E-40 1.94776752E-18 3.23159629E-33 1.35715863E-36 1.76558000E-11 1.00000000E-05 1.00000000E-05 1.00000000E-05 1.00000000E-05 1.00000000E-05 1.00000000E-05 1.00000000E-05 1.00000000E-05 1.00000000E-05 1.00000000E-05
1.16679000E+02 1.16305000E-07 7.80505763E+12 1.07929208E+02 1.00000000E+05 1.00000000E-40 1.00000000E-40 1.00000000E-40 1.00000000E-40 6.88869514E-18 1.00000000E-40 1.00000000E-40 1.00000000E-40 1.00000000E-40 1.00000000E-40 1.35961615E-05 7.33217405E-04 2.89285636E-11 6.99782258E-11 4.04208970E-02 2.32483739E-02 9.02546901E-02 8.59006412E-01 1.12838081E-17 1.86985562E-20 1.75937953E-18 5.35426042E-23 9.41891894E-27 4.80111805E-31 2.24666575E-24 4.20493504E-08 4.99052066E-22 3.99323458E-32 1.00000000E-40 1.13292322E-30 2.78217199E-19 7.88974329E-17 2.09192272E-04 6.42147883E-05 5.65333797E-17 6.31943469E-22 1.29926802E-11 9.39887877E-36 1.30944483E-39 7.73376785E-34 2.57568270E-39 8.58853837E-14 1.31900675E-17 2.72912939E-07 9.86701989E-11 1.01869043E-16 5.54474680E-08 7.00885536E-09 1.64255864E-24 3.35747858E-21 3.61829094E-06 2.55676193E-35 1.65458535E-25 5.32590631E-32 1.00000000E-40 1.26868303E-37 1.00000000E-40 7.11876244E-33 9.80163696E-39 7.69147852E-11 1.50087810E-24 1.00000000E-40 1.00000000E-40 3.36926165E-33 1.78418781E-28 4.72480532E-15 8.28208611E-32 4.98538516E-34 9.14970229E-33 1.00000000E-40 1.00000000E-40 4.68594223E-39 1.55143767E-27 1.00000000E-40 1.11074509E-39 1.02264405E-18 2.80432536E-33 9.31522764E-37 2.70911000E-11 1.00000000E-05 1.00000000E-05 1.00000000E-05 1.00000000E-05 1.00000000E-05 1.00000000E-05 1.00000000E-05 1.00000000E-05 1.00000000E-05 1.00000000E-05
1.17864000E+02 9.99997000E-08 6.71698219E+12 1.07830400E+02 1.00000000E+05 1.00000000E-40 1.00000000E-40 1.00000000E-40 1.00000000E-40 2.22418988E-18 1.00000000E-40 1.00000000E-40 1.00000000E-40 1.00000000E-40 1.00000000E-40 1.34116592E-05 7.08235537E-04 2.78694460E-11 6.88784974E-11 4.42429397E-02 2.28897416E-02 9.22663674E-02 8.22463606E-01 8.75151810E-18 4.21966689E-20 9.85349259E-14 2.63762970E-18 4.03379312E-22 1.32935727E-26 2.17231784E-24 5.06092865E-08 5.34779363E-22 1.00000000E-40 1.00000000E-40 6.42551447E-31 1.64929096E-19 5.34273500E-17 2.03683953E-04 5.17742794E-05 9.65281118E-14 1.24940856E-19 1.11323103E-11 1.96202177E-30 1.64501230E-39 7.65911836E-34 1.03308037E-37 6.35474857E-14 1.00576265E-17 2.17513534E-07 7.91123624E-11 5.97790961E-17 5.31691136E-08 7.68478488E-09 1.18484944E-24 2.25377558E-21 3.38376174E-06 2.24999770E-35 1.49763949E-25 2.88536587E-30 1.00000000E-40 1.23141888E-37 1.00000000E-40 5.86644713E-33 5.50793387E-39 6.43294266E-11 1.76437677E-22 1.00000000E-40 1.00000000E-40 4.59913945E-33 6.64629874E-24 3.21342735E-15 9.33914776E-32 8.11293103E-34 8.99415125E-33 1.00000000E-40 1.00000000E-40 3.98847079E-39 1.49145064E-27 1.00000000E-40 2.21270657E-35 6.20717625E-19 2.24832636E-33 6.91929281E-37 4.79743000E-11 1.00000000E-05 1.00000000E-05 1.00000000E-05 1.00000000E-05 1.00000000E-05 1.00000000E-05 1.00000000E-05 1.00000000E-05 1.00000000E-05 1.00000000E-05
