alt press den temp eddy H2Oaer SO2aer CO2aer S8aer H2SO4aer C2H2aer C2H4aer C2H6aer CH4aer HCaer1 H H2 H2O OH O O2 CO CO2 HCO H2CO C CH CH2 CH3 CH4 S S2 S3 S4 S8 H2S HS SO SO2 CS CS2 OCS C2 C2H C2H2 C2H4 HO2 H2O2 O3 SO3 H2SO4 HCl Cl Cl2 HOCl ClO C2H6 CH3OH CH2CO CH3CHO C3H4 C3H6 C4H2 C4H4 OClO HCS C2H3 C2H5 1CH2 HCCO HSO CH3O H2COH C4H C2H2OH CH3CO CH2CHO C2H3OH C2H4OH CH3O2 HSO3 HS4 C4H3 O1D H2Oaer_r SO2aer_r CO2aer_r S8aer_r H2SO4aer_r C2H2aer_r C2H4aer_r C2H6aer_r CH4aer_r HCaer1_r
8.03114405E-01 6.00000000E-01 2.17192600E+19 2.00088876E+02 1.00000000E+05 7.84995907E-01 3.03863131E+02 4.38519322E-10 1.63097200E-34 7.34508937E-08 1.29173260E-40 1.29173260E-40 1.29173260E-40 1.29173260E-40 1.29299555E-40 5.12159229E-16 8.33343644E-06 2.71574983E-06 5.13464198E-25 1.15587101E-20 1.66668729E-09 1.83335601E-07 8.33343644E-01 2.08179816E-18 1.65152153E-18 1.00000000E-40 1.00000000E-40 1.00000000E-40 1.28139434E-31 1.94861788E-26 1.20597417E-19 2.82858500E-17 8.20140911E-24 3.40141571E-23 2.39599647E-21 3.33337457E-13 6.26209648E-15 5.22527707E-16 3.12020052E-02 3.07288648E-33 4.06533222E-32 1.20145927E-12 1.00000000E-40 1.00000000E-40 1.83994461E-33 3.21475896E-32 3.25146357E-13 4.33567703E-11 8.81323637E-19 1.58843748E-18 4.24253498E-14 4.16671822E-08 5.95581024E-16 4.75101115E-22 1.02201399E-24 1.67270167E-09 4.08335797E-36 1.32002603E-25 9.47324593E-30 7.37893985E-34 1.53299857E-39 1.36838007E-40 1.04614916E-31 5.18269956E-33 1.14922386E-13 1.17013225E-35 1.00000000E-40 1.15238136E-34 1.00000000E-40 1.00000000E-40 2.08654611E-13 1.42446214E-26 2.65941533E-28 1.00000000E-40 1.00000000E-40 3.40499473E-33 1.45643996E-35 7.28809316E-32 1.35343252E-39 2.37441909E-28 6.26409881E-17 4.81496906E-23 1.33753423E-34 1.00000000E-40 1.00000000E-05 1.00000000E-05 1.00000000E-05 1.00000000E-05 1.00000000E-05 1.00000000E-05 1.00000000E-05 1.00000000E-05 1.00000000E-05 1.00000000E-05
1.60161078E+00 5.12489623E-01 1.86582481E+19 1.98944039E+02 1.00000000E+05 8.41892352E-01 3.00316067E+02 8.55782327E-10 2.98775272E-34 7.14223109E-08 1.25826605E-40 1.25826605E-40 1.25826605E-40 1.25826605E-40 1.25952019E-40 8.47687712E-17 7.84895924E-06 2.63861075E-06 7.90620750E-26 1.25636702E-20 1.08490794E-08 1.93111125E-07 7.63340437E-01 5.22588961E-20 1.60811258E-18 1.00000000E-40 1.00000000E-40 1.00000000E-40 6.50954121E-33 1.80391616E-26 3.87335690E-20 2.72653752E-17 5.52240050E-24 2.38957469E-23 2.30279905E-21 5.16426773E-13 8.72958704E-15 1.37557481E-15 3.24631066E-02 2.94924113E-33 3.91864949E-32 1.16111678E-12 1.00000000E-40 1.00000000E-40 1.77700628E-33 3.09913390E-32 3.05957497E-13 4.91589119E-11 2.57263770E-18 1.37534929E-18 3.12826614E-14 3.92447743E-08 5.65424225E-16 3.31699985E-22 5.34185199E-25 1.62134522E-09 3.93522345E-36 1.21846917E-25 9.12502735E-30 6.76197313E-34 1.47832464E-39 1.34221755E-40 1.00985170E-31 4.90838614E-33 7.96331813E-14 1.16417931E-35 1.00000000E-40 1.10253013E-34 1.00000000E-40 1.00000000E-40 4.72128109E-13 1.59368813E-27 2.56568455E-28 1.00000000E-40 1.00000000E-40 2.32541955E-33 1.36317820E-35 7.06049097E-32 1.72392826E-39 2.31713566E-28 1.55253668E-18 4.51575312E-23 1.10997352E-34 1.00000000E-40 1.00000000E-05 1.00000000E-05 1.00000000E-05 1.00000000E-05 1.00000000E-05 1.00000000E-05 1.00000000E-05 1.00000000E-05 1.00000000E-05 1.00000000E-05
3.19440556E+00 4.37742689E-01 1.60216612E+19 1.97891926E+02 1.00000000E+05 1.00071601E+00 3.45687424E+02 1.30448355E-09 4.42747375E-34 8.17114300E-08 1.43997640E-40 1.43997640E-40 1.43997640E-40 1.43997640E-40 1.44142359E-40 6.19348021E-17 8.34864803E-06 2.72315689E-06 5.66158856E-26 1.45019783E-20 1.77943592E-08 2.18740271E-07 7.97958808E-01 2.53556866E-20 1.69107980E-18 1.00000000E-40 1.00000000E-40 1.00000000E-40 3.47282374E-33 1.88062585E-26 3.89685380E-20 2.91894358E-17 4.91688678E-24 2.19015530E-23 2.45806282E-21 6.83814653E-13 1.13626113E-14 2.36894532E-15 3.48332473E-02 3.14513788E-33 4.19453588E-32 1.24428900E-12 1.00000000E-40 1.00000000E-40 1.90568636E-33 3.31726509E-32 3.15282802E-13 5.60787325E-11 3.88828545E-18 1.44043299E-18 2.90312206E-14 4.17408702E-08 6.04048441E-16 2.79541758E-22 3.93282631E-25 1.74402764E-09 4.21193122E-36 1.26796785E-25 9.76089255E-30 6.98939722E-34 1.58310501E-39 1.45282689E-40 1.08213911E-31 5.18933111E-33 7.02407559E-14 1.27213863E-35 1.00000000E-40 1.17259369E-34 1.00000000E-40 1.00000000E-40 6.83737323E-13 2.43120568E-28 2.66445015E-28 1.00000000E-40 1.00000000E-40 2.06063985E-33 1.42911524E-35 7.59415730E-32 2.17003948E-39 2.47405359E-28 7.25136472E-19 4.76938686E-23 1.08616826E-34 1.00000000E-40 1.00000000E-05 1.00000000E-05 1.00000000E-05 1.00000000E-05 1.00000000E-05 1.00000000E-05 1.00000000E-05 1.00000000E-05 1.00000000E-05 1.00000000E-05
4.77892223E+00 3.73897643E-01 1.37552968E+19 1.96879038E+02 1.00000000E+05 1.18631889E+00 3.96528423E+02 2.03140485E-09 6.68270256E-34 9.31793169E-08 1.64167590E-40 1.64167590E-40 1.64167590E-40 1.64167590E-40 1.64334130E-40 5.34223122E-17 9.17942693E-06 2.81412737E-06 4.99941004E-26 1.73999015E-20 2.51087469E-08 2.52293988E-07 8.64903449E-01 1.72601067E-20 1.81198959E-18 1.00000000E-40 1.00000000E-40 1.00000000E-40 2.61949238E-33 2.01758391E-26 4.27427560E-20 3.19948996E-17 4.68250729E-24 2.14165577E-23 2.68495462E-21 8.71345180E-13 1.42785449E-14 3.64513525E-15 3.65431205E-02 3.43381704E-33 4.59653366E-32 1.36436098E-12 1.00000000E-40 1.00000000E-40 2.09298109E-33 3.63482899E-32 3.32898041E-13 6.35461455E-11 5.34217925E-18 1.58498143E-18 2.83226672E-14 4.58902639E-08 6.55699582E-16 2.51058948E-22 3.30973977E-25 1.92120473E-09 4.61582741E-36 1.35841995E-25 1.06881982E-29 7.43976435E-34 1.73580563E-39 1.60624396E-40 1.18715197E-31 5.62570798E-33 6.54121787E-14 1.41755065E-35 1.00000000E-40 1.27736045E-34 1.00000000E-40 1.00000000E-40 9.09156363E-13 9.50449815E-29 2.83060502E-28 1.00000000E-40 1.00000000E-40 2.03925088E-33 1.53868725E-35 8.36926603E-32 2.69833718E-39 2.69510389E-28 4.78174110E-19 5.17713410E-23 1.12009192E-34 1.00000000E-40 1.00000000E-05 1.00000000E-05 1.00000000E-05 1.00000000E-05 1.00000000E-05 1.00000000E-05 1.00000000E-05 1.00000000E-05 1.00000000E-05 1.00000000E-05
6.35536398E+00 3.19364437E-01 1.18088543E+19 1.95882441E+02 1.00000000E+05 1.40327289E+00 4.53823865E+02 3.19538359E-09 1.01759009E-33 1.06037510E-07 1.86717212E-40 1.86717212E-40 1.86717212E-40 1.86717212E-40 1.86908504E-40 4.82003867E-17 1.01410665E-05 2.85913885E-06 4.70074943E-26 2.11879307E-20 3.38458087E-08 2.91447841E-07 9.42121033E-01 1.28876466E-20 1.94135637E-18 1.00000000E-40 1.00000000E-40 1.00000000E-40 2.12738526E-33 2.16967813E-26 4.75661579E-20 3.51197966E-17 4.49140273E-24 2.10668555E-23 2.93525032E-21 1.09406707E-12 1.76342248E-14 5.39312956E-15 3.77712841E-02 3.75354591E-33 5.04390519E-32 1.49775339E-12 1.00000000E-40 1.00000000E-40 2.30272380E-33 3.98803332E-32 3.52074948E-13 7.14475423E-11 7.10559458E-18 1.81227792E-18 2.77635095E-14 5.06918869E-08 7.10938097E-16 2.27862380E-22 2.85477721E-25 2.12041232E-09 5.06586390E-36 1.45892684E-25 1.17182695E-29 7.93705075E-34 1.90606538E-39 1.77730067E-40 1.30425793E-31 6.10754168E-33 6.13015497E-14 1.58029692E-35 1.00000000E-40 1.39328702E-34 1.00000000E-40 1.00000000E-40 1.17479295E-12 5.76780041E-29 3.01594191E-28 1.00000000E-40 1.00000000E-40 2.08113570E-33 1.65966018E-35 9.24482573E-32 3.32840415E-39 2.93550108E-28 3.46307272E-19 5.63178527E-23 1.16814630E-34 1.00000000E-40 1.00000000E-05 1.00000000E-05 1.00000000E-05 1.00000000E-05 1.00000000E-05 1.00000000E-05 1.00000000E-05 1.00000000E-05 1.00000000E-05 1.00000000E-05
7.92385945E+00 2.72784933E-01 1.01374100E+19 1.94899212E+02 1.00000000E+05 1.65609804E+00 5.18294796E+02 5.06694667E-09 1.56065316E-33 1.20437620E-07 2.11893030E-40 2.11893030E-40 2.11893030E-40 2.11893030E-40 2.12112360E-40 4.45729211E-17 1.11938577E-05 2.77662364E-06 4.57002193E-26 2.59784644E-20 4.43947926E-08 3.36073106E-07 1.02495085E+00 1.01113062E-20 2.07289128E-18 1.00000000E-40 1.00000000E-40 1.00000000E-40 1.79580896E-33 2.32852301E-26 5.31441971E-20 3.84657093E-17 4.29244928E-24 2.06321380E-23 3.19997044E-21 1.35933348E-12 2.14994816E-14 7.78962169E-15 3.87029606E-02 4.09331602E-33 5.52245361E-32 1.64028993E-12 1.00000000E-40 1.00000000E-40 2.52887736E-33 4.36563394E-32 3.71526737E-13 7.97439081E-11 9.23208263E-18 2.26045213E-18 2.71398214E-14 5.59469197E-08 7.68461852E-16 2.06923444E-22 2.46729876E-25 2.33638627E-09 5.54795652E-36 1.56373339E-25 1.28175293E-29 8.44763229E-34 2.08862940E-39 1.96174427E-40 1.42989486E-31 6.61452070E-33 5.73408653E-14 1.75717898E-35 1.00000000E-40 1.51604834E-34 1.00000000E-40 1.00000000E-40 1.49066211E-12 3.92040902E-29 3.21104259E-28 1.00000000E-40 1.00000000E-40 2.15131562E-33 1.78600266E-35 1.01992396E-31 4.07759625E-39 3.18658410E-28 2.64085667E-19 6.11413377E-23 1.22247937E-34 1.00000000E-40 1.00000000E-05 1.00000000E-05 1.00000000E-05 1.00000000E-05 1.00000000E-05 1.00000000E-05 1.00000000E-05 1.00000000E-05 1.00000000E-05 1.00000000E-05
9.48422657E+00 2.32999079E-01 8.70538476E+18 1.93857653E+02 1.00000000E+05 1.94898469E+00 5.90469194E+02 8.08950199E-09 2.40825223E-33 1.36486660E-07 2.39854414E-40 2.39854414E-40 2.39854414E-40 2.39854414E-40 2.40105354E-40 4.19661012E-17 1.23197654E-05 2.63461988E-06 4.54230710E-26 3.19326747E-20 5.69763817E-08 3.86274914E-07 1.11110492E+00 8.21994119E-21 2.20269944E-18 1.00000000E-40 1.00000000E-40 1.00000000E-40 1.56210014E-33 2.49021073E-26 5.94211274E-20 4.19843395E-17 4.07263298E-24 2.00503603E-23 3.47420107E-21 1.67247705E-12 2.59126185E-14 1.10382498E-14 3.94478094E-02 4.44769623E-33 6.02516186E-32 1.78984779E-12 1.00000000E-40 1.00000000E-40 2.76877559E-33 4.76204279E-32 3.90578102E-13 8.83367453E-11 1.17337226E-17 2.93303174E-18 2.63878607E-14 6.15647694E-08 8.27573280E-16 1.87442258E-22 2.12270366E-25 2.56689698E-09 6.05534479E-36 1.67017223E-25 1.39690208E-29 8.95538337E-34 2.28098711E-39 2.15739657E-40 1.56235947E-31 7.13644458E-33 5.33887247E-14 1.94654255E-35 1.00000000E-40 1.64341381E-34 1.00000000E-40 1.00000000E-40 1.86237277E-12 2.78403505E-29 3.41158405E-28 1.00000000E-40 1.00000000E-40 2.23882005E-33 1.91475520E-35 1.12249383E-31 4.96077532E-39 3.44338298E-28 2.09194409E-19 6.61520079E-23 1.28066501E-34 1.73379000E-40 1.00000000E-05 1.00000000E-05 1.00000000E-05 1.00000000E-05 1.00000000E-05 1.00000000E-05 1.00000000E-05 1.00000000E-05 1.00000000E-05 1.00000000E-05
1.10362757E+01 1.99016017E-01 7.47545041E+18 1.92826795E+02 1.00000000E+05 2.28554768E+00 6.70889389E+02 1.30298649E-08 3.74725390E-33 1.54312076E-07 2.70758368E-40 2.70758368E-40 2.70758368E-40 2.70758368E-40 2.71044842E-40 4.00637367E-17 1.35133703E-05 2.47253251E-06 4.57778475E-26 3.92319649E-20 7.15929224E-08 4.42432546E-07 1.19927334E+00 6.87616060E-21 2.32728981E-18 1.00000000E-40 1.00000000E-40 1.00000000E-40 1.39680362E-33 2.65291747E-26 6.65525481E-20 4.56553500E-17 3.83036187E-24 1.93072059E-23 3.75449517E-21 2.03700071E-12 3.09078017E-14 1.53696266E-14 4.00634885E-02 4.81440587E-33 6.54897738E-32 1.94538062E-12 1.00000000E-40 1.00000000E-40 3.02210630E-33 5.17476295E-32 4.08166202E-13 9.70663873E-11 1.45677339E-17 3.81775456E-18 2.53880596E-14 6.75175215E-08 8.87448369E-16 1.69011631E-22 1.81265019E-25 2.81192774E-09 6.58563523E-36 1.77699274E-25 1.51644082E-29 9.45047243E-34 2.48228178E-39 2.36323694E-40 1.70107278E-31 7.66776791E-33 4.92748548E-14 2.14759618E-35 1.00000000E-40 1.77411294E-34 1.00000000E-40 1.00000000E-40 2.29016509E-12 2.03131300E-29 3.61709988E-28 1.00000000E-40 1.00000000E-40 2.34294225E-33 2.04430542E-35 1.23266858E-31 5.99025084E-39 3.70227939E-28 1.70997990E-19 7.13121268E-23 1.34344631E-34 3.65995000E-40 1.00000000E-05 1.00000000E-05 1.00000000E-05 1.00000000E-05 1.00000000E-05 1.00000000E-05 1.00000000E-05 1.00000000E-05 1.00000000E-05 1.00000000E-05
1.25801057E+01 1.69989406E-01 6.41904298E+18 1.91808695E+02 1.00000000E+05 2.67243435E+00 7.61216770E+02 2.11466469E-08 5.87668242E-33 1.74294217E-07 3.05221580E-40 3.05221580E-40 3.05221580E-40 3.05221580E-40 3.05548331E-40 3.87574863E-17 1.47895577E-05 2.30999443E-06 4.68705729E-26 4.83154635E-20 8.86367396E-08 5.05593442E-07 1.29014038E+00 5.89508410E-21 2.44704975E-18 1.00000000E-40 1.00000000E-40 1.00000000E-40 1.27855028E-33 2.81880810E-26 7.45684346E-20 4.95214751E-17 3.57939210E-24 1.84645075E-23 4.04306831E-21 2.46278689E-12 3.65782642E-14 2.11516984E-14 4.05764471E-02 5.19836348E-33 7.10002826E-32 2.10860995E-12 1.00000000E-40 1.00000000E-40 3.29257707E-33 5.60859949E-32 4.25347088E-13 1.06005435E-10 1.78104682E-17 4.99320888E-18 2.43387493E-14 7.38790135E-08 9.49453370E-16 1.51934725E-22 1.53841699E-25 3.07502246E-09 7.14559307E-36 1.88562834E-25 1.64169801E-29 9.93826833E-34 2.69508588E-39 2.58154882E-40 1.84780347E-31 8.21456368E-33 4.53604607E-14 2.36250160E-35 1.00000000E-40 1.90945654E-34 1.00000000E-40 1.00000000E-40 2.78334821E-12 1.51295532E-29 3.83054320E-28 1.00000000E-40 1.00000000E-40 2.46080781E-33 2.17615092E-35 1.35243554E-31 7.19205922E-39 3.96597286E-28 1.43619011E-19 7.66863852E-23 1.41189334E-34 7.73217000E-40 1.00000000E-05 1.00000000E-05 1.00000000E-05 1.00000000E-05 1.00000000E-05 1.00000000E-05 1.00000000E-05 1.00000000E-05 1.00000000E-05 1.00000000E-05
1.41158093E+01 1.45196344E-01 5.51171254E+18 1.90803281E+02 1.00000000E+05 3.11859598E+00 8.63371517E+02 3.45392430E-08 9.28205643E-33 1.96865342E-07 3.43955768E-40 3.43955768E-40 3.43955768E-40 3.43955768E-40 3.44328479E-40 3.78666146E-17 1.61635446E-05 2.15179069E-06 4.86154308E-26 5.96731786E-20 1.08565253E-07 5.76938816E-07 1.38441930E+00 5.14603829E-21 2.56236231E-18 1.00000000E-40 1.00000000E-40 1.00000000E-40 1.19114753E-33 2.98977000E-26 8.35235556E-20 5.36229434E-17 3.32989881E-24 1.75704436E-23 4.34204211E-21 2.96177545E-12 4.30293337E-14 2.88852842E-14 4.09992206E-02 5.60416404E-33 7.68410387E-32 2.28117134E-12 1.05467685E-40 1.00000000E-40 3.58369504E-33 6.06809364E-32 4.42331589E-13 1.15234039E-10 2.15548987E-17 6.55334879E-18 2.32877888E-14 8.07247440E-08 1.01405074E-15 1.36318656E-22 1.30024208E-25 3.35957368E-09 7.74158752E-36 1.99732480E-25 1.77392891E-29 1.04234176E-33 2.92182702E-39 2.81458617E-40 2.00422466E-31 8.78232877E-33 4.17292611E-14 2.59346972E-35 1.00000000E-40 2.05065747E-34 1.00000000E-40 1.00000000E-40 3.35307144E-12 1.14320775E-29 4.05405231E-28 1.00000000E-40 1.00000000E-40 2.59078607E-33 2.31160939E-35 1.48369213E-31 8.59802384E-39 4.23698803E-28 1.23135971E-19 8.23338013E-23 1.48664697E-34 1.65316000E-39 1.00000000E-05 1.00000000E-05 1.00000000E-05 1.00000000E-05 1.00000000E-05 1.00000000E-05 1.00000000E-05 1.00000000E-05 1.00000000E-05 1.00000000E-05
1.56434705E+01 1.24019366E-01 4.73261628E+18 1.89803812E+02 1.00000000E+05 3.63348582E+00 9.79278372E+02 5.67192541E-08 1.47558182E-32 2.22457068E-07 3.87657973E-40 3.87657973E-40 3.87657973E-40 3.87657973E-40 3.88083298E-40 3.72789348E-17 1.76478458E-05 1.99882246E-06 5.09894270E-26 7.39465856E-20 1.31888224E-07 6.57694551E-07 1.48246372E+00 4.55394831E-21 2.67273115E-18 1.00000000E-40 1.00000000E-40 1.00000000E-40 1.12511754E-33 3.16688990E-26 9.34794300E-20 5.79882440E-17 3.08704955E-24 1.66508736E-23 4.65235720E-21 3.54741393E-12 5.03710617E-14 3.92470152E-14 4.13266974E-02 6.03518673E-33 8.30531292E-32 2.46418414E-12 1.14889611E-40 1.00000000E-40 3.89835926E-33 6.55644954E-32 4.59126931E-13 1.24801216E-10 2.59111408E-17 8.63586060E-18 2.22578762E-14 8.81165911E-08 1.08140994E-15 1.22135392E-22 1.09639992E-25 3.66844591E-09 8.37839609E-36 2.11278675E-25 1.91398247E-29 1.09073222E-33 3.16434000E-39 3.06403023E-40 2.17160547E-31 9.37427918E-33 3.84046248E-14 2.84221965E-35 1.00000000E-40 2.19840514E-34 1.00000000E-40 1.00000000E-40 4.01133105E-12 8.72543988E-30 4.28872008E-28 1.00000000E-40 1.00000000E-40 2.73146883E-33 2.45136037E-35 1.62819094E-31 1.02437036E-38 4.51667394E-28 1.07292487E-19 8.82941059E-23 1.56808963E-34 3.64660000E-39 1.00000000E-05 1.00000000E-05 1.00000000E-05 1.00000000E-05 1.00000000E-05 1.00000000E-05 1.00000000E-05 1.00000000E-05 1.00000000E-05 1.00000000E-05
1.71628544E+01 1.05931064E-01 4.06509032E+18 1.88742565E+02 1.00000000E+05 4.22403150E+00 1.11014545E+03 9.35606848E-08 2.35934486E-32 2.51342887E-07 4.36727078E-40 4.36727078E-40 4.36727078E-40 4.36727078E-40 4.37212381E-40 3.69295172E-17 1.92444452E-05 1.84927618E-06 5.40327926E-26 9.19872335E-20 1.59035312E-07 7.48820442E-07 1.58352142E+00 4.07518895E-21 2.77518252E-18 1.00000000E-40 1.00000000E-40 1.00000000E-40 1.07530093E-33 3.34913196E-26 1.04495167E-19 6.26078290E-17 2.85095597E-24 1.57070961E-23 4.97137757E-21 4.23229317E-12 5.86920720E-14 5.31126502E-14 4.15156659E-02 6.49106706E-33 8.96233759E-32 2.65711016E-12 1.29156448E-40 1.00000000E-40 4.23729399E-33 7.07257053E-32 4.75364386E-13 1.34651685E-10 3.09870839E-17 1.14448488E-17 2.12472866E-14 9.60636356E-08 1.15103433E-15 1.09223348E-22 9.24156486E-26 4.00247201E-09 9.05557916E-36 2.23129779E-25 2.06141971E-29 1.13829805E-33 3.42249766E-39 3.32953309E-40 2.34986874E-31 9.98712287E-33 3.53569808E-14 3.10856113E-35 1.00000000E-40 2.35182203E-34 1.00000000E-40 1.00000000E-40 4.76725878E-12 6.70719226E-30 4.53295547E-28 1.00000000E-40 1.00000000E-40 2.88061823E-33 2.59434634E-35 1.78697345E-31 1.21620088E-38 4.80303021E-28 9.47554374E-20 9.45499989E-23 1.65591489E-34 7.93615000E-39 1.00000000E-05 1.00000000E-05 1.00000000E-05 1.00000000E-05 1.00000000E-05 1.00000000E-05 1.00000000E-05 1.00000000E-05 1.00000000E-05 1.00000000E-05
1.86737571E+01 9.04809516E-02 3.49165241E+18 1.87690752E+02 1.00000000E+05 4.89902546E+00 1.25785888E+03 1.54984833E-07 3.79518342E-32 2.83966448E-07 4.91836095E-40 4.91836095E-40 4.91836095E-40 4.91836095E-40 4.92389800E-40 3.67830428E-17 2.09647499E-05 1.70199119E-06 5.78360335E-26 1.15022931E-19 1.90536422E-07 8.51750887E-07 1.68736516E+00 3.68083667E-21 2.86700272E-18 1.00000000E-40 1.00000000E-40 1.00000000E-40 1.03871072E-33 3.53699790E-26 1.16700342E-19 6.74990321E-17 2.62198414E-24 1.47434783E-23 5.29796861E-21 5.03260340E-12 6.81177473E-14 7.16528174E-14 4.15349592E-02 6.97473922E-33 9.65778913E-32 2.86051626E-12 1.46766714E-40 1.00000000E-40 4.60354118E-33 7.61844973E-32 4.90666438E-13 1.44778895E-10 3.69316431E-17 1.52825563E-17 2.02502736E-14 1.04621802E-07 1.22282080E-15 9.74545511E-23 7.82565301E-26 4.36461642E-09 9.77701985E-36 2.35316410E-25 2.21666251E-29 1.18471754E-33 3.69780981E-39 3.61212931E-40 2.54005921E-31 1.06217303E-32 3.25476522E-14 3.39350866E-35 1.00000000E-40 2.51090912E-34 1.00000000E-40 1.00000000E-40 5.63202897E-12 5.17841674E-30 4.78708972E-28 1.00000000E-40 1.00000000E-40 3.03730599E-33 2.74055579E-35 1.96227947E-31 1.43951917E-38 5.09591267E-28 8.46503163E-20 1.01128193E-22 1.75069369E-34 1.68303000E-38 1.00000000E-05 1.00000000E-05 1.00000000E-05 1.00000000E-05 1.00000000E-05 1.00000000E-05 1.00000000E-05 1.00000000E-05 1.00000000E-05 1.00000000E-05
2.01762503E+01 7.72842480E-02 2.99906481E+18 1.86647360E+02 1.00000000E+05 5.66888215E+00 1.42451161E+03 2.57520278E-07 6.13668790E-32 3.20814786E-07 5.53729311E-40 5.53729311E-40 5.53729311E-40 5.53729311E-40 5.54361006E-40 3.66582578E-17 2.28177501E-05 1.55795296E-06 6.22255142E-26 1.44337065E-19 2.27088018E-07 9.67962740E-07 1.79375407E+00 3.33118030E-21 2.94625401E-18 1.00000000E-40 1.00000000E-40 1.00000000E-40 1.00844892E-33 3.73064812E-26 1.30119644E-19 7.26727330E-17 2.40175897E-24 1.37736941E-23 5.63107732E-21 5.96775446E-12 7.87745435E-14 9.63390528E-14 4.13821593E-02 7.48825510E-33 1.03933713E-31 3.07475061E-12 1.67114160E-40 1.00000000E-40 4.99940713E-33 8.19537978E-32 5.04000876E-13 1.55199905E-10 4.39083760E-17 2.03889519E-17 1.92069927E-14 1.13835097E-07 1.29525272E-15 8.66431647E-23 6.70699178E-26 4.75716439E-09 1.05454376E-35 2.47847138E-25 2.37995909E-29 1.22971084E-33 3.99134265E-39 3.91260803E-40 2.74291999E-31 1.12782659E-32 2.98633103E-14 3.69792345E-35 1.00000000E-40 2.67554904E-34 1.00000000E-40 1.00000000E-40 6.62050587E-12 3.98804102E-30 5.05051734E-28 1.00000000E-40 1.00000000E-40 3.20009766E-33 2.88982767E-35 2.15592719E-31 1.69933479E-38 5.39517376E-28 7.60563857E-20 1.08043867E-22 1.85223742E-34 3.20502000E-38 1.00000000E-05 1.00000000E-05 1.00000000E-05 1.00000000E-05 1.00000000E-05 1.00000000E-05 1.00000000E-05 1.00000000E-05 1.00000000E-05 1.00000000E-05
2.16703919E+01 6.60122918E-02 2.57596658E+18 1.85609971E+02 1.00000000E+05 6.54377225E+00 1.61237530E+03 4.29045668E-07 9.97785293E-32 3.62440651E-07 6.23225095E-40 6.23225095E-40 6.23225095E-40 6.23225095E-40 6.23945706E-40 3.66090745E-17 2.48083676E-05 1.41776789E-06 6.82288533E-26 1.82023045E-19 2.69325578E-07 1.09890925E-06 1.90177209E+00 3.02544651E-21 3.00897910E-18 1.00000000E-40 1.00000000E-40 1.00000000E-40 9.85177573E-34 3.92936903E-26 1.44740830E-19 7.81217941E-17 2.18894698E-24 1.27962217E-23 5.96733773E-21 7.05763947E-12 9.07526685E-14 1.28795712E-13 4.10449357E-02 8.03230961E-33 1.11682747E-31 3.29933065E-12 1.89709034E-40 1.00000000E-40 5.42664606E-33 8.80264460E-32 5.15314787E-13 1.65864228E-10 5.21105403E-17 2.73401204E-17 1.81626440E-14 1.23726913E-07 1.36804791E-15 7.67507065E-23 5.88798431E-26 5.18182896E-09 1.13614794E-35 2.60671922E-25 2.55091786E-29 1.27250885E-33 4.30338602E-39 4.23071133E-40 2.95865850E-31 1.19537225E-32 2.73247271E-14 4.02157147E-35 1.00000000E-40 2.84475961E-34 1.00000000E-40 1.00000000E-40 7.74509104E-12 3.06498603E-30 5.32157101E-28 1.00000000E-40 1.00000000E-40 3.36731205E-33 3.04113515E-35 2.36982369E-31 2.00072523E-38 5.69884161E-28 6.96045555E-20 1.15288898E-22 1.96034808E-34 5.67968000E-38 1.00000000E-05 1.00000000E-05 1.00000000E-05 1.00000000E-05 1.00000000E-05 1.00000000E-05 1.00000000E-05 1.00000000E-05 1.00000000E-05 1.00000000E-05
2.31561913E+01 5.63843576E-02 2.21269595E+18 1.84566813E+02 1.00000000E+05 7.53367032E+00 1.82378826E+03 7.16674610E-07 1.63331604E-31 4.09435697E-07 7.01172890E-40 7.01172890E-40 7.01172890E-40 7.01172890E-40 7.01994801E-40 3.66771605E-17 2.69402780E-05 1.28197069E-06 8.20944629E-26 2.30989273E-19 3.17928601E-07 1.24612596E-06 2.01023479E+00 2.76059223E-21 3.05048256E-18 1.00000000E-40 1.00000000E-40 1.00000000E-40 9.69291827E-34 4.13222680E-26 1.60458740E-19 8.38323354E-17 1.98272524E-24 1.18123843E-23 6.30243877E-21 8.32431142E-12 1.04111853E-13 1.70618447E-13 4.05100581E-02 8.60726104E-33 1.19807971E-31 3.53346330E-12 2.14107432E-40 1.00000000E-40 5.88694700E-33 9.43881153E-32 5.24529069E-13 1.76706048E-10 6.17729226E-17 3.70321233E-17 1.71482925E-14 1.34314279E-07 1.44084685E-15 6.77020936E-23 5.38449558E-26 5.64019549E-09 1.22251525E-35 2.73726258E-25 2.72891030E-29 1.31218511E-33 4.63398874E-39 4.56577601E-40 3.18731458E-31 1.26440588E-32 2.49317361E-14 4.36375389E-35 1.00000000E-40 3.01722477E-34 1.00000000E-40 1.00000000E-40 9.01865055E-12 2.35108397E-30 5.59805610E-28 1.00000000E-40 1.00000000E-40 3.53704697E-33 3.19317131E-35 2.60604280E-31 2.34926025E-38 6.00439920E-28 6.97870059E-20 1.22848217E-22 2.07470010E-34 9.44177000E-38 1.00000000E-05 1.00000000E-05 1.00000000E-05 1.00000000E-05 1.00000000E-05 1.00000000E-05 1.00000000E-05 1.00000000E-05 1.00000000E-05 1.00000000E-05
2.46333448E+01 4.81606636E-02 1.90139020E+18 1.83458538E+02 1.00000000E+05 8.64473749E+00 2.06050483E+03 1.20040382E-06 2.70065900E-31 4.62308029E-07 7.88221607E-40 7.88221607E-40 7.88221607E-40 7.88221607E-40 7.89158547E-40 3.68424767E-17 2.92081789E-05 1.15042603E-06 1.37337465E-25 2.95138615E-19 3.73515192E-07 1.41086395E-06 2.11700073E+00 2.52773037E-21 3.06374479E-18 1.00000000E-40 1.00000000E-40 1.00000000E-40 9.59769795E-34 4.33692365E-26 1.76902114E-19 8.97585205E-17 1.78225955E-24 1.08227550E-23 6.62887803E-21 9.78949223E-12 1.18802824E-13 2.22666597E-13 3.97465121E-02 9.21076862E-33 1.28247841E-31 3.77496305E-12 2.40087903E-40 1.00000000E-40 6.38038408E-33 1.00989179E-31 5.31301583E-13 1.87590705E-10 7.31626009E-17 5.07371893E-17 1.61608343E-14 1.45569260E-07 1.51231925E-15 5.93395635E-23 5.25538735E-26 6.13216827E-09 1.31323606E-35 2.86855471E-25 2.91223823E-29 1.34719081E-33 4.98164372E-39 4.91531955E-40 3.42785412E-31 1.33404055E-32 2.26385972E-14 4.72189092E-35 1.00000000E-40 3.19031983E-34 1.00000000E-40 1.00000000E-40 1.04520087E-11 1.79559151E-30 5.87549695E-28 1.00000000E-40 1.00000000E-40 3.70603666E-33 3.34336833E-35 2.86620289E-31 2.75029125E-38 6.30693407E-28 9.70170579E-20 1.30665244E-22 2.19422532E-34 1.48455000E-37 1.00000000E-05 1.00000000E-05 1.00000000E-05 1.00000000E-05 1.00000000E-05 1.00000000E-05 1.00000000E-05 1.00000000E-05 1.00000000E-05 1.00000000E-05
2.61016375E+01 4.11364006E-02 1.63386241E+18 1.82359136E+02 1.00000000E+05 9.88464476E+00 2.32541974E+03 2.01589658E-06 4.57643161E-31 5.21902400E-07 8.85519285E-40 8.85519285E-40 8.85519285E-40 8.85519285E-40 8.86587010E-40 3.71228160E-17 3.16210700E-05 1.02309052E-06 3.76312705E-25 3.80443624E-19 4.36873163E-07 1.59521297E-06 2.22040147E+00 2.32219388E-21 3.04040949E-18 1.00000000E-40 1.00000000E-40 1.00000000E-40 9.56944505E-34 4.54323583E-26 1.93311719E-19 9.58914326E-17 1.58745575E-24 9.83170057E-24 6.94025914E-21 1.14816942E-11 1.34643097E-13 2.83707720E-13 3.87315969E-02 9.84517641E-33 1.36995156E-31 4.02309141E-12 2.67573891E-40 1.00000000E-40 6.91077790E-33 1.07822274E-31 5.36403308E-13 1.98446785E-10 8.66770564E-17 7.05908466E-17 1.52099939E-14 1.57534833E-07 1.58189647E-15 5.15353572E-23 5.62927568E-26 6.66102262E-09 1.40853760E-35 3.00041931E-25 3.10032779E-29 1.37621409E-33 5.34726088E-39 5.27872444E-40 3.68089945E-31 1.40391185E-32 2.04038600E-14 5.09494631E-35 1.00000000E-40 3.36239458E-34 1.00000000E-40 1.00000000E-40 1.20619411E-11 1.36160810E-30 6.15158285E-28 1.00000000E-40 1.00000000E-40 3.87243183E-33 3.49036341E-35 3.15403897E-31 3.21096338E-38 6.60372182E-28 2.19948260E-19 1.38745677E-22 2.31894021E-34 2.24578000E-37 1.00000000E-05 1.00000000E-05 1.00000000E-05 1.00000000E-05 1.00000000E-05 1.00000000E-05 1.00000000E-05 1.00000000E-05 1.00000000E-05 1.00000000E-05
2.75611609E+01 3.51366307E-02 1.40391884E+18 1.81273712E+02 1.00000000E+05 1.12721908E+01 2.62213077E+03 3.39003761E-06 8.10575069E-31 5.89097996E-07 9.94347727E-40 9.94347727E-40 9.94347727E-40 9.94347727E-40 9.95564104E-40 3.74314526E-17 3.41896986E-05 9.02239367E-07 1.27726802E-24 4.94175920E-19 5.09232862E-07 1.80155537E-06 2.32009240E+00 2.13252738E-21 2.98035109E-18 1.00000000E-40 1.00000000E-40 1.00000000E-40 9.57718416E-34 4.75154408E-26 2.08599750E-19 1.02241944E-16 1.40091110E-24 8.86033481E-24 7.23513712E-21 1.34377195E-11 1.51353107E-13 3.51267154E-13 3.75063247E-02 1.05123594E-32 1.46067116E-31 4.27811474E-12 2.96712579E-40 1.00000000E-40 7.48121997E-33 1.14899710E-31 5.41663006E-13 2.09304497E-10 1.02773359E-16 9.95747617E-17 1.43113050E-14 1.70263372E-07 1.64804962E-15 4.42277969E-23 6.52932464E-26 7.22968655E-09 1.50873399E-35 3.13310167E-25 3.29336558E-29 1.39909935E-33 5.73207215E-39 5.65669839E-40 3.94730787E-31 1.47404304E-32 1.81660837E-14 5.48357253E-35 1.00000000E-40 3.53320740E-34 1.00000000E-40 1.00000000E-40 1.38785026E-11 1.02204650E-30 6.42541820E-28 1.00000000E-40 1.00000000E-40 4.03564706E-33 3.63404596E-35 3.47234141E-31 3.74065075E-38 6.89481099E-28 6.14690445E-19 1.47107765E-22 2.44846404E-34 3.29438000E-37 1.00000000E-05 1.00000000E-05 1.00000000E-05 1.00000000E-05 1.00000000E-05 1.00000000E-05 1.00000000E-05 1.00000000E-05 1.00000000E-05 1.00000000E-05
2.90120392E+01 3.00119310E-02 1.20626699E+18 1.80205157E+02 1.00000000E+05 1.28201054E+01 2.95444119E+03 5.71289816E-06 1.58531555E-30 6.64997614E-07 1.11617543E-39 1.11617543E-39 1.11617543E-39 1.11617543E-39 1.11756097E-39 3.76565894E-17 3.69204577E-05 7.88827166E-07 4.16877634E-24 6.46330849E-19 5.91699146E-07 2.03230027E-06 2.41442243E+00 1.94897279E-21 2.87907159E-18 1.00000000E-40 1.00000000E-40 1.00000000E-40 9.59193065E-34 4.96127753E-26 2.21261313E-19 1.08795258E-16 1.22350565E-24 7.91930539E-24 7.50736911E-21 1.56951261E-11 1.68391907E-13 4.19402942E-13 3.60848335E-02 1.12128832E-32 1.55446124E-31 4.53901372E-12 3.27566336E-40 1.00000000E-40 8.09488566E-33 1.22205419E-31 5.50193693E-13 2.20095763E-10 1.21977533E-16 1.42122483E-16 1.34844544E-14 1.83784844E-07 1.70814988E-15 3.73148977E-23 8.02394453E-26 7.84084495E-09 1.61391984E-35 3.26620560E-25 3.49055632E-29 1.41470976E-33 6.13648538E-39 6.04827853E-40 4.22735990E-31 1.54399087E-32 1.58521745E-14 5.88644543E-35 1.00000000E-40 3.70099037E-34 1.00000000E-40 1.00000000E-40 1.59300767E-11 7.55489549E-31 6.69415486E-28 1.00000000E-40 1.00000000E-40 4.19384994E-33 3.77293486E-35 3.82471707E-31 4.34883497E-38 7.17740986E-28 1.64329538E-18 1.55744257E-22 2.58234472E-34 4.73890000E-37 1.00000000E-05 1.00000000E-05 1.00000000E-05 1.00000000E-05 1.00000000E-05 1.00000000E-05 1.00000000E-05 1.00000000E-05 1.00000000E-05 1.00000000E-05
3.04543773E+01 2.56346720E-02 1.03643017E+18 1.79144894E+02 1.00000000E+05 1.45400614E+01 3.32616094E+03 9.65001643E-06 3.66061922E-30 7.50775201E-07 1.25249027E-39 1.25249027E-39 1.25249027E-39 1.25249027E-39 1.25406830E-39 3.78234853E-17 3.98148547E-05 6.83209473E-07 1.22319858E-23 8.52177598E-19 6.85391064E-07 2.28982588E-06 2.50114915E+00 1.77340219E-21 2.73300680E-18 1.00000000E-40 1.00000000E-40 1.00000000E-40 9.61939085E-34 5.17117445E-26 2.29713490E-19 1.15518839E-16 1.05567762E-24 7.01406274E-24 7.74883005E-21 1.82935329E-11 1.85036857E-13 4.79649420E-13 3.44707660E-02 1.19454392E-32 1.65089076E-31 4.80392973E-12 3.60101421E-40 1.00000000E-40 8.75428550E-33 1.29702623E-31 5.67334977E-13 2.30708623E-10 1.44993384E-16 2.07518773E-16 1.28247533E-14 1.98104641E-07 1.76094975E-15 3.08038197E-23 1.01396270E-25 8.49638870E-09 1.72396737E-35 3.39888090E-25 3.69046242E-29 1.42160225E-33 6.56006430E-39 6.45138033E-40 4.52075140E-31 1.61303660E-32 1.34917347E-14 6.30100244E-35 1.00000000E-40 3.86317748E-34 1.00000000E-40 1.00000000E-40 1.82469223E-11 5.49452577E-31 6.95365481E-28 1.00000000E-40 1.00000000E-40 4.34445564E-33 3.90483534E-35 4.21482262E-31 5.04552281E-38 7.44734779E-28 3.92396001E-18 1.64625703E-22 2.71974620E-34 6.72091000E-37 1.00000000E-05 1.00000000E-05 1.00000000E-05 1.00000000E-05 1.00000000E-05 1.00000000E-05 1.00000000E-05 1.00000000E-05 1.00000000E-05 1.00000000E-05
3.18880313E+01 2.18958390E-02 8.90745321E+17 1.78042941E+02 1.00000000E+05 1.64393297E+01 3.74027357E+03 1.63313312E-05 1.07080141E-29 8.47487810E-07 1.40447946E-39 1.40447946E-39 1.40447946E-39 1.40447946E-39 1.40627588E-39 3.80343913E-17 4.28630909E-05 5.85372235E-07 3.22635457E-23 1.13513727E-18 7.91337676E-07 2.57605171E-06 2.57719179E+00 1.61124219E-21 2.54089942E-18 1.00000000E-40 1.00000000E-40 1.00000000E-40 9.68363524E-34 5.37863898E-26 2.32606276E-19 1.22346699E-16 8.98255180E-25 6.14807874E-24 7.94872283E-21 2.12710776E-11 2.00439829E-13 5.22879164E-13 3.26589110E-02 1.27047418E-32 1.74904286E-31 5.06951716E-12 3.94164259E-40 1.00000000E-40 9.45977751E-33 1.37315578E-31 6.00163101E-13 2.40964198E-10 1.72745932E-16 3.16104917E-16 1.24684973E-14 2.13171758E-07 1.80622839E-15 2.47903898E-23 1.27623499E-25 9.19596153E-09 1.83826451E-35 3.52940728E-25 3.89050830E-29 1.41798349E-33 7.00052612E-39 6.86188743E-40 4.82590207E-31 1.67999024E-32 1.12019288E-14 6.72255375E-35 1.00000000E-40 4.01596205E-34 1.00000000E-40 1.00000000E-40 2.08576102E-11 3.93856821E-31 7.19762002E-28 1.00000000E-40 1.00000000E-40 4.48362375E-33 4.02640958E-35 4.64554421E-31 5.84036342E-38 7.69828482E-28 8.35255048E-18 1.73677309E-22 2.85899937E-34 9.41382000E-37 1.00000000E-05 1.00000000E-05 1.00000000E-05 1.00000000E-05 1.00000000E-05 1.00000000E-05 1.00000000E-05 1.00000000E-05 1.00000000E-05 1.00000000E-05
3.33129250E+01 1.87023171E-02 7.65476105E+17 1.76962194E+02 1.00000000E+05 1.85322566E+01 4.20201565E+03 2.77003709E-05 4.27324019E-29 9.56852529E-07 1.57421743E-39 1.57421743E-39 1.57421743E-39 1.57421743E-39 1.57626195E-39 3.83417399E-17 4.60803331E-05 4.95441612E-07 7.75438493E-23 1.53138753E-18 9.11076627E-07 2.89460257E-06 2.64016949E+00 1.46263795E-21 2.30422556E-18 1.00000000E-40 1.00000000E-40 1.00000000E-40 9.79816782E-34 5.58429417E-26 2.29188877E-19 1.29278256E-16 7.53306230E-25 5.32912779E-24 8.09777945E-21 2.46805479E-11 2.13836655E-13 5.41822932E-13 3.06598518E-02 1.34918031E-32 1.84893290E-31 5.33487435E-12 4.29837594E-40 1.00000000E-40 1.02181152E-32 1.45039759E-31 6.57037370E-13 2.50798625E-10 2.06588357E-16 5.10502747E-16 1.25396507E-14 2.29058924E-07 1.84397839E-15 1.94148009E-23 1.56114920E-25 9.94501764E-09 1.95727541E-35 3.65817893E-25 4.09000036E-29 1.40244579E-33 7.45968216E-39 7.27899837E-40 5.14404426E-31 1.74448481E-32 9.12004806E-15 7.14928551E-35 1.00000000E-40 4.15707782E-34 1.00000000E-40 1.00000000E-40 2.38030284E-11 2.78202613E-31 7.42283281E-28 1.00000000E-40 1.00000000E-40 4.60950857E-33 4.13609674E-35 5.12339672E-31 6.74725878E-38 7.92728650E-28 1.60314344E-17 1.82925837E-22 2.99997388E-34 1.30958000E-36 1.00000000E-05 1.00000000E-05 1.00000000E-05 1.00000000E-05 1.00000000E-05 1.00000000E-05 1.00000000E-05 1.00000000E-05 1.00000000E-05 1.00000000E-05
3.47292002E+01 1.59745724E-02 6.57797473E+17 1.75895107E+02 1.00000000E+05 2.08330513E+01 4.71917174E+03 4.73362615E-05 2.35948452E-28 1.08168620E-06 1.76487540E-39 1.76487540E-39 1.76487540E-39 1.76487540E-39 1.76720353E-39 3.88040657E-17 4.94689476E-05 4.13655445E-07 1.71988554E-22 2.09750453E-18 1.04599396E-06 3.24866117E-06 2.68571210E+00 1.32718926E-21 2.02629153E-18 1.00000000E-40 1.00000000E-40 1.00000000E-40 9.97934568E-34 5.78708787E-26 2.19739162E-19 1.36266954E-16 6.22447918E-25 4.56126962E-24 8.17963515E-21 2.85711837E-11 2.24681775E-13 5.34099855E-13 2.84879840E-02 1.43019385E-32 1.94991911E-31 5.59682241E-12 4.67100909E-40 1.00000000E-40 1.10343919E-32 1.52816081E-31 7.44571882E-13 2.60037935E-10 2.48265711E-16 8.82651101E-16 1.31342864E-14 2.45774578E-07 1.87391214E-15 1.48219877E-23 1.83098711E-25 1.07468821E-08 2.08090710E-35 3.78448725E-25 4.28650121E-29 1.37261262E-33 7.93722143E-39 7.69891021E-40 5.47493635E-31 1.80538827E-32 7.35186932E-15 7.57597284E-35 1.00000000E-40 4.28184183E-34 1.00000000E-40 1.00000000E-40 2.71147475E-11 1.93636803E-31 7.62212034E-28 1.00000000E-40 1.00000000E-40 4.71787675E-33 4.23017745E-35 5.65474464E-31 7.77942626E-38 8.12733817E-28 2.80379643E-17 1.92343432E-22 3.14144297E-34 1.81907000E-36 1.00000000E-05 1.00000000E-05 1.00000000E-05 1.00000000E-05 1.00000000E-05 1.00000000E-05 1.00000000E-05 1.00000000E-05 1.00000000E-05 1.00000000E-05
3.61369362E+01 1.36446710E-02 5.65265043E+17 1.74834710E+02 1.00000000E+05 2.33672348E+01 5.30045847E+03 8.26399644E-05 1.61680723E-27 1.22496218E-06 1.97966197E-39 1.97966197E-39 1.97966197E-39 1.97966197E-39 1.98231515E-39 3.93891717E-17 5.30421977E-05 3.40530120E-07 3.56032963E-22 2.91861778E-18 1.19806699E-06 3.64240320E-06 2.71202711E+00 1.20106063E-21 1.72678634E-18 1.00000000E-40 1.00000000E-40 1.00000000E-40 1.02175837E-33 5.98755541E-26 2.05945642E-19 1.43312644E-16 5.07707939E-25 3.85551964E-24 8.18755297E-21 3.30078188E-11 2.33111745E-13 5.06640504E-13 2.61891321E-02 1.51331789E-32 2.05200085E-31 5.85448283E-12 5.06062409E-40 1.00000000E-40 1.19149052E-32 1.60637367E-31 8.64292844E-13 2.68645711E-10 3.00147013E-16 1.62753632E-15 1.42842367E-14 2.63381982E-07 1.89497309E-15 1.10997941E-23 2.06358219E-25 1.16065844E-08 2.20953228E-35 3.90868394E-25 4.47933478E-29 1.32878897E-33 8.43460637E-39 8.12081964E-40 5.81957542E-31 1.86239466E-32 5.92876356E-15 8.00086665E-35 1.00000000E-40 4.38841963E-34 1.00000000E-40 1.00000000E-40 3.08319260E-11 1.33546168E-31 7.79279544E-28 1.00000000E-40 1.00000000E-40 4.80737360E-33 4.30747685E-35 6.24631458E-31 8.95378695E-38 8.29630939E-28 4.51257603E-17 2.01949754E-22 3.28307489E-34 2.52127000E-36 1.00000000E-05 1.00000000E-05 1.00000000E-05 1.00000000E-05 1.00000000E-05 1.00000000E-05 1.00000000E-05 1.00000000E-05 1.00000000E-05 1.00000000E-05
3.75361074E+01 1.16545872E-02 4.85803229E+17 1.73761364E+02 1.00000000E+05 2.61538154E+01 5.95447726E+03 1.52627404E-04 1.23621343E-26 1.39008970E-06 2.22151972E-39 2.22151972E-39 2.22151972E-39 2.22151972E-39 2.22454551E-39 4.00141169E-17 5.68071767E-05 2.75750118E-07 6.97766946E-22 4.13207749E-18 1.36933942E-06 4.08010888E-06 2.71602379E+00 1.07950974E-21 1.42474855E-18 1.00000000E-40 1.00000000E-40 1.00000000E-40 1.04928822E-33 6.18528081E-26 1.89366701E-19 1.50387302E-16 4.09333008E-25 3.21660648E-24 8.11013967E-21 3.80595354E-11 2.39300640E-13 4.67837584E-13 2.37822232E-02 1.59802356E-32 2.15479750E-31 6.10558295E-12 5.46693989E-40 1.00000000E-40 1.28656427E-32 1.68464337E-31 1.01561094E-12 2.76512462E-10 3.65737500E-16 3.16513954E-15 1.59458552E-14 2.81913090E-07 1.90465459E-15 8.20794621E-24 2.24888599E-25 1.25284198E-08 2.34323879E-35 4.03049030E-25 4.66675876E-29 1.27108617E-33 8.95221793E-39 8.54212726E-40 6.17820541E-31 1.91472145E-32 4.81566551E-15 8.42009572E-35 1.00000000E-40 4.47342306E-34 1.00000000E-40 1.00000000E-40 3.49931951E-11 9.20328743E-32 7.92970624E-28 1.00000000E-40 1.00000000E-40 4.87508929E-33 4.36543404E-35 6.90546063E-31 1.02877747E-37 8.42942598E-28 6.76230666E-17 2.11734779E-22 3.42394386E-34 3.50082000E-36 1.00000000E-05 1.00000000E-05 1.00000000E-05 1.00000000E-05 1.00000000E-05 1.00000000E-05 1.00000000E-05 1.00000000E-05 1.00000000E-05 1.00000000E-05
3.89264851E+01 9.95475830E-03 4.17633706E+17 1.72644161E+02 1.00000000E+05 2.92262056E+01 6.69792163E+03 3.27876108E-04 9.84580727E-26 1.58366987E-06 2.49585215E-39 2.49585215E-39 2.49585215E-39 2.49585215E-39 2.49930827E-39 4.07919946E-17 6.07633467E-05 2.19146026E-07 1.31783500E-21 5.97502515E-18 1.56180946E-06 4.56594763E-06 2.69283834E+00 9.64965184E-22 1.13633630E-18 1.00000000E-40 1.00000000E-40 1.00000000E-40 1.08363178E-33 6.37897959E-26 1.71482711E-19 1.57430317E-16 3.26092504E-25 2.64353485E-24 7.92934747E-21 4.37960474E-11 2.43527041E-13 4.25815318E-13 2.12991316E-02 1.68335257E-32 2.25748442E-31 6.34614634E-12 5.88851910E-40 1.00000000E-40 1.38923149E-32 1.76219476E-31 1.19696380E-12 2.83441553E-10 4.50065158E-16 6.46457448E-15 1.80848585E-14 3.01361233E-07 1.90343413E-15 6.03782031E-24 2.39039715E-25 1.35157522E-08 2.48179427E-35 4.14905843E-25 4.84573335E-29 1.19937201E-33 9.48921149E-39 8.95799632E-40 6.55021143E-31 1.96102788E-32 3.96253452E-15 8.82701773E-35 1.00000000E-40 4.53146321E-34 1.00000000E-40 1.00000000E-40 3.96345035E-11 6.44596483E-32 8.02457818E-28 1.00000000E-40 1.00000000E-40 4.91621601E-33 4.39979599E-35 7.64018434E-31 1.17979082E-37 8.51871036E-28 9.57123375E-17 2.21657634E-22 3.56240392E-34 4.91033000E-36 1.00000000E-05 1.00000000E-05 1.00000000E-05 1.00000000E-05 1.00000000E-05 1.00000000E-05 1.00000000E-05 1.00000000E-05 1.00000000E-05 1.00000000E-05
4.03079863E+01 8.50285055E-03 3.58996295E+17 1.71550227E+02 1.00000000E+05 3.26542492E+01 7.56081695E+03 9.09620598E-04 7.86364443E-25 1.81712538E-06 2.81206755E-39 2.81206755E-39 2.81206755E-39 2.81206755E-39 2.81602835E-39 4.19374236E-17 6.49436398E-05 1.70789564E-07 2.44263165E-21 8.86415123E-18 1.77857691E-06 5.10708152E-06 2.63937622E+00 8.60834600E-22 8.76312763E-19 1.00000000E-40 1.00000000E-40 1.00000000E-40 1.13066546E-33 6.57092844E-26 1.53562001E-19 1.64464739E-16 2.56514978E-25 2.13648228E-24 7.63282638E-21 5.03204261E-11 2.46251766E-13 3.87803599E-13 1.88036093E-02 1.76917684E-32 2.36045025E-31 6.57554794E-12 6.32746371E-40 1.00000000E-40 1.50089326E-32 1.83918988E-31 1.40742759E-12 2.89387827E-10 5.60490976E-16 1.38675404E-14 2.07113707E-14 3.21885430E-07 1.89428211E-15 4.44780414E-24 2.50583745E-25 1.45797262E-08 2.62632860E-35 4.26586142E-25 5.01578438E-29 1.11525699E-33 1.00499497E-38 9.36830819E-40 6.93857010E-31 2.00104200E-32 3.31520213E-15 9.21949922E-35 1.00000000E-40 4.55968859E-34 1.00000000E-40 1.00000000E-40 4.48191060E-11 4.69827514E-32 8.07364453E-28 1.00000000E-40 1.00000000E-40 4.92874216E-33 4.40880304E-35 8.46371228E-31 1.35077621E-37 8.56098038E-28 1.29855046E-16 2.31799127E-22 3.69872422E-34 7.03856000E-36 1.00000000E-05 1.00000000E-05 1.00000000E-05 1.00000000E-05 1.00000000E-05 1.00000000E-05 1.00000000E-05 1.00000000E-05 1.00000000E-05 1.00000000E-05
4.16807814E+01 7.26270445E-03 3.08570419E+17 1.70475039E+02 1.00000000E+05 3.65181405E+01 8.58092596E+03 3.44694389E-03 6.08475759E-24 2.10614033E-06 3.18076103E-39 3.18076103E-39 3.18076103E-39 3.18076103E-39 3.18532044E-39 4.35469025E-17 6.93628750E-05 1.30383835E-07 4.50174260E-21 1.35307184E-17 2.02274736E-06 5.71007568E-06 2.55235948E+00 7.65523683E-22 6.54887880E-19 1.00000000E-40 1.00000000E-40 1.00000000E-40 1.19347758E-33 6.76135339E-26 1.36336333E-19 1.71464313E-16 1.98947921E-25 1.69473788E-24 7.20739875E-21 5.77395588E-11 2.47775874E-13 3.60589196E-13 1.63498381E-02 1.85478083E-32 2.46338905E-31 6.79123918E-12 6.78475737E-40 1.00000000E-40 1.62256849E-32 1.91524458E-31 1.64514805E-12 2.94221806E-10 7.07648509E-16 3.11285147E-14 2.38241757E-14 3.43554594E-07 1.87720536E-15 3.29036111E-24 2.62239670E-25 1.57276685E-08 2.77720145E-35 4.38103921E-25 5.17496863E-29 1.02122223E-33 1.06358573E-38 9.77028649E-40 7.34423420E-31 2.03390660E-32 2.81764469E-15 9.59282310E-35 1.00000000E-40 4.55410302E-34 1.00000000E-40 1.00000000E-40 5.06086612E-11 3.64678859E-32 8.07097980E-28 1.00000000E-40 1.00000000E-40 4.90933252E-33 4.38949522E-35 9.38788070E-31 1.54382278E-37 8.55073051E-28 1.70502368E-16 2.42169557E-22 3.83203658E-34 1.05387000E-35 1.00000000E-05 1.00000000E-05 1.00000000E-05 1.00000000E-05 1.00000000E-05 1.00000000E-05 1.00000000E-05 1.00000000E-05 1.00000000E-05 1.00000000E-05
4.30449952E+01 6.20343445E-03 2.65219593E+17 1.69411665E+02 1.00000000E+05 4.09429738E+01 9.83015181E+03 1.87416890E-02 4.41660330E-23 2.48291150E-06 3.62173795E-39 3.62173795E-39 3.62173795E-39 3.62173795E-39 3.62702625E-39 4.58584076E-17 7.40251462E-05 9.70870238E-08 8.34745660E-21 2.14106853E-17 2.29727258E-06 6.38142295E-06 2.42409599E+00 6.78331988E-22 4.73954139E-19 1.00000000E-40 1.00000000E-40 1.00000000E-40 1.27967561E-33 6.94921368E-26 1.20278886E-19 1.78340184E-16 1.51363367E-25 1.31286527E-24 6.61664741E-21 6.61593764E-11 2.48357502E-13 3.54582517E-13 1.39572411E-02 1.93857334E-32 2.56515639E-31 6.98693688E-12 7.25993255E-40 1.00000000E-40 1.75540466E-32 1.98921632E-31 1.90627756E-12 2.97612327E-10 9.09866483E-16 7.33495188E-14 2.73737336E-14 3.66382510E-07 1.85224542E-15 2.44632728E-24 2.77636815E-25 1.69664053E-08 2.93432757E-35 4.49389276E-25 5.31849245E-29 9.18502923E-34 1.12466497E-38 1.01565187E-39 7.76694148E-31 2.05745747E-32 2.42794678E-15 9.93604658E-35 1.00000000E-40 4.50522181E-34 1.00000000E-40 1.00000000E-40 5.70547566E-11 3.07585923E-32 8.00225587E-28 1.00000000E-40 1.00000000E-40 4.84949757E-33 4.33433349E-35 1.04267220E-30 1.76022375E-37 8.47394567E-28 2.17639361E-16 2.52733606E-22 3.96002833E-34 1.66279000E-35 1.00000000E-05 1.00000000E-05 1.00000000E-05 1.00000000E-05 1.00000000E-05 1.00000000E-05 1.00000000E-05 1.00000000E-05 1.00000000E-05 1.00000000E-05
4.44006176E+01 5.29865963E-03 2.27986492E+17 1.68334690E+02 1.00000000E+05 4.62035062E+01 1.14449490E+04 1.24549813E-01 2.88675605E-22 3.00949363E-06 4.17786390E-39 4.17786390E-39 4.17786390E-39 4.17786390E-39 4.18408687E-39 4.90981993E-17 7.89249317E-05 7.03722907E-08 1.57609166E-20 3.52959699E-17 2.60513780E-06 7.12728987E-06 2.25056401E+00 5.97080486E-22 3.32332784E-19 1.00000000E-40 1.00000000E-40 1.02144461E-40 1.39610420E-33 7.13288472E-26 1.05986979E-19 1.84981334E-16 1.12357141E-25 9.88236479E-25 5.82497580E-21 7.56904141E-11 2.48630477E-13 3.88549322E-13 1.16797674E-02 2.01863317E-32 2.66430437E-31 7.15551751E-12 7.75216466E-40 1.00000000E-40 1.90037138E-32 2.05971835E-31 2.18653041E-12 2.99205081E-10 1.19837574E-15 1.90551552E-13 3.32824446E-14 3.90335212E-07 1.81789028E-15 1.82409142E-24 3.02273964E-25 1.83007394E-08 3.09725918E-35 4.60336180E-25 5.44093159E-29 8.09870604E-34 1.18806425E-38 1.05183883E-39 8.20546197E-31 2.06932443E-32 2.11352877E-15 1.02368812E-34 1.00000000E-40 4.40301368E-34 1.00000000E-40 1.00000000E-40 6.41956171E-11 2.84982278E-32 7.85226539E-28 1.00000000E-40 1.00000000E-40 4.74022385E-33 4.23530546E-35 1.15937642E-30 2.00016846E-37 8.31573363E-28 2.71627415E-16 2.63427781E-22 4.07991196E-34 2.72334000E-35 1.00000000E-05 1.00000000E-05 1.00000000E-05 1.00000000E-05 1.00000000E-05 1.00000000E-05 1.00000000E-05 1.00000000E-05 1.00000000E-05 1.00000000E-05
4.57474499E+01 4.52584680E-03 1.96030377E+17 1.67221915E+02 1.00000000E+05 5.27053364E+01 1.35971179E+04 7.29335852E-01 1.64239937E-21 3.77015379E-06 4.92439422E-39 4.92439422E-39 4.92439422E-39 4.92439422E-39 4.93188885E-39 5.35002875E-17 8.40504717E-05 4.95992421E-08 3.06483572E-20 6.07603848E-17 2.94948345E-06 7.95383100E-06 2.03764253E+00 5.20335469E-22 2.25954305E-19 1.00000000E-40 1.00000000E-40 1.58397751E-40 1.54672808E-33 7.31042488E-26 9.46661998E-20 1.91269165E-16 8.10878471E-26 7.20688702E-25 4.82964951E-21 8.64515389E-11 2.50447561E-13 4.97597019E-13 9.57210319E-03 2.09299376E-32 2.75927497E-31 7.28996652E-12 8.26009138E-40 1.00000000E-40 2.05830678E-32 2.12530300E-31 2.47956214E-12 2.98688657E-10 1.64116348E-15 5.77990464E-13 4.48712173E-14 4.15347944E-07 1.77295277E-15 1.36052483E-24 3.45483730E-25 1.97340515E-08 3.26531541E-35 4.70819648E-25 5.53695960E-29 6.99397147E-34 1.25352515E-38 1.08471468E-39 8.65794871E-31 2.06729041E-32 1.85191929E-15 1.04832440E-34 1.00000000E-40 4.23875220E-34 1.00000000E-40 1.00000000E-40 7.20436817E-11 2.90648781E-32 7.60771105E-28 1.00000000E-40 1.00000000E-40 4.57367000E-33 4.08544105E-35 1.29024920E-30 2.26236680E-37 8.06305945E-28 3.33551209E-16 2.74171986E-22 4.18881624E-34 4.60157000E-35 1.00000000E-05 1.00000000E-05 1.00000000E-05 1.00000000E-05 1.00000000E-05 1.00000000E-05 1.00000000E-05 1.00000000E-05 1.00000000E-05 1.00000000E-05
4.70855009E+01 3.86574920E-03 1.68522827E+17 1.66146676E+02 1.00000000E+05 6.10925357E+01 1.64724039E+04 2.73393017E+00 7.66305167E-21 4.86507894E-06 6.00757827E-39 6.00757827E-39 6.00757827E-39 6.00757827E-39 6.01692985E-39 5.98104467E-17 8.94235543E-05 3.39258458E-08 6.17041628E-20 1.09799693E-16 3.33500039E-06 8.87118765E-06 1.79898285E+00 4.51746436E-22 1.48998009E-19 1.00000000E-40 1.00000000E-40 2.57559784E-40 1.74309304E-33 7.48288788E-26 9.00452635E-20 1.97145364E-16 5.67752204E-26 5.08413683E-25 3.68539263E-21 9.86099697E-11 2.60286516E-13 7.61974691E-13 7.67181115E-03 2.16031535E-32 2.84944385E-31 7.38518326E-12 8.78532320E-40 1.00000000E-40 2.23107871E-32 2.18520005E-31 2.76986799E-12 2.95858407E-10 2.43815055E-15 1.50421684E-12 4.82357223E-14 4.41520725E-07 1.72288941E-15 1.01757432E-24 4.27982842E-25 2.12785498E-08 3.43912104E-35 4.80907702E-25 5.60270341E-29 5.91523497E-34 1.32128964E-38 1.11372479E-39 9.12599870E-31 2.04959613E-32 1.63587766E-15 1.06654545E-34 1.00000000E-40 4.00323124E-34 1.00000000E-40 1.00000000E-40 8.05808310E-11 3.28002595E-32 7.25531392E-28 1.00000000E-40 1.00000000E-40 4.34191884E-33 3.87771864E-35 1.43739037E-30 2.54336283E-37 7.70314107E-28 4.02660501E-16 2.84994598E-22 4.28527148E-34 8.18591000E-35 1.00000000E-05 1.00000000E-05 1.00000000E-05 1.00000000E-05 1.00000000E-05 1.00000000E-05 1.00000000E-05 1.00000000E-05 1.00000000E-05 1.00000000E-05
4.84150912E+01 3.30192725E-03 1.44843727E+17 1.65114238E+02 1.00000000E+05 7.22605596E+01 2.00882789E+04 6.86765952E+00 2.57314697E-20 6.33126796E-06 7.71091868E-39 7.71091868E-39 7.71091868E-39 7.71091868E-39 7.72317273E-39 6.90966639E-17 9.50372038E-05 2.24735130E-08 1.28520052E-19 2.09566802E-16 3.76582090E-06 9.88779770E-06 1.55034227E+00 3.93247211E-22 9.52031783E-20 1.00000000E-40 1.00000000E-40 8.05350103E-40 1.99395026E-33 7.64885885E-26 1.05022920E-19 2.02451411E-16 3.85343872E-26 3.46832651E-25 2.52733355E-21 1.12316478E-10 2.99651761E-13 1.36406079E-12 6.00404015E-03 2.21826160E-32 2.93297576E-31 7.43191790E-12 9.32632892E-40 1.00000000E-40 2.42015168E-32 2.23764446E-31 3.02622382E-12 2.90402567E-10 4.29257587E-15 2.72537974E-12 3.38346145E-14 4.68809960E-07 1.67030976E-15 7.64569546E-25 6.01181653E-25 2.29409922E-08 3.61818087E-35 4.90509055E-25 5.63113218E-29 4.90258907E-34 1.39116878E-38 1.13780332E-39 9.60821917E-31 2.01310605E-32 1.45785801E-15 1.07674369E-34 1.00000000E-40 3.68129720E-34 1.00000000E-40 1.00000000E-40 8.96212024E-11 4.19527223E-32 6.77321961E-28 1.00000000E-40 1.00000000E-40 4.03176134E-33 3.60046136E-35 1.60276282E-30 2.83267158E-37 7.21476093E-28 4.75685278E-16 2.95827309E-22 4.36609383E-34 1.58614000E-34 1.00000000E-05 1.00000000E-05 1.00000000E-05 1.00000000E-05 1.00000000E-05 1.00000000E-05 1.00000000E-05 1.00000000E-05 1.00000000E-05 1.00000000E-05
4.97365485E+01 2.82033908E-03 1.24467515E+17 1.64120195E+02 1.00000000E+05 8.68043969E+01 2.39198178E+04 1.37961149E+01 5.79738001E-20 7.96950827E-06 1.04684669E-38 1.04684669E-38 1.04684669E-38 1.04684669E-38 1.04853371E-38 8.58120892E-17 1.00877033E-04 1.44063740E-08 2.77839333E-19 4.46879612E-16 4.24618957E-06 1.10121021E-05 1.30663236E+00 3.57244501E-22 5.88847299E-20 1.00000000E-40 1.00000000E-40 2.44099653E-38 2.38272822E-33 7.80658924E-26 2.01427893E-19 2.06960657E-16 2.53652838E-26 2.28892006E-25 1.53957014E-21 1.27715105E-10 4.41206361E-13 2.69868847E-12 4.58534711E-03 2.26452146E-32 3.00777189E-31 7.42016319E-12 9.87832658E-40 1.00000000E-40 2.62703216E-32 2.28068701E-31 3.21098206E-12 2.82136882E-10 1.00253289E-14 3.91148197E-12 1.76592253E-14 4.97134858E-07 1.61598979E-15 5.76916890E-25 1.00485121E-24 2.47269627E-08 3.80173646E-35 4.99511783E-25 5.61465310E-29 3.99442991E-34 1.46287119E-38 1.15600711E-39 1.01025182E-30 1.95443585E-32 1.31253136E-15 1.07720649E-34 1.00000000E-40 3.25585172E-34 1.00000000E-40 1.00000000E-40 9.86899880E-11 6.89470566E-32 6.13769563E-28 1.00000000E-40 1.00000000E-40 3.62900459E-33 3.24139772E-35 1.78842396E-30 3.10917548E-37 6.57554519E-28 5.51375933E-16 3.06582347E-22 4.42876232E-34 3.39779000E-34 1.00000000E-05 1.00000000E-05 1.00000000E-05 1.00000000E-05 1.00000000E-05 1.00000000E-05 1.00000000E-05 1.00000000E-05 1.00000000E-05 1.00000000E-05
5.10500506E+01 2.40899086E-03 1.06957696E+17 1.63132251E+02 1.00000000E+05 1.03845297E+02 2.65195314E+04 2.42768119E+01 9.04459307E-20 9.15766764E-06 1.47916738E-38 1.47916738E-38 1.47916738E-38 1.47916738E-38 1.48155497E-38 1.72627443E-16 1.06902968E-04 8.93507643E-09 6.32295578E-19 1.70722953E-15 4.77964323E-06 1.22503465E-05 1.07876011E+00 5.10997557E-22 3.52421098E-20 1.00000000E-40 1.00000000E-40 3.97968607E-37 4.41665231E-33 7.95272407E-26 8.35648306E-19 2.10283540E-16 1.62510596E-26 1.46031655E-25 8.36415631E-22 1.44892876E-10 9.39165969E-13 5.56133217E-12 3.41623178E-03 2.29693150E-32 3.07101708E-31 7.33847751E-12 1.04229448E-39 1.00000000E-40 2.85280414E-32 2.31192018E-31 3.30454518E-12 2.71064734E-10 3.18454504E-14 5.40112937E-12 8.32555106E-15 5.26287834E-07 1.56072176E-15 4.37062105E-25 2.05214383E-24 2.66359725E-08 3.98809322E-35 5.07701841E-25 5.54460787E-29 3.22293262E-34 1.53574380E-38 1.16760165E-39 1.06043342E-30 1.86982788E-32 1.22939376E-15 1.06602522E-34 1.00000000E-40 2.70893937E-34 1.00000000E-40 1.00000000E-40 1.06794046E-10 2.04058624E-31 5.32346088E-28 1.00000000E-40 1.00000000E-40 3.11929292E-33 2.78909381E-35 1.99614488E-30 3.33375905E-37 5.76293130E-28 6.36890313E-16 3.17100807E-22 4.47328341E-34 7.82970000E-34 1.00000000E-05 1.00000000E-05 1.00000000E-05 1.00000000E-05 1.00000000E-05 1.00000000E-05 1.00000000E-05 1.00000000E-05 1.00000000E-05 1.00000000E-05
5.23555040E+01 2.05763803E-03 9.19313265E+16 1.62114615E+02 1.00000000E+05 1.19261009E+02 2.57394592E+04 3.77838965E+01 1.01110922E-19 8.97066089E-06 2.09337984E-38 2.09337984E-38 2.09337984E-38 2.09337984E-38 2.09670580E-38 9.07197780E-16 1.13062159E-04 5.35404440E-09 1.59549175E-18 1.46347295E-14 5.36926175E-06 1.36076095E-05 8.72918432E-01 1.85764983E-21 2.04133750E-20 1.00000000E-40 1.00000000E-40 2.63871805E-36 1.95998515E-32 8.08355645E-26 5.32170911E-18 2.11925526E-16 1.04433749E-26 8.98381473E-26 4.09542705E-22 1.63804501E-10 2.45105647E-12 1.14177843E-11 2.48046109E-03 2.31453983E-32 3.11925985E-31 7.17387952E-12 1.09012700E-39 1.00000000E-40 3.09853190E-32 2.32857053E-31 3.37217187E-12 2.57420615E-10 1.15618275E-13 8.36565373E-12 4.13114736E-15 5.55997400E-07 1.51219587E-15 3.34598740E-25 5.02444282E-24 2.86650978E-08 4.17514598E-35 5.14842196E-25 5.41116926E-29 2.61051565E-34 1.60897219E-38 1.17072602E-39 1.11079809E-30 1.75511262E-32 1.49247770E-15 1.04084407E-34 1.00000000E-40 2.02456755E-34 1.00000000E-40 1.00000000E-40 1.12253003E-10 9.80487287E-31 4.29976205E-28 1.00000000E-40 1.00000000E-40 2.48697350E-33 2.23370779E-35 2.22767724E-30 3.43711985E-37 4.75007726E-28 7.73070349E-16 3.27195260E-22 4.50919858E-34 1.84656000E-33 1.00000000E-05 1.00000000E-05 1.00000000E-05 1.00000000E-05 1.00000000E-05 1.00000000E-05 1.00000000E-05 1.00000000E-05 1.00000000E-05 1.00000000E-05
5.36529422E+01 1.75753023E-03 7.90004045E+16 1.61135120E+02 1.00000000E+05 1.23042726E+02 1.99099230E+04 4.95365363E+01 7.83163153E-20 6.80032413E-06 2.77277214E-38 2.77277214E-38 2.77277214E-38 2.77277214E-38 2.77700647E-38 5.64006710E-15 1.19364777E-04 3.08748243E-09 4.79542195E-18 1.13266367E-13 6.02130861E-06 1.50973339E-05 6.92588219E-01 7.77952207E-21 1.14473032E-20 1.00000000E-40 1.00000000E-40 9.32088765E-36 8.89457859E-32 8.20035105E-26 2.63122509E-17 2.12330657E-16 7.49927656E-27 5.35336735E-26 1.82349501E-22 1.84075700E-10 5.61596450E-12 2.25315794E-11 1.75305487E-03 2.32154618E-32 3.14952290E-31 6.91562851E-12 1.11461222E-39 1.00000000E-40 3.36679256E-32 2.32842376E-31 3.62433198E-12 2.41854556E-10 3.69822566E-13 1.44607086E-11 2.13332788E-15 5.86298131E-07 1.52118682E-15 2.68637386E-25 1.38239026E-23 3.08297718E-08 4.36317285E-35 5.21010497E-25 5.20610808E-29 2.16126144E-34 1.68265553E-38 1.15613078E-39 1.16138343E-30 1.60725539E-32 3.18168721E-15 9.98392520E-35 1.00000000E-40 1.22139931E-34 1.00000000E-40 2.78987798E-40 1.13276387E-10 4.00330079E-30 3.04095951E-28 1.00000000E-40 1.00000000E-40 1.72449582E-33 1.57928131E-35 2.48645907E-30 3.31633343E-37 3.50869897E-28 1.05923863E-15 3.36860072E-22 4.57598460E-34 4.29370000E-33 1.00000000E-05 1.00000000E-05 1.00000000E-05 1.00000000E-05 1.00000000E-05 1.00000000E-05 1.00000000E-05 1.00000000E-05 1.00000000E-05 1.00000000E-05
5.49427453E+01 1.50119334E-03 6.78669225E+16 1.60212055E+02 1.00000000E+05 1.00335057E+02 1.03653183E+04 4.88153211E+01 3.68106245E-20 3.40818603E-06 3.06070081E-38 3.06070081E-38 3.06070081E-38 3.06070081E-38 3.06503592E-38 2.94218653E-14 1.25761004E-04 1.69654207E-09 1.72825818E-17 5.57988962E-13 6.73973666E-06 1.67273204E-05 5.39600318E-01 2.67211326E-20 6.20989364E-21 1.00000000E-40 1.00000000E-40 2.12675994E-35 2.58563035E-31 8.30015074E-26 7.81522826E-17 2.13226585E-16 6.24866633E-27 3.14470299E-26 7.42356386E-23 2.04105487E-10 9.82303860E-12 4.14032221E-11 1.20547146E-03 2.32776021E-32 3.15520982E-31 6.55214449E-12 1.08159815E-39 1.00000000E-40 3.65676082E-32 2.30703388E-31 4.34369524E-12 2.25311203E-10 8.69904314E-13 2.45665039E-11 9.83241234E-16 6.16922193E-07 1.82829624E-15 2.55872245E-25 3.89497227E-23 3.31336726E-08 4.55024981E-35 5.26022114E-25 4.92048613E-29 1.80602310E-34 1.75603881E-38 1.09756287E-39 1.21156900E-30 1.42578541E-32 7.68738230E-15 9.32098712E-35 1.00000000E-40 4.89741872E-35 1.00000000E-40 1.43175210E-39 1.09668983E-10 9.73615566E-30 1.66101740E-28 1.00000000E-40 1.00000000E-40 9.18959200E-34 9.19273276E-36 2.77538103E-30 2.96986385E-37 2.11236566E-28 1.65123935E-15 3.45901134E-22 4.77084720E-34 9.74631000E-33 1.00000000E-05 1.00000000E-05 1.00000000E-05 1.00000000E-05 1.00000000E-05 1.00000000E-05 1.00000000E-05 1.00000000E-05 1.00000000E-05 1.00000000E-05
5.62253797E+01 1.28224335E-03 5.82825318E+16 1.59348787E+02 1.00000000E+05 5.82018097E+01 3.20717762E+03 3.39572664E+01 9.89049761E-21 1.07221268E-06 2.61769575E-38 2.61769575E-38 2.61769575E-38 2.61769575E-38 2.62096839E-38 1.18610339E-13 1.32242719E-04 8.75727429E-10 6.87431897E-17 1.71494084E-12 7.53119943E-06 1.85109219E-05 4.16322294E-01 6.99798386E-20 3.27511344E-21 1.00000000E-40 1.00000000E-40 3.59448229E-35 3.94892312E-31 8.38275411E-26 1.55388060E-16 2.11515200E-16 5.13335249E-27 1.78713706E-26 2.80244722E-23 2.21270272E-10 1.36323785E-11 7.02282624E-11 8.13014374E-04 2.34447775E-32 3.13309759E-31 6.09937465E-12 9.73706437E-40 1.00000000E-40 3.96543448E-32 2.26323488E-31 5.58317626E-12 2.09198728E-10 1.43170209E-12 4.11851976E-11 3.96288465E-16 6.47806957E-07 3.19560986E-15 3.32323580E-25 1.01928265E-22 3.55882151E-08 4.73597401E-35 5.29898904E-25 4.56668521E-29 1.43816786E-34 1.82895428E-38 9.75932281E-40 1.26107363E-30 1.22459781E-32 1.36247836E-14 8.37201602E-35 1.00000000E-40 1.24647112E-35 1.00000000E-40 4.56360769E-39 1.04592774E-10 1.26222038E-29 6.23619419E-29 1.00000000E-40 1.00000000E-40 3.45875448E-34 4.88663976E-36 3.09807548E-30 2.81905164E-37 9.57680660E-29 2.74356240E-15 3.54249152E-22 5.25285536E-34 2.18374000E-32 1.00000000E-05 1.00000000E-05 1.00000000E-05 1.00000000E-05 1.00000000E-05 1.00000000E-05 1.00000000E-05 1.00000000E-05 1.00000000E-05 1.00000000E-05
5.75011912E+01 1.09522735E-03 5.00446221E+16 1.58512525E+02 1.00000000E+05 2.25908359E+01 5.45310223E+02 1.67916682E+01 1.60520879E-21 2.38443914E-07 1.75065082E-38 1.75065082E-38 1.75065082E-38 1.75065082E-38 1.75244773E-38 3.62735940E-13 1.38804068E-04 4.16308132E-10 2.52900004E-16 3.65265365E-12 8.40372464E-06 2.04641784E-05 3.23599356E-01 1.39649481E-19 1.70376010E-21 1.00000000E-40 1.00000000E-40 4.95700665E-35 3.02513539E-31 8.44776512E-26 2.49919339E-16 2.00648797E-16 3.84232401E-27 9.44186102E-27 1.00347900E-23 2.32914388E-10 1.63117413E-11 1.11721168E-10 5.48457160E-04 2.37405263E-32 3.08220594E-31 5.58424779E-12 8.13974486E-40 1.00000000E-40 4.28826740E-32 2.19749233E-31 6.92052529E-12 1.94376654E-10 1.76561608E-12 7.78798195E-11 1.54849234E-16 6.78892493E-07 7.24976861E-15 5.50963944E-25 2.33132225E-22 3.82067698E-08 4.91993000E-35 5.32646905E-25 4.16581745E-29 1.08729263E-34 1.90122850E-38 8.07131957E-40 1.30955379E-30 1.02460887E-32 1.75933939E-14 7.12448645E-35 1.00000000E-40 2.84817660E-36 1.00000000E-40 1.00105612E-38 1.01561330E-10 9.31464742E-30 1.55599508E-29 1.00000000E-40 1.00000000E-40 9.32946574E-35 3.47136355E-36 3.45882730E-30 3.21736189E-37 3.19826795E-29 4.23143104E-15 3.61817856E-22 6.20222383E-34 4.89428000E-32 1.00000000E-05 1.00000000E-05 1.00000000E-05 1.00000000E-05 1.00000000E-05 1.00000000E-05 1.00000000E-05 1.00000000E-05 1.00000000E-05 1.00000000E-05
5.87701061E+01 9.35487753E-04 4.29846825E+16 1.57630807E+02 1.00000000E+05 5.70908401E+00 4.89113453E+01 6.32108062E+00 1.95187726E-22 5.18167923E-08 1.00220819E-38 1.00220819E-38 1.00220819E-38 1.00220819E-38 1.00296790E-38 9.17009774E-13 1.45478458E-04 1.81212648E-10 7.54269947E-16 6.59333140E-12 9.36961736E-06 2.26132065E-05 2.60429278E-01 2.37835915E-19 9.22138576E-22 1.00000000E-40 1.00000000E-40 5.99588166E-35 1.39442651E-31 8.49729841E-26 3.67419440E-16 1.79922801E-16 2.74850531E-27 4.78926294E-27 3.56823460E-24 2.37245348E-10 1.78661020E-11 1.74237743E-10 3.83526185E-04 2.41767804E-32 3.00085804E-31 5.03354824E-12 6.13000149E-40 1.00000000E-40 4.62203907E-32 2.11030873E-31 7.92948894E-12 1.81078029E-10 1.94298994E-12 1.67230037E-10 5.98855453E-17 7.10297069E-07 1.68901733E-14 9.97902047E-25 4.86457871E-22 4.10188462E-08 5.10296866E-35 5.34380814E-25 3.73850378E-29 8.15071045E-35 1.97317445E-38 5.99231090E-40 1.35693616E-30 8.49402187E-33 2.01688144E-14 5.61231219E-35 1.00000000E-40 1.15045431E-36 1.00000000E-40 1.84229615E-38 1.01863770E-10 4.48695926E-30 2.81684153E-30 1.00000000E-40 1.00000000E-40 1.83310780E-35 3.75065543E-36 3.86413386E-30 3.77917306E-37 7.65685097E-30 5.66655599E-15 3.68574186E-22 7.79470596E-34 1.10557000E-31 1.00000000E-05 1.00000000E-05 1.00000000E-05 1.00000000E-05 1.00000000E-05 1.00000000E-05 1.00000000E-05 1.00000000E-05 1.00000000E-05 1.00000000E-05
6.00318706E+01 7.99046276E-04 3.69261957E+16 1.56730703E+02 1.00000000E+05 9.38689782E-01 2.43407384E+00 2.06329957E+00 2.49739657E-23 1.58217354E-08 5.65957819E-39 5.65957819E-39 5.65957819E-39 5.65957819E-39 5.66234754E-39 2.22013539E-12 1.52383256E-04 7.61928227E-11 2.00493037E-15 1.33866251E-11 1.04498322E-05 2.50041765E-05 2.22233140E-01 4.10038148E-19 6.26481452E-22 1.00000000E-40 1.00000000E-40 6.78130221E-35 7.42491901E-32 8.53759002E-26 5.17581326E-16 1.48976288E-16 1.93399371E-27 2.56035160E-27 1.36089273E-24 2.33066457E-10 1.78466357E-11 2.83368769E-10 2.88331323E-04 2.48726652E-32 2.88306536E-31 4.47154018E-12 3.65741960E-40 1.00000000E-40 4.96814005E-32 2.00089722E-31 8.73607772E-12 1.69346404E-10 2.40449325E-12 3.49427328E-10 2.28835336E-17 7.42544047E-07 4.00664692E-14 1.92616198E-24 1.08793867E-21 4.40855132E-08 5.28876094E-35 5.35462015E-25 3.30234409E-29 6.34316006E-35 2.04619633E-38 3.49734592E-40 1.40379612E-30 7.29263119E-33 2.75824727E-14 3.90690151E-35 1.00000000E-40 7.84252488E-37 1.00000000E-40 3.65532993E-38 1.04662366E-10 1.49423308E-30 6.51007826E-31 1.00000000E-40 1.00000000E-40 2.46076862E-36 4.27298321E-36 4.32453446E-30 3.81846413E-37 1.16250430E-30 7.69930703E-15 3.74609937E-22 1.00772756E-33 2.57656000E-31 1.00000000E-05 1.00000000E-05 1.00000000E-05 1.00000000E-05 1.00000000E-05 1.00000000E-05 1.00000000E-05 1.00000000E-05 1.00000000E-05 1.00000000E-05
6.12863495E+01 6.82504875E-04 3.17256906E+16 1.55815763E+02 1.00000000E+05 1.05278637E-01 9.00045325E-02 6.81852468E-01 4.38117550E-24 7.77037697E-09 3.54837747E-39 3.54837747E-39 3.54837747E-39 3.54837747E-39 3.54933667E-39 5.82532487E-12 1.59600587E-04 3.68424541E-11 5.76015650E-15 3.50435860E-11 1.16669834E-05 2.76855677E-05 2.01825598E-01 8.13799122E-19 7.48277151E-22 1.00000000E-40 1.00000000E-40 7.64357791E-35 1.03055524E-31 8.57172742E-26 7.49445208E-16 1.09561591E-16 1.41777210E-27 2.03216602E-27 6.03101757E-25 2.19450573E-10 1.56224737E-11 4.95046049E-10 2.35912354E-04 2.59137707E-32 2.71631464E-31 3.91820360E-12 1.50147449E-40 1.00000000E-40 5.33027181E-32 1.86588521E-31 9.65459118E-12 1.58869322E-10 3.79936908E-12 6.32911891E-10 1.06258545E-17 7.75993753E-07 1.09290610E-13 4.22938455E-24 2.92715104E-21 4.74641262E-08 5.47966850E-35 5.36070990E-25 2.87085603E-29 5.35986293E-35 2.12119745E-38 1.38807703E-40 1.45023326E-30 7.10039955E-33 5.18084176E-14 2.19520455E-35 1.00000000E-40 5.60193452E-37 1.00000000E-40 8.14292019E-38 1.06408310E-10 3.30148575E-31 4.50501113E-31 1.00000000E-40 1.00000000E-40 2.79453883E-37 4.06160644E-36 4.85149503E-30 3.27995642E-37 1.04978209E-31 1.30729195E-14 3.79818723E-22 1.24843474E-33 6.69611000E-31 1.00000000E-05 1.00000000E-05 1.00000000E-05 1.00000000E-05 1.00000000E-05 1.00000000E-05 1.00000000E-05 1.00000000E-05 1.00000000E-05 1.00000000E-05
6.25334359E+01 5.82961110E-04 2.72605380E+16 1.54889464E+02 1.00000000E+05 8.37340537E-03 4.11722829E-03 2.54409007E-01 1.14029993E-24 5.54127918E-09 2.58322373E-39 2.58322373E-39 2.58322373E-39 2.58322373E-39 2.58354993E-39 1.60937006E-11 1.67230590E-04 2.71473235E-11 1.72437777E-14 1.03233226E-10 1.30489552E-05 3.07170889E-05 1.92719926E-01 1.78631220E-18 1.58959992E-21 1.00000000E-40 1.00000000E-40 9.14195684E-35 1.73950163E-31 8.60313983E-26 1.21988301E-15 6.99171090E-17 1.24212692E-27 3.24561957E-27 3.22510965E-25 1.95700261E-10 1.20822861E-11 9.05878110E-10 2.07528159E-04 2.70341743E-32 2.48216419E-31 3.38930173E-12 1.00000000E-40 1.00000000E-40 5.71529811E-32 1.69930347E-31 1.03983508E-11 1.49009589E-10 7.16282898E-12 9.89913272E-10 8.23721335E-18 8.11093269E-07 3.36696707E-13 1.11131255E-23 9.06393539E-21 5.12252297E-08 5.67860935E-35 5.36419154E-25 2.45373214E-29 5.05057991E-35 2.19929443E-38 1.00000000E-40 1.49634957E-30 8.49068634E-33 1.15661487E-13 8.66299299E-36 1.00000000E-40 3.88882950E-37 1.00000000E-40 1.58107161E-37 9.98727579E-11 6.13929145E-32 4.55490010E-31 1.00000000E-40 1.00000000E-40 9.06834830E-38 3.68550402E-36 5.45915767E-30 2.59220452E-37 1.37903193E-32 2.60778254E-14 3.84038684E-22 1.39621232E-33 2.49636000E-30 1.00000000E-05 1.00000000E-05 1.00000000E-05 1.00000000E-05 1.00000000E-05 1.00000000E-05 1.00000000E-05 1.00000000E-05 1.00000000E-05 1.00000000E-05
6.37729474E+01 4.97935866E-04 2.34299692E+16 1.53928277E+02 1.00000000E+05 4.81182036E-04 4.16102495E-04 1.11312972E-01 4.15769151E-25 4.85513898E-09 2.14740078E-39 2.14740078E-39 2.14740078E-39 2.14740078E-39 2.14750774E-39 4.19615557E-11 1.75394139E-04 3.17016157E-11 4.63060904E-14 3.08176268E-10 1.46302235E-05 3.41728958E-05 1.90508232E-01 3.82850523E-18 4.03528515E-21 1.00000000E-40 1.00000000E-40 1.22276331E-34 2.04424965E-31 8.63564917E-26 2.16380948E-15 3.73115324E-17 1.35191943E-27 6.65983680E-27 2.04066203E-25 1.62292927E-10 8.26852825E-12 1.66152851E-09 1.92218634E-04 2.71843203E-32 2.15655077E-31 2.89556177E-12 1.00000000E-40 1.00000000E-40 6.13158648E-32 1.49164401E-31 1.01865082E-11 1.39082965E-10 1.45170974E-11 1.39431868E-09 1.17426554E-17 8.48374275E-07 1.02980070E-12 3.56085200E-23 2.81762969E-20 5.54576013E-08 5.88906317E-35 5.36742129E-25 2.05621280E-29 5.17848926E-35 2.28181195E-38 1.00000000E-40 1.54252217E-30 1.17787025E-32 2.71293683E-13 2.12814358E-36 1.00000000E-40 2.51774248E-37 1.00000000E-40 2.34843732E-37 7.79769690E-11 2.05580145E-32 4.37742241E-31 1.00000000E-40 1.00000000E-40 5.61465701E-38 3.32788119E-36 6.16524835E-30 1.82363518E-37 4.35804995E-33 5.07066322E-14 3.87210013E-22 1.47733686E-33 2.05450000E-29 1.00000000E-05 1.00000000E-05 1.00000000E-05 1.00000000E-05 1.00000000E-05 1.00000000E-05 1.00000000E-05 1.00000000E-05 1.00000000E-05 1.00000000E-05
6.50046077E+01 4.25311607E-04 2.01428473E+16 1.52933663E+02 1.00000000E+05 2.10585703E-05 1.13700255E-04 5.63297664E-02 1.93709925E-25 4.66882690E-09 1.95974799E-39 1.95974799E-39 1.95974799E-39 1.95974799E-39 1.95978113E-39 8.86385723E-11 1.84289756E-04 4.25635761E-11 9.52816373E-14 9.02708389E-10 1.64583490E-05 3.81563524E-05 1.92710211E-01 6.79634197E-18 8.59859130E-21 1.00000000E-40 1.00000000E-40 1.84089341E-34 1.43936220E-31 8.67611781E-26 3.84145256E-15 1.49435167E-17 1.61746498E-27 1.16548609E-26 1.45778721E-25 1.24098130E-10 4.49679264E-12 2.95788663E-09 1.84220024E-04 2.45550976E-32 1.72382088E-31 2.44478218E-12 1.00000000E-40 1.00000000E-40 6.58859415E-32 1.23411784E-31 8.08227156E-12 1.28906209E-10 2.99597939E-11 1.82152359E-09 2.21725765E-17 8.88724215E-07 2.63905672E-12 1.19698595E-22 7.59345088E-20 6.02897465E-08 6.11692163E-35 5.37457366E-25 1.68140201E-29 5.28431744E-35 2.37099766E-38 1.00000000E-40 1.59073550E-30 1.62200327E-32 6.39280262E-13 3.68022125E-37 1.00000000E-40 1.30608228E-37 1.00000000E-40 2.89808288E-37 4.50727056E-11 1.03270747E-32 3.62313033E-31 1.00000000E-40 1.00000000E-40 3.31514323E-38 2.52391628E-36 6.99401120E-30 9.83308544E-38 1.10854237E-33 7.96619561E-14 3.89923177E-22 1.62806002E-33 4.18196000E-28 1.00000000E-05 1.00000000E-05 1.00000000E-05 1.00000000E-05 1.00000000E-05 1.00000000E-05 1.00000000E-05 1.00000000E-05 1.00000000E-05 1.00000000E-05
6.62283329E+01 3.63279642E-04 1.73162127E+16 1.51951457E+02 1.00000000E+05 8.74298088E-07 5.98086234E-05 3.15432040E-02 1.06511720E-25 4.66851916E-09 1.89164701E-39 1.89164701E-39 1.89164701E-39 1.89164701E-39 1.89165707E-39 1.38150880E-10 1.94166831E-04 5.12529318E-11 1.38510567E-13 2.37728843E-09 1.85946952E-05 4.28005654E-05 1.98049434E-01 9.02733615E-18 1.29822318E-20 1.00000000E-40 1.00000000E-40 2.76993589E-34 6.40837402E-32 8.73259596E-26 6.82085595E-15 4.80382053E-18 1.81905238E-27 1.51334896E-26 1.12594999E-25 8.99686238E-11 1.95917040E-12 5.05513484E-09 1.80584668E-04 1.85457033E-32 1.22143540E-31 2.04210604E-12 1.00000000E-40 1.00000000E-40 7.09458817E-32 9.36812860E-32 5.10671946E-12 1.18937371E-10 5.93304029E-11 2.25095229E-09 3.53278819E-17 9.33255810E-07 5.02071671E-12 3.13398319E-22 1.57284276E-19 6.58850558E-08 6.36947650E-35 5.39045837E-25 1.33452653E-29 4.89468539E-35 2.46963660E-38 1.00000000E-40 1.64465018E-30 1.96528535E-32 1.38804723E-12 8.11379474E-38 1.00000000E-40 5.18041689E-38 1.00000000E-40 3.26207192E-37 2.00184917E-11 5.48409023E-33 2.48574236E-31 1.00000000E-40 1.00000000E-40 1.82485020E-38 1.57666917E-36 7.97669829E-30 3.89062645E-38 2.06992408E-34 9.13498605E-14 3.93470008E-22 1.91538903E-33 5.06386000E-26 1.00000000E-05 1.00000000E-05 1.00000000E-05 1.00000000E-05 1.00000000E-05 1.00000000E-05 1.00000000E-05 1.00000000E-05 1.00000000E-05 1.00000000E-05
6.74442437E+01 3.10295078E-04 1.48851646E+16 1.50986446E+02 1.00000000E+05 5.57632875E-08 4.07796972E-05 1.79619371E-02 6.49077657E-26 4.75123648E-09 1.88094704E-39 1.88094704E-39 1.88094704E-39 1.88094704E-39 1.88095007E-39 1.72663943E-10 2.05116701E-04 5.36702957E-11 1.58388578E-13 5.27113031E-09 2.10963451E-05 4.82257350E-05 2.05756071E-01 9.70290496E-18 1.43939443E-20 1.00000000E-40 1.00000000E-40 3.62022226E-34 2.40652889E-32 8.80473030E-26 1.21461485E-14 1.71590873E-18 1.82543423E-27 1.57841171E-26 9.11845507E-26 6.40537672E-11 8.53840351E-13 8.33723467E-09 1.79669399E-04 1.16327960E-32 7.53940668E-32 1.68849987E-12 1.00000000E-40 1.00000000E-40 7.65252393E-32 6.41820956E-32 2.98959145E-12 1.09256060E-10 1.06353801E-10 2.69058041E-09 4.28399997E-17 9.82297264E-07 7.50815516E-12 5.77610961E-22 2.47841204E-19 7.23725730E-08 6.64850226E-35 5.41460318E-25 1.02500495E-29 4.07104078E-35 2.57837861E-38 1.00000000E-40 1.70583136E-30 2.05478721E-32 2.59948051E-12 4.44924603E-38 1.00000000E-40 1.77670929E-38 1.00000000E-40 3.50083678E-37 8.85233703E-12 2.67704621E-33 1.52281392E-31 1.00000000E-40 1.00000000E-40 1.05032954E-38 9.40634900E-37 9.14397589E-30 1.29637405E-38 3.82503296E-35 8.39917342E-14 3.98396588E-22 2.34448171E-33 4.47832000E-24 1.00000000E-05 1.00000000E-05 1.00000000E-05 1.00000000E-05 1.00000000E-05 1.00000000E-05 1.00000000E-05 1.00000000E-05 1.00000000E-05 1.00000000E-05
6.86524811E+01 2.65038346E-04 1.27943692E+16 1.50039826E+02 1.00000000E+05 9.12184730E-09 2.97683920E-05 8.60422009E-03 4.19389747E-26 4.88397505E-09 1.90046666E-39 1.90046666E-39 1.90046666E-39 1.90046666E-39 1.90046737E-39 1.92517953E-10 2.17075170E-04 5.10371856E-11 1.60353534E-13 1.01232280E-08 2.40134151E-05 5.45338666E-05 2.15363313E-01 9.36313946E-18 1.30683274E-20 1.00000000E-40 1.00000000E-40 4.01636156E-34 9.20061501E-33 8.88527028E-26 2.12380218E-14 7.62745823E-19 1.68646871E-27 1.46967559E-26 7.60377480E-26 4.48291074E-11 4.14118347E-13 1.33581481E-08 1.80592421E-04 6.26341235E-33 4.06054282E-32 1.38224865E-12 1.00000000E-40 1.00000000E-40 8.26302617E-32 3.94658996E-32 1.78374721E-12 9.94450710E-11 1.72193571E-10 3.16875582E-09 4.26667285E-17 1.03540510E-06 9.77542676E-12 8.12628470E-22 3.19475216E-19 7.98443452E-08 6.95058320E-35 5.44225823E-25 7.61153010E-30 3.16536560E-35 2.69585717E-38 1.00000000E-40 1.77287875E-30 1.90619222E-32 4.28951103E-12 4.90843263E-38 1.00000000E-40 5.65540901E-39 1.00000000E-40 3.67573403E-37 4.45031750E-12 1.24205880E-33 8.97970754E-32 1.00000000E-40 1.00000000E-40 6.48127731E-39 5.80510066E-37 1.05249219E-29 3.95255645E-39 8.20015768E-36 6.91324802E-14 4.04121736E-22 2.84855646E-33 1.35416000E-22 1.00000000E-05 1.00000000E-05 1.00000000E-05 1.00000000E-05 1.00000000E-05 1.00000000E-05 1.00000000E-05 1.00000000E-05 1.00000000E-05 1.00000000E-05
6.98530915E+01 2.26382337E-04 1.09981809E+16 1.49086527E+02 1.00000000E+05 4.07851958E-09 2.18867916E-05 2.21615536E-03 2.79944369E-26 5.05406959E-09 1.93795098E-39 1.93795098E-39 1.93795098E-39 1.93795098E-39 1.93795108E-39 2.00493517E-10 2.29841952E-04 4.54588756E-11 1.50765949E-13 1.76854541E-08 2.73875707E-05 6.18066834E-05 2.26547094E-01 8.47275507E-18 1.03828037E-20 1.00000000E-40 1.00000000E-40 3.88793785E-34 3.73357192E-33 8.96229616E-26 3.62571886E-14 3.92805560E-19 1.46707100E-27 1.27588918E-26 6.47116369E-26 3.01563705E-11 2.17155174E-13 2.08964207E-08 1.82915443E-04 2.93343243E-33 1.90717416E-32 1.12024044E-12 1.00000000E-40 1.00000000E-40 8.92359180E-32 2.16012764E-32 1.09165781E-12 8.91430568E-11 2.58779732E-10 3.71266076E-09 3.72664727E-17 1.09146818E-06 1.16632873E-11 9.44370911E-22 3.59327657E-19 8.83584642E-08 7.26803847E-35 5.46583909E-25 5.45240433E-30 2.38602925E-35 2.81903511E-38 1.00000000E-40 1.84271912E-30 1.59188383E-32 6.51226805E-12 6.67249498E-38 1.00000000E-40 1.65054601E-39 1.00000000E-40 3.82030061E-37 2.47545782E-12 5.84170545E-34 5.19374779E-32 1.00000000E-40 1.00000000E-40 4.20297154E-39 3.68780003E-37 1.21465086E-29 1.09467516E-39 2.04010225E-36 5.32348696E-14 4.09579616E-22 3.30722729E-33 1.60604000E-21 1.00000000E-05 1.00000000E-05 1.00000000E-05 1.00000000E-05 1.00000000E-05 1.00000000E-05 1.00000000E-05 1.00000000E-05 1.00000000E-05 1.00000000E-05
7.10459317E+01 1.93364331E-04 9.45642926E+15 1.48103698E+02 1.00000000E+05 3.25050916E-09 1.58129188E-05 1.22375633E-04 1.90676127E-26 5.24969977E-09 1.98329199E-39 1.98329199E-39 1.98329199E-39 1.98329199E-39 1.98329199E-39 1.97820157E-10 2.43175443E-04 3.84869635E-11 1.33430694E-13 2.90923991E-08 3.12591173E-05 7.01223951E-05 2.38979547E-01 7.27433803E-18 7.42779345E-21 1.00000000E-40 1.00000000E-40 3.36180997E-34 1.60653095E-33 9.02402794E-26 6.06204807E-14 2.17651810E-19 1.20905209E-27 1.04459327E-26 5.59691916E-26 1.88721391E-11 1.17901665E-13 3.20631015E-08 1.86401831E-04 1.18504462E-33 7.72773452E-33 8.99382828E-13 1.00000000E-40 1.00000000E-40 9.63061472E-32 1.03485091E-32 6.73132356E-13 7.82536931E-11 3.69731572E-10 4.34737819E-09 2.95674566E-17 1.14917063E-06 1.29234856E-11 9.41398833E-22 3.66428239E-19 9.79671396E-08 7.59216101E-35 5.47791690E-25 3.74995904E-30 1.78131666E-35 2.94445699E-38 1.00000000E-40 1.91195161E-30 1.18935875E-32 9.37549633E-12 9.19611714E-38 1.00000000E-40 4.25121642E-40 1.00000000E-40 3.94562948E-37 1.44932104E-12 3.07261416E-34 2.92814241E-32 1.00000000E-40 1.00000000E-40 2.82391057E-39 2.35835345E-37 1.40365627E-29 2.65322605E-40 5.70366224E-37 3.87753630E-14 4.13698590E-22 3.56488739E-33 4.23336000E-21 1.00000000E-05 1.00000000E-05 1.00000000E-05 1.00000000E-05 1.00000000E-05 1.00000000E-05 1.00000000E-05 1.00000000E-05 1.00000000E-05 1.00000000E-05
7.22309583E+01 1.65162021E-04 8.13012063E+15 1.47139717E+02 1.00000000E+05 3.17825798E-09 1.11363616E-05 6.11889540E-07 1.31985284E-26 5.45931042E-09 2.02920210E-39 2.02920210E-39 2.02920210E-39 2.02920210E-39 2.02920210E-39 1.85926106E-10 2.56985136E-04 3.13028970E-11 1.11619075E-13 4.60335019E-08 3.56916619E-05 7.96110055E-05 2.52395603E-01 5.94095560E-18 4.87908323E-21 1.00000000E-40 1.00000000E-40 2.62756722E-34 7.26760535E-34 9.06597244E-26 9.97387354E-14 1.24511869E-19 9.44909362E-28 8.08531577E-27 4.90925590E-26 1.05367235E-11 6.46515042E-14 4.84609174E-08 1.90979086E-04 4.04915141E-34 2.64837526E-33 7.17212111E-13 1.00000000E-40 1.00000000E-40 1.03867137E-31 4.23115679E-33 4.11588872E-13 6.69524965E-11 5.10074391E-10 5.10091247E-09 2.19044358E-17 1.20790564E-06 1.32277613E-11 8.20603585E-22 3.48939742E-19 1.08793645E-07 7.91926512E-35 5.47554763E-25 2.45957052E-30 1.32740962E-35 3.07059518E-38 1.00000000E-40 1.97835310E-30 7.80820595E-33 1.30314824E-11 1.21524765E-37 1.00000000E-40 1.00000000E-40 1.00000000E-40 4.05441543E-37 8.63100125E-13 2.10358657E-34 1.59511642E-32 1.00000000E-40 1.00000000E-40 1.94303500E-39 1.49086972E-37 1.62348577E-29 1.00000000E-40 1.73594175E-37 2.67628044E-14 4.15739952E-22 3.47095989E-33 8.06129000E-21 1.00000000E-05 1.00000000E-05 1.00000000E-05 1.00000000E-05 1.00000000E-05 1.00000000E-05 1.00000000E-05 1.00000000E-05 1.00000000E-05 1.00000000E-05
7.34083430E+01 1.41073037E-04 6.98896957E+15 1.46200071E+02 1.00000000E+05 3.25652663E-09 7.56763552E-06 4.95920918E-10 9.25644914E-27 5.66986610E-09 2.07176953E-39 2.07176953E-39 2.07176953E-39 2.07176953E-39 2.07176953E-39 1.67432058E-10 2.71169509E-04 2.48532926E-11 8.87005434E-14 7.09404595E-08 4.07557351E-05 9.04169219E-05 2.66470915E-01 4.63424255E-18 3.07125430E-21 1.00000000E-40 1.00000000E-40 1.85981196E-34 3.40954779E-34 9.08407257E-26 1.62037149E-13 7.25620402E-20 7.03114294E-28 5.94163498E-27 4.35822957E-26 5.00012660E-12 3.56418719E-14 7.23277466E-08 1.96548438E-04 1.13652138E-34 7.45540114E-34 5.70874414E-13 1.00000000E-40 1.00000000E-40 1.11937315E-31 1.42643071E-33 2.47666449E-13 5.55301899E-11 6.85274306E-10 5.99886776E-09 1.56180381E-17 1.26699628E-06 1.24230570E-11 6.51975078E-22 3.24441835E-19 1.20975636E-07 8.24545900E-35 5.45605029E-25 1.52277379E-30 9.81329379E-36 3.19581865E-38 1.00000000E-40 2.03951848E-30 4.41882923E-33 1.76560265E-11 1.50292543E-37 1.00000000E-40 1.00000000E-40 1.00000000E-40 4.15077903E-37 5.13337411E-13 2.03259933E-34 8.37153358E-33 1.00000000E-40 1.00000000E-40 1.34641703E-39 9.25421645E-38 1.87861406E-29 1.00000000E-40 5.60527164E-38 1.75324005E-14 4.14968880E-22 2.97881309E-33 1.49988000E-20 1.00000000E-05 1.00000000E-05 1.00000000E-05 1.00000000E-05 1.00000000E-05 1.00000000E-05 1.00000000E-05 1.00000000E-05 1.00000000E-05 1.00000000E-05
7.45782840E+01 1.20497446E-04 6.00723935E+15 1.45284614E+02 1.00000000E+05 3.36511139E-09 4.85763657E-06 2.02841751E-13 6.54522927E-27 5.87167865E-09 2.10989888E-39 2.10989888E-39 2.10989888E-39 2.10989888E-39 2.10989888E-39 1.46436683E-10 2.85673849E-04 1.98406241E-11 6.79002516E-14 1.07249968E-07 4.65380857E-05 1.02719745E-04 2.80987615E-01 3.49823141E-18 2.07347669E-21 1.00000000E-40 1.00000000E-40 1.18522014E-34 1.66208476E-34 9.07664227E-26 2.60469608E-13 4.33359132E-20 5.04715906E-28 4.19942564E-27 3.90982675E-26 1.95044995E-12 1.99716572E-14 1.06713637E-07 2.03054153E-04 2.52257506E-35 1.65928176E-34 4.57532354E-13 1.00000000E-40 1.00000000E-40 1.20528518E-31 3.79824995E-34 1.47493713E-13 4.43660000E-11 9.00982023E-10 7.05521125E-09 1.12624166E-17 1.32595775E-06 1.09190152E-11 5.31166064E-22 3.22157015E-19 1.34691578E-07 8.56839663E-35 5.41815119E-25 8.76978573E-31 7.08097019E-36 3.31906631E-38 1.00000000E-40 2.09344166E-30 2.15080069E-33 2.34417153E-11 1.69742463E-37 1.00000000E-40 1.00000000E-40 1.00000000E-40 4.24174641E-37 3.04532868E-13 2.51942661E-34 4.27254091E-33 1.00000000E-40 1.00000000E-40 9.19053410E-40 5.68805564E-38 2.17445094E-29 1.00000000E-40 1.91165166E-38 1.10169145E-14 4.10753367E-22 2.23304682E-33 2.84676000E-20 1.00000000E-05 1.00000000E-05 1.00000000E-05 1.00000000E-05 1.00000000E-05 1.00000000E-05 1.00000000E-05 1.00000000E-05 1.00000000E-05 1.00000000E-05
7.57408497E+01 1.02922818E-04 5.16384914E+15 1.44362648E+02 1.00000000E+05 3.48105388E-09 2.93135750E-06 3.81848601E-17 4.64847444E-27 6.05711344E-09 2.14236197E-39 2.14236197E-39 2.14236197E-39 2.14236197E-39 2.14236197E-39 1.28521833E-10 3.00429445E-04 1.66296777E-11 5.18065600E-14 1.59687419E-07 5.31347764E-05 1.16718667E-04 2.95816006E-01 2.63895985E-18 1.81532091E-21 1.00000000E-40 1.00000000E-40 6.71739555E-35 8.82474083E-35 9.04215903E-26 4.14561542E-13 2.71019016E-20 3.60626296E-28 2.94499378E-27 3.54103579E-26 6.34442493E-13 1.16579419E-14 1.55650438E-07 2.10452219E-04 4.25064262E-36 2.80139166E-35 3.74414300E-13 1.00000000E-40 1.00000000E-40 1.29601058E-31 7.62872211E-35 8.94641231E-14 3.39391982E-11 1.16324465E-09 8.25437790E-09 8.89944592E-18 1.38421362E-06 9.53726114E-12 5.27067757E-22 3.86123485E-19 1.50134427E-07 8.88541391E-35 5.36065221E-25 4.60794937E-31 4.91403505E-36 3.43912630E-38 1.00000000E-40 2.13827239E-30 9.39112275E-34 3.05926237E-11 1.69347473E-37 1.00000000E-40 1.00000000E-40 1.00000000E-40 4.32662355E-37 1.84722918E-13 3.49266120E-34 2.18932347E-33 1.00000000E-40 1.00000000E-40 6.06239268E-40 3.56282928E-38 2.51703689E-29 1.00000000E-40 7.19560164E-39 6.85926594E-15 4.02508716E-22 1.50060462E-33 5.71380000E-20 1.00000000E-05 1.00000000E-05 1.00000000E-05 1.00000000E-05 1.00000000E-05 1.00000000E-05 1.00000000E-05 1.00000000E-05 1.00000000E-05 1.00000000E-05
7.68960576E+01 8.79114600E-05 4.43870277E+15 1.43451847E+02 1.00000000E+05 3.60158054E-09 1.81283027E-06 3.01517619E-21 3.31858994E-27 6.22164293E-09 2.16885317E-39 2.16885317E-39 2.16885317E-39 2.16885317E-39 2.16885317E-39 1.20563946E-10 3.15488287E-04 1.52359316E-11 4.20150114E-14 2.34528922E-07 6.06768774E-05 1.32688193E-04 3.10994533E-01 2.11786006E-18 2.26017640E-21 1.00000000E-40 1.00000000E-40 3.34037705E-35 5.50247490E-35 8.98321676E-26 6.53348534E-13 1.86695952E-20 2.72747383E-28 2.17912484E-27 3.23611327E-26 1.85979833E-13 7.46735613E-15 2.24359745E-07 2.18712465E-04 5.28838474E-37 3.47847787E-36 3.19066169E-13 1.35060156E-40 1.00000000E-40 1.39135873E-31 1.11660281E-35 5.87996819E-14 2.48567146E-11 1.47796656E-09 9.54618985E-09 8.31226220E-18 1.44172121E-06 8.91723344E-12 6.78255588E-22 5.74080895E-19 1.67576024E-07 9.19748518E-35 5.28481038E-25 2.16392831E-31 3.31252452E-36 3.55618073E-38 1.00000000E-40 2.17334374E-30 4.10061763E-34 3.92963662E-11 1.43684809E-37 1.00000000E-40 1.00000000E-40 1.00000000E-40 4.40272193E-37 1.21686245E-13 4.99569246E-34 1.20127333E-33 1.00000000E-40 1.00000000E-40 3.89117496E-40 2.41677271E-38 2.91427163E-29 1.00000000E-40 3.22240875E-39 4.50835665E-15 3.89950476E-22 9.75645752E-34 1.26565000E-19 1.00000000E-05 1.00000000E-05 1.00000000E-05 1.00000000E-05 1.00000000E-05 1.00000000E-05 1.00000000E-05 1.00000000E-05 1.00000000E-05 1.00000000E-05
7.80441307E+01 7.50895183E-05 3.81437579E+15 1.42584579E+02 1.00000000E+05 3.72717340E-09 1.35466769E-06 9.18226580E-26 2.38018014E-27 6.35944368E-09 2.18900933E-39 2.18900933E-39 2.18900933E-39 2.18900933E-39 2.18900933E-39 1.29668993E-10 3.30959225E-04 1.54544857E-11 3.88690884E-14 3.39516732E-07 6.93299224E-05 1.50975343E-04 3.26632596E-01 1.93824671E-18 3.54625834E-21 1.00000000E-40 1.00000000E-40 1.45112507E-35 4.19993966E-35 8.90375951E-26 1.01859937E-12 1.51110440E-20 2.33348696E-28 1.81922466E-27 2.98157486E-26 5.67341825E-14 5.60013277E-15 3.19267114E-07 2.27670997E-04 4.93718866E-38 3.15951648E-37 2.89178971E-13 2.15364935E-40 1.00000000E-40 1.49181203E-31 1.18088446E-36 4.49716425E-14 1.76459217E-11 1.84903422E-09 1.08642775E-08 9.43478295E-18 1.49866704E-06 9.33586131E-12 1.04446263E-21 9.48291012E-19 1.87355581E-07 9.50715570E-35 5.19266123E-25 8.94555665E-32 2.30513939E-36 3.67101902E-38 1.00000000E-40 2.19843514E-30 2.08197434E-34 4.96589383E-11 1.00721530E-37 1.00000000E-40 1.00000000E-40 1.00000000E-40 4.46552969E-37 9.35233106E-14 7.11488896E-34 7.59086265E-34 1.00000000E-40 1.00000000E-40 2.57646611E-40 1.90222497E-38 3.37598155E-29 1.00000000E-40 1.79222039E-39 3.35602098E-15 3.73009990E-22 6.82571972E-34 3.25760000E-19 1.00000000E-05 1.00000000E-05 1.00000000E-05 1.00000000E-05 1.00000000E-05 1.00000000E-05 1.00000000E-05 1.00000000E-05 1.00000000E-05 1.00000000E-05
7.91853614E+01 6.41376649E-05 3.27730407E+15 1.41746755E+02 1.00000000E+05 3.85726622E-09 1.25816246E-06 1.32623311E-30 1.70559784E-27 6.45791054E-09 2.20149077E-39 2.20149077E-39 2.20149077E-39 2.20149077E-39 2.20149077E-39 1.63618486E-10 3.46826677E-04 1.70838906E-11 4.20049488E-14 4.83439858E-07 7.92625272E-05 1.71930030E-04 3.42719604E-01 2.07077637E-18 6.19132736E-21 1.00000000E-40 1.00000000E-40 5.63341487E-36 3.83337442E-35 8.80403150E-26 1.56789912E-12 1.47008994E-20 2.31275195E-28 1.74612713E-27 2.76505139E-26 2.20530052E-14 5.02918874E-15 4.47695659E-07 2.36970686E-04 4.18107215E-39 2.12959262E-38 2.82646447E-13 3.25992199E-40 1.00000000E-40 1.59814864E-31 9.20057655E-38 4.10411395E-14 1.24653283E-11 2.27495954E-09 1.21502485E-08 1.26088443E-17 1.55464091E-06 1.09101922E-11 1.76311547E-21 1.57637742E-18 2.09786700E-07 9.81326302E-35 5.08408699E-25 3.23820985E-32 1.84091088E-36 3.78300394E-38 1.00000000E-40 2.21236376E-30 1.37254150E-34 6.16099011E-11 5.79377529E-38 1.00000000E-40 1.00000000E-40 1.00000000E-40 4.51695420E-37 8.60109909E-14 9.94535846E-34 5.67145303E-34 1.00000000E-40 1.00000000E-40 1.95539449E-40 1.78147869E-38 3.91245148E-29 1.00000000E-40 1.21074478E-39 2.89577817E-15 3.51633444E-22 5.53641487E-34 9.77506000E-19 1.00000000E-05 1.00000000E-05 1.00000000E-05 1.00000000E-05 1.00000000E-05 1.00000000E-05 1.00000000E-05 1.00000000E-05 1.00000000E-05 1.00000000E-05
8.03199200E+01 5.47831462E-05 2.81568424E+15 1.40922305E+02 1.00000000E+05 3.99208703E-09 1.28214512E-06 3.27623040E-35 1.22174253E-27 6.50025984E-09 2.20520059E-39 2.20520059E-39 2.20520059E-39 2.20520059E-39 2.20520059E-39 2.33614416E-10 3.63073893E-04 2.00038713E-11 5.12502108E-14 6.76160844E-07 9.06707130E-05 1.95959544E-04 3.59244338E-01 2.49531269E-18 1.13615956E-20 1.00000000E-40 1.00000000E-40 2.12680435E-36 3.94992079E-35 8.68444682E-26 2.37853606E-12 1.65721778E-20 2.53946119E-28 1.87174693E-27 2.57908744E-26 1.27855592E-14 5.21683664E-15 6.17744108E-07 2.46342212E-04 8.06065891E-40 1.08473968E-39 2.98437737E-13 4.71457346E-40 1.00000000E-40 1.71158226E-31 5.52669867E-39 4.31580341E-14 9.06390796E-12 2.74971891E-09 1.33551988E-08 1.85908545E-17 1.60918270E-06 1.37905013E-11 3.07958175E-21 2.53615560E-18 2.35224426E-07 1.01146201E-34 4.95905407E-25 1.02839114E-32 1.67686813E-36 3.89146486E-38 1.00000000E-40 2.21372486E-30 1.18142072E-34 7.49227676E-11 2.80694607E-38 1.00000000E-40 1.00000000E-40 1.00000000E-40 4.56805758E-37 9.13237596E-14 1.35635212E-33 4.84902830E-34 1.00000000E-40 1.00000000E-40 1.69307252E-40 1.92281669E-38 4.53555710E-29 1.00000000E-40 9.38727517E-40 2.79813268E-15 3.25901602E-22 5.21180948E-34 2.84244000E-18 1.00000000E-05 1.00000000E-05 1.00000000E-05 1.00000000E-05 1.00000000E-05 1.00000000E-05 1.00000000E-05 1.00000000E-05 1.00000000E-05 1.00000000E-05
8.14477938E+01 4.67929899E-05 2.41945000E+15 1.40081525E+02 1.00000000E+05 4.13166447E-09 1.32999592E-06 2.47924776E-38 8.89290788E-28 6.46510824E-09 2.19878860E-39 2.19878860E-39 2.19878860E-39 2.19878860E-39 2.19878860E-39 3.58960575E-10 3.79678042E-04 2.41947174E-11 6.73088281E-14 9.28611053E-07 1.03781171E-04 2.23535656E-04 3.76190683E-01 3.22868324E-18 2.12818673E-20 1.00000000E-40 1.00000000E-40 9.55646598E-37 4.35996702E-35 8.54553447E-26 3.54958281E-12 2.05380481E-20 2.97452174E-28 2.12687412E-27 2.41915672E-26 1.06089987E-14 5.94173456E-15 8.37990420E-07 2.55621167E-04 6.02201219E-40 1.00000000E-40 3.36819765E-13 6.54427072E-40 1.00000000E-40 1.83314727E-31 1.70627998E-40 4.97588872E-14 7.01189047E-12 3.26580870E-09 1.44306301E-08 2.87601981E-17 1.66176368E-06 1.82762755E-11 5.36168576E-21 3.90370867E-18 2.64061136E-07 1.04099195E-34 4.81761598E-25 2.89282579E-33 1.35608903E-36 3.99565391E-38 1.00000000E-40 2.20093817E-30 1.24927364E-34 8.92698651E-11 1.25505001E-38 1.00000000E-40 1.00000000E-40 1.00000000E-40 4.62084956E-37 1.06441955E-13 1.80047014E-33 4.52513665E-34 1.00000000E-40 1.00000000E-40 1.30176995E-40 2.27561417E-38 5.25888553E-29 1.00000000E-40 7.93559542E-40 2.89145155E-15 2.96075319E-22 5.46603391E-34 7.03936000E-18 1.00000000E-05 1.00000000E-05 1.00000000E-05 1.00000000E-05 1.00000000E-05 1.00000000E-05 1.00000000E-05 1.00000000E-05 1.00000000E-05 1.00000000E-05
8.25690111E+01 3.99682029E-05 2.07870832E+15 1.39263654E+02 1.00000000E+05 4.27803910E-09 1.38114267E-06 2.70916877E-39 6.78720853E-28 6.33253779E-09 2.18166699E-39 2.18166699E-39 2.18166699E-39 2.18166699E-39 2.18166699E-39 5.73435387E-10 3.96836133E-04 2.97569675E-11 9.20847635E-14 1.25344660E-06 1.18924428E-04 2.55351324E-04 3.93761043E-01 4.33629821E-18 3.99909387E-20 1.00000000E-40 1.00000000E-40 6.26973108E-37 4.98011006E-35 8.39272495E-26 5.20524154E-12 2.69376578E-20 3.51543380E-28 2.42720602E-27 2.28202551E-26 1.07524619E-14 7.17006416E-15 1.11774402E-06 2.64846331E-04 7.47582692E-40 1.00000000E-40 3.99467853E-13 8.75247296E-40 1.00000000E-40 1.96409801E-31 1.00000000E-40 6.07517916E-14 5.90442457E-12 3.81669854E-09 1.53403737E-08 4.53924882E-17 1.71276623E-06 2.48715746E-11 9.09658736E-21 5.73128385E-18 2.96891164E-07 1.07038260E-34 4.66263064E-25 7.45879575E-34 8.61825267E-37 4.09707675E-38 1.00000000E-40 2.17362747E-30 1.51811585E-34 1.04268946E-10 6.34392848E-39 1.00000000E-40 1.00000000E-40 1.00000000E-40 4.67370245E-37 1.31465429E-13 2.32633645E-33 4.45892463E-34 1.00000000E-40 1.00000000E-40 1.00000000E-40 2.84811386E-38 6.10141237E-29 1.00000000E-40 7.06660588E-40 3.09935218E-15 2.62838502E-22 6.13513047E-34 1.51963000E-17 1.00000000E-05 1.00000000E-05 1.00000000E-05 1.00000000E-05 1.00000000E-05 1.00000000E-05 1.00000000E-05 1.00000000E-05 1.00000000E-05 1.00000000E-05
8.36838568E+01 3.41388154E-05 1.78539566E+15 1.38493914E+02 1.00000000E+05 4.43182975E-09 1.42998046E-06 2.13864187E-39 5.59307786E-28 6.08499508E-09 2.15126840E-39 2.15126840E-39 2.15126840E-39 2.15126840E-39 2.15126840E-39 9.34486602E-10 4.14736783E-04 3.69059048E-11 1.28867394E-13 1.66505783E-06 1.36500675E-04 2.92245061E-04 4.12152925E-01 5.93632592E-18 7.46449612E-20 1.00000000E-40 1.00000000E-40 5.54189248E-37 5.76591328E-35 8.23039141E-26 7.49390946E-12 3.65563672E-20 4.18941541E-28 2.75184695E-27 2.16337571E-26 1.18263237E-14 8.98065759E-15 1.46661880E-06 2.74062575E-04 1.04824872E-39 1.00000000E-40 4.89201555E-13 1.13097551E-39 1.00000000E-40 2.10413868E-31 1.00000000E-40 7.70168977E-14 5.43163411E-12 4.39465486E-09 1.60590660E-08 7.20350394E-17 1.76245314E-06 3.43041781E-11 1.48275881E-20 8.01557374E-18 3.34389427E-07 1.10004743E-34 4.49633879E-25 2.01933432E-34 7.42118625E-37 4.19697564E-38 1.00000000E-40 2.13122590E-30 2.01754838E-34 1.19409777E-10 4.28911715E-39 1.00000000E-40 1.00000000E-40 1.00000000E-40 4.72248053E-37 1.68588618E-13 2.92831378E-33 4.55129885E-34 1.00000000E-40 1.00000000E-40 1.00000000E-40 3.69318294E-38 7.08580667E-29 1.00000000E-40 6.49236314E-40 3.39063066E-15 2.27119055E-22 7.17160554E-34 2.97862000E-17 1.00000000E-05 1.00000000E-05 1.00000000E-05 1.00000000E-05 1.00000000E-05 1.00000000E-05 1.00000000E-05 1.00000000E-05 1.00000000E-05 1.00000000E-05
8.47927710E+01 2.91596477E-05 1.53283446E+15 1.37785569E+02 1.00000000E+05 4.59061301E-09 1.46584990E-06 2.05197002E-39 4.95900340E-28 5.71950541E-09 2.10011763E-39 2.10011763E-39 2.10011763E-39 2.10011763E-39 2.10011763E-39 1.53771294E-09 4.33532471E-04 4.59696326E-11 1.82586371E-13 2.17988853E-06 1.56983915E-04 3.35209346E-04 4.31524381E-01 8.21415683E-18 1.37600136E-19 1.00000000E-40 1.00000000E-40 5.47219628E-37 6.68743387E-35 8.06136934E-26 1.05854064E-11 5.06272936E-20 4.87425364E-28 3.04549173E-27 2.05781261E-26 1.33220322E-14 1.15339010E-14 1.89416816E-06 2.83278729E-04 1.46881579E-39 1.00000000E-40 6.09983644E-13 1.41440472E-39 1.00000000E-40 2.25030034E-31 1.00000000E-40 1.00241129E-13 5.37538116E-12 4.98800778E-09 1.65723701E-08 1.13253499E-16 1.81081727E-06 4.75475336E-11 2.29726035E-20 1.06584660E-17 3.77287584E-07 1.13025790E-34 4.32015715E-25 8.35354976E-35 1.46520341E-36 4.29597807E-38 1.00000000E-40 2.07294159E-30 2.83238275E-34 1.33987771E-10 3.53414880E-39 1.00000000E-40 1.00000000E-40 1.00000000E-40 4.76660713E-37 2.21621360E-13 3.59522444E-33 4.75529787E-34 1.00000000E-40 1.00000000E-40 1.20584915E-40 4.91688844E-38 8.23849373E-29 1.00000000E-40 6.07632842E-40 3.74915251E-15 1.90113696E-22 8.58053321E-34 5.45677000E-17 1.00000000E-05 1.00000000E-05 1.00000000E-05 1.00000000E-05 1.00000000E-05 1.00000000E-05 1.00000000E-05 1.00000000E-05 1.00000000E-05 1.00000000E-05
8.58962700E+01 2.49066948E-05 1.31539229E+15 1.37144225E+02 1.00000000E+05 4.74603473E-09 1.46590576E-06 1.93893863E-39 4.50994273E-28 5.26202798E-09 2.01101949E-39 2.01101949E-39 2.01101949E-39 2.01101949E-39 2.01101949E-39 2.54024233E-09 4.53466818E-04 5.73951094E-11 2.60354198E-13 2.81770621E-06 1.80987575E-04 3.85530340E-04 4.52110312E-01 1.14360157E-17 2.49533255E-19 1.00000000E-40 1.00000000E-40 5.53637529E-37 7.71481312E-35 7.88925416E-26 1.46604523E-11 7.08590248E-20 5.58920814E-28 3.29654887E-27 1.95759342E-26 1.49833603E-14 1.50716359E-14 2.40996788E-06 2.92535783E-04 1.98675759E-39 1.00000000E-40 7.67378059E-13 1.71371611E-39 1.00000000E-40 2.39689331E-31 1.00000000E-40 1.33042713E-13 5.58120321E-12 5.58783242E-09 1.68761387E-08 1.75536425E-16 1.85806131E-06 6.58228650E-11 3.34969712E-20 1.34306516E-17 4.26483856E-07 1.16144840E-34 4.13595928E-25 6.89239421E-35 2.88691246E-36 4.39525379E-38 1.00000000E-40 1.99847193E-30 4.10421785E-34 1.47235342E-10 3.04025318E-39 1.00000000E-40 1.00000000E-40 1.00000000E-40 4.79660656E-37 2.96295336E-13 4.31069248E-33 5.04531347E-34 1.00000000E-40 1.00000000E-40 2.25926979E-40 6.67664807E-38 9.59284182E-29 1.00000000E-40 5.74893440E-40 4.16916419E-15 1.53321657E-22 1.03848647E-33 9.51353000E-17 1.00000000E-05 1.00000000E-05 1.00000000E-05 1.00000000E-05 1.00000000E-05 1.00000000E-05 1.00000000E-05 1.00000000E-05 1.00000000E-05 1.00000000E-05
8.69947303E+01 2.12740377E-05 1.12859436E+15 1.36530213E+02 1.00000000E+05 4.88394246E-09 1.39559618E-06 1.75602931E-39 3.96437605E-28 4.77079725E-09 1.85756860E-39 1.85756860E-39 1.85756860E-39 1.85756860E-39 1.85756860E-39 4.20177155E-09 4.75020403E-04 7.17883183E-11 3.72934339E-13 3.60414845E-06 2.09372970E-04 4.45017608E-04 4.74307774E-01 1.59890366E-17 4.43986261E-19 1.00000000E-40 1.00000000E-40 5.59414332E-37 8.81139607E-35 7.71901707E-26 1.98841522E-11 9.94938325E-20 6.17638249E-28 3.37902444E-27 1.85060254E-26 1.66396569E-14 1.99568312E-14 3.02410223E-06 3.01945984E-04 2.57427127E-39 1.00000000E-40 9.69648425E-13 2.01178575E-39 1.00000000E-40 2.53533638E-31 1.00000000E-40 1.79534884E-13 5.93620952E-12 6.19930775E-09 1.69707995E-08 2.70184032E-16 1.90484881E-06 9.05361482E-11 4.55029357E-20 1.59569872E-17 4.83206496E-07 1.19439197E-34 3.94620301E-25 8.34186353E-35 2.82431579E-36 4.49710387E-38 1.00000000E-40 1.90818335E-30 6.05122541E-34 1.58549527E-10 2.56281672E-39 1.00000000E-40 1.00000000E-40 1.00000000E-40 4.79130404E-37 4.01465036E-13 5.05220118E-33 5.41242201E-34 1.00000000E-40 1.00000000E-40 2.10098602E-40 9.18750647E-38 1.11946226E-28 1.00000000E-40 5.47374303E-40 4.66319047E-15 1.18392688E-22 1.26055763E-33 1.59618000E-16 1.00000000E-05 1.00000000E-05 1.00000000E-05 1.00000000E-05 1.00000000E-05 1.00000000E-05 1.00000000E-05 1.00000000E-05 1.00000000E-05 1.00000000E-05
8.80881507E+01 1.81712059E-05 9.68538776E+14 1.35888734E+02 1.00000000E+05 5.01131862E-09 1.22855224E-06 1.50908974E-39 3.25948546E-28 4.32725876E-09 1.62989430E-39 1.62989430E-39 1.62989430E-39 1.62989430E-39 1.62989430E-39 6.98767448E-09 5.00441071E-04 9.04737217E-11 5.41900884E-13 4.58662385E-06 2.44105797E-04 5.17819296E-04 5.00039843E-01 2.26284820E-17 7.76791880E-19 1.00000000E-40 1.00000000E-40 5.61059285E-37 9.94513997E-35 7.57556162E-26 2.63693129E-11 1.39960534E-19 6.65956711E-28 3.39920295E-27 1.72621492E-26 1.81842369E-14 2.69309416E-14 3.75711700E-06 3.12505290E-04 3.18650676E-39 1.00000000E-40 1.23371918E-12 2.28679273E-39 1.00000000E-40 2.66004227E-31 1.00000000E-40 2.48123547E-13 6.37989860E-12 6.89376941E-09 1.68926297E-08 4.21964628E-16 1.95735287E-06 1.23166559E-10 5.70554249E-20 1.77871457E-17 5.50759368E-07 1.23345204E-34 3.76252193E-25 1.13062629E-34 3.80189262E-36 4.61688459E-38 1.00000000E-40 1.80720221E-30 9.05803547E-34 1.68657380E-10 2.07708820E-39 1.00000000E-40 1.00000000E-40 1.00000000E-40 4.73881623E-37 5.54745329E-13 5.79482233E-33 5.90875316E-34 1.00000000E-40 1.00000000E-40 2.68414616E-40 1.28214418E-37 1.31475978E-28 1.00000000E-40 5.24945790E-40 5.31964016E-15 8.70429501E-23 1.52999018E-33 2.59614000E-16 1.00000000E-05 1.00000000E-05 1.00000000E-05 1.00000000E-05 1.00000000E-05 1.00000000E-05 1.00000000E-05 1.00000000E-05 1.00000000E-05 1.00000000E-05
8.91765472E+01 1.55209241E-05 8.31009073E+14 1.35278422E+02 1.00000000E+05 5.23563278E-09 9.81915499E-07 1.26762492E-39 2.54025176E-28 4.03417660E-09 1.38189788E-39 1.38189788E-39 1.38189788E-39 1.38189788E-39 1.38189788E-39 1.19053104E-08 5.39196210E-04 1.18527643E-10 8.33227329E-13 5.90541350E-06 2.91945204E-04 6.18212826E-04 5.38227080E-01 3.36094604E-17 1.35982665E-18 1.03332295E-40 1.00000000E-40 5.64211311E-37 1.11605373E-34 7.57005539E-26 3.41471482E-11 2.00171055E-19 7.39515881E-28 3.23052193E-27 1.59101372E-26 1.96055671E-14 3.82748239E-14 4.68900854E-06 3.29297890E-04 3.75574820E-39 1.00000000E-40 1.61138940E-12 2.52037829E-39 1.05040085E-40 2.79075323E-31 1.00000000E-40 3.63767578E-13 6.98189306E-12 8.02121219E-09 1.68412444E-08 7.14783048E-16 2.04677822E-06 1.64987771E-10 6.57885576E-20 1.86486146E-17 6.42112794E-07 1.29923068E-34 3.63524983E-25 1.61315663E-34 1.55424719E-35 4.82919285E-38 1.00000000E-40 1.71877450E-30 1.40843863E-33 1.83845436E-10 1.60299536E-39 1.00000000E-40 1.00000000E-40 1.00000000E-40 4.68475696E-37 8.07401717E-13 6.54252298E-33 6.82150675E-34 1.00000000E-40 1.00000000E-40 1.04111193E-39 1.85442775E-37 1.58133228E-28 1.00000000E-40 5.17614431E-40 6.54624304E-15 6.09691128E-23 1.87630345E-33 4.11433000E-16 1.00000000E-05 1.00000000E-05 1.00000000E-05 1.00000000E-05 1.00000000E-05 1.00000000E-05 1.00000000E-05 1.00000000E-05 1.00000000E-05 1.00000000E-05
9.02602783E+01 1.32571876E-05 7.12715272E+14 1.34726198E+02 1.00000000E+05 5.86363459E-09 7.15684578E-07 1.14127117E-39 1.99240642E-28 4.03258603E-09 1.23065115E-39 1.23065115E-39 1.23065115E-39 1.23065115E-39 1.23065115E-39 2.14146979E-08 6.16879553E-04 1.74981629E-10 1.48179151E-12 7.96422530E-06 3.73042630E-04 7.88680040E-04 6.15260992E-01 5.63895798E-17 2.47474613E-18 1.17436146E-40 1.00000000E-40 5.86737539E-37 1.28065330E-34 8.00247963E-26 4.31026124E-11 3.01737724E-19 8.63442489E-28 3.22028811E-27 1.48150358E-26 2.10282299E-14 6.15919158E-14 6.06869422E-06 3.67354319E-04 4.21848301E-39 1.00000000E-40 2.26025372E-12 2.72425162E-39 1.24637079E-40 3.00390227E-31 1.00000000E-40 6.10010184E-13 8.08531710E-12 1.07938155E-08 1.73661471E-08 1.57405397E-15 2.26374734E-06 2.14500819E-10 7.02967230E-20 1.89534847E-17 7.96878096E-07 1.45141008E-34 3.69458804E-25 2.47552889E-34 7.51715967E-35 5.34995721E-38 1.00000000E-40 1.70078020E-30 2.40632740E-33 2.24782676E-10 1.17733556E-39 1.00000000E-40 1.00000000E-40 1.00000000E-40 4.76190102E-37 1.32929574E-12 7.43718757E-33 9.11748378E-34 1.00000000E-40 1.00000000E-40 4.78789349E-39 2.89344201E-37 2.02809889E-28 1.00000000E-40 5.63237499E-40 9.89639307E-15 4.13629857E-23 2.39104178E-33 6.37682000E-16 1.00000000E-05 1.00000000E-05 1.00000000E-05 1.00000000E-05 1.00000000E-05 1.00000000E-05 1.00000000E-05 1.00000000E-05 1.00000000E-05 1.00000000E-05
9.13398765E+01 1.13236185E-05 6.10931925E+14 1.34248402E+02 1.00000000E+05 7.38088007E-09 4.60957180E-07 1.20720572E-39 1.65700096E-28 4.45514822E-09 1.27465705E-39 1.27465705E-39 1.27465705E-39 1.27465705E-39 1.27465705E-39 4.09430979E-08 7.76342041E-04 3.14976168E-10 3.24391334E-12 1.15667243E-05 5.28524135E-04 1.11570472E-03 7.78760837E-01 1.12709060E-16 4.81896894E-18 1.32088804E-40 1.00000000E-40 6.51848860E-37 1.61596902E-34 9.34763177E-26 5.33020558E-11 4.95333776E-19 1.34806205E-27 3.11194964E-27 1.44904817E-26 2.31740499E-14 1.18641124E-13 8.35630123E-06 4.53110353E-04 4.62233335E-39 1.00000000E-40 3.53934516E-12 2.99398590E-39 1.42384473E-40 3.40809681E-31 1.00000000E-40 1.23968466E-12 1.03243672E-11 1.82775582E-08 1.93187744E-08 5.44680223E-15 2.76291009E-06 2.60702231E-10 7.24723705E-20 2.09316641E-17 1.09373061E-06 1.79380660E-34 4.13176911E-25 4.16644640E-34 2.37790005E-34 6.55016077E-38 1.00000000E-40 1.83102560E-30 4.70298924E-33 3.34181529E-10 8.48629595E-40 1.00000000E-40 1.00000000E-40 1.00000000E-40 5.12136641E-37 2.61549714E-12 9.03968808E-33 1.52794425E-33 1.00000000E-40 1.00000000E-40 1.44571606E-38 4.96193713E-37 2.87799416E-28 1.00000000E-40 7.64746096E-40 2.06533503E-14 2.80196792E-23 3.24236561E-33 9.69147000E-16 1.00000000E-05 1.00000000E-05 1.00000000E-05 1.00000000E-05 1.00000000E-05 1.00000000E-05 1.00000000E-05 1.00000000E-05 1.00000000E-05 1.00000000E-05
9.24159568E+01 9.67206158E-06 5.23382560E+14 1.33849429E+02 1.00000000E+05 9.80010350E-09 1.90422349E-07 1.42261131E-39 1.34616848E-28 5.03550336E-09 1.47998346E-39 1.47998346E-39 1.47998346E-39 1.47998346E-39 1.47998346E-39 7.83199335E-08 1.03029720E-03 6.26143252E-10 7.62115819E-12 1.73550421E-05 7.88867203E-04 1.66310494E-03 1.04487356E+00 2.41127910E-16 9.52825362E-18 1.52939243E-40 1.00000000E-40 7.45562197E-37 2.36259173E-34 1.16201812E-25 6.62406715E-11 8.44094660E-19 2.12704380E-27 3.19272264E-27 1.47752370E-26 2.78588500E-14 2.43947911E-13 1.17324733E-05 5.93777245E-04 5.13490457E-39 1.00000000E-40 5.84434905E-12 3.44844129E-39 1.61551722E-40 3.91660517E-31 1.00000000E-40 2.72510473E-12 1.37976381E-11 3.39214889E-08 2.26938090E-08 2.37363700E-14 3.57119838E-06 2.98953219E-10 8.08433580E-20 2.95277071E-17 1.58036206E-06 2.35211790E-34 4.91131031E-25 7.12667649E-34 3.15734427E-34 8.50490159E-38 1.00000000E-40 2.07643920E-30 9.45882787E-33 5.34982782E-10 6.31140247E-40 1.00000000E-40 1.00000000E-40 1.00000000E-40 5.59783504E-37 5.48543324E-12 1.23936761E-32 2.82210866E-33 1.00000000E-40 1.00000000E-40 1.83907752E-38 8.71066041E-37 4.29292779E-28 1.00000000E-40 1.30048194E-39 4.99739748E-14 1.86565343E-23 4.44811157E-33 1.44684000E-15 1.00000000E-05 1.00000000E-05 1.00000000E-05 1.00000000E-05 1.00000000E-05 1.00000000E-05 1.00000000E-05 1.00000000E-05 1.00000000E-05 1.00000000E-05
9.34887311E+01 8.26138533E-06 4.48469481E+14 1.33424844E+02 1.00000000E+05 1.15915809E-08 5.85605205E-09 1.56368778E-39 8.89171057E-29 4.86918106E-09 1.61884904E-39 1.61884904E-39 1.61884904E-39 1.61884904E-39 1.61884904E-39 1.36913347E-07 1.28248765E-03 1.05776950E-09 1.45029320E-11 2.49765879E-05 1.09437401E-03 2.30522347E-03 1.30677755E+00 4.34761350E-16 1.68175866E-17 1.81702625E-40 1.00000000E-40 7.87797135E-37 3.37385810E-34 1.35329571E-25 8.62042571E-11 1.28395823E-18 3.25419077E-27 2.66573107E-27 1.45263684E-26 3.47901264E-14 4.10174390E-13 1.56513523E-05 7.28309407E-04 5.80373012E-39 1.00000000E-40 8.92528972E-12 3.95375331E-39 1.84877473E-40 4.09079420E-31 1.00000000E-40 4.94392052E-12 1.67222351E-11 5.20194555E-08 2.51381084E-08 7.07644675E-14 4.29736036E-06 3.67753668E-10 9.56028266E-20 4.20952431E-17 2.11733665E-06 2.87798971E-34 5.45445186E-25 1.08998130E-33 1.46033690E-34 1.02975980E-37 1.00000000E-40 2.18232227E-30 1.51761788E-32 7.11114328E-10 4.96457666E-40 1.00000000E-40 1.00000000E-40 1.00000000E-40 5.55627988E-37 9.41062697E-12 1.73970273E-32 4.11433644E-33 1.00000000E-40 1.00000000E-40 8.14274362E-39 1.34884025E-36 5.93728771E-28 1.00000000E-40 1.95308301E-39 9.00554171E-14 1.10633609E-23 5.39519639E-33 2.12394000E-15 1.00000000E-05 1.00000000E-05 1.00000000E-05 1.00000000E-05 1.00000000E-05 1.00000000E-05 1.00000000E-05 1.00000000E-05 1.00000000E-05 1.00000000E-05
9.45579689E+01 7.05645709E-06 3.84374670E+14 1.32968467E+02 1.00000000E+05 1.18380531E-08 6.06201376E-15 1.53025584E-39 4.96230364E-29 3.87203242E-09 1.58723279E-39 1.58723279E-39 1.58723279E-39 1.58723279E-39 1.58723279E-39 2.16599612E-07 1.44476641E-03 1.39860121E-09 2.12944169E-11 3.44590832E-05 1.37401202E-03 2.89307810E-03 1.47122976E+00 6.24705619E-16 2.51638068E-17 2.12383922E-40 1.00000000E-40 7.45223774E-37 3.97430943E-34 1.41809310E-25 1.17597425E-10 1.63614455E-18 4.26722813E-27 1.65803409E-27 1.35112472E-26 3.97020451E-14 5.28450450E-13 1.99412350E-05 8.07590429E-04 6.44443667E-39 1.00000000E-40 1.22948380E-11 4.22075737E-39 2.06985136E-40 3.74666031E-31 1.00000000E-40 6.89560667E-12 1.75985164E-11 6.39747882E-08 2.49468872E-08 1.17599963E-13 4.63493972E-06 4.83256582E-10 9.36970104E-20 4.37154548E-17 2.55420503E-06 3.16784289E-34 5.41688922E-25 1.45146685E-33 3.41968733E-35 1.12017192E-37 1.00000000E-40 2.03112018E-30 1.79027835E-32 7.64126369E-10 4.04899390E-40 1.00000000E-40 1.00000000E-40 1.00000000E-40 4.82387098E-37 1.23847128E-11 2.17776488E-32 4.33004990E-33 1.00000000E-40 1.00000000E-40 1.81945225E-39 1.77229419E-36 7.41425598E-28 1.00000000E-40 2.05797724E-39 1.08311847E-13 5.53145809E-24 5.53312026E-33 3.06721000E-15 1.00000000E-05 1.00000000E-05 1.00000000E-05 1.00000000E-05 1.00000000E-05 1.00000000E-05 1.00000000E-05 1.00000000E-05 1.00000000E-05 1.00000000E-05
9.56234974E+01 6.02726839E-06 3.29472244E+14 1.32500774E+02 1.00000000E+05 1.13838644E-08 5.56179488E-27 1.43435203E-39 2.64284464E-29 2.77125082E-09 1.49562998E-39 1.49562998E-39 1.49562998E-39 1.49562998E-39 1.49562998E-39 3.25750012E-07 1.55342336E-03 1.65845624E-09 2.80425112E-11 4.68777942E-05 1.66046847E-03 3.49579298E-03 1.58334009E+00 8.07337383E-16 3.42023151E-17 2.38264488E-40 1.00000000E-40 6.68325763E-37 4.15711181E-34 1.41632787E-25 1.61661001E-10 1.87872208E-18 4.96999703E-27 8.65592972E-28 1.24424457E-26 4.27430600E-14 6.00323296E-13 2.49029968E-05 8.58741885E-04 6.83090773E-39 1.00000000E-40 1.63052082E-11 4.22476020E-39 2.18812145E-40 3.13669082E-31 1.00000000E-40 8.52916377E-12 1.71255048E-11 7.24692622E-08 2.34834766E-08 1.48684757E-13 4.75042515E-06 6.36053471E-10 7.97630944E-20 3.82294124E-17 2.94929157E-06 3.32812168E-34 5.08984226E-25 1.80806397E-33 4.88578585E-36 1.16134097E-37 1.00000000E-40 1.77015854E-30 1.78729419E-32 7.57685968E-10 3.31875246E-40 1.00000000E-40 1.00000000E-40 1.00000000E-40 3.83171966E-37 1.43677863E-11 2.48652370E-32 3.93133754E-33 1.00000000E-40 1.00000000E-40 2.48083685E-40 2.15890762E-36 8.89311642E-28 1.00000000E-40 1.79611836E-39 1.09037124E-13 2.38888187E-24 5.17038547E-33 4.35767000E-15 1.00000000E-05 1.00000000E-05 1.00000000E-05 1.00000000E-05 1.00000000E-05 1.00000000E-05 1.00000000E-05 1.00000000E-05 1.00000000E-05 1.00000000E-05
9.66853361E+01 5.14818750E-06 2.82381124E+14 1.32049089E+02 1.00000000E+05 1.05588520E-08 1.76091848E-37 1.32321643E-39 1.27562345E-29 1.84247838E-09 1.38944453E-39 1.38944453E-39 1.38944453E-39 1.38944453E-39 1.38944453E-39 4.77329730E-07 1.64836289E-03 1.90344149E-09 3.58517420E-11 6.34762008E-05 1.99358384E-03 4.19774901E-03 1.68454382E+00 1.00269184E-15 4.40660752E-17 2.56550496E-40 1.00000000E-40 5.94290260E-37 4.13943425E-34 1.39668317E-25 2.19306460E-10 2.03909501E-18 5.66316889E-27 6.79150468E-28 1.15393779E-26 4.54680400E-14 6.50209656E-13 3.07014794E-05 9.03456135E-04 6.89286126E-39 1.00000000E-40 2.14580135E-11 4.04966307E-39 2.16531534E-40 2.46356739E-31 1.00000000E-40 1.01402456E-11 1.60457073E-11 8.07697811E-08 2.18421497E-08 1.72466653E-13 4.78499833E-06 8.21692645E-10 6.43250735E-20 3.19424651E-17 3.36612693E-06 3.45267036E-34 4.68697775E-25 2.19649510E-33 5.21529787E-37 1.18726932E-37 1.00000000E-40 1.49918044E-30 1.65117834E-32 7.38874856E-10 2.73176181E-40 1.00000000E-40 1.00000000E-40 1.00000000E-40 2.86071778E-37 1.58813107E-11 2.69481490E-32 3.41696383E-33 1.00000000E-40 1.00000000E-40 1.00000000E-40 2.56018119E-36 1.05785533E-27 1.00000000E-40 1.47134721E-39 1.04292594E-13 9.17269973E-25 4.62019230E-33 6.09034000E-15 1.00000000E-05 1.00000000E-05 1.00000000E-05 1.00000000E-05 1.00000000E-05 1.00000000E-05 1.00000000E-05 1.00000000E-05 1.00000000E-05 1.00000000E-05
9.77435879E+01 4.39732112E-06 2.42005662E+14 1.31607116E+02 1.00000000E+05 9.43129751E-09 1.01548239E-39 1.20594956E-39 5.15536163E-30 1.13678689E-09 1.27724262E-39 1.27724262E-39 1.27724262E-39 1.27724262E-39 1.27724262E-39 6.85389930E-07 1.74271473E-03 2.15701134E-09 4.54363794E-11 8.56745940E-05 2.39536817E-03 5.04607560E-03 1.78701578E+00 1.21696463E-15 5.44172215E-17 2.66557707E-40 1.00000000E-40 5.37705101E-37 4.00661737E-34 1.37379678E-25 2.91886479E-10 2.11771087E-18 5.83272049E-27 3.65620024E-28 1.07603941E-26 4.83187352E-14 6.84646350E-13 3.73893674E-05 9.47285598E-04 6.65273324E-39 1.00000000E-40 2.81499995E-11 3.75822309E-39 2.00939605E-40 1.82712159E-31 1.00000000E-40 1.18253833E-11 1.46713890E-11 9.01053278E-08 2.03543436E-08 1.93829981E-13 4.77703965E-06 1.03574376E-09 5.08262452E-20 2.65932136E-17 3.82638727E-06 3.56846879E-34 4.27085123E-25 2.62934656E-33 8.45647489E-38 1.20764568E-37 1.00000000E-40 1.24963809E-30 1.45073602E-32 7.20784498E-10 2.29073453E-40 1.00000000E-40 1.00000000E-40 1.00000000E-40 2.02028690E-37 1.70553721E-11 2.80507830E-32 2.92631162E-33 1.00000000E-40 1.00000000E-40 1.00000000E-40 2.99086095E-36 1.25772534E-27 1.00000000E-40 1.17231079E-39 9.80827339E-14 3.18199895E-25 4.01149748E-33 8.37370000E-15 1.00000000E-05 1.00000000E-05 1.00000000E-05 1.00000000E-05 1.00000000E-05 1.00000000E-05 1.00000000E-05 1.00000000E-05 1.00000000E-05 1.00000000E-05
9.87983653E+01 3.75596907E-06 2.07376643E+14 1.31183401E+02 1.00000000E+05 8.05817899E-09 8.76091027E-40 1.08469216E-39 1.60657769E-30 6.45457581E-10 1.16099769E-39 1.16099769E-39 1.16099769E-39 1.16099769E-39 1.16099769E-39 9.65268715E-07 1.83895219E-03 2.42067724E-09 5.73361773E-11 1.15314294E-04 2.88303066E-03 6.07816623E-03 1.89286513E+00 1.44769900E-15 6.45455836E-17 2.68618144E-40 1.00000000E-40 5.03487950E-37 3.78299456E-34 1.35103290E-25 3.80744578E-10 2.10607698E-18 5.56335355E-27 1.00000000E-40 1.00574773E-26 5.11334419E-14 7.02421749E-13 4.49786721E-05 9.90899498E-04 6.16906984E-39 1.00000000E-40 3.67389038E-11 3.39537527E-39 1.75378925E-40 1.27716881E-31 1.00000000E-40 1.35639222E-11 1.31335979E-11 1.01033774E-07 1.90971993E-08 2.12883079E-13 4.73065793E-06 1.27040614E-09 3.97593218E-20 2.23296474E-17 4.33631960E-06 3.67967795E-34 3.85565200E-25 3.10827908E-33 9.65134454E-38 1.22401392E-37 1.00000000E-40 1.03014309E-30 1.22036018E-32 7.06828239E-10 1.98643470E-40 1.00000000E-40 1.00000000E-40 1.00000000E-40 1.34759403E-37 1.78327739E-11 2.80870768E-32 2.48215024E-33 1.00000000E-40 1.00000000E-40 1.00000000E-40 3.45189831E-36 1.49718614E-27 1.00000000E-40 9.13289043E-40 9.13000808E-14 1.00589635E-25 3.40271530E-33 1.13298000E-14 1.00000000E-05 1.00000000E-05 1.00000000E-05 1.00000000E-05 1.00000000E-05 1.00000000E-05 1.00000000E-05 1.00000000E-05 1.00000000E-05 1.00000000E-05
9.98497911E+01 3.20815862E-06 1.77687786E+14 1.30772063E+02 1.00000000E+05 6.53116332E-09 7.40911538E-40 9.60894877E-40 3.46050241E-31 3.34470395E-10 1.04198632E-39 1.04198632E-39 1.04198632E-39 1.04198632E-39 1.04198632E-39 1.33289398E-06 1.93682497E-03 2.68759390E-09 7.21225504E-11 1.54820388E-04 3.47505412E-03 7.33471570E-03 2.00194391E+00 1.68831385E-15 7.34995358E-17 2.63853274E-40 1.00000000E-40 4.93718108E-37 3.48182161E-34 1.32965225E-25 4.86625077E-10 2.00171464E-18 5.93620510E-27 1.00000000E-40 9.41054293E-27 5.35739302E-14 7.01178543E-13 5.34336162E-05 1.03397809E-03 5.51870526E-39 1.00000000E-40 4.75313801E-11 2.99947421E-39 1.46087878E-40 8.49906671E-32 1.00000000E-40 1.52890308E-11 1.15030564E-11 1.14074942E-07 1.80909976E-08 2.27790146E-13 4.64234172E-06 1.51252438E-09 3.09406186E-20 1.90217243E-17 4.89744107E-06 3.78536392E-34 3.44514422E-25 3.63164516E-33 1.23141451E-37 1.23618303E-37 1.00000000E-40 8.42820641E-31 9.84926373E-33 6.98654793E-10 1.80273120E-40 1.00000000E-40 1.00000000E-40 1.00000000E-40 8.58282525E-38 1.81218225E-11 2.70306034E-32 2.08489690E-33 1.00000000E-40 1.00000000E-40 1.00000000E-40 3.94195370E-36 1.78592783E-27 1.00000000E-40 6.94706334E-40 8.42097376E-14 2.91277028E-26 2.82906009E-33 1.50964000E-14 1.00000000E-05 1.00000000E-05 1.00000000E-05 1.00000000E-05 1.00000000E-05 1.00000000E-05 1.00000000E-05 1.00000000E-05 1.00000000E-05 1.00000000E-05
1.00897944E+02 2.74024667E-06 1.52242429E+14 1.30367901E+02 1.00000000E+05 4.98082042E-09 6.07851934E-40 8.36269203E-40 4.30498413E-32 1.57863790E-10 9.21758500E-40 9.21758500E-40 9.21758500E-40 9.21758500E-40 9.21758500E-40 1.80372413E-06 2.03555458E-03 2.94554937E-09 9.04651991E-11 2.07391956E-04 4.19289420E-03 8.86356972E-03 2.11372598E+00 1.92896975E-15 8.02650735E-17 2.54075320E-40 1.00000000E-40 5.07879376E-37 3.11959370E-34 1.31094762E-25 6.09405724E-10 1.81454052E-18 4.87831124E-27 9.70547265E-28 8.81904094E-27 5.52984424E-14 6.79777986E-13 6.26695291E-05 1.07605128E-03 4.78831415E-39 1.00000000E-40 6.07175692E-11 2.60409438E-39 1.21157039E-40 5.67310474E-32 1.00000000E-40 1.69131448E-11 9.83574225E-12 1.29892937E-07 1.73338651E-08 2.36694847E-13 4.50823079E-06 1.74388066E-09 2.40280413E-20 1.65026056E-17 5.50880776E-06 3.88375636E-34 3.04199299E-25 4.19464495E-33 6.36206402E-38 1.24380634E-37 1.00000000E-40 6.87223845E-31 7.64617455E-33 6.97102081E-10 1.71599371E-40 1.00000000E-40 1.00000000E-40 1.00000000E-40 5.50009757E-38 1.78648403E-11 2.49631210E-32 1.73155560E-33 1.00000000E-40 1.00000000E-40 1.00000000E-40 4.45608454E-36 2.13683250E-27 1.00000000E-40 5.14848963E-40 7.69832535E-14 7.76317901E-27 2.31353854E-33 1.98335000E-14 1.00000000E-05 1.00000000E-05 1.00000000E-05 1.00000000E-05 1.00000000E-05 1.00000000E-05 1.00000000E-05 1.00000000E-05 1.00000000E-05 1.00000000E-05
1.01942866E+02 2.34057997E-06 1.30438669E+14 1.29967224E+02 1.00000000E+05 3.54510740E-09 4.81547147E-40 7.12533050E-40 2.04392438E-33 6.87673883E-11 8.01864761E-40 8.01864761E-40 8.01864761E-40 8.01864761E-40 8.01864761E-40 2.39346391E-06 2.13418707E-03 3.17962704E-09 1.13145922E-10 2.77234670E-04 5.06046367E-03 1.07186917E-02 2.22748403E+00 2.15829106E-15 8.41603315E-17 2.41440418E-40 1.00000000E-40 5.38010068E-37 2.72034998E-34 1.29612884E-25 7.48231561E-10 1.56874286E-18 4.32178829E-27 1.23248362E-27 8.28379130E-27 5.60578468E-14 6.39738174E-13 7.25795369E-05 1.11665422E-03 4.05793843E-39 1.00000000E-40 7.63383554E-11 2.23494301E-39 1.01683438E-40 3.88434781E-32 1.00000000E-40 1.83524526E-11 8.20009645E-12 1.49233354E-07 1.67921661E-08 2.38689488E-13 4.32843234E-06 1.94634627E-09 1.86380670E-20 1.45858243E-17 6.16759916E-06 3.97294506E-34 2.65124686E-25 4.79071255E-33 2.20084657E-38 1.24675144E-37 1.00000000E-40 5.61141179E-31 5.74146397E-33 7.01760771E-10 1.68187946E-40 1.00000000E-40 1.00000000E-40 1.00000000E-40 3.62359633E-38 1.70823142E-11 2.21209938E-32 1.41983240E-33 1.00000000E-40 1.00000000E-40 1.00000000E-40 4.98560342E-36 2.56646356E-27 1.00000000E-40 3.71384841E-40 6.97736724E-14 1.92215504E-27 1.86980019E-33 2.57372000E-14 1.00000000E-05 1.00000000E-05 1.00000000E-05 1.00000000E-05 1.00000000E-05 1.00000000E-05 1.00000000E-05 1.00000000E-05 1.00000000E-05 1.00000000E-05
1.02984462E+02 1.99920491E-06 1.11782212E+14 1.29539235E+02 1.00000000E+05 2.32829900E-09 3.68318263E-40 5.91374723E-40 6.84095981E-36 2.89142303E-11 6.83504332E-40 6.83504332E-40 6.83504332E-40 6.83504332E-40 6.83504332E-40 3.11526030E-06 2.23104174E-03 3.37149415E-09 1.41001062E-10 3.69766276E-04 6.10352625E-03 1.29593251E-02 2.34174632E+00 2.36330875E-15 8.47753258E-17 2.27797439E-40 1.00000000E-40 5.75157405E-37 2.30797578E-34 1.28614513E-25 9.01253455E-10 1.29382882E-18 3.41351419E-27 1.00000000E-40 7.79330932E-27 5.56593875E-14 5.84143340E-13 8.30112008E-05 1.15496270E-03 3.38043968E-39 1.00000000E-40 9.42011029E-11 1.90649520E-39 1.00000000E-40 2.53764658E-32 1.00000000E-40 1.95188021E-11 6.65656537E-12 1.72942712E-07 1.64159139E-08 2.32660002E-13 4.10415106E-06 2.10278578E-09 1.44333516E-20 1.31169622E-17 6.86670755E-06 4.04974578E-34 2.27752053E-25 5.41195470E-33 6.98215009E-39 1.24465138E-37 1.00000000E-40 4.60783420E-31 4.19006520E-33 7.11947046E-10 1.66386291E-40 1.00000000E-40 1.00000000E-40 1.00000000E-40 2.28172053E-38 1.58390536E-11 1.88164731E-32 1.14700318E-33 1.00000000E-40 1.00000000E-40 1.00000000E-40 5.52101314E-36 3.09583012E-27 1.00000000E-40 2.60440057E-40 6.26542115E-14 4.46783579E-28 1.49975138E-33 3.30657000E-14 1.00000000E-05 1.00000000E-05 1.00000000E-05 1.00000000E-05 1.00000000E-05 1.00000000E-05 1.00000000E-05 1.00000000E-05 1.00000000E-05 1.00000000E-05
1.04022553E+02 1.70761962E-06 9.58080402E+13 1.29093952E+02 1.00000000E+05 1.38998648E-09 2.75368487E-40 4.75692383E-40 1.72083670E-39 1.29040883E-11 5.68342034E-40 5.68342034E-40 5.68342034E-40 5.68342034E-40 5.68342034E-40 3.97928429E-06 2.32492133E-03 3.50417293E-09 1.74964895E-10 4.92105027E-04 7.35257003E-03 1.56564969E-02 2.45563380E+00 2.53319539E-15 8.20984039E-17 2.14622973E-40 1.00000000E-40 6.17879610E-37 1.90557435E-34 1.28245120E-25 1.06614239E-09 1.01932706E-18 2.40274099E-27 1.52606420E-27 7.32482282E-27 5.39938574E-14 5.17652359E-13 9.38185974E-05 1.19046394E-03 2.78474816E-39 1.00000000E-40 1.13880056E-10 1.62491309E-39 1.00000000E-40 1.55664070E-32 1.00000000E-40 2.03412594E-11 5.25763930E-12 2.02031561E-07 1.61588756E-08 2.17380033E-13 3.84048706E-06 2.20117635E-09 1.11539314E-20 1.19865714E-17 7.59806062E-06 4.11211007E-34 1.92642931E-25 6.05662854E-33 3.93323516E-39 1.23768175E-37 1.00000000E-40 3.82030630E-31 2.98429096E-33 7.27546832E-10 1.65531042E-40 1.00000000E-40 1.00000000E-40 1.00000000E-40 1.35184355E-38 1.42428842E-11 1.53976823E-32 9.11262304E-34 1.00000000E-40 1.00000000E-40 1.00000000E-40 6.06226868E-36 3.75321414E-27 1.00000000E-40 1.77427955E-40 5.56914754E-14 9.43913653E-29 1.19870688E-33 4.21947000E-14 1.00000000E-05 1.00000000E-05 1.00000000E-05 1.00000000E-05 1.00000000E-05 1.00000000E-05 1.00000000E-05 1.00000000E-05 1.00000000E-05 1.00000000E-05
1.05056996E+02 1.45856223E-06 8.21291435E+13 1.28630627E+02 1.00000000E+05 7.38636933E-10 2.07409987E-40 3.69902554E-40 1.47498805E-40 6.73003559E-12 4.58483441E-40 4.58483441E-40 4.58483441E-40 4.58483441E-40 4.58483441E-40 4.98928257E-06 2.41401871E-03 3.56156127E-09 2.15905345E-10 6.53363788E-04 8.83990996E-03 1.88875388E-02 2.56764866E+00 2.65644745E-15 7.64361777E-17 2.02906232E-40 1.00000000E-40 6.64409609E-37 1.53190300E-34 1.28631023E-25 1.24000308E-09 7.68278554E-19 3.88192716E-28 1.00000000E-40 6.84359849E-27 5.10202952E-14 4.45293072E-13 1.04847105E-04 1.22232538E-03 2.28133430E-39 1.00000000E-40 1.34637505E-10 1.38987891E-39 1.00000000E-40 8.85990426E-33 1.00000000E-40 2.07577658E-11 4.03720590E-12 2.37744227E-07 1.59669979E-08 1.93454883E-13 3.54370556E-06 2.23428178E-09 8.59074216E-21 1.11030754E-17 8.34889573E-06 4.15691955E-34 1.60261106E-25 6.71705936E-33 3.38351234E-39 1.22588469E-37 1.00000000E-40 3.20732116E-31 2.08060911E-33 7.47983985E-10 1.65111172E-40 1.00000000E-40 1.00000000E-40 1.00000000E-40 7.44490187E-39 1.24246731E-11 1.21411180E-32 7.10372973E-34 1.00000000E-40 1.00000000E-40 1.00000000E-40 6.60168997E-36 4.57434160E-27 1.00000000E-40 1.17395525E-40 4.89293646E-14 1.89955769E-29 9.57312204E-34 5.37409000E-14 1.00000000E-05 1.00000000E-05 1.00000000E-05 1.00000000E-05 1.00000000E-05 1.00000000E-05 1.00000000E-05 1.00000000E-05 1.00000000E-05 1.00000000E-05
1.06087651E+02 1.24583001E-06 7.04134630E+13 1.28150351E+02 1.00000000E+05 3.40033322E-10 1.63700315E-40 2.80110531E-40 1.23317784E-40 4.05250976E-12 3.57727913E-40 3.57727913E-40 3.57727913E-40 3.57727913E-40 3.57727913E-40 6.13828252E-06 2.49560299E-03 3.52846350E-09 2.64353330E-10 8.65005133E-04 1.05968963E-02 2.27312974E-02 2.67525802E+00 2.72033727E-15 6.83115747E-17 1.93285547E-40 1.00000000E-40 7.11938263E-37 1.19958936E-34 1.29886955E-25 1.41964078E-09 5.54697714E-19 7.66430722E-28 1.99983403E-27 6.31257378E-27 4.67512225E-14 3.71700337E-13 1.15940050E-04 1.24914115E-03 1.86860646E-39 1.00000000E-40 1.55315390E-10 1.19760269E-39 1.00000000E-40 4.66419398E-33 1.00000000E-40 2.07114520E-11 3.00829390E-12 2.81571235E-07 1.57723325E-08 1.63033459E-13 3.21996666E-06 2.19956274E-09 6.57577683E-21 1.03819204E-17 9.09895210E-06 4.17912110E-34 1.30905540E-25 7.37391329E-33 3.05758253E-39 1.20906133E-37 1.00000000E-40 2.73173379E-31 1.42196355E-33 7.71914270E-10 1.64635364E-40 1.00000000E-40 1.00000000E-40 1.00000000E-40 3.79575108E-39 1.05148829E-11 9.23030265E-33 5.41486715E-34 1.00000000E-40 1.00000000E-40 1.00000000E-40 7.11797698E-36 5.60331772E-27 1.00000000E-40 1.00000000E-40 4.23751619E-14 4.65456982E-30 7.64881712E-34 6.88593000E-14 1.00000000E-05 1.00000000E-05 1.00000000E-05 1.00000000E-05 1.00000000E-05 1.00000000E-05 1.00000000E-05 1.00000000E-05 1.00000000E-05 1.00000000E-05
1.07114397E+02 1.06412492E-06 6.03762755E+13 1.27656523E+02 1.00000000E+05 1.31579230E-10 1.36883445E-40 2.12084904E-40 1.01752921E-40 2.56018081E-12 2.72063675E-40 2.72063675E-40 2.72063675E-40 2.72063675E-40 2.72063675E-40 7.40851161E-06 2.56641556E-03 3.39669669E-09 3.20379537E-10 1.14129134E-03 1.26531142E-02 2.72673371E-02 2.77539153E+00 2.71470254E-15 5.84995641E-17 1.86032208E-40 1.00000000E-40 7.58092955E-37 9.16212831E-35 1.32086695E-25 1.60169480E-09 3.84306019E-19 8.84151336E-28 1.00000000E-40 5.71031892E-27 4.13267321E-14 3.01074767E-13 1.26956732E-04 1.26921317E-03 1.53716547E-39 1.00000000E-40 1.74432962E-10 1.04215489E-39 1.00000000E-40 3.05483755E-33 1.00000000E-40 2.01775220E-11 2.17031169E-12 3.35284250E-07 1.54994039E-08 1.29650435E-13 2.87715214E-06 2.10096875E-09 4.98452643E-21 9.74868087E-18 9.82259555E-06 4.17274886E-34 1.04811384E-25 7.99497281E-33 2.64062697E-39 1.18711010E-37 1.00000000E-40 2.36130659E-31 9.53140751E-34 7.97230351E-10 1.63876819E-40 1.00000000E-40 1.00000000E-40 1.00000000E-40 2.40587557E-39 8.63805003E-12 6.77407087E-33 4.02183440E-34 4.48643155E-40 1.00000000E-40 1.00000000E-40 7.57542475E-36 6.89193713E-27 1.00000000E-40 1.00000000E-40 3.60699834E-14 1.38770422E-30 6.11342389E-34 8.99078000E-14 1.00000000E-05 1.00000000E-05 1.00000000E-05 1.00000000E-05 1.00000000E-05 1.00000000E-05 1.00000000E-05 1.00000000E-05 1.00000000E-05 1.00000000E-05
1.08136970E+02 9.08921632E-07 5.17917332E+13 1.27110876E+02 1.00000000E+05 4.14517316E-11 1.14852997E-40 1.67090603E-40 1.00000000E-40 1.57524635E-12 2.07326500E-40 2.07326500E-40 2.07326500E-40 2.07326500E-40 2.07326500E-40 8.77702833E-06 2.62256115E-03 3.17398842E-09 3.83555157E-10 1.49963080E-03 1.50316309E-02 3.25651400E-02 2.86416543E+00 2.63950857E-15 4.80343740E-17 1.80783127E-40 2.90844996E-40 8.06344169E-37 6.85082247E-35 1.35067057E-25 1.78274684E-09 2.56241103E-19 1.73237606E-27 2.60607004E-28 5.04330793E-27 3.50696218E-14 2.36909733E-13 1.37771708E-04 1.28068445E-03 1.27102685E-39 1.00000000E-40 1.90653728E-10 9.14890234E-40 1.00000000E-40 2.79837639E-33 1.00000000E-40 1.91864673E-11 1.51564071E-12 4.00311115E-07 1.50815212E-08 9.66914711E-14 2.52721569E-06 1.95283551E-09 3.73006044E-21 9.14086288E-18 1.04933136E-05 4.13161248E-34 8.22381316E-26 8.54990073E-33 2.25364949E-39 1.15991473E-37 1.00000000E-40 2.06528078E-31 6.25611130E-34 8.21881033E-10 1.63761966E-40 1.00000000E-40 1.00000000E-40 1.00000000E-40 2.13084636E-39 6.89598044E-12 4.82418403E-33 2.90606006E-34 2.90253460E-39 1.00000000E-40 1.00000000E-40 7.94798504E-36 8.48911166E-27 1.00000000E-40 1.00000000E-40 3.00880209E-14 3.70273728E-31 4.87643510E-34 1.21736000E-13 1.00000000E-05 1.00000000E-05 1.00000000E-05 1.00000000E-05 1.00000000E-05 1.00000000E-05 1.00000000E-05 1.00000000E-05 1.00000000E-05 1.00000000E-05
1.09155114E+02 7.76354841E-07 4.44328496E+13 1.26553108E+02 1.00000000E+05 1.02703633E-11 1.00000000E-40 1.38342735E-40 1.00000000E-40 9.15027203E-13 1.64529386E-40 1.64529386E-40 1.64529386E-40 1.64529386E-40 1.64529386E-40 1.02164929E-05 2.66117932E-03 2.87698894E-09 4.52805993E-10 1.96217647E-03 1.77541965E-02 3.86976413E-02 2.93851615E+00 2.49965887E-15 3.78298423E-17 1.77233175E-40 1.59966923E-39 8.94041932E-37 5.04540314E-35 1.38583481E-25 1.96075798E-09 1.64866005E-19 8.75592747E-28 3.16364571E-28 4.33432990E-27 2.84334925E-14 1.81262515E-13 1.48339545E-04 1.28213161E-03 1.06065060E-39 1.00000000E-40 2.02766470E-10 8.09117861E-40 1.00000000E-40 1.91599828E-33 1.00000000E-40 1.77997336E-11 1.02462021E-12 4.78141804E-07 1.44705371E-08 6.73115617E-14 2.18260772E-06 1.77266840E-09 2.74765448E-21 8.50972720E-18 1.10869700E-05 4.05110998E-34 6.32671751E-26 8.99889440E-33 1.88484078E-39 1.12790698E-37 1.00000000E-40 1.82089781E-31 4.00949207E-34 8.43743923E-10 1.71578177E-40 1.00000000E-40 1.00000000E-40 1.00000000E-40 1.41008879E-39 5.35516087E-12 3.35192504E-33 2.04046420E-34 1.91164628E-38 1.00000000E-40 1.00000000E-40 8.20193521E-36 1.04408222E-26 1.00000000E-40 1.00000000E-40 2.45177489E-14 1.09914698E-30 3.86910735E-34 1.73767000E-13 1.00000000E-05 1.00000000E-05 1.00000000E-05 1.00000000E-05 1.00000000E-05 1.00000000E-05 1.00000000E-05 1.00000000E-05 1.00000000E-05 1.00000000E-05
1.10168688E+02 6.63122999E-07 3.81271423E+13 1.25972733E+02 1.00000000E+05 1.95366864E-12 1.00000000E-40 1.12162339E-40 1.00000000E-40 4.96729645E-13 1.35568250E-40 1.35568250E-40 1.35568250E-40 1.35568250E-40 1.35568250E-40 1.16875166E-05 2.67815258E-03 2.52620942E-09 5.25924787E-10 2.55583965E-03 2.08255425E-02 4.57098201E-02 2.99382660E+00 2.30096432E-15 2.85445138E-17 1.75282080E-40 9.85860878E-39 1.24148542E-36 3.70736360E-35 1.42166999E-25 2.13368747E-09 1.02453135E-19 1.00000000E-40 3.73285114E-28 3.60874248E-27 2.19148504E-14 1.34760700E-13 1.58562039E-04 1.27152707E-03 9.13997242E-40 1.00000000E-40 2.09583439E-10 7.20149244E-40 1.00000000E-40 9.93681235E-34 1.00000000E-40 1.60857141E-11 6.69575466E-13 5.70148752E-07 1.36252416E-08 4.37074618E-14 1.85271699E-06 1.57588285E-09 1.98520501E-21 7.81361609E-18 1.15731579E-05 3.92437179E-34 4.77273726E-26 9.27645829E-33 1.52403783E-39 1.09107237E-37 1.00000000E-40 1.61071108E-31 2.49815549E-34 8.59633742E-10 2.26691698E-40 1.00000000E-40 1.00000000E-40 3.00730079E-40 7.07878599E-40 4.04474269E-12 2.28219309E-33 1.38969345E-34 1.17425351E-37 1.00000000E-40 1.00000000E-40 8.27847946E-36 1.27706350E-26 1.00000000E-40 1.00000000E-40 1.94378948E-14 1.30992668E-30 3.03908764E-34 2.62761000E-13 1.00000000E-05 1.00000000E-05 1.00000000E-05 1.00000000E-05 1.00000000E-05 1.00000000E-05 1.00000000E-05 1.00000000E-05 1.00000000E-05 1.00000000E-05
1.11177545E+02 5.66406093E-07 3.27207573E+13 1.25377986E+02 1.00000000E+05 2.88704490E-13 1.00000000E-40 1.00000000E-40 1.00000000E-40 2.50472527E-13 1.05818769E-40 1.05818769E-40 1.05818769E-40 1.05818769E-40 1.05818769E-40 1.31384894E-05 2.66823265E-03 2.14389169E-09 5.99134589E-10 3.31368952E-03 2.42232120E-02 5.36010526E-02 3.02397690E+00 2.05050892E-15 2.05703706E-17 1.75790450E-40 5.54731910E-38 2.82735724E-36 2.86362080E-35 1.45045534E-25 2.30038837E-09 6.14281866E-20 1.50647043E-28 5.13068732E-28 2.89131010E-27 1.59524467E-14 9.70982180E-14 1.68314568E-04 1.24624029E-03 8.90293606E-40 1.00000000E-40 2.09989037E-10 6.46847745E-40 1.00000000E-40 5.26549691E-34 1.00000000E-40 1.41160222E-11 4.21423736E-13 6.77315650E-07 1.25163141E-08 2.65143946E-14 1.54430932E-06 1.37583541E-09 1.40023022E-21 7.01639680E-18 1.19149087E-05 3.74173266E-34 3.52922993E-26 9.29097349E-33 1.17837308E-39 1.04913954E-37 1.00000000E-40 1.42130195E-31 1.50350349E-34 8.65196957E-10 4.95253993E-40 1.00000000E-40 1.00000000E-40 1.98773921E-39 3.71324370E-40 2.96645455E-12 1.52955161E-33 9.15407845E-35 6.24223011E-37 1.00000000E-40 1.00000000E-40 8.09649658E-36 1.54504703E-26 1.00000000E-40 1.00000000E-40 1.49044903E-14 1.02527124E-30 2.34826892E-34 4.15812000E-13 1.00000000E-05 1.00000000E-05 1.00000000E-05 1.00000000E-05 1.00000000E-05 1.00000000E-05 1.00000000E-05 1.00000000E-05 1.00000000E-05 1.00000000E-05
1.12181643E+02 4.83795409E-07 2.80808499E+13 1.24786675E+02 1.00000000E+05 3.45038222E-14 1.00000000E-40 1.00000000E-40 1.00000000E-40 1.16036032E-13 1.00000000E-40 1.00000000E-40 1.00000000E-40 1.00000000E-40 1.00000000E-40 1.45134451E-05 2.62598876E-03 1.75402855E-09 6.66948414E-10 4.27744468E-03 2.78851183E-02 6.23016186E-02 3.02167884E+00 1.76303867E-15 1.40884769E-17 1.82520448E-40 2.62529727E-37 8.96605602E-36 2.80082043E-35 1.46128062E-25 2.46289287E-09 3.54681200E-20 1.00000000E-40 1.50832772E-29 2.21035245E-27 1.08812087E-14 6.75296001E-14 1.77493899E-04 1.20334084E-03 1.16558832E-39 1.00000000E-40 2.03253175E-10 5.94845946E-40 1.00000000E-40 3.16172818E-34 1.00000000E-40 1.19776388E-11 2.54113862E-13 7.98151800E-07 1.11494325E-08 1.48484153E-14 1.26249729E-06 1.18561949E-09 9.58595881E-22 6.10002534E-18 1.20725336E-05 3.49256071E-34 2.55663334E-26 8.98038231E-33 8.63331270E-40 1.00159532E-37 1.00000000E-40 1.24258570E-31 8.65620473E-35 8.56835212E-10 1.52216597E-39 1.00000000E-40 1.00000000E-40 1.07327174E-38 2.52100433E-40 2.10388540E-12 1.01846747E-33 5.80968676E-35 2.76511289E-36 1.00000000E-40 1.00000000E-40 7.62211808E-36 1.83665802E-26 1.00000000E-40 1.00000000E-40 1.09513706E-14 1.15622961E-30 1.77209697E-34 6.72942000E-13 1.00000000E-05 1.00000000E-05 1.00000000E-05 1.00000000E-05 1.00000000E-05 1.00000000E-05 1.00000000E-05 1.00000000E-05 1.00000000E-05 1.00000000E-05
1.13180832E+02 4.13233544E-07 2.41072122E+13 1.24155309E+02 1.00000000E+05 2.81720512E-15 1.00000000E-40 1.00000000E-40 1.00000000E-40 4.90979381E-14 1.00000000E-40 1.00000000E-40 1.00000000E-40 1.00000000E-40 1.00000000E-40 1.57529369E-05 2.54595849E-03 1.38226452E-09 7.23350188E-10 5.49964638E-03 3.16918487E-02 7.16318241E-02 2.97909111E+00 1.45753268E-15 9.13680100E-18 2.05404084E-40 1.01307385E-36 2.77842099E-35 4.34782182E-35 1.44142010E-25 2.62581570E-09 1.96621724E-20 2.65472007E-29 7.35387452E-29 1.60077326E-27 6.92110932E-15 4.50839380E-14 1.85827951E-04 1.14064173E-03 2.08149889E-39 1.00000000E-40 1.89583908E-10 5.79700864E-40 1.00000000E-40 2.14930046E-34 1.01762345E-40 9.78140666E-12 1.46190209E-13 9.28810419E-07 9.58351021E-09 7.61660010E-15 1.01141689E-06 1.01516781E-09 6.35201208E-22 5.09198712E-18 1.20117613E-05 3.17010272E-34 1.81367398E-26 8.31880899E-33 5.94255827E-40 9.47528581E-38 1.00000000E-40 1.06795058E-31 4.71567549E-35 8.32316543E-10 4.63266475E-39 1.00000000E-40 1.00000000E-40 4.67680441E-38 2.69811687E-40 1.43465967E-12 6.86615878E-34 3.54697043E-35 1.01147308E-35 1.00000000E-40 1.00000000E-40 6.86132698E-36 2.13008803E-26 1.00000000E-40 1.00000000E-40 7.64384105E-15 1.00000000E-40 1.29519659E-34 1.08875000E-12 1.00000000E-05 1.00000000E-05 1.00000000E-05 1.00000000E-05 1.00000000E-05 1.00000000E-05 1.00000000E-05 1.00000000E-05 1.00000000E-05 1.00000000E-05
1.14175138E+02 3.52963172E-07 2.06887110E+13 1.23569895E+02 1.00000000E+05 1.00000000E-40 1.00000000E-40 1.00000000E-40 1.00000000E-40 1.90421390E-14 1.00000000E-40 1.00000000E-40 1.00000000E-40 1.00000000E-40 1.00000000E-40 1.68130087E-05 2.42697711E-03 1.04943354E-09 7.63056215E-10 7.06376525E-03 3.54905219E-02 8.13761244E-02 2.89242706E+00 1.15183507E-15 5.58742932E-18 2.63064057E-40 3.16399131E-36 7.25659887E-35 8.91305074E-35 1.38017009E-25 2.80519369E-09 1.04102125E-20 1.00000000E-40 1.00000000E-40 1.09059823E-27 4.08745064E-15 2.86375921E-14 1.93150458E-04 1.05822081E-03 4.03005769E-39 1.00000000E-40 1.70033125E-10 6.22659441E-40 1.00000000E-40 1.67301554E-34 2.50641688E-40 7.63977516E-12 7.99174875E-14 1.06548064E-06 7.91925464E-09 3.59472498E-15 7.94012151E-07 8.71657614E-10 4.07743540E-22 4.05179735E-18 1.17176513E-05 2.77532940E-34 1.25937104E-26 7.30885408E-33 3.79537182E-40 8.87202863E-38 1.00000000E-40 8.95664583E-32 2.39928638E-35 7.91016280E-10 1.21094066E-38 1.00000000E-40 1.00000000E-40 1.64759493E-37 4.18058926E-40 9.32949790E-13 4.83623123E-34 2.08808414E-35 3.10311739E-35 1.00000000E-40 1.00000000E-40 5.83941763E-36 2.39476803E-26 1.00000000E-40 1.00000000E-40 5.02227841E-15 2.00046707E-31 9.07907008E-35 1.73290000E-12 1.00000000E-05 1.00000000E-05 1.00000000E-05 1.00000000E-05 1.00000000E-05 1.00000000E-05 1.00000000E-05 1.00000000E-05 1.00000000E-05 1.00000000E-05
1.15164879E+02 3.01483272E-07 1.77505511E+13 1.23017840E+02 1.00000000E+05 1.00000000E-40 1.00000000E-40 1.00000000E-40 1.00000000E-40 6.81111778E-15 1.00000000E-40 1.00000000E-40 1.00000000E-40 1.00000000E-40 1.00000000E-40 1.76172012E-05 2.26624116E-03 7.65833421E-10 7.79861600E-10 9.09996561E-03 3.89834806E-02 9.10765389E-02 2.75480588E+00 8.58173483E-16 3.18819721E-18 3.76219030E-40 7.98490298E-36 1.52972812E-34 1.75097181E-34 1.26559687E-25 3.02701943E-09 5.18750095E-21 1.00000000E-40 1.00000000E-40 6.90742957E-28 2.21728226E-15 1.69758598E-14 1.98859977E-04 9.55437413E-04 7.08256455E-39 1.00000000E-40 1.45828588E-10 7.26334470E-40 1.00000000E-40 1.52309927E-34 4.89676196E-40 5.62936525E-12 4.11334341E-14 1.20302415E-06 6.25508276E-09 1.58131236E-15 6.09485965E-07 7.57677563E-10 2.53855438E-22 3.04329414E-18 1.11639439E-05 2.30987645E-34 8.51940027E-27 5.96967028E-33 2.19502738E-40 8.19802540E-38 1.00000000E-40 7.24879392E-32 1.11372907E-35 7.32256851E-10 2.62862120E-38 1.00000000E-40 1.00000000E-40 4.70675993E-37 6.69956920E-40 5.68520203E-13 3.64564913E-34 1.19536885E-35 8.26891429E-35 1.00000000E-40 1.00000000E-40 4.59337060E-36 2.58487594E-26 1.00000000E-40 1.00000000E-40 3.05875431E-15 9.55552298E-31 6.00026951E-35 2.68958000E-12 1.00000000E-05 1.00000000E-05 1.00000000E-05 1.00000000E-05 1.00000000E-05 1.00000000E-05 1.00000000E-05 1.00000000E-05 1.00000000E-05 1.00000000E-05
1.16150255E+02 2.57511747E-07 1.52279253E+13 1.22482213E+02 1.00000000E+05 1.00000000E-40 1.00000000E-40 1.00000000E-40 1.00000000E-40 2.24498935E-15 1.00000000E-40 1.00000000E-40 1.00000000E-40 1.00000000E-40 1.00000000E-40 1.80513870E-05 2.06296404E-03 5.35508462E-10 7.66454685E-10 1.18165512E-02 4.16814015E-02 9.99710420E-02 2.55970032E+00 5.91525994E-16 1.66840027E-18 5.48420115E-40 1.62208525E-35 2.54852076E-34 2.85329189E-34 1.08904372E-25 3.32985024E-09 2.37630664E-21 3.03279706E-29 3.44653917E-28 4.00203998E-28 1.08579980E-15 9.11629236E-15 2.01884820E-04 8.32715537E-04 3.20178669E-37 1.63215907E-38 1.18744661E-10 8.45059494E-40 1.05453564E-40 1.57240593E-34 7.48829555E-40 3.83018368E-12 1.96519377E-14 1.33002496E-06 4.68845578E-09 6.47290511E-16 4.55764083E-07 6.74027069E-10 1.53312511E-22 2.13172638E-18 1.03289534E-05 1.78954777E-34 5.55964614E-27 4.42135326E-33 1.11142218E-40 7.44345316E-38 1.00000000E-40 5.57210337E-32 4.54368187E-36 6.58071361E-10 4.83413510E-38 1.00000000E-40 1.00000000E-40 1.08969782E-36 9.05195398E-40 3.15429124E-13 2.88389635E-34 6.81471847E-36 1.99948076E-34 1.00000000E-40 1.00000000E-40 3.25354842E-36 2.64226194E-26 1.00000000E-40 1.00000000E-40 1.68470136E-15 7.78148543E-31 3.64699390E-35 4.05769000E-12 1.00000000E-05 1.00000000E-05 1.00000000E-05 1.00000000E-05 1.00000000E-05 1.00000000E-05 1.00000000E-05 1.00000000E-05 1.00000000E-05 1.00000000E-05
1.17131306E+02 2.19953497E-07 1.30646894E+13 1.21940648E+02 1.00000000E+05 1.00000000E-40 1.00000000E-40 1.00000000E-40 1.00000000E-40 6.93218463E-16 1.00000000E-40 1.00000000E-40 1.00000000E-40 1.00000000E-40 1.00000000E-40 1.79961672E-05 1.82420573E-03 3.58877304E-10 7.14108405E-10 1.54775168E-02 4.29578009E-02 1.07035894E-01 2.30779450E+00 3.70175038E-16 7.90020627E-19 7.95789779E-40 2.64185689E-35 3.31880303E-34 3.68465854E-34 8.59642510E-26 3.76184802E-09 9.88600152E-22 1.00000000E-40 1.61544363E-28 2.09235314E-28 4.74078484E-16 4.33175868E-15 2.01206841E-04 6.94359934E-04 2.36825118E-33 1.66498488E-35 9.14201358E-11 8.94924529E-40 1.43610366E-40 1.68100298E-34 8.91230936E-40 2.35783477E-12 8.61984528E-15 1.42391252E-06 3.30180196E-09 2.48745689E-16 3.31087531E-07 6.24497287E-10 8.99608401E-23 1.36714351E-18 9.22716055E-06 1.26445165E-34 3.45786383E-27 2.89377917E-33 1.00000000E-40 6.61093635E-38 1.00000000E-40 3.99917499E-32 1.57769843E-36 5.70026439E-10 1.51025309E-36 1.00000000E-40 1.00000000E-40 2.04021774E-36 9.57336581E-40 1.55847261E-13 2.24891310E-34 4.03067031E-36 4.46323844E-34 1.00000000E-40 1.00000000E-40 2.01851543E-36 2.51640591E-26 1.00000000E-40 1.00000000E-40 8.16109351E-16 2.91095528E-31 1.99138866E-35 5.95737000E-12 1.00000000E-05 1.00000000E-05 1.00000000E-05 1.00000000E-05 1.00000000E-05 1.00000000E-05 1.00000000E-05 1.00000000E-05 1.00000000E-05 1.00000000E-05
1.18106383E+02 1.87873141E-07 1.12463315E+13 1.20995866E+02 1.00000000E+05 1.00000000E-40 1.00000000E-40 1.00000000E-40 1.00000000E-40 2.10821406E-16 1.00000000E-40 1.00000000E-40 1.00000000E-40 1.00000000E-40 1.00000000E-40 1.73767073E-05 1.56495622E-03 2.30973208E-10 6.13736805E-10 2.01746507E-02 4.21496870E-02 1.10865169E-01 2.00603123E+00 2.07637509E-16 3.39911798E-19 6.01412447E-36 3.46124824E-35 3.41199311E-34 3.77229429E-34 6.11523282E-26 4.36951601E-09 3.85658695E-22 3.43066147E-28 1.92318927E-28 9.77923181E-29 1.84801404E-16 1.83178475E-15 1.96275199E-04 5.47255661E-04 1.68140151E-29 1.55819732E-32 6.64383252E-11 8.22661368E-40 1.71694298E-40 1.71551930E-34 8.40524901E-40 1.30380982E-12 3.46763068E-15 1.44124812E-06 2.14293298E-09 9.42915665E-17 2.33317987E-07 6.32590399E-10 5.22748612E-23 7.73905644E-19 7.90414677E-06 8.04478576E-35 2.02880331E-27 1.63628718E-33 1.00000000E-40 5.71059163E-38 1.00000000E-40 2.63730056E-32 4.67604388E-37 4.63737926E-10 1.16098247E-33 1.00000000E-40 1.00000000E-40 3.09737338E-36 7.85232171E-40 6.93003367E-14 1.63649257E-34 2.53757127E-36 8.80220218E-34 1.00000000E-40 1.00000000E-40 1.06534983E-36 2.19123767E-26 1.00000000E-40 1.00000000E-40 3.38700847E-16 2.13629151E-31 9.68211241E-36 8.56132000E-12 1.00000000E-05 1.00000000E-05 1.00000000E-05 1.00000000E-05 1.00000000E-05 1.00000000E-05 1.00000000E-05 1.00000000E-05 1.00000000E-05 1.00000000E-05
1.19072079E+02 1.60471726E-07 9.71749802E+12 1.19608152E+02 1.00000000E+05 1.00000000E-40 1.00000000E-40 1.00000000E-40 1.00000000E-40 6.65732133E-17 1.00000000E-40 1.00000000E-40 1.00000000E-40 1.00000000E-40 1.00000000E-40 1.63587419E-05 1.31683495E-03 1.43375786E-10 4.71807368E-10 2.55147541E-02 3.91304621E-02 1.10510972E-01 1.67943848E+00 1.05409269E-16 1.38079231E-19 2.02779297E-30 1.05960822E-34 2.91250747E-34 3.21072387E-34 3.93645684E-26 5.22186666E-09 1.56516677E-22 2.53141966E-28 1.00000000E-40 4.07816834E-29 6.55478009E-17 7.27664347E-16 1.88129488E-04 4.03045201E-04 1.04739072E-25 1.26672123E-29 4.57724340E-11 6.61872820E-40 1.79607056E-40 1.64152467E-34 6.64876041E-40 6.62658632E-13 1.30014338E-15 1.32979901E-06 1.25451872E-09 3.80817348E-17 1.60950221E-07 7.80467150E-10 3.19640949E-23 3.69749976E-19 6.47894335E-06 4.63857622E-35 1.12964301E-27 8.02664402E-34 1.00000000E-40 4.79580536E-38 1.00000000E-40 1.58994891E-32 1.26040639E-37 3.38558657E-10 6.55627666E-31 1.00000000E-40 1.00000000E-40 3.90821785E-36 1.43456465E-39 2.94969575E-14 1.11123705E-34 1.69527916E-36 1.43194445E-33 1.00000000E-40 1.00000000E-40 4.75034147E-37 1.72963316E-26 1.00000000E-40 1.00000000E-40 1.18744147E-16 6.39708210E-32 4.29577381E-36 1.21986000E-11 1.00000000E-05 1.00000000E-05 1.00000000E-05 1.00000000E-05 1.00000000E-05 1.00000000E-05 1.00000000E-05 1.00000000E-05 1.00000000E-05 1.00000000E-05
1.20024973E+02 1.37066824E-07 8.42674586E+12 1.17811903E+02 1.00000000E+05 1.00000000E-40 1.00000000E-40 1.00000000E-40 1.00000000E-40 2.20781508E-17 1.00000000E-40 1.00000000E-40 1.00000000E-40 1.00000000E-40 1.00000000E-40 1.52639830E-05 1.11262723E-03 8.71791205E-11 3.23014953E-10 3.03539351E-02 3.46451230E-02 1.06010401E-01 1.36625222E+00 5.10847827E-17 5.79372814E-20 4.79241340E-25 1.54461150E-29 4.49615511E-33 2.51014606E-34 2.39966418E-26 6.36969715E-09 7.64695252E-23 3.01323403E-28 6.32007092E-29 1.54298479E-29 2.19596748E-17 2.98518124E-16 1.77643313E-04 2.77335565E-04 5.20027490E-22 8.10083521E-27 3.04233851E-11 4.94161408E-40 1.70377248E-40 1.51944726E-34 4.85963709E-40 3.29583686E-13 4.71628624E-16 1.08172392E-06 6.66882297E-10 1.69303968E-17 1.11578581E-07 1.18176007E-09 2.04116281E-23 1.49745453E-19 5.12504169E-06 2.52796825E-35 6.20537204E-28 4.46713661E-34 1.00000000E-40 3.94757037E-38 1.00000000E-40 8.97621379E-33 3.49512680E-38 2.15404986E-10 2.43925086E-28 1.00000000E-40 1.00000000E-40 4.35201726E-36 1.22251239E-34 1.32077276E-14 7.48910932E-35 1.23034352E-36 1.85967682E-33 1.00000000E-40 1.00000000E-40 1.92209928E-37 1.26621948E-26 1.00000000E-40 1.00000000E-40 3.63454273E-17 5.08634510E-32 1.86815208E-36 1.76558000E-11 1.00000000E-05 1.00000000E-05 1.00000000E-05 1.00000000E-05 1.00000000E-05 1.00000000E-05 1.00000000E-05 1.00000000E-05 1.00000000E-05 1.00000000E-05
1.20962665E+02 1.17075541E-07 7.32124236E+12 1.15823879E+02 1.00000000E+05 1.00000000E-40 1.00000000E-40 1.00000000E-40 1.00000000E-40 7.61771013E-18 1.00000000E-40 1.00000000E-40 1.00000000E-40 1.00000000E-40 1.00000000E-40 1.42875706E-05 9.66464392E-04 5.55654654E-11 2.07450523E-10 3.35188468E-02 3.01654494E-02 9.91501207E-02 1.11122701E+00 2.55204503E-17 3.01758652E-20 6.72676768E-20 2.09726173E-24 4.78893870E-28 2.64413236E-32 1.53413617E-26 7.76102600E-09 4.85426066E-23 1.92907742E-27 2.85094985E-27 5.65757105E-30 7.52726009E-18 1.37735298E-16 1.64892926E-04 1.86218827E-04 1.82042267E-18 3.56905292E-24 2.05123821E-11 4.04630365E-38 1.61513144E-40 1.42522523E-34 3.77277240E-40 1.74006460E-13 1.79966589E-16 7.92097111E-07 3.49097360E-10 9.16409698E-18 8.15694830E-08 1.73715631E-09 1.20048818E-23 5.74260839E-20 4.03801923E-06 1.43805762E-35 3.67649409E-28 8.19683480E-33 1.00000000E-40 3.26453798E-38 1.00000000E-40 5.15779320E-33 1.15491750E-38 1.24682914E-10 5.70681594E-26 1.00000000E-40 1.00000000E-40 4.74166252E-36 1.04191811E-29 6.71606608E-15 5.60580015E-35 1.08276677E-36 1.99520931E-33 1.00000000E-40 1.00000000E-40 8.04635613E-38 9.22517839E-27 1.00000000E-40 1.02534174E-40 1.10226233E-17 1.14641541E-31 8.90107969E-37 2.70911000E-11 1.00000000E-05 1.00000000E-05 1.00000000E-05 1.00000000E-05 1.00000000E-05 1.00000000E-05 1.00000000E-05 1.00000000E-05 1.00000000E-05 1.00000000E-05
1.21884954E+02 1.00000000E-07 6.35503361E+12 1.13972183E+02 1.00000000E+05 1.00000000E-40 1.00000000E-40 1.00000000E-40 1.00000000E-40 2.27183379E-18 1.00000000E-40 1.00000000E-40 1.00000000E-40 1.00000000E-40 1.00000000E-40 1.36639926E-05 8.87383759E-04 4.30950325E-11 1.47665451E-10 3.57751746E-02 2.75170170E-02 9.48485885E-02 9.59448971E-01 1.53289044E-17 2.50130057E-20 5.59824948E-15 1.56391967E-19 3.02153011E-23 1.25154132E-27 1.20404148E-26 9.25998401E-09 3.84076975E-23 1.00000000E-40 1.00000000E-40 2.32312731E-30 3.36969724E-18 7.65819553E-17 1.53266523E-04 1.36517762E-04 4.06416224E-15 9.16762765E-22 1.54065712E-11 8.17732774E-33 1.79603956E-40 1.39797001E-34 3.99268824E-40 1.07772268E-13 9.10353644E-17 5.86042397E-07 2.14424336E-10 5.44365419E-18 6.76072188E-08 2.10822238E-09 7.08877574E-24 2.74544288E-20 3.38195219E-06 1.01334983E-35 2.70682378E-28 5.32835049E-31 1.00000000E-40 2.86639961E-38 1.00000000E-40 3.52867437E-33 5.14370324E-39 8.06676659E-11 7.99162421E-24 1.00000000E-40 1.00000000E-40 5.81242806E-36 5.19986829E-25 3.96516910E-15 6.05957256E-35 1.46746745E-36 1.93996960E-33 1.00000000E-40 1.00000000E-40 4.57621123E-38 7.44475217E-27 1.00000000E-40 3.06986242E-36 4.29369456E-18 4.83075523E-32 5.38077221E-37 4.79743000E-11 1.00000000E-05 1.00000000E-05 1.00000000E-05 1.00000000E-05 1.00000000E-05 1.00000000E-05 1.00000000E-05 1.00000000E-05 1.00000000E-05 1.00000000E-05
