alt press den temp eddy H2Oaer SO2aer CO2aer S8aer H2SO4aer C2H2aer C2H4aer C2H6aer CH4aer HCaer1 H H2 H2O OH O O2 CO CO2 HCO H2CO C CH CH2 CH3 CH4 S S2 S3 S4 S8 H2S HS SO SO2 CS CS2 OCS C2 C2H C2H2 C2H4 HO2 H2O2 O3 SO3 H2SO4 HCl Cl Cl2 HOCl ClO C2H6 CH3OH CH2CO CH3CHO C3H4 C3H6 C4H2 C4H4 OClO HCS C2H3 C2H5 1CH2 HCCO HSO CH3O H2COH C4H C2H2OH CH3CO CH2CHO C2H3OH C2H4OH CH3O2 HSO3 HS4 C4H3 O1D H2Oaer_r SO2aer_r CO2aer_r S8aer_r H2SO4aer_r C2H2aer_r C2H4aer_r C2H6aer_r CH4aer_r HCaer1_r
5.00000000E-01 5.29999912E-01 1.72761392E+19 2.22200887E+02 1.00000000E+05 7.51709724E-01 2.89263873E+02 4.18025047E-04 2.17415400E-26 7.62575110E-08 1.19327675E-40 1.19327675E-40 1.19327675E-40 1.19327675E-40 1.19445160E-40 6.08697279E-17 9.43396449E-06 6.57213390E-05 3.54817456E-27 1.21108335E-22 1.88679290E-09 2.07547218E-07 9.43396449E-01 4.74881696E-19 1.53310280E-20 1.00000000E-40 1.00000000E-40 1.00000000E-40 2.09746376E-33 3.96031228E-26 7.43574832E-22 2.30436070E-17 3.00419931E-24 1.22019619E-23 6.51997400E-22 3.77358580E-13 5.58393549E-16 2.50948775E-18 2.01624706E-01 8.11682977E-34 3.46483461E-32 5.99296568E-13 1.00000000E-40 1.00000000E-40 3.18296782E-32 1.14132627E-30 1.20585183E-13 3.84418303E-12 5.27908361E-21 9.30797461E-21 1.43779177E-13 4.71698224E-10 1.91221396E-17 1.94224335E-23 1.77605080E-27 2.83402060E-10 2.84501160E-34 8.90457783E-25 7.94439462E-29 2.63647546E-29 5.26047747E-37 1.02622801E-40 8.74253085E-32 1.74227825E-32 8.76610206E-15 2.07861409E-36 1.00000000E-40 5.65549306E-33 1.00000000E-40 1.00000000E-40 3.08740308E-16 2.69185407E-29 1.08779648E-29 1.00000000E-40 1.00000000E-40 4.25112344E-35 3.40092443E-31 5.24682940E-28 2.80543423E-39 4.89350288E-29 1.92005622E-18 2.06788182E-22 9.56942510E-36 1.00000000E-40 1.00000000E-05 1.00000000E-05 1.00000000E-05 1.00000000E-05 1.00000000E-05 1.00000000E-05 1.00000000E-05 1.00000000E-05 1.00000000E-05 1.00000000E-05
1.50000000E+00 4.84988451E-01 1.59417642E+19 2.20349324E+02 1.00000000E+05 9.12816580E-01 3.29536964E+02 3.45335649E-03 2.09836747E-25 8.34873924E-08 1.32891131E-40 1.32891131E-40 1.32891131E-40 1.32891131E-40 1.33024320E-40 3.70887654E-17 9.36737648E-06 5.63662693E-05 2.45078997E-27 1.30476455E-22 2.99977326E-09 2.08520463E-07 9.36737555E-01 1.72135540E-19 1.60517928E-20 1.00000000E-40 1.00000000E-40 1.00000000E-40 9.06226423E-34 3.93240550E-26 4.57636244E-22 2.28852739E-17 2.56445455E-24 1.06171398E-23 6.47402580E-22 3.74713741E-13 5.32078131E-16 2.42763630E-18 1.90896745E-01 8.06030591E-34 3.44039794E-32 5.96784889E-13 1.00000000E-40 1.00000000E-40 3.16054627E-32 1.13331304E-30 1.29733768E-13 4.47717579E-12 6.86912498E-21 9.62563565E-21 1.18145204E-13 4.69619024E-10 1.86461848E-17 1.63880843E-23 1.58454637E-27 2.81663814E-10 2.82023130E-34 8.84182845E-25 7.88844332E-29 2.61759675E-29 5.22341153E-37 1.02021446E-40 8.68146936E-32 1.72958010E-32 6.98289386E-15 2.06347389E-36 1.00000000E-40 5.61213079E-33 1.00000000E-40 1.00000000E-40 6.20980183E-16 1.41925249E-29 1.07981389E-29 1.00000000E-40 1.00000000E-40 3.02946238E-35 3.37619797E-31 5.20986597E-28 2.81997230E-39 4.89936979E-29 8.01143871E-19 2.05298746E-22 8.31724101E-36 1.00000000E-40 1.00000000E-05 1.00000000E-05 1.00000000E-05 1.00000000E-05 1.00000000E-05 1.00000000E-05 1.00000000E-05 1.00000000E-05 1.00000000E-05 1.00000000E-05
2.50000000E+00 4.43413407E-01 1.47390418E+19 2.17899526E+02 1.00000000E+05 1.12494286E+00 3.80495536E+02 2.02559546E-02 1.65332033E-24 9.12165352E-08 1.47994029E-40 1.47994029E-40 1.47994029E-40 1.47994029E-40 1.48145748E-40 2.45236246E-17 9.30391260E-06 4.62908658E-05 1.60739851E-27 1.37846448E-22 4.19899048E-09 2.09747427E-07 9.30391068E-01 7.56721227E-20 1.63699169E-20 1.00000000E-40 1.00000000E-40 1.00000000E-40 4.75120848E-34 3.90580879E-26 3.45309191E-22 2.27379750E-17 2.20411876E-24 9.29354179E-24 6.43023179E-22 3.72162811E-13 5.41037131E-16 2.69916090E-18 1.79408564E-01 8.00697906E-34 3.41708549E-32 5.94447400E-13 1.00000000E-40 1.00000000E-40 3.13917806E-32 1.12568915E-30 1.21360695E-13 5.00916096E-12 8.60178893E-21 9.59081800E-21 7.97486716E-14 4.67473511E-10 1.80914512E-17 1.27423184E-23 1.34425117E-27 2.80226268E-10 2.79294593E-34 8.78202167E-25 7.83511675E-29 2.59929535E-29 5.18808595E-37 1.01530413E-40 8.62357710E-32 1.71717580E-32 5.36907707E-15 2.04913649E-36 1.00000000E-40 5.56940788E-33 1.00000000E-40 1.00000000E-40 9.50193683E-16 6.51256209E-30 1.07380841E-29 1.00000000E-40 1.00000000E-40 2.49678566E-35 3.35216676E-31 5.17464194E-28 2.85592841E-39 4.92823703E-29 3.59717152E-19 2.03863999E-22 7.12086000E-36 1.00000000E-40 1.00000000E-05 1.00000000E-05 1.00000000E-05 1.00000000E-05 1.00000000E-05 1.00000000E-05 1.00000000E-05 1.00000000E-05 1.00000000E-05 1.00000000E-05
3.50000000E+00 4.05059576E-01 1.35665363E+19 2.16255232E+02 1.00000000E+05 1.35114598E+00 4.15623976E+02 8.07743040E-02 1.05755195E-23 9.97403867E-08 1.63085361E-40 1.63085361E-40 1.63085361E-40 1.63085361E-40 1.63256908E-40 1.82565146E-17 9.24287309E-06 4.04391745E-05 1.15679459E-27 1.45471856E-22 5.49353637E-09 2.11232780E-07 9.24286958E-01 4.09371239E-20 1.65833620E-20 1.00000000E-40 1.00000000E-40 1.00000000E-40 3.03657601E-34 3.88022915E-26 2.87907729E-22 2.25994957E-17 1.88314072E-24 8.07674493E-24 6.38810834E-22 3.69700510E-13 5.62163492E-16 3.19699874E-18 1.73499441E-01 7.95619711E-34 3.39463957E-32 5.92242572E-13 1.00000000E-40 1.00000000E-40 3.11862436E-32 1.11836161E-30 1.13406876E-13 5.45571196E-12 1.01417469E-20 9.82169611E-21 5.98930647E-14 4.65276452E-10 1.77266129E-17 9.75212198E-24 1.11459989E-27 2.79019826E-10 2.76412152E-34 8.72449856E-25 7.78381133E-29 2.58136612E-29 5.15411068E-37 1.01121421E-40 8.56807979E-32 1.70504320E-32 4.30458746E-15 2.03558887E-36 1.00000000E-40 5.52790056E-33 1.00000000E-40 1.00000000E-40 1.29738410E-15 3.13585822E-30 1.07113127E-29 1.00000000E-40 1.00000000E-40 2.11139294E-35 3.32878507E-31 5.14076690E-28 2.90659905E-39 4.97093787E-29 1.93372164E-19 2.02475934E-22 6.16957893E-36 1.00000000E-40 1.00000000E-05 1.00000000E-05 1.00000000E-05 1.00000000E-05 1.00000000E-05 1.00000000E-05 1.00000000E-05 1.00000000E-05 1.00000000E-05 1.00000000E-05
4.50000000E+00 3.69769573E-01 1.24782955E+19 2.14631080E+02 1.00000000E+05 1.60712067E+00 4.61880963E+02 2.07778085E-01 5.37809632E-23 1.09298837E-07 1.78342012E-40 1.78342012E-40 1.78342012E-40 1.78342012E-40 1.78534917E-40 1.41708731E-17 9.18356691E-06 3.56650145E-05 8.65401127E-28 1.53290429E-22 6.89492621E-09 2.12986597E-07 9.18356147E-01 2.40820590E-20 1.67557529E-20 1.00000000E-40 1.00000000E-40 1.00000000E-40 2.11829368E-34 3.85537676E-26 2.51784624E-22 2.24676707E-17 1.60971919E-24 7.01409721E-24 6.34717787E-22 3.67306564E-13 5.88001919E-16 3.86134480E-18 1.68394550E-01 7.90734485E-34 3.37280524E-32 5.90131354E-13 1.00000000E-40 1.00000000E-40 3.09865066E-32 1.11124294E-30 1.05977809E-13 5.83257059E-12 1.14619358E-20 9.89209684E-21 4.54977527E-14 4.63025439E-10 1.73876602E-17 7.40441687E-24 9.12112967E-28 2.77995285E-10 2.73416150E-34 8.66860761E-25 7.73393787E-29 2.56359714E-29 5.12110057E-37 1.00779215E-40 8.51428295E-32 1.69311089E-32 3.46351430E-15 2.02271904E-36 1.00000000E-40 5.48744219E-33 1.00000000E-40 1.00000000E-40 1.66368700E-15 1.63905939E-30 1.07152998E-29 1.00000000E-40 1.00000000E-40 1.86402301E-35 3.30584654E-31 5.10785623E-28 2.96898603E-39 5.02310309E-29 1.13015595E-19 2.01122574E-22 5.44579786E-36 1.00000000E-40 1.00000000E-05 1.00000000E-05 1.00000000E-05 1.00000000E-05 1.00000000E-05 1.00000000E-05 1.00000000E-05 1.00000000E-05 1.00000000E-05 1.00000000E-05
5.50000000E+00 3.37321132E-01 1.14695391E+19 2.13017013E+02 1.00000000E+05 1.89409614E+00 5.16130184E+02 3.51391798E-01 2.13651540E-22 1.20855429E-07 1.95109754E-40 1.95109754E-40 1.95109754E-40 1.95109754E-40 1.95327107E-40 1.13170920E-17 9.12588803E-06 3.14724830E-05 6.66684956E-28 1.61759329E-22 8.41364675E-09 2.15029344E-07 9.12588035E-01 1.49942417E-20 1.69066427E-20 1.00000000E-40 1.00000000E-40 1.00000000E-40 1.56597963E-34 3.83120711E-26 2.26789613E-22 2.23418014E-17 1.37606166E-24 6.08407223E-24 6.30736683E-22 3.64978779E-13 6.16532501E-16 4.68567287E-18 1.63390872E-01 7.86031812E-34 3.35154211E-32 5.88108876E-13 1.00000000E-40 1.00000000E-40 3.07922007E-32 1.10431768E-30 9.90349983E-14 6.15214794E-12 1.25859210E-20 9.94231500E-21 3.45564647E-14 4.60740130E-10 1.70681712E-17 5.60046452E-24 7.40420873E-28 2.77125273E-10 2.70350650E-34 8.61424889E-25 7.68540154E-29 2.54593617E-29 5.08899646E-37 1.00498953E-40 8.46205566E-32 1.68139643E-32 2.79173276E-15 2.01049358E-36 1.00000000E-40 5.44805911E-33 1.00000000E-40 1.00000000E-40 2.04955016E-15 9.22813964E-31 1.07469589E-29 1.00000000E-40 1.00000000E-40 1.70391563E-35 3.28333760E-31 5.07585065E-28 3.04144228E-39 5.08219601E-29 6.99133343E-20 1.99803202E-22 4.90448977E-36 1.00000000E-40 1.00000000E-05 1.00000000E-05 1.00000000E-05 1.00000000E-05 1.00000000E-05 1.00000000E-05 1.00000000E-05 1.00000000E-05 1.00000000E-05 1.00000000E-05
6.50000000E+00 3.07506919E-01 1.05344628E+19 2.11426392E+02 1.00000000E+05 2.21492065E+00 5.80922923E+02 4.74405623E-01 6.53221013E-22 1.35748084E-07 2.14297116E-40 2.14297116E-40 2.14297116E-40 2.14297116E-40 2.14543287E-40 9.23503791E-18 9.06982687E-06 2.77860944E-05 5.25339539E-28 1.70973980E-22 1.00613702E-08 2.17386126E-07 9.06981665E-01 9.73979773E-21 1.70426055E-20 1.00000000E-40 1.00000000E-40 1.00000000E-40 1.20754417E-34 3.80771612E-26 2.08507319E-22 2.22214707E-17 1.17587039E-24 5.26926488E-24 6.26866831E-22 3.62717430E-13 6.47164824E-16 5.68549001E-18 1.58513090E-01 7.81510056E-34 3.33084495E-32 5.86176502E-13 1.00000000E-40 1.00000000E-40 3.06032848E-32 1.09758278E-30 9.25664155E-14 6.42475191E-12 1.35384315E-20 9.99916242E-21 2.62702480E-14 4.58440724E-10 1.67674602E-17 4.23027200E-24 5.97923645E-28 2.76389633E-10 2.67251049E-34 8.56141340E-25 7.63818965E-29 2.52835384E-29 5.05779295E-37 1.00279355E-40 8.41136887E-32 1.66992220E-32 2.25515787E-15 1.99888129E-36 1.00000000E-40 5.40975874E-33 1.00000000E-40 1.00000000E-40 2.45537886E-15 5.49388837E-31 1.08030295E-29 1.00000000E-40 1.00000000E-40 1.59961747E-35 3.26126799E-31 5.04474469E-28 3.12305339E-39 5.14663066E-29 4.51089627E-20 1.98518425E-22 4.50539315E-36 1.73379000E-40 1.00000000E-05 1.00000000E-05 1.00000000E-05 1.00000000E-05 1.00000000E-05 1.00000000E-05 1.00000000E-05 1.00000000E-05 1.00000000E-05 1.00000000E-05
7.50000000E+00 2.80132473E-01 9.66913882E+18 2.09841978E+02 1.00000000E+05 2.57430553E+00 6.63488259E+02 6.18684059E-01 1.52708272E-21 1.56585184E-07 2.36823620E-40 2.36823620E-40 2.36823620E-40 2.36823620E-40 2.37104534E-40 7.65208913E-18 9.01539977E-06 2.45036611E-05 4.20992564E-28 1.81041435E-22 1.18510278E-08 2.20085336E-07 9.01538675E-01 6.52285633E-21 1.71656626E-20 1.00000000E-40 1.00000000E-40 1.00000000E-40 9.59974395E-35 3.78491062E-26 1.94643210E-22 2.21063647E-17 1.00426057E-24 4.55647654E-24 6.23109333E-22 3.60523391E-13 6.79771381E-16 6.88807598E-18 1.53624724E-01 7.77170124E-34 3.31071791E-32 5.84337343E-13 1.00000000E-40 1.00000000E-40 3.04198059E-32 1.09103875E-30 8.65112392E-14 6.65891547E-12 1.43441130E-20 1.00586087E-20 1.99348061E-14 4.56145079E-10 1.64794448E-17 3.19336141E-24 4.81157232E-28 2.75772639E-10 2.64144525E-34 8.51011665E-25 7.59231177E-29 2.51082413E-29 5.02749912E-37 1.00121028E-40 8.36222502E-32 1.65870702E-32 1.82329325E-15 1.98785098E-36 1.00000000E-40 5.37252632E-33 1.00000000E-40 1.00000000E-40 2.88154227E-15 3.40011117E-31 1.08803808E-29 1.00000000E-40 1.00000000E-40 1.53508041E-35 3.23964927E-31 5.01454744E-28 3.21334539E-39 5.21536904E-29 3.00071059E-20 1.97269013E-22 4.21875679E-36 3.65995000E-40 1.00000000E-05 1.00000000E-05 1.00000000E-05 1.00000000E-05 1.00000000E-05 1.00000000E-05 1.00000000E-05 1.00000000E-05 1.00000000E-05 1.00000000E-05
8.50000000E+00 2.55016088E-01 8.86807674E+18 2.08283486E+02 1.00000000E+05 2.98952424E+00 7.76381420E+02 8.19290073E-01 2.76571459E-21 1.88507281E-07 2.64919998E-40 2.64919998E-40 2.64919998E-40 2.64919998E-40 2.65245118E-40 6.42458132E-18 8.96261155E-06 2.16207082E-05 3.42187966E-28 1.91979276E-22 1.37969593E-08 2.23158165E-07 8.96259545E-01 4.48162733E-21 1.72759980E-20 1.00000000E-40 1.00000000E-40 1.00000000E-40 7.82267832E-35 3.76279258E-26 1.83859188E-22 2.19961764E-17 8.56796050E-25 3.93272641E-24 6.19464486E-22 3.58396992E-13 7.14315096E-16 8.32794683E-18 1.48878906E-01 7.73012195E-34 3.29116056E-32 5.82593879E-13 1.00000000E-40 1.00000000E-40 3.02417724E-32 1.08468485E-30 8.08649128E-14 6.86169614E-12 1.50197284E-20 1.01276310E-20 1.51464585E-14 4.53867578E-10 1.62058866E-17 2.41088378E-24 3.86247457E-28 2.75261117E-10 2.61051245E-34 8.46036321E-25 7.54776772E-29 2.49331376E-29 4.99811757E-37 1.00025444E-40 8.31462028E-32 1.64776212E-32 1.47631397E-15 1.97736855E-36 1.00000000E-40 5.33632209E-33 1.00000000E-40 1.00000000E-40 3.32837914E-15 2.16592408E-31 1.09761477E-29 1.00000000E-40 1.00000000E-40 1.49959088E-35 3.21848390E-31 4.98526157E-28 3.31212558E-39 5.28769583E-29 2.04679330E-20 1.96055258E-22 4.02397369E-36 7.73217000E-40 1.00000000E-05 1.00000000E-05 1.00000000E-05 1.00000000E-05 1.00000000E-05 1.00000000E-05 1.00000000E-05 1.00000000E-05 1.00000000E-05 1.00000000E-05
9.50000000E+00 2.31988043E-01 8.12793054E+18 2.06729447E+02 1.00000000E+05 3.49149511E+00 9.37226642E+02 1.04533903E+00 4.04067322E-21 2.38605468E-07 3.02463151E-40 3.02463151E-40 3.02463151E-40 3.02463151E-40 3.02848318E-40 5.44355929E-18 8.91147513E-06 1.90511028E-05 2.81162590E-28 2.03925518E-22 1.59150627E-08 2.26639357E-07 8.91145571E-01 3.13669316E-21 1.73729887E-20 1.00000000E-40 1.00000000E-40 1.00000000E-40 6.49206559E-35 3.74136740E-26 1.75298593E-22 2.18906490E-17 7.30099790E-25 3.38826662E-24 6.15933145E-22 3.56338819E-13 7.50836879E-16 1.00462475E-17 1.44114904E-01 7.69037385E-34 3.27217524E-32 5.80949231E-13 1.00000000E-40 1.00000000E-40 3.00692199E-32 1.07852149E-30 7.55722399E-14 7.03894101E-12 1.55852759E-20 1.01983874E-20 1.14836100E-14 4.51620516E-10 1.59407579E-17 1.81952583E-24 3.09512690E-28 2.74844648E-10 2.57986377E-34 8.41216530E-25 7.50456398E-29 2.47578740E-29 4.96965541E-37 1.00000000E-40 8.26856142E-32 1.63709650E-32 1.19504606E-15 1.96740422E-36 1.00000000E-40 5.30110230E-33 1.00000000E-40 1.00000000E-40 3.79619614E-15 1.40871283E-31 1.10878047E-29 1.00000000E-40 1.00000000E-40 1.48755074E-35 3.19777331E-31 4.95689432E-28 3.41941025E-39 5.36311748E-29 1.42202819E-20 1.94877516E-22 3.90743961E-36 1.65316000E-39 1.00000000E-05 1.00000000E-05 1.00000000E-05 1.00000000E-05 1.00000000E-05 1.00000000E-05 1.00000000E-05 1.00000000E-05 1.00000000E-05 1.00000000E-05
1.05000000E+01 2.10889772E-01 7.44391835E+18 2.05196817E+02 1.00000000E+05 4.11205295E+00 1.15251792E+03 1.23972847E+00 5.03237845E-21 3.11174905E-07 3.55340354E-40 3.55340354E-40 3.55340354E-40 3.55340354E-40 3.55811614E-40 4.65178892E-18 8.86200082E-06 1.67885985E-05 2.33266062E-28 2.16919787E-22 1.82229656E-08 2.30567345E-07 8.86197784E-01 2.23211357E-21 1.74555740E-20 1.00000000E-40 1.00000000E-40 1.00000000E-40 5.47329080E-35 3.72063939E-26 1.68389918E-22 2.17895454E-17 6.21059859E-25 2.91319563E-24 6.12515981E-22 3.54349380E-13 7.89352238E-16 1.20885118E-17 1.39461578E-01 7.65246833E-34 3.25376297E-32 5.79406471E-13 1.00000000E-40 1.00000000E-40 2.99021747E-32 1.07254874E-30 7.06252830E-14 7.19549246E-12 1.60530670E-20 1.02776567E-20 8.71116817E-15 4.49414090E-10 1.56859890E-17 1.37279039E-24 2.47697905E-28 2.74514690E-10 2.54961196E-34 8.36553264E-25 7.46270452E-29 2.45820435E-29 4.94211825E-37 1.00000000E-40 8.22405470E-32 1.62671625E-32 9.67462066E-16 1.95793076E-36 1.00000000E-40 5.26681789E-33 1.00000000E-40 1.00000000E-40 4.28526328E-15 9.31986645E-32 1.12131480E-29 1.00000000E-40 1.00000000E-40 1.49401706E-35 3.17751498E-31 4.92945149E-28 3.53536935E-39 5.44128068E-29 1.00389473E-20 1.93736012E-22 3.86043576E-36 3.64660000E-39 1.00000000E-05 1.00000000E-05 1.00000000E-05 1.00000000E-05 1.00000000E-05 1.00000000E-05 1.00000000E-05 1.00000000E-05 1.00000000E-05 1.00000000E-05
1.15000000E+01 1.91573769E-01 6.81276179E+18 2.03671166E+02 1.00000000E+05 4.84046307E+00 1.39393570E+03 1.42029069E+00 5.57230146E-21 3.96825404E-07 4.31252496E-40 4.31252496E-40 4.31252496E-40 4.31252496E-40 4.31849996E-40 3.99927949E-18 8.81420240E-06 1.47769525E-05 1.95032302E-28 2.31110227E-22 2.07402594E-08 2.34984894E-07 8.81417563E-01 1.60815924E-21 1.75224271E-20 1.00000000E-40 1.00000000E-40 1.00000000E-40 4.66996593E-35 3.70061430E-26 1.62714476E-22 2.16926590E-17 5.27278462E-25 2.49975075E-24 6.09213896E-22 3.52429325E-13 8.29874257E-16 1.45032853E-17 1.34815306E-01 7.61642225E-34 3.23592574E-32 5.77969069E-13 1.00000000E-40 1.00000000E-40 2.97406743E-32 1.06676707E-30 6.59875700E-14 7.33537180E-12 1.64384202E-20 1.03600837E-20 6.59610219E-15 4.47256984E-10 1.54375270E-17 1.03473310E-24 1.98027317E-28 2.74264525E-10 2.51984066E-34 8.32047823E-25 7.42219579E-29 2.44051969E-29 4.91551362E-37 1.00000000E-40 8.18111111E-32 1.61662628E-32 7.82205437E-16 1.94892533E-36 1.00000000E-40 5.23342030E-33 1.00000000E-40 1.00000000E-40 4.79582111E-15 6.24781351E-32 1.13502866E-29 1.00000000E-40 1.00000000E-40 1.51542171E-35 3.15770487E-31 4.90294084E-28 3.66030405E-39 5.52193544E-29 7.17295236E-21 1.92631015E-22 3.87774301E-36 7.93615000E-39 1.00000000E-05 1.00000000E-05 1.00000000E-05 1.00000000E-05 1.00000000E-05 1.00000000E-05 1.00000000E-05 1.00000000E-05 1.00000000E-05 1.00000000E-05
1.25000000E+01 1.73901871E-01 6.23052394E+18 2.02160551E+02 1.00000000E+05 5.61577439E+00 1.58051420E+03 1.64695935E+00 5.66720890E-21 4.63200534E-07 5.45173921E-40 5.45173921E-40 5.45173921E-40 5.45173921E-40 5.45961540E-40 3.45737523E-18 8.76809776E-06 1.29995226E-05 1.64210022E-28 2.46585658E-22 2.34886970E-08 2.39939541E-07 8.76806696E-01 1.17150391E-21 1.75720140E-20 1.00000000E-40 1.00000000E-40 1.00000000E-40 4.02613507E-35 3.68129965E-26 1.57961828E-22 2.15998118E-17 4.46618191E-25 2.14041685E-24 6.06028069E-22 3.50579514E-13 8.72369584E-16 1.73383162E-17 1.30237562E-01 7.58225848E-34 3.21866663E-32 5.76640912E-13 1.00000000E-40 1.00000000E-40 2.95847688E-32 1.06117741E-30 6.16447398E-14 7.46191875E-12 1.67516212E-20 1.04495627E-20 4.99191435E-15 4.45156729E-10 1.51960034E-17 7.78950518E-25 1.58187548E-28 2.74088906E-10 2.49061269E-34 8.27701890E-25 7.38304715E-29 2.42268395E-29 4.88985126E-37 1.00000000E-40 8.13974635E-32 1.60683098E-32 6.31587507E-16 1.94036929E-36 1.00000000E-40 5.20086279E-33 1.00000000E-40 1.00000000E-40 5.32807287E-15 4.23652746E-32 1.14975992E-29 1.00000000E-40 1.00000000E-40 1.54817704E-35 3.13833796E-31 4.87737240E-28 3.79462628E-39 5.60490191E-29 5.17907121E-21 1.91562859E-22 3.95654456E-36 1.68303000E-38 1.00000000E-05 1.00000000E-05 1.00000000E-05 1.00000000E-05 1.00000000E-05 1.00000000E-05 1.00000000E-05 1.00000000E-05 1.00000000E-05 1.00000000E-05
1.35000000E+01 1.57745913E-01 5.69395245E+18 2.00660099E+02 1.00000000E+05 6.36779468E+00 1.59628714E+03 1.97572953E+00 5.30341903E-21 4.63824281E-07 7.23143552E-40 7.23143552E-40 7.23143552E-40 7.23143552E-40 7.24217493E-40 3.00171587E-18 8.72369677E-06 1.14244786E-05 1.39090177E-28 2.63495446E-22 2.64924712E-08 2.45483938E-07 8.72366174E-01 8.60992462E-22 1.76025939E-20 1.00000000E-40 1.00000000E-40 1.00000000E-40 3.50014586E-35 3.66269956E-26 1.53876961E-22 2.15108210E-17 3.77349560E-25 1.82884307E-24 6.02959121E-22 3.48800538E-13 9.16748173E-16 2.06358853E-17 1.25696287E-01 7.54999573E-34 3.20198537E-32 5.75425582E-13 1.00000000E-40 1.00000000E-40 2.94344806E-32 1.05577960E-30 5.75746072E-14 7.57790541E-12 1.70037250E-20 1.05445518E-20 3.77276903E-15 4.43119311E-10 1.49596140E-17 5.85384771E-25 1.26275204E-28 2.73983510E-10 2.46197136E-34 8.23516395E-25 7.34526061E-29 2.40463905E-29 4.86513642E-37 1.00000000E-40 8.09996956E-32 1.59733234E-32 5.08970765E-16 1.93224532E-36 1.00000000E-40 5.16909338E-33 1.00000000E-40 1.00000000E-40 5.88219018E-15 2.90065254E-32 1.16536891E-29 1.00000000E-40 1.00000000E-40 1.58909802E-35 3.11940391E-31 4.85275176E-28 3.93884810E-39 5.69004603E-29 3.77071301E-21 1.90531692E-22 4.09575723E-36 3.20502000E-38 1.00000000E-05 1.00000000E-05 1.00000000E-05 1.00000000E-05 1.00000000E-05 1.00000000E-05 1.00000000E-05 1.00000000E-05 1.00000000E-05 1.00000000E-05
1.45000000E+01 1.42986536E-01 5.19986113E+18 1.99168270E+02 1.00000000E+05 6.92232423E+00 1.35932578E+03 2.35366262E+00 4.29389977E-21 3.75783717E-07 9.68235855E-40 9.68235855E-40 9.68235855E-40 9.68235855E-40 9.69677137E-40 2.61507752E-18 8.68102025E-06 1.00282645E-05 1.18439961E-28 2.81996775E-22 2.97784913E-08 2.51676862E-07 8.68098078E-01 6.37420855E-22 1.76122532E-20 1.00000000E-40 1.00000000E-40 1.00000000E-40 3.06384835E-35 3.64482280E-26 1.50242316E-22 2.14255418E-17 3.17987647E-25 1.55928162E-24 6.00008419E-22 3.47093505E-13 9.62835529E-16 2.44261423E-17 1.21184520E-01 7.51966478E-34 3.18588524E-32 5.74327577E-13 1.00000000E-40 1.00000000E-40 2.92898676E-32 1.05057470E-30 5.37597935E-14 7.68564588E-12 1.72040393E-20 1.06452164E-20 2.84660318E-15 4.41150334E-10 1.47273604E-17 4.39003764E-25 1.00739451E-28 2.73945287E-10 2.43395053E-34 8.19493296E-25 7.30884670E-29 2.38632290E-29 4.84138038E-37 1.00000000E-40 8.06180059E-32 1.58813359E-32 4.09237888E-16 1.92454117E-36 1.00000000E-40 5.13806589E-33 1.00000000E-40 1.00000000E-40 6.45831454E-15 2.00309914E-32 1.18173666E-29 1.00000000E-40 1.00000000E-40 1.63534079E-35 3.10089390E-31 4.82909063E-28 4.09358172E-39 5.77727435E-29 2.76405507E-21 1.89537896E-22 4.29556151E-36 5.67968000E-38 1.00000000E-05 1.00000000E-05 1.00000000E-05 1.00000000E-05 1.00000000E-05 1.00000000E-05 1.00000000E-05 1.00000000E-05 1.00000000E-05 1.00000000E-05
1.55000000E+01 1.29512966E-01 4.74506281E+18 1.97691506E+02 1.00000000E+05 6.83683742E+00 9.22470992E+02 2.52434282E+00 2.86569972E-21 2.34187625E-07 1.19295214E-39 1.19295214E-39 1.19295214E-39 1.19295214E-39 1.19468812E-39 2.28560390E-18 8.64008342E-06 8.79651665E-06 1.01358364E-28 3.02225933E-22 3.33767541E-08 2.58583659E-07 8.64003930E-01 4.75083197E-22 1.75988654E-20 1.00000000E-40 1.00000000E-40 1.00000000E-40 2.69838107E-35 3.62767576E-26 1.46861729E-22 2.13438241E-17 2.67237012E-25 1.32651251E-24 5.97176932E-22 3.45459398E-13 1.01034389E-15 2.87193076E-17 1.16743737E-01 7.49129453E-34 3.17036692E-32 5.73351298E-13 1.00000000E-40 1.00000000E-40 2.91509675E-32 1.04556295E-30 5.01880589E-14 7.78706733E-12 1.73593562E-20 1.07531868E-20 2.14609493E-15 4.39254341E-10 1.44996519E-17 3.28515876E-25 8.03233202E-29 2.73971816E-10 2.40657259E-34 8.15634021E-25 7.27381035E-29 2.36766382E-29 4.81859127E-37 1.00000000E-40 8.02525456E-32 1.57923635E-32 3.28410854E-16 1.91724563E-36 1.00000000E-40 5.10772939E-33 1.00000000E-40 1.00000000E-40 7.05656732E-15 1.39477918E-32 1.19875989E-29 1.00000000E-40 1.00000000E-40 1.68456022E-35 3.08279452E-31 4.80639756E-28 4.25953639E-39 5.86651641E-29 2.03842934E-21 1.88581723E-22 4.55710842E-36 9.44177000E-38 1.00000000E-05 1.00000000E-05 1.00000000E-05 1.00000000E-05 1.00000000E-05 1.00000000E-05 1.00000000E-05 1.00000000E-05 1.00000000E-05 1.00000000E-05
1.65000000E+01 1.17222123E-01 4.32697216E+18 1.96219506E+02 1.00000000E+05 5.69259799E+00 4.73182807E+02 2.22101709E+00 1.64948150E-21 1.07676636E-07 1.23379695E-39 1.23379695E-39 1.23379695E-39 1.23379695E-39 1.23551294E-39 2.00166395E-18 8.60090461E-06 7.70337273E-06 8.71123194E-29 3.24422657E-22 3.73206633E-08 2.66277131E-07 8.60085565E-01 3.55789244E-22 1.75600906E-20 1.00000000E-40 1.00000000E-40 1.00000000E-40 2.38733251E-35 3.61126615E-26 1.43542422E-22 2.12655301E-17 2.24011216E-25 1.12609438E-24 5.94465839E-22 3.43899455E-13 1.05884220E-15 3.34972810E-17 1.12315440E-01 7.46491946E-34 3.15543163E-32 5.72501619E-13 1.00000000E-40 1.00000000E-40 2.90178268E-32 1.04074477E-30 4.68417333E-14 7.88378260E-12 1.74787648E-20 1.08660497E-20 1.61406063E-15 4.37435383E-10 1.42741575E-17 2.45224194E-25 6.40124398E-29 2.74061428E-10 2.37985357E-34 8.11940291E-25 7.24015826E-29 2.34858215E-29 4.79677884E-37 1.00000000E-40 7.99034996E-32 1.57064228E-32 2.62932855E-16 1.91035011E-36 1.00000000E-40 5.07803282E-33 1.00000000E-40 1.00000000E-40 7.67704781E-15 9.78507634E-33 1.21634893E-29 1.00000000E-40 1.00000000E-40 1.73508342E-35 3.06509078E-31 4.78468288E-28 4.43752127E-39 5.95772097E-29 1.50990328E-21 1.87663492E-22 4.88237368E-36 1.48455000E-37 1.00000000E-05 1.00000000E-05 1.00000000E-05 1.00000000E-05 1.00000000E-05 1.00000000E-05 1.00000000E-05 1.00000000E-05 1.00000000E-05 1.00000000E-05
1.75000000E+01 1.06018379E-01 3.94275777E+18 1.94759102E+02 1.00000000E+05 3.72512983E+00 1.74600852E+02 1.54123662E+00 1.01869803E-21 3.56834407E-08 1.01146537E-39 1.01146537E-39 1.01146537E-39 1.01146537E-39 1.01276935E-39 1.75735156E-18 8.56349869E-06 6.74210574E-06 7.52028569E-29 3.48763926E-22 4.16474762E-08 2.74838355E-07 8.56344469E-01 2.67846303E-22 1.74933412E-20 1.00000000E-40 1.00000000E-40 1.00000000E-40 2.12187037E-35 3.59560026E-26 1.40101626E-22 2.11905152E-17 1.87296953E-25 9.53801714E-25 5.91876062E-22 3.42414929E-13 1.10772186E-15 3.87055341E-17 1.07971030E-01 7.44057418E-34 3.14107868E-32 5.71783504E-13 1.00000000E-40 1.00000000E-40 2.88904786E-32 1.03611999E-30 4.37126194E-14 7.97714036E-12 1.75674386E-20 1.09890939E-20 1.21339911E-15 4.35696813E-10 1.40526483E-17 1.82631499E-25 5.09903278E-29 2.74212889E-10 2.35380301E-34 8.08413501E-25 7.20789313E-29 2.32898727E-29 4.77595086E-37 1.00000000E-40 7.95710235E-32 1.56235196E-32 2.10225839E-16 1.90384678E-36 1.00000000E-40 5.04892016E-33 1.00000000E-40 1.00000000E-40 8.31984016E-15 6.92043840E-33 1.23442403E-29 1.00000000E-40 1.00000000E-40 1.78581082E-35 3.04776360E-31 4.76395497E-28 4.62844912E-39 6.05084691E-29 1.12345267E-21 1.86783441E-22 5.27405067E-36 2.24578000E-37 1.00000000E-05 1.00000000E-05 1.00000000E-05 1.00000000E-05 1.00000000E-05 1.00000000E-05 1.00000000E-05 1.00000000E-05 1.00000000E-05 1.00000000E-05
1.85000000E+01 9.58131477E-02 3.59003384E+18 1.93305073E+02 1.00000000E+05 1.80579640E+00 4.44430481E+01 9.10403061E-01 8.40937947E-22 9.20377644E-09 6.47468356E-40 6.47468356E-40 6.47468356E-40 6.47468356E-40 6.48193897E-40 1.54476132E-18 8.52787963E-06 5.89098362E-06 6.51704541E-29 3.75526150E-22 4.63987772E-08 2.84357773E-07 8.52782041E-01 2.02315956E-22 1.73957638E-20 1.00000000E-40 1.00000000E-40 1.00000000E-40 1.89185478E-35 3.58068398E-26 1.36347969E-22 2.11186312E-17 1.56247221E-25 8.06157575E-25 5.89408453E-22 3.41007224E-13 1.15616032E-15 4.42467569E-17 1.03653614E-01 7.41829575E-34 3.12730630E-32 5.71202219E-13 1.00000000E-40 1.00000000E-40 2.87689508E-32 1.03168807E-30 4.07879751E-14 8.06827534E-12 1.76319581E-20 1.11178724E-20 9.10003341E-16 4.34041489E-10 1.38325352E-17 1.35680707E-25 4.06008406E-29 2.74425399E-10 2.32842605E-34 8.05054955E-25 7.17701576E-29 2.30877708E-29 4.75611450E-37 1.00000000E-40 7.92552690E-32 1.55436536E-32 1.67798212E-16 1.89772887E-36 1.00000000E-40 5.02033106E-33 1.00000000E-40 1.00000000E-40 8.98501879E-15 4.93277751E-33 1.25291363E-29 1.00000000E-40 1.00000000E-40 1.83622842E-35 3.03079033E-31 4.74422174E-28 4.83334469E-39 6.14586122E-29 8.38453379E-22 1.85941784E-22 5.73556315E-36 3.29438000E-37 1.00000000E-05 1.00000000E-05 1.00000000E-05 1.00000000E-05 1.00000000E-05 1.00000000E-05 1.00000000E-05 1.00000000E-05 1.00000000E-05 1.00000000E-05
1.95000000E+01 8.65243971E-02 3.26636182E+18 1.91862887E+02 1.00000000E+05 6.14225594E-01 7.90992484E+00 6.10658883E-01 7.98099158E-22 3.07449029E-09 3.43516960E-40 3.43516960E-40 3.43516960E-40 3.43516960E-40 3.43799795E-40 1.35959988E-18 8.49406453E-06 5.14065792E-06 5.66996298E-29 4.04960150E-22 5.16209956E-08 2.94936394E-07 8.49399991E-01 1.53312832E-22 1.72642185E-20 1.00000000E-40 1.00000000E-40 1.00000000E-40 1.69166772E-35 3.56652454E-26 1.32098840E-22 2.10497327E-17 1.30069037E-25 6.79896358E-25 5.87064063E-22 3.39678072E-13 1.20309705E-15 4.99775329E-17 9.93949723E-02 7.39812728E-34 3.11411304E-32 5.70763620E-13 1.00000000E-40 1.00000000E-40 2.86532800E-32 1.02744859E-30 3.80620881E-14 8.15814782E-12 1.76768587E-20 1.12552796E-20 6.81318346E-16 4.32472070E-10 1.36142955E-17 1.00564808E-25 3.23176265E-29 2.74698623E-10 2.30372568E-34 8.01866254E-25 7.14752823E-29 2.28783782E-29 4.73727859E-37 1.00000000E-40 7.89564194E-32 1.54668260E-32 1.33780911E-16 1.89199125E-36 1.00000000E-40 4.99220225E-33 1.00000000E-40 1.00000000E-40 9.67264585E-15 3.54585136E-33 1.27175234E-29 1.00000000E-40 1.00000000E-40 1.88625188E-35 3.01414604E-31 4.72549283E-28 5.05335374E-39 6.24273702E-29 6.27600107E-22 1.85138801E-22 6.27106788E-36 4.73890000E-37 1.00000000E-05 1.00000000E-05 1.00000000E-05 1.00000000E-05 1.00000000E-05 1.00000000E-05 1.00000000E-05 1.00000000E-05 1.00000000E-05 1.00000000E-05
2.05000000E+01 7.80761167E-02 2.96968765E+18 1.90425082E+02 1.00000000E+05 1.37649117E-01 1.52892185E+00 5.41069189E-01 7.08872683E-22 2.28265340E-09 1.86318551E-40 1.86318551E-40 1.86318551E-40 1.86318551E-40 1.86392059E-40 1.19764611E-18 8.46207357E-06 4.47872479E-06 4.95459066E-29 4.37483655E-22 5.73660665E-08 3.06687228E-07 8.46200338E-01 1.16472572E-22 1.70952478E-20 1.00000000E-40 1.00000000E-40 1.00000000E-40 1.51616283E-35 3.55313045E-26 1.27178698E-22 2.09836744E-17 1.08065732E-25 5.72183611E-25 5.84844139E-22 3.38429537E-13 1.24721202E-15 5.57092470E-17 9.51707031E-02 7.38011816E-34 3.10149763E-32 5.70474226E-13 1.00000000E-40 1.00000000E-40 2.85435099E-32 1.02340124E-30 3.55317215E-14 8.24757776E-12 1.77092547E-20 1.14033910E-20 5.09072996E-16 4.30991071E-10 1.33972086E-17 7.43556704E-26 2.57188032E-29 2.75032649E-10 2.27970334E-34 7.98849284E-25 7.11943375E-29 2.26604234E-29 4.71945353E-37 1.00000000E-40 7.86746902E-32 1.53930390E-32 1.06545160E-16 1.88663013E-36 1.00000000E-40 4.96446632E-33 1.00000000E-40 1.00000000E-40 1.03827767E-14 2.57164959E-33 1.29087948E-29 1.00000000E-40 1.00000000E-40 1.93613212E-35 2.99780294E-31 4.70777958E-28 5.28975685E-39 6.34145281E-29 4.71061819E-22 1.84374829E-22 6.88553116E-36 6.72091000E-37 1.00000000E-05 1.00000000E-05 1.00000000E-05 1.00000000E-05 1.00000000E-05 1.00000000E-05 1.00000000E-05 1.00000000E-05 1.00000000E-05 1.00000000E-05
2.15000000E+01 7.03979284E-02 2.69798096E+18 1.88989500E+02 1.00000000E+05 1.89729766E-02 9.05712474E-01 4.84557023E-01 5.68623132E-22 2.36082905E-09 1.34225952E-40 1.34225952E-40 1.34225952E-40 1.34225952E-40 1.34237997E-40 1.05525114E-18 8.43192524E-06 3.89394769E-06 4.36036536E-29 4.73427603E-22 6.36919795E-08 3.19736379E-07 8.43184932E-01 8.86281894E-23 1.68850337E-20 1.00000000E-40 1.00000000E-40 1.00000000E-40 1.36100818E-35 3.54050956E-26 1.21432568E-22 2.09202953E-17 8.96242571E-26 4.80542675E-25 5.82749796E-22 3.37263826E-13 1.28692340E-15 6.12139591E-17 9.09806777E-02 7.36432002E-34 3.08945716E-32 5.70340923E-13 1.00000000E-40 1.00000000E-40 2.84396762E-32 1.01954513E-30 3.32015098E-14 8.33726345E-12 1.77335985E-20 1.15622632E-20 3.79319062E-16 4.29600670E-10 1.31801544E-17 5.48321754E-26 2.04668493E-29 2.75427753E-10 2.25635855E-34 7.96005775E-25 7.09273246E-29 2.24324732E-29 4.70264869E-37 1.00000000E-40 7.84102847E-32 1.53222875E-32 8.47400373E-17 1.88164181E-36 1.00000000E-40 4.93704801E-33 1.00000000E-40 1.00000000E-40 1.11154308E-14 1.88264175E-33 1.31023616E-29 1.00000000E-40 1.00000000E-40 1.98633810E-35 2.98172844E-31 4.69109244E-28 5.54397475E-39 6.44198434E-29 3.55390445E-22 1.83650167E-22 7.58478720E-36 9.41382000E-37 1.00000000E-05 1.00000000E-05 1.00000000E-05 1.00000000E-05 1.00000000E-05 1.00000000E-05 1.00000000E-05 1.00000000E-05 1.00000000E-05 1.00000000E-05
2.25000000E+01 6.34249672E-02 2.44918070E+18 1.87566867E+02 1.00000000E+05 1.61152730E-03 8.76504773E-01 3.74850113E-01 4.28473101E-22 2.57343745E-09 1.24497650E-40 1.24497650E-40 1.24497650E-40 1.24497650E-40 1.24498826E-40 9.30187060E-19 8.40363941E-06 3.38039039E-06 3.99794850E-29 5.13144957E-22 7.06637512E-08 3.34225207E-07 8.40355757E-01 6.75593343E-23 1.66293603E-20 1.00000000E-40 1.00000000E-40 1.00000000E-40 1.22364577E-35 3.52867024E-26 1.14745963E-22 2.08594232E-17 7.41944193E-26 4.02731158E-25 5.80782218E-22 3.36183360E-13 1.32041714E-15 6.62362853E-17 8.68632045E-02 7.35078996E-34 3.07798802E-32 5.70371274E-13 1.00000000E-40 1.00000000E-40 2.83418154E-32 1.01587916E-30 3.10890634E-14 8.42780836E-12 1.77516593E-20 1.17330955E-20 2.82111711E-16 4.28302917E-10 1.29637700E-17 4.03280661E-26 1.62921645E-29 2.75884484E-10 2.23368969E-34 7.93337575E-25 7.06742367E-29 2.21929166E-29 4.68687403E-37 1.00000000E-40 7.81634224E-32 1.52545637E-32 6.73123556E-17 1.87702310E-36 1.00000000E-40 4.90986430E-33 1.00000000E-40 1.00000000E-40 1.18706014E-14 1.39257601E-33 1.32976477E-29 1.00000000E-40 1.00000000E-40 2.03747547E-35 2.96588549E-31 4.67544257E-28 5.81759273E-39 6.54430862E-29 2.78793193E-22 1.82965132E-22 8.37565553E-36 1.30958000E-36 1.00000000E-05 1.00000000E-05 1.00000000E-05 1.00000000E-05 1.00000000E-05 1.00000000E-05 1.00000000E-05 1.00000000E-05 1.00000000E-05 1.00000000E-05
2.35000000E+01 5.70973642E-02 2.22168543E+18 1.86144498E+02 1.00000000E+05 2.29418398E-04 8.87629485E-01 2.45523927E-01 3.14932133E-22 2.88073294E-09 1.27780558E-40 1.27780558E-40 1.27780558E-40 1.27780558E-40 1.27780623E-40 8.19648644E-19 8.37722809E-06 2.92745908E-06 4.88501324E-29 5.57216788E-22 7.83541236E-08 3.50311655E-07 8.37714018E-01 5.15296884E-23 1.63235559E-20 1.00000000E-40 1.00000000E-40 1.00000000E-40 1.10097413E-35 3.51761763E-26 1.07056958E-22 2.08008482E-17 6.13105299E-26 3.36843240E-25 5.78942026E-22 3.35190344E-13 1.34570216E-15 7.05102113E-17 8.27796828E-02 7.33958283E-34 3.06708241E-32 5.70572948E-13 1.00000000E-40 1.00000000E-40 2.82499343E-32 1.01240087E-30 2.92263572E-14 8.51972698E-12 1.77705164E-20 1.19179788E-20 2.09156661E-16 4.27099293E-10 1.27463094E-17 2.95645104E-26 1.29800662E-29 2.76403323E-10 2.21169216E-34 7.90845798E-25 7.04349805E-29 2.19399204E-29 4.67213497E-37 1.00000000E-40 7.79342543E-32 1.51898400E-32 5.33526111E-17 1.87276913E-36 1.00000000E-40 4.88281800E-33 1.00000000E-40 1.00000000E-40 1.26482088E-14 1.04104276E-33 1.34940596E-29 1.00000000E-40 1.00000000E-40 2.09022909E-35 2.95022894E-31 4.66083682E-28 6.11236762E-39 6.64839359E-29 2.90728389E-22 1.82319861E-22 9.26605241E-36 1.81907000E-36 1.00000000E-05 1.00000000E-05 1.00000000E-05 1.00000000E-05 1.00000000E-05 1.00000000E-05 1.00000000E-05 1.00000000E-05 1.00000000E-05 1.00000000E-05
2.45000000E+01 5.13595752E-02 2.01380858E+18 1.84722563E+02 1.00000000E+05 1.57590081E-04 8.92771435E-01 1.31422378E-01 2.28398817E-22 3.42761187E-09 1.36968118E-40 1.36968118E-40 1.36968118E-40 1.36968118E-40 1.36968120E-40 7.21952983E-19 8.35272114E-06 2.52914936E-06 1.33751355E-28 6.06335411E-22 8.68446822E-08 3.68173221E-07 8.35262700E-01 3.93206977E-23 1.59625018E-20 1.00000000E-40 1.00000000E-40 1.00000000E-40 9.91431061E-36 3.50736434E-26 9.83832906E-23 2.07443822E-17 5.05653038E-26 2.81165988E-25 5.77231049E-22 3.34287668E-13 1.36072455E-15 7.37808148E-17 7.87292600E-02 7.33077406E-34 3.05673756E-32 5.70955515E-13 1.00000000E-40 1.00000000E-40 2.81640954E-32 1.00910944E-30 2.76721170E-14 8.61348039E-12 1.77950410E-20 1.21258650E-20 1.54653210E-16 4.25992048E-10 1.25277393E-17 2.15913732E-26 1.03604376E-29 2.76985458E-10 2.19036565E-34 7.88533231E-25 7.02095883E-29 2.16714734E-29 4.65844670E-37 1.00000000E-40 7.77231009E-32 1.51281154E-32 4.21751545E-17 1.86887878E-36 1.00000000E-40 4.85581116E-33 1.00000000E-40 1.00000000E-40 1.34480962E-14 7.86913725E-34 1.36910081E-29 1.00000000E-40 1.00000000E-40 2.14532654E-35 2.93471386E-31 4.64729193E-28 6.43026133E-39 6.75421491E-29 6.77238918E-22 1.81714871E-22 1.02651241E-35 2.52127000E-36 1.00000000E-05 1.00000000E-05 1.00000000E-05 1.00000000E-05 1.00000000E-05 1.00000000E-05 1.00000000E-05 1.00000000E-05 1.00000000E-05 1.00000000E-05
2.55000000E+01 4.61606868E-02 1.82394411E+18 1.83306329E+02 1.00000000E+05 1.37070367E-04 9.08149800E-01 5.51331660E-02 1.60711635E-22 4.77063240E-09 1.50307473E-40 1.50307473E-40 1.50307473E-40 1.50307473E-40 1.50307473E-40 6.35394985E-19 8.33013559E-06 2.17935404E-06 5.99059729E-28 6.60981713E-22 9.62269153E-08 3.88008591E-07 8.33003506E-01 3.00003020E-23 1.55405366E-20 1.00000000E-40 1.00000000E-40 1.00000000E-40 8.94361482E-36 3.49791763E-26 8.88339621E-23 2.06897789E-17 4.16176917E-26 2.34233181E-25 5.75650194E-22 3.33477517E-13 1.36351896E-15 7.58284468E-17 7.47359008E-02 7.32443391E-34 3.04694433E-32 5.71528497E-13 1.00000000E-40 1.00000000E-40 2.80843130E-32 1.00600195E-30 2.65212144E-14 8.70945710E-12 1.78266888E-20 1.23806862E-20 1.14106728E-16 4.24982668E-10 1.23072679E-17 1.56964262E-26 8.29902527E-30 2.77631796E-10 2.16970587E-34 7.86401451E-25 6.99979576E-29 2.13852722E-29 4.64581704E-37 1.00000000E-40 7.75301686E-32 1.50693590E-32 3.32214165E-17 1.86534774E-36 1.00000000E-40 4.82872534E-33 1.00000000E-40 1.00000000E-40 1.42699711E-14 6.01580136E-34 1.38878544E-29 1.00000000E-40 1.00000000E-40 2.20351362E-35 2.91928394E-31 4.63481752E-28 6.77344962E-39 6.86173397E-29 2.57182465E-21 1.81150384E-22 1.13833915E-35 3.50082000E-36 1.00000000E-05 1.00000000E-05 1.00000000E-05 1.00000000E-05 1.00000000E-05 1.00000000E-05 1.00000000E-05 1.00000000E-05 1.00000000E-05 1.00000000E-05
2.65000000E+01 4.14537340E-02 1.65070033E+18 1.81891389E+02 1.00000000E+05 1.19209689E-04 9.16189832E-01 1.58773356E-02 1.06189112E-22 8.53627876E-09 1.66371356E-40 1.66371356E-40 1.66371356E-40 1.66371356E-40 1.66371356E-40 5.58588915E-19 8.30949291E-06 1.87240901E-06 2.60807572E-27 7.22032010E-22 1.06603587E-07 4.10040993E-07 8.30938582E-01 2.28744167E-23 1.50515233E-20 1.00000000E-40 1.00000000E-40 1.00000000E-40 8.13019749E-36 3.48928660E-26 7.86183613E-23 2.06367716E-17 3.41769761E-26 1.94757727E-25 5.74200644E-22 3.32761842E-13 1.35241841E-15 7.64936754E-17 7.07881282E-02 7.32064339E-34 3.03769325E-32 5.72302637E-13 1.00000000E-40 1.00000000E-40 2.80106114E-32 1.00307542E-30 2.59166116E-14 8.80799505E-12 1.78707590E-20 1.27867237E-20 8.42851512E-17 4.24072771E-10 1.20841331E-17 1.13437386E-26 6.69019380E-30 2.78343495E-10 2.14970931E-34 7.84452446E-25 6.97999920E-29 2.10787367E-29 4.63425603E-37 1.00000000E-40 7.73557103E-32 1.50135405E-32 2.60468953E-17 1.86217218E-36 1.00000000E-40 4.80142978E-33 1.00000000E-40 1.00000000E-40 1.51133839E-14 4.65059997E-34 1.40839217E-29 1.00000000E-40 1.00000000E-40 2.26555162E-35 2.90387666E-31 4.62342569E-28 7.14435692E-39 6.97090913E-29 9.45846893E-21 1.80626708E-22 1.26329322E-35 4.91033000E-36 1.00000000E-05 1.00000000E-05 1.00000000E-05 1.00000000E-05 1.00000000E-05 1.00000000E-05 1.00000000E-05 1.00000000E-05 1.00000000E-05 1.00000000E-05
2.75000000E+01 3.71954404E-02 1.49279398E+18 1.80470641E+02 1.00000000E+05 1.03050182E-04 9.22928347E-01 2.97929060E-03 6.37672637E-23 1.85049584E-08 1.83520370E-40 1.83520370E-40 1.83520370E-40 1.83520370E-40 1.83520370E-40 4.90363258E-19 8.29081809E-06 1.60330488E-06 9.81073456E-27 7.90650091E-22 1.18090097E-07 4.34521122E-07 8.29070427E-01 1.74212372E-23 1.44890500E-20 1.00000000E-40 1.00000000E-40 1.00000000E-40 7.61393349E-36 3.48148186E-26 6.80401127E-23 2.05850665E-17 2.79975101E-26 1.61624703E-25 5.72883788E-22 3.32142070E-13 1.32630041E-15 7.56995172E-17 6.68685829E-02 7.31949460E-34 3.02897400E-32 5.73289930E-13 1.00000000E-40 1.00000000E-40 2.79430205E-32 1.00032657E-30 2.60604030E-14 8.90938462E-12 1.79337169E-20 1.36871050E-20 6.30210438E-17 4.23264080E-10 1.18575384E-17 8.13233688E-27 5.45019531E-30 2.79121906E-10 2.13037333E-34 7.82688534E-25 6.96155906E-29 2.07489789E-29 4.62377541E-37 1.00000000E-40 7.72000177E-32 1.49606275E-32 2.02938881E-17 1.85934831E-36 1.00000000E-40 4.77377894E-33 1.00000000E-40 1.00000000E-40 1.59776767E-14 3.63386127E-34 1.42784804E-29 1.00000000E-40 1.00000000E-40 2.33221895E-35 2.88842208E-31 4.61313048E-28 7.54567949E-39 7.08169214E-29 2.99294724E-20 1.80144209E-22 1.40275569E-35 7.03856000E-36 1.00000000E-05 1.00000000E-05 1.00000000E-05 1.00000000E-05 1.00000000E-05 1.00000000E-05 1.00000000E-05 1.00000000E-05 1.00000000E-05 1.00000000E-05
2.85000000E+01 3.33460085E-02 1.34891261E+18 1.79051000E+02 1.00000000E+05 8.89842288E-05 9.32781577E-01 3.15821963E-14 3.38583152E-23 4.15077514E-08 2.00728167E-40 2.00728167E-40 2.00728167E-40 2.00728167E-40 2.00728167E-40 4.29685985E-19 8.27413701E-06 1.36796703E-06 3.18631400E-26 8.67655096E-22 1.30816250E-07 4.61730916E-07 8.27401626E-01 1.32456989E-23 1.38469486E-20 1.00000000E-40 1.00000000E-40 1.00000000E-40 7.80484549E-36 3.47451441E-26 5.74727542E-23 2.05343298E-17 2.28729330E-26 1.33878792E-25 5.71701028E-22 3.31618744E-13 1.28483786E-15 7.34672348E-17 6.30054044E-02 7.32108995E-34 3.02077413E-32 5.74503607E-13 1.00000000E-40 1.00000000E-40 2.78815663E-32 9.97751426E-31 2.72163447E-14 9.01387520E-12 1.80167069E-20 1.60367715E-20 4.90009982E-17 4.22558299E-10 1.16265942E-17 5.76579460E-27 4.51057938E-30 2.79968481E-10 2.11169538E-34 7.81112110E-25 6.94446202E-29 2.03927695E-29 4.61438709E-37 1.00000000E-40 7.70633971E-32 1.49105802E-32 1.56746553E-17 1.85687165E-36 1.00000000E-40 4.74560835E-33 1.00000000E-40 1.00000000E-40 1.68619488E-14 2.86807987E-34 1.44707325E-29 1.00000000E-40 1.00000000E-40 2.40431979E-35 2.87284066E-31 4.60394645E-28 7.98041549E-39 7.19402447E-29 8.14273555E-20 1.79703256E-22 1.55830356E-35 1.05387000E-35 1.00000000E-05 1.00000000E-05 1.00000000E-05 1.00000000E-05 1.00000000E-05 1.00000000E-05 1.00000000E-05 1.00000000E-05 1.00000000E-05 1.00000000E-05
2.95000000E+01 2.98689697E-02 1.21790945E+18 1.77632303E+02 1.00000000E+05 7.61355225E-05 9.28158539E-01 8.84004684E-17 1.56767482E-23 8.65493980E-08 2.18160371E-40 2.18160371E-40 2.18160371E-40 2.18160371E-40 2.18160371E-40 3.75760514E-19 8.25946543E-06 1.16281263E-06 9.09743648E-26 9.54421537E-22 1.44928111E-07 4.91987344E-07 8.25933753E-01 1.00509323E-23 1.31202931E-20 1.00000000E-40 1.00000000E-40 1.00000000E-40 9.73782162E-36 3.46839099E-26 4.73172970E-23 2.04841543E-17 1.86278838E-26 1.10688123E-25 5.70653016E-22 3.31190875E-13 1.22869358E-15 6.99212859E-17 5.92005797E-02 7.32553442E-34 3.01307464E-32 5.75957541E-13 1.00000000E-40 1.00000000E-40 2.78262328E-32 9.95343874E-31 2.96949321E-14 9.12167985E-12 1.81247641E-20 2.21854862E-20 4.13746252E-17 4.21956564E-10 1.13907219E-17 4.02605102E-27 3.81211243E-30 2.80884404E-10 2.09367007E-34 7.79724605E-25 6.92868177E-29 2.00065063E-29 4.60609698E-37 1.00000000E-40 7.69460682E-32 1.48633295E-32 1.19661678E-17 1.85473434E-36 1.00000000E-40 4.71672540E-33 1.00000000E-40 1.00000000E-40 1.77650090E-14 2.28444131E-34 1.46597816E-29 1.00000000E-40 1.00000000E-40 2.48269397E-35 2.85703801E-31 4.59588250E-28 8.45188350E-39 7.30782332E-29 1.93869342E-19 1.79303975E-22 1.73173417E-35 1.66279000E-35 1.00000000E-05 1.00000000E-05 1.00000000E-05 1.00000000E-05 1.00000000E-05 1.00000000E-05 1.00000000E-05 1.00000000E-05 1.00000000E-05 1.00000000E-05
3.05000000E+01 2.67307572E-02 1.09881627E+18 1.76198784E+02 1.00000000E+05 6.49244648E-05 9.20490981E-01 7.84054097E-20 6.72833407E-24 1.60666760E-07 2.36562322E-40 2.36562322E-40 2.36562322E-40 2.36562322E-40 2.36562322E-40 3.27654322E-19 8.24683282E-06 9.83498599E-07 2.32921730E-25 1.05296051E-21 1.60590117E-07 5.25647501E-07 8.24669754E-01 7.60236385E-24 1.23070218E-20 1.00000000E-40 1.00000000E-40 1.00000000E-40 1.57380775E-35 3.46312414E-26 3.79466604E-23 2.04341120E-17 1.51182153E-26 9.13503094E-26 5.69741303E-22 3.30856824E-13 1.15960087E-15 6.52805751E-17 5.54185579E-02 7.33295814E-34 3.00585846E-32 5.77668012E-13 1.00000000E-40 1.00000000E-40 2.77770415E-32 9.93098451E-31 3.38184308E-14 9.23302228E-12 1.82680067E-20 3.72993095E-20 3.92670138E-17 4.21460671E-10 1.11477686E-17 2.75445877E-27 3.30032308E-30 2.81871352E-10 2.07629582E-34 7.78528743E-25 6.91419857E-29 1.95863386E-29 4.59891825E-37 1.00000000E-40 7.68483870E-32 1.48188197E-32 8.99702244E-18 1.85293030E-36 1.00000000E-40 4.68692063E-33 1.00000000E-40 1.00000000E-40 1.86853713E-14 1.83358784E-34 1.48446540E-29 1.00000000E-40 1.00000000E-40 2.56823567E-35 2.84091207E-31 4.58895519E-28 8.96374649E-39 7.42298652E-29 4.11647946E-19 1.78946769E-22 1.92509246E-35 2.72334000E-35 1.00000000E-05 1.00000000E-05 1.00000000E-05 1.00000000E-05 1.00000000E-05 1.00000000E-05 1.00000000E-05 1.00000000E-05 1.00000000E-05 1.00000000E-05
3.15000000E+01 2.39005536E-02 9.90553090E+17 1.74761974E+02 1.00000000E+05 5.47976916E-05 8.95326545E-01 1.44850058E-23 3.71631076E-24 2.62794191E-07 2.55508909E-40 2.55508909E-40 2.55508909E-40 2.55508909E-40 2.55508909E-40 2.84861350E-19 8.23626729E-06 8.27827819E-07 5.43870195E-25 1.16487444E-21 1.77987584E-07 5.63113702E-07 8.23612436E-01 5.73129950E-24 1.14098200E-20 1.00000000E-40 1.00000000E-40 1.00000000E-40 3.04359884E-35 3.45872584E-26 2.96540628E-23 2.03837083E-17 1.22232353E-26 7.52533112E-26 5.68967274E-22 3.30613776E-13 1.08026445E-15 5.98344869E-17 5.16967721E-02 7.34350565E-34 2.99910438E-32 5.79652892E-13 1.00000000E-40 1.00000000E-40 2.77339995E-32 9.91008354E-31 3.98715367E-14 9.34815447E-12 1.84482068E-20 7.17366484E-20 4.23698282E-17 4.21072305E-10 1.08973959E-17 1.83890056E-27 2.92378767E-30 2.82930985E-10 2.05957080E-34 7.77527108E-25 6.90098575E-29 1.91282823E-29 4.59286282E-37 1.00000000E-40 7.67707062E-32 1.47769790E-32 6.65123000E-18 1.85145157E-36 1.00000000E-40 4.65595512E-33 1.00000000E-40 1.00000000E-40 1.96212280E-14 1.48134591E-34 1.50242602E-29 1.00000000E-40 1.00000000E-40 2.66190689E-35 2.82434588E-31 4.58318031E-28 9.52000591E-39 7.53935846E-29 7.92860348E-19 1.78631984E-22 2.14070283E-35 4.60157000E-35 1.00000000E-05 1.00000000E-05 1.00000000E-05 1.00000000E-05 1.00000000E-05 1.00000000E-05 1.00000000E-05 1.00000000E-05 1.00000000E-05 1.00000000E-05
3.25000000E+01 2.13502496E-02 8.92211374E+17 1.73321296E+02 1.00000000E+05 4.56860950E-05 8.48215567E-01 4.02479288E-30 3.73883028E-24 3.80447281E-07 2.71730627E-40 2.71730627E-40 2.71730627E-40 2.71730627E-40 2.71730627E-40 2.46806520E-19 8.22778380E-06 6.93098593E-07 1.17531220E-24 1.29244669E-21 1.97329632E-07 6.04839581E-07 8.22763280E-01 4.30367777E-24 1.04379450E-20 1.00000000E-40 1.00000000E-40 1.00000000E-40 6.17313247E-35 3.45520252E-26 2.26126248E-23 2.03323429E-17 9.84443139E-27 6.18798587E-26 5.68331326E-22 3.30457553E-13 9.94069450E-16 5.39071499E-17 4.80399226E-02 7.35732828E-34 2.99278223E-32 5.81931100E-13 1.00000000E-40 1.00000000E-40 2.76970574E-32 9.89063846E-31 4.80453152E-14 9.46738025E-12 1.86719644E-20 1.44895511E-19 5.17794236E-17 4.20792453E-10 1.06382664E-17 1.19525192E-27 2.63563707E-30 2.84064569E-10 2.04348963E-34 7.76721022E-25 6.88899896E-29 1.86285110E-29 4.58793471E-37 1.00000000E-40 7.67132659E-32 1.47376964E-32 4.83599574E-18 1.85028544E-36 1.00000000E-40 4.62354929E-33 1.00000000E-40 1.00000000E-40 2.05704412E-14 1.20286436E-34 1.51973622E-29 1.00000000E-40 1.00000000E-40 2.76475237E-35 2.80720133E-31 4.57856625E-28 1.01249747E-38 7.65668157E-29 1.40518894E-18 1.78359648E-22 2.38120763E-35 8.18591000E-35 1.00000000E-05 1.00000000E-05 1.00000000E-05 1.00000000E-05 1.00000000E-05 1.00000000E-05 1.00000000E-05 1.00000000E-05 1.00000000E-05 1.00000000E-05
3.35000000E+01 1.90539639E-02 8.03041125E+17 1.71855838E+02 1.00000000E+05 3.77753423E-05 7.94207443E-01 1.89702933E-37 4.89127144E-24 4.93580261E-07 2.79076163E-40 2.79076163E-40 2.79076163E-40 2.79076163E-40 2.79076163E-40 2.12788159E-19 8.22141680E-06 5.76007870E-07 2.37962472E-24 1.43918482E-21 2.18852111E-07 6.51337131E-07 8.22125738E-01 3.21274156E-24 9.40851721E-21 1.00000000E-40 1.00000000E-40 1.00000000E-40 1.20810972E-34 3.45256891E-26 1.68651458E-23 2.02793835E-17 7.90112906E-27 5.07972042E-26 5.67835137E-22 3.30384316E-13 9.04677928E-16 4.78183779E-17 4.44083178E-02 7.37461523E-34 2.98686447E-32 5.84525034E-13 1.00000000E-40 1.00000000E-40 2.76662197E-32 9.87256084E-31 5.83911560E-14 9.59111508E-12 1.89542554E-20 2.91236785E-19 6.91859652E-17 4.20623075E-10 1.03668769E-17 7.56487312E-28 2.39709180E-30 2.85274028E-10 2.02805250E-34 7.76113661E-25 6.87820314E-29 1.80839848E-29 4.58414832E-37 1.00000000E-40 7.66765019E-32 1.47008793E-32 3.46547989E-18 1.84942156E-36 1.00000000E-40 4.58939854E-33 1.00000000E-40 1.00000000E-40 2.15305716E-14 9.79830023E-35 1.53626045E-29 1.00000000E-40 1.00000000E-40 2.87792313E-35 2.78932898E-31 4.57513242E-28 1.07832224E-38 7.77455842E-29 2.31705196E-18 1.78130184E-22 2.64960501E-35 1.58614000E-34 1.00000000E-05 1.00000000E-05 1.00000000E-05 1.00000000E-05 1.00000000E-05 1.00000000E-05 1.00000000E-05 1.00000000E-05 1.00000000E-05 1.00000000E-05
3.45000000E+01 1.69880316E-02 7.22174505E+17 1.70379609E+02 1.00000000E+05 3.05360449E-05 7.22712705E-01 2.44829189E-40 6.16996799E-24 5.84212682E-07 2.71311929E-40 2.71311929E-40 2.71311929E-40 2.71311929E-40 2.71311929E-40 1.82597800E-19 8.21719169E-06 4.75388662E-07 4.55152495E-24 1.60843338E-21 2.42821247E-07 7.03183996E-07 8.21702333E-01 2.38494518E-24 8.34630327E-21 1.00000000E-40 1.00000000E-40 1.00000000E-40 2.20470675E-34 3.45083586E-26 1.23425693E-23 2.02240807E-17 6.32245368E-27 4.16234677E-26 5.67479647E-22 3.30389822E-13 8.15588616E-16 4.18484462E-17 4.08442081E-02 7.39557136E-34 2.98131489E-32 5.87458901E-13 1.00000000E-40 1.00000000E-40 2.76414450E-32 9.85573404E-31 7.08015144E-14 9.71987339E-12 1.93006707E-20 5.68273826E-19 9.53307475E-17 4.20565637E-10 1.00832678E-17 4.68269162E-28 2.18068210E-30 2.86560973E-10 2.01325753E-34 7.75707310E-25 6.86854705E-29 1.74930296E-29 4.58151222E-37 1.00000000E-40 7.66607773E-32 1.46663994E-32 2.46052542E-18 1.84884504E-36 1.00000000E-40 4.55315078E-33 1.00000000E-40 1.00000000E-40 2.24988349E-14 7.99670217E-35 1.55184470E-29 1.00000000E-40 1.00000000E-40 3.00269074E-35 2.77055510E-31 4.57289302E-28 1.14994510E-38 7.89235326E-29 3.58435609E-18 1.77943775E-22 2.94929629E-35 3.39779000E-34 1.00000000E-05 1.00000000E-05 1.00000000E-05 1.00000000E-05 1.00000000E-05 1.00000000E-05 1.00000000E-05 1.00000000E-05 1.00000000E-05 1.00000000E-05
3.55000000E+01 1.51309110E-02 6.48896179E+17 1.68891018E+02 1.00000000E+05 2.41419574E-05 6.44103939E-01 2.05555020E-40 7.16453123E-24 6.44256074E-07 2.46605687E-40 2.46605687E-40 2.46605687E-40 2.46605687E-40 2.46605687E-40 1.55822617E-19 8.21512547E-06 3.89265281E-07 8.28545185E-24 1.80459424E-21 2.69538503E-07 7.61034008E-07 8.21494739E-01 1.75864633E-24 7.28174422E-21 1.00000000E-40 1.00000000E-40 1.00000000E-40 3.71882471E-34 3.45001072E-26 8.89663595E-24 2.01655562E-17 5.04828448E-27 3.40447188E-26 5.67265106E-22 3.30469795E-13 7.29763529E-16 3.62140386E-17 3.73550878E-02 7.42042184E-34 2.97608806E-32 5.90759211E-13 1.00000000E-40 1.00000000E-40 2.76226463E-32 9.84001146E-31 8.50171373E-14 9.85427633E-12 1.97242885E-20 1.06851649E-18 1.29739128E-16 4.20621158E-10 9.78509263E-18 2.85279652E-28 1.97143199E-30 2.87926772E-10 1.99910060E-34 7.75503444E-25 6.85996265E-29 1.68559372E-29 4.58002944E-37 1.00000000E-40 7.66663928E-32 1.46340897E-32 1.73950135E-18 1.84853643E-36 1.00000000E-40 4.51440014E-33 1.00000000E-40 1.00000000E-40 2.34721190E-14 6.52841700E-35 1.56631497E-29 1.00000000E-40 1.00000000E-40 3.14047304E-35 2.75067863E-31 4.57185754E-28 1.22783536E-38 8.00912432E-29 5.23795955E-18 1.77800376E-22 3.28414939E-35 7.82970000E-34 1.00000000E-05 1.00000000E-05 1.00000000E-05 1.00000000E-05 1.00000000E-05 1.00000000E-05 1.00000000E-05 1.00000000E-05 1.00000000E-05 1.00000000E-05
3.65000000E+01 1.34628257E-02 5.82628340E+17 1.67363731E+02 1.00000000E+05 1.87794248E-05 5.74610808E-01 1.67175401E-40 7.80786249E-24 6.76261284E-07 2.10164175E-40 2.10164175E-40 2.10164175E-40 2.10164175E-40 2.10164175E-40 1.31922385E-19 8.21525052E-06 3.15191394E-07 1.44672296E-23 2.03425497E-21 2.99344078E-07 8.25625299E-07 8.21506202E-01 1.28430901E-24 6.24749837E-21 1.00000000E-40 1.00000000E-40 1.00000000E-40 5.81216700E-34 3.45010743E-26 6.34113871E-24 2.01028517E-17 4.02678164E-27 2.78018381E-26 5.67192724E-22 3.30621071E-13 6.49416805E-16 3.10593081E-17 3.39046418E-02 7.44943539E-34 2.97113768E-32 5.94456624E-13 1.00000000E-40 1.00000000E-40 2.76097713E-32 9.82524387E-31 1.00665338E-13 9.99505745E-12 2.02526225E-20 1.93974246E-18 1.71062552E-16 4.20791433E-10 9.46677628E-18 1.71996777E-28 1.76538841E-30 2.89373271E-10 1.98558245E-34 7.75505006E-25 6.85238452E-29 1.61754127E-29 4.57971095E-37 1.00000000E-40 7.66938124E-32 1.46037878E-32 1.22827878E-18 1.84847661E-36 1.00000000E-40 4.47269652E-33 1.00000000E-40 1.00000000E-40 2.44469427E-14 5.32069587E-35 1.57947813E-29 1.00000000E-40 1.00000000E-40 3.29285721E-35 2.72947746E-31 4.57204422E-28 1.31243640E-38 8.12359024E-29 7.27632906E-18 1.77700236E-22 3.65854531E-35 1.84656000E-33 1.00000000E-05 1.00000000E-05 1.00000000E-05 1.00000000E-05 1.00000000E-05 1.00000000E-05 1.00000000E-05 1.00000000E-05 1.00000000E-05 1.00000000E-05
3.75000000E+01 1.19657237E-02 5.22675649E+17 1.65814848E+02 1.00000000E+05 1.40828060E-05 5.01068352E-01 1.37743767E-40 8.18373854E-24 6.88773951E-07 1.71991795E-40 1.71991795E-40 1.71991795E-40 1.71991795E-40 1.71991795E-40 1.10879317E-19 8.21759091E-06 2.52587068E-07 2.43855191E-23 2.30470796E-21 3.32622969E-07 8.97792914E-07 8.21739101E-01 9.29655691E-25 5.27397451E-21 1.00000000E-40 1.00000000E-40 1.00000000E-40 8.49055392E-34 3.45113637E-26 4.48724121E-24 2.00348486E-17 3.21047462E-27 2.26614326E-26 5.67262979E-22 3.30840627E-13 5.75958902E-16 2.64589548E-17 3.05441741E-02 7.48290761E-34 2.96640650E-32 5.98584807E-13 1.00000000E-40 1.00000000E-40 2.76027166E-32 9.81124648E-31 1.17337280E-13 1.01430099E-11 2.09108082E-20 3.41118105E-18 2.17483075E-16 4.21077799E-10 9.12877227E-18 1.03247833E-28 1.56626546E-30 2.90902000E-10 1.97270210E-34 7.75714105E-25 6.84572762E-29 1.54564391E-29 4.58056184E-37 1.00000000E-40 7.67434400E-32 1.45752865E-32 8.69778152E-19 1.84864097E-36 1.00000000E-40 4.42752256E-33 1.00000000E-40 1.00000000E-40 2.54193889E-14 4.32585855E-35 1.59111524E-29 1.00000000E-40 1.00000000E-40 3.46162464E-35 2.70669539E-31 4.57346648E-28 1.40413457E-38 8.23410242E-29 9.66962630E-18 1.77643360E-22 4.07745727E-35 4.29370000E-33 1.00000000E-05 1.00000000E-05 1.00000000E-05 1.00000000E-05 1.00000000E-05 1.00000000E-05 1.00000000E-05 1.00000000E-05 1.00000000E-05 1.00000000E-05
3.85000000E+01 1.06232576E-02 4.68474793E+17 1.64243507E+02 1.00000000E+05 1.02404239E-05 4.31592890E-01 1.19477716E-40 8.38899967E-24 6.90429066E-07 1.41015536E-40 1.41015536E-40 1.41015536E-40 1.41015536E-40 1.41015536E-40 9.24644820E-20 8.22215259E-06 2.00132557E-07 3.99789104E-23 2.62556522E-21 3.69812503E-07 9.78484929E-07 8.22193966E-01 6.66505327E-25 4.38531937E-21 1.00000000E-40 1.00000000E-40 1.00000000E-40 1.17169721E-33 3.45310023E-26 3.16415162E-24 1.99602215E-17 2.55987635E-27 1.84356305E-26 5.67474907E-22 3.31125068E-13 5.10065024E-16 2.24296195E-17 2.72907212E-02 7.52115805E-34 2.96182143E-32 6.03180430E-13 1.00000000E-40 1.00000000E-40 2.76012919E-32 9.79778293E-31 1.34650343E-13 1.02989599E-11 2.17689890E-20 5.84828978E-18 2.67083752E-16 4.21480641E-10 8.76838638E-18 6.18979016E-29 1.38192122E-30 2.92513898E-10 1.96045389E-34 7.76131092E-25 6.83987699E-29 1.47058283E-29 4.58257577E-37 1.00000000E-40 7.68155321E-32 1.45483119E-32 6.18544379E-19 1.84899659E-36 1.00000000E-40 4.37827734E-33 1.00000000E-40 1.00000000E-40 2.63850662E-14 3.50781055E-35 1.60097725E-29 1.00000000E-40 1.00000000E-40 3.64878416E-35 2.68203349E-31 4.57612746E-28 1.50322153E-38 8.33866289E-29 1.23775014E-17 1.77629284E-22 4.54654968E-35 9.74631000E-33 1.00000000E-05 1.00000000E-05 1.00000000E-05 1.00000000E-05 1.00000000E-05 1.00000000E-05 1.00000000E-05 1.00000000E-05 1.00000000E-05 1.00000000E-05
3.95000000E+01 9.42042191E-03 4.19595228E+17 1.62613475E+02 1.00000000E+05 7.34741278E-06 3.75721445E-01 1.09983519E-40 8.48501329E-24 6.86908081E-07 1.20820344E-40 1.20820344E-40 1.20820344E-40 1.20820344E-40 1.20820344E-40 7.62218354E-20 8.22895710E-06 1.55854327E-07 6.42909932E-23 3.00912931E-21 4.11406362E-07 1.06877192E-06 8.22872987E-01 4.71024113E-25 3.59717537E-21 1.00000000E-40 1.00000000E-40 1.00000000E-40 1.54110274E-33 3.45600864E-26 2.23032473E-24 1.98775121E-17 2.04313576E-27 1.49761016E-26 5.67828516E-22 3.31471799E-13 4.51849801E-16 1.89460984E-17 2.41156916E-02 7.56456292E-34 2.95730578E-32 6.08285751E-13 1.00000000E-40 1.00000000E-40 2.76053353E-32 9.78460527E-31 1.52283020E-13 1.04637813E-11 2.30531038E-20 9.86732932E-18 3.18012802E-16 4.22001162E-10 8.37631056E-18 3.69718841E-29 1.22205845E-30 2.94210354E-10 1.94883772E-34 7.76757855E-25 6.83471615E-29 1.39318523E-29 4.58575436E-37 1.00000000E-40 7.69105243E-32 1.45225843E-32 4.40594308E-19 1.84950966E-36 1.00000000E-40 4.32429154E-33 1.00000000E-40 1.00000000E-40 2.73390238E-14 2.84335167E-35 1.60878695E-29 1.00000000E-40 1.00000000E-40 3.85659567E-35 2.65515984E-31 4.58003951E-28 1.60983053E-38 8.43497937E-29 1.53618991E-17 1.77657841E-22 5.07223284E-35 2.18374000E-32 1.00000000E-05 1.00000000E-05 1.00000000E-05 1.00000000E-05 1.00000000E-05 1.00000000E-05 1.00000000E-05 1.00000000E-05 1.00000000E-05 1.00000000E-05
4.05000000E+01 8.34358484E-03 3.75459494E+17 1.60955685E+02 1.00000000E+05 4.97301055E-06 3.16479369E-01 1.05572563E-40 8.51058034E-24 6.81354095E-07 1.09952937E-40 1.09952937E-40 1.09952937E-40 1.09952937E-40 1.09952937E-40 6.23647756E-20 8.23800612E-06 1.19618485E-07 1.01892371E-22 3.47096629E-21 4.57964684E-07 1.16986804E-06 8.23776257E-01 3.29656693E-25 2.91609901E-21 1.00000000E-40 1.00000000E-40 1.00000000E-40 1.94685468E-33 3.45986258E-26 1.57639133E-24 1.97850041E-17 1.63150997E-27 1.21400703E-26 5.68322162E-22 3.31877259E-13 4.01059774E-16 1.59561559E-17 2.10954873E-02 7.61352985E-34 2.95276366E-32 6.13946929E-13 1.00000000E-40 1.00000000E-40 2.76145828E-32 9.77140308E-31 1.70042326E-13 1.06383414E-11 2.55244258E-20 1.64535099E-17 3.68726712E-16 4.22639475E-10 7.95634640E-18 2.20103218E-29 1.09809583E-30 2.95991991E-10 1.93784901E-34 7.77594291E-25 6.83009272E-29 1.31435425E-29 4.59008607E-37 1.00018429E-40 7.70286876E-32 1.44977440E-32 3.14828501E-19 1.85013630E-36 1.00000000E-40 4.26479110E-33 1.00000000E-40 1.00000000E-40 2.82756400E-14 2.34054780E-35 1.61422852E-29 1.00000000E-40 1.00000000E-40 4.08760625E-35 2.62568909E-31 4.58520333E-28 1.72384846E-38 8.52046959E-29 1.85810003E-17 1.77728323E-22 5.66179552E-35 4.89428000E-32 1.00000000E-05 1.00000000E-05 1.00000000E-05 1.00000000E-05 1.00000000E-05 1.00000000E-05 1.00000000E-05 1.00000000E-05 1.00000000E-05 1.00000000E-05
4.15000000E+01 7.38046831E-03 3.35643427E+17 1.59265785E+02 1.00000000E+05 3.18346129E-06 2.62821953E-01 1.03416237E-40 8.48746105E-24 6.74953243E-07 1.04839595E-40 1.04839595E-40 1.04839595E-40 1.04839595E-40 1.04839595E-40 5.08219047E-20 8.24927485E-06 9.03670502E-08 1.59860615E-22 4.03062156E-21 5.10126767E-07 1.28315846E-06 8.24901198E-01 2.29202332E-25 2.34064534E-21 1.00000000E-40 1.00000000E-40 1.00000000E-40 2.37245901E-33 3.46465191E-26 1.12038174E-24 1.96806718E-17 1.30327387E-27 9.81937545E-27 5.68952106E-22 3.32336443E-13 3.57237489E-16 1.33921873E-17 1.82530612E-02 7.66850244E-34 2.94807571E-32 6.20214730E-13 1.00000000E-40 1.00000000E-40 2.76286420E-32 9.75778931E-31 1.87888150E-13 1.08235058E-11 3.21592495E-20 2.72216693E-17 4.17655888E-16 4.23394324E-10 7.50830331E-18 1.30398153E-29 1.02570235E-30 2.97858565E-10 1.92747640E-34 7.78637743E-25 6.82581005E-29 1.23500040E-29 4.59554268E-37 1.00052334E-40 7.71700813E-32 1.44733313E-32 2.25261791E-19 1.85082036E-36 1.00000000E-40 4.19887598E-33 1.00000000E-40 1.00000000E-40 2.91885963E-14 2.06703300E-35 1.61694236E-29 1.00000000E-40 1.00000000E-40 4.34470410E-35 2.59317150E-31 4.59160476E-28 1.84480564E-38 8.59229849E-29 2.19893460E-17 1.77839343E-22 6.32357195E-35 1.10557000E-31 1.00000000E-05 1.00000000E-05 1.00000000E-05 1.00000000E-05 1.00000000E-05 1.00000000E-05 1.00000000E-05 1.00000000E-05 1.00000000E-05 1.00000000E-05
4.25000000E+01 6.51983684E-03 2.99796580E+17 1.57516762E+02 1.00000000E+05 1.83338549E-06 2.12954425E-01 1.02032941E-40 8.42735714E-24 6.68041705E-07 1.02408248E-40 1.02408248E-40 1.02408248E-40 1.02408248E-40 1.02408248E-40 4.15782682E-20 8.26269881E-06 6.72477932E-08 2.48597164E-22 4.69996877E-21 5.68613334E-07 1.41020423E-06 8.26242836E-01 1.59377145E-25 1.86361473E-21 1.00000000E-40 1.00000000E-40 1.00000000E-40 2.79604354E-33 3.47035546E-26 8.03194792E-25 1.95621760E-17 1.04185295E-27 7.92945777E-27 5.69712808E-22 3.32842752E-13 3.19880920E-16 1.11805106E-17 1.56289958E-02 7.72996300E-34 2.94309996E-32 6.27144701E-13 1.00000000E-40 1.00000000E-40 2.76469972E-32 9.74330099E-31 2.06092033E-13 1.10200446E-11 5.47168555E-20 4.42653820E-17 4.63162808E-16 4.24263166E-10 7.04726928E-18 7.72275436E-30 1.03107140E-30 2.99808786E-10 1.91770481E-34 7.79883210E-25 6.82162880E-29 1.15598946E-29 4.60208066E-37 1.00099584E-40 7.73345794E-32 1.44487930E-32 1.60557941E-19 1.85149347E-36 1.00000000E-40 4.12551817E-33 1.00000000E-40 1.00000000E-40 3.00706343E-14 2.26659887E-35 1.61651987E-29 1.00000000E-40 1.00000000E-40 4.63112167E-35 2.55709244E-31 4.59921628E-28 1.97168719E-38 8.64740638E-29 2.55384929E-17 1.77988923E-22 7.06697776E-35 2.57656000E-31 1.00000000E-05 1.00000000E-05 1.00000000E-05 1.00000000E-05 1.00000000E-05 1.00000000E-05 1.00000000E-05 1.00000000E-05 1.00000000E-05 1.00000000E-05
4.35000000E+01 5.75320376E-03 2.66317723E+17 1.56468311E+02 1.00000000E+05 2.46460683E-08 7.14804679E-02 1.01486916E-40 8.39083526E-24 6.64956892E-07 1.01571309E-40 1.01571309E-40 1.01571309E-40 1.01571309E-40 1.01571309E-40 3.80786099E-20 8.27771223E-06 5.66595485E-08 3.54517681E-22 5.29327377E-21 6.34361017E-07 1.55302285E-06 8.27742021E-01 1.26779970E-25 1.47328220E-21 1.00000000E-40 1.00000000E-40 1.00000000E-40 3.28473916E-33 3.47672734E-26 5.85836859E-25 1.94251773E-17 8.18052706E-28 6.27837792E-27 5.70560532E-22 3.33366804E-13 2.88452290E-16 9.24170337E-18 1.46913726E-02 7.79808893E-34 2.93745769E-32 6.34774573E-13 1.00010052E-40 1.00000000E-40 2.76672094E-32 9.72670181E-31 2.25801450E-13 1.12281536E-11 1.40181532E-19 6.68960959E-17 5.26341617E-16 4.25216092E-10 6.75190198E-18 5.03396763E-30 1.16372817E-30 3.01825097E-10 1.90836460E-34 7.81274597E-25 6.81679432E-29 1.07780461E-29 4.60935017E-37 1.00150985E-40 7.75171268E-32 1.44224391E-32 1.23848108E-19 1.85195095E-36 1.00000000E-40 4.04306817E-33 1.00000000E-40 1.00000000E-40 3.09135148E-14 3.68960527E-35 1.61238038E-29 1.00000000E-40 1.00000000E-40 4.95095479E-35 2.51659361E-31 4.60770916E-28 2.10290307E-38 8.68204369E-29 2.91103147E-17 1.78162898E-22 7.90423854E-35 6.69611000E-31 1.00000000E-05 1.00000000E-05 1.00000000E-05 1.00000000E-05 1.00000000E-05 1.00000000E-05 1.00000000E-05 1.00000000E-05 1.00000000E-05 1.00000000E-05
4.45000000E+01 5.07259881E-03 2.36283753E+17 1.55493900E+02 1.00000000E+05 1.17547001E-13 4.64088667E-02 1.01095528E-40 8.34190156E-24 6.62494873E-07 1.01116275E-40 1.01116275E-40 1.01116275E-40 1.01116275E-40 1.01116275E-40 3.65131880E-20 8.29388781E-06 4.48392646E-08 4.97781311E-22 6.06357677E-21 7.08477384E-07 1.71400584E-06 8.29356616E-01 1.05756110E-25 1.15680043E-21 1.00000000E-40 1.00000000E-40 1.00000000E-40 3.80697316E-33 3.48359127E-26 4.34440557E-25 1.92652618E-17 6.39179475E-28 4.94117637E-27 5.71462890E-22 3.33885015E-13 2.62409517E-16 7.49574281E-18 1.39885156E-02 7.87333665E-34 2.93080384E-32 6.43168356E-13 1.00033943E-40 1.00000000E-40 2.76873265E-32 9.70686586E-31 2.46996723E-13 1.14490862E-11 4.79260531E-19 2.24003144E-16 3.14380471E-15 4.26231944E-10 6.48979799E-18 3.41516903E-30 1.52094335E-30 3.03896638E-10 1.89932155E-34 7.82771707E-25 6.81064878E-29 1.00081114E-29 4.61709254E-37 1.00199066E-40 7.77143424E-32 1.43927715E-32 9.66763363E-20 1.85201442E-36 1.00000000E-40 3.94973906E-33 1.00000000E-40 1.00000000E-40 3.17088296E-14 8.51369896E-35 1.60390678E-29 1.00000000E-40 1.00000000E-40 5.30913083E-35 2.47075895E-31 4.61684944E-28 2.23693816E-38 8.69239961E-29 3.28900040E-17 1.78350579E-22 8.84982163E-35 2.49636000E-30 1.00000000E-05 1.00000000E-05 1.00000000E-05 1.00000000E-05 1.00000000E-05 1.00000000E-05 1.00000000E-05 1.00000000E-05 1.00000000E-05 1.00000000E-05
4.55000000E+01 4.46864916E-03 2.09704669E+17 1.54342260E+02 1.00000000E+05 2.69786420E-17 4.60652047E-02 1.00607567E-40 8.27147830E-24 6.59568826E-07 1.00615429E-40 1.00615429E-40 1.00615429E-40 1.00615429E-40 1.00615429E-40 3.62847459E-20 8.31122684E-06 3.14815013E-08 6.99218778E-22 7.68571595E-21 7.92066807E-07 1.89554730E-06 8.31089239E-01 9.07930598E-26 9.02881314E-22 1.00000000E-40 1.00000000E-40 1.00000000E-40 4.32670857E-33 3.49095768E-26 3.28616662E-25 1.90791098E-17 4.99850081E-28 3.88831136E-27 5.72418500E-22 3.34390786E-13 2.41481262E-16 5.86968415E-18 1.31968612E-02 7.95653880E-34 2.92295840E-32 6.52417793E-13 1.00064766E-40 1.00000000E-40 2.77069031E-32 9.68320755E-31 2.69645304E-13 1.16843435E-11 1.82915230E-18 8.56273959E-14 3.44736476E-13 4.27311995E-10 6.20796950E-18 2.30318699E-30 2.28859898E-30 3.06024684E-10 1.89058160E-34 7.84376535E-25 6.80291158E-29 9.25588232E-30 4.62529806E-37 1.00241834E-40 7.79269861E-32 1.43591271E-32 7.40933364E-20 1.85160226E-36 1.00000000E-40 3.84401368E-33 1.00000000E-40 1.00000000E-40 3.24464763E-14 2.31087850E-34 1.59051920E-29 1.00000000E-40 1.00000000E-40 5.71061550E-35 2.41883518E-31 4.62665185E-28 2.37148763E-38 8.67476387E-29 3.69502090E-17 1.78551175E-22 9.91821612E-35 2.05450000E-29 1.00000000E-05 1.00000000E-05 1.00000000E-05 1.00000000E-05 1.00000000E-05 1.00000000E-05 1.00000000E-05 1.00000000E-05 1.00000000E-05 1.00000000E-05
4.65000000E+01 3.93375382E-03 1.85334128E+17 1.53733497E+02 1.00000000E+05 1.00534246E-40 6.40455574E-03 1.00531303E-40 8.22900417E-24 6.57245235E-07 1.00534246E-40 1.00534246E-40 1.00534246E-40 1.00534246E-40 1.00534246E-40 4.00631003E-20 8.32948832E-06 1.63821008E-08 9.44898079E-22 1.96680678E-20 8.86505665E-07 2.10062457E-06 8.32911650E-01 8.79928771E-26 7.00738964E-22 1.00000000E-40 1.00000000E-40 1.00000000E-40 4.93670701E-33 3.49871190E-26 2.56486780E-25 1.88618059E-17 3.84220284E-28 3.00518163E-27 5.73403577E-22 3.34863363E-13 2.25578419E-16 4.28636853E-18 1.31127573E-02 8.04846457E-34 2.91358029E-32 6.62616545E-13 1.00093779E-40 1.00000000E-40 2.77243365E-32 9.65462076E-31 2.94818556E-13 1.19350086E-11 7.21387273E-18 3.57940838E-11 2.23747497E-11 4.28441990E-10 6.02842027E-18 1.67180286E-30 3.82981313E-30 3.08201379E-10 1.88206247E-34 7.86062073E-25 6.79296799E-29 8.52480435E-30 4.63377954E-37 1.00272953E-40 7.81530765E-32 1.43200971E-32 6.04327245E-20 1.85054364E-36 1.00000000E-40 3.72381465E-33 1.00000000E-40 1.00000000E-40 3.31148639E-14 6.53317274E-34 1.57147068E-29 1.00000000E-40 1.00000000E-40 6.16153781E-35 2.35977025E-31 4.63695961E-28 2.50343107E-38 8.62465656E-29 4.11288790E-17 1.78756694E-22 1.11274697E-34 4.18196000E-28 1.00000000E-05 1.00000000E-05 1.00000000E-05 1.00000000E-05 1.00000000E-05 1.00000000E-05 1.00000000E-05 1.00000000E-05 1.00000000E-05 1.00000000E-05
4.75000000E+01 3.46077909E-03 1.63961863E+17 1.52878969E+02 1.00000000E+05 1.00323372E-40 6.15310540E-03 1.00321662E-40 8.17394983E-24 5.15632845E-07 1.00323372E-40 1.00323372E-40 1.00323372E-40 1.00323372E-40 1.00323372E-40 4.61102685E-20 8.34858042E-06 2.97016732E-09 1.26973015E-21 1.51174104E-18 9.93349705E-07 2.33260810E-06 8.34817795E-01 8.81279928E-26 5.40821997E-22 1.00000000E-40 1.00000000E-40 1.00000000E-40 5.54108539E-33 3.50682797E-26 2.07178694E-25 1.86084618E-17 2.95749319E-28 2.32451536E-27 5.74409457E-22 3.35289378E-13 2.14781191E-16 2.66862247E-18 1.30136535E-02 8.15021170E-34 2.90238014E-32 6.73888333E-13 1.00115973E-40 1.00000000E-40 2.77386722E-32 9.62016429E-31 3.21968409E-13 1.22034663E-11 2.86341332E-17 3.79409191E-09 7.49012540E-11 4.29618931E-10 5.82012116E-18 1.19388114E-30 6.84847694E-30 3.10426710E-10 1.87373513E-34 7.87821949E-25 6.78034102E-29 7.81797071E-30 4.64246925E-37 1.00288426E-40 7.83927915E-32 1.42745574E-32 5.03705278E-20 1.84870420E-36 1.00000000E-40 3.58694449E-33 1.00000000E-40 1.00000000E-40 3.37018539E-14 1.85083019E-33 1.54598012E-29 1.00000000E-40 1.00000000E-40 6.66890186E-35 2.29246661E-31 4.64773938E-28 2.62952379E-38 8.53748683E-29 4.57241330E-17 1.78963829E-22 1.24980102E-34 5.06386000E-26 1.00000000E-05 1.00000000E-05 1.00000000E-05 1.00000000E-05 1.00000000E-05 1.00000000E-05 1.00000000E-05 1.00000000E-05 1.00000000E-05 1.00000000E-05
4.85000000E+01 3.04253632E-03 1.44920600E+17 1.52062587E+02 1.00000000E+05 1.00134035E-40 5.93492931E-03 1.00133260E-40 8.12264293E-24 8.60275757E-08 1.00134035E-40 1.00134035E-40 1.00134035E-40 1.00134035E-40 1.00134035E-40 5.70517399E-20 8.36848417E-06 5.49516710E-10 1.71192175E-21 1.84849595E-17 1.11422983E-06 2.59503225E-06 8.36805774E-01 9.48544255E-26 4.15270093E-22 1.00000000E-40 1.00000000E-40 1.64874947E-40 6.17598177E-33 3.51529945E-26 1.76559536E-25 1.83140344E-17 2.26152741E-28 1.78523634E-27 5.75429949E-22 3.35655669E-13 2.09467810E-16 1.27479330E-18 1.28970728E-02 8.26295962E-34 2.88907023E-32 6.86363746E-13 1.00126852E-40 1.00000000E-40 2.77490651E-32 9.57890466E-31 3.51651331E-13 1.24915175E-11 1.03998629E-16 2.08490147E-08 1.41175046E-11 4.30841645E-10 5.62182773E-18 8.56633477E-31 1.27249927E-29 3.12699739E-10 1.86560132E-34 7.89653799E-25 6.76456730E-29 7.13923420E-30 4.65132053E-37 1.00284707E-40 7.86467091E-32 1.42214256E-32 6.09539643E-20 1.84594970E-36 1.00000000E-40 3.43114758E-33 1.00000000E-40 1.00000000E-40 3.41930013E-14 5.03857282E-33 1.51321451E-29 1.00000000E-40 1.00000000E-40 7.23976810E-35 2.21579540E-31 4.65898071E-28 2.74546819E-38 8.40831083E-29 5.07074470E-17 1.79170141E-22 1.40513201E-34 4.47832000E-24 1.00000000E-05 1.00000000E-05 1.00000000E-05 1.00000000E-05 1.00000000E-05 1.00000000E-05 1.00000000E-05 1.00000000E-05 1.00000000E-05 1.00000000E-05
4.95000000E+01 2.67328578E-03 1.27797648E+17 1.51509289E+02 1.00000000E+05 1.00127589E-40 5.58323399E-13 1.00127455E-40 8.08996340E-24 1.23029883E-08 1.00127589E-40 1.00127589E-40 1.00127589E-40 1.00127589E-40 1.00127589E-40 7.56041203E-20 8.38915257E-06 1.55962733E-10 2.30272811E-21 7.89194672E-17 1.25120370E-06 2.89235525E-06 8.38868021E-01 1.10102225E-25 3.17235023E-22 1.00000000E-40 1.00000000E-40 6.26000431E-40 6.88588820E-33 3.52409833E-26 1.62750121E-25 1.79721205E-17 1.70658443E-28 1.35238548E-27 5.76453578E-22 3.35944041E-13 2.10253629E-16 5.24811380E-19 1.29349084E-02 8.38815069E-34 2.87326853E-32 7.00205906E-13 1.00121639E-40 1.00000000E-40 2.77542821E-32 9.52960671E-31 3.84656160E-13 1.28015316E-11 3.00367145E-16 4.25758304E-08 2.11223454E-12 4.32106369E-10 5.46703255E-18 6.38693703E-31 2.41682880E-29 3.15019967E-10 1.85762975E-34 7.91549856E-25 6.74501963E-29 6.49069129E-30 4.66024642E-37 1.00257649E-40 7.89150953E-32 1.41592232E-32 1.06651048E-19 1.84210294E-36 1.00000000E-40 3.25373514E-33 1.00000000E-40 1.00000000E-40 3.45728255E-14 1.23428889E-32 1.47219291E-29 1.00000000E-40 1.00000000E-40 7.88116570E-35 2.12836367E-31 4.67064186E-28 2.84610317E-38 8.23147312E-29 5.60312706E-17 1.79371275E-22 1.58144290E-34 1.35416000E-22 1.00000000E-05 1.00000000E-05 1.00000000E-05 1.00000000E-05 1.00000000E-05 1.00000000E-05 1.00000000E-05 1.00000000E-05 1.00000000E-05 1.00000000E-05
5.05000000E+01 2.34753988E-03 1.12782284E+17 1.50760926E+02 1.00000000E+05 1.00010567E-40 1.00009695E-40 1.00010245E-40 8.05285284E-24 2.59893309E-09 1.00010567E-40 1.00010567E-40 1.00010567E-40 1.00010567E-40 1.00010567E-40 1.03789896E-19 8.41058664E-06 5.96231003E-11 3.08633586E-21 2.50405872E-16 1.40652753E-06 3.22946762E-06 8.41008328E-01 1.31463137E-25 2.41106244E-22 1.00000000E-40 1.00000000E-40 1.76458325E-39 7.58460830E-33 3.53324031E-26 1.66535245E-25 1.75761091E-17 1.28461442E-28 1.02152525E-27 5.77476447E-22 3.36138736E-13 2.18002673E-16 2.36262382E-19 1.29732859E-02 8.52744369E-34 2.85460186E-32 7.15601275E-13 1.00098949E-40 1.00000000E-40 2.77533641E-32 9.47105822E-31 4.20706951E-13 1.31367373E-11 7.44361242E-16 6.76154822E-08 4.60146452E-13 4.33414927E-10 5.29918731E-18 4.67782109E-31 4.65150204E-29 3.17390057E-10 1.84982343E-34 7.93512786E-25 6.72111137E-29 5.87455064E-30 4.66921834E-37 1.00206426E-40 7.91993690E-32 1.40865552E-32 2.11267572E-19 1.83699586E-36 1.00000000E-40 3.05222878E-33 1.00000000E-40 1.00000000E-40 3.48244025E-14 2.74517968E-32 1.42192338E-29 1.00000000E-40 1.00000000E-40 8.59736012E-35 2.02879715E-31 4.68274422E-28 2.92542723E-38 8.00122705E-29 6.19771114E-17 1.79565225E-22 1.78169490E-34 1.60604000E-21 1.00000000E-05 1.00000000E-05 1.00000000E-05 1.00000000E-05 1.00000000E-05 1.00000000E-05 1.00000000E-05 1.00000000E-05 1.00000000E-05 1.00000000E-05
5.15000000E+01 2.06031022E-03 9.93608969E+16 1.50187521E+02 1.00000000E+05 1.00000000E-40 1.00000000E-40 1.00000000E-40 8.02890108E-24 7.37517523E-10 1.00000000E-40 1.00000000E-40 1.00000000E-40 1.00000000E-40 1.00000000E-40 1.49146626E-19 8.43276065E-06 2.83241923E-11 4.17227341E-21 6.75729495E-16 1.58275011E-06 3.61189249E-06 8.43221636E-01 1.64960802E-25 1.82338935E-22 1.00000000E-40 1.00000000E-40 4.22071047E-39 8.34405809E-33 3.54270816E-26 1.93383672E-25 1.71185032E-17 9.54000448E-29 7.60967822E-28 5.78487361E-22 3.36217691E-13 2.33828291E-16 1.80833373E-19 1.30127090E-02 8.68257486E-34 2.83261400E-32 7.32753099E-13 1.00060335E-40 1.00000000E-40 2.77449258E-32 9.40178161E-31 4.60811349E-13 1.34999626E-11 1.65363079E-15 9.61565371E-08 1.32986215E-13 4.34764551E-10 5.15815452E-18 3.50732248E-31 9.04200536E-29 3.19808922E-10 1.84217025E-34 7.95537010E-25 6.69210088E-29 5.29276267E-30 4.67815197E-37 1.00133786E-40 7.95002499E-32 1.40016807E-32 4.10562103E-19 1.83041651E-36 1.00000000E-40 2.82454397E-33 1.00000000E-40 1.00000000E-40 3.49284745E-14 5.60001113E-32 1.36138555E-29 1.00000000E-40 1.00000000E-40 9.38757788E-35 1.91572846E-31 4.69525981E-28 2.97651036E-38 7.71157025E-29 6.84810663E-17 1.79747634E-22 2.00922001E-34 4.23336000E-21 1.00000000E-05 1.00000000E-05 1.00000000E-05 1.00000000E-05 1.00000000E-05 1.00000000E-05 1.00000000E-05 1.00000000E-05 1.00000000E-05 1.00000000E-05
5.25000000E+01 1.80735183E-03 8.74734394E+16 1.49652237E+02 1.00000000E+05 1.00004607E-40 1.00004840E-40 1.00004711E-40 8.01023655E-24 2.63369134E-10 1.00004607E-40 1.00004607E-40 1.00004607E-40 1.00004607E-40 1.00004607E-40 2.20599430E-19 8.45569546E-06 1.56136492E-11 5.66940061E-21 1.64415127E-15 1.78292504E-06 4.04624835E-06 8.45510133E-01 2.13070998E-25 1.37198582E-22 1.00000000E-40 1.00000000E-40 9.08396758E-39 9.13285091E-33 3.55251388E-26 2.52961757E-25 1.65909383E-17 7.00341879E-29 5.60174241E-28 5.79478797E-22 3.36157909E-13 2.59004434E-16 2.49060395E-19 1.30532524E-02 8.85561071E-34 2.80679073E-32 7.51911675E-13 1.00016150E-40 1.00000000E-40 2.77275806E-32 9.32011040E-31 5.05307108E-13 1.38952345E-11 3.39443249E-15 1.28654813E-07 4.82901821E-14 4.36156288E-10 5.03308041E-18 2.66053673E-31 1.77355459E-28 3.22279505E-10 1.83466423E-34 7.97623526E-25 6.65716935E-29 4.74642232E-30 4.68699248E-37 1.00052634E-40 7.98193847E-32 1.39026559E-32 7.53352931E-19 1.82213193E-36 1.00000000E-40 2.56943103E-33 1.00000000E-40 1.14532070E-40 3.48644816E-14 1.06197328E-31 1.28959715E-29 1.00000000E-40 1.00000000E-40 1.02433586E-34 1.78790400E-31 4.70820119E-28 2.99178808E-38 7.35663321E-29 7.57267821E-17 1.79915056E-22 2.26797849E-34 8.06129000E-21 1.00000000E-05 1.00000000E-05 1.00000000E-05 1.00000000E-05 1.00000000E-05 1.00000000E-05 1.00000000E-05 1.00000000E-05 1.00000000E-05 1.00000000E-05
5.35000000E+01 1.58467412E-03 7.69961289E+16 1.49069151E+02 1.00000000E+05 1.00000000E-40 1.00000000E-40 1.00000000E-40 7.99074461E-24 1.11454116E-10 1.00000000E-40 1.00000000E-40 1.00000000E-40 1.00000000E-40 1.00000000E-40 3.32671682E-19 8.47939726E-06 9.54248971E-12 7.73087352E-21 3.71915742E-15 2.01041220E-06 4.53981733E-06 8.47876171E-01 2.79895875E-25 1.02724000E-22 1.00000000E-40 1.00000000E-40 1.81418811E-38 9.92104720E-33 3.56266944E-26 3.60885963E-25 1.59849257E-17 5.08408262E-29 4.07651957E-28 5.80442519E-22 3.35933219E-13 2.94796337E-16 4.27028948E-19 1.30949460E-02 9.04864319E-34 2.77656877E-32 7.73351218E-13 1.00000000E-40 1.00000000E-40 2.76997964E-32 9.22421487E-31 5.54504535E-13 1.43269217E-11 6.55778957E-15 1.65650790E-07 2.10707514E-14 4.37591041E-10 4.91702788E-18 2.01478253E-31 3.50902111E-28 3.24803737E-10 1.82730877E-34 7.99773331E-25 6.61541444E-29 4.23662198E-30 4.69567874E-37 1.00000000E-40 8.01585739E-32 1.37873533E-32 1.30826643E-18 1.81188430E-36 1.00000000E-40 2.28759262E-33 1.00000000E-40 2.38605276E-40 3.46102464E-14 1.88836138E-31 1.20582703E-29 1.00000000E-40 1.00000000E-40 1.11435125E-34 1.64458852E-31 4.72158162E-28 2.96357215E-38 6.93169139E-29 8.39833921E-17 1.80063764E-22 2.56227527E-34 1.49988000E-20 1.00000000E-05 1.00000000E-05 1.00000000E-05 1.00000000E-05 1.00000000E-05 1.00000000E-05 1.00000000E-05 1.00000000E-05 1.00000000E-05 1.00000000E-05
5.45000000E+01 1.38878962E-03 6.76884545E+16 1.48606771E+02 1.00000000E+05 1.00000000E-40 1.00000000E-40 1.00000000E-40 7.97794295E-24 5.29647248E-11 1.00000000E-40 1.00000000E-40 1.00000000E-40 1.00000000E-40 1.00000000E-40 5.13533646E-19 8.50386526E-06 6.32505796E-12 1.06562357E-20 7.91633414E-15 2.26912521E-06 5.10108100E-06 8.50317478E-01 3.77326150E-25 7.65483987E-23 1.00000000E-40 1.00000000E-40 3.40053120E-38 1.07451000E-32 3.57317043E-26 5.38740390E-25 1.52915531E-17 3.62442103E-29 2.91245902E-28 5.81365290E-22 3.35510901E-13 3.42220057E-16 7.63159524E-19 1.31377485E-02 9.26379976E-34 2.74127731E-32 7.97387549E-13 1.00000000E-40 1.00000000E-40 2.76596291E-32 9.11191732E-31 6.09395840E-13 1.47997657E-11 1.20361924E-14 2.07784714E-07 1.01918245E-14 4.39067364E-10 4.82843515E-18 1.55850554E-31 7.00531558E-28 3.27382301E-10 1.82009439E-34 8.01982999E-25 6.56574311E-29 3.76384034E-30 4.70411185E-37 1.00000000E-40 8.05194466E-32 1.36532092E-32 2.14709041E-18 1.79936257E-36 1.00000000E-40 1.98241822E-33 1.00000000E-40 5.01764304E-40 3.41419180E-14 3.15924283E-31 1.10971710E-29 1.00000000E-40 1.00000000E-40 1.20513958E-34 1.48578675E-31 4.73538873E-28 2.88509876E-38 6.43376963E-29 9.34517987E-17 1.80188266E-22 2.89703436E-34 2.84676000E-20 1.00000000E-05 1.00000000E-05 1.00000000E-05 1.00000000E-05 1.00000000E-05 1.00000000E-05 1.00000000E-05 1.00000000E-05 1.00000000E-05 1.00000000E-05
5.55000000E+01 1.21661869E-03 5.94820957E+16 1.48144308E+02 1.00000000E+05 1.00000000E-40 1.00000000E-40 1.00000000E-40 7.96637625E-24 2.80059820E-11 1.00000000E-40 1.00000000E-40 1.00000000E-40 1.00000000E-40 1.00000000E-40 8.07117634E-19 8.52911135E-06 4.45595424E-12 1.48290443E-20 1.61112767E-14 2.56359312E-06 5.73985534E-06 8.52836260E-01 5.17420284E-25 5.67934781E-23 1.00000000E-40 1.00000000E-40 6.07993204E-38 1.15640144E-32 3.58402977E-26 8.17954311E-25 1.45022857E-17 2.53809051E-29 2.04345904E-28 5.82235336E-22 3.34854762E-13 4.01655738E-16 1.36598856E-18 1.31816889E-02 9.50317182E-34 2.70016498E-32 8.24389653E-13 1.00000000E-40 1.00000000E-40 2.76049847E-32 8.98077288E-31 6.70411563E-13 1.53196973E-11 2.12438797E-14 2.55799111E-07 5.46640176E-15 4.40586036E-10 4.76891397E-18 1.21714029E-31 1.41133547E-27 3.30017961E-10 1.81301901E-34 8.04253006E-25 6.50693137E-29 3.32802444E-30 4.71220415E-37 1.00000000E-40 8.09043465E-32 1.34973555E-32 3.37893032E-18 1.78421867E-36 1.00000000E-40 1.66085725E-33 1.00000000E-40 1.01395056E-39 3.34349305E-14 5.00002020E-31 1.00154433E-29 1.00000000E-40 1.00000000E-40 1.29122177E-34 1.31267418E-31 4.74963504E-28 2.75182625E-38 5.86302972E-29 1.04735381E-16 1.80283289E-22 3.27780975E-34 5.71380000E-20 1.00000000E-05 1.00000000E-05 1.00000000E-05 1.00000000E-05 1.00000000E-05 1.00000000E-05 1.00000000E-05 1.00000000E-05 1.00000000E-05 1.00000000E-05
5.65000000E+01 1.06535782E-03 5.22451322E+16 1.47695196E+02 1.00000000E+05 1.00000000E-40 1.00000000E-40 1.00000000E-40 7.95754793E-24 1.61996460E-11 1.00000000E-40 1.00000000E-40 1.00000000E-40 1.00000000E-40 1.00000000E-40 1.29489704E-18 8.55514232E-06 3.29428473E-12 2.09272486E-20 3.16441262E-14 2.89891136E-06 6.46718356E-06 8.55433200E-01 7.23900561E-25 4.19939479E-23 1.00000000E-40 1.00000000E-40 1.04639120E-37 1.23682944E-32 3.59525519E-26 1.25429311E-24 1.36100352E-17 1.73880278E-29 1.40233227E-28 5.83038132E-22 3.33922738E-13 4.72328530E-16 2.42354453E-18 1.32267691E-02 9.76843818E-34 2.65239042E-32 8.54770496E-13 1.00000000E-40 1.00000000E-40 2.75334491E-32 8.82803912E-31 7.38304069E-13 1.58931860E-11 3.63357247E-14 3.10530181E-07 3.17290937E-15 4.42146896E-10 4.75867606E-18 9.63690742E-32 2.86914387E-27 3.32712415E-10 1.80608202E-34 8.06582242E-25 6.43758811E-29 2.92882461E-30 4.71984681E-37 1.00000000E-40 8.13157380E-32 1.33165587E-32 5.13720858E-18 1.76605651E-36 1.00000000E-40 1.33408988E-33 1.00000000E-40 1.95511964E-39 3.24647778E-14 7.49954797E-31 8.82548280E-30 1.00000000E-40 1.00000000E-40 1.36532566E-34 1.12810519E-31 4.76432453E-28 2.56326136E-38 5.22450818E-29 1.18711499E-16 1.80342528E-22 3.71061751E-34 1.26565000E-19 1.00000000E-05 1.00000000E-05 1.00000000E-05 1.00000000E-05 1.00000000E-05 1.00000000E-05 1.00000000E-05 1.00000000E-05 1.00000000E-05 1.00000000E-05
5.75000000E+01 9.32538707E-04 4.58617197E+16 1.47276428E+02 1.00000000E+05 1.00000000E-40 1.00000000E-40 1.00000000E-40 7.95278465E-24 1.01581602E-11 1.00000000E-40 1.00000000E-40 1.00000000E-40 1.00000000E-40 1.00000000E-40 2.13022648E-18 8.58195773E-06 2.53448398E-12 3.01380828E-20 6.04261087E-14 3.28095430E-06 7.29579693E-06 8.58108541E-01 1.03853218E-24 3.10101076E-23 1.00000000E-40 1.00000000E-40 1.74629002E-37 1.31486779E-32 3.60685314E-26 2.02042122E-24 1.26099806E-17 1.15949133E-29 9.36535053E-29 5.83756622E-22 3.32665934E-13 5.51762541E-16 4.24066037E-18 1.32729833E-02 1.00606318E-33 2.59699714E-32 8.89005582E-13 1.00000000E-40 1.00000000E-40 2.74422209E-32 8.65059149E-31 8.14104732E-13 1.65276175E-11 6.06086305E-14 3.72941892E-07 1.95626541E-15 4.43749468E-10 4.83979674E-18 7.82745456E-32 5.88480105E-27 3.35467474E-10 1.79928070E-34 8.08968897E-25 6.35610836E-29 2.56540117E-30 4.72691129E-37 1.00000000E-40 8.17564139E-32 1.31071131E-32 7.59370751E-18 1.74441892E-36 1.00000000E-40 1.01702625E-33 1.00000000E-40 3.58717886E-39 3.12080233E-14 1.06594048E-30 7.55157295E-30 1.00000000E-40 1.00000000E-40 1.41890977E-34 9.36870612E-32 4.77945872E-28 2.32467916E-38 4.52945705E-29 1.36851074E-16 1.80358602E-22 4.20205666E-34 3.25760000E-19 1.00000000E-05 1.00000000E-05 1.00000000E-05 1.00000000E-05 1.00000000E-05 1.00000000E-05 1.00000000E-05 1.00000000E-05 1.00000000E-05 1.00000000E-05
5.85000000E+01 8.15994572E-04 4.02254981E+16 1.46927319E+02 1.00000000E+05 1.00000000E-40 1.00000000E-40 1.00000000E-40 7.95402755E-24 6.87842269E-12 1.00000000E-40 1.00000000E-40 1.00000000E-40 1.00000000E-40 1.00000000E-40 3.61664136E-18 8.60958194E-06 2.01717305E-12 4.46726983E-20 1.12797095E-13 3.71653940E-06 8.24047108E-06 8.60862391E-01 1.53957239E-24 2.29693968E-23 1.00000000E-40 1.00000000E-40 2.84211596E-37 1.38871869E-32 3.61883207E-26 3.84753560E-24 1.15008890E-17 7.47440934E-30 6.04521955E-29 5.84370801E-22 3.31027635E-13 6.35275313E-16 7.29056223E-18 1.33203215E-02 1.03797036E-33 2.53289658E-32 9.27646353E-13 1.00000000E-40 1.00000000E-40 2.73280500E-32 8.44486792E-31 8.99053365E-13 1.72315662E-11 9.91889865E-14 4.44152325E-07 1.25415571E-15 4.45393146E-10 5.08777048E-18 6.64838424E-32 1.21755708E-26 3.38285344E-10 1.79261014E-34 8.11410802E-25 6.26063539E-29 2.23645636E-30 4.73324764E-37 1.00000000E-40 8.22295971E-32 1.28647623E-32 1.09611345E-17 1.71877599E-36 1.00000000E-40 7.26637534E-34 1.00000000E-40 6.24377283E-39 2.96437822E-14 1.43357942E-30 6.23145845E-30 1.00000000E-40 1.00000000E-40 1.44316844E-34 7.45739185E-32 4.79503839E-28 2.04827964E-38 3.79646314E-29 1.61577590E-16 1.80322860E-22 4.75929291E-34 9.77506000E-19 1.00000000E-05 1.00000000E-05 1.00000000E-05 1.00000000E-05 1.00000000E-05 1.00000000E-05 1.00000000E-05 1.00000000E-05 1.00000000E-05 1.00000000E-05
5.95000000E+01 7.13769754E-04 3.52840016E+16 1.46520043E+02 1.00000000E+05 1.00000000E-40 1.00000000E-40 1.00000000E-40 7.95452899E-24 5.02639371E-12 1.00000000E-40 1.00000000E-40 1.00000000E-40 1.00000000E-40 1.00000000E-40 6.35499593E-18 8.63799655E-06 1.65134504E-12 6.85433906E-20 2.07852925E-13 4.21335416E-06 9.31786674E-06 8.63696929E-01 2.35650146E-24 1.72254637E-23 1.00000000E-40 1.00000000E-40 4.56244632E-37 1.44952484E-32 3.63120592E-26 9.71302210E-24 1.02873873E-17 4.63948942E-30 3.75677880E-29 5.84859927E-22 3.28944567E-13 7.15660465E-16 1.22983791E-17 1.33688054E-02 1.07237460E-33 2.45890457E-32 9.71315462E-13 1.00000000E-40 1.00000000E-40 2.71873277E-32 8.20697281E-31 9.94052462E-13 1.80149413E-11 1.60619087E-13 5.25421168E-07 8.59163981E-16 4.47078123E-10 5.62847030E-18 5.92212338E-32 2.53985544E-26 3.41168702E-10 1.78607307E-34 8.13907230E-25 6.14910600E-29 1.94046958E-30 4.73869768E-37 1.00000000E-40 8.27391172E-32 1.25848264E-32 1.56417304E-17 1.68853518E-36 1.00000000E-40 4.78997928E-34 1.00000000E-40 1.02844601E-38 2.77569131E-14 1.82162898E-30 4.91643255E-30 1.00000000E-40 1.00000000E-40 1.43043227E-34 5.63121348E-32 4.81107573E-28 1.75306567E-38 3.05200563E-29 1.97608389E-16 1.80226117E-22 5.38963658E-34 2.84244000E-18 1.00000000E-05 1.00000000E-05 1.00000000E-05 1.00000000E-05 1.00000000E-05 1.00000000E-05 1.00000000E-05 1.00000000E-05 1.00000000E-05 1.00000000E-05
6.05000000E+01 6.24145614E-04 3.09196515E+16 1.46206965E+02 1.00000000E+05 1.00000000E-40 1.00000000E-40 1.00000000E-40 7.96163462E-24 3.91160633E-12 1.00000000E-40 1.00000000E-40 1.00000000E-40 1.00000000E-40 1.00000000E-40 1.16891501E-17 8.66722627E-06 1.38809343E-12 1.10379630E-19 3.78629066E-13 4.78027033E-06 1.05472121E-05 8.66610907E-01 3.78325442E-24 1.33255701E-23 1.00000000E-40 1.00000000E-40 7.24584053E-37 1.49311998E-32 3.64398031E-26 3.00123055E-23 8.98166084E-18 2.73546049E-30 2.21728827E-29 5.85197139E-22 3.26342846E-13 7.83433627E-16 2.02934852E-17 1.34183983E-02 1.10881420E-33 2.37368805E-32 1.02072805E-12 1.00000000E-40 1.00000000E-40 2.70157811E-32 7.93251250E-31 1.10132641E-12 1.88885497E-11 2.58414474E-13 6.18201358E-07 6.00622479E-16 4.48802746E-10 6.68791285E-18 5.76272866E-32 5.34072943E-26 3.44119150E-10 1.77966508E-34 8.16454081E-25 6.01913126E-29 1.67564830E-30 4.74305834E-37 1.00000000E-40 8.32890241E-32 1.22619519E-32 2.20251227E-17 1.65300523E-36 1.00000000E-40 2.85770247E-34 1.00000000E-40 1.59339655E-38 2.55402116E-14 2.17163663E-30 3.66832791E-30 1.00000000E-40 1.00000000E-40 1.37658062E-34 3.98193362E-32 4.82756383E-28 1.46335549E-38 2.32946288E-29 2.52204224E-16 1.80056848E-22 6.10045758E-34 7.03936000E-18 1.00000000E-05 1.00000000E-05 1.00000000E-05 1.00000000E-05 1.00000000E-05 1.00000000E-05 1.00000000E-05 1.00000000E-05 1.00000000E-05 1.00000000E-05
6.15000000E+01 5.45621850E-04 2.70850193E+16 1.45908066E+02 1.00000000E+05 1.00000000E-40 1.00000000E-40 1.00000000E-40 7.97122292E-24 3.22772323E-12 1.00000000E-40 1.00000000E-40 1.00000000E-40 1.00000000E-40 1.00000000E-40 2.26415939E-17 8.69730353E-06 1.19545667E-12 1.88067138E-19 6.88655688E-13 5.42760543E-06 1.19508699E-05 8.69606532E-01 6.39527535E-24 1.09947337E-23 1.00000000E-40 1.00000000E-40 1.15286307E-36 1.50354743E-32 3.65717508E-26 9.57919832E-23 7.60499402E-18 1.51580351E-30 1.22975613E-29 5.85353959E-22 3.23139357E-13 8.27741105E-16 3.28371499E-17 1.34691164E-02 1.14644520E-33 2.27577922E-32 1.07671867E-12 1.00000000E-40 1.00000000E-40 2.68085558E-32 7.61662154E-31 1.22263573E-12 1.98654572E-11 4.17689764E-13 7.24180612E-07 4.36672860E-16 4.50566986E-10 8.62164466E-18 6.15171022E-32 1.13173620E-25 3.47140286E-10 1.77338581E-34 8.19049925E-25 5.86800269E-29 1.43995637E-30 4.74611384E-37 1.00000000E-40 8.38843539E-32 1.18901534E-32 3.09618998E-17 1.61139257E-36 1.00000000E-40 1.50425068E-34 1.00000000E-40 2.31571690E-38 2.29982150E-14 2.41444091E-30 2.55080671E-30 1.00000000E-40 1.00000000E-40 1.28217209E-34 2.59133855E-32 4.84451502E-28 1.20370850E-38 1.66518971E-29 3.39793556E-16 1.79802477E-22 6.89879766E-34 1.51963000E-17 1.00000000E-05 1.00000000E-05 1.00000000E-05 1.00000000E-05 1.00000000E-05 1.00000000E-05 1.00000000E-05 1.00000000E-05 1.00000000E-05 1.00000000E-05
6.25000000E+01 4.76826011E-04 2.37330069E+16 1.45520406E+02 1.00000000E+05 1.00000000E-40 1.00000000E-40 1.00000000E-40 7.97776302E-24 2.79022792E-12 1.00000000E-40 1.00000000E-40 1.00000000E-40 1.00000000E-40 1.00000000E-40 4.66125066E-17 8.72813375E-06 1.05406485E-12 3.42296873E-19 1.26778230E-12 6.16677530E-06 1.35535800E-05 8.72684008E-01 1.14531304E-23 1.01448497E-23 1.00000000E-40 1.00000000E-40 1.86518486E-36 1.46018091E-32 3.67079583E-26 2.86972570E-22 6.19091829E-18 7.78135214E-31 6.31745876E-30 5.85298033E-22 3.19242525E-13 8.37925638E-16 5.23487825E-17 1.35209449E-02 1.18383294E-33 2.16366409E-32 1.14020917E-12 1.00000000E-40 1.00000000E-40 2.65601707E-32 7.25423021E-31 1.36024149E-12 2.09598432E-11 6.86631564E-13 8.45225266E-07 3.40506976E-16 4.52369306E-10 1.19864088E-17 7.14256835E-32 2.41556824E-25 3.50234043E-10 1.76723795E-34 8.21690708E-25 5.69277205E-29 1.23139522E-30 4.74761192E-37 1.00000000E-40 8.45304206E-32 1.14631033E-32 4.41437706E-17 1.56281489E-36 1.00000000E-40 6.75008553E-35 1.00000000E-40 3.14713605E-38 2.01543885E-14 2.47958612E-30 1.62032722E-30 1.00000000E-40 1.00000000E-40 1.15368975E-34 1.51562199E-32 4.86193025E-28 9.94059355E-39 1.09418921E-29 4.90288581E-16 1.79448822E-22 7.78983333E-34 2.97862000E-17 1.00000000E-05 1.00000000E-05 1.00000000E-05 1.00000000E-05 1.00000000E-05 1.00000000E-05 1.00000000E-05 1.00000000E-05 1.00000000E-05 1.00000000E-05
6.35000000E+01 4.16599156E-04 2.07578842E+16 1.45362376E+02 1.00000000E+05 1.00000000E-40 1.00000000E-40 1.00000000E-40 7.99751218E-24 2.49453003E-12 1.00000000E-40 1.00000000E-40 1.00000000E-40 1.00000000E-40 1.00000000E-40 1.03816788E-16 8.75989838E-06 9.54032925E-13 6.75775048E-19 2.37557577E-12 7.01149069E-06 1.53850655E-05 8.75843045E-01 2.23269304E-23 1.09078745E-23 1.00000000E-40 1.00000000E-40 3.07145387E-36 1.35045045E-32 3.68486631E-26 7.86322983E-22 4.78586240E-18 3.58150902E-31 2.90894169E-30 5.84988799E-22 3.14546650E-13 8.05988595E-16 8.23401400E-17 1.35738467E-02 1.21874170E-33 2.03566739E-32 1.21230861E-12 1.00000000E-40 1.00000000E-40 2.62640582E-32 6.83971611E-31 1.51954997E-12 2.21874804E-11 1.15653267E-12 9.83572668E-07 2.60484567E-16 4.54208100E-10 1.76321176E-17 9.36420759E-32 5.19424569E-25 3.53403600E-10 1.76121702E-34 8.24372080E-25 5.48999728E-29 1.04776114E-30 4.74724890E-37 1.00000000E-40 8.52334035E-32 1.09736546E-32 6.37544928E-17 1.50621596E-36 1.00000000E-40 2.46804959E-35 1.00000000E-40 3.99027242E-38 1.70549450E-14 2.30435969E-30 9.14556041E-31 1.00000000E-40 1.00000000E-40 1.00469849E-34 7.70955022E-33 4.87980780E-28 8.45496490E-39 6.43742497E-30 7.58567799E-16 1.78978287E-22 8.77647382E-34 5.45677000E-17 1.00000000E-05 1.00000000E-05 1.00000000E-05 1.00000000E-05 1.00000000E-05 1.00000000E-05 1.00000000E-05 1.00000000E-05 1.00000000E-05 1.00000000E-05
6.45000000E+01 3.63894796E-04 1.81745161E+16 1.45020607E+02 1.00000000E+05 1.00000000E-40 1.00000000E-40 1.00000000E-40 8.00924153E-24 2.29532727E-12 1.00000000E-40 1.00000000E-40 1.00000000E-40 1.00000000E-40 1.00000000E-40 2.52544739E-16 8.79242856E-06 8.86676357E-13 1.45876965E-18 4.64995232E-12 7.97711565E-06 1.74786235E-05 8.79086062E-01 4.72665764E-23 1.37131862E-23 1.00000000E-40 1.00000000E-40 5.24237955E-36 1.15012911E-32 3.69939904E-26 1.95828706E-21 3.44988308E-18 1.44663298E-31 1.17461348E-30 5.84384850E-22 3.08940003E-13 7.27813276E-16 1.28487945E-16 1.36278405E-02 1.24767710E-33 1.89022314E-32 1.29427141E-12 1.00000000E-40 1.00000000E-40 2.59127985E-32 6.36766649E-31 1.70377556E-12 2.35673887E-11 2.02862463E-12 1.14172917E-06 2.21191130E-16 4.56082413E-10 2.68041427E-17 1.33176349E-31 1.12457881E-24 3.56653074E-10 1.75532497E-34 8.27090394E-25 5.25603684E-29 8.86875031E-31 4.74469737E-37 1.00000000E-40 8.60002632E-32 1.04148425E-32 9.65802865E-17 1.44042339E-36 1.00000000E-40 6.86093340E-36 1.00000000E-40 4.71430570E-38 1.37822216E-14 1.89495956E-30 4.39906571E-31 1.00000000E-40 1.00000000E-40 8.48227775E-35 3.24111836E-33 4.89816091E-28 7.56190470E-39 3.25608413E-30 1.29208692E-15 1.78372333E-22 9.85524090E-34 9.51353000E-17 1.00000000E-05 1.00000000E-05 1.00000000E-05 1.00000000E-05 1.00000000E-05 1.00000000E-05 1.00000000E-05 1.00000000E-05 1.00000000E-05 1.00000000E-05
6.55000000E+01 3.17773141E-04 1.58963508E+16 1.44789295E+02 1.00000000E+05 1.00000000E-40 1.00000000E-40 1.00000000E-40 8.02781655E-24 2.14898846E-12 1.00000000E-40 1.00000000E-40 1.00000000E-40 1.00000000E-40 1.00000000E-40 6.77670992E-16 8.82580342E-06 8.49769211E-13 3.46531513E-18 9.50966754E-12 9.08099200E-06 1.98718485E-05 8.82411637E-01 1.10669498E-22 1.94394071E-23 1.00000000E-40 1.00000000E-40 9.16253106E-36 8.77799566E-33 3.71441070E-26 4.47846026E-21 2.25939835E-18 4.96080110E-32 4.01799816E-31 5.83435364E-22 3.02305556E-13 6.07797979E-16 1.96649553E-16 1.36828651E-02 1.26525450E-33 1.72606481E-32 1.38752644E-12 1.00000000E-40 1.00000000E-40 2.54978158E-32 5.83354725E-31 1.92315891E-12 2.51174854E-11 3.68693128E-12 1.32251667E-06 1.93013232E-16 4.57989168E-10 4.13108982E-17 2.18242467E-31 2.45107781E-24 3.59984380E-10 1.74956434E-34 8.29838686E-25 4.98709741E-29 7.46654971E-31 4.73956623E-37 1.00000000E-40 8.68379025E-32 9.78050184E-33 1.52512978E-16 1.36411604E-36 1.00000000E-40 1.33296693E-36 1.00000000E-40 5.21343332E-38 1.04701397E-14 1.31499255E-30 1.71216298E-31 1.00000000E-40 1.00000000E-40 7.01123236E-35 1.05125424E-33 4.91698111E-28 7.15573193E-39 1.33824360E-30 2.40760600E-15 1.77608804E-22 1.10105380E-33 1.59618000E-16 1.00000000E-05 1.00000000E-05 1.00000000E-05 1.00000000E-05 1.00000000E-05 1.00000000E-05 1.00000000E-05 1.00000000E-05 1.00000000E-05 1.00000000E-05
6.65000000E+01 2.77447311E-04 1.38936572E+16 1.44637426E+02 1.00000000E+05 1.00000000E-40 1.00000000E-40 1.00000000E-40 8.05185961E-24 2.03916222E-12 1.00000000E-40 1.00000000E-40 1.00000000E-40 1.00000000E-40 1.00000000E-40 1.98946321E-15 8.86019891E-06 8.42618271E-13 8.97426714E-18 2.02581829E-11 1.03440131E-05 2.26100409E-05 8.85824773E-01 2.84063471E-22 2.96849786E-23 1.00000000E-40 1.00000000E-40 1.62140250E-35 5.86085296E-33 3.72995050E-26 9.48316475E-21 1.29435254E-18 1.70161380E-32 1.36880439E-31 5.82083910E-22 2.94521612E-13 4.60274675E-16 2.90465068E-16 1.37389550E-02 1.26343785E-33 1.54249953E-32 1.49383737E-12 1.00000000E-40 1.00000000E-40 2.50088428E-32 5.23445582E-31 2.19214570E-12 2.68581388E-11 6.88792603E-12 1.52932785E-06 1.75575287E-16 4.59928439E-10 6.38013366E-17 4.20616198E-31 5.37749293E-24 3.63404122E-10 1.74394009E-34 8.32614954E-25 4.67922696E-29 6.24915663E-31 4.73142293E-37 1.00000000E-40 8.77544092E-32 9.06612955E-33 2.50467684E-16 1.27574553E-36 1.00000000E-40 1.65474118E-37 1.00000000E-40 5.45075583E-38 7.31091742E-15 7.20535012E-31 5.21264816E-32 1.00000000E-40 1.00000000E-40 5.73472198E-35 2.40599153E-34 4.93629593E-28 7.06570900E-39 4.13735947E-31 4.86741329E-15 1.76662393E-22 1.22052707E-33 2.59614000E-16 1.00000000E-05 1.00000000E-05 1.00000000E-05 1.00000000E-05 1.00000000E-05 1.00000000E-05 1.00000000E-05 1.00000000E-05 1.00000000E-05 1.00000000E-05
6.75000000E+01 2.42176990E-04 1.21604147E+16 1.44245145E+02 1.00000000E+05 1.00000000E-40 1.00000000E-40 1.00000000E-40 8.06443736E-24 1.94969843E-12 1.00000000E-40 1.00000000E-40 1.00000000E-40 1.00000000E-40 1.00000000E-40 6.23891728E-15 8.89513675E-06 8.66349394E-13 2.47660554E-17 4.44780551E-11 1.17884023E-05 2.57413613E-05 8.89318745E-01 7.73105711E-22 4.72183386E-23 1.00000000E-40 1.00000000E-40 2.87305439E-35 3.44470745E-33 3.74598514E-26 1.87062236E-20 6.15543737E-19 1.51271370E-32 1.21998843E-31 5.80265334E-22 2.85480700E-13 3.09051249E-16 4.07844663E-16 1.37959806E-02 1.23106796E-33 1.34049881E-32 1.61514964E-12 1.00000000E-40 1.00000000E-40 2.44341944E-32 4.57251262E-31 2.53338799E-12 2.88057664E-11 1.30445043E-11 1.76576864E-06 1.84340347E-16 4.61892986E-10 9.82138033E-17 9.40493733E-31 1.18623396E-23 3.66912338E-10 1.73844484E-34 8.35403840E-25 4.32932721E-29 5.19675798E-31 4.71973628E-37 1.00000000E-40 8.87555326E-32 8.27266881E-33 4.26145762E-16 1.17370735E-36 1.00000000E-40 1.31671473E-38 1.00000000E-40 5.42064519E-38 4.55189548E-15 2.86968766E-31 1.51423240E-32 1.00000000E-40 1.00000000E-40 4.64233022E-35 3.52269593E-35 4.95606700E-28 7.12750063E-39 8.77465528E-32 1.05895710E-14 1.75504501E-22 1.33605678E-33 4.11433000E-16 1.00000000E-05 1.00000000E-05 1.00000000E-05 1.00000000E-05 1.00000000E-05 1.00000000E-05 1.00000000E-05 1.00000000E-05 1.00000000E-05 1.00000000E-05
6.85000000E+01 2.11350518E-04 1.06131293E+16 1.44236970E+02 1.00000000E+05 1.00000000E-40 1.00000000E-40 1.00000000E-40 8.09815612E-24 1.87196391E-12 1.00000000E-40 1.00000000E-40 1.00000000E-40 1.00000000E-40 1.00000000E-40 2.04877061E-14 8.93133425E-06 9.27312915E-13 7.13128440E-17 9.73228269E-11 1.34416927E-05 2.93255430E-05 8.92903727E-01 2.22689992E-21 7.68336779E-23 1.00000000E-40 1.00000000E-40 4.92110234E-35 1.91761076E-33 3.76262341E-26 3.49063661E-20 2.28417435E-19 3.67362039E-32 2.98555312E-31 5.77906769E-22 2.75089024E-13 1.83580494E-16 5.44577610E-16 1.38540187E-02 1.15529906E-33 1.12328448E-32 1.75398828E-12 1.00000000E-40 1.00000000E-40 2.37601567E-32 3.85709362E-31 2.99865076E-12 3.09663263E-11 2.44147135E-11 2.03627516E-06 1.86749399E-16 4.63885057E-10 1.50707779E-16 2.40085737E-30 2.63089639E-23 3.70518006E-10 1.73310147E-34 8.38207648E-25 3.93528526E-29 4.28961934E-31 4.70396035E-37 1.00000000E-40 8.98476033E-32 7.40839569E-33 7.16729544E-16 1.05623141E-36 1.00000000E-40 2.03908047E-39 1.00000000E-40 5.33663814E-38 2.43083505E-15 7.63901876E-32 9.22980297E-33 1.00000000E-40 1.00000000E-40 3.79505107E-35 3.17209901E-36 4.97635020E-28 7.19968729E-39 1.19578406E-32 2.36052619E-14 1.74102243E-22 1.43362930E-33 6.37682000E-16 1.00000000E-05 1.00000000E-05 1.00000000E-05 1.00000000E-05 1.00000000E-05 1.00000000E-05 1.00000000E-05 1.00000000E-05 1.00000000E-05 1.00000000E-05
6.95000000E+01 1.84422592E-04 9.27909547E+15 1.43954484E+02 1.00000000E+05 1.00000000E-40 1.00000000E-40 1.00000000E-40 8.11865998E-24 1.80067469E-12 1.00000000E-40 1.00000000E-40 1.00000000E-40 1.00000000E-40 1.00000000E-40 6.87396726E-14 8.96818486E-06 1.03113493E-12 2.10010061E-16 2.10521710E-10 1.53345907E-05 3.34291440E-05 8.96572978E-01 6.50075920E-21 1.26712788E-22 1.00000000E-40 1.00000000E-40 8.10195248E-35 1.07976045E-33 3.77983182E-26 6.16189248E-20 6.15060408E-20 1.04031711E-31 8.47169430E-31 5.74920918E-22 2.63281426E-13 9.75155260E-17 7.13252138E-16 1.39129341E-02 1.02600067E-33 8.97792088E-33 1.91337214E-12 1.00000000E-40 1.00000000E-40 2.29706328E-32 3.10894844E-31 3.66071448E-12 3.33277843E-11 4.49724761E-11 2.34579240E-06 2.21304488E-16 4.65896314E-10 2.31365368E-16 6.58351598E-30 5.85561336E-23 3.74223965E-10 1.72789187E-34 8.41007682E-25 3.49753502E-29 3.50905038E-31 4.68337885E-37 1.00000000E-40 9.10314041E-32 6.49427681E-33 1.19896647E-15 9.21774564E-37 1.00000000E-40 1.74593319E-39 1.00000000E-40 5.11113173E-38 1.06573484E-15 1.28382609E-32 1.12227490E-32 1.00000000E-40 1.00000000E-40 3.05618439E-35 3.05375168E-37 4.99710698E-28 7.22572656E-39 1.04669269E-33 5.44194518E-14 1.72416910E-22 1.49055306E-33 9.69147000E-16 1.00000000E-05 1.00000000E-05 1.00000000E-05 1.00000000E-05 1.00000000E-05 1.00000000E-05 1.00000000E-05 1.00000000E-05 1.00000000E-05 1.00000000E-05
7.05000000E+01 1.60889918E-04 8.10545043E+15 1.43770031E+02 1.00000000E+05 1.00000000E-40 1.00000000E-40 1.00000000E-40 8.14516311E-24 1.72725561E-12 1.00000000E-40 1.00000000E-40 1.00000000E-40 1.00000000E-40 1.00000000E-40 2.33310417E-13 9.00584640E-06 1.18999894E-12 6.27121272E-16 4.40844599E-10 1.75010052E-05 3.81257206E-05 9.00326906E-01 1.92409391E-20 2.10877816E-22 1.00000000E-40 1.00000000E-40 1.24870738E-34 6.59950582E-34 3.79765467E-26 1.04067633E-19 1.13349032E-20 3.00835580E-31 2.45078037E-30 5.71214386E-22 2.50051795E-13 5.06598130E-17 9.61754778E-16 1.39726565E-02 8.44437720E-34 6.75161913E-33 2.09695846E-12 1.00000000E-40 1.00000000E-40 2.20486926E-32 2.36326878E-31 4.65370296E-12 3.58169061E-11 8.05287781E-11 2.69972876E-06 2.74323985E-16 4.67922052E-10 3.56644880E-16 1.87855992E-29 1.30513798E-22 3.78034044E-10 1.72283134E-34 8.43793375E-25 3.02076656E-29 2.83886393E-31 4.65725127E-37 1.00000000E-40 9.23010985E-32 5.56613392E-33 1.93776679E-15 7.69857402E-37 1.00000000E-40 1.89345824E-39 1.00000000E-40 4.86262523E-38 3.72507242E-16 1.38647029E-33 1.58863504E-32 1.00000000E-40 1.00000000E-40 2.44867717E-35 2.46552244E-37 5.01833805E-28 7.12176975E-39 8.20342380E-35 1.26537128E-13 1.70407245E-22 1.47678920E-33 1.44684000E-15 1.00000000E-05 1.00000000E-05 1.00000000E-05 1.00000000E-05 1.00000000E-05 1.00000000E-05 1.00000000E-05 1.00000000E-05 1.00000000E-05 1.00000000E-05
7.15000000E+01 1.40346441E-04 7.07147607E+15 1.43750058E+02 1.00000000E+05 1.00000000E-40 1.00000000E-40 1.00000000E-40 8.18165418E-24 1.64862514E-12 1.00000000E-40 1.00000000E-40 1.00000000E-40 1.00000000E-40 1.00000000E-40 7.92221974E-13 9.04498176E-06 1.41984794E-12 1.89011064E-15 8.93347598E-10 1.99833124E-05 4.35072475E-05 9.04182669E-01 5.72321712E-20 3.53524304E-22 1.00000000E-40 1.00000000E-40 1.78250966E-34 4.83362123E-34 3.81623666E-26 1.69201978E-19 1.37053202E-21 8.74892015E-31 7.12786107E-30 5.66681170E-22 2.35436983E-13 2.94799456E-17 1.36462954E-15 1.40333509E-02 6.29098717E-34 4.69101342E-33 2.30968816E-12 1.00000000E-40 1.00000000E-40 2.09749720E-32 1.66455907E-31 6.13995229E-12 3.82478112E-11 1.41159518E-10 3.10478833E-06 3.45261339E-16 4.69966037E-10 5.51461537E-16 5.41112926E-29 2.90562220E-22 3.81962810E-10 1.71795257E-34 8.46568401E-25 2.51397180E-29 2.26336451E-31 4.62475207E-37 1.00000000E-40 9.36442181E-32 4.66674421E-33 3.02069054E-15 6.02443967E-37 1.00000000E-40 1.98019486E-39 1.00000000E-40 4.62120068E-38 1.09137525E-16 1.50442503E-34 2.35228808E-32 1.00000000E-40 1.00000000E-40 1.95392707E-35 4.04711889E-37 5.04013766E-28 6.72809264E-39 1.49608231E-35 2.94330559E-13 1.68026240E-22 1.36370862E-33 2.12394000E-15 1.00000000E-05 1.00000000E-05 1.00000000E-05 1.00000000E-05 1.00000000E-05 1.00000000E-05 1.00000000E-05 1.00000000E-05 1.00000000E-05 1.00000000E-05
7.25000000E+01 1.22401369E-04 6.18470504E+15 1.43345477E+02 1.00000000E+05 1.00000000E-40 1.00000000E-40 1.00000000E-40 8.19831854E-24 1.55704017E-12 1.00000000E-40 1.00000000E-40 1.00000000E-40 1.00000000E-40 1.00000000E-40 2.60950578E-12 9.08403350E-06 1.73526712E-12 5.62657727E-15 1.79835187E-09 2.28243799E-05 4.96666607E-05 9.08105873E-01 1.63200866E-19 5.95410585E-22 1.00000000E-40 1.00000000E-40 2.38066886E-34 5.06710517E-34 3.83539614E-26 2.64659687E-19 1.03673134E-22 2.42378964E-30 1.97439897E-29 5.61188272E-22 2.19552707E-13 1.97189834E-17 1.98939578E-15 1.40944559E-02 4.12843582E-34 2.93649067E-33 2.55736613E-12 1.00000000E-40 1.00000000E-40 1.97298710E-32 1.05954927E-31 8.09802173E-12 4.02080985E-11 2.48646977E-10 3.56765049E-06 5.12437202E-16 4.72002572E-10 8.42104619E-16 1.52237121E-28 6.42700856E-22 3.86000690E-10 1.71319727E-34 8.49282204E-25 1.99229421E-29 1.76935826E-31 4.58475078E-37 1.00000000E-40 9.50309216E-32 3.82852372E-33 4.71700103E-15 4.27674448E-37 1.00000000E-40 1.81593098E-39 1.00000000E-40 4.24149809E-38 3.71709576E-17 7.71797874E-35 3.46553846E-32 1.00000000E-40 1.00000000E-40 1.50236713E-35 6.37986553E-37 5.06231210E-28 5.76606494E-39 7.07502710E-36 6.87035647E-13 1.65222276E-22 1.14507086E-33 3.06721000E-15 1.00000000E-05 1.00000000E-05 1.00000000E-05 1.00000000E-05 1.00000000E-05 1.00000000E-05 1.00000000E-05 1.00000000E-05 1.00000000E-05 1.00000000E-05
7.35000000E+01 1.06735679E-04 5.38908564E+15 1.43453534E+02 1.00000000E+05 1.00000000E-40 1.00000000E-40 1.00000000E-40 8.24334834E-24 1.44118348E-12 1.00000000E-40 1.00000000E-40 1.00000000E-40 1.00000000E-40 1.00000000E-40 8.01890627E-12 9.12509300E-06 2.14951086E-12 1.61149538E-14 3.75531147E-09 2.60797511E-05 5.67247581E-05 9.12143378E-01 4.40175430E-19 1.00277804E-21 1.00000000E-40 1.00000000E-40 2.99806812E-34 7.11397187E-34 3.85548877E-26 4.04211143E-19 4.60928943E-24 6.37825526E-30 5.19309969E-29 5.54613081E-22 2.02587908E-13 1.35652300E-17 2.90193066E-15 1.41565147E-02 2.29344796E-34 1.58569166E-33 2.84810862E-12 1.00000000E-40 1.00000000E-40 1.82943161E-32 5.85010695E-32 9.80028101E-12 4.09443532E-11 4.48859795E-10 4.09655119E-06 6.69668175E-16 4.74050418E-10 1.22986222E-15 3.98143686E-28 1.40321712E-21 3.90173959E-10 1.70867276E-34 8.51967620E-25 1.47557228E-29 1.34496755E-31 4.53632395E-37 1.00000000E-40 9.64343833E-32 3.03665327E-33 7.55549448E-15 2.63313267E-37 1.00000000E-40 1.30684031E-39 1.00000000E-40 3.95099032E-38 2.06396988E-17 9.17106594E-35 4.71786635E-32 1.00000000E-40 1.00000000E-40 1.15328933E-35 9.49350377E-37 5.08512074E-28 3.90428491E-39 4.68029949E-36 1.50348939E-12 1.61954307E-22 8.67094677E-34 4.35767000E-15 1.00000000E-05 1.00000000E-05 1.00000000E-05 1.00000000E-05 1.00000000E-05 1.00000000E-05 1.00000000E-05 1.00000000E-05 1.00000000E-05 1.00000000E-05
7.45000000E+01 9.30696406E-05 4.70658769E+15 1.43224925E+02 1.00000000E+05 1.00000000E-40 1.00000000E-40 1.00000000E-40 8.27086971E-24 1.30463407E-12 1.00000000E-40 1.00000000E-40 1.00000000E-40 1.00000000E-40 1.00000000E-40 2.07587846E-11 9.16650642E-06 2.61256822E-12 4.01325319E-14 8.54417509E-09 2.98098720E-05 6.48128823E-05 9.16259933E-01 9.88507842E-19 1.65932173E-21 1.00000000E-40 1.00000000E-40 3.52996984E-34 8.07340202E-34 3.87634035E-26 5.99429563E-19 1.12770298E-25 1.39029739E-29 1.13036212E-28 5.46778726E-22 1.84782637E-13 8.37354052E-18 4.15874996E-15 1.42189316E-02 1.00925246E-34 6.88457425E-34 3.19212724E-12 1.00000000E-40 1.00000000E-40 1.66515001E-32 2.61347909E-32 9.47513974E-12 3.97687251E-11 8.48550875E-10 4.69940618E-06 9.36166488E-16 4.76082113E-10 1.60703665E-15 9.11791609E-28 2.98624963E-21 3.94475165E-10 1.70430645E-34 8.54571017E-25 9.91900368E-30 9.81093755E-32 4.47798544E-37 1.00000000E-40 9.78145501E-32 2.24048935E-33 1.32734696E-14 1.34733382E-37 1.00000000E-40 5.85231633E-40 1.00000000E-40 3.53951046E-38 1.20647782E-17 9.49530835E-35 5.17102925E-32 1.00000000E-40 1.00000000E-40 8.31561940E-36 1.05830833E-36 5.10836586E-28 1.72395050E-39 2.35597673E-36 2.88818247E-12 1.58191017E-22 6.16007535E-34 6.09034000E-15 1.00000000E-05 1.00000000E-05 1.00000000E-05 1.00000000E-05 1.00000000E-05 1.00000000E-05 1.00000000E-05 1.00000000E-05 1.00000000E-05 1.00000000E-05
7.55000000E+01 8.11391728E-05 4.10716746E+15 1.43088555E+02 1.00000000E+05 1.00000000E-40 1.00000000E-40 1.00000000E-40 8.30363721E-24 1.13697045E-12 1.00000000E-40 1.00000000E-40 1.00000000E-40 1.00000000E-40 1.00000000E-40 4.24794669E-11 9.20854567E-06 3.02154167E-12 8.15771824E-14 2.05026263E-08 3.40807784E-05 7.40750027E-05 9.20459195E-01 1.75237252E-18 2.60053614E-21 1.00000000E-40 1.00000000E-40 3.47086180E-34 5.74812070E-34 3.89804563E-26 8.71314646E-19 5.53210556E-27 2.39740731E-29 1.94249325E-28 5.37517566E-22 1.66476786E-13 4.65745696E-18 5.84946361E-15 1.42816231E-02 3.20991527E-35 2.17957127E-34 3.60246543E-12 1.00000000E-40 1.00000000E-40 1.47997362E-32 8.58920048E-33 6.99072641E-12 3.69285452E-11 1.62437403E-09 5.38241899E-06 1.15680260E-15 4.78091907E-10 1.78866533E-15 1.73637568E-27 6.07746776E-21 3.98907940E-10 1.70013250E-34 8.57083929E-25 5.80524397E-30 6.74109842E-32 4.40840700E-37 1.00000000E-40 9.91239713E-32 1.43897597E-33 2.45216676E-14 5.69932320E-38 1.00000000E-40 1.44502185E-40 1.00000000E-40 3.11152443E-38 5.30260919E-18 7.86245652E-35 4.42151896E-32 1.00000000E-40 1.00000000E-40 5.63593606E-36 8.90619763E-37 5.13206707E-28 4.31511300E-40 7.05829831E-37 4.45429462E-12 1.53948517E-22 4.39265186E-34 8.37370000E-15 1.00000000E-05 1.00000000E-05 1.00000000E-05 1.00000000E-05 1.00000000E-05 1.00000000E-05 1.00000000E-05 1.00000000E-05 1.00000000E-05 1.00000000E-05
7.65000000E+01 7.07370709E-05 3.57794186E+15 1.43195871E+02 1.00000000E+05 1.00000000E-40 1.00000000E-40 1.00000000E-40 8.35096884E-24 9.57096535E-13 1.00000000E-40 1.00000000E-40 1.00000000E-40 1.00000000E-40 1.00000000E-40 7.18081447E-11 9.25317160E-06 3.31333177E-12 1.44360385E-13 4.80994451E-08 3.89786212E-05 8.46993284E-05 9.24795700E-01 2.56953978E-18 3.73719866E-21 1.00000000E-40 1.00000000E-40 2.48498655E-34 3.11324975E-34 3.92100999E-26 1.24825346E-18 2.96201135E-27 3.44671426E-29 2.77302261E-28 5.26641704E-22 1.48020198E-13 2.54842005E-18 8.11092744E-15 1.43452152E-02 6.74642575E-36 4.57428755E-35 4.09721440E-12 1.00000000E-40 1.00000000E-40 1.27608851E-32 1.89384730E-33 4.46814669E-12 3.33792875E-11 3.01026967E-09 6.15092417E-06 1.18814358E-15 4.80101144E-10 1.76754352E-15 2.82112704E-27 1.16822887E-20 4.03502275E-10 1.69626647E-34 8.59548449E-25 2.81115439E-30 4.25727172E-32 4.32623292E-37 1.00000000E-40 1.00286156E-31 7.49051367E-34 4.40439112E-14 2.04694666E-38 1.00000000E-40 1.00000000E-40 1.00000000E-40 2.69434850E-38 1.99803411E-18 5.96875224E-35 3.36915576E-32 1.00000000E-40 1.00000000E-40 3.55210866E-36 6.48688256E-37 5.15652894E-28 1.00000000E-40 1.63044721E-37 5.78181308E-12 1.49271059E-22 2.99277450E-34 1.13298000E-14 1.00000000E-05 1.00000000E-05 1.00000000E-05 1.00000000E-05 1.00000000E-05 1.00000000E-05 1.00000000E-05 1.00000000E-05 1.00000000E-05 1.00000000E-05
7.75000000E+01 6.16582329E-05 3.12867005E+15 1.42740769E+02 1.00000000E+05 1.00000000E-40 1.00000000E-40 1.00000000E-40 8.36859468E-24 7.93367653E-13 1.00000000E-40 1.00000000E-40 1.00000000E-40 1.00000000E-40 1.00000000E-40 1.08721990E-10 9.29603967E-06 3.48788626E-12 2.40272038E-13 1.05912556E-07 4.45825962E-05 9.68587491E-05 9.29154403E-01 3.29505454E-18 4.89467766E-21 1.00000000E-40 1.00000000E-40 1.20800788E-34 1.64367466E-34 3.94461808E-26 1.75425517E-18 1.90713992E-27 4.34604438E-29 3.45324593E-28 5.13892191E-22 1.29782865E-13 1.43682413E-18 1.12044612E-14 1.44079307E-02 8.99727000E-37 6.10552948E-36 4.69808353E-12 1.00000000E-40 1.00000000E-40 1.05987739E-32 2.65841556E-34 2.79063815E-12 2.97182163E-11 5.29120466E-09 7.00346693E-06 1.30418409E-15 4.82038181E-10 1.68474292E-15 4.21352805E-27 2.11592149E-20 4.08210922E-10 1.69250196E-34 8.61837941E-25 1.07529851E-30 2.40943630E-32 4.22949649E-37 1.00000000E-40 1.01179283E-31 3.02224286E-34 7.49994849E-14 6.39904619E-39 1.00000000E-40 1.00000000E-40 1.00000000E-40 2.18061643E-38 7.87749563E-19 4.41246484E-35 2.57605022E-32 1.00000000E-40 1.00000000E-40 1.95693200E-36 4.29461722E-37 5.18111064E-28 1.00000000E-40 3.96595870E-38 6.98437033E-12 1.44202854E-22 1.70381814E-34 1.50964000E-14 1.00000000E-05 1.00000000E-05 1.00000000E-05 1.00000000E-05 1.00000000E-05 1.00000000E-05 1.00000000E-05 1.00000000E-05 1.00000000E-05 1.00000000E-05
7.85000000E+01 5.37339765E-05 2.72575201E+15 1.42783943E+02 1.00000000E+05 1.00000000E-40 1.00000000E-40 1.00000000E-40 8.42291481E-24 6.35975748E-13 1.00000000E-40 1.00000000E-40 1.00000000E-40 1.00000000E-40 1.00000000E-40 1.55992650E-10 9.34266341E-06 3.60310642E-12 3.95763567E-13 2.17219226E-07 5.10070014E-05 1.10804284E-04 9.33682626E-01 4.04396030E-18 5.90458700E-21 1.00000000E-40 1.00000000E-40 4.06864129E-35 9.16929626E-35 3.96986569E-26 2.46234695E-18 1.30334311E-27 5.36763957E-29 4.17818165E-28 4.99075751E-22 1.12132478E-13 8.56752363E-19 1.63643575E-14 1.44716675E-02 7.46553363E-38 5.05979360E-37 5.43613385E-12 1.00000000E-40 1.00000000E-40 8.41094631E-33 2.34654173E-35 1.76165155E-12 2.61757464E-11 8.63389731E-09 7.93587637E-06 1.07888652E-15 4.83974293E-10 1.68450915E-15 6.09222203E-27 3.59650099E-20 4.13104537E-10 1.68916003E-34 8.64094857E-25 3.10718283E-31 1.18571975E-32 4.11728452E-37 1.00000000E-40 1.01791593E-31 9.33196093E-35 1.16942913E-13 1.77498224E-39 1.00000000E-40 1.00000000E-40 1.00000000E-40 1.76749860E-38 3.50418863E-19 3.59273950E-35 2.07804209E-32 1.00000000E-40 1.00000000E-40 9.78408375E-37 3.12241899E-37 5.20663357E-28 1.00000000E-40 1.06981268E-38 7.76359823E-12 1.38802373E-22 8.05018047E-35 1.98335000E-14 1.00000000E-05 1.00000000E-05 1.00000000E-05 1.00000000E-05 1.00000000E-05 1.00000000E-05 1.00000000E-05 1.00000000E-05 1.00000000E-05 1.00000000E-05
7.95000000E+01 4.68180515E-05 2.38310589E+15 1.42294038E+02 1.00000000E+05 1.00000000E-40 1.00000000E-40 1.00000000E-40 8.45585185E-24 5.15111478E-13 1.00000000E-40 1.00000000E-40 1.00000000E-40 1.00000000E-40 1.00000000E-40 2.16607059E-10 9.38876987E-06 3.66554056E-12 6.34869193E-13 4.17862161E-07 5.83668849E-05 1.26789245E-04 9.38267428E-01 4.68207636E-18 6.61734691E-21 1.00000000E-40 1.00000000E-40 9.45496160E-36 5.53328397E-35 3.99618346E-26 3.42090645E-18 9.03762642E-28 6.33483576E-29 4.78335955E-28 4.81856932E-22 9.53688753E-14 5.30963483E-19 3.05766978E-14 1.45346395E-02 3.93646112E-39 2.66311420E-38 6.35063208E-12 1.00000000E-40 1.00000000E-40 6.32696102E-33 1.32102305E-36 1.11925633E-12 2.28353172E-11 1.33104793E-08 8.93344401E-06 9.50733884E-16 4.85838386E-10 1.73953775E-15 8.54760861E-27 5.73959095E-20 4.18141569E-10 1.68602653E-34 8.66201543E-25 6.63182749E-32 4.95735551E-33 3.98768955E-37 1.00000000E-40 1.02194697E-31 2.60515024E-35 1.72151796E-13 4.41421376E-40 1.00000000E-40 1.00000000E-40 1.00000000E-40 1.33111262E-38 2.14394740E-19 2.96926688E-35 1.74147245E-32 1.00000000E-40 1.00000000E-40 4.08747061E-37 2.26847872E-37 5.23246930E-28 1.00000000E-40 3.36267167E-39 8.19115760E-12 1.33107870E-22 3.78679926E-35 2.57372000E-14 1.00000000E-05 1.00000000E-05 1.00000000E-05 1.00000000E-05 1.00000000E-05 1.00000000E-05 1.00000000E-05 1.00000000E-05 1.00000000E-05 1.00000000E-05
8.05000000E+01 4.07764674E-05 2.08009117E+15 1.41985480E+02 1.00000000E+05 1.00000000E-40 1.00000000E-40 1.00000000E-40 8.49904549E-24 4.14313803E-13 1.00000000E-40 1.00000000E-40 1.00000000E-40 1.00000000E-40 1.00000000E-40 2.94246626E-10 9.43476757E-06 3.69812759E-12 9.84505483E-13 7.58398995E-07 6.67888553E-05 1.45096216E-04 9.42915717E-01 5.21295571E-18 6.93143949E-21 1.00000000E-40 1.00000000E-40 1.57321201E-36 3.54328863E-35 4.02374785E-26 4.77488157E-18 6.49648286E-28 7.32817106E-29 5.30617849E-28 4.61952544E-22 7.97916544E-14 3.45432212E-19 1.02426616E-13 1.45967313E-02 1.37227216E-40 9.19392493E-40 7.49292628E-12 1.00000000E-40 1.00000000E-40 4.47584337E-33 4.89778021E-38 7.08601664E-13 1.97395469E-11 1.93422051E-08 9.97219794E-06 8.09119251E-16 4.87626383E-10 1.84716144E-15 1.14854260E-26 8.53854799E-20 4.23328564E-10 1.68316167E-34 8.68175908E-25 1.04433281E-32 1.72594664E-33 3.83979401E-37 1.00000000E-40 1.02496579E-31 8.99049013E-36 2.38674340E-13 1.07347474E-40 1.00000000E-40 1.00000000E-40 1.00000000E-40 9.44605299E-39 2.46374660E-19 2.51550395E-35 1.49340672E-32 1.00000000E-40 1.00000000E-40 1.42514568E-37 1.71460183E-37 5.25865659E-28 1.00000000E-40 1.18771409E-39 8.06654653E-12 1.27178593E-22 2.25260913E-35 3.30657000E-14 1.00000000E-05 1.00000000E-05 1.00000000E-05 1.00000000E-05 1.00000000E-05 1.00000000E-05 1.00000000E-05 1.00000000E-05 1.00000000E-05 1.00000000E-05
8.15000000E+01 3.55151496E-05 1.80730573E+15 1.42330760E+02 1.00000000E+05 1.00047492E-40 1.00112440E-40 1.00062572E-40 8.57083515E-24 3.36948176E-13 1.00047492E-40 1.00047492E-40 1.00047492E-40 1.00047492E-40 1.00047492E-40 3.92779794E-10 9.48503955E-06 3.70972185E-12 1.46681535E-12 1.30973136E-06 7.64480297E-05 1.66121680E-04 9.47755982E-01 5.61624533E-18 6.81114093E-21 1.00000000E-40 1.00000000E-40 2.04328281E-37 2.36000467E-35 4.05347994E-26 7.03454861E-18 4.85212664E-28 8.36456556E-29 5.73585790E-28 4.39037974E-22 6.56054021E-14 2.44111237E-19 5.73507878E-13 1.46595201E-02 1.00000000E-40 1.00000000E-40 8.93541801E-12 1.00000000E-40 1.00000000E-40 2.95258921E-33 1.24654459E-39 4.46181788E-13 1.69041106E-11 2.66774717E-08 1.10228625E-05 6.54115586E-16 4.89399016E-10 1.98870352E-15 1.45603760E-26 1.18207242E-19 4.28733240E-10 1.68083793E-34 8.70160631E-25 1.27401564E-33 4.90830772E-34 3.67310421E-37 1.00000000E-40 1.02761747E-31 4.24599007E-36 3.13889831E-13 1.00000000E-40 1.00000000E-40 1.00000000E-40 1.00000000E-40 6.28970063E-39 4.96690420E-19 2.16532111E-35 1.29154258E-32 1.00000000E-40 1.00000000E-40 4.08209258E-38 1.35217383E-37 5.28591324E-28 1.00000000E-40 4.57387345E-40 7.42587687E-12 1.21075354E-22 1.63818910E-35 4.21947000E-14 1.00000000E-05 1.00000000E-05 1.00000000E-05 1.00000000E-05 1.00000000E-05 1.00000000E-05 1.00000000E-05 1.00000000E-05 1.00000000E-05 1.00000000E-05
8.25000000E+01 3.09443785E-05 1.56991594E+15 1.42765106E+02 1.00000000E+05 1.00330098E-40 1.00533020E-40 1.00385266E-40 8.60116068E-24 2.86377813E-13 1.00330098E-40 1.00330098E-40 1.00330098E-40 1.00330098E-40 1.00330098E-40 5.15108001E-10 9.53638635E-06 3.68000671E-12 2.04968162E-12 2.16784047E-06 8.75022719E-05 1.90238138E-04 9.52702028E-01 5.66189708E-18 6.30221642E-21 1.00000000E-40 1.00000000E-40 3.00604532E-38 1.63145184E-35 4.08502697E-26 1.34451071E-17 3.60809418E-28 8.94058340E-29 5.75943229E-28 4.12716231E-22 5.29669101E-14 2.05474209E-19 3.73353668E-12 1.47215266E-02 1.00000000E-40 1.00000000E-40 1.07696136E-11 1.00000000E-40 1.00000000E-40 1.81011405E-33 1.00000000E-40 2.77895304E-13 1.43348257E-11 3.58723283E-08 1.20411583E-05 7.14441943E-16 4.91102113E-10 2.06330727E-15 1.70035251E-26 1.52977770E-19 4.34314055E-10 1.67892645E-34 8.72095973E-25 1.68813087E-34 1.14980126E-34 3.48730371E-37 1.00000000E-40 1.02992112E-31 2.45428063E-36 4.04141030E-13 1.00000000E-40 1.00000000E-40 1.00000000E-40 1.00000000E-40 3.64668271E-39 1.24170311E-18 1.72658388E-35 1.10042800E-32 1.03483689E-40 1.00000000E-40 9.09403775E-39 9.84049969E-38 5.31376099E-28 1.00000000E-40 1.96931510E-40 6.57406178E-12 1.14863303E-22 1.27663170E-35 5.37409000E-14 1.00000000E-05 1.00000000E-05 1.00000000E-05 1.00000000E-05 1.00000000E-05 1.00000000E-05 1.00000000E-05 1.00000000E-05 1.00000000E-05 1.00000000E-05
8.35000000E+01 2.69880002E-05 1.35415818E+15 1.44350414E+02 1.00000000E+05 1.00350582E-40 1.00512724E-40 1.00399033E-40 8.60670420E-24 2.52399909E-13 1.00350582E-40 1.00350582E-40 1.00350582E-40 1.00350582E-40 1.00350582E-40 6.63655599E-10 9.58606899E-06 3.59981772E-12 2.65560721E-12 3.45692990E-06 1.00091932E-04 2.17804604E-04 9.57672085E-01 5.27397401E-18 5.50503089E-21 1.00000000E-40 1.00000000E-40 9.52421134E-39 1.16303183E-35 4.11808438E-26 5.00562874E-17 3.00723446E-28 8.73364407E-29 5.27885162E-28 3.82647863E-22 4.19742323E-14 2.44584042E-19 2.35642191E-11 1.47813133E-02 1.00000000E-40 1.00000000E-40 1.31126811E-11 1.00000000E-40 1.00000000E-40 1.02952065E-33 1.00000000E-40 1.71174980E-13 1.20378021E-11 4.75235523E-08 1.29754271E-05 1.21009859E-15 4.92686150E-10 2.01913622E-15 1.80869056E-26 1.84845469E-19 4.40021082E-10 1.67734887E-34 8.73942259E-25 5.19729614E-35 2.27378456E-35 3.28294715E-37 1.00000000E-40 1.03177769E-31 1.60728969E-36 5.15602515E-13 1.00000000E-40 1.00000000E-40 1.00000000E-40 1.00000000E-40 1.78593253E-39 3.21624674E-18 1.22596932E-35 9.11824166E-33 3.68907771E-40 1.00000000E-40 1.57365756E-39 6.27226604E-38 5.34174460E-28 1.00000000E-40 1.00000000E-40 5.64552329E-12 1.08611394E-22 1.01333842E-35 6.88593000E-14 1.00000000E-05 1.00000000E-05 1.00000000E-05 1.00000000E-05 1.00000000E-05 1.00000000E-05 1.00000000E-05 1.00000000E-05 1.00000000E-05 1.00000000E-05
8.45000000E+01 2.35772750E-05 1.16680601E+15 1.46356379E+02 1.00000000E+05 1.00093820E-40 1.00028857E-40 1.00085651E-40 9.23821831E-24 2.19768964E-13 1.00093820E-40 1.00093820E-40 1.00093820E-40 1.00093820E-40 1.00093820E-40 8.41175957E-10 9.63636824E-06 3.49794119E-12 3.28147310E-12 5.34988113E-06 1.14400901E-04 2.49318321E-04 9.62735718E-01 4.74308961E-18 4.53114966E-21 1.00000000E-40 1.00000000E-40 5.06089402E-39 8.31291625E-36 4.15327070E-26 3.21560943E-16 5.00856770E-28 8.27535150E-29 4.68023499E-28 3.48333542E-22 3.26125572E-14 4.15574856E-19 1.36260987E-10 1.48395487E-02 1.00000000E-40 1.00000000E-40 1.61284400E-11 1.00000000E-40 1.00000000E-40 5.38935985E-34 1.00000000E-40 1.06324042E-13 1.00097355E-11 6.10847888E-08 1.37771432E-05 2.07213152E-15 4.94179368E-10 1.94472838E-15 1.76785862E-26 2.07832377E-19 4.45898464E-10 1.67630402E-34 8.75805238E-25 3.11416727E-35 3.78848857E-36 3.06093579E-37 1.00000000E-40 1.03320797E-31 1.08906824E-36 6.35503567E-13 1.00000000E-40 1.00000000E-40 1.00000000E-40 1.00000000E-40 7.98727216E-40 7.96559840E-18 8.53573454E-36 7.43613585E-33 1.39214735E-39 1.00000000E-40 2.27705801E-40 3.99800195E-38 5.37025265E-28 1.00000000E-40 1.00000000E-40 4.61535121E-12 1.02370005E-22 8.15973646E-36 8.99078000E-14 1.00000000E-05 1.00000000E-05 1.00000000E-05 1.00000000E-05 1.00000000E-05 1.00000000E-05 1.00000000E-05 1.00000000E-05 1.00000000E-05 1.00000000E-05
8.55000000E+01 2.06327895E-05 1.00926561E+15 1.48070722E+02 1.00000000E+05 1.00000000E-40 1.00000000E-40 1.00000000E-40 1.10714413E-23 1.68337239E-13 1.00000000E-40 1.00000000E-40 1.00000000E-40 1.00000000E-40 1.00000000E-40 1.04995790E-09 9.68572184E-06 3.45775640E-12 3.93407352E-12 8.10439904E-06 1.30627720E-04 2.85382559E-04 9.67845889E-01 4.25283164E-18 3.51024709E-21 1.00000000E-40 1.00000000E-40 3.22514284E-39 5.77448991E-36 4.19057582E-26 2.28511409E-15 2.00702816E-27 7.94904348E-29 4.17428404E-28 3.06905331E-22 2.47953792E-14 8.11934853E-19 7.03307796E-10 1.48951743E-02 1.00000000E-40 1.00000000E-40 2.00440453E-11 1.00000000E-40 1.00000000E-40 2.57552692E-34 1.00000000E-40 6.73982743E-14 8.23660731E-12 7.51653465E-08 1.43922963E-05 2.74065049E-15 4.95541791E-10 1.90215238E-15 1.60008959E-26 2.17349842E-19 4.51951237E-10 1.67574771E-34 8.77664220E-25 2.24686492E-35 5.23188063E-37 2.82242458E-37 1.00000000E-40 1.03408826E-31 7.17600276E-37 7.48762022E-13 1.00000000E-40 1.00000000E-40 1.00000000E-40 1.00000000E-40 3.43751123E-40 1.79892610E-17 6.23426939E-36 5.97548915E-33 4.93884027E-39 1.00000000E-40 1.00000000E-40 2.79169986E-38 5.39902626E-28 1.00000000E-40 1.00000000E-40 3.54765646E-12 9.61646503E-23 6.65020663E-36 1.21736000E-13 1.00000000E-05 1.00000000E-05 1.00000000E-05 1.00000000E-05 1.00000000E-05 1.00000000E-05 1.00000000E-05 1.00000000E-05 1.00000000E-05 1.00000000E-05
8.65000000E+01 1.80776042E-05 8.78669864E+14 1.49015643E+02 1.00000000E+05 1.00000000E-40 1.00000000E-40 1.00000000E-40 1.36642375E-24 9.35964700E-14 1.00000000E-40 1.00000000E-40 1.00000000E-40 1.00000000E-40 1.00000000E-40 1.29233827E-09 9.73303328E-06 3.57046924E-12 4.63059168E-12 1.21132028E-05 1.48979382E-04 3.26740355E-04 9.72957171E-01 3.93133855E-18 2.56132224E-21 1.00000000E-40 1.00000000E-40 2.52927672E-39 3.76484797E-36 4.23007732E-26 1.48712617E-14 1.12229503E-26 8.11207366E-29 3.88807977E-28 2.99119930E-22 1.84037922E-14 1.56014626E-18 3.19611853E-09 1.49470760E-02 1.00000000E-40 1.00000000E-40 2.51774800E-11 1.00000000E-40 1.00000000E-40 1.13480635E-34 1.00000000E-40 4.37888774E-14 6.70038336E-12 8.71498466E-08 1.47571855E-05 2.13467545E-15 4.96728245E-10 1.94286711E-15 1.34812883E-26 2.11366642E-19 4.58197792E-10 1.67564037E-34 8.79487196E-25 1.85681455E-35 7.27202859E-38 2.56972805E-37 1.00000000E-40 1.03427697E-31 4.35227019E-37 8.35682027E-13 1.00000000E-40 1.00000000E-40 1.00000000E-40 1.00000000E-40 1.52982330E-40 3.55021003E-17 5.31533040E-36 4.71149128E-33 1.64976423E-38 1.00000000E-40 1.00000000E-40 2.34917387E-38 5.42781802E-28 1.00000000E-40 1.00000000E-40 2.52045633E-12 9.00161031E-23 5.48344433E-36 1.73767000E-13 1.00000000E-05 1.00000000E-05 1.00000000E-05 1.00000000E-05 1.00000000E-05 1.00000000E-05 1.00000000E-05 1.00000000E-05 1.00000000E-05 1.00000000E-05
8.75000000E+01 1.58480707E-05 7.68406373E+14 1.49383333E+02 1.00000000E+05 1.00000000E-40 1.00000000E-40 1.00000000E-40 1.38581427E-24 3.54938887E-14 1.00000000E-40 1.00000000E-40 1.00000000E-40 1.00000000E-40 1.00000000E-40 1.57495810E-09 9.79503325E-06 3.79294187E-12 5.33312423E-12 1.79615883E-05 1.69782057E-04 3.74568943E-04 9.78592829E-01 3.80372970E-18 1.76579320E-21 1.00000000E-40 1.00000000E-40 2.52700984E-39 2.29074599E-36 4.27528686E-26 8.29878701E-14 6.54856110E-26 8.93299670E-29 3.81460752E-28 2.87496961E-22 1.32997557E-14 2.75416620E-18 1.26441129E-08 1.50020896E-02 1.00000000E-40 1.00000000E-40 3.19969967E-11 1.00000000E-40 1.00000000E-40 5.36629310E-35 1.00000000E-40 2.91172550E-14 5.38275896E-12 9.52487801E-08 1.47999105E-05 8.71830143E-16 4.97987797E-10 2.06863494E-15 1.05502044E-26 1.91759007E-19 4.64922003E-10 1.67701729E-34 8.81777039E-25 1.77288164E-35 1.35795725E-37 2.30743583E-37 1.00000000E-40 1.03419145E-31 2.39436575E-37 8.84091468E-13 1.00000000E-40 1.00000000E-40 1.00000000E-40 1.00000000E-40 1.00000000E-40 5.97241980E-17 6.26230163E-36 3.60767152E-33 5.23901644E-38 1.00000000E-40 1.00000000E-40 2.44752449E-38 5.45955447E-28 1.00000000E-40 1.00000000E-40 1.64112513E-12 8.39812377E-23 4.57684673E-36 2.62761000E-13 1.00000000E-05 1.00000000E-05 1.00000000E-05 1.00000000E-05 1.00000000E-05 1.00000000E-05 1.00000000E-05 1.00000000E-05 1.00000000E-05 1.00000000E-05
8.85000000E+01 1.38896439E-05 6.77974315E+14 1.48386575E+02 1.00000000E+05 1.00000000E-40 1.00000000E-40 1.00000000E-40 1.39233557E-24 1.49874369E-14 1.00000000E-40 1.00000000E-40 1.00000000E-40 1.00000000E-40 1.00000000E-40 1.89708694E-09 9.85214471E-06 3.99864452E-12 5.73148545E-12 2.63609532E-05 1.93043500E-04 4.29490426E-04 9.84151356E-01 3.57126419E-18 1.17472120E-21 1.00000000E-40 1.00000000E-40 2.55809606E-39 1.42318616E-36 4.32300361E-26 3.80308775E-13 3.08295902E-25 9.44702408E-29 3.57935741E-28 2.74072330E-22 9.34675837E-15 4.33932830E-18 4.28157254E-08 1.50511716E-02 1.00000000E-40 1.00000000E-40 4.10775765E-11 1.00000000E-40 1.00000000E-40 6.23475457E-35 1.00000000E-40 1.98175313E-14 4.26326680E-12 1.03250194E-07 1.44127913E-05 3.89159580E-16 4.98969693E-10 2.10037304E-15 7.51369013E-27 1.64502462E-19 4.71829370E-10 1.67883047E-34 8.83928610E-25 1.66109621E-35 7.03890831E-37 2.04048691E-37 1.00000000E-40 1.03310645E-31 1.32911807E-37 9.30658662E-13 1.00000000E-40 1.00000000E-40 1.00000000E-40 1.00000000E-40 1.08788840E-40 9.00802113E-17 1.07949312E-35 2.61303121E-33 1.59459438E-37 1.00000000E-40 1.00000000E-40 2.43928399E-38 5.49088960E-28 1.00000000E-40 1.00000000E-40 1.01610924E-12 7.80806721E-23 3.80138324E-36 4.15812000E-13 1.00000000E-05 1.00000000E-05 1.00000000E-05 1.00000000E-05 1.00000000E-05 1.00000000E-05 1.00000000E-05 1.00000000E-05 1.00000000E-05 1.00000000E-05
8.95000000E+01 1.21617750E-05 5.98123153E+14 1.47272973E+02 1.00000000E+05 1.00000000E-40 1.00000000E-40 1.00000000E-40 1.38334815E-24 6.78952925E-15 1.00000000E-40 1.00000000E-40 1.00000000E-40 1.00000000E-40 1.00000000E-40 2.26111765E-09 9.90606378E-06 4.15797251E-12 5.66481126E-12 3.83335318E-05 2.18684851E-04 4.92281356E-04 9.89689433E-01 3.26816937E-18 7.58779532E-22 1.00000000E-40 1.00000000E-40 2.89254584E-39 1.05730361E-36 4.37390954E-26 1.47513386E-12 1.21019560E-24 9.65055177E-29 3.22049082E-28 2.58943452E-22 6.38241547E-15 6.26818579E-18 1.27354010E-07 1.50945986E-02 1.00000000E-40 1.00000000E-40 5.32010423E-11 1.00000000E-40 1.00000000E-40 2.37868245E-34 2.17957066E-38 1.38865705E-14 3.32853232E-12 1.10861894E-07 1.35238685E-05 1.83597286E-16 4.99674655E-10 2.04545431E-15 4.85993005E-27 1.32409416E-19 4.78952263E-10 1.68133271E-34 8.85976772E-25 1.52218256E-35 1.77397304E-36 1.77486911E-37 1.00000000E-40 1.03098807E-31 7.45000781E-38 9.74177092E-13 2.21117194E-40 1.00000000E-40 1.00000000E-40 1.00000000E-40 4.55916262E-40 1.25439918E-16 2.50717492E-35 1.76142509E-33 4.58225494E-37 1.00000000E-40 1.33586617E-40 2.34118830E-38 5.52214291E-28 1.00000000E-40 1.00000000E-40 5.88448552E-13 7.23652982E-23 3.14245226E-36 6.72942000E-13 1.00000000E-05 1.00000000E-05 1.00000000E-05 1.00000000E-05 1.00000000E-05 1.00000000E-05 1.00000000E-05 1.00000000E-05 1.00000000E-05 1.00000000E-05
9.05000000E+01 1.06396719E-05 5.26099416E+14 1.46479601E+02 1.00000000E+05 1.00000000E-40 1.00000000E-40 1.00000000E-40 1.39425580E-24 3.16588307E-15 1.00000000E-40 1.00000000E-40 1.00000000E-40 1.00000000E-40 1.00000000E-40 2.67118639E-09 9.96044467E-06 4.26540739E-12 5.07091796E-12 5.53922961E-05 2.46520413E-04 5.64004440E-04 9.95331798E-01 2.93878698E-18 4.74259682E-22 1.00000000E-40 1.00000000E-40 4.97753315E-39 1.22395030E-36 4.42919311E-26 5.00812862E-12 4.17335164E-24 9.39393187E-29 2.80046664E-28 2.42034528E-22 4.22124721E-15 8.53812897E-18 3.43261817E-07 1.51333889E-02 1.00000000E-40 1.00000000E-40 6.94890275E-11 1.00000000E-40 1.00000000E-40 1.10576524E-33 1.00000000E-40 1.00273521E-14 2.55988972E-12 1.17309950E-07 1.21078241E-05 8.45669663E-17 5.00125987E-10 2.01106644E-15 2.92925132E-27 9.86772886E-20 4.86377562E-10 1.68488541E-34 8.87989715E-25 1.36388688E-35 4.52200175E-37 1.51523593E-37 1.00000000E-40 1.02783902E-31 4.16877694E-38 1.01059444E-12 1.99284380E-39 1.00000000E-40 1.00000000E-40 1.00000000E-40 2.30795088E-39 1.65182648E-16 6.09138517E-35 1.08344060E-33 1.24222267E-36 1.00000000E-40 1.00000000E-40 2.20951389E-38 5.55401351E-28 1.00000000E-40 1.00000000E-40 3.11209128E-13 6.68476262E-23 2.58606956E-36 1.08875000E-12 1.00000000E-05 1.00000000E-05 1.00000000E-05 1.00000000E-05 1.00000000E-05 1.00000000E-05 1.00000000E-05 1.00000000E-05 1.00000000E-05 1.00000000E-05
9.15000000E+01 9.30211627E-06 4.61869107E+14 1.45874564E+02 1.00000000E+05 1.00000000E-40 1.00000000E-40 1.00000000E-40 1.48614307E-24 1.55743903E-15 1.00000000E-40 1.00000000E-40 1.00000000E-40 1.00000000E-40 1.00000000E-40 3.13147468E-09 1.00164508E-05 4.32503240E-12 4.06832332E-12 7.97333505E-05 2.76094068E-04 6.45845307E-04 1.00112610E+00 2.60436548E-18 2.86414669E-22 1.00000000E-40 1.00000000E-40 1.41637180E-38 2.10417508E-36 4.48967073E-26 1.53407905E-11 1.31815798E-23 8.99120684E-29 2.46481274E-28 2.23256317E-22 2.69251250E-15 1.12489665E-17 8.65287473E-07 1.51671976E-02 1.00000000E-40 1.00000000E-40 9.15293217E-11 1.00000000E-40 1.00000000E-40 4.44455986E-33 1.17277354E-36 7.43499596E-15 1.93713100E-12 1.22296466E-07 1.02091514E-05 3.67705750E-17 5.00297842E-10 2.26733544E-15 1.80803166E-27 6.75404862E-20 4.94163567E-10 1.68970923E-34 8.89936296E-25 1.21864626E-35 4.15169888E-37 1.26627184E-37 1.00000000E-40 1.02356000E-31 2.31526777E-38 1.03775452E-12 1.77523161E-38 1.00000000E-40 1.00000000E-40 1.00000000E-40 1.00615328E-38 2.10676829E-16 1.37798453E-34 5.99916933E-34 3.19439091E-36 1.00000000E-40 1.00000000E-40 2.06354894E-38 5.58677197E-28 1.00000000E-40 1.00000000E-40 1.48128188E-13 6.15215831E-23 2.11679122E-36 1.73290000E-12 1.00000000E-05 1.00000000E-05 1.00000000E-05 1.00000000E-05 1.00000000E-05 1.00000000E-05 1.00000000E-05 1.00000000E-05 1.00000000E-05 1.00000000E-05
9.25000000E+01 8.12776671E-06 4.05540918E+14 1.45162107E+02 1.00000000E+05 1.00000000E-40 1.00000000E-40 1.00000000E-40 1.63185429E-24 8.82333709E-16 1.00000000E-40 1.00000000E-40 1.00000000E-40 1.00000000E-40 1.00000000E-40 3.64566395E-09 1.00732621E-05 4.34557498E-12 2.91747338E-12 1.14576525E-04 3.06485516E-04 7.38968104E-04 1.00705025E+00 2.27664533E-18 1.67206642E-22 1.00000000E-40 1.00000000E-40 1.46403500E-38 4.02232841E-36 4.55580686E-26 4.36416914E-11 3.95491903E-23 8.64540943E-29 1.89108696E-28 2.02533574E-22 1.64852524E-15 1.45675196E-17 2.09892397E-06 1.51943022E-02 1.76931284E-40 1.00000000E-40 1.21560560E-10 1.00000000E-40 1.00000000E-40 4.31296228E-33 5.04499733E-38 5.60021183E-15 1.44071070E-12 1.25659135E-07 7.97376591E-06 1.47648789E-17 5.00128557E-10 3.38886600E-15 1.30733625E-27 4.24104374E-20 5.02331264E-10 1.69591494E-34 8.91710064E-25 1.07929756E-35 8.29455191E-38 1.03294018E-37 1.00000000E-40 1.01797016E-31 1.27016147E-38 1.05353235E-12 1.44901513E-37 1.00000000E-40 1.00000000E-40 1.00000000E-40 1.05748391E-38 2.64243446E-16 2.84295019E-34 2.97467465E-34 7.82458307E-36 1.00000000E-40 1.00000000E-40 1.91246083E-38 5.62030041E-28 1.00000000E-40 1.00000000E-40 6.30887894E-14 5.63745671E-23 1.72105655E-36 2.68958000E-12 1.00000000E-05 1.00000000E-05 1.00000000E-05 1.00000000E-05 1.00000000E-05 1.00000000E-05 1.00000000E-05 1.00000000E-05 1.00000000E-05 1.00000000E-05
9.35000000E+01 7.09633468E-06 3.56285603E+14 1.44262190E+02 1.00000000E+05 1.00000000E-40 1.00000000E-40 1.00000000E-40 1.65880223E-24 6.23510393E-16 1.00000000E-40 1.00000000E-40 1.00000000E-40 1.00000000E-40 1.00000000E-40 4.21785037E-09 1.01307450E-05 4.33724165E-12 1.88524331E-12 1.64836077E-04 3.36087970E-04 8.44464086E-04 1.01310932E+00 1.96156421E-18 9.41119299E-23 1.00000000E-40 1.00000000E-40 1.37466055E-38 7.45052519E-36 4.62828451E-26 1.18614731E-10 1.16446510E-22 1.00000000E-40 1.67632378E-28 1.79833866E-22 9.63517580E-16 1.85433416E-17 4.98277573E-06 1.52126670E-02 8.80512522E-40 1.00000000E-40 1.62780081E-10 1.00000000E-40 1.00000000E-40 3.74514347E-33 1.00000000E-40 4.21832956E-15 1.05219925E-12 1.27186751E-07 5.66153273E-06 5.47576204E-18 4.99582036E-10 6.51561670E-15 1.11787420E-27 2.45432010E-20 5.10898416E-10 1.70368507E-34 8.93239199E-25 9.50435453E-36 6.51648597E-39 8.19884270E-38 1.00000000E-40 1.01090691E-31 6.84443826E-39 1.05634984E-12 9.61540716E-37 1.00000000E-40 1.00000000E-40 1.00000000E-40 9.94989883E-39 3.25719412E-16 5.38507555E-34 1.32746063E-34 1.82928358E-35 1.00000000E-40 1.00000000E-40 1.76031095E-38 5.65463176E-28 1.00000000E-40 1.00000000E-40 2.41539448E-14 5.13911820E-23 1.38696933E-36 4.05769000E-12 1.00000000E-05 1.00000000E-05 1.00000000E-05 1.00000000E-05 1.00000000E-05 1.00000000E-05 1.00000000E-05 1.00000000E-05 1.00000000E-05 1.00000000E-05
9.45000000E+01 6.18974082E-06 3.13308964E+14 1.43092339E+02 1.00000000E+05 1.00000000E-40 1.00000000E-40 1.00000000E-40 1.41373906E-24 4.99401699E-16 1.00000000E-40 1.00000000E-40 1.00000000E-40 1.00000000E-40 1.00000000E-40 4.85314065E-09 1.01898639E-05 4.30940435E-12 1.12048928E-12 2.38306933E-04 3.62257062E-04 9.63196688E-04 1.01934647E+00 1.66196679E-18 5.07073820E-23 1.30759082E-40 1.00000000E-40 3.85717136E-38 1.30085207E-35 4.70809414E-26 3.18196480E-10 3.49615180E-22 1.00000000E-40 1.04945952E-28 1.55170517E-22 5.33793676E-16 2.28508535E-17 1.16020708E-05 1.52195080E-02 1.93795092E-39 3.10557663E-40 2.19832057E-10 1.00093538E-40 1.00000000E-40 1.06246278E-32 1.00000000E-40 3.12383320E-15 7.54301742E-13 1.26423542E-07 3.59953459E-06 2.16003045E-18 4.98668715E-10 1.39200329E-14 1.00227536E-27 1.32178973E-20 5.19869630E-10 1.71329404E-34 8.94515036E-25 8.30541631E-36 3.18283456E-40 6.30958044E-38 1.00000000E-40 1.00223462E-31 3.59665880E-39 1.04492243E-12 2.66677914E-36 1.00000000E-40 1.00000000E-40 1.00000000E-40 3.06513124E-38 3.88358986E-16 9.48163006E-34 5.42126272E-35 4.08797872E-35 1.00000000E-40 1.00000000E-40 1.60887988E-38 5.69000936E-28 1.00000000E-40 1.00000000E-40 8.44751421E-15 4.65525452E-23 1.10459926E-36 5.95737000E-12 1.00000000E-05 1.00000000E-05 1.00000000E-05 1.00000000E-05 1.00000000E-05 1.00000000E-05 1.00000000E-05 1.00000000E-05 1.00000000E-05 1.00000000E-05
9.55000000E+01 5.39192661E-06 2.75911090E+14 1.41544026E+02 1.00000000E+05 1.00000000E-40 1.00000000E-40 1.00000000E-40 9.52994939E-25 3.69882038E-16 1.00000000E-40 1.00000000E-40 1.00000000E-40 1.00000000E-40 1.00000000E-40 5.55759719E-09 1.02523763E-05 4.27013598E-12 6.25444306E-13 3.47736309E-04 3.80759205E-04 1.09546501E-03 1.02584007E+00 1.37847927E-18 2.59139069E-23 3.10926659E-40 1.00000000E-40 9.32729667E-39 2.15285260E-35 4.79652651E-26 8.84811940E-10 1.14415450E-21 1.00000000E-40 1.00000000E-40 1.28608173E-22 2.77675079E-16 2.67471572E-17 2.64027652E-05 1.52101579E-02 1.00000000E-40 2.55018906E-39 2.99579847E-10 1.59743950E-40 1.00000000E-40 2.07841721E-33 1.00000000E-40 2.23536197E-15 5.31152619E-13 1.22398375E-07 2.05574643E-06 1.35959354E-18 4.97469294E-10 3.04489091E-14 8.66950637E-28 6.70667426E-21 5.29207099E-10 1.72510532E-34 8.95614131E-25 7.17241519E-36 1.00000000E-40 4.69057728E-38 1.00000000E-40 9.91845567E-32 1.82992367E-39 1.01907167E-12 1.00000000E-40 1.00000000E-40 1.00000000E-40 1.00000000E-40 6.52455593E-39 4.39494881E-16 1.57463292E-33 2.06097340E-35 8.74613782E-35 1.00000000E-40 1.00000000E-40 1.45458425E-38 5.72686962E-28 1.00000000E-40 1.00000000E-40 2.74388494E-15 4.18379570E-23 8.66048613E-37 8.56132000E-12 1.00000000E-05 1.00000000E-05 1.00000000E-05 1.00000000E-05 1.00000000E-05 1.00000000E-05 1.00000000E-05 1.00000000E-05 1.00000000E-05 1.00000000E-05
9.65000000E+01 4.68827784E-06 2.43711750E+14 1.39332869E+02 1.00000000E+05 1.00000000E-40 1.00000000E-40 1.00000000E-40 4.86543698E-25 2.17948724E-16 1.00000000E-40 1.00000000E-40 1.00000000E-40 1.00000000E-40 1.00000000E-40 6.33697594E-09 1.03199738E-05 4.22721197E-12 3.26616784E-13 5.14813478E-04 3.84874677E-04 1.24032908E-03 1.03265823E+00 1.11221123E-18 1.24394667E-23 6.25698943E-36 1.00000000E-40 2.14189663E-39 3.43373849E-35 4.89492018E-26 2.76829226E-09 4.67765852E-21 2.02988501E-28 1.00000000E-40 1.00267517E-22 1.33868036E-16 2.94293599E-17 5.89775993E-05 1.51747792E-02 1.00000000E-40 3.25589268E-35 4.12292701E-10 2.56763581E-40 1.00000000E-40 2.01874731E-34 1.00000000E-40 1.51262803E-15 3.68729445E-13 1.12868722E-07 1.10002153E-06 1.26972127E-18 4.96153139E-10 6.84787325E-14 7.23457852E-28 3.24011762E-21 5.38761688E-10 1.73949404E-34 8.96699379E-25 6.09426490E-36 1.00000000E-40 3.36046490E-38 1.00000000E-40 9.79640444E-32 8.92718025E-40 9.78332314E-13 1.00000000E-40 1.00000000E-40 1.00000000E-40 1.00000000E-40 6.91509682E-40 4.67109263E-16 2.51601974E-33 7.24450541E-36 1.79343803E-34 1.00000000E-40 1.00000000E-40 1.29543721E-38 5.76558412E-28 1.00000000E-40 1.00000000E-40 8.19804477E-16 3.72275968E-23 6.65206341E-37 1.21986000E-11 1.00000000E-05 1.00000000E-05 1.00000000E-05 1.00000000E-05 1.00000000E-05 1.00000000E-05 1.00000000E-05 1.00000000E-05 1.00000000E-05 1.00000000E-05
9.75000000E+01 4.06526806E-06 2.16297203E+14 1.36130362E+02 1.00000000E+05 1.00000000E-40 1.00000000E-40 1.00000000E-40 1.76347210E-25 9.21986216E-17 1.00000000E-40 1.00000000E-40 1.00000000E-40 1.00000000E-40 1.00000000E-40 7.19558034E-09 1.03978274E-05 4.19092008E-12 1.50850577E-13 7.79378300E-04 3.63933580E-04 1.39464972E-03 1.03999299E+00 8.64075548E-19 5.53868112E-24 6.55707508E-31 6.83236731E-38 2.85138021E-39 5.43771733E-35 5.00552427E-26 1.08200057E-08 2.97478182E-20 1.00000000E-40 1.00000000E-40 7.03436389E-23 5.87158450E-17 3.03835339E-17 1.31389002E-04 1.50928705E-02 1.00000000E-40 9.42946284E-32 5.73187835E-10 4.29320314E-40 1.69210895E-40 2.18329107E-35 1.00000000E-40 9.32955216E-16 2.55381114E-13 9.34768929E-08 5.98184570E-07 1.84435186E-18 4.95113333E-10 1.71105259E-13 6.31654398E-28 1.49798580E-21 5.48247838E-10 1.75710246E-34 8.98233097E-25 5.06174037E-36 1.12951025E-40 2.32865771E-38 1.00000000E-40 9.65749406E-32 4.10985674E-40 9.22612664E-13 2.37131593E-34 1.00000000E-40 1.00000000E-40 1.00000000E-40 1.00000000E-40 4.65232561E-16 3.98731112E-33 2.24537889E-36 3.52249679E-34 1.00000000E-40 1.00000000E-40 1.12970242E-38 5.80720255E-28 1.00000000E-40 1.00000000E-40 2.10983018E-16 3.27163765E-23 4.96771770E-37 1.76558000E-11 1.00000000E-05 1.00000000E-05 1.00000000E-05 1.00000000E-05 1.00000000E-05 1.00000000E-05 1.00000000E-05 1.00000000E-05 1.00000000E-05 1.00000000E-05
9.85000000E+01 3.51051631E-06 1.93244646E+14 1.31577074E+02 1.00000000E+05 1.00000000E-40 1.00000000E-40 1.00000000E-40 3.98972250E-26 2.49551164E-17 1.00000000E-40 1.00000000E-40 1.00000000E-40 1.00000000E-40 1.00000000E-40 8.11599758E-09 1.04892155E-05 4.17639782E-12 5.26289261E-14 1.21787848E-03 3.00566497E-04 1.55052417E-03 1.04810584E+00 6.35237131E-19 2.24952449E-24 4.24371036E-26 4.78848220E-33 4.52202621E-35 9.00205946E-35 5.13099381E-26 5.74102855E-08 3.69733386E-19 9.90476896E-27 4.81793302E-27 3.94583823E-23 2.31038862E-17 2.91141557E-17 2.94155856E-04 1.49164166E-02 1.00000000E-40 3.11503677E-28 8.00764884E-10 7.57779275E-40 4.08483404E-40 1.74601405E-35 1.00000000E-40 4.83804086E-16 1.82476456E-13 5.86479193E-08 3.53247817E-07 4.18946634E-18 4.95063265E-10 5.19753715E-13 6.75187001E-28 6.70012764E-22 5.56979725E-10 1.77873090E-34 9.01132279E-25 4.05487842E-36 1.32829697E-40 1.60188886E-38 1.00000000E-40 9.50885401E-32 1.74768606E-40 8.53570876E-13 2.13809433E-31 1.00000000E-40 1.00000000E-40 1.00000000E-40 1.97278114E-37 4.29728933E-16 6.59990319E-33 6.19566462E-37 6.57241141E-34 1.00000000E-40 1.00000000E-40 9.50916692E-39 5.85313528E-28 1.00000000E-40 1.00000000E-40 3.95024906E-17 2.83444976E-23 3.56596014E-37 2.70911000E-11 1.00000000E-05 1.00000000E-05 1.00000000E-05 1.00000000E-05 1.00000000E-05 1.00000000E-05 1.00000000E-05 1.00000000E-05 1.00000000E-05 1.00000000E-05
9.95000000E+01 3.01066507E-06 1.75672483E+14 1.24129623E+02 1.00000000E+05 1.00000000E-40 1.00000000E-40 1.00000000E-40 4.11869047E-27 3.41516801E-18 1.00000000E-40 1.00000000E-40 1.00000000E-40 1.00000000E-40 1.00000000E-40 8.98346669E-09 1.05652950E-05 4.19944495E-12 9.99792225E-15 1.91681236E-03 1.76490579E-04 1.68551410E-03 1.05543959E+00 4.43219585E-19 8.55619339E-25 6.05545913E-22 7.21172492E-29 8.10991670E-31 2.10095497E-34 5.26297272E-26 4.70300788E-07 1.22483880E-17 1.77796410E-24 1.00000000E-40 1.26633002E-23 9.28415932E-18 2.53674772E-17 6.21358853E-04 1.45484125E-02 1.00000000E-40 1.13666823E-24 1.08565418E-09 1.61998612E-39 1.27255856E-39 3.21326284E-35 1.00000000E-40 1.73640450E-16 1.45397690E-13 1.57205280E-08 2.34412378E-07 9.95741732E-18 4.96406011E-10 1.54872696E-12 9.55880652E-28 3.35009495E-22 5.62489660E-10 1.80186600E-34 9.05701262E-25 3.20393585E-36 1.57085468E-40 1.19834547E-38 1.00000000E-40 9.36414492E-32 1.00000000E-40 7.61997304E-13 1.99564605E-30 1.00000000E-40 1.00000000E-40 1.20158834E-38 3.91765038E-33 3.59974972E-16 1.45016056E-32 6.14345675E-37 1.11344286E-33 1.00000000E-40 1.00000000E-40 7.83221565E-39 5.89457344E-28 1.00000000E-40 1.00000000E-40 4.04147990E-18 2.42764333E-23 2.49503428E-37 4.79743000E-11 1.00000000E-05 1.00000000E-05 1.00000000E-05 1.00000000E-05 1.00000000E-05 1.00000000E-05 1.00000000E-05 1.00000000E-05 1.00000000E-05 1.00000000E-05
