alt press den temp eddy H2Oaer SO2aer CO2aer S8aer H2SO4aer C2H2aer C2H4aer C2H6aer CH4aer HCaer1 H H2 H2O OH O O2 CO CO2 HCO H2CO C CH CH2 CH3 CH4 S S2 S3 S4 S8 H2S HS SO SO2 CS CS2 OCS C2 C2H C2H2 C2H4 HO2 H2O2 O3 SO3 H2SO4 HCl Cl Cl2 HOCl ClO C2H6 CH3OH CH2CO CH3CHO C3H4 C3H6 C4H2 C4H4 OClO HCS C2H3 C2H5 1CH2 HCCO HSO CH3O H2COH C4H C2H2OH CH3CO CH2CHO C2H3OH C2H4OH CH3O2 HSO3 HS4 C4H3 O1D H2Oaer_r SO2aer_r CO2aer_r S8aer_r H2SO4aer_r C2H2aer_r C2H4aer_r C2H6aer_r CH4aer_r HCaer1_r
5.92280000E-01 7.00131000E-01 2.50172625E+19 2.02701163E+02 1.00000000E+05 8.71169147E-01 3.39975944E+02 5.07361998E-10 1.96017260E-34 1.19588566E-07 1.41747013E-40 1.41747013E-40 1.41747013E-40 1.41747013E-40 1.42785681E-40 2.13865453E-15 7.14152080E-06 3.48533688E-06 3.81324085E-24 3.52811215E-20 1.42830416E-09 1.57113458E-07 7.14152080E-01 9.46866348E-18 1.26505967E-17 1.00000000E-40 1.00000000E-40 1.00000000E-40 1.14246670E-29 1.63241234E-23 5.47714784E-19 1.53422053E-16 5.96391769E-23 2.71979742E-22 1.84705295E-22 2.85660833E-13 1.00120792E-14 1.02797275E-15 3.38908977E-02 4.69004746E-34 3.42094670E-31 2.57757206E-12 1.00000000E-40 1.00000000E-40 4.00787064E-31 1.19546981E-31 6.38439782E-13 1.19079049E-10 7.91977373E-19 4.56436879E-18 1.54467177E-12 3.57076041E-08 2.11359326E-15 1.83209608E-21 1.17717641E-23 2.85924984E-09 1.18602627E-34 1.34319834E-22 2.50767013E-29 2.37512821E-31 3.90237608E-38 1.00000000E-40 1.78234312E-30 5.91261598E-31 9.72547836E-14 1.23503969E-36 1.43965027E-39 4.16546522E-34 1.00000000E-40 1.00000000E-40 4.68650249E-13 3.41732878E-25 1.77841941E-27 1.00000000E-40 1.00000000E-40 1.10511797E-31 1.72360435E-33 5.88495307E-30 1.25343416E-38 4.19317691E-27 5.70224358E-16 1.86567788E-20 3.11209554E-33 1.00000000E-40 1.00000000E-05 1.00000000E-05 1.00000000E-05 1.00000000E-05 1.00000000E-05 1.00000000E-05 1.00000000E-05 1.00000000E-05 1.00000000E-05 1.00000000E-05
1.77684000E+00 5.97166000E-01 2.17184292E+19 1.99151406E+02 1.00000000E+05 9.67494204E-01 3.78245804E+02 5.65752600E-10 2.19050304E-34 1.30244399E-07 1.57294636E-40 1.57294636E-40 1.57294636E-40 1.57294636E-40 1.58461432E-40 3.07428642E-16 7.58664439E-06 2.64825493E-06 5.75709368E-25 4.25051742E-20 9.42609134E-09 1.83795071E-07 7.34277876E-01 2.12745905E-19 1.27106581E-17 1.00000000E-40 1.00000000E-40 1.00000000E-40 5.39915690E-31 1.70018341E-23 2.62141566E-19 1.60423376E-16 5.03113412E-23 2.41844354E-22 1.92168015E-22 6.53692693E-13 2.01294411E-14 4.15242706E-15 2.99271001E-02 4.92569408E-34 3.56762518E-31 2.69399244E-12 1.00000000E-40 1.00000000E-40 4.18537233E-31 1.24831506E-31 5.73885017E-13 1.43339208E-10 3.41453958E-18 4.39417210E-18 1.21414701E-12 3.79653573E-08 2.00705734E-15 1.19057049E-21 7.81819895E-24 3.00391138E-09 1.23753219E-34 1.39874779E-22 2.61307903E-29 2.42440358E-31 4.07205405E-38 1.02366715E-40 1.86562958E-30 6.11322269E-31 6.63746435E-14 1.27160671E-36 1.00000000E-40 4.27010292E-34 1.00000000E-40 1.00000000E-40 1.11171454E-12 4.36591987E-26 1.55779343E-27 1.00000000E-40 1.00000000E-40 8.73577683E-32 1.77219759E-33 6.14111287E-30 2.57076972E-38 5.61224987E-27 1.20447921E-17 1.94716266E-20 2.83890835E-33 1.00000000E-40 1.00000000E-05 1.00000000E-05 1.00000000E-05 1.00000000E-05 1.00000000E-05 1.00000000E-05 1.00000000E-05 1.00000000E-05 1.00000000E-05 1.00000000E-05
2.96140000E+00 5.07918000E-01 1.88104506E+19 1.95574002E+02 1.00000000E+05 1.09481045E+00 4.28706607E+02 6.43962513E-10 2.49912002E-34 1.44109531E-07 1.77806545E-40 1.77806545E-40 1.77806545E-40 1.77806545E-40 1.79146478E-40 1.40677921E-16 8.08003214E-06 1.90732637E-06 2.77954514E-25 5.26610314E-20 1.90317944E-08 2.14900960E-07 7.54371868E-01 4.93834033E-20 1.26964249E-17 1.00000000E-40 1.00000000E-40 1.00000000E-40 2.45721638E-31 1.77542122E-23 3.17558647E-19 1.68513059E-16 4.30968270E-23 2.16859677E-22 1.99807181E-22 1.10109392E-12 3.33547448E-14 1.21827204E-14 2.59337296E-02 5.24973830E-34 3.72805621E-31 2.81893300E-12 1.00000000E-40 1.00000000E-40 4.38540662E-31 1.30598101E-31 5.00679593E-13 1.62924061E-10 6.68507739E-18 4.72382245E-18 8.89089690E-13 4.04521276E-08 1.96042384E-15 7.06468837E-22 4.99309917E-24 3.18014404E-09 1.29466654E-34 1.46035478E-22 2.72640753E-29 2.47063135E-31 4.26038642E-38 1.07934405E-40 1.95905567E-30 6.32169504E-31 4.53408176E-14 1.31301514E-36 1.00000000E-40 4.38338402E-34 1.00000000E-40 1.00000000E-40 1.86888239E-12 4.90843244E-27 1.40426248E-27 1.00000000E-40 1.00000000E-40 7.91164022E-32 1.82209048E-33 6.42551572E-30 4.47243422E-38 7.12901998E-27 2.57495220E-18 2.03737276E-20 2.66789850E-33 1.00000000E-40 1.00000000E-05 1.00000000E-05 1.00000000E-05 1.00000000E-05 1.00000000E-05 1.00000000E-05 1.00000000E-05 1.00000000E-05 1.00000000E-05 1.00000000E-05
4.14596000E+00 4.40637000E-01 1.65838575E+19 1.92447433E+02 1.00000000E+05 1.22568476E+00 4.80515608E+02 7.26122201E-10 2.82479007E-34 1.57976193E-07 1.98819275E-40 1.98819275E-40 1.98819275E-40 1.98819275E-40 2.00344855E-40 8.17663988E-17 8.43498345E-06 1.33954568E-06 1.73921656E-25 6.56540506E-20 2.98973842E-08 2.45661010E-07 7.56719755E-01 1.84908115E-20 1.23176073E-17 1.00000000E-40 1.00000000E-40 1.00000000E-40 1.60922963E-31 1.81748209E-23 3.87291718E-19 1.73678525E-16 3.61766791E-23 1.90063628E-22 2.02911757E-22 1.62742731E-12 4.75834712E-14 2.75104538E-14 2.20992659E-02 5.58395804E-34 3.81619649E-31 2.88673228E-12 1.00000000E-40 1.00000000E-40 4.50790905E-31 1.33812518E-31 4.31002879E-13 1.75327788E-10 1.03934919E-17 5.51497140E-18 6.55182039E-13 4.22351798E-08 1.88202270E-15 4.10796027E-22 3.07028594E-24 3.31263157E-09 1.32774148E-34 1.49457523E-22 2.78439521E-29 2.45606023E-31 4.36962415E-38 1.11552564E-40 2.01736845E-30 6.39557652E-31 3.14410720E-14 1.32918472E-36 1.00000000E-40 4.40639285E-34 1.00000000E-40 1.00000000E-40 2.68257078E-12 8.58045468E-28 1.28244445E-27 1.00000000E-40 1.00000000E-40 7.49108358E-32 1.83237834E-33 6.59073259E-30 6.82604706E-38 8.39069852E-27 9.02760426E-19 2.08941042E-20 2.52278446E-33 1.00000000E-40 1.00000000E-05 1.00000000E-05 1.00000000E-05 1.00000000E-05 1.00000000E-05 1.00000000E-05 1.00000000E-05 1.00000000E-05 1.00000000E-05 1.00000000E-05
5.33052000E+00 3.89650000E-01 1.48704959E+19 1.89786775E+02 1.00000000E+05 1.35466250E+00 5.31545035E+02 8.09159823E-10 3.15598871E-34 1.71353725E-07 2.19441234E-40 2.19441234E-40 2.19441234E-40 2.19441234E-40 2.21159103E-40 5.32169585E-17 8.63840281E-06 9.40289256E-07 1.22995286E-25 8.18877694E-20 4.16114842E-08 2.74921361E-07 7.41260812E-01 8.66856451E-21 1.15911479E-17 1.00000000E-40 1.00000000E-40 1.00000000E-40 1.14855483E-31 1.82540763E-23 4.52281663E-19 1.75559221E-16 2.96754985E-23 1.62266372E-22 2.01332821E-22 2.23838421E-12 6.18047671E-14 5.31784867E-14 1.86998958E-02 5.96084252E-34 3.82950285E-31 2.89484112E-12 1.00000000E-40 1.00000000E-40 4.55009962E-31 1.34369328E-31 3.65584393E-13 1.81045934E-10 1.44464124E-17 6.74787170E-18 4.90761789E-13 4.32501211E-08 1.76922921E-15 2.39641399E-22 1.83449438E-24 3.39518663E-09 1.33593305E-34 1.50063026E-22 2.78517319E-29 2.38155393E-31 4.39700266E-38 1.13142674E-40 2.03885916E-30 6.33515200E-31 2.22387352E-14 1.31948556E-36 1.00000000E-40 4.33828131E-34 1.00000000E-40 1.00000000E-40 3.49395948E-12 2.58090423E-28 1.18112757E-27 1.00000000E-40 1.00000000E-40 7.16678121E-32 1.80332062E-33 6.63257794E-30 9.53027933E-38 9.25268263E-27 3.98453910E-19 2.10186210E-20 2.38865765E-33 1.00000000E-40 1.00000000E-05 1.00000000E-05 1.00000000E-05 1.00000000E-05 1.00000000E-05 1.00000000E-05 1.00000000E-05 1.00000000E-05 1.00000000E-05 1.00000000E-05
6.51508000E+00 3.46768000E-01 1.34302288E+19 1.87013226E+02 1.00000000E+05 1.49070654E+00 5.85427834E+02 8.98607608E-10 3.51501771E-34 1.85459873E-07 2.41115488E-40 2.41115488E-40 2.41115488E-40 2.41115488E-40 2.43045290E-40 3.53896946E-17 8.79028854E-06 6.53903540E-07 8.84145896E-26 1.02056358E-19 5.43205323E-08 3.05153941E-07 7.17600936E-01 4.35571971E-21 1.06829435E-17 1.00000000E-40 1.00000000E-40 1.00000000E-40 8.30557886E-32 1.82184033E-23 5.14907801E-19 1.76038822E-16 2.41650621E-23 1.37106349E-22 1.97570026E-22 2.97124945E-12 7.64171675E-14 9.65543348E-14 1.56693265E-02 6.48693065E-34 3.81517162E-31 2.87856726E-12 1.00000000E-40 1.00000000E-40 4.56796533E-31 1.33914567E-31 2.97250553E-13 1.82953936E-10 1.89683050E-17 7.91939415E-18 3.63889960E-13 4.39989013E-08 1.61963508E-15 1.36030238E-22 1.08985771E-24 3.46592705E-09 1.33571498E-34 1.49714904E-22 2.76316017E-29 2.27887487E-31 4.39670401E-38 1.14012269E-40 2.04831264E-30 6.22204438E-31 1.55680998E-14 1.30025002E-36 1.00000000E-40 4.23367252E-34 1.00000000E-40 1.00000000E-40 4.28485657E-12 9.54006525E-29 1.10416438E-27 1.00000000E-40 1.00000000E-40 6.90534770E-32 1.75828083E-33 6.63276756E-30 1.26117097E-37 9.78411979E-27 1.89012131E-19 2.10058082E-20 2.28292122E-33 1.00000000E-40 1.00000000E-05 1.00000000E-05 1.00000000E-05 1.00000000E-05 1.00000000E-05 1.00000000E-05 1.00000000E-05 1.00000000E-05 1.00000000E-05 1.00000000E-05
7.69964000E+00 3.08741000E-01 1.21286323E+19 1.84373795E+02 1.00000000E+05 1.64403736E+00 6.46253454E+02 1.00100570E-09 3.93269665E-34 2.01587124E-07 2.65480332E-40 2.65480332E-40 2.65480332E-40 2.65480332E-40 2.67657772E-40 2.41452531E-17 8.94019993E-06 4.53504599E-07 8.00703752E-26 1.29829261E-19 6.82880379E-08 3.37988710E-07 6.89915685E-01 2.32708233E-21 9.65742802E-18 1.00000000E-40 1.00000000E-40 1.00000000E-40 6.09360789E-32 1.81751944E-23 5.69824300E-19 1.75874310E-16 1.94732393E-23 1.14433823E-22 1.92742729E-22 3.87343456E-12 9.11353773E-14 1.69382602E-13 1.30644545E-02 7.24615595E-34 3.79537273E-31 2.85432943E-12 1.00000000E-40 1.00000000E-40 4.58855776E-31 1.33221225E-31 2.31766683E-13 1.82842318E-10 2.43303085E-17 9.53913020E-18 2.72306153E-13 4.47307419E-08 1.44977114E-15 7.51506010E-23 6.66097731E-25 3.54329643E-09 1.33493556E-34 1.49296228E-22 2.73431328E-29 2.16146660E-31 4.39454096E-38 1.14782570E-40 2.05768120E-30 6.09339377E-31 1.09840351E-14 1.27869458E-36 1.00000000E-40 4.11620743E-34 1.00000000E-40 1.00000000E-40 5.03349043E-12 3.79747930E-29 1.04766509E-27 1.00000000E-40 1.00000000E-40 6.67991575E-32 1.70764656E-33 6.63024277E-30 1.61225290E-37 1.00589796E-26 1.16438309E-19 2.09784936E-20 2.20625957E-33 1.73379000E-40 1.00000000E-05 1.00000000E-05 1.00000000E-05 1.00000000E-05 1.00000000E-05 1.00000000E-05 1.00000000E-05 1.00000000E-05 1.00000000E-05 1.00000000E-05
8.88420000E+00 2.75166000E-01 1.09790896E+19 1.81528642E+02 1.00000000E+05 1.81212617E+00 7.13171332E+02 1.11558554E-09 4.48641931E-34 2.19419133E-07 2.92105647E-40 2.92105647E-40 2.92105647E-40 2.92105647E-40 2.94567548E-40 1.59479614E-17 9.08150274E-06 3.07030866E-07 3.34510390E-25 1.67662663E-19 8.35441874E-08 3.73345716E-07 6.57446024E-01 1.21784227E-21 8.50055160E-18 1.00000000E-40 1.00000000E-40 1.00000000E-40 4.33835932E-32 1.81118965E-23 6.03272020E-19 1.74671557E-16 1.54882899E-23 9.42797147E-23 1.86640862E-22 4.98294928E-12 1.04724590E-13 2.85716070E-13 1.06927993E-02 8.29275889E-34 3.76708896E-31 2.81955147E-12 1.00000000E-40 1.00000000E-40 4.60911982E-31 1.32179560E-31 1.65875895E-13 1.81149202E-10 3.08697571E-17 1.12204894E-17 2.01079606E-13 4.54131910E-08 1.24316355E-15 3.85479154E-23 4.50763923E-25 3.62397992E-09 1.33267191E-34 1.48703867E-22 2.69624627E-29 2.02682230E-31 4.38746323E-38 1.15347401E-40 2.06557777E-30 5.94421903E-31 7.54526714E-15 1.25341853E-36 1.00000000E-40 3.98096133E-34 1.00000000E-40 1.00000000E-40 5.69272439E-12 1.48113409E-29 1.00286619E-27 1.00000000E-40 1.00000000E-40 6.45283847E-32 1.64982108E-33 6.62040966E-30 2.00647857E-37 1.01049790E-26 3.34573888E-19 2.09215560E-20 2.14762215E-33 3.65995000E-40 1.00000000E-05 1.00000000E-05 1.00000000E-05 1.00000000E-05 1.00000000E-05 1.00000000E-05 1.00000000E-05 1.00000000E-05 1.00000000E-05 1.00000000E-05
1.00688000E+01 2.45598000E-01 9.95430874E+18 1.78702421E+02 1.00000000E+05 1.99775215E+00 7.87454183E+02 1.25284903E-09 6.65570064E-34 2.39341031E-07 3.21418567E-40 3.21418567E-40 3.21418567E-40 3.21418567E-40 3.24210929E-40 1.03142475E-17 9.20856069E-06 2.03545206E-07 2.83022302E-24 2.21750217E-19 1.00091019E-07 4.11106435E-07 6.19621186E-01 6.31790050E-22 7.20660229E-18 1.00000000E-40 1.00000000E-40 1.00000000E-40 3.01622301E-32 1.80189667E-23 5.89282272E-19 1.72105337E-16 1.20197289E-23 7.60166110E-23 1.79100785E-22 6.33644561E-12 1.14213364E-13 4.23771137E-13 8.60536641E-03 9.68880007E-34 3.72794796E-31 2.77223698E-12 1.00000000E-40 1.00000000E-40 4.62757783E-31 1.30702984E-31 1.13489176E-13 1.78195075E-10 3.90637774E-17 1.37321409E-17 1.50590842E-13 4.60186942E-08 1.01996306E-15 1.80517909E-23 3.81740631E-25 3.70515008E-09 1.32821484E-34 1.47859569E-22 2.64708498E-29 1.87311717E-31 4.37312510E-38 1.15622087E-40 2.07092384E-30 5.77075774E-31 5.04945352E-15 1.22335608E-36 1.00000000E-40 3.82417829E-34 1.00000000E-40 1.00000000E-40 6.25097060E-12 5.66006463E-30 9.63290918E-28 1.00000000E-40 1.00000000E-40 6.20357414E-32 1.58362384E-33 6.59973568E-30 2.44333747E-37 9.95644765E-27 1.95198492E-18 2.08233005E-20 2.09886993E-33 7.73217000E-40 1.00000000E-05 1.00000000E-05 1.00000000E-05 1.00000000E-05 1.00000000E-05 1.00000000E-05 1.00000000E-05 1.00000000E-05 1.00000000E-05 1.00000000E-05
1.12533000E+01 2.19575000E-01 9.04472109E+18 1.75834637E+02 1.00000000E+05 2.20178090E+00 8.69774765E+02 1.69284568E-09 4.01772390E-33 2.61527696E-07 3.53522461E-40 3.53522461E-40 3.53522461E-40 3.53522461E-40 3.56701477E-40 6.43821978E-18 9.31767409E-06 1.31533437E-07 1.67774413E-23 2.98808971E-19 1.17925387E-07 4.51182789E-07 5.76083346E-01 3.17809538E-22 5.79320483E-18 1.00000000E-40 1.00000000E-40 1.00000000E-40 2.02471654E-32 1.78911884E-23 5.01976827E-19 1.68013645E-16 9.02919183E-24 5.97513129E-23 1.70017125E-22 7.96102036E-12 1.15215151E-13 4.90796551E-13 6.78685667E-03 1.14991767E-33 3.67650312E-31 2.71121383E-12 1.00000000E-40 1.00000000E-40 4.64290259E-31 1.28737944E-31 9.08319401E-14 1.74168445E-10 4.92658560E-17 1.82887644E-17 1.20286606E-13 4.65292532E-08 7.95328996E-16 7.37386300E-24 4.11212108E-25 3.78487832E-09 1.32116931E-34 1.46720639E-22 2.58565602E-29 1.69935768E-31 4.35021645E-38 1.15552324E-40 2.07311715E-30 5.57079009E-31 3.19306012E-15 1.18785498E-36 1.00000000E-40 3.64345852E-34 1.00000000E-40 1.00000000E-40 6.77796397E-12 2.09493199E-30 9.24515767E-28 1.00000000E-40 1.00000000E-40 5.92193084E-32 1.50834755E-33 6.56624992E-30 2.92236103E-37 9.64813882E-27 7.94296644E-18 2.06770428E-20 2.05447882E-33 1.65316000E-39 1.00000000E-05 1.00000000E-05 1.00000000E-05 1.00000000E-05 1.00000000E-05 1.00000000E-05 1.00000000E-05 1.00000000E-05 1.00000000E-05 1.00000000E-05
1.24379000E+01 1.96694000E-01 8.24361610E+18 1.72818436E+02 1.00000000E+05 2.42445059E+00 9.60776015E+02 1.11117004E-08 1.06429402E-31 2.86221985E-07 3.88426603E-40 3.88426603E-40 3.88426603E-40 3.88426603E-40 3.92059632E-40 3.81186162E-18 9.40389863E-06 8.20991239E-08 7.11221387E-23 4.07258468E-19 1.36990267E-07 4.93345439E-07 5.26517337E-01 1.51012077E-22 4.32991338E-18 1.00000000E-40 1.00000000E-40 1.00000000E-40 1.29544226E-32 1.77216064E-23 3.54798984E-19 1.62409904E-16 6.53505382E-24 4.56854783E-23 1.59291556E-22 9.85621654E-12 1.05056600E-13 4.14138039E-13 5.21567180E-03 1.37729755E-33 3.61102402E-31 2.63526360E-12 1.00000000E-40 1.00000000E-40 4.65350449E-31 1.26221335E-31 1.11278544E-13 1.69143622E-10 6.16669977E-17 2.92466848E-17 1.13535040E-13 4.69206132E-08 5.85278077E-16 2.51337486E-24 4.72637574E-25 3.86076788E-09 1.31100638E-34 1.45230224E-22 2.51064602E-29 1.50544236E-31 4.31698690E-38 1.15073941E-40 2.07132146E-30 5.34185506E-31 1.86632900E-15 1.14626622E-36 1.00000000E-40 3.43659366E-34 1.00000000E-40 1.00000000E-40 7.34223864E-12 7.55137302E-31 8.83430450E-28 1.00000000E-40 1.00000000E-40 5.60154002E-32 1.42328036E-33 6.51731469E-30 3.44173871E-37 9.20863225E-27 2.28392428E-17 2.04741207E-20 2.01018180E-33 3.64660000E-39 1.00000000E-05 1.00000000E-05 1.00000000E-05 1.00000000E-05 1.00000000E-05 1.00000000E-05 1.00000000E-05 1.00000000E-05 1.00000000E-05 1.00000000E-05
1.36224000E+01 1.76553000E-01 7.52546181E+18 1.69925542E+02 1.00000000E+05 2.67341533E+00 1.06464498E+03 4.89036245E-07 4.57488391E-30 3.14750391E-07 4.27303006E-40 4.27303006E-40 4.27303006E-40 4.27303006E-40 4.31488032E-40 2.25485795E-18 9.46528055E-06 5.00865516E-08 2.33135106E-22 5.68977371E-19 1.57245638E-07 5.37465486E-07 4.70860731E-01 7.18430233E-23 2.95366616E-18 1.00000000E-40 1.00000000E-40 1.00000000E-40 8.24629075E-33 1.75091914E-23 2.13651933E-19 1.55490889E-16 4.53309982E-24 3.36860193E-23 1.46899322E-22 1.19925422E-11 8.78284381E-14 2.67781419E-13 3.93096427E-03 1.65346499E-33 3.53106935E-31 2.54419659E-12 1.00000000E-40 1.00000000E-40 4.65926903E-31 1.23135021E-31 1.73375889E-13 1.63248751E-10 7.68065549E-17 6.20766009E-17 1.34822776E-13 4.71834061E-08 4.17018190E-16 7.58427285E-25 4.97603387E-25 3.93166962E-09 1.29763256E-34 1.43380069E-22 2.42167574E-29 1.29427344E-31 4.27312077E-38 1.14163055E-40 2.06537404E-30 5.08348372E-31 1.05920357E-15 1.09840765E-36 1.00000000E-40 3.20294709E-34 1.00000000E-40 1.00000000E-40 7.89041927E-12 2.93046245E-31 8.38232234E-28 1.00000000E-40 1.00000000E-40 5.24010480E-32 1.32828413E-33 6.45245667E-30 3.99965435E-37 8.66273635E-27 5.00731566E-17 2.02127745E-20 1.96338011E-33 7.93615000E-39 1.00000000E-05 1.00000000E-05 1.00000000E-05 1.00000000E-05 1.00000000E-05 1.00000000E-05 1.00000000E-05 1.00000000E-05 1.00000000E-05 1.00000000E-05
1.48070000E+01 1.58735000E-01 6.89588964E+18 1.66724380E+02 1.00000000E+05 2.95049112E+00 1.18464623E+03 3.66287463E-05 1.93360175E-28 3.48344109E-07 4.70379831E-40 4.70379831E-40 4.70379831E-40 4.70379831E-40 4.75247039E-40 1.25145566E-18 9.50270482E-06 2.90964246E-08 6.34759775E-22 8.16224850E-19 1.78670310E-07 5.83514874E-07 4.09291744E-01 3.14239808E-23 1.82187262E-18 1.00000000E-40 1.00000000E-40 1.00000000E-40 4.97798927E-33 1.72583580E-23 1.13277828E-19 1.47467873E-16 3.03969391E-24 2.39769079E-23 1.32885218E-22 1.43332256E-11 6.85884419E-14 1.52820866E-13 2.85852272E-03 1.97831180E-33 3.43739386E-31 2.43869033E-12 1.00000000E-40 1.00000000E-40 4.66143591E-31 1.19502705E-31 2.47894850E-13 1.56627249E-10 9.57532866E-17 1.45655634E-16 1.76664239E-13 4.73223906E-08 2.79945152E-16 2.04893266E-25 4.60331849E-25 3.99763736E-09 1.28135578E-34 1.41206542E-22 2.31923511E-29 1.07353404E-31 4.21962503E-38 1.12833542E-40 2.05573553E-30 4.79702732E-31 5.86248974E-16 1.04451723E-36 1.00000000E-40 2.94332816E-34 1.00000000E-40 1.00000000E-40 8.35100821E-12 1.29049478E-31 7.88184608E-28 1.00000000E-40 1.00000000E-40 4.83835999E-32 1.22374264E-33 6.37319784E-30 4.59351727E-37 8.02996919E-27 8.87695368E-17 1.98976207E-20 1.91297215E-33 1.68303000E-38 1.00000000E-05 1.00000000E-05 1.00000000E-05 1.00000000E-05 1.00000000E-05 1.00000000E-05 1.00000000E-05 1.00000000E-05 1.00000000E-05 1.00000000E-05
1.59916000E+01 1.42810000E-01 6.31744178E+18 1.63732197E+02 1.00000000E+05 3.28496629E+00 1.33951142E+03 2.58660730E-03 6.76493284E-27 3.93320420E-07 5.22211282E-40 5.22211282E-40 5.22211282E-40 5.22211282E-40 5.27999653E-40 7.29569185E-19 9.52440246E-06 1.65083736E-08 1.52583367E-21 1.24773828E-18 2.01407921E-07 6.31972390E-07 3.42277525E-01 1.43386168E-23 1.02123079E-18 1.00000000E-40 1.00000000E-40 1.00000000E-40 3.12173116E-33 1.69862166E-23 5.79122325E-20 1.38563932E-16 1.94247886E-24 1.61237101E-23 1.17383630E-22 1.68610039E-11 5.23782803E-14 8.68502631E-14 2.03605587E-03 2.35190094E-33 3.33325271E-31 2.32107668E-12 1.00000000E-40 1.00000000E-40 4.66476710E-31 1.15434412E-31 3.15921601E-13 1.49440667E-10 1.20934794E-16 3.64197999E-16 2.31268269E-13 4.73787769E-08 1.86627993E-16 5.68271137E-26 3.87896025E-25 4.06191946E-09 1.26343073E-34 1.38849627E-22 2.20545214E-29 8.55087495E-32 4.16062514E-38 1.11184884E-40 2.04441285E-30 4.48704057E-31 3.40767513E-16 9.85563955E-37 1.00000000E-40 2.66054696E-34 1.00000000E-40 1.00000000E-40 8.73726057E-12 7.74617807E-32 7.33465408E-28 1.00000000E-40 1.00000000E-40 4.40058788E-32 1.11082172E-33 6.28577250E-30 5.22222709E-37 7.32929692E-27 1.34956877E-16 1.95479229E-20 1.85969643E-33 3.20502000E-38 1.00000000E-05 1.00000000E-05 1.00000000E-05 1.00000000E-05 1.00000000E-05 1.00000000E-05 1.00000000E-05 1.00000000E-05 1.00000000E-05 1.00000000E-05
1.71761000E+01 1.28408000E-01 5.80143380E+18 1.60314741E+02 1.00000000E+05 3.70291123E+00 1.55872041E+03 1.38767161E-01 1.74648405E-25 4.60633784E-07 5.86753256E-40 5.86753256E-40 5.86753256E-40 5.86753256E-40 5.93923381E-40 4.07473723E-19 9.53910552E-06 8.76912540E-09 3.53703503E-21 2.03961224E-18 2.25674298E-07 6.83479765E-07 2.70337676E-01 5.98861297E-24 5.28094939E-19 1.00000000E-40 1.00000000E-40 1.00000000E-40 1.87509132E-33 1.67096965E-23 2.72688473E-20 1.28920223E-16 1.17619244E-24 1.01512530E-23 1.00498015E-22 1.95818203E-11 3.83197261E-14 5.07009835E-14 1.38291728E-03 2.77508092E-33 3.22173863E-31 2.19340874E-12 1.00000000E-40 1.00000000E-40 4.67419581E-31 1.11033633E-31 3.70561463E-13 1.41790794E-10 1.55240520E-16 8.69425480E-16 2.88744067E-13 4.73960666E-08 1.16652026E-16 1.47398097E-26 3.10406298E-25 4.12819419E-09 1.24510629E-34 1.36447376E-22 2.08223475E-29 6.51347230E-32 4.10022819E-38 1.09318106E-40 2.03345838E-30 4.15733003E-31 1.96779632E-16 9.22393554E-37 1.00000000E-40 2.35685664E-34 1.00000000E-40 1.00000000E-40 9.09065996E-12 6.62449679E-32 6.74383135E-28 1.00000000E-40 1.00000000E-40 3.93029033E-32 9.90413222E-34 6.19639208E-30 5.88163952E-37 6.57294641E-27 1.87308121E-16 1.91826732E-20 1.80464482E-33 5.67968000E-38 1.00000000E-05 1.00000000E-05 1.00000000E-05 1.00000000E-05 1.00000000E-05 1.00000000E-05 1.00000000E-05 1.00000000E-05 1.00000000E-05 1.00000000E-05
1.83607000E+01 1.15307000E-01 5.31600382E+18 1.57103951E+02 1.00000000E+05 4.31661435E+00 1.94109561E+03 5.22994606E-01 3.05525078E-24 5.84412520E-07 6.82128302E-40 6.82128302E-40 6.82128302E-40 6.82128302E-40 6.92073070E-40 2.59389281E-19 9.55254075E-06 4.50805079E-09 8.10518470E-21 3.61274324E-18 2.51704637E-07 7.38653621E-07 2.04325936E-01 2.77965273E-24 2.55991448E-19 1.00000000E-40 1.00000000E-40 1.00000000E-40 1.18611770E-33 1.64393188E-23 1.26671909E-20 1.18577703E-16 6.67570146E-25 5.91930082E-24 8.22425970E-23 2.25091526E-11 2.77806384E-14 3.12558752E-14 9.14380701E-04 3.24912562E-33 3.10448146E-31 2.05652453E-12 1.00000000E-40 1.00000000E-40 4.69320899E-31 1.06351343E-31 4.15109050E-13 1.33694933E-10 2.04982896E-16 2.16001385E-15 3.45257621E-13 4.74025302E-08 7.31584665E-17 4.00648743E-27 2.56165717E-25 4.19908971E-09 1.22716197E-34 1.34084885E-22 1.95035418E-29 4.72726146E-32 4.04099480E-38 1.07293413E-40 2.02423294E-30 3.80907907E-31 1.19551532E-16 8.55313645E-37 1.00000000E-40 2.03274374E-34 1.00000000E-40 1.00000000E-40 9.43900883E-12 8.20471959E-32 6.10843109E-28 1.00000000E-40 1.00000000E-40 3.42808993E-32 8.62646014E-34 6.10893846E-30 6.55735656E-37 5.76562639E-27 2.43193323E-16 1.88132949E-20 1.74830844E-33 9.44177000E-38 1.00000000E-05 1.00000000E-05 1.00000000E-05 1.00000000E-05 1.00000000E-05 1.00000000E-05 1.00000000E-05 1.00000000E-05 1.00000000E-05 1.00000000E-05
1.95452000E+01 1.03355000E-01 4.87763031E+18 1.53475596E+02 1.00000000E+05 5.36927490E+00 2.66198112E+03 1.25664361E+00 3.31183287E-23 8.16527360E-07 8.52482176E-40 8.52482176E-40 8.52482176E-40 8.52482176E-40 8.70930788E-40 2.20290668E-19 9.56614842E-06 2.14145158E-09 1.94798080E-20 6.85593803E-18 2.79678750E-07 7.97900292E-07 1.46711772E-01 1.61374609E-24 1.16973803E-19 1.00000000E-40 1.00000000E-40 1.00000000E-40 7.20512240E-34 1.61776129E-23 5.57233642E-21 1.07494586E-16 3.53758290E-25 3.19162362E-24 6.25649470E-23 2.56595436E-11 1.95927697E-14 2.21790994E-14 5.71069117E-04 3.77535527E-33 2.98143751E-31 1.91001669E-12 1.00000000E-40 1.00000000E-40 4.72324853E-31 1.01379958E-31 4.46682990E-13 1.25102892E-10 2.87083139E-16 5.23390381E-15 3.96000824E-13 4.74049897E-08 4.29681890E-17 9.85355476E-28 2.53786133E-25 4.27553727E-09 1.20978511E-34 1.31781646E-22 1.80940763E-29 3.25591064E-32 3.98353491E-38 1.05121552E-40 2.01716950E-30 3.44094259E-31 7.15092102E-17 7.84093402E-37 1.00000000E-40 1.68727278E-34 1.00000000E-40 1.00000000E-40 9.79558661E-12 1.35524419E-31 5.42235133E-28 1.00000000E-40 1.00000000E-40 2.89214892E-32 7.27003896E-34 6.02434964E-30 7.21194450E-37 4.90582898E-27 3.04261083E-16 1.84418884E-20 1.69041107E-33 1.48455000E-37 1.00000000E-05 1.00000000E-05 1.00000000E-05 1.00000000E-05 1.00000000E-05 1.00000000E-05 1.00000000E-05 1.00000000E-05 1.00000000E-05 1.00000000E-05
2.07298000E+01 9.24529000E-02 4.46461986E+18 1.49986707E+02 1.00000000E+05 7.46373187E+00 3.83520476E+03 2.45438585E+00 2.07169198E-22 1.15662699E-06 1.22619875E-39 1.22619875E-39 1.22619875E-39 1.22619875E-39 1.27618235E-39 4.30052917E-19 9.58047827E-06 9.70856692E-10 4.89015749E-20 1.41381819E-17 3.09784200E-07 8.61622179E-07 1.02411158E-01 2.06272730E-24 5.03764536E-20 1.00000000E-40 1.00000000E-40 1.36548246E-40 4.98006631E-34 1.59254245E-23 3.16730493E-21 9.56073996E-17 1.74230105E-25 1.58828105E-24 4.14092246E-23 2.90499124E-11 1.56925269E-14 2.82339693E-14 3.44156451E-04 4.35579040E-33 2.85213043E-31 1.75311572E-12 1.00000000E-40 1.00000000E-40 4.76542541E-31 9.60962560E-32 4.68234421E-13 1.15950320E-10 5.32300148E-16 1.33649205E-14 4.38172487E-13 4.74056294E-08 2.52647049E-17 2.44474533E-28 4.24628156E-25 4.35816783E-09 1.19303755E-34 1.29543122E-22 1.65865150E-29 2.12492533E-32 3.92804341E-38 1.02795425E-40 2.01252023E-30 3.05080030E-31 4.50352332E-17 7.08342029E-37 1.00000000E-40 1.31927032E-34 1.00000000E-40 1.00000000E-40 1.01599759E-11 3.40420340E-31 4.67380503E-28 1.00000000E-40 1.00000000E-40 2.32001470E-32 5.82800484E-34 5.94293918E-30 7.75552097E-37 3.98995897E-27 3.66887659E-16 1.80684429E-20 1.63045951E-33 2.24578000E-37 1.00000000E-05 1.00000000E-05 1.00000000E-05 1.00000000E-05 1.00000000E-05 1.00000000E-05 1.00000000E-05 1.00000000E-05 1.00000000E-05 1.00000000E-05
2.19144000E+01 8.25243000E-02 4.08480292E+18 1.46328007E+02 1.00000000E+05 1.09786091E+01 4.72226256E+03 4.33526588E+00 6.92003816E-22 1.31681658E-06 1.96967679E-39 1.96967679E-39 1.96967679E-39 1.96967679E-39 2.11737203E-39 1.86866628E-18 9.59392800E-06 4.10573805E-10 1.30432944E-19 4.70872256E-17 3.42177840E-07 9.30109584E-07 6.89226459E-02 5.48952340E-24 2.04214440E-20 1.00000000E-40 1.00000000E-40 1.55915064E-38 6.50836317E-34 1.56797877E-23 8.34637611E-21 8.28205371E-17 7.84673344E-26 7.19406532E-25 1.87696676E-23 3.26877371E-11 2.66824879E-14 8.21683494E-14 1.97121414E-04 4.99378299E-33 2.71525163E-31 1.58445340E-12 1.00000000E-40 1.00000000E-40 4.81989544E-31 9.04483665E-32 4.72408939E-13 1.06166047E-10 2.31095592E-15 3.42343700E-14 4.64949318E-13 4.73957734E-08 1.44884496E-17 5.79033927E-29 1.33022094E-24 4.44674741E-09 1.17669655E-34 1.27343404E-22 1.49677461E-29 1.31633330E-32 3.87377604E-38 1.00014528E-40 2.01009044E-30 2.63533157E-31 3.39329512E-17 6.27412730E-37 1.00000000E-40 9.27343645E-35 1.00000000E-40 1.00000000E-40 1.05008298E-11 1.85740289E-30 3.83776878E-28 1.00000000E-40 1.00000000E-40 1.70849793E-32 4.29144208E-34 5.86360312E-30 7.97823935E-37 3.01237058E-27 4.25288610E-16 1.76883955E-20 1.56742428E-33 3.29438000E-37 1.00000000E-05 1.00000000E-05 1.00000000E-05 1.00000000E-05 1.00000000E-05 1.00000000E-05 1.00000000E-05 1.00000000E-05 1.00000000E-05 1.00000000E-05
2.30989000E+01 7.35050000E-02 3.73141061E+18 1.42679164E+02 1.00000000E+05 1.36881895E+01 3.70527475E+03 5.75249947E+00 7.97834025E-22 9.00882339E-07 2.84815512E-39 2.84815512E-39 2.84815512E-39 2.84815512E-39 3.18220647E-39 2.60590118E-17 9.60451502E-06 1.62476324E-10 3.79409989E-19 1.07259245E-15 3.76996655E-07 1.00360176E-06 4.50354869E-02 4.41646997E-23 7.80833644E-21 1.00000000E-40 1.00000000E-40 5.07487978E-37 5.97773234E-33 1.54373095E-23 1.52346100E-19 6.90528100E-17 3.17588431E-26 2.90738526E-25 5.63747928E-24 3.65189529E-11 1.18040054E-13 3.12309468E-13 1.07983887E-04 5.69984173E-33 2.56932795E-31 1.40270878E-12 1.00000000E-40 1.00000000E-40 4.88653567E-31 8.43818636E-32 4.60937640E-13 9.57545336E-11 1.91114905E-14 9.64917378E-14 5.00345470E-13 4.73645699E-08 8.77557500E-18 1.57736230E-29 5.75522506E-24 4.54083795E-09 1.16050369E-34 1.25152942E-22 1.32251316E-29 7.77807323E-33 3.81986788E-38 1.00000000E-40 2.00958906E-30 2.19161173E-31 1.61630764E-16 5.40663781E-37 1.00000000E-40 5.12930024E-35 1.00000000E-40 1.18549748E-39 1.06971211E-11 1.47891343E-29 2.86126504E-28 1.00000000E-40 1.00000000E-40 1.05688286E-32 2.65732671E-34 5.78505407E-30 7.38612316E-37 1.97000198E-27 4.85890277E-16 1.72965375E-20 1.49979430E-33 4.73890000E-37 1.00000000E-05 1.00000000E-05 1.00000000E-05 1.00000000E-05 1.00000000E-05 1.00000000E-05 1.00000000E-05 1.00000000E-05 1.00000000E-05 1.00000000E-05
2.42835000E+01 6.53356000E-02 3.40261102E+18 1.39076674E+02 1.00000000E+05 1.06100609E+01 1.35426182E+03 4.43232379E+00 3.21073282E-22 2.78377465E-07 2.76851769E-39 2.76851769E-39 2.76851769E-39 2.76851769E-39 3.21209314E-39 3.11694574E-16 9.61030538E-06 5.91612003E-11 1.30111885E-18 1.67646536E-14 4.14395655E-07 1.08237573E-06 2.87688517E-02 2.88695259E-22 2.84690852E-21 1.00000000E-40 1.00000000E-40 3.20071077E-36 5.84539530E-32 1.51945891E-23 1.59863134E-18 5.46814710E-17 1.18858741E-26 1.02874925E-25 1.33602784E-24 4.02460791E-11 4.00158633E-13 1.06930218E-12 5.69532353E-05 6.51427895E-33 2.41256634E-31 1.20861638E-12 1.00000000E-40 1.00000000E-40 4.96126628E-31 7.78466858E-32 4.49856902E-13 8.49461227E-11 1.11707615E-13 3.54417420E-13 6.10965158E-13 4.73008707E-08 7.29348232E-18 1.14343174E-29 2.54235783E-23 4.64003253E-09 1.14419733E-34 1.22941683E-22 1.13655838E-29 4.42210010E-33 3.76543842E-38 1.00000000E-40 2.00992202E-30 1.72675962E-31 1.28187185E-15 4.47619054E-37 1.00000000E-40 1.39536176E-35 1.00000000E-40 1.87736463E-38 1.06092559E-11 6.81708520E-29 1.72532559E-28 1.00000000E-40 1.00000000E-40 4.19008428E-33 1.05797750E-34 5.70598142E-30 5.27854803E-37 9.21934929E-28 5.97175484E-16 1.68873611E-20 1.41840449E-33 6.72091000E-37 1.00000000E-05 1.00000000E-05 1.00000000E-05 1.00000000E-05 1.00000000E-05 1.00000000E-05 1.00000000E-05 1.00000000E-05 1.00000000E-05 1.00000000E-05
2.54680000E+01 5.79562000E-02 3.09733250E+18 1.35527926E+02 1.00000000E+05 3.77262293E+00 1.60603856E+02 1.61544257E+00 4.48069149E-23 3.20998467E-08 1.47897277E-39 1.47897277E-39 1.47897277E-39 1.47897277E-39 1.77111231E-39 1.97734899E-15 9.60989223E-06 1.84269178E-11 5.05338371E-18 7.51895546E-14 4.54554852E-07 1.16676999E-06 1.82386576E-02 9.63321488E-22 1.00530501E-21 1.00000000E-40 1.00000000E-40 8.04037775E-36 2.98445256E-31 1.49490821E-23 5.14635050E-18 4.31993978E-17 4.90529164E-27 3.58525021E-26 2.73986140E-25 4.31644905E-11 7.39698750E-13 2.80730471E-12 2.93369884E-05 7.41954682E-33 2.24466488E-31 1.01121678E-12 1.00000000E-40 1.00000000E-40 5.02728922E-31 7.08860086E-32 4.51926690E-13 7.42407599E-11 2.57978420E-13 1.65302176E-12 7.14923185E-13 4.71955782E-08 1.28130088E-17 3.73802323E-29 8.01485760E-23 4.74413972E-09 1.12757676E-34 1.20686168E-22 9.47608788E-30 2.43906663E-33 3.70980113E-38 1.00000000E-40 2.00749729E-30 1.28112920E-31 3.12134407E-15 3.49637439E-37 1.00000000E-40 1.55203716E-36 1.00000000E-40 8.42651231E-38 1.06474287E-11 8.66547813E-29 1.01489534E-28 1.00000000E-40 1.00000000E-40 8.34990439E-34 2.14048405E-35 5.62536630E-30 3.75415719E-37 2.60928835E-28 7.82608959E-16 1.64561311E-20 1.25664001E-33 9.41382000E-37 1.00000000E-05 1.00000000E-05 1.00000000E-05 1.00000000E-05 1.00000000E-05 1.00000000E-05 1.00000000E-05 1.00000000E-05 1.00000000E-05 1.00000000E-05
2.66526000E+01 5.13074000E-02 2.80214136E+18 1.32619285E+02 1.00000000E+05 5.28240486E-01 4.70312203E+00 3.07251940E-01 3.36110714E-24 3.17917180E-09 5.08166102E-40 5.08166102E-40 5.08166102E-40 5.08166102E-40 6.14307747E-40 6.92970160E-15 9.60675126E-06 6.03381661E-12 1.58029377E-17 1.58202415E-13 4.98007082E-07 1.25797179E-06 1.24774696E-02 1.89654066E-21 3.49354078E-22 1.00000000E-40 1.00000000E-40 1.21448291E-35 1.26244395E-30 1.47054683E-23 9.38915498E-18 3.81093153E-17 2.76781860E-27 1.66847767E-26 6.05994308E-26 4.47954068E-11 1.01699260E-12 5.67835323E-12 1.64284018E-05 8.20127329E-33 2.06990113E-31 8.24895729E-13 1.00000000E-40 1.00000000E-40 5.06684566E-31 6.37407834E-32 4.49639973E-13 6.39356716E-11 3.23408564E-13 5.20463072E-12 5.42939325E-13 4.70637468E-08 3.11146670E-17 1.42658979E-28 1.54149804E-22 4.85573388E-09 1.11099318E-34 1.18420966E-22 7.69686438E-30 1.32033800E-33 3.65408341E-38 1.00000000E-40 1.99903709E-30 9.03609005E-32 3.81485622E-15 2.54344402E-37 1.00000000E-40 1.92164552E-37 1.00000000E-40 1.60416357E-37 1.13359284E-11 5.58061583E-29 9.69933182E-29 1.00000000E-40 1.00000000E-40 1.04668042E-34 2.91645475E-36 5.54495286E-30 3.99021598E-37 7.09991323E-29 9.15662031E-16 1.60061936E-20 9.69334423E-34 1.30958000E-36 1.00000000E-05 1.00000000E-05 1.00000000E-05 1.00000000E-05 1.00000000E-05 1.00000000E-05 1.00000000E-05 1.00000000E-05 1.00000000E-05 1.00000000E-05
2.78372000E+01 4.53327000E-02 2.49212282E+18 1.31752499E+02 1.00000000E+05 3.88351285E-02 5.21933391E-02 5.05641617E-02 3.15565382E-25 1.08432993E-09 2.19031567E-40 2.19031567E-40 2.19031567E-40 2.19031567E-40 2.57722277E-40 1.48794699E-14 9.61996655E-06 4.96391935E-12 2.95204318E-17 2.51507404E-13 5.46596755E-07 1.36026108E-06 1.06987613E-02 2.99862719E-21 1.21403542E-22 1.00000000E-40 1.00000000E-40 1.37511822E-35 2.88491393E-30 1.44894321E-23 1.44511552E-17 3.80614850E-17 2.30077801E-27 1.18688022E-26 2.47417046E-26 4.52159384E-11 1.26844613E-12 9.89874118E-12 1.24738303E-05 8.77168680E-33 1.89323393E-31 6.59176913E-13 1.00000000E-40 1.00000000E-40 5.08134197E-31 5.66711913E-32 4.49878576E-13 5.41362614E-11 3.60074607E-13 6.85867492E-12 5.18651951E-13 4.69943831E-08 5.60372916E-17 3.09216998E-28 2.13892743E-22 4.98653617E-09 1.09641416E-34 1.16347903E-22 6.11951519E-30 7.07837753E-34 3.60473048E-38 1.00000000E-40 1.98657307E-30 6.11546537E-32 4.22938174E-15 1.75244435E-37 1.00000000E-40 1.06301426E-37 1.00000000E-40 2.14667745E-37 1.26175605E-11 4.40855950E-29 9.56561975E-29 1.00000000E-40 1.00000000E-40 9.99920031E-36 5.00282516E-37 5.47461637E-30 3.78776364E-37 4.09478463E-29 9.56759761E-16 1.55633874E-20 6.90738049E-34 1.81907000E-36 1.00000000E-05 1.00000000E-05 1.00000000E-05 1.00000000E-05 1.00000000E-05 1.00000000E-05 1.00000000E-05 1.00000000E-05 1.00000000E-05 1.00000000E-05
2.90217000E+01 3.99771000E-02 2.21251144E+18 1.30870716E+02 1.00000000E+05 1.67505072E-03 3.28092693E-04 1.17800561E-02 6.19049246E-26 6.85976317E-10 1.39593137E-40 1.39593137E-40 1.39593137E-40 1.39593137E-40 1.57812829E-40 2.60744365E-14 9.65606136E-06 4.14562689E-12 4.42237590E-17 3.72733448E-13 6.01783742E-07 1.47685392E-06 9.95246156E-03 4.16331012E-21 4.35040658E-23 1.00000000E-40 1.00000000E-40 1.41332432E-35 4.75711661E-30 1.43083661E-23 2.06111017E-17 3.94022872E-17 2.18483167E-27 9.88755335E-27 1.37477583E-26 4.44023940E-11 1.50689810E-12 1.60858543E-11 1.06749772E-05 9.11587974E-33 1.71573881E-31 5.16809456E-13 1.00000000E-40 1.00000000E-40 5.07497441E-31 4.97712003E-32 4.40865077E-13 4.50910134E-11 4.03855217E-13 9.05040370E-12 5.16902258E-13 4.70194265E-08 8.53439912E-17 5.05025656E-28 2.61031644E-22 5.14300963E-09 1.08444376E-34 1.14521857E-22 4.76947218E-30 3.76801837E-34 3.56370394E-38 1.00000000E-40 1.97150542E-30 3.98431180E-32 4.74819229E-15 1.17807942E-37 1.00000000E-40 9.11626325E-38 1.00000000E-40 2.55825414E-37 1.41397546E-11 4.73041815E-29 8.68608315E-29 1.00000000E-40 1.00000000E-40 7.87900527E-37 2.55123279E-37 5.41745328E-30 3.14626188E-37 3.69619409E-29 9.66752916E-16 1.51332877E-20 4.92329276E-34 2.52127000E-36 1.00000000E-05 1.00000000E-05 1.00000000E-05 1.00000000E-05 1.00000000E-05 1.00000000E-05 1.00000000E-05 1.00000000E-05 1.00000000E-05 1.00000000E-05
3.02063000E+01 3.51832000E-02 1.96021816E+18 1.30001285E+02 1.00000000E+05 4.45360451E-05 1.24513837E-05 4.38126753E-03 2.07128620E-26 5.03851002E-10 1.13501154E-40 1.13501154E-40 1.13501154E-40 1.13501154E-40 1.23904354E-40 4.16888866E-14 9.71833889E-06 3.44569318E-12 6.07890782E-17 5.38010014E-13 6.64734612E-07 1.61026995E-06 9.54772282E-03 5.41679771E-21 1.79869998E-23 1.00000000E-40 1.00000000E-40 1.36788894E-35 6.77048863E-30 1.41655112E-23 2.80676657E-17 3.98855184E-17 2.06436619E-27 8.24096534E-27 8.81737809E-27 4.23004544E-11 1.71949258E-12 2.48409147E-11 9.56969943E-06 9.24729903E-33 1.53822874E-31 3.98311578E-13 1.00000000E-40 1.00000000E-40 5.05315086E-31 4.31220770E-32 4.28647410E-13 3.70493713E-11 4.56023431E-13 1.66898482E-11 7.13215596E-13 4.71531810E-08 1.24537762E-16 7.49851675E-28 3.01767508E-22 5.32948661E-09 1.07535417E-34 1.12964067E-22 3.65028183E-30 2.00429540E-34 3.53186386E-38 1.00000000E-40 1.95518025E-30 2.51379400E-32 5.35887278E-15 8.00507779E-38 1.00000000E-40 7.58202565E-38 1.00000000E-40 2.83917964E-37 1.56551383E-11 5.15421473E-29 7.64336885E-29 1.00000000E-40 1.00000000E-40 6.80930205E-38 2.19573976E-37 5.37487558E-30 2.43901298E-37 3.41285164E-29 9.60108702E-16 1.47171272E-20 3.72467833E-34 3.50082000E-36 1.00000000E-05 1.00000000E-05 1.00000000E-05 1.00000000E-05 1.00000000E-05 1.00000000E-05 1.00000000E-05 1.00000000E-05 1.00000000E-05 1.00000000E-05
3.13908000E+01 3.08843000E-02 1.73034734E+18 1.29276978E+02 1.00000000E+05 7.54097302E-07 3.75500035E-06 1.79675131E-03 8.84703628E-27 3.67493736E-10 1.03915416E-40 1.03915416E-40 1.03915416E-40 1.03915416E-40 1.10210574E-40 6.26658463E-14 9.81388895E-06 2.58495011E-12 7.97456851E-17 7.69874953E-13 7.37149641E-07 1.76422838E-06 9.40061910E-03 6.80935330E-21 1.06601038E-23 1.00000000E-40 1.00000000E-40 1.26015958E-35 8.73519262E-30 1.40689445E-23 3.72261367E-17 3.88411297E-17 1.89923225E-27 6.69347461E-27 6.26966420E-27 3.89450820E-11 1.89080538E-12 3.68042124E-11 8.90034976E-06 9.18599637E-33 1.36173231E-31 3.02365356E-13 1.00000000E-40 1.00000000E-40 5.02381722E-31 3.67933747E-32 4.18371454E-13 3.01434418E-11 5.21459222E-13 3.36198414E-11 8.10956268E-13 4.74268122E-08 1.82044491E-16 1.09629586E-27 3.43762422E-22 5.55303579E-09 1.06978507E-34 1.11732001E-22 2.74779771E-30 1.07455255E-34 3.51126422E-38 1.00000000E-40 1.93976354E-30 1.55143117E-32 6.13793311E-15 5.67385185E-38 1.00000000E-40 5.99788547E-38 1.00000000E-40 3.01551926E-37 1.70573457E-11 5.21170363E-29 6.68399199E-29 1.00000000E-40 1.00000000E-40 1.42352521E-38 1.96366067E-37 5.35014182E-30 1.80200831E-37 3.00200632E-29 9.54114032E-16 1.43200338E-20 3.06346263E-34 4.91033000E-36 1.00000000E-05 1.00000000E-05 1.00000000E-05 1.00000000E-05 1.00000000E-05 1.00000000E-05 1.00000000E-05 1.00000000E-05 1.00000000E-05 1.00000000E-05
3.25754000E+01 2.69872000E-02 1.51992882E+18 1.28603058E+02 1.00000000E+05 9.50267584E-09 2.14647307E-06 8.08499387E-04 4.60680157E-27 2.71647976E-10 1.00392968E-40 1.00392968E-40 1.00392968E-40 1.00392968E-40 1.03803828E-40 9.11737296E-14 9.96417584E-06 8.93272633E-13 1.03722839E-16 1.11198657E-12 8.22302545E-07 1.94606776E-06 9.41235511E-03 8.39918017E-21 9.77642346E-24 1.00000000E-40 1.00000000E-40 1.12031757E-35 1.06894226E-29 1.40464753E-23 4.88435409E-17 3.63416776E-17 1.70720978E-27 5.37145490E-27 4.72545559E-27 3.45189829E-11 2.00500583E-12 5.29563210E-11 8.46437352E-06 8.95144817E-33 1.18883329E-31 2.26808180E-13 1.00000000E-40 1.00000000E-40 5.00131201E-31 3.08745619E-32 4.12169063E-13 2.44065583E-11 6.09103016E-13 6.59772954E-11 2.09295519E-13 4.79398945E-08 2.76365495E-16 1.68715681E-27 3.98712759E-22 5.83016862E-09 1.06988197E-34 1.11036257E-22 2.03980856E-30 5.88128882E-35 3.50888136E-38 1.00000000E-40 1.92999073E-30 9.54414708E-33 7.19839212E-15 4.24383968E-38 1.00000000E-40 4.51219967E-38 1.00000000E-40 3.11546183E-37 1.83466047E-11 4.92964053E-29 5.91433468E-29 1.00000000E-40 1.00000000E-40 6.38646090E-39 1.73060707E-37 5.35406217E-30 1.29043466E-37 2.53884955E-29 9.63888489E-16 1.39651925E-20 2.70758036E-34 7.03856000E-36 1.00000000E-05 1.00000000E-05 1.00000000E-05 1.00000000E-05 1.00000000E-05 1.00000000E-05 1.00000000E-05 1.00000000E-05 1.00000000E-05 1.00000000E-05
3.37600000E+01 2.33997000E-02 1.32449667E+18 1.27960561E+02 1.00000000E+05 4.05506815E-10 1.50653894E-06 4.01480706E-04 2.74892806E-27 2.44144192E-10 1.00000000E-40 1.00000000E-40 1.00000000E-40 1.00000000E-40 1.00863218E-40 1.30182242E-13 1.02046801E-05 3.59261005E-13 1.35769216E-16 1.62991802E-12 9.25637465E-07 2.16798642E-06 9.56005253E-03 1.02453343E-20 1.14253642E-23 1.00000000E-40 1.00000000E-40 9.69643034E-36 1.26056541E-29 1.41433796E-23 6.47215528E-17 3.31052881E-17 1.54030266E-27 4.44960108E-27 3.69260398E-27 2.93387729E-11 2.05694326E-12 7.52147551E-11 8.18930360E-06 8.55442328E-33 1.02254211E-31 1.68885580E-13 1.00000000E-40 1.00000000E-40 5.00457977E-31 2.54448850E-32 4.08645050E-13 1.97480410E-11 7.27661367E-13 9.76822826E-11 4.96136428E-14 4.88562616E-08 4.43474548E-16 2.81753977E-27 4.77692922E-22 6.18821370E-09 1.07913537E-34 1.11218230E-22 1.49867267E-30 3.34046850E-35 3.53606038E-38 1.00000000E-40 1.93262715E-30 6.03872902E-33 8.64597302E-15 3.31909729E-38 1.00000000E-40 3.23691330E-38 1.00000000E-40 3.16595464E-37 1.95606249E-11 4.40226738E-29 5.34102656E-29 1.00000000E-40 1.00000000E-40 3.38729837E-39 1.51012297E-37 5.40422007E-30 9.01510666E-38 2.07914642E-29 9.92348932E-16 1.36888844E-20 2.52270475E-34 1.05387000E-35 1.00000000E-05 1.00000000E-05 1.00000000E-05 1.00000000E-05 1.00000000E-05 1.00000000E-05 1.00000000E-05 1.00000000E-05 1.00000000E-05 1.00000000E-05
3.49445000E+01 2.01308000E-02 1.14507776E+18 1.27333528E+02 1.00000000E+05 1.58359730E-10 1.16577975E-06 2.23854184E-04 1.78567621E-27 2.39969752E-10 1.00000000E-40 1.00000000E-40 1.00000000E-40 1.00000000E-40 1.00000000E-40 1.84309839E-13 1.05427575E-05 2.51997895E-13 1.80931039E-16 2.45746891E-12 1.05142335E-06 2.43908845E-06 9.82295671E-03 1.24456832E-20 1.44862965E-23 1.00000000E-40 1.00000000E-40 8.20414655E-36 1.43312822E-29 1.43633739E-23 8.75569382E-17 2.93267900E-17 1.40699859E-27 3.90794853E-27 2.95356599E-27 2.36599132E-11 2.02732518E-12 1.06461854E-10 8.02939434E-06 7.97015913E-33 8.61510334E-32 1.25050168E-13 1.00000000E-40 1.00000000E-40 5.03571230E-31 2.04583949E-32 4.05946254E-13 1.59589050E-11 8.98846335E-13 1.26632213E-10 2.78687111E-14 5.02011681E-08 7.65024557E-16 5.32024413E-27 6.04693179E-22 6.64102697E-09 1.09788339E-34 1.12282968E-22 1.08980336E-30 1.99491182E-35 3.59375927E-38 1.00000000E-40 1.94826913E-30 4.08827540E-33 1.07532938E-14 2.64996289E-38 1.00000000E-40 2.18815232E-38 1.00000000E-40 3.18806611E-37 2.06241796E-11 3.67919131E-29 4.92201046E-29 1.00000000E-40 1.00000000E-40 1.87572805E-39 1.29886360E-37 5.50247159E-30 6.08940766E-38 1.62553067E-29 1.04729697E-15 1.34815734E-20 2.43614845E-34 1.66279000E-35 1.00000000E-05 1.00000000E-05 1.00000000E-05 1.00000000E-05 1.00000000E-05 1.00000000E-05 1.00000000E-05 1.00000000E-05 1.00000000E-05 1.00000000E-05
3.61291000E+01 1.72508000E-02 9.85837564E+17 1.26742011E+02 1.00000000E+05 1.34934426E-10 8.81585219E-07 7.21673377E-05 1.18265175E-27 2.42060656E-10 1.00000000E-40 1.00000000E-40 1.00000000E-40 1.00000000E-40 1.00000000E-40 2.59714184E-13 1.09451193E-05 2.35669628E-13 2.47680172E-16 3.86763763E-12 1.20036450E-06 2.76009568E-06 1.01786168E-02 1.51363866E-20 1.89792857E-23 1.00000000E-40 1.00000000E-40 6.77341418E-36 1.54674873E-29 1.46551682E-23 1.21342066E-16 2.47836636E-17 1.29117198E-27 3.67451999E-27 2.41459224E-27 1.77368302E-11 1.88501158E-12 1.50498495E-10 7.96400131E-06 7.14435828E-33 7.02215808E-32 9.19153648E-14 1.00000000E-40 1.00000000E-40 5.07576273E-31 1.58227439E-32 4.01218050E-13 1.28053373E-11 1.16508451E-12 1.54569264E-10 2.71118533E-14 5.18049645E-08 1.44808728E-15 1.20686939E-26 8.35688678E-22 7.17813400E-09 1.12225502E-34 1.13802456E-22 7.80638270E-31 1.26013873E-35 3.66913454E-38 1.00000000E-40 1.96970138E-30 3.07241991E-33 1.40588429E-14 2.09952823E-38 1.00000000E-40 1.36137518E-38 1.00000000E-40 3.19104238E-37 2.12511675E-11 2.79457466E-29 4.60895498E-29 1.00000000E-40 1.00000000E-40 1.07012540E-39 1.08863274E-37 5.62959640E-30 3.90041370E-38 1.17423401E-29 1.14547171E-15 1.32808890E-20 2.40643251E-34 2.72334000E-35 1.00000000E-05 1.00000000E-05 1.00000000E-05 1.00000000E-05 1.00000000E-05 1.00000000E-05 1.00000000E-05 1.00000000E-05 1.00000000E-05 1.00000000E-05
3.73136000E+01 1.47764000E-02 8.48087473E+17 1.26195744E+02 1.00000000E+05 1.34184424E-10 6.24256517E-07 3.14720531E-08 7.83593365E-28 2.46101131E-10 1.00000000E-40 1.00000000E-40 1.00000000E-40 1.00000000E-40 1.00000000E-40 3.67791013E-13 1.13789980E-05 2.41942063E-13 3.54340526E-16 6.48422824E-12 1.37251676E-06 3.13038105E-06 1.05804619E-02 1.85855917E-20 2.58613076E-23 1.00000000E-40 1.00000000E-40 5.44934165E-36 1.55566794E-29 1.49713641E-23 1.72409331E-16 1.92813439E-17 1.16921554E-27 3.72148700E-27 2.01897136E-27 1.19891876E-11 1.61095147E-12 2.12447438E-10 7.98037114E-06 6.04974767E-33 5.44830934E-32 6.70391871E-14 1.00000000E-40 1.00000000E-40 5.10631973E-31 1.15460138E-32 3.92051145E-13 1.01363162E-11 1.61354393E-12 1.84163844E-10 3.10623614E-14 5.35026095E-08 3.12273703E-15 3.62242842E-26 1.31825078E-21 7.78755794E-09 1.14864850E-34 1.15384251E-22 5.47608951E-31 8.46542949E-36 3.75024789E-38 1.00000000E-40 1.99014434E-30 2.61544935E-33 1.96770950E-14 1.60626192E-38 1.00000000E-40 7.55674295E-39 1.00000000E-40 3.17637019E-37 2.09823369E-11 1.84888125E-29 4.36804296E-29 1.00000000E-40 1.00000000E-40 6.30768427E-40 8.79711888E-38 5.76768783E-30 2.31303746E-38 7.49286867E-30 1.32086817E-15 1.30322625E-20 2.41328566E-34 4.60157000E-35 1.00000000E-05 1.00000000E-05 1.00000000E-05 1.00000000E-05 1.00000000E-05 1.00000000E-05 1.00000000E-05 1.00000000E-05 1.00000000E-05 1.00000000E-05
3.84982000E+01 1.26692000E-02 7.30050773E+17 1.25693507E+02 1.00000000E+05 1.36923549E-10 4.15483385E-07 7.03234884E-12 5.23848443E-28 2.50675080E-10 1.00000000E-40 1.00000000E-40 1.00000000E-40 1.00000000E-40 1.00000000E-40 5.33190637E-13 1.18309183E-05 2.59318537E-13 5.43183473E-16 1.18582406E-11 1.56953026E-06 3.55308929E-06 1.10018233E-02 2.34366117E-20 3.77776310E-23 1.00000000E-40 1.00000000E-40 4.27742846E-36 1.42967092E-29 1.52926302E-23 2.50699537E-16 1.31417723E-17 1.03359279E-27 4.09800995E-27 1.72520515E-27 6.94119042E-12 1.23117689E-12 2.98995945E-10 8.06922712E-06 4.72146790E-33 3.93988514E-32 4.86783898E-14 1.00000000E-40 1.00000000E-40 5.11805518E-31 7.74156761E-33 3.77986239E-13 7.87644377E-12 2.43945644E-12 2.18889644E-10 3.82989809E-14 5.52218774E-08 8.23907053E-15 1.67223994E-25 2.49066730E-21 8.46858825E-09 1.17558898E-34 1.16857652E-22 3.73769516E-31 6.19571882E-36 3.83213236E-38 1.00000000E-40 2.00653805E-30 2.51629345E-33 3.01429991E-14 1.15419956E-38 1.00000000E-40 3.62026510E-39 1.00000000E-40 3.14241488E-37 1.93031197E-11 1.01579377E-29 4.17174580E-29 1.00000000E-40 1.00000000E-40 3.96014364E-40 6.82743544E-38 5.90948096E-30 1.23609948E-38 4.02095891E-30 1.64444956E-15 1.27100542E-20 2.45258120E-34 8.18591000E-35 1.00000000E-05 1.00000000E-05 1.00000000E-05 1.00000000E-05 1.00000000E-05 1.00000000E-05 1.00000000E-05 1.00000000E-05 1.00000000E-05 1.00000000E-05
3.96828000E+01 1.08748000E-02 6.29012299E+17 1.25221488E+02 1.00000000E+05 1.40382490E-10 2.73228671E-07 7.61114240E-16 3.61310695E-28 2.55495413E-10 1.00000000E-40 1.00000000E-40 1.00000000E-40 1.00000000E-40 1.00000000E-40 8.15350338E-13 1.23001054E-05 2.89293253E-13 9.14430340E-16 2.40653577E-11 1.79465373E-06 4.03500120E-06 1.14394607E-02 3.12499053E-20 6.09557169E-23 1.00000000E-40 1.00000000E-40 3.28798724E-36 1.19235862E-29 1.56171048E-23 3.69760617E-16 7.40925647E-18 9.17833551E-28 4.95326393E-27 1.49990759E-27 3.03936679E-12 8.25724896E-13 4.17425457E-10 8.21540926E-06 3.27540062E-33 2.57306660E-32 3.54436490E-14 1.00000000E-40 1.00000000E-40 5.10674506E-31 4.57962620E-33 3.60892855E-13 5.97759105E-12 4.09428478E-12 2.62701252E-10 5.12598652E-14 5.69502288E-08 3.15072921E-14 1.39728465E-24 5.75504987E-21 9.22935273E-09 1.20293208E-34 1.18186630E-22 2.45745891E-31 5.32518160E-36 3.91416007E-38 1.00000000E-40 2.01804352E-30 2.69380392E-33 5.13930714E-14 7.52902530E-39 1.00000000E-40 1.45431196E-39 1.00000000E-40 3.08334519E-37 1.59309314E-11 4.50481761E-30 3.97983169E-29 1.00000000E-40 1.00000000E-40 2.90133196E-40 5.13718511E-38 6.05439361E-30 5.75106345E-39 1.76132775E-30 2.26178539E-15 1.23054196E-20 2.53203900E-34 1.58614000E-34 1.00000000E-05 1.00000000E-05 1.00000000E-05 1.00000000E-05 1.00000000E-05 1.00000000E-05 1.00000000E-05 1.00000000E-05 1.00000000E-05 1.00000000E-05
4.08673000E+01 9.34378000E-03 5.42385421E+17 1.24776073E+02 1.00000000E+05 1.44158271E-10 1.70365089E-07 3.65769178E-20 2.54878635E-28 2.60380367E-10 1.00000000E-40 1.00000000E-40 1.00000000E-40 1.00000000E-40 1.00000000E-40 1.35804107E-12 1.27893563E-05 3.38964191E-13 1.70944595E-15 5.50462892E-11 2.05206535E-06 4.58493470E-06 1.18959057E-02 4.54852330E-20 1.07773271E-22 1.00000000E-40 1.00000000E-40 2.49328516E-36 9.04705922E-30 1.59475416E-23 5.43889483E-16 3.16220103E-18 9.02890888E-28 6.61506834E-27 1.32393444E-27 6.81366647E-13 4.70269970E-13 5.72722086E-10 8.41467103E-06 1.91009546E-33 1.44050104E-32 2.61777184E-14 1.00000000E-40 1.00000000E-40 5.06866778E-31 2.23357340E-33 3.38358780E-13 4.37453357E-12 7.73333299E-12 3.18856777E-10 7.57933667E-14 5.86905951E-08 1.95511029E-13 1.76763864E-23 1.56648666E-20 1.00816452E-08 1.23088523E-34 1.19368705E-22 1.52803925E-31 5.95972046E-36 3.99682947E-38 1.00000000E-40 2.02432093E-30 3.13044653E-33 9.89411212E-14 4.25559379E-39 1.00000000E-40 4.65346436E-40 1.00000000E-40 2.99834224E-37 1.10692534E-11 1.59857503E-30 3.71699915E-29 1.00000000E-40 1.00000000E-40 2.80242363E-40 3.76970410E-38 6.20363197E-30 2.16587474E-39 6.19574638E-31 3.47083305E-15 1.18148039E-20 2.67750809E-34 3.39779000E-34 1.00000000E-05 1.00000000E-05 1.00000000E-05 1.00000000E-05 1.00000000E-05 1.00000000E-05 1.00000000E-05 1.00000000E-05 1.00000000E-05 1.00000000E-05
4.20519000E+01 8.03497000E-03 4.67968041E+17 1.24361165E+02 1.00000000E+05 1.48198515E-10 8.67279422E-08 7.50095198E-25 1.80689764E-28 2.65011549E-10 1.00000000E-40 1.00000000E-40 1.00000000E-40 1.00000000E-40 1.00000000E-40 2.37248944E-12 1.33021177E-05 4.09969949E-13 3.30012531E-15 1.43657206E-10 2.34667360E-06 5.21328201E-06 1.23744158E-02 6.95917052E-20 1.91953964E-22 1.00000000E-40 1.00000000E-40 1.88761955E-36 5.52647186E-30 1.62873563E-23 7.83620738E-16 8.64035271E-19 1.05917259E-27 9.24740681E-27 1.18704316E-27 7.99298396E-14 2.03717542E-13 7.64956405E-10 8.67119731E-06 8.57176964E-34 6.32931930E-33 1.99415103E-14 1.00000000E-40 1.00000000E-40 4.99949957E-31 8.00448067E-34 2.84122891E-13 2.99080739E-12 1.65254108E-11 3.86369374E-10 1.17370386E-13 6.04477046E-08 5.95979006E-13 1.20609982E-22 4.49585388E-20 1.10388905E-08 1.25970227E-34 1.20405193E-22 8.69737169E-32 8.52755084E-36 4.08076425E-38 1.00000000E-40 2.02512083E-30 3.74265241E-33 2.17437862E-13 1.99983779E-39 1.00000000E-40 1.00657772E-40 1.00000000E-40 2.89404598E-37 5.64975450E-12 4.09581088E-31 3.14775215E-29 1.00000000E-40 1.00000000E-40 3.44564291E-40 2.51746659E-38 6.35866334E-30 5.41088864E-40 1.53537132E-31 5.51679810E-15 1.12389901E-20 2.95921947E-34 7.82970000E-34 1.00000000E-05 1.00000000E-05 1.00000000E-05 1.00000000E-05 1.00000000E-05 1.00000000E-05 1.00000000E-05 1.00000000E-05 1.00000000E-05 1.00000000E-05
4.32364000E+01 6.91339000E-03 4.03904835E+17 1.23973460E+02 1.00000000E+05 1.52521775E-10 3.99919819E-08 5.95813003E-30 1.29963970E-28 2.68986113E-10 1.00000000E-40 1.00000000E-40 1.00000000E-40 1.00000000E-40 1.00000000E-40 3.65515171E-12 1.38436858E-05 4.71901309E-13 5.29796863E-15 3.83465873E-10 2.68452521E-06 5.93290251E-06 1.28799636E-02 9.40470368E-20 3.00015960E-22 1.00000000E-40 1.00000000E-40 1.36519887E-36 2.25991308E-30 1.66420328E-23 1.10794284E-15 1.62495384E-19 1.23765490E-27 1.12998037E-26 1.07976134E-27 1.06810640E-14 6.69531632E-14 9.99487584E-10 8.97146916E-06 2.67044283E-34 1.95903855E-33 1.60183131E-14 1.00000000E-40 1.00000000E-40 4.89678702E-31 1.84519917E-34 1.89696449E-13 1.87061560E-12 3.59964889E-11 4.55235352E-10 1.59414657E-13 6.22353691E-08 6.24948839E-13 2.66159639E-22 1.12098453E-19 1.21160166E-08 1.28979077E-34 1.21312712E-22 4.33519878E-32 1.33455008E-35 4.16706219E-38 1.00000000E-40 2.02059425E-30 4.21883414E-33 4.90637303E-13 8.30569822E-40 1.00000000E-40 1.00000000E-40 1.00000000E-40 2.77242298E-37 2.04078194E-12 7.81918227E-32 2.16244016E-29 1.00000000E-40 1.00000000E-40 4.52272781E-40 1.39830598E-38 6.52176571E-30 1.00000000E-40 2.48525276E-32 7.27793440E-15 1.05858936E-20 3.51988203E-34 1.84656000E-33 1.00000000E-05 1.00000000E-05 1.00000000E-05 1.00000000E-05 1.00000000E-05 1.00000000E-05 1.00000000E-05 1.00000000E-05 1.00000000E-05 1.00000000E-05
4.44210000E+01 5.94987000E-03 3.48652374E+17 1.23603727E+02 1.00000000E+05 1.57226339E-10 3.80508861E-08 1.76435618E-35 9.65701610E-29 2.72572646E-10 1.00000000E-40 1.00000000E-40 1.00000000E-40 1.00000000E-40 1.00000000E-40 5.06115351E-12 1.44206033E-05 5.18249089E-13 7.20371360E-15 8.53505136E-10 3.07297952E-06 6.75935904E-06 1.34187078E-02 1.14350353E-19 4.33913724E-22 1.00000000E-40 1.00000000E-40 8.38806221E-37 9.45099461E-31 1.70179686E-23 1.58185549E-15 4.15837533E-20 1.33653796E-27 1.22656010E-26 9.93122181E-28 2.13614984E-15 2.60482807E-14 1.31676816E-09 9.28991346E-06 5.71871879E-35 4.19437316E-34 1.39060717E-14 1.00000000E-40 1.00000000E-40 4.76506274E-31 2.72528922E-35 1.26399419E-13 1.11785694E-12 6.58855311E-11 5.17247282E-10 1.90169513E-13 6.40705494E-08 5.13054705E-13 3.63040917E-22 2.16295501E-19 1.33307976E-08 1.32164668E-34 1.22110828E-22 1.84615187E-32 1.98080522E-35 4.25709245E-38 1.00000000E-40 2.01064830E-30 4.48485686E-33 9.27757530E-13 3.54109227E-40 1.00000000E-40 1.00000000E-40 1.00000000E-40 2.63133671E-37 8.31051554E-13 2.42229293E-32 1.43127584E-29 1.00000000E-40 1.00000000E-40 5.92054943E-40 8.08067600E-39 6.69570895E-30 1.00000000E-40 4.89049829E-33 8.08747018E-15 9.86065833E-21 4.31728893E-34 4.29370000E-33 1.00000000E-05 1.00000000E-05 1.00000000E-05 1.00000000E-05 1.00000000E-05 1.00000000E-05 1.00000000E-05 1.00000000E-05 1.00000000E-05 1.00000000E-05
4.56056000E+01 5.12087000E-03 3.00941665E+17 1.23247509E+02 1.00000000E+05 1.62394188E-10 3.92158976E-08 3.74201444E-40 7.34155629E-29 2.76369532E-10 1.00000000E-40 1.00000000E-40 1.00000000E-40 1.00000000E-40 1.00000000E-40 7.74266288E-12 1.50385273E-05 5.93275246E-13 1.04313622E-14 1.56048672E-09 3.52050402E-06 7.71039877E-06 1.39960147E-02 1.53795848E-19 7.03385925E-22 1.00000000E-40 1.00000000E-40 4.60359786E-37 6.50034844E-31 1.74199585E-23 2.32927524E-15 2.15963484E-20 1.58202930E-27 1.45031806E-26 9.21839706E-28 7.72137366E-16 1.66268320E-14 1.79101796E-09 9.62543594E-06 9.02196014E-36 6.62600672E-35 1.32809920E-14 1.00000000E-40 1.00000000E-40 4.61617764E-31 2.82235914E-36 1.09556363E-13 6.71591046E-13 9.94136247E-11 5.75756726E-10 2.39199543E-13 6.59626537E-08 5.02300328E-13 5.15562950E-22 3.66383999E-19 1.47039653E-08 1.35565192E-34 1.22797673E-22 6.76521020E-33 2.58195433E-35 4.35183833E-38 1.00000000E-40 1.99428984E-30 4.98862780E-33 1.43815385E-12 1.56468079E-40 1.00000000E-40 1.00000000E-40 1.00000000E-40 2.48128448E-37 5.44172475E-13 1.62877289E-32 1.16636069E-29 1.00000000E-40 1.00000000E-40 7.27783400E-40 6.16851397E-39 6.88274091E-30 1.00000000E-40 1.91841622E-33 9.54071717E-15 9.05987845E-21 5.01577448E-34 9.74631000E-33 1.00000000E-05 1.00000000E-05 1.00000000E-05 1.00000000E-05 1.00000000E-05 1.00000000E-05 1.00000000E-05 1.00000000E-05 1.00000000E-05 1.00000000E-05
4.67901000E+01 4.40660000E-03 2.59672559E+17 1.22912001E+02 1.00000000E+05 1.68076804E-10 4.06323955E-08 1.02155004E-40 5.50807530E-29 2.80137995E-10 1.00000000E-40 1.00000000E-40 1.00000000E-40 1.00000000E-40 1.00000000E-40 1.27290234E-11 1.57042184E-05 7.05254429E-13 1.58903038E-14 2.55494192E-09 4.03728993E-06 8.80744819E-06 1.46182632E-02 2.22634089E-19 1.25646690E-21 1.00000000E-40 1.00000000E-40 2.76081659E-37 6.15980222E-31 1.78536222E-23 3.51356402E-15 1.75497678E-20 1.98232053E-27 1.81316632E-26 8.65097018E-28 5.65023578E-16 1.45676179E-14 2.49921733E-09 9.98041648E-06 1.10764551E-36 8.14726001E-36 1.39499599E-14 1.00000000E-40 1.00000000E-40 4.46337053E-31 2.19402306E-37 1.12914617E-13 4.23720460E-13 1.34266747E-10 6.31505201E-10 3.16688907E-13 6.79233139E-08 5.73878475E-13 7.92315430E-22 5.77850028E-19 1.62599665E-08 1.39225360E-34 1.23374421E-22 2.16053980E-33 2.86180452E-35 4.45245251E-38 1.00000000E-40 1.97073327E-30 5.90863279E-33 1.98654684E-12 1.00000000E-40 1.00000000E-40 1.00000000E-40 1.00000000E-40 2.33618761E-37 4.85410201E-13 1.54100874E-32 1.09264478E-29 1.00000000E-40 1.00000000E-40 7.82369043E-40 5.62638407E-39 7.08550365E-30 1.00000000E-40 1.15766842E-33 1.18072065E-14 8.18744466E-21 5.61376635E-34 2.18374000E-32 1.00000000E-05 1.00000000E-05 1.00000000E-05 1.00000000E-05 1.00000000E-05 1.00000000E-05 1.00000000E-05 1.00000000E-05 1.00000000E-05 1.00000000E-05
4.79747000E+01 3.79046000E-03 2.23941519E+17 1.22595355E+02 1.00000000E+05 1.74330054E-10 4.22057754E-08 1.00000000E-40 4.14330376E-29 2.83448555E-10 1.00000000E-40 1.00000000E-40 1.00000000E-40 1.00000000E-40 1.00000000E-40 2.13388124E-11 1.64253376E-05 8.52740838E-13 2.43545162E-14 3.94692615E-09 4.63559858E-06 1.00763385E-05 1.52927031E-02 3.29097230E-19 2.32107648E-21 1.00000000E-40 1.00000000E-40 2.08696400E-37 6.66443946E-31 1.83251460E-23 5.34189835E-15 1.75981340E-20 2.48599342E-27 2.26741720E-26 8.20562083E-28 6.11082084E-16 1.47749155E-14 3.52010308E-09 1.03578731E-05 1.09314064E-37 8.05034467E-37 1.58161893E-14 1.00000000E-40 1.00000000E-40 4.31781800E-31 1.33381023E-38 1.25693820E-13 2.94909225E-13 1.71037417E-10 6.82856680E-10 4.24371915E-13 6.99655652E-08 7.02194824E-13 1.22473759E-21 8.57639106E-19 1.80267091E-08 1.43194470E-34 1.23844900E-22 6.08833682E-34 2.65788013E-35 4.56018052E-38 1.00000000E-40 1.93938819E-30 7.23275802E-33 2.57203262E-12 1.00000000E-40 1.00000000E-40 1.00000000E-40 1.00000000E-40 2.20274759E-37 4.99556234E-13 1.64226686E-32 1.08091217E-29 1.00000000E-40 1.22408219E-40 7.12120285E-40 5.56568030E-39 7.30695085E-30 1.00000000E-40 8.46140254E-34 1.46559394E-14 7.25643491E-21 6.19593167E-34 4.89428000E-32 1.00000000E-05 1.00000000E-05 1.00000000E-05 1.00000000E-05 1.00000000E-05 1.00000000E-05 1.00000000E-05 1.00000000E-05 1.00000000E-05 1.00000000E-05
4.91593000E+01 3.25865000E-03 1.93000172E+17 1.22291631E+02 1.00000000E+05 1.81211271E-10 4.39491544E-08 1.00000000E-40 3.20126344E-29 2.85940769E-10 1.00000000E-40 1.00000000E-40 1.00000000E-40 1.00000000E-40 1.00000000E-40 3.57667232E-11 1.72094668E-05 1.03873878E-12 3.69849789E-14 5.90558040E-09 5.32993937E-06 1.15476308E-05 1.60265467E-02 4.86891215E-19 4.29051984E-21 1.00000000E-40 1.00000000E-40 1.89890841E-37 7.57435080E-31 1.88401164E-23 8.09176835E-15 1.93400671E-20 3.04839539E-27 2.77101929E-26 7.84838032E-28 7.51239054E-16 1.59834857E-14 4.94693930E-09 1.07604316E-05 8.85779602E-39 6.50981447E-38 1.88625368E-14 1.00000000E-40 1.00000000E-40 4.18745392E-31 6.71695244E-40 1.44813377E-13 2.35441383E-13 2.11064894E-10 7.28444708E-10 5.66094514E-13 7.20991625E-08 8.82515493E-13 1.83946877E-21 1.20700344E-18 2.00349991E-08 1.47517376E-34 1.24207013E-22 1.55515187E-34 2.05711669E-35 4.67606398E-38 1.00000000E-40 1.89962082E-30 8.92703541E-33 3.19611813E-12 1.00000000E-40 1.00000000E-40 1.00000000E-40 1.00000000E-40 2.08355268E-37 5.47412155E-13 1.83737521E-32 1.08742954E-29 1.00000000E-40 1.64527755E-40 5.42403947E-40 5.72795772E-39 7.54990453E-30 1.00000000E-40 6.71832825E-34 1.79600375E-14 6.28719763E-21 6.78473776E-34 1.10557000E-31 1.00000000E-05 1.00000000E-05 1.00000000E-05 1.00000000E-05 1.00000000E-05 1.00000000E-05 1.00000000E-05 1.00000000E-05 1.00000000E-05 1.00000000E-05
5.03438000E+01 2.79934000E-03 1.66199594E+17 1.21995106E+02 1.00000000E+05 1.88799493E-10 4.58810309E-08 1.00000000E-40 2.55055523E-29 2.87313771E-10 1.00000000E-40 1.00000000E-40 1.00000000E-40 1.00000000E-40 1.00000000E-40 5.95703574E-11 1.80655712E-05 1.26945499E-12 5.54373309E-14 8.68290182E-09 6.13797514E-06 1.32585448E-05 1.68283742E-02 7.16173474E-19 7.83411739E-21 1.00000000E-40 1.00000000E-40 1.86431045E-37 8.71184924E-31 1.94051740E-23 1.21483333E-14 2.19724409E-20 3.61830746E-27 3.27593351E-26 7.55274829E-28 9.60196484E-16 1.77323944E-14 6.90048509E-09 1.11911862E-05 6.23540701E-40 4.35035819E-39 2.31470356E-14 1.00000000E-40 1.00000000E-40 4.07694327E-31 1.00000000E-40 1.69373076E-13 2.15763831E-13 2.56051827E-10 7.67711944E-10 7.47963226E-13 7.43366763E-08 1.11842757E-12 2.64919178E-21 1.62030965E-18 2.23205391E-08 1.52247447E-34 1.24464318E-22 4.01065301E-35 1.33151914E-35 4.80134854E-38 1.00000000E-40 1.85095784E-30 1.09645432E-32 3.85519965E-12 1.00000000E-40 1.00000000E-40 1.00000000E-40 1.00000000E-40 1.97916300E-37 6.14573909E-13 2.12155677E-32 1.09419639E-29 1.00000000E-40 2.18425040E-40 3.45939706E-40 6.02002006E-39 7.81773524E-30 1.00000000E-40 5.50557214E-34 2.16288229E-14 5.30695510E-21 7.38174083E-34 2.57656000E-31 1.00000000E-05 1.00000000E-05 1.00000000E-05 1.00000000E-05 1.00000000E-05 1.00000000E-05 1.00000000E-05 1.00000000E-05 1.00000000E-05 1.00000000E-05
5.15284000E+01 2.40257000E-03 1.42973220E+17 1.21713309E+02 1.00000000E+05 1.97203501E-10 4.80238392E-08 1.00000000E-40 2.01873357E-29 2.87292503E-10 1.00000000E-40 1.00000000E-40 1.00000000E-40 1.00000000E-40 1.00000000E-40 9.83151006E-11 1.90035053E-05 1.55642044E-12 8.18929804E-14 1.26584368E-08 7.08103343E-06 1.52540356E-05 1.77075822E-02 1.04443189E-18 1.40436336E-20 1.00000000E-40 1.00000000E-40 1.86562294E-37 9.92369649E-31 2.00272837E-23 1.80535469E-14 2.49972227E-20 4.13170710E-27 3.72276546E-26 7.31769447E-28 1.23765046E-15 1.97387069E-14 9.53975254E-09 1.16532278E-05 1.00000000E-40 2.41128976E-40 2.88024256E-14 1.00000000E-40 1.00000000E-40 3.98709640E-31 1.00000000E-40 1.98844655E-13 2.18487187E-13 3.08030838E-10 8.00440847E-10 9.76701745E-13 7.66904630E-08 1.41518975E-12 3.62957181E-21 2.08069400E-18 2.49237711E-08 1.57440796E-34 1.24621384E-22 1.46830297E-35 7.30426644E-36 4.93729080E-38 1.00000000E-40 1.79308507E-30 1.33099799E-32 4.54003361E-12 1.00000000E-40 1.00000000E-40 1.00000000E-40 1.00000000E-40 1.89020789E-37 6.91658434E-13 2.54511398E-32 1.09096713E-29 1.00000000E-40 2.85884539E-40 1.86992103E-40 6.39591630E-39 8.11409187E-30 1.00000000E-40 4.51643193E-34 2.55142905E-14 4.34771883E-21 7.99532715E-34 6.69611000E-31 1.00000000E-05 1.00000000E-05 1.00000000E-05 1.00000000E-05 1.00000000E-05 1.00000000E-05 1.00000000E-05 1.00000000E-05 1.00000000E-05 1.00000000E-05
5.27129000E+01 2.05975000E-03 1.22843125E+17 1.21445205E+02 1.00000000E+05 2.06537850E-10 5.04019963E-08 1.00000000E-40 1.79493174E-29 2.85588742E-10 1.00000000E-40 1.00000000E-40 1.00000000E-40 1.00000000E-40 1.00000000E-40 1.60440456E-10 2.00350966E-05 1.91198541E-12 1.19051746E-13 1.83963475E-08 8.18542386E-06 1.75896050E-05 1.86754852E-02 1.50631339E-18 2.46071043E-20 1.00000000E-40 1.00000000E-40 1.86933379E-37 1.10494564E-30 2.07148548E-23 2.65625566E-14 2.79806167E-20 4.51107478E-27 4.04079383E-26 7.09522423E-28 1.58697747E-15 2.17702754E-14 1.30711735E-08 1.21502490E-05 1.00000000E-40 1.00000000E-40 3.60434284E-14 1.00000000E-40 1.00000000E-40 3.91506126E-31 1.00000000E-40 2.32636531E-13 2.33238596E-13 3.69409024E-10 8.26396928E-10 1.25816651E-12 7.91767658E-08 1.77657695E-12 4.70032245E-21 2.55758873E-18 2.78920519E-08 1.63165217E-34 1.24690919E-22 1.01977915E-35 3.50946192E-36 5.08543095E-38 1.00000000E-40 1.72604681E-30 1.58960625E-32 5.23613834E-12 1.00000000E-40 1.00000000E-40 1.00000000E-40 1.00000000E-40 1.81433001E-37 7.70691530E-13 3.22654583E-32 1.07194915E-29 1.00000000E-40 3.68207809E-40 1.00000000E-40 6.81945570E-39 8.44339803E-30 1.00000000E-40 3.64246180E-34 2.93979969E-14 3.44367628E-21 8.63003834E-34 2.49636000E-30 1.00000000E-05 1.00000000E-05 1.00000000E-05 1.00000000E-05 1.00000000E-05 1.00000000E-05 1.00000000E-05 1.00000000E-05 1.00000000E-05 1.00000000E-05
5.38975000E+01 1.76330000E-03 1.05384900E+17 1.21189372E+02 1.00000000E+05 2.16968014E-10 5.30544008E-08 1.00000000E-40 1.88749350E-29 2.81970066E-10 1.00000000E-40 1.00000000E-40 1.00000000E-40 1.00000000E-40 1.00000000E-40 2.58394790E-10 2.11770031E-05 2.34896137E-12 1.70068478E-13 2.67198610E-08 9.48484315E-06 2.03364324E-05 1.97479285E-02 2.14341436E-18 4.19844425E-20 1.00000000E-40 1.00000000E-40 1.86710761E-37 1.19404850E-30 2.14804534E-23 3.87325012E-14 3.05808922E-20 4.68173840E-27 4.16364154E-26 6.80530934E-28 2.01088341E-15 2.36452614E-14 1.77619714E-08 1.26880685E-05 1.00000000E-40 1.00000000E-40 4.51857339E-14 1.00000000E-40 1.00000000E-40 3.85522053E-31 1.12783377E-40 2.70091525E-13 2.53722562E-13 4.42800960E-10 8.45281999E-10 1.59317707E-12 8.18256464E-08 2.20436141E-12 5.72522113E-21 3.00826325E-18 3.12846496E-08 1.69521577E-34 1.24708983E-22 1.00350612E-35 1.72935168E-36 5.24824494E-38 1.00000000E-40 1.65052878E-30 1.86137579E-32 5.92571362E-12 1.00000000E-40 1.00000000E-40 1.00000000E-40 1.00000000E-40 1.74804689E-37 8.45157101E-13 4.37286923E-32 1.03527909E-29 1.00000000E-40 4.65364913E-40 1.00000000E-40 7.26291156E-39 8.81200814E-30 1.00000000E-40 2.86183625E-34 3.29939504E-14 2.62739389E-21 9.28441457E-34 2.05450000E-29 1.00000000E-05 1.00000000E-05 1.00000000E-05 1.00000000E-05 1.00000000E-05 1.00000000E-05 1.00000000E-05 1.00000000E-05 1.00000000E-05 1.00000000E-05
5.50821000E+01 1.50686000E-03 9.02482416E+16 1.20934684E+02 1.00000000E+05 2.28603882E-10 5.60220798E-08 1.00000000E-40 1.99488535E-29 2.76248541E-10 1.00000000E-40 1.00000000E-40 1.00000000E-40 1.00000000E-40 1.00000000E-40 4.10022571E-10 2.24476862E-05 2.86314797E-12 2.38405365E-13 3.87871883E-08 1.10210775E-05 2.35828030E-05 2.09426842E-02 3.00174059E-18 6.95245651E-20 1.00000000E-40 1.00000000E-40 1.85440409E-37 1.25050776E-30 2.23375408E-23 5.60390708E-14 3.26476711E-20 4.59137552E-27 4.04768510E-26 6.43025207E-28 2.51331311E-15 2.52721272E-14 2.39543296E-08 1.32726748E-05 1.00000000E-40 1.00000000E-40 5.66669519E-14 1.00000000E-40 1.00000000E-40 3.79962511E-31 1.45949545E-40 3.10725697E-13 2.76320830E-13 5.30816558E-10 8.56754675E-10 1.96157259E-12 8.46678906E-08 2.69867744E-12 6.54229725E-21 3.38461987E-18 3.51707812E-08 1.76618492E-34 1.24712289E-22 1.07254280E-35 1.96515349E-36 5.42833165E-38 1.00000000E-40 1.56757253E-30 2.13100595E-32 6.58847641E-12 1.00000000E-40 1.00000000E-40 1.00000000E-40 1.00000000E-40 1.68584091E-37 9.11848234E-13 6.29135287E-32 9.82659433E-30 1.00000000E-40 5.75852172E-40 1.00000000E-40 7.70249515E-39 9.22697620E-30 1.00000000E-40 2.18914729E-34 3.60074535E-14 1.92432426E-21 9.93802477E-34 4.18196000E-28 1.00000000E-05 1.00000000E-05 1.00000000E-05 1.00000000E-05 1.00000000E-05 1.00000000E-05 1.00000000E-05 1.00000000E-05 1.00000000E-05 1.00000000E-05
5.62666000E+01 1.28355000E-03 7.70294231E+16 1.20690438E+02 1.00000000E+05 2.41376231E-10 5.94736367E-08 1.00000000E-40 2.12018575E-29 2.68903986E-10 1.00000000E-40 1.00000000E-40 1.00000000E-40 1.00000000E-40 1.00000000E-40 6.41096367E-10 2.38973544E-05 3.48969135E-12 3.27982610E-13 5.62482414E-08 1.28617472E-05 2.74719455E-05 2.23068989E-02 4.13806610E-18 1.11618764E-19 1.00000000E-40 1.00000000E-40 1.83245784E-37 1.27259738E-30 2.33291168E-23 8.07087521E-14 3.43209971E-20 4.24446221E-27 3.70249050E-26 5.96006213E-28 3.10483018E-15 2.66982252E-14 3.21354430E-08 1.39270977E-05 1.00000000E-40 1.00000000E-40 7.11689367E-14 1.00000000E-40 1.00000000E-40 3.74423476E-31 1.54172904E-40 3.54832080E-13 2.99897903E-13 6.36162777E-10 8.61241466E-10 2.36962687E-12 8.78416137E-08 3.26545566E-12 7.02178796E-21 3.64741723E-18 3.96798862E-08 1.84798732E-34 1.24889265E-22 1.17803105E-35 6.91399297E-36 5.63529882E-38 1.00000000E-40 1.48036707E-30 2.38444092E-32 7.21578282E-12 1.00000000E-40 1.00000000E-40 1.00000000E-40 1.00000000E-40 1.62692410E-37 9.71966344E-13 9.40136997E-32 9.18935935E-30 1.00000000E-40 6.95331031E-40 1.63549863E-40 8.15240707E-39 9.70801325E-30 1.00000000E-40 1.63754543E-34 3.81929495E-14 1.35066259E-21 1.05827330E-33 5.06386000E-26 1.00000000E-05 1.00000000E-05 1.00000000E-05 1.00000000E-05 1.00000000E-05 1.00000000E-05 1.00000000E-05 1.00000000E-05 1.00000000E-05 1.00000000E-05
5.74512000E+01 1.07244000E-03 6.45013725E+16 1.20426140E+02 1.00000000E+05 2.59296838E-10 6.46413854E-08 1.00000000E-40 2.29785540E-29 2.64065447E-10 1.00000000E-40 1.00000000E-40 1.00000000E-40 1.00000000E-40 1.00000000E-40 1.00304055E-09 2.59650755E-05 4.28667637E-12 4.49662360E-13 8.24684987E-08 1.53200809E-05 3.26702850E-05 2.42495577E-02 5.69575370E-18 1.76182650E-19 1.00000000E-40 1.00000000E-40 1.82456685E-37 1.28884116E-30 2.48659559E-23 1.17683720E-13 3.65714038E-20 3.74316028E-27 3.22463689E-26 5.45710433E-28 3.88147261E-15 2.85558273E-14 4.35966194E-08 1.48939470E-05 1.02942369E-40 1.00000000E-40 9.09795179E-14 1.15619602E-40 1.00000000E-40 3.74085016E-31 1.76436859E-40 4.10118027E-13 3.30844934E-13 7.72790879E-10 8.72918682E-10 2.84534278E-12 9.28490543E-08 3.97441819E-12 7.21184907E-21 3.82721793E-18 4.56428316E-08 1.97324205E-34 1.27275078E-22 1.35277808E-35 2.20678076E-35 5.96664881E-38 1.00000000E-40 1.41252200E-30 2.64433120E-32 7.90749645E-12 1.00000000E-40 1.00000000E-40 1.00000000E-40 1.00000000E-40 1.58939985E-37 1.04949884E-12 1.44623625E-31 8.63152604E-30 1.00000000E-40 8.33180842E-40 5.08129388E-40 8.74701378E-39 1.04298297E-29 1.00000000E-40 1.23310266E-34 4.00927857E-14 9.21494122E-22 1.13220416E-33 4.47832000E-24 1.00000000E-05 1.00000000E-05 1.00000000E-05 1.00000000E-05 1.00000000E-05 1.00000000E-05 1.00000000E-05 1.00000000E-05 1.00000000E-05 1.00000000E-05
5.86357000E+01 7.54895000E-04 4.55957117E+16 1.19916589E+02 1.00000000E+05 3.29029974E-10 8.32785342E-08 1.00000000E-40 2.92649725E-29 3.03909471E-10 1.00000000E-40 1.00000000E-40 1.00000000E-40 1.00000000E-40 1.00000000E-40 1.82762273E-09 3.35148623E-05 5.86487141E-12 7.15830368E-13 1.41352745E-07 2.16790419E-05 4.61645605E-05 3.13147150E-02 9.02819853E-18 3.17279303E-19 1.00000000E-40 1.00000000E-40 2.09194246E-37 1.54540828E-30 3.14845076E-23 2.01283576E-13 4.66096411E-20 3.62116982E-27 3.07622343E-26 5.65814839E-28 5.83189808E-15 3.64183657E-14 6.94576077E-08 1.88919936E-05 1.82187122E-40 1.00000000E-40 1.37821789E-13 2.11374081E-40 1.00000000E-40 4.40510015E-31 2.48171822E-40 5.62646963E-13 4.36302925E-13 1.11070276E-09 1.04151711E-09 3.93508775E-12 1.16375928E-07 5.65414847E-12 8.29237235E-21 4.55469645E-18 6.22907513E-08 2.50273438E-34 1.53657182E-22 1.66938714E-35 1.71377345E-35 7.49973344E-38 1.00000000E-40 1.58575979E-30 3.36275124E-32 1.00196550E-11 1.00000000E-40 1.00000000E-40 1.00000000E-40 1.00000000E-40 1.79473840E-37 1.36206000E-12 2.62243153E-31 9.54552536E-30 1.00000000E-40 1.18408495E-39 3.78301752E-40 1.08434191E-38 1.33185428E-29 1.00000000E-40 1.12760471E-34 4.92022070E-14 7.12194382E-22 1.38495454E-33 1.35416000E-22 1.00000000E-05 1.00000000E-05 1.00000000E-05 1.00000000E-05 1.00000000E-05 1.00000000E-05 1.00000000E-05 1.00000000E-05 1.00000000E-05 1.00000000E-05
5.98203000E+01 3.96500000E-04 2.41636357E+16 1.18849574E+02 1.00000000E+05 5.54080579E-10 1.38356389E-07 1.00000000E-40 4.87581360E-29 4.61202220E-10 1.00000000E-40 1.00000000E-40 1.00000000E-40 1.00000000E-40 1.00000000E-40 4.37164788E-09 5.79259068E-05 9.40907462E-12 1.49683216E-12 3.18939801E-07 4.10968802E-05 8.74014978E-05 5.41757861E-02 1.83109497E-17 7.33426813E-19 1.00000000E-40 1.00000000E-40 3.03214370E-37 2.52047308E-30 5.34066501E-23 4.52248879E-13 7.96403825E-20 4.26521622E-27 3.56953297E-26 7.29344556E-28 1.19680067E-14 6.24140770E-14 1.45946655E-07 3.20542297E-05 4.41610811E-40 1.00000000E-40 2.79154843E-13 4.91163840E-40 1.00000000E-40 6.88098481E-31 4.52883115E-40 1.03534215E-12 7.74468443E-13 2.15408860E-09 1.65525013E-09 7.10605075E-12 1.95071098E-07 1.05352923E-11 1.21308298E-20 6.96423854E-18 1.13725990E-07 4.25252616E-34 2.47917455E-22 2.53239933E-35 1.00000000E-40 1.26219058E-37 1.00000000E-40 2.36478100E-30 5.49494955E-32 1.64120988E-11 1.00000000E-40 1.00000000E-40 1.00000000E-40 1.00000000E-40 2.56797018E-37 2.42107397E-12 6.25101999E-31 1.40875948E-29 1.00000000E-40 2.34199012E-39 1.00000000E-40 1.68067385E-38 2.28005167E-29 1.00000000E-40 1.45525752E-34 8.11297354E-14 7.06499887E-22 2.13303797E-33 1.60604000E-21 1.00000000E-05 1.00000000E-05 1.00000000E-05 1.00000000E-05 1.00000000E-05 1.00000000E-05 1.00000000E-05 1.00000000E-05 1.00000000E-05 1.00000000E-05
6.10049000E+01 3.04552000E-04 1.86303613E+16 1.18401416E+02 1.00000000E+05 6.36835693E-10 1.42333130E-07 1.00000000E-40 3.09341826E-29 4.75120024E-10 1.00000000E-40 1.00000000E-40 1.00000000E-40 1.00000000E-40 1.00000000E-40 7.03192844E-09 6.85159583E-05 1.16890514E-11 2.10503158E-12 4.94864829E-07 5.33200759E-05 1.13275119E-04 6.41349483E-02 2.54982875E-17 1.12583861E-18 1.00000000E-40 1.00000000E-40 3.08585192E-37 2.63857924E-30 6.19955169E-23 7.02580945E-13 9.04771373E-20 3.34226793E-27 2.74060573E-26 6.84491570E-28 1.56910009E-14 7.07368411E-14 2.09020701E-07 3.71704821E-05 6.99791499E-40 1.00000000E-40 3.87097760E-13 7.30993679E-40 1.00000000E-40 7.22442329E-31 5.13252847E-40 1.27093027E-12 9.04486993E-13 2.81355854E-09 1.77880539E-09 8.65667218E-12 2.23325779E-07 1.34621445E-11 1.17280260E-20 7.14595077E-18 1.41877405E-07 4.94428944E-34 2.73076613E-22 2.90186144E-35 1.00000000E-40 1.45263783E-37 1.00000000E-40 2.39143603E-30 6.06569926E-32 1.86851093E-11 1.00000000E-40 1.00000000E-40 1.00000000E-40 1.00000000E-40 2.58793677E-37 2.79143388E-12 9.81000200E-31 1.39347414E-29 1.00000000E-40 2.85364955E-39 1.00000000E-40 1.87510004E-38 2.67292875E-29 1.00000000E-40 1.17702418E-34 8.64923630E-14 4.56907742E-22 2.33859368E-33 4.23336000E-21 1.00000000E-05 1.00000000E-05 1.00000000E-05 1.00000000E-05 1.00000000E-05 1.00000000E-05 1.00000000E-05 1.00000000E-05 1.00000000E-05 1.00000000E-05
6.21894000E+01 2.55854000E-04 1.56903684E+16 1.18107041E+02 1.00000000E+05 6.66423237E-10 1.76139014E-08 1.00000000E-40 1.42302782E-29 4.43212251E-10 1.00000000E-40 1.00000000E-40 1.00000000E-40 1.00000000E-40 1.00000000E-40 1.01787920E-08 7.41415718E-05 1.37649742E-11 2.66689485E-12 7.03844961E-07 6.33200461E-05 1.34402850E-04 6.94613955E-02 3.20935727E-17 1.53399147E-18 1.00000000E-40 1.00000000E-40 2.84945692E-37 2.42882745E-30 6.58399256E-23 1.00655300E-12 9.27263327E-20 2.27754514E-27 1.81643294E-26 6.41160477E-28 1.80963254E-14 7.18938051E-14 2.73856913E-07 3.99325586E-05 9.70530570E-40 1.00000000E-40 4.92396823E-13 9.38172576E-40 1.00000000E-40 6.79214586E-31 5.51572093E-40 1.40175815E-12 9.32075262E-13 3.35678622E-09 1.73961695E-09 9.52961775E-12 2.33421180E-07 1.56266970E-11 1.01307487E-20 6.64112431E-18 1.61720617E-07 5.25881760E-34 2.74510104E-22 3.10678329E-35 1.00000000E-40 1.52837634E-37 1.00000000E-40 2.19349719E-30 6.00391908E-32 1.96600372E-11 1.00000000E-40 1.00000000E-40 1.00000000E-40 1.00000000E-40 2.37079869E-37 2.86861286E-12 1.35160212E-30 1.24200531E-29 1.00000000E-40 2.99909077E-39 1.00000000E-40 1.93004697E-38 2.86901822E-29 1.00000000E-40 8.31792870E-35 8.26663674E-14 2.56797774E-22 2.36514091E-33 8.06129000E-21 1.00000000E-05 1.00000000E-05 1.00000000E-05 1.00000000E-05 1.00000000E-05 1.00000000E-05 1.00000000E-05 1.00000000E-05 1.00000000E-05 1.00000000E-05
6.33740000E+01 2.14972000E-04 1.32153756E+16 1.17820023E+02 1.00000000E+05 6.93343053E-10 4.42296237E-35 1.00000000E-40 8.68402834E-30 4.08770194E-10 1.00000000E-40 1.00000000E-40 1.00000000E-40 1.00000000E-40 1.00000000E-40 1.45028611E-08 8.02710111E-05 1.61534057E-11 3.33244802E-12 9.95494910E-07 7.52831298E-05 1.59687090E-04 7.52776071E-02 3.96943936E-17 2.02732523E-18 1.00000000E-40 1.00000000E-40 2.57516367E-37 2.19863279E-30 6.99664171E-23 1.44423143E-12 9.50779266E-20 1.46841759E-27 1.12640058E-26 6.19839961E-28 2.04386071E-14 7.25971050E-14 3.57384001E-07 4.30465778E-05 1.29863219E-39 1.00000000E-40 6.28200167E-13 1.15377831E-39 1.00000000E-40 6.25077018E-31 5.29065226E-40 1.53344771E-12 9.39320990E-13 3.99983348E-09 1.69531744E-09 1.03235786E-11 2.43583388E-07 1.80744505E-11 8.61311322E-21 6.10599639E-18 1.84218481E-07 5.59638968E-34 2.75441072E-22 3.26977909E-35 7.69828592E-37 1.60788368E-37 1.00000000E-40 1.99784433E-30 5.80292090E-32 2.07091217E-11 1.00000000E-40 1.00000000E-40 1.00000000E-40 1.00000000E-40 2.12873103E-37 2.92746229E-12 1.80599354E-30 1.09908554E-29 1.00000000E-40 3.03624294E-39 1.00000000E-40 1.97955064E-38 3.08412409E-29 1.00000000E-40 5.82400328E-35 7.77920545E-14 1.37233435E-22 2.36691029E-33 1.49988000E-20 1.00000000E-05 1.00000000E-05 1.00000000E-05 1.00000000E-05 1.00000000E-05 1.00000000E-05 1.00000000E-05 1.00000000E-05 1.00000000E-05 1.00000000E-05
6.45585000E+01 1.80645000E-04 1.11315121E+16 1.17540762E+02 1.00000000E+05 7.16662778E-10 1.00000000E-40 1.00000000E-40 6.34291734E-30 3.72591310E-10 1.00000000E-40 1.00000000E-40 1.00000000E-40 1.00000000E-40 1.00000000E-40 2.03477846E-08 8.69519520E-05 1.88525714E-11 4.10966209E-12 1.39670675E-06 8.96086442E-05 1.89978692E-04 8.16326673E-02 4.82763643E-17 2.60101203E-18 1.00000000E-40 1.00000000E-40 2.27846382E-37 1.96870318E-30 7.43987230E-23 2.07236759E-12 9.80603130E-20 9.05884573E-28 6.54470356E-27 6.06541140E-28 2.26636131E-14 7.31503194E-14 4.64154584E-07 4.64306286E-05 1.68088412E-39 1.00000000E-40 8.03034672E-13 1.37077132E-39 1.00000000E-40 5.63333842E-31 4.48478139E-40 1.66836922E-12 9.32901186E-13 4.75290996E-09 1.64580785E-09 1.09906874E-11 2.53746477E-07 2.09183077E-11 7.25475821E-21 5.56053902E-18 2.09706900E-07 5.95887844E-34 2.75854482E-22 3.45299938E-35 1.37907904E-35 1.69137292E-37 1.00000000E-40 1.80893989E-30 5.48120785E-32 2.18180577E-11 1.00000000E-40 1.00000000E-40 1.00000000E-40 1.00000000E-40 1.87302739E-37 2.98040188E-12 2.35063439E-30 9.67911626E-30 1.00000000E-40 2.96670612E-39 2.42219093E-40 2.02650771E-38 3.32066058E-29 1.00000000E-40 4.07419545E-35 7.21419258E-14 6.98290673E-23 2.33896521E-33 2.84676000E-20 1.00000000E-05 1.00000000E-05 1.00000000E-05 1.00000000E-05 1.00000000E-05 1.00000000E-05 1.00000000E-05 1.00000000E-05 1.00000000E-05 1.00000000E-05
6.57431000E+01 1.51819000E-04 9.37692694E+15 1.17268754E+02 1.00000000E+05 7.35425217E-10 1.00000000E-40 1.00000000E-40 4.96797099E-30 3.35582397E-10 1.00000000E-40 1.00000000E-40 1.00000000E-40 1.00000000E-40 1.00000000E-40 2.81284734E-08 9.42316108E-05 2.18750263E-11 5.00685080E-12 1.94351087E-06 1.06769401E-04 2.26288500E-04 8.85760235E-02 5.77885861E-17 3.24376496E-18 1.00000000E-40 1.00000000E-40 1.97511250E-37 1.74755568E-30 7.91583570E-23 2.97116060E-12 1.01757021E-19 5.47669978E-28 3.57230659E-27 5.97298292E-28 2.46714150E-14 7.36218028E-14 6.00035949E-07 5.00854071E-05 2.10934103E-39 1.00000000E-40 1.02730182E-12 1.58097733E-39 1.03289570E-40 4.97521619E-31 3.87248773E-40 1.80637612E-12 9.16399774E-13 5.63405552E-09 1.59237424E-09 1.14981465E-11 2.63818784E-07 2.42811028E-11 6.09147240E-21 5.03022592E-18 2.38548249E-07 6.34796047E-34 2.75708999E-22 3.54406181E-35 3.79308864E-36 1.77898770E-37 1.00000000E-40 1.63028007E-30 5.06783006E-32 2.30091054E-11 1.00000000E-40 1.00000000E-40 1.00000000E-40 1.00000000E-40 1.61605278E-37 3.03007852E-12 2.98593514E-30 8.49008341E-30 1.00000000E-40 2.80275450E-39 1.00000000E-40 2.07141894E-38 3.58121238E-29 1.00000000E-40 2.85390448E-35 6.60680701E-14 3.38993126E-23 2.28363789E-33 5.71380000E-20 1.00000000E-05 1.00000000E-05 1.00000000E-05 1.00000000E-05 1.00000000E-05 1.00000000E-05 1.00000000E-05 1.00000000E-05 1.00000000E-05 1.00000000E-05
6.69277000E+01 1.27608000E-04 7.89943686E+15 1.17003401E+02 1.00000000E+05 7.48722560E-10 1.00000000E-40 1.00000000E-40 3.96621271E-30 2.98649925E-10 1.00000000E-40 1.00000000E-40 1.00000000E-40 1.00000000E-40 1.00000000E-40 3.83401954E-08 1.02161487E-04 2.52221680E-11 6.03367102E-12 2.68314216E-06 1.27329880E-04 2.69827423E-04 9.61623408E-02 6.81522978E-17 3.93816720E-18 1.00000000E-40 1.00000000E-40 1.68126220E-37 1.54030768E-30 8.42687955E-23 4.25041425E-12 1.06046043E-19 3.39196818E-28 1.83789162E-27 5.90849983E-28 2.63539864E-14 7.39990045E-14 7.72151473E-07 5.40278126E-05 2.57280942E-39 1.00000000E-40 1.31334043E-12 1.77720960E-39 1.22958460E-40 4.31294187E-31 3.25407504E-40 1.94665667E-12 8.91797538E-13 6.66724587E-09 1.53719284E-09 1.18243867E-11 2.73697723E-07 2.83105753E-11 5.12622763E-21 4.53400895E-18 2.71143883E-07 6.76544781E-34 2.74953543E-22 3.68557938E-35 7.94577415E-36 1.87090058E-37 1.00000000E-40 1.46445802E-30 4.59490914E-32 2.43100145E-11 1.00000000E-40 1.00000000E-40 1.00000000E-40 1.00000000E-40 1.36941168E-37 3.07592040E-12 3.70687912E-30 7.42204182E-30 1.00000000E-40 2.56778540E-39 1.30620439E-40 2.11382732E-38 3.86877045E-29 1.00000000E-40 2.00391859E-35 5.98842327E-14 1.57415761E-23 2.20544148E-33 1.26565000E-19 1.00000000E-05 1.00000000E-05 1.00000000E-05 1.00000000E-05 1.00000000E-05 1.00000000E-05 1.00000000E-05 1.00000000E-05 1.00000000E-05 1.00000000E-05
6.81122000E+01 1.07273000E-04 6.65520753E+15 1.16746949E+02 1.00000000E+05 7.55765045E-10 1.00000000E-40 1.00000000E-40 3.12974059E-30 2.62625481E-10 1.00000000E-40 1.00000000E-40 1.00000000E-40 1.00000000E-40 1.00000000E-40 5.15655150E-08 1.10795108E-04 2.88985398E-11 7.20111876E-12 3.67697218E-06 1.51957140E-04 3.22031964E-04 1.04448381E-01 7.92725856E-17 4.66159310E-18 1.00000000E-40 1.00000000E-40 1.40959165E-37 1.34985367E-30 8.97526061E-23 6.05756941E-12 1.10698449E-19 2.29743169E-28 8.94681388E-28 5.86855529E-28 2.76164711E-14 7.42375976E-14 9.89022100E-07 5.82740178E-05 3.05794935E-39 1.00000000E-40 1.67529337E-12 1.95414350E-39 1.41356251E-40 3.67933140E-31 2.62331979E-40 2.08801144E-12 8.60300135E-13 7.88112908E-09 1.48249825E-09 1.19572754E-11 2.83261364E-07 3.31801633E-11 4.34092052E-21 4.08258393E-18 3.07924628E-07 7.21304256E-34 2.73519944E-22 3.85405436E-35 2.09596960E-35 1.96724870E-37 1.00000000E-40 1.31311466E-30 4.09349137E-32 2.57507572E-11 1.00000000E-40 1.00000000E-40 1.00000000E-40 1.00000000E-40 1.14281395E-37 3.11570061E-12 4.50280810E-30 6.46913191E-30 1.00000000E-40 2.28960952E-39 3.34011732E-40 2.15381314E-38 4.18664635E-29 1.00000000E-40 1.41119398E-35 5.38193966E-14 7.01304092E-24 2.11014978E-33 3.25760000E-19 1.00000000E-05 1.00000000E-05 1.00000000E-05 1.00000000E-05 1.00000000E-05 1.00000000E-05 1.00000000E-05 1.00000000E-05 1.00000000E-05 1.00000000E-05
6.92968000E+01 9.01893000E-05 5.60771579E+15 1.16489220E+02 1.00000000E+05 7.55902801E-10 1.00000000E-40 1.00000000E-40 2.58621237E-30 2.28211431E-10 1.00000000E-40 1.00000000E-40 1.00000000E-40 1.00000000E-40 1.00000000E-40 6.84789409E-08 1.20188657E-04 3.28200353E-11 8.52213412E-12 5.00365765E-06 1.81441185E-04 3.84609885E-04 1.13496910E-01 9.09893395E-17 5.38706049E-18 1.10749693E-40 1.00000000E-40 1.16340656E-37 1.17854963E-30 9.56343401E-23 8.58446465E-12 1.15427583E-19 1.80132485E-28 4.13792792E-28 5.83423657E-28 2.84190884E-14 7.42973713E-14 1.26057843E-06 6.28409027E-05 3.55322091E-39 1.00000000E-40 2.12888770E-12 2.10912482E-39 1.57273471E-40 3.09033797E-31 1.90469330E-40 2.22941587E-12 8.23077973E-13 9.31385267E-09 1.43028665E-09 1.18983116E-11 2.92382844E-07 3.90675248E-11 3.70767309E-21 3.67954803E-18 3.49358254E-07 7.69258730E-34 2.71340509E-22 3.91810286E-35 6.57269543E-36 2.06821628E-37 1.00000000E-40 1.17712871E-30 3.58990115E-32 2.73453950E-11 1.00000000E-40 1.00000000E-40 1.00000000E-40 1.00000000E-40 9.38923016E-38 3.14860625E-12 5.35803741E-30 5.62438470E-30 1.00000000E-40 1.99288108E-39 1.01617423E-40 2.18808741E-38 4.53867845E-29 1.00000000E-40 9.98409032E-36 4.80628906E-14 3.00839622E-24 2.00190984E-33 9.77506000E-19 1.00000000E-05 1.00000000E-05 1.00000000E-05 1.00000000E-05 1.00000000E-05 1.00000000E-05 1.00000000E-05 1.00000000E-05 1.00000000E-05 1.00000000E-05
7.04813000E+01 7.58365000E-05 4.72550061E+15 1.16237745E+02 1.00000000E+05 7.48804079E-10 1.00000000E-40 1.00000000E-40 1.97338208E-30 1.95977032E-10 1.00000000E-40 1.00000000E-40 1.00000000E-40 1.00000000E-40 1.00000000E-40 8.98531274E-08 1.30401480E-04 3.69900452E-11 1.00110663E-11 6.76557478E-06 2.16710244E-04 4.59578421E-04 1.23373543E-01 1.03171867E-16 6.08593328E-18 1.32904382E-40 1.00000000E-40 9.47616580E-38 1.02601658E-30 1.01937877E-22 1.20810355E-11 1.19875645E-19 1.63751956E-28 1.82630550E-28 5.81517187E-28 2.87291873E-14 7.41040947E-14 1.59864850E-06 6.77436358E-05 4.04626279E-39 1.00000000E-40 2.69103174E-12 2.24131366E-39 1.69873636E-40 2.55882768E-31 2.00107482E-40 2.36887454E-12 7.80699826E-13 1.10070120E-08 1.38192276E-09 1.16549174E-11 3.00923471E-07 4.61657516E-11 3.19735344E-21 3.32522851E-18 3.95938020E-07 8.20581375E-34 2.68343386E-22 3.97422944E-35 1.00000000E-40 2.17396495E-37 1.00000000E-40 1.05664394E-30 3.10555098E-32 2.91296696E-11 1.00000000E-40 1.00000000E-40 1.00000000E-40 1.00000000E-40 7.60848033E-38 3.17050103E-12 6.25096772E-30 4.87773909E-30 1.00000000E-40 1.69579298E-39 1.00000000E-40 2.21785700E-38 4.92915580E-29 1.00000000E-40 7.09427678E-36 4.26901560E-14 1.24731599E-24 1.88727193E-33 2.84244000E-18 1.00000000E-05 1.00000000E-05 1.00000000E-05 1.00000000E-05 1.00000000E-05 1.00000000E-05 1.00000000E-05 1.00000000E-05 1.00000000E-05 1.00000000E-05
7.16659000E+01 6.37763000E-05 3.98243606E+15 1.15991783E+02 1.00000000E+05 7.34407084E-10 1.00000000E-40 1.00000000E-40 1.39077645E-30 1.66338510E-10 1.00000000E-40 1.00000000E-40 1.00000000E-40 1.00000000E-40 1.00000000E-40 1.16560332E-07 1.41495660E-04 4.13650362E-11 1.16846485E-11 9.09376820E-06 2.58855344E-04 5.49320926E-04 1.34149221E-01 1.15652558E-16 6.72944779E-18 1.56564901E-40 1.00000000E-40 7.65377326E-38 8.91836196E-31 1.08687864E-22 1.68623067E-11 1.23682985E-19 1.64204983E-28 7.72396705E-29 5.81402799E-28 2.85646012E-14 7.36014687E-14 2.01683991E-06 7.29970936E-05 4.52820144E-39 1.00000000E-40 3.37925461E-12 2.35202844E-39 1.79091740E-40 2.09692429E-31 1.36412228E-40 2.50454260E-12 7.33888580E-13 1.30121561E-08 1.33834184E-09 1.12451762E-11 3.08743699E-07 5.46497472E-11 2.78334689E-21 3.01692946E-18 4.48185236E-07 8.75447149E-34 2.64465337E-22 4.10230275E-35 1.00000000E-40 2.28468419E-37 1.00000000E-40 9.51277902E-31 2.65523646E-32 3.11309361E-11 1.00000000E-40 1.00000000E-40 1.00000000E-40 1.00000000E-40 6.10489334E-38 3.17865515E-12 7.15583158E-30 4.21985434E-30 1.00000000E-40 1.41771800E-39 1.00000000E-40 2.24268059E-38 5.36297507E-29 1.00000000E-40 5.06566885E-36 3.77547012E-14 5.01857571E-25 1.77087743E-33 7.03936000E-18 1.00000000E-05 1.00000000E-05 1.00000000E-05 1.00000000E-05 1.00000000E-05 1.00000000E-05 1.00000000E-05 1.00000000E-05 1.00000000E-05 1.00000000E-05
7.28505000E+01 5.36414000E-05 3.35649746E+15 1.15752532E+02 1.00000000E+05 7.12946137E-10 1.00000000E-40 1.00000000E-40 8.68618415E-31 1.39556303E-10 1.00000000E-40 1.00000000E-40 1.00000000E-40 1.00000000E-40 1.00000000E-40 1.49573485E-07 1.53535503E-04 4.59052913E-11 1.35614006E-11 1.21557045E-05 3.09153096E-04 6.56642574E-04 1.45898801E-01 1.28257877E-16 7.29089969E-18 1.81672576E-40 1.00000000E-40 6.14262135E-38 7.74962640E-31 1.15908225E-22 2.33205088E-11 1.26522238E-19 1.71588025E-28 3.15034472E-29 5.83390941E-28 2.79727178E-14 7.27463668E-14 2.53081797E-06 7.86145473E-05 4.99311342E-39 1.00000000E-40 4.21097995E-12 2.44413178E-39 1.84998616E-40 1.70426643E-31 1.00000000E-40 2.63447825E-12 6.83480300E-13 1.53893337E-08 1.30002156E-09 1.06920709E-11 3.15703540E-07 6.46672187E-11 2.44323766E-21 2.75038091E-18 5.06640201E-07 9.34018873E-34 2.59653943E-22 4.19993371E-35 1.77990267E-36 2.40056428E-37 1.00000000E-40 8.60243185E-31 2.24791406E-32 3.33781268E-11 1.00000000E-40 1.00000000E-40 1.00000000E-40 1.00000000E-40 4.86089210E-38 3.17067342E-12 8.04393115E-30 3.64145740E-30 1.00000000E-40 1.16771976E-39 1.00000000E-40 2.26270489E-38 5.84564550E-29 1.00000000E-40 3.63672106E-36 3.32725041E-14 1.96769910E-25 1.65657569E-33 1.51963000E-17 1.00000000E-05 1.00000000E-05 1.00000000E-05 1.00000000E-05 1.00000000E-05 1.00000000E-05 1.00000000E-05 1.00000000E-05 1.00000000E-05 1.00000000E-05
7.40350000E+01 4.51234000E-05 2.82919853E+15 1.15519449E+02 1.00000000E+05 6.84930281E-10 1.00000000E-40 1.00000000E-40 4.63130326E-31 1.15750649E-10 1.00000000E-40 1.00000000E-40 1.00000000E-40 1.00000000E-40 1.00000000E-40 1.89963214E-07 1.66586570E-04 5.05535648E-11 1.56615708E-11 1.61638386E-05 3.69091828E-04 7.84834288E-04 1.58701089E-01 1.40799572E-16 7.74742685E-18 2.08294784E-40 1.00000000E-40 4.91647707E-38 6.74076610E-31 1.23621742E-22 3.19347865E-11 1.28130951E-19 1.80409223E-28 1.23653004E-29 5.87493982E-28 2.70224551E-14 7.15154564E-14 3.15838395E-06 8.46074160E-05 5.43895458E-39 1.00000000E-40 5.20268017E-12 2.52157673E-39 1.88132578E-40 1.37809880E-31 1.00000000E-40 2.75684035E-12 6.30473985E-13 1.82093966E-08 1.26706012E-09 1.00230435E-11 3.21668800E-07 7.63199003E-11 2.15924021E-21 2.52057914E-18 5.71855414E-07 9.96443338E-34 2.53875055E-22 4.28508939E-35 2.84843686E-36 2.52180424E-37 1.00000000E-40 7.82493002E-31 1.88761863E-32 3.58971840E-11 1.00000000E-40 1.00000000E-40 1.00000000E-40 1.00000000E-40 3.85272126E-38 3.14514729E-12 8.88559049E-30 3.13393998E-30 1.00000000E-40 9.51304341E-40 1.00000000E-40 2.27782859E-38 6.38335709E-29 1.00000000E-40 2.62685758E-36 2.92394484E-14 7.55032757E-26 1.54704837E-33 2.97862000E-17 1.00000000E-05 1.00000000E-05 1.00000000E-05 1.00000000E-05 1.00000000E-05 1.00000000E-05 1.00000000E-05 1.00000000E-05 1.00000000E-05 1.00000000E-05
7.52196000E+01 3.79635000E-05 2.38496577E+15 1.15292435E+02 1.00000000E+05 6.51114624E-10 1.00000000E-40 1.00000000E-40 1.82577424E-31 9.49209201E-11 1.00000000E-40 1.00000000E-40 1.00000000E-40 1.00000000E-40 1.00000000E-40 2.38892762E-07 1.80715201E-04 5.52531619E-11 1.80066507E-11 2.13865634E-05 4.40399676E-04 9.37743498E-04 1.72638877E-01 1.53088158E-16 8.08164144E-18 2.36638731E-40 1.00000000E-40 3.90938684E-38 5.87606605E-31 1.31849743E-22 4.32829029E-11 1.28332029E-19 1.87799117E-28 4.59799255E-30 5.93738023E-28 2.57880804E-14 6.99029126E-14 3.91967818E-06 9.09848939E-05 5.86678168E-39 1.00000000E-40 6.36896567E-12 2.58885635E-39 1.88074099E-40 1.10354102E-31 1.00000000E-40 2.86985274E-12 5.75948219E-13 2.15543770E-08 1.23926380E-09 9.26739568E-12 3.26518288E-07 8.96548554E-11 1.91782867E-21 2.32247432E-18 6.44387773E-07 1.06284765E-33 2.47120204E-22 4.35407549E-35 1.70436030E-36 2.64862385E-37 1.00000000E-40 7.16845187E-31 1.57466374E-32 3.87142022E-11 1.00000000E-40 1.00000000E-40 1.00000000E-40 1.00000000E-40 3.02555874E-38 3.10137502E-12 9.65212653E-30 2.68938833E-30 1.00000000E-40 7.63394561E-40 1.00000000E-40 2.28820326E-38 6.98304706E-29 1.00000000E-40 1.91027253E-36 2.56351002E-14 2.84761472E-26 1.44414594E-33 5.45677000E-17 1.00000000E-05 1.00000000E-05 1.00000000E-05 1.00000000E-05 1.00000000E-05 1.00000000E-05 1.00000000E-05 1.00000000E-05 1.00000000E-05 1.00000000E-05
7.64041000E+01 3.19444000E-05 2.01066113E+15 1.15072771E+02 1.00000000E+05 6.12454758E-10 1.00000000E-40 1.00000000E-40 2.03950851E-32 7.69694996E-11 1.00000000E-40 1.00000000E-40 1.00000000E-40 1.00000000E-40 1.00000000E-40 2.97617702E-07 1.95990286E-04 5.99633801E-11 2.06190722E-11 2.81614497E-05 5.25081077E-04 1.11986527E-03 1.87799373E-01 1.64950530E-16 8.28291954E-18 2.67046117E-40 1.00000000E-40 3.10943474E-38 5.13857112E-31 1.40611963E-22 5.80540701E-11 1.27050589E-19 1.92015805E-28 1.87482409E-30 6.02117957E-28 2.43404038E-14 6.79217583E-14 4.83744358E-06 9.77536151E-05 6.28005594E-39 1.00000000E-40 7.72171264E-12 2.65051396E-39 1.86206633E-40 8.80491228E-32 1.00000000E-40 2.97191988E-12 5.21010219E-13 2.55172466E-08 1.21623570E-09 8.45408825E-12 3.30149131E-07 1.04662382E-10 1.70895024E-21 2.15126457E-18 7.24794404E-07 1.13333565E-33 2.39409647E-22 4.41464838E-35 5.06873788E-37 2.78127330E-37 1.00000000E-40 6.62063084E-31 1.30678028E-32 4.18568138E-11 1.00000000E-40 1.00000000E-40 1.00000000E-40 1.00000000E-40 2.36884521E-38 3.03935862E-12 1.03177961E-29 2.30064482E-30 1.00000000E-40 6.07296812E-40 1.00000000E-40 2.29458468E-38 7.65248535E-29 1.00000000E-40 1.39921481E-36 2.24288353E-14 1.06015465E-26 1.34903077E-33 9.51353000E-17 1.00000000E-05 1.00000000E-05 1.00000000E-05 1.00000000E-05 1.00000000E-05 1.00000000E-05 1.00000000E-05 1.00000000E-05 1.00000000E-05 1.00000000E-05
7.75887000E+01 2.68838000E-05 1.69531964E+15 1.14856553E+02 1.00000000E+05 5.70011052E-10 1.00000000E-40 1.00000000E-40 8.48464149E-34 6.17222657E-11 1.00000000E-40 1.00000000E-40 1.00000000E-40 1.00000000E-40 1.00000000E-40 3.67470230E-07 2.12476896E-04 6.45848610E-11 2.35215330E-11 3.69069325E-05 6.25442111E-04 1.33640943E-03 2.04270392E-01 1.76189997E-16 8.34732514E-18 2.99964597E-40 1.00000000E-40 2.48235006E-38 4.51261595E-31 1.49922987E-22 7.70509472E-11 1.24320559E-19 1.92298089E-28 9.68511106E-31 6.11199742E-28 2.27513273E-14 6.56082208E-14 5.93674049E-06 1.04915675E-04 6.68542641E-39 1.00000000E-40 9.26897169E-12 2.71097299E-39 1.83450028E-40 7.02143943E-32 1.00000000E-40 3.06194138E-12 4.66821037E-13 3.02074194E-08 1.19736624E-09 7.61236814E-12 3.32476624E-07 1.21258790E-10 1.52522388E-21 2.00227260E-18 8.13610293E-07 1.20795910E-33 2.30791064E-22 4.46858951E-35 9.60834601E-38 2.91999294E-37 1.00000000E-40 6.16912878E-31 1.08015427E-32 4.53381317E-11 1.00000000E-40 1.00000000E-40 1.00000000E-40 1.00000000E-40 1.85420773E-38 2.96071877E-12 1.08619657E-29 1.96151663E-30 1.00000000E-40 4.80789788E-40 1.00000000E-40 2.29632671E-38 8.40017924E-29 1.00000000E-40 1.03314211E-36 1.95913395E-14 3.91330326E-27 1.26184094E-33 1.59618000E-16 1.00000000E-05 1.00000000E-05 1.00000000E-05 1.00000000E-05 1.00000000E-05 1.00000000E-05 1.00000000E-05 1.00000000E-05 1.00000000E-05 1.00000000E-05
7.87733000E+01 2.26285000E-05 1.42967970E+15 1.14639355E+02 1.00000000E+05 5.24891025E-10 1.00000000E-40 1.00000000E-40 1.75321280E-35 4.89495364E-11 1.00000000E-40 1.00000000E-40 1.00000000E-40 1.00000000E-40 1.00000000E-40 4.49836902E-07 2.30230288E-04 6.89974666E-11 2.67355696E-11 4.81410702E-05 7.44120289E-04 1.59338441E-03 2.22137856E-01 1.86596788E-16 8.27706528E-18 3.35933618E-40 1.00000000E-40 1.99193842E-38 3.98226391E-31 1.59789471E-22 1.01199404E-10 1.20240581E-19 1.88473009E-28 3.09819113E-31 6.19397507E-28 2.10782886E-14 6.30010305E-14 7.24506882E-06 1.12466963E-04 7.09065996E-39 1.00000000E-40 1.10140189E-11 2.77404540E-39 1.80406598E-40 5.60233965E-32 1.00000000E-40 3.13880285E-12 4.14365218E-13 3.57514562E-08 1.18191591E-09 6.76893814E-12 3.33435596E-07 1.39294095E-10 1.36137070E-21 1.87131356E-18 9.11331454E-07 1.28669592E-33 2.21337907E-22 4.51303668E-35 1.38480535E-38 3.06499013E-37 1.00000000E-40 5.80204500E-31 8.90094450E-33 4.91643059E-11 1.00000000E-40 1.00000000E-40 1.00000000E-40 1.00000000E-40 1.45202981E-38 2.86731428E-12 1.12695577E-29 1.66638055E-30 1.00000000E-40 3.79516366E-40 1.00000000E-40 2.29233115E-38 9.23532062E-29 1.00000000E-40 7.69345572E-37 1.70889227E-14 1.43849777E-27 1.18225383E-33 2.59614000E-16 1.00000000E-05 1.00000000E-05 1.00000000E-05 1.00000000E-05 1.00000000E-05 1.00000000E-05 1.00000000E-05 1.00000000E-05 1.00000000E-05 1.00000000E-05
7.99578000E+01 1.90500000E-05 1.20579163E+15 1.14429877E+02 1.00000000E+05 4.78260101E-10 1.00000000E-40 1.00000000E-40 1.00000000E-40 3.83946465E-11 1.00000000E-40 1.00000000E-40 1.00000000E-40 1.00000000E-40 1.00000000E-40 5.46196213E-07 2.49314812E-04 7.32618053E-11 3.02823955E-11 6.25151642E-05 8.84148540E-04 1.89776916E-03 2.41493217E-01 1.96085618E-16 8.08139483E-18 3.75593289E-40 1.00000000E-40 1.61000357E-38 3.53061351E-31 1.70216236E-22 1.31594380E-10 1.14956375E-19 1.80886178E-28 4.34228043E-32 6.25354352E-28 1.93509078E-14 6.01323122E-14 8.79387402E-06 1.20399217E-04 7.49864927E-39 1.00000000E-40 1.29551303E-11 2.84240324E-39 1.77570901E-40 4.47482268E-32 1.00000000E-40 3.20106565E-12 3.64299756E-13 4.22759163E-08 1.16931817E-09 5.94331548E-12 3.32996483E-07 1.58615378E-10 1.21375102E-21 1.75529647E-18 1.01843843E-06 1.36948941E-33 2.11156376E-22 4.55063925E-35 2.26236346E-39 3.21655498E-37 1.00000000E-40 5.50837746E-31 7.31578556E-33 5.33740525E-11 1.00000000E-40 1.00000000E-40 1.00000000E-40 1.00000000E-40 1.13897873E-38 2.75941403E-12 1.15308345E-29 1.40998394E-30 1.00000000E-40 2.98562208E-40 1.00000000E-40 2.28548612E-38 1.01681289E-28 1.00000000E-40 5.77196153E-37 1.48782194E-14 5.28481671E-28 1.11031801E-33 4.11433000E-16 1.00000000E-05 1.00000000E-05 1.00000000E-05 1.00000000E-05 1.00000000E-05 1.00000000E-05 1.00000000E-05 1.00000000E-05 1.00000000E-05 1.00000000E-05
8.11424000E+01 1.60403000E-05 1.01715426E+15 1.14220059E+02 1.00000000E+05 4.31190047E-10 1.00000000E-40 1.00000000E-40 1.00000000E-40 2.97887487E-11 1.00000000E-40 1.00000000E-40 1.00000000E-40 1.00000000E-40 1.00000000E-40 6.58031099E-07 2.69770588E-04 7.72357680E-11 3.41809929E-11 8.08167538E-05 1.04894807E-03 2.25750678E-03 2.62418049E-01 2.04459226E-16 7.77354732E-18 4.19577270E-40 1.00000000E-40 1.31191045E-38 3.14527378E-31 1.81192560E-22 1.69441848E-10 1.08674506E-19 1.69707822E-28 1.00000000E-40 6.28007680E-28 1.76113220E-14 5.70550583E-14 1.06157703E-05 1.28694677E-04 7.91657944E-39 1.00000000E-40 1.50840952E-11 2.91835781E-39 1.75384195E-40 3.58059387E-32 1.00000000E-40 3.24816716E-12 3.17300176E-13 4.99394129E-08 1.15879116E-09 5.15654711E-12 3.31147411E-07 1.78981618E-10 1.07974823E-21 1.65095355E-18 1.13532692E-06 1.45614823E-33 2.00368379E-22 4.57876304E-35 9.66558220E-40 3.37488205E-37 1.00000000E-40 5.27776356E-31 5.99958178E-33 5.79583620E-11 1.00000000E-40 1.00000000E-40 1.00000000E-40 1.00000000E-40 8.94989762E-39 2.63991742E-12 1.16437351E-29 1.18808730E-30 1.00000000E-40 2.34491627E-40 1.00000000E-40 2.27380740E-38 1.12092181E-28 1.00000000E-40 4.36343716E-37 1.29319373E-14 1.94912781E-28 1.04487952E-33 6.37682000E-16 1.00000000E-05 1.00000000E-05 1.00000000E-05 1.00000000E-05 1.00000000E-05 1.00000000E-05 1.00000000E-05 1.00000000E-05 1.00000000E-05 1.00000000E-05
8.23269000E+01 1.35086000E-05 8.58146464E+14 1.14015958E+02 1.00000000E+05 3.84685397E-10 1.00000000E-40 1.00000000E-40 1.00000000E-40 2.28617721E-11 1.00000000E-40 1.00000000E-40 1.00000000E-40 1.00000000E-40 1.00000000E-40 7.86902458E-07 2.91644685E-04 8.09659625E-11 3.84471885E-11 1.04026302E-04 1.24242454E-03 2.68176874E-03 2.84998966E-01 2.11652240E-16 7.37120034E-18 4.68578844E-40 1.00000000E-40 1.07992439E-38 2.81375616E-31 1.92703744E-22 2.16154504E-10 1.01619911E-19 1.56148386E-28 2.24392378E-32 6.26871201E-28 1.58810609E-14 5.38132409E-14 1.27480097E-05 1.37330065E-04 8.34580692E-39 1.00000000E-40 1.73869045E-11 3.00311784E-39 1.74193797E-40 2.87101207E-32 1.00000000E-40 3.27921913E-12 2.73770565E-13 5.88955543E-08 1.14974070E-09 4.42100851E-12 3.27917099E-07 2.00191542E-10 9.57558028E-22 1.55587688E-18 1.26236558E-06 1.54642654E-33 1.89120674E-22 4.59967064E-35 8.08613238E-40 3.54028366E-37 1.00000000E-40 5.10088266E-31 4.90873453E-33 6.29421137E-11 1.00000000E-40 1.00000000E-40 1.00000000E-40 1.00000000E-40 7.05040461E-39 2.51011114E-12 1.16118854E-29 9.96627918E-31 1.00000000E-40 1.83790493E-40 1.00000000E-40 2.25920400E-38 1.23702132E-28 1.00000000E-40 3.31968524E-37 1.12155808E-14 7.22870368E-29 9.85286357E-34 9.69147000E-16 1.00000000E-05 1.00000000E-05 1.00000000E-05 1.00000000E-05 1.00000000E-05 1.00000000E-05 1.00000000E-05 1.00000000E-05 1.00000000E-05 1.00000000E-05
8.35115000E+01 1.13788000E-05 7.24123707E+14 1.13815239E+02 1.00000000E+05 3.39616354E-10 1.00000000E-40 1.00000000E-40 1.00000000E-40 1.73570430E-11 1.00000000E-40 1.00000000E-40 1.00000000E-40 1.00000000E-40 1.00000000E-40 9.34389193E-07 3.14966816E-04 8.44022694E-11 4.30929324E-11 1.33328280E-04 1.46895841E-03 3.18095582E-03 3.09310758E-01 2.17566989E-16 6.89414697E-18 5.23240653E-40 1.00000000E-40 9.02625773E-39 2.52651226E-31 2.04717547E-22 2.73291333E-10 9.40377222E-20 1.40997333E-28 5.50368832E-31 6.21640312E-28 1.41869884E-14 5.04612322E-14 1.52296605E-05 1.46270427E-04 8.78843443E-39 1.00000000E-40 1.98425808E-11 3.09733204E-39 1.74277387E-40 2.30762041E-32 1.00000000E-40 3.29404659E-12 2.34038957E-13 6.93166481E-08 1.14144782E-09 3.74702858E-12 3.23354110E-07 2.22018931E-10 8.45867126E-22 1.46772060E-18 1.39982068E-06 1.63991801E-33 1.77565687E-22 4.61292491E-35 7.53703474E-40 3.71300140E-37 1.00000000E-40 4.96903857E-31 4.00622361E-33 6.83192590E-11 1.00000000E-40 1.00000000E-40 1.00000000E-40 1.00000000E-40 5.56914248E-39 2.37256175E-12 1.14450172E-29 8.32156158E-31 1.00000000E-40 1.43835751E-40 1.00000000E-40 2.24135737E-38 1.36629843E-28 1.00000000E-40 2.53990235E-37 9.70371075E-15 2.73641005E-29 9.30462693E-34 1.44684000E-15 1.00000000E-05 1.00000000E-05 1.00000000E-05 1.00000000E-05 1.00000000E-05 1.00000000E-05 1.00000000E-05 1.00000000E-05 1.00000000E-05 1.00000000E-05
8.46961000E+01 9.58692000E-06 6.11192816E+14 1.13610267E+02 1.00000000E+05 2.96674033E-10 1.00000000E-40 1.00000000E-40 1.00000000E-40 1.30350998E-11 1.00000000E-40 1.00000000E-40 1.00000000E-40 1.00000000E-40 1.00000000E-40 1.10198527E-06 3.39725050E-04 8.73913725E-11 4.81195293E-11 1.70142054E-04 1.73338576E-03 3.76669873E-03 3.35405157E-01 2.22043020E-16 6.36208000E-18 5.84135342E-40 1.00000000E-40 7.92724375E-39 2.27570230E-31 2.17174597E-22 3.42544869E-10 8.61562176E-20 1.24870609E-28 1.71707303E-31 6.12064471E-28 1.25539762E-14 4.70484110E-14 1.81009439E-05 1.55464220E-04 9.24764925E-39 1.00000000E-40 2.24224429E-11 3.20106801E-39 1.75864130E-40 1.86035442E-32 1.00000000E-40 3.29251431E-12 1.98289910E-13 8.13972006E-08 1.13301339E-09 3.14108504E-12 3.17518799E-07 2.44221526E-10 7.43690273E-22 1.38419778E-18 1.54780030E-06 1.73598654E-33 1.65852523E-22 4.61517663E-35 7.07827510E-40 3.89311063E-37 1.00000000E-40 4.87403673E-31 3.26049874E-33 7.40484426E-11 1.00000000E-40 1.00000000E-40 1.00000000E-40 1.00000000E-40 4.41074455E-39 2.23012919E-12 1.11574154E-29 6.91531624E-31 1.00000000E-40 1.12559949E-40 1.00000000E-40 2.21787333E-38 1.50990327E-28 1.00000000E-40 1.95316901E-37 8.37422081E-15 1.04762746E-29 8.79172798E-34 2.12394000E-15 1.00000000E-05 1.00000000E-05 1.00000000E-05 1.00000000E-05 1.00000000E-05 1.00000000E-05 1.00000000E-05 1.00000000E-05 1.00000000E-05 1.00000000E-05
8.58806000E+01 8.07909000E-06 5.15955365E+14 1.13414095E+02 1.00000000E+05 2.56442013E-10 1.00000000E-40 1.00000000E-40 1.00000000E-40 9.68285866E-12 1.00000000E-40 1.00000000E-40 1.00000000E-40 1.00000000E-40 1.00000000E-40 1.29141949E-06 3.65949989E-04 9.01275102E-11 5.35281691E-11 2.16239512E-04 2.04123249E-03 4.45248195E-03 3.63350149E-01 2.25178525E-16 5.79623942E-18 6.51878212E-40 1.00000000E-40 8.88977504E-39 2.05408143E-31 2.30018039E-22 4.25958987E-10 7.81856060E-20 1.08715964E-28 1.00000000E-40 5.98025788E-28 1.09918626E-14 4.36147674E-14 2.14095066E-05 1.64856608E-04 9.71651940E-39 1.00000000E-40 2.50934032E-11 3.31333380E-39 1.79125509E-40 1.50485053E-32 1.00000000E-40 3.27444203E-12 1.66484068E-13 9.52826064E-08 1.12402112E-09 2.60309105E-12 3.10522156E-07 2.66719247E-10 6.50390365E-22 1.30409995E-18 1.70642928E-06 1.83397252E-33 1.54142951E-22 4.61145781E-35 6.63547796E-40 4.08100384E-37 1.00000000E-40 4.80873784E-31 2.64403714E-33 8.01606555E-11 1.00000000E-40 1.00000000E-40 1.00000000E-40 1.00000000E-40 3.50767756E-39 2.08361977E-12 1.07658663E-29 5.71793120E-31 1.00000000E-40 1.00000000E-40 1.00000000E-40 2.19274287E-38 1.66910981E-28 1.00000000E-40 1.50668773E-37 7.20126986E-15 3.98163874E-30 8.30915425E-34 3.06721000E-15 1.00000000E-05 1.00000000E-05 1.00000000E-05 1.00000000E-05 1.00000000E-05 1.00000000E-05 1.00000000E-05 1.00000000E-05 1.00000000E-05 1.00000000E-05
8.70652000E+01 6.81013000E-06 4.35730273E+14 1.13202074E+02 1.00000000E+05 2.19297764E-10 1.00000000E-40 1.00000000E-40 1.00000000E-40 7.11344897E-12 1.00000000E-40 1.00000000E-40 1.00000000E-40 1.00000000E-40 1.00000000E-40 1.50400249E-06 3.93547644E-04 9.21771400E-11 5.92988517E-11 2.73627507E-04 2.39830396E-03 5.25268124E-03 3.93142321E-01 2.26683383E-16 5.21388288E-18 7.26804306E-40 3.31065281E-40 1.94217575E-38 1.85735193E-31 2.43126914E-22 5.25425214E-10 7.03028834E-20 9.27342597E-29 1.00000000E-40 5.79427001E-28 9.52772847E-15 4.02068928E-14 2.51942165E-05 1.74362345E-04 1.02052100E-38 1.00000000E-40 2.78118190E-11 3.43346376E-39 1.84198218E-40 1.22315020E-32 1.00000000E-40 3.24048323E-12 1.38598666E-13 1.11216676E-07 1.11324137E-09 2.13495773E-12 3.02446500E-07 2.89251452E-10 5.65363811E-22 1.22528025E-18 1.87544496E-06 1.93271444E-33 1.42566125E-22 4.59163129E-35 6.20443133E-40 4.27644148E-37 1.00000000E-40 4.76579567E-31 2.13626699E-33 8.65128709E-11 1.00000000E-40 1.00000000E-40 1.00000000E-40 1.00000000E-40 2.79953476E-39 1.93700129E-12 1.02902350E-29 4.70508991E-31 1.00000000E-40 1.00000000E-40 1.00000000E-40 2.15862780E-38 1.84489406E-28 1.00000000E-40 1.16637613E-37 6.17304733E-15 1.42663936E-30 7.84298326E-34 4.35767000E-15 1.00000000E-05 1.00000000E-05 1.00000000E-05 1.00000000E-05 1.00000000E-05 1.00000000E-05 1.00000000E-05 1.00000000E-05 1.00000000E-05 1.00000000E-05
8.82497000E+01 5.74207000E-06 3.68061043E+14 1.12996593E+02 1.00000000E+05 1.85492451E-10 1.00000000E-40 1.00000000E-40 1.00000000E-40 5.16675235E-12 1.00000000E-40 1.00000000E-40 1.00000000E-40 1.00000000E-40 1.00000000E-40 1.74142384E-06 4.22494242E-04 9.38892730E-11 6.54118934E-11 3.44899750E-04 2.81117100E-03 6.18396024E-03 4.24803632E-01 2.26749137E-16 4.63224653E-18 8.09444770E-40 1.80090127E-39 7.41523605E-38 1.68047609E-31 2.56387879E-22 6.43516701E-10 6.26358343E-20 7.79173809E-29 1.00000000E-40 5.56366105E-28 8.16017142E-15 3.68406886E-14 2.95077306E-05 1.83891331E-04 1.07123186E-38 1.00000000E-40 3.05322787E-11 3.55905620E-39 1.91142603E-40 9.99288336E-33 1.00000000E-40 3.18989737E-12 1.14335133E-13 1.29294511E-07 1.10055293E-09 1.73118771E-12 2.93431133E-07 3.11901864E-10 4.88281111E-22 1.14741147E-18 2.05464007E-06 2.03105658E-33 1.31259957E-22 4.56300236E-35 5.78055281E-40 4.47964984E-37 1.00000000E-40 4.73903078E-31 1.71714562E-33 9.31553039E-11 1.00000000E-40 1.00000000E-40 1.00000000E-40 1.00000000E-40 2.24753922E-39 1.78947596E-12 9.74869804E-30 3.85140294E-31 1.00000000E-40 1.00000000E-40 1.00000000E-40 2.12147359E-38 2.03834727E-28 1.00000000E-40 9.03769129E-38 5.26624940E-15 4.78858319E-31 7.39123967E-34 6.09034000E-15 1.00000000E-05 1.00000000E-05 1.00000000E-05 1.00000000E-05 1.00000000E-05 1.00000000E-05 1.00000000E-05 1.00000000E-05 1.00000000E-05 1.00000000E-05
8.94343000E+01 4.84297000E-06 3.11010154E+14 1.12785671E+02 1.00000000E+05 1.55166260E-10 1.00000000E-40 1.00000000E-40 1.00000000E-40 3.71005387E-12 1.00000000E-40 1.00000000E-40 1.00000000E-40 1.00000000E-40 1.00000000E-40 2.00500953E-06 4.52658117E-04 9.50871039E-11 7.18305763E-11 4.33039480E-04 3.28667991E-03 7.26406706E-03 4.58284671E-01 2.25262623E-16 4.06500422E-18 9.00044783E-40 8.87587495E-39 3.16534345E-37 1.52063555E-31 2.69623314E-22 7.82646712E-10 5.52894646E-20 6.42732664E-29 1.00000000E-40 5.29017792E-28 6.90240952E-15 3.35438325E-14 3.43914929E-05 1.93326663E-04 1.12913490E-38 1.00000000E-40 3.32008447E-11 3.68804096E-39 1.99976163E-40 8.21506466E-33 1.00000000E-40 3.12310649E-12 9.34491238E-14 1.49688766E-07 1.08525818E-09 1.38895764E-12 2.83591352E-07 3.34610640E-10 4.18774925E-22 1.06953464E-18 2.24341235E-06 2.12733466E-33 1.20328685E-22 4.52042919E-35 5.36333344E-40 4.69031268E-37 1.00000000E-40 4.72210856E-31 1.37232905E-33 9.99784400E-11 1.23605048E-40 1.00000000E-40 1.00000000E-40 1.27691354E-40 1.81740979E-39 1.64310359E-12 9.16007055E-30 3.13639378E-31 1.19536820E-40 1.00000000E-40 1.00000000E-40 2.07789895E-38 2.25019009E-28 1.00000000E-40 7.00601346E-38 4.46971349E-15 1.64352110E-31 6.94623410E-34 8.37370000E-15 1.00000000E-05 1.00000000E-05 1.00000000E-05 1.00000000E-05 1.00000000E-05 1.00000000E-05 1.00000000E-05 1.00000000E-05 1.00000000E-05 1.00000000E-05
9.06189000E+01 4.08600000E-06 2.62885253E+14 1.12576789E+02 1.00000000E+05 1.28323614E-10 1.00000000E-40 1.00000000E-40 1.00000000E-40 2.63295860E-12 1.00000000E-40 1.00000000E-40 1.00000000E-40 1.00000000E-40 1.00000000E-40 2.29625161E-06 4.83914167E-04 9.58938994E-11 7.85079521E-11 5.41711922E-04 3.83222879E-03 8.51273717E-03 4.93521104E-01 2.22315006E-16 3.52390646E-18 9.98941937E-40 4.04192285E-38 1.30602554E-36 1.37534988E-31 2.82631598E-22 9.45729673E-10 4.83504763E-20 5.18191851E-29 4.48290055E-31 4.97727015E-28 5.75972090E-15 3.03373199E-14 3.98922740E-05 2.02536451E-04 1.21446846E-38 1.00000000E-40 3.57611928E-11 3.81772781E-39 2.10696442E-40 6.80328961E-33 1.00000000E-40 3.04031885E-12 7.56387943E-14 1.72458745E-07 1.06704449E-09 1.10224080E-12 2.73063200E-07 3.57523113E-10 3.56499481E-22 9.91357659E-19 2.44102699E-06 2.21966236E-33 1.09864325E-22 4.46561024E-35 4.95106725E-40 4.90821336E-37 1.00000000E-40 4.70929053E-31 1.08922919E-33 1.06941908E-10 5.38090871E-40 1.00000000E-40 1.00000000E-40 6.51878248E-40 1.48962582E-39 1.49853356E-12 8.54173511E-30 2.54062295E-31 6.01443736E-40 1.00000000E-40 1.00000000E-40 2.02959970E-38 2.48099259E-28 1.00000000E-40 5.42599854E-38 3.77003105E-15 1.26968431E-31 6.50519173E-34 1.13298000E-14 1.00000000E-05 1.00000000E-05 1.00000000E-05 1.00000000E-05 1.00000000E-05 1.00000000E-05 1.00000000E-05 1.00000000E-05 1.00000000E-05 1.00000000E-05
9.18034000E+01 3.44859000E-06 2.22290319E+14 1.12366728E+02 1.00000000E+05 1.04886921E-10 1.00000000E-40 1.00000000E-40 1.00000000E-40 1.84636777E-12 1.00000000E-40 1.00000000E-40 1.00000000E-40 1.00000000E-40 1.00000000E-40 2.61659056E-06 5.16087835E-04 9.62685286E-11 8.53850604E-11 6.75238097E-04 4.45551230E-03 9.95116484E-03 5.30395436E-01 2.17936845E-16 3.01795012E-18 1.10650625E-39 1.75347302E-37 5.19126331E-36 1.24297266E-31 2.95160004E-22 1.13574173E-09 4.18852686E-20 4.16021360E-29 1.00000000E-40 4.62971028E-28 4.73872877E-15 2.72454156E-14 4.60488765E-05 2.11369654E-04 1.40646606E-38 1.00000000E-40 3.81530569E-11 3.94547094E-39 2.23277970E-40 5.68602577E-33 1.00000000E-40 2.94247281E-12 6.06158851E-14 1.97645196E-07 1.04543575E-09 8.65241341E-13 2.61976031E-07 3.80795947E-10 3.01080485E-22 9.12612099E-19 2.64643458E-06 2.30573762E-33 9.99343424E-23 4.39683775E-35 4.54374623E-40 5.13287783E-37 1.00000000E-40 4.69501435E-31 8.57996005E-34 1.13935497E-10 2.25411861E-39 1.00000000E-40 1.00000000E-40 3.30367991E-39 1.26413372E-39 1.35720244E-12 7.90956209E-30 2.04730215E-31 3.00207145E-39 1.00000000E-40 1.00000000E-40 1.97571165E-38 2.73093975E-28 1.00000000E-40 4.19564940E-38 3.15788761E-15 1.13252277E-31 6.06553574E-34 1.50964000E-14 1.00000000E-05 1.00000000E-05 1.00000000E-05 1.00000000E-05 1.00000000E-05 1.00000000E-05 1.00000000E-05 1.00000000E-05 1.00000000E-05 1.00000000E-05
9.29880000E+01 2.91177000E-06 1.88056310E+14 1.12146539E+02 1.00000000E+05 8.46814859E-11 1.00000000E-40 1.00000000E-40 1.00000000E-40 1.27885445E-12 1.00000000E-40 1.00000000E-40 1.00000000E-40 1.00000000E-40 1.00000000E-40 2.96685050E-06 5.48863366E-04 9.60510077E-11 9.23631953E-11 8.38667252E-04 5.16389823E-03 1.16007955E-02 5.68687452E-01 2.12054294E-16 2.55273202E-18 1.22379274E-39 7.44707247E-37 2.02897478E-35 1.12223637E-31 3.06872086E-22 1.35570081E-09 3.59300340E-20 3.26586740E-29 1.00000000E-40 4.25336344E-28 3.84184320E-15 2.42834233E-14 5.28887092E-05 2.19638757E-04 2.00621094E-38 1.00000000E-40 4.03108553E-11 4.06849805E-39 2.37669588E-40 4.80695322E-33 1.00000000E-40 2.82998993E-12 4.80797565E-14 2.25247304E-07 1.01978812E-09 6.72044765E-13 2.50434686E-07 4.04616611E-10 2.52098849E-22 8.33020984E-19 2.85802500E-06 2.38263187E-33 9.05774213E-23 4.30911313E-35 4.14111017E-40 5.36315077E-37 1.00000000E-40 4.67360845E-31 6.70209690E-34 1.20780416E-10 9.27497783E-39 1.00000000E-40 1.00000000E-40 1.68780218E-38 1.19752212E-39 1.22037836E-12 7.27693483E-30 1.64104463E-31 1.50175863E-38 1.00000000E-40 1.00000000E-40 1.91329677E-38 2.99950401E-28 1.00000000E-40 3.23780749E-38 2.62459421E-15 7.10527720E-32 5.62469386E-34 1.98335000E-14 1.00000000E-05 1.00000000E-05 1.00000000E-05 1.00000000E-05 1.00000000E-05 1.00000000E-05 1.00000000E-05 1.00000000E-05 1.00000000E-05 1.00000000E-05
9.41725000E+01 2.45958000E-06 1.59139856E+14 1.11943456E+02 1.00000000E+05 6.74933166E-11 1.00000000E-40 1.00000000E-40 1.00000000E-40 8.74727403E-13 1.00000000E-40 1.00000000E-40 1.00000000E-40 1.00000000E-40 1.00000000E-40 3.34958439E-06 5.82155392E-04 9.57489386E-11 9.93963958E-11 1.03851831E-03 5.96598994E-03 1.34874231E-02 6.08263536E-01 2.05104427E-16 2.13356066E-18 1.35546007E-39 3.12078906E-36 7.84411953E-35 1.01225586E-31 3.17469907E-22 1.60996730E-09 3.05205282E-20 2.52716327E-29 1.00000000E-40 3.85634267E-28 3.06504230E-15 2.14709949E-14 6.04549512E-05 2.27181694E-04 4.12800165E-38 1.00000000E-40 4.21802274E-11 4.18341563E-39 2.53840324E-40 4.11806405E-33 1.00000000E-40 2.70449830E-12 3.77195825E-14 2.54942603E-07 9.90590584E-10 5.15709993E-13 2.38603128E-07 4.29576044E-10 2.09235646E-22 7.53693215E-19 3.07456321E-06 2.44763583E-33 8.18356563E-23 4.21340800E-35 3.74351601E-40 5.59900075E-37 1.00000000E-40 4.64084413E-31 5.18414233E-34 1.27527409E-10 3.77171082E-38 1.00000000E-40 1.00000000E-40 8.51157493E-38 1.53617720E-39 1.08797974E-12 6.65486777E-30 1.30844812E-31 7.38886870E-38 1.00000000E-40 1.00000000E-40 1.85010829E-38 3.28638580E-28 1.00000000E-40 2.48977243E-38 2.16097070E-15 3.07233361E-32 5.18666808E-34 2.57372000E-14 1.00000000E-05 1.00000000E-05 1.00000000E-05 1.00000000E-05 1.00000000E-05 1.00000000E-05 1.00000000E-05 1.00000000E-05 1.00000000E-05 1.00000000E-05
9.53571000E+01 2.07861000E-06 1.34781640E+14 1.11701497E+02 1.00000000E+05 5.30748478E-11 1.00000000E-40 1.00000000E-40 1.00000000E-40 5.90652810E-13 1.00000000E-40 1.00000000E-40 1.00000000E-40 1.00000000E-40 1.00000000E-40 3.76398299E-06 6.15301976E-04 9.43723904E-11 1.06306595E-10 1.28129249E-03 6.86722315E-03 1.56304122E-02 6.48620641E-01 1.96556175E-16 1.76028716E-18 1.51730526E-39 1.26924268E-35 2.94819700E-34 9.13517559E-32 3.26409327E-22 1.90013319E-09 2.56452523E-20 1.88606443E-29 1.00000000E-40 3.44594893E-28 2.40883538E-15 1.88192568E-14 6.87113060E-05 2.33750792E-04 1.16944668E-37 1.15251569E-40 4.36853948E-11 4.28842939E-39 2.71692529E-40 3.58798816E-33 1.00000000E-40 2.56692144E-12 2.92776640E-14 2.86858020E-07 9.56241747E-10 3.91899735E-13 2.26514061E-07 4.55620506E-10 1.71936338E-22 6.73821738E-19 3.29293617E-06 2.49631796E-33 7.36883945E-23 4.08720475E-35 3.35350318E-40 5.83733003E-37 1.00000000E-40 4.59045972E-31 3.97324506E-34 1.33623899E-10 1.48883500E-37 1.00000000E-40 1.00000000E-40 4.06912553E-37 3.11976179E-39 9.62861446E-13 6.05180025E-30 1.03802067E-31 3.45764111E-37 1.00000000E-40 1.00000000E-40 1.77132151E-38 3.58900448E-28 1.00000000E-40 1.91350677E-38 1.76343808E-15 2.13247825E-32 4.74670064E-34 3.30657000E-14 1.00000000E-05 1.00000000E-05 1.00000000E-05 1.00000000E-05 1.00000000E-05 1.00000000E-05 1.00000000E-05 1.00000000E-05 1.00000000E-05 1.00000000E-05
9.65417000E+01 1.75757000E-06 1.14185310E+14 1.11485687E+02 1.00000000E+05 4.10998784E-11 1.00000000E-40 1.00000000E-40 1.00000000E-40 3.93520435E-13 1.00000000E-40 1.00000000E-40 1.00000000E-40 1.00000000E-40 1.00000000E-40 4.21339639E-06 6.48217797E-04 9.30575414E-11 1.13053116E-10 1.57692708E-03 7.87536941E-03 1.80579246E-02 6.89545677E-01 1.87165058E-16 1.43409978E-18 1.76707037E-39 4.87315455E-35 1.04682230E-33 8.28852307E-32 3.33304703E-22 2.23276312E-09 2.13038303E-20 1.45820494E-29 1.81551047E-30 3.03226220E-28 1.85888970E-15 1.63308156E-14 7.76972921E-05 2.39161698E-04 3.70181556E-37 4.14076394E-40 4.47841558E-11 4.38023722E-39 2.91393703E-40 3.18048067E-33 1.00000000E-40 2.41796769E-12 2.24416921E-14 3.20120630E-07 9.18412368E-10 2.93932491E-13 2.14333509E-07 4.83860718E-10 1.39909657E-22 5.95672641E-19 3.51143349E-06 2.52534961E-33 6.61472798E-23 3.95402441E-35 2.97041236E-40 6.07798202E-37 1.00000000E-40 4.51921353E-31 3.00716331E-34 1.39368097E-10 5.54892807E-37 1.00000000E-40 1.00000000E-40 1.78613548E-36 8.46559607E-39 8.42961619E-13 5.47327326E-30 8.18868269E-32 1.49583774E-36 1.00000000E-40 1.00000000E-40 1.69317356E-38 3.90600031E-28 1.00000000E-40 1.47202047E-38 1.42165212E-15 1.74526641E-32 4.31169224E-34 4.21947000E-14 1.00000000E-05 1.00000000E-05 1.00000000E-05 1.00000000E-05 1.00000000E-05 1.00000000E-05 1.00000000E-05 1.00000000E-05 1.00000000E-05 1.00000000E-05
9.77262000E+01 1.48698000E-06 9.68092064E+13 1.11251323E+02 1.00000000E+05 3.13317301E-11 1.00000000E-40 1.00000000E-40 1.00000000E-40 2.58800252E-13 1.00000000E-40 1.00000000E-40 1.00000000E-40 1.00000000E-40 1.00000000E-40 4.69786736E-06 6.80266555E-04 9.11523254E-11 1.19497549E-10 1.93558859E-03 8.99374126E-03 2.07892974E-02 7.30427872E-01 1.76647842E-16 1.15276881E-18 2.27649110E-39 1.72300152E-34 3.42377727E-33 7.69354149E-32 3.37524791E-22 2.60986080E-09 1.74656317E-20 1.03010794E-29 1.02469085E-30 2.62396734E-28 1.40868291E-15 1.40129810E-14 8.73281829E-05 2.43185275E-04 1.14174665E-36 1.36829443E-39 4.54171298E-11 4.46030811E-39 3.13392327E-40 2.87550624E-33 1.00000000E-40 2.25926780E-12 1.69785322E-14 3.54578413E-07 8.76572788E-10 2.18247806E-13 2.02100191E-07 5.14513153E-10 1.12663812E-22 5.19569360E-19 3.72633539E-06 2.52974804E-33 5.91690904E-23 3.79877304E-35 2.59810995E-40 6.31757159E-37 1.00000000E-40 4.42190207E-31 2.24754459E-34 1.44298871E-10 1.90244662E-36 1.00000000E-40 1.00000000E-40 7.05786709E-36 2.40759386E-38 7.30203832E-13 4.92335160E-30 6.42616438E-32 5.87414776E-36 1.00000000E-40 1.00000000E-40 1.60559791E-38 4.23341615E-28 1.00000000E-40 1.15422388E-38 1.13258760E-15 2.06365878E-32 3.88043338E-34 5.37409000E-14 1.00000000E-05 1.00000000E-05 1.00000000E-05 1.00000000E-05 1.00000000E-05 1.00000000E-05 1.00000000E-05 1.00000000E-05 1.00000000E-05 1.00000000E-05
9.89108000E+01 1.25886000E-06 8.21328348E+13 1.11013895E+02 1.00000000E+05 2.34532281E-11 1.00000000E-40 1.00000000E-40 1.00000000E-40 1.67893790E-13 1.00000000E-40 1.00000000E-40 1.00000000E-40 1.00000000E-40 1.00000000E-40 5.21850653E-06 7.10933732E-04 8.88853898E-11 1.25528177E-10 2.37096159E-03 1.02239112E-02 2.38442202E-02 7.70685210E-01 1.65209563E-16 9.13569507E-19 3.50213447E-39 5.52477392E-34 1.01498355E-32 7.64014589E-32 3.38454642E-22 3.03649133E-09 1.41057544E-20 7.70104276E-30 1.00000000E-40 2.23023630E-28 1.04606169E-15 1.18657219E-14 9.75329286E-05 2.45608406E-04 3.24026148E-36 4.08776953E-39 4.55459773E-11 4.53662461E-39 3.39373409E-40 2.65664197E-33 1.60846070E-40 2.09146940E-12 1.26579571E-14 3.89472183E-07 8.31482980E-10 1.60290277E-13 1.89888712E-07 5.48460925E-10 8.97622840E-23 4.46807072E-19 3.93405664E-06 2.50479437E-33 5.27138803E-23 3.62619260E-35 2.23842427E-40 6.55329956E-37 1.00000000E-40 4.29460929E-31 1.65450224E-34 1.48358006E-10 5.90658149E-36 1.00000000E-40 1.00000000E-40 2.49181238E-35 6.42189825E-38 6.24324472E-13 4.40600878E-30 5.01505633E-32 2.07647940E-35 1.00000000E-40 1.00000000E-40 1.51164252E-38 4.56696881E-28 1.00000000E-40 9.63029422E-39 8.89864403E-16 9.75005159E-33 3.45550868E-34 6.88593000E-14 1.00000000E-05 1.00000000E-05 1.00000000E-05 1.00000000E-05 1.00000000E-05 1.00000000E-05 1.00000000E-05 1.00000000E-05 1.00000000E-05 1.00000000E-05
1.00095000E+02 1.06648000E-06 6.97202919E+13 1.10792468E+02 1.00000000E+05 1.71992057E-11 1.00000000E-40 1.00000000E-40 1.00000000E-40 1.07449353E-13 1.00000000E-40 1.00000000E-40 1.00000000E-40 1.00000000E-40 1.00000000E-40 5.77900100E-06 7.39968120E-04 8.66202246E-11 1.31165271E-10 2.90141293E-03 1.15663420E-02 2.72453275E-02 8.09833513E-01 1.53211547E-16 7.13573360E-19 6.49596402E-39 1.59492822E-33 2.70500947E-32 8.76254911E-32 3.35543038E-22 3.51898825E-09 1.11984957E-20 5.37426148E-30 1.71751556E-30 1.85985444E-28 7.59344661E-16 9.89422778E-15 1.08207822E-04 2.46310236E-04 8.27961734E-36 1.09325306E-38 4.51586652E-11 4.63089888E-39 3.73460889E-40 2.51680266E-33 4.27183552E-40 1.91664878E-12 9.28196061E-15 4.23987071E-07 7.84526647E-10 1.16348855E-13 1.77802434E-07 5.86800849E-10 7.08160639E-23 3.79066213E-19 4.13151720E-06 2.44642463E-33 4.67421360E-23 3.44584621E-35 1.89533395E-40 6.78343191E-37 1.00000000E-40 4.13481398E-31 1.19631573E-34 1.51637096E-10 1.64719595E-35 1.00000000E-40 1.00000000E-40 7.85292116E-35 1.54905795E-37 5.25365971E-13 3.92639896E-30 3.89480660E-32 6.59000459E-35 1.00000000E-40 1.00000000E-40 1.41627502E-38 4.90251559E-28 1.00000000E-40 9.21044900E-39 6.88674654E-16 1.00000000E-40 3.04084963E-34 8.99078000E-14 1.00000000E-05 1.00000000E-05 1.00000000E-05 1.00000000E-05 1.00000000E-05 1.00000000E-05 1.00000000E-05 1.00000000E-05 1.00000000E-05 1.00000000E-05
1.01280000E+02 9.04203000E-07 5.92487257E+13 1.10535975E+02 1.00000000E+05 1.23323457E-11 1.00000000E-40 1.00000000E-40 1.00000000E-40 6.78189941E-14 1.00000000E-40 1.00000000E-40 1.00000000E-40 1.00000000E-40 1.00000000E-40 6.37634215E-06 7.66329268E-04 8.36145046E-11 1.36212594E-10 3.54784942E-03 1.30089893E-02 3.09918757E-02 8.46807651E-01 1.40270579E-16 5.48061374E-19 1.33061357E-38 4.13514502E-33 6.45801827E-32 1.22092049E-31 3.28024363E-22 4.05958178E-09 8.70465644E-21 3.39021299E-30 1.00000000E-40 1.51922393E-28 5.37839729E-16 8.09524167E-15 1.19095540E-04 2.45098748E-04 1.89515193E-35 2.61338711E-38 4.42331253E-11 4.78612046E-39 4.23954861E-40 2.46208414E-33 1.01206625E-39 1.73500808E-12 6.68218348E-15 4.57928139E-07 7.35492074E-10 8.38333427E-14 1.65822187E-07 6.30219128E-10 5.53149517E-23 3.16562779E-19 4.31276063E-06 2.34961156E-33 4.11791713E-23 3.24293617E-35 1.57203223E-40 7.00156876E-37 1.00000000E-40 3.93814426E-31 8.47805901E-35 1.53642127E-10 4.11131861E-35 1.00000000E-40 1.00000000E-40 2.21114003E-34 3.34414216E-37 4.34342509E-13 3.49135757E-30 3.01345190E-32 1.87747422E-34 1.00000000E-40 1.00000000E-40 1.30856261E-38 5.23192257E-28 1.00000000E-40 1.06205366E-38 5.24644841E-16 1.00000000E-40 2.63556934E-34 1.21736000E-13 1.00000000E-05 1.00000000E-05 1.00000000E-05 1.00000000E-05 1.00000000E-05 1.00000000E-05 1.00000000E-05 1.00000000E-05 1.00000000E-05 1.00000000E-05
1.02464000E+02 7.67278000E-07 5.03787834E+13 1.10311753E+02 1.00000000E+05 8.58425183E-12 1.00000000E-40 1.00000000E-40 1.00000000E-40 4.21447280E-14 1.00000000E-40 1.00000000E-40 1.00000000E-40 1.00000000E-40 1.00000000E-40 7.01574176E-06 7.89986559E-04 8.08194257E-11 1.40787426E-10 4.34410065E-03 1.45412864E-02 3.51001869E-02 8.81163684E-01 1.27062943E-16 4.13572806E-19 2.74434551E-38 9.63800553E-33 1.38036032E-31 1.96688235E-31 3.15574505E-22 4.67356769E-09 6.60927926E-21 2.37192364E-30 2.97768158E-31 1.21445138E-28 3.69815530E-16 6.47592477E-15 1.30060325E-04 2.41949514E-04 3.86740287E-35 5.57131983E-38 4.28141368E-11 5.06629559E-39 5.05786063E-40 2.50285665E-33 2.13478714E-39 1.54853726E-12 4.70671087E-15 4.89934164E-07 6.86507455E-10 5.96406147E-14 1.54070642E-07 6.81125014E-10 4.28869122E-23 2.60915536E-19 4.47501551E-06 2.21297894E-33 3.59917143E-23 3.04299452E-35 1.27244769E-40 7.20658820E-37 1.00000000E-40 3.70458343E-31 5.85232408E-35 1.54962422E-10 9.19392554E-35 1.00000000E-40 1.00000000E-40 5.58706393E-34 6.43197003E-37 3.50729948E-13 3.11109950E-30 2.33069177E-32 4.81242219E-34 1.00000000E-40 1.00000000E-40 1.20191312E-38 5.55036505E-28 1.00000000E-40 1.39876508E-38 3.92254052E-16 1.11099458E-32 2.24555892E-34 1.73767000E-13 1.00000000E-05 1.00000000E-05 1.00000000E-05 1.00000000E-05 1.00000000E-05 1.00000000E-05 1.00000000E-05 1.00000000E-05 1.00000000E-05 1.00000000E-05
1.03649000E+02 6.51701000E-07 4.28864985E+13 1.10063803E+02 1.00000000E+05 5.78652729E-12 1.00000000E-40 1.00000000E-40 1.00000000E-40 2.57771945E-14 1.00000000E-40 1.00000000E-40 1.00000000E-40 1.00000000E-40 1.00000000E-40 7.69244709E-06 8.09977321E-04 7.76018406E-11 1.44679310E-10 5.32916904E-03 1.61322584E-02 3.95489713E-02 9.11746817E-01 1.13323150E-16 3.05737802E-19 5.37273586E-38 2.02293767E-32 2.64253005E-31 3.30052656E-31 2.97836453E-22 5.37132865E-09 4.88599073E-21 8.64576748E-31 1.86678436E-31 9.48525709E-29 2.46077123E-16 5.04333642E-15 1.40768139E-04 2.36770196E-04 7.05535756E-35 1.06370291E-37 4.09360761E-11 5.54560544E-39 6.40755648E-40 2.65707114E-33 4.01294550E-39 1.35881173E-12 3.23463952E-15 5.19866459E-07 6.37214079E-10 4.21439421E-14 1.42536471E-07 7.41668491E-10 3.30514967E-23 2.11869875E-19 4.61204536E-06 2.03602847E-33 3.11246751E-23 2.83491409E-35 1.00066506E-40 7.39154522E-37 1.00000000E-40 3.43259386E-31 3.92085987E-35 1.55214937E-10 1.84473587E-34 1.00000000E-40 1.00000000E-40 1.27033507E-33 1.10255781E-36 2.75937387E-13 2.79458076E-30 1.81502779E-32 1.11207898E-33 1.00000000E-40 1.00000000E-40 1.08701377E-38 5.84816314E-28 1.00000000E-40 1.89435687E-38 2.87515130E-16 2.39198788E-32 1.87251040E-34 2.62761000E-13 1.00000000E-05 1.00000000E-05 1.00000000E-05 1.00000000E-05 1.00000000E-05 1.00000000E-05 1.00000000E-05 1.00000000E-05 1.00000000E-05 1.00000000E-05
1.04834000E+02 5.54103000E-07 3.65422398E+13 1.09827742E+02 1.00000000E+05 3.73197471E-12 1.00000000E-40 1.00000000E-40 1.00000000E-40 1.54593073E-14 1.00000000E-40 1.00000000E-40 1.00000000E-40 1.00000000E-40 1.00000000E-40 8.40444520E-06 8.25956614E-04 7.43921138E-11 1.47720985E-10 6.55816031E-03 1.77435101E-02 4.43179103E-02 9.37813326E-01 9.94724862E-17 2.20945111E-19 9.76900638E-38 3.83576180E-32 4.53975194E-31 5.34134266E-31 2.75053202E-22 6.18323778E-09 3.51954381E-21 6.35762304E-31 1.00000000E-40 7.22988249E-29 1.57703692E-16 3.81083030E-15 1.51045187E-04 2.29511788E-04 1.15323378E-34 1.82902962E-37 3.86835469E-11 6.27620854E-39 8.56194589E-40 2.93048742E-33 6.72847321E-39 1.16896410E-12 2.16183090E-15 5.46246648E-07 5.87984074E-10 2.94555671E-14 1.31294038E-07 8.16695194E-10 2.53859034E-23 1.69502661E-19 4.71980216E-06 1.82349882E-33 2.65638635E-23 2.63152971E-35 1.00000000E-40 7.55276074E-37 1.00000000E-40 3.12474384E-31 2.53292678E-35 1.54722632E-10 3.33888457E-34 1.00000000E-40 1.00000000E-40 2.61110417E-33 1.68517161E-36 2.10567893E-13 2.54668273E-30 1.44014678E-32 2.32416417E-33 1.00000000E-40 1.00000000E-40 9.70793142E-39 6.11779182E-28 1.00000000E-40 2.43370998E-38 2.05777144E-16 2.32630198E-32 1.52284590E-34 4.15812000E-13 1.00000000E-05 1.00000000E-05 1.00000000E-05 1.00000000E-05 1.00000000E-05 1.00000000E-05 1.00000000E-05 1.00000000E-05 1.00000000E-05 1.00000000E-05
1.06018000E+02 4.71639000E-07 3.11667985E+13 1.09605976E+02 1.00000000E+05 2.27340114E-12 1.00000000E-40 1.00000000E-40 1.00000000E-40 9.05932547E-15 1.00000000E-40 1.00000000E-40 1.00000000E-40 1.00000000E-40 1.00000000E-40 9.14594527E-06 8.37617773E-04 7.13223044E-11 1.49576512E-10 8.09773429E-03 1.93222012E-02 4.93669408E-02 9.58627677E-01 8.58359144E-17 1.55794789E-19 1.63825041E-37 6.59537578E-32 7.02275438E-31 8.03542952E-31 2.47990135E-22 7.15298085E-09 2.48251303E-21 4.98412902E-31 1.71751709E-31 5.37207171E-29 9.70369141E-17 2.78975553E-15 1.60750283E-04 2.20129944E-04 1.69942811E-34 2.86047646E-37 3.61572268E-11 7.24635724E-39 1.17841986E-39 3.30638515E-33 1.00889161E-38 9.83815360E-13 1.40204463E-15 5.67545617E-07 5.38294440E-10 2.03349160E-14 1.20416772E-07 9.13638167E-10 1.94866381E-23 1.33367386E-19 4.79442690E-06 1.58472432E-33 2.23179015E-23 2.43466687E-35 1.00000000E-40 7.68635599E-37 1.00000000E-40 2.78641611E-31 1.57057657E-35 1.53539936E-10 5.49029908E-34 1.00000000E-40 1.00000000E-40 4.87367981E-33 2.30279013E-36 1.55591087E-13 2.36152194E-30 1.18248755E-32 4.40824994E-33 1.00000000E-40 1.00000000E-40 8.55998193E-39 6.35152765E-28 1.00000000E-40 2.85342461E-38 1.43294772E-16 1.29742365E-32 1.20363211E-34 6.72942000E-13 1.00000000E-05 1.00000000E-05 1.00000000E-05 1.00000000E-05 1.00000000E-05 1.00000000E-05 1.00000000E-05 1.00000000E-05 1.00000000E-05 1.00000000E-05
1.07203000E+02 4.01911000E-07 2.66136749E+13 1.09380968E+02 1.00000000E+05 1.28162850E-12 1.00000000E-40 1.00000000E-40 1.00000000E-40 5.15830782E-15 1.00000000E-40 1.00000000E-40 1.00000000E-40 1.00000000E-40 1.00000000E-40 9.90307374E-06 8.44484269E-04 6.82375845E-11 1.49603276E-10 1.00194249E-02 2.07982792E-02 5.46216071E-02 9.73352377E-01 7.26652109E-17 1.07010998E-19 2.53164719E-37 1.03330646E-31 9.83698345E-31 1.11012607E-30 2.17920945E-22 8.34267865E-09 1.73267339E-21 3.66377127E-31 1.00000000E-40 3.88677246E-29 5.72651099E-17 1.98010074E-15 1.69793073E-04 2.08530195E-04 2.28294741E-34 4.13173265E-37 3.34566783E-11 8.35335337E-39 1.62285217E-39 3.73739972E-33 1.35981060E-38 8.08671371E-13 8.81923218E-16 5.81728837E-07 4.86896739E-10 1.38570726E-14 1.09970075E-07 1.04461150E-09 1.49783265E-23 1.02683989E-19 4.83174895E-06 1.33298854E-33 1.84163243E-23 2.23710330E-35 1.00000000E-40 7.78722256E-37 1.00000000E-40 2.42626383E-31 9.32462879E-36 1.51378863E-10 8.28318628E-34 1.00000000E-40 1.00000000E-40 8.30127287E-33 2.82843920E-36 1.11479421E-13 2.22148196E-30 1.01694467E-32 7.61839113E-33 1.00000000E-40 1.00000000E-40 7.43077451E-39 6.54082091E-28 1.00000000E-40 3.01592715E-38 9.66737155E-17 4.47896517E-33 9.21663179E-35 1.08875000E-12 1.00000000E-05 1.00000000E-05 1.00000000E-05 1.00000000E-05 1.00000000E-05 1.00000000E-05 1.00000000E-05 1.00000000E-05 1.00000000E-05 1.00000000E-05
1.08387000E+02 3.42899000E-07 2.27501182E+13 1.09168987E+02 1.00000000E+05 6.37130189E-13 1.00000000E-40 1.00000000E-40 1.00000000E-40 2.82572538E-15 1.00000000E-40 1.00000000E-40 1.00000000E-40 1.00000000E-40 1.00000000E-40 1.06601258E-05 8.46532224E-04 6.52460559E-11 1.47170630E-10 1.23964159E-02 2.20983904E-02 5.99967836E-02 9.81566263E-01 6.04059694E-17 7.15913557E-20 3.62447217E-37 1.48466134E-31 1.25813979E-30 1.40944982E-30 1.86622362E-22 9.84688437E-09 1.21745363E-21 1.00000000E-40 1.00000000E-40 2.73643511E-29 3.24226142E-17 1.36770809E-15 1.78227881E-04 1.94675037E-04 2.83352090E-34 5.61518691E-37 3.06847841E-11 9.41589745E-39 2.18387491E-39 4.14861140E-33 1.65975725E-38 6.49037501E-13 5.38779304E-16 5.85805655E-07 4.33162012E-10 9.24549985E-15 1.00069365E-07 1.23057246E-09 1.15592863E-23 7.69432163E-20 4.82986401E-06 1.08428517E-33 1.49102933E-23 2.03780035E-35 1.00000000E-40 7.85297475E-37 1.00000000E-40 2.05754050E-31 5.29567523E-36 1.48121307E-10 1.16154577E-33 1.00000000E-40 1.00000000E-40 1.29893454E-32 3.14646725E-36 7.76953627E-14 2.10257207E-30 9.17642748E-33 1.20575913E-32 1.00000000E-40 1.00000000E-40 6.37129062E-39 6.67997179E-28 1.00000000E-40 2.87616759E-38 6.28715924E-17 1.00000000E-40 6.82863927E-35 1.73290000E-12 1.00000000E-05 1.00000000E-05 1.00000000E-05 1.00000000E-05 1.00000000E-05 1.00000000E-05 1.00000000E-05 1.00000000E-05 1.00000000E-05 1.00000000E-05
1.09572000E+02 2.92899000E-07 1.94697218E+13 1.08961948E+02 1.00000000E+05 2.52063242E-13 1.00000000E-40 1.00000000E-40 1.00000000E-40 1.46914671E-15 1.00000000E-40 1.00000000E-40 1.00000000E-40 1.00000000E-40 1.00000000E-40 1.13935870E-05 8.43680152E-04 6.21243730E-11 1.41675870E-10 1.52834761E-02 2.31469856E-02 6.53746847E-02 9.82878975E-01 4.93376111E-17 4.66954117E-20 4.83885700E-37 1.97218304E-31 1.48554556E-30 1.65707113E-30 1.55973398E-22 1.17878197E-08 8.80066598E-22 1.00000000E-40 1.00000000E-40 1.87364115E-29 1.76503490E-17 9.24536963E-16 1.86084244E-04 1.78600913E-04 3.30611215E-34 9.39242461E-37 2.79174374E-11 1.02309183E-38 2.82841019E-39 4.45999716E-33 1.85397799E-38 5.09022772E-13 3.20728049E-16 5.76943619E-07 3.77032659E-10 5.98055383E-15 9.08206125E-08 1.50583796E-09 8.97749075E-24 5.57108263E-20 4.78725065E-06 8.53585845E-34 1.18465629E-23 1.83311031E-35 1.00000000E-40 7.88069456E-37 1.00000000E-40 1.69582398E-31 2.88324223E-36 1.43381728E-10 1.53603374E-33 1.00000000E-40 1.00000000E-40 1.88181169E-32 3.20453184E-36 5.29816688E-14 1.98310981E-30 8.60397342E-33 1.75768965E-32 1.00000000E-40 1.00000000E-40 5.40122949E-39 6.76383394E-28 1.00000000E-40 2.49921099E-38 3.92411212E-17 1.00000000E-40 4.89544978E-35 2.68958000E-12 1.00000000E-05 1.00000000E-05 1.00000000E-05 1.00000000E-05 1.00000000E-05 1.00000000E-05 1.00000000E-05 1.00000000E-05 1.00000000E-05 1.00000000E-05
1.10756000E+02 2.50479000E-07 1.66797723E+13 1.08767193E+02 1.00000000E+05 5.56222665E-14 1.00000000E-40 1.00000000E-40 1.00000000E-40 7.09978106E-16 1.00000000E-40 1.00000000E-40 1.00000000E-40 1.00000000E-40 1.00000000E-40 1.20778939E-05 8.36157107E-04 5.83259849E-11 1.32936692E-10 1.87033855E-02 2.38861369E-02 7.06294375E-02 9.77274344E-01 3.96833948E-17 2.97953432E-20 6.08258286E-37 2.44720147E-31 1.64184039E-30 1.82622617E-30 1.27701850E-22 1.43243358E-08 6.70192423E-22 1.17161213E-31 1.00000000E-40 1.24748674E-29 9.27197810E-18 6.15921363E-16 1.93362786E-04 1.60542876E-04 6.87422306E-34 1.03267466E-34 2.52071559E-11 1.06487860E-38 3.50030358E-39 4.61291955E-33 1.92022184E-38 3.90926227E-13 1.87017764E-16 5.53020583E-07 3.19709723E-10 3.65411750E-15 8.23461856E-08 1.92291032E-09 7.01941155E-24 3.87376554E-20 4.70446017E-06 6.52385520E-34 9.25742200E-24 1.62655522E-35 1.00000000E-40 7.86958098E-37 1.00000000E-40 1.35754225E-31 1.51170356E-36 1.36906018E-10 1.94664909E-33 1.00000000E-40 1.00000000E-40 2.54946740E-32 3.02865712E-36 3.55897693E-14 1.85226877E-30 8.27044737E-33 2.37566736E-32 1.00000000E-40 1.00000000E-40 4.54448038E-39 6.79035388E-28 1.00000000E-40 2.00910509E-38 2.34275709E-17 1.00000000E-40 3.40336754E-35 4.05769000E-12 1.00000000E-05 1.00000000E-05 1.00000000E-05 1.00000000E-05 1.00000000E-05 1.00000000E-05 1.00000000E-05 1.00000000E-05 1.00000000E-05 1.00000000E-05
1.11941000E+02 2.14441000E-07 1.43043394E+13 1.08581724E+02 1.00000000E+05 1.00000000E-40 1.00000000E-40 1.00000000E-40 1.00000000E-40 3.11881026E-16 1.00000000E-40 1.00000000E-40 1.00000000E-40 1.00000000E-40 1.00000000E-40 1.26852976E-05 8.24322280E-04 5.24945895E-11 1.21334650E-10 2.26264942E-02 2.42868221E-02 7.56271185E-02 9.64958188E-01 3.15071884E-17 1.87793746E-20 9.40356832E-37 2.87313541E-31 1.72656956E-30 1.91633464E-30 1.03094315E-22 1.76432550E-08 5.48455376E-22 1.26840037E-30 2.46318138E-30 8.07786307E-30 4.72542051E-18 4.07321193E-16 1.99920663E-04 1.40974528E-04 1.09661124E-30 4.68142833E-32 2.25779607E-11 1.06244303E-38 4.13558834E-39 4.59107748E-33 1.87338282E-38 2.94946323E-13 1.07563285E-16 5.13903775E-07 2.63410449E-10 2.00499767E-15 7.47563751E-08 2.54695473E-09 5.49297336E-24 2.57554959E-20 4.58336859E-06 4.86884727E-34 7.14812714E-24 1.42485834E-35 1.00000000E-40 7.81973230E-37 1.00000000E-40 1.05683282E-31 7.68855061E-37 1.28504543E-10 2.74085516E-33 1.00000000E-40 1.00000000E-40 3.26980728E-32 2.70069038E-36 2.37227145E-14 1.71225305E-30 8.07873348E-33 2.99844726E-32 1.00000000E-40 1.00000000E-40 3.80583117E-39 6.75967169E-28 1.00000000E-40 1.52431255E-38 1.33676252E-17 1.00000000E-40 2.30431233E-35 5.95737000E-12 1.00000000E-05 1.00000000E-05 1.00000000E-05 1.00000000E-05 1.00000000E-05 1.00000000E-05 1.00000000E-05 1.00000000E-05 1.00000000E-05 1.00000000E-05
1.13126000E+02 1.83778000E-07 1.22801509E+13 1.08394323E+02 1.00000000E+05 1.00000000E-40 1.00000000E-40 1.00000000E-40 1.00000000E-40 1.25781887E-16 1.00000000E-40 1.00000000E-40 1.00000000E-40 1.00000000E-40 1.00000000E-40 1.31834808E-05 8.08390138E-04 4.50911870E-11 1.07751268E-10 2.69504101E-02 2.43539542E-02 8.02152185E-02 9.46113087E-01 2.47279463E-17 1.21103554E-20 2.49279167E-33 3.24362521E-31 1.76147761E-30 1.95143696E-30 8.28856724E-23 2.19440354E-08 4.87013995E-22 1.00000000E-40 2.52829074E-30 5.08793504E-30 2.35337523E-18 2.69027311E-16 2.05404674E-04 1.20569583E-04 3.56410771E-27 1.95419103E-29 2.00300380E-11 1.02267297E-38 4.68730093E-39 4.42333391E-33 1.75447764E-38 2.19390062E-13 6.15481283E-17 4.61625275E-07 2.10867371E-10 9.83701451E-16 6.81258605E-08 3.42783765E-09 4.24231959E-24 1.63427547E-20 4.42604998E-06 3.58052248E-34 5.49570444E-24 1.24756849E-35 1.00000000E-40 7.73021900E-37 1.00000000E-40 8.03143590E-32 3.82949701E-37 1.18094116E-10 1.30524493E-31 1.00000000E-40 1.00000000E-40 4.03166955E-32 2.31752046E-36 1.57932789E-14 1.57593360E-30 8.02578929E-33 3.55918325E-32 1.00000000E-40 1.00000000E-40 3.17535817E-39 6.67238389E-28 1.00000000E-40 1.11822700E-38 7.30103007E-18 1.00000000E-40 1.52936953E-35 8.56132000E-12 1.00000000E-05 1.00000000E-05 1.00000000E-05 1.00000000E-05 1.00000000E-05 1.00000000E-05 1.00000000E-05 1.00000000E-05 1.00000000E-05 1.00000000E-05
1.14310000E+02 1.57651000E-07 1.05500436E+13 1.08232875E+02 1.00000000E+05 1.00000000E-40 1.00000000E-40 1.00000000E-40 1.00000000E-40 4.85302785E-17 1.00000000E-40 1.00000000E-40 1.00000000E-40 1.00000000E-40 1.00000000E-40 1.35517361E-05 7.89268923E-04 3.81157080E-11 9.37145148E-11 3.15221727E-02 2.41517273E-02 8.43028601E-02 9.21689790E-01 1.92673262E-17 9.09954845E-21 2.16575846E-28 3.67127899E-31 1.78546801E-30 1.97458585E-30 6.74015236E-23 2.74228278E-08 4.67381487E-22 1.00000000E-40 2.14082535E-30 3.12009174E-30 1.15671946E-18 1.78481483E-16 2.09410635E-04 1.00289596E-04 1.03949888E-23 7.27529420E-27 1.75742684E-11 9.61558445E-39 5.15622930E-39 4.17409204E-33 1.61458008E-38 1.61742251E-13 3.54879718E-17 4.00484333E-07 1.64905784E-10 4.52032810E-16 6.25492088E-08 4.55162235E-09 3.19210603E-24 9.95227952E-21 4.23847350E-06 2.63360183E-34 4.26116419E-24 2.15248001E-35 1.00000000E-40 7.60572293E-37 1.00000000E-40 6.01044520E-32 1.89114748E-37 1.06192804E-10 3.76896369E-29 1.00000000E-40 1.00000000E-40 4.87981174E-32 2.00267546E-36 1.05509380E-14 1.46335487E-30 8.22685248E-33 4.00263737E-32 1.00000000E-40 1.00000000E-40 2.65799178E-39 6.53503554E-28 1.00000000E-40 8.16159128E-39 3.84476349E-18 1.00000000E-40 1.00622291E-35 1.21986000E-11 1.00000000E-05 1.00000000E-05 1.00000000E-05 1.00000000E-05 1.00000000E-05 1.00000000E-05 1.00000000E-05 1.00000000E-05 1.00000000E-05 1.00000000E-05
1.15495000E+02 1.35356000E-07 9.07208155E+12 1.08065554E+02 1.00000000E+05 1.00000000E-40 1.00000000E-40 1.00000000E-40 1.00000000E-40 1.86542846E-17 1.00000000E-40 1.00000000E-40 1.00000000E-40 1.00000000E-40 1.00000000E-40 1.37596938E-05 7.67232129E-04 3.26423659E-11 8.07660400E-11 3.61095168E-02 2.37663817E-02 8.77591539E-02 8.92109736E-01 1.48968067E-17 1.04106904E-20 2.25892827E-23 7.39815310E-28 1.99963379E-30 2.04357583E-30 5.66046941E-23 3.41601609E-08 4.75772584E-22 1.00000000E-40 2.32732999E-30 1.86335026E-30 5.68811971E-19 1.19268566E-16 2.11210684E-04 8.11855523E-05 2.64150461E-20 2.35277195E-24 1.52222506E-11 9.05461179E-39 5.62680409E-39 3.92540468E-33 1.50910663E-38 1.18733212E-13 2.10907978E-17 3.36077741E-07 1.27323186E-10 2.09348076E-16 5.80480966E-08 5.78925172E-09 2.32584837E-24 5.88645503E-21 4.02442292E-06 1.98184855E-34 3.39275632E-24 8.42938409E-34 1.00000000E-40 7.44617524E-37 1.00000000E-40 4.49735521E-32 9.43524374E-38 9.31146992E-11 8.62065338E-27 1.00000000E-40 1.00000000E-40 5.95135658E-32 3.21930788E-33 7.10064124E-15 1.39958738E-30 8.98318591E-33 4.28916406E-32 1.00000000E-40 1.00000000E-40 2.22525906E-39 6.35084664E-28 1.00000000E-40 6.14252369E-39 1.98344869E-18 1.00000000E-40 6.67091011E-36 1.76558000E-11 1.00000000E-05 1.00000000E-05 1.00000000E-05 1.00000000E-05 1.00000000E-05 1.00000000E-05 1.00000000E-05 1.00000000E-05 1.00000000E-05 1.00000000E-05
1.16679000E+02 1.16305000E-07 7.80573167E+12 1.07919888E+02 1.00000000E+05 1.00000000E-40 1.00000000E-40 1.00000000E-40 1.00000000E-40 7.08076685E-18 1.00000000E-40 1.00000000E-40 1.00000000E-40 1.00000000E-40 1.00000000E-40 1.37830321E-05 7.42975175E-04 2.92219491E-11 7.10062800E-11 4.04532480E-02 2.33190519E-02 9.05058085E-02 8.58313595E-01 1.14511933E-17 1.92095572E-20 1.75444851E-18 5.40438917E-23 9.63154739E-27 2.62775646E-30 5.03872353E-23 4.20628994E-08 5.00265870E-22 6.17502453E-31 1.00000000E-40 1.08427502E-30 2.88544933E-19 8.03226915E-17 2.09960042E-04 6.45263060E-05 5.67304326E-17 6.34551284E-22 1.30343273E-11 9.50871600E-36 6.34347770E-39 3.75583614E-33 1.82975473E-38 8.72367366E-14 1.35690951E-17 2.73477255E-07 9.89114245E-11 1.04736240E-16 5.46519097E-08 6.89618586E-09 1.65355460E-24 3.50968448E-21 3.79025043E-06 1.57904664E-34 2.84261153E-24 5.46247163E-32 1.00000000E-40 7.25552053E-37 1.00000000E-40 3.45724912E-32 4.88394011E-38 7.96534237E-11 1.48831593E-24 1.00000000E-40 1.00000000E-40 7.55686576E-32 1.80444247E-28 4.81204112E-15 1.42105549E-30 1.11431005E-32 4.39889100E-32 1.00000000E-40 1.00000000E-40 1.87157698E-39 6.12695540E-28 1.00000000E-40 5.87382103E-39 1.04190035E-18 1.00000000E-40 4.58118191E-36 2.70911000E-11 1.00000000E-05 1.00000000E-05 1.00000000E-05 1.00000000E-05 1.00000000E-05 1.00000000E-05 1.00000000E-05 1.00000000E-05 1.00000000E-05 1.00000000E-05
1.17864000E+02 9.99997000E-08 6.71756279E+12 1.07821081E+02 1.00000000E+05 1.00000000E-40 1.00000000E-40 1.00000000E-40 1.00000000E-40 2.28750305E-18 1.00000000E-40 1.00000000E-40 1.00000000E-40 1.00000000E-40 1.00000000E-40 1.35963723E-05 7.17692041E-04 2.81582969E-11 6.98570629E-11 4.42791874E-02 2.29602977E-02 9.25232956E-02 8.21847006E-01 8.88164743E-18 4.33497392E-20 9.85494439E-14 2.67004825E-18 4.13575037E-22 1.36285469E-26 4.87334878E-23 5.06323599E-08 5.35849974E-22 1.18326747E-30 1.00000000E-40 6.15037892E-31 1.71178569E-19 5.43998060E-17 2.04447547E-04 5.20318728E-05 9.68829980E-14 1.25464966E-19 1.11696827E-11 1.98480322E-30 7.97342206E-39 3.72088145E-33 2.29955923E-36 6.45555997E-14 1.03493882E-17 2.18046350E-07 7.93172490E-11 6.15077965E-17 5.24099470E-08 7.56182054E-09 1.18847979E-24 2.35702608E-21 3.54477595E-06 1.38978629E-34 2.57367805E-24 2.96012031E-30 1.00000000E-40 7.04276178E-37 1.00000000E-40 2.84979145E-32 2.74552202E-38 6.66482592E-11 1.77115858E-22 1.00000000E-40 1.00000000E-40 1.03205401E-31 6.74118741E-24 3.27320829E-15 1.60233778E-30 1.81618409E-32 4.32574574E-32 1.00000000E-40 1.00000000E-40 1.58888652E-39 5.87483713E-28 1.00000000E-40 2.27384340E-35 6.32220416E-19 1.00000000E-40 3.40385270E-36 4.79743000E-11 1.00000000E-05 1.00000000E-05 1.00000000E-05 1.00000000E-05 1.00000000E-05 1.00000000E-05 1.00000000E-05 1.00000000E-05 1.00000000E-05 1.00000000E-05
