alt press den temp eddy H2Oaer SO2aer CO2aer S8aer H2SO4aer C2H2aer C2H4aer C2H6aer CH4aer HCaer1 H H2 H2O OH O O2 CO CO2 HCO H2CO C CH CH2 CH3 CH4 S S2 S3 S4 S8 H2S HS SO SO2 CS CS2 OCS C2 C2H C2H2 C2H4 HO2 H2O2 O3 SO3 H2SO4 HCl Cl Cl2 HOCl ClO C2H6 CH3OH CH2CO CH3CHO C3H4 C3H6 C4H2 C4H4 OClO HCS C2H3 C2H5 1CH2 HCCO HSO CH3O H2COH C4H C2H2OH CH3CO CH2CHO C2H3OH C2H4OH CH3O2 HSO3 HS4 C4H3 O1D H2Oaer_r SO2aer_r CO2aer_r S8aer_r H2SO4aer_r C2H2aer_r C2H4aer_r C2H6aer_r CH4aer_r HCaer1_r
5.92280000E-01 7.00131000E-01 2.46755391E+19 2.05508304E+02 1.00000000E+05 7.02988778E-01 2.72186655E+02 3.92405632E-10 1.46134088E-34 6.59077760E-08 1.15702488E-40 1.15702488E-40 1.15702488E-40 1.15702488E-40 1.15815607E-40 7.87639054E-16 7.14152081E-06 5.24147455E-06 6.67473239E-25 9.29215612E-21 1.42830416E-09 1.57113458E-07 7.14152081E-01 3.80221016E-18 1.75020963E-18 1.00000000E-40 1.00000000E-40 1.00000000E-40 3.27584426E-31 2.03092791E-26 1.09009567E-19 2.63655389E-17 1.78737424E-24 7.88331634E-24 2.16441296E-21 2.85660833E-13 4.95118532E-15 3.50511216E-16 4.29688793E-02 2.60920135E-33 3.80679238E-32 1.10674987E-12 1.00000000E-40 1.00000000E-40 1.75376487E-33 2.98254912E-32 3.87780541E-13 4.14762669E-11 2.11170198E-19 1.09755579E-18 6.85740646E-14 3.57076041E-08 6.50387250E-16 3.67112351E-22 7.70843444E-25 1.55309638E-09 3.83851661E-36 1.38699318E-25 8.76192447E-30 7.97680699E-34 1.43764083E-39 1.21154075E-40 9.78416053E-32 5.05476182E-33 3.62599180E-14 9.89846137E-36 1.00000000E-40 1.07984316E-34 1.00000000E-40 1.00000000E-40 1.91879646E-13 2.33662289E-26 3.05922322E-28 1.00000000E-40 1.00000000E-40 3.75999512E-33 1.47568374E-35 7.19058335E-32 1.20345837E-39 2.40825365E-28 1.22366059E-16 4.62132681E-23 1.33631622E-34 1.00000000E-40 1.00000000E-05 1.00000000E-05 1.00000000E-05 1.00000000E-05 1.00000000E-05 1.00000000E-05 1.00000000E-05 1.00000000E-05 1.00000000E-05 1.00000000E-05
1.77684000E+00 5.97166000E-01 2.14118777E+19 2.02002635E+02 1.00000000E+05 8.29106432E-01 3.03339059E+02 6.95261613E-10 2.48517591E-34 7.25700328E-08 1.27648465E-40 1.27648465E-40 1.27648465E-40 1.27648465E-40 1.27774877E-40 1.06013602E-16 7.59067327E-06 3.75099085E-06 9.67700569E-26 1.13057279E-20 1.01484630E-08 1.85102489E-07 7.40125177E-01 7.52250549E-20 1.74637828E-18 1.00000000E-40 1.00000000E-40 5.68573894E-39 9.64224792E-33 2.02899406E-26 3.51354356E-20 2.75302190E-17 1.50612745E-24 6.99476852E-24 2.25438734E-21 4.91151618E-13 7.85534493E-15 1.08340024E-15 3.75524514E-02 2.71368837E-33 3.97494997E-32 1.15839326E-12 1.00000000E-40 1.00000000E-40 1.83430708E-33 3.11499753E-32 3.58143557E-13 5.01105894E-11 9.53284324E-19 1.24463165E-18 4.78545076E-14 3.79547771E-08 6.18898079E-16 2.39975151E-22 5.16355038E-25 1.62995796E-09 4.00711555E-36 1.38106215E-25 9.14367384E-30 7.84115828E-34 1.50170010E-39 1.28938424E-40 1.02313310E-31 5.18566945E-33 2.51096493E-14 1.07018186E-35 1.00000000E-40 1.11490823E-34 1.00000000E-40 1.00000000E-40 4.51525301E-13 2.56339663E-27 2.88436205E-28 1.00000000E-40 1.00000000E-40 2.55835884E-33 1.49018166E-35 7.53981334E-32 1.70051461E-39 2.52429351E-28 2.27862772E-18 4.74223500E-23 1.16822743E-34 1.00000000E-40 1.00000000E-05 1.00000000E-05 1.00000000E-05 1.00000000E-05 1.00000000E-05 1.00000000E-05 1.00000000E-05 1.00000000E-05 1.00000000E-05 1.00000000E-05
2.96140000E+00 5.07918000E-01 1.85297552E+19 1.98536627E+02 1.00000000E+05 1.00881550E+00 3.44174338E+02 1.45223873E-09 4.88527965E-34 8.12135414E-08 1.43003246E-40 1.43003246E-40 1.43003246E-40 1.43003246E-40 1.43147430E-40 4.90448513E-17 8.08983090E-06 2.61620611E-06 4.76059872E-26 1.40211541E-20 2.06446021E-08 2.17840665E-07 7.67271068E-01 1.77690741E-20 1.73844496E-18 1.00000000E-40 1.00000000E-40 1.09517727E-39 2.53899855E-33 2.03073256E-26 3.71239590E-20 2.88253334E-17 1.28684428E-24 6.23600030E-24 2.34725917E-21 7.37382925E-13 1.19887878E-14 2.84839265E-15 3.24491262E-02 2.82068417E-33 4.16020827E-32 1.21434585E-12 1.00000000E-40 1.00000000E-40 1.92662435E-33 3.26006900E-32 3.19428215E-13 5.71567099E-11 1.88802067E-18 1.49510911E-18 3.39965277E-14 4.04456397E-08 6.10657183E-16 1.44631635E-22 3.33093950E-25 1.72168685E-09 4.19343884E-36 1.37816112E-25 9.55809090E-30 7.71824817E-34 1.57304531E-39 1.37621631E-40 1.07298551E-31 5.31286842E-33 1.74431084E-14 1.16207643E-35 1.00000000E-40 1.15234159E-34 1.00000000E-40 1.00000000E-40 7.60965274E-13 2.48968927E-28 2.76552403E-28 1.00000000E-40 1.00000000E-40 2.08588430E-33 1.50351243E-35 7.96145423E-32 2.36954773E-39 2.60952507E-28 4.89957517E-19 4.87229915E-23 1.06015956E-34 1.00000000E-40 1.00000000E-05 1.00000000E-05 1.00000000E-05 1.00000000E-05 1.00000000E-05 1.00000000E-05 1.00000000E-05 1.00000000E-05 1.00000000E-05 1.00000000E-05
4.14596000E+00 4.40637000E-01 1.63222192E+19 1.95532284E+02 1.00000000E+05 1.21563324E+00 3.86015996E+02 3.22371679E-09 1.01142761E-33 8.99407540E-08 1.58238836E-40 1.58238836E-40 1.58238836E-40 1.58238836E-40 1.58401771E-40 2.90707976E-17 8.45224821E-06 1.87052126E-06 2.99968685E-26 1.70515272E-20 3.25428974E-08 2.50528574E-07 7.77622802E-01 6.85926864E-21 1.68731889E-18 1.00000000E-40 1.00000000E-40 2.00659060E-40 1.15583628E-33 1.99235057E-26 4.25399467E-20 2.95831355E-17 1.07554610E-24 5.42829746E-24 2.38764644E-21 1.01299813E-12 1.64975181E-14 6.05724499E-15 2.81862485E-02 2.86789177E-33 4.26622114E-32 1.24639679E-12 1.00000000E-40 1.00000000E-40 1.98703507E-33 3.34227010E-32 2.82947286E-13 6.16923875E-11 2.89540317E-18 1.76599910E-18 2.48547667E-14 4.22470934E-08 5.95471064E-16 8.63071681E-23 2.06773632E-25 1.78813521E-09 4.30175275E-36 1.34831351E-25 9.78348769E-30 7.43558984E-34 1.61556756E-39 1.43818178E-40 1.10325558E-31 5.32332153E-33 1.22723647E-14 1.23534900E-35 1.00000000E-40 1.16592878E-34 1.00000000E-40 1.00000000E-40 1.10336523E-12 4.16852542E-29 2.63850052E-28 1.00000000E-40 1.00000000E-40 1.84141536E-33 1.48457607E-35 8.27965714E-32 3.14560064E-39 2.62505163E-28 1.75326210E-19 4.90552773E-23 9.74189094E-35 1.00000000E-40 1.00000000E-05 1.00000000E-05 1.00000000E-05 1.00000000E-05 1.00000000E-05 1.00000000E-05 1.00000000E-05 1.00000000E-05 1.00000000E-05 1.00000000E-05
5.33052000E+00 3.89650000E-01 1.46242493E+19 1.92982450E+02 1.00000000E+05 1.43988436E+00 4.27083067E+02 7.34114914E-09 2.14283016E-33 9.84238362E-08 1.72707992E-40 1.72707992E-40 1.72707992E-40 1.72707992E-40 1.72889972E-40 1.94146243E-17 8.66429247E-06 1.38676244E-06 2.12032512E-26 2.02813693E-20 4.54017475E-08 2.81950912E-07 7.70753946E-01 3.33799234E-21 1.59568431E-18 1.00000000E-40 1.00000000E-40 1.00000000E-40 6.39249172E-34 1.91770586E-26 4.78279592E-20 2.97747738E-17 8.78269250E-25 4.60853296E-24 2.37347762E-21 1.31134258E-12 2.09747734E-14 1.11535270E-14 2.47578527E-02 2.85728118E-33 4.28932228E-32 1.25335189E-12 1.00000000E-40 1.00000000E-40 2.01421428E-33 3.35888280E-32 2.49381721E-13 6.38452010E-11 3.89429786E-18 2.02293043E-18 1.86139472E-14 4.32918465E-08 5.72968411E-16 5.23582170E-23 1.24424590E-25 1.82664771E-09 4.32945668E-36 1.29420122E-25 9.81212833E-30 7.01206721E-34 1.62808097E-39 1.47197467E-40 1.11303986E-31 5.22309982E-33 8.77386745E-15 1.28530026E-35 1.00000000E-40 1.15532647E-34 1.00000000E-40 1.00000000E-40 1.46301592E-12 1.30828837E-29 2.49646051E-28 1.00000000E-40 1.00000000E-40 1.67940283E-33 1.43605312E-35 8.49012998E-32 3.99892619E-39 2.57610501E-28 7.99438514E-20 4.84494087E-23 9.00591669E-35 1.00000000E-40 1.00000000E-05 1.00000000E-05 1.00000000E-05 1.00000000E-05 1.00000000E-05 1.00000000E-05 1.00000000E-05 1.00000000E-05 1.00000000E-05 1.00000000E-05
6.51508000E+00 3.46768000E-01 1.31929501E+19 1.90376707E+02 1.00000000E+05 1.68660154E+00 4.70356642E+02 1.69929285E-08 4.62354860E-33 1.07384971E-07 1.87658488E-40 1.87658488E-40 1.87658488E-40 1.87658488E-40 1.87861105E-40 1.34761526E-17 8.82618946E-06 1.00953641E-06 1.57430771E-26 2.42382507E-20 5.93903327E-08 3.14625818E-07 7.56330537E-01 1.77448995E-21 1.48636927E-18 1.00000000E-40 1.00000000E-40 1.00000000E-40 3.83426893E-34 1.83422081E-26 5.29834443E-20 2.97585496E-17 7.13167705E-25 3.88265199E-24 2.33399140E-21 1.64327412E-12 2.55383268E-14 1.90601724E-14 2.13922709E-02 2.82773437E-33 4.28184367E-32 1.25044551E-12 1.00000000E-40 1.00000000E-40 2.03289526E-33 3.35107384E-32 2.15674265E-13 6.45926789E-11 4.95761266E-18 2.28480732E-18 1.38070666E-14 4.40815440E-08 5.44750212E-16 3.15931955E-23 7.39064522E-26 1.85840254E-09 4.33013624E-36 1.23443052E-25 9.76457700E-30 6.55166146E-34 1.63057786E-39 1.49410018E-40 1.11594012E-31 5.08366177E-33 6.22571666E-15 1.32489309E-35 1.00000000E-40 1.13512617E-34 1.00000000E-40 1.00000000E-40 1.84326975E-12 5.13827647E-30 2.36451901E-28 1.00000000E-40 1.00000000E-40 1.56495891E-33 1.37820715E-35 8.69720422E-32 4.95642417E-39 2.50067756E-28 4.02141322E-20 4.75475245E-23 8.43515072E-35 1.00000000E-40 1.00000000E-05 1.00000000E-05 1.00000000E-05 1.00000000E-05 1.00000000E-05 1.00000000E-05 1.00000000E-05 1.00000000E-05 1.00000000E-05 1.00000000E-05
7.69964000E+00 3.08741000E-01 1.19006255E+19 1.87906255E+02 1.00000000E+05 1.96314749E+00 5.18798850E+02 3.98023223E-08 1.01480358E-32 1.17557017E-07 2.04328101E-40 2.04328101E-40 2.04328101E-40 2.04328101E-40 2.04554379E-40 9.75829598E-18 8.98787143E-06 7.39544497E-07 1.23097964E-26 2.92740384E-20 7.48098177E-08 3.50260043E-07 7.38668643E-01 1.02067886E-21 1.36828046E-18 1.00000000E-40 1.00000000E-40 1.00000000E-40 2.47209711E-34 1.75366186E-26 5.75356290E-20 2.97006956E-17 5.76822728E-25 3.25107955E-24 2.28225713E-21 2.02165589E-12 3.01333663E-14 3.09695692E-14 1.85080387E-02 2.79843053E-33 4.26841525E-32 1.24483494E-12 1.00000000E-40 1.00000000E-40 2.05528666E-33 3.33825690E-32 1.85035491E-13 6.45350423E-11 6.12371182E-18 2.60475704E-18 1.03722765E-14 4.48660045E-08 5.15457003E-16 1.91098470E-23 4.41366286E-26 1.89377036E-09 4.32942222E-36 1.17692786E-25 9.69720700E-30 6.09557686E-34 1.63263121E-39 1.51260540E-40 1.11848444E-31 4.93733376E-33 4.47346127E-15 1.36050342E-35 1.00000000E-40 1.11187373E-34 1.00000000E-40 1.00000000E-40 2.24933874E-12 2.20470497E-30 2.24927468E-28 1.00000000E-40 1.00000000E-40 1.47733488E-33 1.31979123E-35 8.95540054E-32 6.04981882E-39 2.41693606E-28 2.21024390E-20 4.66431856E-23 8.01101216E-35 1.73379000E-40 1.00000000E-05 1.00000000E-05 1.00000000E-05 1.00000000E-05 1.00000000E-05 1.00000000E-05 1.00000000E-05 1.00000000E-05 1.00000000E-05 1.00000000E-05
8.88420000E+00 2.75166000E-01 1.07579033E+19 1.85260935E+02 1.00000000E+05 2.26326206E+00 5.71574021E+02 9.34262008E-08 2.25008715E-32 1.28797572E-07 2.22408777E-40 2.22408777E-40 2.22408777E-40 2.22408777E-40 2.22661559E-40 7.05551755E-18 9.14317183E-06 5.24265188E-07 1.14800514E-26 3.60257148E-20 9.17119028E-08 3.88827265E-07 7.16984488E-01 5.94943831E-22 1.23937041E-18 1.00000000E-40 1.00000000E-40 1.00000000E-40 1.62897588E-34 1.67488272E-26 6.10204747E-20 2.95727509E-17 4.65060147E-25 2.70937588E-24 2.21567384E-21 2.45230040E-12 3.46260488E-14 4.84955525E-14 1.56483390E-02 2.76930572E-33 4.24563693E-32 1.23547524E-12 1.00000000E-40 1.00000000E-40 2.08050597E-33 3.31785608E-32 1.54372675E-13 6.38060600E-11 7.50009690E-18 2.99629735E-18 7.69192023E-15 4.56145775E-08 4.80226270E-16 1.12338899E-23 2.74203792E-26 1.93139465E-09 4.32458631E-36 1.12090205E-25 9.60205839E-30 5.63694260E-34 1.63317529E-39 1.52606105E-40 1.11993479E-31 4.78124169E-33 3.17322030E-15 1.39036570E-35 1.00000000E-40 1.08449283E-34 1.00000000E-40 1.00000000E-40 2.67738033E-12 9.51896055E-31 2.14308918E-28 1.00000000E-40 1.00000000E-40 1.40117950E-33 1.25983780E-35 9.26461930E-32 7.29138967E-39 2.32495141E-28 1.45754181E-20 4.57082224E-23 7.67927299E-35 3.65995000E-40 1.00000000E-05 1.00000000E-05 1.00000000E-05 1.00000000E-05 1.00000000E-05 1.00000000E-05 1.00000000E-05 1.00000000E-05 1.00000000E-05 1.00000000E-05
1.00688000E+01 2.45598000E-01 9.73890577E+18 1.82654922E+02 1.00000000E+05 2.58474422E+00 6.29187307E+02 2.17940814E-07 5.01913216E-32 1.41309262E-07 2.42179768E-40 2.42179768E-40 2.42179768E-40 2.42179768E-40 2.42462338E-40 5.12734355E-18 9.28676915E-06 3.66757266E-07 4.52240156E-26 4.50394817E-20 1.10119982E-07 4.30260240E-07 6.90628906E-01 3.53389118E-22 1.09797391E-18 1.00000000E-40 1.00000000E-40 1.00000000E-40 1.09903657E-34 1.59716365E-26 6.24515559E-20 2.93510749E-17 3.71526861E-25 2.23672736E-24 2.13205345E-21 2.94096351E-12 3.86436832E-14 7.21557912E-14 1.30856700E-02 2.74033703E-33 4.21078381E-32 1.22151081E-12 1.00000000E-40 1.00000000E-40 2.10793582E-33 3.28779451E-32 1.25678697E-13 6.25154985E-11 9.11682304E-18 3.49517143E-18 5.70988643E-15 4.63008314E-08 4.40117060E-16 6.41432322E-24 1.93783630E-26 1.97015657E-09 4.31349329E-36 1.06586026E-25 9.47267859E-30 5.17044819E-34 1.63137135E-39 1.53323946E-40 1.11970699E-31 4.61328211E-33 2.23694622E-15 1.41286714E-35 1.00000000E-40 1.05212012E-34 1.00000000E-40 1.00000000E-40 3.12368550E-12 4.10402957E-31 2.04041516E-28 1.00000000E-40 1.00000000E-40 1.32851908E-33 1.19764747E-35 9.62570991E-32 8.69517258E-39 2.22473340E-28 4.09591276E-20 4.47226678E-23 7.40157846E-35 7.73217000E-40 1.00000000E-05 1.00000000E-05 1.00000000E-05 1.00000000E-05 1.00000000E-05 1.00000000E-05 1.00000000E-05 1.00000000E-05 1.00000000E-05 1.00000000E-05
1.12533000E+01 2.19575000E-01 8.83377821E+18 1.80033414E+02 1.00000000E+05 2.92382466E+00 6.91448596E+02 5.09969208E-07 1.14939033E-31 1.55160673E-07 2.63606798E-40 2.63606798E-40 2.63606798E-40 2.63606798E-40 2.63922738E-40 3.69074870E-18 9.41513351E-06 2.51350121E-07 4.18593883E-25 5.73143456E-20 1.30054909E-07 4.74525134E-07 6.59128118E-01 2.09328244E-22 9.42966295E-19 1.00000000E-40 1.00000000E-40 1.00000000E-40 7.45901141E-35 1.52020215E-26 6.05853589E-20 2.90200581E-17 2.93023840E-25 1.82625956E-24 2.02975488E-21 3.49357561E-12 4.16163381E-14 9.89300353E-14 1.07696597E-02 2.71150624E-33 4.16214330E-32 1.20237072E-12 1.00000000E-40 1.00000000E-40 2.13740082E-33 3.24673976E-32 1.00607933E-13 6.07522690E-11 1.10624476E-17 4.16094116E-18 4.25613168E-15 4.69072486E-08 3.94169231E-16 3.48058853E-24 1.78264946E-26 2.00937148E-09 4.29492872E-36 1.01159294E-25 9.30480516E-30 4.69203535E-34 1.62673339E-39 1.53327059E-40 1.11745879E-31 4.43231296E-33 1.54408237E-15 1.42673120E-35 1.00000000E-40 1.01415811E-34 1.00000000E-40 1.00000000E-40 3.58820249E-12 1.71879937E-31 1.93740889E-28 1.00000000E-40 1.00000000E-40 1.25558005E-33 1.13279527E-35 1.00413600E-31 1.02796188E-38 2.11641165E-28 2.70434128E-19 4.36769449E-23 7.15252643E-35 1.65316000E-39 1.00000000E-05 1.00000000E-05 1.00000000E-05 1.00000000E-05 1.00000000E-05 1.00000000E-05 1.00000000E-05 1.00000000E-05 1.00000000E-05 1.00000000E-05
1.24379000E+01 1.96694000E-01 8.03638258E+18 1.77274891E+02 1.00000000E+05 3.27246576E+00 7.57864277E+02 1.17703311E-06 2.88400163E-31 1.70385761E-07 2.86637201E-40 2.86637201E-40 2.86637201E-40 2.86637201E-40 2.86990090E-40 2.58421472E-18 9.52384936E-06 1.66369453E-07 2.76080531E-24 7.45066738E-20 1.51480371E-07 5.21449788E-07 6.22042149E-01 1.20599547E-22 7.74760668E-19 1.00000000E-40 1.00000000E-40 1.00000000E-40 4.99271432E-35 1.44373813E-26 5.39580041E-20 2.85656091E-17 2.27150436E-25 1.47274717E-24 1.90725493E-21 4.11436583E-12 4.26283591E-14 1.19053222E-13 8.64316334E-03 2.68183996E-33 4.09794349E-32 1.17746102E-12 1.00000000E-40 1.00000000E-40 2.16854229E-33 3.19325338E-32 8.40135053E-14 5.85737128E-11 1.34751058E-17 5.29198327E-18 3.29996036E-15 4.74119403E-08 3.41794574E-16 1.71715806E-24 2.13649442E-26 2.04817921E-09 4.26743367E-36 9.57924711E-26 9.09398337E-30 4.19806474E-34 1.61868247E-39 1.52523257E-40 1.11278322E-31 4.23712388E-33 1.01528210E-15 1.43062807E-35 1.00000000E-40 9.70029197E-35 1.00000000E-40 1.00000000E-40 4.07675615E-12 6.76566777E-32 1.83109481E-28 1.00000000E-40 1.00000000E-40 1.18037585E-33 1.06486963E-35 1.05128102E-31 1.20637363E-38 1.99987587E-28 1.25855211E-18 4.25605847E-23 6.91386832E-35 3.64660000E-39 1.00000000E-05 1.00000000E-05 1.00000000E-05 1.00000000E-05 1.00000000E-05 1.00000000E-05 1.00000000E-05 1.00000000E-05 1.00000000E-05 1.00000000E-05
1.36224000E+01 1.76553000E-01 7.32278778E+18 1.74628599E+02 1.00000000E+05 3.63109596E+00 8.29534933E+02 2.71516442E-06 1.26884706E-30 1.87452680E-07 3.11771501E-40 3.11771501E-40 3.11771501E-40 3.11771501E-40 3.12165954E-40 1.80665716E-18 9.61087674E-06 1.09842380E-07 1.25772146E-23 9.83862444E-20 1.74378716E-07 5.70952667E-07 5.79131413E-01 6.97620407E-23 5.98163974E-19 1.00000000E-40 1.00000000E-40 1.00000000E-40 3.37799104E-35 1.36788234E-26 4.27842499E-20 2.79848786E-17 1.71328188E-25 1.16533043E-24 1.76365303E-21 4.80674455E-12 4.09289715E-14 1.20061948E-13 6.89277952E-03 2.64988668E-33 4.01763226E-32 1.14651780E-12 1.00000000E-40 1.00000000E-40 2.20154691E-33 3.12675788E-32 8.47240185E-14 5.60289481E-11 1.63588634E-17 8.01774147E-18 3.02046239E-15 4.78048433E-08 2.88722819E-16 7.57093383E-25 2.73950378E-26 2.08623990E-09 4.23064148E-36 9.04925980E-26 8.83825042E-30 3.68654110E-34 1.60705611E-39 1.50865201E-40 1.10556038E-31 4.02753198E-33 6.34391343E-16 1.42366925E-35 1.00000000E-40 9.19428648E-35 1.00000000E-40 1.00000000E-40 4.59968133E-12 2.54373925E-32 1.71953851E-28 1.00000000E-40 1.00000000E-40 1.10200518E-33 9.93708682E-36 1.10436846E-31 1.40729861E-38 1.87533230E-28 4.05010555E-18 4.13741043E-23 6.67381151E-35 7.93615000E-39 1.00000000E-05 1.00000000E-05 1.00000000E-05 1.00000000E-05 1.00000000E-05 1.00000000E-05 1.00000000E-05 1.00000000E-05 1.00000000E-05 1.00000000E-05
1.48070000E+01 1.58735000E-01 6.69617894E+18 1.71696864E+02 1.00000000E+05 3.98943669E+00 9.05470951E+02 6.17853557E-06 1.74601925E-29 2.06380766E-07 3.38744022E-40 3.38744022E-40 3.38744022E-40 3.38744022E-40 3.39184447E-40 1.18134980E-18 9.67769497E-06 6.77412270E-08 4.45546780E-23 1.33734380E-19 1.98758215E-07 6.23082028E-07 5.30472367E-01 3.72010294E-23 4.25597711E-19 1.00000000E-40 1.00000000E-40 1.00000000E-40 2.16565813E-35 1.29330664E-26 2.93456005E-20 2.72893057E-17 1.26228252E-25 9.08616050E-25 1.59904397E-21 5.57270572E-12 3.63784924E-14 1.01015635E-13 5.25393622E-03 2.61389887E-33 3.92243799E-32 1.10976833E-12 1.00000000E-40 1.00000000E-40 2.23738366E-33 3.04796475E-32 1.05294896E-13 5.31790620E-11 2.01029010E-17 1.59366976E-17 3.45371111E-15 4.80934471E-08 2.31245142E-16 2.80926122E-25 3.18279825E-26 2.12396544E-09 4.18580977E-36 8.53039528E-26 8.53939508E-30 3.16012283E-34 1.59230892E-39 1.48371328E-40 1.09609560E-31 3.80498145E-33 3.65123969E-16 1.40561563E-35 1.00000000E-40 8.62470540E-35 1.00000000E-40 1.00000000E-40 5.15817096E-12 8.54012489E-33 1.60205068E-28 1.00000000E-40 1.00000000E-40 1.02041210E-33 9.19553815E-36 1.16408446E-31 1.63381570E-38 1.74360799E-28 9.80659676E-18 4.01345043E-23 6.42719375E-35 1.68303000E-38 1.00000000E-05 1.00000000E-05 1.00000000E-05 1.00000000E-05 1.00000000E-05 1.00000000E-05 1.00000000E-05 1.00000000E-05 1.00000000E-05 1.00000000E-05
1.59916000E+01 1.42810000E-01 6.12211997E+18 1.68955954E+02 1.00000000E+05 4.36090803E+00 9.90157865E+02 1.42030823E-05 5.17599916E-28 2.28596210E-07 3.69238976E-40 3.69238976E-40 3.69238976E-40 3.69238976E-40 3.69732390E-40 7.80208260E-19 9.73225706E-06 4.19323801E-08 1.25521558E-22 1.86159569E-19 2.24801514E-07 6.78389412E-07 4.76422976E-01 2.00679283E-23 2.75026244E-19 1.00000000E-40 1.00000000E-40 1.00000000E-40 1.42008670E-35 1.22132456E-26 1.81540468E-20 2.65069159E-17 9.01939478E-26 6.89424093E-25 1.41436696E-21 6.41673726E-12 3.05765059E-14 7.46552637E-14 3.99581133E-03 2.57271881E-33 3.81605999E-32 1.06809033E-12 1.00000000E-40 1.00000000E-40 2.27857226E-33 2.95941457E-32 1.40469397E-13 5.01103743E-11 2.47043380E-17 3.77271486E-17 4.65057957E-15 4.83173023E-08 1.80729174E-16 9.68599488E-26 3.19222438E-26 2.16323723E-09 4.13681574E-36 8.03123620E-26 8.20415751E-30 2.62926540E-34 1.57589890E-39 1.45157027E-40 1.08538782E-31 3.57276144E-33 2.10135031E-16 1.37718486E-35 1.00000000E-40 7.99701704E-35 1.00000000E-40 1.00000000E-40 5.74507861E-12 2.85194273E-33 1.47896495E-28 1.00000000E-40 1.00000000E-40 9.36117129E-34 8.43021767E-36 1.23199460E-31 1.89039123E-38 1.60620022E-28 1.88282279E-17 3.88817309E-23 6.17446899E-35 3.20502000E-38 1.00000000E-05 1.00000000E-05 1.00000000E-05 1.00000000E-05 1.00000000E-05 1.00000000E-05 1.00000000E-05 1.00000000E-05 1.00000000E-05 1.00000000E-05
1.71761000E+01 1.28408000E-01 5.61143345E+18 1.65742919E+02 1.00000000E+05 4.73790546E+00 1.08444933E+03 4.18721461E-05 1.86972735E-26 2.55072834E-07 4.03314623E-40 4.03314623E-40 4.03314623E-40 4.03314623E-40 4.03868888E-40 4.70530158E-19 9.78391490E-06 2.35419470E-08 3.14651371E-22 2.74181850E-19 2.52792899E-07 7.37667920E-07 4.17265993E-01 9.60851622E-24 1.60973301E-19 1.00000000E-40 1.00000000E-40 1.00000000E-40 8.64401241E-36 1.15314975E-26 1.01447650E-20 2.56639997E-17 6.33282239E-26 5.11836563E-25 1.21037976E-21 7.34785369E-12 2.43852065E-14 5.20782444E-14 2.84195782E-03 2.52524532E-33 3.70237511E-32 1.02236653E-12 1.00000000E-40 1.00000000E-40 2.32806814E-33 2.86375518E-32 1.77253785E-13 4.68939101E-11 3.13392971E-17 9.54241961E-17 6.21783042E-15 4.85227636E-08 1.31658794E-16 2.98789129E-26 2.84296626E-26 2.20634252E-09 4.08789318E-36 7.55961645E-26 7.83928585E-30 2.11216281E-34 1.55942848E-39 1.41351238E-40 1.07453868E-31 3.33373803E-33 1.18456655E-16 1.33925808E-35 1.00000000E-40 7.31571331E-35 1.00000000E-40 1.00000000E-40 6.35660259E-12 9.75620754E-34 1.35065713E-28 1.00000000E-40 1.00000000E-40 8.49519289E-34 7.64538079E-36 1.31002339E-31 2.18166713E-38 1.46419019E-28 3.02854422E-17 3.76563008E-23 5.91809732E-35 5.67968000E-38 1.00000000E-05 1.00000000E-05 1.00000000E-05 1.00000000E-05 1.00000000E-05 1.00000000E-05 1.00000000E-05 1.00000000E-05 1.00000000E-05 1.00000000E-05
1.83607000E+01 1.15307000E-01 5.13269022E+18 1.62714905E+02 1.00000000E+05 5.15720755E+00 1.20205818E+03 5.53137810E-04 6.15274329E-25 2.90656307E-07 4.44943167E-40 4.44943167E-40 4.44943167E-40 4.44943167E-40 4.45572326E-40 2.92607622E-19 9.83822780E-06 1.31859393E-08 7.10082919E-22 4.24303460E-19 2.83013258E-07 8.01620646E-07 3.52874522E-01 4.69617524E-24 8.62619845E-20 1.00000000E-40 1.00000000E-40 1.00000000E-40 5.55646061E-36 1.08930853E-26 5.42518037E-21 2.47705895E-17 4.29781854E-26 3.63438756E-25 9.86797340E-22 8.37634125E-12 1.89825266E-14 3.73820069E-14 2.01060974E-03 2.46948577E-33 3.58331838E-32 9.72886824E-13 1.00000000E-40 1.00000000E-40 2.38813545E-33 2.76212109E-32 2.10594805E-13 4.35534237E-11 4.02434650E-17 2.35815820E-16 7.94445540E-15 4.87371535E-08 9.40045943E-17 9.34716521E-27 2.36996751E-26 2.25484078E-09 4.04145395E-36 7.11879111E-26 7.44696103E-30 1.63003041E-34 1.54381258E-39 1.37014157E-40 1.06417837E-31 3.08846024E-33 7.04288643E-17 1.29205253E-35 1.00000000E-40 6.57974502E-35 1.00000000E-40 1.00000000E-40 6.99410721E-12 4.60026387E-34 1.21659828E-28 1.00000000E-40 1.00000000E-40 7.60353539E-34 6.83895449E-36 1.39988914E-31 2.51025858E-38 1.31743893E-28 4.30956597E-17 3.64793029E-23 5.65817056E-35 9.44177000E-38 1.00000000E-05 1.00000000E-05 1.00000000E-05 1.00000000E-05 1.00000000E-05 1.00000000E-05 1.00000000E-05 1.00000000E-05 1.00000000E-05 1.00000000E-05
1.95452000E+01 1.03355000E-01 4.70129803E+18 1.59232028E+02 1.00000000E+05 5.64937596E+00 1.36597947E+03 1.80514707E-02 1.63050547E-23 3.46113470E-07 4.98820817E-40 4.98820817E-40 4.98820817E-40 4.98820817E-40 4.99547857E-40 1.69644209E-19 9.89684076E-06 6.54448260E-09 1.63069238E-21 7.24964585E-19 3.15699545E-07 8.70774737E-07 2.82833105E-01 2.03428056E-24 4.29955768E-20 1.00000000E-40 1.00000000E-40 1.00000000E-40 3.44841148E-36 1.02975205E-26 2.68818700E-21 2.38220442E-17 2.80653529E-26 2.45287134E-25 7.42520309E-22 9.51426036E-12 1.42226278E-14 3.22648693E-14 1.30638040E-03 2.40297234E-33 3.45899297E-32 9.19406083E-13 1.00000000E-40 1.00000000E-40 2.46029524E-33 2.65425378E-32 2.35868478E-13 4.00785126E-11 5.46334113E-17 6.01824577E-16 9.53469854E-15 4.89682670E-08 6.18505580E-17 2.61367418E-27 1.99045272E-26 2.30950869E-09 3.99815625E-36 6.70821544E-26 7.02525319E-30 1.20292307E-34 1.52930089E-39 1.32141360E-40 1.05447994E-31 2.83549073E-33 4.11881839E-17 1.23515399E-35 1.00000000E-40 5.78351765E-35 1.00000000E-40 1.00000000E-40 7.65843673E-12 3.46035219E-34 1.07552410E-28 1.00000000E-40 1.00000000E-40 6.67804116E-34 6.00367926E-36 1.50300777E-31 2.87446889E-38 1.16478333E-28 5.68323669E-17 3.53543011E-23 5.39279525E-35 1.48455000E-37 1.00000000E-05 1.00000000E-05 1.00000000E-05 1.00000000E-05 1.00000000E-05 1.00000000E-05 1.00000000E-05 1.00000000E-05 1.00000000E-05 1.00000000E-05
2.07298000E+01 9.24529000E-02 4.29692029E+18 1.55840366E+02 1.00000000E+05 6.33283322E+00 1.63559732E+03 2.64127976E-01 3.00205608E-22 4.48990821E-07 5.81702918E-40 5.81702918E-40 5.81702918E-40 5.81702918E-40 5.82579725E-40 1.14124684E-19 9.95953612E-06 3.16937063E-09 3.75868128E-21 1.38495592E-18 3.51056652E-07 9.45549534E-07 2.07922709E-01 9.72317863E-25 2.01629946E-20 1.00000000E-40 1.00000000E-40 3.17202785E-38 1.36461541E-36 9.74254521E-27 1.39823899E-21 2.28067093E-17 1.68038455E-26 1.50062654E-25 4.76442507E-22 1.07730698E-11 1.09070335E-14 4.53030452E-14 8.31798257E-04 2.32326797E-33 3.32867675E-32 8.61440106E-13 1.00000000E-40 1.00000000E-40 2.54579085E-33 2.53928044E-32 2.53304884E-13 3.64466371E-11 8.14602561E-17 1.52114021E-15 1.08720444E-14 4.92145349E-08 3.98169244E-17 7.24950004E-28 1.96908307E-26 2.37074923E-09 3.95789684E-36 6.32620870E-26 6.57041018E-30 8.46511930E-35 1.51585135E-39 1.26700020E-40 1.04541527E-31 2.57256518E-33 2.49745512E-17 1.16784179E-35 1.00000000E-40 4.91980518E-35 1.00000000E-40 2.25417118E-40 8.34142624E-12 4.63069819E-34 9.25895329E-29 1.00000000E-40 1.00000000E-40 5.70845442E-34 5.13028646E-36 1.62068513E-31 3.26204335E-38 1.00464819E-28 7.05060452E-17 3.42780359E-23 5.11928608E-35 2.24578000E-37 1.00000000E-05 1.00000000E-05 1.00000000E-05 1.00000000E-05 1.00000000E-05 1.00000000E-05 1.00000000E-05 1.00000000E-05 1.00000000E-05 1.00000000E-05
2.19144000E+01 8.25243000E-02 3.92785417E+18 1.52174965E+02 1.00000000E+05 7.42682911E+00 2.08957971E+03 7.94668929E-01 3.36962697E-21 6.40364021E-07 7.41730488E-40 7.41730488E-40 7.41730488E-40 7.41730488E-40 7.42891069E-40 1.10957601E-19 1.00245363E-05 1.40698035E-09 9.28566016E-21 3.01974503E-18 3.89285991E-07 1.02632348E-06 1.44077878E-01 6.26063319E-25 8.89666974E-21 1.00000000E-40 1.00000000E-40 2.18644076E-38 1.61438431E-36 9.22392089E-27 1.17872421E-21 2.17061646E-17 9.42139036E-27 8.52410793E-26 1.90372803E-22 1.21643922E-11 1.06598588E-14 1.07196695E-13 4.96321405E-04 2.22813607E-33 3.19081568E-32 7.98256548E-13 1.00000000E-40 1.00000000E-40 2.64570591E-33 2.41571148E-32 2.59739932E-13 3.26365427E-11 1.92839845E-16 3.95346377E-15 1.18485874E-14 4.94665228E-08 2.42350085E-17 1.84673416E-28 3.29420638E-26 2.43869331E-09 3.91988910E-36 5.96979520E-26 6.07676793E-30 5.68162614E-35 1.50316151E-39 1.20629970E-40 1.03677697E-31 2.29648258E-33 1.50893554E-17 1.08909690E-35 1.00000000E-40 3.97963368E-35 1.00000000E-40 3.53489748E-40 9.01159128E-12 1.32237748E-33 7.65831932E-29 1.00000000E-40 1.00000000E-40 4.68200767E-34 4.20714496E-36 1.75422415E-31 3.63977407E-38 8.34988738E-29 8.40211332E-17 3.32405374E-23 4.83404008E-35 3.29438000E-37 1.00000000E-05 1.00000000E-05 1.00000000E-05 1.00000000E-05 1.00000000E-05 1.00000000E-05 1.00000000E-05 1.00000000E-05 1.00000000E-05 1.00000000E-05
2.30989000E+01 7.35050000E-02 3.58535769E+18 1.48491334E+02 1.00000000E+05 9.31325290E+00 2.66665201E+03 1.79870995E+00 8.46381612E-21 8.96768680E-07 1.11767209E-39 1.11767209E-39 1.11767209E-39 1.11767209E-39 1.11946754E-39 2.68139942E-19 1.00888404E-05 5.89542074E-10 2.39272256E-20 1.15794102E-17 4.30535621E-07 1.11333723E-06 9.67964198E-02 9.44096546E-25 3.69150154E-21 1.00000000E-40 1.00000000E-40 1.53756971E-38 5.60695022E-36 8.73709603E-27 4.85151639E-21 2.04983193E-17 5.02229807E-27 4.57577882E-26 4.71042078E-23 1.36909896E-11 2.29678265E-14 3.11875761E-13 2.83146676E-04 2.11607096E-33 3.04339379E-32 7.29024896E-13 1.00000000E-40 1.00000000E-40 2.76094353E-33 2.28177220E-32 2.49374844E-13 2.86611364E-11 1.16787939E-15 1.03523647E-14 1.22528852E-14 4.97086234E-08 1.43670409E-17 4.50569868E-29 1.04306739E-25 2.51319110E-09 3.88292935E-36 5.63583379E-26 5.53791822E-30 3.68088752E-35 1.49076588E-39 1.13859506E-40 1.02824473E-31 2.00374603E-33 1.00912178E-17 9.97779062E-36 1.00000000E-40 2.95449955E-35 1.00000000E-40 4.32024563E-40 9.57280476E-12 1.01999402E-32 5.93453721E-29 1.00000000E-40 1.00000000E-40 3.58574272E-34 3.22236994E-36 1.90479813E-31 3.92138090E-38 6.53680587E-29 9.49283725E-17 3.22289517E-23 4.53306960E-35 4.73890000E-37 1.00000000E-05 1.00000000E-05 1.00000000E-05 1.00000000E-05 1.00000000E-05 1.00000000E-05 1.00000000E-05 1.00000000E-05 1.00000000E-05 1.00000000E-05
2.42835000E+01 6.53356000E-02 3.26741896E+18 1.44831082E+02 1.00000000E+05 1.16372079E+01 2.76307863E+03 3.52046935E+00 1.06066800E-20 9.53341117E-07 1.88274444E-39 1.88274444E-39 1.88274444E-39 1.88274444E-39 1.88572893E-39 3.63870288E-18 1.01501091E-05 2.35517873E-10 6.52895260E-20 3.43108696E-16 4.74981893E-07 1.20690379E-06 6.34191265E-02 7.53787874E-24 1.44119605E-21 1.00000000E-40 1.00000000E-40 7.90165792E-38 8.26017616E-35 8.27858341E-27 7.25953951E-20 1.91613999E-17 2.56195747E-27 2.32515918E-26 1.01925244E-23 1.53219990E-11 9.22705503E-14 8.98208407E-13 1.55343655E-04 1.98844830E-33 2.88430775E-32 6.52963703E-13 1.00000000E-40 1.00000000E-40 2.89270303E-33 2.13582077E-32 2.18277328E-13 2.46247217E-11 1.12940550E-14 2.92389148E-14 1.30314879E-14 4.99282422E-08 8.57831221E-18 1.10027199E-29 4.54630206E-25 2.59427270E-09 3.84609734E-36 5.32189132E-26 4.94782211E-30 2.38476506E-35 1.47830525E-39 1.06314653E-40 1.01957056E-31 1.69099268E-33 3.40473264E-17 8.92847888E-36 1.00000000E-40 1.83911213E-35 1.00000000E-40 4.70411173E-40 9.78629847E-12 1.08438289E-31 4.07148674E-29 1.00000000E-40 1.00000000E-40 2.40825513E-34 2.16537687E-36 2.07379878E-31 3.90320938E-38 4.58764550E-29 1.03341573E-16 3.12330606E-23 4.21266075E-35 6.72091000E-37 1.00000000E-05 1.00000000E-05 1.00000000E-05 1.00000000E-05 1.00000000E-05 1.00000000E-05 1.00000000E-05 1.00000000E-05 1.00000000E-05 1.00000000E-05
2.54680000E+01 5.79562000E-02 2.97515977E+18 1.41093279E+02 1.00000000E+05 1.14314973E+01 1.69603568E+03 4.73993758E+00 6.14859547E-21 5.55333083E-07 2.69287527E-39 2.69287527E-39 2.69287527E-39 2.69287527E-39 2.69686654E-39 6.82953818E-17 1.02055145E-05 8.77989053E-11 2.11356599E-19 8.84113643E-15 5.22783511E-07 1.30728866E-06 4.01051137E-02 7.75293642E-23 5.34004100E-22 1.00000000E-40 1.00000000E-40 6.78840167E-37 1.14123158E-33 7.84481373E-27 8.17956048E-19 1.76866532E-17 1.32981622E-27 1.10633902E-26 1.96622666E-24 1.68939140E-11 3.18129567E-13 2.30154979E-12 8.07662671E-05 1.85596486E-33 2.71036028E-32 5.69705594E-13 1.00000000E-40 1.00000000E-40 3.04071298E-33 1.97611611E-32 1.82891659E-13 2.07827474E-11 8.63345735E-14 1.20502128E-13 1.90071658E-14 5.01099710E-08 5.85869036E-18 3.29145320E-30 2.13383597E-24 2.68185979E-09 3.80829333E-36 5.02550309E-26 4.30362139E-30 1.65558625E-35 1.46534852E-39 1.00000000E-40 1.01042624E-31 1.35839794E-33 4.12740394E-16 7.73320093E-36 1.00000000E-40 6.96101516E-36 1.00000000E-40 1.83391137E-40 9.29854934E-12 7.66080115E-31 2.10239018E-29 1.00000000E-40 1.00000000E-40 1.17508037E-34 1.05851420E-36 2.26263326E-31 3.18339777E-38 2.52219776E-29 1.18933934E-16 3.02411786E-23 3.86691650E-35 9.41382000E-37 1.00000000E-05 1.00000000E-05 1.00000000E-05 1.00000000E-05 1.00000000E-05 1.00000000E-05 1.00000000E-05 1.00000000E-05 1.00000000E-05 1.00000000E-05
2.66526000E+01 5.13074000E-02 2.69986738E+18 1.37643052E+02 1.00000000E+05 6.58542770E+00 4.54073851E+02 3.38813344E+00 1.29543876E-21 1.34419268E-07 2.43826406E-39 2.43826406E-39 2.43826406E-39 2.43826406E-39 2.44141770E-39 6.13463161E-16 1.02548289E-05 3.28552752E-11 8.18361896E-19 6.09987867E-14 5.74252815E-07 1.41513020E-06 2.57131533E-02 3.75807668E-22 1.90789718E-22 1.00000000E-40 1.00000000E-40 2.11928629E-36 3.97224628E-33 7.43417873E-27 2.87893615E-18 1.60514898E-17 7.73723500E-28 5.08826876E-27 3.89069437E-25 1.79543916E-11 6.00374198E-13 4.85234192E-12 4.24568741E-05 1.74464069E-33 2.51838696E-32 4.82077083E-13 1.00000000E-40 1.00000000E-40 3.19717842E-33 1.80247958E-32 1.83723925E-13 1.74731868E-11 2.85059385E-13 7.96817365E-13 4.29527236E-14 5.02504464E-08 7.66302509E-18 3.40989087E-30 8.26884397E-24 2.77658528E-09 3.76935562E-36 4.74558316E-26 3.62715787E-30 1.11110360E-35 1.45182275E-39 1.00000000E-40 1.00056008E-31 1.02773488E-33 1.56738867E-15 6.39439973E-36 1.00000000E-40 9.73677100E-37 1.00000000E-40 2.02755924E-40 8.36544347E-12 1.56207694E-30 5.89720396E-30 1.00000000E-40 1.00000000E-40 2.91919077E-35 2.64966366E-37 2.47346264E-31 2.09932554E-38 8.38746013E-30 1.60093159E-16 2.92488806E-23 3.46472153E-35 1.30958000E-36 1.00000000E-05 1.00000000E-05 1.00000000E-05 1.00000000E-05 1.00000000E-05 1.00000000E-05 1.00000000E-05 1.00000000E-05 1.00000000E-05 1.00000000E-05
2.78372000E+01 4.53327000E-02 2.43931626E+18 1.34604690E+02 1.00000000E+05 1.66692711E+00 3.66035496E+01 1.10995583E+00 7.60497834E-23 1.15899726E-08 1.20598714E-39 1.20598714E-39 1.20598714E-39 1.20598714E-39 1.20717331E-39 2.56422729E-15 1.02999299E-05 8.70405359E-12 3.08697925E-18 1.64164979E-13 6.29959181E-07 1.53164434E-06 1.72441597E-02 8.70945280E-22 6.67188236E-23 1.00000000E-40 1.00000000E-40 3.64816776E-36 3.33695115E-33 7.04555447E-27 5.08875182E-18 1.39452152E-17 4.33677228E-28 2.20755198E-27 8.70327986E-26 1.80524088E-11 7.77680651E-13 8.42184589E-12 2.35580662E-05 1.65968870E-33 2.31072857E-32 3.96424746E-13 1.00000000E-40 1.00000000E-40 3.34863593E-33 1.61915979E-32 2.06029362E-13 1.48210612E-11 4.37811848E-13 7.67213033E-12 6.47935683E-14 5.03560743E-08 2.04867763E-17 1.30108695E-29 2.11705156E-23 2.87989927E-09 3.72976822E-36 4.48148292E-26 2.96798354E-30 6.65272567E-36 1.43790452E-39 1.00000000E-40 9.89756905E-32 7.36899585E-34 2.42842566E-15 4.96872869E-36 1.00000000E-40 7.55649751E-38 1.00000000E-40 8.72671728E-40 7.78459651E-12 9.28644882E-31 9.02994658E-31 1.00000000E-40 1.00000000E-40 4.00724474E-36 3.81562567E-38 2.70963081E-31 2.06659185E-38 1.70568163E-30 2.21390676E-16 2.82553140E-23 2.94861896E-35 1.81907000E-36 1.00000000E-05 1.00000000E-05 1.00000000E-05 1.00000000E-05 1.00000000E-05 1.00000000E-05 1.00000000E-05 1.00000000E-05 1.00000000E-05 1.00000000E-05
2.90217000E+01 3.99771000E-02 2.18474142E+18 1.32534200E+02 1.00000000E+05 1.76574653E-01 7.89455764E-01 2.10331195E-01 2.27255883E-24 1.13429243E-09 4.47808767E-40 4.47808767E-40 4.47808767E-40 4.47808767E-40 4.48060139E-40 6.33528569E-15 1.03489978E-05 1.92998643E-12 7.92940154E-18 2.91538776E-13 6.91143017E-07 1.65957582E-06 1.33907236E-02 1.38993866E-21 2.32300885E-23 1.00000000E-40 1.00000000E-40 4.56932739E-36 1.08214706E-33 6.68131619E-27 7.32437660E-18 1.20762899E-17 2.71069970E-28 1.06627656E-27 2.98043116E-26 1.72266345E-11 8.87054206E-13 1.29049495E-11 1.58826609E-05 1.58528287E-33 2.09392130E-32 3.18366329E-13 1.00000000E-40 1.00000000E-40 3.48959883E-33 1.43295824E-32 2.23152609E-13 1.27043231E-11 5.09097902E-13 2.86404739E-11 1.97113979E-14 5.04635974E-08 5.11808846E-17 4.60638948E-29 3.75707293E-23 2.99555992E-09 3.69209391E-36 4.23439358E-26 2.36960288E-30 4.05447248E-36 1.42457891E-39 1.00000000E-40 9.78463962E-32 5.07539090E-34 2.82042625E-15 3.60030747E-36 1.00000000E-40 1.32999210E-38 1.00000000E-40 1.49320140E-39 7.72996299E-12 2.81850344E-31 9.98265623E-32 1.00000000E-40 1.00000000E-40 3.81376540E-37 5.59982455E-39 2.97752161E-31 2.33295416E-38 2.48583973E-31 2.72988298E-16 2.72738826E-23 2.39217359E-35 2.52127000E-36 1.00000000E-05 1.00000000E-05 1.00000000E-05 1.00000000E-05 1.00000000E-05 1.00000000E-05 1.00000000E-05 1.00000000E-05 1.00000000E-05 1.00000000E-05
3.02063000E+01 3.51832000E-02 1.94260297E+18 1.31180115E+02 1.00000000E+05 9.30715998E-03 6.13212326E-03 3.96862202E-02 1.48992723E-25 4.06661463E-10 2.08271899E-40 2.08271899E-40 2.08271899E-40 2.08271899E-40 2.08318679E-40 1.19600009E-14 1.04139681E-05 5.65449452E-13 1.50270097E-17 4.53596044E-13 7.59669652E-07 1.80305355E-06 1.17909134E-02 1.94222072E-21 8.37026448E-24 1.00000000E-40 1.00000000E-40 4.89801681E-36 4.23422031E-34 6.34533522E-27 1.00643057E-17 1.07619804E-17 2.00566882E-28 6.02829165E-28 1.52516572E-26 1.57234060E-11 9.67082992E-13 1.85627826E-11 1.27052708E-05 1.50979885E-33 1.87293337E-32 2.50635780E-13 1.00000000E-40 1.00000000E-40 3.62441792E-33 1.24880663E-32 2.36687855E-13 1.09834543E-11 5.72994003E-13 5.24860196E-11 3.99248192E-15 5.06291154E-08 1.05641142E-16 1.21284010E-28 5.57579759E-23 3.12919889E-09 3.66014938E-36 4.00634711E-26 1.85249763E-30 2.69315712E-36 1.41332191E-39 1.00000000E-40 9.67612612E-32 3.39723133E-34 3.20768639E-15 2.43272342E-36 1.00000000E-40 9.12391985E-39 1.00000000E-40 1.94988920E-39 8.00777703E-12 5.99187591E-32 1.92137375E-32 1.00000000E-40 1.00000000E-40 2.82246860E-38 2.65236508E-39 3.28645967E-31 2.29511567E-38 2.97354930E-32 3.17324949E-16 2.63252415E-23 1.92424461E-35 3.50082000E-36 1.00000000E-05 1.00000000E-05 1.00000000E-05 1.00000000E-05 1.00000000E-05 1.00000000E-05 1.00000000E-05 1.00000000E-05 1.00000000E-05 1.00000000E-05
3.13908000E+01 3.08843000E-02 1.71736494E+18 1.30254246E+02 1.00000000E+05 2.72634600E-04 5.69267960E-05 9.45018369E-03 2.79889095E-26 3.00896527E-10 1.39510433E-40 1.39510433E-40 1.39510433E-40 1.39510433E-40 1.39519930E-40 1.96149455E-14 1.05084105E-05 2.43015930E-13 2.43144108E-17 6.77826412E-13 8.37909398E-07 1.96729190E-06 1.12450063E-02 2.57212560E-21 3.53345849E-24 1.00000000E-40 1.00000000E-40 4.82165741E-36 4.78339011E-34 6.04158420E-27 1.37832571E-17 9.81857212E-18 1.68872612E-28 3.80038058E-28 1.00765677E-26 1.37659886E-11 1.02402572E-12 2.59112664E-11 1.13332566E-05 1.42607216E-33 1.65137994E-32 1.93936175E-13 1.00000000E-40 1.00000000E-40 3.76250988E-33 1.07004317E-32 2.49471910E-13 9.55301069E-12 6.60067631E-13 7.53366000E-11 1.15206679E-15 5.09165339E-08 2.00161431E-16 2.80118083E-28 7.79600956E-23 3.28773534E-09 3.63821831E-36 3.79956454E-26 1.42128884E-30 1.98499381E-36 1.40579071E-39 1.00000000E-40 9.58313623E-32 2.23906333E-34 3.76351839E-15 1.53579532E-36 1.00000000E-40 7.33336101E-39 1.00000000E-40 2.29480707E-39 8.44832765E-12 1.24107205E-32 1.33247515E-32 1.00000000E-40 1.00000000E-40 2.10300300E-39 2.61174163E-39 3.64831914E-31 2.01019665E-38 5.02876755E-33 3.67850851E-16 2.54309974E-23 1.59639967E-35 4.91033000E-36 1.00000000E-05 1.00000000E-05 1.00000000E-05 1.00000000E-05 1.00000000E-05 1.00000000E-05 1.00000000E-05 1.00000000E-05 1.00000000E-05 1.00000000E-05
3.25754000E+01 2.69872000E-02 1.51021190E+18 1.29430508E+02 1.00000000E+05 4.77661306E-06 6.93674368E-06 3.59483386E-03 1.10055784E-26 2.71900850E-10 1.15686266E-40 1.15686266E-40 1.15686266E-40 1.15686266E-40 1.15688242E-40 3.06908418E-14 1.06576715E-05 1.56364065E-13 3.78707515E-17 1.01064664E-12 9.29654470E-07 2.16071094E-06 1.09956971E-02 3.32423942E-21 2.22803541E-24 1.00000000E-40 1.00000000E-40 4.51883936E-36 6.91292028E-34 5.77992252E-27 1.90632847E-17 8.99035053E-18 1.50315220E-28 2.44681435E-28 7.17039361E-27 1.15397023E-11 1.05128445E-12 3.57578908E-11 1.04452915E-05 1.33042272E-33 1.43381297E-32 1.48034352E-13 1.00000000E-40 1.00000000E-40 3.91918433E-33 9.00127152E-33 2.61529810E-13 8.34226886E-12 7.74009177E-13 9.71572603E-11 6.40531621E-16 5.14455850E-08 3.81866579E-16 6.48577256E-28 1.08444892E-22 3.48273068E-09 3.63447691E-36 3.61997103E-26 1.07335880E-30 1.60587376E-36 1.40514282E-39 1.00000000E-40 9.52685094E-32 1.48615052E-34 4.50432009E-15 9.05077977E-37 1.00000000E-40 5.65725635E-39 1.00000000E-40 2.55943943E-39 8.95680941E-12 5.15232606E-33 1.27137153E-32 1.00000000E-40 1.00000000E-40 4.41830209E-40 2.74396061E-39 4.08164986E-31 1.66718734E-38 2.75687035E-33 4.27365822E-16 2.46362989E-23 1.39133712E-35 7.03856000E-36 1.00000000E-05 1.00000000E-05 1.00000000E-05 1.00000000E-05 1.00000000E-05 1.00000000E-05 1.00000000E-05 1.00000000E-05 1.00000000E-05 1.00000000E-05
3.37600000E+01 2.33997000E-02 1.31705991E+18 1.28683088E+02 1.00000000E+05 5.39885273E-08 3.28232962E-06 1.75593791E-03 5.70669048E-27 2.59913276E-10 1.06027137E-40 1.06027137E-40 1.06027137E-40 1.06027137E-40 1.06027524E-40 4.68208554E-14 1.08999211E-05 1.37164460E-13 5.80427804E-17 1.53263320E-12 1.04091635E-06 2.39660844E-06 1.09758438E-02 4.25153689E-21 2.25271681E-24 1.00000000E-40 1.00000000E-40 4.08481913E-36 9.46859876E-34 5.57420068E-27 2.68837505E-17 8.14552744E-18 1.38263966E-28 1.55016946E-28 5.35506738E-27 9.20647673E-12 1.04242078E-12 4.93852296E-11 9.87279023E-06 1.22128913E-33 1.22441031E-32 1.12009849E-13 1.00000000E-40 1.00000000E-40 4.11542246E-33 7.41869474E-33 2.72417930E-13 7.29398158E-12 9.34621371E-13 1.19109961E-10 6.05599462E-16 5.23942014E-08 7.52966302E-16 1.58421073E-27 1.54439634E-22 3.73206431E-09 3.66087627E-36 3.47585661E-26 8.00853602E-31 1.38363648E-36 1.41599506E-39 1.00000000E-40 9.53748662E-32 1.02841138E-34 5.56694568E-15 4.97865052E-37 1.00000000E-40 4.13468946E-39 1.00000000E-40 2.77841559E-39 9.47594313E-12 4.25124109E-33 1.22832229E-32 1.00000000E-40 1.00000000E-40 2.53025714E-40 2.83384717E-39 4.61563128E-31 1.31263717E-38 2.34572536E-33 5.00469773E-16 2.40033757E-23 1.27717056E-35 1.05387000E-35 1.00000000E-05 1.00000000E-05 1.00000000E-05 1.00000000E-05 1.00000000E-05 1.00000000E-05 1.00000000E-05 1.00000000E-05 1.00000000E-05 1.00000000E-05
3.49445000E+01 2.01308000E-02 1.13935499E+18 1.27973100E+02 1.00000000E+05 1.02309812E-09 2.26519068E-06 1.07270133E-03 3.41000667E-27 2.52664212E-10 1.01619093E-40 1.01619093E-40 1.01619093E-40 1.01619093E-40 1.01619156E-40 7.06866365E-14 1.12427955E-05 1.39720998E-13 8.89911571E-17 2.40132400E-12 1.17627246E-06 2.68463995E-06 1.11099429E-02 5.41948990E-21 2.93766241E-24 1.00000000E-40 1.00000000E-40 3.58641916E-36 1.20718401E-33 5.41968992E-27 3.87825056E-17 7.16629742E-18 1.28122147E-28 9.28286593E-29 4.10917509E-27 6.87733280E-12 9.87184618E-13 6.86583722E-11 9.48233239E-06 1.09368430E-33 1.02198975E-32 8.41734190E-14 1.00000000E-40 1.00000000E-40 4.36144006E-33 5.94554699E-33 2.80652804E-13 6.34133679E-12 1.17473468E-12 1.42644129E-10 7.35044894E-16 5.37898683E-08 1.57666981E-15 4.30970911E-27 2.30871992E-22 4.04611590E-09 3.71851254E-36 3.36378085E-26 5.90320042E-31 1.22646447E-36 1.43876248E-39 1.00000000E-40 9.61567669E-32 7.71454389E-35 7.17488962E-15 2.54558273E-37 1.00000000E-40 2.82363335E-39 1.00000000E-40 2.97049286E-39 9.90528182E-12 3.78555889E-33 1.17791096E-32 1.00000000E-40 1.00000000E-40 1.68314292E-40 2.84772446E-39 5.27438250E-31 9.72930602E-39 1.92609669E-33 5.92453352E-16 2.35130862E-23 1.22197605E-35 1.66279000E-35 1.00000000E-05 1.00000000E-05 1.00000000E-05 1.00000000E-05 1.00000000E-05 1.00000000E-05 1.00000000E-05 1.00000000E-05 1.00000000E-05 1.00000000E-05
3.61291000E+01 1.72508000E-02 9.81389427E+17 1.27316468E+02 1.00000000E+05 2.21482660E-10 1.58531871E-06 5.45677405E-04 2.08674138E-27 2.46782257E-10 1.00000000E-40 1.00000000E-40 1.00000000E-40 1.00000000E-40 1.00000000E-40 1.05722337E-13 1.16508035E-05 1.50882497E-13 1.37221389E-16 3.93646519E-12 1.33625866E-06 3.02513783E-06 1.13906165E-02 6.91628389E-21 4.22156776E-24 1.00000000E-40 1.00000000E-40 3.05740930E-36 1.39817547E-33 5.29224293E-27 5.71491505E-17 5.95801134E-18 1.16631347E-28 5.05181420E-29 3.25231095E-27 4.65823594E-12 8.76602499E-13 9.60822209E-11 9.25381384E-06 9.40901003E-34 8.23097772E-33 6.27399436E-14 1.00000000E-40 1.00000000E-40 4.65005744E-33 4.56428047E-33 2.83818683E-13 5.42236514E-12 1.55981289E-12 1.69102333E-10 9.67656497E-16 5.54525593E-08 3.62035442E-15 1.40714219E-26 3.73704954E-22 4.42083805E-09 3.79433444E-36 3.26831391E-26 4.27833898E-31 1.08519806E-36 1.46837300E-39 1.00000000E-40 9.72479583E-32 6.45271360E-35 9.78896526E-15 1.20111458E-37 1.00000000E-40 1.76001944E-39 1.00000000E-40 3.14744510E-39 1.00614528E-11 2.98373577E-33 1.11213810E-32 1.00000000E-40 1.00000000E-40 1.12519901E-40 2.74726764E-39 6.06489176E-31 6.65232482E-39 1.40101504E-33 7.16902111E-16 2.30569482E-23 1.20147904E-35 2.72334000E-35 1.00000000E-05 1.00000000E-05 1.00000000E-05 1.00000000E-05 1.00000000E-05 1.00000000E-05 1.00000000E-05 1.00000000E-05 1.00000000E-05 1.00000000E-05
3.73136000E+01 1.47764000E-02 8.44569190E+17 1.26721447E+02 1.00000000E+05 1.62361998E-10 1.04608615E-06 9.17569399E-05 1.28938002E-27 2.40498744E-10 1.00000000E-40 1.00000000E-40 1.00000000E-40 1.00000000E-40 1.00000000E-40 1.58129104E-13 1.20886982E-05 1.68180410E-13 2.16089794E-16 6.85953088E-12 1.52071483E-06 3.41699960E-06 1.18045157E-02 8.93674643E-21 6.48636904E-24 1.00000000E-40 1.00000000E-40 2.53025349E-36 1.44404357E-33 5.17227480E-27 8.58557857E-17 4.52137377E-18 1.00799871E-28 2.41735060E-29 2.66082867E-27 2.69628083E-12 7.15284186E-13 1.35227601E-10 9.16853709E-06 7.62399714E-34 6.28784789E-33 4.63811852E-14 1.00000000E-40 1.00000000E-40 4.97216367E-33 3.28779180E-33 2.80433531E-13 4.51722955E-12 2.22427062E-12 2.00130067E-10 1.32468007E-15 5.72054822E-08 9.79461382E-15 6.27840572E-26 6.80704951E-22 4.85106662E-09 3.87609778E-36 3.17706581E-26 3.02986818E-31 9.39069034E-37 1.50005179E-39 1.00000000E-40 9.83054335E-32 6.06610378E-35 1.43809333E-14 5.18698649E-38 1.00000000E-40 9.76243254E-40 1.00000000E-40 3.31722627E-39 9.72637470E-12 1.96811868E-33 1.02899778E-32 1.00000000E-40 1.00000000E-40 1.00000000E-40 2.52259164E-39 6.99128116E-31 4.11163949E-39 8.66565401E-34 9.03746292E-16 2.25410332E-23 1.20213403E-35 4.60157000E-35 1.00000000E-05 1.00000000E-05 1.00000000E-05 1.00000000E-05 1.00000000E-05 1.00000000E-05 1.00000000E-05 1.00000000E-05 1.00000000E-05 1.00000000E-05
3.84982000E+01 1.26692000E-02 7.27222329E+17 1.26182377E+02 1.00000000E+05 1.56946236E-10 6.58307333E-07 1.93621330E-07 8.17282812E-28 2.31853153E-10 1.00000000E-40 1.00000000E-40 1.00000000E-40 1.00000000E-40 1.00000000E-40 2.44473005E-13 1.25423955E-05 1.93697433E-13 3.57861410E-16 1.29577481E-11 1.73128563E-06 3.86332947E-06 1.22564198E-02 1.19958391E-20 1.08682815E-23 1.00000000E-40 1.00000000E-40 2.03830232E-36 1.34171484E-33 5.05287126E-27 1.31164661E-16 3.00207875E-18 7.84748017E-29 1.06232452E-29 2.24201074E-27 1.16776464E-12 5.26986776E-13 1.91261344E-10 9.20027936E-06 5.67425343E-34 4.45583819E-33 3.41467979E-14 1.00000000E-40 1.00000000E-40 5.32503129E-33 2.16076016E-33 2.71367986E-13 3.64556786E-12 3.44747717E-12 2.37940463E-10 1.90967034E-15 5.89740020E-08 3.61394601E-14 4.38260432E-25 1.43691012E-21 5.33857291E-09 3.95897534E-36 3.08560819E-26 2.08250513E-31 7.83673149E-37 1.53188326E-39 1.00000000E-40 9.91786059E-32 6.36263125E-35 2.30244850E-14 2.02656817E-38 1.00000000E-40 4.71962536E-40 1.00000000E-40 3.47936477E-39 8.72147146E-12 1.06009621E-33 9.32059671E-33 1.00000000E-40 1.00000000E-40 1.00000000E-40 2.22688861E-39 8.06599311E-31 2.24467429E-39 4.45404519E-34 1.21238261E-15 2.19238357E-23 1.22107987E-35 8.18591000E-35 1.00000000E-05 1.00000000E-05 1.00000000E-05 1.00000000E-05 1.00000000E-05 1.00000000E-05 1.00000000E-05 1.00000000E-05 1.00000000E-05 1.00000000E-05
3.96828000E+01 1.08748000E-02 6.26738218E+17 1.25675846E+02 1.00000000E+05 1.61105619E-10 4.52869008E-07 3.98951755E-11 5.55825441E-28 2.21974089E-10 1.00000000E-40 1.00000000E-40 1.00000000E-40 1.00000000E-40 1.00000000E-40 4.02536119E-13 1.30107607E-05 2.31201922E-13 6.37066637E-16 2.70648697E-11 1.97134641E-06 4.37110723E-06 1.27279738E-02 1.71938212E-20 2.00429091E-23 1.00000000E-40 1.00000000E-40 1.60834825E-36 1.13874828E-33 4.93344891E-27 2.02471459E-16 1.63687571E-18 5.12571156E-29 6.00784880E-30 1.92123004E-27 2.89085678E-13 3.41440595E-13 2.71166450E-10 9.29564854E-06 3.74220599E-34 2.83309911E-33 2.52510693E-14 1.00000000E-40 1.00000000E-40 5.70962286E-33 1.24099935E-33 2.56592557E-13 2.83342164E-12 5.90438977E-12 2.84969697E-10 2.95124133E-15 6.07444412E-08 1.60516798E-13 3.82268086E-24 3.52293288E-21 5.89060352E-09 4.04242725E-36 2.99342172E-26 1.37468424E-31 6.19984423E-37 1.56360341E-39 1.00000000E-40 9.98234398E-32 7.31956373E-35 4.09147551E-14 7.11721251E-39 1.00000000E-40 1.92097523E-40 1.00000000E-40 3.63680878E-39 6.96301415E-12 4.63553095E-34 8.21848055E-33 1.00000000E-40 1.00000000E-40 1.00000000E-40 1.90196638E-39 9.30989990E-31 1.03844857E-39 1.88792682E-34 1.75843767E-15 2.11908437E-23 1.26259537E-35 1.58614000E-34 1.00000000E-05 1.00000000E-05 1.00000000E-05 1.00000000E-05 1.00000000E-05 1.00000000E-05 1.00000000E-05 1.00000000E-05 1.00000000E-05 1.00000000E-05
4.08673000E+01 9.34378000E-03 5.40559206E+17 1.25197615E+02 1.00000000E+05 1.70666955E-10 3.10136115E-07 2.73722794E-15 3.88285260E-28 2.13314456E-10 1.00000000E-40 1.00000000E-40 1.00000000E-40 1.00000000E-40 1.00000000E-40 7.10858823E-13 1.34962880E-05 2.83742910E-13 1.19834725E-15 6.23848289E-11 2.24524401E-06 4.94941598E-06 1.32205113E-02 2.64908908E-20 3.93861688E-23 1.00000000E-40 1.00000000E-40 1.25142050E-36 8.34394140E-34 4.81489711E-27 3.12681203E-16 6.94369901E-19 2.65027692E-29 6.34426281E-30 1.67023150E-27 4.84836374E-14 1.90853525E-13 3.83545034E-10 9.44765155E-06 2.07471432E-34 1.53564711E-33 1.90209349E-14 1.00000000E-40 1.00000000E-40 6.12664143E-33 5.82608467E-34 2.32780276E-13 2.09926752E-12 1.11310473E-11 3.42620173E-10 4.80051320E-15 6.25194336E-08 3.73109976E-13 1.93388025E-23 9.48714725E-21 6.51672881E-09 4.12704990E-36 2.90086686E-26 8.56311342E-32 4.52713324E-37 1.59538069E-39 1.00000000E-40 1.00220918E-31 8.96845171E-35 8.04834067E-14 2.31944222E-39 1.00000000E-40 1.00000000E-40 1.00000000E-40 3.79282090E-39 4.69335096E-12 1.58048270E-34 6.90888089E-33 1.00000000E-40 1.00000000E-40 1.00000000E-40 1.58079435E-39 1.07490690E-30 3.75052286E-40 6.25310533E-35 2.70668043E-15 2.03349130E-23 1.33964288E-35 3.39779000E-34 1.00000000E-05 1.00000000E-05 1.00000000E-05 1.00000000E-05 1.00000000E-05 1.00000000E-05 1.00000000E-05 1.00000000E-05 1.00000000E-05 1.00000000E-05
4.20519000E+01 8.03497000E-03 4.66481456E+17 1.24757480E+02 1.00000000E+05 1.87181525E-10 1.58824527E-07 1.09840155E-19 2.64692752E-28 2.07589629E-10 1.00000000E-40 1.00000000E-40 1.00000000E-40 1.00000000E-40 1.00000000E-40 1.26927531E-12 1.40027839E-05 3.46659473E-13 2.18621457E-15 1.51195113E-10 2.55811663E-06 5.60902610E-06 1.37373079E-02 4.13711192E-20 7.66643701E-23 1.00000000E-40 1.00000000E-40 9.50849939E-37 4.93332586E-34 4.69850115E-27 4.80475975E-16 2.34964900E-19 1.14099985E-29 8.73070158E-30 1.48156140E-27 9.03291669E-15 9.30126170E-14 5.39308544E-10 9.68562190E-06 9.03519167E-35 6.62181758E-34 1.49040992E-14 1.00000000E-40 1.00000000E-40 6.57548586E-33 2.04451736E-34 1.94469260E-13 1.46512714E-12 2.20034009E-11 4.09029136E-10 7.58681311E-15 6.43072522E-08 4.58302300E-13 5.20178523E-23 2.50746610E-20 7.22765592E-09 4.21381370E-36 2.80854334E-26 4.90507251E-32 3.03110612E-37 1.62752119E-39 1.00000000E-40 1.00360021E-31 1.11503297E-34 1.66873815E-13 7.95414766E-40 1.00000000E-40 1.00000000E-40 1.00000000E-40 3.95503465E-39 2.59905614E-12 4.26474884E-35 5.33188478E-33 1.00000000E-40 1.00000000E-40 1.00000000E-40 1.26328199E-39 1.24140085E-30 1.00000000E-40 1.58745167E-35 4.06272777E-15 1.93539498E-23 1.47686900E-35 7.82970000E-34 1.00000000E-05 1.00000000E-05 1.00000000E-05 1.00000000E-05 1.00000000E-05 1.00000000E-05 1.00000000E-05 1.00000000E-05 1.00000000E-05 1.00000000E-05
4.32364000E+01 6.91339000E-03 4.02680076E+17 1.24350528E+02 1.00000000E+05 2.12252377E-10 6.16286383E-08 2.01947949E-24 1.83277848E-28 2.04936492E-10 1.00000000E-40 1.00000000E-40 1.00000000E-40 1.00000000E-40 1.00000000E-40 2.07556846E-12 1.45354673E-05 4.04814477E-13 3.48677088E-15 3.49951474E-10 2.91629552E-06 6.36322520E-06 1.42830282E-02 5.92912660E-20 1.39431721E-22 1.00000000E-40 1.00000000E-40 6.62863241E-37 2.47461023E-34 4.58559029E-27 7.37113133E-16 7.55116576E-20 5.25097306E-30 1.12828087E-29 1.33813310E-27 2.35995276E-15 4.28785559E-14 7.57108716E-10 9.99379557E-06 2.91661817E-35 2.13317488E-34 1.24724154E-14 1.00000000E-40 1.00000000E-40 7.05654492E-33 4.97687045E-35 1.47967918E-13 9.68807267E-13 4.15193542E-11 4.78479646E-10 1.06184532E-14 6.61209077E-08 4.31184804E-13 9.49849898E-23 5.73344285E-20 8.03614711E-09 4.30401281E-36 2.71707599E-26 2.51099854E-32 2.15030348E-37 1.66044899E-39 1.00000000E-40 1.00234849E-31 1.34163814E-34 3.31370740E-13 3.33579374E-40 1.00000000E-40 1.00000000E-40 1.00000000E-40 4.12628394E-39 1.29052765E-12 1.14938626E-35 3.73996681E-33 1.00000000E-40 1.00000000E-40 1.00000000E-40 9.67922753E-40 1.43418040E-30 1.00000000E-40 3.57608606E-36 5.34119290E-15 1.82498572E-23 1.70431111E-35 1.84656000E-33 1.00000000E-05 1.00000000E-05 1.00000000E-05 1.00000000E-05 1.00000000E-05 1.00000000E-05 1.00000000E-05 1.00000000E-05 1.00000000E-05 1.00000000E-05
4.44210000E+01 5.94987000E-03 3.47644765E+17 1.23961979E+02 1.00000000E+05 2.45449687E-10 5.48155861E-08 1.57956338E-29 1.35815246E-28 2.04665406E-10 1.00000000E-40 1.00000000E-40 1.00000000E-40 1.00000000E-40 1.00000000E-40 3.34265004E-12 1.51013074E-05 4.68008937E-13 5.28785425E-15 7.05395354E-10 3.32745725E-06 7.22809070E-06 1.48641426E-02 8.38022053E-20 2.53832204E-22 1.00000000E-40 1.00000000E-40 3.87477751E-37 1.48404559E-34 4.47781915E-27 1.14101052E-15 3.42926153E-20 3.76037723E-30 1.42382115E-29 1.22082399E-27 9.78947702E-16 2.47978334E-14 1.07396963E-09 1.03193747E-05 6.96480011E-36 5.09864107E-35 1.14246673E-14 1.00000000E-40 1.00000000E-40 7.57630501E-33 8.43993150E-36 1.22699875E-13 6.34587360E-13 6.84936905E-11 5.47695577E-10 1.41684946E-14 6.79795688E-08 4.11013997E-13 1.52136133E-22 1.12498492E-19 8.95774531E-09 4.39940348E-36 2.62723830E-26 1.13146457E-32 2.28545209E-37 1.69476201E-39 1.00000000E-40 9.98382528E-32 1.60125548E-34 5.74152449E-13 1.55829410E-40 1.00000000E-40 1.00000000E-40 1.00000000E-40 4.30458218E-39 7.78020279E-13 5.03707464E-36 2.79624713E-33 1.00000000E-40 1.00000000E-40 1.00000000E-40 8.39052691E-40 1.65768487E-30 1.00000000E-40 1.10373576E-36 6.65389041E-15 1.70250097E-23 1.98645030E-35 4.29370000E-33 1.00000000E-05 1.00000000E-05 1.00000000E-05 1.00000000E-05 1.00000000E-05 1.00000000E-05 1.00000000E-05 1.00000000E-05 1.00000000E-05 1.00000000E-05
4.56056000E+01 5.12087000E-03 3.00121747E+17 1.23584215E+02 1.00000000E+05 2.83526059E-10 5.22581189E-08 4.69300901E-35 1.05191237E-28 2.05633932E-10 1.00000000E-40 1.00000000E-40 1.00000000E-40 1.00000000E-40 1.00000000E-40 5.67330589E-12 1.57055564E-05 5.55027508E-13 8.28093044E-15 1.25619368E-09 3.80035557E-06 8.22187147E-06 1.54855892E-02 1.24959395E-19 4.86852358E-22 1.00000000E-40 1.00000000E-40 1.86397064E-37 1.21374793E-34 4.37586846E-27 1.78678690E-15 2.38921135E-20 3.92304832E-30 1.86905588E-29 1.12040839E-27 6.78071061E-16 1.94123168E-14 1.54454520E-09 1.06627288E-05 1.26821489E-36 9.29911358E-36 1.15678387E-14 1.00000000E-40 1.00000000E-40 8.14595895E-33 1.10572869E-36 1.19541778E-13 4.32917126E-13 1.00009494E-10 6.16237275E-10 1.94822896E-14 6.98919896E-08 4.45269672E-13 2.52220946E-22 2.01417629E-19 1.00096598E-08 4.50111202E-36 2.53915718E-26 4.47705776E-33 4.02288584E-37 1.73080640E-39 1.00000000E-40 9.91353968E-32 1.97048720E-34 8.78143872E-13 1.00000000E-40 1.00000000E-40 1.00000000E-40 1.00000000E-40 4.49471939E-39 6.25494403E-13 3.65853703E-36 2.39477179E-33 1.00000000E-40 1.00000000E-40 1.00000000E-40 8.69206003E-40 1.91698040E-30 1.00000000E-40 5.25953606E-37 8.53569035E-15 1.56787742E-23 2.26438456E-35 9.74631000E-33 1.00000000E-05 1.00000000E-05 1.00000000E-05 1.00000000E-05 1.00000000E-05 1.00000000E-05 1.00000000E-05 1.00000000E-05 1.00000000E-05 1.00000000E-05
4.67901000E+01 4.40660000E-03 2.58998065E+17 1.23232094E+02 1.00000000E+05 3.21614048E-10 5.08930590E-08 5.70537098E-40 7.57027939E-29 2.06703180E-10 1.00000000E-40 1.00000000E-40 1.00000000E-40 1.00000000E-40 1.00000000E-40 9.84657692E-12 1.63546108E-05 6.71061808E-13 1.31064804E-14 2.07091983E-09 4.34556387E-06 9.36663927E-06 1.61535226E-02 1.90843331E-19 9.55862427E-22 1.00000000E-40 1.00000000E-40 7.61046499E-38 1.18694385E-34 4.28044668E-27 2.80758413E-15 2.15523436E-20 4.79160973E-30 2.47347102E-29 1.04316951E-27 6.66288588E-16 1.82295550E-14 2.23301398E-09 1.10258561E-05 1.80943284E-37 1.32887353E-36 1.27991235E-14 1.00000000E-40 1.00000000E-40 8.77714418E-33 9.02349231E-37 1.28207706E-13 3.21221093E-13 1.35145457E-10 6.82266479E-10 2.71213768E-14 7.18693776E-08 5.26422092E-13 4.24244873E-22 3.35937804E-19 1.12120007E-08 4.61047381E-36 2.45296836E-26 1.55651206E-33 9.50993580E-37 1.76899573E-39 1.00000000E-40 9.80943847E-32 2.48413963E-34 1.23921312E-12 1.00000000E-40 1.00000000E-40 1.00000000E-40 1.00000000E-40 4.70940666E-39 5.99035657E-13 3.44997557E-36 2.21602457E-33 1.00000000E-40 1.00000000E-40 1.00000000E-40 9.99389463E-40 2.21812968E-30 1.00000000E-40 3.23946925E-37 1.10247330E-14 1.42192450E-23 2.53973799E-35 2.18374000E-32 1.00000000E-05 1.00000000E-05 1.00000000E-05 1.00000000E-05 1.00000000E-05 1.00000000E-05 1.00000000E-05 1.00000000E-05 1.00000000E-05 1.00000000E-05
4.79747000E+01 3.79046000E-03 2.23380974E+17 1.22902992E+02 1.00000000E+05 3.55529010E-10 5.03938957E-08 1.07738315E-40 5.45014157E-29 2.07085806E-10 1.00000000E-40 1.00000000E-40 1.00000000E-40 1.00000000E-40 1.00000000E-40 1.70441364E-11 1.70564738E-05 8.18514679E-13 2.05361120E-14 3.25718748E-09 4.97585373E-06 1.06890884E-05 1.68758848E-02 2.91105556E-19 1.86532755E-21 1.00000000E-40 1.00000000E-40 2.82192856E-38 1.25456243E-34 4.19251626E-27 4.38389550E-15 2.20898434E-20 6.12805658E-30 3.20785356E-29 9.84607254E-28 7.68511031E-16 1.87174428E-14 3.21348542E-09 1.14114483E-05 2.06265195E-38 1.51677322E-37 1.50893334E-14 1.00000000E-40 1.00000000E-40 9.47810699E-33 1.62292640E-35 1.43950290E-13 2.66527699E-13 1.74210073E-10 7.43456273E-10 3.74540384E-14 7.39279378E-08 6.48441369E-13 6.96743315E-22 5.26020534E-19 1.25880965E-08 4.72920603E-36 2.36897178E-26 4.76222443E-34 2.39521935E-36 1.80987599E-39 1.00000000E-40 9.66920452E-32 3.14910121E-34 1.65939858E-12 1.00000000E-40 1.00000000E-40 1.00000000E-40 1.00000000E-40 4.95221258E-39 6.24972703E-13 3.70830011E-36 2.11573934E-33 1.00000000E-40 1.00000000E-40 1.00000000E-40 1.20711987E-39 2.56837399E-30 1.00000000E-40 2.26320448E-37 1.40393906E-14 1.26666291E-23 2.82219877E-35 4.89428000E-32 1.00000000E-05 1.00000000E-05 1.00000000E-05 1.00000000E-05 1.00000000E-05 1.00000000E-05 1.00000000E-05 1.00000000E-05 1.00000000E-05 1.00000000E-05
4.91593000E+01 3.25865000E-03 1.92534632E+17 1.22587327E+02 1.00000000E+05 3.83574109E-10 5.05204420E-08 1.00000000E-40 4.17382206E-29 2.06245314E-10 1.00000000E-40 1.00000000E-40 1.00000000E-40 1.00000000E-40 1.00000000E-40 2.91947700E-11 1.78182645E-05 1.00175465E-12 3.16757766E-14 4.97164277E-09 5.70625715E-06 1.22206096E-05 1.76599372E-02 4.39802310E-19 3.57353639E-21 1.00000000E-40 1.00000000E-40 1.13681380E-38 1.37147513E-34 4.11242807E-27 6.76435684E-15 2.40346256E-20 7.85446943E-30 4.03143898E-29 9.36985305E-28 9.46800257E-16 2.00617771E-14 4.57741049E-09 1.18210776E-05 1.90585639E-39 1.40153918E-38 1.84737395E-14 1.00000000E-40 1.00000000E-40 1.02498234E-32 4.14668814E-34 1.65373338E-13 2.47066789E-13 2.18013815E-10 7.98146737E-10 5.09916379E-14 7.60766810E-08 8.13123521E-13 1.09925481E-21 7.78983634E-19 1.41637255E-08 4.85862856E-36 2.28711001E-26 1.29251970E-34 5.26533539E-36 1.85382028E-39 1.00000000E-40 9.48941337E-32 3.96653892E-34 2.13916418E-12 1.00000000E-40 1.00000000E-40 1.00000000E-40 1.00000000E-40 5.21906851E-39 6.79273718E-13 4.33754487E-36 2.04091068E-33 1.00000000E-40 1.00000000E-40 1.41578950E-40 1.49237956E-39 2.97617445E-30 1.00000000E-40 1.68817666E-37 1.75247972E-14 1.10495375E-23 3.11145335E-35 1.10557000E-31 1.00000000E-05 1.00000000E-05 1.00000000E-05 1.00000000E-05 1.00000000E-05 1.00000000E-05 1.00000000E-05 1.00000000E-05 1.00000000E-05 1.00000000E-05
5.03438000E+01 2.79934000E-03 1.65817963E+17 1.22275878E+02 1.00000000E+05 4.06697830E-10 5.11102505E-08 1.00000000E-40 3.43888497E-29 2.03789972E-10 1.00000000E-40 1.00000000E-40 1.00000000E-40 1.00000000E-40 1.00000000E-40 4.94064461E-11 1.86482234E-05 1.22676023E-12 4.80765455E-14 7.44602393E-09 6.55498891E-06 1.39992576E-05 1.85143017E-02 6.56673512E-19 6.69366443E-21 1.00000000E-40 1.00000000E-40 6.73073012E-39 1.62068817E-34 4.04058250E-27 1.02972423E-14 2.67605495E-20 9.91076526E-30 4.88094655E-29 8.94440660E-28 1.19807470E-15 2.19009872E-14 6.44358841E-09 1.22566141E-05 1.45252548E-40 1.05845895E-39 2.30518692E-14 1.00000000E-40 1.00000000E-40 1.10841453E-32 1.38597191E-32 1.92113292E-13 2.49178376E-13 2.67902689E-10 8.45546088E-10 6.84085784E-14 7.83266175E-08 1.02571127E-12 1.65506142E-21 1.09739729E-18 1.59685730E-08 5.00027318E-36 2.20737000E-26 3.27696334E-35 1.82178081E-35 1.90126193E-39 1.00000000E-40 9.26720202E-32 4.93507272E-34 2.67564626E-12 1.00000000E-40 1.00000000E-40 3.72616650E-40 1.00000000E-40 5.50067828E-39 7.51162779E-13 5.46341801E-36 1.96829400E-33 1.00000000E-40 1.00000000E-40 4.81732130E-40 1.86253914E-39 3.45165902E-30 1.72687105E-39 1.39087439E-37 2.14247083E-14 9.40732002E-24 3.40528379E-35 2.57656000E-31 1.00000000E-05 1.00000000E-05 1.00000000E-05 1.00000000E-05 1.00000000E-05 1.00000000E-05 1.00000000E-05 1.00000000E-05 1.00000000E-05 1.00000000E-05
5.15284000E+01 2.40257000E-03 1.42657531E+17 1.21982650E+02 1.00000000E+05 4.27295569E-10 5.20889455E-08 1.00000000E-40 2.54245874E-29 1.99397827E-10 1.00000000E-40 1.00000000E-40 1.00000000E-40 1.00000000E-40 1.00000000E-40 8.25614848E-11 1.95562173E-05 1.50684752E-12 7.18082410E-14 1.10324047E-08 7.54405211E-06 1.60710416E-05 1.94492748E-02 9.68834745E-19 1.22358259E-20 1.00000000E-40 1.00000000E-40 6.11815729E-39 6.64203932E-34 3.97757537E-27 1.54790213E-14 2.97975134E-20 1.22147165E-29 5.66975057E-29 8.62963905E-28 1.52627282E-15 2.39637828E-14 8.96956795E-09 1.27204603E-05 1.00000000E-40 1.00000000E-40 2.89907180E-14 1.00000000E-40 1.00000000E-40 1.19609942E-32 5.95762150E-31 2.23775303E-13 2.64053610E-13 3.25760951E-10 8.85298779E-10 9.04391865E-14 8.06922270E-08 1.29192960E-12 2.36544097E-21 1.47525729E-18 1.80365439E-08 5.15598825E-36 2.12988381E-26 1.12737830E-35 2.70400166E-34 1.95273293E-39 1.00000000E-40 9.00098858E-32 6.04685685E-34 3.26241781E-12 1.00000000E-40 1.00000000E-40 1.28230030E-38 1.00000000E-40 5.79244192E-39 8.31588923E-13 7.83367508E-36 1.88413898E-33 1.00000000E-40 1.00000000E-40 7.03001671E-39 2.33014814E-39 4.00689768E-30 1.50826423E-37 3.25496207E-37 2.56059902E-14 7.78907457E-24 3.70912653E-35 6.69611000E-31 1.00000000E-05 1.00000000E-05 1.00000000E-05 1.00000000E-05 1.00000000E-05 1.00000000E-05 1.00000000E-05 1.00000000E-05 1.00000000E-05 1.00000000E-05
5.27129000E+01 2.05975000E-03 1.22579024E+17 1.21706863E+02 1.00000000E+05 4.47629019E-10 5.34228149E-08 1.00000000E-40 2.31689668E-29 1.92695942E-10 1.00000000E-40 1.00000000E-40 1.00000000E-40 1.00000000E-40 1.00000000E-40 1.36139517E-10 2.05534509E-05 1.85537295E-12 1.05503468E-13 1.62586098E-08 8.70059137E-06 1.84927610E-05 2.04766744E-02 1.41092874E-18 2.17861433E-20 1.00000000E-40 1.00000000E-40 6.70191935E-39 1.58634968E-33 3.92389743E-27 2.30091469E-14 3.27229445E-20 1.45632014E-29 6.29768682E-29 8.30890073E-28 1.93634350E-15 2.60179798E-14 1.23624531E-08 1.32153080E-05 1.00000000E-40 1.00000000E-40 3.65367510E-14 1.00000000E-40 1.00000000E-40 1.28472687E-32 1.68800316E-30 2.59809842E-13 2.85787051E-13 3.94084851E-10 9.17150682E-10 1.17795767E-13 8.31889539E-08 1.61589864E-12 3.19283486E-21 1.89464435E-18 2.04071751E-08 5.32779427E-36 2.05473158E-26 1.08113971E-35 2.40817939E-34 2.00880070E-39 1.00000000E-40 8.69019336E-32 7.27850730E-34 3.88826375E-12 1.00000000E-40 1.00000000E-40 1.00095118E-38 1.00000000E-40 6.07900628E-39 9.12621741E-13 1.01127069E-35 1.78163368E-33 1.00000000E-40 1.00000000E-40 6.16256171E-39 2.90431356E-39 4.65659319E-30 7.07626026E-40 1.00000000E-40 2.98640968E-14 6.24796263E-24 4.02596141E-35 2.49636000E-30 1.00000000E-05 1.00000000E-05 1.00000000E-05 1.00000000E-05 1.00000000E-05 1.00000000E-05 1.00000000E-05 1.00000000E-05 1.00000000E-05 1.00000000E-05
5.38975000E+01 1.76330000E-03 1.05161853E+17 1.21446414E+02 1.00000000E+05 4.69387486E-10 5.51217073E-08 1.00000000E-40 2.42681274E-29 1.83351689E-10 1.00000000E-40 1.00000000E-40 1.00000000E-40 1.00000000E-40 1.00000000E-40 2.21277285E-10 2.16567189E-05 2.28665417E-12 1.52319479E-13 2.38995770E-08 1.00593900E-05 2.13373153E-05 2.16139593E-02 2.02522512E-18 3.76939607E-20 1.00000000E-40 1.00000000E-40 7.47039123E-39 1.00000000E-40 3.88086912E-27 3.38759247E-14 3.52198774E-20 1.67283935E-29 6.64781572E-29 7.90661271E-28 2.43261760E-15 2.78867700E-14 1.68932237E-08 1.37468777E-05 1.00000000E-40 1.00000000E-40 4.60355470E-14 1.00000000E-40 1.00000000E-40 1.37000217E-32 1.00000000E-40 2.99575807E-13 3.10407762E-13 4.75712189E-10 9.41079236E-10 1.50866460E-13 8.58502843E-08 1.99993867E-12 4.05111489E-21 2.32377317E-18 2.31296534E-08 5.51899524E-36 1.98246585E-26 1.41244561E-35 4.52547354E-34 2.07048961E-39 1.00000000E-40 8.33785845E-32 8.58633755E-34 4.53679543E-12 1.00000000E-40 1.00000000E-40 3.32775934E-38 1.00000000E-40 6.34130487E-39 9.87955517E-13 1.58625683E-35 1.65996903E-33 1.00000000E-40 1.00000000E-40 1.13621010E-38 3.59227474E-39 5.41932606E-30 6.77215191E-38 3.26858562E-37 3.39134978E-14 4.83818411E-24 4.35592260E-35 2.05450000E-29 1.00000000E-05 1.00000000E-05 1.00000000E-05 1.00000000E-05 1.00000000E-05 1.00000000E-05 1.00000000E-05 1.00000000E-05 1.00000000E-05 1.00000000E-05
5.50821000E+01 1.50686000E-03 9.00659461E+16 1.21179458E+02 1.00000000E+05 4.93476524E-10 5.71972682E-08 1.00000000E-40 2.55832076E-29 1.71006143E-10 1.00000000E-40 1.00000000E-40 1.00000000E-40 1.00000000E-40 1.00000000E-40 3.54118556E-10 2.28832624E-05 2.76591972E-12 2.15824022E-13 3.50477487E-08 1.16632954E-05 2.46945143E-05 2.28795296E-02 2.85829376E-18 6.32193349E-20 1.00000000E-40 1.00000000E-40 7.85375541E-39 1.00000000E-40 3.84941099E-27 4.94552679E-14 3.71775210E-20 1.86890100E-29 6.62458286E-29 7.40306772E-28 3.02303596E-15 2.94985746E-14 2.29085749E-08 1.43206524E-05 1.00000000E-40 1.00000000E-40 5.79541833E-14 1.00000000E-40 1.00000000E-40 1.44686813E-32 1.00000000E-40 3.42692151E-13 3.35636750E-13 5.73629040E-10 9.57610621E-10 1.84518034E-13 8.87054090E-08 2.44455424E-12 4.81706440E-21 2.71956853E-18 2.62608070E-08 5.73280357E-36 1.91339886E-26 1.27973773E-35 1.27302696E-34 2.13874951E-39 1.00000000E-40 7.94795127E-32 9.90285065E-34 5.18491646E-12 1.00000000E-40 1.00000000E-40 1.00000000E-40 1.00000000E-40 6.54760930E-39 1.05551669E-12 2.26037239E-35 1.52339199E-33 1.00000000E-40 1.00000000E-40 3.12959414E-39 4.39166725E-39 6.31772570E-30 1.00000000E-40 1.15850618E-39 3.74583312E-14 3.60423318E-24 4.68613945E-35 4.18196000E-28 1.00000000E-05 1.00000000E-05 1.00000000E-05 1.00000000E-05 1.00000000E-05 1.00000000E-05 1.00000000E-05 1.00000000E-05 1.00000000E-05 1.00000000E-05
5.62666000E+01 1.28355000E-03 7.68796097E+16 1.20925624E+02 1.00000000E+05 5.19949745E-10 5.97645044E-08 1.00000000E-40 2.71007095E-29 1.56283587E-10 1.00000000E-40 1.00000000E-40 1.00000000E-40 1.00000000E-40 1.00000000E-40 5.58199182E-10 2.42825147E-05 3.23137436E-12 3.00107584E-13 5.12757900E-08 1.35820784E-05 2.87109350E-05 2.43236209E-02 3.97013488E-18 1.02727877E-19 1.00000000E-40 1.00000000E-40 8.35478259E-39 8.90530394E-34 3.83504148E-27 7.18402192E-14 3.87644302E-20 2.02581611E-29 6.21193506E-29 6.78495973E-28 3.72038812E-15 3.09111231E-14 3.09015986E-08 1.49609083E-05 1.00000000E-40 1.00000000E-40 7.30074963E-14 1.00000000E-40 1.00000000E-40 1.51218349E-32 8.59611288E-31 3.89471744E-13 3.61156793E-13 6.90711950E-10 9.68612597E-10 2.06917005E-13 9.18954477E-08 2.95623879E-12 5.36806655E-21 3.03831588E-18 2.99036962E-08 5.97995902E-36 1.85002309E-26 1.48299602E-35 3.00982212E-34 2.21727731E-39 1.00000000E-40 7.53519541E-32 1.11672636E-33 5.81712179E-12 1.00000000E-40 1.00000000E-40 2.16245541E-40 1.00000000E-40 6.69724445E-39 1.11646719E-12 3.37443604E-35 1.37939477E-33 1.00000000E-40 1.00000000E-40 7.22005672E-39 5.32956781E-39 7.38858501E-30 4.23807346E-38 6.74343221E-39 4.01862195E-14 2.57821594E-24 5.01700658E-35 5.06386000E-26 1.00000000E-05 1.00000000E-05 1.00000000E-05 1.00000000E-05 1.00000000E-05 1.00000000E-05 1.00000000E-05 1.00000000E-05 1.00000000E-05 1.00000000E-05
5.74512000E+01 1.07244000E-03 6.43824818E+16 1.20648522E+02 1.00000000E+05 5.54142366E-10 6.38624909E-08 1.00000000E-40 2.93017991E-29 1.43121154E-10 1.00000000E-40 1.00000000E-40 1.00000000E-40 1.00000000E-40 1.00000000E-40 8.80184092E-10 2.62977148E-05 3.79067010E-12 4.15771294E-13 7.57479799E-08 1.61437489E-05 3.40778432E-05 2.63907053E-02 5.50335343E-18 1.64020173E-19 1.00000000E-40 1.00000000E-40 8.55328085E-39 1.00000000E-40 3.90011289E-27 1.05582887E-13 4.10743123E-20 2.20785336E-29 5.58178122E-29 6.12065255E-28 4.64266169E-15 3.28600693E-14 4.21436867E-08 1.59278777E-05 1.00000000E-40 1.00000000E-40 9.35592342E-14 1.00000000E-40 1.00000000E-40 1.58718278E-32 1.00000000E-40 4.48441105E-13 3.95228100E-13 8.42236045E-10 9.89306253E-10 2.29652347E-13 9.69899073E-08 3.59840722E-12 5.70700474E-21 3.29207826E-18 3.46970820E-08 6.36548986E-36 1.82104361E-26 1.24083252E-35 2.34106277E-34 2.34438393E-39 1.00000000E-40 7.21952014E-32 1.24847982E-33 6.50562693E-12 1.00000000E-40 1.00000000E-40 2.23114836E-38 1.00000000E-40 6.86675016E-39 1.19879614E-12 5.01564293E-35 1.25603082E-33 1.00000000E-40 1.00000000E-40 5.46411462E-39 6.51468760E-39 8.80899083E-30 3.40464804E-38 2.93509857E-38 4.26444837E-14 1.79610837E-24 5.39509260E-35 4.47832000E-24 1.00000000E-05 1.00000000E-05 1.00000000E-05 1.00000000E-05 1.00000000E-05 1.00000000E-05 1.00000000E-05 1.00000000E-05 1.00000000E-05 1.00000000E-05
5.86357000E+01 7.54895000E-04 4.55166435E+16 1.20124900E+02 1.00000000E+05 6.93504469E-10 8.10360814E-08 1.00000000E-40 3.75365169E-29 1.52568734E-10 1.00000000E-40 1.00000000E-40 1.00000000E-40 1.00000000E-40 1.00000000E-40 1.61603714E-09 3.38332909E-05 4.88565925E-12 6.68564785E-13 1.30679038E-07 2.27969010E-05 4.80624506E-05 3.40130545E-02 8.77902567E-18 2.98642358E-19 1.00000000E-40 1.00000000E-40 1.02686806E-38 1.00000000E-40 4.71319770E-27 1.81882510E-13 5.21530748E-20 2.85164636E-29 5.43760821E-29 6.21010884E-28 6.97414848E-15 4.17189003E-14 6.74721512E-08 2.01148387E-05 1.00000000E-40 1.00000000E-40 1.42019451E-13 1.00000000E-40 1.00000000E-40 1.94792440E-32 1.00000000E-40 6.13440023E-13 5.17589878E-13 1.21413493E-09 1.19108912E-09 2.87069519E-13 1.21384656E-07 5.12109611E-12 6.76648854E-21 4.02876571E-18 4.77368647E-08 8.04838375E-36 2.12434709E-26 1.56882893E-35 1.00000000E-40 2.94258178E-39 1.00000000E-40 8.13924328E-32 1.60051788E-33 8.38260288E-12 1.00000000E-40 1.00000000E-40 1.22779413E-38 1.00000000E-40 8.06746086E-39 1.55005639E-12 8.38127099E-35 1.34779235E-33 1.00000000E-40 1.00000000E-40 1.00000000E-40 9.11323673E-39 1.24619338E-29 1.00000000E-40 3.55477228E-38 5.28759100E-14 1.41949087E-24 6.62849628E-35 1.35416000E-22 1.00000000E-05 1.00000000E-05 1.00000000E-05 1.00000000E-05 1.00000000E-05 1.00000000E-05 1.00000000E-05 1.00000000E-05 1.00000000E-05 1.00000000E-05
5.98203000E+01 3.96500000E-04 2.41236021E+16 1.19046807E+02 1.00000000E+05 1.14424802E-09 1.36789313E-07 1.00000000E-40 6.35540082E-29 2.13825198E-10 1.00000000E-40 1.00000000E-40 1.00000000E-40 1.00000000E-40 1.00000000E-40 3.89475602E-09 5.82899223E-05 7.21479731E-12 1.41128018E-12 2.96598420E-07 4.31292224E-05 9.08304216E-05 5.87320529E-02 1.79085332E-17 6.97818076E-19 1.00000000E-40 1.00000000E-40 1.62346949E-38 1.00000000E-40 7.63560843E-27 4.11349617E-13 8.88566829E-20 4.98974069E-29 6.69519101E-29 7.71114929E-28 1.43099182E-14 7.12383489E-14 1.42418842E-07 3.39921773E-05 1.00000000E-40 1.00000000E-40 2.88177896E-13 1.00000000E-40 1.00000000E-40 3.15034551E-32 1.00000000E-40 1.12625927E-12 9.13052744E-13 2.36017166E-09 1.91226469E-09 4.49364818E-13 2.03176379E-07 9.54404508E-12 1.01616746E-20 6.30944462E-18 8.78141850E-08 1.36335159E-35 3.31377731E-26 3.80228150E-35 1.56810211E-35 4.94552378E-39 1.00000000E-40 1.21899472E-31 2.63663324E-33 1.39235907E-11 1.00000000E-40 1.00000000E-40 1.00000000E-40 1.00000000E-40 1.19203868E-38 2.74813012E-12 1.71752022E-34 1.93121495E-33 1.00000000E-40 1.00000000E-40 3.22014839E-40 1.57553669E-38 2.35908718E-29 1.00000000E-40 1.00000000E-40 8.80456578E-14 1.44115801E-24 1.02486970E-34 1.60604000E-21 1.00000000E-05 1.00000000E-05 1.00000000E-05 1.00000000E-05 1.00000000E-05 1.00000000E-05 1.00000000E-05 1.00000000E-05 1.00000000E-05 1.00000000E-05
6.10049000E+01 3.04552000E-04 1.85991058E+16 1.18600388E+02 1.00000000E+05 1.27862593E-09 1.51204652E-07 1.00000000E-40 3.10533232E-29 2.04722410E-10 1.00000000E-40 1.00000000E-40 1.00000000E-40 1.00000000E-40 1.00000000E-40 6.31053726E-09 6.87122419E-05 8.55115621E-12 2.00225996E-12 4.63123537E-07 5.58341594E-05 1.17485143E-04 6.93799423E-02 2.51387836E-17 1.08301731E-18 1.00000000E-40 1.00000000E-40 2.24131920E-38 1.00000000E-40 8.46883774E-27 6.43573004E-13 1.00466157E-19 5.77117678E-29 5.47386213E-29 7.36850008E-28 1.87004451E-14 8.02865061E-14 2.04813196E-07 3.92604917E-05 1.00000000E-40 1.00000000E-40 4.00201027E-13 1.00000000E-40 1.00000000E-40 3.39431439E-32 1.00000000E-40 1.37785518E-12 1.05859686E-12 3.08515802E-09 2.07325409E-09 4.96963720E-13 2.32218241E-07 1.22124983E-11 1.00446516E-20 6.60446944E-18 1.10295450E-07 1.57989154E-35 3.52984284E-26 1.29915424E-34 3.68780500E-33 5.68249582E-39 1.00000000E-40 1.23761078E-31 2.93872624E-33 1.60478020E-11 1.00000000E-40 1.00000000E-40 1.00000000E-40 1.00000000E-40 1.23865566E-38 3.14810201E-12 2.45836294E-34 1.85242784E-33 1.00000000E-40 1.23841583E-40 7.30853783E-38 1.98134174E-38 3.05235179E-29 9.98702690E-38 1.00000000E-40 9.43820590E-14 9.54074887E-25 1.13372247E-34 4.23336000E-21 1.00000000E-05 1.00000000E-05 1.00000000E-05 1.00000000E-05 1.00000000E-05 1.00000000E-05 1.00000000E-05 1.00000000E-05 1.00000000E-05 1.00000000E-05
6.21894000E+01 2.55854000E-04 1.56647015E+16 1.18300561E+02 1.00000000E+05 1.29517824E-09 2.51396428E-22 1.00000000E-40 1.07089680E-29 1.77397241E-10 1.00000000E-40 1.00000000E-40 1.00000000E-40 1.00000000E-40 1.00000000E-40 9.20059377E-09 7.41086383E-05 9.58739175E-12 2.55686125E-12 6.62787594E-07 6.61713330E-05 1.39144526E-04 7.49882836E-02 3.18572054E-17 1.49136533E-18 1.00000000E-40 1.00000000E-40 1.65257012E-38 1.00000000E-40 8.59994107E-27 9.28685617E-13 1.02569290E-19 6.45452014E-29 3.57094624E-29 7.11278282E-28 2.15339786E-14 8.11972337E-14 2.69492910E-07 4.20915650E-05 1.00000000E-40 1.00000000E-40 5.09860858E-13 1.00000000E-40 1.00000000E-40 3.26696274E-32 1.00000000E-40 1.51513039E-12 1.08397642E-12 3.68637325E-09 2.04406236E-09 4.99756905E-13 2.42334021E-07 1.41803743E-11 8.82899562E-21 6.23630377E-18 1.26528029E-07 1.67498695E-35 3.43321054E-26 4.60552452E-35 1.00000000E-40 5.96951216E-39 1.00000000E-40 1.13957414E-31 2.93597349E-33 1.70434992E-11 1.00000000E-40 1.00000000E-40 1.00000000E-40 1.00000000E-40 1.15933352E-38 3.21915595E-12 3.15291240E-34 1.60039922E-33 1.00000000E-40 1.33933919E-40 1.00000000E-40 2.28574036E-38 3.61170396E-29 1.00000000E-40 1.00000000E-40 9.08168871E-14 5.49164443E-25 1.15514563E-34 8.06129000E-21 1.00000000E-05 1.00000000E-05 1.00000000E-05 1.00000000E-05 1.00000000E-05 1.00000000E-05 1.00000000E-05 1.00000000E-05 1.00000000E-05 1.00000000E-05
6.33740000E+01 2.14972000E-04 1.31942488E+16 1.18008678E+02 1.00000000E+05 1.30019663E-09 8.83735567E-31 1.00000000E-40 7.87203568E-30 1.51719043E-10 1.00000000E-40 1.00000000E-40 1.00000000E-40 1.00000000E-40 1.00000000E-40 1.31987896E-08 7.99733463E-05 1.06929840E-11 3.21903480E-12 9.41781998E-07 7.85194765E-05 1.65032089E-04 8.11025302E-02 3.96499415E-17 1.99070586E-18 1.00000000E-40 1.00000000E-40 1.32572170E-38 6.23436422E-35 8.74555684E-27 1.33994988E-12 1.04838489E-19 7.00634349E-29 2.20907624E-29 6.93534366E-28 2.42763261E-14 8.16513134E-14 3.52486128E-07 4.51789457E-05 1.00000000E-40 1.00000000E-40 6.51350744E-13 1.00000000E-40 1.00000000E-40 3.08885939E-32 1.00000000E-40 1.65456659E-12 1.08692327E-12 4.39258596E-09 2.00491711E-09 4.93092858E-13 2.52492272E-07 1.64248771E-11 7.61429352E-21 5.80238420E-18 1.44991361E-07 1.77679688E-35 3.33456157E-26 8.07249935E-36 1.00000000E-40 6.27034088E-39 1.00000000E-40 1.04172512E-31 2.86375614E-33 1.80647582E-11 1.00000000E-40 1.00000000E-40 1.00000000E-40 1.00000000E-40 1.06489065E-38 3.27206638E-12 3.90098847E-34 1.37438281E-33 1.00000000E-40 1.40328992E-40 1.00000000E-40 2.61782283E-38 4.27501267E-29 1.00000000E-40 1.00000000E-40 8.58113247E-14 3.00630680E-25 1.16336293E-34 1.49988000E-20 1.00000000E-05 1.00000000E-05 1.00000000E-05 1.00000000E-05 1.00000000E-05 1.00000000E-05 1.00000000E-05 1.00000000E-05 1.00000000E-05 1.00000000E-05
6.45585000E+01 1.80645000E-04 1.11140718E+16 1.17725208E+02 1.00000000E+05 1.29348263E-09 2.11763440E-36 1.00000000E-40 6.27668771E-30 1.28110022E-10 1.00000000E-40 1.00000000E-40 1.00000000E-40 1.00000000E-40 1.00000000E-40 1.86370627E-08 8.63470283E-05 1.18572419E-11 3.99660643E-12 1.32688635E-06 9.32836077E-05 1.96006248E-04 8.77695643E-02 4.84999005E-17 2.57744945E-18 1.00000000E-40 1.00000000E-40 2.01015667E-38 1.22118442E-33 8.90735634E-27 1.93348731E-12 1.07841002E-19 7.81535348E-29 1.77966358E-29 6.79584964E-28 2.68607612E-14 8.19373494E-14 4.58617919E-07 4.85335127E-05 1.00000000E-40 1.00000000E-40 8.33796050E-13 1.00000000E-40 1.00000000E-40 2.87194771E-32 1.27008060E-30 1.79712815E-12 1.07457152E-12 5.21643148E-09 1.95642651E-09 4.77045600E-13 2.62614314E-07 1.90362389E-11 6.48419588E-21 5.33158868E-18 1.65966252E-07 1.88578337E-35 3.23404575E-26 1.44435609E-34 3.86894237E-33 6.58547026E-39 1.00000000E-40 9.46353861E-32 2.72870345E-33 1.91214425E-11 1.00000000E-40 1.00000000E-40 1.00000000E-40 1.00000000E-40 9.70278675E-39 3.31803817E-12 4.70792947E-34 1.17461835E-33 1.00000000E-40 1.42649411E-40 6.89472354E-38 2.98134959E-38 5.06266678E-29 1.37624569E-37 9.83194982E-39 7.98019003E-14 1.56671000E-25 1.15675629E-34 2.84676000E-20 1.00000000E-05 1.00000000E-05 1.00000000E-05 1.00000000E-05 1.00000000E-05 1.00000000E-05 1.00000000E-05 1.00000000E-05 1.00000000E-05 1.00000000E-05
6.57431000E+01 1.51819000E-04 9.36251395E+15 1.17449282E+02 1.00000000E+05 1.27539057E-09 1.00687267E-40 1.00000000E-40 5.02781951E-30 1.06898287E-10 1.00000000E-40 1.00000000E-40 1.00000000E-40 1.00000000E-40 1.00000000E-40 2.59170210E-08 9.32739971E-05 1.30738974E-11 4.89806351E-12 1.85366114E-06 1.10945233E-04 2.33091024E-04 9.50412071E-02 5.83529466E-17 3.24073184E-18 1.00000000E-40 1.00000000E-40 1.09726489E-38 1.22973703E-32 9.08755207E-27 2.78835273E-12 1.11656261E-19 8.85127500E-29 9.07665747E-30 6.68759971E-28 2.91654028E-14 8.21200944E-14 5.93832645E-07 5.21715398E-05 1.00000000E-40 1.00000000E-40 1.06835527E-12 1.00000000E-40 1.00000000E-40 2.50964562E-32 1.55690071E-29 1.94223921E-12 1.05081231E-12 6.17779309E-09 1.90014216E-09 4.52987722E-13 2.72614403E-07 2.21249314E-11 5.48963040E-21 4.85566469E-18 1.89762449E-07 2.00246250E-35 3.13184380E-26 1.71422810E-35 1.00000000E-40 6.91556712E-39 1.00000000E-40 8.55448106E-32 2.54351766E-33 2.02403709E-11 1.00000000E-40 1.00000000E-40 1.00000000E-40 1.00000000E-40 8.14979725E-39 3.35959020E-12 5.53055717E-34 9.99874411E-34 1.00000000E-40 1.32419388E-40 1.00000000E-40 3.37796404E-38 5.99928101E-29 1.00000000E-40 1.00000000E-40 7.32166328E-14 7.78748104E-26 1.13621703E-34 5.71380000E-20 1.00000000E-05 1.00000000E-05 1.00000000E-05 1.00000000E-05 1.00000000E-05 1.00000000E-05 1.00000000E-05 1.00000000E-05 1.00000000E-05 1.00000000E-05
6.69277000E+01 1.27608000E-04 7.88746210E+15 1.17181036E+02 1.00000000E+05 1.24653969E-09 1.00000000E-40 1.00000000E-40 3.96418251E-30 8.82403987E-11 1.00000000E-40 1.00000000E-40 1.00000000E-40 1.00000000E-40 1.00000000E-40 3.55201629E-08 1.00799928E-04 1.43405067E-11 5.93317439E-12 2.56876352E-06 1.32079263E-04 2.77513277E-04 1.02971560E-01 6.91256708E-17 3.96271330E-18 1.00000000E-40 1.00000000E-40 1.10303607E-38 5.96839211E-33 9.28836128E-27 4.01342875E-12 1.16134348E-19 1.01888622E-28 1.00000000E-40 6.60975193E-28 3.10563415E-14 8.21817026E-14 7.65285530E-07 5.61071525E-05 1.23053217E-40 1.00000000E-40 1.36828698E-12 1.00000000E-40 1.00000000E-40 2.13332973E-32 7.49826075E-30 2.08884591E-12 1.01782037E-12 7.30197165E-09 1.83832621E-09 4.22883908E-13 2.82382906E-07 2.58304209E-11 4.64812695E-21 4.39819111E-18 2.16720626E-07 2.12731230E-35 3.02779054E-26 4.75147038E-35 1.00000000E-40 7.26111087E-39 1.00000000E-40 7.70464972E-32 2.32330466E-33 2.14497084E-11 1.00000000E-40 1.00000000E-40 7.40696584E-39 1.00000000E-40 6.84428000E-39 3.39583320E-12 6.35247405E-34 8.48260304E-34 1.00000000E-40 1.20445558E-40 1.00000000E-40 3.80974813E-38 7.11492736E-29 1.00000000E-40 1.45697520E-38 6.64177097E-14 3.70069080E-26 1.10369927E-34 1.26565000E-19 1.00000000E-05 1.00000000E-05 1.00000000E-05 1.00000000E-05 1.00000000E-05 1.00000000E-05 1.00000000E-05 1.00000000E-05 1.00000000E-05 1.00000000E-05
6.81122000E+01 1.07273000E-04 6.64533825E+15 1.16920335E+02 1.00000000E+05 1.20782643E-09 1.00000000E-40 1.00000000E-40 3.09885424E-30 7.21394731E-11 1.00000000E-40 1.00000000E-40 1.00000000E-40 1.00000000E-40 1.00000000E-40 4.80129878E-08 1.08970409E-04 1.56540292E-11 7.11275576E-12 3.53278994E-06 1.57363949E-04 3.30726112E-04 1.11615385E-01 8.07026433E-17 4.71916008E-18 1.00000000E-40 1.00000000E-40 1.13301949E-38 1.00000000E-40 9.51199306E-27 5.75545080E-12 1.21008737E-19 1.14663646E-28 9.31608976E-30 6.55922462E-28 3.24229264E-14 8.20766219E-14 9.81496764E-07 6.03514553E-05 1.48986805E-40 1.00000000E-40 1.74876239E-12 1.00000000E-40 1.00000000E-40 1.76432182E-32 1.00000000E-40 2.23560015E-12 9.77048933E-13 8.61976202E-09 1.77346958E-09 3.88841913E-13 2.91786777E-07 3.03163910E-11 3.95368473E-21 3.97356717E-18 2.47204521E-07 2.26074599E-35 2.92150419E-26 8.12984901E-35 4.40433991E-34 7.62235062E-39 1.00000000E-40 6.92377494E-32 2.08328891E-33 2.27754770E-11 1.00000000E-40 1.00000000E-40 2.56592960E-38 1.00000000E-40 5.65808720E-39 3.42472006E-12 7.14639840E-34 7.17550029E-34 1.00000000E-40 1.09578948E-40 7.11908196E-39 4.27838185E-38 8.44599187E-29 9.00419023E-39 1.13722307E-38 5.96863824E-14 1.68588926E-26 1.06160612E-34 3.25760000E-19 1.00000000E-05 1.00000000E-05 1.00000000E-05 1.00000000E-05 1.00000000E-05 1.00000000E-05 1.00000000E-05 1.00000000E-05 1.00000000E-05 1.00000000E-05
6.92968000E+01 9.01893000E-05 5.59946926E+15 1.16660778E+02 1.00000000E+05 1.16039644E-09 1.00000000E-40 1.00000000E-40 2.60283381E-30 5.84779052E-11 1.00000000E-40 1.00000000E-40 1.00000000E-40 1.00000000E-40 1.00000000E-40 6.40509287E-08 1.17838807E-04 1.69848227E-11 8.44922081E-12 4.82376176E-06 1.87604176E-04 3.94460866E-04 1.21038337E-01 9.29168653E-17 5.48085272E-18 1.00000000E-40 1.00000000E-40 1.24931160E-38 1.35254672E-33 9.76185746E-27 8.20731048E-12 1.25956880E-19 1.32732195E-28 2.45362112E-30 6.51187240E-28 3.32134263E-14 8.17634732E-14 1.25248967E-06 6.49184318E-05 1.75995341E-40 1.00000000E-40 2.22659303E-12 1.08273714E-40 1.00000000E-40 1.39782426E-32 1.60515546E-30 2.38124420E-12 9.29896886E-13 1.01710040E-08 1.70815462E-09 3.52759135E-13 3.00706445E-07 3.57584152E-11 3.38835193E-21 3.58912378E-18 2.81614494E-07 2.40333390E-35 2.81289663E-26 1.30216374E-34 2.30135291E-33 8.00013988E-39 1.00000000E-40 6.21842723E-32 1.83736361E-33 2.42368334E-11 1.00000000E-40 1.00000000E-40 9.55477154E-38 1.00000000E-40 4.40642657E-39 3.44508058E-12 7.89041083E-34 6.05548134E-34 1.00000000E-40 1.00000000E-40 3.60795169E-38 4.78151638E-38 1.00370283E-28 3.50733376E-38 4.10622840E-38 5.32464986E-14 7.38936852E-27 1.01219290E-34 9.77506000E-19 1.00000000E-05 1.00000000E-05 1.00000000E-05 1.00000000E-05 1.00000000E-05 1.00000000E-05 1.00000000E-05 1.00000000E-05 1.00000000E-05 1.00000000E-05
7.04813000E+01 7.58365000E-05 4.71868664E+15 1.16405597E+02 1.00000000E+05 1.10546282E-09 1.00000000E-40 1.00000000E-40 2.04170203E-30 4.70541003E-11 1.00000000E-40 1.00000000E-40 1.00000000E-40 1.00000000E-40 1.00000000E-40 8.43835343E-08 1.27455050E-04 1.83396878E-11 9.95652012E-12 6.54289994E-06 2.23742513E-04 4.70755776E-04 1.31303305E-01 1.05603042E-16 6.21600417E-18 1.00000000E-40 1.00000000E-40 1.21442315E-38 1.94960278E-33 1.00410675E-26 1.16192823E-11 1.30564573E-19 1.51001795E-28 1.00000000E-40 6.47835540E-28 3.34008595E-14 8.11672825E-14 1.59002396E-06 6.98170757E-05 2.02883579E-40 1.00000000E-40 2.81970960E-12 1.16132414E-40 1.00000000E-40 1.13007829E-32 2.41981007E-30 2.52371277E-12 8.77193595E-13 1.20007488E-08 1.64434202E-09 3.16386013E-13 3.08991465E-07 4.23420436E-11 2.92956883E-21 3.24732330E-18 3.20363438E-07 2.55548355E-35 2.70157830E-26 1.45265349E-34 2.01602033E-33 8.39479240E-39 1.00000000E-40 5.59043012E-32 1.59697192E-33 2.58619782E-11 1.00000000E-40 1.13552448E-40 4.06636641E-38 1.00000000E-40 3.38682030E-39 3.45308391E-12 8.56402713E-34 5.09886012E-34 1.00000000E-40 1.00000000E-40 3.06948460E-38 5.32159418E-38 1.19420347E-28 2.72799226E-38 5.48907520E-39 4.72107137E-14 3.12757158E-27 9.58406332E-35 2.84244000E-18 1.00000000E-05 1.00000000E-05 1.00000000E-05 1.00000000E-05 1.00000000E-05 1.00000000E-05 1.00000000E-05 1.00000000E-05 1.00000000E-05 1.00000000E-05
7.16659000E+01 6.37763000E-05 3.97674970E+15 1.16157640E+02 1.00000000E+05 1.04443801E-09 1.00000000E-40 1.00000000E-40 1.43426044E-30 3.76211607E-11 1.00000000E-40 1.00000000E-40 1.00000000E-40 1.00000000E-40 1.00000000E-40 1.09854819E-07 1.37877831E-04 1.97296872E-11 1.16507008E-11 8.82040564E-06 2.66888979E-04 5.62024124E-04 1.42484236E-01 1.18585825E-16 6.89293922E-18 1.00000000E-40 1.00000000E-40 1.28656400E-38 8.69294140E-34 1.03539670E-26 1.63092594E-11 1.34426180E-19 1.63677193E-28 1.00000000E-40 6.47116900E-28 3.30090086E-14 8.02295433E-14 2.00776816E-06 7.50592076E-05 2.29711215E-40 1.00000000E-40 3.54650080E-12 1.22822340E-40 1.00000000E-40 1.00685990E-32 1.02885987E-30 2.66092937E-12 8.19854533E-13 1.41627454E-08 1.58372313E-09 2.81088592E-13 3.16511462E-07 5.02453308E-11 2.55572325E-21 2.94765400E-18 3.63894083E-07 2.71773917E-35 2.58750310E-26 1.69988618E-34 2.87654682E-33 8.80720464E-39 1.00000000E-40 5.03932139E-32 1.37070809E-33 2.76815621E-11 1.00000000E-40 1.00000000E-40 6.07184517E-38 1.00000000E-40 2.70741751E-39 3.44549141E-12 9.15591689E-34 4.28434129E-34 1.00000000E-40 1.00000000E-40 4.25855955E-38 5.90173195E-38 1.42269568E-28 5.05208220E-38 2.27613817E-38 4.16472049E-14 1.28397727E-27 9.02919432E-35 7.03936000E-18 1.00000000E-05 1.00000000E-05 1.00000000E-05 1.00000000E-05 1.00000000E-05 1.00000000E-05 1.00000000E-05 1.00000000E-05 1.00000000E-05 1.00000000E-05
7.28505000E+01 5.36414000E-05 3.35175759E+15 1.15916223E+02 1.00000000E+05 9.78648514E-10 1.00000000E-40 1.00000000E-40 9.22959609E-31 2.99084954E-11 1.00000000E-40 1.00000000E-40 1.00000000E-40 1.00000000E-40 1.00000000E-40 1.41404221E-07 1.49162522E-04 2.11498646E-11 1.35499005E-11 1.18223464E-05 3.18340877E-04 6.71102840E-04 1.54653878E-01 1.31661828E-16 7.48192728E-18 1.00000000E-40 1.00000000E-40 9.12132078E-39 1.00000000E-40 1.07048182E-26 2.26707695E-11 1.37167333E-19 1.85245148E-28 1.24079029E-29 6.48854189E-28 3.21078564E-14 7.89097777E-14 2.52124318E-06 8.06525818E-05 2.54136086E-40 1.00000000E-40 4.42493732E-12 1.28463865E-40 1.00000000E-40 8.47571116E-33 1.00000000E-40 2.79092479E-12 7.58967876E-13 1.67211211E-08 1.52744865E-09 2.47732221E-13 3.23118410E-07 5.96146416E-11 2.24743626E-21 2.68691897E-18 4.12654959E-07 2.89049110E-35 2.47049180E-26 1.14136450E-34 1.00000000E-40 9.23785990E-39 1.00000000E-40 4.56170775E-32 1.16396187E-33 2.97191043E-11 1.00000000E-40 1.00000000E-40 1.00000000E-40 1.00000000E-40 2.39709370E-39 3.42020424E-12 9.65002393E-34 3.59234971E-34 1.00000000E-40 1.00000000E-40 1.00000000E-40 6.52290245E-38 1.69718043E-28 2.42858951E-39 1.00000000E-40 3.65890453E-14 5.13137576E-28 8.47620343E-35 1.51963000E-17 1.00000000E-05 1.00000000E-05 1.00000000E-05 1.00000000E-05 1.00000000E-05 1.00000000E-05 1.00000000E-05 1.00000000E-05 1.00000000E-05 1.00000000E-05
7.40350000E+01 4.51234000E-05 2.82524293E+15 1.15681187E+02 1.00000000E+05 9.09441973E-10 1.00000000E-40 1.00000000E-40 4.87984608E-31 2.36543477E-11 1.00000000E-40 1.00000000E-40 1.00000000E-40 1.00000000E-40 1.00000000E-40 1.80061928E-07 1.61365371E-04 2.25967095E-11 1.56737969E-11 1.57597442E-05 3.79610433E-04 8.01319976E-04 1.67888312E-01 1.44621612E-16 7.95760657E-18 1.00000000E-40 1.00000000E-40 9.51795740E-39 7.45645098E-34 1.10984111E-26 3.11838528E-11 1.38491626E-19 2.02073703E-28 2.98717502E-29 6.53017958E-28 3.07891956E-14 7.71869019E-14 3.14805707E-06 8.66032121E-05 2.79049679E-40 1.00000000E-40 5.47159687E-12 1.33243347E-40 1.00000000E-40 7.79232441E-33 9.06515722E-31 2.91176138E-12 6.95742410E-13 1.97504301E-08 1.47619828E-09 2.16837457E-13 3.28669795E-07 7.05532450E-11 1.98899542E-21 2.46090684E-18 4.67099513E-07 3.07407080E-35 2.35050801E-26 1.28562644E-34 1.00000000E-40 9.68724276E-39 1.00000000E-40 4.15262461E-32 9.79546795E-34 3.19977422E-11 1.00000000E-40 1.00000000E-40 1.00000000E-40 1.00000000E-40 1.63613879E-39 3.37585696E-12 1.00386216E-33 3.00538663E-34 1.00000000E-40 1.00000000E-40 1.00000000E-40 7.18662165E-38 2.02734106E-28 1.00000000E-40 1.00000000E-40 3.20373987E-14 2.00841579E-28 7.93974438E-35 2.97862000E-17 1.00000000E-05 1.00000000E-05 1.00000000E-05 1.00000000E-05 1.00000000E-05 1.00000000E-05 1.00000000E-05 1.00000000E-05 1.00000000E-05 1.00000000E-05
7.52196000E+01 3.79635000E-05 2.38165399E+15 1.15452753E+02 1.00000000E+05 8.38177252E-10 1.00000000E-40 1.00000000E-40 1.51903489E-31 1.86188742E-11 1.00000000E-40 1.00000000E-40 1.00000000E-40 1.00000000E-40 1.00000000E-40 2.26939496E-07 1.74547973E-04 2.40693611E-11 1.80432177E-11 2.08989744E-05 4.52452579E-04 9.56564234E-04 1.82272650E-01 1.57261457E-16 8.30123953E-18 1.00000000E-40 1.00000000E-40 8.91247132E-39 1.55804623E-33 1.15406506E-26 4.24262171E-11 1.38223639E-19 2.09413429E-28 1.00000000E-40 6.59676838E-28 2.91521807E-14 7.50653929E-14 3.90812852E-06 9.29183292E-05 3.02594557E-40 1.00000000E-40 6.70064584E-12 1.37401314E-40 1.00000000E-40 2.85769935E-33 2.00645835E-30 3.02170423E-12 6.31503337E-13 2.33370194E-08 1.43033225E-09 1.88678824E-13 3.33055925E-07 8.31126764E-11 1.76855261E-21 2.26530415E-18 5.27686911E-07 3.26886842E-35 2.22791222E-26 1.51167712E-34 7.90287413E-35 1.01563429E-38 1.00000000E-40 3.80662172E-32 8.18341148E-34 3.45420131E-11 1.00000000E-40 1.00000000E-40 1.00000000E-40 1.00000000E-40 5.43883659E-40 3.31213615E-12 1.03155580E-33 2.50841073E-34 1.00000000E-40 1.00000000E-40 1.08354007E-39 7.89457792E-38 2.42482649E-28 3.32451435E-39 1.00000000E-40 2.79751528E-14 7.67909177E-29 7.43095272E-35 5.45677000E-17 1.00000000E-05 1.00000000E-05 1.00000000E-05 1.00000000E-05 1.00000000E-05 1.00000000E-05 1.00000000E-05 1.00000000E-05 1.00000000E-05 1.00000000E-05
7.64041000E+01 3.19444000E-05 2.00790166E+15 1.15230916E+02 1.00000000E+05 7.66095865E-10 1.00000000E-40 1.00000000E-40 1.00000000E-40 1.45879023E-11 1.00000000E-40 1.00000000E-40 1.00000000E-40 1.00000000E-40 1.00000000E-40 2.83229997E-07 1.88768404E-04 2.55653176E-11 2.06799220E-11 2.75747965E-05 5.38900317E-04 1.14137330E-03 1.97890488E-01 1.69382418E-16 8.50135420E-18 1.00000000E-40 1.00000000E-40 1.01398790E-38 5.45077240E-34 1.20375603E-26 5.70811053E-11 1.36292605E-19 2.17906745E-28 2.05401884E-29 6.67742505E-28 2.72900812E-14 7.25654542E-14 4.82369198E-06 9.96000232E-05 3.26172915E-40 1.00000000E-40 8.12289593E-12 1.41177081E-40 1.00000000E-40 3.36034951E-33 6.68873485E-31 3.11919624E-12 5.67530194E-13 2.75794569E-08 1.38979391E-09 1.63314409E-13 3.36168436E-07 9.72811317E-11 1.57703778E-21 2.09558158E-18 5.94859703E-07 3.47507853E-35 2.10308096E-26 1.73534981E-34 4.39349285E-34 1.06458253E-38 1.00000000E-40 3.51741183E-32 6.79634264E-34 3.73730578E-11 1.00000000E-40 1.00000000E-40 1.53059328E-38 1.00000000E-40 1.10951866E-39 3.22948770E-12 1.04761893E-33 2.08815906E-34 1.00000000E-40 1.00000000E-40 5.88411143E-39 8.64848765E-38 2.90358434E-28 3.22616676E-39 7.52862158E-39 2.43709474E-14 2.92409809E-29 6.95616176E-35 9.51353000E-17 1.00000000E-05 1.00000000E-05 1.00000000E-05 1.00000000E-05 1.00000000E-05 1.00000000E-05 1.00000000E-05 1.00000000E-05 1.00000000E-05 1.00000000E-05
7.75887000E+01 2.68838000E-05 1.69300362E+15 1.15013677E+02 1.00000000E+05 6.94385729E-10 1.00000000E-40 1.00000000E-40 1.00000000E-40 1.13776579E-11 1.00000000E-40 1.00000000E-40 1.00000000E-40 1.00000000E-40 1.00000000E-40 3.50193235E-07 2.04088526E-04 2.70685782E-11 2.36057248E-11 3.62028382E-05 6.41294811E-04 1.36101159E-03 2.14832964E-01 1.80791543E-16 8.55478826E-18 1.00000000E-40 1.00000000E-40 1.21411446E-38 4.95804987E-33 1.25961041E-26 7.59456778E-11 1.32769952E-19 2.13673495E-28 1.31940286E-29 6.73731074E-28 2.52912821E-14 6.97348161E-14 5.91946262E-06 1.06650122E-04 3.49019390E-40 1.00000000E-40 9.74479440E-12 1.44819382E-40 1.00000000E-40 5.57340878E-33 6.61018509E-30 3.20323068E-12 5.05129867E-13 3.25913140E-08 1.35430851E-09 1.40666551E-13 3.37940279E-07 1.12984257E-10 1.40799048E-21 1.94749943E-18 6.69048937E-07 3.69289435E-35 1.97675295E-26 2.00847196E-34 9.10056720E-34 1.11568420E-38 1.00000000E-40 3.27893521E-32 5.61856252E-34 4.05060015E-11 1.00000000E-40 1.00000000E-40 1.88846789E-38 1.00000000E-40 1.23650917E-39 3.12986225E-12 1.05209986E-33 1.73352254E-34 1.00000000E-40 1.00000000E-40 1.19160037E-38 9.44725930E-38 3.48014225E-28 9.55428942E-39 1.53632062E-38 2.11910875E-14 1.10142375E-29 6.51812657E-35 1.59618000E-16 1.00000000E-05 1.00000000E-05 1.00000000E-05 1.00000000E-05 1.00000000E-05 1.00000000E-05 1.00000000E-05 1.00000000E-05 1.00000000E-05 1.00000000E-05
7.87733000E+01 2.26285000E-05 1.42774494E+15 1.14794705E+02 1.00000000E+05 6.24040230E-10 1.00000000E-40 1.00000000E-40 1.00000000E-40 8.83212275E-12 1.00000000E-40 1.00000000E-40 1.00000000E-40 1.00000000E-40 1.00000000E-40 4.29129508E-07 2.20553327E-04 2.85251972E-11 2.68411867E-11 4.72959295E-05 7.62309762E-04 1.62154057E-03 2.33181722E-01 1.91254760E-16 8.46469803E-18 1.00000000E-40 1.00000000E-40 9.10977689E-39 1.00000000E-40 1.32227783E-26 9.99268470E-11 1.27789142E-19 2.04955713E-28 1.00000000E-40 6.77318428E-28 2.32287982E-14 6.66218913E-14 7.22208379E-06 1.14060997E-04 3.70264032E-40 1.00000000E-40 1.15672943E-11 1.48538596E-40 1.00000000E-40 1.00000000E-40 1.00000000E-40 3.27287629E-12 4.45381969E-13 3.85068420E-08 1.32326863E-09 1.20532668E-13 3.38304731E-07 1.30068533E-10 1.25663217E-21 1.81690913E-18 7.50630930E-07 3.92213898E-35 1.84962712E-26 1.86947426E-34 1.00000000E-40 1.16899135E-38 1.00000000E-40 3.08494810E-32 4.62807450E-34 4.39398693E-11 1.00000000E-40 1.00000000E-40 1.00000000E-40 1.00000000E-40 1.79838630E-40 3.01580146E-12 1.04515957E-33 1.43480573E-34 1.00000000E-40 1.00000000E-40 1.00000000E-40 1.02812122E-37 4.17384883E-28 1.00000000E-40 1.00000000E-40 1.83985067E-14 4.35554484E-30 6.11518563E-35 2.59614000E-16 1.00000000E-05 1.00000000E-05 1.00000000E-05 1.00000000E-05 1.00000000E-05 1.00000000E-05 1.00000000E-05 1.00000000E-05 1.00000000E-05 1.00000000E-05
7.99578000E+01 1.90500000E-05 1.20417800E+15 1.14583216E+02 1.00000000E+05 5.56023349E-10 1.00000000E-40 1.00000000E-40 1.00000000E-40 6.82427698E-12 1.00000000E-40 1.00000000E-40 1.00000000E-40 1.00000000E-40 1.00000000E-40 5.21415199E-07 2.38215632E-04 2.99973795E-11 3.04058897E-11 6.15002112E-05 9.05014994E-04 1.92999177E-03 2.53022122E-01 2.00690220E-16 8.24195026E-18 1.00000000E-40 1.00000000E-40 1.08417695E-38 1.00000000E-40 1.39246106E-26 1.30095308E-10 1.21529099E-19 1.98345563E-28 1.00000000E-40 6.78295117E-28 2.11368475E-14 6.32619625E-14 8.76212718E-06 1.21820176E-04 3.93378017E-40 1.00000000E-40 1.35857661E-11 1.52476249E-40 1.00000000E-40 4.35740581E-34 1.00000000E-40 3.32666038E-12 3.88928308E-13 4.54560512E-08 1.29614604E-09 1.02818336E-13 3.37229489E-07 1.48379988E-10 1.11972342E-21 1.70082603E-18 8.39955356E-07 4.16250788E-35 1.72257336E-26 2.12699273E-34 1.00000000E-40 1.22457827E-38 1.00000000E-40 2.92960426E-32 3.80014360E-34 4.77090078E-11 1.00000000E-40 1.00000000E-40 1.00000000E-40 1.00000000E-40 3.00784688E-40 2.88754492E-12 1.02757417E-33 1.18342255E-34 1.00000000E-40 1.00000000E-40 1.00000000E-40 1.11604920E-37 5.00727365E-28 1.00000000E-40 1.00000000E-40 1.59414867E-14 1.65565899E-30 5.74854507E-35 4.11433000E-16 1.00000000E-05 1.00000000E-05 1.00000000E-05 1.00000000E-05 1.00000000E-05 1.00000000E-05 1.00000000E-05 1.00000000E-05 1.00000000E-05 1.00000000E-05
8.11424000E+01 1.60403000E-05 1.01580042E+15 1.14372290E+02 1.00000000E+05 4.91132742E-10 1.00000000E-40 1.00000000E-40 1.00000000E-40 5.24726462E-12 1.00000000E-40 1.00000000E-40 1.00000000E-40 1.00000000E-40 1.00000000E-40 6.28425128E-07 2.57114666E-04 3.14294489E-11 3.43175273E-11 7.95962285E-05 1.07288267E-03 2.29438658E-03 2.74439252E-01 2.08909890E-16 7.90242797E-18 1.00000000E-40 1.00000000E-40 1.56445959E-38 6.46975378E-33 1.47086655E-26 1.67627347E-10 1.14250981E-19 1.85498667E-28 2.66494671E-29 6.76425004E-28 1.90645730E-14 5.97189433E-14 1.05713924E-05 1.29911506E-04 4.17067089E-40 1.00000000E-40 1.57890145E-11 1.56770456E-40 1.00000000E-40 1.08276455E-32 8.76109363E-30 3.36428920E-12 3.36462472E-13 5.36036329E-08 1.27226202E-09 8.72879866E-14 3.34725541E-07 1.67686691E-10 9.95099304E-22 1.59619674E-18 9.37319619E-07 4.41350048E-35 1.59666386E-26 2.47672791E-34 3.12627966E-34 1.28254864E-38 1.00000000E-40 2.80760896E-32 3.11191444E-34 5.18056371E-11 1.00000000E-40 1.00000000E-40 8.12672835E-39 1.00000000E-40 1.34178986E-39 2.74850304E-12 1.00023749E-33 9.72585432E-35 1.00000000E-40 1.00000000E-40 3.83929298E-39 1.20713647E-37 6.00612347E-28 3.10686081E-40 5.89310307E-39 1.37885126E-14 5.64499274E-31 5.41314242E-35 6.37682000E-16 1.00000000E-05 1.00000000E-05 1.00000000E-05 1.00000000E-05 1.00000000E-05 1.00000000E-05 1.00000000E-05 1.00000000E-05 1.00000000E-05 1.00000000E-05
8.23269000E+01 1.35086000E-05 8.57015329E+14 1.14166443E+02 1.00000000E+05 4.30014908E-10 1.00000000E-40 1.00000000E-40 1.00000000E-40 4.01459826E-12 1.00000000E-40 1.00000000E-40 1.00000000E-40 1.00000000E-40 1.00000000E-40 7.51588489E-07 2.77286869E-04 3.28549287E-11 3.85898398E-11 1.02553171E-04 1.26986318E-03 2.72395569E-03 2.97512681E-01 2.15845220E-16 7.46591473E-18 1.00000000E-40 1.00000000E-40 1.63135667E-38 3.28342421E-33 1.55814441E-26 2.13884151E-10 1.06216995E-19 1.76919062E-28 4.86606870E-29 6.71405196E-28 1.70370570E-14 5.60419314E-14 1.26857092E-05 1.38308270E-04 4.39922017E-40 1.00000000E-40 1.81595222E-11 1.61486832E-40 1.00000000E-40 1.11751815E-32 4.45029187E-30 3.38504590E-12 2.88345731E-13 6.31087378E-08 1.25094667E-09 7.37713340E-14 3.30821846E-07 1.87780539E-10 8.81178272E-22 1.50060575E-18 1.04296399E-06 4.67426119E-35 1.47290896E-26 2.62956364E-34 1.00000000E-40 1.34298669E-38 1.00000000E-40 2.71393760E-32 2.54123344E-34 5.62459405E-11 1.00000000E-40 1.00000000E-40 1.46402084E-40 1.00000000E-40 1.73029430E-39 2.60028589E-12 9.64211667E-34 7.96157234E-35 1.00000000E-40 1.00000000E-40 1.00000000E-40 1.30149317E-37 7.19951363E-28 1.00000000E-40 1.00000000E-40 1.18997302E-14 3.01536275E-31 5.10572106E-35 9.69147000E-16 1.00000000E-05 1.00000000E-05 1.00000000E-05 1.00000000E-05 1.00000000E-05 1.00000000E-05 1.00000000E-05 1.00000000E-05 1.00000000E-05 1.00000000E-05
8.35115000E+01 1.13788000E-05 7.23181758E+14 1.13963484E+02 1.00000000E+05 3.73170544E-10 1.00000000E-40 1.00000000E-40 1.00000000E-40 3.05543879E-12 1.00000000E-40 1.00000000E-40 1.00000000E-40 1.00000000E-40 1.00000000E-40 8.92339777E-07 2.98759986E-04 3.42563289E-11 4.32324248E-11 1.31540439E-04 1.50039166E-03 3.22917376E-03 3.22319442E-01 2.21407882E-16 6.95472137E-18 1.00000000E-40 1.00000000E-40 1.35858987E-38 1.00000000E-40 1.65488500E-26 2.70367339E-10 9.77147922E-20 1.53013013E-28 1.00000000E-40 6.62945789E-28 1.50837425E-14 5.22925977E-14 1.51429125E-05 1.46977619E-04 4.63531748E-40 1.00000000E-40 2.06731502E-11 1.66672417E-40 1.00000000E-40 1.00000000E-40 1.00000000E-40 3.38904596E-12 2.44863499E-13 7.41499755E-08 1.23145700E-09 6.20625987E-14 3.25589967E-07 2.08442010E-10 7.76930013E-22 1.41183918E-18 1.15706429E-06 4.94365850E-35 1.35240313E-26 2.79599547E-34 1.00000000E-40 1.40601138E-38 1.00000000E-40 2.64408237E-32 2.06930810E-34 6.10217353E-11 1.00000000E-40 1.00000000E-40 1.00000000E-40 1.00000000E-40 1.50210294E-39 2.44585586E-12 9.20985778E-34 6.49102216E-35 1.00000000E-40 1.00000000E-40 1.00000000E-40 1.39802076E-37 8.61950193E-28 1.83831692E-39 1.00000000E-40 1.02455232E-14 1.00000000E-40 4.82129389E-35 1.44684000E-15 1.00000000E-05 1.00000000E-05 1.00000000E-05 1.00000000E-05 1.00000000E-05 1.00000000E-05 1.00000000E-05 1.00000000E-05 1.00000000E-05 1.00000000E-05
8.46961000E+01 9.58692000E-06 6.10403960E+14 1.13757091E+02 1.00000000E+05 3.20895093E-10 1.00000000E-40 1.00000000E-40 1.00000000E-40 2.31230626E-12 1.00000000E-40 1.00000000E-40 1.00000000E-40 1.00000000E-40 1.00000000E-40 1.05203529E-06 3.21520317E-04 3.55688930E-11 4.82442107E-11 1.67963276E-04 1.76937185E-03 3.82177297E-03 3.48906052E-01 2.25457607E-16 6.39038153E-18 1.00000000E-40 1.00000000E-40 1.59666793E-38 1.71880850E-35 1.76140633E-26 3.38702767E-10 8.89926809E-20 1.37808077E-28 2.09774754E-29 6.50710153E-28 1.32281811E-14 4.85207879E-14 1.79818855E-05 1.55866555E-04 4.87846796E-40 1.00000000E-40 2.32979992E-11 1.72327259E-40 1.00000000E-40 3.75761135E-33 5.35438162E-36 3.37628057E-12 2.06101596E-13 8.69239759E-08 1.21282075E-09 5.19337838E-14 3.19095456E-07 2.29437904E-10 6.81506558E-22 1.32770601E-18 1.27964665E-06 5.21975290E-35 1.23601197E-26 3.08468160E-34 1.00000000E-40 1.47163458E-38 1.00000000E-40 2.59363337E-32 1.67968362E-34 6.60964042E-11 1.00000000E-40 1.00000000E-40 1.00000000E-40 1.00000000E-40 9.01299777E-40 2.28804139E-12 8.71963874E-34 5.26982898E-35 1.00000000E-40 1.00000000E-40 1.00000000E-40 1.49420124E-37 1.03003529E-27 1.00000000E-40 1.00000000E-40 8.79861504E-15 1.00000000E-40 4.55390939E-35 2.12394000E-15 1.00000000E-05 1.00000000E-05 1.00000000E-05 1.00000000E-05 1.00000000E-05 1.00000000E-05 1.00000000E-05 1.00000000E-05 1.00000000E-05 1.00000000E-05
8.58806000E+01 8.07909000E-06 5.15302146E+14 1.13557863E+02 1.00000000E+05 2.73403718E-10 1.00000000E-40 1.00000000E-40 1.00000000E-40 1.73997622E-12 1.00000000E-40 1.00000000E-40 1.00000000E-40 1.00000000E-40 1.00000000E-40 1.23221039E-06 3.45584928E-04 3.68973718E-11 5.36225216E-11 2.13565918E-04 2.08237375E-03 4.51527435E-03 3.77328027E-01 2.28088402E-16 5.79532408E-18 1.00000000E-40 1.00000000E-40 1.63129982E-38 1.52242558E-35 1.87794508E-26 4.20825229E-10 8.02739791E-20 1.10783955E-28 1.00000000E-40 6.34449604E-28 1.14793372E-14 4.47668441E-14 2.12479145E-05 1.64916151E-04 5.12239116E-40 1.00000000E-40 2.59975902E-11 1.78394032E-40 1.00000000E-40 1.61099434E-33 4.07838157E-39 3.34672277E-12 1.71924510E-13 1.01578949E-07 1.19445625E-09 4.32656649E-14 3.11446462E-07 2.50671144E-10 5.94359941E-22 1.24696685E-18 1.41071982E-06 5.50043136E-35 1.12458635E-26 3.32177613E-34 1.00000000E-40 1.53995450E-38 1.00000000E-40 2.55868046E-32 1.35803633E-34 7.14874485E-11 1.00000000E-40 1.00000000E-40 1.00000000E-40 1.00000000E-40 3.79853475E-40 2.12778646E-12 8.18665075E-34 4.25910121E-35 1.00000000E-40 1.00000000E-40 1.00000000E-40 1.59091158E-37 1.22786783E-27 1.00000000E-40 1.00000000E-40 7.52936097E-15 1.00000000E-40 4.30090849E-35 3.06721000E-15 1.00000000E-05 1.00000000E-05 1.00000000E-05 1.00000000E-05 1.00000000E-05 1.00000000E-05 1.00000000E-05 1.00000000E-05 1.00000000E-05 1.00000000E-05
8.70652000E+01 6.81013000E-06 4.35184857E+14 1.13343950E+02 1.00000000E+05 2.30719185E-10 1.00000000E-40 1.00000000E-40 1.00000000E-40 1.30096820E-12 1.00000000E-40 1.00000000E-40 1.00000000E-40 1.00000000E-40 1.00000000E-40 1.43404696E-06 3.70875919E-04 3.80104811E-11 5.93451467E-11 2.70330483E-04 2.44531041E-03 5.32422607E-03 4.07588955E-01 2.29040439E-16 5.18831450E-18 1.00000000E-40 1.00000000E-40 1.70104220E-38 1.35218428E-35 2.00422549E-26 5.18540764E-10 7.17518511E-20 1.00294743E-28 1.15150231E-29 6.13974748E-28 9.86295270E-15 4.10803150E-14 2.49788003E-05 1.74047715E-04 5.37422261E-40 1.00000000E-40 2.87267137E-11 1.84846593E-40 1.00000000E-40 8.92433262E-34 1.00000000E-40 3.30136894E-12 1.42227631E-13 1.18362857E-07 1.17511336E-09 3.57985664E-14 3.02751544E-07 2.71908271E-10 5.15037779E-22 1.16768648E-18 1.55004533E-06 5.78247339E-35 1.01881029E-26 3.55120457E-34 1.00000000E-40 1.61093864E-38 1.00000000E-40 2.53544195E-32 1.09368790E-34 7.70695773E-11 1.00000000E-40 1.00000000E-40 1.00000000E-40 1.00000000E-40 2.06620929E-40 1.96919535E-12 7.62633919E-34 3.42758131E-35 1.00000000E-40 1.00000000E-40 1.00000000E-40 1.68131114E-37 1.45898848E-27 1.00000000E-40 1.00000000E-40 6.42314004E-15 6.04014027E-32 4.05576065E-35 4.35767000E-15 1.00000000E-05 1.00000000E-05 1.00000000E-05 1.00000000E-05 1.00000000E-05 1.00000000E-05 1.00000000E-05 1.00000000E-05 1.00000000E-05 1.00000000E-05
8.82497000E+01 5.74207000E-06 3.67613167E+14 1.13134260E+02 1.00000000E+05 1.92785579E-10 1.00000000E-40 1.00000000E-40 1.00000000E-40 9.66902828E-13 1.00000000E-40 1.00000000E-40 1.00000000E-40 1.00000000E-40 1.00000000E-40 1.65899333E-06 3.97355158E-04 3.91025979E-11 6.53872659E-11 3.40804043E-04 2.86477185E-03 6.26525728E-03 4.39692147E-01 2.28504125E-16 4.58681497E-18 1.00000000E-40 1.00000000E-40 1.77921400E-38 1.20266997E-35 2.13971782E-26 6.34266584E-10 6.35489496E-20 8.62868314E-29 1.91962019E-29 5.89228320E-28 8.37420737E-15 3.74732010E-14 2.92241014E-05 1.83166388E-04 5.62476805E-40 1.00000000E-40 3.14374152E-11 1.91548428E-40 1.00000000E-40 6.00272890E-34 1.00000000E-40 3.23950380E-12 1.16608226E-13 1.37367006E-07 1.15451438E-09 2.94706816E-14 2.93143601E-07 2.93208564E-10 4.43245759E-22 1.08953075E-18 1.69733889E-06 6.06227050E-35 9.19241065E-27 3.77540191E-34 3.38622517E-40 1.68460683E-38 1.00000000E-40 2.52051415E-32 8.76051089E-35 8.28784493E-11 1.00000000E-40 1.00000000E-40 1.00000000E-40 1.00000000E-40 1.36522363E-40 1.81134765E-12 7.05186539E-34 2.74544768E-35 1.00000000E-40 1.00000000E-40 1.00000000E-40 1.76736685E-37 1.72688305E-27 1.00000000E-40 1.00000000E-40 5.45333459E-15 2.27790849E-31 3.81741699E-35 6.09034000E-15 1.00000000E-05 1.00000000E-05 1.00000000E-05 1.00000000E-05 1.00000000E-05 1.00000000E-05 1.00000000E-05 1.00000000E-05 1.00000000E-05 1.00000000E-05
8.94343000E+01 4.84297000E-06 3.10637889E+14 1.12920832E+02 1.00000000E+05 1.59462137E-10 1.00000000E-40 1.00000000E-40 1.00000000E-40 7.14119724E-13 1.00000000E-40 1.00000000E-40 1.00000000E-40 1.00000000E-40 1.00000000E-40 1.90825726E-06 4.24916680E-04 4.00945084E-11 7.17112343E-11 4.27937766E-04 3.34774911E-03 7.35635869E-03 4.73598973E-01 2.26416396E-16 4.00509635E-18 1.00000000E-40 1.00000000E-40 1.85432260E-38 1.07076992E-35 2.28328619E-26 7.70325031E-10 5.57717169E-20 6.63645747E-29 2.00986745E-30 5.60303454E-28 7.02291191E-15 3.39730179E-14 3.40247009E-05 1.92164716E-04 5.87188375E-40 1.00000000E-40 3.40762064E-11 1.98395881E-40 1.00000000E-40 4.49340797E-34 1.00000000E-40 3.16182268E-12 9.47390183E-14 1.58755040E-07 1.13200593E-09 2.41247459E-14 2.82762846E-07 3.14544085E-10 3.78703390E-22 1.01176761E-18 1.85210762E-06 6.33522522E-35 8.26285415E-27 3.98646392E-34 1.42293341E-40 1.76091347E-38 1.00000000E-40 2.51067562E-32 6.97555020E-35 8.88279230E-11 1.00000000E-40 1.00000000E-40 1.00000000E-40 1.00000000E-40 1.00358217E-40 1.65619026E-12 6.47587916E-34 2.18912168E-35 1.00000000E-40 1.00000000E-40 1.00000000E-40 1.84479427E-37 2.03455156E-27 1.00000000E-40 1.00000000E-40 4.60636426E-15 4.82442941E-32 3.58258696E-35 8.37370000E-15 1.00000000E-05 1.00000000E-05 1.00000000E-05 1.00000000E-05 1.00000000E-05 1.00000000E-05 1.00000000E-05 1.00000000E-05 1.00000000E-05 1.00000000E-05
9.06189000E+01 4.08600000E-06 2.62580181E+14 1.12707583E+02 1.00000000E+05 1.30511852E-10 1.00000000E-40 1.00000000E-40 1.00000000E-40 5.24098629E-13 1.00000000E-40 1.00000000E-40 1.00000000E-40 1.00000000E-40 1.00000000E-40 2.18309522E-06 4.53432729E-04 4.10339988E-11 7.82655915E-11 5.35321047E-04 3.90169203E-03 8.61727425E-03 5.09228083E-01 2.22853798E-16 3.45446846E-18 1.00000000E-40 1.00000000E-40 1.92688575E-38 9.53809909E-36 2.43313740E-26 9.29410797E-10 4.84966809E-20 4.95505553E-29 1.00000000E-40 5.27423538E-28 5.81153633E-15 3.05981660E-14 3.94235801E-05 2.00910005E-04 6.11003949E-40 1.00000000E-40 3.65859333E-11 2.05244302E-40 1.00000000E-40 3.57349557E-34 1.00000000E-40 3.06870130E-12 7.62428792E-14 1.82587014E-07 1.10711896E-09 1.96462701E-14 2.71740007E-07 3.36029340E-10 3.21059919E-22 9.34067261E-19 2.01365559E-06 6.59567036E-35 7.40131552E-27 4.17972241E-34 1.13631960E-40 1.83972933E-38 1.00000000E-40 2.50280688E-32 5.51557175E-35 9.48661635E-11 1.00000000E-40 1.00000000E-40 1.00000000E-40 1.00000000E-40 1.00000000E-40 1.50443561E-12 5.90876748E-34 1.73748807E-35 1.00000000E-40 1.00000000E-40 1.00000000E-40 1.91204352E-37 2.38432347E-27 1.00000000E-40 1.00000000E-40 3.86705136E-15 3.56689197E-32 3.34975389E-35 1.13298000E-14 1.00000000E-05 1.00000000E-05 1.00000000E-05 1.00000000E-05 1.00000000E-05 1.00000000E-05 1.00000000E-05 1.00000000E-05 1.00000000E-05 1.00000000E-05
9.18034000E+01 3.44859000E-06 2.22041664E+14 1.12492562E+02 1.00000000E+05 1.05647151E-10 1.00000000E-40 1.00000000E-40 1.00000000E-40 3.82135943E-13 1.00000000E-40 1.00000000E-40 1.00000000E-40 1.00000000E-40 1.00000000E-40 2.48471612E-06 4.82733538E-04 4.19055342E-11 8.49859648E-11 6.67208229E-04 4.53436345E-03 1.00692556E-02 5.46447108E-01 2.17859405E-16 2.94330286E-18 1.00000000E-40 1.00000000E-40 2.01097478E-38 8.49810601E-36 2.58668306E-26 1.11432392E-09 4.17776237E-20 4.77513144E-29 1.75924737E-29 4.90975190E-28 4.74227197E-15 2.73681941E-14 4.54572602E-05 2.09251365E-04 6.33538498E-40 1.00000000E-40 3.89065810E-11 2.11946788E-40 1.00000000E-40 2.94106216E-34 1.00000000E-40 2.96104618E-12 6.07581172E-14 2.08887351E-07 1.07931476E-09 1.59138207E-14 2.60200588E-07 3.57814252E-10 2.69941938E-22 8.56212911E-19 2.18104769E-06 6.83678173E-35 6.60802847E-27 4.34838523E-34 1.00000000E-40 1.92084150E-38 1.00000000E-40 2.49391780E-32 4.32744198E-35 1.00896011E-10 1.00000000E-40 1.00000000E-40 1.00000000E-40 1.00000000E-40 1.00000000E-40 1.35726769E-12 5.35910424E-34 1.37279139E-35 1.53519058E-40 1.00000000E-40 1.00000000E-40 1.96615472E-37 2.77748720E-27 1.00000000E-40 1.00000000E-40 3.22387924E-15 5.10148248E-32 3.11774566E-35 1.50964000E-14 1.00000000E-05 1.00000000E-05 1.00000000E-05 1.00000000E-05 1.00000000E-05 1.00000000E-05 1.00000000E-05 1.00000000E-05 1.00000000E-05 1.00000000E-05
9.29880000E+01 2.91177000E-06 1.87848132E+14 1.12270822E+02 1.00000000E+05 8.45315043E-11 1.00000000E-40 1.00000000E-40 1.00000000E-40 2.76754095E-13 1.00000000E-40 1.00000000E-40 1.00000000E-40 1.00000000E-40 1.00000000E-40 2.81397784E-06 5.12563674E-04 4.26514110E-11 9.17799602E-11 8.28607702E-04 5.25340586E-03 1.17342727E-02 5.85054393E-01 2.11437849E-16 2.47705201E-18 1.00000000E-40 1.00000000E-40 2.17426635E-38 7.57290327E-36 2.74034874E-26 1.32800197E-09 3.56453979E-20 3.88463579E-29 2.75676274E-29 4.51531021E-28 3.81384597E-15 2.42981351E-14 5.21540165E-05 2.17016876E-04 6.54747592E-40 1.00000000E-40 4.09764513E-11 2.18361709E-40 1.00000000E-40 2.47420449E-34 1.00000000E-40 2.83965241E-12 4.79316157E-14 2.37618822E-07 1.04806474E-09 1.28137897E-14 2.48269508E-07 3.80119298E-10 2.24974463E-22 7.78173084E-19 2.35303428E-06 7.05043392E-35 5.88213110E-27 4.48382212E-34 1.00000000E-40 2.00392166E-38 1.00000000E-40 2.48117830E-32 3.36648748E-35 1.06785399E-10 1.00000000E-40 1.00000000E-40 1.00000000E-40 1.00000000E-40 1.00000000E-40 1.21578483E-12 4.83392736E-34 1.07987994E-35 7.77801730E-40 1.00000000E-40 1.00000000E-40 2.00310973E-37 3.21379572E-27 1.00000000E-40 1.00000000E-40 2.66672963E-15 8.31386157E-32 2.88589575E-35 1.98335000E-14 1.00000000E-05 1.00000000E-05 1.00000000E-05 1.00000000E-05 1.00000000E-05 1.00000000E-05 1.00000000E-05 1.00000000E-05 1.00000000E-05 1.00000000E-05
9.41725000E+01 2.45958000E-06 1.58977269E+14 1.12057941E+02 1.00000000E+05 6.68143683E-11 1.00000000E-40 1.00000000E-40 1.00000000E-40 1.99158174E-13 1.00000000E-40 1.00000000E-40 1.00000000E-40 1.00000000E-40 1.00000000E-40 3.17277435E-06 5.42780291E-04 4.34895056E-11 9.85848832E-11 1.02578579E-03 6.06717631E-03 1.36373380E-02 6.24863245E-01 2.03907833E-16 2.05969031E-18 1.00000000E-40 2.63555308E-40 2.70583004E-38 6.75178386E-36 2.89002556E-26 1.57421349E-09 3.01187003E-20 2.95213361E-29 1.58708317E-29 4.09844139E-28 3.01967918E-15 2.14032242E-14 5.95464023E-05 2.24037098E-04 6.74581435E-40 1.00000000E-40 4.27400906E-11 2.24314024E-40 1.00000000E-40 2.11852729E-34 1.00000000E-40 2.70608771E-12 3.74107064E-14 2.68494682E-07 1.01351284E-09 1.02822073E-14 2.36087531E-07 4.03408252E-10 1.85791719E-22 7.00736400E-19 2.52839435E-06 7.22817631E-35 5.22194381E-27 4.58780514E-34 1.00000000E-40 2.08879116E-38 1.00000000E-40 2.46215934E-32 2.59368359E-35 1.12514058E-10 1.00000000E-40 1.00000000E-40 1.00000000E-40 1.00000000E-40 1.00000000E-40 1.08016654E-12 4.33799884E-34 8.45900633E-36 3.91373907E-39 1.00000000E-40 1.00000000E-40 2.02594931E-37 3.69179038E-27 1.00000000E-40 1.00000000E-40 2.18570243E-15 3.49420785E-32 2.65564131E-35 2.57372000E-14 1.00000000E-05 1.00000000E-05 1.00000000E-05 1.00000000E-05 1.00000000E-05 1.00000000E-05 1.00000000E-05 1.00000000E-05 1.00000000E-05 1.00000000E-05
9.53571000E+01 2.07861000E-06 1.34642994E+14 1.11816519E+02 1.00000000E+05 5.21231579E-11 1.00000000E-40 1.00000000E-40 1.00000000E-40 1.42227324E-13 1.00000000E-40 1.00000000E-40 1.00000000E-40 1.00000000E-40 1.00000000E-40 3.56083176E-06 5.72870909E-04 4.39096899E-11 1.05243710E-10 1.26537255E-03 6.98182899E-03 1.57994810E-02 6.65435230E-01 1.94929097E-16 1.69097898E-18 1.00000000E-40 1.10789978E-39 4.66682555E-38 6.03539747E-36 3.02953073E-26 1.85494827E-09 2.51805210E-20 2.71241659E-29 3.28266932E-29 3.66704097E-28 2.35531093E-15 1.86922629E-14 6.76104563E-05 2.30094872E-04 6.97424556E-40 1.00000000E-40 4.41308731E-11 2.29707984E-40 1.00000000E-40 1.84802812E-34 1.00000000E-40 2.56149667E-12 2.88931545E-14 3.01535235E-07 9.74501948E-10 8.17246615E-15 2.23722175E-07 4.27781591E-10 1.51898456E-22 6.23596168E-19 2.70487952E-06 7.35812057E-35 4.62340222E-27 4.63778061E-34 1.00000000E-40 2.17456430E-38 1.00000000E-40 2.43391806E-32 1.97956833E-35 1.17697081E-10 1.00000000E-40 1.00000000E-40 1.00000000E-40 1.00000000E-40 1.00000000E-40 9.52561408E-13 3.87455440E-34 6.60188512E-36 1.86653328E-38 1.00000000E-40 1.00000000E-40 2.02121052E-37 4.20688121E-27 1.00000000E-40 1.00000000E-40 1.77522585E-15 2.20119486E-33 2.42564611E-35 3.30657000E-14 1.00000000E-05 1.00000000E-05 1.00000000E-05 1.00000000E-05 1.00000000E-05 1.00000000E-05 1.00000000E-05 1.00000000E-05 1.00000000E-05 1.00000000E-05
9.65417000E+01 1.75757000E-06 1.14076838E+14 1.11591695E+02 1.00000000E+05 4.00703416E-11 1.00000000E-40 1.00000000E-40 1.00000000E-40 1.01005880E-13 1.00000000E-40 1.00000000E-40 1.00000000E-40 1.00000000E-40 1.00000000E-40 3.98060212E-06 6.02667298E-04 4.45465218E-11 1.11698864E-10 1.55686384E-03 8.00460526E-03 1.82473226E-02 7.06475708E-01 1.85107999E-16 1.37087459E-18 1.00000000E-40 4.39813793E-39 1.17146790E-37 5.45078423E-36 3.15283418E-26 2.17576537E-09 2.08143806E-20 1.00000000E-40 1.00000000E-40 3.23097828E-28 1.80476938E-15 1.61641694E-14 7.63681817E-05 2.34994971E-04 7.33063918E-40 1.00000000E-40 4.51046078E-11 2.34366535E-40 1.00000000E-40 1.64187149E-34 1.00000000E-40 2.40656833E-12 2.20431033E-14 3.35917574E-07 9.32300623E-10 6.48359512E-15 2.11305748E-07 4.54133419E-10 1.22949207E-22 5.48568195E-19 2.88079154E-06 7.42975127E-35 4.08321094E-27 4.64974489E-34 1.00000000E-40 2.26092735E-38 1.00000000E-40 2.39446116E-32 1.49227750E-35 1.22505570E-10 1.00000000E-40 1.00000000E-40 1.00000000E-40 1.60301874E-40 1.00000000E-40 8.31275072E-13 3.44455162E-34 5.13295033E-36 8.19647685E-38 1.00000000E-40 1.00000000E-40 2.00161356E-37 4.75369716E-27 1.00000000E-40 1.00000000E-40 1.42475099E-15 2.26299442E-32 2.19869592E-35 4.21947000E-14 1.00000000E-05 1.00000000E-05 1.00000000E-05 1.00000000E-05 1.00000000E-05 1.00000000E-05 1.00000000E-05 1.00000000E-05 1.00000000E-05 1.00000000E-05
9.77262000E+01 1.48698000E-06 9.67201912E+13 1.11353712E+02 1.00000000E+05 3.03309218E-11 1.00000000E-40 1.00000000E-40 1.00000000E-40 7.12470783E-14 1.00000000E-40 1.00000000E-40 1.00000000E-40 1.00000000E-40 1.00000000E-40 4.43245179E-06 6.31645677E-04 4.50029593E-11 1.17824708E-10 1.91048583E-03 9.13945275E-03 2.10016680E-02 7.47409838E-01 1.74261756E-16 1.09665715E-18 1.00000000E-40 1.60346649E-38 3.47014714E-37 5.10594875E-36 3.25181361E-26 2.53893462E-09 1.69822918E-20 2.56039508E-29 4.38529090E-29 2.79951026E-28 1.35824403E-15 1.38228360E-14 8.57453508E-05 2.38528429E-04 8.15789656E-40 1.00000000E-40 4.56090455E-11 2.38362730E-40 1.00000000E-40 1.48849876E-34 1.00000000E-40 2.24292245E-12 1.66011298E-14 3.71400826E-07 8.86606136E-10 5.11298722E-15 1.98887979E-07 4.82760263E-10 9.84636515E-23 4.76109643E-19 3.05330569E-06 7.42914998E-35 3.59588466E-27 4.60738474E-34 1.00000000E-40 2.34677684E-38 1.00000000E-40 2.34122234E-32 1.11074774E-35 1.26600355E-10 1.98817407E-40 1.00000000E-40 1.00000000E-40 6.52954378E-40 1.00000000E-40 7.17763374E-13 3.04824620E-34 3.97916655E-36 3.25558423E-37 1.00000000E-40 1.00000000E-40 1.95762368E-37 5.32341600E-27 1.00000000E-40 1.00000000E-40 1.12985873E-15 1.39699636E-32 1.97461206E-35 5.37409000E-14 1.00000000E-05 1.00000000E-05 1.00000000E-05 1.00000000E-05 1.00000000E-05 1.00000000E-05 1.00000000E-05 1.00000000E-05 1.00000000E-05 1.00000000E-05
9.89108000E+01 1.25886000E-06 8.20598714E+13 1.11112602E+02 1.00000000E+05 2.25511205E-11 1.00000000E-40 1.00000000E-40 1.00000000E-40 4.99489664E-14 1.00000000E-40 1.00000000E-40 1.00000000E-40 1.00000000E-40 1.00000000E-40 4.91741338E-06 6.59343030E-04 4.54225566E-11 1.23522015E-10 2.33968258E-03 1.03881136E-02 2.40824067E-02 7.87652212E-01 1.62593125E-16 8.65100906E-19 1.00787795E-40 5.28277695E-38 1.01581622E-36 5.29688558E-36 3.31791229E-26 2.94900935E-09 1.36513500E-20 1.00000000E-40 1.00000000E-40 2.38242932E-28 1.00197653E-15 1.16666049E-14 9.56674078E-05 2.40499439E-04 1.02776274E-39 1.00000000E-40 4.56104290E-11 2.42121719E-40 1.00000000E-40 1.37928622E-34 1.00000000E-40 2.07141452E-12 1.23230753E-14 4.07218488E-07 8.38173101E-10 4.01608894E-15 1.86542314E-07 5.14451918E-10 7.80127580E-23 4.07419375E-19 3.21955746E-06 7.34279302E-35 3.15629703E-27 4.51293308E-34 1.00000000E-40 2.43110104E-38 1.00000000E-40 2.27218961E-32 8.14361006E-36 1.29928234E-10 6.09286329E-40 1.00000000E-40 1.00000000E-40 2.36856690E-39 1.00000000E-40 6.11778396E-13 2.68597072E-34 3.07780834E-36 1.16028447E-36 1.00000000E-40 1.00000000E-40 1.89215738E-37 5.90546509E-27 1.00000000E-40 1.00000000E-40 8.83760795E-16 8.42083328E-33 1.75472577E-35 6.88593000E-14 1.00000000E-05 1.00000000E-05 1.00000000E-05 1.00000000E-05 1.00000000E-05 1.00000000E-05 1.00000000E-05 1.00000000E-05 1.00000000E-05 1.00000000E-05
1.00095000E+02 1.06648000E-06 6.96644132E+13 1.10881336E+02 1.00000000E+05 1.64282391E-11 1.00000000E-40 1.00000000E-40 1.00000000E-40 3.48172280E-14 1.00000000E-40 1.00000000E-40 1.00000000E-40 1.00000000E-40 1.00000000E-40 5.43827540E-06 6.85461931E-04 4.60255791E-11 1.28791100E-10 2.86230139E-03 1.17504882E-02 2.75105674E-02 8.26659361E-01 1.50385623E-16 6.72600562E-19 1.11305417E-40 1.56129103E-37 2.73672057E-36 6.68794922E-36 3.34272028E-26 3.41144714E-09 1.07867451E-20 7.33930083E-30 1.00000000E-40 1.98898727E-28 7.22823261E-16 9.69661054E-15 1.06021734E-04 2.40783965E-04 1.53817578E-39 1.00000000E-40 4.50972080E-11 2.46800650E-40 1.00000000E-40 1.31064694E-34 1.00000000E-40 1.89383523E-12 8.99898033E-15 4.42582423E-07 7.88200910E-10 3.15364988E-15 1.74352967E-07 5.50156770E-10 6.11901908E-23 3.43856364E-19 3.37687216E-06 7.15849726E-35 2.75933622E-27 4.37274815E-34 1.00000000E-40 2.51309685E-38 1.00000000E-40 2.18589474E-32 5.86529649E-36 1.32522403E-10 1.71685662E-39 1.00000000E-40 1.00000000E-40 7.64198915E-39 1.00000000E-40 5.13314621E-13 2.35868619E-34 2.38012413E-36 3.70209918E-36 1.00000000E-40 1.00000000E-40 1.81006981E-37 6.48852103E-27 1.00000000E-40 1.00000000E-40 6.80992606E-16 1.00000000E-40 1.54070981E-35 8.99078000E-14 1.00000000E-05 1.00000000E-05 1.00000000E-05 1.00000000E-05 1.00000000E-05 1.00000000E-05 1.00000000E-05 1.00000000E-05 1.00000000E-05 1.00000000E-05
1.01280000E+02 9.04203000E-07 5.91999899E+13 1.10626973E+02 1.00000000E+05 1.16977522E-11 1.00000000E-40 1.00000000E-40 1.00000000E-40 2.40866375E-14 1.00000000E-40 1.00000000E-40 1.00000000E-40 1.00000000E-40 1.00000000E-40 5.99365567E-06 7.09242290E-04 4.63071208E-11 1.33504097E-10 3.49968271E-03 1.32168423E-02 3.12908552E-02 8.63567927E-01 1.37434958E-16 5.14540791E-19 1.25393131E-40 4.13073534E-37 6.63734143E-36 1.05129535E-35 3.31693910E-26 3.92954268E-09 8.34914047E-21 4.34403268E-30 8.49446776E-32 1.62699182E-28 5.09015062E-16 7.91076915E-15 1.16585693E-04 2.39267465E-04 2.63817226E-39 1.00000000E-40 4.40656636E-11 2.54748106E-40 1.00000000E-40 1.28578345E-34 1.00000000E-40 1.71099807E-12 6.45463155E-15 4.77224038E-07 7.36992145E-10 2.46212687E-15 1.62358010E-07 5.90702656E-10 4.75436236E-23 2.85892580E-19 3.52134804E-06 6.86418236E-35 2.39946475E-27 4.17222926E-34 1.00000000E-40 2.59108555E-38 1.00000000E-40 2.08076715E-32 4.14088614E-36 1.34104566E-10 4.35139449E-39 1.00000000E-40 1.00000000E-40 2.19614115E-38 1.00000000E-40 4.23160527E-13 2.06920547E-34 1.84772684E-36 1.05778367E-35 1.00000000E-40 1.00000000E-40 1.70284072E-37 7.05783013E-27 1.00000000E-40 1.00000000E-40 5.16704927E-16 2.68769900E-32 1.33289216E-35 1.21736000E-13 1.00000000E-05 1.00000000E-05 1.00000000E-05 1.00000000E-05 1.00000000E-05 1.00000000E-05 1.00000000E-05 1.00000000E-05 1.00000000E-05 1.00000000E-05
1.02464000E+02 7.67278000E-07 5.03425720E+13 1.10391101E+02 1.00000000E+05 8.08219421E-12 1.00000000E-40 1.00000000E-40 1.00000000E-40 1.65530934E-14 1.00000000E-40 1.00000000E-40 1.00000000E-40 1.00000000E-40 1.00000000E-40 6.58670861E-06 7.30449005E-04 4.69199723E-11 1.37721371E-10 4.28436338E-03 1.47741451E-02 3.54333334E-02 8.97696032E-01 1.24201457E-16 3.86718246E-19 1.46286994E-40 9.79344626E-37 1.44032323E-35 1.86238247E-35 3.23379315E-26 4.51568013E-09 6.31075474E-21 7.95846322E-31 1.00000000E-40 1.30216099E-28 3.48122335E-16 6.30956892E-15 1.27183421E-04 2.35871065E-04 4.70584498E-39 1.00000000E-40 4.25467583E-11 2.69335975E-40 1.00000000E-40 1.31042638E-34 1.00000000E-40 1.52415738E-12 4.53053669E-15 5.09924248E-07 6.86051982E-10 1.92812151E-15 1.50608483E-07 6.38036658E-10 3.66589829E-23 2.34529442E-19 3.64983551E-06 6.45363855E-35 2.07161571E-27 3.93153990E-34 1.00000000E-40 2.66392488E-38 1.00000000E-40 1.95600432E-32 2.84828774E-36 1.35014458E-10 9.87318347E-39 1.00000000E-40 1.00000000E-40 5.64524140E-38 1.00000000E-40 3.40814505E-13 1.82071935E-34 1.45059618E-36 2.71357579E-35 1.00000000E-40 1.00000000E-40 1.58361268E-37 7.60035960E-27 1.00000000E-40 1.00000000E-40 3.84897138E-16 1.14707531E-32 1.13324831E-35 1.73767000E-13 1.00000000E-05 1.00000000E-05 1.00000000E-05 1.00000000E-05 1.00000000E-05 1.00000000E-05 1.00000000E-05 1.00000000E-05 1.00000000E-05 1.00000000E-05
1.03649000E+02 6.51701000E-07 4.28562832E+13 1.10141402E+02 1.00000000E+05 5.39836582E-12 1.00000000E-40 1.00000000E-40 1.00000000E-40 1.12607605E-14 1.00000000E-40 1.00000000E-40 1.00000000E-40 1.00000000E-40 1.00000000E-40 7.21452992E-06 7.48398597E-04 4.73816459E-11 1.41301230E-10 5.25594475E-03 1.63944865E-02 3.99239687E-02 9.28158164E-01 1.10584539E-16 2.84918280E-19 1.78832079E-40 2.08560677E-36 2.79468397E-35 3.31297097E-35 3.08895860E-26 5.18174778E-09 4.64630248E-21 1.00000000E-40 1.00000000E-40 1.01868350E-28 2.30537657E-16 4.90090918E-15 1.37534932E-04 2.30588220E-04 8.09947059E-39 1.00000000E-40 4.05947736E-11 2.94625891E-40 1.00000000E-40 1.39398632E-34 1.18973539E-40 1.33532653E-12 3.10451386E-15 5.40473668E-07 6.35518565E-10 1.50707621E-15 1.39155691E-07 6.94411382E-10 2.81147498E-23 1.89713582E-19 3.75850613E-06 5.92865913E-35 1.77194639E-27 3.64191802E-34 1.00000000E-40 2.72992132E-38 1.00000000E-40 1.81163272E-32 1.90187952E-36 1.35097628E-10 2.00679974E-38 1.00000000E-40 1.00000000E-40 1.30249035E-37 1.42649897E-40 2.67469921E-13 1.61732397E-34 1.16787342E-36 6.26384883E-35 1.00000000E-40 1.00000000E-40 1.44657262E-37 8.10130659E-27 1.00000000E-40 1.00000000E-40 2.81218707E-16 1.43624075E-32 9.43299789E-36 2.62761000E-13 1.00000000E-05 1.00000000E-05 1.00000000E-05 1.00000000E-05 1.00000000E-05 1.00000000E-05 1.00000000E-05 1.00000000E-05 1.00000000E-05 1.00000000E-05
1.04834000E+02 5.54103000E-07 3.65180678E+13 1.09900439E+02 1.00000000E+05 3.43700843E-12 1.00000000E-40 1.00000000E-40 1.00000000E-40 7.56393104E-15 1.00000000E-40 1.00000000E-40 1.00000000E-40 1.00000000E-40 1.00000000E-40 7.87459088E-06 7.62679967E-04 4.80637422E-11 1.44065802E-10 6.46892392E-03 1.80379454E-02 4.47390777E-02 9.54057347E-01 9.69105763E-17 2.05260479E-19 2.29165317E-40 4.00278169E-36 4.85569864E-35 5.54563587E-35 2.88296258E-26 5.95538517E-09 3.33276564E-21 9.15088788E-31 1.86562568E-29 7.77790757E-29 1.47094848E-16 3.69336601E-15 1.47445557E-04 2.23332908E-04 1.29246759E-38 1.00000000E-40 3.82840486E-11 3.33327370E-40 1.00000000E-40 1.53936897E-34 1.99381411E-40 1.14712254E-12 2.06949858E-15 5.67434702E-07 5.85458101E-10 1.18047580E-15 1.28028098E-07 7.64139429E-10 2.14940190E-23 1.51253474E-19 3.84352290E-06 5.30175615E-35 1.49741011E-27 3.31921298E-34 1.00000000E-40 2.78727296E-38 1.00000000E-40 1.64843257E-32 1.22452961E-36 1.34559474E-10 3.67112755E-38 1.00000000E-40 1.00000000E-40 2.71010638E-37 2.09174839E-40 2.03596871E-13 1.45924011E-34 9.81477995E-37 1.30589870E-34 1.00000000E-40 1.00000000E-40 1.30060970E-37 8.54701632E-27 1.00000000E-40 1.00000000E-40 2.00698245E-16 3.08818987E-32 7.65719150E-36 4.15812000E-13 1.00000000E-05 1.00000000E-05 1.00000000E-05 1.00000000E-05 1.00000000E-05 1.00000000E-05 1.00000000E-05 1.00000000E-05 1.00000000E-05 1.00000000E-05
1.06018000E+02 4.71639000E-07 3.11480663E+13 1.09671892E+02 1.00000000E+05 2.04969584E-12 1.00000000E-40 1.00000000E-40 1.00000000E-40 4.98679478E-15 1.00000000E-40 1.00000000E-40 1.00000000E-40 1.00000000E-40 1.00000000E-40 8.56103900E-06 7.72951378E-04 4.90804543E-11 1.45661988E-10 7.98961089E-03 1.96499900E-02 4.98352667E-02 9.74528025E-01 8.34663421E-17 1.44259172E-19 3.03307062E-40 6.95094085E-36 7.57963859E-35 8.51280494E-35 2.62276988E-26 6.87769225E-09 2.33972739E-21 2.91510638E-30 1.60292278E-30 5.78717317E-29 9.01016389E-17 2.69552686E-15 1.56765204E-04 2.14021600E-04 1.88674710E-38 1.00000000E-40 3.57068166E-11 3.84664011E-40 1.00000000E-40 1.73743396E-34 2.98493413E-40 9.63938394E-13 1.33844788E-15 5.89162276E-07 5.35147305E-10 9.26692304E-16 1.17265185E-07 8.53982209E-10 1.64156904E-23 1.18577574E-19 3.90128782E-06 4.59925081E-35 1.24665264E-27 2.97563331E-34 1.00000000E-40 2.83418755E-38 1.00000000E-40 1.46881696E-32 7.56360061E-37 1.33408323E-10 6.08690050E-38 1.00000000E-40 1.00000000E-40 5.10931270E-37 2.81234871E-40 1.50017366E-13 1.34086923E-34 8.74208666E-37 2.46829196E-34 1.00000000E-40 1.00000000E-40 1.15097877E-37 8.92526810E-27 1.00000000E-40 1.00000000E-40 1.39339524E-16 1.82440587E-32 6.03805884E-36 6.72942000E-13 1.00000000E-05 1.00000000E-05 1.00000000E-05 1.00000000E-05 1.00000000E-05 1.00000000E-05 1.00000000E-05 1.00000000E-05 1.00000000E-05 1.00000000E-05
1.07203000E+02 4.01911000E-07 2.65975474E+13 1.09447292E+02 1.00000000E+05 1.10975396E-12 1.00000000E-40 1.00000000E-40 1.00000000E-40 3.19533260E-15 1.00000000E-40 1.00000000E-40 1.00000000E-40 1.00000000E-40 1.00000000E-40 9.26265085E-06 7.78935768E-04 5.03143299E-11 1.45530593E-10 9.89049278E-03 2.11635711E-02 5.51457707E-02 9.88965445E-01 7.05658508E-17 9.88005028E-20 4.05087920E-40 1.09792458E-35 1.06942852E-34 1.19146584E-34 2.32291610E-26 8.00893807E-09 1.62568296E-21 4.88312488E-30 3.00741466E-30 4.19333672E-29 5.29524559E-17 1.90770201E-15 1.65442629E-04 2.02627345E-04 2.52564825E-38 1.00000000E-40 3.29740905E-11 4.43131149E-40 1.00000000E-40 1.96313271E-34 4.01395213E-40 7.91366066E-13 8.39793359E-16 6.03609619E-07 4.83565414E-10 7.25537887E-16 1.06966791E-07 9.75135334E-10 1.25559739E-23 9.10298958E-20 3.92945225E-06 3.86193980E-35 1.02059122E-27 2.62322957E-34 1.00000000E-40 2.86949936E-38 1.00000000E-40 1.27791624E-32 4.47235417E-37 1.31496200E-10 9.24253769E-38 1.00000000E-40 1.00000000E-40 8.77507680E-37 3.44155836E-40 1.07175276E-13 1.25123563E-34 8.26703739E-37 4.24716773E-34 1.00000000E-40 1.00000000E-40 1.00180217E-37 9.22713366E-27 1.00000000E-40 1.00000000E-40 9.37573008E-17 1.72054921E-32 4.61276989E-36 1.08875000E-12 1.00000000E-05 1.00000000E-05 1.00000000E-05 1.00000000E-05 1.00000000E-05 1.00000000E-05 1.00000000E-05 1.00000000E-05 1.00000000E-05 1.00000000E-05
1.08387000E+02 3.42899000E-07 2.27380076E+13 1.09227132E+02 1.00000000E+05 5.03101240E-13 1.00000000E-40 1.00000000E-40 1.00000000E-40 1.96042948E-15 1.00000000E-40 1.00000000E-40 1.00000000E-40 1.00000000E-40 1.00000000E-40 9.96287143E-06 7.80437568E-04 5.17619732E-11 1.42986690E-10 1.22431273E-02 2.25005235E-02 6.05743183E-02 9.96721379E-01 5.85505874E-17 6.58977662E-20 5.33778123E-40 1.58787672E-35 1.37539711E-34 1.52592087E-34 2.00246444E-26 9.43556891E-09 1.13686019E-21 1.92179301E-29 1.00000000E-40 2.95573743E-29 2.98656969E-17 1.31359501E-15 1.73490738E-04 1.89063999E-04 3.13713881E-38 3.73997205E-40 3.01771959E-11 4.98864364E-40 1.13384481E-40 2.17702289E-34 4.88514260E-40 6.34368464E-13 5.11708838E-16 6.07756643E-07 4.29778815E-10 5.63330587E-16 9.72097162E-08 1.14648441E-09 9.63602350E-24 6.79874595E-20 3.92558494E-06 3.13508216E-35 8.20530916E-28 2.27711944E-34 1.00000000E-40 2.89168895E-38 1.00000000E-40 1.08235253E-32 2.52914513E-37 1.28576632E-10 1.30193739E-37 1.00000000E-40 1.00000000E-40 1.38213550E-36 3.84020785E-40 7.44849304E-14 1.17556037E-34 8.16913577E-37 6.68920986E-34 1.00000000E-40 1.00000000E-40 8.58768885E-38 9.44477310E-27 1.00000000E-40 1.00000000E-40 6.08207121E-17 2.76531760E-32 3.40784082E-36 1.73290000E-12 1.00000000E-05 1.00000000E-05 1.00000000E-05 1.00000000E-05 1.00000000E-05 1.00000000E-05 1.00000000E-05 1.00000000E-05 1.00000000E-05 1.00000000E-05
1.09572000E+02 2.92899000E-07 1.94594867E+13 1.09019259E+02 1.00000000E+05 1.41419167E-13 1.00000000E-40 1.00000000E-40 1.00000000E-40 1.12266760E-15 1.00000000E-40 1.00000000E-40 1.00000000E-40 1.00000000E-40 1.00000000E-40 1.06419184E-05 7.77546213E-04 5.33603581E-11 1.37516425E-10 1.51048393E-02 2.35883929E-02 6.60127335E-02 9.97653229E-01 4.77612778E-17 4.28662718E-20 6.83139282E-40 2.12098911E-35 1.63127438E-34 1.80534694E-34 1.68347904E-26 1.12757302E-08 8.18308750E-22 1.00000000E-40 1.00000000E-40 2.02647141E-29 1.62062273E-17 8.85428738E-16 1.80989786E-04 1.73413627E-04 1.23442066E-37 1.63547615E-37 2.74012479E-11 5.41149218E-40 1.46677204E-40 2.33705160E-34 5.43881751E-40 4.97094168E-13 3.03899451E-16 5.98580643E-07 3.73929880E-10 4.28405031E-16 8.81244645E-08 1.39960954E-09 7.44252052E-24 4.90943512E-20 3.88948472E-06 2.46331738E-35 6.48357314E-28 1.95331407E-34 1.00000000E-40 2.90040809E-38 1.00000000E-40 8.90871285E-33 1.37086910E-37 1.24454583E-10 1.74384912E-37 1.00000000E-40 1.00000000E-40 2.01349982E-36 3.93975978E-40 5.06490462E-14 1.10186459E-34 8.24935944E-37 9.70217374E-34 1.00000000E-40 1.00000000E-40 7.27962107E-38 9.57599648E-27 1.00000000E-40 1.00000000E-40 3.78770582E-17 1.16056550E-32 2.43607903E-36 2.68958000E-12 1.00000000E-05 1.00000000E-05 1.00000000E-05 1.00000000E-05 1.00000000E-05 1.00000000E-05 1.00000000E-05 1.00000000E-05 1.00000000E-05 1.00000000E-05
1.10756000E+02 2.50479000E-07 1.66714338E+13 1.08821594E+02 1.00000000E+05 1.00000000E-40 1.00000000E-40 1.00000000E-40 1.00000000E-40 5.70712326E-16 1.00000000E-40 1.00000000E-40 1.00000000E-40 1.00000000E-40 1.00000000E-40 1.12755851E-05 7.70412385E-04 5.26097165E-11 1.28913917E-10 1.84993691E-02 2.43656371E-02 7.13292893E-02 9.91634836E-01 3.83665151E-17 2.72767719E-20 8.72528309E-40 2.64441126E-35 1.80942136E-34 1.99911797E-34 1.38564569E-26 1.36762248E-08 6.20606832E-22 8.41970438E-29 3.50833614E-28 1.35087357E-29 8.49093965E-18 5.88217346E-16 1.87919814E-04 1.55877094E-04 2.60929118E-34 8.05293475E-35 2.46927708E-11 5.62039763E-40 1.81221105E-40 2.41286320E-34 5.61265745E-40 3.81526424E-13 1.76790101E-16 5.73949792E-07 3.17031615E-10 2.89976978E-16 7.98106745E-08 1.78299772E-09 5.78934681E-24 3.40467788E-20 3.82112373E-06 1.87888935E-35 5.04771104E-28 1.66050723E-34 1.00000000E-40 2.89505370E-38 1.00000000E-40 7.11993020E-33 7.15485700E-38 1.18827124E-10 1.10154596E-36 1.00000000E-40 1.00000000E-40 2.74076618E-36 3.76199581E-40 3.39305664E-14 1.02416616E-34 8.36796299E-37 1.30497538E-33 1.00000000E-40 1.00000000E-40 6.11893926E-38 9.61974140E-27 1.00000000E-40 1.00000000E-40 2.25690065E-17 1.93564203E-34 1.68828719E-36 4.05769000E-12 1.00000000E-05 1.00000000E-05 1.00000000E-05 1.00000000E-05 1.00000000E-05 1.00000000E-05 1.00000000E-05 1.00000000E-05 1.00000000E-05 1.00000000E-05
1.11941000E+02 2.14441000E-07 1.42977221E+13 1.08631979E+02 1.00000000E+05 1.00000000E-40 1.00000000E-40 1.00000000E-40 1.00000000E-40 2.50118571E-16 1.00000000E-40 1.00000000E-40 1.00000000E-40 1.00000000E-40 1.00000000E-40 1.18377500E-05 7.59337906E-04 4.73920576E-11 1.17539523E-10 2.23986626E-02 2.48019642E-02 7.63893587E-02 9.78938181E-01 3.04236449E-17 1.71320414E-20 1.71933496E-37 3.11873747E-35 1.90915131E-34 2.10638017E-34 1.12439698E-26 1.68121288E-08 5.05978468E-22 4.47079613E-29 1.00000000E-40 8.75957456E-30 4.31936927E-18 3.87994618E-16 1.94161774E-04 1.36920711E-04 9.00565055E-31 3.69183039E-32 2.20782826E-11 5.59467963E-40 2.13725610E-40 2.39675362E-34 5.45563593E-40 2.87749718E-13 1.01463129E-16 5.33690239E-07 2.61266422E-10 1.59400446E-16 7.23792602E-08 2.35841851E-09 4.51529650E-24 2.25788461E-20 3.72227744E-06 1.39950711E-35 3.89421702E-28 1.40353324E-34 1.00000000E-40 2.87583530E-38 1.00000000E-40 5.53328124E-33 3.62298069E-38 1.11538457E-10 3.87179287E-34 1.00000000E-40 1.00000000E-40 3.53048877E-36 3.39745635E-40 2.25616188E-14 9.44590862E-35 8.47888135E-37 1.63972735E-33 1.00000000E-40 1.00000000E-40 5.11648483E-38 9.57922569E-27 1.00000000E-40 1.00000000E-40 1.28566466E-17 1.69926185E-32 1.13945428E-36 5.95737000E-12 1.00000000E-05 1.00000000E-05 1.00000000E-05 1.00000000E-05 1.00000000E-05 1.00000000E-05 1.00000000E-05 1.00000000E-05 1.00000000E-05 1.00000000E-05
1.13126000E+02 1.83778000E-07 1.22742466E+13 1.08446464E+02 1.00000000E+05 1.00000000E-40 1.00000000E-40 1.00000000E-40 1.00000000E-40 1.00026592E-16 1.00000000E-40 1.00000000E-40 1.00000000E-40 1.00000000E-40 1.00000000E-40 1.22999538E-05 7.44593912E-04 4.06986086E-11 1.04263414E-10 2.67068006E-02 2.49008261E-02 8.10448397E-02 9.59773902E-01 2.38591605E-17 1.09580530E-20 1.93977280E-33 3.54386479E-35 1.95453398E-34 2.15364841E-34 9.08875205E-27 2.08731074E-08 4.47755642E-22 1.20629588E-28 2.53768262E-28 5.52575003E-30 2.14807314E-18 2.55640212E-16 1.99394046E-04 1.17176762E-04 2.93648801E-27 1.54606040E-29 1.95572252E-11 5.37198443E-40 2.41776450E-40 2.30410762E-34 5.08933565E-40 2.14005805E-13 5.79374127E-17 4.79761334E-07 2.09270873E-10 7.74479570E-17 6.58975755E-08 3.17662828E-09 3.48754674E-24 1.42921103E-20 3.59464238E-06 1.02716021E-35 3.00495200E-28 1.18339462E-34 1.00000000E-40 2.84250878E-38 1.00000000E-40 4.19738171E-33 1.79627152E-38 1.02550965E-10 1.36463288E-31 1.00000000E-40 1.00000000E-40 4.37306224E-36 2.96185022E-40 1.49827805E-14 8.71138884E-35 8.63296475E-37 1.93902823E-33 1.00000000E-40 1.00000000E-40 4.26555451E-38 9.45743801E-27 1.00000000E-40 1.00000000E-40 7.01029906E-18 6.33746661E-33 7.53831244E-37 8.56132000E-12 1.00000000E-05 1.00000000E-05 1.00000000E-05 1.00000000E-05 1.00000000E-05 1.00000000E-05 1.00000000E-05 1.00000000E-05 1.00000000E-05 1.00000000E-05
1.14310000E+02 1.57651000E-07 1.05453286E+13 1.08281267E+02 1.00000000E+05 1.00000000E-40 1.00000000E-40 1.00000000E-40 1.00000000E-40 3.83270766E-17 1.00000000E-40 1.00000000E-40 1.00000000E-40 1.00000000E-40 1.00000000E-40 1.26411490E-05 7.26894682E-04 3.43591943E-11 9.05127216E-11 3.12706514E-02 2.47201997E-02 8.51918298E-02 9.34922960E-01 1.85706532E-17 8.01696916E-21 1.69750145E-28 5.45275874E-33 2.00066983E-34 2.18880753E-34 7.43429945E-27 2.60403801E-08 4.28278877E-22 3.02305125E-29 1.47493057E-28 3.39297703E-30 1.05409685E-18 1.69165988E-16 2.03201044E-04 9.75365647E-05 8.60012965E-24 5.78221063E-27 1.71350302E-11 5.03667569E-40 2.65372282E-40 2.16878388E-34 4.66304463E-40 1.57726391E-13 3.33217556E-17 4.16540590E-07 1.63719826E-10 3.52347620E-17 6.04394509E-08 4.23063707E-09 2.63489538E-24 8.67496033E-21 3.44230538E-06 7.53668305E-36 2.35489706E-28 1.07918682E-34 1.00000000E-40 2.79627682E-38 1.00000000E-40 3.13406126E-33 8.82778284E-39 9.22266747E-11 3.80262342E-29 1.00000000E-40 1.00000000E-40 5.31985398E-36 3.21470013E-38 9.98465117E-15 8.16174538E-35 9.00014348E-37 2.17386240E-33 1.00000000E-40 1.00000000E-40 3.56508316E-38 9.26311490E-27 1.00000000E-40 1.00000000E-40 3.68347314E-18 1.00000000E-40 4.94160293E-37 1.21986000E-11 1.00000000E-05 1.00000000E-05 1.00000000E-05 1.00000000E-05 1.00000000E-05 1.00000000E-05 1.00000000E-05 1.00000000E-05 1.00000000E-05 1.00000000E-05
1.15495000E+02 1.35356000E-07 9.06806267E+12 1.08113447E+02 1.00000000E+05 1.00000000E-40 1.00000000E-40 1.00000000E-40 1.00000000E-40 1.47026022E-17 1.00000000E-40 1.00000000E-40 1.00000000E-40 1.00000000E-40 1.00000000E-40 1.28334585E-05 7.06526126E-04 2.93645796E-11 7.77788469E-11 3.58603960E-02 2.43471472E-02 8.87038976E-02 9.04912922E-01 1.43444547E-17 8.68723160E-21 1.82950928E-23 5.55025462E-28 1.05391919E-31 2.32987148E-34 6.28671702E-27 3.23971081E-08 4.34806534E-22 1.00000000E-40 1.00000000E-40 2.02892804E-30 5.17287367E-19 1.12771511E-16 2.04915254E-04 7.90186836E-05 2.19740389E-20 1.88089399E-24 1.48249557E-11 4.97034620E-40 2.88865814E-40 2.03400488E-34 4.33611787E-40 1.15738736E-13 1.97390047E-17 3.49757149E-07 1.26429015E-10 1.62558565E-17 5.60327489E-08 5.40459275E-09 1.93544841E-24 5.10895850E-21 3.26871097E-06 5.65474096E-36 1.91583625E-28 7.16576453E-34 1.00000000E-40 2.73740637E-38 1.00000000E-40 2.33893514E-33 4.38188181E-39 8.08734410E-11 8.21026980E-27 1.00000000E-40 1.00000000E-40 6.52808823E-36 2.49161133E-33 6.70365920E-15 7.96315532E-35 9.95475579E-37 2.32413027E-33 1.00000000E-40 1.00000000E-40 2.98069093E-38 9.00251738E-27 1.00000000E-40 1.00000000E-40 1.89410571E-18 1.00000000E-40 3.26321642E-37 1.76558000E-11 1.00000000E-05 1.00000000E-05 1.00000000E-05 1.00000000E-05 1.00000000E-05 1.00000000E-05 1.00000000E-05 1.00000000E-05 1.00000000E-05 1.00000000E-05
1.16679000E+02 1.16305000E-07 7.80224410E+12 1.07968127E+02 1.00000000E+05 1.00000000E-40 1.00000000E-40 1.00000000E-40 1.00000000E-40 5.58518018E-18 1.00000000E-40 1.00000000E-40 1.00000000E-40 1.00000000E-40 1.00000000E-40 1.28537420E-05 6.84109475E-04 2.62224098E-11 6.80592142E-11 4.02124558E-02 2.39022206E-02 9.14962672E-02 8.70641863E-01 1.10189704E-17 1.53399456E-20 1.47084036E-18 4.19900826E-23 7.03125250E-27 2.83339623E-31 5.64281910E-27 3.98645859E-08 4.56437120E-22 1.00000000E-40 1.00000000E-40 1.18200777E-30 2.61690480E-19 7.57876890E-17 2.03715218E-04 6.28360045E-05 4.75185322E-17 5.10914769E-22 1.26828837E-11 6.63228324E-36 3.24791495E-40 1.94100454E-34 4.28920172E-40 8.49894681E-14 1.26437644E-17 2.84630557E-07 9.81938321E-11 8.14620171E-18 5.27054913E-08 6.46683562E-09 1.38976416E-24 3.02805033E-21 3.07877550E-06 4.49027115E-36 1.66350026E-28 4.17722254E-32 1.00000000E-40 2.66719657E-38 1.00000000E-40 1.79279096E-33 2.25642657E-39 6.91712071E-11 1.33945158E-24 1.00000000E-40 1.00000000E-40 8.35361534E-36 1.44464460E-28 4.53311866E-15 8.36765080E-35 1.24883028E-36 2.37993030E-33 1.00000000E-40 1.00000000E-40 2.50517941E-38 8.68555841E-27 1.00000000E-40 6.94579589E-40 9.89770350E-19 5.40586644E-33 2.23195911E-37 2.70911000E-11 1.00000000E-05 1.00000000E-05 1.00000000E-05 1.00000000E-05 1.00000000E-05 1.00000000E-05 1.00000000E-05 1.00000000E-05 1.00000000E-05 1.00000000E-05
1.17864000E+02 9.99997000E-08 6.71464625E+12 1.07867913E+02 1.00000000E+05 1.00000000E-40 1.00000000E-40 1.00000000E-40 1.00000000E-40 1.80295768E-18 1.00000000E-40 1.00000000E-40 1.00000000E-40 1.00000000E-40 1.00000000E-40 1.26777070E-05 6.60717902E-04 2.52204904E-11 6.64593223E-11 4.40403485E-02 2.35387354E-02 9.35404925E-02 8.33640470E-01 8.52614480E-18 3.40557687E-20 8.55929782E-14 2.14730176E-18 3.12034593E-22 1.02647715E-26 5.51069324E-27 4.79783418E-08 4.87737443E-22 3.87345089E-29 8.34377292E-28 6.71173618E-31 1.54808430E-19 5.12495698E-17 1.98401154E-04 5.06681995E-05 8.18885895E-14 1.01871917E-19 1.08614925E-11 1.39391936E-30 4.07701812E-40 1.91967958E-34 6.87753171E-40 6.28538961E-14 9.60422365E-18 2.26792212E-07 7.87121644E-11 4.77871676E-18 5.05113454E-08 7.11278052E-09 1.00522963E-24 2.01964944E-21 2.87952544E-06 3.94182756E-36 1.58222169E-28 2.27766212E-30 1.00000000E-40 2.58884605E-38 1.00000000E-40 1.47442641E-33 1.26342569E-39 5.78257154E-11 1.51333988E-22 1.00000000E-40 1.00000000E-40 1.15421782E-35 5.57783235E-24 3.07848976E-15 1.41926728E-34 2.06144036E-36 2.33838015E-33 1.00000000E-40 1.00000000E-40 2.12601109E-38 8.32822332E-27 1.00000000E-40 1.78593365E-35 5.95694013E-19 9.84704815E-33 1.65330728E-37 4.79743000E-11 1.00000000E-05 1.00000000E-05 1.00000000E-05 1.00000000E-05 1.00000000E-05 1.00000000E-05 1.00000000E-05 1.00000000E-05 1.00000000E-05 1.00000000E-05
