alt press den temp eddy H2Oaer SO2aer CO2aer S8aer H2SO4aer C2H2aer C2H4aer C2H6aer CH4aer HCaer1 H H2 H2O OH O O2 CO CO2 HCO H2CO C CH CH2 CH3 CH4 S S2 S3 S4 S8 H2S HS SO SO2 CS CS2 OCS C2 C2H C2H2 C2H4 HO2 H2O2 O3 SO3 H2SO4 HCl Cl Cl2 HOCl ClO C2H6 CH3OH CH2CO CH3CHO C3H4 C3H6 C4H2 C4H4 OClO HCS C2H3 C2H5 1CH2 HCCO HSO CH3O H2COH C4H C2H2OH CH3CO CH2CHO C2H3OH C2H4OH CH3O2 HSO3 HS4 C4H3 O1D H2Oaer_r SO2aer_r CO2aer_r S8aer_r H2SO4aer_r C2H2aer_r C2H4aer_r C2H6aer_r CH4aer_r HCaer1_r
5.92280000E-01 7.00131000E-01 2.72083968E+19 1.86377324E+02 1.00000000E+05 1.11573629E+00 4.17946349E+02 1.00000000E-40 2.35432332E-34 2.05094283E-07 1.82103505E-40 1.82103505E-40 1.82103505E-40 1.82103505E-40 1.82857498E-40 7.06466262E-15 7.14152106E-06 3.81456045E-07 6.62192551E-23 1.03993569E-18 1.42830420E-09 1.57113466E-07 9.24416734E-01 1.77664460E-17 3.46388308E-17 1.00000000E-40 1.00000000E-40 1.00000000E-40 3.55294902E-27 1.00000000E-40 1.59826601E-17 7.52087945E-16 7.16351104E-22 3.46437584E-21 1.00000000E-40 2.85660843E-13 8.52362367E-14 1.22403815E-14 9.34880536E-03 1.78306036E-32 1.00000000E-40 1.14034284E-11 1.00000000E-40 1.00000000E-40 1.00000000E-40 1.00000000E-40 1.56558182E-12 4.80003800E-10 2.84208269E-17 2.22030904E-16 5.95248421E-12 3.57076054E-08 2.25794018E-14 1.79356269E-20 2.41005866E-22 1.57912860E-08 1.00000000E-40 1.00000000E-40 1.00000000E-40 1.00000000E-40 1.00000000E-40 1.00000000E-40 1.00000000E-40 1.00000000E-40 3.57490463E-13 1.00000000E-40 5.62330838E-36 1.00000000E-40 1.00000000E-40 5.58333593E-40 1.71595063E-12 1.68778018E-24 1.08696331E-27 1.00000000E-40 1.00000000E-40 1.00000000E-40 1.00000000E-40 1.00000000E-40 2.05885588E-39 1.00000000E-40 2.48147429E-15 4.95754340E-19 2.92220754E-31 1.00000000E-40 1.00000000E-05 1.00000000E-05 1.00000000E-05 1.00000000E-05 1.00000000E-05 1.00000000E-05 1.00000000E-05 1.00000000E-05 1.00000000E-05 1.00000000E-05
1.77684000E+00 5.97166000E-01 2.38165588E+19 1.81607081E+02 1.00000000E+05 1.27856057E+00 4.92596475E+02 1.00000000E-40 2.85471748E-34 2.54429507E-07 2.08812922E-40 2.08812922E-40 2.08812922E-40 2.08812922E-40 2.09547936E-40 1.29977594E-15 7.89129144E-06 1.48144983E-07 1.38534997E-23 1.58971014E-18 4.72453777E-09 1.82262022E-07 5.58210232E-01 5.73506097E-19 3.58663904E-17 1.00000000E-40 1.00000000E-40 1.00000000E-40 1.88979495E-27 1.00000000E-40 3.12072564E-18 7.67088182E-16 5.23331252E-22 2.75088784E-21 1.00000000E-40 9.57638244E-14 7.72441729E-14 2.31111773E-14 4.63887351E-03 1.88389842E-32 1.00000000E-40 1.18658967E-11 1.00000000E-40 1.00000000E-40 1.00000000E-40 1.00000000E-40 1.25926850E-12 5.72936642E-10 1.14734119E-16 1.90925111E-16 3.94911080E-12 3.96320686E-08 2.12120760E-14 9.99927393E-21 1.48740138E-22 1.64112629E-08 1.00000000E-40 1.00000000E-40 1.00000000E-40 1.00000000E-40 1.00000000E-40 1.00000000E-40 1.00000000E-40 1.00000000E-40 2.11901154E-13 1.00000000E-40 1.70024730E-37 1.00000000E-40 1.00000000E-40 1.00635589E-39 3.86372541E-12 9.38083929E-25 8.39549311E-28 1.00000000E-40 1.00000000E-40 1.00000000E-40 1.00000000E-40 1.00000000E-40 4.11482307E-39 1.00000000E-40 7.99959711E-17 5.33920802E-19 2.14857527E-31 1.00000000E-40 1.00000000E-05 1.00000000E-05 1.00000000E-05 1.00000000E-05 1.00000000E-05 1.00000000E-05 1.00000000E-05 1.00000000E-05 1.00000000E-05 1.00000000E-05
2.96140000E+00 5.07918000E-01 2.05892966E+19 1.78677066E+02 1.00000000E+05 1.42855953E+00 5.59199967E+02 1.00000000E-40 3.27016197E-34 2.87274874E-07 2.33479257E-40 2.33479257E-40 2.33479257E-40 2.33479257E-40 2.34117066E-40 7.37652980E-16 8.69927705E-06 1.00000000E-40 1.05891714E-23 2.78267933E-18 8.75301394E-09 2.09767892E-07 1.45661447E-01 1.61026889E-19 3.76900793E-17 1.00000000E-40 1.00000000E-40 1.00000000E-40 1.37570625E-27 1.00000000E-40 1.51122426E-18 7.86648381E-16 3.94088972E-22 2.13618653E-21 1.00000000E-40 1.00000000E-40 7.46983357E-14 4.17504973E-14 1.00000000E-40 2.02652477E-32 1.00000000E-40 1.23827156E-11 1.00000000E-40 1.00000000E-40 1.00000000E-40 1.00000000E-40 1.07600468E-12 6.52562070E-10 2.46684777E-16 2.95073315E-16 2.74008559E-12 4.38002559E-08 2.07012195E-14 5.47937553E-21 9.31703373E-23 1.71362540E-08 1.00000000E-40 1.00000000E-40 1.00000000E-40 1.00000000E-40 1.00000000E-40 1.00000000E-40 1.00000000E-40 1.00000000E-40 1.43730881E-13 1.00000000E-40 4.42394014E-38 1.00000000E-40 1.00000000E-40 1.90182107E-39 6.24801823E-12 4.10066451E-25 7.08268745E-28 1.00000000E-40 1.00000000E-40 1.00000000E-40 1.00000000E-40 1.00000000E-40 7.00955572E-39 1.00000000E-40 2.28533199E-17 5.79169228E-19 1.75893881E-31 1.00000000E-40 1.00000000E-05 1.00000000E-05 1.00000000E-05 1.00000000E-05 1.00000000E-05 1.00000000E-05 1.00000000E-05 1.00000000E-05 1.00000000E-05 1.00000000E-05
4.14596000E+00 4.40637000E-01 1.80041612E+19 1.77265731E+02 1.00000000E+05 1.55986812E+00 6.07391685E+02 1.00000000E-40 3.53551959E-34 3.04646879E-07 2.55129244E-40 2.55129244E-40 2.55129244E-40 2.55129244E-40 2.55626719E-40 5.40259024E-16 9.36457867E-06 1.00000000E-40 1.15101673E-23 4.69296642E-18 1.27987326E-08 2.34412245E-07 1.00000000E-40 7.73975714E-20 3.88145690E-17 1.00000000E-40 1.00000000E-40 1.00000000E-40 1.11970661E-27 1.00000000E-40 9.74274887E-19 7.93196103E-16 3.02443040E-22 1.67074014E-21 1.00000000E-40 1.00000000E-40 7.52960218E-14 6.77746256E-14 1.00000000E-40 2.16479292E-32 1.00000000E-40 1.26272036E-11 1.00000000E-40 1.00000000E-40 1.00000000E-40 1.00000000E-40 9.22350216E-13 7.09852250E-10 4.27286408E-16 3.72328663E-16 2.13282986E-12 4.72177807E-08 2.03451707E-14 3.40243770E-21 5.75259928E-23 1.75692645E-08 1.00000000E-40 1.00000000E-40 1.00000000E-40 1.00000000E-40 1.00000000E-40 1.00000000E-40 1.00000000E-40 1.00000000E-40 1.10149232E-13 1.00000000E-40 1.95951370E-38 1.00000000E-40 1.00000000E-40 3.18134188E-39 8.71264504E-12 2.51864469E-25 6.29143397E-28 1.00000000E-40 1.00000000E-40 1.00000000E-40 1.00000000E-40 1.00000000E-40 1.04877095E-38 2.91760089E-26 1.13328053E-17 6.13630898E-19 1.74030667E-31 1.00000000E-40 1.00000000E-05 1.00000000E-05 1.00000000E-05 1.00000000E-05 1.00000000E-05 1.00000000E-05 1.00000000E-05 1.00000000E-05 1.00000000E-05 1.00000000E-05
5.33052000E+00 3.89650000E-01 1.59752398E+19 1.76662354E+02 1.00000000E+05 1.72075632E+00 6.67363906E+02 1.00000000E-40 3.87914347E-34 3.29760454E-07 2.81605062E-40 2.81605062E-40 2.81605062E-40 2.81605062E-40 2.81989111E-40 4.22564310E-16 9.88210600E-06 1.00000000E-40 1.31145798E-23 7.00620615E-18 1.68019812E-08 2.55931077E-07 1.00000000E-40 4.57596808E-20 3.91781617E-17 1.00000000E-40 1.00000000E-40 1.00000000E-40 9.37466975E-28 1.00000000E-40 7.49205491E-19 7.87176329E-16 2.39273317E-22 1.34095100E-21 1.00000000E-40 3.90036493E-14 7.92771663E-14 9.83730495E-14 1.00000000E-40 2.29545598E-32 1.00000000E-40 1.26290937E-11 1.00000000E-40 1.00000000E-40 1.00000000E-40 1.00000000E-40 8.47695399E-13 7.45360059E-10 6.54579164E-16 3.70918971E-16 1.78771543E-12 4.98624794E-08 1.99147707E-14 2.39721720E-21 3.52333268E-23 1.77063793E-08 1.00000000E-40 1.00000000E-40 1.00000000E-40 1.00000000E-40 1.00000000E-40 1.00000000E-40 1.00000000E-40 1.00000000E-40 9.06964235E-14 1.00000000E-40 1.06498213E-38 1.00000000E-40 1.00000000E-40 4.60661196E-39 1.11955520E-11 1.78753612E-25 5.80221495E-28 1.00000000E-40 1.00000000E-40 1.00000000E-40 1.00000000E-40 1.00000000E-40 1.44260992E-38 3.68918695E-24 6.83096006E-18 6.38017937E-19 1.95631047E-31 1.00000000E-40 1.00000000E-05 1.00000000E-05 1.00000000E-05 1.00000000E-05 1.00000000E-05 1.00000000E-05 1.00000000E-05 1.00000000E-05 1.00000000E-05 1.00000000E-05
6.51508000E+00 3.46768000E-01 1.42368532E+19 1.76417525E+02 1.00000000E+05 1.86986242E+00 7.21674444E+02 1.00000000E-40 4.19561000E-34 3.50358162E-07 3.06289658E-40 3.06289658E-40 3.06289658E-40 3.06289658E-40 3.06420210E-40 3.53031602E-16 1.03674425E-05 1.00000000E-40 1.58641683E-23 1.02096800E-17 2.09205213E-08 2.77153233E-07 1.00000000E-40 3.10187034E-20 3.92646698E-17 1.00000000E-40 1.00000000E-40 1.00000000E-40 8.11840069E-28 1.00000000E-40 6.53254719E-19 7.78794038E-16 1.90411916E-22 1.07992280E-21 1.00000000E-40 2.05845744E-13 8.70329301E-14 1.38014584E-13 1.00000000E-40 2.44633427E-32 1.00000000E-40 1.25682239E-11 1.00000000E-40 1.00000000E-40 1.00000000E-40 1.00000000E-40 7.81125569E-13 7.68653374E-10 1.00070960E-15 3.47188282E-16 1.55416842E-12 5.23187764E-08 1.94741646E-14 1.78814189E-21 2.40121857E-23 1.77711189E-08 1.00000000E-40 1.00000000E-40 1.00000000E-40 1.00000000E-40 1.00000000E-40 1.00000000E-40 1.00000000E-40 1.00000000E-40 7.73103249E-14 1.00000000E-40 6.61434388E-39 1.00000000E-40 1.00000000E-40 6.49262591E-39 1.37768807E-11 1.36357111E-25 5.58747209E-28 1.00000000E-40 1.00000000E-40 1.00000000E-40 1.00000000E-40 1.00000000E-40 1.94302759E-38 6.54892059E-24 4.72158300E-18 6.60761181E-19 2.31441028E-31 1.00000000E-40 1.00000000E-05 1.00000000E-05 1.00000000E-05 1.00000000E-05 1.00000000E-05 1.00000000E-05 1.00000000E-05 1.00000000E-05 1.00000000E-05 1.00000000E-05
7.69964000E+00 3.08741000E-01 1.26847045E+19 1.76291214E+02 1.00000000E+05 2.03997544E+00 7.83031182E+02 1.00000000E-40 4.56910243E-34 3.73883464E-07 3.34505654E-40 3.34505654E-40 3.34505654E-40 3.34505654E-40 3.34294420E-40 3.07096050E-16 1.08781742E-05 1.00000000E-40 1.79209248E-23 1.34570570E-17 2.51944350E-08 2.99454451E-07 1.00000000E-40 2.27582275E-20 3.93068226E-17 1.00000000E-40 1.00000000E-40 1.00000000E-40 7.19775048E-28 1.00000000E-40 6.17036454E-19 7.72525432E-16 1.52434007E-22 8.73354248E-22 1.00000000E-40 4.79309452E-13 9.80161495E-14 1.92925632E-13 1.00000000E-40 2.63583400E-32 1.00000000E-40 1.25191734E-11 1.00000000E-40 1.00000000E-40 1.00000000E-40 1.00000000E-40 7.20399932E-13 7.85191480E-10 1.57948491E-15 3.14961142E-16 1.37474954E-12 5.48792703E-08 1.90337879E-14 1.36564414E-21 4.21881891E-23 1.78698575E-08 1.00000000E-40 1.00000000E-40 1.00000000E-40 1.00000000E-40 1.00000000E-40 1.00000000E-40 1.00000000E-40 1.00000000E-40 6.70170001E-14 1.00000000E-40 4.44578406E-39 1.00000000E-40 1.00000000E-40 8.32623542E-39 1.65245485E-11 1.08186744E-25 5.95469900E-28 1.00000000E-40 1.00000000E-40 1.00000000E-40 1.00000000E-40 1.00000000E-40 3.21868550E-38 8.63223406E-24 3.53434620E-18 6.85483551E-19 2.75560259E-31 1.73379000E-40 1.00000000E-05 1.00000000E-05 1.00000000E-05 1.00000000E-05 1.00000000E-05 1.00000000E-05 1.00000000E-05 1.00000000E-05 1.00000000E-05 1.00000000E-05
8.88420000E+00 2.75166000E-01 1.12955221E+19 1.76443303E+02 1.00000000E+05 2.23702957E+00 8.54004253E+02 1.00000000E-40 5.03505607E-34 4.01624504E-07 3.67231901E-40 3.67231901E-40 3.67231901E-40 3.67231901E-40 3.66583784E-40 2.79171473E-16 1.14172470E-05 1.00000000E-40 1.66081523E-23 1.42189737E-17 2.96936932E-08 3.23062636E-07 1.00000000E-40 1.80170582E-20 3.92827080E-17 1.00000000E-40 1.00000000E-40 1.00000000E-40 6.56641351E-28 1.00000000E-40 6.07827120E-19 7.67770455E-16 1.22198090E-22 7.06396228E-22 1.00000000E-40 8.75494194E-13 1.11041045E-13 2.64935788E-13 1.00000000E-40 2.86810470E-32 1.00000000E-40 1.24903559E-11 1.00000000E-40 1.00000000E-40 1.00000000E-40 1.00000000E-40 6.76749962E-13 7.95619015E-10 2.17189294E-15 2.84342981E-16 1.24617453E-12 5.75601692E-08 1.86368046E-14 1.06778534E-21 1.97222736E-22 1.79957422E-08 1.00000000E-40 1.00000000E-40 1.00000000E-40 1.00000000E-40 1.00000000E-40 1.00000000E-40 1.00000000E-40 1.00000000E-40 5.93974949E-14 1.00000000E-40 3.23290011E-39 1.00000000E-40 1.00000000E-40 8.63076055E-39 1.94686606E-11 8.84616978E-26 8.63196617E-28 1.00000000E-40 1.00000000E-40 1.00000000E-40 1.00000000E-40 1.00000000E-40 8.78230613E-38 1.00295098E-23 2.83643515E-18 7.12968909E-19 3.24939083E-31 3.65995000E-40 1.00000000E-05 1.00000000E-05 1.00000000E-05 1.00000000E-05 1.00000000E-05 1.00000000E-05 1.00000000E-05 1.00000000E-05 1.00000000E-05 1.00000000E-05
1.00688000E+01 2.45598000E-01 1.00727914E+19 1.76600408E+02 1.00000000E+05 2.44916503E+00 9.30006150E+02 1.00000000E-40 5.60377732E-34 4.30467650E-07 4.02569249E-40 4.02569249E-40 4.02569249E-40 4.02569249E-40 4.01344302E-40 2.58587058E-16 1.19806858E-05 1.00000000E-40 1.44714065E-23 1.39447754E-17 3.44556663E-08 3.47991287E-07 1.00000000E-40 1.47999406E-20 3.91689448E-17 1.00000000E-40 1.00000000E-40 1.00000000E-40 6.06090083E-28 1.00000000E-40 6.09580224E-19 7.63958378E-16 9.82040116E-23 5.72259816E-22 1.00000000E-40 1.41033560E-12 1.25345192E-13 3.58326330E-13 1.00000000E-40 3.14182572E-32 1.00000000E-40 1.24758758E-11 1.00000000E-40 1.00000000E-40 1.00000000E-40 1.00000000E-40 6.30799792E-13 8.00261910E-10 2.11737248E-15 2.53416468E-16 1.13930986E-12 6.03419474E-08 1.82052837E-14 8.43413126E-22 1.76912811E-22 1.81415054E-08 1.00000000E-40 1.00000000E-40 1.00000000E-40 1.00000000E-40 1.00000000E-40 1.00000000E-40 1.00000000E-40 1.00000000E-40 5.30791331E-14 1.00000000E-40 2.41091703E-39 1.00000000E-40 1.00000000E-40 8.32793423E-39 2.26293475E-11 7.27943557E-26 9.21733102E-28 1.00000000E-40 1.00000000E-40 1.00000000E-40 1.00000000E-40 1.00000000E-40 9.77371560E-38 1.08324416E-23 2.35923655E-18 7.42936262E-19 3.76555745E-31 7.73217000E-40 1.00000000E-05 1.00000000E-05 1.00000000E-05 1.00000000E-05 1.00000000E-05 1.00000000E-05 1.00000000E-05 1.00000000E-05 1.00000000E-05 1.00000000E-05
1.12533000E+01 2.19575000E-01 8.99705705E+18 1.76766163E+02 1.00000000E+05 2.68730946E+00 1.01359056E+03 1.00000000E-40 6.34339993E-34 4.62764723E-07 4.42394138E-40 4.42394138E-40 4.42394138E-40 4.42394138E-40 4.40366591E-40 2.43151428E-16 1.25675876E-05 1.00000000E-40 1.27159302E-23 1.35990215E-17 3.95194249E-08 3.74327228E-07 1.00000000E-40 1.25127784E-20 3.89516069E-17 1.00000000E-40 1.00000000E-40 1.00000000E-40 5.64811285E-28 1.00000000E-40 6.14035311E-19 7.60709394E-16 7.90350329E-23 4.63942798E-22 1.00000000E-40 2.10128896E-12 1.40244307E-13 4.79320164E-13 1.00000000E-40 3.46798764E-32 1.00000000E-40 1.24751326E-11 1.00000000E-40 1.00000000E-40 1.00000000E-40 1.00000000E-40 5.80589725E-13 7.99528536E-10 1.95053140E-15 2.25820714E-16 1.04948302E-12 6.32201598E-08 1.77445350E-14 6.71805587E-22 1.33829876E-22 1.83042310E-08 1.00000000E-40 1.00000000E-40 1.00000000E-40 1.00000000E-40 1.00000000E-40 1.00000000E-40 1.00000000E-40 1.00000000E-40 4.78670975E-14 1.00000000E-40 1.85368254E-39 1.00000000E-40 1.00000000E-40 7.99044130E-39 2.60276957E-11 6.03742215E-26 9.51840358E-28 1.00000000E-40 1.00000000E-40 1.00000000E-40 1.00000000E-40 1.00000000E-40 9.83282853E-38 1.11237071E-23 2.02110326E-18 7.75415874E-19 4.29526427E-31 1.65316000E-39 1.00000000E-05 1.00000000E-05 1.00000000E-05 1.00000000E-05 1.00000000E-05 1.00000000E-05 1.00000000E-05 1.00000000E-05 1.00000000E-05 1.00000000E-05
1.24379000E+01 1.96694000E-01 8.05352528E+18 1.76897544E+02 1.00000000E+05 2.93833893E+00 1.10118778E+03 1.00000000E-40 7.36226183E-34 4.95100021E-07 4.84528751E-40 4.84528751E-40 4.84528751E-40 4.84528751E-40 4.81500452E-40 2.29613946E-16 1.31727290E-05 1.00000000E-40 1.12369999E-23 1.32761620E-17 4.48960211E-08 4.02001384E-07 1.00000000E-40 1.07128945E-20 3.86126752E-17 1.00000000E-40 1.00000000E-40 1.00000000E-40 5.27868303E-28 1.00000000E-40 6.16159077E-19 7.57588522E-16 6.37134023E-23 3.76562135E-22 1.00000000E-40 2.96408835E-12 1.55188224E-13 6.45850768E-13 1.00000000E-40 3.85338113E-32 1.00000000E-40 1.24815045E-11 1.00000000E-40 1.00000000E-40 1.00000000E-40 1.00000000E-40 5.22182502E-13 7.93659891E-10 1.77519685E-15 2.02064850E-16 9.68262797E-13 6.61684238E-08 1.72227568E-14 5.36503986E-22 9.77329472E-23 1.84783909E-08 1.00000000E-40 1.00000000E-40 1.00000000E-40 1.00000000E-40 1.00000000E-40 1.00000000E-40 2.91254477E-29 1.00000000E-40 4.33120288E-14 1.00000000E-40 1.45873651E-39 1.00000000E-40 1.00000000E-40 7.68287616E-39 2.96616786E-11 5.01723568E-26 9.93441167E-28 1.00000000E-40 1.00000000E-40 1.00000000E-40 1.00000000E-40 1.00000000E-40 9.75242664E-38 1.09783125E-23 1.75516502E-18 8.09980409E-19 4.82816282E-31 3.64660000E-39 1.00000000E-05 1.00000000E-05 1.00000000E-05 1.00000000E-05 1.00000000E-05 1.00000000E-05 1.00000000E-05 1.00000000E-05 1.00000000E-05 1.00000000E-05
1.36224000E+01 1.76553000E-01 7.22442237E+18 1.77006286E+02 1.00000000E+05 3.20973518E+00 1.19389898E+03 1.00000000E-40 8.84408595E-34 5.28961094E-07 5.30339409E-40 5.30339409E-40 5.30339409E-40 5.30339409E-40 5.25972381E-40 2.17543887E-16 1.37952804E-05 1.00000000E-40 9.95877403E-24 1.29852776E-17 5.06727981E-08 4.31201103E-07 1.00000000E-40 9.26044933E-21 3.81440680E-17 1.00000000E-40 1.00000000E-40 1.00000000E-40 4.94388493E-28 1.00000000E-40 6.15077329E-19 7.54390990E-16 5.14148841E-23 3.05833626E-22 1.00000000E-40 3.85233996E-12 1.69979224E-13 9.21006154E-13 1.00000000E-40 4.30508673E-32 1.00000000E-40 1.24955503E-11 1.00000000E-40 1.00000000E-40 1.00000000E-40 1.00000000E-40 4.40923528E-13 7.83125050E-10 1.60559860E-15 1.81577825E-16 8.94868392E-13 6.91823823E-08 1.66514672E-14 4.29624845E-22 7.00742814E-23 1.86630375E-08 1.00000000E-40 1.00000000E-40 1.00000000E-40 1.00000000E-40 1.00000000E-40 1.00000000E-40 7.92363329E-29 1.00000000E-40 3.93199717E-14 1.00000000E-40 1.16835389E-39 1.00000000E-40 1.00000000E-40 7.40971554E-39 3.34813522E-11 4.17475283E-26 1.05221818E-27 1.00000000E-40 1.00000000E-40 1.00000000E-40 1.00000000E-40 1.00000000E-40 9.59841559E-38 1.04762916E-23 1.53636525E-18 8.46667190E-19 5.36162024E-31 7.93615000E-39 1.00000000E-05 1.00000000E-05 1.00000000E-05 1.00000000E-05 1.00000000E-05 1.00000000E-05 1.00000000E-05 1.00000000E-05 1.00000000E-05 1.00000000E-05
1.48070000E+01 1.58735000E-01 6.49025460E+18 1.77144503E+02 1.00000000E+05 3.49895629E+00 1.29297619E+03 1.00000000E-40 1.11948994E-33 5.63478746E-07 5.79338506E-40 5.79338506E-40 5.79338506E-40 5.79338506E-40 5.73363938E-40 2.07843166E-16 1.44401486E-05 1.00000000E-40 8.80385233E-24 1.27436477E-17 5.69371649E-08 4.62253387E-07 1.00000000E-40 8.12161391E-21 3.75562587E-17 1.00000000E-40 1.00000000E-40 1.00000000E-40 4.64142858E-28 1.00000000E-40 6.17229956E-19 7.51291684E-16 4.15039519E-23 2.48390381E-22 1.00000000E-40 4.81154868E-12 1.85539650E-13 1.54164446E-12 1.00000000E-40 4.83249374E-32 1.00000000E-40 1.25218341E-11 1.00000000E-40 1.00000000E-40 1.00000000E-40 1.00000000E-40 2.94396326E-13 7.68846541E-10 1.44674956E-15 1.63612071E-16 8.31716905E-13 7.22863169E-08 1.60761359E-14 3.46780609E-22 4.95596670E-23 1.88659998E-08 1.00000000E-40 1.00000000E-40 1.00000000E-40 1.00000000E-40 1.00000000E-40 1.00000000E-40 1.33920173E-28 1.00000000E-40 3.59386360E-14 1.00000000E-40 9.51813817E-40 1.00000000E-40 1.00000000E-40 7.17006616E-39 3.71945590E-11 3.49059802E-26 1.13120387E-27 1.00000000E-40 1.00000000E-40 1.00000000E-40 1.00000000E-40 1.00000000E-40 9.36814664E-38 9.69198391E-24 1.34728771E-18 8.85780252E-19 5.89770393E-31 1.68303000E-38 1.00000000E-05 1.00000000E-05 1.00000000E-05 1.00000000E-05 1.00000000E-05 1.00000000E-05 1.00000000E-05 1.00000000E-05 1.00000000E-05 1.00000000E-05
1.59916000E+01 1.42810000E-01 5.83477186E+18 1.77276617E+02 1.00000000E+05 3.81762490E+00 1.40212174E+03 1.00000000E-40 1.50842489E-33 6.00941663E-07 6.33519092E-40 6.33519092E-40 6.33519092E-40 6.33519092E-40 6.25580306E-40 1.99591563E-16 1.51172798E-05 1.00000000E-40 7.57157332E-24 1.25577629E-17 6.37566279E-08 4.95585575E-07 1.00000000E-40 7.18543951E-21 3.68777171E-17 1.00000000E-40 1.00000000E-40 1.00000000E-40 4.32777803E-28 1.00000000E-40 6.37203532E-19 7.48837327E-16 3.35496462E-23 2.01960325E-22 1.00000000E-40 5.92654273E-12 2.04515506E-13 3.27951471E-12 1.00000000E-40 5.44912135E-32 1.00000000E-40 1.25624885E-11 1.00000000E-40 1.00000000E-40 1.00000000E-40 1.00000000E-40 1.40300311E-14 7.52320405E-10 1.30070353E-15 1.48209088E-16 7.76236920E-13 7.55292050E-08 1.55048598E-14 2.81890496E-22 3.47141450E-23 1.91047350E-08 1.00000000E-40 1.00000000E-40 1.00000000E-40 1.00000000E-40 1.00000000E-40 1.00785828E-40 1.92832679E-28 1.00000000E-40 3.30116198E-14 1.00000000E-40 7.84478630E-40 1.00000000E-40 1.00000000E-40 6.97136413E-39 3.97513903E-11 2.92807592E-26 1.23498053E-27 1.00000000E-40 1.00000000E-40 1.00000000E-40 1.00000000E-40 1.00000000E-40 9.06839173E-38 8.68262190E-24 1.15227491E-18 9.27526779E-19 6.43822881E-31 3.20502000E-38 1.00000000E-05 1.00000000E-05 1.00000000E-05 1.00000000E-05 1.00000000E-05 1.00000000E-05 1.00000000E-05 1.00000000E-05 1.00000000E-05 1.00000000E-05
1.71761000E+01 1.28408000E-01 5.24384398E+18 1.77361371E+02 1.00000000E+05 4.17189161E+00 1.52157501E+03 1.00000000E-40 2.17231683E-33 6.41750933E-07 6.94131724E-40 6.94131724E-40 6.94131724E-40 6.94131724E-40 6.83630191E-40 1.91748343E-16 1.58447755E-05 1.00000000E-40 6.33244865E-24 1.24395467E-17 7.12842679E-08 5.32010182E-07 1.00000000E-40 6.36624114E-21 3.61443979E-17 1.00000000E-40 1.00000000E-40 1.00000000E-40 4.03969232E-28 1.00000000E-40 6.86718378E-19 7.47793547E-16 2.72014138E-23 1.64666964E-22 1.00000000E-40 7.21864652E-12 2.28957958E-13 7.80292762E-12 1.00000000E-40 6.17380532E-32 1.00000000E-40 1.26264137E-11 1.00000000E-40 1.00000000E-40 1.00000000E-40 1.00000000E-40 1.00000000E-40 7.35543321E-10 1.16876184E-15 1.35469918E-16 7.25874372E-13 7.90000521E-08 1.49350341E-14 2.29956804E-22 2.41369408E-23 1.94032418E-08 1.00000000E-40 1.00000000E-40 1.00000000E-40 1.00000000E-40 1.00000000E-40 1.03087448E-40 2.56150759E-28 1.00000000E-40 3.03917695E-14 1.00000000E-40 6.39486038E-40 1.00000000E-40 1.00000000E-40 6.82407636E-39 3.89215997E-11 2.45773533E-26 1.36872449E-27 1.00000000E-40 1.00000000E-40 1.00000000E-40 1.00000000E-40 1.00000000E-40 8.69373100E-38 7.50133247E-24 9.57138142E-19 9.72762017E-19 6.99175208E-31 5.67968000E-38 1.00000000E-05 1.00000000E-05 1.00000000E-05 1.00000000E-05 1.00000000E-05 1.00000000E-05 1.00000000E-05 1.00000000E-05 1.00000000E-05 1.00000000E-05
1.83607000E+01 1.15307000E-01 4.70684699E+18 1.77436234E+02 1.00000000E+05 4.57423044E+00 1.65951081E+03 1.00000000E-40 3.40122003E-33 6.89056848E-07 7.63116236E-40 7.63116236E-40 7.63116236E-40 7.63116236E-40 7.49557012E-40 1.85180739E-16 1.66396321E-05 1.00000000E-40 5.41662615E-24 1.24070064E-17 7.97560573E-08 5.72494436E-07 1.00000000E-40 5.62776448E-21 3.53732715E-17 1.00000000E-40 1.00000000E-40 1.00000000E-40 3.79215774E-28 1.00000000E-40 7.67178348E-19 7.48628658E-16 2.21186417E-23 1.34631248E-22 1.00000000E-40 8.71941765E-12 2.57418993E-13 1.64427710E-11 1.00000000E-40 7.02833700E-32 1.00000000E-40 1.27230539E-11 1.00037180E-40 1.00000000E-40 1.00000000E-40 1.00000000E-40 1.00000000E-40 7.19819997E-10 1.05174302E-15 1.24926322E-16 6.82762720E-13 8.27815159E-08 1.44006757E-14 1.88993557E-22 1.67253948E-23 1.97791686E-08 1.00000000E-40 1.00000000E-40 1.00000000E-40 1.00000000E-40 1.00000000E-40 1.03987617E-40 3.24649336E-28 1.00000000E-40 2.81441224E-14 1.00000000E-40 5.24356114E-40 1.00000000E-40 1.00000000E-40 6.73039243E-39 3.33734061E-11 2.07075705E-26 1.53729132E-27 1.00000000E-40 1.00000000E-40 1.00000000E-40 1.00000000E-40 1.00000000E-40 8.21577998E-38 6.19518004E-24 8.12717049E-19 1.02253694E-18 7.57050321E-31 9.44177000E-38 1.00000000E-05 1.00000000E-05 1.00000000E-05 1.00000000E-05 1.00000000E-05 1.00000000E-05 1.00000000E-05 1.00000000E-05 1.00000000E-05 1.00000000E-05
1.95452000E+01 1.03355000E-01 4.21737432E+18 1.77503148E+02 1.00000000E+05 5.03657706E+00 1.81875698E+03 1.00000000E-40 5.77725751E-33 7.44394419E-07 8.42731473E-40 8.42731473E-40 8.42731473E-40 8.42731473E-40 8.25316210E-40 1.79838740E-16 1.75133971E-05 1.00000000E-40 4.78572448E-24 1.24723171E-17 8.93645752E-08 6.17813288E-07 1.00000000E-40 5.00685881E-21 3.45667707E-17 1.00000000E-40 1.00000000E-40 1.00000000E-40 3.58006945E-28 1.00000000E-40 8.92601604E-19 7.51577229E-16 1.80397903E-23 1.10392928E-22 1.00000000E-40 1.04648580E-11 2.89978836E-13 2.88997826E-11 1.00000000E-40 8.03792631E-32 1.00000000E-40 1.28506636E-11 1.01004178E-40 1.00000000E-40 1.00000000E-40 1.00000000E-40 1.00000000E-40 7.05301669E-10 9.49527964E-16 1.16275983E-16 6.46556891E-13 8.69279505E-08 1.39091899E-14 1.53194592E-22 1.15621498E-23 2.02454447E-08 1.00000000E-40 1.00000000E-40 1.00000000E-40 1.00000000E-40 1.00000000E-40 1.04393771E-40 3.98723266E-28 1.00000000E-40 2.62196189E-14 1.00000000E-40 4.32055134E-40 1.00000000E-40 1.00000000E-40 6.69554431E-39 2.47739737E-11 1.75206364E-26 1.74571196E-27 1.00000000E-40 1.00000000E-40 1.00000000E-40 1.00000000E-40 1.00000000E-40 7.58739193E-38 4.78417779E-24 7.12135020E-19 1.07722370E-18 8.18219392E-31 1.48455000E-37 1.00000000E-05 1.00000000E-05 1.00000000E-05 1.00000000E-05 1.00000000E-05 1.00000000E-05 1.00000000E-05 1.00000000E-05 1.00000000E-05 1.00000000E-05
2.07298000E+01 9.24529000E-02 3.77164920E+18 1.77543985E+02 1.00000000E+05 5.56953006E+00 2.00846301E+03 1.00000000E-40 1.07794102E-32 8.11615174E-07 9.34583753E-40 9.34583753E-40 9.34583753E-40 9.34583753E-40 9.12644014E-40 1.75226506E-16 1.84749634E-05 1.00000000E-40 4.37500836E-24 1.26427462E-17 1.00278501E-07 6.68645450E-07 1.00000000E-40 4.46837256E-21 3.37157536E-17 1.00000000E-40 1.00000000E-40 1.00000000E-40 3.39507592E-28 1.00000000E-40 1.06999498E-18 7.56689630E-16 1.47595149E-23 9.07989498E-23 1.00000000E-40 1.24954028E-11 3.26994768E-13 4.43006429E-11 1.00000000E-40 9.23098713E-32 1.00000000E-40 1.30043219E-11 1.02226343E-40 1.00000000E-40 1.00000000E-40 1.00000000E-40 1.00000000E-40 6.91715560E-10 8.61055312E-16 1.09447757E-16 6.15662399E-13 9.14796599E-08 1.34507001E-14 1.22836367E-22 7.96076011E-24 2.08113176E-08 1.00000000E-40 1.00000000E-40 1.00000000E-40 1.00000000E-40 1.00000000E-40 1.04800700E-40 4.78844217E-28 1.00000000E-40 2.45354442E-14 1.00000000E-40 3.51696856E-40 1.00000000E-40 1.00000000E-40 6.72308495E-39 1.53554704E-11 1.48624822E-26 1.99920876E-27 1.00000000E-40 1.00000000E-40 1.00000000E-40 1.00000000E-40 1.00000000E-40 6.74337890E-38 3.27732796E-24 6.41432956E-19 1.13702967E-18 8.83366818E-31 2.24578000E-37 1.00000000E-05 1.00000000E-05 1.00000000E-05 1.00000000E-05 1.00000000E-05 1.00000000E-05 1.00000000E-05 1.00000000E-05 1.00000000E-05 1.00000000E-05
2.19144000E+01 8.25243000E-02 3.36693173E+18 1.77526935E+02 1.00000000E+05 6.17978179E+00 2.23137895E+03 1.00000000E-40 2.16048612E-32 8.91824948E-07 1.04001465E-39 1.04001465E-39 1.04001465E-39 1.04001465E-39 1.01263785E-39 1.70450299E-16 1.95317002E-05 1.00000000E-40 4.18982288E-24 1.29217620E-17 1.12677743E-07 7.25679797E-07 1.00000000E-40 3.96650307E-21 3.28033321E-17 1.00000000E-40 1.00000000E-40 1.00000000E-40 3.21675269E-28 1.00000000E-40 1.29461430E-18 7.63904416E-16 1.21161809E-23 7.49359674E-23 1.00000000E-40 1.48582626E-11 3.67839089E-13 6.21762878E-11 1.00000000E-40 1.06404290E-31 1.00000000E-40 1.31764191E-11 1.03755843E-40 1.00000000E-40 1.00000000E-40 1.00000000E-40 1.00000000E-40 6.78768860E-10 7.84892289E-16 1.04400840E-16 5.87832984E-13 9.64685211E-08 1.29996489E-14 9.80634032E-23 5.43564156E-24 2.14844147E-08 1.00000000E-40 1.00000000E-40 1.00000000E-40 1.00000000E-40 1.00000000E-40 1.05229147E-40 5.65512135E-28 1.00000000E-40 2.29864162E-14 1.00000000E-40 2.73721023E-40 1.00000000E-40 1.00000000E-40 6.81779730E-39 6.22277995E-12 1.25968995E-26 2.30338863E-27 1.00000000E-40 1.00000000E-40 1.00000000E-40 1.00000000E-40 1.00000000E-40 5.60124733E-38 1.67450701E-24 5.99456397E-19 1.20202626E-18 9.53107608E-31 3.29438000E-37 1.00000000E-05 1.00000000E-05 1.00000000E-05 1.00000000E-05 1.00000000E-05 1.00000000E-05 1.00000000E-05 1.00000000E-05 1.00000000E-05 1.00000000E-05
2.30989000E+01 7.35050000E-02 2.99965512E+18 1.77485253E+02 1.00000000E+05 6.89778436E+00 2.49921969E+03 1.00000000E-40 4.38640836E-32 9.91227466E-07 1.16441128E-39 1.16441128E-39 1.16441128E-39 1.16441128E-39 1.13028743E-39 1.66298021E-16 2.06938193E-05 1.00000000E-40 4.30925923E-24 1.33217880E-17 1.26924805E-07 7.90065948E-07 1.00000000E-40 3.53119168E-21 3.18093702E-17 1.00000000E-40 1.00000000E-40 1.00000000E-40 3.06550348E-28 1.00000000E-40 1.55753200E-18 7.73153617E-16 9.96874604E-24 6.19946170E-23 1.00000000E-40 1.76082433E-11 4.11694890E-13 8.23043110E-11 1.00000000E-40 1.23053356E-31 1.00000000E-40 1.33634738E-11 1.05662230E-40 1.00000000E-40 1.00000000E-40 1.00000000E-40 1.00000000E-40 6.66196530E-10 7.19838716E-16 1.00745999E-16 5.64285141E-13 1.01939791E-07 1.25786776E-14 7.84707926E-23 3.67542075E-24 2.22736412E-08 1.00000000E-40 1.00000000E-40 1.00000000E-40 1.00000000E-40 1.00000000E-40 1.05709669E-40 6.59675280E-28 1.00000000E-40 2.16182010E-14 1.00000000E-40 2.37829161E-40 1.00000000E-40 1.00000000E-40 6.98139833E-39 1.00000000E-40 1.06960173E-26 2.66460619E-27 1.00000000E-40 1.00000000E-40 1.00000000E-40 1.00000000E-40 1.00000000E-40 4.06502631E-38 1.00000000E-40 5.97147993E-19 1.27265096E-18 1.02839563E-30 4.73890000E-37 1.00000000E-05 1.00000000E-05 1.00000000E-05 1.00000000E-05 1.00000000E-05 1.00000000E-05 1.00000000E-05 1.00000000E-05 1.00000000E-05 1.00000000E-05
2.42835000E+01 6.53356000E-02 2.66719867E+18 1.77423538E+02 1.00000000E+05 7.75441608E+00 2.83423466E+03 1.00000000E-40 7.86600342E-32 1.12113480E-06 1.31260438E-39 1.31260438E-39 1.31260438E-39 1.31260438E-39 1.27065198E-39 1.62858084E-16 2.19683240E-05 1.00000000E-40 4.86101162E-24 1.38525434E-17 1.43292686E-07 8.62724547E-07 1.00000000E-40 3.15567742E-21 3.07081760E-17 1.00000000E-40 1.00000000E-40 1.00000000E-40 2.94219988E-28 8.72826032E-22 1.84389544E-18 7.84271662E-16 8.21342891E-24 5.13770132E-23 1.00000000E-40 2.08064250E-11 4.57050710E-13 1.04577281E-10 1.00000000E-40 1.42703154E-31 1.00000000E-40 1.35550835E-11 1.08428457E-40 1.00000000E-40 1.00000000E-40 1.00000000E-40 1.16147369E-15 6.53642031E-10 6.64380255E-16 9.83171791E-17 5.44451514E-13 1.07921772E-07 1.21904648E-14 6.29485856E-23 2.45350188E-24 2.31868903E-08 1.00000000E-40 1.00000000E-40 1.00000000E-40 1.00000000E-40 1.00000000E-40 1.06426180E-40 7.61947141E-28 1.00000000E-40 2.04062301E-14 1.00000000E-40 2.07606126E-40 1.00000000E-40 1.00000000E-40 7.21709245E-39 1.00000000E-40 9.09968325E-27 3.08994831E-27 1.00000000E-40 1.00000000E-40 1.00000000E-40 1.00000000E-40 1.00000000E-40 2.02015399E-38 1.00000000E-40 6.49748463E-19 1.34888124E-18 1.10985677E-30 6.72091000E-37 1.00000000E-05 1.00000000E-05 1.00000000E-05 1.00000000E-05 1.00000000E-05 1.00000000E-05 1.00000000E-05 1.00000000E-05 1.00000000E-05 1.00000000E-05
2.54680000E+01 5.79562000E-02 2.36829720E+18 1.77247622E+02 1.00000000E+05 8.72545021E+00 3.22582689E+03 1.00000000E-40 2.18919019E-32 1.27491563E-06 1.48136431E-39 1.48136431E-39 1.48136431E-39 1.48136431E-39 1.42976353E-39 1.57699754E-16 2.33570134E-05 1.00000000E-40 6.06943474E-24 1.45133814E-17 1.61735823E-07 9.43841418E-07 1.00000000E-40 2.75202449E-21 2.94680699E-17 1.00000000E-40 1.00000000E-40 1.00000000E-40 2.78555304E-28 2.59757580E-21 2.12487584E-18 7.96971540E-16 6.78157462E-24 4.26904198E-23 1.00000000E-40 2.45202972E-11 5.00569751E-13 1.28963739E-10 1.00000000E-40 1.65855058E-31 1.00000000E-40 1.37300837E-11 1.12143666E-40 1.00000000E-40 6.18451362E-29 1.00000000E-40 3.79113990E-15 6.40630213E-10 6.17088216E-16 9.75363053E-17 5.23307304E-13 1.14415825E-07 1.17553661E-14 4.90017296E-23 1.61087973E-24 2.42305150E-08 7.46742490E-35 1.00000000E-40 1.00000000E-40 1.00000000E-40 1.00000000E-40 1.08041004E-40 8.72323082E-28 1.00000000E-40 1.91464993E-14 1.00000000E-40 1.78837379E-40 1.00000000E-40 1.00000000E-40 7.53732532E-39 1.00000000E-40 7.67808932E-27 3.58767954E-27 1.00000000E-40 1.00000000E-40 1.00000000E-40 1.00000000E-40 1.00000000E-40 1.00000000E-40 1.00000000E-40 7.80769402E-19 1.42994683E-18 1.19754904E-30 9.41382000E-37 1.00000000E-05 1.00000000E-05 1.00000000E-05 1.00000000E-05 1.00000000E-05 1.00000000E-05 1.00000000E-05 1.00000000E-05 1.00000000E-05 1.00000000E-05
2.66526000E+01 5.13074000E-02 2.09906461E+18 1.77039804E+02 1.00000000E+05 9.88503001E+00 3.72272758E+03 1.00000000E-40 1.00000000E-40 1.47896977E-06 1.68231383E-39 1.68231383E-39 1.68231383E-39 1.68231383E-39 1.61977164E-39 1.52902386E-16 2.48767367E-05 1.00000000E-40 8.41756381E-24 1.53327737E-17 1.82867915E-07 1.03533467E-06 1.00000000E-40 2.39450002E-21 2.80637921E-17 1.00000000E-40 1.00000000E-40 1.00000000E-40 2.64665356E-28 4.44562058E-21 2.39043270E-18 8.11233199E-16 5.59951580E-24 3.54998239E-23 1.00000000E-40 2.88282512E-11 5.40836279E-13 1.55526681E-10 1.00000000E-40 1.93128352E-31 1.00000000E-40 1.38883637E-11 1.16403449E-40 1.00000000E-40 1.52773545E-28 1.00000000E-40 4.80362779E-15 6.26907473E-10 5.77215290E-16 9.79251938E-17 5.04170204E-13 1.21497151E-07 1.13377081E-14 3.75965634E-23 1.05535423E-24 2.54201260E-08 1.31786542E-32 1.27214490E-20 1.00000000E-40 1.00000000E-40 1.00000000E-40 1.10450983E-40 9.92406965E-28 1.00000000E-40 1.79766606E-14 1.00000000E-40 1.54227454E-40 1.00000000E-40 1.00000000E-40 7.94714486E-39 1.00000000E-40 6.47354159E-27 4.16801792E-27 1.00000000E-40 1.00000000E-40 1.00000000E-40 1.00000000E-40 1.00000000E-40 1.00000000E-40 1.00000000E-40 1.05040136E-18 1.51676502E-18 1.29295467E-30 1.30958000E-36 1.00000000E-05 1.00000000E-05 1.00000000E-05 1.00000000E-05 1.00000000E-05 1.00000000E-05 1.00000000E-05 1.00000000E-05 1.00000000E-05 1.00000000E-05
2.78372000E+01 4.53327000E-02 1.85777448E+18 1.76740187E+02 1.00000000E+05 1.13055852E+01 4.36917169E+03 1.00000000E-40 1.00000000E-40 1.75737748E-06 1.92741904E-39 1.92741904E-39 1.92741904E-39 1.92741904E-39 1.85256320E-39 1.47215311E-16 2.62506973E-05 1.00000000E-40 1.28296143E-23 1.63211353E-17 2.06778560E-07 1.13780070E-06 1.00000000E-40 2.06086894E-21 2.64579486E-17 1.00000000E-40 1.00000000E-40 1.00000000E-40 2.51190330E-28 6.41769935E-21 2.62021505E-18 8.26754194E-16 4.62184286E-24 2.95407542E-23 1.00000000E-40 3.38113002E-11 5.74661258E-13 1.80308304E-10 1.00000000E-40 2.25185962E-31 1.00000000E-40 1.40069736E-11 1.21224835E-40 1.00000000E-40 2.48574033E-28 1.00000000E-40 5.10125168E-15 6.06213359E-10 5.43814452E-16 9.97316810E-17 4.84763033E-13 1.29104928E-07 1.08948826E-14 2.82292160E-23 6.96468066E-25 2.67655430E-08 2.71277820E-32 2.68491093E-20 1.00000000E-40 1.00000000E-40 1.00000000E-40 1.13246101E-40 1.12241209E-27 1.00000000E-40 1.67907167E-14 1.00000000E-40 1.31605152E-40 1.00000000E-40 1.00000000E-40 8.46214671E-39 1.00000000E-40 5.42235434E-27 4.84082094E-27 1.00000000E-40 1.00000000E-40 1.00000000E-40 1.00000000E-40 1.00000000E-40 1.00000000E-40 1.00000000E-40 1.56945750E-18 1.60859692E-18 1.39627939E-30 1.81907000E-36 1.00000000E-05 1.00000000E-05 1.00000000E-05 1.00000000E-05 1.00000000E-05 1.00000000E-05 1.00000000E-05 1.00000000E-05 1.00000000E-05 1.00000000E-05
2.90217000E+01 3.99771000E-02 1.64172498E+18 1.76371171E+02 1.00000000E+05 1.29531652E+01 5.15640779E+03 1.00000000E-40 1.00000000E-40 2.10264044E-06 2.21232972E-39 2.21232972E-39 2.21232972E-39 2.21232972E-39 2.12260539E-39 1.41054738E-16 2.74810549E-05 1.00000000E-40 2.12563845E-23 1.75314804E-17 2.33746690E-07 1.25243035E-06 1.00000000E-40 1.74033187E-21 2.46143461E-17 1.00000000E-40 1.00000000E-40 1.00000000E-40 2.36559879E-28 8.52544036E-21 2.80850728E-18 8.43335839E-16 3.80782553E-24 2.45702716E-23 1.00000000E-40 3.95582532E-11 6.00306855E-13 2.00328120E-10 1.00000000E-40 2.62796254E-31 1.00000000E-40 1.40691845E-11 1.26685818E-40 1.00000000E-40 3.49547018E-28 1.00000000E-40 4.99121762E-15 5.80255079E-10 5.16695515E-16 1.03001674E-16 4.65582883E-13 1.34781428E-07 1.04357894E-14 2.00033931E-23 4.56057871E-25 2.82816826E-08 4.20048766E-32 4.17876949E-20 1.00000000E-40 1.00000000E-40 1.00000000E-40 1.16237950E-40 1.26318806E-27 1.00000000E-40 1.55821531E-14 1.00000000E-40 1.11535491E-40 1.00000000E-40 1.00000000E-40 9.10994202E-39 1.00000000E-40 4.51631528E-27 5.61543139E-27 1.00000000E-40 1.00000000E-40 1.00000000E-40 1.00000000E-40 1.00000000E-40 1.00000000E-40 1.00000000E-40 2.57635920E-18 1.70529431E-18 1.50831942E-30 2.52127000E-36 1.00000000E-05 1.00000000E-05 1.00000000E-05 1.00000000E-05 1.00000000E-05 1.00000000E-05 1.00000000E-05 1.00000000E-05 1.00000000E-05 1.00000000E-05
3.02063000E+01 3.51832000E-02 1.44819841E+18 1.75964066E+02 1.00000000E+05 1.48973515E+01 6.15428310E+03 1.00000000E-40 9.33751246E-29 2.55300657E-06 2.54793740E-39 2.54793740E-39 2.54793740E-39 2.54793740E-39 2.44142333E-39 1.35365537E-16 2.88357016E-05 1.00000000E-40 3.79456060E-23 1.90490022E-17 2.63745497E-07 1.37999844E-06 1.00000000E-40 1.45564069E-21 2.25004207E-17 1.00000000E-40 1.00000000E-40 1.00000000E-40 2.22956917E-28 1.07798039E-20 2.82125058E-18 8.60911819E-16 3.12492402E-24 2.03950952E-23 1.00000000E-40 4.61704104E-11 6.16900308E-13 2.19724306E-10 1.00000000E-40 3.06862634E-31 1.00000000E-40 1.40562778E-11 1.32897871E-40 1.00000000E-40 4.55876272E-28 1.00000000E-40 4.91714806E-15 5.50904380E-10 4.95895750E-16 1.08333525E-16 4.48400943E-13 1.41007214E-07 9.99096477E-15 1.30414820E-23 2.80736878E-25 2.99903002E-08 5.78840071E-32 5.75803461E-20 1.00000000E-40 1.00000000E-40 1.00000000E-40 1.19357701E-40 1.41572780E-27 1.00000000E-40 1.43713989E-14 1.00000000E-40 1.00000000E-40 1.00000000E-40 1.00000000E-40 9.93321135E-39 1.06805127E-11 3.75206889E-27 6.50145217E-27 1.00000000E-40 1.00000000E-40 1.00000000E-40 1.00000000E-40 1.00000000E-40 1.00000000E-40 1.00000000E-40 4.58486650E-18 1.80679660E-18 1.62999032E-30 3.50082000E-36 1.00000000E-05 1.00000000E-05 1.00000000E-05 1.00000000E-05 1.00000000E-05 1.00000000E-05 1.00000000E-05 1.00000000E-05 1.00000000E-05 1.00000000E-05
3.13908000E+01 3.08843000E-02 1.27645042E+18 1.75246975E+02 1.00000000E+05 1.73041704E+01 7.48125584E+03 1.00000000E-40 1.59489659E-27 3.17155740E-06 2.96191841E-39 2.96191841E-39 2.96191841E-39 2.96191841E-39 2.83669891E-39 1.24768415E-16 3.03296504E-05 1.00000000E-40 7.28704372E-23 2.09734850E-17 2.95841222E-07 1.51952934E-06 1.00000000E-40 1.14786170E-21 2.00895182E-17 1.00000000E-40 1.00000000E-40 1.00000000E-40 2.03697456E-28 1.31695344E-20 2.58381350E-18 8.79486350E-16 2.56064475E-24 1.69522604E-23 1.00000000E-40 5.37725096E-11 6.18112719E-13 2.38415196E-10 1.00000000E-40 3.58455575E-31 1.00000000E-40 1.39311409E-11 1.40012690E-40 1.00000000E-40 5.66413411E-28 1.00000000E-40 5.06128453E-15 5.17301788E-10 4.82498810E-16 1.18036937E-16 4.26830442E-13 1.47845261E-07 9.36391461E-15 6.85639848E-24 1.53861669E-25 3.19197818E-08 7.46736159E-32 7.40781630E-20 1.00000000E-40 1.00000000E-40 1.00000000E-40 1.22226747E-40 1.58013343E-27 1.00000000E-40 1.28284576E-14 1.00000000E-40 1.00000000E-40 1.00000000E-40 1.00000000E-40 1.10469462E-38 3.03562289E-11 3.02383163E-27 7.51286622E-27 1.00000000E-40 1.00000000E-40 1.00000000E-40 1.00000000E-40 1.00000000E-40 1.00000000E-40 1.00000000E-40 8.66852559E-18 1.91201723E-18 1.76146202E-30 4.91033000E-36 1.00000000E-05 1.00000000E-05 1.00000000E-05 1.00000000E-05 1.00000000E-05 1.00000000E-05 1.00000000E-05 1.00000000E-05 1.00000000E-05 1.00000000E-05
3.25754000E+01 2.69872000E-02 1.12015655E+18 1.74500157E+02 1.00000000E+05 2.02578253E+01 9.27243750E+03 4.89072271E-01 1.38783910E-26 4.02693161E-06 3.46875154E-39 3.46875154E-39 3.46875154E-39 3.46875154E-39 3.32360363E-39 1.15446947E-16 3.20576361E-05 1.00000000E-40 1.47975708E-22 2.35769553E-17 3.33311213E-07 1.68150265E-06 1.00000000E-40 8.83504777E-22 1.74089152E-17 1.00000000E-40 1.00000000E-40 1.00000000E-40 1.85126575E-28 1.58001444E-20 2.21720300E-18 9.01229512E-16 2.08757688E-24 1.40740963E-23 1.00000000E-40 6.26318364E-11 6.11143366E-13 2.57385196E-10 1.00000000E-40 4.19724431E-31 1.00000000E-40 1.37353286E-11 1.48652350E-40 1.00000000E-40 6.85943004E-28 1.00000000E-40 6.08574270E-15 4.80123697E-10 4.78669731E-16 1.33587408E-16 4.14151375E-13 1.55745223E-07 8.54450633E-15 1.56518697E-24 9.11923957E-26 3.41815919E-08 9.30841464E-32 9.19867289E-20 1.00000000E-40 1.00000000E-40 1.00000000E-40 1.25371901E-40 1.76441418E-27 1.00000000E-40 1.12621510E-14 1.00000000E-40 1.00000000E-40 1.00000000E-40 1.00000000E-40 1.25612954E-38 5.76669504E-11 2.43252324E-27 8.68991404E-27 1.00000000E-40 1.00000000E-40 1.00000000E-40 1.00000000E-40 1.00000000E-40 1.00000000E-40 1.00000000E-40 1.70249749E-17 2.02807247E-18 1.91065857E-30 7.03856000E-36 1.00000000E-05 1.00000000E-05 1.00000000E-05 1.00000000E-05 1.00000000E-05 1.00000000E-05 1.00000000E-05 1.00000000E-05 1.00000000E-05 1.00000000E-05
3.37600000E+01 2.33997000E-02 9.75988965E+17 1.73652924E+02 1.00000000E+05 2.38711836E+01 1.17069135E+04 2.28332195E+00 9.02068695E-26 5.19868502E-06 4.09166715E-39 4.09166715E-39 4.09166715E-39 4.09166715E-39 3.92499924E-39 1.06860446E-16 3.41343954E-05 1.00000000E-40 3.16871652E-22 2.74385049E-17 3.73287969E-07 1.86468859E-06 1.00000000E-40 6.53343544E-22 1.44960785E-17 1.00000000E-40 1.00000000E-40 1.00000000E-40 1.66814888E-28 1.86986758E-20 1.70039371E-18 9.28559007E-16 1.69052815E-24 1.16758965E-23 1.00000000E-40 7.31545934E-11 5.96112080E-13 2.77637395E-10 1.00000000E-40 4.93769213E-31 1.00000000E-40 1.34309313E-11 1.59778069E-40 1.00000000E-40 8.14437718E-28 1.00000000E-40 8.29938581E-15 4.38922984E-10 4.90000074E-16 1.60839700E-16 4.15621783E-13 1.65243762E-07 7.66397226E-15 1.00000000E-40 7.80951349E-26 3.69223945E-08 1.13237756E-31 1.11316264E-19 1.00000000E-40 1.00000000E-40 1.00000000E-40 1.29204146E-40 1.97382187E-27 1.00000000E-40 9.59326812E-15 1.00000000E-40 1.00000000E-40 1.00000000E-40 1.00000000E-40 1.48232899E-38 9.36430329E-11 1.94779969E-27 1.00903973E-26 1.00000000E-40 1.00000000E-40 1.00000000E-40 1.00000000E-40 1.00000000E-40 1.00000000E-40 1.00000000E-40 3.39501939E-17 2.15840404E-18 2.08276023E-30 1.05387000E-35 1.00000000E-05 1.00000000E-05 1.00000000E-05 1.00000000E-05 1.00000000E-05 1.00000000E-05 1.00000000E-05 1.00000000E-05 1.00000000E-05 1.00000000E-05
3.49445000E+01 2.01308000E-02 8.49065973E+17 1.71726103E+02 1.00000000E+05 2.84934150E+01 1.51984345E+04 5.33545694E+00 4.59138365E-25 6.89694501E-06 4.89537263E-39 4.89537263E-39 4.89537263E-39 4.89537263E-39 4.71105432E-39 8.38692222E-17 3.65533805E-05 1.00000000E-40 7.25661225E-22 3.40530730E-17 4.06270133E-07 2.05063707E-06 1.00000000E-40 3.73736058E-22 1.13823758E-17 1.00000000E-40 1.00000000E-40 1.00000000E-40 1.29928128E-28 2.17773588E-20 9.80284092E-19 9.60314522E-16 1.37004766E-24 9.77257299E-24 1.00000000E-40 8.55811057E-11 5.49454820E-13 2.99339406E-10 1.00000000E-40 5.81459828E-31 1.00000000E-40 1.28754891E-11 1.74011898E-40 1.00000000E-40 9.45993967E-28 1.00000000E-40 1.10533078E-14 3.90865884E-10 5.32768800E-16 2.16280377E-16 4.16579081E-13 1.76282276E-07 6.05431779E-15 1.00000000E-40 8.31114441E-26 4.01686610E-08 1.34549049E-31 1.31260697E-19 1.00000000E-40 1.00000000E-40 1.00000000E-40 1.33129352E-40 2.20441097E-27 1.00000000E-40 7.21583408E-15 1.00000000E-40 1.00000000E-40 1.00000000E-40 1.00000000E-40 1.90765734E-38 1.38592989E-10 1.41068832E-27 1.17399854E-26 1.00000000E-40 1.00000000E-40 1.00000000E-40 1.00000000E-40 1.00000000E-40 1.00000000E-40 1.00000000E-40 6.59707647E-17 2.29562845E-18 2.27297113E-30 1.66279000E-35 1.00000000E-05 1.00000000E-05 1.00000000E-05 1.00000000E-05 1.00000000E-05 1.00000000E-05 1.00000000E-05 1.00000000E-05 1.00000000E-05 1.00000000E-05
3.61291000E+01 1.72508000E-02 7.35870960E+17 1.69794764E+02 1.00000000E+05 3.57670348E+01 2.07801317E+04 1.26178285E+01 1.89924775E-24 9.58761024E-06 6.15862186E-39 6.15862186E-39 6.15862186E-39 6.15862186E-39 5.98689921E-39 6.50692303E-17 3.93263796E-05 1.00000000E-40 1.64174610E-21 4.53714578E-17 4.51473872E-07 2.28123686E-06 1.00000000E-40 2.01717466E-22 8.21769075E-18 1.00000000E-40 1.00000000E-40 1.00000000E-40 1.01239497E-28 2.53393987E-20 2.25385928E-19 9.95830496E-16 1.09577047E-24 8.13055188E-24 1.00000000E-40 1.00074545E-10 4.97506535E-13 3.27011320E-10 1.00000000E-40 6.30651114E-31 1.00000000E-40 1.21830853E-11 1.92993656E-40 1.00000000E-40 1.09619873E-27 1.00000000E-40 1.64578153E-14 3.36340310E-10 6.15677647E-16 3.31958438E-16 4.53103648E-13 1.88896901E-07 4.64128061E-15 1.00000000E-40 8.78196028E-26 4.39478468E-08 1.61883711E-31 1.54174920E-19 1.00000000E-40 1.00000000E-40 1.00000000E-40 1.37036764E-40 2.47058838E-27 1.00000000E-40 5.23279309E-15 1.00000000E-40 1.00000000E-40 1.00000000E-40 1.00000000E-40 2.63798092E-38 1.93256230E-10 1.04110753E-27 1.36485473E-26 1.00000000E-40 1.00000000E-40 1.00000000E-40 1.00000000E-40 1.00000000E-40 1.00000000E-40 1.00000000E-40 1.18610179E-16 2.45016036E-18 2.49430927E-30 2.72334000E-35 1.00000000E-05 1.00000000E-05 1.00000000E-05 1.00000000E-05 1.00000000E-05 1.00000000E-05 1.00000000E-05 1.00000000E-05 1.00000000E-05 1.00000000E-05
3.73136000E+01 1.47764000E-02 6.37442080E+17 1.67897654E+02 1.00000000E+05 4.76951537E+01 2.87720023E+04 2.78110268E+01 6.78602787E-24 1.30695760E-05 8.25393497E-39 8.25393497E-39 8.25393497E-39 8.25393497E-39 8.17388949E-39 5.17925448E-17 4.23110718E-05 1.00000000E-40 3.57964465E-21 6.54948818E-17 4.99605633E-07 2.53396444E-06 1.00000000E-40 1.05246132E-22 4.80983454E-18 1.00000000E-40 1.00000000E-40 1.00000000E-40 8.16651854E-29 2.92202433E-20 1.00000000E-40 1.03068761E-15 8.57318112E-25 6.65371339E-24 1.00000000E-40 1.16472109E-10 4.47773155E-13 3.63550333E-10 1.00000000E-40 1.00000000E-40 1.00000000E-40 1.11772340E-11 2.19901206E-40 1.00000000E-40 1.25570538E-27 1.00000000E-40 2.42093745E-14 2.72959185E-10 7.53330012E-16 5.58612171E-16 5.25867508E-13 2.02375041E-07 3.50627108E-15 1.00000000E-40 2.92337784E-25 4.81378971E-08 3.21953415E-31 1.78788445E-19 1.00000000E-40 1.00000000E-40 1.00000000E-40 1.39516302E-40 2.76025094E-27 1.00000000E-40 3.72804502E-15 1.00000000E-40 1.00000000E-40 1.00000000E-40 1.00000000E-40 3.93579119E-38 2.54527843E-10 9.15065699E-28 1.57815821E-26 1.00000000E-40 1.00000000E-40 1.00000000E-40 1.00000000E-40 1.00000000E-40 1.00000000E-40 1.00000000E-40 1.93055037E-16 2.60638593E-18 2.73412846E-30 4.60157000E-35 1.00000000E-05 1.00000000E-05 1.00000000E-05 1.00000000E-05 1.00000000E-05 1.00000000E-05 1.00000000E-05 1.00000000E-05 1.00000000E-05 1.00000000E-05
3.84982000E+01 1.26692000E-02 5.52695414E+17 1.66027508E+02 1.00000000E+05 6.70209199E+01 3.78469048E+04 5.47883809E+01 2.07232090E-23 1.58084430E-05 1.17533367E-38 1.17533367E-38 1.17533367E-38 1.17533367E-38 1.19483417E-38 4.32896262E-17 4.54338804E-05 1.00000000E-40 7.47415194E-21 1.03394591E-16 5.43055285E-07 2.79209475E-06 1.00000000E-40 5.18687290E-23 1.07461379E-18 1.00000000E-40 1.00000000E-40 1.00000000E-40 6.89173647E-29 3.33273070E-20 1.00000000E-40 1.06253152E-15 6.53872332E-25 5.32182762E-24 1.00000000E-40 1.34713308E-10 4.03407876E-13 4.14817682E-10 1.00000000E-40 1.00000000E-40 1.00000000E-40 9.74241291E-12 2.72604421E-40 1.00000000E-40 1.41854633E-27 1.00000000E-40 3.30081253E-14 2.00874401E-10 1.00483564E-15 9.76413016E-16 6.21319686E-13 2.16339848E-07 2.60720057E-15 1.00000000E-40 9.92426375E-24 5.26879833E-08 5.91078114E-30 2.04307842E-19 1.00000000E-40 1.00000000E-40 1.00000000E-40 1.36814411E-40 3.06664052E-27 1.00000000E-40 2.56101044E-15 1.00000000E-40 1.00000000E-40 1.00000000E-40 1.00000000E-40 6.38981258E-38 3.17482843E-10 4.90677368E-27 1.81060070E-26 1.00000000E-40 1.00000000E-40 1.00000000E-40 1.00000000E-40 1.00000000E-40 1.00000000E-40 1.00000000E-40 2.82945509E-16 2.75488371E-18 2.98526118E-30 8.18591000E-35 1.00000000E-05 1.00000000E-05 1.00000000E-05 1.00000000E-05 1.00000000E-05 1.00000000E-05 1.00000000E-05 1.00000000E-05 1.00000000E-05 1.00000000E-05
3.96828000E+01 1.08748000E-02 4.80124437E+17 1.64053003E+02 1.00000000E+05 9.52840966E+01 4.18161325E+04 9.32230564E+01 5.33765454E-23 1.33930951E-05 1.72434927E-38 1.72434927E-38 1.72434927E-38 1.72434927E-38 1.80589005E-38 3.81612639E-17 4.86628608E-05 1.00000000E-40 1.52281993E-20 1.81316110E-16 5.72468064E-07 3.03682052E-06 1.00000000E-40 2.08771882E-23 1.00000000E-40 1.00000000E-40 1.00000000E-40 1.00000000E-40 6.02104473E-29 3.77074103E-20 1.00000000E-40 1.09012971E-15 4.86048957E-25 4.14708094E-24 1.00000000E-40 1.54820019E-10 3.65618260E-13 4.89211044E-10 1.00000000E-40 1.00000000E-40 1.00000000E-40 7.78258540E-12 6.22936560E-40 1.00000000E-40 1.58067388E-27 1.00000000E-40 4.11344754E-14 1.21708928E-10 2.58334478E-15 1.70369160E-15 7.27025622E-13 2.30615351E-07 1.84450188E-15 1.00000000E-40 3.85712047E-22 5.75935846E-08 1.98928219E-28 2.30101031E-19 1.00000000E-40 1.00000000E-40 1.00000000E-40 1.28550797E-40 3.38541695E-27 1.00000000E-40 1.71869986E-15 1.00000000E-40 1.00000000E-40 1.00000000E-40 1.00000000E-40 1.16695124E-37 3.75480507E-10 1.37764998E-25 2.05778654E-26 1.00000000E-40 1.00000000E-40 1.00000000E-40 1.00000000E-40 1.00000000E-40 1.00000000E-40 1.00000000E-40 3.77710227E-16 2.88888253E-18 3.24263857E-30 1.58614000E-34 1.00000000E-05 1.00000000E-05 1.00000000E-05 1.00000000E-05 1.00000000E-05 1.00000000E-05 1.00000000E-05 1.00000000E-05 1.00000000E-05 1.00000000E-05
4.08673000E+01 9.34378000E-03 4.18163310E+17 1.61842805E+02 1.00000000E+05 1.29003635E+02 2.76785524E+04 1.30401611E+02 1.14776782E-22 1.00000000E-40 2.49088109E-38 2.49088109E-38 2.49088109E-38 2.49088109E-38 2.68966093E-38 3.69958615E-17 5.19995566E-05 1.00000000E-40 3.18464437E-20 4.18796250E-16 5.82218387E-07 3.25839485E-06 1.00000000E-40 3.99353158E-24 1.00000000E-40 1.00000000E-40 1.00000000E-40 1.00000000E-40 6.46255358E-29 4.54159522E-20 1.00000000E-40 1.11222853E-15 3.51928496E-25 3.14042503E-24 1.00000000E-40 1.76935961E-10 3.75005861E-13 6.03518581E-10 1.00000000E-40 1.00000000E-40 1.00000000E-40 5.24130496E-12 5.77870769E-39 1.00000000E-40 1.76403804E-27 1.00000000E-40 4.72215593E-14 3.82545480E-11 4.13997257E-14 2.98547039E-15 1.14490747E-12 2.45186024E-07 1.19097582E-15 6.80510540E-25 1.20912359E-20 6.28880524E-08 5.53727963E-27 2.56158496E-19 1.00000000E-40 1.00000000E-40 1.00000000E-40 1.14794766E-40 3.71643790E-27 1.00000000E-40 1.16350588E-15 1.00000000E-40 1.00000000E-40 1.00000000E-40 1.00000000E-40 5.56653818E-37 4.20783806E-10 3.34076419E-24 2.30757995E-26 1.00000000E-40 1.00000000E-40 1.00000000E-40 1.00000000E-40 1.00000000E-40 1.00000000E-40 1.00000000E-40 4.68770629E-16 3.00553923E-18 3.50220639E-30 3.39779000E-34 1.00000000E-05 1.00000000E-05 1.00000000E-05 1.00000000E-05 1.00000000E-05 1.00000000E-05 1.00000000E-05 1.00000000E-05 1.00000000E-05 1.00000000E-05
4.20519000E+01 8.03497000E-03 3.64923411E+17 1.59477438E+02 1.00000000E+05 1.49335829E+02 1.00000000E-40 1.24003554E+02 2.01540442E-22 1.00000000E-40 3.30254711E-38 3.30254711E-38 3.30254711E-38 3.30254711E-38 3.68261237E-38 8.91621284E-17 5.54364270E-05 1.00000000E-40 7.03922659E-20 4.84764020E-15 5.64834928E-07 3.44330782E-06 1.00000000E-40 3.67785887E-23 1.00000000E-40 1.00000000E-40 1.00000000E-40 4.79846031E-37 7.95080584E-28 1.15254635E-19 1.00000000E-40 1.11464089E-15 2.50462365E-25 2.32660778E-24 1.00000000E-40 2.01680313E-10 1.00359865E-12 9.00985873E-10 1.00000000E-40 1.00000000E-40 1.00000000E-40 2.05824131E-12 6.14611279E-38 1.00000000E-40 2.43341676E-27 1.00000000E-40 4.83015682E-14 1.00000000E-40 1.00519701E-12 6.29231134E-15 1.06741326E-11 2.59994904E-07 6.51613672E-16 3.60655344E-23 2.83634902E-19 6.85973484E-08 1.15525702E-25 2.84490993E-19 1.00000000E-40 1.00000000E-40 1.00000000E-40 1.00000000E-40 4.05844327E-27 1.00000000E-40 9.13049990E-16 1.00000000E-40 1.00000000E-40 1.00000000E-40 1.00000000E-40 4.33937044E-35 4.42552274E-10 5.39744308E-23 2.45992306E-26 1.00000000E-40 1.00000000E-40 1.00000000E-40 1.00000000E-40 1.00000000E-40 1.00000000E-40 1.05350062E-22 5.50814313E-16 3.10035064E-18 3.71247700E-30 7.82970000E-34 1.00000000E-05 1.00000000E-05 1.00000000E-05 1.00000000E-05 1.00000000E-05 1.00000000E-05 1.00000000E-05 1.00000000E-05 1.00000000E-05 1.00000000E-05
4.32364000E+01 6.91339000E-03 3.18916945E+17 1.57011036E+02 1.00000000E+05 1.09237069E+02 1.00000000E-40 1.00000000E-40 2.96873613E-22 1.00000000E-40 3.58060338E-38 3.58060338E-38 3.58060338E-38 3.58060338E-38 4.15331325E-38 4.29871633E-14 5.89241813E-05 1.00000000E-40 2.11620061E-19 6.57093180E-13 5.02396391E-07 3.55533159E-06 1.00000000E-40 2.26569075E-20 1.00000000E-40 1.00000000E-40 1.00000000E-40 7.63745782E-34 6.81495047E-26 9.69570223E-19 9.06699336E-17 9.91458114E-16 1.91178994E-25 1.80032121E-24 1.00000000E-40 2.29290603E-10 5.92120111E-12 3.42029999E-09 1.00000000E-40 1.00000000E-40 1.00000000E-40 1.00000000E-40 2.89342258E-37 1.00000000E-40 9.51428439E-27 1.00000000E-40 6.97188380E-14 1.00000000E-40 2.01618695E-11 3.75663265E-14 2.43506840E-10 2.74870167E-07 3.91647306E-16 7.11448221E-22 4.39805503E-18 7.47331846E-08 1.60629424E-24 3.42193373E-19 1.00000000E-40 1.00000000E-40 1.00000000E-40 1.00000000E-40 4.39631704E-27 1.00000000E-40 1.52168261E-14 1.00000000E-40 9.05728262E-39 1.00000000E-40 1.00000000E-40 4.53303351E-33 4.12565552E-10 4.33280272E-22 1.94428200E-26 1.00000000E-40 1.00000000E-40 1.00000000E-40 1.00000000E-40 1.00000000E-40 1.00000000E-40 1.35006573E-22 8.24112914E-16 3.14801119E-18 3.55600883E-30 1.84656000E-33 1.00000000E-05 1.00000000E-05 1.00000000E-05 1.00000000E-05 1.00000000E-05 1.00000000E-05 1.00000000E-05 1.00000000E-05 1.00000000E-05 1.00000000E-05
4.44210000E+01 5.94987000E-03 2.79007370E+17 1.54457328E+02 1.00000000E+05 1.00000000E-40 1.00000000E-40 1.00000000E-40 5.36391620E-22 1.00000000E-40 3.20908526E-38 3.20908526E-38 3.20908526E-38 3.20908526E-38 4.01593609E-38 2.65856959E-11 6.23867725E-05 1.00000000E-40 2.12046063E-15 6.77970472E-10 3.88540212E-07 3.58093973E-06 1.00000000E-40 8.32946593E-18 1.00000000E-40 1.00000000E-40 6.53721340E-38 2.97536519E-30 1.68400839E-26 6.25203950E-18 5.37163117E-15 6.38965674E-16 5.09183561E-24 4.63808569E-23 1.00000000E-40 1.91671261E-10 9.26296991E-12 2.57575034E-08 1.00000000E-40 1.00000000E-40 1.00000000E-40 1.00000000E-40 3.57192315E-40 1.00000000E-40 5.37440218E-26 1.00000000E-40 1.94550234E-12 1.00000000E-40 3.11882915E-10 6.97167570E-13 4.49914743E-09 2.90290056E-07 8.50988384E-14 1.27106927E-20 3.32789956E-17 8.15697189E-08 1.12551095E-23 5.76997710E-19 1.00000000E-40 1.00000000E-40 1.00000000E-40 1.00000000E-40 4.65439083E-27 1.00000000E-40 6.49746847E-12 1.00000000E-40 1.85205034E-35 1.00000000E-40 6.88226860E-39 2.04636017E-31 2.79968609E-10 1.00146698E-24 2.91488165E-26 1.00000000E-40 6.06112105E-38 1.00000000E-40 1.00000000E-40 1.00000000E-40 1.00000000E-40 1.00000000E-40 4.46034159E-13 2.98816733E-18 5.06758223E-30 4.29370000E-33 1.00000000E-05 1.00000000E-05 1.00000000E-05 1.00000000E-05 1.00000000E-05 1.00000000E-05 1.00000000E-05 1.00000000E-05 1.00000000E-05 1.00000000E-05
4.56056000E+01 5.12087000E-03 2.44497513E+17 1.51700155E+02 1.00000000E+05 1.00000000E-40 1.00000000E-40 1.00000000E-40 1.24098744E-22 1.00000000E-40 1.00000000E-40 1.00000000E-40 1.00000000E-40 1.00000000E-40 1.00000000E-40 5.71476035E-10 6.52595786E-05 1.00000000E-40 2.55247539E-13 1.29558643E-07 1.87985212E-07 3.50309367E-06 1.00000000E-40 9.35529530E-18 1.00000000E-40 1.89242007E-39 1.26188975E-36 1.61869623E-31 8.03983775E-28 1.10001485E-18 1.80723652E-13 5.73922874E-16 8.37943393E-23 4.14813043E-22 1.00000000E-40 1.46121923E-10 2.23917519E-13 8.91562483E-08 1.00000000E-40 1.00000000E-40 1.00000000E-40 1.00000000E-40 3.14903219E-38 9.44521417E-39 5.56327514E-27 1.00000000E-40 8.77497109E-14 1.00000000E-40 5.40951695E-10 4.07215571E-12 2.03014972E-09 3.06354129E-07 5.38444893E-12 4.73008511E-20 1.33696722E-17 8.95287853E-08 1.85010964E-24 3.95266365E-19 1.00000000E-40 1.00000000E-40 1.00000000E-40 1.00000000E-40 5.15454773E-27 1.00000000E-40 5.56753164E-11 1.00000000E-40 2.56851761E-36 1.00000000E-40 4.88058222E-39 1.77048469E-32 7.28728248E-11 2.27109961E-27 2.29526934E-26 1.00000000E-40 1.26592533E-36 1.00000000E-40 1.00000000E-40 1.00000000E-40 1.00000000E-40 1.00000000E-40 1.28648827E-13 2.69088358E-18 7.34832251E-30 9.74631000E-33 1.00000000E-05 1.00000000E-05 1.00000000E-05 1.00000000E-05 1.00000000E-05 1.00000000E-05 1.00000000E-05 1.00000000E-05 1.00000000E-05 1.00000000E-05
4.67901000E+01 4.40660000E-03 2.14420394E+17 1.48851857E+02 1.00000000E+05 1.00000000E-40 1.00000000E-40 1.00000000E-40 1.88267223E-23 1.00000000E-40 1.00000000E-40 1.00000000E-40 1.00000000E-40 1.00000000E-40 1.00000000E-40 8.20350671E-10 6.78245022E-05 1.00000000E-40 1.56137883E-14 5.08950432E-07 1.00000000E-40 3.13387498E-06 1.00000000E-40 4.18327006E-19 1.00000000E-40 1.61708568E-36 2.93914720E-36 4.25144913E-33 5.58363163E-28 1.72246120E-19 7.64987217E-12 5.70055184E-16 9.79573431E-23 2.78348795E-22 1.00000000E-40 1.58368561E-10 6.04200972E-13 3.92879476E-07 1.00000000E-40 1.20135861E-30 1.00000000E-40 1.00000000E-40 9.07437331E-36 3.06873957E-36 1.63703027E-27 1.00000000E-40 3.38915985E-14 1.00000000E-40 8.05007454E-11 5.14276245E-13 7.28131031E-11 3.20125687E-07 1.18845198E-10 1.81325194E-20 2.74154605E-19 9.76655722E-08 1.80991552E-25 3.75751905E-19 1.00000000E-40 1.00000000E-40 1.00000000E-40 1.00000000E-40 5.52843918E-27 1.00000000E-40 1.13001359E-11 1.00000000E-40 3.17916940E-38 1.00000000E-40 3.89785761E-39 3.33347838E-33 1.00000000E-40 1.57398880E-26 1.54276575E-26 2.29188426E-40 2.00517497E-38 1.00000000E-40 1.00000000E-40 1.00000000E-40 1.00000000E-40 1.00000000E-40 4.86092670E-16 2.75291176E-18 4.09471824E-30 2.18374000E-32 1.00000000E-05 1.00000000E-05 1.00000000E-05 1.00000000E-05 1.00000000E-05 1.00000000E-05 1.00000000E-05 1.00000000E-05 1.00000000E-05 1.00000000E-05
4.79747000E+01 3.79046000E-03 1.88188857E+17 1.45886374E+02 1.00000000E+05 1.00000000E-40 1.00000000E-40 1.00000000E-40 1.00000000E-40 1.00000000E-40 1.00000000E-40 1.00000000E-40 1.00000000E-40 1.00000000E-40 1.00000000E-40 8.45297851E-10 7.16999725E-05 1.00000000E-40 4.03716755E-15 1.25100982E-07 1.00000000E-40 2.26775309E-06 1.00000000E-40 1.43142804E-19 1.00000000E-40 4.24813780E-36 7.01875320E-36 5.55403395E-33 2.88733872E-27 8.57682467E-20 2.30833197E-12 5.61798469E-16 7.71751686E-23 4.48180773E-22 1.00000000E-40 1.73654733E-10 2.19799146E-12 8.47623174E-08 1.00000000E-40 1.35338878E-30 1.00000000E-40 1.00000000E-40 9.10975285E-35 9.31176325E-36 2.17286239E-27 1.00000000E-40 2.99473508E-14 1.00000000E-40 4.07886854E-12 1.50423569E-12 2.49796478E-11 3.32502451E-07 2.87980909E-10 1.97218509E-21 9.20518426E-21 1.05063100E-07 2.49276843E-26 3.86265888E-19 1.00000000E-40 1.00000000E-40 1.00000000E-40 1.00000000E-40 5.81620324E-27 1.00000000E-40 4.74220102E-13 1.00000000E-40 9.71258870E-39 1.00000000E-40 7.24684499E-37 4.11452502E-33 1.00000000E-40 1.35363822E-25 1.39093129E-26 1.54692279E-38 8.50893348E-39 1.00000000E-40 1.00000000E-40 1.00000000E-40 1.00000000E-40 1.00000000E-40 4.75356943E-16 2.69625781E-18 1.14932531E-29 4.89428000E-32 1.00000000E-05 1.00000000E-05 1.00000000E-05 1.00000000E-05 1.00000000E-05 1.00000000E-05 1.00000000E-05 1.00000000E-05 1.00000000E-05 1.00000000E-05
4.91593000E+01 3.25865000E-03 1.65458908E+17 1.42647538E+02 1.00000000E+05 1.00000000E-40 1.00000000E-40 1.00000000E-40 1.00000000E-40 1.00000000E-40 1.00000000E-40 1.00000000E-40 1.00000000E-40 1.00000000E-40 1.00000000E-40 8.72509042E-10 7.62879158E-05 1.00000000E-40 3.35958289E-15 3.57148763E-08 1.00000000E-40 9.37822396E-07 1.00000000E-40 9.87883702E-20 1.00000000E-40 5.03521193E-36 9.45153301E-36 7.53432398E-33 1.09394965E-26 7.79660009E-20 5.10189998E-13 5.26423238E-16 5.38430071E-23 4.30944354E-22 1.00000000E-40 1.84954826E-10 7.91236093E-12 2.15188778E-08 1.00000000E-40 1.51224971E-30 1.00000000E-40 1.00000000E-40 4.10096583E-34 1.14486792E-35 2.34914073E-27 1.00000000E-40 3.60182771E-14 1.00000000E-40 3.01815174E-12 5.13522770E-11 6.78390519E-11 3.46653818E-07 3.44822975E-10 5.09970772E-22 1.02127458E-21 1.13369662E-07 5.72281333E-27 4.00671180E-19 1.00000000E-40 1.00000000E-40 1.00000000E-40 1.00000000E-40 6.09847587E-27 1.00000000E-40 7.85429912E-14 1.00000000E-40 5.59564280E-39 1.00000000E-40 2.45843462E-36 4.13170070E-33 1.00000000E-40 6.73400214E-25 1.03839505E-26 3.80884174E-38 9.13236531E-39 1.00000000E-40 1.00000000E-40 1.00000000E-40 1.00000000E-40 1.00000000E-40 4.90824456E-16 2.56424629E-18 2.97283373E-29 1.10557000E-31 1.00000000E-05 1.00000000E-05 1.00000000E-05 1.00000000E-05 1.00000000E-05 1.00000000E-05 1.00000000E-05 1.00000000E-05 1.00000000E-05 1.00000000E-05
5.03438000E+01 2.79934000E-03 1.45843753E+17 1.39022321E+02 1.00000000E+05 1.00000000E-40 1.00000000E-40 1.00000000E-40 1.00000000E-40 1.00000000E-40 1.00000000E-40 1.00000000E-40 1.00000000E-40 1.00000000E-40 1.00000000E-40 9.06134607E-10 8.07032087E-05 1.00000000E-40 3.56309154E-15 1.42895803E-08 1.00000000E-40 1.00000000E-40 1.00000000E-40 9.38776232E-20 1.00000000E-40 5.49914054E-36 1.08908483E-35 1.01799304E-32 3.18077760E-26 7.91549154E-20 1.52699368E-13 4.26833882E-16 3.93205717E-23 3.43096793E-22 1.00000000E-40 1.82053879E-10 1.84711040E-11 8.40839541E-09 1.00000000E-40 1.66483235E-30 1.00000000E-40 1.00000000E-40 1.25216290E-33 1.23687323E-35 2.36098605E-27 1.00000000E-40 1.88989644E-13 1.00000000E-40 1.70690760E-11 3.26219258E-10 8.71361758E-11 3.60709100E-07 3.95877933E-10 3.96904446E-22 1.22426626E-21 1.22588344E-07 1.45925195E-27 4.11185156E-19 1.00000000E-40 1.00000000E-40 1.00000000E-40 1.00000000E-40 6.35907344E-27 1.00000000E-40 8.86130250E-14 1.00000000E-40 4.20030244E-39 1.00000000E-40 3.61941574E-36 5.73235082E-33 1.00000000E-40 1.94909246E-24 5.17370662E-27 6.45303716E-38 1.21572677E-38 1.00000000E-40 1.00000000E-40 1.00000000E-40 1.00000000E-40 1.00000000E-40 7.49439202E-16 2.37646076E-18 4.03090062E-29 2.57656000E-31 1.00000000E-05 1.00000000E-05 1.00000000E-05 1.00000000E-05 1.00000000E-05 1.00000000E-05 1.00000000E-05 1.00000000E-05 1.00000000E-05 1.00000000E-05
5.15284000E+01 2.40257000E-03 1.28706138E+17 1.35205236E+02 1.00000000E+05 1.00000000E-40 1.00000000E-40 1.00000000E-40 1.00000000E-40 1.00000000E-40 1.00000000E-40 1.00000000E-40 1.00000000E-40 1.00000000E-40 1.00000000E-40 9.52596163E-10 8.48094561E-05 1.00000000E-40 3.71724813E-15 1.01022450E-08 1.00000000E-40 1.00000000E-40 1.00000000E-40 1.35649852E-19 1.00000000E-40 5.90425441E-36 1.23754846E-35 1.34253939E-32 5.12628959E-26 8.22344969E-20 8.64617611E-14 4.67127796E-18 2.87222184E-23 2.55229731E-22 1.00000000E-40 1.49267302E-10 2.17024923E-11 6.28092414E-09 1.00000000E-40 1.78403371E-30 1.00000000E-40 1.00000000E-40 2.12061783E-33 1.28685444E-35 2.26390676E-27 1.00000000E-40 9.43506301E-13 1.00000000E-40 5.89433461E-11 1.12396413E-09 9.90209257E-11 3.73880915E-07 4.53860620E-10 7.32918611E-22 5.32528835E-21 1.32609584E-07 3.44735882E-28 4.16937156E-19 1.00000000E-40 1.00000000E-40 1.00000000E-40 1.00000000E-40 6.55308683E-27 1.00000000E-40 3.10847856E-13 1.00000000E-40 4.45185682E-39 1.00000000E-40 4.47680260E-36 6.39056888E-33 1.00000000E-40 2.43864818E-24 5.80152741E-27 1.05934094E-37 1.58683058E-38 1.00000000E-40 1.00000000E-40 1.00000000E-40 1.00000000E-40 1.00000000E-40 3.12139536E-15 2.11470191E-18 3.82222208E-29 6.69611000E-31 1.00000000E-05 1.00000000E-05 1.00000000E-05 1.00000000E-05 1.00000000E-05 1.00000000E-05 1.00000000E-05 1.00000000E-05 1.00000000E-05 1.00000000E-05
5.27129000E+01 2.05975000E-03 1.13367753E+17 1.31595697E+02 1.00000000E+05 1.00000000E-40 1.00000000E-40 1.00000000E-40 1.00000000E-40 1.00000000E-40 1.00000000E-40 1.00000000E-40 1.00000000E-40 1.00000000E-40 1.00000000E-40 1.03028256E-09 8.86778064E-05 1.00000000E-40 4.15177443E-15 1.14626077E-08 1.00000000E-40 1.00000000E-40 1.00000000E-40 2.12496610E-19 1.00000000E-40 6.28062782E-36 1.40637196E-35 1.52368684E-32 5.01593659E-26 8.57599262E-20 9.54900983E-14 1.00000000E-40 2.09888412E-23 1.87147790E-22 1.00000000E-40 9.21564517E-11 1.85280998E-11 7.60733912E-09 1.00000000E-40 1.65234563E-30 1.00000000E-40 1.00000000E-40 2.21812033E-33 1.31249552E-35 2.05394450E-27 1.00000000E-40 2.23833280E-12 1.00000000E-40 1.06106388E-10 3.52657046E-09 8.22122970E-11 3.86134371E-07 5.17721861E-10 2.05079147E-21 2.53606384E-20 1.43422298E-07 7.31259040E-29 4.18090990E-19 1.00000000E-40 1.00000000E-40 1.00000000E-40 1.00000000E-40 6.61422153E-27 1.00000000E-40 6.56271671E-13 1.00000000E-40 5.60171979E-39 1.00000000E-40 5.37778795E-36 5.24035271E-33 1.00000000E-40 2.31189498E-24 2.46302078E-26 1.71327422E-37 2.03477585E-38 1.00000000E-40 1.00000000E-40 1.00000000E-40 1.00000000E-40 1.00000000E-40 1.56901967E-14 1.76276271E-18 2.92943548E-29 2.49636000E-30 1.00000000E-05 1.00000000E-05 1.00000000E-05 1.00000000E-05 1.00000000E-05 1.00000000E-05 1.00000000E-05 1.00000000E-05 1.00000000E-05 1.00000000E-05
5.38975000E+01 1.76330000E-03 9.92412403E+16 1.28691760E+02 1.00000000E+05 1.00000000E-40 1.00000000E-40 1.00000000E-40 1.00000000E-40 1.00000000E-40 1.00000000E-40 1.00000000E-40 1.00000000E-40 1.00000000E-40 1.00000000E-40 1.15564504E-09 9.22393218E-05 1.00000000E-40 6.49816697E-15 1.58712721E-08 1.00000000E-40 1.00000000E-40 1.00000000E-40 3.15540785E-19 1.00000000E-40 6.63285347E-36 1.60907386E-35 1.52558433E-32 4.35525645E-26 8.92435489E-20 1.39618831E-13 1.00000000E-40 1.56332041E-23 1.39379827E-22 1.00000000E-40 1.00000000E-40 1.44884611E-11 1.16712794E-08 1.00000000E-40 1.17683624E-30 1.00000000E-40 1.00000000E-40 1.87065352E-33 1.31858270E-35 1.72097326E-27 1.00000000E-40 3.36386427E-12 1.00000000E-40 1.44141741E-10 8.14928656E-09 2.40944723E-11 3.96790388E-07 5.76313389E-10 5.79056332E-21 1.07072585E-19 1.54778033E-07 1.44937471E-29 4.14275897E-19 1.00000000E-40 1.00000000E-40 1.00000000E-40 1.00000000E-40 6.50256415E-27 1.00000000E-40 1.01100213E-12 1.00000000E-40 7.12759752E-39 1.00000000E-40 6.47857366E-36 4.19028181E-33 1.00000000E-40 1.93113126E-24 7.17944653E-26 2.61227892E-37 2.90713577E-38 1.00000000E-40 1.00000000E-40 1.00000000E-40 1.00000000E-40 1.00000000E-40 4.13295629E-14 1.31286674E-18 2.27682337E-29 2.05450000E-29 1.00000000E-05 1.00000000E-05 1.00000000E-05 1.00000000E-05 1.00000000E-05 1.00000000E-05 1.00000000E-05 1.00000000E-05 1.00000000E-05 1.00000000E-05
5.50821000E+01 1.50686000E-03 8.54539796E+16 1.27719535E+02 1.00000000E+05 1.00000000E-40 1.00000000E-40 1.00000000E-40 1.00000000E-40 1.00000000E-40 1.00000000E-40 1.00000000E-40 1.00000000E-40 1.00000000E-40 1.00000000E-40 1.37864686E-09 9.66391538E-05 1.00000000E-40 1.46037435E-14 2.44113857E-08 1.00000000E-40 1.00000000E-40 1.00000000E-40 5.47498542E-19 1.00000000E-40 7.00832681E-36 1.87561180E-35 1.40678563E-32 3.91971119E-26 9.37323850E-20 2.27840547E-13 1.00000000E-40 1.31891857E-23 1.16877330E-22 1.00000000E-40 1.00000000E-40 1.03030688E-11 1.91310495E-08 1.00000000E-40 2.10524142E-31 1.00000000E-40 1.00000000E-40 1.43301327E-33 1.31201301E-35 1.29793395E-27 1.00000000E-40 4.20510706E-12 1.00000000E-40 2.21364573E-10 1.35726882E-08 1.02997088E-11 4.09904415E-07 6.32283429E-10 1.42585544E-20 4.17004997E-19 1.68442907E-07 3.14170990E-30 4.11757166E-19 1.00000000E-40 1.00000000E-40 1.00000000E-40 1.00000000E-40 6.28603578E-27 1.00000000E-40 1.74915174E-12 1.00000000E-40 1.05743432E-38 1.00000000E-40 7.94027796E-36 3.71061236E-33 1.00000000E-40 1.49513560E-24 1.16848723E-25 3.39159411E-37 4.96987753E-38 1.00000000E-40 1.00000000E-40 1.00000000E-40 1.00000000E-40 1.00000000E-40 8.40218089E-14 7.88417506E-19 1.91172460E-29 4.18196000E-28 1.00000000E-05 1.00000000E-05 1.00000000E-05 1.00000000E-05 1.00000000E-05 1.00000000E-05 1.00000000E-05 1.00000000E-05 1.00000000E-05 1.00000000E-05
5.62666000E+01 1.28355000E-03 7.32781850E+16 1.26868792E+02 1.00000000E+05 1.00000000E-40 1.00000000E-40 1.00000000E-40 1.00000000E-40 1.00000000E-40 1.00000000E-40 1.00000000E-40 1.00000000E-40 1.00000000E-40 1.00000000E-40 1.71772566E-09 1.01303291E-04 1.00000000E-40 4.19307046E-14 3.95085129E-08 1.00000000E-40 1.00000000E-40 1.00000000E-40 1.16023248E-18 1.00000000E-40 7.30881627E-36 2.19891841E-35 1.24750037E-32 3.45899164E-26 9.80018726E-20 3.78251168E-13 1.00000000E-40 1.11260151E-23 9.76650998E-23 1.00000000E-40 1.00000000E-40 6.24278043E-12 3.09302083E-08 1.00000000E-40 1.00000000E-40 1.00000000E-40 1.00000000E-40 1.04529755E-33 1.27012596E-35 7.37189972E-28 1.00000000E-40 4.93519133E-12 1.00000000E-40 4.31223330E-10 1.92456594E-08 6.07637069E-12 4.22614815E-07 6.78525091E-10 2.96971766E-20 1.64853423E-18 1.83621265E-07 1.09134435E-30 4.01860318E-19 1.00000000E-40 1.00000000E-40 1.00000000E-40 1.00000000E-40 5.89822980E-27 1.00000000E-40 3.84113394E-12 1.00000000E-40 1.88725064E-38 1.00000000E-40 9.78633172E-36 3.28667803E-33 1.00000000E-40 1.10955575E-24 1.45132645E-25 4.29466478E-37 1.18680533E-37 1.00000000E-40 1.00000000E-40 1.00000000E-40 1.00000000E-40 1.00000000E-40 1.89717030E-13 1.53090558E-19 1.53531962E-29 5.06386000E-26 1.00000000E-05 1.00000000E-05 1.00000000E-05 1.00000000E-05 1.00000000E-05 1.00000000E-05 1.00000000E-05 1.00000000E-05 1.00000000E-05 1.00000000E-05
5.74512000E+01 1.07244000E-03 6.16197638E+16 1.26057791E+02 1.00000000E+05 1.00000000E-40 1.00000000E-40 1.00000000E-40 1.00000000E-40 1.00000000E-40 1.00000000E-40 1.00000000E-40 1.00000000E-40 1.00000000E-40 1.00000000E-40 2.25640671E-09 1.08426960E-04 1.00000000E-40 1.20065119E-13 6.71677004E-08 1.00000000E-40 1.00000000E-40 1.00000000E-40 2.58953980E-18 3.15053045E-20 7.62070740E-36 2.63192322E-35 1.12005265E-32 2.78893856E-26 1.04580447E-19 6.25804147E-13 1.00000000E-40 9.37209051E-24 8.12846913E-23 1.00000000E-40 1.00000000E-40 2.83707680E-12 5.04613523E-08 1.00000000E-40 1.00000000E-40 1.00000000E-40 1.00000000E-40 7.63768434E-34 1.20516848E-35 7.29977309E-29 1.00000000E-40 4.87775598E-12 1.00000000E-40 9.38367369E-10 2.47895771E-08 6.07126919E-12 4.43731006E-07 7.32274238E-10 5.47545823E-20 5.93902477E-18 2.04574410E-07 7.75942659E-31 3.95545378E-19 1.00000000E-40 1.00000000E-40 1.00000000E-40 1.00000000E-40 5.47868871E-27 1.00000000E-40 9.39612919E-12 1.00000000E-40 3.51925300E-38 1.00000000E-40 1.23400423E-35 2.90857475E-33 1.00000000E-40 8.31424022E-25 1.43385587E-25 5.49312692E-37 3.06662197E-37 1.00000000E-40 1.00000000E-40 1.00000000E-40 1.00000000E-40 1.00000000E-40 3.85640332E-13 1.00000000E-40 1.13861874E-29 4.47832000E-24 1.00000000E-05 1.00000000E-05 1.00000000E-05 1.00000000E-05 1.00000000E-05 1.00000000E-05 1.00000000E-05 1.00000000E-05 1.00000000E-05 1.00000000E-05
5.86357000E+01 7.54895000E-04 4.38352365E+16 1.24732582E+02 1.00000000E+05 1.00000000E-40 1.00000000E-40 1.00000000E-40 1.00000000E-40 1.00000000E-40 1.00000000E-40 1.00000000E-40 1.00000000E-40 1.00000000E-40 1.00000000E-40 3.58467868E-09 1.38019311E-04 1.00000000E-40 2.84890604E-13 1.37198146E-07 1.00000000E-40 1.00000000E-40 1.00000000E-40 5.14287051E-18 9.17887964E-20 9.17682748E-36 3.72465353E-35 1.18915640E-32 2.22101627E-26 1.32749408E-19 1.17371950E-12 1.00000000E-40 8.69774954E-24 7.44563460E-23 1.00000000E-40 1.00000000E-40 1.00000000E-40 9.35324425E-08 1.00000000E-40 1.00000000E-40 1.00000000E-40 1.00000000E-40 6.61577232E-34 1.28692494E-35 1.00000000E-40 1.00000000E-40 4.30408424E-12 1.00000000E-40 2.14872825E-09 3.34739514E-08 7.99626640E-12 5.52848145E-07 9.32546869E-10 1.04792369E-19 1.75688723E-17 2.71381325E-07 9.05975128E-31 4.57279223E-19 1.00000000E-40 1.00000000E-40 1.00000000E-40 1.00000000E-40 5.82922586E-27 1.00000000E-40 2.35026553E-11 1.00000000E-40 5.77680667E-38 1.00000000E-40 1.84933621E-35 2.86583739E-33 1.00000000E-40 7.41897561E-25 1.27328499E-25 8.71781153E-37 7.03791295E-37 1.00000000E-40 1.00000000E-40 1.00000000E-40 1.00000000E-40 1.00000000E-40 5.80447391E-13 1.00000000E-40 8.00627894E-30 1.35416000E-22 1.00000000E-05 1.00000000E-05 1.00000000E-05 1.00000000E-05 1.00000000E-05 1.00000000E-05 1.00000000E-05 1.00000000E-05 1.00000000E-05 1.00000000E-05
5.98203000E+01 3.96500000E-04 2.34986843E+16 1.22212706E+02 1.00000000E+05 1.00000000E-40 1.00000000E-40 1.00000000E-40 1.00000000E-40 1.00000000E-40 1.00000000E-40 1.00000000E-40 1.00000000E-40 1.00000000E-40 1.00000000E-40 7.51861834E-09 2.32925792E-04 1.00000000E-40 7.15606966E-13 3.56450386E-07 1.00000000E-40 1.00000000E-40 1.00000000E-40 1.09848827E-17 2.83942881E-19 1.42971858E-35 6.99578295E-35 1.64154526E-32 2.59792492E-26 2.23881396E-19 2.77861714E-12 1.00000000E-40 9.14946164E-24 7.76886460E-23 1.00000000E-40 1.00000000E-40 1.00000000E-40 2.17978691E-07 1.00000000E-40 1.00000000E-40 1.00000000E-40 1.00000000E-40 7.70592425E-34 1.72477499E-35 1.00000000E-40 1.00000000E-40 5.32823716E-12 1.00000000E-40 5.00441688E-09 5.35159217E-08 1.37822435E-11 9.12275230E-07 1.55320879E-09 2.30537310E-19 4.48622868E-17 4.78060241E-07 1.50677435E-30 6.90423312E-19 1.00000000E-40 1.00000000E-40 1.00000000E-40 1.00000000E-40 7.82212063E-27 1.00000000E-40 5.57225212E-11 1.00000000E-40 1.00676121E-37 1.00000000E-40 3.70508397E-35 3.24618305E-33 1.00000000E-40 8.74703323E-25 1.53706584E-25 1.99520608E-36 1.91423639E-36 1.00000000E-40 1.00000000E-40 1.00000000E-40 1.00000000E-40 1.00000000E-40 8.09325282E-13 1.00000000E-40 2.23143114E-30 1.60604000E-21 1.00000000E-05 1.00000000E-05 1.00000000E-05 1.00000000E-05 1.00000000E-05 1.00000000E-05 1.00000000E-05 1.00000000E-05 1.00000000E-05 1.00000000E-05
6.10049000E+01 3.04552000E-04 1.81994474E+16 1.21204843E+02 1.00000000E+05 1.00000000E-40 1.00000000E-40 1.00000000E-40 1.00000000E-40 1.00000000E-40 1.00000000E-40 1.00000000E-40 1.00000000E-40 1.00000000E-40 1.00000000E-40 1.09520521E-08 2.71134796E-04 1.00000000E-40 1.22367558E-12 6.12939051E-07 1.00000000E-40 1.00000000E-40 1.00000000E-40 1.73232639E-17 5.71988754E-19 1.49850907E-35 9.11086539E-35 1.00000000E-40 2.38506140E-26 2.63500031E-19 4.46111517E-12 1.00000000E-40 7.01467592E-24 5.92227620E-23 1.00000000E-40 1.00000000E-40 1.00000000E-40 3.41507728E-07 1.00000000E-40 1.00000000E-40 1.00000000E-40 1.00000000E-40 6.18835881E-34 1.49808093E-35 1.00000000E-40 1.00000000E-40 5.65335336E-12 1.00000000E-40 7.00170956E-09 5.49619704E-08 1.47889816E-11 1.03670408E-06 1.77964991E-09 3.08832301E-19 6.46638801E-17 5.81115351E-07 1.77046329E-30 7.30151063E-19 1.00000000E-40 1.00000000E-40 1.00000000E-40 1.00000000E-40 6.83713327E-27 1.00000000E-40 7.70371914E-11 1.00000000E-40 1.27614373E-37 1.00000000E-40 5.18794895E-35 2.25570769E-33 1.00000000E-40 6.35381929E-25 1.47386643E-25 2.78938620E-36 3.06990229E-36 1.00000000E-40 1.00000000E-40 1.00000000E-40 1.00000000E-40 1.00000000E-40 8.23694626E-13 1.00000000E-40 1.00000000E-40 4.23336000E-21 1.00000000E-05 1.00000000E-05 1.00000000E-05 1.00000000E-05 1.00000000E-05 1.00000000E-05 1.00000000E-05 1.00000000E-05 1.00000000E-05 1.00000000E-05
6.21894000E+01 2.55854000E-04 1.53665643E+16 1.20595791E+02 1.00000000E+05 1.00000000E-40 1.00000000E-40 1.00000000E-40 1.00000000E-40 1.00000000E-40 1.00000000E-40 1.00000000E-40 1.00000000E-40 1.00000000E-40 1.00000000E-40 1.47299971E-08 2.88890785E-04 1.00000000E-40 1.91824593E-12 9.39911942E-07 1.00000000E-40 1.00000000E-40 1.00000000E-40 2.62423910E-17 1.03535816E-18 1.39743961E-35 1.09263664E-34 1.00000000E-40 2.07484140E-26 2.83745724E-19 6.44182451E-12 1.00000000E-40 5.21544651E-24 4.41211405E-23 1.00000000E-40 1.00000000E-40 1.00000000E-40 4.85019279E-07 1.00000000E-40 1.00000000E-40 1.00000000E-40 1.00000000E-40 4.52601534E-34 1.11168849E-35 1.00000000E-40 1.00000000E-40 6.19800490E-12 1.00000000E-40 8.74833724E-09 4.99200807E-08 1.00000000E-40 1.07606388E-06 1.86745905E-09 3.49854249E-19 8.14405866E-17 6.46910527E-07 1.90632127E-30 6.97384442E-19 1.00000000E-40 1.00000000E-40 1.00000000E-40 1.00000000E-40 4.78305138E-27 1.00000000E-40 9.24265741E-11 1.00000000E-40 1.53348071E-37 1.00000000E-40 6.72882929E-35 1.00000000E-40 1.00000000E-40 1.00000000E-40 1.39568990E-25 3.38760856E-36 4.13050723E-36 1.00000000E-40 1.00000000E-40 1.00000000E-40 1.00000000E-40 1.00000000E-40 8.74775839E-13 1.00000000E-40 1.00000000E-40 8.06129000E-21 1.00000000E-05 1.00000000E-05 1.00000000E-05 1.00000000E-05 1.00000000E-05 1.00000000E-05 1.00000000E-05 1.00000000E-05 1.00000000E-05 1.00000000E-05
6.33740000E+01 2.14972000E-04 1.29743123E+16 1.20009124E+02 1.00000000E+05 1.00000000E-40 1.00000000E-40 1.00000000E-40 1.00000000E-40 1.00000000E-40 1.00000000E-40 1.00000000E-40 1.00000000E-40 1.00000000E-40 1.00000000E-40 1.99660057E-08 3.07755545E-04 1.00000000E-40 2.94143813E-12 1.41972250E-06 1.00000000E-40 1.00000000E-40 1.00000000E-40 3.94561802E-17 1.82194026E-18 1.25993283E-35 1.31893093E-34 1.00000000E-40 1.49222167E-27 3.05337937E-19 9.12523864E-12 1.00000000E-40 4.22440572E-24 3.60509610E-23 1.00000000E-40 1.00000000E-40 1.00000000E-40 6.82533138E-07 1.00000000E-40 1.00000000E-40 1.00000000E-40 1.00000000E-40 3.26622294E-34 7.69154991E-36 1.00000000E-40 1.00000000E-40 6.91074693E-12 1.00000000E-40 1.09391860E-08 4.37917586E-08 1.00000000E-40 1.11406275E-06 1.95693252E-09 3.71089324E-19 9.90284271E-17 7.20197685E-07 2.05134287E-30 6.55262799E-19 1.00000000E-40 1.00000000E-40 1.00000000E-40 1.00000000E-40 2.38589481E-27 1.00000000E-40 1.07359591E-10 1.00000000E-40 1.81013198E-37 1.00000000E-40 8.81809352E-35 1.00000000E-40 1.00000000E-40 1.00000000E-40 1.33327202E-25 4.01782252E-36 5.29554376E-36 1.00000000E-40 1.00000000E-40 1.00000000E-40 1.00000000E-40 1.00000000E-40 9.69603609E-13 1.00000000E-40 1.00000000E-40 1.49988000E-20 1.00000000E-05 1.00000000E-05 1.00000000E-05 1.00000000E-05 1.00000000E-05 1.00000000E-05 1.00000000E-05 1.00000000E-05 1.00000000E-05 1.00000000E-05
6.45585000E+01 1.80645000E-04 1.09542921E+16 1.19442352E+02 1.00000000E+05 1.95832698E-09 1.00000000E-40 1.00000000E-40 1.00000000E-40 1.00000000E-40 1.00000000E-40 1.00000000E-40 1.00000000E-40 1.00000000E-40 1.00000000E-40 2.72899055E-08 3.27988504E-04 1.00000000E-40 4.35967927E-12 2.12535292E-06 1.00000000E-40 1.00000000E-40 1.00000000E-40 5.75782568E-17 3.07232594E-18 1.09287728E-35 1.60548756E-34 1.00000000E-40 1.00000000E-40 3.28978055E-19 1.26866342E-11 1.00000000E-40 3.71294959E-24 3.19333844E-23 1.00000000E-40 1.00000000E-40 1.00000000E-40 9.49402478E-07 1.00000000E-40 1.00000000E-40 1.00000000E-40 1.00000000E-40 2.31029609E-34 5.02469890E-36 1.00000000E-40 1.00000000E-40 7.11003598E-12 1.00000000E-40 1.36101446E-08 2.43969365E-08 1.00000000E-40 1.15112820E-06 2.04760953E-09 3.67337198E-19 1.12944570E-16 8.02149465E-07 2.21010161E-30 6.07875998E-19 1.00000000E-40 1.00000000E-40 1.00000000E-40 1.00000000E-40 1.00000000E-40 1.00000000E-40 1.20683793E-10 1.00000000E-40 2.05591990E-37 1.00000000E-40 1.16844481E-34 1.00000000E-40 1.00000000E-40 1.00000000E-40 1.23686956E-25 4.64543461E-36 6.47793707E-36 1.00000000E-40 1.00000000E-40 1.00000000E-40 1.00000000E-40 1.00000000E-40 1.04736641E-12 1.00000000E-40 1.00000000E-40 2.84676000E-20 1.00000000E-05 1.00000000E-05 1.00000000E-05 1.00000000E-05 1.00000000E-05 1.00000000E-05 1.00000000E-05 1.00000000E-05 1.00000000E-05 1.00000000E-05
6.57431000E+01 1.51819000E-04 9.24701855E+15 1.18916225E+02 1.00000000E+05 2.02339807E-09 1.00000000E-40 1.00000000E-40 1.00000000E-40 1.00000000E-40 1.00000000E-40 1.00000000E-40 1.00000000E-40 1.00000000E-40 1.00000000E-40 3.75678301E-08 3.49740783E-04 1.00000000E-40 6.24836841E-12 3.15456524E-06 1.00000000E-40 1.00000000E-40 1.00000000E-40 8.13247106E-17 4.93504418E-18 9.06609275E-36 1.97353052E-34 1.00000000E-40 1.00000000E-40 3.55075011E-19 1.73135043E-11 1.00000000E-40 3.35419892E-24 2.88704020E-23 1.00000000E-40 1.00000000E-40 1.00000000E-40 1.30152040E-06 1.00000000E-40 1.00000000E-40 1.00000000E-40 1.00000000E-40 1.59283154E-34 3.18089698E-36 1.00000000E-40 1.00000000E-40 5.45892055E-12 1.00000000E-40 1.67010265E-08 1.00000000E-40 1.00000000E-40 1.18737321E-06 2.13976494E-09 3.38444334E-19 1.20127363E-16 8.93881464E-07 2.38547313E-30 5.58049240E-19 1.00000000E-40 1.00000000E-40 1.00000000E-40 1.00000000E-40 1.00000000E-40 1.00000000E-40 1.31572113E-10 1.00000000E-40 2.22738952E-37 1.00000000E-40 1.56630184E-34 1.00000000E-40 1.00000000E-40 1.00000000E-40 1.09361461E-25 5.19240152E-36 7.56491650E-36 1.00000000E-40 1.00000000E-40 1.00000000E-40 1.00000000E-40 1.00000000E-40 1.07913338E-12 1.00000000E-40 1.00000000E-40 5.71380000E-20 1.00000000E-05 1.00000000E-05 1.00000000E-05 1.00000000E-05 1.00000000E-05 1.00000000E-05 1.00000000E-05 1.00000000E-05 1.00000000E-05 1.00000000E-05
6.69277000E+01 1.27608000E-04 7.80247461E+15 1.18457416E+02 1.00000000E+05 2.08846591E-09 1.00000000E-40 1.00000000E-40 1.00000000E-40 1.00000000E-40 1.00000000E-40 1.00000000E-40 1.00000000E-40 1.00000000E-40 1.00000000E-40 5.19510854E-08 3.73124173E-04 1.00000000E-40 8.68618497E-12 4.63882924E-06 1.00000000E-40 1.00000000E-40 1.00000000E-40 1.11380270E-16 7.53948568E-18 7.14344682E-36 2.45286765E-34 1.00000000E-40 1.00000000E-40 3.83518186E-19 2.32268335E-11 1.00000000E-40 2.94983519E-24 2.51967184E-23 1.00000000E-40 1.00000000E-40 1.00000000E-40 1.75724299E-06 1.00000000E-40 1.00000000E-40 1.00000000E-40 1.00000000E-40 1.06522692E-34 2.01649409E-36 1.00000000E-40 1.00000000E-40 1.00000000E-40 1.00000000E-40 2.01457298E-08 1.00000000E-40 5.95208486E-12 1.22274881E-06 2.23390171E-09 2.90437133E-19 1.20086000E-16 9.96560632E-07 2.57968131E-30 5.08289507E-19 1.00000000E-40 1.00000000E-40 1.00000000E-40 1.00000000E-40 1.00000000E-40 1.00000000E-40 1.40053969E-10 1.00000000E-40 2.32864871E-37 1.00000000E-40 2.12194320E-34 1.00000000E-40 1.00000000E-40 1.00000000E-40 8.88423166E-26 5.55051712E-36 8.44207307E-36 1.00000000E-40 1.00000000E-40 1.00000000E-40 1.00000000E-40 1.00000000E-40 1.02744211E-12 1.00000000E-40 1.00000000E-40 1.26565000E-19 1.00000000E-05 1.00000000E-05 1.00000000E-05 1.00000000E-05 1.00000000E-05 1.00000000E-05 1.00000000E-05 1.00000000E-05 1.00000000E-05 1.00000000E-05
6.81122000E+01 1.07273000E-04 6.57948337E+15 1.18090606E+02 1.00000000E+05 2.15121013E-09 1.00000000E-40 1.00000000E-40 1.00000000E-40 1.00000000E-40 1.00000000E-40 1.00000000E-40 1.00000000E-40 1.00000000E-40 1.00000000E-40 7.19061526E-08 3.98155815E-04 1.00000000E-40 1.17323629E-11 6.75433205E-06 1.00000000E-40 1.00000000E-40 1.00000000E-40 1.48035138E-16 1.09489888E-17 5.30780006E-36 3.08609036E-34 1.00000000E-40 1.00000000E-40 4.07046657E-19 3.07282114E-11 1.00000000E-40 2.43851272E-24 2.05608481E-23 1.00000000E-40 1.00000000E-40 1.00000000E-40 2.33909276E-06 1.00000000E-40 1.00000000E-40 1.00000000E-40 1.00000000E-40 6.89039076E-35 1.31793253E-36 1.00000000E-40 1.00000000E-40 1.00000000E-40 1.00000000E-40 2.39385190E-08 1.00000000E-40 4.33353910E-11 1.25684399E-06 2.32959890E-09 2.32765571E-19 1.14029611E-16 1.11123958E-06 2.79427923E-30 4.60914118E-19 1.00000000E-40 1.00000000E-40 1.00000000E-40 1.00000000E-40 1.00000000E-40 1.00000000E-40 1.46734763E-10 1.00000000E-40 2.36167063E-37 1.00000000E-40 2.89147202E-34 1.00000000E-40 1.00000000E-40 1.00000000E-40 4.97021254E-26 5.60556197E-36 9.00001793E-36 1.00000000E-40 1.00000000E-40 1.00000000E-40 1.00000000E-40 1.00000000E-40 7.50198211E-13 1.00000000E-40 1.00000000E-40 3.25760000E-19 1.00000000E-05 1.00000000E-05 1.00000000E-05 1.00000000E-05 1.00000000E-05 1.00000000E-05 1.00000000E-05 1.00000000E-05 1.00000000E-05 1.00000000E-05
6.92968000E+01 9.01893000E-05 5.54172814E+15 1.17876306E+02 1.00000000E+05 2.20451143E-09 1.00000000E-40 1.00000000E-40 1.00000000E-40 1.00000000E-40 1.00000000E-40 1.00000000E-40 1.00000000E-40 1.00000000E-40 1.00000000E-40 9.93287185E-08 4.25136384E-04 4.43186653E-11 1.53826373E-11 9.74275295E-06 1.00000000E-40 1.00000000E-40 1.00000000E-40 1.90461110E-16 1.51245640E-17 3.70105558E-36 3.93513816E-34 1.00000000E-40 1.00000000E-40 4.32595653E-19 4.03039103E-11 1.00000000E-40 1.84250929E-24 1.52421359E-23 1.00000000E-40 1.00000000E-40 1.00000000E-40 3.07463044E-06 1.00000000E-40 1.00000000E-40 1.00000000E-40 1.00000000E-40 4.32951590E-35 9.08060748E-37 1.00000000E-40 1.00000000E-40 1.00000000E-40 1.00000000E-40 2.75785670E-08 1.00000000E-40 5.17284282E-11 1.29001889E-06 2.42918876E-09 1.75178189E-19 1.03840885E-16 1.23988486E-06 2.96710407E-30 4.19392516E-19 1.00000000E-40 1.00000000E-40 1.00000000E-40 1.00000000E-40 1.00000000E-40 1.00000000E-40 1.52396400E-10 1.00000000E-40 2.25571020E-37 1.00000000E-40 3.95376368E-34 1.00000000E-40 1.00000000E-40 1.43149033E-25 1.00000000E-40 5.29003277E-36 9.12977395E-36 1.00000000E-40 1.00000000E-40 1.00000000E-40 1.00000000E-40 1.00000000E-40 1.00000000E-40 1.00000000E-40 1.00000000E-40 9.77506000E-19 1.00000000E-05 1.00000000E-05 1.00000000E-05 1.00000000E-05 1.00000000E-05 1.00000000E-05 1.00000000E-05 1.00000000E-05 1.00000000E-05 1.00000000E-05
7.04813000E+01 7.58365000E-05 4.66514228E+15 1.17741647E+02 1.00000000E+05 2.24612936E-09 1.00000000E-40 1.00000000E-40 1.00000000E-40 1.00000000E-40 1.00000000E-40 1.00000000E-40 1.00000000E-40 1.00000000E-40 1.00000000E-40 1.36412689E-07 4.54317764E-04 8.02511089E-11 1.91313985E-11 1.39108552E-05 1.00000000E-40 1.00000000E-40 1.00000000E-40 2.29884564E-16 1.98466773E-17 2.42905586E-36 5.05767467E-34 1.00000000E-40 1.00000000E-40 4.60505919E-19 5.25909571E-11 1.00000000E-40 1.09556439E-24 8.62404767E-24 1.00000000E-40 1.00000000E-40 1.00000000E-40 3.98944424E-06 1.00000000E-40 1.00000000E-40 1.00000000E-40 1.00000000E-40 2.70330081E-35 6.75939793E-37 1.00000000E-40 8.81131219E-30 1.00000000E-40 1.00000000E-40 2.89585787E-08 1.00000000E-40 5.59786289E-11 1.32231599E-06 2.53358723E-09 1.24685520E-19 8.87596080E-17 1.38460534E-06 3.15537388E-30 3.87099890E-19 1.00000000E-40 1.00000000E-40 1.00000000E-40 1.00000000E-40 1.00000000E-40 1.04414825E-28 1.55640206E-10 1.00000000E-40 1.89595363E-37 1.39157864E-36 5.64800980E-34 1.00000000E-40 1.00000000E-40 1.64917309E-25 1.00000000E-40 4.66337145E-36 8.67276546E-36 1.00000000E-40 1.00000000E-40 1.00000000E-40 1.00000000E-40 1.00000000E-40 1.00000000E-40 1.00000000E-40 4.57976130E-30 2.84244000E-18 1.00000000E-05 1.00000000E-05 1.00000000E-05 1.00000000E-05 1.00000000E-05 1.00000000E-05 1.00000000E-05 1.00000000E-05 1.00000000E-05 1.00000000E-05
7.16659000E+01 6.37763000E-05 3.92998302E+15 1.17539912E+02 1.00000000E+05 2.26222422E-09 1.00000000E-40 1.00000000E-40 1.00000000E-40 1.00000000E-40 1.00000000E-40 1.00000000E-40 1.00000000E-40 1.00000000E-40 1.00000000E-40 1.85570064E-07 4.85500679E-04 1.02762469E-10 2.23813479E-11 1.96299751E-05 1.00000000E-40 1.00000000E-40 1.00000000E-40 2.60607355E-16 2.46434825E-17 1.54216697E-36 6.01342803E-34 1.00000000E-40 1.00000000E-40 4.90725147E-19 6.84253834E-11 1.00000000E-40 1.00000000E-40 1.00000000E-40 1.00000000E-40 1.00000000E-40 1.00000000E-40 5.16325868E-06 1.00000000E-40 1.00000000E-40 1.00000000E-40 1.00000000E-40 1.77424417E-35 5.60672787E-37 1.00000000E-40 4.00641719E-40 1.00000000E-40 1.00000000E-40 1.76220183E-08 1.00000000E-40 5.70552093E-11 1.35234783E-06 2.64005423E-09 8.39939693E-20 6.66429966E-17 1.54642945E-06 3.35828901E-30 3.62215727E-19 1.00000000E-40 1.00000000E-40 1.00000000E-40 1.00000000E-40 1.00000000E-40 1.06696178E-28 1.54286499E-10 1.00000000E-40 1.78210268E-37 1.79576791E-37 7.68223865E-34 1.00000000E-40 1.00000000E-40 1.47862334E-25 1.00000000E-40 3.89928648E-36 7.54768158E-36 1.00000000E-40 1.00000000E-40 1.00000000E-40 1.00000000E-40 1.00000000E-40 1.00000000E-40 1.00000000E-40 5.57707075E-30 7.03936000E-18 1.00000000E-05 1.00000000E-05 1.00000000E-05 1.00000000E-05 1.00000000E-05 1.00000000E-05 1.00000000E-05 1.00000000E-05 1.00000000E-05 1.00000000E-05
7.28505000E+01 5.36414000E-05 3.31323219E+15 1.17264066E+02 1.00000000E+05 2.25115189E-09 1.00000000E-40 1.00000000E-40 1.00000000E-40 1.00000000E-40 1.00000000E-40 1.00000000E-40 1.00000000E-40 1.00000000E-40 1.00000000E-40 2.50076284E-07 5.18590509E-04 1.24732557E-10 2.59875929E-11 2.73437106E-05 1.00000000E-40 1.00000000E-40 1.00000000E-40 2.92979361E-16 2.92086413E-17 1.02010986E-36 7.34156926E-34 1.00000000E-40 1.00000000E-40 5.22640153E-19 8.89025535E-11 1.00000000E-40 1.00000000E-40 1.00000000E-40 1.00000000E-40 1.00000000E-40 1.00000000E-40 6.65608971E-06 1.00000000E-40 1.00000000E-40 1.00000000E-40 5.87862847E-12 1.32505588E-35 5.24550482E-37 1.00000000E-40 4.90846218E-40 1.00000000E-40 1.00000000E-40 1.00000000E-40 1.00000000E-40 5.70040277E-11 1.37891502E-06 2.74742620E-09 5.48469870E-20 4.21552444E-17 1.72668467E-06 3.57447631E-30 3.39727387E-19 1.00000000E-40 1.00000000E-40 1.00000000E-40 1.00000000E-40 1.00000000E-40 9.63855954E-29 1.50254205E-10 1.00000000E-40 1.76149675E-37 3.34752845E-36 1.15256192E-33 1.00000000E-40 1.00000000E-40 1.33133857E-25 1.00000000E-40 3.21171563E-36 6.35898019E-36 1.00000000E-40 1.00000000E-40 1.00000000E-40 1.00000000E-40 1.00000000E-40 1.00000000E-40 1.00000000E-40 4.65893728E-30 1.51963000E-17 1.00000000E-05 1.00000000E-05 1.00000000E-05 1.00000000E-05 1.00000000E-05 1.00000000E-05 1.00000000E-05 1.00000000E-05 1.00000000E-05 1.00000000E-05
7.40350000E+01 4.51234000E-05 2.79462379E+15 1.16948642E+02 1.00000000E+05 2.20862014E-09 1.00000000E-40 1.00000000E-40 1.00000000E-40 1.00000000E-40 1.00000000E-40 1.00000000E-40 1.00000000E-40 1.00000000E-40 1.00000000E-40 3.33313337E-07 5.53611087E-04 1.44994394E-10 2.97103086E-11 3.76340715E-05 1.00000000E-40 6.24366463E-05 1.00000000E-40 3.20405450E-16 3.31420671E-17 7.83379886E-37 1.18201363E-33 1.00000000E-40 6.66496237E-27 5.56630950E-19 1.15372688E-10 1.00000000E-40 1.00000000E-40 1.00000000E-40 1.00000000E-40 1.00000000E-40 1.00000000E-40 8.48950518E-06 1.00000000E-40 1.00000000E-40 1.00000000E-40 1.33033520E-11 1.16489729E-35 5.37616482E-37 1.00000000E-40 6.20262125E-40 1.00000000E-40 1.00000000E-40 1.00000000E-40 1.00000000E-40 5.53669246E-11 1.40110276E-06 2.85446227E-09 3.56230818E-20 1.00000000E-40 1.92694214E-06 3.80328113E-30 3.16253256E-19 1.00000000E-40 1.09188976E-31 1.00000000E-40 1.00000000E-40 1.00000000E-40 8.25662719E-29 1.44899006E-10 1.00000000E-40 1.45165742E-37 3.20807225E-36 1.84107303E-33 1.00000000E-40 1.00000000E-40 1.21853721E-25 1.00000000E-40 2.78264508E-36 5.21041488E-36 1.77860433E-36 1.00000000E-40 1.00000000E-40 1.18595187E-35 9.87881792E-32 1.00000000E-40 1.00000000E-40 2.86121687E-30 2.97862000E-17 1.00000000E-05 1.00000000E-05 1.00000000E-05 1.00000000E-05 1.00000000E-05 1.00000000E-05 1.00000000E-05 1.00000000E-05 1.00000000E-05 1.00000000E-05
7.52196000E+01 3.79635000E-05 2.35773502E+15 1.16624009E+02 1.00000000E+05 2.13199559E-09 1.00000000E-40 1.00000000E-40 1.00000000E-40 1.00000000E-40 1.00000000E-40 1.00000000E-40 1.00000000E-40 1.00000000E-40 1.00000000E-40 4.38977019E-07 5.90676208E-04 1.64219662E-10 3.36137466E-11 5.12190387E-05 1.41850124E-05 2.09979902E-04 1.00000000E-40 3.43172499E-16 3.61263746E-17 7.34870577E-37 1.70198937E-33 1.00000000E-40 5.49669091E-27 5.92617817E-19 1.49447172E-10 1.00000000E-40 1.00000000E-40 1.00000000E-40 1.00000000E-40 1.00000000E-40 1.00000000E-40 1.06858956E-05 1.00000000E-40 1.00000000E-40 1.00000000E-40 1.97166904E-11 1.14869676E-35 5.75179329E-37 1.00000000E-40 2.36450507E-28 1.00000000E-40 1.00000000E-40 1.00000000E-40 1.00000000E-40 5.21611087E-11 1.41823558E-06 2.96043038E-09 2.38214499E-20 1.00000000E-40 2.14891892E-06 4.04474329E-30 2.90355642E-19 1.00000000E-40 1.00000000E-40 1.00000000E-40 1.00000000E-40 1.00000000E-40 6.87120488E-29 1.39926825E-10 1.00000000E-40 1.05208113E-37 1.00000000E-40 2.81102921E-33 1.00000000E-40 1.00000000E-40 1.13838337E-25 1.00000000E-40 2.70211172E-36 4.31938078E-36 1.00000000E-40 1.00000000E-40 1.00000000E-40 1.00000000E-40 6.00097476E-32 1.00000000E-40 1.00000000E-40 1.33679468E-30 5.45677000E-17 1.00000000E-05 1.00000000E-05 1.00000000E-05 1.00000000E-05 1.00000000E-05 1.00000000E-05 1.00000000E-05 1.00000000E-05 1.00000000E-05 1.00000000E-05
7.64041000E+01 3.19444000E-05 1.98943417E+15 1.16300580E+02 1.00000000E+05 2.02129942E-09 1.00000000E-40 1.00000000E-40 1.00000000E-40 1.00000000E-40 1.00000000E-40 1.00000000E-40 1.00000000E-40 1.00000000E-40 1.00000000E-40 5.71056533E-07 6.29888374E-04 1.81484884E-10 3.78655738E-11 6.89664862E-05 8.66228809E-05 3.96098942E-04 1.00000000E-40 3.60702300E-16 3.79716359E-17 7.96150055E-37 2.47474422E-33 1.00000000E-40 1.00000000E-40 6.30558563E-19 1.92878178E-10 1.00000000E-40 1.00000000E-40 1.00000000E-40 1.00000000E-40 1.00000000E-40 1.00000000E-40 1.32454403E-05 1.00000000E-40 1.00000000E-40 1.00000000E-40 2.44986909E-11 1.18152263E-35 6.17435217E-37 1.00000000E-40 1.00000000E-40 1.00000000E-40 1.00000000E-40 1.00000000E-40 1.00000000E-40 4.77364219E-11 1.42963992E-06 3.06428392E-09 1.69282366E-20 1.00000000E-40 2.39420383E-06 4.29865214E-30 2.60918168E-19 1.00000000E-40 1.00000000E-40 1.00000000E-40 1.00000000E-40 1.00000000E-40 5.26122399E-29 1.36028953E-10 1.00000000E-40 1.00000000E-40 1.00000000E-40 4.33321863E-33 1.00000000E-40 1.00000000E-40 1.07236851E-25 1.00000000E-40 2.97049144E-36 3.36824766E-36 1.00000000E-40 1.00000000E-40 1.00000000E-40 1.00000000E-40 1.00000000E-40 1.00000000E-40 1.00000000E-40 3.91108444E-33 9.51353000E-17 1.00000000E-05 1.00000000E-05 1.00000000E-05 1.00000000E-05 1.00000000E-05 1.00000000E-05 1.00000000E-05 1.00000000E-05 1.00000000E-05 1.00000000E-05
7.75887000E+01 2.68838000E-05 1.67892099E+15 1.15978400E+02 1.00000000E+05 1.87978959E-09 1.00000000E-40 1.00000000E-40 1.00000000E-40 1.00000000E-40 1.00000000E-40 1.00000000E-40 1.00000000E-40 1.00000000E-40 1.00000000E-40 7.33680350E-07 6.71332255E-04 1.96601863E-10 4.27312411E-11 9.19426718E-05 1.75910652E-04 6.25761705E-04 1.00000000E-40 3.75156920E-16 3.86684683E-17 9.17321298E-37 3.62391234E-33 1.00000000E-40 3.76755290E-27 6.70423518E-19 2.47452050E-10 1.00000000E-40 1.00000000E-40 1.00000000E-40 1.00000000E-40 1.00000000E-40 1.00000000E-40 1.61564930E-05 1.00000000E-40 1.00000000E-40 1.00000000E-40 2.65807917E-11 1.20619994E-35 6.55662719E-37 1.00000000E-40 1.47755132E-39 1.00000000E-40 1.00000000E-40 1.00000000E-40 1.00000000E-40 4.24881516E-11 1.43471316E-06 3.16460014E-09 1.29054164E-20 1.00000000E-40 2.66417373E-06 4.56451110E-30 2.27540749E-19 1.00000000E-40 1.00000000E-40 1.00000000E-40 1.00000000E-40 1.00000000E-40 3.74113444E-29 1.34104093E-10 1.00000000E-40 5.82584026E-38 1.00000000E-40 6.74641727E-33 1.00000000E-40 1.00000000E-40 1.01980988E-25 1.00000000E-40 3.55057972E-36 2.76243809E-36 1.00000000E-40 1.00000000E-40 1.00000000E-40 1.00000000E-40 2.29664780E-32 1.00000000E-40 1.00000000E-40 1.00000000E-40 1.59618000E-16 1.00000000E-05 1.00000000E-05 1.00000000E-05 1.00000000E-05 1.00000000E-05 1.00000000E-05 1.00000000E-05 1.00000000E-05 1.00000000E-05 1.00000000E-05
7.87733000E+01 2.26285000E-05 1.41711950E+15 1.15655425E+02 1.00000000E+05 1.71352479E-09 1.00000000E-40 1.00000000E-40 1.00000000E-40 1.00000000E-40 1.00000000E-40 1.00000000E-40 1.00000000E-40 1.00000000E-40 1.00000000E-40 9.30959735E-07 7.15046283E-04 2.09574232E-10 4.82921297E-11 1.21485975E-04 2.84601917E-04 9.06325389E-04 1.00000000E-40 3.88345100E-16 3.82955734E-17 1.06903987E-36 5.36108736E-33 1.00000000E-40 1.00000000E-40 7.12140743E-19 3.14892736E-10 1.00000000E-40 1.00000000E-40 1.00000000E-40 1.00000000E-40 1.00000000E-40 1.00000000E-40 1.94298558E-05 1.00000000E-40 1.00000000E-40 1.00000000E-40 2.44011757E-11 1.18760092E-35 6.29468336E-37 1.00000000E-40 1.00000000E-40 1.00000000E-40 1.00000000E-40 1.00000000E-40 1.00000000E-40 3.67430380E-11 1.43295569E-06 3.25952913E-09 1.03713732E-20 1.00000000E-40 2.95983707E-06 4.84148984E-30 1.91168648E-19 1.00000000E-40 1.00000000E-40 1.00000000E-40 1.00000000E-40 1.00000000E-40 2.79071783E-29 1.34793603E-10 1.00000000E-40 1.00000000E-40 1.00000000E-40 1.05907483E-32 1.00000000E-40 1.00000000E-40 9.69928052E-26 1.00000000E-40 4.41847809E-36 1.00000000E-40 1.00000000E-40 1.00000000E-40 1.00000000E-40 1.00000000E-40 1.00000000E-40 1.00000000E-40 1.00000000E-40 1.00000000E-40 2.59614000E-16 1.00000000E-05 1.00000000E-05 1.00000000E-05 1.00000000E-05 1.00000000E-05 1.00000000E-05 1.00000000E-05 1.00000000E-05 1.00000000E-05 1.00000000E-05
7.99578000E+01 1.90500000E-05 1.19626061E+15 1.15341579E+02 1.00000000E+05 1.53093111E-09 1.00000000E-40 1.00000000E-40 1.00000000E-40 1.00000000E-40 1.00000000E-40 1.00000000E-40 1.00000000E-40 1.00000000E-40 1.00000000E-40 1.16699672E-06 7.61129670E-04 2.19105283E-10 5.46598800E-11 1.59057450E-04 4.15068498E-04 1.24489945E-03 1.00000000E-40 3.99305103E-16 3.69928957E-17 1.23083038E-36 8.00520166E-33 1.94842795E-31 7.43719397E-28 7.55676951E-19 3.96152596E-10 1.00000000E-40 1.00000000E-40 1.00000000E-40 1.00000000E-40 1.00000000E-40 1.00000000E-40 2.29691360E-05 1.00000000E-40 1.20418603E-34 7.06642468E-38 1.57648569E-11 1.10765293E-35 5.74047020E-37 1.00000000E-40 2.92085871E-39 1.00000000E-40 1.00000000E-40 1.00000000E-40 1.00000000E-40 3.10423988E-11 1.42423308E-06 3.34767596E-09 8.57652059E-21 1.00000000E-40 3.28226953E-06 5.12902016E-30 1.53446443E-19 1.00000000E-40 1.00000000E-40 1.00000000E-40 1.00000000E-40 1.00000000E-40 2.31796731E-29 1.28553841E-10 7.15005539E-35 1.00000000E-40 1.00000000E-40 1.67095435E-32 1.00000000E-40 1.00000000E-40 9.17541492E-26 1.00000000E-40 5.58522640E-36 1.00000000E-40 1.00000000E-40 1.00000000E-40 1.00000000E-40 1.00000000E-40 9.36005037E-36 1.00000000E-40 1.00000000E-40 1.00000000E-40 4.11433000E-16 1.00000000E-05 1.00000000E-05 1.00000000E-05 1.00000000E-05 1.00000000E-05 1.00000000E-05 1.00000000E-05 1.00000000E-05 1.00000000E-05 1.00000000E-05
8.11424000E+01 1.60403000E-05 1.00991529E+15 1.15038777E+02 1.00000000E+05 1.34112827E-09 1.00000000E-40 1.00000000E-40 1.00000000E-40 1.00000000E-40 1.00000000E-40 1.00000000E-40 1.00000000E-40 1.00000000E-40 1.00000000E-40 1.44564300E-06 8.09615181E-04 2.26926541E-10 6.17336333E-11 2.06575238E-04 5.70358504E-04 1.65052339E-03 1.00000000E-40 4.10043114E-16 3.49283414E-17 1.38311924E-36 1.20222222E-32 2.28446663E-31 1.00000000E-40 8.00904842E-19 4.91713506E-10 1.00000000E-40 1.00000000E-40 1.00000000E-40 1.00000000E-40 1.00000000E-40 1.00000000E-40 2.67784384E-05 1.00000000E-40 1.49478916E-34 8.73809715E-38 1.00000000E-40 7.18053760E-36 1.00000000E-40 1.00000000E-40 1.00000000E-40 1.00000000E-40 1.00000000E-40 1.00000000E-40 1.00000000E-40 2.55364278E-11 1.40850913E-06 3.42745233E-09 7.16498865E-21 1.00000000E-40 3.63195850E-06 5.42584670E-30 1.16852689E-19 1.00000000E-40 1.00000000E-40 1.00000000E-40 1.00000000E-40 1.00000000E-40 2.10134612E-29 1.24609938E-10 9.65469443E-35 1.00000000E-40 1.00000000E-40 2.63919143E-32 1.00000000E-40 1.00000000E-40 8.58677913E-26 1.00000000E-40 7.09196839E-36 1.00000000E-40 1.00000000E-40 1.00000000E-40 1.00000000E-40 1.00000000E-40 1.00000000E-40 1.00000000E-40 1.00000000E-40 1.00000000E-40 6.37682000E-16 1.00000000E-05 1.00000000E-05 1.00000000E-05 1.00000000E-05 1.00000000E-05 1.00000000E-05 1.00000000E-05 1.00000000E-05 1.00000000E-05 1.00000000E-05
8.23269000E+01 1.35086000E-05 8.52676221E+14 1.14747414E+02 1.00000000E+05 1.15294934E-09 1.00000000E-40 1.00000000E-40 1.00000000E-40 1.00000000E-40 1.00000000E-40 1.00000000E-40 1.00000000E-40 1.00000000E-40 1.00000000E-40 1.77051776E-06 8.60525276E-04 2.32354586E-10 6.95709643E-11 2.66033611E-04 7.54665566E-04 2.13433081E-03 1.00000000E-40 4.19147774E-16 3.22788808E-17 1.50481657E-36 1.80859995E-32 3.99214418E-31 1.73835276E-27 8.47659252E-19 5.99332360E-10 1.00000000E-40 1.00000000E-40 1.00000000E-40 1.00000000E-40 1.00000000E-40 1.00000000E-40 2.77762396E-05 1.00000000E-40 1.78571462E-34 9.58032191E-38 1.00000000E-40 1.00000000E-40 7.37078341E-37 1.00000000E-40 1.00000000E-40 1.53543200E-12 1.00000000E-40 1.00000000E-40 1.00000000E-40 2.05633682E-11 1.38598351E-06 3.49736910E-09 5.99918749E-21 1.00000000E-40 4.00908480E-06 5.73042580E-30 8.40310483E-20 1.00000000E-40 1.00000000E-40 1.00000000E-40 1.00000000E-40 1.00000000E-40 2.01404989E-29 1.23120484E-10 1.24425196E-34 1.00000000E-40 1.00000000E-40 4.15637079E-32 1.00000000E-40 1.00000000E-40 7.92958701E-26 1.00000000E-40 8.98911558E-36 8.55960834E-37 1.00000000E-40 1.00000000E-40 1.00000000E-40 1.00000000E-40 1.00000000E-40 1.00000000E-40 1.00000000E-40 1.00000000E-40 9.69147000E-16 1.00000000E-05 1.00000000E-05 1.00000000E-05 1.00000000E-05 1.00000000E-05 1.00000000E-05 1.00000000E-05 1.00000000E-05 1.00000000E-05 1.00000000E-05
8.35115000E+01 1.13788000E-05 7.20009264E+14 1.14465628E+02 1.00000000E+05 9.73763559E-10 1.00000000E-40 1.00000000E-40 1.00000000E-40 1.00000000E-40 1.00000000E-40 1.00000000E-40 1.00000000E-40 1.00000000E-40 1.00000000E-40 2.14492519E-06 9.13849055E-04 2.35666899E-10 7.80268369E-11 3.39886878E-04 9.72151812E-04 2.70752934E-03 1.00000000E-40 4.25885834E-16 2.92221572E-17 1.57541280E-36 2.71473943E-32 5.84213263E-31 1.47885213E-27 8.95688685E-19 7.16637043E-10 1.00000000E-40 1.00000000E-40 1.00000000E-40 1.00000000E-40 1.00000000E-40 1.00000000E-40 2.70984344E-05 1.00000000E-40 2.09887742E-34 1.33932163E-37 1.00000000E-40 1.00000000E-40 7.46190885E-37 1.00000000E-40 1.00000000E-40 3.89072413E-12 6.10540713E-13 1.00000000E-40 1.00000000E-40 1.62453893E-11 1.35701654E-06 3.55582678E-09 5.01338733E-21 1.00000000E-40 4.41329561E-06 6.04057174E-30 5.73219856E-20 6.15637901E-32 4.15888218E-36 1.00000000E-40 1.00000000E-40 1.00000000E-40 1.69321962E-29 1.23503160E-10 1.77781456E-34 1.00000000E-40 1.00000000E-40 6.50240233E-32 1.00000000E-40 1.00000000E-40 7.21759874E-26 1.00000000E-40 1.13008657E-35 7.61091303E-37 1.00000000E-40 1.00000000E-40 1.00000000E-40 1.00000000E-40 1.00000000E-40 1.00000000E-40 1.00000000E-40 1.00000000E-40 1.44684000E-15 1.00000000E-05 1.00000000E-05 1.00000000E-05 1.00000000E-05 1.00000000E-05 1.00000000E-05 1.00000000E-05 1.00000000E-05 1.00000000E-05 1.00000000E-05
8.46961000E+01 9.58692000E-06 6.08076600E+14 1.14192487E+02 1.00000000E+05 8.08993382E-10 1.00000000E-40 1.00000000E-40 1.00000000E-40 1.00000000E-40 1.00000000E-40 1.00000000E-40 1.00000000E-40 1.00000000E-40 1.00000000E-40 2.57193802E-06 9.69581280E-04 2.38234309E-10 8.70108418E-11 4.31126653E-04 1.23086864E-03 3.38970584E-03 1.00000000E-40 4.30797732E-16 2.59360063E-17 8.85983448E-37 4.05238799E-32 8.41084073E-31 1.26350160E-27 9.44678932E-19 8.41389588E-10 1.00000000E-40 1.00000000E-40 1.00000000E-40 1.00000000E-40 1.00000000E-40 1.00000000E-40 2.50830889E-05 1.00000000E-40 3.03826010E-34 1.65696840E-37 1.00000000E-40 1.00000000E-40 7.47127849E-37 1.00000000E-40 1.23827215E-38 5.67132574E-12 8.75091625E-13 1.00000000E-40 1.00000000E-40 1.25318699E-11 1.32212465E-06 3.60149041E-09 4.17549512E-21 1.00000000E-40 4.84359982E-06 6.35357600E-30 3.89391646E-20 5.72659030E-32 2.67880893E-36 1.00000000E-40 1.00000000E-40 1.00000000E-40 1.38175161E-29 1.27371573E-10 2.41189624E-34 4.01365172E-39 1.00000000E-40 1.00713513E-31 1.00000000E-40 1.00000000E-40 6.48244213E-26 1.11065925E-27 1.38851759E-35 5.81127090E-37 1.00000000E-40 1.00000000E-40 1.00000000E-40 1.00000000E-40 1.00000000E-40 1.00000000E-40 1.00000000E-40 1.00000000E-40 2.12394000E-15 1.00000000E-05 1.00000000E-05 1.00000000E-05 1.00000000E-05 1.00000000E-05 1.00000000E-05 1.00000000E-05 1.00000000E-05 1.00000000E-05 1.00000000E-05
8.58806000E+01 8.07909000E-06 5.13601252E+14 1.13933933E+02 1.00000000E+05 6.62090261E-10 1.00000000E-40 1.00000000E-40 1.00000000E-40 1.00000000E-40 1.00000000E-40 1.00000000E-40 1.00000000E-40 1.00000000E-40 1.00000000E-40 3.05516549E-06 1.02798862E-03 2.38433054E-10 9.64040927E-11 5.42691427E-04 1.53760002E-03 4.19594498E-03 1.00000000E-40 4.31131326E-16 2.25851929E-17 1.00000000E-40 6.00168756E-32 1.13984734E-30 1.07530210E-27 9.94390121E-19 9.47023033E-10 1.00000000E-40 1.00000000E-40 1.00000000E-40 1.00000000E-40 2.77150376E-15 1.00000000E-40 2.14042659E-05 1.00000000E-40 2.55256719E-34 1.00000000E-40 1.00000000E-40 1.00000000E-40 5.34851396E-37 4.40563917E-29 1.00000000E-40 6.25463736E-12 7.87389896E-13 1.00000000E-40 1.00000000E-40 9.60082231E-12 1.28214744E-06 3.63472715E-09 3.46419170E-21 1.00000000E-40 5.29922242E-06 6.66703015E-30 2.94121521E-20 1.00000000E-40 1.00000000E-40 1.00000000E-40 1.00000000E-40 1.00000000E-40 1.11516892E-29 1.30189040E-10 1.31460549E-34 2.68668447E-39 1.00000000E-40 1.53909258E-31 1.00000000E-40 1.00000000E-40 5.22084461E-26 1.78733354E-27 1.52532556E-35 4.34316383E-37 1.00000000E-40 1.00000000E-40 1.00000000E-40 1.00000000E-40 1.00000000E-40 1.00000000E-40 1.00000000E-40 2.95244206E-32 3.06721000E-15 1.00000000E-05 1.00000000E-05 1.00000000E-05 1.00000000E-05 1.00000000E-05 1.00000000E-05 1.00000000E-05 1.00000000E-05 1.00000000E-05 1.00000000E-05
8.70652000E+01 6.81013000E-06 4.33986955E+14 1.13656805E+02 1.00000000E+05 5.34368701E-10 1.00000000E-40 1.00000000E-40 1.00000000E-40 1.00000000E-40 1.00000000E-40 1.00000000E-40 1.00000000E-40 1.00000000E-40 1.00000000E-40 3.59692629E-06 1.08902715E-03 2.37763076E-10 1.06161994E-10 6.78665506E-04 1.90128527E-03 5.14898020E-03 1.00000000E-40 4.28522508E-16 1.93075056E-17 1.00000000E-40 8.80508900E-32 1.71045826E-30 9.08415352E-28 1.04407029E-18 8.68636966E-10 1.00000000E-40 1.00000000E-40 1.00000000E-40 1.00000000E-40 2.19815697E-14 9.68897677E-15 1.65561673E-05 1.00000000E-40 3.87969954E-34 2.54498976E-37 1.00000000E-40 1.00000000E-40 1.66430696E-37 6.30501151E-29 2.81291561E-38 6.19245840E-12 6.66046390E-13 1.00000000E-40 1.00000000E-40 7.16171730E-12 1.23740371E-06 3.65355610E-09 2.85956102E-21 1.00000000E-40 5.77525910E-06 6.97457594E-30 2.88223989E-20 4.89977493E-32 1.68673986E-36 1.00000000E-40 1.00000000E-40 1.00000000E-40 8.81577419E-30 1.37749739E-10 4.41336896E-34 1.66511706E-39 1.00000000E-40 2.30607553E-31 9.59946521E-36 1.56423469E-12 3.86156181E-26 1.84506248E-27 2.57811150E-36 3.18542965E-37 1.00000000E-40 1.00000000E-40 1.00000000E-40 1.00000000E-40 1.00000000E-40 1.00000000E-40 1.00000000E-40 6.34941534E-31 4.35767000E-15 1.00000000E-05 1.00000000E-05 1.00000000E-05 1.00000000E-05 1.00000000E-05 1.00000000E-05 1.00000000E-05 1.00000000E-05 1.00000000E-05 1.00000000E-05
8.82497000E+01 5.74207000E-06 3.66769802E+14 1.13394406E+02 1.00000000E+05 4.25779539E-10 1.00000000E-40 1.00000000E-40 8.69621891E-29 1.00000000E-40 1.00000000E-40 1.00000000E-40 1.00000000E-40 1.00000000E-40 1.00000000E-40 4.20206288E-06 1.15368641E-03 2.35198425E-10 1.16174092E-10 8.42288175E-04 2.33283324E-03 6.27042162E-03 1.00000000E-40 4.21200981E-16 1.62264063E-17 1.00000000E-40 1.28007521E-31 2.41463401E-30 6.73524284E-28 1.09360250E-18 6.91790612E-10 1.00000000E-40 1.00000000E-40 1.00000000E-40 1.00000000E-40 2.32264568E-14 4.20538312E-14 1.02456172E-05 1.00000000E-40 4.57682880E-34 3.15432169E-37 1.00000000E-40 1.00000000E-40 1.00000000E-40 5.86330088E-29 1.00000000E-40 6.04947351E-12 5.39152513E-13 1.00000000E-40 1.00000000E-40 5.33469060E-12 1.18911297E-06 3.65976383E-09 2.34774499E-21 1.00000000E-40 6.26757143E-06 7.27310133E-30 3.61084896E-20 4.50782137E-32 1.47763227E-36 1.00000000E-40 1.00000000E-40 1.00000000E-40 6.86192612E-30 1.44810037E-10 5.96632658E-34 9.48294612E-40 1.00000000E-40 3.34164955E-31 1.07232457E-35 2.77566483E-12 2.80270235E-26 1.52560852E-27 1.00000000E-40 2.31472436E-37 1.00000000E-40 1.00000000E-40 1.00000000E-40 1.00000000E-40 1.00000000E-40 1.00000000E-40 1.00000000E-40 1.13462253E-30 6.09034000E-15 1.00000000E-05 1.00000000E-05 1.00000000E-05 1.00000000E-05 1.00000000E-05 1.00000000E-05 1.00000000E-05 1.00000000E-05 1.00000000E-05 1.00000000E-05
8.94343000E+01 4.84297000E-06 3.10052081E+14 1.13134183E+02 1.00000000E+05 3.35314097E-10 1.00000000E-40 1.00000000E-40 5.46470913E-29 3.79560778E-13 1.00000000E-40 1.00000000E-40 1.00000000E-40 1.00000000E-40 1.00000000E-40 4.87504568E-06 1.22297083E-03 2.32108721E-10 1.26380531E-10 1.03479362E-03 2.83661761E-03 7.57407820E-03 1.00000000E-40 4.10544950E-16 1.34239741E-17 1.00000000E-40 1.84668358E-31 3.39702538E-30 5.02692625E-28 1.14258712E-18 4.24869099E-10 1.00000000E-40 1.00000000E-40 1.00000000E-40 1.00000000E-40 1.92172614E-14 5.99182298E-14 3.08271991E-06 1.00000000E-40 6.15487983E-34 3.81343620E-37 1.00000000E-40 1.00000000E-40 1.00000000E-40 4.55182350E-29 1.00000000E-40 5.82778723E-12 4.22409465E-13 1.00000000E-40 1.00000000E-40 3.90183769E-12 1.13811131E-06 3.65394565E-09 1.91495879E-21 1.00000000E-40 6.76621305E-06 7.55607659E-30 4.95901638E-20 5.08306777E-35 1.30054090E-36 1.00000000E-40 1.00000000E-40 1.00000000E-40 5.23786623E-30 1.56292785E-10 8.09370339E-34 4.08402450E-40 1.00000000E-40 4.53206230E-31 9.07038926E-36 3.15879979E-12 2.03938778E-26 1.23841245E-27 1.00000000E-40 1.67092645E-37 1.00000000E-40 1.00000000E-40 1.00000000E-40 1.00000000E-40 1.00000000E-40 1.00000000E-40 1.00000000E-40 1.51650489E-30 8.37370000E-15 1.00000000E-05 1.00000000E-05 1.00000000E-05 1.00000000E-05 1.00000000E-05 1.00000000E-05 1.00000000E-05 1.00000000E-05 1.00000000E-05 1.00000000E-05
9.06189000E+01 4.08600000E-06 2.62180245E+14 1.12879510E+02 1.00000000E+05 2.61393083E-10 1.00000000E-40 1.00000000E-40 5.45460562E-29 1.49565027E-12 1.00000000E-40 1.00000000E-40 1.00000000E-40 1.00000000E-40 1.00000000E-40 5.62171816E-06 1.29815750E-03 2.28210022E-10 1.36737856E-10 1.20521959E-03 3.41915423E-03 9.07414596E-03 1.00000000E-40 3.96551994E-16 1.09537175E-17 1.00000000E-40 2.64961112E-31 4.78165204E-30 3.86924109E-28 1.19107210E-18 6.43659330E-11 1.65030461E-20 1.00000000E-40 1.00000000E-40 1.00000000E-40 1.53224941E-14 5.76618923E-14 1.00000000E-40 1.00000000E-40 8.52767106E-34 4.93820816E-37 1.00000000E-40 1.00000000E-40 1.00000000E-40 3.07863400E-29 1.00000000E-40 5.55296833E-12 3.23365749E-13 1.00000000E-40 1.00000000E-40 2.82689111E-12 1.08574690E-06 3.63767439E-09 1.55049722E-21 1.40654178E-18 7.26231228E-06 7.81969148E-30 6.72562296E-20 1.00000000E-40 1.00000000E-40 1.00000000E-40 1.00000000E-40 1.00000000E-40 3.93025934E-30 1.71078386E-10 1.10421186E-33 1.00000000E-40 1.00000000E-40 5.43379424E-31 6.72322505E-36 2.87476170E-12 1.55728884E-26 9.91282634E-28 1.00000000E-40 1.20696734E-37 1.00000000E-40 1.00000000E-40 1.00000000E-40 1.00000000E-40 1.00000000E-40 1.00000000E-40 1.00000000E-40 1.72051451E-30 1.13298000E-14 1.00000000E-05 1.00000000E-05 1.00000000E-05 1.00000000E-05 1.00000000E-05 1.00000000E-05 1.00000000E-05 1.00000000E-05 1.00000000E-05 1.00000000E-05
9.18034000E+01 3.44859000E-06 2.21773946E+14 1.12628359E+02 1.00000000E+05 2.02119868E-10 1.00000000E-40 1.00000000E-40 3.95801296E-29 1.88592008E-12 1.00000000E-40 1.00000000E-40 1.00000000E-40 1.00000000E-40 1.00000000E-40 6.44741959E-06 1.37949378E-03 2.23460070E-10 1.47389955E-10 1.38786956E-03 4.09208068E-03 1.07957891E-02 1.00000000E-40 3.80134267E-16 8.83135537E-18 1.00000000E-40 3.78481398E-31 6.73473608E-30 3.13054633E-28 1.23915870E-18 1.00000000E-40 4.63285898E-20 1.00000000E-40 1.00000000E-40 1.00000000E-40 1.18980034E-14 5.13889716E-14 1.00000000E-40 1.00000000E-40 1.19147558E-33 6.40006193E-37 1.00000000E-40 1.00000000E-40 1.00000000E-40 1.72822062E-29 1.00000000E-40 5.24582410E-12 2.43388768E-13 1.00000000E-40 1.00000000E-40 2.03039463E-12 1.03357277E-06 3.61077662E-09 1.24534934E-21 2.53324144E-18 7.75776608E-06 8.06431827E-30 8.69398977E-20 1.00000000E-40 1.00000000E-40 1.00000000E-40 1.00000000E-40 1.00000000E-40 2.90217676E-30 1.89672949E-10 1.50774953E-33 1.00000000E-40 1.00000000E-40 5.41497587E-31 5.11352022E-36 2.56859978E-12 1.30323363E-26 7.84220479E-28 1.00000000E-40 8.79995345E-38 1.00000000E-40 1.00000000E-40 1.00000000E-40 1.00000000E-40 1.00000000E-40 1.00000000E-40 1.00000000E-40 1.62426034E-30 1.50964000E-14 1.00000000E-05 1.00000000E-05 1.00000000E-05 1.00000000E-05 1.00000000E-05 1.00000000E-05 1.00000000E-05 1.00000000E-05 1.00000000E-05 1.00000000E-05
9.29880000E+01 2.91177000E-06 1.87327545E+14 1.12582825E+02 1.00000000E+05 1.55656173E-10 1.00000000E-40 1.00000000E-40 1.88132796E-29 1.81655435E-12 1.00000000E-40 1.00000000E-40 1.00000000E-40 1.00000000E-40 1.00000000E-40 7.35159180E-06 1.46368833E-03 2.17985514E-10 1.59152319E-10 1.58997985E-03 4.90145265E-03 1.28398346E-02 1.00000000E-40 3.63426007E-16 7.02889171E-18 1.00000000E-40 5.37119147E-31 9.43581637E-30 2.68234305E-28 1.28583054E-18 1.00000000E-40 5.96879633E-20 1.00000000E-40 1.00000000E-40 1.00000000E-40 9.06437242E-15 4.50391823E-14 1.00000000E-40 1.00000000E-40 1.62941354E-33 4.65885089E-37 1.00000000E-40 1.00000000E-40 1.00000000E-40 6.42942459E-30 1.26115436E-37 4.93489656E-12 1.80124662E-13 1.00000000E-40 1.00000000E-40 1.42963760E-12 9.82470175E-07 3.55963373E-09 9.91867711E-22 2.88502764E-18 8.27781615E-06 8.29301693E-30 1.06611786E-19 1.00000000E-40 1.00000000E-40 1.00000000E-40 1.00000000E-40 1.00000000E-40 2.11037473E-30 2.15148299E-10 1.80700487E-33 1.00000000E-40 1.00000000E-40 4.34784790E-31 5.66752608E-36 2.26012671E-12 1.19966723E-26 6.16390887E-28 1.00000000E-40 6.54155049E-38 1.00000000E-40 1.00000000E-40 1.00000000E-40 1.00000000E-40 1.00000000E-40 1.00000000E-40 1.00000000E-40 1.51005181E-30 1.98335000E-14 1.00000000E-05 1.00000000E-05 1.00000000E-05 1.00000000E-05 1.00000000E-05 1.00000000E-05 1.00000000E-05 1.00000000E-05 1.00000000E-05 1.00000000E-05
9.41725000E+01 2.45958000E-06 1.56393550E+14 1.13909208E+02 1.00000000E+05 1.20945272E-10 1.00000000E-40 1.00000000E-40 1.28866734E-29 1.61497232E-12 1.00000000E-40 1.00000000E-40 1.00000000E-40 1.00000000E-40 1.00000000E-40 8.31779389E-06 1.53977105E-03 2.12668133E-10 1.75399405E-10 1.81381044E-03 5.94451338E-03 1.54026740E-02 1.00000000E-40 3.51222445E-16 5.47923736E-18 1.00000000E-40 7.54491843E-31 1.26575650E-29 2.40252076E-28 1.32643998E-18 1.00000000E-40 5.58185499E-20 1.00000000E-40 1.00000000E-40 1.00000000E-40 6.81718505E-15 3.92463591E-14 1.00000000E-40 1.00000000E-40 1.82019964E-33 1.00000000E-40 1.00000000E-40 1.00000000E-40 1.00000000E-40 1.00000000E-40 1.00000000E-40 4.68998134E-12 1.29360933E-13 1.00000000E-40 1.00000000E-40 1.01072809E-12 9.30688432E-07 3.41832438E-09 7.85023274E-22 2.62190846E-18 8.87889185E-06 8.50061237E-30 1.23031766E-19 1.00000000E-40 1.00000000E-40 1.00000000E-40 1.00000000E-40 1.00000000E-40 1.51399843E-30 2.47447911E-10 1.00000000E-40 1.00000000E-40 1.00000000E-40 2.83417504E-31 1.22020678E-35 1.98117495E-12 1.17827629E-26 4.90863020E-28 1.00000000E-40 5.05019808E-38 1.00000000E-40 1.00000000E-40 1.00000000E-40 1.00000000E-40 1.00000000E-40 2.31573255E-15 1.00000000E-40 1.38423815E-30 2.57372000E-14 1.00000000E-05 1.00000000E-05 1.00000000E-05 1.00000000E-05 1.00000000E-05 1.00000000E-05 1.00000000E-05 1.00000000E-05 1.00000000E-05 1.00000000E-05
9.53571000E+01 2.07861000E-06 1.30264174E+14 1.15575223E+02 1.00000000E+05 9.86523600E-11 1.00000000E-40 1.00000000E-40 4.92458219E-30 1.17616753E-12 1.00000000E-40 1.00000000E-40 1.00000000E-40 1.00000000E-40 1.00000000E-40 9.27328712E-06 1.58099900E-03 2.09874896E-10 2.08128348E-10 2.08276430E-03 7.34976698E-03 1.87629817E-02 1.00000000E-40 3.55537859E-16 4.11359465E-18 1.00000000E-40 1.06237811E-30 1.90613420E-29 2.32066737E-28 1.34599400E-18 1.00000000E-40 4.65912671E-20 1.00000000E-40 1.00000000E-40 1.00000000E-40 5.08158341E-15 3.45505692E-14 1.00000000E-40 1.00000000E-40 2.96916497E-33 1.46168799E-36 1.00000000E-40 1.00000000E-40 1.00000000E-40 1.00000000E-40 2.55262241E-37 4.66672261E-12 8.72461810E-14 1.00000000E-40 1.00000000E-40 7.12869850E-13 8.69042525E-07 2.99600108E-09 6.26300261E-22 2.33660009E-18 9.58738023E-06 8.62063947E-30 1.31578750E-19 8.45378320E-35 7.97362833E-37 1.00000000E-40 1.00000000E-40 1.00000000E-40 1.07289854E-30 2.95958925E-10 3.94121689E-33 1.00000000E-40 1.00000000E-40 1.70132732E-31 4.00591569E-35 1.75698136E-12 1.14508609E-26 4.16593376E-28 1.00000000E-40 4.10104082E-38 1.00000000E-40 1.00000000E-40 1.00000000E-40 1.00000000E-40 1.00000000E-40 3.47341418E-15 1.00000000E-40 1.25096997E-30 3.30657000E-14 1.00000000E-05 1.00000000E-05 1.00000000E-05 1.00000000E-05 1.00000000E-05 1.00000000E-05 1.00000000E-05 1.00000000E-05 1.00000000E-05 1.00000000E-05
9.65417000E+01 1.75757000E-06 1.08588555E+14 1.17231762E+02 1.00000000E+05 8.19937483E-11 1.00000000E-40 1.00000000E-40 8.43539541E-31 7.86210216E-13 1.00000000E-40 1.00000000E-40 1.00000000E-40 1.00000000E-40 1.00000000E-40 1.01838111E-05 1.59278546E-03 2.10378162E-10 2.47148924E-10 2.37385282E-03 8.87783995E-03 2.24391872E-02 1.00000000E-40 3.59698482E-16 3.05627292E-18 1.00000000E-40 1.66439649E-30 3.00168391E-29 2.31256497E-28 1.34383092E-18 1.00000000E-40 3.81257825E-20 1.00000000E-40 1.00000000E-40 1.00000000E-40 3.72446702E-15 3.01535955E-14 1.00000000E-40 1.00000000E-40 4.67590479E-33 2.63628243E-36 1.00000000E-40 1.00000000E-40 1.00000000E-40 1.00000000E-40 1.00000000E-40 4.65496739E-12 5.75192882E-14 1.00000000E-40 1.00000000E-40 5.15368656E-13 7.98903440E-07 2.57818961E-09 5.12840034E-22 2.06469116E-18 1.01584634E-05 8.57461692E-30 1.34182442E-19 1.00000000E-40 1.00000000E-40 1.00000000E-40 1.00000000E-40 1.00000000E-40 7.50997997E-31 3.35236123E-10 6.78260026E-33 1.00000000E-40 1.00000000E-40 1.72743127E-31 9.78436009E-35 1.54667732E-12 1.12436714E-26 3.55419826E-28 1.00000000E-40 3.20803813E-38 1.00000000E-40 1.00000000E-40 1.00000000E-40 1.00000000E-40 1.00000000E-40 2.94165736E-15 1.00000000E-40 1.11649222E-30 4.21947000E-14 1.00000000E-05 1.00000000E-05 1.00000000E-05 1.00000000E-05 1.00000000E-05 1.00000000E-05 1.00000000E-05 1.00000000E-05 1.00000000E-05 1.00000000E-05
9.77262000E+01 1.48698000E-06 9.07250189E+13 1.18712042E+02 1.00000000E+05 6.66474373E-11 1.00000000E-40 1.00000000E-40 1.00000000E-40 5.23021433E-13 1.00000000E-40 1.00000000E-40 1.00000000E-40 1.00000000E-40 1.00000000E-40 1.11658592E-05 1.62032307E-03 2.10596498E-10 2.72343672E-10 2.71286357E-03 1.05324948E-02 2.64610520E-02 1.00000000E-40 3.51616600E-16 2.30908044E-18 1.00000000E-40 2.99604852E-30 5.28493989E-29 2.54037793E-28 1.34020267E-18 1.00000000E-40 3.11706697E-20 1.00000000E-40 1.00000000E-40 1.00000000E-40 2.69145570E-15 2.62634602E-14 1.00000000E-40 1.00000000E-40 9.69365154E-33 7.08733040E-36 1.00000000E-40 1.00000000E-40 1.00000000E-40 1.00000000E-40 7.14802086E-37 4.49464820E-12 3.91085664E-14 1.00000000E-40 1.00000000E-40 3.77336320E-13 7.38632520E-07 2.37979473E-09 4.16763834E-22 1.79820805E-18 1.06716933E-05 8.47692844E-30 1.36942263E-19 1.00000000E-40 3.07144020E-37 1.00000000E-40 1.00000000E-40 1.00000000E-40 5.18680442E-31 3.68778678E-10 1.57437232E-32 1.00000000E-40 1.00000000E-40 2.57099124E-31 2.04926040E-34 1.35940161E-12 1.13400816E-26 2.85984965E-28 1.00000000E-40 2.53769410E-38 1.00000000E-40 1.00000000E-40 1.00000000E-40 1.00000000E-40 1.00000000E-40 2.36404254E-15 1.00000000E-40 9.84129028E-31 5.37409000E-14 1.00000000E-05 1.00000000E-05 1.00000000E-05 1.00000000E-05 1.00000000E-05 1.00000000E-05 1.00000000E-05 1.00000000E-05 1.00000000E-05 1.00000000E-05
9.89108000E+01 1.25886000E-06 7.60221582E+13 1.19937214E+02 1.00000000E+05 5.30967555E-11 1.00000000E-40 1.00000000E-40 1.00000000E-40 3.47231776E-13 1.00000000E-40 1.00000000E-40 1.00000000E-40 1.00000000E-40 1.00000000E-40 1.22566112E-05 1.66170445E-03 2.10648203E-10 2.92354284E-10 3.10521710E-03 1.23813535E-02 3.09780300E-02 1.00000000E-40 3.36942449E-16 1.75011374E-18 1.00000000E-40 5.90981876E-30 1.00651197E-28 3.13348370E-28 1.32882458E-18 1.00000000E-40 2.51698280E-20 1.00000000E-40 1.00000000E-40 1.00000000E-40 1.91739331E-15 2.25710926E-14 1.00000000E-40 1.00000000E-40 2.08701936E-32 1.48528528E-35 1.00000000E-40 1.00000000E-40 1.00000000E-40 1.00000000E-40 1.35987407E-36 4.25693792E-12 2.68799481E-14 1.00000000E-40 1.00000000E-40 2.77533405E-13 6.83877096E-07 2.29741710E-09 3.34186734E-22 1.54019522E-18 1.11536532E-05 8.30441261E-30 1.37587795E-19 3.49075589E-34 2.94386027E-37 1.00000000E-40 1.00000000E-40 1.00000000E-40 3.53170036E-31 3.97000801E-10 3.66834052E-32 1.00000000E-40 1.00000000E-40 4.55604468E-31 4.24897059E-34 1.17928015E-12 1.14662931E-26 2.25958801E-28 1.00000000E-40 2.00700215E-38 1.00000000E-40 1.00000000E-40 1.00000000E-40 1.00000000E-40 1.00000000E-40 1.86463234E-15 1.00000000E-40 8.56411644E-31 6.88593000E-14 1.00000000E-05 1.00000000E-05 1.00000000E-05 1.00000000E-05 1.00000000E-05 1.00000000E-05 1.00000000E-05 1.00000000E-05 1.00000000E-05 1.00000000E-05
1.00095000E+02 1.06648000E-06 6.38963886E+13 1.20890763E+02 1.00000000E+05 4.14450685E-11 1.00000000E-40 1.00000000E-40 1.00000000E-40 2.30870107E-13 1.00000000E-40 1.00000000E-40 1.00000000E-40 1.00000000E-40 1.00000000E-40 1.34390053E-05 1.70496296E-03 2.10586181E-10 3.09761953E-10 3.56355997E-03 1.44350577E-02 3.60306060E-02 1.00000000E-40 3.18014002E-16 1.31778238E-18 5.94257499E-36 1.21699247E-29 1.97553341E-28 4.44295426E-28 1.30357651E-18 1.00000000E-40 1.99684429E-20 1.00000000E-40 1.00000000E-40 1.00000000E-40 1.34253668E-15 1.90621409E-14 1.00000000E-40 1.00000000E-40 4.41371658E-32 3.41967910E-36 1.00000000E-40 1.00000000E-40 1.00000000E-40 1.00000000E-40 2.66279146E-36 3.97008488E-12 1.83777902E-14 1.00000000E-40 1.00000000E-40 2.05182760E-13 6.31714298E-07 2.27833452E-09 2.64564516E-22 1.29828037E-18 1.15950612E-05 8.02765058E-30 1.35052539E-19 1.00000000E-40 2.69043927E-37 1.00000000E-40 1.00000000E-40 1.00000000E-40 2.36749314E-31 4.20594303E-10 5.92384252E-32 1.00000000E-40 1.00000000E-40 8.79783144E-31 8.58926508E-34 1.00549805E-12 1.14611006E-26 1.76816660E-28 1.00000000E-40 1.68146099E-38 1.00000000E-40 1.00000000E-40 1.00000000E-40 1.00000000E-40 2.09028888E-35 1.44631388E-15 1.00000000E-40 7.35253087E-31 8.99078000E-14 1.00000000E-05 1.00000000E-05 1.00000000E-05 1.00000000E-05 1.00000000E-05 1.00000000E-05 1.00000000E-05 1.00000000E-05 1.00000000E-05 1.00000000E-05
1.01280000E+02 9.04203000E-07 5.38637757E+13 1.21586643E+02 1.00000000E+05 3.16345757E-11 1.00000000E-40 1.00000000E-40 1.00000000E-40 1.54116973E-13 1.00000000E-40 1.00000000E-40 1.00000000E-40 1.00000000E-40 1.00000000E-40 1.46940633E-05 1.74390994E-03 2.09274259E-10 3.24387644E-10 4.11200998E-03 1.66716735E-02 4.16034209E-02 1.00000000E-40 2.95030673E-16 9.81050993E-19 4.22701854E-35 2.51152065E-29 3.83265190E-28 6.35604859E-28 1.26118554E-18 1.00000000E-40 1.55099154E-20 1.00000000E-40 1.00000000E-40 1.00000000E-40 9.21158856E-16 1.57660118E-14 1.00000000E-40 1.00000000E-40 8.90486127E-32 1.00000000E-40 1.00000000E-40 1.00000000E-40 1.00000000E-40 1.00000000E-40 3.58902096E-36 3.64096280E-12 1.24221520E-14 1.00000000E-40 1.00000000E-40 1.54996504E-13 5.81481546E-07 2.30495067E-09 2.06744014E-22 1.07593606E-18 1.19819347E-05 7.63065714E-30 1.29474275E-19 1.03596747E-33 2.35608836E-37 1.00000000E-40 1.00000000E-40 1.00000000E-40 1.55929794E-31 4.38962944E-10 1.33558299E-32 1.00000000E-40 1.00000000E-40 1.76135656E-30 1.64310574E-33 8.40488228E-13 1.13066796E-26 1.37159719E-28 1.00000000E-40 1.47467865E-38 1.00000000E-40 1.00000000E-40 1.00000000E-40 1.00000000E-40 4.48310791E-35 1.10382645E-15 1.00000000E-40 6.21475118E-31 1.21736000E-13 1.00000000E-05 1.00000000E-05 1.00000000E-05 1.00000000E-05 1.00000000E-05 1.00000000E-05 1.00000000E-05 1.00000000E-05 1.00000000E-05 1.00000000E-05
1.02464000E+02 7.67278000E-07 4.55062985E+13 1.22123137E+02 1.00000000E+05 2.35281320E-11 1.00000000E-40 1.00000000E-40 1.00000000E-40 1.03161419E-13 1.00000000E-40 1.00000000E-40 1.00000000E-40 1.00000000E-40 1.00000000E-40 1.60275506E-05 1.77750626E-03 2.08643935E-10 3.36637087E-10 4.78613953E-03 1.91000892E-02 4.77582317E-02 1.00000000E-40 2.69632753E-16 7.20489005E-19 1.12611694E-34 5.02281719E-29 7.11425274E-28 9.73607708E-28 1.20072756E-18 1.00000000E-40 1.17658767E-20 1.00000000E-40 1.00000000E-40 1.00000000E-40 6.16472428E-16 1.27291674E-14 1.00000000E-40 1.00000000E-40 1.66898354E-31 1.00000000E-40 1.00000000E-40 1.00000000E-40 1.00000000E-40 1.00000000E-40 1.00000000E-40 3.28021422E-12 8.26680147E-15 1.00000000E-40 1.00000000E-40 1.24548694E-13 5.33423466E-07 2.37446205E-09 1.59849009E-22 8.78540463E-19 1.23091791E-05 7.11191251E-30 1.21476168E-19 1.69496357E-33 1.98166495E-37 1.00000000E-40 1.00000000E-40 1.00000000E-40 1.00389720E-31 4.53492610E-10 1.00000000E-40 1.00000000E-40 1.00000000E-40 3.52136308E-30 2.90679591E-33 6.85395619E-13 1.10569916E-26 1.05837146E-28 1.00000000E-40 1.36925416E-38 1.00000000E-40 1.00000000E-40 1.00000000E-40 1.00000000E-40 6.01670011E-35 8.27555887E-16 1.00000000E-40 5.16325167E-31 1.73767000E-13 1.00000000E-05 1.00000000E-05 1.00000000E-05 1.00000000E-05 1.00000000E-05 1.00000000E-05 1.00000000E-05 1.00000000E-05 1.00000000E-05 1.00000000E-05
1.03649000E+02 6.51701000E-07 3.85451632E+13 1.22460271E+02 1.00000000E+05 1.70412366E-11 1.00000000E-40 1.00000000E-40 1.00000000E-40 6.76901535E-14 1.00000000E-40 1.00000000E-40 1.00000000E-40 1.00000000E-40 1.00000000E-40 1.74297103E-05 1.80387772E-03 2.07828832E-10 3.46150707E-10 5.60172908E-03 2.16676081E-02 5.44083561E-02 1.00000000E-40 2.42012232E-16 5.20510549E-19 2.13588139E-34 9.49917406E-29 1.23504685E-27 1.52928890E-27 1.12155095E-18 1.00000000E-40 8.69041265E-21 1.00000000E-40 1.00000000E-40 1.00000000E-40 4.00615990E-16 9.99201649E-15 1.00000000E-40 1.00000000E-40 2.86810440E-31 1.00000000E-40 1.00000000E-40 1.00000000E-40 1.00000000E-40 1.00000000E-40 1.00000000E-40 2.89661857E-12 5.39609527E-15 1.00000000E-40 1.00000000E-40 9.82058983E-14 4.87448458E-07 2.48920150E-09 1.22498835E-22 7.05923583E-19 1.25630923E-05 6.47462920E-30 1.11499936E-19 2.61965356E-33 1.59975263E-37 1.00000000E-40 1.00000000E-40 1.00000000E-40 6.28935657E-32 4.63365411E-10 1.00000000E-40 1.00000000E-40 1.00000000E-40 6.81983596E-30 4.69000006E-33 5.43619806E-13 1.07556853E-26 8.17507877E-29 1.00000000E-40 1.31136820E-38 1.00000000E-40 1.00000000E-40 1.00000000E-40 1.00000000E-40 7.97446789E-35 6.08143584E-16 1.00000000E-40 4.20045387E-31 2.62761000E-13 1.00000000E-05 1.00000000E-05 1.00000000E-05 1.00000000E-05 1.00000000E-05 1.00000000E-05 1.00000000E-05 1.00000000E-05 1.00000000E-05 1.00000000E-05
1.04834000E+02 5.54103000E-07 3.27214782E+13 1.22651907E+02 1.00000000E+05 1.19214570E-11 1.00000000E-40 1.00000000E-40 1.00000000E-40 4.32276587E-14 1.00000000E-40 1.00000000E-40 1.00000000E-40 1.00000000E-40 1.00000000E-40 1.88981235E-05 1.82267008E-03 2.07464102E-10 3.52674526E-10 6.58520794E-03 2.43547442E-02 6.15457994E-02 1.00000000E-40 2.13374148E-16 3.69351683E-19 3.61181000E-34 1.67412706E-28 1.97883449E-27 2.32977426E-27 1.02533020E-18 1.00000000E-40 6.25587415E-21 1.00000000E-40 1.00000000E-40 1.00000000E-40 2.51708849E-16 7.60847289E-15 8.75589572E-06 1.00000000E-40 4.49072420E-31 1.00000000E-40 1.00000000E-40 1.00000000E-40 1.00000000E-40 1.00000000E-40 1.00000000E-40 2.50320662E-12 3.44310034E-15 1.00000000E-40 1.00000000E-40 7.57832282E-14 4.43759426E-07 2.66054815E-09 9.33114418E-23 5.57854298E-19 1.27370740E-05 5.73886144E-30 1.00182154E-19 3.78498526E-33 1.23759296E-37 1.00000000E-40 1.00000000E-40 1.00000000E-40 3.81345821E-32 4.69200944E-10 1.00000000E-40 1.00000000E-40 1.00000000E-40 1.25379070E-29 6.85204050E-33 4.18120594E-13 1.04466559E-26 6.39003266E-29 1.00000000E-40 1.26234127E-38 1.00000000E-40 1.00000000E-40 1.00000000E-40 1.00000000E-40 9.92554321E-35 4.36453825E-16 1.00000000E-40 3.33475978E-31 4.15812000E-13 1.00000000E-05 1.00000000E-05 1.00000000E-05 1.00000000E-05 1.00000000E-05 1.00000000E-05 1.00000000E-05 1.00000000E-05 1.00000000E-05 1.00000000E-05
1.06018000E+02 4.71639000E-07 2.78392371E+13 1.22706932E+02 1.00000000E+05 7.95607321E-12 1.00000000E-40 1.00000000E-40 1.00000000E-40 2.66496754E-14 1.00000000E-40 1.00000000E-40 1.00000000E-40 1.00000000E-40 1.00000000E-40 2.04220922E-05 1.83352741E-03 2.07301906E-10 3.55572393E-10 7.76515151E-03 2.71233955E-02 6.91247425E-02 1.00000000E-40 1.84702372E-16 2.57262632E-19 5.70470895E-34 2.72931705E-28 2.90712205E-27 3.32873673E-27 9.15481788E-19 1.00000000E-40 4.40736213E-21 1.00000000E-40 1.00000000E-40 1.00000000E-40 1.52409922E-16 5.61543755E-15 2.69872275E-05 1.00000000E-40 6.40954842E-31 1.00000000E-40 1.00000000E-40 1.00000000E-40 1.00000000E-40 1.00000000E-40 1.90125953E-35 2.11424047E-12 2.14185549E-15 1.00000000E-40 1.00000000E-40 5.72840616E-14 4.02472183E-07 2.90858578E-09 7.08549940E-23 4.32618191E-19 1.28239878E-05 4.93735906E-30 8.80645168E-20 1.00000000E-40 1.00000000E-40 1.00000000E-40 1.00000000E-40 1.00000000E-40 2.22971648E-32 4.71116761E-10 1.00000000E-40 1.00000000E-40 1.00000000E-40 2.16131927E-29 9.04658937E-33 3.11562842E-13 1.01466773E-26 5.12727981E-29 1.00000000E-40 1.29172120E-38 1.00000000E-40 1.00000000E-40 1.00000000E-40 1.00000000E-40 1.12757201E-34 3.04714187E-16 1.00000000E-40 2.57585745E-31 6.72942000E-13 1.00000000E-05 1.00000000E-05 1.00000000E-05 1.00000000E-05 1.00000000E-05 1.00000000E-05 1.00000000E-05 1.00000000E-05 1.00000000E-05 1.00000000E-05
1.07203000E+02 4.01911000E-07 2.37420768E+13 1.22610568E+02 1.00000000E+05 4.96467615E-12 1.00000000E-40 1.00000000E-40 1.00000000E-40 1.56505871E-14 1.00000000E-40 1.00000000E-40 1.00000000E-40 1.00000000E-40 1.00000000E-40 2.19678483E-05 1.83529111E-03 2.05783697E-10 3.53350045E-10 9.15919985E-03 2.98771886E-02 7.69629312E-02 7.54815241E-02 1.56647585E-16 1.75975425E-19 8.39704258E-34 4.10864058E-28 3.92238237E-27 4.44526282E-27 7.97125129E-19 1.00000000E-40 3.06494560E-21 1.00000000E-40 1.00000000E-40 1.00000000E-40 8.88041786E-17 4.02039325E-15 4.61649607E-05 1.00000000E-40 8.42735345E-31 1.00000000E-40 1.00000000E-40 1.00000000E-40 1.00000000E-40 1.00000000E-40 4.35590740E-35 1.74279819E-12 1.29771879E-15 1.00000000E-40 1.00000000E-40 4.21854092E-14 3.63681004E-07 3.26829151E-09 5.37518772E-23 3.27439062E-19 1.28152146E-05 4.11388828E-30 7.56545462E-20 1.88905045E-32 1.10144414E-37 1.00000000E-40 1.00000000E-40 1.00000000E-40 1.26591771E-32 4.68116959E-10 1.00000000E-40 1.00000000E-40 1.00000000E-40 3.47329798E-29 1.08208327E-32 2.25282693E-13 9.85663702E-27 4.27674098E-29 1.00000000E-40 1.31594487E-38 1.00000000E-40 1.00000000E-40 1.00000000E-40 1.00000000E-40 1.16587729E-34 2.05910635E-16 1.00000000E-40 1.94063584E-31 1.08875000E-12 1.00000000E-05 1.00000000E-05 1.00000000E-05 1.00000000E-05 1.00000000E-05 1.00000000E-05 1.00000000E-05 1.00000000E-05 1.00000000E-05 1.00000000E-05
1.08387000E+02 3.42899000E-07 2.02936825E+13 1.22383276E+02 1.00000000E+05 2.78222806E-12 1.00000000E-40 1.00000000E-40 1.00000000E-40 8.58255167E-15 1.00000000E-40 1.00000000E-40 1.00000000E-40 1.00000000E-40 1.00000000E-40 2.35224378E-05 1.82948538E-03 2.02160892E-10 3.45513939E-10 1.08966104E-02 3.26311621E-02 8.52207650E-02 2.53758388E-01 1.30747852E-16 1.18746415E-19 1.15954254E-33 5.72640704E-28 4.87372559E-27 5.47828137E-27 6.77348551E-19 1.00000000E-40 2.13581571E-21 1.00000000E-40 1.00000000E-40 1.00000000E-40 4.97914313E-17 2.80455465E-15 6.62300687E-05 1.00000000E-40 1.02676351E-30 1.00000000E-40 1.00000000E-40 1.00000000E-40 1.00000000E-40 1.00000000E-40 5.31247247E-35 1.40372615E-12 7.66599791E-16 1.92469469E-09 1.00000000E-40 2.93421775E-14 3.27832248E-07 3.80213926E-09 4.09393266E-23 2.41236504E-19 1.27160598E-05 3.31981829E-30 6.36070422E-20 7.24319910E-33 4.36095962E-38 1.00000000E-40 1.00000000E-40 1.00000000E-40 7.28905618E-33 4.61381397E-10 1.00000000E-40 1.00000000E-40 1.00000000E-40 5.20661929E-29 1.17905546E-32 1.58445713E-13 9.44981886E-27 3.73152130E-29 1.00000000E-40 1.30952971E-38 1.00000000E-40 1.00000000E-40 1.00000000E-40 1.00000000E-40 1.09110679E-34 1.34128574E-16 1.00000000E-40 1.46426889E-31 1.73290000E-12 1.00000000E-05 1.00000000E-05 1.00000000E-05 1.00000000E-05 1.00000000E-05 1.00000000E-05 1.00000000E-05 1.00000000E-05 1.00000000E-05 1.00000000E-05
1.09572000E+02 2.92899000E-07 1.73904091E+13 1.21990162E+02 1.00000000E+05 1.38015650E-12 1.00000000E-40 1.00000000E-40 1.00000000E-40 4.31706615E-15 1.00000000E-40 1.00000000E-40 1.00000000E-40 1.00000000E-40 1.00000000E-40 2.50275849E-05 1.81506603E-03 1.91302111E-10 3.30641827E-10 1.30054954E-02 3.52039923E-02 9.35396967E-02 4.03211037E-01 1.07140397E-16 7.94550218E-20 1.50464082E-33 7.42787806E-28 5.62710549E-27 6.28859987E-27 5.62360412E-19 1.00000000E-40 1.27283867E-21 1.00000000E-40 1.00000000E-40 1.00000000E-40 2.69232880E-17 1.91447365E-15 8.50263127E-05 1.00000000E-40 1.17173294E-30 1.00000000E-40 1.00000000E-40 1.00000000E-40 1.00000000E-40 1.00000000E-40 5.81696070E-35 1.10520109E-12 4.42864725E-16 1.71527755E-07 1.00000000E-40 1.87428219E-14 2.94960756E-07 4.60967256E-09 3.13946581E-23 1.71651268E-19 1.25205982E-05 2.59653185E-30 5.14840045E-20 7.75042325E-33 2.82126768E-38 1.00000000E-40 1.00000000E-40 1.00000000E-40 4.54626682E-33 4.48587862E-10 1.00000000E-40 1.00000000E-40 1.00000000E-40 7.30016423E-29 1.18212482E-32 1.09087019E-13 8.92903369E-27 3.38707823E-29 1.00000000E-40 1.26501110E-38 1.00000000E-40 1.00000000E-40 1.00000000E-40 1.00000000E-40 9.39063890E-35 8.39352237E-17 1.00000000E-40 1.14880429E-31 2.68958000E-12 1.00000000E-05 1.00000000E-05 1.00000000E-05 1.00000000E-05 1.00000000E-05 1.00000000E-05 1.00000000E-05 1.00000000E-05 1.00000000E-05 1.00000000E-05
1.10756000E+02 2.50479000E-07 1.49312349E+13 1.21504485E+02 1.00000000E+05 5.71272380E-13 1.00000000E-40 1.00000000E-40 1.00000000E-40 1.97154818E-15 1.00000000E-40 1.00000000E-40 1.00000000E-40 1.00000000E-40 1.00000000E-40 2.64409418E-05 1.79305893E-03 1.72666751E-10 3.08847904E-10 1.56453109E-02 3.75140634E-02 1.01899187E-01 5.25383848E-01 8.64784898E-17 5.32568965E-20 1.84976467E-33 9.04495106E-28 6.11699276E-27 6.84314710E-27 4.57978798E-19 1.00000000E-40 6.54600346E-22 1.00000000E-40 1.00000000E-40 1.00000000E-40 1.40812151E-17 1.28674213E-15 1.02581706E-04 3.02196330E-05 1.03356325E-30 1.00000000E-40 1.00000000E-40 1.00000000E-40 1.00000000E-40 1.00000000E-40 6.02031454E-35 8.52476485E-13 2.51441013E-16 3.15114169E-07 1.00000000E-40 1.07146263E-14 2.65371572E-07 5.84964638E-09 2.43029739E-23 1.17457842E-19 1.22361796E-05 1.97521008E-30 4.05252299E-20 1.92244656E-32 9.61734077E-38 1.00000000E-40 1.00000000E-40 1.00000000E-40 2.75960855E-33 4.29712632E-10 1.00000000E-40 1.00000000E-40 1.00000000E-40 9.64509419E-29 1.10371577E-32 7.39132004E-14 8.34783515E-27 3.16601626E-29 1.00000000E-40 1.14718298E-38 1.00000000E-40 1.00000000E-40 1.00000000E-40 1.00000000E-40 7.47079250E-35 5.03229175E-17 1.00000000E-40 8.78367800E-32 4.05769000E-12 1.00000000E-05 1.00000000E-05 1.00000000E-05 1.00000000E-05 1.00000000E-05 1.00000000E-05 1.00000000E-05 1.00000000E-05 1.00000000E-05 1.00000000E-05
1.11941000E+02 2.14441000E-07 1.28420386E+13 1.20945739E+02 1.00000000E+05 1.57361875E-13 1.00000000E-40 1.00000000E-40 1.00000000E-40 8.25192473E-16 1.00000000E-40 1.00000000E-40 1.00000000E-40 1.00000000E-40 1.00000000E-40 2.77129527E-05 1.76438067E-03 1.49722303E-10 2.81352610E-10 1.89800941E-02 3.94621003E-02 1.10235325E-01 6.21926819E-01 6.89729209E-17 3.63522217E-20 2.17452158E-33 1.04541260E-27 6.33459495E-27 7.05527631E-27 3.68104195E-19 1.00000000E-40 2.25455185E-22 1.77387157E-30 1.43525636E-27 1.00000000E-40 7.15702781E-18 8.57068972E-16 1.18758562E-04 5.06859626E-05 1.00000000E-40 1.00000000E-40 1.74450930E-12 1.00000000E-40 1.00000000E-40 1.00000000E-40 6.02060645E-35 6.46252347E-13 1.41245159E-16 4.23780725E-07 1.00000000E-40 5.52381762E-15 2.39278545E-07 7.72540087E-09 1.89452601E-23 7.71548137E-20 1.18720213E-05 1.46976804E-30 3.15073872E-20 1.00000000E-40 1.00000000E-40 1.00000000E-40 1.00000000E-40 1.00000000E-40 1.58106900E-33 4.04959590E-10 1.00000000E-40 1.00000000E-40 1.00000000E-40 1.21272144E-28 9.74071773E-33 4.95915483E-14 7.71407678E-27 3.02212178E-29 1.00000000E-40 9.65679540E-39 1.00000000E-40 1.00000000E-40 1.00000000E-40 1.00000000E-40 5.61950355E-35 2.89124672E-17 1.00000000E-40 6.42883110E-32 5.95737000E-12 1.00000000E-05 1.00000000E-05 1.00000000E-05 1.00000000E-05 1.00000000E-05 1.00000000E-05 1.00000000E-05 1.00000000E-05 1.00000000E-05 1.00000000E-05
1.13126000E+02 1.83778000E-07 1.10657877E+13 1.20289552E+02 1.00000000E+05 4.80011211E-23 1.00000000E-40 1.00000000E-40 1.00000000E-40 3.22204252E-16 1.00000000E-40 1.00000000E-40 1.00000000E-40 1.00000000E-40 1.00000000E-40 2.87751728E-05 1.72906676E-03 1.26197239E-10 2.49963470E-10 2.30577705E-02 4.08984422E-02 1.18247764E-01 6.92044579E-01 5.43896726E-17 2.61561677E-20 1.00000000E-40 1.16293288E-27 6.37518638E-27 7.12235542E-27 2.94509582E-19 1.00000000E-40 1.00000000E-40 5.84397108E-28 1.72600272E-27 1.00000000E-40 3.55766696E-18 5.68720755E-16 1.32869367E-04 6.16307347E-05 4.47063033E-27 1.00000000E-40 3.97105741E-12 1.00000000E-40 1.00000000E-40 1.00000000E-40 5.56136719E-35 4.82916895E-13 7.91245239E-17 4.90215833E-07 3.75392505E-12 2.63646419E-15 2.16708164E-07 1.04109145E-08 1.47063294E-23 4.85963381E-20 1.14339457E-05 1.07824931E-30 2.43392212E-20 1.61501072E-32 1.08459314E-36 1.00000000E-40 1.00000000E-40 1.00000000E-40 8.61546171E-34 3.74059321E-10 1.00000000E-40 1.00000000E-40 1.00000000E-40 1.46956678E-28 8.27175403E-33 3.31494341E-14 7.07558332E-27 2.94176141E-29 1.00000000E-40 7.58533878E-39 1.00000000E-40 1.00000000E-40 1.00000000E-40 1.00000000E-40 4.10146125E-35 1.59467873E-17 1.00000000E-40 4.52636765E-32 8.56132000E-12 1.00000000E-05 1.00000000E-05 1.00000000E-05 1.00000000E-05 1.00000000E-05 1.00000000E-05 1.00000000E-05 1.00000000E-05 1.00000000E-05 1.00000000E-05
1.14310000E+02 1.57651000E-07 9.55198032E+12 1.19541865E+02 1.00000000E+05 1.00000000E-40 1.00000000E-40 1.00000000E-40 1.00000000E-40 1.18703064E-16 1.00000000E-40 1.00000000E-40 1.00000000E-40 1.00000000E-40 1.00000000E-40 2.95762641E-05 1.68833057E-03 1.03451863E-10 2.17682218E-10 2.78843872E-02 4.17798955E-02 1.25801451E-01 7.38244816E-01 4.25640159E-17 2.14595727E-20 1.00000000E-40 1.26862751E-27 6.34192157E-27 7.03342240E-27 2.37695125E-19 1.00000000E-40 1.00000000E-40 1.00000000E-40 1.00000000E-40 1.00000000E-40 1.74467259E-18 3.78029994E-16 1.44912597E-04 6.46393575E-05 1.06029938E-23 1.81092158E-27 5.15066022E-12 1.00000000E-40 1.00000000E-40 1.00000000E-40 1.00000000E-40 3.57299217E-13 4.46864667E-17 5.10598581E-07 3.46416760E-11 1.15583034E-15 1.97777013E-07 1.39084570E-08 1.12313054E-23 2.94845055E-20 1.09356450E-05 7.89719354E-31 1.88714794E-20 1.00000000E-40 1.00000000E-40 1.00000000E-40 1.00000000E-40 1.00000000E-40 4.53179666E-34 3.38454905E-10 1.00000000E-40 1.00000000E-40 1.00000000E-40 1.74741230E-28 6.90575300E-33 2.21773980E-14 6.51207113E-27 2.95332747E-29 1.00000000E-40 5.61003627E-39 1.00000000E-40 1.00000000E-40 1.00000000E-40 1.00000000E-40 2.93659925E-35 8.49215378E-18 1.00000000E-40 3.10331734E-32 1.21986000E-11 1.00000000E-05 1.00000000E-05 1.00000000E-05 1.00000000E-05 1.00000000E-05 1.00000000E-05 1.00000000E-05 1.00000000E-05 1.00000000E-05 1.00000000E-05
1.15495000E+02 1.35356000E-07 8.25338032E+12 1.18785210E+02 1.00000000E+05 1.00000000E-40 1.00000000E-40 1.00000000E-40 1.00000000E-40 4.33324959E-17 1.00000000E-40 1.00000000E-40 1.00000000E-40 1.00000000E-40 1.00000000E-40 3.00491738E-05 1.64250167E-03 8.58132191E-11 1.87719250E-10 3.32528975E-02 4.21277798E-02 1.32644001E-01 7.62828660E-01 3.30899214E-17 2.33770227E-20 1.00000000E-40 2.85897093E-27 6.40413451E-27 6.92097031E-27 1.97333791E-19 1.00000000E-40 1.00000000E-40 1.00000000E-40 1.00000000E-40 1.00000000E-40 8.54721854E-19 2.52764519E-16 1.54476472E-04 6.16100686E-05 1.93753273E-20 1.00000000E-40 5.62551690E-12 1.00000000E-40 1.00000000E-40 1.09009906E-30 4.62178651E-35 2.63006443E-13 2.59388881E-17 4.89926649E-07 4.51404085E-11 5.02878393E-16 1.82524294E-07 1.78704499E-08 8.37909853E-24 1.74196717E-20 1.03868607E-05 5.89154627E-31 1.49221748E-20 1.00000000E-40 1.00000000E-40 1.00000000E-40 1.00000000E-40 1.00000000E-40 2.35071998E-34 2.99297442E-10 1.00000000E-40 1.00000000E-40 1.00000000E-40 2.08918766E-28 1.21404564E-32 1.49161801E-14 6.13013360E-27 3.15131432E-29 1.00000000E-40 3.96227309E-39 1.00000000E-40 1.00000000E-40 1.00000000E-40 1.00000000E-40 2.12211414E-35 4.42637760E-18 1.00000000E-40 2.10894817E-32 1.76558000E-11 1.00000000E-05 1.00000000E-05 1.00000000E-05 1.00000000E-05 1.00000000E-05 1.00000000E-05 1.00000000E-05 1.00000000E-05 1.00000000E-05 1.00000000E-05
1.16679000E+02 1.16305000E-07 7.13579758E+12 1.18051791E+02 1.00000000E+05 1.00000000E-40 1.00000000E-40 1.00000000E-40 1.00000000E-40 1.57634157E-17 1.00000000E-40 1.00000000E-40 1.00000000E-40 1.00000000E-40 1.00000000E-40 3.01283467E-05 1.59229017E-03 7.47290860E-11 1.64404070E-10 3.86333438E-02 4.20535033E-02 1.38329883E-01 7.66775102E-01 2.55736215E-17 3.73985939E-20 1.00000000E-40 1.07198466E-22 2.20265976E-26 7.47777591E-27 1.73254190E-19 1.00000000E-40 1.00000000E-40 1.00000000E-40 1.00000000E-40 1.00000000E-40 4.30118663E-19 1.70361969E-16 1.60282867E-04 5.46881073E-05 2.70072647E-17 1.00000000E-40 5.59092088E-12 2.69750439E-35 1.00000000E-40 1.00000000E-40 1.00000000E-40 1.93654244E-13 1.61962362E-17 4.38531083E-07 4.36511535E-11 2.36276782E-16 1.71066542E-07 2.15259027E-08 6.11221670E-24 1.03540176E-20 9.79672835E-06 4.63208237E-31 1.23450962E-20 1.00000000E-40 1.00000000E-40 1.00000000E-40 1.00000000E-40 6.22165833E-30 1.24141720E-34 2.58039052E-10 1.00000000E-40 1.00000000E-40 1.00000000E-40 2.59909471E-28 3.55629914E-28 1.01049866E-14 6.09810457E-27 3.81804079E-29 1.00000000E-40 2.80424230E-39 1.00000000E-40 1.00000000E-40 1.00000000E-40 1.00000000E-40 1.68820020E-35 2.33749228E-18 1.00000000E-40 1.46378765E-32 2.70911000E-11 1.00000000E-05 1.00000000E-05 1.00000000E-05 1.00000000E-05 1.00000000E-05 1.00000000E-05 1.00000000E-05 1.00000000E-05 1.00000000E-05 1.00000000E-05
1.17864000E+02 9.99997000E-08 6.17125410E+12 1.17365914E+02 1.00000000E+05 1.00000000E-40 1.00000000E-40 1.00000000E-40 1.00000000E-40 4.97128294E-18 1.00000000E-40 1.00000000E-40 1.00000000E-40 1.00000000E-40 1.00000000E-40 2.97404097E-05 1.53931371E-03 7.08391211E-11 1.59497748E-10 4.31744807E-02 4.17568663E-02 1.42221498E-01 7.49646917E-01 1.98726396E-17 7.75177542E-20 2.53058427E-14 5.34889932E-18 6.68757213E-22 3.06645078E-26 1.65941743E-19 1.00000000E-40 1.00000000E-40 6.83913309E-28 1.00000000E-40 1.00000000E-40 2.50986641E-19 1.15545893E-16 1.59771447E-04 4.66316837E-05 2.79702517E-14 1.00000000E-40 5.16416610E-12 3.65861620E-30 1.00000000E-40 1.00000000E-40 2.35184724E-33 1.43529882E-13 1.20144804E-17 3.70013316E-07 3.75664873E-11 1.33267605E-16 1.63633143E-07 2.37801435E-08 4.46118959E-24 6.89623282E-21 9.17543417E-06 4.03158867E-31 1.10582532E-20 1.00000000E-40 1.00000000E-40 1.00000000E-40 1.00000000E-40 1.01814622E-29 7.03810428E-35 2.16425826E-10 2.41115467E-22 1.00000000E-40 1.00000000E-40 3.49956527E-28 1.34959763E-23 6.88086820E-15 6.77130913E-27 6.12659877E-29 1.00000000E-40 2.28650646E-39 1.00000000E-40 1.00000000E-40 1.00000000E-40 1.00000000E-40 5.23391984E-35 1.40783828E-18 1.00000000E-40 1.09040399E-32 4.79743000E-11 1.00000000E-05 1.00000000E-05 1.00000000E-05 1.00000000E-05 1.00000000E-05 1.00000000E-05 1.00000000E-05 1.00000000E-05 1.00000000E-05 1.00000000E-05
