alt press den temp eddy H2Oaer SO2aer CO2aer S8aer H2SO4aer C2H2aer C2H4aer C2H6aer CH4aer HCaer1 H H2 H2O OH O O2 CO CO2 HCO H2CO C CH CH2 CH3 CH4 S S2 S3 S4 S8 H2S HS SO SO2 CS CS2 OCS C2 C2H C2H2 C2H4 HO2 H2O2 O3 SO3 H2SO4 HCl Cl Cl2 HOCl ClO C2H6 CH3OH CH2CO CH3CHO C3H4 C3H6 C4H2 C4H4 OClO HCS C2H3 C2H5 1CH2 HCCO HSO CH3O H2COH C4H C2H2OH CH3CO CH2CHO C2H3OH C2H4OH CH3O2 HSO3 HS4 C4H3 O1D H2Oaer_r SO2aer_r CO2aer_r S8aer_r H2SO4aer_r C2H2aer_r C2H4aer_r C2H6aer_r CH4aer_r HCaer1_r
5.00000000E-01 5.03485312E-01 1.90647818E+19 1.91280934E+02 1.00000000E+05 7.02379010E-01 2.71999018E+02 6.61797590E-10 1.46283194E-34 6.57933399E-08 1.15593450E-40 1.15593450E-40 1.15593450E-40 1.15593450E-40 1.15706464E-40 2.23945686E-16 9.93084038E-06 7.93589684E-07 1.83380648E-25 2.48908775E-20 1.98616808E-09 2.18478488E-07 9.93084038E-01 5.66918060E-19 3.86035779E-19 1.00000000E-40 1.00000000E-40 1.00000000E-40 4.45979707E-32 1.65823866E-26 1.72361782E-16 1.05812200E-16 2.90472594E-22 3.19189459E-22 1.76087285E-21 3.97233615E-13 8.13779941E-15 6.57787326E-11 1.60414121E-02 2.54626990E-33 3.82190457E-32 2.12197200E-12 1.00000000E-40 1.00000000E-40 2.48885304E-33 2.99932432E-32 1.57420933E-15 2.19523404E-11 3.12891933E-18 4.41137206E-18 2.93246347E-14 4.96542018E-10 4.72285904E-16 1.79532094E-22 4.21482443E-20 1.75812957E-09 4.05217690E-36 1.11450334E-25 8.85756553E-30 3.15199960E-31 1.50828065E-39 1.32742434E-40 1.04096369E-31 4.72542629E-33 2.41228543E-14 1.13225667E-35 1.00000000E-40 9.17813364E-35 1.00000000E-40 1.00000000E-40 4.14346250E-12 5.91972881E-28 7.35902190E-29 1.00000000E-40 1.00000000E-40 2.44167167E-33 1.14207723E-35 7.86293877E-32 3.02929524E-39 2.38975136E-28 1.08175276E-17 5.27843415E-23 9.29139964E-35 1.00000000E-40 1.00000000E-05 1.00000000E-05 1.00000000E-05 1.00000000E-05 1.00000000E-05 1.00000000E-05 1.00000000E-05 1.00000000E-05 1.00000000E-05 1.00000000E-05
1.50000000E+00 4.53590115E-01 1.74625467E+19 1.88136352E+02 1.00000000E+05 8.30331247E-01 3.03275437E+02 2.22090575E-07 2.88838044E-34 7.24751075E-08 1.27524869E-40 1.27524869E-40 1.27524869E-40 1.27524869E-40 1.27651218E-40 3.62223830E-17 9.83888982E-06 5.28652696E-07 5.90016539E-26 4.40460836E-20 1.10929132E-08 2.35637433E-07 9.10723726E-01 1.78157586E-20 4.31853669E-19 1.00000000E-40 1.00000000E-40 1.00000000E-40 1.52370791E-33 1.65288344E-26 5.00791112E-17 9.80038523E-17 9.06190082E-23 2.35552537E-22 1.73071196E-21 6.05172046E-13 7.09294319E-15 7.73379097E-11 1.29372191E-02 2.55072512E-33 3.79633629E-32 1.89378838E-12 1.00000000E-40 1.00000000E-40 2.60282427E-33 2.98075185E-32 1.04251915E-15 2.58547896E-11 1.08520713E-17 6.81230973E-18 2.86713178E-14 4.27436301E-09 4.52636335E-16 1.47843671E-22 4.59115313E-20 1.76796640E-09 4.05228675E-36 1.11032240E-25 8.80786794E-30 3.24435231E-31 1.50665749E-39 1.32411667E-40 1.04044028E-31 4.70224888E-33 1.65785264E-14 1.13614813E-35 1.00000000E-40 9.06529652E-35 1.00000000E-40 1.00000000E-40 6.57431088E-12 1.17287384E-28 8.39636525E-29 1.00000000E-40 1.00000000E-40 2.32208578E-33 1.12573867E-35 7.89455308E-32 3.16105589E-39 2.36658305E-28 5.22649781E-19 4.93929890E-23 9.08252254E-35 1.00000000E-40 1.00000000E-05 1.00000000E-05 1.00000000E-05 1.00000000E-05 1.00000000E-05 1.00000000E-05 1.00000000E-05 1.00000000E-05 1.00000000E-05 1.00000000E-05
2.50000000E+00 4.07926052E-01 1.59675132E+19 1.85037978E+02 1.00000000E+05 1.01272956E+00 3.44217580E+02 1.04677771E-04 2.69950046E-32 8.11347331E-08 1.42848856E-40 1.42848856E-40 1.42848856E-40 1.42848856E-40 1.42993039E-40 1.74047709E-17 9.74202862E-06 3.41611111E-07 1.02286417E-25 8.82488962E-20 2.10015453E-08 2.54395429E-07 8.21762824E-01 4.31657836E-21 4.57236679E-19 1.00000000E-40 1.00000000E-40 1.00000000E-40 4.98447282E-34 1.64204799E-26 4.08266876E-17 1.00150753E-16 6.79472645E-23 2.08777426E-22 1.66860449E-21 8.31211968E-13 7.84029928E-15 1.01037679E-10 1.02803409E-02 2.53149553E-33 3.74542087E-32 1.73334800E-12 1.00000000E-40 1.00000000E-40 2.85194830E-33 2.94146489E-32 6.19096414E-16 2.93111608E-11 3.08880491E-17 1.21543410E-17 3.04678522E-14 8.27237817E-09 4.34929042E-16 1.16682921E-22 5.45736835E-20 1.78861926E-09 4.05280808E-36 1.10210466E-25 8.70313220E-30 3.42139383E-31 1.50333308E-39 1.31423943E-40 1.03915102E-31 4.66241350E-33 1.10558915E-14 1.13014355E-35 1.00000000E-40 8.80622325E-35 1.00000000E-40 1.00000000E-40 8.00107143E-12 1.82948410E-29 9.32901509E-29 1.00000000E-40 1.00000000E-40 2.19308883E-33 1.09314425E-35 7.96106100E-32 3.29166714E-39 2.30350728E-28 3.90904009E-19 4.69017714E-23 9.00142654E-35 1.00000000E-40 1.00000000E-05 1.00000000E-05 1.00000000E-05 1.00000000E-05 1.00000000E-05 1.00000000E-05 1.00000000E-05 1.00000000E-05 1.00000000E-05 1.00000000E-05
3.50000000E+00 3.66170208E-01 1.45869523E+19 1.81817283E+02 1.00000000E+05 1.22310825E+00 3.86329033E+02 2.10869117E-02 1.33764278E-29 8.99216203E-08 1.58079454E-40 1.58079454E-40 1.58079454E-40 1.58079454E-40 1.58242512E-40 1.04630420E-17 9.64218062E-06 2.12384282E-07 5.41764369E-25 2.15951746E-19 3.17521667E-08 2.74904386E-07 7.26450246E-01 1.60421734E-21 4.59108770E-19 1.00000000E-40 1.00000000E-40 1.00000000E-40 2.60111986E-34 1.62553266E-26 4.45478465E-17 1.12517344E-16 6.70185079E-23 2.20144622E-22 1.57336705E-21 1.08257124E-12 9.32516497E-15 1.38710349E-10 7.95843722E-03 2.48678202E-33 3.66557160E-32 1.63362573E-12 1.00000000E-40 1.00000000E-40 3.27036048E-33 2.87859049E-32 3.46682816E-16 3.21823869E-11 8.57883678E-17 2.60227522E-17 3.74154858E-14 1.23856858E-08 4.16182045E-16 9.18896998E-23 7.04563000E-20 1.82179961E-09 4.05352364E-36 1.08969173E-25 8.53553565E-30 3.65843597E-31 1.49807433E-39 1.29686294E-40 1.03668244E-31 4.60570945E-33 6.89915208E-15 1.11241288E-35 1.00000000E-40 8.38281702E-35 1.00000000E-40 1.00000000E-40 8.82214585E-12 3.20675797E-30 9.98152501E-29 1.00000000E-40 1.00000000E-40 2.04458628E-33 1.04283341E-35 8.06520265E-32 3.39644098E-39 2.19890030E-28 1.09439441E-18 4.49868671E-23 9.02005040E-35 1.00000000E-40 1.00000000E-05 1.00000000E-05 1.00000000E-05 1.00000000E-05 1.00000000E-05 1.00000000E-05 1.00000000E-05 1.00000000E-05 1.00000000E-05 1.00000000E-05
4.50000000E+00 3.28003535E-01 1.33189613E+19 1.78371262E+02 1.00000000E+05 1.45201199E+00 4.28050420E+02 2.35672756E-01 4.27570262E-27 9.85702195E-08 1.72628332E-40 1.72628332E-40 1.72628332E-40 1.72628332E-40 1.72810681E-40 6.86944539E-18 9.54072219E-06 1.24533671E-07 2.75574515E-24 6.20673960E-19 4.33771589E-08 2.97293827E-07 6.25094486E-01 7.05124194E-22 4.36876904E-19 1.00000000E-40 1.00000000E-40 1.00000000E-40 1.61533373E-34 1.60321606E-26 5.40853825E-17 1.34523982E-16 7.39293238E-23 2.57366514E-22 1.44473881E-21 1.36572163E-12 1.11968296E-14 1.93178551E-10 5.91760811E-03 2.41638572E-33 3.55223981E-32 1.56930112E-12 1.00000000E-40 1.00000000E-40 3.90631886E-33 2.78864902E-32 1.93512579E-16 3.43366431E-11 2.46505248E-16 6.37565021E-17 4.98456303E-14 1.65023801E-08 3.92998297E-16 7.32935596E-23 9.80579045E-20 1.87013245E-09 4.05391820E-36 1.07296653E-25 8.29542956E-30 3.91464134E-31 1.49063871E-39 1.27118905E-40 1.03238531E-31 4.53100667E-33 3.93622221E-15 1.08163620E-35 1.00000000E-40 7.77856773E-35 1.00000000E-40 1.00000000E-40 9.32867670E-12 7.62513846E-31 1.02530307E-28 1.00000000E-40 1.00000000E-40 1.87124566E-33 9.73282724E-36 8.20956513E-32 3.45219239E-39 2.05262738E-28 3.12959681E-18 4.33073386E-23 9.10771358E-35 1.00000000E-40 1.00000000E-05 1.00000000E-05 1.00000000E-05 1.00000000E-05 1.00000000E-05 1.00000000E-05 1.00000000E-05 1.00000000E-05 1.00000000E-05 1.00000000E-05
5.50000000E+00 2.93128763E-01 1.21557062E+19 1.74660604E+02 1.00000000E+05 1.70567660E+00 4.72911429E+02 4.67501507E-01 7.69447204E-25 1.07953377E-07 1.87878798E-40 1.87878798E-40 1.87878798E-40 1.87878798E-40 1.88082320E-40 4.68084594E-18 9.43795421E-06 6.78136019E-08 1.08078966E-23 2.01834757E-18 5.59007132E-08 3.21659904E-07 5.18004141E-01 3.31993543E-22 3.94254266E-19 1.00000000E-40 1.00000000E-40 1.00000000E-40 1.09270498E-34 1.57504563E-26 6.76506257E-17 1.65366534E-16 8.28529775E-23 3.08331060E-22 1.28354631E-21 1.68732192E-12 1.31672259E-14 2.68332361E-10 4.17958545E-03 2.31990521E-33 3.40034475E-32 1.51674166E-12 1.00000000E-40 1.00000000E-40 4.82262586E-33 2.66774100E-32 1.17535376E-16 3.56609749E-11 7.40811393E-16 1.70639069E-16 6.76187245E-14 2.05115143E-08 3.61611212E-16 6.15253328E-23 1.46535281E-19 1.93733079E-09 4.05319043E-36 1.05185034E-25 7.97179432E-30 4.13724744E-31 1.48090576E-39 1.23654567E-40 1.02534433E-31 4.43650409E-33 2.16791092E-15 1.03641064E-35 1.00000000E-40 6.97971882E-35 1.00000000E-40 1.00000000E-40 9.71341765E-12 2.27414926E-31 1.00758128E-28 1.00000000E-40 1.00000000E-40 1.67059728E-33 8.83122472E-36 8.39662636E-32 3.43268446E-39 1.86499871E-28 6.94064142E-18 4.16228949E-23 9.24207601E-35 1.00000000E-40 1.00000000E-05 1.00000000E-05 1.00000000E-05 1.00000000E-05 1.00000000E-05 1.00000000E-05 1.00000000E-05 1.00000000E-05 1.00000000E-05 1.00000000E-05
6.50000000E+00 2.61252028E-01 1.10953793E+19 1.70543132E+02 1.00000000E+05 1.99427191E+00 5.25024876E+02 8.56268714E-01 6.45531304E-23 1.19099130E-07 2.05322978E-40 2.05322978E-40 2.05322978E-40 2.05322978E-40 2.05551311E-40 3.17522172E-18 9.33324540E-06 3.32160096E-08 3.48471512E-23 7.43814934E-18 6.93369752E-08 3.48065625E-07 4.05512409E-01 1.55175503E-22 3.39922713E-19 1.00000000E-40 1.00000000E-40 1.00000000E-40 7.67558647E-35 1.54111576E-26 8.35579155E-17 2.03915014E-16 8.87030049E-23 3.54461773E-22 1.09184912E-21 2.05407182E-12 1.48673925E-14 3.69208656E-10 2.74279155E-03 2.19663919E-33 3.20492543E-32 1.45827345E-12 1.00000000E-40 1.00000000E-40 6.09578903E-33 2.51203665E-32 8.36272920E-17 3.60742759E-11 2.34209689E-15 4.87051679E-16 8.89871873E-14 2.43101938E-08 3.16515136E-16 5.68781872E-23 2.35001944E-19 2.02850779E-09 4.05051856E-36 1.02635420E-25 7.55352424E-30 4.27011802E-31 1.46919172E-39 1.19262033E-40 1.01442135E-31 4.32000322E-33 1.28547566E-15 9.75350638E-36 1.00000000E-40 5.97897991E-35 1.00000000E-40 1.00000000E-40 1.00680551E-11 7.96768022E-32 9.41069121E-29 1.00000000E-40 1.00000000E-40 1.44160767E-33 7.71461614E-36 8.62927916E-32 3.30925323E-39 1.63671037E-28 1.21720583E-17 3.97701501E-23 9.40863558E-35 1.73379000E-40 1.00000000E-05 1.00000000E-05 1.00000000E-05 1.00000000E-05 1.00000000E-05 1.00000000E-05 1.00000000E-05 1.00000000E-05 1.00000000E-05 1.00000000E-05
7.50000000E+00 2.32125141E-01 1.01223189E+19 1.66095889E+02 1.00000000E+05 2.31897261E+00 5.86531001E+02 1.19332785E+00 1.74755117E-21 1.32660182E-07 2.25306566E-40 2.25306566E-40 2.25306566E-40 2.25306566E-40 2.25564008E-40 2.16455484E-18 9.22365426E-06 1.45787977E-08 1.03542197E-22 3.19326037E-17 8.36853527E-08 3.76502027E-07 2.87664477E-01 7.07144221E-23 2.84628507E-19 1.00000000E-40 1.00000000E-40 1.36582595E-39 5.75363123E-35 1.50145300E-26 1.00393466E-16 2.48863777E-16 8.55787706E-23 3.65319669E-22 8.72459864E-22 2.47148395E-12 1.61566269E-14 5.01960618E-10 1.66551016E-03 2.04527225E-33 2.96119852E-32 1.38414874E-12 1.00000000E-40 1.00000000E-40 7.81320302E-33 2.31782799E-32 7.13245336E-17 3.55275049E-11 7.74842984E-15 1.47028878E-15 1.11449897E-13 2.78076915E-08 2.57547534E-16 5.79268694E-23 4.02878977E-19 2.15022567E-09 4.04465329E-36 9.96433788E-26 7.02935955E-30 4.26322594E-31 1.45639181E-39 1.13960702E-40 9.98131149E-32 4.17836567E-33 1.01361729E-15 8.97084984E-36 1.00000000E-40 4.78050607E-35 1.00000000E-40 1.00000000E-40 1.03917645E-11 5.90117815E-32 8.24752405E-29 1.00000000E-40 1.00000000E-40 1.18405065E-33 6.38167283E-36 8.91008929E-32 3.05225330E-39 1.36891514E-28 1.83681302E-17 3.76291470E-23 9.59664596E-35 3.65995000E-40 1.00000000E-05 1.00000000E-05 1.00000000E-05 1.00000000E-05 1.00000000E-05 1.00000000E-05 1.00000000E-05 1.00000000E-05 1.00000000E-05 1.00000000E-05
8.50000000E+00 2.05526815E-01 9.22713774E+18 1.61331141E+02 1.00000000E+05 2.70194583E+00 6.68917776E+02 1.21738877E+00 3.04654657E-21 1.52073767E-07 2.50208971E-40 2.50208971E-40 2.50208971E-40 2.50208971E-40 2.50502972E-40 1.41969587E-18 9.10471614E-06 5.67473483E-09 3.09584634E-22 1.56846836E-16 9.89397475E-08 4.06924831E-07 1.87461836E-01 2.93724632E-23 2.37044112E-19 1.00000000E-40 1.00000000E-40 2.13832509E-39 4.37578419E-35 1.45612471E-26 1.16028520E-16 2.98961173E-16 7.33455601E-23 3.32111732E-22 6.28276102E-22 2.94118025E-12 1.83988803E-14 6.73938570E-10 9.27204120E-04 1.86429273E-33 2.66534186E-32 1.29361689E-12 1.00000000E-40 1.00000000E-40 1.00693856E-32 2.08224161E-32 6.83695325E-17 3.40073829E-11 2.65325149E-14 4.65714921E-15 1.30717470E-13 3.09322912E-08 1.90239203E-16 6.35412011E-23 7.31642978E-19 2.31098907E-09 4.03438167E-36 9.62061194E-26 6.38955896E-30 4.08316477E-31 1.44442252E-39 1.07910013E-40 9.74746365E-32 4.00798467E-33 1.40925575E-15 8.00515573E-36 1.00000000E-40 3.41550983E-35 1.00000000E-40 1.00000000E-40 1.06050561E-11 1.53239749E-31 6.61490044E-29 1.00000000E-40 1.00000000E-40 8.99756475E-34 4.84866162E-36 9.24240892E-32 2.63520287E-39 1.06452330E-28 2.52585151E-17 3.51074141E-23 9.79673109E-35 7.73217000E-40 1.00000000E-05 1.00000000E-05 1.00000000E-05 1.00000000E-05 1.00000000E-05 1.00000000E-05 1.00000000E-05 1.00000000E-05 1.00000000E-05 1.00000000E-05
9.50000000E+00 1.81261465E-01 8.40092268E+18 1.56277054E+02 1.00000000E+05 3.25394399E+00 8.49335026E+02 1.16102836E+00 7.05520322E-21 2.05243849E-07 2.94222869E-40 2.94222869E-40 2.94222869E-40 2.94222869E-40 2.94576481E-40 9.55045501E-19 8.97037011E-06 1.93823930E-09 1.00583558E-21 8.57478550E-16 1.15086612E-07 4.39248150E-07 1.13749268E-01 1.15663678E-23 2.03179659E-19 1.00000000E-40 1.00000000E-40 6.58412306E-39 3.62867063E-35 1.40517237E-26 1.28135492E-16 3.52027854E-16 5.53978427E-23 2.64865148E-22 3.61230283E-22 3.45212178E-12 2.87697901E-14 8.93845233E-10 4.68660843E-04 1.65253417E-33 2.31492335E-32 1.19046181E-12 1.00000000E-40 1.00000000E-40 1.29589125E-32 1.80405093E-32 6.88793460E-17 3.15341756E-11 9.19340794E-14 1.52425924E-14 1.39951267E-13 3.36317402E-08 1.26271851E-16 8.55365179E-23 1.39412139E-18 2.52148113E-09 4.01852367E-36 9.23182447E-26 5.62677988E-30 3.72070921E-31 1.43639074E-39 1.01635023E-40 9.42300214E-32 3.80499204E-33 3.29825234E-15 6.84954157E-36 1.00000000E-40 1.98485248E-35 1.00000000E-40 1.00000000E-40 1.05796641E-11 5.43142520E-31 4.60650556E-29 1.00000000E-40 1.00000000E-40 5.97260761E-34 3.17750584E-36 9.63046485E-32 2.04742937E-39 7.32063563E-29 3.29871220E-17 3.21288786E-23 9.99390001E-35 1.65316000E-39 1.00000000E-05 1.00000000E-05 1.00000000E-05 1.00000000E-05 1.00000000E-05 1.00000000E-05 1.00000000E-05 1.00000000E-05 1.00000000E-05 1.00000000E-05
1.05000000E+01 1.59157022E-01 7.63556611E+18 1.50973693E+02 1.00000000E+05 4.99922001E+00 1.71361192E+03 1.32244160E+00 7.36906663E-21 4.93251419E-07 5.96068264E-40 5.96068264E-40 5.96068264E-40 5.96068264E-40 5.96685657E-40 2.65719331E-18 8.81318437E-06 5.74968560E-10 3.75029308E-21 4.90021444E-15 1.32107416E-07 4.73352726E-07 6.40899912E-02 1.68783110E-23 1.89446515E-19 1.00000000E-40 1.00000000E-40 3.87307141E-38 7.18217454E-35 1.34855684E-26 1.35125528E-16 3.98824673E-16 3.55578749E-23 1.77916473E-22 7.11751024E-23 3.95504426E-12 7.10623007E-14 1.17259685E-09 2.13035197E-04 1.41038031E-33 1.90929440E-32 1.07880993E-12 1.00000000E-40 1.00000000E-40 1.65673416E-32 1.48565536E-32 7.07153527E-17 2.81613697E-11 3.13013213E-13 4.83621338E-14 1.27193651E-13 3.58726424E-08 7.63257305E-17 2.46675251E-22 2.77558254E-18 2.79482450E-09 3.99597891E-36 8.79684999E-26 4.73692557E-30 3.19590501E-31 1.43770775E-39 1.00000000E-40 8.98616856E-32 3.56585524E-33 9.24697223E-15 5.50264546E-36 1.00000000E-40 7.51627183E-36 1.00000000E-40 1.33526726E-40 1.01997005E-11 1.58184735E-30 2.46575873E-29 1.00000000E-40 1.00000000E-40 3.05509000E-34 1.55480244E-36 1.00796202E-31 1.34308831E-39 3.97598288E-29 4.13045131E-17 2.86305048E-23 1.01476329E-34 3.64660000E-39 1.00000000E-05 1.00000000E-05 1.00000000E-05 1.00000000E-05 1.00000000E-05 1.00000000E-05 1.00000000E-05 1.00000000E-05 1.00000000E-05 1.00000000E-05
1.15000000E+01 1.39063360E-01 6.92357667E+18 1.45478539E+02 1.00000000E+05 1.25526396E+01 3.97538336E+03 2.61815844E+00 8.49410152E-21 1.13980896E-06 3.16436178E-39 3.16436178E-39 3.16436178E-39 3.16436178E-39 3.16640384E-39 7.84640836E-17 8.62476476E-06 1.46543289E-10 2.16900118E-20 3.26198876E-14 1.49982489E-07 5.09099092E-07 3.34188068E-02 2.27508808E-22 2.05666852E-19 1.00000000E-40 1.00000000E-40 6.74300271E-37 6.82122657E-34 1.28610107E-26 1.62978936E-16 4.08215442E-16 1.89440711E-23 8.86748433E-23 8.45100133E-24 4.29514624E-12 2.09932270E-13 1.52621456E-09 8.64193418E-05 1.14121334E-33 1.45014202E-32 9.61110548E-13 1.00000000E-40 1.00000000E-40 2.09601336E-32 1.13689829E-32 1.20869881E-16 2.39688429E-11 1.05161409E-12 1.81265914E-13 1.18329829E-13 3.76380803E-08 4.45088222E-17 1.66495753E-21 5.76997255E-18 3.14681009E-09 3.96576332E-36 8.31366846E-26 3.72033626E-30 2.55017427E-31 1.46461841E-39 1.00000000E-40 8.41350876E-32 3.28951173E-33 2.99390233E-14 3.97032346E-36 1.00000000E-40 1.06238387E-36 1.00000000E-40 1.38084389E-39 9.50935972E-12 2.87304101E-30 7.22533910E-30 1.00000000E-40 1.00000000E-40 9.10366132E-35 3.83981698E-37 1.05966534E-31 7.43120973E-40 1.25740449E-29 6.40903664E-17 2.45620536E-23 1.01227320E-34 7.93615000E-39 1.00000000E-05 1.00000000E-05 1.00000000E-05 1.00000000E-05 1.00000000E-05 1.00000000E-05 1.00000000E-05 1.00000000E-05 1.00000000E-05 1.00000000E-05
1.25000000E+01 1.20854429E-01 6.25691915E+18 1.39900332E+02 1.00000000E+05 1.89409952E+01 3.13795289E+03 3.26730248E+00 4.25018291E-21 7.56062162E-07 1.01930144E-38 1.01930144E-38 1.01930144E-38 1.01930144E-38 1.01965547E-38 2.77376314E-15 8.39627214E-06 2.97369884E-11 2.65411064E-19 3.42891337E-13 1.68701766E-07 5.46344189E-07 1.61780099E-02 3.16124992E-21 2.69530034E-19 1.00000000E-40 1.00000000E-40 3.34946316E-36 1.89644628E-33 1.21740510E-26 3.95371192E-16 3.02657111E-16 9.31666000E-24 2.12198194E-23 7.50064921E-25 4.01032060E-12 4.05007945E-13 1.98690671E-09 3.13228102E-05 8.49126965E-34 9.43753609E-33 8.39847274E-13 1.00000000E-40 1.00000000E-40 2.61583240E-32 7.73594668E-33 6.89584454E-16 1.91432701E-11 3.54057667E-12 2.42998947E-12 2.82202383E-13 3.89238192E-08 6.44810942E-17 1.51325127E-20 1.25777781E-17 3.59604950E-09 3.92699618E-36 7.77896489E-26 2.59614645E-30 1.83468977E-31 1.57957097E-39 1.00000000E-40 7.67765294E-32 3.01459344E-33 1.45234676E-13 2.27540215E-36 1.00000000E-40 2.57526137E-38 1.00000000E-40 1.48967487E-38 9.12095467E-12 1.38014676E-30 4.05215909E-31 1.00000000E-40 1.00000000E-40 1.59458285E-35 1.78003797E-38 1.11900267E-31 4.81590249E-40 8.85679088E-31 1.64856312E-16 1.98806845E-23 9.41928123E-35 1.68303000E-38 1.00000000E-05 1.00000000E-05 1.00000000E-05 1.00000000E-05 1.00000000E-05 1.00000000E-05 1.00000000E-05 1.00000000E-05 1.00000000E-05 1.00000000E-05
1.35000000E+01 1.04413973E-01 5.63225825E+18 1.34274264E+02 1.00000000E+05 5.34267290E+00 2.83755948E+02 7.25185465E-01 1.89116179E-22 4.95993293E-08 1.17347864E-38 1.17347864E-38 1.17347864E-38 1.17347864E-38 1.17358563E-38 8.67120996E-14 8.12011427E-06 2.09002217E-12 1.45458475E-17 5.34719732E-12 1.88314904E-07 5.84998238E-07 7.24207670E-03 3.32236898E-20 4.16212389E-19 1.00000000E-40 1.00000000E-40 9.94535960E-36 3.87552960E-34 1.14192406E-26 1.12954640E-15 7.11231596E-17 1.89373918E-24 4.81264671E-25 5.21628248E-26 2.45270164E-12 4.11013315E-13 2.68326131E-09 1.00659541E-05 4.88156848E-34 4.21653185E-33 7.23508498E-13 1.00000000E-40 1.00000000E-40 3.20849357E-32 3.89878443E-33 6.76002989E-15 1.41712554E-11 1.20815538E-11 4.45573071E-11 1.32250527E-13 3.97369531E-08 1.61823917E-15 1.53685511E-19 2.92706582E-17 4.16384926E-09 3.87924412E-36 7.18865503E-26 1.42512566E-30 1.10324154E-31 1.96651142E-39 1.00000000E-40 6.74000828E-32 2.93895542E-33 9.53090936E-13 6.05150290E-37 1.00000000E-40 2.77867929E-39 1.00000000E-40 3.55156349E-38 9.66892568E-12 5.16504753E-32 3.92666972E-33 1.00000000E-40 1.00000000E-40 5.62949584E-36 9.74811144E-40 1.18709554E-31 7.06213214E-40 5.02837451E-33 1.47895563E-15 1.45491899E-23 6.54182824E-35 3.20502000E-38 1.00000000E-05 1.00000000E-05 1.00000000E-05 1.00000000E-05 1.00000000E-05 1.00000000E-05 1.00000000E-05 1.00000000E-05 1.00000000E-05 1.00000000E-05
1.45000000E+01 8.96326435E-02 5.04723190E+18 1.28626266E+02 1.00000000E+05 4.51081501E-02 1.25216800E-01 1.75408331E-02 1.10048655E-25 8.35222252E-10 6.78981930E-39 6.78981930E-39 6.78981930E-39 6.78981930E-39 6.78982894E-39 5.63295585E-12 7.79215982E-06 5.09371676E-13 8.41555942E-15 2.56603704E-10 2.08921980E-07 6.25053444E-07 2.97860140E-03 6.02509891E-19 7.33021897E-19 1.00000000E-40 1.00000000E-40 2.15867602E-35 4.52274151E-33 1.05907539E-26 7.05372046E-15 3.99857232E-18 2.31418157E-25 1.58080730E-27 2.85407986E-27 1.34881174E-13 1.60818715E-13 4.22179070E-09 2.83625129E-06 4.06289742E-35 2.98765119E-34 6.25167746E-13 1.00000000E-40 1.00000000E-40 3.84228909E-32 6.28196933E-34 7.43004625E-14 9.74473689E-12 5.40753486E-11 2.10770940E-10 2.23993336E-13 4.00923598E-08 2.22305314E-13 1.68880092E-18 7.60685992E-17 4.87074402E-09 3.82265664E-36 6.53817002E-26 3.25193541E-31 4.22515069E-32 2.87805872E-39 1.00000000E-40 5.52697419E-32 3.69436914E-33 6.78622043E-12 3.11871698E-38 1.00000000E-40 1.00000000E-40 1.00000000E-40 3.03860067E-38 4.54179007E-12 1.00179860E-32 2.24201942E-32 1.00000000E-40 1.00000000E-40 2.24134460E-36 1.00000000E-40 1.26534152E-31 9.96536765E-40 1.49756621E-35 9.64536991E-14 8.62182264E-24 5.02392799E-35 5.67968000E-38 1.00000000E-05 1.00000000E-05 1.00000000E-05 1.00000000E-05 1.00000000E-05 1.00000000E-05 1.00000000E-05 1.00000000E-05 1.00000000E-05 1.00000000E-05
1.55000000E+01 7.64056509E-02 4.50025441E+18 1.22971687E+02 1.00000000E+05 4.31973289E-09 2.28756691E-06 2.65575200E-03 2.27384978E-27 2.71809473E-10 2.98921839E-39 2.98921839E-39 2.98921839E-39 2.98921839E-39 2.98921838E-39 7.80599638E-11 7.41809278E-06 5.36107991E-13 4.64428822E-14 2.38694684E-09 2.29907367E-07 6.67388838E-07 1.11568869E-03 1.81486241E-18 1.36811598E-18 1.00000000E-40 1.00000000E-40 1.56801932E-37 3.74219255E-33 9.68431789E-27 1.11733452E-13 6.18444933E-19 1.74778656E-25 2.01640757E-27 1.21421945E-28 1.04712340E-15 1.45710879E-14 5.32947536E-09 6.90605046E-07 5.35211704E-37 3.84468118E-36 5.48812542E-13 3.60197614E-40 1.00000000E-40 4.53499643E-32 1.00000000E-40 4.95336172E-14 6.26422914E-12 4.14322285E-11 9.09723273E-11 7.69048391E-13 4.00659072E-08 3.39016697E-12 1.10465606E-18 1.17352715E-17 5.70519554E-09 3.75868195E-36 5.85462082E-26 1.78476649E-33 1.00000000E-40 3.88507034E-39 1.00000000E-40 4.02606202E-32 5.91667790E-33 2.14302929E-12 3.54430307E-40 1.00000000E-40 1.00000000E-40 1.00000000E-40 2.30680969E-38 4.90918823E-13 9.10513950E-33 1.01658931E-32 1.00000000E-40 4.26978134E-40 1.00000000E-40 1.00000000E-40 1.35540701E-31 1.13648954E-39 5.25111278E-37 2.69641724E-14 3.18465675E-24 5.10708800E-35 9.44177000E-38 1.00000000E-05 1.00000000E-05 1.00000000E-05 1.00000000E-05 1.00000000E-05 1.00000000E-05 1.00000000E-05 1.00000000E-05 1.00000000E-05 1.00000000E-05
1.65000000E+01 6.46314652E-02 3.99016595E+18 1.17319380E+02 1.00000000E+05 2.15732210E-10 1.89631167E-07 3.47999272E-04 3.21235633E-29 3.11684636E-11 1.06701512E-39 1.06701512E-39 1.06701512E-39 1.06701512E-39 1.06701512E-39 3.66395820E-10 7.03350400E-06 4.58499211E-13 4.86390605E-14 4.10992680E-09 2.52926968E-07 7.14831693E-07 3.76108799E-04 1.74813814E-18 1.52069568E-18 1.00000000E-40 1.00000000E-40 7.82403633E-38 3.97041333E-33 8.71294344E-27 8.87296479E-14 1.20266547E-19 7.98832755E-27 1.15126818E-27 3.94161232E-30 2.41874490E-17 6.14000966E-15 4.28203688E-09 1.42724915E-07 8.26248368E-39 4.37606484E-38 4.21538041E-13 4.75086050E-40 1.07066754E-40 5.69211657E-32 1.00000000E-40 4.55461209E-14 3.96394747E-12 6.90897821E-12 6.66220971E-12 3.77196059E-13 3.99578497E-08 6.26155172E-11 8.48094762E-20 1.23421275E-19 6.37100463E-09 3.69194297E-36 5.26873305E-26 9.75708301E-34 1.63959289E-33 3.01314930E-39 1.00000000E-40 2.68687791E-32 7.54418834E-33 2.04031686E-13 1.00000000E-40 1.00000000E-40 1.00000000E-40 1.00000000E-40 1.71553383E-38 2.48233883E-13 1.05881141E-32 2.91139502E-33 1.00000000E-40 1.23917041E-39 3.74807936E-38 2.00367675E-40 1.45923034E-31 1.00000000E-40 1.11969117E-37 1.45869917E-15 7.12105904E-25 3.48666109E-35 1.48455000E-37 1.00000000E-05 1.00000000E-05 1.00000000E-05 1.00000000E-05 1.00000000E-05 1.00000000E-05 1.00000000E-05 1.00000000E-05 1.00000000E-05 1.00000000E-05
1.75000000E+01 5.42108751E-02 3.51610471E+18 1.11671239E+02 1.00000000E+05 5.01869272E-11 1.19072795E-08 3.61747968E-05 2.98129563E-31 7.11013350E-13 2.65274693E-40 2.65274693E-40 2.65274693E-40 2.65274693E-40 2.65274693E-40 8.05200550E-10 6.76624231E-06 4.65544748E-13 3.60825524E-14 3.59840228E-09 2.80341833E-07 7.69997841E-07 1.12986446E-04 7.88792087E-19 8.95297844E-19 1.00000000E-40 1.00000000E-40 2.59902543E-38 5.16051936E-33 7.78218852E-27 2.65027329E-14 1.73009857E-20 1.47209267E-28 3.02782715E-28 9.72649134E-32 9.46555978E-19 2.59044678E-15 2.28699816E-09 2.47464020E-08 1.72362557E-39 8.72732923E-40 3.12884370E-13 6.09970491E-40 1.67678795E-40 7.00082283E-32 2.06593896E-37 3.39359270E-14 2.50156120E-12 7.61295519E-13 4.52206847E-14 3.33875072E-14 3.99525279E-08 5.20692822E-10 3.29248043E-20 2.58599707E-22 6.45675178E-09 3.63545188E-36 4.81898313E-26 1.30049525E-34 6.03450441E-34 2.04356021E-39 1.00000000E-40 1.99443739E-32 6.62391995E-33 1.61844412E-14 1.00000000E-40 1.00000000E-40 1.00000000E-40 1.00000000E-40 1.12449413E-38 1.30706426E-13 1.38497346E-32 9.41703743E-34 1.00000000E-40 2.32772733E-39 9.80887288E-39 6.97594662E-40 1.57807959E-31 1.00000000E-40 4.65777416E-38 6.28956838E-17 1.40469393E-25 2.84650299E-35 2.24578000E-37 1.00000000E-05 1.00000000E-05 1.00000000E-05 1.00000000E-05 1.00000000E-05 1.00000000E-05 1.00000000E-05 1.00000000E-05 1.00000000E-05 1.00000000E-05
1.85000000E+01 4.50469041E-02 3.07723139E+18 1.06028230E+02 1.00000000E+05 9.86254235E-12 6.82318294E-10 3.55475974E-06 2.18479674E-33 2.99908564E-15 1.00000000E-40 1.00000000E-40 1.00000000E-40 1.00000000E-40 1.00000000E-40 1.26733048E-09 6.89366454E-06 3.33642266E-13 2.32711124E-14 2.68848278E-09 3.11735354E-07 8.35501162E-07 3.05173148E-05 2.48955590E-19 4.49911835E-19 1.00000000E-40 1.00000000E-40 2.40346391E-38 5.99793929E-33 7.21235303E-27 7.30521231E-15 1.99751118E-21 1.12978075E-29 6.46216748E-29 1.94815373E-33 7.45510643E-20 8.11538457E-16 1.00844955E-09 3.68788504E-09 1.34250526E-39 1.00000000E-40 2.35966546E-13 9.18535010E-40 2.07595219E-40 8.00667382E-32 1.84378015E-39 2.07287152E-14 1.60929651E-12 1.23103755E-13 5.89116865E-17 5.99831721E-16 4.01614492E-08 1.18527982E-09 2.51917747E-20 7.76156656E-25 6.19468817E-09 3.61922220E-36 4.52191482E-26 3.25517907E-35 2.80828432E-34 1.56828723E-39 1.00000000E-40 1.78517526E-32 4.80975630E-33 1.42621291E-15 1.00000000E-40 1.00000000E-40 1.00000000E-40 1.00000000E-40 6.12528223E-39 5.33776892E-14 2.00572980E-32 3.24578870E-34 1.00000000E-40 3.53966950E-39 3.25466286E-39 5.47147262E-40 1.70390490E-31 1.00000000E-40 1.89125358E-38 2.19918722E-18 3.24617682E-26 3.02374147E-35 3.29438000E-37 1.00000000E-05 1.00000000E-05 1.00000000E-05 1.00000000E-05 1.00000000E-05 1.00000000E-05 1.00000000E-05 1.00000000E-05 1.00000000E-05 1.00000000E-05
1.95000000E+01 3.71097412E-02 2.65341205E+18 1.01297784E+02 1.00000000E+05 3.22047495E-12 6.32179419E-11 5.02155439E-07 2.92919520E-35 7.92059364E-17 1.00000000E-40 1.00000000E-40 1.00000000E-40 1.00000000E-40 1.00000000E-40 1.65650670E-09 7.38314675E-06 3.22075011E-13 1.53625681E-14 2.43243135E-09 3.42142867E-07 9.04224813E-07 1.00380831E-05 9.70192748E-20 2.49384339E-19 1.00000000E-40 1.00000000E-40 2.58764249E-38 5.31650606E-33 7.06573082E-27 2.97569347E-15 2.84300800E-22 2.33690469E-30 1.52923023E-29 5.60058192E-35 1.14388330E-20 2.56807201E-16 5.09764364E-10 7.02249272E-10 1.12029785E-39 1.00000000E-40 1.85395768E-13 1.22343098E-39 2.40962970E-40 8.64082954E-32 3.30233554E-40 1.30110055E-14 1.12127415E-12 4.75558178E-14 1.13596376E-19 2.31738347E-17 4.04768668E-08 1.69165581E-09 1.41938993E-20 2.10168316E-26 5.91368578E-09 3.64738295E-36 4.36087154E-26 1.57456733E-35 1.58359361E-34 1.39663873E-39 1.00000000E-40 1.76597473E-32 3.36811814E-33 2.79972406E-16 1.00000000E-40 1.00000000E-40 1.00000000E-40 1.00000000E-40 3.51387729E-39 2.14063369E-14 2.47729942E-32 1.36521940E-34 1.00000000E-40 4.65636669E-39 1.27447667E-39 3.37727760E-40 1.81000532E-31 1.00000000E-40 7.92183747E-39 1.33406349E-19 1.01051369E-26 3.36570809E-35 4.73890000E-37 1.00000000E-05 1.00000000E-05 1.00000000E-05 1.00000000E-05 1.00000000E-05 1.00000000E-05 1.00000000E-05 1.00000000E-05 1.00000000E-05 1.00000000E-05
2.05000000E+01 3.05029133E-02 2.20613388E+18 1.00144286E+02 1.00000000E+05 2.31327641E-12 1.68024486E-11 1.12115448E-07 7.47149754E-36 4.83075696E-17 1.00000000E-40 1.00000000E-40 1.00000000E-40 1.00000000E-40 1.00000000E-40 2.08232704E-09 8.29116006E-06 4.01296526E-13 1.60852552E-14 2.67181969E-09 3.83375036E-07 1.00458246E-06 7.36367047E-06 8.36478351E-20 1.60242194E-19 1.00000000E-40 1.00000000E-40 3.01535693E-38 5.49311534E-33 7.33166131E-27 1.97752381E-15 9.15882282E-23 8.17705919E-31 5.45431632E-30 8.45651614E-36 4.89895039E-21 1.36909571E-16 3.26475381E-10 3.89631973E-10 8.00888263E-40 1.00000000E-40 1.57139459E-13 1.40431447E-39 2.83088184E-40 9.35622196E-32 3.05419278E-40 1.23902079E-14 8.69160535E-13 3.75154019E-14 1.91139650E-20 8.43603136E-18 4.22202319E-08 2.12700563E-09 1.30142453E-20 7.68846319E-27 5.89402715E-09 3.81838833E-36 4.41172233E-26 9.65176283E-36 9.13641944E-35 1.37606725E-39 1.00000000E-40 1.80817182E-32 2.95573879E-33 1.69982771E-16 1.00000000E-40 1.00000000E-40 1.00000000E-40 1.00000000E-40 3.19293148E-39 1.20658341E-14 2.74558703E-32 1.10879512E-34 1.20447560E-40 5.28455587E-39 6.78332069E-40 3.36203666E-40 1.97084157E-31 1.00000000E-40 6.00948492E-39 5.34810523E-20 3.81232044E-27 3.60129718E-35 6.72091000E-37 1.00000000E-05 1.00000000E-05 1.00000000E-05 1.00000000E-05 1.00000000E-05 1.00000000E-05 1.00000000E-05 1.00000000E-05 1.00000000E-05 1.00000000E-05
2.15000000E+01 2.50687353E-02 1.81443146E+18 1.00071077E+02 1.00000000E+05 2.06273636E-12 1.16659371E-11 4.96449203E-08 7.79613443E-36 4.78373762E-17 1.00000000E-40 1.00000000E-40 1.00000000E-40 1.00000000E-40 1.00000000E-40 2.58360068E-09 9.44593990E-06 4.36094386E-13 1.90817917E-14 3.39492766E-09 4.34201069E-07 1.12969818E-06 7.89970144E-06 9.12739568E-20 1.10122445E-19 1.00000000E-40 1.00000000E-40 3.36011372E-38 5.36312563E-33 7.76573017E-27 1.70754254E-15 3.94248555E-23 3.33427778E-31 2.21349086E-30 4.65650121E-36 2.93660487E-21 8.67173313E-17 2.55209865E-10 3.77013819E-10 5.68551405E-40 1.00000000E-40 1.37646591E-13 1.42991139E-39 3.30561304E-40 1.00921988E-31 2.85035933E-40 1.25683290E-14 7.01194895E-13 4.07156765E-14 1.97661894E-20 7.43054357E-18 4.46554619E-08 2.55214787E-09 1.37420104E-20 6.55049153E-27 6.00901677E-09 4.05537618E-36 4.54518866E-26 5.89352495E-36 4.90193649E-35 1.40693109E-39 1.00000000E-40 1.89358972E-32 2.91332183E-33 1.61186663E-16 1.00000000E-40 1.00000000E-40 1.00000000E-40 1.00000000E-40 3.44906426E-39 7.60952759E-15 2.72698736E-32 1.08895658E-34 1.53463367E-40 5.63518059E-39 3.49559005E-40 3.56350514E-40 2.17866106E-31 1.00000000E-40 4.85994196E-39 4.59412947E-20 1.53329853E-27 3.97528184E-35 9.41382000E-37 1.00000000E-05 1.00000000E-05 1.00000000E-05 1.00000000E-05 1.00000000E-05 1.00000000E-05 1.00000000E-05 1.00000000E-05 1.00000000E-05 1.00000000E-05
2.25000000E+01 2.06020522E-02 1.49136899E+18 1.00055759E+02 1.00000000E+05 1.88994356E-12 1.14452335E-11 3.99354771E-08 8.98276756E-36 5.07078184E-17 1.00000000E-40 1.00000000E-40 1.00000000E-40 1.00000000E-40 1.00000000E-40 3.16185645E-09 1.07650030E-05 4.27058323E-13 2.25146866E-14 4.76329572E-09 4.92129335E-07 1.27196669E-06 9.32021655E-06 1.01399806E-19 7.83868535E-20 1.00000000E-40 1.15048203E-40 3.48815379E-38 4.66247183E-33 8.25585565E-27 1.76529751E-15 1.95491466E-23 1.37915636E-31 9.03663912E-31 4.57408999E-36 1.97794994E-21 5.83164591E-17 2.38441757E-10 4.25540598E-10 4.38917980E-40 1.00000000E-40 1.21718118E-13 1.34025706E-39 3.80187455E-40 1.07342036E-31 2.52264306E-40 1.20681983E-14 5.70604849E-13 5.19832577E-14 3.15425359E-20 7.52359248E-18 4.72293230E-08 2.96096651E-09 1.43466696E-20 7.05904180E-27 6.17544429E-09 4.30670743E-36 4.69066739E-26 3.52307420E-36 2.39297629E-35 1.45215848E-39 1.00000000E-40 2.01678896E-32 2.94913812E-33 1.80359460E-16 1.00000000E-40 1.00000000E-40 1.00000000E-40 1.00000000E-40 3.86315744E-39 5.06042138E-15 2.47546497E-32 1.07998090E-34 1.93097522E-40 5.82991824E-39 1.57625364E-40 3.43002746E-40 2.41943793E-31 1.00000000E-40 3.54595091E-39 4.55622267E-20 6.28906773E-28 4.52864966E-35 1.30958000E-36 1.00000000E-05 1.00000000E-05 1.00000000E-05 1.00000000E-05 1.00000000E-05 1.00000000E-05 1.00000000E-05 1.00000000E-05 1.00000000E-05 1.00000000E-05
2.35000000E+01 1.69307947E-02 1.22577013E+18 1.00042613E+02 1.00000000E+05 1.72717345E-12 1.24383388E-11 4.13678509E-08 1.04751284E-35 5.45569404E-17 1.00000000E-40 1.00000000E-40 1.00000000E-40 1.00000000E-40 1.00000000E-40 3.82478442E-09 1.22485046E-05 3.97477116E-13 2.61165064E-14 7.01316927E-09 5.57364190E-07 1.43156803E-06 1.12327941E-05 1.11077324E-19 5.76181450E-20 1.00000000E-40 1.40818478E-40 3.47623575E-38 3.77920794E-33 8.78099138E-27 2.06907794E-15 1.10473198E-23 5.72884860E-32 3.68410262E-31 5.28427099E-36 1.43807196E-21 4.13625564E-17 2.55705555E-10 5.02242286E-10 3.75445293E-40 1.00000000E-40 1.08120182E-13 1.21426969E-39 4.30727383E-40 1.12458264E-31 2.07882663E-40 1.10598851E-14 4.65427813E-13 7.15840135E-14 5.80251405E-20 7.79452211E-18 4.98225308E-08 3.34677347E-09 1.45020126E-20 8.33722927E-27 6.38077955E-09 4.56116579E-36 4.83347556E-26 2.22419545E-36 1.08078133E-35 1.50297483E-39 1.00000000E-40 2.18002663E-32 2.98468862E-33 2.17408321E-16 1.00000000E-40 1.00000000E-40 1.00000000E-40 1.00000000E-40 4.33570858E-39 3.55022265E-15 2.14201591E-32 1.06180416E-34 2.45994320E-40 5.83899553E-39 1.00000000E-40 3.12032351E-40 2.69460069E-31 1.00000000E-40 2.39148565E-39 4.55144108E-20 2.61495772E-28 5.29726234E-35 1.81907000E-36 1.00000000E-05 1.00000000E-05 1.00000000E-05 1.00000000E-05 1.00000000E-05 1.00000000E-05 1.00000000E-05 1.00000000E-05 1.00000000E-05 1.00000000E-05
2.45000000E+01 1.39135044E-02 1.00741246E+18 1.00033607E+02 1.00000000E+05 1.57285605E-12 1.40165059E-11 4.57405942E-08 1.22608741E-35 5.90154023E-17 1.00000000E-40 1.00000000E-40 1.00000000E-40 1.00000000E-40 1.00000000E-40 4.58078242E-09 1.39109056E-05 3.61534916E-13 2.99428739E-14 1.04202193E-08 6.30753043E-07 1.61045202E-06 1.36148562E-05 1.19676900E-19 4.38047415E-20 1.00000000E-40 1.72145347E-40 3.42068669E-38 2.98797918E-33 9.33556908E-27 2.61208103E-15 7.01208502E-24 2.39850698E-32 1.50776440E-31 6.33428465E-36 1.11513976E-21 3.08766558E-17 2.98677119E-10 6.02844930E-10 3.50758288E-40 1.00000000E-40 9.63655088E-14 1.10224853E-39 4.81106371E-40 1.16137803E-31 1.63781137E-40 9.93729523E-15 3.80442078E-13 1.01134786E-13 1.13215772E-19 8.11631527E-18 5.24012822E-08 3.70487023E-09 1.42295504E-20 1.02276219E-26 6.62498638E-09 4.81541941E-36 4.96956769E-26 1.58448480E-36 4.64775386E-36 1.55725994E-39 1.00000000E-40 2.38378934E-32 3.00063364E-33 2.69211748E-16 1.00000000E-40 1.00000000E-40 1.00000000E-40 1.00000000E-40 4.78888662E-39 2.62750208E-15 1.83003363E-32 1.03839447E-34 3.17955607E-40 5.69334486E-39 1.00000000E-40 2.79522442E-40 3.00934784E-31 1.00000000E-40 1.56308364E-39 4.51036170E-20 1.10479407E-28 6.28102646E-35 2.52127000E-36 1.00000000E-05 1.00000000E-05 1.00000000E-05 1.00000000E-05 1.00000000E-05 1.00000000E-05 1.00000000E-05 1.00000000E-05 1.00000000E-05 1.00000000E-05
2.55000000E+01 1.14338823E-02 8.27893934E+17 1.00031259E+02 1.00000000E+05 1.43040625E-12 1.60405904E-11 5.11750173E-08 1.43949885E-35 6.40762243E-17 1.00000000E-40 1.00000000E-40 1.00000000E-40 1.00000000E-40 1.00000000E-40 5.43927085E-09 1.57712485E-05 3.25577735E-13 3.40847070E-14 1.53034085E-08 7.13465366E-07 1.81136386E-06 1.65466351E-05 1.27185964E-19 3.44655962E-20 1.00000000E-40 2.10848842E-40 3.37644672E-38 2.36322433E-33 9.91629832E-27 3.43078558E-15 4.90759959E-24 1.01973617E-32 6.24553164E-32 7.67818233E-36 9.14777049E-22 2.41492063E-17 3.65298130E-10 7.29683476E-10 3.49922485E-40 1.00000000E-40 8.61429949E-14 1.01959848E-39 5.30282471E-40 1.18360537E-31 1.26281897E-40 8.92279449E-15 3.11976648E-13 1.42968037E-13 2.27463309E-19 8.47202345E-18 5.49512302E-08 4.03251882E-09 1.36287960E-20 1.27266710E-26 6.90988706E-09 5.06791627E-36 5.09711527E-26 1.27489397E-36 1.97191342E-36 1.61439222E-39 1.00000000E-40 2.62663744E-32 2.99424829E-33 3.34552549E-16 1.00000000E-40 1.00000000E-40 1.00000000E-40 1.00000000E-40 5.17326329E-39 2.04254161E-15 1.57438177E-32 1.01341714E-34 4.15942338E-40 5.43244090E-39 1.00000000E-40 2.52293802E-40 3.37075980E-31 1.00000000E-40 1.02142414E-39 4.45936861E-20 4.76906856E-29 7.46389031E-35 3.50082000E-36 1.00000000E-05 1.00000000E-05 1.00000000E-05 1.00000000E-05 1.00000000E-05 1.00000000E-05 1.00000000E-05 1.00000000E-05 1.00000000E-05 1.00000000E-05
2.65000000E+01 9.39619554E-03 6.80341876E+17 1.00032601E+02 1.00000000E+05 1.30027046E-12 1.85033232E-11 5.75444524E-08 1.69447245E-35 6.97831459E-17 1.00000000E-40 1.00000000E-40 1.00000000E-40 1.00000000E-40 1.00000000E-40 6.41076791E-09 1.78506254E-05 2.91873603E-13 3.85942574E-14 2.20374831E-08 8.06920868E-07 2.03763307E-06 2.01372484E-05 1.33705763E-19 2.80188852E-20 1.00000000E-40 2.58894830E-40 3.36515423E-38 1.88879758E-33 1.05193196E-26 4.59777558E-15 3.72662529E-24 4.47137537E-33 2.66170638E-32 9.34742082E-36 7.88537738E-22 1.96958948E-17 4.57386806E-10 8.86813866E-10 3.65924321E-40 1.00000000E-40 7.72060022E-14 9.65238805E-40 5.77243591E-40 1.19174414E-31 1.00000000E-40 8.08227547E-15 2.56957690E-13 2.00103033E-13 4.63281745E-19 8.85288625E-18 5.74606815E-08 4.32826430E-09 1.27971031E-20 1.58763100E-26 7.23691871E-09 5.31735896E-36 5.21458563E-26 1.11404372E-36 8.58674366E-37 1.67374672E-39 1.00000000E-40 2.90561080E-32 2.96612125E-33 4.12999990E-16 1.00000000E-40 1.00000000E-40 1.00000000E-40 1.00000000E-40 5.46428788E-39 1.65936673E-15 1.37489859E-32 9.87666430E-35 5.49297744E-40 5.09047733E-39 1.00000000E-40 2.31476652E-40 3.78739589E-31 1.00000000E-40 6.77207810E-40 4.41830724E-20 2.13423846E-29 8.82159016E-35 4.91033000E-36 1.00000000E-05 1.00000000E-05 1.00000000E-05 1.00000000E-05 1.00000000E-05 1.00000000E-05 1.00000000E-05 1.00000000E-05 1.00000000E-05 1.00000000E-05
2.75000000E+01 7.72169543E-03 5.59082819E+17 1.00035291E+02 1.00000000E+05 1.18180075E-12 2.14319126E-11 6.49248230E-08 1.99837621E-35 7.62090985E-17 1.00000000E-40 1.00000000E-40 1.00000000E-40 1.00000000E-40 1.00000000E-40 7.50728211E-09 2.01725571E-05 2.61012878E-13 4.35017833E-14 3.10701926E-08 9.12846461E-07 2.29331289E-06 2.45217894E-05 1.39412493E-19 2.34536619E-20 1.00000000E-40 3.18616349E-40 3.39412869E-38 1.52964137E-33 1.11403478E-26 6.22492092E-15 3.03174916E-24 2.13280708E-33 1.22851054E-32 1.13991797E-35 7.10268437E-22 1.66802450E-17 5.79667282E-10 1.07972536E-09 3.95769558E-40 1.00000000E-40 6.93547349E-14 9.33628395E-40 6.21061943E-40 1.18680492E-31 1.00000000E-40 7.41218431E-15 2.12795350E-13 2.76382015E-13 9.49663856E-19 9.25475024E-18 5.99205137E-08 4.59173355E-09 1.18199639E-20 1.97540122E-26 7.60744605E-09 5.56269767E-36 5.32070218E-26 1.02144133E-36 3.97160203E-37 1.73452062E-39 1.00000000E-40 3.21658965E-32 2.91756216E-33 5.04784301E-16 1.00000000E-40 1.00000000E-40 1.00000000E-40 1.00000000E-40 5.65594174E-39 1.40214243E-15 1.22106826E-32 9.60960223E-35 7.30745572E-40 4.69516668E-39 1.00000000E-40 2.16366150E-40 4.26959378E-31 1.00000000E-40 4.58052389E-40 4.39712146E-20 1.03989310E-29 1.03253030E-34 7.03856000E-36 1.00000000E-05 1.00000000E-05 1.00000000E-05 1.00000000E-05 1.00000000E-05 1.00000000E-05 1.00000000E-05 1.00000000E-05 1.00000000E-05 1.00000000E-05
2.85000000E+01 6.34565605E-03 4.59434393E+17 1.00039092E+02 1.00000000E+05 1.07437693E-12 2.48689897E-11 7.33366216E-08 2.35971837E-35 8.34660123E-17 1.00000000E-40 1.00000000E-40 1.00000000E-40 1.00000000E-40 1.00000000E-40 8.74271517E-09 2.27636065E-05 2.33017645E-13 4.88377200E-14 4.29444630E-08 1.03336282E-06 2.58339072E-06 2.98730150E-05 1.44550048E-19 2.01247780E-20 1.00000000E-40 3.92933835E-40 3.46691046E-38 1.25483826E-33 1.17749945E-26 8.47245768E-15 2.61592323E-24 1.26424998E-33 7.04662114E-33 1.39172094E-35 6.65365940E-22 1.46119812E-17 7.39529796E-10 1.31588293E-09 4.38409803E-40 1.00000000E-40 6.24272963E-14 9.19186762E-40 6.60918587E-40 1.17017972E-31 1.00000000E-40 6.88894979E-15 1.77342542E-13 3.76726239E-13 1.95584467E-18 9.68303594E-18 6.23253812E-08 4.82346625E-09 1.07698143E-20 2.44852705E-26 8.02333635E-09 5.80323232E-36 5.41452007E-26 9.64750727E-37 1.98071622E-37 1.79586381E-39 1.00000000E-40 3.55461251E-32 2.85033099E-33 6.10885825E-16 1.00000000E-40 1.00000000E-40 1.00000000E-40 1.00000000E-40 5.75360870E-39 1.22694422E-15 1.10181535E-32 9.33150870E-35 9.77698847E-40 4.26969154E-39 1.00000000E-40 2.05978545E-40 4.82993580E-31 1.00000000E-40 3.16474315E-40 4.40223570E-20 6.34234149E-30 1.19432851E-34 1.05387000E-35 1.00000000E-05 1.00000000E-05 1.00000000E-05 1.00000000E-05 1.00000000E-05 1.00000000E-05 1.00000000E-05 1.00000000E-05 1.00000000E-05 1.00000000E-05
2.95000000E+01 5.21488274E-03 3.77546403E+17 1.00043972E+02 1.00000000E+05 9.77391919E-13 2.88755366E-11 8.28951716E-08 2.78855623E-35 9.16919944E-17 1.00000000E-40 1.00000000E-40 1.00000000E-40 1.00000000E-40 1.00000000E-40 1.01329958E-08 2.56533256E-05 2.07749657E-13 5.46359623E-14 5.83247717E-08 1.17105598E-06 2.91396045E-06 3.64054182E-05 1.49366780E-19 1.76204598E-20 1.00000000E-40 4.85585413E-40 3.58736663E-38 1.04129292E-33 1.24187247E-26 1.15615452E-14 2.37323186E-24 1.12914163E-33 6.14582095E-33 1.70097054E-35 6.45454187E-22 1.31909222E-17 9.47153467E-10 1.60478639E-09 4.93759928E-40 1.00000000E-40 5.62907231E-14 9.17365168E-40 6.96102976E-40 1.14345961E-31 1.00000000E-40 6.48688864E-15 1.48841299E-13 5.07468779E-13 4.04667536E-18 1.01500684E-17 6.46726557E-08 5.02457029E-09 9.70259038E-21 3.02459237E-26 8.48722366E-09 6.03851435E-36 5.49530900E-26 9.30697838E-37 1.05513495E-37 1.85697932E-39 1.00000000E-40 3.91411227E-32 2.76632897E-33 7.32979698E-16 1.00000000E-40 1.00000000E-40 1.00000000E-40 1.00000000E-40 5.76754351E-39 1.10726941E-15 1.00812189E-32 9.04155463E-35 1.31426479E-39 3.83378570E-39 1.00000000E-40 1.99432337E-40 5.48364538E-31 1.00000000E-40 2.23206835E-40 4.43691985E-20 5.87897494E-30 1.36414974E-34 1.66279000E-35 1.00000000E-05 1.00000000E-05 1.00000000E-05 1.00000000E-05 1.00000000E-05 1.00000000E-05 1.00000000E-05 1.00000000E-05 1.00000000E-05 1.00000000E-05
3.05000000E+01 4.28566115E-03 3.10253576E+17 1.00050152E+02 1.00000000E+05 8.90287993E-13 3.35293332E-11 9.37188263E-08 3.29733977E-35 1.01050422E-16 1.00000000E-40 1.00000000E-40 1.00000000E-40 1.00000000E-40 1.00000000E-40 1.16962993E-08 2.88744726E-05 1.85043562E-13 6.09391264E-14 7.80289918E-08 1.32907609E-06 3.29246233E-06 4.43852259E-05 1.54101818E-19 1.56778572E-20 1.00000000E-40 6.01396436E-40 3.76144145E-38 8.72670226E-34 1.30669720E-26 1.57917651E-14 2.24649367E-24 1.45524893E-33 7.86095693E-33 2.08155631E-35 6.45848531E-22 1.22280383E-17 1.21590025E-09 1.95840697E-09 5.62165674E-40 1.00000000E-40 5.08360688E-14 9.24665439E-40 7.26021622E-40 1.10830426E-31 1.00000000E-40 6.18426983E-15 1.25869674E-13 6.76794389E-13 8.41811834E-18 1.06771181E-17 6.69623559E-08 5.19647684E-09 8.65895096E-21 3.72768663E-26 9.00286041E-09 6.26834033E-36 5.56253805E-26 9.13149628E-37 5.86599143E-38 1.91721338E-39 1.00000000E-40 4.28917045E-32 2.66762498E-33 8.73515546E-16 1.00000000E-40 1.00000000E-40 1.00000000E-40 1.00000000E-40 5.70987707E-39 1.02662376E-15 9.33229100E-33 8.74026218E-35 1.77396028E-39 3.40347700E-39 1.00000000E-40 1.96057681E-40 6.24912128E-31 1.00000000E-40 1.60485327E-40 4.50323757E-20 8.04341036E-30 1.53846700E-34 2.72334000E-35 1.00000000E-05 1.00000000E-05 1.00000000E-05 1.00000000E-05 1.00000000E-05 1.00000000E-05 1.00000000E-05 1.00000000E-05 1.00000000E-05 1.00000000E-05
3.15000000E+01 3.52206970E-03 2.54954153E+17 1.00058174E+02 1.00000000E+05 8.12538817E-13 3.89297163E-11 1.05917356E-07 3.90194680E-35 1.11729164E-16 1.00000000E-40 1.00000000E-40 1.00000000E-40 1.00000000E-40 1.00000000E-40 1.34534106E-08 3.24635203E-05 1.64742537E-13 6.78040640E-14 1.03067818E-07 1.51126740E-06 3.72799946E-06 5.41437447E-05 1.58985037E-19 1.41288216E-20 1.14488281E-40 7.46594568E-40 3.99788421E-38 7.37557623E-34 1.37153263E-26 2.15637069E-14 2.20376104E-24 2.24180943E-33 1.19194212E-32 2.55135399E-35 6.64256193E-22 1.16019385E-17 1.56292546E-09 2.39182186E-09 6.44080734E-40 1.00000000E-40 4.59748833E-14 9.38419060E-40 7.50206298E-40 1.06635139E-31 1.00000000E-40 5.96448062E-15 1.07287762E-13 8.95331992E-13 1.76399123E-17 1.13022683E-17 6.91975450E-08 5.34078014E-09 7.66661959E-21 4.59085573E-26 9.57548883E-09 6.49279102E-36 5.61589998E-26 9.08845540E-37 3.32735579E-38 1.97611091E-39 1.00000000E-40 4.67379098E-32 2.55649129E-33 1.03587960E-15 1.00000000E-40 1.00000000E-40 1.00000000E-40 1.00000000E-40 5.59308675E-39 9.74500636E-16 8.72207860E-33 8.42961740E-35 2.40339229E-39 2.99103356E-39 1.00000000E-40 1.95389325E-40 7.14863012E-31 1.00000000E-40 1.17460166E-40 4.60337551E-20 1.30920630E-29 1.71375398E-34 4.60157000E-35 1.00000000E-05 1.00000000E-05 1.00000000E-05 1.00000000E-05 1.00000000E-05 1.00000000E-05 1.00000000E-05 1.00000000E-05 1.00000000E-05 1.00000000E-05
3.25000000E+01 2.89458479E-03 2.09511834E+17 1.00067819E+02 1.00000000E+05 7.43522311E-13 4.52059387E-11 1.19756253E-07 4.62220547E-35 1.23918116E-16 1.00000000E-40 1.00000000E-40 1.00000000E-40 1.00000000E-40 1.00000000E-40 1.54278356E-08 3.64605437E-05 1.46686270E-13 7.52965851E-14 1.34690646E-07 1.72228838E-06 4.23163378E-06 6.60826628E-05 1.64207095E-19 1.28648189E-20 1.33767584E-40 9.29174802E-40 4.30846495E-38 6.27870393E-34 1.43594554E-26 2.94053700E-14 2.22657144E-24 3.55956070E-33 1.88653940E-32 3.13203939E-35 6.99963753E-22 1.12321185E-17 2.00993097E-09 2.92332009E-09 7.39886868E-40 1.00000000E-40 4.16353827E-14 9.56567485E-40 7.68322060E-40 1.01913859E-31 1.00000000E-40 5.81477074E-15 9.21860838E-14 1.17686884E-12 3.74101883E-17 1.21187922E-17 7.13832195E-08 5.45901560E-09 6.74185866E-21 5.65710122E-26 1.02119199E-08 6.71213938E-36 5.65522286E-26 9.15809096E-37 1.89705536E-38 2.03339235E-39 1.00000000E-40 5.06204478E-32 2.43517876E-33 1.22436464E-15 1.00000000E-40 1.00000000E-40 1.00000000E-40 1.00000000E-40 5.42842920E-39 9.44015133E-16 8.21479425E-33 8.11141797E-35 3.26735199E-39 2.60523125E-39 1.00000000E-40 1.97084425E-40 8.20894300E-31 1.00000000E-40 1.00000000E-40 4.73833181E-20 2.21420594E-29 1.88653972E-34 8.18591000E-35 1.00000000E-05 1.00000000E-05 1.00000000E-05 1.00000000E-05 1.00000000E-05 1.00000000E-05 1.00000000E-05 1.00000000E-05 1.00000000E-05 1.00000000E-05
3.35000000E+01 2.37894485E-03 1.72169756E+17 1.00079293E+02 1.00000000E+05 6.82667325E-13 5.25109371E-11 1.35363604E-07 5.48324102E-35 1.37784029E-16 1.00000000E-40 1.00000000E-40 1.00000000E-40 1.00000000E-40 1.00000000E-40 1.76462957E-08 4.09099536E-05 1.30717320E-13 8.35040126E-14 1.74444481E-07 1.96780067E-06 4.81685082E-06 8.07014638E-05 1.69958002E-19 1.18154766E-20 1.54887744E-40 1.15930450E-39 4.70848085E-38 5.37862124E-34 1.49953613E-26 4.00081090E-14 2.30469608E-24 5.60266981E-33 2.94156836E-32 3.85158063E-35 7.53634711E-22 1.10659749E-17 2.58422581E-09 3.57586507E-09 8.49711575E-40 1.00000000E-40 3.77609657E-14 9.77500270E-40 7.80186540E-40 9.68080277E-32 1.00000000E-40 5.72627646E-15 7.98435176E-14 1.53938870E-12 8.22465703E-17 1.35110680E-17 7.35273227E-08 5.55264232E-09 5.89357249E-21 6.98517789E-26 1.09209078E-08 6.92694912E-36 5.68054898E-26 9.32861764E-37 1.07985009E-38 2.08897449E-39 1.00000000E-40 5.44830214E-32 2.30607546E-33 1.44459595E-15 1.00000000E-40 1.00000000E-40 1.00000000E-40 1.00000000E-40 5.22643366E-39 9.30673330E-16 7.78443664E-33 7.78867682E-35 4.45505436E-39 2.25158791E-39 1.00000000E-40 2.00935817E-40 9.46233016E-31 1.00000000E-40 1.00000000E-40 4.91072436E-20 3.71299619E-29 2.05355159E-34 1.58614000E-34 1.00000000E-05 1.00000000E-05 1.00000000E-05 1.00000000E-05 1.00000000E-05 1.00000000E-05 1.00000000E-05 1.00000000E-05 1.00000000E-05 1.00000000E-05
3.45000000E+01 1.95521288E-03 1.41484066E+17 1.00092891E+02 1.00000000E+05 6.29419818E-13 6.10309545E-11 1.52859017E-07 6.51651334E-35 1.53242419E-16 1.00000000E-40 1.00000000E-40 1.00000000E-40 1.00000000E-40 1.00000000E-40 2.01389960E-08 4.58605809E-05 1.16675032E-13 9.25391916E-14 2.24246441E-07 2.25467055E-06 5.50005603E-06 9.86229938E-05 1.76427026E-19 1.09346334E-20 1.77688298E-40 1.44975573E-39 5.21700030E-38 4.63352778E-34 1.56193383E-26 5.42702658E-14 2.43297215E-24 8.60313282E-33 4.49106912E-32 4.74632336E-35 8.27195316E-22 1.10693573E-17 3.32004747E-09 4.37839481E-09 9.73334894E-40 1.00000000E-40 3.43078819E-14 9.99934918E-40 7.85771205E-40 9.14437101E-32 1.00000000E-40 5.69308453E-15 6.96890178E-14 2.00645929E-12 2.01352635E-16 1.68404287E-17 7.56403372E-08 5.62294831E-09 5.12514690E-21 8.65585368E-26 1.17133386E-08 7.13804088E-36 5.69208866E-26 9.59341259E-37 6.13854264E-39 2.14294334E-39 1.00000000E-40 5.82737026E-32 2.17160870E-33 1.70387773E-15 1.00000000E-40 1.00000000E-40 1.00000000E-40 1.00000000E-40 4.99648481E-39 9.31559752E-16 7.41190914E-33 7.46498751E-35 6.08817488E-39 1.93294512E-39 1.00000000E-40 2.06828529E-40 1.09476458E-30 1.00000000E-40 1.00000000E-40 5.12497627E-20 6.09071994E-29 2.21179000E-34 3.39779000E-34 1.00000000E-05 1.00000000E-05 1.00000000E-05 1.00000000E-05 1.00000000E-05 1.00000000E-05 1.00000000E-05 1.00000000E-05 1.00000000E-05 1.00000000E-05
3.55000000E+01 1.60700714E-03 1.16267810E+17 1.00109439E+02 1.00000000E+05 5.83277816E-13 7.09859061E-11 1.72167852E-07 7.76157090E-35 1.69143138E-16 1.00000000E-40 1.00000000E-40 1.00000000E-40 1.00000000E-40 1.00000000E-40 2.29399986E-08 5.13659096E-05 1.04400124E-13 1.02552603E-13 2.86477389E-07 2.59123435E-06 6.30122864E-06 1.20638204E-04 1.83825183E-19 1.01916679E-20 2.01956322E-40 1.81634612E-39 5.85723936E-38 4.01246406E-34 1.62279887E-26 7.33544782E-14 2.60983640E-24 1.29174220E-32 6.67687747E-32 5.86541179E-35 9.23988175E-22 1.12215744E-17 4.26030374E-09 5.36829438E-09 1.11010281E-39 1.00000000E-40 3.12438249E-14 1.02283559E-39 7.85196746E-40 8.59305200E-32 1.00000000E-40 5.71192913E-15 6.12710690E-14 2.60921877E-12 5.76854508E-16 2.46202199E-17 7.77354907E-08 5.67102288E-09 4.43642625E-21 1.07838182E-25 1.26025597E-08 7.34651029E-36 5.69021379E-26 9.94995031E-37 3.50827709E-39 2.19554423E-39 1.00000000E-40 6.19464821E-32 2.03421250E-33 2.01191470E-15 1.00000000E-40 1.00000000E-40 1.00000000E-40 1.00000000E-40 4.74700778E-39 9.44878754E-16 7.08301412E-33 7.14471065E-35 8.33055390E-39 1.64998086E-39 1.00000000E-40 2.14738282E-40 1.27117859E-30 1.00000000E-40 1.00000000E-40 5.38887821E-20 9.73821408E-29 2.35862644E-34 7.82970000E-34 1.00000000E-05 1.00000000E-05 1.00000000E-05 1.00000000E-05 1.00000000E-05 1.00000000E-05 1.00000000E-05 1.00000000E-05 1.00000000E-05 1.00000000E-05
3.65000000E+01 1.32086768E-03 9.55455528E+16 1.00130309E+02 1.00000000E+05 5.43768275E-13 8.26430573E-11 1.93103585E-07 9.26813506E-35 1.82045902E-16 1.00000000E-40 1.00000000E-40 1.00000000E-40 1.00000000E-40 1.00000000E-40 2.60879824E-08 5.74849769E-05 9.37434530E-14 1.13742952E-13 3.64107573E-07 2.98765596E-06 7.24480610E-06 1.47757569E-04 1.92395783E-19 9.56589496E-21 2.27435600E-40 2.27838536E-39 6.65684713E-38 3.49191822E-34 1.68183538E-26 9.87598897E-14 2.83638031E-24 1.88554252E-32 9.65296149E-32 7.27571905E-35 1.04904194E-21 1.15118223E-17 5.45886472E-09 6.59423359E-09 1.25887893E-39 1.00000000E-40 2.85470219E-14 1.04534937E-39 7.78715108E-40 8.03619413E-32 1.00000000E-40 5.78175572E-15 5.42332939E-14 3.38913641E-12 1.72146958E-15 3.76425103E-17 7.98294774E-08 5.69778239E-09 3.82473868E-21 1.35346122E-25 1.36048553E-08 7.55379845E-36 5.67548122E-26 1.03989820E-36 2.04351842E-39 2.24718777E-39 1.00000000E-40 6.54630054E-32 1.89619165E-33 2.38172564E-15 1.00000000E-40 1.00000000E-40 1.00000000E-40 1.00000000E-40 4.48544854E-39 9.69640280E-16 6.78698518E-33 6.83251741E-35 1.14003661E-38 1.40176980E-39 1.00000000E-40 2.24725241E-40 1.48116657E-30 1.00000000E-40 1.00000000E-40 5.71395416E-20 1.51653921E-28 2.49188925E-34 1.84656000E-33 1.00000000E-05 1.00000000E-05 1.00000000E-05 1.00000000E-05 1.00000000E-05 1.00000000E-05 1.00000000E-05 1.00000000E-05 1.00000000E-05 1.00000000E-05
3.75000000E+01 1.08573044E-03 7.85172510E+16 1.00155233E+02 1.00000000E+05 5.10274532E-13 9.63454751E-11 2.16229878E-07 1.10957150E-34 1.86865511E-16 1.00000000E-40 1.00000000E-40 1.00000000E-40 1.00000000E-40 1.00000000E-40 2.96259051E-08 6.42808915E-05 8.45490221E-14 1.26327594E-13 4.60839999E-07 3.45619720E-06 8.36039025E-06 1.81208924E-04 2.02330285E-19 9.04245949E-21 2.53834202E-40 2.85918535E-39 7.64776995E-38 3.05306845E-34 1.73874315E-26 1.32399372E-13 3.11462785E-24 2.67890079E-32 1.36051278E-31 9.05984270E-35 1.20895571E-21 1.19330537E-17 6.98316559E-09 8.11553158E-09 1.41821669E-39 1.00000000E-40 2.62045104E-14 1.06675304E-39 7.66693589E-40 7.48141477E-32 1.00000000E-40 5.90154113E-15 4.82935502E-14 4.40104532E-12 4.57744117E-15 5.17345652E-17 8.19394743E-08 5.70376559E-09 3.28449739E-21 1.71326135E-25 1.47391551E-08 7.76144174E-36 5.64842392E-26 1.09416855E-36 1.23898692E-39 2.29834987E-39 1.00000000E-40 6.87903361E-32 1.75927568E-33 2.82950129E-15 1.00000000E-40 1.00000000E-40 1.00000000E-40 1.00000000E-40 4.21710865E-39 1.00523842E-15 6.51546307E-33 6.53046594E-35 1.55866698E-38 1.18630135E-39 1.00000000E-40 2.36820514E-40 1.73157329E-30 1.00000000E-40 1.00000000E-40 6.10981922E-20 2.30070209E-28 2.60973586E-34 4.29370000E-33 1.00000000E-05 1.00000000E-05 1.00000000E-05 1.00000000E-05 1.00000000E-05 1.00000000E-05 1.00000000E-05 1.00000000E-05 1.00000000E-05 1.00000000E-05
3.85000000E+01 8.92503514E-04 6.45244557E+16 1.00184908E+02 1.00000000E+05 4.82302295E-13 1.12457927E-10 2.40999932E-07 1.33194090E-34 1.80605570E-16 1.00000000E-40 1.00000000E-40 1.00000000E-40 1.00000000E-40 1.00000000E-40 3.36021247E-08 7.18223887E-05 7.66780996E-14 1.40587542E-13 5.81317630E-07 4.01175660E-06 9.68410845E-06 2.22568541E-04 2.13875142E-19 8.61133658E-21 2.80842544E-40 3.58648735E-39 8.86697728E-38 2.68131695E-34 1.79326922E-26 1.76733621E-13 3.44891877E-24 3.71116013E-32 1.86446986E-31 1.13321220E-34 1.41306100E-21 1.24854629E-17 8.91850277E-09 1.00099726E-08 1.58633100E-39 1.00000000E-40 2.42135511E-14 1.08643485E-39 7.49615052E-40 6.93503141E-32 1.00000000E-40 6.07221084E-15 4.32306300E-14 5.71857492E-12 1.02474491E-14 6.05308715E-17 8.40859515E-08 5.68932722E-09 2.80997254E-21 2.19055325E-25 1.60279134E-08 7.97133855E-36 5.60974256E-26 1.15817043E-36 8.02371918E-40 2.34964427E-39 1.00000000E-40 7.19029743E-32 1.62504170E-33 3.37704326E-15 1.00000000E-40 1.00000000E-40 1.00000000E-40 1.09096892E-40 3.94683011E-39 1.05161935E-15 6.26202612E-33 6.24114440E-35 2.12658777E-38 1.00084208E-39 1.00000000E-40 2.51136549E-40 2.03070179E-30 1.00000000E-40 1.00000000E-40 6.59186272E-20 3.40172410E-28 2.71076427E-34 9.74631000E-33 1.00000000E-05 1.00000000E-05 1.00000000E-05 1.00000000E-05 1.00000000E-05 1.00000000E-05 1.00000000E-05 1.00000000E-05 1.00000000E-05 1.00000000E-05
3.95000000E+01 7.33715856E-04 5.30260106E+16 1.00220293E+02 1.00000000E+05 4.59432627E-13 1.31408796E-10 2.66300885E-07 1.60351555E-34 1.64932080E-16 1.00000000E-40 1.00000000E-40 1.00000000E-40 1.00000000E-40 1.00000000E-40 3.80700721E-08 8.01820456E-05 7.00002274E-14 1.56876336E-13 7.31385988E-07 4.67241210E-06 1.12600053E-05 2.73877681E-04 2.27327227E-19 8.26619030E-21 3.08145646E-40 4.49287735E-39 1.03565070E-37 2.36496136E-34 1.84516723E-26 2.34947156E-13 3.84622337E-24 5.00921175E-32 2.49434627E-31 1.42537026E-34 1.67452438E-21 1.31758446E-17 1.13739168E-08 1.23807134E-08 1.76131234E-39 1.00000000E-40 2.25816651E-14 1.10385880E-39 7.28034400E-40 6.40199174E-32 1.00000000E-40 6.29628483E-15 3.88702773E-14 7.44177471E-12 1.95151124E-14 6.09825440E-17 8.62913488E-08 5.65451660E-09 2.39531545E-21 2.83395608E-25 1.74975173E-08 8.18562215E-36 5.56017460E-26 1.23245838E-36 5.67279626E-40 2.40178072E-39 1.00000000E-40 7.47819211E-32 1.49486392E-33 4.05390666E-15 1.00000000E-40 1.00000000E-40 1.00000000E-40 1.37900000E-40 3.67856307E-39 1.10925129E-15 6.02155838E-33 5.96689760E-35 2.89218183E-38 8.42318683E-40 1.00000000E-40 2.67831528E-40 2.38864453E-30 1.00000000E-40 1.00000000E-40 7.18241322E-20 4.90488635E-28 2.79394483E-34 2.18374000E-32 1.00000000E-05 1.00000000E-05 1.00000000E-05 1.00000000E-05 1.00000000E-05 1.00000000E-05 1.00000000E-05 1.00000000E-05 1.00000000E-05 1.00000000E-05
4.05000000E+01 6.03230158E-04 4.35766976E+16 1.00264097E+02 1.00000000E+05 4.41429053E-13 1.53657181E-10 2.88589540E-07 1.93721706E-34 1.44802605E-16 1.00000000E-40 1.00000000E-40 1.00000000E-40 1.00000000E-40 1.00000000E-40 4.30882800E-08 8.94349964E-05 6.44077610E-14 1.75679558E-13 9.18473007E-07 5.46028716E-06 1.31422255E-05 3.37915715E-04 2.43131154E-19 8.00400268E-21 3.35438050E-40 5.61600343E-39 1.21638184E-37 2.09464996E-34 1.89418574E-26 3.11234450E-13 4.31838824E-24 6.59225900E-32 3.24629561E-31 1.80719244E-34 2.01291458E-21 1.40216932E-17 1.44914509E-08 1.53735385E-08 1.94117489E-39 1.00000000E-40 2.13284909E-14 1.11854075E-39 7.02529250E-40 5.88595947E-32 1.00000000E-40 6.57945969E-15 3.50752007E-14 9.71014633E-12 3.25822950E-14 5.45286683E-17 8.85813685E-08 5.59911371E-09 2.03529965E-21 3.72034889E-25 1.91796252E-08 8.40675062E-36 5.50050684E-26 1.31795618E-36 4.40680722E-40 2.45560283E-39 1.00000000E-40 7.74161492E-32 1.37006068E-33 4.90275929E-15 1.00000000E-40 1.00000000E-40 1.00000000E-40 1.73377872E-40 3.41597462E-39 1.17937244E-15 5.78981921E-33 5.71120579E-35 3.91658498E-38 7.07540423E-40 1.00000000E-40 2.87195585E-40 2.81783025E-30 1.00000000E-40 1.00000000E-40 7.91980755E-20 6.90202748E-28 2.85866127E-34 4.89428000E-32 1.00000000E-05 1.00000000E-05 1.00000000E-05 1.00000000E-05 1.00000000E-05 1.00000000E-05 1.00000000E-05 1.00000000E-05 1.00000000E-05 1.00000000E-05
4.15000000E+01 4.96004847E-04 3.58107457E+16 1.00320404E+02 1.00000000E+05 4.28152313E-13 1.79753522E-10 3.02504076E-07 2.35066806E-34 1.25398787E-16 1.00000000E-40 1.00000000E-40 1.00000000E-40 1.00000000E-40 1.00000000E-40 4.87212515E-08 9.96587898E-05 5.98210515E-14 1.97650704E-13 1.15215277E-06 6.40280408E-06 1.53981955E-05 4.18491631E-04 2.61902511E-19 7.82411724E-21 3.62428484E-40 6.99876296E-39 1.43413522E-37 1.86259485E-34 1.94006394E-26 4.11201896E-13 4.88340265E-24 8.40953284E-32 4.13719159E-31 2.31666103E-34 2.45747651E-21 1.50522209E-17 1.84602132E-08 1.91958350E-08 2.12399287E-39 1.00000000E-40 2.04885414E-14 1.12999887E-39 6.73636123E-40 5.38939810E-32 1.00000000E-40 6.93057675E-15 3.17370068E-14 1.27222042E-11 4.91723956E-14 4.46204334E-17 9.09865762E-08 5.52269260E-09 1.72481371E-21 4.97419785E-25 2.11130141E-08 8.63763729E-36 5.43157764E-26 1.41594699E-36 3.71474685E-40 2.51213293E-39 1.00000000E-40 7.98041519E-32 1.25168081E-33 5.98626113E-15 1.00000000E-40 1.00000000E-40 1.00000000E-40 2.16490359E-40 3.16212926E-39 1.26405113E-15 5.56293271E-33 5.47765604E-35 5.27671539E-38 5.93380605E-40 1.00000000E-40 3.09667037E-40 3.33382495E-30 1.00000000E-40 1.00000000E-40 8.86210944E-20 9.48739593E-28 2.90470027E-34 1.10557000E-31 1.00000000E-05 1.00000000E-05 1.00000000E-05 1.00000000E-05 1.00000000E-05 1.00000000E-05 1.00000000E-05 1.00000000E-05 1.00000000E-05 1.00000000E-05
4.25000000E+01 4.07893861E-04 2.94290500E+16 1.00389350E+02 1.00000000E+05 4.19160810E-13 2.10475054E-10 3.06435915E-07 2.86580621E-34 1.10181449E-16 1.00000000E-40 1.00000000E-40 1.00000000E-40 1.00000000E-40 1.00000000E-40 5.50349318E-08 1.10922552E-04 5.61429401E-14 2.23463216E-13 1.44477624E-06 7.53333529E-06 1.81105753E-05 5.20357021E-04 2.84118799E-19 7.72586077E-21 3.88828956E-40 8.69018366E-39 1.69442210E-37 1.66157282E-34 1.98236711E-26 5.42326367E-13 5.56166086E-24 1.05862742E-31 5.18259098E-31 3.00511645E-34 3.04822518E-21 1.62959155E-17 2.35344433E-08 2.41116993E-08 2.30876198E-39 1.00000000E-40 2.01129554E-14 1.13769942E-39 6.41834535E-40 4.91341567E-32 1.00000000E-40 7.35534821E-15 2.87679350E-14 1.67563793E-11 6.88345179E-14 3.43572139E-17 9.35335839E-08 5.42421067E-09 1.45734111E-21 6.78408309E-25 2.33423452E-08 8.88088784E-36 5.35377103E-26 1.52725225E-36 3.32033296E-40 2.57231933E-39 1.00000000E-40 8.19443284E-32 1.13979640E-33 7.38827791E-15 1.00000000E-40 1.00000000E-40 1.00000000E-40 2.68287563E-40 2.91748902E-39 1.36542935E-15 5.33709509E-33 5.26418302E-35 7.07068893E-38 4.96868942E-40 1.00000000E-40 3.35484870E-40 3.95581924E-30 1.00000000E-40 1.00000000E-40 1.00669865E-19 1.27494513E-27 2.93177132E-34 2.57656000E-31 1.00000000E-05 1.00000000E-05 1.00000000E-05 1.00000000E-05 1.00000000E-05 1.00000000E-05 1.00000000E-05 1.00000000E-05 1.00000000E-05 1.00000000E-05
4.35000000E+01 3.35490098E-04 2.41848907E+16 1.00473677E+02 1.00000000E+05 4.14284120E-13 2.46231898E-10 2.88080655E-07 3.51301236E-34 1.00822766E-16 1.00000000E-40 1.00000000E-40 1.00000000E-40 1.00000000E-40 1.00000000E-40 6.20980992E-08 1.23287902E-04 5.33202902E-14 2.54021491E-13 1.81255118E-06 8.89326521E-06 2.13826730E-05 6.50131194E-04 3.10520939E-19 7.70981310E-21 4.14380048E-40 1.07450356E-38 2.00307659E-37 1.48585828E-34 2.02061680E-26 7.15044612E-13 6.38669028E-24 1.30476416E-31 6.29694177E-31 3.95487340E-34 3.84706504E-21 1.78018086E-17 3.00701779E-08 3.05062577E-08 2.49527442E-39 1.00000000E-40 2.02780330E-14 1.14109471E-39 6.07571607E-40 4.45844791E-32 1.00000000E-40 7.86374803E-15 2.60995591E-14 2.22201550E-11 9.13054488E-14 2.54596851E-17 9.62537816E-08 5.30266079E-09 1.22776172E-21 9.46616288E-25 2.59218540E-08 9.13958988E-36 5.26752230E-26 1.65305328E-36 3.07587032E-40 2.63729060E-39 1.00000000E-40 8.38417079E-32 1.03447137E-33 9.23537473E-15 1.00000000E-40 1.00000000E-40 1.00000000E-40 3.29686234E-40 2.68286364E-39 1.48709242E-15 5.10891352E-33 5.07016137E-35 9.42142357E-38 4.15286914E-40 1.00000000E-40 3.65078846E-40 4.70802116E-30 1.00000000E-40 1.00000000E-40 1.16293183E-19 1.67624648E-27 2.93969047E-34 6.69611000E-31 1.00000000E-05 1.00000000E-05 1.00000000E-05 1.00000000E-05 1.00000000E-05 1.00000000E-05 1.00000000E-05 1.00000000E-05 1.00000000E-05 1.00000000E-05
4.45000000E+01 2.75993972E-04 1.98754411E+16 1.00577199E+02 1.00000000E+05 4.13513673E-13 2.86938516E-10 2.26715852E-07 4.33477818E-34 9.78495760E-17 1.00000000E-40 1.00000000E-40 1.00000000E-40 1.00000000E-40 1.00000000E-40 6.99741303E-08 1.36790124E-04 5.13325829E-14 2.90470987E-13 2.27698370E-06 1.05338779E-05 2.53436879E-05 8.17138392E-04 3.42105485E-19 7.77566759E-21 4.38841949E-40 1.32232842E-38 2.36598505E-37 1.33057809E-34 2.05409100E-26 9.44486115E-13 7.41337425E-24 1.57583349E-31 7.50379338E-31 5.30425129E-34 4.95197917E-21 1.96467083E-17 3.85859549E-08 3.89587626E-08 2.68499940E-39 1.00000000E-40 2.10928614E-14 1.13958097E-39 5.71198041E-40 4.02387299E-32 1.00000000E-40 8.46922566E-15 2.36761013E-14 2.97251334E-11 1.16839597E-13 1.85046860E-17 9.91780397E-08 5.15694677E-09 1.03170311E-21 1.35664296E-24 2.89169209E-08 9.41675466E-36 5.17289333E-26 1.79479352E-36 2.90247346E-40 2.70822311E-39 1.00000000E-40 8.55034187E-32 9.35578753E-34 1.17219640E-14 1.00000000E-40 1.00000000E-40 1.00000000E-40 4.01326755E-40 2.45842979E-39 1.63465677E-15 4.87500036E-33 4.89435790E-35 1.24839677E-37 3.46166379E-40 1.00000000E-40 3.98976263E-40 5.62116295E-30 1.00000000E-40 1.00000000E-40 1.36991880E-19 2.15765779E-27 2.92806792E-34 2.49636000E-30 1.00000000E-05 1.00000000E-05 1.00000000E-05 1.00000000E-05 1.00000000E-05 1.00000000E-05 1.00000000E-05 1.00000000E-05 1.00000000E-05 1.00000000E-05
4.55000000E+01 2.27107920E-04 1.63332002E+16 1.00711186E+02 1.00000000E+05 4.17109664E-13 3.30230028E-10 8.36263331E-08 5.39279267E-34 1.01415664E-16 1.00000000E-40 1.00000000E-40 1.00000000E-40 1.00000000E-40 1.00000000E-40 7.87187669E-08 1.51430143E-04 5.02351915E-14 3.34319046E-13 2.86732484E-06 1.25201449E-05 3.01589804E-05 1.03501845E-03 3.80473747E-19 7.91831406E-21 4.62007046E-40 1.61888020E-38 2.78883445E-37 1.19158724E-34 2.08183707E-26 1.25400681E-12 8.73827348E-24 1.83244016E-31 8.89346618E-31 7.32448092E-34 6.52395354E-21 2.19566995E-17 4.98758216E-08 5.04669905E-08 2.88082207E-39 1.00000000E-40 2.27138462E-14 1.13247826E-39 5.32942107E-40 3.60815843E-32 1.00000000E-40 9.19169420E-15 2.14519641E-14 4.02062898E-11 1.46560993E-13 1.33844643E-17 1.02342775E-07 4.98666278E-09 8.65627764E-22 2.00620816E-24 3.24097411E-08 9.71581988E-36 5.06975223E-26 1.95547226E-36 2.75742238E-40 2.78652642E-39 1.00000000E-40 8.69440875E-32 8.42574690E-34 1.51676653E-14 1.00000000E-40 1.00000000E-40 1.00000000E-40 4.83360461E-40 2.24528496E-39 1.81682624E-15 4.63190214E-33 4.73573106E-35 1.64614296E-37 2.87037222E-40 1.00000000E-40 4.38377789E-40 6.73532923E-30 1.00000000E-40 1.00000000E-40 1.65499836E-19 2.72091344E-27 2.89659692E-34 2.05450000E-29 1.00000000E-05 1.00000000E-05 1.00000000E-05 1.00000000E-05 1.00000000E-05 1.00000000E-05 1.00000000E-05 1.00000000E-05 1.00000000E-05 1.00000000E-05
4.65000000E+01 1.86945245E-04 1.34210378E+16 1.00889285E+02 1.00000000E+05 4.21872626E-13 3.67103414E-10 1.00000000E-40 6.71955127E-34 1.10951078E-16 1.00000000E-40 1.00000000E-40 1.00000000E-40 1.00000000E-40 1.00000000E-40 8.84021240E-08 1.67214742E-04 4.99243638E-14 3.84408963E-13 3.62272627E-06 1.49268081E-05 3.60251368E-05 1.31073962E-03 4.24361042E-19 8.11502071E-21 4.83721374E-40 1.97391478E-38 3.27567830E-37 1.06300105E-34 2.10308634E-26 1.67982985E-12 1.04278652E-23 2.05661037E-31 1.00594432E-30 1.05228407E-33 8.68420191E-21 2.47032237E-17 6.51263166E-08 6.66501943E-08 3.08632365E-39 1.00000000E-40 2.53408487E-14 1.11891336E-39 4.93281625E-40 3.21022840E-32 1.00000000E-40 9.97389691E-15 1.93920186E-14 5.46242658E-11 1.82633932E-13 9.68813093E-18 1.05761881E-07 4.79288991E-09 7.20710022E-22 3.00324729E-24 3.64763327E-08 1.00392456E-35 4.95755415E-26 2.13866439E-36 2.61681726E-40 2.87291634E-39 1.00000000E-40 8.81459661E-32 7.50962468E-34 1.99069113E-14 1.00000000E-40 1.00000000E-40 1.00000000E-40 5.80454676E-40 2.04423745E-39 2.02848999E-15 4.37751618E-33 4.55455375E-35 2.16474749E-37 2.34293566E-40 1.00000000E-40 4.84934165E-40 8.09711596E-30 1.00000000E-40 1.00000000E-40 2.02949699E-19 3.35652611E-27 2.84947992E-34 4.18196000E-28 1.00000000E-05 1.00000000E-05 1.00000000E-05 1.00000000E-05 1.00000000E-05 1.00000000E-05 1.00000000E-05 1.00000000E-05 1.00000000E-05 1.00000000E-05
4.75000000E+01 1.53951257E-04 1.10279464E+16 1.01112608E+02 1.00000000E+05 4.26457492E-13 3.86788282E-10 1.00000000E-40 8.35637185E-34 1.26436301E-16 1.00000000E-40 1.00000000E-40 1.00000000E-40 1.00000000E-40 1.00000000E-40 9.91045971E-08 1.84155050E-04 5.04722373E-14 4.39801399E-13 4.59436355E-06 1.78394543E-05 4.31743938E-05 1.65361483E-03 4.72826371E-19 8.34365027E-21 5.03964439E-40 2.39905962E-38 3.83082516E-37 9.43277912E-35 2.11781496E-26 2.27431236E-12 1.25706693E-23 2.46881436E-31 1.10857885E-30 1.57946023E-33 1.15985309E-20 2.78807113E-17 8.59993256E-08 8.98697983E-08 3.30555359E-39 1.00000000E-40 2.92348576E-14 1.09863250E-39 4.53004562E-40 2.83119128E-32 1.00000000E-40 1.07745166E-14 1.74794566E-14 7.42905902E-11 2.28850627E-13 7.12946280E-18 1.09460452E-07 4.57971918E-09 5.93907721E-22 4.50074407E-24 4.11944088E-08 1.03913371E-35 4.83740969E-26 2.34658586E-36 2.46838828E-40 2.96840445E-39 1.00000000E-40 8.90967397E-32 6.59622223E-34 2.64089042E-14 1.00000000E-40 1.00000000E-40 1.00000000E-40 6.97527713E-40 1.85374526E-39 2.26695264E-15 4.11349979E-33 4.33252180E-35 2.84137255E-37 1.87283098E-40 1.00000000E-40 5.39604059E-40 9.76109137E-30 1.00000000E-40 1.00000000E-40 2.51057227E-19 4.04212949E-27 2.78606655E-34 5.06386000E-26 1.00000000E-05 1.00000000E-05 1.00000000E-05 1.00000000E-05 1.00000000E-05 1.00000000E-05 1.00000000E-05 1.00000000E-05 1.00000000E-05 1.00000000E-05
4.85000000E+01 1.26849518E-04 9.06106397E+15 1.01397289E+02 1.00000000E+05 4.31530849E-13 3.63434812E-10 1.00000000E-40 1.03695300E-33 1.48413979E-16 1.00000000E-40 1.00000000E-40 1.00000000E-40 1.00000000E-40 1.00000000E-40 1.10924769E-07 2.02274096E-04 5.23434176E-14 5.00850040E-13 5.85027929E-06 2.13610758E-05 5.18930145E-05 2.08016045E-03 5.26908406E-19 8.59214460E-21 5.22875091E-40 2.90755609E-38 4.46017618E-37 8.33188374E-35 2.12654981E-26 3.11604887E-12 1.53109909E-23 2.50876274E-31 1.30647661E-30 2.51778798E-33 1.55176046E-20 3.15407947E-17 1.14792314E-07 1.24536764E-07 3.53577451E-39 1.00000000E-40 3.47387736E-14 1.07192132E-39 4.12918745E-40 2.47260392E-32 1.00000000E-40 1.15862995E-14 1.57064443E-14 1.01065010E-10 2.91659597E-13 5.43162206E-18 1.13482271E-07 4.35316454E-09 4.85502717E-22 6.75529392E-24 4.66567458E-08 1.07785512E-35 4.71156591E-26 2.58658845E-36 2.30501716E-40 3.07452640E-39 1.00000000E-40 8.98023153E-32 5.70164320E-34 3.54587053E-14 1.00000000E-40 1.00000000E-40 1.00000000E-40 8.38738425E-40 1.67553710E-39 2.53190884E-15 3.84379450E-33 4.07529048E-35 3.71913455E-37 1.46110526E-40 1.00000000E-40 6.05465541E-40 1.17949736E-29 1.00000000E-40 1.00000000E-40 3.15376935E-19 4.74388687E-27 2.70564881E-34 4.47832000E-24 1.00000000E-05 1.00000000E-05 1.00000000E-05 1.00000000E-05 1.00000000E-05 1.00000000E-05 1.00000000E-05 1.00000000E-05 1.00000000E-05 1.00000000E-05
4.95000000E+01 1.04592779E-04 7.44392811E+15 1.01769174E+02 1.00000000E+05 4.37613302E-13 2.49657222E-10 1.00000000E-40 1.28151720E-33 1.77659987E-16 1.00000000E-40 1.00000000E-40 1.00000000E-40 1.00000000E-40 1.00000000E-40 1.23919331E-07 2.21496934E-04 5.64108894E-14 5.68151182E-13 7.47824382E-06 2.56071578E-05 6.25135513E-05 2.60982563E-03 5.87863625E-19 8.85242986E-21 5.40687633E-40 3.51579329E-38 5.17155590E-37 7.33363734E-35 2.12924635E-26 4.31867886E-12 1.87664651E-23 3.20673102E-31 1.17841466E-30 4.38329700E-33 2.06685893E-20 3.56269229E-17 1.54372808E-07 1.78868222E-07 3.76230581E-39 1.00000000E-40 4.22802293E-14 1.03943533E-39 3.73686408E-40 2.13477879E-32 1.00000000E-40 1.23921646E-14 1.40626715E-14 1.37214819E-10 3.81334304E-13 4.36681882E-18 1.17835898E-07 4.11861393E-09 3.94791403E-22 1.01671088E-23 5.29549408E-08 1.12043247E-35 4.58081665E-26 2.87236611E-36 2.12107511E-40 3.19185864E-39 1.00000000E-40 9.02456671E-32 4.84020288E-34 4.82387067E-14 1.00000000E-40 1.00000000E-40 1.00000000E-40 1.00972627E-39 1.51115581E-39 2.81182237E-15 3.57309888E-33 3.79112845E-35 4.84552641E-37 1.10681410E-40 1.00000000E-40 6.87882863E-40 1.42785376E-29 1.00000000E-40 1.00000000E-40 4.05737762E-19 5.41585286E-27 2.60853331E-34 1.35416000E-22 1.00000000E-05 1.00000000E-05 1.00000000E-05 1.00000000E-05 1.00000000E-05 1.00000000E-05 1.00000000E-05 1.00000000E-05 1.00000000E-05 1.00000000E-05
5.05000000E+01 8.63291242E-05 6.11162625E+15 1.02309807E+02 1.00000000E+05 4.45985757E-13 1.00000000E-40 1.00000000E-40 1.57009941E-33 2.15666276E-16 1.00000000E-40 1.00000000E-40 1.00000000E-40 1.00000000E-40 1.00000000E-40 1.38347980E-07 2.42060718E-04 6.51934775E-14 6.45980086E-13 9.60331843E-06 3.07463534E-05 7.55208986E-05 3.26971537E-03 6.61506451E-19 9.13392456E-21 5.57891307E-40 4.24476340E-38 5.97812492E-37 6.44954096E-35 2.12837932E-26 6.02759250E-12 2.28934736E-23 3.36293291E-31 1.37530175E-30 8.73637287E-33 2.71350025E-20 3.99469301E-17 2.07681092E-07 2.65901101E-07 3.93449113E-39 1.00000000E-40 5.24474777E-14 1.00211388E-39 3.35908176E-40 1.81980678E-32 1.00000000E-40 1.32082351E-14 1.25533518E-14 1.85247620E-10 5.14166577E-13 3.77918734E-18 1.22654107E-07 3.88578358E-09 3.21553686E-22 1.54878251E-23 6.02544820E-08 1.16845034E-35 4.45064383E-26 3.24321682E-36 1.91379582E-40 3.32427548E-39 1.00000000E-40 9.05047933E-32 4.03275312E-34 6.69219656E-14 1.00000000E-40 1.00000000E-40 1.00000000E-40 1.21921808E-39 1.37019590E-39 3.07523181E-15 3.30714252E-33 3.50716341E-35 6.26874407E-37 1.00000000E-40 1.00000000E-40 8.04322822E-40 1.73277196E-29 1.00000000E-40 1.00000000E-40 5.35661252E-19 6.01018841E-27 2.50213379E-34 1.60604000E-21 1.00000000E-05 1.00000000E-05 1.00000000E-05 1.00000000E-05 1.00000000E-05 1.00000000E-05 1.00000000E-05 1.00000000E-05 1.00000000E-05 1.00000000E-05
5.15000000E+01 7.13401137E-05 5.01892588E+15 1.02953172E+02 1.00000000E+05 4.56135004E-13 1.00000000E-40 1.00000000E-40 1.88738918E-33 2.63869340E-16 1.00000000E-40 1.00000000E-40 1.00000000E-40 1.00000000E-40 1.00000000E-40 1.54249562E-07 2.63788396E-04 8.06841245E-14 7.41424243E-13 1.23744456E-05 3.69424453E-05 9.14156667E-05 4.08930985E-03 7.46894312E-19 9.42664104E-21 5.74422507E-40 5.11707714E-38 6.88992963E-37 5.68211052E-35 2.12334993E-26 8.25862981E-12 2.67578950E-23 3.38995012E-31 1.36483572E-30 1.91349365E-32 3.47240002E-20 4.38528622E-17 2.75470528E-07 3.73747749E-07 4.00964050E-39 1.00000000E-40 6.59088610E-14 9.60919969E-40 2.99784579E-40 1.52740574E-32 1.00000000E-40 1.40225613E-14 1.11654171E-14 2.49447385E-10 7.13428513E-13 3.65815203E-18 1.27906273E-07 3.65793883E-09 2.62399960E-22 2.39080901E-23 6.86714891E-08 1.22195964E-35 4.32003326E-26 3.69809034E-36 1.68900165E-40 3.47116900E-39 1.00000000E-40 9.05393978E-32 3.29360591E-34 9.40599397E-14 1.00000000E-40 1.00000000E-40 1.00000000E-40 1.47471590E-39 1.23596687E-39 3.27787041E-15 3.04815059E-33 3.24513846E-35 8.05438518E-37 1.00000000E-40 1.00000000E-40 9.54719760E-40 2.10653422E-29 1.00000000E-40 1.00000000E-40 6.70222415E-19 6.47610419E-27 2.37703556E-34 4.23336000E-21 1.00000000E-05 1.00000000E-05 1.00000000E-05 1.00000000E-05 1.00000000E-05 1.00000000E-05 1.00000000E-05 1.00000000E-05 1.00000000E-05 1.00000000E-05
5.25000000E+01 5.90381615E-05 4.12223724E+15 1.03732910E+02 1.00000000E+05 4.67561384E-13 1.00000000E-40 1.00000000E-40 2.14478394E-33 3.24311618E-16 1.00000000E-40 1.00000000E-40 1.00000000E-40 1.00000000E-40 1.00000000E-40 1.71756284E-07 2.86623194E-04 1.07746863E-13 8.60243159E-13 1.59961647E-05 4.44006607E-05 1.10844844E-04 5.10576408E-03 8.47816333E-19 9.72475477E-21 5.90612884E-40 6.15999948E-38 7.91983269E-37 5.01785328E-35 2.11478703E-26 1.11458440E-11 3.00558035E-23 3.49927033E-31 1.33071330E-30 4.68695017E-32 4.31492554E-20 4.71021712E-17 3.59966218E-07 5.10661234E-07 3.97505764E-39 1.00000000E-40 8.35423013E-14 9.16730518E-40 2.65756533E-40 1.25831574E-32 1.00000000E-40 1.48263959E-14 9.89437506E-15 3.34271502E-10 1.01706860E-12 3.94583308E-18 1.33611612E-07 3.44068183E-09 2.15568276E-22 3.74455148E-23 7.83638064E-08 1.28154111E-35 4.19019192E-26 4.27091791E-36 1.45263730E-40 3.63310666E-39 1.00000000E-40 9.03523839E-32 2.63140158E-34 1.34118126E-13 1.00000000E-40 1.00000000E-40 1.00000000E-40 1.78787918E-39 1.10934763E-39 3.39814795E-15 2.79917826E-33 3.00517492E-35 1.02547208E-36 1.00000000E-40 1.00000000E-40 1.15698524E-39 2.56507312E-29 1.00000000E-40 1.00000000E-40 8.17454921E-19 6.76598000E-27 2.23558764E-34 8.06129000E-21 1.00000000E-05 1.00000000E-05 1.00000000E-05 1.00000000E-05 1.00000000E-05 1.00000000E-05 1.00000000E-05 1.00000000E-05 1.00000000E-05 1.00000000E-05
5.35000000E+01 4.89419674E-05 3.38612659E+15 1.04687530E+02 1.00000000E+05 4.79348401E-13 1.00000000E-40 1.00000000E-40 2.00940444E-33 3.99623546E-16 1.00000000E-40 1.00000000E-40 1.00000000E-40 1.00000000E-40 1.00000000E-40 1.91005651E-07 3.10473789E-04 1.56479523E-13 1.00775886E-12 2.07418537E-05 5.33589168E-05 1.34597609E-04 6.36385161E-03 9.69329349E-19 1.00184239E-20 6.06775820E-40 7.40553224E-38 9.08157585E-37 4.44190168E-35 2.10331436E-26 1.48880951E-11 3.26944128E-23 3.54777972E-31 1.27474260E-30 1.28265267E-31 5.20106258E-20 4.96329398E-17 4.64737964E-07 6.85911341E-07 3.83944812E-39 1.00000000E-40 1.06469704E-13 8.70237121E-40 2.34189272E-40 1.01321638E-32 1.00000000E-40 1.56061989E-14 8.73593854E-15 4.44712754E-10 1.48538143E-12 4.71536024E-18 1.39777545E-07 3.23953475E-09 1.79366847E-22 5.94379016E-23 8.95089808E-08 1.34770399E-35 4.06206277E-26 5.01497911E-36 1.21315736E-40 3.81008544E-39 1.00000000E-40 8.99449040E-32 2.05113393E-34 1.94301052E-13 1.00000000E-40 1.00000000E-40 1.00000000E-40 2.17406267E-39 9.90090969E-40 3.43039952E-15 2.56210646E-33 2.77911465E-35 1.28924471E-36 1.00000000E-40 1.00000000E-40 1.43993976E-39 3.12801912E-29 1.00000000E-40 1.00000000E-40 9.80518498E-19 6.83986933E-27 2.08050902E-34 1.49988000E-20 1.00000000E-05 1.00000000E-05 1.00000000E-05 1.00000000E-05 1.00000000E-05 1.00000000E-05 1.00000000E-05 1.00000000E-05 1.00000000E-05 1.00000000E-05
5.45000000E+01 4.06566371E-05 2.78176247E+15 1.05859083E+02 1.00000000E+05 4.89851451E-13 1.00000000E-40 1.00000000E-40 5.92287968E-34 4.92779982E-16 1.00000000E-40 1.00000000E-40 1.00000000E-40 1.00000000E-40 1.00000000E-40 2.12009475E-07 3.35016952E-04 2.50452050E-13 1.18806172E-12 2.69601973E-05 6.40636050E-05 1.63561814E-04 7.91366059E-03 1.11718968E-18 1.02857213E-20 6.23230800E-40 8.89069802E-38 1.03914743E-36 3.94226508E-35 2.08861598E-26 1.97717137E-11 3.47132179E-23 3.46255127E-31 1.18955200E-30 3.60220003E-31 6.06652122E-20 5.14362624E-17 5.94661232E-07 9.09993976E-07 3.62168943E-39 1.00000000E-40 1.36056311E-13 8.22219439E-40 2.05423454E-40 7.92630386E-33 1.00000000E-40 1.63307517E-14 7.68285300E-15 5.85370782E-10 2.21266286E-12 6.27067256E-18 1.46337712E-07 3.05866141E-09 1.52119464E-22 9.52957617E-23 1.02264309E-07 1.42026464E-35 3.93473398E-26 6.00977450E-36 1.00000000E-40 3.99972910E-39 1.00000000E-40 8.92815218E-32 1.55386557E-34 2.86163618E-13 1.00000000E-40 1.00000000E-40 1.00000000E-40 2.65342533E-39 8.76491115E-40 3.37559805E-15 2.33854656E-33 2.55575771E-35 1.59234414E-36 1.00000000E-40 1.00000000E-40 1.85025476E-39 3.81786175E-29 1.00000000E-40 1.00000000E-40 1.15695305E-18 6.67019709E-27 1.91410359E-34 2.84676000E-20 1.00000000E-05 1.00000000E-05 1.00000000E-05 1.00000000E-05 1.00000000E-05 1.00000000E-05 1.00000000E-05 1.00000000E-05 1.00000000E-05 1.00000000E-05
5.55000000E+01 3.38621929E-05 2.28427472E+15 1.07370126E+02 1.00000000E+05 4.96944919E-13 1.00000000E-40 1.00000000E-40 1.00000000E-40 6.07777147E-16 1.00000000E-40 1.00000000E-40 1.00000000E-40 1.00000000E-40 1.00000000E-40 2.34955440E-07 3.60160377E-04 4.66112444E-13 1.40620791E-12 3.51190811E-05 7.68360530E-05 1.98911249E-04 9.81868697E-03 1.30709019E-18 1.05058445E-20 6.40603725E-40 1.06587224E-37 1.18768822E-36 3.51253109E-35 2.07185806E-26 2.62399894E-11 3.63189728E-23 3.37850678E-31 1.07780092E-30 6.50796556E-31 6.81791390E-20 5.26340546E-17 7.56737129E-07 1.19569676E-06 3.32929790E-39 1.00000000E-40 1.74084906E-13 7.73678312E-40 1.79861222E-40 5.97899847E-33 1.00000000E-40 1.69926621E-14 6.73338745E-15 7.57271222E-10 3.34823377E-12 9.70486037E-18 1.53303485E-07 2.90376754E-09 1.32797883E-22 1.54242914E-22 1.16867796E-07 1.49981903E-35 3.80976363E-26 7.44006182E-36 1.00000000E-40 4.20124481E-39 1.00000000E-40 8.83848105E-32 1.13885213E-34 4.30923538E-13 1.32634670E-40 1.00000000E-40 1.00000000E-40 3.25685419E-39 7.72418668E-40 3.23556035E-15 2.13104886E-33 2.32887659E-35 1.91694744E-36 1.00000000E-40 1.00000000E-40 2.50281600E-39 4.66429480E-29 1.00000000E-40 1.00000000E-40 1.33815309E-18 6.25459108E-27 1.74366398E-34 5.71380000E-20 1.00000000E-05 1.00000000E-05 1.00000000E-05 1.00000000E-05 1.00000000E-05 1.00000000E-05 1.00000000E-05 1.00000000E-05 1.00000000E-05 1.00000000E-05
5.65000000E+01 2.82937942E-05 1.87517581E+15 1.09286348E+02 1.00000000E+05 4.94125283E-13 1.00000000E-40 1.00000000E-40 1.00000000E-40 7.48076397E-16 1.00000000E-40 1.00000000E-40 1.00000000E-40 1.00000000E-40 1.00000000E-40 2.60157054E-07 3.85931476E-04 1.07732994E-12 1.66847042E-12 4.58215677E-05 9.20896218E-05 2.42157654E-04 1.21578780E-02 1.55872263E-18 1.06471851E-20 6.59063404E-40 1.27562061E-37 1.35721999E-36 3.14834212E-35 2.05465414E-26 3.48793139E-11 3.77411169E-23 3.20847790E-31 9.48962625E-31 9.63479986E-31 7.39246621E-20 5.34433800E-17 9.60161537E-07 1.55903912E-06 2.98605747E-39 1.00000000E-40 2.22835563E-13 7.25626933E-40 1.57827626E-40 4.30906531E-33 1.00000000E-40 1.76129884E-14 5.88551161E-15 9.60584709E-10 5.12495070E-12 1.94863909E-17 1.60719127E-07 2.77857703E-09 1.20118055E-22 2.51322894E-22 1.33635176E-07 1.58730894E-35 3.68917724E-26 9.56893237E-36 1.00000000E-40 4.41408578E-39 1.00000000E-40 8.72973764E-32 8.06452334E-35 6.64215639E-13 1.81950825E-40 1.00000000E-40 1.00000000E-40 4.02278022E-39 6.74205512E-40 3.03089134E-15 1.94086801E-33 2.09813909E-35 2.23514400E-36 1.00000000E-40 1.00000000E-40 3.59266797E-39 5.70556518E-29 1.00000000E-40 1.00000000E-40 1.51660758E-18 5.62411565E-27 1.57397339E-34 1.26565000E-19 1.00000000E-05 1.00000000E-05 1.00000000E-05 1.00000000E-05 1.00000000E-05 1.00000000E-05 1.00000000E-05 1.00000000E-05 1.00000000E-05 1.00000000E-05
5.75000000E+01 2.37277981E-05 1.54051461E+15 1.11559956E+02 1.00000000E+05 4.56802369E-13 1.00000000E-40 1.00000000E-40 1.00000000E-40 9.09738522E-16 1.00000000E-40 1.00000000E-40 1.00000000E-40 1.00000000E-40 1.00000000E-40 2.87726193E-07 4.12002672E-04 3.16132649E-12 1.97942494E-12 5.97694107E-05 1.10270843E-04 2.94988726E-04 1.50164877E-02 1.88722262E-18 1.06528844E-20 6.78109510E-40 1.52341294E-37 1.55182224E-36 2.84405090E-35 2.03700941E-26 4.63697605E-11 3.91261574E-23 2.97891560E-31 8.13789711E-31 1.30794678E-30 7.78364988E-20 5.40490093E-17 1.21546155E-06 2.01877974E-06 2.63220379E-39 1.00000000E-40 2.84946685E-13 6.79116017E-40 1.39624529E-40 2.93549456E-33 1.00000000E-40 1.82085548E-14 5.13175442E-15 1.19813105E-09 7.89228507E-12 5.49339703E-17 1.68515007E-07 2.68162494E-09 1.12443377E-22 4.09093791E-22 1.52847727E-07 1.68254104E-35 3.57208616E-26 1.26907402E-35 1.00000000E-40 4.63381342E-39 1.00000000E-40 8.60032509E-32 5.53631628E-35 1.03975206E-12 2.50070638E-40 1.00000000E-40 1.00000000E-40 4.99333068E-39 5.72264252E-40 2.79490908E-15 1.76798466E-33 1.86712323E-35 2.51968749E-36 1.00000000E-40 1.00000000E-40 5.40288643E-39 6.98485590E-29 1.00000000E-40 1.00000000E-40 1.68867566E-18 4.83864162E-27 1.40685628E-34 3.25760000E-19 1.00000000E-05 1.00000000E-05 1.00000000E-05 1.00000000E-05 1.00000000E-05 1.00000000E-05 1.00000000E-05 1.00000000E-05 1.00000000E-05 1.00000000E-05
5.85000000E+01 1.99786708E-05 1.26752690E+15 1.14163197E+02 1.00000000E+05 3.04732500E-13 1.00000000E-40 1.00000000E-40 1.00000000E-40 1.05741602E-15 1.00000000E-40 1.00000000E-40 1.00000000E-40 1.00000000E-40 1.00000000E-40 3.17865040E-07 4.38118026E-04 1.05617430E-11 2.34374732E-12 7.77944845E-05 1.31942703E-04 3.59477511E-04 1.84939465E-02 2.31523185E-18 1.04662133E-20 6.97324986E-40 1.81548824E-37 1.77768373E-36 2.59416366E-35 2.01932011E-26 6.15450388E-11 4.06283009E-23 2.66720068E-31 6.68469010E-31 1.69170049E-30 8.01169120E-20 5.46462625E-17 1.53503536E-06 2.59780930E-06 2.29303874E-39 1.00000000E-40 3.63553323E-13 6.35232883E-40 1.25535270E-40 1.86990389E-33 1.00000000E-40 1.88123542E-14 4.46561593E-15 1.47192712E-09 1.21673209E-11 1.77901842E-16 1.76638011E-07 2.60953745E-09 1.08522492E-22 6.60920918E-22 1.74843691E-07 1.78546016E-35 3.45817234E-26 1.72651848E-35 1.00000000E-40 4.85556923E-39 1.00000000E-40 8.45041585E-32 3.70456138E-35 1.64184705E-12 3.44161224E-40 1.00000000E-40 1.00000000E-40 6.22397826E-39 4.64794146E-40 2.55303458E-15 1.61272501E-33 1.64279212E-35 2.74802859E-36 1.00000000E-40 1.00000000E-40 8.44014844E-39 8.55493019E-29 1.00000000E-40 1.00000000E-40 1.85169250E-18 3.97704298E-27 1.24698204E-34 9.77506000E-19 1.00000000E-05 1.00000000E-05 1.00000000E-05 1.00000000E-05 1.00000000E-05 1.00000000E-05 1.00000000E-05 1.00000000E-05 1.00000000E-05 1.00000000E-05
5.95000000E+01 1.68933753E-05 1.04537028E+15 1.17047730E+02 1.00000000E+05 1.00000000E-40 1.00000000E-40 1.00000000E-40 1.00000000E-40 1.05056625E-15 1.00000000E-40 1.00000000E-40 1.00000000E-40 1.00000000E-40 1.00000000E-40 3.50798300E-07 4.63990139E-04 2.82969105E-11 2.76665801E-12 1.00841524E-04 1.57798651E-04 4.38095197E-04 2.27019648E-02 2.86979554E-18 1.00518359E-20 7.16199373E-40 2.15951502E-37 2.04305251E-36 2.39268642E-35 2.00186074E-26 8.13177100E-11 4.23393669E-23 2.25903123E-31 5.25780014E-31 2.12168723E-30 8.12597136E-20 5.53892592E-17 1.93196345E-06 3.32436514E-06 1.98484221E-39 1.00000000E-40 4.62230283E-13 5.94858044E-40 1.15571946E-40 1.10381216E-33 1.00000000E-40 1.94654298E-14 3.88004917E-15 1.78549002E-09 1.86904333E-11 3.45894217E-16 1.85019792E-07 2.55603752E-09 1.07200836E-22 1.05414939E-21 1.99995430E-07 1.89580226E-35 3.34686352E-26 2.39345015E-35 1.00000000E-40 5.07336749E-39 1.00000000E-40 8.28013665E-32 2.43406411E-35 2.59496510E-12 4.73533426E-40 1.00000000E-40 1.00000000E-40 7.78368045E-39 3.55697416E-40 2.32387991E-15 1.47482391E-33 1.43296821E-35 2.91245677E-36 1.00000000E-40 1.00000000E-40 1.35466849E-38 1.04782784E-28 1.00000000E-40 1.00000000E-40 2.00707888E-18 3.12159310E-27 1.09838485E-34 2.84244000E-18 1.00000000E-05 1.00000000E-05 1.00000000E-05 1.00000000E-05 1.00000000E-05 1.00000000E-05 1.00000000E-05 1.00000000E-05 1.00000000E-05 1.00000000E-05
6.05000000E+01 1.43464841E-05 8.64866917E+14 1.20146996E+02 1.00000000E+05 1.00000000E-40 1.00000000E-40 1.00000000E-40 1.00000000E-40 7.85216067E-16 1.00000000E-40 1.00000000E-40 1.00000000E-40 1.00000000E-40 1.00000000E-40 3.87705683E-07 4.90402213E-04 4.66506333E-11 3.26980796E-12 1.30191418E-04 1.89016045E-04 5.34686601E-04 2.78095309E-02 3.59669951E-18 9.44713852E-21 7.34151891E-40 2.56566802E-37 2.35878109E-36 2.23366949E-35 1.98823941E-26 1.06527595E-10 4.43077536E-23 1.78916223E-31 3.80842453E-31 2.60723880E-30 8.24141283E-20 5.65537055E-17 2.42098706E-06 4.24194585E-06 1.71341527E-39 1.00000000E-40 5.85870820E-13 5.58451272E-40 1.09339950E-40 6.03299819E-34 1.00000000E-40 2.02924901E-14 3.37280025E-15 2.15249696E-09 2.85016717E-11 2.50995318E-16 1.93890867E-07 2.51496528E-09 1.07587947E-22 1.66106914E-21 2.29073553E-07 2.01640218E-35 3.24255350E-26 3.36178531E-35 1.00000000E-40 5.28913626E-39 1.00000000E-40 8.10206140E-32 1.58999675E-35 4.08387889E-12 6.47995444E-40 1.00000000E-40 1.00000000E-40 9.76094193E-39 2.54648139E-40 2.12493676E-15 1.35313793E-33 1.24921394E-35 3.03411097E-36 1.00000000E-40 1.00000000E-40 2.21263690E-38 1.28491304E-28 1.00000000E-40 1.00000000E-40 2.17422736E-18 2.34697261E-27 9.65617666E-35 7.03936000E-18 1.00000000E-05 1.00000000E-05 1.00000000E-05 1.00000000E-05 1.00000000E-05 1.00000000E-05 1.00000000E-05 1.00000000E-05 1.00000000E-05 1.00000000E-05
6.15000000E+01 1.22305138E-05 7.19956118E+14 1.23042570E+02 1.00000000E+05 1.00000000E-40 1.00000000E-40 1.00000000E-40 1.00000000E-40 5.99932162E-16 1.00000000E-40 1.00000000E-40 1.00000000E-40 1.00000000E-40 1.00000000E-40 4.28856557E-07 5.16834017E-04 6.57990801E-11 3.88272038E-12 1.67054879E-04 2.26693801E-04 6.52873359E-04 3.39576853E-02 4.47111251E-18 8.74047998E-21 7.49088905E-40 3.04805584E-37 2.73369658E-36 2.10609939E-35 1.97730125E-26 1.37047770E-10 4.62093790E-23 1.48045865E-31 2.88565100E-31 3.15050695E-30 8.55132863E-20 5.81628141E-17 3.00794702E-06 5.40070217E-06 1.50054598E-39 1.00000000E-40 7.38892442E-13 5.25998334E-40 1.05919556E-40 3.11752079E-34 1.00000000E-40 2.13645312E-14 2.93301796E-15 2.62731914E-09 4.28134861E-11 1.53446028E-16 2.03081086E-07 2.47092797E-09 1.08058387E-22 2.57781845E-21 2.62499070E-07 2.14586850E-35 3.14212960E-26 4.61080217E-35 1.00000000E-40 5.49486192E-39 1.00000000E-40 7.91104100E-32 1.05602764E-35 6.26480406E-12 8.73406410E-40 1.00000000E-40 1.00000000E-40 1.22111502E-38 1.68751421E-40 1.98023482E-15 1.24375755E-33 1.10008335E-35 3.20623242E-36 1.00000000E-40 1.00000000E-40 3.47197043E-38 1.57558195E-28 1.00000000E-40 1.00000000E-40 2.40071963E-18 1.70264400E-27 8.45840938E-35 1.51963000E-17 1.00000000E-05 1.00000000E-05 1.00000000E-05 1.00000000E-05 1.00000000E-05 1.00000000E-05 1.00000000E-05 1.00000000E-05 1.00000000E-05 1.00000000E-05
6.25000000E+01 1.04586094E-05 6.03836382E+14 1.25450208E+02 1.00000000E+05 1.00000000E-40 1.00000000E-40 1.00000000E-40 1.00000000E-40 5.13798028E-16 1.00000000E-40 1.00000000E-40 1.00000000E-40 1.00000000E-40 1.00000000E-40 4.74523264E-07 5.42707170E-04 8.57168035E-11 4.64449027E-12 2.12735712E-04 2.72043890E-04 7.96635714E-04 4.12805323E-02 5.44858076E-18 8.06454578E-21 7.60295825E-40 3.62878329E-37 3.18116767E-36 2.00402563E-35 1.96785760E-26 1.72289643E-10 4.77719831E-23 1.04928046E-31 1.95425610E-31 3.74712976E-30 9.19697655E-20 6.01529250E-17 3.69337589E-06 6.85725987E-06 1.34630519E-39 1.00000000E-40 9.25465249E-13 4.97634782E-40 1.04352181E-40 1.61247215E-34 1.00000000E-40 2.27266575E-14 2.55172836E-15 3.27801221E-09 6.29757873E-11 1.01318847E-16 2.12366182E-07 2.41056554E-09 1.07720417E-22 3.93806154E-21 3.00597931E-07 2.28203468E-35 3.04260685E-26 6.04349560E-35 1.00000000E-40 5.68328775E-39 1.00000000E-40 7.70180144E-32 7.23784577E-36 9.26094013E-12 1.15472632E-39 1.00000000E-40 1.00000000E-40 1.52138609E-38 1.07992178E-40 1.89262741E-15 1.14474404E-33 9.85517382E-36 3.53412291E-36 1.00000000E-40 1.00000000E-40 5.06737724E-38 1.92921583E-28 1.00000000E-40 1.00000000E-40 2.73161266E-18 1.20521904E-27 7.37930777E-35 2.97862000E-17 1.00000000E-05 1.00000000E-05 1.00000000E-05 1.00000000E-05 1.00000000E-05 1.00000000E-05 1.00000000E-05 1.00000000E-05 1.00000000E-05 1.00000000E-05
6.35000000E+01 8.96318447E-06 5.10194279E+14 1.27245803E+02 1.00000000E+05 1.00000000E-40 1.00000000E-40 1.00000000E-40 1.00000000E-40 4.80098478E-16 1.00000000E-40 1.00000000E-40 1.00000000E-40 1.00000000E-40 1.00000000E-40 5.25225936E-07 5.67668846E-04 1.06272284E-10 5.60122973E-12 2.68758639E-04 3.26438573E-04 9.70556037E-04 4.99103292E-02 6.48149718E-18 7.53072037E-21 7.68499169E-40 4.33958269E-37 3.72032201E-36 1.92639756E-35 1.95943583E-26 2.11560942E-10 4.88460476E-23 1.14436642E-31 1.35841294E-31 4.38647465E-30 1.02849985E-19 6.24341074E-17 4.47610640E-06 8.67146326E-06 1.24215292E-39 1.00000000E-40 1.14950798E-12 4.73503230E-40 1.03900954E-40 9.13570750E-35 1.00000000E-40 2.44041966E-14 2.22224759E-15 4.18555126E-09 9.03965240E-11 7.85134466E-17 2.21547353E-07 2.32713450E-09 1.06593314E-22 5.92180003E-21 3.43667527E-07 2.42272651E-35 2.94227425E-26 7.52308666E-35 1.00000000E-40 5.85066311E-39 1.00000000E-40 7.47200379E-32 5.14917449E-36 1.31567656E-11 1.49813206E-39 1.00000000E-40 1.00000000E-40 1.88982917E-38 1.00000000E-40 1.85523705E-15 1.05535233E-33 9.00147795E-36 4.11877176E-36 1.00000000E-40 1.00000000E-40 6.81854271E-38 2.35611991E-28 1.00000000E-40 1.00000000E-40 3.20742538E-18 8.43013858E-28 6.41557461E-35 5.45677000E-17 1.00000000E-05 1.00000000E-05 1.00000000E-05 1.00000000E-05 1.00000000E-05 1.00000000E-05 1.00000000E-05 1.00000000E-05 1.00000000E-05 1.00000000E-05
6.45000000E+01 7.69232081E-06 4.33891379E+14 1.28408296E+02 1.00000000E+05 1.00000000E-40 1.00000000E-40 1.00000000E-40 1.00000000E-40 4.66345139E-16 1.00000000E-40 1.00000000E-40 1.00000000E-40 1.00000000E-40 1.00000000E-40 5.81279609E-07 5.91134343E-04 1.27144373E-10 6.79336011E-12 3.36780926E-04 3.91153542E-04 1.17920393E-03 5.99403469E-02 7.51152033E-18 7.17655236E-21 7.75375724E-40 5.22318519E-37 4.37584732E-36 1.87500789E-35 1.95088772E-26 2.54380016E-10 4.93758609E-23 1.95673325E-32 6.26331113E-32 5.04890980E-30 1.18886470E-19 6.48378124E-17 5.35494906E-06 1.08939441E-05 1.18065095E-39 1.00000000E-40 1.41374831E-12 4.53694809E-40 1.04195923E-40 6.11780531E-35 1.00000000E-40 2.63665063E-14 1.93807825E-15 5.44617405E-09 1.26387946E-10 7.23723585E-17 2.30324762E-07 2.22085748E-09 1.05246452E-22 8.73562476E-21 3.91754727E-07 2.56426646E-35 2.83879837E-26 8.89914472E-35 1.00000000E-40 5.99283842E-39 1.00000000E-40 7.21789641E-32 3.79678430E-36 1.79724095E-11 1.91441455E-39 1.00000000E-40 1.00000000E-40 2.34551366E-38 1.00000000E-40 1.85793856E-15 9.75200667E-34 8.35858465E-36 5.07728664E-36 1.00000000E-40 1.00000000E-40 8.47348603E-38 2.86586341E-28 1.00000000E-40 1.00000000E-40 3.85968661E-18 5.89314357E-28 5.55844638E-35 9.51353000E-17 1.00000000E-05 1.00000000E-05 1.00000000E-05 1.00000000E-05 1.00000000E-05 1.00000000E-05 1.00000000E-05 1.00000000E-05 1.00000000E-05 1.00000000E-05
6.55000000E+01 6.60701465E-06 3.70693720E+14 1.29094208E+02 1.00000000E+05 1.00000000E-40 1.00000000E-40 1.00000000E-40 1.00000000E-40 4.52273726E-16 1.00000000E-40 1.00000000E-40 1.00000000E-40 1.00000000E-40 1.00000000E-40 6.42935622E-07 6.12529242E-04 1.47829371E-10 8.23601057E-12 4.18714927E-04 4.67301932E-04 1.42714175E-03 7.14209974E-02 8.51061901E-18 6.95939596E-21 7.83743288E-40 6.33471670E-37 5.18087141E-36 1.85449847E-35 1.94106602E-26 3.01294986E-10 4.94681176E-23 9.18789610E-32 2.63243979E-31 5.70739347E-30 1.39755909E-19 6.71495497E-17 6.33579519E-06 1.35558757E-05 1.15320408E-39 1.00000000E-40 1.71951278E-12 4.38312440E-40 1.05257121E-40 4.83728581E-35 1.00000000E-40 2.85170282E-14 1.69347456E-15 7.13850333E-09 1.72164633E-10 7.48638368E-17 2.38375977E-07 2.10026276E-09 1.04345550E-22 1.25562603E-20 4.44698700E-07 2.70221005E-35 2.73033904E-26 1.01290908E-34 1.00000000E-40 6.10552658E-39 1.00000000E-40 6.93725526E-32 2.87071545E-36 2.37261071E-11 2.42717574E-39 1.00000000E-40 1.00000000E-40 2.91922216E-38 1.00000000E-40 1.88415330E-15 9.04519685E-34 7.82476797E-36 6.52604243E-36 1.00000000E-40 1.00000000E-40 9.92259650E-38 3.46704029E-28 1.00000000E-40 1.00000000E-40 4.68131899E-18 4.14565080E-28 4.80163402E-35 1.59618000E-16 1.00000000E-05 1.00000000E-05 1.00000000E-05 1.00000000E-05 1.00000000E-05 1.00000000E-05 1.00000000E-05 1.00000000E-05 1.00000000E-05 1.00000000E-05
6.65000000E+01 5.67824144E-06 3.17326459E+14 1.29605755E+02 1.00000000E+05 1.00000000E-40 1.00000000E-40 1.00000000E-40 1.00000000E-40 4.26614362E-16 1.00000000E-40 1.00000000E-40 1.00000000E-40 1.00000000E-40 1.00000000E-40 7.11671700E-07 6.32424128E-04 1.67920365E-10 9.92912379E-12 5.17550081E-04 5.56464407E-04 1.72111406E-03 8.44617622E-02 9.53917340E-18 6.80292950E-21 7.97177413E-40 7.74262436E-37 6.17879597E-36 1.87102993E-35 1.93148209E-26 3.54352604E-10 4.93856785E-23 2.91705385E-32 2.74379861E-32 6.33767636E-30 1.63879554E-19 6.92964245E-17 7.44245790E-06 1.66849596E-05 1.14850696E-39 1.00000000E-40 2.06915536E-12 4.27347042E-40 1.07342022E-40 4.25133437E-35 1.00000000E-40 3.07828106E-14 1.48489974E-15 9.28919342E-09 2.29203064E-10 7.78860447E-17 2.45696793E-07 1.98096394E-09 1.04189856E-22 1.74979495E-20 5.02777502E-07 2.83529655E-35 2.61892541E-26 1.13707778E-34 1.00000000E-40 6.19128883E-39 1.00000000E-40 6.63780758E-32 2.19253230E-36 3.05961140E-11 3.07560126E-39 1.00000000E-40 1.00000000E-40 3.66029186E-38 1.00000000E-40 1.91475195E-15 8.43687322E-34 7.31607466E-36 8.54776820E-36 1.00000000E-40 1.00000000E-40 1.13735747E-37 4.17214635E-28 1.00000000E-40 1.00000000E-40 5.61499605E-18 2.94010454E-28 4.14698015E-35 2.59614000E-16 1.00000000E-05 1.00000000E-05 1.00000000E-05 1.00000000E-05 1.00000000E-05 1.00000000E-05 1.00000000E-05 1.00000000E-05 1.00000000E-05 1.00000000E-05
6.75000000E+01 4.88266640E-06 2.71892992E+14 1.30069585E+02 1.00000000E+05 1.00000000E-40 1.00000000E-40 1.00000000E-40 1.00000000E-40 3.87722913E-16 1.00000000E-40 1.00000000E-40 1.00000000E-40 1.00000000E-40 1.00000000E-40 7.88867901E-07 6.51182097E-04 1.86944252E-10 1.18686154E-11 6.36941311E-04 6.60116612E-04 2.06843756E-03 9.91473223E-02 1.06236815E-17 6.64731673E-21 8.18117134E-40 9.52883185E-37 7.41363609E-36 1.92813444E-35 1.92270321E-26 4.15620745E-10 4.92364192E-23 2.30546899E-31 7.29679174E-32 6.91275075E-30 1.89287551E-19 7.11856853E-17 8.70107427E-06 2.02982441E-05 1.16294318E-39 1.00000000E-40 2.46414548E-12 4.20529201E-40 1.10646550E-40 3.93893278E-35 1.00000000E-40 3.30870707E-14 1.30776351E-15 1.19274370E-08 2.98849581E-10 7.79775633E-17 2.52238197E-07 1.87493347E-09 1.04554162E-22 2.35757280E-20 5.66160684E-07 2.96139002E-35 2.50553250E-26 1.27138261E-34 1.00000000E-40 6.25090877E-39 1.00000000E-40 6.32507513E-32 1.67892197E-36 3.87233786E-11 3.90471472E-39 1.00000000E-40 1.00000000E-40 4.62860782E-38 1.00000000E-40 1.94008176E-15 7.91825378E-34 6.79622735E-36 1.12676142E-35 1.00000000E-40 1.00000000E-40 1.29572520E-37 4.99355268E-28 1.00000000E-40 1.00000000E-40 6.59697681E-18 2.10018232E-28 3.58339783E-35 4.11433000E-16 1.00000000E-05 1.00000000E-05 1.00000000E-05 1.00000000E-05 1.00000000E-05 1.00000000E-05 1.00000000E-05 1.00000000E-05 1.00000000E-05 1.00000000E-05
6.85000000E+01 4.20072367E-06 2.33119991E+14 1.30515266E+02 1.00000000E+05 1.00000000E-40 1.00000000E-40 1.00000000E-40 1.00000000E-40 3.38932012E-16 1.00000000E-40 1.00000000E-40 1.00000000E-40 1.00000000E-40 1.00000000E-40 8.75748007E-07 6.68972003E-04 2.04377518E-10 1.40474440E-11 7.81202833E-04 7.79503496E-04 2.47673130E-03 1.15521711E-01 1.17575882E-17 6.45962898E-21 8.48433022E-40 1.17917288E-36 8.93055541E-36 2.02880182E-35 1.91453040E-26 4.87106189E-10 4.90196534E-23 1.00000000E-40 3.85829637E-32 7.40359947E-30 2.13789639E-19 7.26824875E-17 1.01351226E-05 2.44001609E-05 1.19626910E-39 1.00000000E-40 2.90457016E-12 4.17556185E-40 1.15327567E-40 3.74657992E-35 1.00000000E-40 3.53440016E-14 1.15720068E-15 1.50878984E-08 3.81960647E-10 7.45230050E-17 2.57912806E-07 1.78877907E-09 1.05004966E-22 3.06785388E-20 6.34850236E-07 3.07752636E-35 2.39043834E-26 1.41794873E-34 1.00000000E-40 6.28441979E-39 1.00000000E-40 6.00296072E-32 1.28501404E-36 4.81683244E-11 4.96571753E-39 1.00000000E-40 1.00000000E-40 5.89783114E-38 1.00000000E-40 1.95504806E-15 7.47813862E-34 6.25684352E-36 1.48769401E-35 1.00000000E-40 1.00000000E-40 1.47115878E-37 5.94249311E-28 1.00000000E-40 1.00000000E-40 7.56355100E-18 1.50876903E-28 3.09691959E-35 6.37682000E-16 1.00000000E-05 1.00000000E-05 1.00000000E-05 1.00000000E-05 1.00000000E-05 1.00000000E-05 1.00000000E-05 1.00000000E-05 1.00000000E-05 1.00000000E-05
6.95000000E+01 3.61578592E-06 2.00009063E+14 1.30939221E+02 1.00000000E+05 1.00000000E-40 1.00000000E-40 1.00000000E-40 1.00000000E-40 2.85256832E-16 1.00000000E-40 1.00000000E-40 1.00000000E-40 1.00000000E-40 1.00000000E-40 9.73600895E-07 6.85983916E-04 2.19720271E-10 1.64552860E-11 9.55507809E-04 9.15665182E-04 2.95416782E-03 1.33599185E-01 1.29188069E-17 6.22695897E-21 8.89877503E-40 1.46486466E-36 1.07762027E-35 2.17644048E-35 1.90659285E-26 5.70978937E-10 4.87061161E-23 1.00000000E-40 3.83988435E-32 7.78246925E-30 2.35194695E-19 7.36523798E-17 1.17664320E-05 2.89820004E-05 1.24918037E-39 1.00000000E-40 3.38931771E-12 4.18159483E-40 1.21529088E-40 3.62200315E-35 1.00000000E-40 3.74682064E-14 1.02875755E-15 1.88047345E-08 4.78645790E-10 6.82315822E-17 2.62657516E-07 1.72529083E-09 1.05116505E-22 3.85569350E-20 7.08761636E-07 3.18069945E-35 2.27399314E-26 1.57558095E-34 1.00000000E-40 6.29297565E-39 1.00000000E-40 5.67538374E-32 9.81954960E-37 5.89167460E-11 6.31768797E-39 1.00000000E-40 1.00000000E-40 7.56048175E-38 1.00000000E-40 1.95665794E-15 7.10721913E-34 5.70299590E-36 1.96435930E-35 1.00000000E-40 1.00000000E-40 1.66263956E-37 7.02926613E-28 1.00000000E-40 1.00000000E-40 8.45323381E-18 1.08886592E-28 2.67564810E-35 9.69147000E-16 1.00000000E-05 1.00000000E-05 1.00000000E-05 1.00000000E-05 1.00000000E-05 1.00000000E-05 1.00000000E-05 1.00000000E-05 1.00000000E-05 1.00000000E-05
7.05000000E+01 3.11362076E-06 1.71743815E+14 1.31311065E+02 1.00000000E+05 1.00000000E-40 1.00000000E-40 1.00000000E-40 1.00000000E-40 2.31288693E-16 1.00000000E-40 1.00000000E-40 1.00000000E-40 1.00000000E-40 1.00000000E-40 1.08318728E-06 7.02080348E-04 2.32437978E-10 1.90602610E-11 1.16553558E-03 1.06893811E-03 3.50803743E-03 1.53305555E-01 1.40534562E-17 5.94401774E-21 9.44137128E-40 1.82362168E-36 1.29955200E-35 2.37453488E-35 1.89766922E-26 6.69687554E-10 4.82637699E-23 1.00000000E-40 1.00000000E-40 8.02263661E-30 2.51413959E-19 7.39361994E-17 1.36128931E-05 3.40041213E-05 1.32401191E-39 1.00000000E-40 3.91459159E-12 4.22094809E-40 1.29376113E-40 3.54833536E-35 1.00000000E-40 3.93443661E-14 9.18201663E-16 2.31053269E-08 5.87785747E-10 6.05689113E-17 2.66341426E-07 1.68478781E-09 1.04526763E-22 4.67810263E-20 7.87429563E-07 3.26681090E-35 2.15589336E-26 1.73780402E-34 1.00000000E-40 6.27668344E-39 1.00000000E-40 5.34436094E-32 7.48843889E-37 7.08021704E-11 8.03175457E-39 1.00000000E-40 1.00000000E-40 9.72948827E-38 1.00000000E-40 1.94303596E-15 6.79792474E-34 5.14210535E-36 2.59282473E-35 1.00000000E-40 1.00000000E-40 1.86104794E-37 8.25965682E-28 1.00000000E-40 1.00000000E-40 9.20389641E-18 7.88842495E-29 2.30857639E-35 1.44684000E-15 1.00000000E-05 1.00000000E-05 1.00000000E-05 1.00000000E-05 1.00000000E-05 1.00000000E-05 1.00000000E-05 1.00000000E-05 1.00000000E-05 1.00000000E-05
7.15000000E+01 2.68225438E-06 1.47559974E+14 1.31658260E+02 1.00000000E+05 1.00000000E-40 1.00000000E-40 1.00000000E-40 1.00000000E-40 1.80147590E-16 1.00000000E-40 1.00000000E-40 1.00000000E-40 1.00000000E-40 1.00000000E-40 1.20565284E-06 7.17450881E-04 2.42165640E-10 2.18080021E-11 1.41825408E-03 1.23943653E-03 4.14653398E-03 1.74563691E-01 1.51403041E-17 5.60703019E-21 1.01343446E-39 2.27105511E-36 1.56345609E-35 2.62739373E-35 1.88720551E-26 7.86962211E-10 4.77438384E-23 1.00000000E-40 1.00000000E-40 8.10650335E-30 2.60559812E-19 7.34570530E-17 1.57003303E-05 3.94075642E-05 1.42108784E-39 1.00000000E-40 4.47609874E-12 4.29134842E-40 1.39022546E-40 3.51279351E-35 1.00000000E-40 4.08711392E-14 8.22281908E-16 2.79510082E-08 7.07355213E-10 5.16865107E-17 2.68951215E-07 1.66822749E-09 1.02907171E-22 5.47756227E-20 8.70462067E-07 3.33310636E-35 2.03681941E-26 1.90512335E-34 1.00000000E-40 6.23840601E-39 1.00000000E-40 5.01380508E-32 5.68709006E-37 8.36860403E-11 1.02013983E-38 1.00000000E-40 1.00000000E-40 1.25519321E-37 1.00000000E-40 1.91113776E-15 6.54640685E-34 4.58062869E-36 3.41207071E-35 1.00000000E-40 1.00000000E-40 2.06833698E-37 9.63881976E-28 1.00000000E-40 1.00000000E-40 9.74084465E-18 5.73380233E-29 1.98904562E-35 2.12394000E-15 1.00000000E-05 1.00000000E-05 1.00000000E-05 1.00000000E-05 1.00000000E-05 1.00000000E-05 1.00000000E-05 1.00000000E-05 1.00000000E-05 1.00000000E-05
7.25000000E+01 2.31150308E-06 1.26849013E+14 1.31984856E+02 1.00000000E+05 1.00000000E-40 1.00000000E-40 1.00000000E-40 1.00000000E-40 1.34747225E-16 1.00000000E-40 1.00000000E-40 1.00000000E-40 1.00000000E-40 1.00000000E-40 1.34193688E-06 7.32220544E-04 2.48650038E-10 2.46261544E-11 1.72158497E-03 1.42664948E-03 4.87750488E-03 1.97248789E-01 1.61453355E-17 5.21919809E-21 1.09995534E-39 2.82420186E-36 1.87314954E-35 2.93836959E-35 1.87452490E-26 9.27387343E-10 4.72114316E-23 1.00000000E-40 1.00000000E-40 8.02517550E-30 2.61579719E-19 7.21868479E-17 1.80563178E-05 4.51061912E-05 1.54190186E-39 1.00000000E-40 5.06806983E-12 4.38971224E-40 1.50577477E-40 3.50750644E-35 1.00000000E-40 4.19578061E-14 7.38263868E-16 3.32775075E-08 8.34070315E-10 4.23711649E-17 2.70488576E-07 1.67660145E-09 1.00126323E-22 6.18899103E-20 9.57293724E-07 3.37710956E-35 1.91745134E-26 2.07515537E-34 1.00000000E-40 6.18147735E-39 1.00000000E-40 4.68706095E-32 4.29714838E-37 9.73284389E-11 1.29401072E-38 1.00000000E-40 1.00000000E-40 1.62048343E-37 1.00000000E-40 1.86050397E-15 6.34806951E-34 4.02944460E-36 4.46878521E-35 1.00000000E-40 1.00000000E-40 2.28197252E-37 1.11683681E-27 1.00000000E-40 1.00000000E-40 1.00098312E-17 4.18049435E-29 1.71094951E-35 3.06721000E-15 1.00000000E-05 1.00000000E-05 1.00000000E-05 1.00000000E-05 1.00000000E-05 1.00000000E-05 1.00000000E-05 1.00000000E-05 1.00000000E-05 1.00000000E-05
7.35000000E+01 1.99268179E-06 1.09100827E+14 1.32289881E+02 1.00000000E+05 1.00000000E-40 1.00000000E-40 1.00000000E-40 1.00000000E-40 9.68281015E-17 1.00000000E-40 1.00000000E-40 1.00000000E-40 1.00000000E-40 1.00000000E-40 1.49277864E-06 7.46493822E-04 2.51782573E-10 2.74248067E-11 2.08441820E-03 1.62940004E-03 5.70829099E-03 2.21195291E-01 1.70318103E-17 4.78951981E-21 1.20597490E-39 3.50103555E-36 2.23143475E-35 3.30970369E-35 1.85900819E-26 1.09680137E-09 4.67530240E-23 1.00000000E-40 4.54730986E-31 7.78015221E-30 2.54385439E-19 7.01492246E-17 2.07110398E-05 5.09874037E-05 1.68865390E-39 1.00000000E-40 5.68353031E-12 4.51234172E-40 1.64110825E-40 3.52697280E-35 1.00000000E-40 4.25324842E-14 6.63960782E-16 3.89853301E-08 9.63405223E-10 3.34097159E-17 2.70982552E-07 1.71158172E-09 9.62156563E-23 6.74850013E-20 1.04721440E-06 3.39697205E-35 1.79858245E-26 2.24440084E-34 1.00000000E-40 6.10993162E-39 1.00000000E-40 4.36712217E-32 3.22898515E-37 1.11408190E-10 1.63887831E-38 1.00000000E-40 1.00000000E-40 2.08988688E-37 1.00000000E-40 1.79224376E-15 6.19810666E-34 3.50057460E-36 5.81766683E-35 1.00000000E-40 1.00000000E-40 2.49763942E-37 1.28460930E-27 1.00000000E-40 1.00000000E-40 9.98148155E-18 3.05778784E-29 1.46911618E-35 4.35767000E-15 1.00000000E-05 1.00000000E-05 1.00000000E-05 1.00000000E-05 1.00000000E-05 1.00000000E-05 1.00000000E-05 1.00000000E-05 1.00000000E-05 1.00000000E-05
7.45000000E+01 1.71837762E-06 9.38822343E+13 1.32572030E+02 1.00000000E+05 1.00000000E-40 1.00000000E-40 1.00000000E-40 1.00000000E-40 6.68769890E-17 1.00000000E-40 1.00000000E-40 1.00000000E-40 1.00000000E-40 1.00000000E-40 1.65862263E-06 7.60338840E-04 2.51605383E-10 3.00972356E-11 2.51648422E-03 1.84577434E-03 6.64532612E-03 2.46197163E-01 1.77644524E-17 4.33037146E-21 1.33389189E-39 4.31977088E-36 2.63988814E-35 3.74228481E-35 1.84014130E-26 1.30274994E-09 4.64761185E-23 6.36341378E-31 5.00475604E-31 7.38353835E-30 2.39763036E-19 6.74132811E-17 2.36978563E-05 5.69121320E-05 1.86435060E-39 1.00000000E-40 6.31439443E-12 4.65504843E-40 1.79649624E-40 3.56637638E-35 1.00000000E-40 4.25465870E-14 5.97669111E-16 4.49330556E-08 1.08978074E-09 2.53745977E-17 2.70484635E-07 1.77606834E-09 9.13290926E-23 7.10239381E-20 1.13936121E-06 3.39160258E-35 1.68108046E-26 2.40894286E-34 1.00000000E-40 6.02822867E-39 1.00000000E-40 4.05653865E-32 2.41236762E-37 1.25534291E-10 2.07263018E-38 1.00000000E-40 1.00000000E-40 2.68804533E-37 1.00000000E-40 1.70853075E-15 6.09147601E-34 3.00512638E-36 7.52037119E-35 1.00000000E-40 1.00000000E-40 2.71027551E-37 1.46653536E-27 1.00000000E-40 1.00000000E-40 9.65367747E-18 2.24477419E-29 1.25913600E-35 6.09034000E-15 1.00000000E-05 1.00000000E-05 1.00000000E-05 1.00000000E-05 1.00000000E-05 1.00000000E-05 1.00000000E-05 1.00000000E-05 1.00000000E-05 1.00000000E-05
7.55000000E+01 1.48226887E-06 8.08218013E+13 1.32835813E+02 1.00000000E+05 1.00000000E-40 1.00000000E-40 1.00000000E-40 1.00000000E-40 4.44174462E-17 1.00000000E-40 1.00000000E-40 1.00000000E-40 1.00000000E-40 1.00000000E-40 1.83978667E-06 7.73880405E-04 2.48332645E-10 3.25304209E-11 3.02846205E-03 2.07331184E-03 7.69450498E-03 2.72036960E-01 1.83204133E-17 3.85615647E-21 1.48630228E-39 5.29815341E-36 3.09888963E-35 4.23571131E-35 1.81776163E-26 1.55511229E-09 4.65101439E-23 1.00000000E-40 1.00000000E-40 6.85775232E-30 2.19188128E-19 6.40943871E-17 2.70555957E-05 6.27234227E-05 2.07254526E-39 1.00000000E-40 6.95224632E-12 4.81333421E-40 1.97178164E-40 3.62063991E-35 1.00000000E-40 4.19873971E-14 5.38145098E-16 5.09355203E-08 1.20708173E-09 1.85559408E-17 2.69090984E-07 1.87487896E-09 8.57119991E-23 7.21693331E-20 1.23283997E-06 3.36111097E-35 1.56600792E-26 2.56621565E-34 1.00000000E-40 5.94154255E-39 1.00000000E-40 3.75774027E-32 1.79168275E-37 1.39297414E-10 2.61827439E-38 1.00000000E-40 1.00000000E-40 3.44356842E-37 1.00000000E-40 1.61226418E-15 6.02306565E-34 2.55255986E-36 9.64360125E-35 1.00000000E-40 1.00000000E-40 2.91687451E-37 1.66162873E-27 1.00000000E-40 1.00000000E-40 9.05258002E-18 1.65510747E-29 1.07736692E-35 8.37370000E-15 1.00000000E-05 1.00000000E-05 1.00000000E-05 1.00000000E-05 1.00000000E-05 1.00000000E-05 1.00000000E-05 1.00000000E-05 1.00000000E-05 1.00000000E-05
7.65000000E+01 1.27894719E-06 6.96081665E+13 1.33078880E+02 1.00000000E+05 1.00000000E-40 1.00000000E-40 1.00000000E-40 1.00000000E-40 2.84070162E-17 1.00000000E-40 1.00000000E-40 1.00000000E-40 1.00000000E-40 1.00000000E-40 2.03609514E-06 7.87153821E-04 2.42292562E-10 3.46111685E-11 3.63136371E-03 2.30882452E-03 8.85997896E-03 2.98458825E-01 1.86762029E-17 3.38193842E-21 1.66582791E-39 6.45266078E-36 3.60752100E-35 4.78810733E-35 1.79181575E-26 1.86645904E-09 4.69918339E-23 1.00000000E-40 5.55581937E-31 6.23231608E-30 1.94546591E-19 6.03228309E-17 3.08241770E-05 6.82446104E-05 2.31857268E-39 1.00000000E-40 7.58763357E-12 4.98257214E-40 2.16620904E-40 3.68585553E-35 1.00000000E-40 4.08699879E-14 4.84434542E-16 5.67853526E-08 1.30899183E-09 1.30991485E-17 2.66899184E-07 2.01505912E-09 7.96776447E-23 7.08308439E-20 1.32658963E-06 3.30635889E-35 1.45433136E-26 2.71215403E-34 1.00000000E-40 5.85473415E-39 1.00000000E-40 3.47243233E-32 1.32329137E-37 1.52230199E-10 3.30548191E-38 1.00000000E-40 1.00000000E-40 4.38858587E-37 1.00000000E-40 1.50699221E-15 5.98745080E-34 2.14993726E-36 1.22597333E-34 1.00000000E-40 1.00000000E-40 3.11172669E-37 1.86838444E-27 1.00000000E-40 1.00000000E-40 8.23099443E-18 1.22666013E-29 9.20421154E-36 1.13298000E-14 1.00000000E-05 1.00000000E-05 1.00000000E-05 1.00000000E-05 1.00000000E-05 1.00000000E-05 1.00000000E-05 1.00000000E-05 1.00000000E-05 1.00000000E-05
7.75000000E+01 1.10379270E-06 5.99727248E+13 1.33306232E+02 1.00000000E+05 1.00000000E-40 1.00000000E-40 1.00000000E-40 1.00000000E-40 1.75123289E-17 1.00000000E-40 1.00000000E-40 1.00000000E-40 1.00000000E-40 1.00000000E-40 2.24716205E-06 8.00234140E-04 2.33932010E-10 3.62385498E-11 4.33663267E-03 2.54879292E-03 1.01449003E-02 3.25209723E-01 1.88253909E-17 2.92145122E-21 1.87533869E-39 7.79831491E-36 4.16427774E-35 5.39707742E-35 1.76264275E-26 2.25315700E-09 4.80774830E-23 1.87370194E-31 1.92529113E-31 5.54175822E-30 1.67813064E-19 5.62415152E-17 3.50468777E-05 7.32935695E-05 2.60874882E-39 1.00000000E-40 8.21100910E-12 5.15845146E-40 2.37863482E-40 3.75758193E-35 1.14056862E-40 3.92430170E-14 4.35866359E-16 6.22441421E-08 1.38985205E-09 8.92658195E-18 2.64038425E-07 2.20702811E-09 7.35509735E-23 6.71843725E-20 1.41955980E-06 3.22937187E-35 1.34709236E-26 2.84498489E-34 1.00000000E-40 5.77279507E-39 1.00000000E-40 3.20209925E-32 9.72120057E-38 1.63898126E-10 4.17341119E-38 1.00000000E-40 1.00000000E-40 5.55976789E-37 1.00000000E-40 1.39604771E-15 5.97990291E-34 1.80127930E-36 1.54422810E-34 1.00000000E-40 1.00000000E-40 3.29272904E-37 2.08500921E-27 1.00000000E-40 1.00000000E-40 7.25677445E-18 9.14627986E-30 7.85404041E-36 1.50964000E-14 1.00000000E-05 1.00000000E-05 1.00000000E-05 1.00000000E-05 1.00000000E-05 1.00000000E-05 1.00000000E-05 1.00000000E-05 1.00000000E-05 1.00000000E-05
7.85000000E+01 9.52851895E-07 5.16882588E+13 1.33521197E+02 1.00000000E+05 1.00000000E-40 1.00000000E-40 1.00000000E-40 1.00000000E-40 1.04295540E-17 1.00000000E-40 1.00000000E-40 1.00000000E-40 1.00000000E-40 1.00000000E-40 2.47227094E-06 8.13181960E-04 2.23763391E-10 3.73377300E-11 5.15567324E-03 2.78949257E-03 1.15509863E-02 3.52036041E-01 1.87695640E-17 2.48670045E-21 2.11781320E-39 9.34871209E-36 4.76749792E-35 6.06016119E-35 1.73087087E-26 2.73596771E-09 4.99358627E-23 5.85256532E-31 2.79045063E-31 4.82178631E-30 1.40827527E-19 5.19865945E-17 3.97648673E-05 7.76908485E-05 2.95126603E-39 1.00000000E-40 8.81249995E-12 5.33713950E-40 2.60744714E-40 3.83216590E-35 1.28588415E-40 3.71819643E-14 3.91947197E-16 6.70774933E-08 1.44519224E-09 5.87967667E-18 2.60649466E-07 2.46538904E-09 6.76589777E-23 6.16432843E-20 1.51068654E-06 3.13303080E-35 1.24527049E-26 2.96313041E-34 1.00000000E-40 5.70039098E-39 1.00000000E-40 2.94779125E-32 7.10668683E-38 1.73893640E-10 5.27333897E-38 1.00000000E-40 1.00000000E-40 6.99849210E-37 1.00000000E-40 1.28264415E-15 5.99645804E-34 1.50790752E-36 1.92669466E-34 1.00000000E-40 1.00000000E-40 3.45780690E-37 2.30940819E-27 1.00000000E-40 1.00000000E-40 6.20637364E-18 6.86670932E-30 6.69668014E-36 1.98335000E-14 1.00000000E-05 1.00000000E-05 1.00000000E-05 1.00000000E-05 1.00000000E-05 1.00000000E-05 1.00000000E-05 1.00000000E-05 1.00000000E-05 1.00000000E-05
7.95000000E+01 8.22737037E-07 4.45617477E+13 1.33725906E+02 1.00000000E+05 1.00000000E-40 1.00000000E-40 1.00000000E-40 1.00000000E-40 6.02194887E-18 1.00000000E-40 1.00000000E-40 1.00000000E-40 1.00000000E-40 1.00000000E-40 2.71080166E-06 8.26160869E-04 2.12347383E-10 3.78795589E-11 6.10024291E-03 3.02758841E-03 1.30799762E-02 3.78732306E-01 1.85227248E-17 2.08758697E-21 2.39634496E-39 1.11169757E-35 5.41620975E-35 6.77583509E-35 1.69759879E-26 3.34088631E-09 5.27534983E-23 1.00000000E-40 1.02412934E-31 4.10635390E-30 1.15134973E-19 4.76879979E-17 4.50166385E-05 8.12798592E-05 3.35620276E-39 1.00000000E-40 9.38292768E-12 5.51544815E-40 2.85064444E-40 3.90760191E-35 1.43186108E-40 3.47896586E-14 3.52338875E-16 7.10930990E-08 1.47236582E-09 3.75306275E-18 2.56906426E-07 2.81028229E-09 6.23140933E-23 5.47933902E-20 1.59909335E-06 3.02120300E-35 1.14987173E-26 3.06571691E-34 1.00000000E-40 5.64232139E-39 1.00000000E-40 2.71042274E-32 5.17496992E-38 1.81902272E-10 6.67150336E-38 1.00000000E-40 1.00000000E-40 8.75214965E-37 1.00000000E-40 1.16984640E-15 6.03441584E-34 1.26884791E-36 2.38156571E-34 1.00000000E-40 1.00000000E-40 3.60559851E-37 2.53953359E-27 1.00000000E-40 1.00000000E-40 5.15535369E-18 5.19533544E-30 5.70869404E-36 2.57372000E-14 1.00000000E-05 1.00000000E-05 1.00000000E-05 1.00000000E-05 1.00000000E-05 1.00000000E-05 1.00000000E-05 1.00000000E-05 1.00000000E-05 1.00000000E-05
8.05000000E+01 7.10524960E-07 3.84341478E+13 1.33899452E+02 1.00000000E+05 1.00000000E-40 1.00000000E-40 1.00000000E-40 1.00000000E-40 3.38539963E-18 1.00000000E-40 1.00000000E-40 1.00000000E-40 1.00000000E-40 1.00000000E-40 2.96055884E-06 8.38943342E-04 2.00149172E-10 3.78513961E-11 7.17901574E-03 3.25893975E-03 1.47272964E-02 4.04970170E-01 1.80763789E-17 1.72991031E-21 2.71360592E-39 1.31166843E-35 6.11034167E-35 7.54367452E-35 1.66351632E-26 4.09913404E-09 5.67239114E-23 4.21319866E-31 1.09922529E-30 3.42309845E-30 9.18145777E-20 4.34228290E-17 5.08143684E-05 8.38975648E-05 3.83965849E-39 1.00000000E-40 9.90947411E-12 5.69101436E-40 3.10569182E-40 3.98455888E-35 1.57657978E-40 3.21534141E-14 3.16650935E-16 7.41446877E-08 1.47011620E-09 2.34382650E-18 2.52891428E-07 3.26714282E-09 5.77592662E-23 4.72430778E-20 1.68337906E-06 2.89707434E-35 1.06137367E-26 3.14592990E-34 1.00000000E-40 5.60079270E-39 1.00000000E-40 2.48957992E-32 3.75798735E-38 1.87531684E-10 8.45529159E-38 1.00000000E-40 1.00000000E-40 1.08729478E-36 1.01588286E-40 1.06005157E-15 6.09235020E-34 1.08044503E-36 2.91709465E-34 1.00000000E-40 1.00000000E-40 3.72440836E-37 2.77227312E-27 1.00000000E-40 1.00000000E-40 4.16446767E-18 3.96334548E-30 4.86559388E-36 3.30657000E-14 1.00000000E-05 1.00000000E-05 1.00000000E-05 1.00000000E-05 1.00000000E-05 1.00000000E-05 1.00000000E-05 1.00000000E-05 1.00000000E-05 1.00000000E-05
8.15000000E+01 6.13734428E-07 3.31553007E+13 1.34073897E+02 1.00000000E+05 1.00000000E-40 1.00000000E-40 1.00000000E-40 1.00000000E-40 1.85406016E-18 1.00000000E-40 1.00000000E-40 1.00000000E-40 1.00000000E-40 1.00000000E-40 3.22093837E-06 8.51814040E-04 1.87701244E-10 3.72925782E-11 8.40316602E-03 3.48148693E-03 1.64938986E-02 4.30629976E-01 1.74821920E-17 1.41582439E-21 3.07372869E-39 1.53669764E-35 6.85436714E-35 8.36893522E-35 1.63042078E-26 5.05160633E-09 6.21076096E-23 1.49139399E-30 1.00000000E-40 2.79499429E-30 7.15130532E-20 3.92834308E-17 5.71781700E-05 8.54521326E-05 4.41490765E-39 1.00000000E-40 1.03837743E-11 5.86281205E-40 3.37082148E-40 4.05851787E-35 1.71796233E-40 2.93873258E-14 2.84702502E-16 7.60705236E-08 1.44023096E-09 1.42330428E-18 2.48810260E-07 3.86940098E-09 5.41682950E-23 3.95858641E-20 1.76300712E-06 2.76551140E-35 9.80700188E-27 3.21125566E-34 1.00000000E-40 5.57968610E-39 1.00000000E-40 2.28584383E-32 2.72121908E-38 1.90743915E-10 1.07432262E-37 1.00000000E-40 1.00000000E-40 1.34315237E-36 1.04597465E-40 9.54334151E-16 6.17282324E-34 9.37878348E-37 3.54039641E-34 1.00000000E-40 1.00000000E-40 3.82703579E-37 3.00573263E-27 1.00000000E-40 1.00000000E-40 3.27362036E-18 3.05001733E-30 4.15019141E-36 4.21947000E-14 1.00000000E-05 1.00000000E-05 1.00000000E-05 1.00000000E-05 1.00000000E-05 1.00000000E-05 1.00000000E-05 1.00000000E-05 1.00000000E-05 1.00000000E-05
8.25000000E+01 5.30220701E-07 2.86099040E+13 1.34232289E+02 1.00000000E+05 1.00000000E-40 1.00000000E-40 1.00000000E-40 1.00000000E-40 9.95721634E-19 1.00000000E-40 1.00000000E-40 1.00000000E-40 1.00000000E-40 1.00000000E-40 3.49001526E-06 8.64712248E-04 1.75399389E-10 3.62750756E-11 9.78057653E-03 3.69296496E-03 1.83752104E-02 4.55492969E-01 1.67513796E-17 1.14589625E-21 3.47970666E-39 1.78923302E-35 7.65466414E-35 9.25894459E-35 1.59969205E-26 6.24424796E-09 6.91503322E-23 1.00000000E-40 1.00000000E-40 2.23636301E-30 5.45085791E-20 3.53188260E-17 6.40856216E-05 8.58742553E-05 5.10441491E-39 1.00000000E-40 1.07945977E-11 6.03001848E-40 3.64340795E-40 4.13089868E-35 1.85539848E-40 2.65850139E-14 2.56222013E-16 7.68588230E-08 1.38568206E-09 8.48572206E-19 2.44778382E-07 4.65418790E-09 5.16919050E-23 3.23079978E-20 1.83703090E-06 2.63032693E-35 9.08291262E-27 3.25743957E-34 1.00000000E-40 5.58048809E-39 1.00000000E-40 2.09865632E-32 1.96766066E-38 1.91430743E-10 1.36858333E-37 1.00000000E-40 1.00000000E-40 1.65085066E-36 1.07015172E-40 8.54234552E-16 6.27922175E-34 8.35924949E-37 4.25905047E-34 1.00000000E-40 1.00000000E-40 3.90543881E-37 3.23722523E-27 1.00000000E-40 1.00000000E-40 2.50990662E-18 2.36799895E-30 3.54353761E-36 5.37409000E-14 1.00000000E-05 1.00000000E-05 1.00000000E-05 1.00000000E-05 1.00000000E-05 1.00000000E-05 1.00000000E-05 1.00000000E-05 1.00000000E-05 1.00000000E-05
8.35000000E+01 4.58142705E-07 2.46942600E+13 1.34375928E+02 1.00000000E+05 1.00000000E-40 1.00000000E-40 1.00000000E-40 1.00000000E-40 5.26530272E-19 1.00000000E-40 1.00000000E-40 1.00000000E-40 1.00000000E-40 1.00000000E-40 3.76588681E-06 8.77612674E-04 1.63575613E-10 3.48882977E-11 1.13181343E-02 3.89209533E-03 2.03660352E-02 4.79377048E-01 1.59103965E-17 9.18354119E-22 3.93519699E-39 2.07295157E-35 8.52320740E-35 1.02277302E-34 1.57291943E-26 7.73161202E-09 7.81236745E-23 1.03758399E-30 1.00000000E-40 1.75454962E-30 4.07515613E-20 3.15614883E-17 7.14873133E-05 8.51468511E-05 5.93423708E-39 1.00000000E-40 1.11314836E-11 6.19286670E-40 3.92138299E-40 4.20183524E-35 1.98893514E-40 2.38264354E-14 2.30964290E-16 7.65189322E-08 1.31093374E-09 4.98947609E-19 2.40911455E-07 5.66033020E-09 5.04132453E-23 2.57458717E-20 1.90467448E-06 2.49520455E-35 8.44548368E-27 3.28484963E-34 1.00000000E-40 5.60399155E-39 1.00000000E-40 1.92737103E-32 1.42156555E-38 1.89632433E-10 1.74849553E-37 1.00000000E-40 1.00000000E-40 2.02110261E-36 1.08909739E-40 7.60305716E-16 6.41870964E-34 7.69256986E-37 5.07906069E-34 1.00000000E-40 1.00000000E-40 3.95973379E-37 3.46423873E-27 1.00000000E-40 1.00000000E-40 1.88034372E-18 1.85458249E-30 3.02968105E-36 6.88593000E-14 1.00000000E-05 1.00000000E-05 1.00000000E-05 1.00000000E-05 1.00000000E-05 1.00000000E-05 1.00000000E-05 1.00000000E-05 1.00000000E-05 1.00000000E-05
8.45000000E+01 3.95923212E-07 2.13183519E+13 1.34516034E+02 1.00000000E+05 1.00000000E-40 1.00000000E-40 1.00000000E-40 1.00000000E-40 2.75380040E-19 1.00000000E-40 1.00000000E-40 1.00000000E-40 1.00000000E-40 1.00000000E-40 4.04764941E-06 8.90706065E-04 1.52520313E-10 3.32474915E-11 1.30245107E-02 4.07939822E-03 2.24651575E-02 5.02229405E-01 1.49982649E-17 7.31284549E-22 4.44458684E-39 2.39327667E-35 9.47852670E-35 1.12970485E-34 1.55213758E-26 9.57647867E-09 8.93008364E-23 1.00000000E-40 1.00000000E-40 1.35095532E-30 2.99708346E-20 2.80425409E-17 7.93161892E-05 8.33252606E-05 6.93406974E-39 1.00000000E-40 1.13873956E-11 6.35220070E-40 4.20317114E-40 4.27109246E-35 2.11929062E-40 2.11846619E-14 2.08732679E-16 7.51289468E-08 1.22155570E-09 2.90132075E-19 2.37362267E-07 6.92436513E-09 5.03730880E-23 2.00931808E-20 1.96570100E-06 2.36391868E-35 7.89973330E-27 3.29733603E-34 1.00000000E-40 5.65126515E-39 1.00000000E-40 1.77155008E-32 1.02666490E-38 1.85575074E-10 2.24068171E-37 1.00000000E-40 1.00000000E-40 2.46844059E-36 1.10408396E-40 6.72901245E-16 6.60214555E-34 7.33377451E-37 6.00507522E-34 1.00000000E-40 1.00000000E-40 3.99590546E-37 3.68518842E-27 1.00000000E-40 1.00000000E-40 1.37972685E-18 1.46483047E-30 2.59539804E-36 8.99078000E-14 1.00000000E-05 1.00000000E-05 1.00000000E-05 1.00000000E-05 1.00000000E-05 1.00000000E-05 1.00000000E-05 1.00000000E-05 1.00000000E-05 1.00000000E-05
8.55000000E+01 3.42198113E-07 1.84091317E+13 1.34635945E+02 1.00000000E+05 1.00000000E-40 1.00000000E-40 1.00000000E-40 1.00000000E-40 1.43434585E-19 1.00000000E-40 1.00000000E-40 1.00000000E-40 1.00000000E-40 1.00000000E-40 4.33303784E-06 9.03859622E-04 1.42401847E-10 3.14596548E-11 1.49040949E-02 4.25511350E-03 2.46647066E-02 5.23877620E-01 1.40271155E-17 5.86378261E-22 5.01142436E-39 2.75769311E-35 1.05449330E-34 1.24953194E-34 1.53896511E-26 1.18442707E-08 1.02886980E-22 1.00000000E-40 1.00000000E-40 1.02156643E-30 2.17540754E-20 2.47676054E-17 8.74505064E-05 8.04922616E-05 8.16011570E-39 1.00000000E-40 1.15536721E-11 6.50907510E-40 4.48704725E-40 4.34184611E-35 2.24863742E-40 1.87034264E-14 1.89264396E-16 7.28374781E-08 1.12283938E-09 1.68939289E-19 2.34195682E-07 8.47145326E-09 5.14995473E-23 1.54049970E-20 2.01944400E-06 2.23896818E-35 7.44773444E-27 3.29118761E-34 1.00000000E-40 5.72101144E-39 1.00000000E-40 1.63004394E-32 7.41956641E-39 1.79442602E-10 2.88780513E-37 1.00000000E-40 1.00000000E-40 3.01147922E-36 1.11609506E-40 5.92332442E-16 6.84338210E-34 7.24695062E-37 7.03835303E-34 1.00000000E-40 1.00000000E-40 4.00649637E-37 3.89766668E-27 1.00000000E-40 1.00000000E-40 9.94533584E-19 1.16604643E-30 2.22774220E-36 1.21736000E-13 1.00000000E-05 1.00000000E-05 1.00000000E-05 1.00000000E-05 1.00000000E-05 1.00000000E-05 1.00000000E-05 1.00000000E-05 1.00000000E-05 1.00000000E-05
8.65000000E+01 2.95799297E-07 1.58997414E+13 1.34748455E+02 1.00000000E+05 1.00000000E-40 1.00000000E-40 1.00000000E-40 1.00000000E-40 7.46855637E-20 1.00000000E-40 1.00000000E-40 1.00000000E-40 1.00000000E-40 1.00000000E-40 4.62106151E-06 9.17189909E-04 1.33368161E-10 2.96319524E-11 1.69643973E-02 4.42124129E-03 2.69622528E-02 5.44294005E-01 1.30303065E-17 5.01447432E-22 5.64143764E-39 3.17694068E-35 1.17574554E-34 1.38636368E-34 1.53550390E-26 1.46076576E-08 1.19035451E-22 1.00000000E-40 6.41535510E-32 7.59398065E-31 1.56372273E-20 2.17459786E-17 9.57609673E-05 7.67939516E-05 1.06429781E-38 1.00000000E-40 1.16267662E-11 6.66552403E-40 4.77272275E-40 4.41639622E-35 2.37944213E-40 1.64164530E-14 1.72353535E-16 6.97864196E-08 1.02010651E-09 9.91637877E-20 2.31519135E-07 1.03133478E-08 5.36102799E-23 1.16419751E-20 2.06585248E-06 2.12289692E-35 7.09350749E-27 3.27076425E-34 1.00000000E-40 5.81244043E-39 1.00000000E-40 1.50207547E-32 5.36570176E-39 1.71579396E-10 4.41934339E-37 1.00000000E-40 1.00000000E-40 3.67671917E-36 1.12696402E-40 5.18435349E-16 7.16223671E-34 7.41220977E-37 8.17600185E-34 1.00000000E-40 1.00000000E-40 3.99855914E-37 4.10041109E-27 1.00000000E-40 1.00000000E-40 7.06152981E-19 9.34839706E-31 1.91666878E-36 1.73767000E-13 1.00000000E-05 1.00000000E-05 1.00000000E-05 1.00000000E-05 1.00000000E-05 1.00000000E-05 1.00000000E-05 1.00000000E-05 1.00000000E-05 1.00000000E-05
8.75000000E+01 2.55720601E-07 1.37347849E+13 1.34852987E+02 1.00000000E+05 1.00000000E-40 1.00000000E-40 1.00000000E-40 1.00000000E-40 3.91055642E-20 1.00000000E-40 1.00000000E-40 1.00000000E-40 1.00000000E-40 1.00000000E-40 4.91060966E-06 9.30747356E-04 1.25509251E-10 2.78627272E-11 1.92127731E-02 4.58018175E-03 2.93546342E-02 5.63447403E-01 1.20286203E-17 5.52717690E-22 6.34556416E-39 3.66546989E-35 1.31610875E-34 1.54547190E-34 1.54385761E-26 1.79385499E-08 1.37757165E-22 2.03117528E-32 1.99390348E-31 5.55487506E-31 1.11696431E-20 1.89798307E-17 1.04093585E-04 7.24062573E-05 8.14174552E-38 8.74375752E-40 1.16055205E-11 6.82391994E-40 5.06056582E-40 4.50573254E-35 2.51525302E-40 1.43410779E-14 1.57787935E-16 6.61576540E-08 9.17836997E-10 5.96121169E-20 2.29410189E-07 1.24428467E-08 5.63737566E-23 8.70428468E-21 2.10491124E-06 2.01756433E-35 6.84087744E-27 3.23702181E-34 1.00000000E-40 5.92387082E-39 1.00000000E-40 1.38671339E-32 3.88475417E-39 1.62339544E-10 5.67686534E-36 1.00000000E-40 1.00000000E-40 4.49985636E-36 1.13922420E-40 4.51166786E-16 7.58369923E-34 7.82716012E-37 9.41001832E-34 1.00000000E-40 1.00000000E-40 3.97291768E-37 4.29226262E-27 1.00000000E-40 1.00000000E-40 4.95655415E-19 7.54225771E-31 1.65321185E-36 2.62761000E-13 1.00000000E-05 1.00000000E-05 1.00000000E-05 1.00000000E-05 1.00000000E-05 1.00000000E-05 1.00000000E-05 1.00000000E-05 1.00000000E-05 1.00000000E-05
8.85000000E+01 2.21094848E-07 1.18667068E+13 1.34947589E+02 1.00000000E+05 1.00000000E-40 1.00000000E-40 1.00000000E-40 1.00000000E-40 2.07074717E-20 1.00000000E-40 1.00000000E-40 1.00000000E-40 1.00000000E-40 1.00000000E-40 5.20074005E-06 9.44582097E-04 1.18881343E-10 2.62391114E-11 2.16577051E-02 4.73476546E-03 3.18394417E-02 5.81329454E-01 1.10390310E-17 1.00725605E-21 6.70137049E-38 4.24254797E-35 1.48139120E-34 1.73366516E-34 1.56626432E-26 2.19060241E-08 1.58889853E-22 2.74642881E-31 6.29996178E-31 4.00238049E-31 7.95363688E-21 1.64672425E-17 1.12285294E-04 6.75247011E-05 4.17030952E-36 5.36989571E-38 1.14921940E-11 6.98739065E-40 5.35270099E-40 4.64847834E-35 2.66049630E-40 1.24819043E-14 1.45367544E-16 6.21343005E-08 8.19539536E-10 3.75610196E-20 2.27932227E-07 1.48335515E-08 5.93296565E-23 6.46342061E-21 2.13674130E-06 1.92436026E-35 6.69435493E-27 3.19064069E-34 1.00000000E-40 6.05317810E-39 1.00000000E-40 1.28303699E-32 2.81686592E-39 1.52089737E-10 3.22841824E-34 1.00000000E-40 1.00000000E-40 5.52970600E-36 1.15881611E-40 3.90402319E-16 8.13977945E-34 8.51061315E-37 1.07266669E-33 1.00000000E-40 1.00000000E-40 3.92995430E-37 4.47237574E-27 1.00000000E-40 1.00000000E-40 3.45333810E-19 6.11807559E-31 1.42976922E-36 4.15812000E-13 1.00000000E-05 1.00000000E-05 1.00000000E-05 1.00000000E-05 1.00000000E-05 1.00000000E-05 1.00000000E-05 1.00000000E-05 1.00000000E-05 1.00000000E-05
8.95000000E+01 1.91174562E-07 1.02545467E+13 1.35030026E+02 1.00000000E+05 1.00000000E-40 1.00000000E-40 1.00000000E-40 1.00000000E-40 1.11404988E-20 1.00000000E-40 1.00000000E-40 1.00000000E-40 1.00000000E-40 1.00000000E-40 5.49010437E-06 9.58652876E-04 1.13509952E-10 2.48335304E-11 2.43070300E-02 4.88761666E-03 3.44120763E-02 5.97900221E-01 1.00734083E-17 2.71145892E-21 4.67733595E-34 4.93459464E-35 1.67900773E-34 1.95964289E-34 1.60499368E-26 2.65732425E-08 1.82073298E-22 1.19702508E-32 3.97362607E-32 2.84322852E-31 5.66120377E-21 1.42003500E-17 1.20165425E-04 6.23436465E-05 5.29192222E-34 2.98201161E-36 1.12916203E-11 7.16015592E-40 5.65528798E-40 4.97581776E-35 2.82049351E-40 1.08318310E-14 1.34896921E-16 5.78726313E-08 7.27645938E-10 2.54559366E-20 2.27116539E-07 1.74406211E-08 6.19485444E-23 4.78529373E-21 2.16139748E-06 1.84413254E-35 6.65888034E-27 3.13202519E-34 1.00000000E-40 6.19736615E-39 1.00000000E-40 1.19008176E-32 2.04599624E-39 1.41160925E-10 1.67459425E-32 1.00000000E-40 1.00000000E-40 6.83299579E-36 1.20350416E-40 3.35876134E-16 8.87120119E-34 9.50702534E-37 1.21048699E-33 1.00000000E-40 1.00000000E-40 3.86970757E-37 4.63980459E-27 1.00000000E-40 1.00000000E-40 2.39870449E-19 4.98478159E-31 1.23984464E-36 6.72942000E-13 1.00000000E-05 1.00000000E-05 1.00000000E-05 1.00000000E-05 1.00000000E-05 1.00000000E-05 1.00000000E-05 1.00000000E-05 1.00000000E-05 1.00000000E-05
9.05000000E+01 1.65317895E-07 8.86222728E+12 1.35111931E+02 1.00000000E+05 1.00000000E-40 1.00000000E-40 1.00000000E-40 1.00000000E-40 6.11116089E-21 1.00000000E-40 1.00000000E-40 1.00000000E-40 1.00000000E-40 1.00000000E-40 5.77922586E-06 9.73224857E-04 1.09443550E-10 2.37228728E-11 2.71778436E-02 5.04281288E-03 3.70789244E-02 6.13308508E-01 9.15133132E-18 8.14418700E-21 1.80770421E-30 1.00087760E-34 1.91853997E-34 2.23460865E-34 1.66300863E-26 3.19999743E-08 2.06769879E-22 6.80089126E-31 4.17901120E-31 1.99379733E-31 4.03788672E-21 1.21758882E-17 1.27609981E-04 5.70666507E-05 7.59050199E-31 1.39042592E-34 1.10152314E-11 7.34789621E-40 5.98600624E-40 5.91481514E-35 3.00106427E-40 9.38284493E-15 1.26237056E-16 5.35212016E-08 6.43847576E-10 1.88205067E-20 2.27048515E-07 2.02117873E-08 6.37771471E-23 3.54765446E-21 2.17964869E-06 1.77796002E-35 6.74253955E-27 3.06562238E-34 4.99033529E-40 6.35498132E-39 1.00000000E-40 1.10730439E-32 1.48867417E-39 1.29931972E-10 7.25706452E-31 1.00000000E-40 1.00000000E-40 8.50242646E-36 1.74560432E-40 2.87318571E-16 9.83007456E-34 1.08953362E-36 1.35207038E-33 1.00000000E-40 1.00000000E-40 3.79952184E-37 4.79521559E-27 1.00000000E-40 1.00000000E-40 1.66980004E-19 4.07644783E-31 1.07845616E-36 1.08875000E-12 1.00000000E-05 1.00000000E-05 1.00000000E-05 1.00000000E-05 1.00000000E-05 1.00000000E-05 1.00000000E-05 1.00000000E-05 1.00000000E-05 1.00000000E-05
9.15000000E+01 1.42968063E-07 7.66054490E+12 1.35174910E+02 1.00000000E+05 1.00000000E-40 1.00000000E-40 1.00000000E-40 1.00000000E-40 3.43295980E-21 1.00000000E-40 1.00000000E-40 1.00000000E-40 1.00000000E-40 1.00000000E-40 6.06592798E-06 9.88105444E-04 1.06679542E-10 2.29689369E-11 3.02781379E-02 5.20216677E-03 3.98317155E-02 6.27454314E-01 8.26975380E-18 2.40439976E-20 3.20527936E-27 7.21487977E-32 2.28569381E-34 2.57215660E-34 1.74281236E-26 3.82237045E-08 2.32209143E-22 2.85587704E-31 1.37899325E-31 1.38121755E-31 2.89143793E-21 1.03777578E-17 1.34462046E-04 5.18514769E-05 9.76730118E-28 5.83788641E-33 1.06724749E-11 7.55745806E-40 6.39520178E-40 8.76342677E-35 3.20990958E-40 8.11538762E-15 1.19211475E-16 4.91983559E-08 5.68703854E-10 1.50617497E-20 2.27705129E-07 2.30797213E-08 6.44021704E-23 2.64409941E-21 2.19139413E-06 1.72591463E-35 6.95189802E-27 2.98745571E-34 1.85881542E-38 6.52185910E-39 1.00000000E-40 1.03374783E-32 1.08578712E-39 1.18641680E-10 2.61107669E-29 1.00000000E-40 1.00000000E-40 1.06604714E-35 6.08114967E-38 2.44445632E-16 1.10798027E-33 1.27925459E-36 1.49406539E-33 1.00000000E-40 1.00000000E-40 3.71127604E-37 4.93747682E-27 1.00000000E-40 1.00000000E-40 1.17180467E-19 3.34249299E-31 9.40791059E-37 1.73290000E-12 1.00000000E-05 1.00000000E-05 1.00000000E-05 1.00000000E-05 1.00000000E-05 1.00000000E-05 1.00000000E-05 1.00000000E-05 1.00000000E-05 1.00000000E-05
9.25000000E+01 1.23647996E-07 6.62229966E+12 1.35236826E+02 1.00000000E+05 1.00000000E-40 1.00000000E-40 1.00000000E-40 1.00000000E-40 1.97232166E-21 1.00000000E-40 1.00000000E-40 1.00000000E-40 1.00000000E-40 1.00000000E-40 6.35019630E-06 1.00347942E-03 1.05260971E-10 2.26483722E-11 3.36279062E-02 5.36905973E-03 4.26759739E-02 6.40464547E-01 7.44232321E-18 6.74240536E-20 2.64492455E-24 5.70790757E-29 5.78327233E-33 2.99222400E-34 1.84781926E-26 4.52860116E-08 2.57566264E-22 2.61129068E-32 4.78580859E-32 9.46290031E-32 2.08261987E-21 8.79461587E-18 1.40634810E-04 4.68500016E-05 6.67486828E-25 3.50886956E-31 1.02789855E-11 7.79855172E-40 7.03595680E-40 1.71656735E-34 3.45482252E-40 7.01285957E-15 1.13709504E-16 4.49821979E-08 5.02404693E-10 1.27953447E-20 2.29136515E-07 2.59821321E-08 6.36642100E-23 1.98960570E-21 2.19735272E-06 1.68857761E-35 7.29741026E-27 2.90629539E-34 3.18904430E-37 6.69599776E-39 1.00000000E-40 9.68973998E-33 7.93478706E-40 1.07547444E-10 7.77322219E-28 1.00000000E-40 1.00000000E-40 1.34786863E-35 4.10862585E-35 2.06784501E-16 1.27023992E-33 1.53776944E-36 1.63308828E-33 1.00000000E-40 1.00000000E-40 3.61453744E-37 5.06735156E-27 1.00000000E-40 1.00000000E-40 8.33848863E-20 2.74617174E-31 8.23392399E-37 2.68958000E-12 1.00000000E-05 1.00000000E-05 1.00000000E-05 1.00000000E-05 1.00000000E-05 1.00000000E-05 1.00000000E-05 1.00000000E-05 1.00000000E-05 1.00000000E-05
9.35000000E+01 1.06945683E-07 5.72520714E+12 1.35297188E+02 1.00000000E+05 1.00000000E-40 1.00000000E-40 1.00000000E-40 1.00000000E-40 1.15758947E-21 1.00000000E-40 1.00000000E-40 1.00000000E-40 1.00000000E-40 1.00000000E-40 6.63183539E-06 1.01951478E-03 1.05237886E-10 2.28510657E-11 3.72506776E-02 5.54659344E-03 4.56185020E-02 6.52467344E-01 6.67300670E-18 1.78300287E-19 1.07970041E-21 2.23465845E-26 2.03435509E-30 4.24309441E-34 1.98181318E-26 5.32095251E-08 2.81919939E-22 1.00000000E-40 1.00000000E-40 6.41801133E-32 1.51216935E-21 7.41279212E-18 1.46067258E-04 4.21826965E-05 2.39468295E-22 4.62880275E-29 9.85146804E-12 8.08290075E-40 8.34977620E-40 4.06168295E-34 3.74533110E-40 6.05818203E-15 1.09634626E-16 4.09495553E-08 4.44642411E-10 1.13599461E-20 2.31382329E-07 2.88600489E-08 6.15659446E-23 1.51821451E-21 2.19822851E-06 1.66640069E-35 7.79106588E-27 3.01959685E-34 3.13354211E-36 6.87551787E-39 1.00000000E-40 9.12587612E-33 5.81246315E-40 9.68636813E-11 1.91006895E-26 1.00000000E-40 1.00000000E-40 1.71868466E-35 1.37513107E-32 1.73985918E-16 1.47986403E-33 1.89066379E-36 1.76561664E-33 1.00000000E-40 1.66087484E-40 3.51049646E-37 5.18573637E-27 1.00000000E-40 1.00000000E-40 6.05711366E-20 2.25941668E-31 7.23252330E-37 4.05769000E-12 1.00000000E-05 1.00000000E-05 1.00000000E-05 1.00000000E-05 1.00000000E-05 1.00000000E-05 1.00000000E-05 1.00000000E-05 1.00000000E-05 1.00000000E-05
9.45000000E+01 9.25039275E-08 4.95045593E+12 1.35341720E+02 1.00000000E+05 1.00000000E-40 1.00000000E-40 1.00000000E-40 1.00000000E-40 6.90664877E-22 1.00000000E-40 1.00000000E-40 1.00000000E-40 1.00000000E-40 1.00000000E-40 6.90822060E-06 1.03605049E-03 1.06641922E-10 2.36806918E-11 4.11612527E-02 5.73590773E-03 4.86528246E-02 6.63395892E-01 5.95674678E-18 4.44364657E-19 2.39044067E-19 4.73952290E-24 4.05763165E-28 1.30781256E-32 2.14837750E-26 6.19939830E-08 3.04326927E-22 1.00000000E-40 1.00000000E-40 4.31179915E-32 1.11009038E-21 6.21287854E-18 1.50678997E-04 3.79281529E-05 4.79284990E-20 6.46790667E-27 9.40420624E-12 8.55029880E-40 1.15503716E-39 1.02034983E-33 4.09308936E-40 5.23128379E-15 1.06875437E-16 3.71416538E-08 3.94686671E-10 1.04191455E-20 2.34406657E-07 3.16510772E-08 5.82201139E-23 1.18020301E-21 2.19405765E-06 1.65930451E-35 8.44403659E-27 1.34582350E-33 1.89609480E-35 7.05667154E-39 1.00000000E-40 8.64003922E-33 4.27015746E-40 8.67047183E-11 3.86784411E-25 1.00000000E-40 1.00000000E-40 2.20906146E-35 2.49141924E-30 1.45625695E-16 1.74927594E-33 2.37429535E-36 1.88755467E-33 1.00000000E-40 1.00769843E-39 3.39376695E-37 5.29206938E-27 1.00000000E-40 1.00000000E-40 4.51971743E-20 1.86006024E-31 6.37604818E-37 5.95737000E-12 1.00000000E-05 1.00000000E-05 1.00000000E-05 1.00000000E-05 1.00000000E-05 1.00000000E-05 1.00000000E-05 1.00000000E-05 1.00000000E-05 1.00000000E-05
9.55000000E+01 8.00164225E-08 4.28067422E+12 1.35389091E+02 1.00000000E+05 1.00000000E-40 1.00000000E-40 1.00000000E-40 1.00000000E-40 4.13391861E-22 1.00000000E-40 1.00000000E-40 1.00000000E-40 1.00000000E-40 1.00000000E-40 7.17937272E-06 1.05337993E-03 1.09566078E-10 2.52848525E-11 4.53936629E-02 5.94025239E-03 5.17926643E-02 6.73460378E-01 5.30008860E-18 1.04521800E-18 3.24186806E-17 6.14798720E-22 4.95048010E-26 1.33913034E-30 2.35241448E-26 7.16497555E-08 3.24000438E-22 5.34015648E-32 2.16496567E-31 2.87203214E-32 8.28481137E-22 5.17987620E-18 1.54473256E-04 3.41562255E-05 5.94668853E-18 6.65397444E-25 8.95548597E-12 1.76398882E-37 1.97782823E-39 2.52824468E-33 4.51296392E-40 4.51719613E-15 1.05383230E-16 3.35875745E-08 3.51844255E-10 9.84923906E-21 2.38267585E-07 3.43120806E-08 5.39254923E-23 9.40151537E-22 2.18578704E-06 1.66792590E-35 9.27237685E-27 4.79540035E-32 7.52850535E-35 7.23879125E-39 1.00000000E-40 8.23103761E-33 3.14531075E-40 7.71937556E-11 6.45277369E-24 1.00000000E-40 1.00000000E-40 2.86103830E-35 2.75815557E-28 1.21238047E-16 2.09438278E-33 3.04211069E-36 1.99555833E-33 1.00000000E-40 4.01247282E-39 3.27301441E-37 5.38806177E-27 1.00000000E-40 1.33927377E-40 3.48307401E-20 1.53169423E-31 5.64461054E-37 8.56132000E-12 1.00000000E-05 1.00000000E-05 1.00000000E-05 1.00000000E-05 1.00000000E-05 1.00000000E-05 1.00000000E-05 1.00000000E-05 1.00000000E-05 1.00000000E-05
9.65000000E+01 6.92173826E-08 3.70194868E+12 1.35425827E+02 1.00000000E+05 1.00000000E-40 1.00000000E-40 1.00000000E-40 1.00000000E-40 2.43826722E-22 1.00000000E-40 1.00000000E-40 1.00000000E-40 1.00000000E-40 1.00000000E-40 7.44238590E-06 1.07142882E-03 1.14085162E-10 2.78560361E-11 4.99710835E-02 6.16075956E-03 5.50359823E-02 6.82647608E-01 4.70071786E-18 2.32549174E-18 3.06768853E-15 5.55429472E-20 4.20465014E-24 9.87112806E-29 2.59860016E-26 8.21511339E-08 3.40225869E-22 1.00000000E-40 1.00000000E-40 1.89745691E-32 6.34741130E-22 4.29522560E-18 1.57419903E-04 3.09021124E-05 5.16995861E-16 5.10266437E-23 8.51970968E-12 1.29388101E-33 4.06559103E-39 6.00420549E-33 5.23655817E-40 3.89984525E-15 1.05088463E-16 3.03060827E-08 3.15227958E-10 9.54675361E-21 2.42941739E-07 3.67965727E-08 4.89874129E-23 7.73070275E-22 2.17360018E-06 1.69238009E-35 1.02908464E-26 1.77382286E-30 2.32856416E-34 7.41915245E-39 1.00000000E-40 7.89537743E-33 2.32412070E-40 6.83826798E-11 8.87142777E-23 1.00000000E-40 1.00000000E-40 3.73205362E-35 2.12507468E-26 1.00414717E-16 2.53482534E-33 3.97108765E-36 2.08587028E-33 1.00000000E-40 1.24393443E-38 3.14370525E-37 5.47369003E-27 1.00000000E-40 8.21395453E-39 2.78553994E-20 1.26085758E-31 5.01874617E-37 1.21986000E-11 1.00000000E-05 1.00000000E-05 1.00000000E-05 1.00000000E-05 1.00000000E-05 1.00000000E-05 1.00000000E-05 1.00000000E-05 1.00000000E-05 1.00000000E-05
9.75000000E+01 5.98779385E-08 3.20165315E+12 1.35459440E+02 1.00000000E+05 1.00000000E-40 1.00000000E-40 1.00000000E-40 1.00000000E-40 1.36436996E-22 1.00000000E-40 1.00000000E-40 1.00000000E-40 1.00000000E-40 1.00000000E-40 7.69507288E-06 1.09031645E-03 1.20312860E-10 3.16949816E-11 5.49273516E-02 6.39946990E-03 5.83900183E-02 6.91061478E-01 4.36261878E-18 4.90638309E-18 2.22810199E-13 3.84344210E-18 2.73304526E-22 5.58279004E-27 2.89255117E-26 9.34767135E-08 3.53604626E-22 1.00000000E-40 1.00000000E-40 1.24382786E-32 5.07796270E-22 3.54257297E-18 1.59528622E-04 2.81905142E-05 3.46491365E-14 3.11949033E-21 8.11189377E-12 5.88605415E-30 9.15819002E-39 1.35462023E-32 2.13757876E-39 3.36600225E-15 1.05954604E-16 2.73236358E-08 2.84035204E-10 9.44437876E-21 2.48446614E-07 3.90704096E-08 4.37859294E-23 6.62452817E-22 2.15804180E-06 1.73314051E-35 1.15173276E-26 5.41869540E-29 6.53197767E-34 7.59654590E-39 1.00000000E-40 7.63171084E-33 1.72238060E-40 6.03021809E-11 1.00480734E-21 1.00000000E-40 1.00000000E-40 5.00942916E-35 1.25316452E-24 8.27277004E-17 3.09682675E-33 5.28341959E-36 2.15528981E-33 1.00000000E-40 3.49514320E-38 3.00933984E-37 5.54989121E-27 1.00000000E-40 3.87487975E-37 2.32181660E-20 1.03711726E-31 4.48288937E-37 1.76558000E-11 1.00000000E-05 1.00000000E-05 1.00000000E-05 1.00000000E-05 1.00000000E-05 1.00000000E-05 1.00000000E-05 1.00000000E-05 1.00000000E-05 1.00000000E-05
9.85000000E+01 5.18003930E-08 2.76910937E+12 1.35490755E+02 1.00000000E+05 1.00000000E-40 1.00000000E-40 1.00000000E-40 1.00000000E-40 6.70919089E-23 1.00000000E-40 1.00000000E-40 1.00000000E-40 1.00000000E-40 1.00000000E-40 7.93448806E-06 1.11016250E-03 1.28384366E-10 3.76942968E-11 6.03002271E-02 6.65841797E-03 6.18628587E-02 6.98804170E-01 1.55224153E-17 9.83888902E-18 1.40789064E-11 2.30896761E-16 1.54052024E-20 2.74536192E-25 3.24045506E-26 1.05597138E-07 4.21615107E-22 9.27972497E-31 3.16326815E-31 8.09022600E-33 4.34956504E-22 2.91816962E-18 1.60817604E-04 2.60332157E-05 2.05204078E-12 1.62523926E-19 7.74574443E-12 2.17644141E-26 2.14215160E-38 2.89971914E-32 9.60101095E-38 2.90416983E-15 1.07957805E-16 2.47344824E-08 2.57512366E-10 9.40628420E-21 2.54800538E-07 4.11052775E-08 3.87704607E-23 5.97971328E-22 2.13961797E-06 1.79075974E-35 1.29713264E-26 1.31827373E-27 1.34690484E-33 7.77006908E-39 1.00000000E-40 7.43913618E-33 1.28021143E-40 5.29630033E-11 9.29555507E-21 6.17120302E-40 1.00000000E-40 1.18566508E-34 6.41263976E-23 6.80739226E-17 3.84963187E-33 7.33568091E-36 2.20091262E-33 1.00000000E-40 7.17455766E-38 2.87076127E-37 5.61760526E-27 1.78278380E-40 1.59373410E-35 2.04940500E-20 8.52066264E-32 4.02345163E-37 2.70911000E-11 1.00000000E-05 1.00000000E-05 1.00000000E-05 1.00000000E-05 1.00000000E-05 1.00000000E-05 1.00000000E-05 1.00000000E-05 1.00000000E-05 1.00000000E-05
9.95000000E+01 4.48136524E-08 2.39519565E+12 1.35514593E+02 1.00000000E+05 1.00000000E-40 1.00000000E-40 1.00000000E-40 1.00000000E-40 2.34100916E-23 1.00000000E-40 1.00000000E-40 1.00000000E-40 1.00000000E-40 1.00000000E-40 8.15481523E-06 1.13094463E-03 1.38440399E-10 7.29370055E-11 6.61224076E-02 6.93887725E-03 6.54542736E-02 7.05888085E-01 8.39589702E-16 1.85719297E-17 1.13805276E-09 1.76583429E-14 1.10256445E-18 1.71965332E-23 3.64606133E-26 1.19015436E-07 2.91710060E-21 1.00000000E-40 1.00000000E-40 5.21800314E-33 4.09712828E-22 3.17762384E-18 1.61289040E-04 2.44299398E-05 1.39986397E-10 6.78822161E-18 7.43274917E-12 1.01505698E-22 1.49830562E-36 5.89620912E-32 4.79714808E-36 2.50620807E-15 1.11072451E-16 2.28707191E-08 2.34950538E-10 9.12433344E-21 2.61992490E-07 4.28708954E-08 3.45971337E-23 5.73240368E-22 2.11853034E-06 1.86565812E-35 1.46590656E-26 2.30876323E-26 1.68163663E-33 7.93811847E-39 1.00000000E-40 7.31626680E-33 1.00000000E-40 4.64108830E-11 6.56078597E-20 2.67536188E-36 1.00000000E-40 3.20994672E-33 4.17273219E-21 7.40677705E-17 6.77120360E-33 1.93621667E-35 2.21984754E-33 1.00000000E-40 9.05120861E-38 2.72624430E-37 5.67705538E-27 1.00000000E-40 8.35984890E-34 2.99299722E-20 6.98795907E-32 3.63373476E-37 4.79743000E-11 1.00000000E-05 1.00000000E-05 1.00000000E-05 1.00000000E-05 1.00000000E-05 1.00000000E-05 1.00000000E-05 1.00000000E-05 1.00000000E-05 1.00000000E-05
