alt press den temp eddy H2Oaer SO2aer CO2aer S8aer H2SO4aer C2H2aer C2H4aer C2H6aer CH4aer HCaer1 H H2 H2O OH O O2 CO CO2 HCO H2CO C CH CH2 CH3 CH4 S S2 S3 S4 S8 H2S HS SO SO2 CS CS2 OCS C2 C2H C2H2 C2H4 HO2 H2O2 O3 SO3 H2SO4 HCl Cl Cl2 HOCl ClO C2H6 CH3OH CH2CO CH3CHO C3H4 C3H6 C4H2 C4H4 OClO HCS C2H3 C2H5 1CH2 HCCO HSO CH3O H2COH C4H C2H2OH CH3CO CH2CHO C2H3OH C2H4OH CH3O2 HSO3 HS4 C4H3 O1D H2Oaer_r SO2aer_r CO2aer_r S8aer_r H2SO4aer_r C2H2aer_r C2H4aer_r C2H6aer_r CH4aer_r HCaer1_r
5.92280000E-01 7.00131000E-01 2.80867797E+19 1.80548580E+02 1.00000000E+05 1.03520198E+00 4.09567323E+02 1.24501835E-01 2.36396310E-34 2.58499431E-07 1.65122964E-40 1.65122964E-40 1.65122964E-40 1.65122964E-40 1.67168533E-40 9.62937572E-16 7.14152056E-06 8.67776650E-08 7.56692610E-24 3.46491683E-19 1.42830411E-09 1.57113453E-07 4.29525777E-01 1.86139009E-18 2.52731432E-18 1.00000000E-40 1.00000000E-40 7.74333625E-39 1.39368276E-27 4.53958744E-20 2.30065827E-18 2.85283965E-17 3.04886064E-24 1.02023206E-23 5.25074298E-27 2.85660823E-13 2.48933124E-14 9.17084335E-15 3.60884858E-03 1.10525052E-31 5.70714325E-27 4.02811856E-11 1.00000000E-40 1.00000000E-40 8.00558632E-30 1.50169116E-31 2.88129756E-13 6.93867149E-11 1.16087737E-17 5.24464842E-17 5.40981905E-13 3.57076028E-08 2.98818916E-15 7.58163930E-22 1.37867552E-23 4.08478868E-09 2.81970823E-30 5.09428214E-19 2.34243853E-28 6.96679109E-30 3.80492674E-36 6.34758856E-39 3.22079426E-27 2.50156772E-27 5.15639383E-14 1.94224296E-34 6.19374852E-39 1.65871226E-34 1.00000000E-40 1.00000000E-40 1.26829467E-12 3.50982314E-24 2.05211122E-28 1.00000000E-40 1.00000000E-40 1.21331868E-29 1.96070313E-30 2.66994507E-26 8.87915768E-40 1.31654465E-23 1.58063983E-16 1.07217254E-20 3.16108647E-30 1.00000000E-40 1.00000000E-05 1.00000000E-05 1.00000000E-05 1.00000000E-05 1.00000000E-05 1.00000000E-05 1.00000000E-05 1.00000000E-05 1.00000000E-05 1.00000000E-05
1.77684000E+00 5.97166000E-01 2.36335351E+19 1.83013489E+02 1.00000000E+05 2.27800114E+00 9.36775770E+02 1.23425663E+01 5.46988043E-34 6.04922166E-07 3.38611029E-40 3.38611029E-40 3.38611029E-40 3.38611029E-40 3.44654579E-40 6.96490629E-17 8.01611848E-06 1.43194690E-07 5.99747247E-25 3.49871090E-19 2.79942292E-08 2.33168110E-07 4.91952327E-01 1.11785768E-20 2.89520600E-18 1.00000000E-40 1.00000000E-40 1.00000000E-40 4.42927044E-28 4.66522175E-20 9.04829177E-20 2.72510224E-17 1.80690820E-24 7.44375292E-24 5.94774896E-27 3.18790489E-13 1.90683422E-14 1.19481784E-14 4.47271322E-03 1.12920901E-31 5.91002692E-27 4.17177848E-11 1.00000000E-40 1.00000000E-40 8.26330380E-30 1.79182740E-31 3.47691970E-13 8.47394564E-11 7.67712296E-17 4.65088567E-17 6.24274989E-13 4.01132025E-08 2.90818996E-15 6.86140596E-22 9.59648418E-24 4.19981961E-09 2.91019760E-30 5.25659703E-19 2.41940370E-28 6.98128255E-30 3.91241673E-36 6.62194212E-39 3.32721866E-27 2.57764885E-27 5.39466736E-14 1.95006081E-34 1.00000000E-40 1.50554060E-34 1.00000000E-40 1.00000000E-40 2.95365331E-12 2.31401046E-25 2.34595934E-28 1.00000000E-40 1.00000000E-40 1.35272567E-29 1.94190062E-30 2.75300523E-26 1.45425843E-39 2.18629869E-23 7.71709223E-19 1.19142983E-20 3.10234860E-30 1.00000000E-40 1.00000000E-05 1.00000000E-05 1.00000000E-05 1.00000000E-05 1.00000000E-05 1.00000000E-05 1.00000000E-05 1.00000000E-05 1.00000000E-05 1.00000000E-05
2.96140000E+00 5.07918000E-01 2.02088334E+19 1.82040943E+02 1.00000000E+05 4.37725555E+00 1.79391401E+03 4.58002325E+01 1.03939552E-33 1.13914421E-06 5.95889680E-40 5.95889680E-40 5.95889680E-40 5.95889680E-40 6.08427708E-40 3.18156890E-17 9.05027672E-06 1.56111442E-07 2.51263125E-25 2.97587656E-19 6.02423193E-08 3.24866258E-07 5.62265167E-01 3.17209517E-21 3.25447242E-18 1.00000000E-40 1.00000000E-40 1.00000000E-40 2.21109523E-28 4.79438934E-20 3.32733251E-20 2.59571751E-17 1.33373402E-24 5.63090465E-24 7.35971661E-27 3.66001110E-13 1.67978914E-14 1.67248532E-14 5.40080087E-03 1.14137372E-31 6.17037881E-27 4.34209279E-11 1.00000000E-40 1.00000000E-40 8.56924747E-30 2.43499720E-31 3.38776187E-13 9.75604130E-11 1.21164462E-16 3.69025435E-17 5.26025015E-13 4.53118258E-08 2.67594292E-15 4.98609040E-22 6.52743075E-24 4.32091452E-09 3.01749205E-30 5.44831809E-19 2.51906929E-28 6.97438380E-30 4.02628658E-36 6.90194829E-39 3.45412857E-27 2.66627942E-27 4.31704694E-14 1.95489076E-34 1.00000000E-40 1.40343477E-34 1.00000000E-40 1.00000000E-40 4.94692507E-12 2.02865267E-26 2.60283015E-28 1.00000000E-40 1.00000000E-40 1.45342944E-29 1.91450382E-30 2.84903299E-26 2.39812377E-39 3.04854442E-23 1.81732074E-19 1.42339421E-20 3.04669953E-30 1.00000000E-40 1.00000000E-05 1.00000000E-05 1.00000000E-05 1.00000000E-05 1.00000000E-05 1.00000000E-05 1.00000000E-05 1.00000000E-05 1.00000000E-05 1.00000000E-05
4.14596000E+00 4.40637000E-01 1.76095718E+19 1.81237843E+02 1.00000000E+05 6.05458469E+00 2.48329553E+03 5.48288434E+01 1.44359069E-33 1.52906084E-06 8.24471078E-40 8.24471078E-40 8.24471078E-40 8.24471078E-40 8.42970033E-40 1.89975784E-17 1.00139152E-05 1.66792984E-07 1.41466640E-25 2.55117151E-19 9.68913282E-08 4.24496435E-07 6.24854441E-01 1.48541762E-21 3.51093655E-18 1.00000000E-40 1.00000000E-40 1.00000000E-40 1.29715127E-28 4.80980507E-20 1.62093581E-20 2.41143849E-17 9.55259739E-25 4.11042949E-24 9.48942423E-27 4.18864968E-13 1.48173901E-14 2.12724216E-14 6.27550754E-03 1.11969553E-31 6.34142850E-27 4.43513538E-11 1.00000000E-40 1.00000000E-40 8.71664730E-30 3.53573786E-31 3.24226880E-13 1.05580166E-10 1.43379347E-16 2.98768112E-17 4.29920213E-13 5.01514900E-08 2.40097569E-15 3.37398469E-22 4.31355191E-24 4.34056370E-09 3.06887881E-30 5.53899783E-19 2.58209412E-28 6.78849517E-30 4.05059277E-36 7.00919560E-39 3.51882653E-27 2.70355673E-27 3.41018107E-14 1.91115729E-34 1.00000000E-40 1.31572901E-34 1.00000000E-40 1.00000000E-40 7.11789229E-12 6.68795120E-27 2.80608704E-28 1.00000000E-40 1.00000000E-40 1.49346347E-29 1.83806904E-30 2.88954228E-26 3.82411608E-39 3.78118674E-23 7.46419305E-20 1.75763750E-20 2.93400062E-30 1.00000000E-40 1.00000000E-05 1.00000000E-05 1.00000000E-05 1.00000000E-05 1.00000000E-05 1.00000000E-05 1.00000000E-05 1.00000000E-05 1.00000000E-05 1.00000000E-05
5.33052000E+00 3.89650000E-01 1.55580677E+19 1.81399356E+02 1.00000000E+05 7.25278890E+00 3.00790827E+03 4.85428901E+01 1.76098360E-33 1.83235036E-06 1.03320856E-39 1.03320856E-39 1.03320856E-39 1.03320856E-39 1.05702117E-39 1.37195752E-17 1.08604444E-05 1.89503906E-07 9.91990447E-26 2.23781400E-19 1.36700647E-07 5.28391617E-07 6.76757217E-01 9.47678650E-22 3.64623025E-18 1.00000000E-40 1.00000000E-40 4.07398317E-40 8.66386505E-29 4.71361850E-20 8.61298657E-21 2.18674497E-17 6.55914370E-25 2.86923324E-24 1.24648208E-26 4.73913818E-13 1.27344051E-14 2.41868711E-14 7.25303590E-03 1.06956967E-31 6.41952367E-27 4.45055024E-11 1.00000000E-40 1.00000000E-40 8.70358051E-30 5.29888046E-31 3.20216577E-13 1.08840061E-10 1.49457497E-16 2.63403248E-17 3.69706200E-13 5.43985062E-08 2.13433034E-15 2.32440115E-22 2.78278004E-24 4.25877439E-09 3.06386630E-30 5.52932099E-19 2.60773058E-28 6.44923449E-30 3.99054671E-36 6.93788985E-39 3.52144072E-27 2.69003890E-27 2.83759828E-14 1.82318160E-34 1.00000000E-40 1.23764131E-34 1.00000000E-40 1.00000000E-40 9.37218828E-12 3.80087805E-27 2.95920247E-28 1.00000000E-40 1.00000000E-40 1.47895961E-29 1.72045162E-30 2.87505168E-26 5.91918192E-39 4.35666916E-23 4.26367549E-20 2.20679530E-20 2.77344483E-30 1.00000000E-40 1.00000000E-05 1.00000000E-05 1.00000000E-05 1.00000000E-05 1.00000000E-05 1.00000000E-05 1.00000000E-05 1.00000000E-05 1.00000000E-05 1.00000000E-05
6.51508000E+00 3.46768000E-01 1.38149213E+19 1.81805624E+02 1.00000000E+05 8.47618079E+00 3.54114513E+03 4.88125790E+01 2.07948882E-33 2.14180622E-06 1.23236927E-39 1.23236927E-39 1.23236927E-39 1.23236927E-39 1.26158938E-39 1.06797206E-17 1.16895430E-05 2.24390000E-07 7.42727716E-26 1.93879868E-19 1.80404624E-07 6.40280980E-07 7.24772777E-01 6.84212524E-22 3.69927222E-18 1.00000000E-40 1.00000000E-40 7.28425436E-40 6.10826323E-29 4.57091408E-20 4.81710111E-21 1.96048086E-17 4.41613632E-25 1.96012726E-24 1.65896664E-26 5.33591738E-13 1.08620133E-14 2.60972617E-14 8.47106163E-03 1.00828423E-31 6.48181485E-27 4.44579184E-11 1.00000000E-40 1.00000000E-40 8.64029169E-30 8.09783821E-31 3.17652611E-13 1.08898967E-10 1.43347666E-16 2.23067772E-17 3.21163267E-13 5.85518258E-08 1.87890335E-15 1.62759138E-22 1.77559365E-24 4.13309977E-09 3.04148845E-30 5.49178763E-19 2.62792539E-28 6.06878327E-30 3.90573092E-36 6.77866211E-39 3.50779008E-27 2.66124991E-27 2.37916839E-14 1.71875265E-34 1.00000000E-40 1.17743028E-34 1.00000000E-40 1.00000000E-40 1.17535732E-11 2.44081684E-27 3.09725899E-28 1.00000000E-40 1.00000000E-40 1.43346210E-29 1.59045337E-30 2.84359967E-26 9.03383286E-39 4.82418311E-23 2.79724961E-20 2.81103775E-20 2.60851788E-30 1.00000000E-40 1.00000000E-05 1.00000000E-05 1.00000000E-05 1.00000000E-05 1.00000000E-05 1.00000000E-05 1.00000000E-05 1.00000000E-05 1.00000000E-05 1.00000000E-05
7.69964000E+00 3.08741000E-01 1.22725078E+19 1.82212306E+02 1.00000000E+05 9.81289680E+00 4.12347294E+03 4.83063300E+01 2.42500039E-33 2.47685058E-06 1.44211769E-39 1.44211769E-39 1.44211769E-39 1.44211769E-39 1.47737247E-39 8.57557780E-18 1.25524316E-05 2.70103581E-07 5.68176303E-26 1.65820582E-19 2.29120198E-07 7.63663281E-07 7.72874877E-01 5.20728315E-22 3.69231024E-18 1.00000000E-40 1.00000000E-40 7.61849186E-40 4.40852746E-29 4.41159165E-20 2.78123635E-21 1.74784267E-17 2.94202332E-25 1.32290235E-24 2.22200649E-26 5.99484229E-13 9.24693502E-15 2.75538536E-14 9.95174054E-03 9.43743506E-32 6.56098057E-27 4.44741733E-11 1.00000000E-40 1.00000000E-40 8.57463773E-30 1.24942973E-30 3.13527506E-13 1.06705548E-10 1.30120765E-16 1.80734484E-17 2.76588178E-13 6.28677644E-08 1.64008448E-15 1.14331301E-22 1.12743406E-24 3.98965074E-09 3.01882392E-30 5.45967862E-19 2.65633200E-28 5.70860848E-30 3.82808317E-36 6.57417673E-39 3.49895738E-27 2.63337118E-27 1.97984520E-14 1.61015562E-34 1.00000000E-40 1.13430837E-34 1.00000000E-40 1.00000000E-40 1.43219756E-11 1.64760045E-27 3.24187975E-28 1.00000000E-40 1.00000000E-40 1.36968448E-29 1.46075871E-30 2.81263415E-26 1.36842431E-38 5.22425740E-23 1.95879859E-20 3.61201170E-20 2.45780076E-30 1.73379000E-40 1.00000000E-05 1.00000000E-05 1.00000000E-05 1.00000000E-05 1.00000000E-05 1.00000000E-05 1.00000000E-05 1.00000000E-05 1.00000000E-05 1.00000000E-05
8.88420000E+00 2.75166000E-01 1.09123010E+19 1.82639686E+02 1.00000000E+05 1.12848167E+01 4.76955407E+03 4.86693422E+01 2.80680242E-33 2.84691904E-06 1.67137588E-39 1.67137588E-39 1.67137588E-39 1.67137588E-39 1.71326861E-39 7.01796374E-18 1.34307151E-05 3.27353632E-07 4.40662282E-26 1.40240501E-19 2.83238352E-07 8.98964393E-07 8.20775441E-01 4.09503462E-22 3.62639271E-18 1.00000000E-40 1.00000000E-40 7.10392404E-40 3.22524175E-29 4.23469975E-20 1.62885029E-21 1.54865099E-17 1.93751484E-25 8.81424835E-25 2.97019030E-26 6.70812226E-13 7.82670099E-15 2.91330412E-14 1.17199165E-02 8.76542667E-32 6.64597344E-27 4.45237622E-11 1.00000000E-40 1.00000000E-40 8.49610134E-30 1.92745821E-30 3.07672553E-13 1.02519377E-10 1.13357027E-16 1.43203368E-17 2.35801118E-13 6.72536720E-08 1.41900987E-15 8.02383279E-23 7.12195035E-25 3.82670500E-09 2.99239467E-30 5.42950949E-19 2.68881399E-28 5.39457118E-30 3.76525125E-36 6.32271102E-39 3.49261070E-27 2.60467972E-27 1.63476953E-14 1.49748880E-34 1.00000000E-40 1.10172414E-34 1.00000000E-40 1.00000000E-40 1.70928676E-11 1.14606113E-27 3.39842883E-28 1.00000000E-40 1.00000000E-40 1.29052977E-29 1.33225458E-30 2.78052570E-26 2.05613613E-38 5.56876703E-23 1.43105612E-20 4.64249249E-20 2.32071951E-30 3.65995000E-40 1.00000000E-05 1.00000000E-05 1.00000000E-05 1.00000000E-05 1.00000000E-05 1.00000000E-05 1.00000000E-05 1.00000000E-05 1.00000000E-05 1.00000000E-05
1.00688000E+01 2.45598000E-01 9.71444032E+18 1.83114931E+02 1.00000000E+05 1.29053867E+01 5.48780899E+03 4.97770690E+01 3.22782874E-33 3.25696876E-06 1.92040852E-39 1.92040852E-39 1.92040852E-39 1.92040852E-39 1.96824250E-39 5.81742744E-18 1.43062146E-05 3.98151128E-07 3.45117317E-26 1.17373618E-19 3.43131898E-07 1.04656450E-06 8.68228573E-01 3.29481875E-22 3.50541120E-18 1.00000000E-40 1.00000000E-40 6.13157072E-40 2.37910949E-29 4.04106025E-20 9.57516366E-22 1.36336862E-17 1.26074347E-25 5.79593417E-25 3.94353692E-26 7.47253695E-13 6.57078500E-15 3.42824723E-14 1.38175612E-02 8.07485437E-32 6.72562016E-27 4.45820820E-11 1.00000000E-40 1.00000000E-40 8.39549880E-30 2.95683697E-30 2.99523840E-13 9.66304486E-11 9.55740825E-17 1.12329981E-17 1.99212224E-13 7.16175726E-08 1.21668767E-15 5.62949088E-23 4.47499316E-25 3.64417553E-09 2.95914813E-30 5.39870755E-19 2.72117161E-28 5.16604625E-30 3.72812494E-36 6.02578240E-39 3.48695334E-27 2.57393175E-27 1.34041509E-14 1.38151531E-34 1.00000000E-40 1.07517142E-34 1.00000000E-40 1.00000000E-40 2.00899684E-11 8.13283796E-28 3.57493878E-28 1.00000000E-40 1.00000000E-40 1.19925394E-29 1.20630337E-30 2.74620921E-26 3.06281004E-38 5.86708835E-23 1.07716226E-20 5.93763113E-20 2.19727502E-30 7.73217000E-40 1.00000000E-05 1.00000000E-05 1.00000000E-05 1.00000000E-05 1.00000000E-05 1.00000000E-05 1.00000000E-05 1.00000000E-05 1.00000000E-05 1.00000000E-05
1.12533000E+01 2.19575000E-01 8.65979239E+18 1.83650506E+02 1.00000000E+05 1.47016501E+01 6.29167618E+03 5.14271811E+01 3.69124235E-33 3.70999055E-06 2.18566479E-39 2.18566479E-39 2.18566479E-39 2.18566479E-39 2.23741666E-39 4.86080101E-18 1.51626504E-05 4.83339058E-07 2.71579554E-26 9.74522450E-20 4.09195759E-07 1.20691905E-06 9.15071705E-01 2.69249020E-22 3.33595747E-18 1.00000000E-40 1.00000000E-40 4.97749018E-40 1.76225670E-29 3.83326006E-20 5.63970546E-22 1.19292697E-17 8.11036899E-26 3.76406801E-25 5.18718779E-26 8.29024584E-13 5.47831460E-15 6.30239222E-14 1.62540826E-02 7.37555778E-32 6.78940243E-27 4.46320680E-11 1.00000000E-40 1.00000000E-40 8.26572127E-30 4.49714815E-30 2.84271390E-13 8.93572941E-11 7.85344850E-17 8.83559053E-18 1.66687991E-13 7.58764702E-08 1.03340913E-15 3.94382390E-23 2.79650449E-25 3.44361930E-09 2.91667587E-30 5.36578189E-19 2.74944415E-28 5.08072136E-30 3.73084263E-36 5.68809045E-39 3.48084819E-27 2.54043857E-27 1.09112730E-14 1.26357095E-34 1.00000000E-40 1.05135281E-34 1.00000000E-40 1.00000000E-40 2.33381883E-11 5.84611632E-28 3.78194741E-28 1.00000000E-40 1.00000000E-40 1.09940886E-29 1.08460423E-30 2.70925265E-26 4.52087635E-38 6.12663008E-23 8.24528959E-21 7.53397072E-20 2.08803977E-30 1.65316000E-39 1.00000000E-05 1.00000000E-05 1.00000000E-05 1.00000000E-05 1.00000000E-05 1.00000000E-05 1.00000000E-05 1.00000000E-05 1.00000000E-05 1.00000000E-05
1.24379000E+01 1.96694000E-01 7.74187517E+18 1.84018576E+02 1.00000000E+05 1.66711719E+01 7.17817429E+03 5.35516311E+01 4.18832655E-33 4.18480265E-06 2.46317040E-39 2.46317040E-39 2.46317040E-39 2.46317040E-39 2.52197576E-39 3.98292111E-18 1.59809961E-05 5.77474987E-07 2.05459713E-26 7.96781036E-20 4.81681922E-07 1.38010249E-06 9.60887943E-01 2.15206803E-22 3.12586579E-18 1.00000000E-40 1.00000000E-40 3.84256288E-40 1.28460662E-29 3.61432067E-20 3.43674198E-22 1.03828795E-17 5.18481615E-26 2.42711781E-25 6.74762611E-26 9.16618387E-13 4.58545880E-15 2.17024559E-13 1.89398428E-02 6.67665716E-32 6.82578129E-27 4.46493414E-11 1.00000000E-40 1.00000000E-40 8.09955403E-30 6.76669161E-30 2.39705842E-13 8.10474354E-11 6.30079653E-17 6.71972756E-18 1.35636086E-13 7.99330098E-08 8.65159544E-16 2.70606471E-23 1.73766672E-25 3.22705920E-09 2.86239863E-30 5.32853442E-19 2.76922808E-28 5.21949158E-30 3.78927005E-36 5.31545381E-39 3.47266196E-27 2.50322727E-27 8.65308425E-15 1.14507999E-34 1.00000000E-40 1.02717212E-34 1.00000000E-40 1.00000000E-40 2.67938742E-11 4.16874457E-28 4.03068074E-28 1.00000000E-40 1.00000000E-40 9.94418131E-30 9.68752055E-31 2.66894652E-26 6.60656956E-38 6.35105125E-23 6.10170220E-21 9.46394849E-20 1.99344374E-30 3.64660000E-39 1.00000000E-05 1.00000000E-05 1.00000000E-05 1.00000000E-05 1.00000000E-05 1.00000000E-05 1.00000000E-05 1.00000000E-05 1.00000000E-05 1.00000000E-05
1.36224000E+01 1.76553000E-01 6.93877346E+18 1.84293115E+02 1.00000000E+05 1.88451476E+01 8.14443600E+03 5.60886228E+01 4.72209399E-33 4.66275228E-06 2.76660178E-39 2.76660178E-39 2.76660178E-39 2.76660178E-39 2.83379533E-39 3.21579218E-18 1.67445625E-05 6.82206941E-07 1.45958247E-26 6.43482894E-20 5.60808299E-07 1.56615180E-06 1.00526009E+00 1.69328417E-22 2.88465053E-18 1.00000000E-40 1.00000000E-40 2.81234099E-40 9.24791064E-30 3.38862952E-20 3.27363065E-22 9.00721412E-18 3.30317726E-26 1.55843262E-25 8.67171055E-26 1.01118240E-12 3.91882447E-15 8.94635460E-13 2.18973147E-02 5.98897320E-32 6.82484938E-27 4.46153189E-11 1.00000000E-40 1.00000000E-40 7.89261073E-30 1.00600001E-29 1.39669629E-13 7.22131547E-11 4.95087550E-17 5.00033259E-18 1.07951562E-13 8.37008722E-08 7.14525164E-16 1.81996986E-23 1.07393326E-25 2.99779038E-09 2.79456141E-30 5.28561121E-19 2.77676501E-28 5.69667718E-30 3.92161636E-36 4.91605307E-39 3.46128305E-27 2.46177681E-27 6.71813316E-15 1.02780663E-34 1.00000000E-40 1.00074364E-34 1.00000000E-40 1.00000000E-40 3.01405488E-11 2.95215138E-28 4.33369056E-28 1.00000000E-40 1.00000000E-40 8.87688974E-30 8.60442654E-31 2.62506786E-26 9.55166266E-38 6.54265126E-23 4.25726897E-21 1.17550285E-19 1.91359574E-30 7.93615000E-39 1.00000000E-05 1.00000000E-05 1.00000000E-05 1.00000000E-05 1.00000000E-05 1.00000000E-05 1.00000000E-05 1.00000000E-05 1.00000000E-05 1.00000000E-05
1.48070000E+01 1.58735000E-01 6.22631709E+18 1.84653770E+02 1.00000000E+05 2.12491235E+01 9.16391238E+03 5.91108410E+01 5.35636259E-33 5.18046891E-06 3.10292543E-39 3.10292543E-39 3.10292543E-39 3.10292543E-39 3.17979815E-39 2.59984376E-18 1.74474453E-05 8.05978575E-07 1.03104313E-26 5.17464637E-20 6.47117820E-07 1.76602002E-06 1.04823339E+00 1.34031637E-22 2.62352063E-18 1.00000000E-40 1.00000000E-40 1.92457421E-40 6.65455346E-30 3.16253835E-20 1.21597565E-21 7.81831667E-18 2.10727517E-26 1.00107552E-25 1.10105856E-25 1.11527686E-12 3.37360818E-15 2.87022254E-12 2.52895408E-02 5.32515451E-32 6.78157324E-27 4.45341777E-11 1.00000000E-40 1.00000000E-40 7.64636343E-30 1.47765534E-29 5.14439724E-14 6.35036337E-11 3.83015654E-17 3.75687738E-18 8.55666142E-14 8.71468199E-08 5.83991745E-16 1.21626921E-23 6.60707932E-26 2.76089244E-09 2.71328459E-30 5.23840292E-19 2.77031140E-28 6.67459117E-30 4.14954400E-36 4.50099948E-39 3.44741161E-27 2.41685909E-27 5.17573532E-15 9.13896927E-35 1.00000000E-40 9.71477927E-35 1.00000000E-40 1.00000000E-40 3.27338436E-11 2.09535943E-28 4.70613258E-28 1.00000000E-40 1.00000000E-40 7.82573651E-30 7.61468697E-31 2.57875659E-26 1.36641168E-37 6.70549275E-23 2.97122555E-21 1.44352838E-19 1.84900657E-30 1.68303000E-38 1.00000000E-05 1.00000000E-05 1.00000000E-05 1.00000000E-05 1.00000000E-05 1.00000000E-05 1.00000000E-05 1.00000000E-05 1.00000000E-05 1.00000000E-05
1.59916000E+01 1.42810000E-01 5.59117669E+18 1.85000167E+02 1.00000000E+05 2.38507062E+01 1.02385969E+04 6.26372720E+01 6.40097592E-33 5.76077374E-06 3.47746682E-39 3.47746682E-39 3.47746682E-39 3.47746682E-39 3.56556586E-39 2.08178904E-18 1.80981358E-05 9.49911318E-07 7.43191512E-27 4.16505290E-20 7.41757926E-07 1.98225206E-06 1.09051831E+00 1.05129306E-22 2.35442382E-18 1.00000000E-40 1.00000000E-40 1.20892571E-40 4.75243472E-30 2.94396193E-20 4.90283896E-21 6.83467929E-18 1.36539795E-26 6.52032909E-26 1.38239999E-25 1.23314506E-12 2.88270563E-15 6.42597654E-12 2.91511644E-02 4.69814683E-32 6.69682837E-27 4.44375621E-11 1.00000000E-40 1.00000000E-40 7.36861076E-30 2.14593375E-29 1.98838020E-14 5.52862333E-11 2.94363483E-17 2.81821262E-18 6.77018692E-14 9.03084553E-08 4.71650388E-16 8.03229216E-24 4.05141264E-26 2.52280014E-09 2.62072378E-30 5.19148717E-19 2.75066235E-28 8.38344895E-30 4.49879486E-36 4.08333324E-39 3.43390078E-27 2.37068363E-27 3.92846219E-15 8.05647184E-35 1.00000000E-40 9.39206606E-35 1.00000000E-40 1.00000000E-40 3.44912288E-11 1.47830818E-28 5.16642919E-28 1.00000000E-40 1.00000000E-40 6.82211995E-30 6.73543046E-31 2.53265837E-26 1.93552322E-37 6.84670544E-23 2.12508514E-21 1.75389355E-19 1.80118307E-30 3.20502000E-38 1.00000000E-05 1.00000000E-05 1.00000000E-05 1.00000000E-05 1.00000000E-05 1.00000000E-05 1.00000000E-05 1.00000000E-05 1.00000000E-05 1.00000000E-05
1.71761000E+01 1.28408000E-01 5.01918773E+18 1.85299974E+02 1.00000000E+05 2.66095129E+01 1.14456992E+04 6.67309178E+01 8.62335486E-33 6.41888955E-06 3.89767070E-39 3.89767070E-39 3.89767070E-39 3.89767070E-39 3.99891339E-39 1.64522861E-18 1.87132392E-05 1.11633710E-06 5.31065224E-27 3.40592737E-20 8.46434278E-07 2.21874662E-06 1.13313234E+00 8.12892496E-23 2.08798905E-18 1.00000000E-40 1.00000000E-40 1.00000000E-40 3.36428389E-30 2.74055033E-20 1.38527814E-20 6.07455468E-18 9.16079681E-27 4.38457073E-26 1.71804324E-25 1.37057763E-12 2.46584151E-15 1.15357461E-11 3.35457740E-02 4.11811780E-32 6.57453469E-27 4.43662005E-11 1.00000000E-40 1.00000000E-40 7.06981475E-30 3.08410609E-29 9.25058842E-15 4.77230548E-11 2.28472124E-17 2.13165647E-18 5.41569640E-14 9.32625057E-08 3.76406674E-16 5.21900773E-24 2.47988784E-26 2.28956250E-09 2.51976587E-30 5.15039365E-19 2.72013389E-28 1.11473813E-29 4.99835630E-36 3.67500834E-39 3.42432409E-27 2.32581220E-27 2.93192575E-15 7.04925755E-35 1.00000000E-40 9.04234929E-35 1.00000000E-40 1.00000000E-40 3.57123519E-11 1.03344708E-28 5.73508453E-28 1.00000000E-40 1.00000000E-40 5.89002000E-30 5.97887997E-31 2.48976710E-26 2.71699439E-37 6.97427632E-23 1.51100863E-21 2.11057118E-19 1.77164203E-30 5.67968000E-38 1.00000000E-05 1.00000000E-05 1.00000000E-05 1.00000000E-05 1.00000000E-05 1.00000000E-05 1.00000000E-05 1.00000000E-05 1.00000000E-05 1.00000000E-05
1.83607000E+01 1.15307000E-01 4.50024488E+18 1.85582168E+02 1.00000000E+05 2.96499971E+01 1.28285902E+04 7.15651831E+01 1.27941010E-32 7.17492710E-06 4.37415471E-39 4.37415471E-39 4.37415471E-39 4.37415471E-39 4.49092024E-39 1.28681926E-18 1.93039123E-05 1.31403109E-06 3.74373571E-27 2.89984862E-20 9.62959139E-07 2.47949152E-06 1.17661542E+00 6.21819176E-23 1.83157281E-18 1.00000000E-40 1.00000000E-40 1.00000000E-40 2.36921123E-30 2.55754109E-20 3.08162795E-20 5.55416094E-18 6.51716588E-27 3.11222758E-26 2.11481427E-25 1.53438808E-12 2.11268143E-15 1.82596401E-11 3.86543015E-02 3.58949448E-32 6.41663743E-27 4.43379121E-11 1.00000000E-40 1.00000000E-40 6.75763904E-30 4.38868589E-29 4.83518445E-15 4.08772237E-11 1.83530841E-17 1.66837253E-18 4.50123338E-14 9.60568500E-08 2.97054744E-16 3.34238396E-24 1.51690553E-26 2.06493705E-09 2.41206543E-30 5.11787549E-19 2.68068281E-28 1.54157058E-29 5.67803586E-36 3.28373354E-39 3.42051265E-27 2.28344378E-27 2.15734268E-15 6.12635690E-35 1.00000000E-40 8.66949992E-35 1.00000000E-40 1.00000000E-40 3.66681821E-11 7.16725202E-29 6.43124411E-28 1.00000000E-40 1.00000000E-40 5.04171253E-30 5.34858293E-31 2.45159776E-26 3.78101111E-37 7.09229038E-23 1.06397341E-21 2.51691965E-19 1.76069148E-30 9.44177000E-38 1.00000000E-05 1.00000000E-05 1.00000000E-05 1.00000000E-05 1.00000000E-05 1.00000000E-05 1.00000000E-05 1.00000000E-05 1.00000000E-05 1.00000000E-05
1.95452000E+01 1.03355000E-01 4.02553183E+18 1.85962315E+02 1.00000000E+05 3.31026342E+01 1.44221533E+04 7.72060490E+01 2.02196704E-32 8.04836680E-06 4.91674522E-39 4.91674522E-39 4.91674522E-39 4.91674522E-39 5.05198471E-39 1.00689372E-18 1.98808040E-05 1.56022066E-06 2.63415568E-27 2.66356617E-20 1.09349118E-06 2.76918185E-06 1.22135880E+00 4.77349983E-23 1.59028090E-18 1.00000000E-40 1.00000000E-40 1.00000000E-40 1.67594276E-30 2.39900269E-20 5.93391609E-20 5.29409881E-18 5.04326806E-27 2.38872991E-26 2.57973943E-25 1.73297562E-12 1.80735784E-15 2.67838401E-11 4.48041613E-02 3.11357898E-32 6.22518837E-27 4.43626291E-11 1.00000000E-40 1.00000000E-40 6.43958618E-30 6.18656028E-29 2.72089854E-15 3.47634963E-11 1.57720466E-17 1.42096564E-18 4.05081428E-14 9.87349151E-08 2.32304428E-16 2.12932813E-24 9.27953360E-27 1.85145997E-09 2.29894336E-30 5.09571633E-19 2.63498240E-28 2.18126996E-29 6.57050572E-36 2.91471727E-39 3.42373336E-27 2.24425480E-27 1.57865083E-15 5.29153127E-35 1.00000000E-40 8.28090107E-35 1.00000000E-40 1.00000000E-40 3.75849107E-11 4.96445808E-29 7.27426091E-28 1.00000000E-40 1.00000000E-40 4.28230188E-30 4.84355776E-31 2.41908868E-26 5.21788250E-37 7.20324106E-23 7.51773748E-22 2.97600385E-19 1.76828594E-30 1.48455000E-37 1.00000000E-05 1.00000000E-05 1.00000000E-05 1.00000000E-05 1.00000000E-05 1.00000000E-05 1.00000000E-05 1.00000000E-05 1.00000000E-05 1.00000000E-05
2.07298000E+01 9.24529000E-02 3.59395738E+18 1.86322084E+02 1.00000000E+05 3.70528729E+01 1.62666915E+04 8.37476969E+01 3.82497184E-32 9.06261387E-06 5.53655567E-39 5.53655567E-39 5.53655567E-39 5.53655567E-39 5.69383553E-39 7.78688789E-19 2.04512475E-05 1.86287362E-06 1.83405589E-27 2.70602456E-20 1.24036485E-06 3.09279300E-06 1.26745255E+00 3.61775344E-23 1.36727691E-18 1.00000000E-40 1.00000000E-40 1.00000000E-40 1.18285748E-30 2.26793459E-20 1.03726221E-19 5.32253291E-18 4.35255127E-27 2.03235842E-26 3.11919509E-25 1.97624188E-12 1.53848818E-15 3.74217619E-11 5.21406089E-02 2.68934275E-32 6.00182428E-27 4.44387804E-11 1.00000000E-40 1.00000000E-40 6.12285151E-30 8.64057765E-29 1.58709348E-15 2.93630286E-11 1.49141503E-17 1.32324034E-18 4.02961357E-14 1.01321637E-07 1.79572057E-16 1.33755726E-24 5.67961214E-27 1.65062147E-09 2.18128548E-30 5.08437110E-19 2.58646540E-28 3.11895702E-29 7.71049268E-36 2.57101107E-39 3.43442156E-27 2.20827297E-27 1.13881334E-15 4.54467155E-35 1.00000000E-40 7.88107327E-35 1.00000000E-40 1.00000000E-40 3.86441091E-11 3.40663749E-29 8.28224952E-28 1.00000000E-40 1.00000000E-40 3.61204721E-30 4.45948677E-31 2.39246206E-26 7.14068416E-37 7.30742010E-23 5.27953333E-22 3.48973607E-19 1.79422571E-30 2.24578000E-37 1.00000000E-05 1.00000000E-05 1.00000000E-05 1.00000000E-05 1.00000000E-05 1.00000000E-05 1.00000000E-05 1.00000000E-05 1.00000000E-05 1.00000000E-05
2.19144000E+01 8.25243000E-02 3.20176825E+18 1.86684677E+02 1.00000000E+05 4.15645692E+01 1.84023563E+04 9.12532608E+01 9.39476435E-32 1.02413821E-05 6.24359536E-39 6.24359536E-39 6.24359536E-39 6.24359536E-39 6.42722868E-39 5.96152900E-19 2.10203444E-05 2.24642455E-06 1.26774997E-27 3.06172743E-20 1.40611828E-06 3.45566415E-06 1.31476769E+00 2.71262216E-23 1.16436811E-18 1.00000000E-40 1.00000000E-40 1.00000000E-40 8.35858964E-31 2.16672879E-20 1.69994503E-19 5.67875820E-18 4.23240202E-27 1.93936772E-26 3.73837827E-25 2.27580499E-12 1.29870538E-15 5.06093394E-11 6.10750953E-02 2.31461457E-32 5.74842712E-27 4.45577484E-11 1.00000000E-40 1.00000000E-40 5.81535811E-30 1.19563374E-28 9.45866826E-16 2.46394922E-11 1.56301055E-17 1.35434623E-18 4.47320619E-14 1.03828837E-07 1.37219685E-16 8.28670651E-25 3.47947258E-27 1.46332432E-09 2.05985762E-30 5.08351913E-19 2.53994042E-28 4.46892465E-29 9.13472915E-36 2.25431862E-39 3.45252946E-27 2.17515194E-27 8.11099525E-16 3.88379177E-35 1.00000000E-40 7.48052365E-35 1.00000000E-40 1.00000000E-40 3.99972226E-11 2.31986461E-29 9.47167499E-28 1.00000000E-40 1.00000000E-40 3.02807134E-30 4.19026493E-31 2.37151250E-26 9.68839474E-37 7.40365445E-23 3.70310018E-22 4.05848429E-19 1.83810659E-30 3.29438000E-37 1.00000000E-05 1.00000000E-05 1.00000000E-05 1.00000000E-05 1.00000000E-05 1.00000000E-05 1.00000000E-05 1.00000000E-05 1.00000000E-05 1.00000000E-05
2.30989000E+01 7.35050000E-02 2.84394175E+18 1.87203042E+02 1.00000000E+05 4.67528225E+01 2.08977635E+04 9.98991695E+01 3.13754904E-31 1.16253965E-05 7.05575241E-39 7.05575241E-39 7.05575241E-39 7.05575241E-39 7.27118951E-39 4.58539187E-19 2.15935132E-05 2.76532661E-06 8.83065518E-28 3.79432041E-20 1.59375191E-06 3.86410483E-06 1.36313797E+00 2.05225418E-23 9.82300358E-19 1.00000000E-40 1.00000000E-40 1.00000000E-40 5.99135455E-31 2.09744928E-20 2.68203426E-19 6.41656096E-18 4.59712074E-27 2.06208542E-26 4.44146292E-25 2.64553968E-12 1.08402609E-15 6.69236185E-11 7.24675079E-02 1.98654052E-32 5.46766862E-27 4.47095519E-11 1.00000000E-40 1.00000000E-40 5.52652767E-30 1.63924168E-28 5.78116224E-16 2.05458455E-11 1.78130109E-17 1.52532865E-18 5.50248312E-14 1.06267659E-07 1.03944253E-16 5.13430334E-25 2.13413284E-27 1.29008688E-09 1.93551516E-30 5.09271900E-19 2.50231392E-28 6.38335921E-29 1.08832256E-35 1.96535315E-39 3.47796967E-27 2.14444717E-27 5.76990035E-16 3.30587951E-35 1.00000000E-40 7.09605855E-35 1.00000000E-40 1.00000000E-40 4.17749526E-11 1.58596740E-29 1.08582000E-27 1.00000000E-40 1.00000000E-40 2.52548381E-30 4.02874536E-31 2.35591069E-26 1.30311365E-36 7.49035766E-23 2.64190025E-22 4.68141707E-19 1.89961041E-30 4.73890000E-37 1.00000000E-05 1.00000000E-05 1.00000000E-05 1.00000000E-05 1.00000000E-05 1.00000000E-05 1.00000000E-05 1.00000000E-05 1.00000000E-05 1.00000000E-05
2.42835000E+01 6.53356000E-02 2.51921936E+18 1.87845422E+02 1.00000000E+05 5.27168110E+01 2.38181762E+04 1.09856473E+02 1.37808228E-30 1.32551448E-05 7.98810213E-39 7.98810213E-39 7.98810213E-39 7.98810213E-39 8.24191928E-39 3.53014490E-19 2.21768149E-05 3.47651822E-06 6.19041101E-28 4.97824260E-20 1.80680578E-06 4.32556843E-06 1.41239373E+00 1.55864939E-23 8.21022204E-19 1.00000000E-40 1.00000000E-40 1.00000000E-40 4.35253499E-31 2.06193452E-20 4.12002641E-19 7.60706167E-18 5.46603033E-27 2.39967293E-26 5.23114476E-25 3.10176906E-12 8.92876692E-16 8.71044738E-11 8.70936692E-02 1.70190413E-32 5.16306055E-27 4.48841486E-11 1.00000000E-40 1.00000000E-40 5.26761573E-30 2.22685822E-28 3.59580123E-16 1.70297971E-11 2.13800542E-17 1.81308542E-18 7.24916364E-14 1.08650191E-07 7.79992903E-17 3.18072068E-25 1.31057928E-27 1.13117696E-09 1.80924939E-30 5.11156880E-19 2.48319358E-28 9.06125444E-29 1.29990438E-35 1.70410279E-39 3.51071636E-27 2.11569108E-27 4.09000213E-16 2.80760355E-35 1.00000000E-40 6.74294560E-35 1.00000000E-40 1.00000000E-40 4.40899635E-11 1.08954954E-29 1.24560642E-27 1.00000000E-40 1.00000000E-40 2.09867935E-30 3.96709970E-31 2.34528381E-26 1.73731034E-36 7.56579232E-23 1.91452672E-22 5.35626931E-19 1.97889069E-30 6.72091000E-37 1.00000000E-05 1.00000000E-05 1.00000000E-05 1.00000000E-05 1.00000000E-05 1.00000000E-05 1.00000000E-05 1.00000000E-05 1.00000000E-05 1.00000000E-05
2.54680000E+01 5.79562000E-02 2.22625628E+18 1.88556480E+02 1.00000000E+05 5.93643390E+01 2.71593145E+04 1.20855513E+02 7.42152368E-30 1.51358939E-05 9.02704223E-39 9.02704223E-39 9.02704223E-39 9.02704223E-39 9.32641333E-39 2.70423536E-19 2.27762040E-05 4.45504108E-06 4.35979711E-28 6.71305060E-20 2.04932767E-06 4.84857367E-06 1.46232500E+00 1.17887749E-23 6.79916319E-19 1.00000000E-40 1.00000000E-40 1.00000000E-40 3.19513877E-31 2.06178807E-20 6.19787694E-19 9.34091858E-18 6.93085078E-27 2.98186577E-26 6.10777876E-25 3.66316811E-12 7.24913440E-16 1.12069028E-10 1.05804305E-01 1.45739484E-32 4.83880435E-27 4.50706503E-11 1.00000000E-40 1.00000000E-40 5.05185162E-30 2.99711166E-28 2.26148127E-16 1.40379521E-11 2.62841522E-17 2.18536882E-18 9.89831849E-14 1.10986043E-07 5.79289213E-17 1.95942360E-25 8.05867457E-28 9.86704124E-10 1.68216485E-30 5.13962485E-19 2.49550337E-28 1.27568308E-28 1.55268605E-35 1.47003903E-39 3.55073755E-27 2.08837412E-27 2.87728632E-16 2.38589641E-35 1.00000000E-40 6.43725658E-35 1.00000000E-40 1.00000000E-40 4.70394925E-11 7.54034729E-30 1.42764191E-27 1.00000000E-40 1.00000000E-40 1.74182338E-30 3.99688562E-31 2.33918743E-26 2.29525544E-36 7.62796313E-23 1.40482625E-22 6.07877396E-19 2.07648616E-30 9.41382000E-37 1.00000000E-05 1.00000000E-05 1.00000000E-05 1.00000000E-05 1.00000000E-05 1.00000000E-05 1.00000000E-05 1.00000000E-05 1.00000000E-05 1.00000000E-05
2.66526000E+01 5.13074000E-02 1.96294640E+18 1.89316420E+02 1.00000000E+05 6.70129107E+01 3.11101645E+04 1.33521671E+02 4.42662948E-29 1.73842218E-05 1.02202671E-38 1.02202671E-38 1.02202671E-38 1.02202671E-38 1.05749983E-38 2.05855969E-19 2.33975900E-05 5.83944270E-06 3.09250338E-28 9.11820128E-20 2.32595770E-06 5.44289380E-06 1.51270181E+00 8.86266651E-24 5.57947127E-19 1.00000000E-40 1.00000000E-40 1.00000000E-40 2.36913379E-31 2.09835506E-20 9.17417109E-19 1.17305173E-17 9.14018550E-27 3.86003194E-26 7.06888979E-25 4.35073958E-12 5.80252433E-16 1.42940314E-10 1.29959073E-01 1.24973762E-32 4.49966473E-27 4.52577624E-11 1.00000000E-40 1.00000000E-40 4.89457867E-30 3.99577668E-28 1.43970708E-16 1.15176575E-11 3.24856424E-17 2.59229181E-18 1.37492007E-13 1.13282984E-07 4.26013578E-17 1.20047404E-25 4.96267396E-28 8.56658148E-10 1.55545014E-30 5.17644829E-19 2.55625675E-28 1.77879839E-28 1.85120937E-35 1.26222333E-39 3.59802248E-27 2.06196643E-27 2.00798290E-16 2.03828782E-35 1.00000000E-40 6.19887323E-35 1.00000000E-40 1.00000000E-40 5.07070909E-11 5.30709131E-30 1.63262341E-27 1.00000000E-40 1.00000000E-40 1.44901351E-30 4.10901060E-31 2.33712788E-26 3.00408640E-36 7.67473875E-23 1.04668779E-22 6.84250885E-19 2.19325379E-30 1.30958000E-36 1.00000000E-05 1.00000000E-05 1.00000000E-05 1.00000000E-05 1.00000000E-05 1.00000000E-05 1.00000000E-05 1.00000000E-05 1.00000000E-05 1.00000000E-05
2.78372000E+01 4.53327000E-02 1.72407438E+18 1.90446197E+02 1.00000000E+05 7.59351656E+01 3.58780207E+04 1.48321691E+02 2.75560070E-28 2.01354654E-05 1.16089162E-38 1.16089162E-38 1.16089162E-38 1.16089162E-38 1.20320046E-38 1.60856602E-19 2.40488136E-05 7.92616017E-06 2.29909882E-28 1.24853278E-19 2.64250466E-06 6.12082648E-06 1.56342550E+00 6.90785523E-24 4.53690395E-19 1.00000000E-40 1.00000000E-40 1.00000000E-40 1.81694569E-31 2.17287566E-20 1.36019696E-18 1.49159373E-17 1.22624387E-26 5.07766105E-26 8.11030855E-25 5.18883042E-12 4.58987594E-16 1.81142280E-10 1.62085769E-01 1.07567279E-32 4.15062829E-27 4.54366963E-11 1.00000000E-40 1.00000000E-40 4.81350949E-30 5.27759393E-28 9.61315716E-17 9.41635845E-12 4.01463347E-17 3.17185295E-18 1.96425177E-13 1.15556003E-07 3.12805454E-17 7.53964254E-26 3.06094787E-28 7.40846620E-10 1.43027033E-30 5.22195989E-19 2.68769782E-28 2.45512675E-28 2.20047459E-35 1.07924442E-39 3.65284999E-27 2.03601090E-27 1.42468583E-16 1.76297789E-35 1.00000000E-40 6.05197153E-35 1.00000000E-40 1.00000000E-40 5.51697343E-11 3.92216514E-30 1.86105523E-27 1.00000000E-40 1.00000000E-40 1.21428354E-30 4.29409167E-31 2.33870285E-26 3.89501644E-36 7.70438582E-23 8.22767882E-23 7.64011323E-19 2.33066508E-30 1.81907000E-36 1.00000000E-05 1.00000000E-05 1.00000000E-05 1.00000000E-05 1.00000000E-05 1.00000000E-05 1.00000000E-05 1.00000000E-05 1.00000000E-05 1.00000000E-05
2.90217000E+01 3.99771000E-02 1.51049356E+18 1.91694268E+02 1.00000000E+05 8.64073764E+01 4.17222220E+04 1.65715397E+02 1.69580363E-27 2.35653083E-05 1.32344648E-38 1.32344648E-38 1.32344648E-38 1.32344648E-38 1.37430233E-38 1.26111334E-19 2.47386713E-05 1.09420678E-05 1.78856835E-28 1.72190645E-19 3.00592512E-06 6.89714673E-06 1.61445551E+00 5.41050086E-24 3.65494577E-19 1.00000000E-40 1.00000000E-40 1.00000000E-40 1.41592671E-31 2.28641105E-20 2.00515691E-18 1.90660430E-17 1.65542257E-26 6.71751625E-26 9.22530445E-25 6.20463568E-12 3.60152822E-16 2.28533332E-10 2.01997195E-01 9.32007195E-33 3.79672417E-27 4.55999685E-11 1.00000000E-40 1.00000000E-40 4.82886845E-30 6.90592929E-28 6.67609928E-17 7.68363244E-12 4.97833488E-17 3.86698709E-18 2.82435414E-13 1.17823401E-07 2.28644150E-17 4.77936617E-26 1.89044003E-28 6.38971339E-10 1.30773244E-30 5.27630585E-19 2.91828363E-28 3.35252603E-28 2.60570214E-35 9.19376973E-40 3.71568314E-27 2.01008498E-27 1.01063086E-16 1.55929143E-35 1.00000000E-40 6.01130779E-35 1.00000000E-40 1.00000000E-40 6.04929245E-11 3.05558302E-30 2.11301395E-27 1.00000000E-40 1.00000000E-40 1.03272938E-30 4.54229272E-31 2.34355228E-26 5.00246797E-36 7.71537876E-23 6.72935603E-23 8.46282587E-19 2.49159787E-30 2.52127000E-36 1.00000000E-05 1.00000000E-05 1.00000000E-05 1.00000000E-05 1.00000000E-05 1.00000000E-05 1.00000000E-05 1.00000000E-05 1.00000000E-05 1.00000000E-05
3.02063000E+01 3.51832000E-02 1.32042625E+18 1.92991377E+02 1.00000000E+05 9.88020667E+01 4.90037687E+04 1.86391610E+02 9.85188379E-27 2.79159226E-05 1.51529195E-38 1.51529195E-38 1.51529195E-38 1.51529195E-38 1.57695861E-38 9.89201646E-20 2.54773536E-05 1.51411816E-05 1.47804047E-28 2.39231789E-19 3.42436073E-06 7.78922433E-06 1.66584081E+00 4.23631047E-24 2.91696922E-19 1.00000000E-40 1.00000000E-40 1.00000000E-40 1.11754435E-31 2.43987961E-20 2.93919464E-18 2.43785622E-17 2.23001248E-26 8.85944497E-26 1.04039081E-24 7.42752693E-12 2.82374130E-16 2.87522615E-10 2.50355562E-01 8.15912755E-33 3.44332085E-27 4.57434041E-11 1.06776088E-40 1.00000000E-40 4.96392824E-30 8.95168086E-28 4.89238341E-17 6.27433420E-12 6.20735921E-17 4.74309700E-18 4.05572869E-13 1.20110249E-07 1.66810148E-17 3.03271408E-26 1.16906976E-28 5.50804309E-10 1.18901601E-30 5.34007534E-19 3.28387901E-28 4.52674145E-28 3.07206900E-35 7.80884714E-40 3.78729874E-27 1.98392264E-27 7.15514834E-17 1.42833905E-35 1.00000000E-40 6.09196224E-35 1.00000000E-40 1.00000000E-40 6.67289760E-11 2.55187875E-30 2.38793168E-27 1.00000000E-40 1.00000000E-40 9.00562874E-31 4.84336549E-31 2.35147764E-26 6.36263649E-36 7.70675646E-23 5.79117194E-23 9.30029014E-19 2.68005942E-30 3.50082000E-36 1.00000000E-05 1.00000000E-05 1.00000000E-05 1.00000000E-05 1.00000000E-05 1.00000000E-05 1.00000000E-05 1.00000000E-05 1.00000000E-05 1.00000000E-05
3.13908000E+01 3.08843000E-02 1.15252480E+18 1.94090465E+02 1.00000000E+05 1.13595153E+02 5.82491836E+04 2.11206838E+02 4.72204396E-26 3.35318081E-05 1.74366427E-38 1.74366427E-38 1.74366427E-38 1.74366427E-38 1.81930040E-38 7.64428362E-20 2.62847010E-05 2.07149364E-05 1.30888857E-28 3.33985453E-19 3.90863202E-06 8.82039092E-06 1.71827151E+00 3.24257500E-24 2.30705077E-19 1.00000000E-40 1.00000000E-40 1.00000000E-40 8.82340127E-32 2.63484959E-20 4.25625465E-18 3.10908006E-17 2.98522254E-26 1.16156818E-25 1.16369097E-24 8.89156081E-12 2.23846854E-16 3.61412739E-10 3.06564520E-01 7.25096203E-33 3.09674033E-27 4.58805470E-11 1.77566159E-40 1.00000000E-40 5.24668407E-30 1.14959421E-27 3.78789523E-17 5.14919023E-12 7.80780079E-17 5.68498960E-18 5.73811643E-13 1.22487671E-07 1.21675133E-17 1.89800000E-26 7.24377907E-29 4.76299017E-10 1.07560324E-30 5.41600567E-19 3.83000884E-28 6.04259052E-28 3.60582860E-35 6.62185573E-40 3.87000993E-27 1.95801651E-27 5.00284704E-17 1.37350058E-35 1.00000000E-40 6.31122157E-35 1.00000000E-40 1.00000000E-40 7.39384401E-11 2.30771257E-30 2.68540139E-27 1.00000000E-40 1.00000000E-40 8.15432092E-31 5.18828358E-31 2.36318784E-26 8.01469191E-36 7.68058157E-23 5.27357118E-23 1.01443074E-18 2.90221167E-30 4.91033000E-36 1.00000000E-05 1.00000000E-05 1.00000000E-05 1.00000000E-05 1.00000000E-05 1.00000000E-05 1.00000000E-05 1.00000000E-05 1.00000000E-05 1.00000000E-05
3.25754000E+01 2.69872000E-02 1.00062005E+18 1.95346370E+02 1.00000000E+05 1.31807775E+02 7.03143583E+04 2.42110685E+02 1.47921113E-25 4.09179731E-05 2.02426876E-38 2.02426876E-38 2.02426876E-38 2.02426876E-38 2.11862565E-38 6.09538099E-20 2.72228472E-05 2.82272415E-05 1.33337979E-28 4.81208583E-19 4.47902607E-06 1.00349836E-05 1.77520749E+00 2.56300265E-24 1.81111518E-19 1.00000000E-40 1.00000000E-40 1.00000000E-40 7.21690428E-32 2.87739900E-20 6.20303028E-18 3.95468519E-17 3.94954338E-26 1.49977751E-25 1.29340893E-24 1.06516596E-11 1.83336624E-16 4.55379166E-10 3.69370405E-01 6.58492199E-33 2.76619911E-27 4.60944119E-11 3.36871708E-40 1.00000000E-40 5.71766709E-30 1.46532220E-27 3.26406129E-17 4.27711258E-12 1.00685164E-16 7.18271927E-18 8.20466043E-13 1.25219601E-07 9.04130540E-18 1.21787295E-26 4.50708833E-29 4.15905290E-10 9.70012575E-31 5.51538416E-19 4.62015040E-28 7.98646660E-28 4.22063503E-35 5.62242999E-40 3.97235994E-27 1.93570578E-27 3.57492945E-17 1.40224254E-35 1.00000000E-40 6.70095750E-35 1.00000000E-40 1.00000000E-40 8.23022926E-11 2.31644620E-30 3.00934619E-27 1.00000000E-40 1.00000000E-40 7.76881929E-31 5.57658167E-31 2.38301314E-26 1.00155537E-35 7.65037731E-23 5.38542272E-23 1.10038905E-18 3.17013830E-30 7.03856000E-36 1.00000000E-05 1.00000000E-05 1.00000000E-05 1.00000000E-05 1.00000000E-05 1.00000000E-05 1.00000000E-05 1.00000000E-05 1.00000000E-05 1.00000000E-05
3.37600000E+01 2.33997000E-02 8.61948022E+17 1.96628257E+02 1.00000000E+05 1.55187262E+02 8.64863738E+04 2.82371208E+02 1.17931000E-25 5.07482595E-05 2.38456061E-38 2.38456061E-38 2.38456061E-38 2.38456061E-38 2.50543583E-38 5.05037604E-20 2.84008445E-05 3.67907132E-05 1.61728917E-28 7.30354815E-19 5.17048586E-06 1.15093771E-05 1.84304997E+00 2.09477055E-24 1.41443336E-19 1.00000000E-40 1.00000000E-40 1.00000000E-40 6.16008324E-32 3.18013378E-20 9.11155348E-18 5.02800709E-17 5.16607906E-26 1.90717757E-25 1.43332106E-24 1.27989167E-11 1.59332940E-16 5.78084247E-10 4.31888940E-01 6.15580395E-33 2.46093060E-27 4.65329643E-11 6.78268013E-40 1.00000000E-40 6.43561927E-30 1.85994138E-27 3.10436562E-17 3.63039450E-12 1.35328784E-16 1.01703139E-17 1.17073597E-12 1.28769769E-07 6.93353398E-18 7.95512426E-27 2.82352412E-29 3.70238777E-10 8.74910402E-31 5.65828608E-19 5.74564597E-28 1.04831855E-27 4.94261836E-35 4.79960247E-40 4.10956467E-27 1.92275677E-27 2.62590713E-17 1.52736299E-35 1.00000000E-40 7.29761580E-35 1.00000000E-40 1.00000000E-40 9.21849880E-11 2.59711143E-30 3.37028934E-27 1.00000000E-40 1.00000000E-40 7.88040368E-31 6.01899647E-31 2.41881564E-26 1.24560300E-35 7.63971773E-23 6.27871637E-23 1.19107581E-18 3.50530698E-30 1.05387000E-35 1.00000000E-05 1.00000000E-05 1.00000000E-05 1.00000000E-05 1.00000000E-05 1.00000000E-05 1.00000000E-05 1.00000000E-05 1.00000000E-05 1.00000000E-05
3.49445000E+01 2.01308000E-02 7.49084254E+17 1.94646717E+02 1.00000000E+05 1.85302973E+02 1.07439072E+05 3.34759124E+02 5.61495610E-28 6.30756789E-05 2.85108040E-38 2.85108040E-38 2.85108040E-38 2.85108040E-38 3.01090308E-38 3.25080805E-20 2.98231755E-05 3.38760855E-05 1.97320978E-28 1.06552332E-18 6.00302885E-06 1.32865260E-05 1.92125228E+00 1.21572032E-24 1.09899213E-19 1.00000000E-40 1.00000000E-40 1.00000000E-40 4.41474344E-32 3.54440586E-20 1.18627739E-17 6.37076200E-17 6.72784727E-26 2.49847757E-25 1.58173260E-24 1.53836774E-11 1.46353599E-16 7.39053941E-10 4.70135983E-01 5.93507307E-33 2.18029922E-27 4.71703229E-11 1.40576918E-39 1.00000000E-40 7.44340391E-30 2.34550765E-27 2.22323414E-17 3.17379609E-12 1.86235861E-16 1.37277132E-17 1.37151375E-12 1.33126442E-07 5.16971405E-18 4.04035066E-27 1.78403946E-29 3.38788905E-10 7.89522097E-31 5.84411459E-19 7.29403290E-28 1.36275588E-27 5.78098164E-35 4.12636249E-40 4.28190406E-27 1.91775014E-27 1.61619240E-17 1.75979837E-35 1.00000000E-40 8.10150816E-35 1.00000000E-40 1.00000000E-40 1.03604373E-10 3.15262581E-30 3.76568886E-27 1.00000000E-40 1.00000000E-40 8.52897890E-31 6.50387456E-31 2.46956821E-26 1.53819080E-35 7.64346727E-23 7.18724463E-23 1.28521759E-18 3.91915824E-30 1.66279000E-35 1.00000000E-05 1.00000000E-05 1.00000000E-05 1.00000000E-05 1.00000000E-05 1.00000000E-05 1.00000000E-05 1.00000000E-05 1.00000000E-05 1.00000000E-05
3.61291000E+01 1.72508000E-02 6.48485544E+17 1.92675129E+02 1.00000000E+05 2.24372760E+02 1.32846735E+05 4.02920613E+02 4.75134046E-34 7.69776189E-05 3.46486922E-38 3.46486922E-38 3.46486922E-38 3.46486922E-38 3.68387953E-38 2.23521251E-20 3.13746074E-05 2.94159223E-05 2.97412238E-28 1.66031456E-18 6.97378967E-06 1.53591026E-05 2.00155144E+00 7.47719060E-25 8.47471123E-20 1.00000000E-40 1.00000000E-40 1.00000000E-40 3.37909746E-32 3.95649314E-20 1.53592411E-17 7.99996280E-17 8.46553800E-26 3.16486681E-25 1.72982357E-24 1.83885114E-11 1.46666962E-16 9.43376830E-10 4.88944442E-01 5.90147967E-33 1.91715641E-27 4.78011985E-11 2.72937076E-39 1.00000000E-40 8.75948514E-30 2.92328221E-27 1.64758198E-17 2.87001956E-12 2.68438837E-16 2.08890656E-17 1.60854143E-12 1.37756382E-07 4.07004945E-18 2.03798871E-27 1.14001850E-29 3.20396547E-10 7.10668888E-31 6.04969127E-19 9.33571576E-28 1.74477420E-27 6.71910962E-35 3.56818022E-40 4.47293425E-27 1.91217663E-27 1.05231184E-17 2.10678332E-35 1.00000000E-40 9.12858954E-35 1.00000000E-40 1.00000000E-40 1.16107709E-10 4.27860093E-30 4.17544937E-27 1.00000000E-40 1.00000000E-40 9.62223477E-31 6.99166814E-31 2.52485910E-26 1.87604951E-35 7.62774086E-23 9.65141891E-23 1.37604447E-18 4.39640038E-30 2.72334000E-35 1.00000000E-05 1.00000000E-05 1.00000000E-05 1.00000000E-05 1.00000000E-05 1.00000000E-05 1.00000000E-05 1.00000000E-05 1.00000000E-05 1.00000000E-05
3.73136000E+01 1.47764000E-02 5.61024101E+17 1.90767258E+02 1.00000000E+05 2.73892545E+02 1.59119387E+05 4.88146368E+02 6.94876983E-40 8.92564795E-05 4.26643118E-38 4.26643118E-38 4.26643118E-38 4.26643118E-38 4.57729436E-38 1.66560013E-20 3.29563349E-05 2.52422451E-05 5.09640109E-28 2.69753687E-18 8.08223001E-06 1.77256649E-05 2.07655295E+00 4.95805705E-25 6.46554868E-20 1.00000000E-40 1.00000000E-40 1.00000000E-40 2.79556926E-32 4.40291399E-20 1.97111001E-17 9.93002579E-17 1.02946956E-25 3.87560364E-25 1.86909708E-24 2.17885114E-11 1.61644542E-16 1.19692832E-09 4.92755318E-01 6.03895541E-33 1.66767126E-27 4.82620932E-11 4.89141261E-39 1.00000000E-40 1.04057235E-29 3.59178896E-27 1.25661027E-17 2.68971647E-12 3.97959967E-16 3.27303132E-17 1.89746386E-12 1.42222940E-07 3.42817835E-18 1.10884872E-27 7.39256800E-30 3.14532365E-10 6.36322621E-31 6.25618446E-19 1.19456271E-27 2.19434986E-27 7.73895555E-35 3.09927380E-40 4.66909998E-27 1.89946014E-27 7.39677408E-18 2.57699038E-35 1.00000000E-40 1.03694182E-34 1.00000000E-40 1.00000000E-40 1.29223464E-10 6.17495976E-30 4.57907745E-27 1.00000000E-40 1.00000000E-40 1.10932765E-30 7.44530882E-31 2.57639952E-26 2.25366851E-35 7.56638753E-23 1.42244521E-22 1.45744024E-18 4.92279049E-30 4.60157000E-35 1.00000000E-05 1.00000000E-05 1.00000000E-05 1.00000000E-05 1.00000000E-05 1.00000000E-05 1.00000000E-05 1.00000000E-05 1.00000000E-05 1.00000000E-05
3.84982000E+01 1.26692000E-02 4.85675199E+17 1.88938291E+02 1.00000000E+05 3.33891986E+02 1.78332330E+05 5.87358799E+02 3.34824723E-40 9.46687628E-05 5.29310517E-38 5.29310517E-38 5.29310517E-38 5.29310517E-38 5.74561287E-38 1.35397419E-20 3.45160057E-05 2.16019075E-05 9.36713157E-28 4.49394787E-18 9.33496557E-06 2.04016038E-05 2.14149464E+00 3.57163352E-25 4.87466359E-20 1.00000000E-40 1.00000000E-40 1.00000000E-40 2.51364754E-32 4.87369576E-20 2.50286178E-17 1.21745458E-16 1.21199287E-25 4.59410885E-25 1.99326932E-24 2.55610345E-11 1.94872052E-16 1.50676661E-09 4.86281548E-01 6.34228053E-33 1.43331867E-27 4.84822095E-11 8.11967847E-39 1.00000000E-40 1.24108219E-29 4.34737432E-27 9.79187978E-18 2.61285202E-12 5.98210787E-16 5.17638827E-17 2.24136714E-12 1.46325197E-07 3.11330780E-18 6.75992106E-28 4.90907041E-30 3.21494862E-10 5.66351436E-31 6.45510830E-19 1.52003964E-27 2.70810759E-27 8.82597828E-35 2.70585757E-40 4.86406649E-27 1.87703132E-27 5.67682278E-18 3.18010880E-35 1.00000000E-40 1.18028944E-34 1.00000000E-40 1.00000000E-40 1.42562656E-10 9.18634608E-30 4.95981721E-27 1.00000000E-40 1.00000000E-40 1.28907894E-30 7.83780738E-31 2.62064644E-26 2.66399303E-35 7.44948882E-23 2.19560164E-22 1.52547950E-18 5.48847690E-30 8.18591000E-35 1.00000000E-05 1.00000000E-05 1.00000000E-05 1.00000000E-05 1.00000000E-05 1.00000000E-05 1.00000000E-05 1.00000000E-05 1.00000000E-05 1.00000000E-05
3.96828000E+01 1.08748000E-02 4.20893457E+17 1.87139654E+02 1.00000000E+05 3.98130911E+02 1.78575510E+05 6.84757039E+02 1.24218361E-38 8.74962220E-05 6.51691876E-38 6.51691876E-38 6.51691876E-38 6.51691876E-38 7.17770716E-38 1.19159981E-20 3.60306701E-05 1.84559896E-05 1.78416448E-27 7.59061518E-18 1.07456198E-05 2.34185678E-05 2.19279186E+00 2.77044179E-25 3.63201039E-20 1.00000000E-40 1.00000000E-40 1.84105248E-40 2.43967810E-32 5.36172704E-20 3.13646918E-17 1.47470640E-16 1.38381013E-25 5.28271923E-25 2.09808653E-24 2.96870569E-11 2.53348112E-16 1.88148251E-09 4.73194059E-01 6.81211867E-33 1.21709220E-27 4.84470448E-11 1.25795841E-38 1.00000000E-40 1.48087468E-29 5.18436704E-27 7.70494804E-18 2.62309369E-12 9.03621062E-16 8.13756914E-17 2.63535417E-12 1.50010118E-07 3.03982350E-18 4.63670110E-28 3.38777111E-30 3.41895412E-10 5.01281747E-31 6.64441172E-19 1.91740732E-27 3.27889720E-27 9.96946852E-35 2.37863299E-40 5.05606981E-27 1.84464974E-27 4.74622609E-18 3.92537265E-35 1.00000000E-40 1.33987398E-34 1.00000000E-40 1.00000000E-40 1.55809843E-10 1.38578319E-29 5.30438885E-27 1.00000000E-40 1.00000000E-40 1.49664593E-30 8.15062149E-31 2.65701560E-26 3.09865857E-35 7.27683275E-23 3.45530405E-22 1.57804907E-18 6.08702510E-30 1.58614000E-34 1.00000000E-05 1.00000000E-05 1.00000000E-05 1.00000000E-05 1.00000000E-05 1.00000000E-05 1.00000000E-05 1.00000000E-05 1.00000000E-05 1.00000000E-05
4.08673000E+01 9.34378000E-03 3.65072788E+17 1.85378711E+02 1.00000000E+05 4.45742186E+02 1.50072089E+05 7.41994683E+02 6.06024658E-37 6.54366404E-05 7.70703588E-38 7.70703588E-38 7.70703588E-38 7.70703588E-38 8.63516577E-38 1.12472807E-20 3.74816841E-05 1.57717886E-05 3.46914991E-27 1.29298332E-17 1.23305351E-05 2.68150389E-05 2.22630637E+00 2.29125961E-25 2.67494187E-20 1.00000000E-40 1.00000000E-40 3.41329161E-40 2.53108205E-32 5.86024566E-20 3.88044755E-17 1.76555929E-16 1.53271912E-25 5.89325015E-25 2.18027947E-24 3.41403810E-11 3.50121938E-16 2.33067683E-09 4.56299799E-01 7.45248913E-33 1.02125463E-27 4.81566821E-11 1.83200260E-38 1.00000000E-40 1.76326873E-29 6.09309125E-27 6.10891903E-18 2.70491170E-12 1.36416023E-15 1.26827087E-16 3.07884803E-12 1.53257348E-07 3.15951104E-18 3.53335499E-28 2.47708315E-30 3.76331746E-10 4.41520427E-31 6.82342122E-19 2.39258286E-27 3.89407204E-27 1.11586719E-34 2.10895785E-40 5.24425539E-27 1.80266927E-27 4.28791058E-18 4.81897523E-35 1.00000000E-40 1.51147564E-34 1.00000000E-40 1.00000000E-40 1.68656488E-10 2.10178217E-29 5.60061610E-27 1.00000000E-40 1.00000000E-40 1.72625825E-30 8.36915351E-31 2.68573164E-26 3.54697583E-35 7.05096148E-23 5.48260169E-22 1.61388354E-18 6.71224271E-30 3.39779000E-34 1.00000000E-05 1.00000000E-05 1.00000000E-05 1.00000000E-05 1.00000000E-05 1.00000000E-05 1.00000000E-05 1.00000000E-05 1.00000000E-05 1.00000000E-05
4.20519000E+01 8.03497000E-03 3.16813163E+17 1.83695179E+02 1.00000000E+05 4.39229697E+02 9.80972877E+04 7.06633541E+02 2.34922232E-35 3.45287489E-05 8.30594877E-38 8.30594877E-38 8.30594877E-38 8.30594877E-38 9.48216394E-38 1.12795825E-20 3.88477063E-05 1.35302219E-05 6.93630259E-27 2.22121142E-17 1.41073867E-05 3.06334338E-05 2.23744995E+00 2.00099770E-25 1.94752282E-20 1.00000000E-40 1.00000000E-40 6.32361413E-40 2.77761858E-32 6.36220703E-20 4.74991651E-17 2.08997538E-16 1.64501008E-25 6.36829517E-25 2.23734183E-24 3.88843191E-11 5.09552461E-16 2.86477199E-09 4.36836500E-01 8.27193530E-33 8.46937632E-28 4.76143753E-11 2.52403024E-38 1.00000000E-40 2.09126993E-29 7.05906316E-27 4.90372416E-18 2.84315682E-12 2.05477172E-15 1.96439364E-16 3.57717467E-12 1.56046498E-07 3.44833204E-18 2.93248052E-28 1.96138795E-30 4.25307506E-10 3.87214080E-31 6.99140750E-19 2.94895666E-27 4.53457589E-27 1.23817203E-34 1.88836675E-40 5.42762944E-27 1.75157215E-27 4.13630412E-18 5.86218731E-35 1.00000000E-40 1.68972851E-34 1.00000000E-40 1.00000000E-40 1.80790111E-10 3.19616372E-29 5.83707240E-27 1.00000000E-40 1.00000000E-40 1.97067478E-30 8.48180605E-31 2.70722989E-26 3.99578904E-35 6.77524628E-23 8.82962514E-22 1.63229966E-18 7.35721904E-30 7.82970000E-34 1.00000000E-05 1.00000000E-05 1.00000000E-05 1.00000000E-05 1.00000000E-05 1.00000000E-05 1.00000000E-05 1.00000000E-05 1.00000000E-05 1.00000000E-05
4.32364000E+01 6.91339000E-03 2.75001872E+17 1.82084142E+02 1.00000000E+05 3.46027767E+02 4.42698773E+04 5.52063309E+02 6.88352767E-34 9.16033139E-06 7.59531144E-38 7.59531144E-38 7.59531144E-38 7.59531144E-38 8.83946912E-38 1.18447101E-20 4.01101803E-05 1.16619042E-05 1.51675032E-26 3.87487626E-17 1.60973171E-05 3.49249017E-05 2.22308421E+00 1.81456879E-25 1.40141748E-20 1.00000000E-40 1.00000000E-40 1.17800872E-39 3.17808369E-32 6.86138901E-20 5.75537298E-17 2.44727955E-16 1.70762753E-25 6.65613899E-25 2.26793669E-24 4.38784378E-11 7.78811811E-16 3.49552804E-09 4.13064731E-01 9.28546909E-33 6.94368731E-28 4.68322541E-11 3.30929189E-38 1.00000000E-40 2.46783756E-29 8.06416444E-27 4.00025839E-18 3.02368248E-12 3.10212654E-15 3.01707587E-16 4.13162687E-12 1.58376546E-07 3.88829287E-18 2.57702063E-28 1.71761602E-30 4.89280174E-10 3.38337697E-31 7.14846298E-19 3.58695653E-27 5.17550121E-27 1.36277638E-34 1.70909300E-40 5.60575704E-27 1.69216833E-27 4.19435017E-18 7.05077077E-35 1.00000000E-40 1.86861101E-34 1.00000000E-40 1.48775936E-40 1.91934492E-10 4.90220278E-29 6.00441546E-27 1.00000000E-40 1.00000000E-40 2.22129508E-30 8.48154170E-31 2.72247642E-26 4.43057170E-35 6.45457614E-23 1.52364606E-21 1.63341427E-18 8.01541475E-30 1.84656000E-33 1.00000000E-05 1.00000000E-05 1.00000000E-05 1.00000000E-05 1.00000000E-05 1.00000000E-05 1.00000000E-05 1.00000000E-05 1.00000000E-05 1.00000000E-05
4.44210000E+01 5.94987000E-03 2.38746061E+17 1.80504477E+02 1.00000000E+05 1.93454412E+02 1.13855319E+04 3.35364841E+02 1.48043778E-32 7.62647213E-07 5.47825397E-38 5.47825397E-38 5.47825397E-38 5.47825397E-38 6.49108684E-38 1.27848197E-20 4.12525974E-05 1.00727815E-05 4.12058655E-26 6.91506705E-17 1.83249671E-05 3.97495617E-05 2.18366495E+00 1.67266719E-25 9.95870621E-21 1.00000000E-40 1.00000000E-40 2.22086294E-39 3.72741234E-32 7.35245382E-20 6.89528901E-17 2.83607179E-16 1.71272353E-25 6.72898481E-25 2.27186420E-24 4.90798838E-11 1.25030664E-15 4.23603597E-09 3.83014663E-01 1.05108611E-32 5.62995470E-28 4.58290191E-11 4.15006364E-38 1.00000000E-40 2.89586064E-29 9.08719763E-27 3.37027938E-18 3.23351585E-12 4.72149736E-15 4.57551079E-16 4.73489529E-12 1.60259477E-07 4.45623328E-18 2.32116990E-28 1.69159869E-30 5.68641789E-10 2.94722722E-31 7.29523082E-19 4.30325374E-27 5.78652221E-27 1.48871408E-34 1.56417649E-40 5.77857602E-27 1.62549588E-27 4.40649022E-18 8.37368972E-35 1.00000000E-40 2.04179201E-34 1.00000000E-40 3.12834594E-40 2.01860238E-10 7.64204182E-29 6.09569761E-27 1.00000000E-40 1.00000000E-40 2.46811072E-30 8.36581234E-31 2.73282138E-26 4.83622379E-35 6.09488644E-23 3.17322050E-21 1.61804752E-18 8.68053855E-30 4.29370000E-33 1.00000000E-05 1.00000000E-05 1.00000000E-05 1.00000000E-05 1.00000000E-05 1.00000000E-05 1.00000000E-05 1.00000000E-05 1.00000000E-05 1.00000000E-05
4.56056000E+01 5.12087000E-03 2.07289019E+17 1.78930416E+02 1.00000000E+05 6.50631575E+01 9.82670007E+02 1.55363461E+02 2.28345912E-31 4.71034810E-08 2.91110969E-38 2.91110969E-38 2.91110969E-38 2.91110969E-38 3.49829442E-38 1.39503502E-20 4.22536010E-05 8.70023383E-06 1.43198730E-25 1.25666495E-16 2.08156636E-05 4.51705696E-05 2.12334132E+00 1.54069489E-25 6.97266391E-21 1.00000000E-40 1.00000000E-40 4.21448761E-39 4.41854449E-32 7.82982917E-20 8.16141374E-17 3.25369592E-16 1.66162781E-25 6.59392209E-25 2.24961931E-24 5.44373649E-11 2.09833792E-15 5.09979288E-09 3.49044672E-01 1.19589641E-32 4.51561938E-28 4.46208396E-11 4.99786025E-38 1.00000000E-40 3.37768173E-29 1.01035810E-26 3.14818493E-18 3.46057890E-12 7.22541275E-15 6.83583428E-16 5.37359166E-12 1.61689902E-07 5.12409605E-18 2.08104151E-28 1.89173619E-30 6.63608931E-10 2.56046702E-31 7.43153592E-19 5.08941862E-27 6.33204886E-27 1.61491648E-34 1.44727511E-40 5.94533830E-27 1.55248292E-27 4.74194411E-18 9.81075805E-35 1.00000000E-40 2.20284939E-34 1.00000000E-40 6.69183217E-40 2.10362778E-10 1.20538187E-28 6.10566925E-27 1.00000000E-40 1.00000000E-40 2.69945375E-30 8.13504343E-31 2.73942797E-26 5.19751403E-35 5.70181710E-23 8.23203245E-21 1.58734748E-18 9.34505804E-30 9.74631000E-33 1.00000000E-05 1.00000000E-05 1.00000000E-05 1.00000000E-05 1.00000000E-05 1.00000000E-05 1.00000000E-05 1.00000000E-05 1.00000000E-05 1.00000000E-05
4.67901000E+01 4.40660000E-03 1.79904711E+17 1.77409884E+02 1.00000000E+05 1.01779011E+01 6.43382565E+00 5.77447875E+01 2.46589641E-30 2.82131445E-08 1.07603451E-38 1.07603451E-38 1.07603451E-38 1.07603451E-38 1.29976660E-38 1.53445344E-20 4.30916839E-05 7.53435456E-06 5.41694779E-25 2.30273947E-16 2.35972157E-05 5.12581601E-05 2.04793769E+00 1.41751439E-25 4.78925503E-21 1.00000000E-40 1.00000000E-40 7.96490753E-39 5.30225320E-32 8.28851347E-20 9.56767050E-17 3.69638915E-16 1.56180348E-25 6.27481952E-25 2.20254663E-24 5.98978891E-11 3.65069264E-15 6.10057329E-09 3.15219095E-01 1.36303215E-32 3.58380588E-28 4.32256157E-11 5.79818175E-38 1.00000000E-40 3.91531650E-29 1.10881229E-26 3.74709461E-18 3.69439882E-12 1.10337121E-14 1.01334946E-15 6.04775152E-12 1.62660282E-07 5.88250688E-18 1.82391257E-28 2.40478110E-30 7.74249969E-10 2.21914889E-31 7.55706859E-19 5.93181519E-27 6.77360523E-27 1.74037394E-34 1.35288631E-40 6.10516094E-27 1.47409641E-27 5.18529829E-18 1.13327010E-34 1.00000000E-40 2.34627035E-34 1.00000000E-40 1.44055418E-39 2.17293509E-10 1.90041666E-28 6.03173766E-27 1.00000000E-40 1.00000000E-40 2.90259416E-30 7.79341744E-31 2.74346947E-26 5.50132061E-35 5.28125267E-23 2.28100721E-20 1.54286023E-18 1.00010452E-29 2.18374000E-32 1.00000000E-05 1.00000000E-05 1.00000000E-05 1.00000000E-05 1.00000000E-05 1.00000000E-05 1.00000000E-05 1.00000000E-05 1.00000000E-05 1.00000000E-05
4.79747000E+01 3.79046000E-03 1.56045493E+17 1.75937090E+02 1.00000000E+05 4.94936035E-01 7.17332990E-04 1.97427007E+01 1.81202976E-29 3.64698660E-08 2.75021165E-39 2.75021165E-39 2.75021165E-39 2.75021165E-39 3.27367663E-39 1.69468602E-20 4.37457634E-05 6.54227164E-06 1.93426502E-24 4.23700514E-16 2.67000120E-05 5.80899534E-05 1.96224033E+00 1.29830066E-25 3.20536632E-21 1.00000000E-40 1.00000000E-40 1.49205416E-38 6.51515488E-32 8.72413192E-20 1.11080321E-16 4.15912059E-16 1.42267988E-25 5.80800658E-25 2.13271765E-24 6.54089376E-11 6.53735097E-15 7.25200136E-09 2.82738954E-01 1.55147634E-32 2.81505880E-28 4.16622390E-11 6.49674373E-38 1.00000000E-40 4.51038980E-29 1.20180249E-26 5.87237762E-18 3.92676275E-12 1.67663294E-14 1.48871969E-15 6.74401741E-12 1.63159823E-07 6.70778250E-18 1.53021773E-28 3.45138881E-30 9.00460565E-10 1.91896768E-31 7.67132505E-19 6.81141657E-27 7.07264748E-27 1.86414734E-34 1.27632366E-40 6.25699543E-27 1.39131425E-27 5.70631681E-18 1.29010173E-34 1.00000000E-40 2.46854740E-34 1.00000000E-40 3.10839222E-39 2.22568840E-10 2.97978921E-28 5.87424425E-27 1.00000000E-40 1.00000000E-40 3.06433012E-30 7.34867481E-31 2.74603203E-26 5.73912875E-35 4.83921166E-23 5.86903626E-20 1.48641625E-18 1.06402416E-29 4.89428000E-32 1.00000000E-05 1.00000000E-05 1.00000000E-05 1.00000000E-05 1.00000000E-05 1.00000000E-05 1.00000000E-05 1.00000000E-05 1.00000000E-05 1.00000000E-05
4.91593000E+01 3.25865000E-03 1.35275068E+17 1.74476392E+02 1.00000000E+05 3.62137090E-03 2.63088129E-06 6.93504778E+00 8.81999727E-29 3.99206012E-08 5.67908121E-40 5.67908121E-40 5.67908121E-40 5.67908121E-40 6.42183763E-40 1.88179997E-20 4.41932849E-05 5.67813492E-06 6.21636046E-24 7.81077847E-16 3.01550326E-05 6.57466310E-05 1.86923741E+00 1.18460741E-25 2.07230062E-21 1.00000000E-40 1.00000000E-40 2.76341136E-38 8.42920225E-32 9.13239276E-20 1.27471129E-16 4.63500080E-16 1.25577077E-25 5.23510425E-25 2.04267317E-24 7.09155714E-11 1.19708910E-14 8.56592955E-09 2.51904740E-01 1.75878946E-32 2.18884038E-28 3.99480533E-11 7.04407434E-38 1.00000000E-40 5.16366865E-29 1.28764676E-26 1.04890909E-17 4.15247966E-12 2.53256457E-14 2.16019083E-15 7.43115565E-12 1.63164791E-07 7.55477873E-18 1.20948232E-28 5.53825172E-30 1.04186959E-09 1.65550621E-31 7.77311695E-19 7.70343732E-27 7.19435955E-27 1.98524280E-34 1.21361090E-40 6.39923251E-27 1.30504216E-27 6.29550343E-18 1.44674621E-34 1.00000000E-40 2.56961584E-34 1.00000000E-40 6.71520420E-39 2.26163517E-10 4.63622744E-28 5.63641108E-27 1.00000000E-40 1.00000000E-40 3.17158995E-30 6.81155513E-31 2.74786675E-26 5.91017166E-35 4.38161143E-23 1.33842451E-19 1.41994144E-18 1.12533489E-29 1.10557000E-31 1.00000000E-05 1.00000000E-05 1.00000000E-05 1.00000000E-05 1.00000000E-05 1.00000000E-05 1.00000000E-05 1.00000000E-05 1.00000000E-05 1.00000000E-05
5.03438000E+01 2.79934000E-03 1.17198820E+17 1.73001205E+02 1.00000000E+05 2.52008631E-06 7.43505197E-06 2.55217226E+00 2.75006815E-28 3.63079726E-08 1.75986511E-40 1.75986511E-40 1.75986511E-40 1.75986511E-40 1.84980260E-40 2.16167323E-20 4.44150213E-05 4.91214314E-06 1.79628634E-23 1.44001280E-15 3.39955414E-05 7.43154516E-05 1.77101760E+00 1.10731599E-25 1.28252356E-21 1.00000000E-40 1.00000000E-40 5.04957257E-38 1.18384598E-31 9.50983746E-20 1.44306432E-16 5.11512201E-16 1.07443993E-25 4.59655898E-25 1.93548510E-24 7.63664784E-11 2.22610048E-14 1.00510050E-08 2.22941389E-01 1.98092071E-32 1.68503366E-28 3.81028171E-11 7.40018049E-38 1.00000000E-40 5.87517002E-29 1.36599324E-26 1.86486962E-17 4.37109830E-12 3.79835847E-14 3.08835716E-15 8.07102045E-12 1.62653913E-07 8.36992749E-18 9.01307446E-29 9.87722144E-30 1.19787515E-09 1.42465698E-31 7.86124189E-19 8.57839071E-27 7.11453071E-27 2.10275650E-34 1.16154007E-40 6.53025211E-27 1.21624574E-27 7.00482490E-18 1.59761721E-34 1.00000000E-40 2.65533241E-34 1.00000000E-40 1.45125467E-38 2.28136495E-10 7.14154843E-28 5.32522945E-27 1.00000000E-40 1.00000000E-40 3.21274941E-30 6.19642518E-31 2.74955631E-26 6.02693492E-35 3.91483060E-23 2.70473024E-19 1.34550310E-18 1.18308799E-29 2.57656000E-31 1.00000000E-05 1.00000000E-05 1.00000000E-05 1.00000000E-05 1.00000000E-05 1.00000000E-05 1.00000000E-05 1.00000000E-05 1.00000000E-05 1.00000000E-05
5.15284000E+01 2.40257000E-03 1.01435442E+17 1.71554867E+02 1.00000000E+05 1.70991122E-07 3.70046814E-05 1.03384476E+00 5.27348296E-28 3.42121828E-08 1.24515360E-40 1.24515360E-40 1.24515360E-40 1.24515360E-40 1.27275128E-40 2.84688536E-20 4.43945092E-05 4.24309124E-06 4.73374679E-23 2.65485935E-15 3.82568233E-05 8.38893816E-05 1.66923903E+00 1.17636303E-25 7.54309536E-22 1.00000000E-40 1.00000000E-40 9.09890766E-38 1.79839345E-31 9.85363600E-20 1.61361527E-16 5.58781369E-16 8.91747890E-26 3.92412655E-25 1.81450186E-24 8.17127574E-11 4.16914936E-14 1.17101045E-08 1.95999087E-01 2.21191655E-32 1.28453290E-28 3.61467213E-11 7.53792851E-38 1.00000000E-40 6.64391299E-29 1.43866660E-26 3.12617618E-17 4.58845992E-12 5.64848506E-14 4.38128622E-15 8.64831956E-12 1.61603424E-07 9.14460353E-18 6.49117138E-29 1.95861978E-29 1.36764011E-09 1.22261811E-31 7.93422935E-19 9.40312816E-27 6.82649546E-27 2.21582497E-34 1.11754681E-40 6.64824371E-27 1.12587209E-27 7.95440207E-18 1.73656079E-34 1.00000000E-40 2.74047405E-34 1.00000000E-40 3.13535996E-38 2.28628829E-10 1.08541147E-27 4.95152172E-27 1.00000000E-40 1.00000000E-40 3.17880388E-30 5.52075488E-31 2.75134474E-26 6.12211166E-35 3.44550991E-23 4.90634544E-19 1.26514751E-18 1.23628855E-29 6.69611000E-31 1.00000000E-05 1.00000000E-05 1.00000000E-05 1.00000000E-05 1.00000000E-05 1.00000000E-05 1.00000000E-05 1.00000000E-05 1.00000000E-05 1.00000000E-05
5.27129000E+01 2.05975000E-03 8.76882907E+16 1.70133417E+02 1.00000000E+05 4.60688249E-08 1.75683362E-04 5.45936781E-01 5.94646237E-28 3.56232239E-08 1.24230283E-40 1.24230283E-40 1.24230283E-40 1.24230283E-40 1.27044239E-40 5.04666764E-20 4.41218906E-05 3.65395485E-06 1.15822449E-22 4.88713754E-15 4.29798601E-05 9.45746392E-05 1.56543106E+00 1.66744747E-25 4.20144159E-22 1.00000000E-40 1.00000000E-40 1.61373653E-37 2.80342177E-31 1.01623466E-19 1.77963976E-16 6.03808427E-16 7.18464826E-26 3.25244129E-25 1.68328593E-24 8.69128619E-11 7.77527652E-14 1.35386582E-08 1.71168640E-01 2.44322847E-32 9.69812064E-29 3.41022753E-11 7.44643343E-38 1.00000000E-40 7.46827877E-29 1.51089678E-26 4.90344457E-17 4.81874727E-12 8.31530856E-14 6.17341146E-15 9.12659490E-12 1.59999105E-07 9.85027061E-18 4.60516359E-29 4.32962734E-29 1.55024636E-09 1.04599799E-31 7.99090903E-19 1.01432238E-26 6.34612249E-27 2.32378715E-34 1.07973373E-40 6.75171030E-27 1.03489807E-27 9.27457712E-18 1.85728860E-34 1.00000000E-40 2.85292809E-34 1.00000000E-40 6.76446099E-38 2.27884261E-10 1.62173287E-27 4.53055928E-27 1.00000000E-40 1.00000000E-40 3.06495054E-30 4.80517918E-31 2.75327549E-26 6.25932688E-35 2.98078825E-23 8.13366875E-19 1.18088502E-18 1.28398326E-29 2.49636000E-30 1.00000000E-05 1.00000000E-05 1.00000000E-05 1.00000000E-05 1.00000000E-05 1.00000000E-05 1.00000000E-05 1.00000000E-05 1.00000000E-05 1.00000000E-05
5.38975000E+01 1.76330000E-03 7.56919738E+16 1.68730306E+02 1.00000000E+05 5.96230780E-09 6.68333582E-04 3.75884683E-01 3.74148271E-28 3.92755446E-08 1.27673945E-40 1.27673945E-40 1.27673945E-40 1.27673945E-40 1.30968901E-40 1.27197841E-19 4.35987369E-05 3.11544522E-06 2.69233724E-22 8.96641821E-15 4.82173810E-05 1.06503262E-04 1.46118867E+00 3.33086676E-25 2.22044611E-22 1.00000000E-40 1.00000000E-40 2.81079631E-37 4.28215569E-31 1.04369704E-19 1.93221106E-16 6.44692932E-16 5.61629133E-26 2.61103981E-25 1.54559329E-24 9.19385106E-11 1.42511554E-13 1.55226005E-08 1.48502944E-01 2.66340253E-32 7.25325329E-29 3.19969918E-11 7.13273763E-38 1.00000000E-40 8.34668461E-29 1.59278796E-26 7.30675316E-17 5.08677042E-12 1.20963009E-13 8.73399857E-15 9.46209581E-12 1.57852666E-07 1.04617596E-17 3.25287297E-29 1.06572959E-28 1.74495638E-09 8.91909135E-32 8.03121355E-19 1.07660462E-26 5.71100954E-27 2.42641614E-34 1.04692461E-40 6.84017476E-27 9.44401758E-28 1.10977730E-17 1.95392247E-34 1.00000000E-40 3.03906790E-34 1.00000000E-40 1.45552535E-37 2.26275688E-10 2.37177818E-27 4.08279916E-27 1.00000000E-40 1.00000000E-40 2.87220062E-30 4.07350346E-31 2.75544077E-26 6.54886981E-35 2.52858902E-23 1.26115591E-18 1.09471615E-18 1.32537891E-29 2.05450000E-29 1.00000000E-05 1.00000000E-05 1.00000000E-05 1.00000000E-05 1.00000000E-05 1.00000000E-05 1.00000000E-05 1.00000000E-05 1.00000000E-05 1.00000000E-05
5.50821000E+01 1.50686000E-03 6.52539978E+16 1.67256305E+02 1.00000000E+05 2.85187608E-08 1.76699884E-03 2.62289220E-01 1.23686162E-28 4.38176531E-08 1.25016750E-40 1.25016750E-40 1.25016750E-40 1.25016750E-40 1.28261552E-40 3.91928488E-19 4.28296960E-05 2.59388885E-06 6.08475389E-22 1.63203278E-14 5.40280721E-05 1.19819280E-04 1.35787608E+00 8.04711954E-25 1.12333130E-22 1.00000000E-40 1.00000000E-40 4.78487645E-37 6.26910885E-31 1.06790339E-19 2.05040088E-16 6.78878896E-16 4.24810372E-26 2.02639765E-25 1.40488038E-24 9.67536752E-11 2.53249290E-13 1.76316059E-08 1.27989279E-01 2.85723680E-32 5.37430544E-29 2.98560892E-11 6.61999438E-38 1.00000000E-40 9.27608594E-29 1.70034963E-26 1.05989678E-16 5.42956583E-12 1.73473774E-13 1.24036797E-14 9.56520634E-12 1.55171484E-07 1.08726630E-17 2.25338252E-29 2.89979510E-28 1.95107115E-09 7.57725428E-32 8.05465481E-19 1.12410878E-26 4.97311352E-27 2.52347038E-34 1.01796725E-40 6.91292110E-27 8.55332691E-28 1.35268825E-17 2.02102335E-34 1.00000000E-40 3.36936516E-34 1.00000000E-40 3.11735331E-37 2.24264107E-10 3.38025347E-27 3.63336428E-27 1.00000000E-40 1.00000000E-40 2.60790118E-30 3.35104499E-31 2.75746888E-26 7.16886296E-35 2.09698004E-23 1.87748564E-18 1.00833162E-18 1.35958161E-29 4.18196000E-28 1.00000000E-05 1.00000000E-05 1.00000000E-05 1.00000000E-05 1.00000000E-05 1.00000000E-05 1.00000000E-05 1.00000000E-05 1.00000000E-05 1.00000000E-05
5.62666000E+01 1.28355000E-03 5.60805475E+16 1.65774323E+02 1.00000000E+05 1.16961697E-07 2.96566820E-03 1.52901568E-01 2.01779364E-29 4.64429421E-08 1.14040609E-40 1.14040609E-40 1.14040609E-40 1.14040609E-40 1.16790759E-40 1.27363392E-18 4.18734878E-05 2.09043801E-06 1.37183631E-21 2.94708549E-14 6.05524140E-05 1.34845988E-04 1.25817852E+00 2.03144982E-24 5.57138143E-23 1.00000000E-40 1.00000000E-40 7.95539327E-37 8.82017158E-31 1.09037904E-19 2.12975993E-16 7.03945071E-16 3.09576994E-26 1.51125817E-25 1.26573559E-24 1.01432100E-10 4.31914517E-13 1.98370713E-08 1.09695138E-01 3.01077728E-32 3.94922002E-29 2.77360131E-11 5.95281550E-38 1.00000000E-40 1.02641967E-28 1.85862661E-26 1.53781167E-16 5.90798613E-12 2.44800959E-13 1.83237029E-14 9.43445315E-12 1.52144255E-07 1.11452644E-17 1.54912960E-29 8.63877015E-28 2.17073721E-09 6.41852928E-32 8.07012794E-19 1.15561089E-26 4.19697064E-27 2.61784083E-34 1.00000000E-40 6.97748253E-27 7.69442910E-28 1.66803627E-17 2.05643125E-34 1.00000000E-40 3.95017353E-34 1.00000000E-40 6.63738054E-37 2.22667054E-10 4.66676529E-27 3.21644676E-27 1.00000000E-40 1.00000000E-40 2.28921586E-30 2.66679981E-31 2.76194390E-26 8.40842271E-35 1.69613759E-23 2.74769552E-18 9.24205971E-19 1.38726861E-29 5.06386000E-26 1.00000000E-05 1.00000000E-05 1.00000000E-05 1.00000000E-05 1.00000000E-05 1.00000000E-05 1.00000000E-05 1.00000000E-05 1.00000000E-05 1.00000000E-05
5.74512000E+01 1.07244000E-03 4.73253711E+16 1.64132919E+02 1.00000000E+05 3.90736593E-07 2.98893280E-03 6.73602265E-02 1.59107434E-30 4.65577505E-08 1.00128153E-40 1.00128153E-40 1.00128153E-40 1.00128153E-40 1.02926717E-40 4.07652456E-18 4.13874687E-05 1.61724809E-06 3.16644413E-21 5.32177630E-14 6.89749473E-05 1.54238616E-04 1.18129120E+00 4.98837454E-24 2.93291710E-23 1.00000000E-40 1.00000000E-40 1.30180864E-36 1.20092405E-30 1.12916485E-19 2.17223985E-16 7.27481263E-16 2.19129926E-26 1.09593102E-25 1.14832029E-24 1.07610150E-10 7.11202955E-13 2.24179193E-08 9.49502291E-02 3.15384182E-32 2.92208613E-29 2.60591120E-11 5.26027463E-38 1.00000000E-40 1.14879853E-28 2.13095650E-26 2.30768389E-16 6.70735785E-12 3.44005733E-13 2.85717066E-14 9.07937388E-12 1.51134043E-07 1.12814833E-17 1.02818267E-29 2.82968288E-27 2.44301065E-09 5.50454034E-32 8.20514128E-19 1.18780733E-26 3.49545415E-27 2.75266714E-34 1.00000000E-40 7.14505118E-27 6.98107844E-28 2.08954586E-17 2.08939561E-34 1.00000000E-40 5.00316306E-34 1.00000000E-40 1.42230904E-36 2.25649206E-10 6.30539995E-27 2.91278442E-27 1.00000000E-40 1.00000000E-40 1.96716330E-30 2.07591626E-31 2.81197406E-26 1.08739443E-34 1.35401052E-23 4.07913841E-18 8.56526603E-19 1.42982479E-29 4.47832000E-24 1.00000000E-05 1.00000000E-05 1.00000000E-05 1.00000000E-05 1.00000000E-05 1.00000000E-05 1.00000000E-05 1.00000000E-05 1.00000000E-05 1.00000000E-05
5.86357000E+01 7.54895000E-04 3.39556554E+16 1.61024199E+02 1.00000000E+05 1.34810585E-06 1.94792102E-03 2.32207439E-02 6.74702516E-32 5.48882176E-08 1.02947489E-40 1.02947489E-40 1.02947489E-40 1.02947489E-40 1.08794030E-40 1.36065095E-17 4.81157201E-05 1.31289053E-06 8.39220079E-21 1.07097580E-13 9.28835904E-05 2.08526188E-04 1.30851514E+00 1.22436864E-23 2.26584857E-23 1.00000000E-40 1.00000000E-40 2.34430113E-36 1.75928338E-30 1.38028180E-19 2.32649251E-16 8.67786905E-16 1.73860951E-26 9.19678102E-26 1.22107903E-24 1.34360056E-10 1.30460208E-12 2.95252608E-08 9.65951786E-02 3.80636127E-32 2.53316158E-29 2.88159666E-11 5.30925579E-38 1.00000000E-40 1.51235455E-28 2.98803624E-26 4.15962389E-16 9.30307922E-12 5.55939445E-13 4.09798294E-14 9.09605837E-12 1.76941081E-07 1.13870979E-17 5.48524523E-30 1.17005346E-26 3.23704789E-09 5.56136044E-32 9.84765402E-19 1.41954291E-26 3.36763733E-27 3.41330551E-34 1.02758051E-40 8.63512187E-27 7.43181436E-28 3.02110172E-17 2.46356653E-34 1.00000000E-40 7.90311447E-34 1.00000000E-40 3.55048364E-36 2.72393800E-10 9.78277791E-27 3.20723489E-27 1.00000000E-40 1.00000000E-40 1.92324869E-30 1.83324292E-31 3.38437337E-26 1.79365897E-34 1.23765996E-23 7.24760066E-18 9.34267620E-19 1.73088130E-29 1.35416000E-22 1.00000000E-05 1.00000000E-05 1.00000000E-05 1.00000000E-05 1.00000000E-05 1.00000000E-05 1.00000000E-05 1.00000000E-05 1.00000000E-05 1.00000000E-05
5.98203000E+01 3.96500000E-04 1.84268810E+16 1.55850457E+02 1.00000000E+05 5.28707093E-06 8.70088751E-04 6.43951028E-03 1.73412128E-33 9.27803251E-08 1.50252626E-40 1.50252626E-40 1.50252626E-40 1.50252626E-40 1.63369397E-40 5.12935399E-17 7.42008283E-05 1.04951858E-06 2.83145469E-20 2.62421085E-13 1.66588013E-04 3.75339777E-04 1.93101048E+00 3.19360979E-23 3.70264906E-23 1.00000000E-40 1.00000000E-40 5.08915027E-36 3.19842556E-30 2.24607773E-19 2.78515644E-16 1.34256393E-15 1.74069260E-26 1.01652328E-25 1.71864596E-24 2.22472145E-10 3.02838601E-12 5.08797014E-08 1.30450930E-01 5.99906091E-32 2.91009734E-29 4.23258270E-11 6.90434250E-38 1.00000000E-40 2.63770092E-28 5.73661354E-26 1.01722837E-15 1.78402129E-11 1.14844164E-12 6.79378327E-14 1.01642771E-11 2.75297363E-07 1.18193194E-17 2.16883723E-30 6.81102402E-26 5.69442007E-09 7.47675932E-32 1.57270293E-18 2.22324146E-26 4.31014931E-27 5.62616398E-34 1.43400854E-40 1.38843057E-26 1.04774102E-27 5.56247444E-17 3.79627089E-34 1.00000000E-40 1.72570912E-33 1.00000000E-40 1.15419417E-35 4.42816998E-10 1.96529207E-26 4.98393400E-27 1.00000000E-40 1.00000000E-40 2.42454341E-30 2.07208883E-31 5.42734194E-26 4.15945970E-34 1.46077201E-23 1.76481981E-17 1.35389086E-18 2.77398924E-29 1.60604000E-21 1.00000000E-05 1.00000000E-05 1.00000000E-05 1.00000000E-05 1.00000000E-05 1.00000000E-05 1.00000000E-05 1.00000000E-05 1.00000000E-05 1.00000000E-05
6.10049000E+01 3.04552000E-04 1.43308220E+16 1.53924259E+02 1.00000000E+05 1.69243781E-06 1.48133262E-04 7.02461020E-04 1.32678160E-35 1.17095536E-07 1.62308491E-40 1.62308491E-40 1.62308491E-40 1.62308491E-40 1.78100984E-40 1.45450609E-16 7.74927793E-05 7.07566214E-07 7.59419341E-20 4.60119271E-13 2.03370862E-04 4.59622978E-04 1.93966504E+00 6.71146993E-23 6.43863019E-23 1.00000000E-40 1.00000000E-40 7.69811391E-36 4.65438158E-30 2.48533432E-19 2.63705165E-16 1.37322082E-15 1.09414671E-26 6.59746089E-26 1.63516876E-24 2.49402723E-10 4.70649747E-12 5.83120350E-08 1.19431569E-01 6.43148961E-32 2.26511566E-29 4.21626708E-11 5.88748900E-38 1.00000000E-40 3.11236758E-28 7.60476036E-26 1.86020123E-15 2.42489382E-11 1.53497754E-12 1.31678217E-13 8.87091496E-12 2.90530981E-07 1.20030399E-17 1.23168384E-30 2.86962360E-25 6.80237557E-09 6.83162596E-32 1.70589330E-18 2.32814526E-26 3.86048350E-27 6.29427369E-34 1.35079924E-40 1.51618818E-26 9.98453861E-28 6.86179575E-17 3.89481255E-34 1.00000000E-40 2.62896564E-33 1.00000000E-40 2.43292217E-35 4.95771149E-10 2.38902567E-26 5.72769235E-27 1.00000000E-40 1.00000000E-40 2.03273383E-30 1.52462087E-31 5.92006350E-26 6.75101542E-34 1.13252564E-23 2.98933639E-17 1.33068702E-18 3.00641870E-29 4.23336000E-21 1.00000000E-05 1.00000000E-05 1.00000000E-05 1.00000000E-05 1.00000000E-05 1.00000000E-05 1.00000000E-05 1.00000000E-05 1.00000000E-05 1.00000000E-05
6.21894000E+01 2.55854000E-04 1.21384833E+16 1.52666765E+02 1.00000000E+05 2.38206552E-07 1.90233547E-05 3.65538149E-05 3.41908397E-38 1.37228234E-07 1.61028744E-40 1.61028744E-40 1.61028744E-40 1.61028744E-40 1.77611897E-40 3.69660316E-16 7.33166055E-05 5.16102727E-07 1.97759245E-19 7.13349702E-13 2.26629538E-04 5.13406495E-04 1.77493511E+00 1.27788076E-22 1.27816853E-22 1.00000000E-40 1.00000000E-40 1.00633367E-35 6.72468257E-30 2.50465555E-19 2.24538766E-16 1.23601675E-15 5.76200118E-27 3.55301112E-26 1.40574715E-24 2.53256793E-10 6.60691685E-12 5.92250672E-08 9.90233251E-02 6.33783729E-32 1.59348503E-29 3.80844462E-11 4.37673947E-38 1.00000000E-40 3.32806624E-28 9.16341796E-26 3.29788867E-15 3.13459809E-11 1.77132814E-12 1.95770702E-13 7.13410982E-12 2.78182737E-07 1.24697995E-17 8.65310025E-31 1.16564025E-24 7.40717075E-09 5.66853480E-32 1.68155926E-18 2.17916250E-26 3.36828302E-27 6.39900413E-34 1.16895028E-40 1.50494511E-26 8.59257199E-28 7.38618737E-17 3.54743619E-34 1.00000000E-40 3.69110949E-33 1.00000000E-40 4.45783864E-35 5.12258680E-10 2.38317162E-26 6.58407082E-27 1.00000000E-40 1.00000000E-40 1.54190870E-30 9.70998212E-32 5.88049987E-26 1.00215072E-33 7.66265969E-24 4.72076783E-17 1.18546413E-18 2.94981251E-29 8.06129000E-21 1.00000000E-05 1.00000000E-05 1.00000000E-05 1.00000000E-05 1.00000000E-05 1.00000000E-05 1.00000000E-05 1.00000000E-05 1.00000000E-05 1.00000000E-05
6.33740000E+01 2.14972000E-04 1.02837098E+16 1.51407993E+02 1.00000000E+05 6.69494696E-13 2.47040218E-06 9.35019961E-07 2.40997970E-40 1.57144613E-07 1.58165557E-40 1.58165557E-40 1.58165557E-40 1.58165557E-40 1.75145117E-40 8.99002147E-16 6.87246621E-05 3.84189307E-07 5.30148531E-19 1.03311291E-12 2.52383681E-04 5.72582443E-04 1.61987387E+00 2.31585517E-22 2.78922344E-22 1.00000000E-40 1.00000000E-40 1.21060726E-35 1.03510112E-29 2.51617115E-19 1.77283406E-16 1.06114265E-15 2.74216092E-27 1.73873176E-26 1.19414590E-24 2.54383003E-10 9.33575856E-12 5.78705732E-08 8.12820094E-02 6.36386385E-32 1.10622642E-29 3.41067810E-11 3.07172655E-38 1.00000000E-40 3.52716142E-28 1.07504778E-25 6.14284700E-15 4.20618637E-11 1.93016262E-12 2.64763695E-13 8.23129260E-12 2.64253595E-07 1.37533521E-17 6.63596998E-31 4.96178293E-24 8.06190195E-09 4.67108716E-32 1.64724998E-18 1.99109609E-26 3.18098250E-27 6.46662728E-34 1.03935149E-40 1.48507702E-26 7.29877762E-28 7.45220303E-17 3.12137008E-34 1.00000000E-40 5.13397539E-33 1.00000000E-40 7.97591498E-35 5.34043045E-10 2.10928470E-26 8.12864133E-27 1.00000000E-40 1.00000000E-40 1.17968431E-30 5.81471217E-32 5.82306801E-26 1.43552479E-33 4.90296923E-24 7.57343253E-17 1.04602071E-18 2.86799376E-29 1.49988000E-20 1.00000000E-05 1.00000000E-05 1.00000000E-05 1.00000000E-05 1.00000000E-05 1.00000000E-05 1.00000000E-05 1.00000000E-05 1.00000000E-05 1.00000000E-05
6.45585000E+01 1.80645000E-04 8.71439931E+15 1.50143040E+02 1.00000000E+05 7.40638203E-15 2.35919066E-07 1.08562708E-08 1.71376565E-40 1.73198307E-07 1.53738401E-40 1.53738401E-40 1.53738401E-40 1.53738401E-40 1.70716644E-40 2.26563828E-15 6.38199891E-05 2.53735726E-07 1.46154764E-18 1.44469275E-12 2.81070133E-04 6.37848879E-04 1.47618776E+00 4.32967014E-22 6.44114495E-22 1.00000000E-40 1.00000000E-40 1.83239901E-35 1.59964054E-29 2.52129786E-19 1.28102107E-16 8.53955808E-16 1.14569928E-27 7.50212881E-27 1.00225397E-24 2.51865361E-10 1.37864407E-11 5.37342487E-08 6.60294523E-02 6.64089718E-32 7.55652449E-30 3.02682251E-11 1.98208126E-38 1.00000000E-40 3.70333564E-28 1.20130733E-25 1.23676707E-14 5.83465178E-11 2.25563086E-12 3.39988482E-12 8.25558256E-11 2.48957472E-07 1.72111758E-17 6.35911926E-31 2.20543173E-23 8.79380227E-09 3.82346669E-32 1.60304924E-18 1.76978144E-26 3.02347948E-27 6.49518906E-34 1.00000000E-40 1.45678227E-26 6.11579950E-28 7.30774331E-17 2.63149254E-34 1.00000000E-40 6.92217815E-33 1.00000000E-40 1.54398314E-34 5.60014976E-10 1.69924235E-26 1.02662813E-26 1.00000000E-40 1.00000000E-40 8.89073450E-31 3.18519705E-32 5.75447904E-26 1.85514571E-33 2.88416408E-24 1.23417012E-16 9.12985841E-19 2.76768484E-29 2.84676000E-20 1.00000000E-05 1.00000000E-05 1.00000000E-05 1.00000000E-05 1.00000000E-05 1.00000000E-05 1.00000000E-05 1.00000000E-05 1.00000000E-05 1.00000000E-05
6.57431000E+01 1.51819000E-04 7.38694609E+15 1.48859966E+02 1.00000000E+05 1.09260429E-16 1.20880213E-08 5.51771862E-11 1.59703750E-40 1.79151048E-07 1.48113906E-40 1.48113906E-40 1.48113906E-40 1.48113906E-40 1.64660558E-40 1.04472420E-14 5.87090544E-05 1.23514598E-07 4.28017619E-18 3.55097344E-12 3.13242412E-04 7.10072744E-04 1.34514538E+00 1.47595593E-21 1.56165402E-21 1.00000000E-40 1.00000000E-40 9.73301202E-35 2.43797484E-29 2.52154283E-19 9.92613887E-17 6.19544551E-16 4.22587615E-28 2.76436696E-27 8.31019647E-25 2.43981211E-10 2.19769437E-11 4.63772559E-08 5.30633825E-02 7.34135114E-32 5.04538137E-30 2.65939698E-11 1.08288450E-38 1.00000000E-40 3.84932298E-28 1.24893129E-25 3.47274539E-14 8.32991350E-11 5.41747694E-12 6.76256466E-10 1.48185741E-09 2.32536081E-07 3.23725858E-17 2.06205150E-30 1.02140148E-22 9.64270306E-09 3.10982877E-32 1.54917504E-18 1.51424102E-26 2.34443773E-27 6.48288305E-34 1.00000000E-40 1.42039666E-26 5.05246130E-28 1.27175245E-16 2.09490960E-34 1.00000000E-40 8.72029329E-33 1.00000000E-40 3.58176404E-34 5.87313902E-10 1.98665543E-26 1.22383086E-26 1.00000000E-40 1.00000000E-40 5.57582479E-31 1.41565239E-32 5.66967972E-26 1.77493832E-33 1.40747780E-24 2.11280377E-16 7.86681702E-19 2.65893760E-29 5.71380000E-20 1.00000000E-05 1.00000000E-05 1.00000000E-05 1.00000000E-05 1.00000000E-05 1.00000000E-05 1.00000000E-05 1.00000000E-05 1.00000000E-05 1.00000000E-05
6.69277000E+01 1.27608000E-04 6.26458365E+15 1.47537495E+02 1.00000000E+05 8.05838003E-19 2.46009575E-10 1.15253395E-13 1.49655084E-40 1.18722734E-07 1.41694871E-40 1.41694871E-40 1.41694871E-40 1.41694871E-40 1.57384190E-40 1.30370964E-13 5.34994087E-05 2.50543333E-08 1.60299782E-17 2.68072278E-11 3.49607614E-04 7.90364410E-04 1.22762728E+00 1.35822911E-20 3.97261666E-21 1.00000000E-40 1.00000000E-40 5.79157299E-34 7.79639646E-29 2.51851004E-19 1.73856335E-16 3.69914109E-16 2.98239887E-28 1.96437631E-27 6.80596734E-25 2.27328597E-10 3.47101984E-11 3.55854991E-08 4.21683429E-02 8.53498434E-32 3.24259513E-30 2.31043944E-11 3.87849103E-39 1.00000000E-40 3.95489329E-28 1.17250885E-25 2.68955927E-13 1.21872245E-10 2.75353426E-11 3.85963630E-08 3.40020277E-09 2.15259999E-07 1.87160753E-16 4.49209720E-29 4.92369678E-22 1.06647460E-08 2.51465400E-32 1.48603920E-18 1.20318633E-26 9.45419708E-28 6.42830409E-34 1.00000000E-40 1.37639695E-26 4.11962661E-28 6.88869250E-16 1.52989419E-34 1.00000000E-40 9.78877581E-33 1.89870639E-40 7.66448741E-34 6.14218288E-10 3.60232294E-26 1.26142448E-26 1.00000000E-40 1.00000000E-40 1.77283101E-31 3.45835395E-33 5.49255088E-26 1.00000000E-40 4.02985073E-25 4.58273254E-16 6.67217259E-19 2.54799520E-29 1.26565000E-19 1.00000000E-05 1.00000000E-05 1.00000000E-05 1.00000000E-05 1.00000000E-05 1.00000000E-05 1.00000000E-05 1.00000000E-05 1.00000000E-05 1.00000000E-05
6.81122000E+01 1.07273000E-04 5.31535895E+15 1.46175486E+02 1.00000000E+05 2.68771003E-21 1.20276732E-12 9.19962170E-17 1.40071680E-40 2.24105181E-08 1.34919041E-40 1.34919041E-40 1.34919041E-40 1.34919041E-40 1.49399981E-40 1.35804126E-12 4.82940160E-05 5.20266038E-09 1.60676411E-16 2.04911032E-10 3.91046920E-04 8.80121216E-04 1.12409308E+00 1.04245865E-19 1.05902631E-20 1.00000000E-40 1.00000000E-40 1.94424797E-33 4.53313357E-28 2.51374023E-19 4.58278501E-16 1.52152246E-16 1.12024419E-27 9.31819005E-27 5.50446740E-25 1.97074430E-10 4.21976869E-11 2.38649927E-08 3.31213106E-02 9.56538625E-32 1.93857364E-30 1.98488899E-11 5.38099361E-40 1.00000000E-40 3.99976744E-28 9.46034373E-26 3.05985986E-12 1.81945933E-10 1.29684500E-10 1.70505929E-07 8.22736386E-10 1.97412438E-07 2.31641802E-15 1.52309860E-27 2.46861424E-21 1.19360045E-08 2.02287450E-32 1.41420105E-18 7.98390909E-27 1.00000000E-40 6.33029545E-34 1.00000000E-40 1.32520594E-26 3.35093276E-28 3.85434633E-15 9.60439630E-35 1.00000000E-40 8.39030458E-33 6.50365657E-40 9.57970254E-34 6.44973402E-10 2.05893990E-26 1.77108112E-26 1.00000000E-40 1.00000000E-40 1.00000000E-40 5.55362028E-34 4.93281011E-26 1.00000000E-40 3.74341125E-26 2.63862772E-15 5.54520289E-19 2.40232391E-29 3.25760000E-19 1.00000000E-05 1.00000000E-05 1.00000000E-05 1.00000000E-05 1.00000000E-05 1.00000000E-05 1.00000000E-05 1.00000000E-05 1.00000000E-05 1.00000000E-05
6.92968000E+01 9.01893000E-05 4.51508952E+15 1.44678957E+02 1.00000000E+05 3.97192373E-24 3.85495193E-31 2.73164026E-20 1.31122377E-40 3.87246052E-09 1.28130893E-40 1.28130893E-40 1.28130893E-40 1.28130893E-40 1.41159262E-40 1.01825310E-11 4.31891255E-05 1.43597484E-09 5.02163902E-15 1.08655336E-09 4.38638655E-04 9.81087679E-04 1.03467336E+00 5.74890858E-19 2.94617747E-20 1.00000000E-40 1.00000000E-40 4.46239785E-33 3.73416745E-27 2.50868445E-19 9.38776922E-16 4.14117332E-17 5.11152929E-27 4.44789142E-26 4.39542500E-25 1.54178879E-10 3.96961100E-11 1.52937103E-08 2.57023284E-02 8.47112570E-32 1.00644319E-30 1.69616968E-11 1.00000000E-40 1.00000000E-40 3.94558323E-28 5.92261605E-26 2.31913170E-11 2.75872358E-10 4.59813043E-10 3.46177332E-07 1.53324171E-10 1.79291952E-07 3.51637419E-14 5.19130176E-26 1.28762363E-20 1.35565772E-08 1.62032714E-32 1.33443444E-18 4.20160307E-27 1.00000000E-40 6.18824030E-34 1.00000000E-40 1.26707822E-26 2.82954977E-28 1.53574193E-14 4.42058672E-35 4.71564772E-40 5.71567510E-33 1.42913987E-39 8.95269177E-34 6.43446764E-10 4.01784764E-27 7.58961958E-26 1.00000000E-40 1.00000000E-40 1.00000000E-40 3.26521335E-34 3.50188317E-26 1.00000000E-40 2.15309468E-27 4.72241576E-14 4.48470727E-19 2.08877524E-29 9.77506000E-19 1.00000000E-05 1.00000000E-05 1.00000000E-05 1.00000000E-05 1.00000000E-05 1.00000000E-05 1.00000000E-05 1.00000000E-05 1.00000000E-05 1.00000000E-05
7.04813000E+01 7.58365000E-05 3.83928524E+15 1.43068696E+02 1.00000000E+05 2.40637189E-27 1.31938516E-39 2.68237215E-24 1.23056865E-40 9.64135275E-10 1.21698960E-40 1.21698960E-40 1.21698960E-40 1.21698960E-40 1.33138985E-40 1.23465468E-10 3.82697557E-05 5.04635384E-10 1.35581588E-13 5.50373563E-09 4.93669938E-04 1.09540461E-03 9.59139333E-01 5.12942165E-18 8.50165364E-20 1.00000000E-40 9.57227293E-40 6.30248228E-32 4.08174585E-26 2.50451779E-19 1.68980601E-15 7.95893185E-18 3.79259405E-26 3.31300303E-25 3.46464323E-25 1.04498930E-10 2.61257630E-11 1.12591707E-08 1.96972895E-02 4.64729016E-32 3.87467576E-31 1.46754743E-11 1.00000000E-40 1.00000000E-40 3.73264414E-28 2.22976433E-26 1.01063098E-10 4.08050859E-10 1.60650683E-09 5.62851352E-07 3.49235039E-11 1.61191422E-07 4.10860357E-13 1.43289555E-24 6.99910050E-20 1.56545004E-08 1.29380334E-32 1.24765859E-18 1.09398852E-26 1.00000000E-40 6.00186662E-34 1.00000000E-40 1.20206923E-26 2.67909274E-28 6.00366813E-14 9.16928344E-36 4.11180798E-39 3.94944103E-33 1.31140458E-38 7.60126828E-34 4.67050016E-10 5.98180682E-27 3.14775187E-25 1.00000000E-40 1.46298191E-39 1.00000000E-40 3.00915365E-34 1.14663526E-26 1.00000000E-40 2.45306044E-27 7.28086070E-13 3.49012100E-19 1.43390425E-29 2.84244000E-18 1.00000000E-05 1.00000000E-05 1.00000000E-05 1.00000000E-05 1.00000000E-05 1.00000000E-05 1.00000000E-05 1.00000000E-05 1.00000000E-05 1.00000000E-05
7.16659000E+01 6.37763000E-05 3.26900371E+15 1.41306007E+02 1.00000000E+05 5.80782337E-31 1.26765288E-40 7.99369399E-29 1.16060417E-40 3.95573154E-10 1.15890306E-40 1.15890306E-40 1.15890306E-40 1.15890306E-40 1.25697108E-40 1.17770234E-09 3.36074337E-05 2.44801217E-10 1.41875716E-12 5.50903057E-08 5.57681346E-04 1.22577101E-03 8.96983847E-01 3.59924743E-17 2.47459406E-19 1.00000000E-40 3.76181414E-37 3.66346293E-30 4.00427430E-26 2.50218802E-19 3.51588353E-15 1.91023700E-19 2.08281293E-25 1.81372606E-24 2.69535731E-25 5.57913892E-11 2.80971225E-12 1.26261104E-08 1.49025186E-02 8.43889429E-33 5.98110662E-32 1.32759656E-11 1.00000000E-40 1.00000000E-40 3.26663788E-28 1.00000000E-40 8.61126118E-11 3.32965966E-10 7.90149574E-09 8.10479975E-07 1.37975745E-11 1.43397076E-07 1.59262156E-12 1.87806668E-23 3.90693570E-19 1.83888384E-08 1.03122085E-32 1.15506928E-18 9.23855343E-26 1.00000000E-40 5.77172197E-34 1.00000000E-40 1.13223662E-26 2.73552126E-28 4.64200774E-13 1.23354052E-35 4.96116869E-39 1.00000000E-40 2.15030201E-37 5.97006468E-34 5.52335439E-11 1.11268257E-27 3.09342406E-25 3.22910759E-40 1.38005150E-38 1.00000000E-40 1.00000000E-40 1.00000000E-40 1.00000000E-40 2.21950306E-28 4.32818965E-12 2.57671879E-19 1.43991342E-29 7.03936000E-18 1.00000000E-05 1.00000000E-05 1.00000000E-05 1.00000000E-05 1.00000000E-05 1.00000000E-05 1.00000000E-05 1.00000000E-05 1.00000000E-05 1.00000000E-05
7.28505000E+01 5.36414000E-05 2.78771620E+15 1.39369667E+02 1.00000000E+05 5.10513447E-35 1.17400247E-40 5.61746923E-34 1.10286240E-40 2.02919565E-10 1.10861594E-40 1.10861594E-40 1.10861594E-40 1.10861594E-40 1.19061662E-40 2.90309948E-09 2.92577314E-05 1.42792400E-10 3.73197318E-12 4.51287990E-07 6.32469377E-04 1.37565206E-03 8.47441556E-01 6.47455140E-17 4.67043705E-19 1.00000000E-40 2.65602446E-37 1.15838275E-30 4.69301328E-27 2.50228357E-19 1.13128331E-14 3.70105607E-21 2.84737253E-25 2.42512816E-24 2.06931781E-25 2.73988243E-11 1.57820846E-13 2.49241789E-08 1.11281126E-02 3.07236489E-34 2.10507979E-33 1.30694116E-11 1.00000000E-40 1.00000000E-40 2.42564989E-28 1.00000000E-40 2.09690029E-11 1.81926716E-10 3.29250240E-08 9.78914825E-07 7.55860466E-12 1.26199673E-07 1.10263253E-12 4.80479523E-23 1.81962761E-18 2.19285980E-08 8.21717057E-33 1.05854434E-18 1.15866634E-26 1.00000000E-40 5.49984115E-34 1.00000000E-40 1.07298261E-26 1.63391184E-28 2.98812725E-12 8.94151765E-36 1.00000000E-40 1.00000000E-40 4.60263502E-38 3.96346589E-34 3.32208945E-12 1.57358014E-28 1.09626153E-25 7.38073774E-39 2.82158144E-38 1.00000000E-40 2.06179567E-34 5.61077362E-26 1.00000000E-40 3.28253233E-30 6.22271671E-12 1.83495751E-19 2.19825641E-29 1.51963000E-17 1.00000000E-05 1.00000000E-05 1.00000000E-05 1.00000000E-05 1.00000000E-05 1.00000000E-05 1.00000000E-05 1.00000000E-05 1.00000000E-05 1.00000000E-05
7.40350000E+01 4.51234000E-05 2.38166474E+15 1.37226474E+02 1.00000000E+05 1.55420406E-39 1.11505219E-40 6.06394179E-40 1.05654724E-40 1.14446969E-10 1.06682673E-40 1.06682673E-40 1.06682673E-40 1.06682673E-40 1.13310009E-40 4.95054935E-09 2.52601081E-05 9.93132254E-11 6.88813495E-12 1.68749161E-06 7.20100348E-04 1.54930860E-03 8.09544063E-01 7.92114783E-17 5.76966172E-19 1.00000000E-40 1.01541062E-37 3.15332634E-31 9.00461235E-28 2.50499743E-19 5.86792438E-14 1.68515934E-21 2.82837453E-25 2.28929356E-24 1.56780462E-25 1.23996058E-11 5.33067525E-14 8.68473335E-08 8.20057073E-03 5.03263794E-36 2.71947057E-35 1.44381515E-11 1.00000000E-40 1.00000000E-40 1.43810136E-28 1.00000000E-40 7.82353740E-12 8.98951306E-11 7.21449658E-08 9.62718997E-07 5.31468988E-12 1.09863207E-07 8.09792446E-13 8.08230949E-23 5.15506945E-18 2.64731713E-08 6.55706898E-33 9.60151242E-19 3.00218574E-27 3.15514449E-26 5.19290640E-34 1.00000000E-40 1.01606429E-26 5.17512692E-29 9.04109132E-12 6.19487043E-36 1.00000000E-40 1.00000000E-40 1.48650864E-38 2.04273594E-34 1.19818612E-12 6.00556406E-29 5.22578248E-26 1.23849997E-37 3.30417545E-38 1.85873669E-30 1.06819205E-34 8.17394452E-26 1.00000000E-40 1.38430910E-31 5.85441633E-12 1.29338913E-19 1.45306516E-29 2.97862000E-17 1.00000000E-05 1.00000000E-05 1.00000000E-05 1.00000000E-05 1.00000000E-05 1.00000000E-05 1.00000000E-05 1.00000000E-05 1.00000000E-05 1.00000000E-05
7.52196000E+01 3.79635000E-05 2.03906870E+15 1.34850047E+02 1.00000000E+05 1.05572164E-40 1.06741798E-40 1.06116504E-40 1.01339206E-40 6.34267354E-11 1.03391876E-40 1.03391876E-40 1.03391876E-40 1.03391876E-40 1.08452807E-40 7.27282536E-09 2.16383404E-05 7.55472465E-11 9.44451208E-12 4.51380738E-06 8.22827828E-04 1.75179583E-03 7.82171289E-01 8.13766898E-17 5.40760759E-19 1.00000000E-40 8.66395297E-38 4.30794679E-31 1.00000000E-40 2.51009981E-19 3.67158362E-13 2.95658421E-21 2.22289367E-25 1.65465967E-24 1.17248361E-25 5.16565244E-12 4.00596751E-14 3.84007441E-07 5.96463462E-03 1.00000000E-40 1.71683401E-37 1.79961005E-11 2.42732891E-39 1.00000000E-40 6.76627028E-29 1.00000000E-40 3.56547127E-12 4.05046179E-11 1.17446958E-07 7.40916669E-07 3.93631470E-12 9.45979085E-08 5.89656350E-13 8.76377625E-23 9.35887483E-18 3.22792585E-08 5.24903620E-33 8.61861162E-19 4.52651827E-27 9.93572429E-26 4.86136855E-34 1.00000000E-40 9.52207173E-27 1.42709143E-29 2.00965029E-11 1.00000000E-40 1.00000000E-40 1.00000000E-40 1.22282891E-38 8.16943848E-35 9.66037606E-13 2.79235883E-29 2.49911427E-26 1.55812823E-36 2.34585629E-38 5.14157516E-30 4.90784053E-35 8.94931788E-26 1.00000000E-40 1.00000000E-40 3.77249538E-12 9.26178963E-20 7.37044824E-30 5.45677000E-17 1.00000000E-05 1.00000000E-05 1.00000000E-05 1.00000000E-05 1.00000000E-05 1.00000000E-05 1.00000000E-05 1.00000000E-05 1.00000000E-05 1.00000000E-05
7.64041000E+01 3.19444000E-05 1.74970677E+15 1.32234927E+02 1.00000000E+05 1.01159948E-40 1.02357533E-40 1.02029221E-40 1.00000000E-40 3.24575498E-11 1.00764212E-40 1.00764212E-40 1.00764212E-40 1.00764212E-40 1.04476840E-40 9.69324668E-09 1.84026744E-05 5.80151192E-11 9.34898971E-12 1.00196751E-05 9.42993341E-04 1.98887756E-03 7.64117730E-01 7.34851176E-17 4.15009762E-19 1.58763174E-39 8.58598038E-39 2.06010978E-30 1.00000000E-40 2.51702819E-19 1.93004093E-12 6.05477892E-21 1.57351417E-25 1.06745794E-24 8.65987000E-26 1.97785550E-12 3.46532928E-14 1.40123538E-06 4.28368304E-03 1.00000000E-40 1.00000000E-40 2.48379358E-11 7.25542843E-38 2.65336107E-40 1.57081961E-29 1.00000000E-40 1.87525241E-12 1.65967536E-11 1.65339571E-07 4.29353481E-07 2.55193082E-12 8.05465095E-08 3.68642438E-13 5.60796043E-23 1.14381215E-17 3.96668262E-08 4.22268452E-33 7.65106588E-19 2.29098227E-26 8.57728596E-25 4.51662009E-34 1.00000000E-40 8.85812935E-27 4.62750853E-30 3.80587361E-11 1.00000000E-40 1.00000000E-40 1.00000000E-40 1.00000000E-40 1.59347742E-35 9.03114535E-13 6.81895074E-29 1.02297328E-26 1.51341727E-35 6.68435144E-39 3.75961701E-29 2.34919826E-35 9.59932050E-26 8.37000259E-29 1.00000000E-40 1.64351384E-12 6.91145723E-20 3.99426728E-30 9.51353000E-17 1.00000000E-05 1.00000000E-05 1.00000000E-05 1.00000000E-05 1.00000000E-05 1.00000000E-05 1.00000000E-05 1.00000000E-05 1.00000000E-05 1.00000000E-05
7.75887000E+01 2.68838000E-05 1.50554575E+15 1.29334210E+02 1.00000000E+05 1.00000000E-40 1.00000000E-40 1.00000000E-40 1.00000000E-40 1.56461368E-11 1.00000000E-40 1.00000000E-40 1.00000000E-40 1.00000000E-40 1.00989293E-40 1.19765376E-08 1.55428476E-05 4.47124107E-11 7.11718176E-12 2.00952264E-05 1.08258815E-03 2.26628115E-03 7.53993566E-01 5.90407948E-17 2.72863401E-19 2.53022273E-38 1.00000000E-40 1.00000000E-40 2.17313508E-31 2.52428181E-19 9.17458162E-12 1.25485724E-20 1.16315821E-25 7.10946059E-25 6.32288572E-26 6.93197361E-13 3.02894359E-14 4.26295915E-06 3.03912521E-03 1.00000000E-40 1.00000000E-40 3.68392351E-11 6.74785640E-37 4.52442864E-39 1.08904480E-29 1.00000000E-40 1.07879760E-12 6.21519954E-12 2.26053782E-07 1.87886278E-07 1.46693325E-12 6.77736954E-08 2.18782669E-13 2.64409131E-23 1.06130118E-17 4.89972892E-08 3.41866723E-33 6.70530550E-19 1.00000000E-40 1.00000000E-40 4.16728808E-34 1.00000000E-40 8.19513349E-27 1.63708994E-30 6.67721193E-11 1.00000000E-40 1.00000000E-40 1.00000000E-40 1.00000000E-40 7.66825758E-36 8.62592180E-13 5.24630046E-28 3.52382824E-27 1.16976627E-34 4.38876265E-39 1.00000000E-40 8.38015146E-36 8.02314506E-26 1.00000000E-40 1.64083969E-34 5.26293045E-13 5.47715837E-20 2.24027903E-30 1.59618000E-16 1.00000000E-05 1.00000000E-05 1.00000000E-05 1.00000000E-05 1.00000000E-05 1.00000000E-05 1.00000000E-05 1.00000000E-05 1.00000000E-05 1.00000000E-05
7.87733000E+01 2.26285000E-05 1.29808938E+15 1.26260611E+02 1.00000000E+05 1.00000000E-40 1.00000000E-40 1.00000000E-40 1.00000000E-40 7.27361165E-12 1.00000000E-40 1.00000000E-40 1.00000000E-40 1.00000000E-40 1.00000000E-40 1.39213418E-08 1.30507910E-05 3.78738865E-11 5.15945421E-12 3.73499003E-05 1.24422134E-03 2.59230863E-03 7.50869420E-01 4.42376737E-17 1.59779911E-19 1.73653477E-37 1.00000000E-40 1.00000000E-40 4.52627981E-29 2.53181233E-19 3.98794049E-11 2.23660017E-20 8.36891016E-26 5.02798928E-25 4.57066992E-26 2.20518337E-13 2.30428873E-14 9.93909180E-06 2.13097469E-03 1.00000000E-40 1.00000000E-40 5.66178277E-11 2.92931952E-36 3.09229353E-38 6.38408595E-30 1.00000000E-40 6.52691568E-13 2.15940513E-12 3.05338916E-07 7.34271401E-08 7.91935903E-13 5.63219074E-08 2.51477881E-13 2.13982811E-23 8.99200568E-18 6.07046015E-08 2.78910422E-33 5.78910130E-19 1.00000000E-40 1.00000000E-40 3.82076872E-34 1.00000000E-40 7.54626164E-27 5.85515572E-31 1.10268093E-10 1.00000000E-40 1.03266865E-38 1.00000000E-40 1.00000000E-40 4.81207179E-36 7.09164193E-13 2.35036782E-27 1.22456178E-27 7.40794710E-34 1.80937340E-39 1.00000000E-40 2.94806391E-36 6.10791037E-26 1.78753410E-29 5.12321894E-34 1.53439510E-13 4.63580753E-20 1.27578640E-30 2.59614000E-16 1.00000000E-05 1.00000000E-05 1.00000000E-05 1.00000000E-05 1.00000000E-05 1.00000000E-05 1.00000000E-05 1.00000000E-05 1.00000000E-05 1.00000000E-05
7.99578000E+01 1.90500000E-05 1.10319452E+15 1.25071858E+02 1.00000000E+05 1.00000000E-40 1.00000000E-40 1.00000000E-40 1.00000000E-40 3.24064989E-12 1.00000000E-40 1.00000000E-40 1.00000000E-40 1.00000000E-40 1.00000000E-40 1.54084251E-08 1.09176328E-05 3.62079193E-11 4.18756869E-12 6.46950473E-05 1.43207078E-03 2.98106939E-03 7.54626041E-01 3.30369600E-17 8.66842541E-20 6.90266626E-37 3.77906235E-36 5.20272443E-30 9.32743546E-29 2.54224117E-19 1.48584672E-10 3.10569284E-20 7.57256785E-26 3.11442558E-25 3.27512609E-26 6.25398645E-14 1.47603019E-14 1.75670058E-05 1.47652180E-03 1.00000000E-40 1.00000000E-40 8.56264705E-11 7.87945281E-36 1.22212378E-37 3.62435694E-30 1.00000000E-40 4.08450784E-13 7.07852397E-13 3.96523727E-07 3.37690219E-08 3.92410884E-13 4.62118660E-08 5.09758574E-13 3.09529121E-23 7.92858211E-18 7.53669909E-08 2.29515971E-33 4.91562866E-19 1.64396801E-26 3.89128977E-25 3.48537626E-34 1.00000000E-40 6.92459047E-27 2.05319093E-31 1.71234920E-10 1.00000000E-40 1.00000000E-40 1.00000000E-40 1.84349594E-37 2.08150926E-36 4.72210972E-13 6.36443710E-27 4.96932775E-28 3.94494769E-33 9.11620405E-40 1.04883691E-29 1.38138137E-36 5.22952479E-26 1.00000000E-40 5.62066907E-34 4.80158753E-14 4.16931219E-20 7.46066087E-31 4.11433000E-16 1.00000000E-05 1.00000000E-05 1.00000000E-05 1.00000000E-05 1.00000000E-05 1.00000000E-05 1.00000000E-05 1.00000000E-05 1.00000000E-05 1.00000000E-05
8.11424000E+01 1.60403000E-05 9.34380289E+14 1.24338475E+02 1.00000000E+05 1.00000000E-40 1.00000000E-40 1.00000000E-40 1.00000000E-40 1.47779510E-12 1.00000000E-40 1.00000000E-40 1.00000000E-40 1.00000000E-40 1.00000000E-40 1.63292376E-08 9.10187563E-06 3.62197158E-11 3.85572940E-12 1.03292459E-04 1.65007230E-03 3.44684386E-03 7.64703427E-01 2.47839549E-17 4.56681885E-20 1.80680651E-36 1.00000000E-40 1.00000000E-40 1.50620990E-28 2.55564659E-19 3.79115995E-10 2.93186928E-20 6.86943488E-26 2.41480321E-25 2.32665815E-26 1.55158177E-14 8.49861357E-15 2.45182890E-05 1.01046157E-03 1.00000000E-40 1.00000000E-40 1.17559452E-10 1.50442197E-35 3.19294923E-37 2.26770835E-30 1.00000000E-40 2.68083865E-13 2.21454241E-13 4.93846723E-07 1.98161730E-08 2.11515775E-13 3.74153963E-08 9.33917470E-13 4.28054233E-23 7.45860231E-18 9.35752016E-08 1.90409895E-33 4.10076876E-19 1.00000000E-40 1.00000000E-40 3.16779946E-34 1.00000000E-40 6.33585058E-27 7.52607071E-32 2.48309002E-10 1.00000000E-40 2.38233891E-39 1.00000000E-40 1.00000000E-40 1.79001914E-36 2.77445330E-13 1.15324013E-26 2.42772515E-28 1.77369544E-32 6.13613871E-40 1.00000000E-40 6.67761574E-37 4.13398566E-26 1.00000000E-40 5.37536728E-34 1.73823282E-14 3.94223051E-20 4.52818715E-31 6.37682000E-16 1.00000000E-05 1.00000000E-05 1.00000000E-05 1.00000000E-05 1.00000000E-05 1.00000000E-05 1.00000000E-05 1.00000000E-05 1.00000000E-05 1.00000000E-05
8.23269000E+01 1.35086000E-05 7.89268949E+14 1.23965844E+02 1.00000000E+05 1.00000000E-40 1.00000000E-40 1.00000000E-40 1.00000000E-40 6.46849591E-13 1.00000000E-40 1.00000000E-40 1.00000000E-40 1.00000000E-40 1.00000000E-40 1.66195939E-08 7.56563816E-06 3.64541703E-11 3.84396969E-12 1.50655376E-04 1.90348551E-03 4.00352767E-03 7.80313640E-01 1.90131975E-17 2.44297156E-20 3.38585285E-36 1.46546692E-36 1.91805619E-30 2.30275993E-28 2.57080881E-19 6.45610224E-10 2.00413043E-20 4.87130032E-26 1.94583348E-25 1.63954017E-26 3.38380516E-15 4.71254544E-15 2.84481852E-05 6.83997791E-04 6.85569421E-34 3.20745254E-35 1.38082641E-10 2.23288692E-35 5.84644111E-37 1.43386484E-30 9.95966091E-28 1.86252624E-13 6.68729366E-14 5.78669868E-07 1.36003341E-08 1.14123784E-13 2.99161630E-08 1.38465201E-12 4.80411750E-23 7.09358093E-18 1.15908578E-07 1.59121233E-33 3.36839064E-19 2.45543821E-26 7.56444822E-25 2.87299825E-34 1.00000000E-40 5.78454355E-27 2.98356694E-32 3.31890172E-10 3.37982276E-32 1.00000000E-40 1.87293130E-37 8.18780335E-37 8.89746100E-37 1.54909328E-13 1.55976070E-26 1.38116866E-28 6.72635885E-32 3.65863883E-40 1.91474723E-29 3.58761364E-37 3.27427818E-26 1.24918843E-29 5.73874774E-34 7.16175972E-15 3.86154462E-20 2.88756173E-31 9.69147000E-16 1.00000000E-05 1.00000000E-05 1.00000000E-05 1.00000000E-05 1.00000000E-05 1.00000000E-05 1.00000000E-05 1.00000000E-05 1.00000000E-05 1.00000000E-05
8.35115000E+01 1.13788000E-05 6.64402861E+14 1.24045692E+02 1.00000000E+05 1.00000000E-40 1.00000000E-40 1.00000000E-40 1.00000000E-40 2.56932582E-13 1.00000000E-40 1.00000000E-40 1.00000000E-40 1.00000000E-40 1.00000000E-40 1.63052686E-08 6.27318540E-06 3.60577263E-11 3.92625913E-12 2.01435593E-04 2.20015834E-03 4.66640290E-03 8.00640735E-01 1.50510508E-17 1.36490375E-20 4.96889860E-36 7.36188836E-37 2.69547337E-32 2.45552952E-28 2.58598169E-19 8.13168331E-10 1.14483304E-20 4.11143875E-26 1.44517564E-25 1.14668923E-26 6.71564614E-16 2.64830786E-15 2.90327172E-05 4.58961704E-04 6.30583857E-34 5.92671731E-35 1.38612291E-10 2.81669930E-35 8.45349010E-37 1.00000000E-40 1.90055107E-27 1.36795593E-13 1.97193082E-14 6.33260002E-07 9.98107218E-09 5.52220919E-14 2.36657653E-08 1.75898183E-12 4.42736255E-23 6.43101209E-18 1.42998524E-07 1.33777500E-33 2.73899345E-19 3.45083607E-28 1.00000000E-40 2.60358910E-34 1.00000000E-40 5.27414944E-27 1.28483018E-32 4.07992117E-10 2.13760286E-32 1.00000000E-40 2.01142856E-37 1.00000000E-40 1.00000000E-40 8.66479039E-14 1.75707668E-26 8.68477330E-29 2.15777891E-31 1.00000000E-40 1.00000000E-40 2.01769573E-37 2.45941915E-26 1.00000000E-40 4.30667100E-34 3.20395286E-15 3.85900466E-20 1.93708646E-31 1.44684000E-15 1.00000000E-05 1.00000000E-05 1.00000000E-05 1.00000000E-05 1.00000000E-05 1.00000000E-05 1.00000000E-05 1.00000000E-05 1.00000000E-05 1.00000000E-05
8.46961000E+01 9.58692000E-06 5.58447955E+14 1.24340645E+02 1.00000000E+05 1.00000000E-40 1.00000000E-40 1.00000000E-40 1.00000000E-40 9.37237631E-14 1.00000000E-40 1.00000000E-40 1.00000000E-40 1.00000000E-40 1.00000000E-40 1.55006470E-08 5.19045057E-06 3.46222448E-11 3.95220001E-12 2.50441415E-04 2.54870437E-03 5.45232113E-03 8.24818182E-01 1.22093888E-17 8.05974189E-21 6.18865722E-36 1.00000000E-40 1.00000000E-40 2.43487429E-28 2.59891760E-19 8.41486017E-10 6.00352205E-21 3.38256636E-26 1.14966089E-25 7.96493831E-27 1.28166869E-16 1.54335131E-15 2.73111519E-05 3.05809057E-04 1.04819336E-34 2.42191536E-35 1.22688493E-10 3.24008039E-35 1.12381973E-36 1.91423231E-29 1.64296656E-28 1.05224050E-13 5.74221513E-15 6.53767274E-07 7.40537057E-09 2.37542190E-14 1.85599294E-08 2.03287046E-12 3.47597529E-23 5.39641378E-18 1.75514842E-07 1.12970573E-33 2.21902532E-19 1.00000000E-40 1.00000000E-40 2.35983269E-34 1.00000000E-40 4.80567681E-27 5.95712410E-33 4.66195941E-10 1.00000000E-40 5.78682013E-39 1.00000000E-40 1.00000000E-40 1.50651826E-35 4.99781298E-14 1.79024969E-26 5.77998637E-29 5.90480165E-31 1.00000000E-40 1.00000000E-40 1.17197754E-37 1.79607849E-26 1.00000000E-40 3.34133867E-34 1.49390572E-15 3.88283864E-20 1.35427074E-31 2.12394000E-15 1.00000000E-05 1.00000000E-05 1.00000000E-05 1.00000000E-05 1.00000000E-05 1.00000000E-05 1.00000000E-05 1.00000000E-05 1.00000000E-05 1.00000000E-05
8.58806000E+01 8.07909000E-06 4.69660382E+14 1.24593457E+02 1.00000000E+05 1.00000000E-40 1.00000000E-40 1.00000000E-40 1.00000000E-40 3.30929177E-14 1.00000000E-40 1.00000000E-40 1.00000000E-40 1.00000000E-40 1.00000000E-40 1.43564321E-08 4.28484939E-06 3.22297529E-11 3.83888921E-12 2.94415466E-04 2.95598450E-03 6.37763044E-03 8.51739779E-01 9.99067968E-18 5.04875855E-21 6.94383834E-36 7.73998036E-38 1.00000000E-40 2.34597988E-28 2.60638513E-19 7.71923619E-10 3.02957340E-21 2.85378907E-26 9.75682955E-26 5.49976596E-27 2.53007028E-17 9.34596485E-16 2.44226199E-05 2.02675123E-04 1.61469498E-34 3.36562618E-35 9.92383451E-11 3.55621607E-35 1.23728786E-36 1.42861565E-29 1.00000000E-40 8.37464752E-14 1.66896791E-15 6.47556650E-07 5.37837335E-09 9.71707841E-15 1.44518003E-08 2.22390852E-12 2.41197253E-23 4.16938738E-18 2.14041143E-07 9.56455406E-34 1.80078275E-19 1.00000000E-40 1.00000000E-40 2.13955514E-34 1.00000000E-40 4.37681010E-27 2.94208496E-33 5.03097379E-10 6.45324274E-33 1.00000000E-40 6.09537727E-38 1.00000000E-40 1.80293999E-35 3.00418866E-14 1.73771865E-26 3.96201286E-29 1.39795076E-30 4.58150595E-40 1.00000000E-40 6.93972104E-38 1.31096259E-26 1.00000000E-40 2.77897463E-34 7.07762390E-16 3.89271197E-20 9.74058128E-32 3.06721000E-15 1.00000000E-05 1.00000000E-05 1.00000000E-05 1.00000000E-05 1.00000000E-05 1.00000000E-05 1.00000000E-05 1.00000000E-05 1.00000000E-05 1.00000000E-05
8.70652000E+01 6.81013000E-06 3.95482120E+14 1.24722632E+02 1.00000000E+05 1.00000000E-40 1.00000000E-40 1.00000000E-40 1.00000000E-40 1.16002838E-14 1.00000000E-40 1.00000000E-40 1.00000000E-40 1.00000000E-40 1.00000000E-40 1.30294764E-08 3.53029166E-06 2.92369623E-11 3.57391261E-12 3.33366751E-04 3.42709786E-03 7.45983888E-03 8.80391893E-01 8.16692406E-18 3.34837352E-21 7.31614506E-36 3.35844642E-37 1.00000000E-40 2.11893133E-28 2.60563282E-19 6.62057645E-10 1.50249762E-21 1.81426667E-26 6.30150091E-26 3.78215156E-27 5.64103571E-18 5.80574648E-16 2.11896084E-05 1.33931485E-04 3.28929032E-34 6.10141947E-35 7.56129374E-11 3.81006995E-35 1.11086323E-36 1.00000000E-40 1.00000000E-40 6.79258643E-14 4.89986978E-16 6.23699194E-07 3.78901382E-09 3.87848135E-15 1.11853863E-08 2.35839950E-12 1.51776609E-23 2.98223441E-18 2.59053505E-07 8.10544647E-34 1.46940424E-19 1.00000000E-40 1.00000000E-40 1.93912525E-34 1.00000000E-40 3.98444650E-27 1.51158895E-33 5.20648389E-10 4.28957828E-32 1.00000000E-40 1.00000000E-40 1.00000000E-40 1.00000000E-40 1.86093927E-14 1.65120787E-26 2.74893160E-29 2.91674717E-30 1.00000000E-40 1.00000000E-40 4.11242853E-38 9.58033646E-27 1.00000000E-40 2.28559288E-34 3.33815015E-16 3.85938176E-20 7.11502253E-32 4.35767000E-15 1.00000000E-05 1.00000000E-05 1.00000000E-05 1.00000000E-05 1.00000000E-05 1.00000000E-05 1.00000000E-05 1.00000000E-05 1.00000000E-05 1.00000000E-05
8.82497000E+01 5.74207000E-06 3.33711505E+14 1.24627539E+02 1.00000000E+05 1.00000000E-40 1.00000000E-40 1.00000000E-40 1.00000000E-40 4.13597295E-15 1.00000000E-40 1.00000000E-40 1.00000000E-40 1.00000000E-40 1.00000000E-40 1.16403657E-08 2.90277789E-06 2.60049223E-11 3.18563395E-12 3.68983145E-04 3.96523428E-03 8.71539673E-03 9.09665875E-01 6.60088351E-18 2.35167110E-21 7.42862481E-36 9.83841271E-37 3.56113285E-31 2.09855370E-28 2.59368087E-19 5.48540138E-10 7.38914131E-22 1.39944590E-26 5.00215873E-26 2.59748446E-27 1.52101226E-18 3.64286662E-16 1.80435379E-05 8.85918794E-05 3.06036324E-34 3.68268764E-35 5.55418076E-11 4.02513075E-35 1.18272743E-36 1.00000000E-40 1.00000000E-40 5.54463689E-14 1.47519727E-16 5.91472919E-07 2.58881848E-09 1.57572095E-15 8.60983787E-09 2.45092236E-12 9.23356611E-24 1.99536700E-18 3.10798243E-07 6.86439399E-34 1.20792461E-19 4.36050595E-27 1.36111775E-25 1.75420056E-34 1.00000000E-40 3.62431410E-27 7.93545786E-34 5.23477991E-10 5.87025284E-32 2.09879295E-38 2.07306963E-38 4.35948302E-37 1.00000000E-40 1.17268109E-14 1.55498860E-26 1.91543900E-29 5.46806034E-30 1.00000000E-40 3.60491750E-30 2.38281464E-38 7.00554647E-27 2.36421136E-30 1.79269871E-34 1.55328090E-16 3.76481008E-20 5.21973718E-32 6.09034000E-15 1.00000000E-05 1.00000000E-05 1.00000000E-05 1.00000000E-05 1.00000000E-05 1.00000000E-05 1.00000000E-05 1.00000000E-05 1.00000000E-05 1.00000000E-05
8.94343000E+01 4.84297000E-06 2.81894326E+14 1.24434888E+02 1.00000000E+05 1.00000000E-40 1.00000000E-40 1.00000000E-40 1.00000000E-40 1.48503889E-15 1.00000000E-40 1.00000000E-40 1.00000000E-40 1.00000000E-40 1.00000000E-40 1.02859073E-08 2.38418642E-06 2.28153179E-11 2.73187675E-12 4.05250486E-04 4.57402168E-03 1.01648241E-02 9.38896728E-01 5.27110631E-18 1.74074081E-21 7.39552110E-36 4.34576229E-36 1.00000000E-40 2.14184923E-28 2.56927390E-19 4.49996078E-10 3.61378023E-22 1.03996218E-26 3.93085308E-26 1.78910253E-27 4.90935295E-19 2.26917055E-16 1.52328239E-05 5.90101110E-05 1.00000000E-40 1.00000000E-40 4.00509474E-11 4.19589821E-35 1.73059894E-36 6.95677553E-29 1.82395651E-26 4.49719880E-14 4.64675636E-17 5.56588999E-07 1.73317839E-09 6.36098004E-16 6.59507988E-09 2.50849886E-12 4.96901865E-24 1.26226633E-18 3.69414450E-07 5.80379261E-34 1.00131443E-19 1.00000000E-40 1.00000000E-40 1.58153514E-34 1.00000000E-40 3.29359008E-27 4.14354524E-34 5.16462214E-10 1.00000000E-40 1.00000000E-40 4.33220345E-38 1.00000000E-40 1.00000000E-40 7.35763853E-15 1.45462334E-26 1.33609263E-29 9.38751335E-30 1.08439003E-39 1.00000000E-40 1.33355697E-38 5.02837370E-27 1.00000000E-40 1.87670279E-34 7.07158671E-17 3.60367819E-20 3.81043029E-32 8.37370000E-15 1.00000000E-05 1.00000000E-05 1.00000000E-05 1.00000000E-05 1.00000000E-05 1.00000000E-05 1.00000000E-05 1.00000000E-05 1.00000000E-05 1.00000000E-05
9.06189000E+01 4.08600000E-06 2.38472692E+14 1.24101327E+02 1.00000000E+05 1.00000000E-40 1.00000000E-40 1.00000000E-40 1.00000000E-40 5.48309254E-16 1.00000000E-40 1.00000000E-40 1.00000000E-40 1.00000000E-40 1.00000000E-40 9.02036684E-09 1.95704668E-06 1.98327440E-11 2.26544883E-12 4.46272734E-04 5.25649425E-03 1.18277347E-02 9.67355956E-01 4.13479540E-18 1.35241270E-21 7.28519003E-36 3.49952977E-35 1.30999219E-30 1.96023965E-28 2.53099920E-19 3.70458438E-10 1.76010391E-22 5.93996638E-27 2.30721573E-26 1.24246511E-27 1.77060813E-19 1.38660346E-16 1.28311962E-05 3.99258600E-05 1.13846707E-34 6.87670096E-36 2.87536572E-11 4.30701520E-35 1.29526400E-36 1.11300407E-29 7.96914678E-30 3.59533734E-14 1.56505520E-17 5.25026276E-07 1.14811146E-09 2.63164137E-16 5.02833388E-09 2.52380472E-12 2.51625535E-24 7.65585442E-19 4.34745111E-07 4.89424367E-34 8.36819121E-20 1.65569375E-26 5.50118348E-25 1.41891877E-34 1.00000000E-40 2.98890425E-27 2.12468805E-34 5.04981527E-10 2.96553700E-32 1.00000000E-40 1.17419750E-39 2.47763107E-36 6.41145090E-36 4.54815974E-15 1.34877283E-26 9.38000718E-30 1.50070533E-29 3.43334785E-40 1.39804046E-29 7.45038946E-39 3.68418999E-27 1.37392861E-29 1.65555898E-34 3.16686740E-17 3.38027094E-20 2.74646440E-32 1.13298000E-14 1.00000000E-05 1.00000000E-05 1.00000000E-05 1.00000000E-05 1.00000000E-05 1.00000000E-05 1.00000000E-05 1.00000000E-05 1.00000000E-05 1.00000000E-05
9.18034000E+01 3.44859000E-06 2.01969696E+14 1.23672196E+02 1.00000000E+05 1.00000000E-40 1.00000000E-40 1.00000000E-40 1.00000000E-40 2.08548406E-16 1.00000000E-40 1.00000000E-40 1.00000000E-40 1.00000000E-40 1.00000000E-40 7.87254343E-09 1.60642162E-06 1.71368338E-11 1.82811722E-12 4.97328799E-04 6.01509010E-03 1.37232861E-02 9.94381953E-01 3.18047626E-18 1.09367985E-21 7.14296860E-36 2.28237084E-34 1.00000000E-40 1.66514822E-28 2.47786718E-19 3.09863469E-10 8.59502899E-23 4.39428873E-27 1.77989614E-26 8.75461592E-28 6.67126087E-20 8.24252381E-17 1.08755302E-05 2.77337803E-05 1.00000000E-40 1.00000000E-40 2.07979644E-11 4.33501975E-35 1.24273090E-36 7.02995797E-30 1.00000000E-40 2.81127260E-14 5.71704290E-18 4.99756581E-07 7.62184094E-10 1.12070799E-16 3.81683319E-09 2.49029470E-12 1.24439229E-24 4.50632896E-19 5.06320124E-07 4.11349906E-34 7.04475274E-20 1.00000000E-40 1.00000000E-40 1.26534036E-34 1.00000000E-40 2.70725178E-27 1.05357344E-34 4.92928042E-10 1.00000000E-40 1.00000000E-40 1.00000000E-40 2.96456392E-36 3.42116875E-36 2.74316250E-15 1.23396385E-26 6.68749056E-30 2.26585538E-29 1.94531452E-40 1.00000000E-40 3.91697174E-39 2.62412704E-27 1.00000000E-40 1.20487801E-34 1.40444851E-17 3.10607743E-20 1.94166100E-32 1.50964000E-14 1.00000000E-05 1.00000000E-05 1.00000000E-05 1.00000000E-05 1.00000000E-05 1.00000000E-05 1.00000000E-05 1.00000000E-05 1.00000000E-05 1.00000000E-05
9.29880000E+01 2.91177000E-06 1.71109682E+14 1.23253483E+02 1.00000000E+05 1.00000000E-40 1.00000000E-40 1.00000000E-40 1.00000000E-40 8.17544134E-17 1.00000000E-40 1.00000000E-40 1.00000000E-40 1.00000000E-40 1.00000000E-40 6.86222179E-09 1.32085865E-06 1.47578847E-11 1.44930550E-12 5.64912587E-04 6.85570428E-03 1.58788559E-02 1.01988072E+00 2.40827627E-18 9.11542624E-22 6.99729957E-36 1.39254860E-33 7.82499073E-32 1.55280627E-28 2.41067465E-19 2.66498513E-10 4.27883454E-23 3.71732705E-27 1.52115859E-26 6.30076157E-28 2.52524428E-20 4.76247478E-17 9.37081654E-06 2.00064648E-05 2.53203193E-35 1.51573464E-36 1.53175198E-11 4.26220925E-35 1.21948967E-36 6.86487015E-30 2.88185419E-29 2.14148016E-14 2.25600612E-18 4.81965085E-07 5.14583325E-10 4.81767951E-17 2.88631136E-09 2.40590668E-12 5.92468368E-25 2.60598865E-19 5.83635816E-07 3.44555032E-34 5.96972796E-20 1.00000000E-40 1.00000000E-40 1.12123289E-34 1.00000000E-40 2.44698888E-27 4.99361767E-35 4.82877156E-10 1.24644666E-32 1.00000000E-40 8.22484865E-40 3.38184689E-35 4.98739659E-36 1.60751883E-15 1.10927858E-26 4.90760594E-30 3.27094489E-29 1.02451660E-40 1.00000000E-40 2.04880965E-39 1.89269689E-27 2.42593560E-32 1.05817628E-34 6.23535995E-18 2.79786307E-20 1.34232307E-32 1.98335000E-14 1.00000000E-05 1.00000000E-05 1.00000000E-05 1.00000000E-05 1.00000000E-05 1.00000000E-05 1.00000000E-05 1.00000000E-05 1.00000000E-05 1.00000000E-05
9.41725000E+01 2.45958000E-06 1.45230926E+14 1.22664407E+02 1.00000000E+05 1.00000000E-40 1.00000000E-40 1.00000000E-40 1.00000000E-40 3.40471749E-17 1.00000000E-40 1.00000000E-40 1.00000000E-40 1.00000000E-40 1.00000000E-40 5.97662043E-09 1.08731806E-06 1.26724669E-11 1.13271334E-12 6.54950773E-04 7.77671689E-03 1.83025876E-02 1.04270909E+00 1.77833849E-18 7.76136640E-22 6.84986290E-36 7.76183176E-33 4.45905114E-31 1.37482376E-28 2.32716532E-19 2.36586758E-10 2.21192929E-23 2.17646765E-27 9.56034829E-27 4.65206746E-28 9.50525067E-21 2.68383144E-17 8.25820441E-06 1.51392853E-05 1.02956521E-34 9.99002584E-36 1.15700300E-11 4.08800539E-35 1.18862809E-36 5.98257712E-30 9.81171463E-30 1.58710614E-14 9.43438354E-19 4.73809846E-07 3.56841760E-10 2.25575636E-17 2.17384496E-09 2.26874083E-12 2.74412926E-25 1.49645825E-19 6.65243239E-07 2.87327293E-34 5.08180775E-20 1.00000000E-40 1.00000000E-40 9.86425928E-35 1.00000000E-40 2.20399585E-27 2.27265389E-35 4.76885349E-10 1.04433326E-31 5.35640147E-40 1.00000000E-40 2.24154295E-34 8.18087927E-36 9.23927195E-16 9.76749621E-27 3.75621403E-30 4.55348048E-29 1.00000000E-40 1.00000000E-40 1.01774842E-39 1.35436619E-27 1.00000000E-40 8.10727255E-35 2.82213567E-18 2.47092905E-20 9.04055926E-33 2.57372000E-14 1.00000000E-05 1.00000000E-05 1.00000000E-05 1.00000000E-05 1.00000000E-05 1.00000000E-05 1.00000000E-05 1.00000000E-05 1.00000000E-05 1.00000000E-05
9.53571000E+01 2.07861000E-06 1.23202045E+14 1.22200171E+02 1.00000000E+05 1.00000000E-40 1.00000000E-40 1.00000000E-40 1.00000000E-40 1.45069678E-17 1.00000000E-40 1.00000000E-40 1.00000000E-40 1.00000000E-40 1.00000000E-40 5.22290441E-09 8.98609202E-07 1.08655549E-11 8.83541240E-13 7.77530617E-04 8.78765466E-03 2.10309267E-02 1.06335397E+00 1.29981017E-18 6.67384626E-22 6.72380230E-36 3.78299140E-32 2.00654999E-30 1.20499496E-28 2.22966832E-19 2.19244792E-10 1.21979823E-23 1.15211066E-27 5.04399144E-27 3.53246287E-28 3.53306609E-21 1.48544987E-17 7.51448115E-06 1.20737279E-05 4.34340771E-34 4.84057829E-35 9.01390294E-12 3.82415287E-35 1.16827956E-36 5.85013907E-30 9.36880993E-29 1.14510119E-14 4.06834526E-19 4.72381946E-07 2.57714413E-10 1.05340888E-17 1.63277012E-09 2.09808420E-12 1.24258881E-25 8.58561526E-20 7.50329249E-07 2.38665357E-34 4.34282902E-20 3.54009705E-29 1.36132585E-27 8.62333183E-35 1.00000000E-40 1.97767820E-27 9.82619385E-36 4.73843477E-10 6.33932635E-31 5.37025938E-39 1.00000000E-40 1.24858855E-33 2.22788928E-35 5.19467685E-16 8.42196687E-27 3.01465212E-30 6.16279278E-29 1.00000000E-40 3.00344659E-32 5.03563213E-40 9.69618000E-28 4.48114323E-32 5.94154627E-35 1.30693469E-18 2.14295367E-20 5.94947570E-33 3.30657000E-14 1.00000000E-05 1.00000000E-05 1.00000000E-05 1.00000000E-05 1.00000000E-05 1.00000000E-05 1.00000000E-05 1.00000000E-05 1.00000000E-05 1.00000000E-05
9.65417000E+01 1.75757000E-06 1.04687515E+14 1.21600247E+02 1.00000000E+05 1.00000000E-40 1.00000000E-40 1.00000000E-40 1.00000000E-40 6.54832485E-18 1.00000000E-40 1.00000000E-40 1.00000000E-40 1.00000000E-40 1.00000000E-40 4.57945858E-09 7.45065872E-07 9.29039286E-12 6.88843397E-13 9.42335109E-04 9.88403822E-03 2.40649476E-02 1.08062082E+00 9.29771911E-19 5.79010797E-22 6.61703405E-36 1.56335009E-31 7.45419568E-30 1.08201121E-28 2.11574696E-19 2.10795882E-10 7.22723510E-24 8.42003108E-28 3.41944943E-27 2.75013651E-28 1.30477404E-21 8.10614205E-18 7.04424633E-06 1.01520845E-05 1.58020208E-33 1.96817959E-34 7.24015519E-12 3.49938817E-35 1.15363859E-36 5.74262541E-30 2.44655591E-29 8.06814005E-15 1.77480169E-19 4.79732428E-07 1.94520100E-10 5.37918522E-18 1.22269481E-09 1.90024988E-12 5.56550468E-26 4.95700771E-20 8.36688687E-07 1.97191667E-34 3.71617705E-20 1.00000000E-40 1.00000000E-40 7.48853768E-35 1.00000000E-40 1.76395871E-27 4.09595019E-36 4.74704306E-10 3.14505893E-30 3.97588313E-39 1.00000000E-40 5.72848699E-33 7.08292107E-35 2.89286538E-16 7.10794866E-27 2.54461489E-30 8.14458165E-29 1.00000000E-40 1.00000000E-40 2.41000758E-40 6.95454421E-28 1.00000000E-40 4.36041944E-35 6.27406356E-19 1.82561237E-20 3.82075855E-33 4.21947000E-14 1.00000000E-05 1.00000000E-05 1.00000000E-05 1.00000000E-05 1.00000000E-05 1.00000000E-05 1.00000000E-05 1.00000000E-05 1.00000000E-05 1.00000000E-05
9.77262000E+01 1.48698000E-06 8.89517704E+13 1.21078560E+02 1.00000000E+05 1.00000000E-40 1.00000000E-40 1.00000000E-40 1.00000000E-40 3.00815364E-18 1.00000000E-40 1.00000000E-40 1.00000000E-40 1.00000000E-40 1.00000000E-40 4.04140144E-09 6.20995973E-07 7.91770219E-12 5.41310167E-13 1.16583640E-03 1.10704087E-02 2.74320633E-02 1.09470631E+00 6.58340150E-19 5.06527249E-22 6.57305904E-36 5.43449056E-31 2.28841347E-29 1.08126104E-28 1.98652431E-19 2.10406365E-10 4.61931713E-24 4.07521072E-28 1.72097949E-27 2.18269456E-28 4.78392954E-22 4.36967261E-18 6.79662257E-06 8.94355749E-06 4.72215574E-33 6.70501120E-34 5.97905381E-12 3.15216241E-35 1.16085173E-36 6.05138262E-30 7.32327706E-29 5.56594560E-15 7.72802846E-20 4.93085353E-07 1.53967336E-10 2.79562539E-18 9.13900303E-10 1.69596591E-12 2.46589686E-26 2.88620495E-20 9.22776900E-07 1.61984703E-34 3.17916532E-20 2.30348605E-29 8.60634639E-28 6.46803432E-35 1.00000000E-40 1.56145367E-27 1.63893413E-36 4.77535611E-10 1.28939044E-29 4.36963416E-39 1.00000000E-40 2.18324402E-32 1.92495240E-34 1.58750619E-16 5.88748581E-27 2.25686316E-30 1.05503622E-28 1.00000000E-40 1.74613889E-32 1.15036052E-40 4.99866044E-28 2.16551353E-32 3.45787624E-35 3.10435435E-19 1.52988928E-20 2.40231880E-33 5.37409000E-14 1.00000000E-05 1.00000000E-05 1.00000000E-05 1.00000000E-05 1.00000000E-05 1.00000000E-05 1.00000000E-05 1.00000000E-05 1.00000000E-05 1.00000000E-05
9.89108000E+01 1.25886000E-06 7.56269947E+13 1.20563906E+02 1.00000000E+05 1.00000000E-40 1.00000000E-40 1.00000000E-40 1.00000000E-40 1.41133703E-18 1.00000000E-40 1.00000000E-40 1.00000000E-40 1.00000000E-40 1.00000000E-40 3.59732870E-09 5.20821785E-07 6.71444212E-12 4.30364186E-13 1.46923947E-03 1.23456568E-02 3.11496262E-02 1.10542862E+00 4.61063404E-19 4.52252927E-22 6.65529038E-36 1.59618284E-30 5.82925930E-29 1.31722890E-28 1.84197883E-19 2.16207074E-10 3.14535243E-24 2.76402401E-28 1.12185099E-27 1.75113068E-28 1.74571793E-22 2.32654331E-18 6.70214932E-06 8.18869852E-06 1.18123415E-32 1.94580847E-33 5.04698641E-12 2.82856221E-35 1.21056428E-36 6.63486455E-30 9.80181668E-29 3.77729102E-15 3.34240617E-20 5.13110785E-07 1.27305797E-10 1.50108600E-18 6.82286772E-10 1.49504676E-12 1.11529197E-26 1.70188453E-20 1.00664062E-06 1.32084417E-34 2.71245228E-20 1.48106859E-29 5.38243336E-28 5.56506205E-35 1.00000000E-40 1.36814131E-27 6.35138915E-37 4.82384395E-10 4.45220796E-29 1.49409237E-38 1.00000000E-40 6.99147936E-32 4.38917105E-34 8.60345147E-17 4.80411500E-27 2.11902918E-30 1.34155992E-28 1.00000000E-40 1.05035998E-32 1.00000000E-40 3.60621511E-28 1.01279274E-32 3.25756481E-35 1.58292561E-19 1.26244071E-20 1.48040089E-33 6.88593000E-14 1.00000000E-05 1.00000000E-05 1.00000000E-05 1.00000000E-05 1.00000000E-05 1.00000000E-05 1.00000000E-05 1.00000000E-05 1.00000000E-05 1.00000000E-05
1.00095000E+02 1.06648000E-06 6.43827610E+13 1.19977508E+02 1.00000000E+05 1.00000000E-40 1.00000000E-40 1.00000000E-40 1.00000000E-40 6.68072555E-19 1.00000000E-40 1.00000000E-40 1.00000000E-40 1.00000000E-40 1.00000000E-40 3.23005748E-09 4.39205243E-07 5.64701938E-12 3.45507474E-13 1.87910548E-03 1.36896969E-02 3.51931190E-02 1.11158788E+00 3.18117382E-19 4.20860219E-22 6.97063988E-36 4.00166026E-30 1.24816278E-28 1.91711030E-28 1.68075641E-19 2.26939574E-10 2.24750301E-24 1.58557537E-28 6.45022773E-28 1.40625959E-28 6.35302600E-23 1.22140371E-18 6.70259084E-06 7.71056923E-06 2.54226229E-32 4.91408512E-33 4.32247672E-12 2.57287008E-35 1.30812099E-36 5.59066481E-30 4.54938078E-29 2.52712223E-15 1.43522762E-20 5.38924913E-07 1.08957291E-10 8.46528447E-19 5.08733936E-10 1.30828705E-12 4.92825163E-27 1.01392343E-20 1.08519906E-06 1.06559709E-34 2.29927397E-20 4.63992553E-29 1.73244951E-27 4.77993146E-35 1.00000000E-40 1.18164136E-27 2.39868460E-37 4.87749213E-10 1.32275421E-28 3.66030707E-39 1.00000000E-40 1.90650482E-31 8.41422143E-34 4.60954653E-17 3.89016533E-27 2.12173682E-30 1.67211710E-28 1.00000000E-40 3.23313389E-32 1.00000000E-40 2.61405923E-28 3.34744470E-32 3.59509658E-35 8.25781267E-20 1.02603924E-20 8.93293470E-34 8.99078000E-14 1.00000000E-05 1.00000000E-05 1.00000000E-05 1.00000000E-05 1.00000000E-05 1.00000000E-05 1.00000000E-05 1.00000000E-05 1.00000000E-05 1.00000000E-05
1.01280000E+02 9.04203000E-07 5.47675514E+13 1.19580217E+02 1.00000000E+05 1.00000000E-40 1.00000000E-40 1.00000000E-40 1.00000000E-40 3.06672324E-19 1.00000000E-40 1.00000000E-40 1.00000000E-40 1.00000000E-40 1.00000000E-40 2.94157983E-09 3.73879327E-07 4.70633179E-12 2.82591613E-13 2.43760543E-03 1.51134995E-02 3.96316010E-02 1.11503717E+00 2.20378002E-19 4.15927976E-22 7.66561060E-36 8.67294689E-30 2.28374287E-28 2.95025486E-28 1.50816820E-19 2.43488563E-10 1.67330550E-24 6.65109901E-29 3.71769201E-28 1.12280277E-28 2.30616674E-23 6.35976375E-19 6.78192433E-06 7.39756135E-06 4.78296059E-32 1.09183939E-32 3.74163978E-12 2.40981324E-35 1.53725475E-36 5.97979816E-30 1.35044677E-28 1.67919072E-15 6.13280670E-21 5.67583978E-07 9.59417299E-11 4.50469292E-19 3.79785378E-10 1.14623298E-12 2.05126005E-27 6.10920418E-21 1.15826266E-06 8.49379705E-35 1.93354441E-20 1.00000000E-40 1.00000000E-40 4.14741719E-35 1.00000000E-40 1.00383540E-27 8.82167161E-38 4.92001374E-10 3.46362385E-28 1.00000000E-40 1.00000000E-40 4.51040356E-31 1.36458210E-33 2.43384836E-17 3.16391654E-27 2.25978228E-30 2.04258399E-28 1.00000000E-40 1.00000000E-40 1.00000000E-40 1.90788777E-28 1.00000000E-40 4.08099129E-35 4.37182996E-20 8.23404136E-21 5.30900278E-34 1.21736000E-13 1.00000000E-05 1.00000000E-05 1.00000000E-05 1.00000000E-05 1.00000000E-05 1.00000000E-05 1.00000000E-05 1.00000000E-05 1.00000000E-05 1.00000000E-05
1.02464000E+02 7.67278000E-07 4.67088802E+13 1.18978916E+02 1.00000000E+05 1.00000000E-40 1.00000000E-40 1.00000000E-40 1.00000000E-40 1.40960392E-19 1.00000000E-40 1.00000000E-40 1.00000000E-40 1.00000000E-40 1.00000000E-40 2.70833919E-09 3.20191947E-07 3.86552346E-12 2.32449754E-13 3.18074992E-03 1.65573654E-02 4.43531481E-02 1.11305113E+00 1.50315462E-19 4.39652448E-22 8.81696108E-36 1.64242751E-29 3.62164697E-28 4.33592542E-28 1.32355801E-19 2.64229329E-10 1.28216084E-24 6.23363012E-29 2.04596303E-28 8.83325019E-29 8.41420015E-24 3.29198546E-19 6.88565004E-06 7.16505855E-06 8.21134314E-32 2.21285738E-32 3.25155496E-12 2.33106844E-35 1.86876649E-36 4.73939954E-30 1.00000000E-40 1.11053377E-15 2.61908597E-21 5.99446504E-07 8.54890295E-11 2.55063151E-19 2.83443533E-10 1.00995879E-12 1.01422833E-27 3.69448179E-21 1.22116822E-06 6.64974412E-35 1.60387082E-20 1.00000000E-40 1.00000000E-40 3.82958389E-35 1.00000000E-40 8.33616854E-28 3.22247810E-38 4.93942441E-10 8.13285483E-28 1.00000000E-40 1.00000000E-40 9.31563431E-31 1.91597096E-33 1.28677097E-17 2.60871596E-27 2.49836632E-30 2.43239896E-28 1.00000000E-40 1.00000000E-40 1.00000000E-40 1.39098190E-28 1.00000000E-40 4.38837858E-35 2.34408414E-20 6.51745917E-21 3.09493975E-34 1.73767000E-13 1.00000000E-05 1.00000000E-05 1.00000000E-05 1.00000000E-05 1.00000000E-05 1.00000000E-05 1.00000000E-05 1.00000000E-05 1.00000000E-05 1.00000000E-05
1.03649000E+02 6.51701000E-07 3.98109075E+13 1.18566780E+02 1.00000000E+05 1.00000000E-40 1.00000000E-40 1.00000000E-40 1.00000000E-40 6.05126826E-20 1.00000000E-40 1.00000000E-40 1.00000000E-40 1.00000000E-40 1.00000000E-40 2.53193041E-09 2.76903369E-07 3.12772261E-12 1.93468530E-13 4.16786431E-03 1.80173366E-02 4.94124269E-02 1.10777060E+00 1.03566449E-19 4.84289402E-22 1.04502001E-35 2.75461538E-29 5.07464652E-28 5.88181152E-28 1.13600340E-19 2.92411942E-10 1.01894351E-24 3.59774814E-29 1.29099704E-28 6.82268925E-29 3.09136268E-24 1.71235771E-19 7.03184438E-06 6.94684510E-06 1.29330126E-31 4.12211494E-32 2.83510636E-12 2.29691706E-35 2.35927369E-36 5.43113951E-30 3.90592760E-29 7.35683095E-16 1.12306126E-21 6.26989544E-07 7.66170243E-11 1.32084051E-19 2.12061419E-10 9.06281544E-13 4.69887337E-28 2.22791470E-21 1.27439710E-06 5.10610016E-35 1.31096908E-20 2.27427156E-27 8.32377862E-26 4.65325298E-35 1.00000000E-40 6.75517033E-28 1.16181945E-38 4.89863294E-10 1.74613980E-27 1.00000000E-40 1.00000000E-40 1.71195230E-30 2.34865393E-33 6.79236731E-18 2.19817794E-27 2.77909037E-30 2.82154243E-28 1.00000000E-40 1.39245977E-30 1.00000000E-40 1.01714286E-28 9.80578012E-31 4.26955052E-35 1.25601351E-20 5.10179251E-21 1.78259306E-34 2.62761000E-13 1.00000000E-05 1.00000000E-05 1.00000000E-05 1.00000000E-05 1.00000000E-05 1.00000000E-05 1.00000000E-05 1.00000000E-05 1.00000000E-05 1.00000000E-05
1.04834000E+02 5.54103000E-07 3.39763174E+13 1.18122033E+02 1.00000000E+05 1.00000000E-40 1.00000000E-40 1.00000000E-40 1.00000000E-40 2.49192623E-20 1.00000000E-40 1.00000000E-40 1.00000000E-40 1.00000000E-40 1.00000000E-40 2.39949492E-09 2.41582555E-07 2.48655343E-12 1.61565207E-13 5.44781378E-03 1.94369084E-02 5.47227705E-02 1.09835551E+00 7.15255342E-20 5.38011112E-22 1.24038574E-35 4.13613819E-29 6.37596118E-28 7.29053099E-28 9.51514781E-20 3.28571603E-10 8.39155239E-25 3.70728748E-29 1.00464014E-28 5.14992216E-29 1.15171438E-24 9.01809863E-20 7.19956710E-06 6.70105223E-06 1.92541833E-31 7.25218016E-32 2.47456828E-12 2.25325172E-35 2.89111123E-36 4.76972111E-30 6.44585685E-33 4.90092576E-16 4.85662745E-22 6.48540663E-07 6.82566410E-11 6.64039976E-20 1.59054030E-10 8.32626683E-13 2.21362629E-28 1.33057335E-21 1.31560177E-06 3.83254687E-35 1.05274526E-20 9.83675536E-27 3.85363405E-25 9.20270087E-35 1.00000000E-40 5.32291523E-28 4.20076794E-39 4.79068297E-10 3.47264258E-27 1.00000000E-40 1.00000000E-40 2.82088610E-30 2.56496669E-33 3.63454040E-18 1.88628505E-27 3.02390813E-30 3.17967149E-28 1.00000000E-40 6.22513567E-30 1.00000000E-40 7.14220883E-29 6.33741181E-30 3.78804781E-35 6.72214690E-21 3.95032292E-21 1.01426423E-34 4.15812000E-13 1.00000000E-05 1.00000000E-05 1.00000000E-05 1.00000000E-05 1.00000000E-05 1.00000000E-05 1.00000000E-05 1.00000000E-05 1.00000000E-05 1.00000000E-05
1.06018000E+02 4.71639000E-07 2.90293684E+13 1.17676256E+02 1.00000000E+05 1.00000000E-40 1.00000000E-40 1.00000000E-40 1.00000000E-40 9.66739522E-21 1.00000000E-40 1.00000000E-40 1.00000000E-40 1.00000000E-40 1.00000000E-40 2.30074480E-09 2.12491230E-07 1.94014212E-12 1.34472994E-13 7.06530756E-03 2.07506803E-02 6.01708119E-02 1.08428781E+00 4.96443045E-20 5.84496539E-22 1.44141804E-35 5.62928636E-29 7.28916906E-28 8.22729850E-28 7.77375918E-20 3.75436656E-10 7.20117574E-25 4.70831473E-30 3.95001971E-29 3.78680255E-29 4.37072864E-25 4.83688728E-20 7.38534393E-06 6.38808807E-06 2.74512532E-31 1.22394827E-31 2.15935169E-12 2.15854957E-35 3.43627328E-36 4.59759509E-30 1.00000000E-40 3.28624802E-16 2.12589591E-22 6.57761441E-07 5.99298046E-11 3.18561889E-20 1.19649710E-10 7.88929916E-13 1.05635847E-28 7.78473910E-22 1.34297284E-06 2.80721636E-35 8.29298140E-21 3.32139280E-28 1.22422409E-26 1.88768741E-34 1.00000000E-40 4.07061963E-28 1.52774974E-39 4.59031842E-10 6.46466044E-27 1.00000000E-40 1.00000000E-40 4.21839477E-30 2.53478255E-33 1.98102911E-18 1.63456568E-27 3.17070199E-30 3.47763274E-28 1.00000000E-40 1.90900032E-31 1.00000000E-40 5.50119699E-29 2.76943647E-32 3.01555317E-35 3.55910237E-21 3.02681947E-21 5.71058777E-35 6.72942000E-13 1.00000000E-05 1.00000000E-05 1.00000000E-05 1.00000000E-05 1.00000000E-05 1.00000000E-05 1.00000000E-05 1.00000000E-05 1.00000000E-05 1.00000000E-05
1.07203000E+02 4.01911000E-07 2.47969339E+13 1.17394736E+02 1.00000000E+05 1.00000000E-40 1.00000000E-40 1.00000000E-40 1.00000000E-40 3.46748520E-21 1.00000000E-40 1.00000000E-40 1.00000000E-40 1.00000000E-40 1.00000000E-40 2.23604781E-09 1.89037650E-07 1.49042739E-12 1.11952258E-13 9.08055262E-03 2.19522028E-02 6.58080342E-02 1.06816691E+00 3.51521787E-20 6.11415467E-22 1.61928536E-35 7.03864410E-29 7.72886397E-28 8.67796853E-28 6.21955696E-20 4.37375588E-10 6.46535070E-25 8.87752068E-30 2.76291638E-29 2.71364125E-29 1.69699688E-25 2.66493232E-20 7.60218345E-06 6.00357973E-06 3.76830982E-31 1.99182572E-31 1.88734852E-12 1.99699174E-35 3.88633914E-36 3.82775813E-30 1.00000000E-40 2.23039693E-16 9.46471913E-23 6.51773276E-07 5.17329381E-11 1.37220512E-20 9.05663480E-11 7.75042113E-13 5.11842863E-29 4.45754762E-22 1.35895401E-06 2.01192767E-35 6.42526056E-21 1.00000000E-40 3.19643652E-28 1.00000000E-40 1.00000000E-40 3.02747559E-28 5.60137803E-40 4.30640411E-10 1.13898669E-26 1.00000000E-40 1.00000000E-40 5.81035503E-30 2.29996172E-33 1.10267774E-18 1.41719318E-27 3.20002247E-30 3.70408475E-28 1.00000000E-40 2.65190433E-33 1.00000000E-40 4.17703545E-29 6.79117953E-36 2.24005951E-35 1.86159199E-21 2.30169683E-21 3.20192197E-35 1.08875000E-12 1.00000000E-05 1.00000000E-05 1.00000000E-05 1.00000000E-05 1.00000000E-05 1.00000000E-05 1.00000000E-05 1.00000000E-05 1.00000000E-05 1.00000000E-05
1.08387000E+02 3.42899000E-07 2.12326884E+13 1.16970932E+02 1.00000000E+05 1.00000000E-40 1.00000000E-40 1.00000000E-40 1.00000000E-40 1.20562746E-21 1.00000000E-40 1.00000000E-40 1.00000000E-40 1.00000000E-40 1.00000000E-40 2.18871366E-09 1.69410974E-07 1.12667132E-12 9.19253031E-14 1.14858165E-02 2.29307375E-02 7.13384965E-02 1.04722545E+00 2.49048029E-20 6.14093137E-22 1.74563120E-35 8.17893783E-29 7.69830713E-28 8.61650344E-28 4.87401064E-20 5.15522688E-10 6.04406319E-25 6.63846253E-30 9.10696137E-30 1.88895436E-29 6.76952375E-26 1.50572124E-20 7.81371189E-06 5.53540154E-06 5.08897929E-31 3.19051021E-31 1.64660947E-12 1.77888304E-35 4.25174767E-36 4.58441458E-30 2.69228155E-31 1.52650590E-16 4.29187898E-23 6.29695255E-07 4.35235856E-11 5.87808481E-21 6.88981762E-11 7.90711652E-13 2.51855131E-29 2.47496622E-22 1.35973836E-06 1.41040688E-35 4.89261032E-21 2.93166366E-29 1.00000000E-40 1.44681450E-33 1.33726694E-33 2.18760400E-28 2.09595344E-40 3.94387587E-10 1.90623188E-26 8.92772914E-39 1.00000000E-40 7.42174277E-30 1.95496926E-33 6.32731183E-19 1.21905062E-27 3.10880255E-30 3.84080851E-28 1.00000000E-40 4.41745929E-33 1.40356120E-32 3.17373114E-29 1.00000000E-40 1.57545369E-35 9.58841818E-22 1.73443599E-21 1.78285303E-35 1.73290000E-12 1.00000000E-05 1.00000000E-05 1.00000000E-05 1.00000000E-05 1.00000000E-05 1.00000000E-05 1.00000000E-05 1.00000000E-05 1.00000000E-05 1.00000000E-05
1.09572000E+02 2.92899000E-07 1.81762380E+13 1.16716056E+02 1.00000000E+05 1.00000000E-40 1.00000000E-40 1.00000000E-40 1.00000000E-40 3.88770404E-22 1.00000000E-40 1.00000000E-40 1.00000000E-40 1.00000000E-40 1.00000000E-40 2.16101913E-09 1.53445996E-07 8.43504994E-13 7.49251774E-14 1.43133875E-02 2.37060651E-02 7.68349540E-02 1.02449070E+00 1.80170369E-20 5.92136278E-22 1.81275716E-35 8.96748351E-29 7.32620150E-28 8.18115589E-28 3.76869789E-20 6.17115896E-10 5.89354992E-25 2.48212711E-30 1.00000000E-40 1.28028608E-29 2.77848733E-26 8.76390812E-21 8.03527591E-06 5.00000393E-06 6.70926700E-31 4.99416032E-31 1.43658071E-12 1.53053177E-35 4.58005123E-36 5.68794359E-30 1.00000000E-40 1.05710187E-16 1.99093287E-23 5.90089409E-07 3.57762835E-11 2.28553947E-21 5.29145482E-11 8.42555833E-13 1.26556405E-29 1.33288505E-22 1.34921968E-06 9.73268931E-36 3.68310600E-21 1.00000000E-40 1.00000000E-40 7.30549939E-34 1.00000000E-40 1.54387749E-28 1.00000000E-40 3.51932857E-10 3.05519798E-26 1.00000000E-40 1.00000000E-40 8.95194259E-30 1.57416146E-33 3.71743122E-19 1.04008408E-27 2.94498279E-30 3.90021659E-28 1.00000000E-40 1.00000000E-40 7.01877861E-39 2.43407773E-29 9.82704032E-33 1.05725921E-35 4.83962496E-22 1.29953010E-21 9.93794174E-36 2.68958000E-12 1.00000000E-05 1.00000000E-05 1.00000000E-05 1.00000000E-05 1.00000000E-05 1.00000000E-05 1.00000000E-05 1.00000000E-05 1.00000000E-05 1.00000000E-05
1.10756000E+02 2.50479000E-07 1.55790711E+13 1.16451873E+02 1.00000000E+05 1.00000000E-40 1.00000000E-40 1.00000000E-40 1.00000000E-40 1.21650475E-22 1.00000000E-40 1.00000000E-40 1.00000000E-40 1.00000000E-40 1.00000000E-40 2.14516603E-09 1.40294334E-07 6.28236969E-13 6.03874551E-14 1.75253531E-02 2.42446988E-02 8.21417201E-02 9.99488180E-01 1.31792276E-20 5.52572397E-22 1.82017077E-35 9.39664760E-29 6.75078391E-28 7.51628126E-28 2.89044951E-20 7.44885389E-10 5.94394645E-25 2.29626729E-29 7.43322724E-29 8.44845612E-30 1.17572299E-26 5.24841991E-21 8.23971625E-06 4.41852427E-06 8.74712540E-31 7.70994910E-31 1.25078939E-12 1.27936696E-35 5.75944896E-36 1.07809015E-29 1.00000000E-40 7.40311119E-17 9.46618059E-24 5.37681479E-07 2.86974832E-11 8.57402955E-22 4.11088665E-11 9.38015134E-13 6.56498609E-30 6.96561753E-23 1.32722882E-06 6.64087916E-36 2.75208413E-21 1.00000000E-40 1.00000000E-40 2.40937595E-34 1.00000000E-40 1.06772132E-28 1.00000000E-40 3.06474444E-10 4.70514323E-26 1.00000000E-40 1.00000000E-40 1.02984197E-29 1.22436826E-33 2.24798187E-19 8.81354798E-28 2.74532208E-30 3.89018885E-28 1.00000000E-40 1.00000000E-40 1.00000000E-40 1.87243481E-29 3.04565063E-31 6.90863803E-36 2.40220876E-22 9.68561116E-22 5.55351602E-36 4.05769000E-12 1.00000000E-05 1.00000000E-05 1.00000000E-05 1.00000000E-05 1.00000000E-05 1.00000000E-05 1.00000000E-05 1.00000000E-05 1.00000000E-05 1.00000000E-05
1.11941000E+02 2.14441000E-07 1.33682517E+13 1.16184963E+02 1.00000000E+05 1.00000000E-40 1.00000000E-40 1.00000000E-40 1.00000000E-40 3.74740221E-23 1.00000000E-40 1.00000000E-40 1.00000000E-40 1.00000000E-40 1.00000000E-40 2.13496300E-09 1.29353093E-07 4.68577236E-13 4.80802373E-14 2.10483998E-02 2.45366736E-02 8.71100627E-02 9.71987602E-01 9.73203628E-21 5.00163070E-22 1.78539623E-35 9.55048485E-29 6.06919607E-28 6.50304152E-28 2.21519418E-20 9.03411412E-10 6.16223344E-25 5.25587829E-30 2.69870244E-29 5.43072758E-30 5.12929701E-27 3.22677603E-21 8.40656971E-06 3.81218770E-06 1.14672274E-30 1.17467415E-30 1.08439101E-12 1.04791703E-35 1.09421128E-35 2.87120947E-29 5.45105492E-34 5.23560160E-17 4.62294994E-24 4.75422795E-07 2.24996176E-11 3.16012304E-22 3.24120057E-11 1.08702564E-12 3.54840939E-30 3.53211999E-23 1.29415965E-06 4.50855249E-36 2.05331516E-21 1.00000000E-40 1.00000000E-40 9.75789586E-35 1.00000000E-40 7.27134307E-29 1.00000000E-40 2.59877051E-10 6.98249732E-26 1.00000000E-40 1.00000000E-40 1.14611646E-29 9.37337299E-34 1.39579606E-19 7.46652332E-28 2.55358721E-30 3.82285477E-28 1.00000000E-40 1.00000000E-40 1.00000000E-40 1.38156085E-29 1.00000000E-40 4.28030660E-36 1.17018790E-22 7.18599809E-22 3.12285496E-36 5.95737000E-12 1.00000000E-05 1.00000000E-05 1.00000000E-05 1.00000000E-05 1.00000000E-05 1.00000000E-05 1.00000000E-05 1.00000000E-05 1.00000000E-05 1.00000000E-05
1.13126000E+02 1.83778000E-07 1.14714404E+13 1.16035876E+02 1.00000000E+05 1.00000000E-40 1.00000000E-40 1.00000000E-40 1.00000000E-40 1.15012658E-23 1.00000000E-40 1.00000000E-40 1.00000000E-40 1.00000000E-40 1.00000000E-40 2.13189122E-09 1.20535131E-07 3.54200216E-13 3.81504969E-14 2.48422622E-02 2.46601836E-02 9.18431888E-02 9.44281596E-01 7.32285969E-21 4.46307184E-22 4.60398233E-33 9.57861560E-29 5.38872644E-28 5.17569161E-28 1.71796516E-20 1.09894916E-09 6.52569635E-25 1.33580923E-29 7.66784909E-30 3.41160647E-30 2.30825569E-27 2.04025150E-21 8.53558800E-06 3.21580505E-06 7.18972889E-29 1.76320878E-30 9.36520228E-13 8.49934308E-36 3.32299445E-35 8.86352608E-29 1.03043458E-33 3.75303163E-17 2.32970522E-24 4.09087254E-07 1.73697168E-11 1.12985610E-22 2.61185483E-11 1.29620751E-12 2.04003739E-30 1.75168904E-23 1.25397035E-06 3.07891717E-36 1.54607419E-21 1.00000000E-40 1.00000000E-40 5.14105413E-35 1.00000000E-40 4.92094702E-29 1.00000000E-40 2.15156073E-10 1.00357521E-25 1.00000000E-40 1.00000000E-40 1.25653519E-29 7.29651630E-34 8.87416086E-20 6.39125170E-28 2.41461876E-30 3.72060807E-28 1.00000000E-40 1.00000000E-40 1.00000000E-40 1.01867026E-29 1.00000000E-40 2.45411164E-36 5.62775298E-23 5.32426782E-22 1.78282602E-36 8.56132000E-12 1.00000000E-05 1.00000000E-05 1.00000000E-05 1.00000000E-05 1.00000000E-05 1.00000000E-05 1.00000000E-05 1.00000000E-05 1.00000000E-05 1.00000000E-05
1.14310000E+02 1.57651000E-07 9.85795544E+12 1.15831478E+02 1.00000000E+05 1.00000000E-40 1.00000000E-40 1.00000000E-40 1.00000000E-40 3.72649143E-24 1.00000000E-40 1.00000000E-40 1.00000000E-40 1.00000000E-40 1.00000000E-40 2.12775074E-09 1.13261080E-07 2.74813217E-13 3.02088347E-14 2.87547600E-02 2.46216706E-02 9.61256535E-02 9.15043135E-01 5.54320970E-21 4.23457048E-22 5.60491840E-28 9.66106955E-29 5.13266660E-28 5.66131904E-28 1.36590742E-20 1.33089142E-09 7.00583370E-25 1.54508429E-26 4.34902637E-26 2.09446103E-30 1.07121485E-27 1.32108466E-21 8.59477579E-06 2.65151415E-06 2.62372278E-25 6.07979164E-30 8.03356305E-13 6.92128035E-36 1.15378402E-34 2.60955307E-28 1.00000000E-40 2.72137716E-17 1.21725365E-24 3.43568622E-07 1.32799277E-11 4.24063344E-23 2.16194076E-11 1.55467769E-12 1.25243674E-30 8.54294217E-24 1.20595641E-06 2.14044682E-36 1.18749314E-21 1.00000000E-40 1.00000000E-40 3.36620905E-35 1.00000000E-40 3.34155161E-29 1.00000000E-40 1.73954003E-10 1.39800066E-25 1.00000000E-40 1.00000000E-40 1.38017290E-29 6.18286194E-34 5.78980933E-20 5.60025105E-28 2.36843501E-30 3.58983515E-28 1.00000000E-40 1.00000000E-40 1.00000000E-40 9.60423076E-30 1.00000000E-40 1.96554863E-36 2.69340477E-23 3.93933080E-22 1.04007030E-36 1.21986000E-11 1.00000000E-05 1.00000000E-05 1.00000000E-05 1.00000000E-05 1.00000000E-05 1.00000000E-05 1.00000000E-05 1.00000000E-05 1.00000000E-05 1.00000000E-05
1.15495000E+02 1.35356000E-07 8.47478467E+12 1.15681938E+02 1.00000000E+05 1.00000000E-40 1.00000000E-40 1.00000000E-40 1.00000000E-40 1.28646342E-24 1.00000000E-40 1.00000000E-40 1.00000000E-40 1.00000000E-40 1.00000000E-40 2.12146465E-09 1.07424389E-07 2.23503711E-13 2.42059672E-14 3.26860340E-02 2.45053481E-02 1.00000510E-01 8.85478964E-01 4.24604019E-21 3.94933269E-22 5.12177942E-23 1.00796967E-28 4.86938729E-28 4.87596828E-28 1.13645976E-20 1.60182033E-09 7.51304724E-25 2.40864772E-27 6.84383860E-27 1.25977238E-30 5.14294095E-28 8.75274561E-22 8.57979290E-06 2.14482630E-06 8.38186947E-22 1.46748074E-27 6.85337581E-13 5.78868089E-36 3.33222250E-34 6.06428990E-28 1.00000000E-40 1.99970166E-17 6.71015173E-25 2.82106613E-07 1.01888823E-11 1.70955433E-23 1.85429965E-11 1.83429969E-12 8.31717685E-31 4.15560984E-24 1.15280615E-06 1.54979593E-36 9.47226893E-22 1.00000000E-40 1.00000000E-40 2.53687088E-35 1.00000000E-40 2.32204405E-29 1.00000000E-40 1.37392732E-10 1.89382769E-25 1.00000000E-40 1.00000000E-40 1.55910060E-29 6.11366040E-34 3.85733850E-20 5.12698796E-28 2.49984446E-30 3.44408766E-28 1.00000000E-40 1.00000000E-40 1.00000000E-40 7.31188654E-30 1.00000000E-40 1.25147476E-36 1.29980050E-23 2.91827403E-22 6.31640854E-37 1.76558000E-11 1.00000000E-05 1.00000000E-05 1.00000000E-05 1.00000000E-05 1.00000000E-05 1.00000000E-05 1.00000000E-05 1.00000000E-05 1.00000000E-05 1.00000000E-05
1.16679000E+02 1.16305000E-07 7.28920164E+12 1.15567346E+02 1.00000000E+05 1.00000000E-40 1.00000000E-40 1.00000000E-40 1.00000000E-40 4.65360164E-25 1.00000000E-40 1.00000000E-40 1.00000000E-40 1.00000000E-40 1.00000000E-40 2.10924379E-09 1.02852170E-07 1.95278395E-13 2.01315370E-14 3.65014808E-02 2.43829104E-02 1.03443323E-01 8.55987325E-01 3.28365917E-21 4.01705977E-22 3.45554449E-18 1.68958839E-26 5.20105040E-28 5.83239364E-28 1.01265261E-20 1.90725432E-09 8.05940555E-25 1.66137823E-26 4.84898697E-26 7.43627177E-31 2.61859540E-28 5.91905890E-22 8.47566003E-06 1.72062039E-06 2.24748395E-18 5.08290566E-25 5.83758910E-13 5.17934715E-36 5.64429496E-34 7.99494302E-28 1.00000000E-40 1.49056339E-17 4.08727032E-25 2.27415153E-07 7.97691084E-12 7.89503724E-24 1.66104000E-11 2.08628231E-12 5.93729954E-31 2.09461826E-24 1.09609613E-06 1.20913347E-36 8.01640753E-22 3.85152131E-26 1.56231504E-24 2.10573720E-35 1.00000000E-40 1.70455879E-29 1.00000000E-40 1.06167001E-10 2.50073236E-25 1.00000000E-40 1.00000000E-40 1.86418183E-29 5.95243344E-32 2.61956825E-20 5.03355456E-28 3.01394402E-30 3.29083117E-28 1.00000000E-40 2.05327181E-29 1.00000000E-40 7.77229330E-30 2.50467708E-29 1.13171836E-36 6.56157454E-24 2.16929277E-22 4.11230661E-37 2.70911000E-11 1.00000000E-05 1.00000000E-05 1.00000000E-05 1.00000000E-05 1.00000000E-05 1.00000000E-05 1.00000000E-05 1.00000000E-05 1.00000000E-05 1.00000000E-05
1.17864000E+02 9.99997000E-08 6.27292766E+12 1.15463611E+02 1.00000000E+05 1.00000000E-40 1.00000000E-40 1.00000000E-40 1.00000000E-40 1.50045669E-25 1.00000000E-40 1.00000000E-40 1.00000000E-40 1.00000000E-40 1.00000000E-40 2.08497735E-09 9.94087552E-08 1.87305412E-13 1.89119713E-14 4.00187115E-02 2.43323758E-02 1.06396615E-01 8.26844116E-01 2.59651151E-21 4.11300119E-22 1.71223886E-13 7.29196076E-22 1.54657676E-27 6.53794580E-28 9.85404629E-21 2.23333765E-09 8.63534141E-25 7.85621499E-30 1.20827786E-29 4.31320026E-31 1.59954627E-28 4.07027341E-22 8.25566801E-06 1.41187160E-06 4.74221735E-15 1.28880486E-22 5.03269219E-13 1.04743523E-33 6.26122287E-34 6.47071774E-28 6.64284748E-30 1.12816412E-17 3.03240396E-25 1.81774933E-07 6.49752427E-12 4.56208541E-24 1.56302966E-11 2.24686987E-12 4.47948176E-31 1.24888958E-24 1.03711915E-06 1.05972336E-36 7.35065381E-22 1.00000000E-40 1.00000000E-40 1.90185957E-35 1.00000000E-40 1.38463420E-29 1.00000000E-40 8.03165597E-11 3.22465008E-25 7.59781408E-38 1.00000000E-40 2.42184399E-29 1.95346021E-27 1.80823978E-20 5.51083735E-28 4.77599532E-30 3.13430410E-28 1.00000000E-40 1.00000000E-40 1.00000000E-40 6.94102345E-30 1.00000000E-40 9.71391690E-37 3.89517800E-24 1.62187048E-22 3.00172570E-37 4.79743000E-11 1.00000000E-05 1.00000000E-05 1.00000000E-05 1.00000000E-05 1.00000000E-05 1.00000000E-05 1.00000000E-05 1.00000000E-05 1.00000000E-05 1.00000000E-05
