alt press den temp eddy H2Oaer SO2aer CO2aer S8aer H2SO4aer C2H2aer C2H4aer C2H6aer CH4aer HCaer1 H H2 H2O OH O O2 CO CO2 HCO H2CO C CH CH2 CH3 CH4 S S2 S3 S4 S8 H2S HS SO SO2 CS CS2 OCS C2 C2H C2H2 C2H4 HO2 H2O2 O3 SO3 H2SO4 HCl Cl Cl2 HOCl ClO C2H6 CH3OH CH2CO CH3CHO C3H4 C3H6 C4H2 C4H4 OClO HCS C2H3 C2H5 1CH2 HCCO HSO CH3O H2COH C4H C2H2OH CH3CO CH2CHO C2H3OH C2H4OH CH3O2 HSO3 HS4 C4H3 O1D H2Oaer_r SO2aer_r CO2aer_r S8aer_r H2SO4aer_r C2H2aer_r C2H4aer_r C2H6aer_r CH4aer_r HCaer1_r
5.92280000E-01 7.00131000E-01 2.87924062E+19 1.76123807E+02 1.00000000E+05 1.05279572E+00 4.21606666E+02 3.44652484E-01 2.45303205E-34 2.67925102E-07 1.67483783E-40 1.67483783E-40 1.67483783E-40 1.67483783E-40 1.69630159E-40 6.37841125E-16 7.14150935E-06 3.67026958E-08 5.70553756E-24 4.89488026E-19 1.42830187E-09 1.57113206E-07 2.77357273E-01 9.79615087E-19 7.45852247E-19 1.00000000E-40 1.00000000E-40 1.24092276E-38 7.69986599E-28 4.20357718E-20 1.86933288E-18 4.48417962E-17 5.63546699E-24 2.05089352E-23 5.56099963E-26 2.85660374E-13 2.30778291E-14 1.19201795E-14 2.09589225E-03 1.99130103E-31 6.19774371E-27 4.12729209E-11 1.00000000E-40 1.00000000E-40 8.10833854E-30 2.18734702E-29 1.81246225E-13 5.10170774E-11 9.99050456E-18 5.49807091E-17 2.51123158E-13 3.57075467E-08 1.91368581E-15 1.99712650E-22 3.52897943E-24 3.41759732E-09 2.84945769E-30 5.29801918E-19 2.62466869E-28 1.68759658E-29 4.50293679E-36 4.99162936E-39 3.37576189E-27 2.56558434E-27 2.47264011E-14 2.28422873E-34 3.47758235E-39 2.15259705E-32 1.00000000E-40 1.00000000E-40 1.20539562E-12 2.53139366E-24 1.19524289E-28 1.00000000E-40 1.00000000E-40 7.34918314E-30 2.24748839E-30 2.71635830E-26 5.76243762E-38 1.21228857E-23 7.18006713E-17 6.72335622E-20 2.84113881E-30 1.00000000E-40 1.00000000E-05 1.00000000E-05 1.00000000E-05 1.00000000E-05 1.00000000E-05 1.00000000E-05 1.00000000E-05 1.00000000E-05 1.00000000E-05 1.00000000E-05
1.77684000E+00 5.97166000E-01 2.40412631E+19 1.79909671E+02 1.00000000E+05 2.28509919E+00 9.46152118E+02 1.21239303E+01 5.54815623E-34 6.12291424E-07 3.39043737E-40 3.39043737E-40 3.39043737E-40 3.39043737E-40 3.45181640E-40 5.99395285E-17 7.61170661E-06 8.60011453E-08 5.42231022E-25 4.47002567E-19 2.56491917E-08 2.18938536E-07 3.11460534E-01 8.25045908E-21 8.75012677E-19 1.00000000E-40 1.00000000E-40 6.44009281E-40 3.57250388E-28 4.31868507E-20 7.67690905E-20 4.44240754E-17 3.83964022E-24 1.56120500E-23 5.80287011E-26 3.22984805E-13 1.76583815E-14 1.44611634E-14 3.19352300E-03 2.03288353E-31 6.37193075E-27 4.25799294E-11 1.00000000E-40 1.00000000E-40 8.33454989E-30 2.32589687E-29 2.40218836E-13 6.35298691E-11 5.99742164E-17 3.71541920E-17 3.28402827E-13 3.80544080E-08 2.01412076E-15 2.17330852E-22 2.43916903E-24 3.51086669E-09 2.92837554E-30 5.44762944E-19 2.69807952E-28 1.76870992E-29 4.65018004E-36 5.17765465E-39 3.47305013E-27 2.63597971E-27 2.95971287E-14 2.29578379E-34 1.00000000E-40 1.98114904E-32 1.00000000E-40 1.00000000E-40 2.81893549E-12 1.94732071E-25 1.44443523E-28 1.00000000E-40 1.00000000E-40 8.23075602E-30 2.27209981E-30 2.79254043E-26 7.46063221E-38 1.77774919E-23 5.47042744E-19 6.99961531E-20 2.82079993E-30 1.00000000E-40 1.00000000E-05 1.00000000E-05 1.00000000E-05 1.00000000E-05 1.00000000E-05 1.00000000E-05 1.00000000E-05 1.00000000E-05 1.00000000E-05 1.00000000E-05
2.96140000E+00 5.07918000E-01 2.03670171E+19 1.80627093E+02 1.00000000E+05 4.33872732E+00 1.78344877E+03 4.43739032E+01 1.03532878E-33 1.13303329E-06 5.91981684E-40 5.91981684E-40 5.91981684E-40 5.91981684E-40 6.04557819E-40 3.30590933E-17 8.17842524E-06 1.19044926E-07 2.69731804E-25 3.73125304E-19 5.52404437E-08 2.94290672E-07 3.51805151E-01 2.90036738E-21 1.01875223E-18 1.00000000E-40 1.00000000E-40 2.57532276E-40 2.26594800E-28 4.45443202E-20 2.83803689E-20 4.41171616E-17 3.03146276E-24 1.25080224E-23 6.18275943E-26 3.74503340E-13 1.53655193E-14 1.88861916E-14 4.42106371E-03 2.06395441E-31 6.58178167E-27 4.41453045E-11 1.00000000E-40 1.00000000E-40 8.60527683E-30 2.57339180E-29 2.58896905E-13 7.57363525E-11 8.91919357E-17 2.97782756E-17 3.21616482E-13 4.08762477E-08 2.01493309E-15 1.98052765E-22 1.64480838E-24 3.62147886E-09 3.02226602E-30 5.62864311E-19 2.78893860E-28 1.90896935E-29 4.84922456E-36 5.39316865E-39 3.59114151E-27 2.72056431E-27 2.76796764E-14 2.31317266E-34 1.00000000E-40 1.81325414E-32 1.00000000E-40 1.00000000E-40 4.78009288E-12 1.89420608E-26 1.70113415E-28 1.00000000E-40 1.00000000E-40 9.08229627E-30 2.30015547E-30 2.88416763E-26 9.87167697E-38 2.38793310E-23 1.70881082E-19 7.41656039E-20 2.79706548E-30 1.00000000E-40 1.00000000E-05 1.00000000E-05 1.00000000E-05 1.00000000E-05 1.00000000E-05 1.00000000E-05 1.00000000E-05 1.00000000E-05 1.00000000E-05 1.00000000E-05
4.14596000E+00 4.40637000E-01 1.76575812E+19 1.80745073E+02 1.00000000E+05 6.02182995E+00 2.47376591E+03 5.43925657E+01 1.43896310E-33 1.52539332E-06 8.20834269E-40 8.20834269E-40 8.20834269E-40 8.20834269E-40 8.39435450E-40 2.19543669E-17 8.64256438E-06 1.45205903E-07 1.65207639E-25 3.12504230E-19 8.90751189E-08 3.76460783E-07 3.89325555E-01 1.52498526E-21 1.14924591E-18 1.00000000E-40 1.00000000E-40 1.35733539E-40 1.55975672E-28 4.50302073E-20 1.44726956E-20 4.29230830E-17 2.37120398E-24 9.89892284E-24 6.56884589E-26 4.31849844E-13 1.37398697E-14 2.37364360E-14 5.65015600E-03 2.04034409E-31 6.66856347E-27 4.49039649E-11 1.00000000E-40 1.00000000E-40 8.71287418E-30 2.88675353E-29 2.62821896E-13 8.54674027E-11 1.01307036E-16 2.43581330E-17 2.89610732E-13 4.31764732E-08 1.94511623E-15 1.63678939E-22 1.07473378E-24 3.66144879E-09 3.05805823E-30 5.70554343E-19 2.83073903E-28 2.07287959E-29 4.98792329E-36 5.50369840E-39 3.64356232E-27 2.75379627E-27 2.41884226E-14 2.28294606E-34 1.00000000E-40 1.62064562E-32 1.00000000E-40 1.00000000E-40 6.99250157E-12 6.63437136E-27 1.94065736E-28 1.00000000E-40 1.00000000E-40 9.67368155E-30 2.27868155E-30 2.92170247E-26 1.28211904E-37 2.93798269E-23 8.24480081E-20 7.81100926E-20 2.71498305E-30 1.00000000E-40 1.00000000E-05 1.00000000E-05 1.00000000E-05 1.00000000E-05 1.00000000E-05 1.00000000E-05 1.00000000E-05 1.00000000E-05 1.00000000E-05 1.00000000E-05
5.33052000E+00 3.89650000E-01 1.55831669E+19 1.81107183E+02 1.00000000E+05 7.24288415E+00 3.00582337E+03 4.90097962E+01 1.75973885E-33 1.83249931E-06 1.02979830E-39 1.02979830E-39 1.02979830E-39 1.02979830E-39 1.05379844E-39 1.64219039E-17 8.98399969E-06 1.76726512E-07 1.17936012E-25 2.67674993E-19 1.25893347E-07 4.62318880E-07 4.22102067E-01 9.97830887E-22 1.25813851E-18 1.00000000E-40 1.00000000E-40 1.00000000E-40 1.15086973E-28 4.46366102E-20 8.32260116E-21 4.09471080E-17 1.81178587E-24 7.64271320E-24 6.96023705E-26 4.92772320E-13 1.22402449E-14 2.79595513E-14 6.89770248E-03 1.96896955E-31 6.63066641E-27 4.48374684E-11 1.00000000E-40 1.00000000E-40 8.65563227E-30 3.27149786E-29 2.64940720E-13 9.22425907E-11 1.03397127E-16 2.02394384E-17 2.59863612E-13 4.48542754E-08 1.84297838E-15 1.32583515E-22 6.85060635E-25 3.62947106E-09 3.03508580E-30 5.67709011E-19 2.82329381E-28 2.26422360E-29 5.06621724E-36 5.50355561E-39 3.62938095E-27 2.73520335E-27 2.11528410E-14 2.20841123E-34 1.00000000E-40 1.41894958E-32 1.00000000E-40 1.00000000E-40 9.37870237E-12 3.87843895E-27 2.16351618E-28 1.00000000E-40 1.00000000E-40 9.98999507E-30 2.21090717E-30 2.90452171E-26 1.62718088E-37 3.38965816E-23 5.03134455E-20 8.18045238E-20 2.58402138E-30 1.00000000E-40 1.00000000E-05 1.00000000E-05 1.00000000E-05 1.00000000E-05 1.00000000E-05 1.00000000E-05 1.00000000E-05 1.00000000E-05 1.00000000E-05 1.00000000E-05
6.51508000E+00 3.46768000E-01 1.38265497E+19 1.81652723E+02 1.00000000E+05 8.46970222E+00 3.54073799E+03 4.90087100E+01 2.07922992E-33 2.14281125E-06 1.22988285E-39 1.22988285E-39 1.22988285E-39 1.22988285E-39 1.25936451E-39 1.32276681E-17 9.30310453E-06 2.17967924E-07 9.18832049E-26 2.32410367E-19 1.66261729E-07 5.55230742E-07 4.54092577E-01 7.40420321E-22 1.35539120E-18 1.00000000E-40 1.00000000E-40 1.00000000E-40 8.91838967E-29 4.39481871E-20 5.13642080E-21 3.88057977E-17 1.37135455E-24 5.83985594E-24 7.44262970E-26 5.61430001E-13 1.09342212E-14 3.16582684E-14 8.29436066E-03 1.88073320E-31 6.55407972E-27 4.45215510E-11 1.00000000E-40 1.00000000E-40 8.54646219E-30 3.77373074E-29 2.68009432E-13 9.70127462E-11 9.97646774E-17 1.69073362E-17 2.35131686E-13 4.64106692E-08 1.73425078E-15 1.08088787E-22 4.32290973E-25 3.57253618E-09 2.99287902E-30 5.61704139E-19 2.80361897E-28 2.51537450E-29 5.15003732E-36 5.46156044E-39 3.59561859E-27 2.70045711E-27 1.86583357E-14 2.12106422E-34 1.00000000E-40 1.23458213E-32 1.00000000E-40 1.00000000E-40 1.19941866E-11 2.57308291E-27 2.39362406E-28 1.00000000E-40 1.00000000E-40 1.01536005E-29 2.12840656E-30 2.87041219E-26 2.04125468E-37 3.76860945E-23 3.52033545E-20 8.62515332E-20 2.44389607E-30 1.00000000E-40 1.00000000E-05 1.00000000E-05 1.00000000E-05 1.00000000E-05 1.00000000E-05 1.00000000E-05 1.00000000E-05 1.00000000E-05 1.00000000E-05 1.00000000E-05
7.69964000E+00 3.08741000E-01 1.22738403E+19 1.82192525E+02 1.00000000E+05 9.80753657E+00 4.12400024E+03 4.86266106E+01 2.42530821E-33 2.47868964E-06 1.44011618E-39 1.44011618E-39 1.44011618E-39 1.44011618E-39 1.47568837E-39 1.10538807E-17 9.65105146E-06 2.70746803E-07 7.41996551E-26 2.01986049E-19 2.11176431E-07 6.58415770E-07 4.87555009E-01 5.84604237E-22 1.44662268E-18 1.00000000E-40 1.00000000E-40 1.00000000E-40 7.09318940E-29 4.32361371E-20 3.32788172E-21 3.67658138E-17 1.03796845E-24 4.45868854E-24 8.06574881E-26 6.40958403E-13 9.83416745E-15 3.51854369E-14 9.94923057E-03 1.78980472E-31 6.47863415E-27 4.42267750E-11 1.00000000E-40 1.00000000E-40 8.43798494E-30 4.43125584E-29 2.70732764E-13 1.00370261E-10 9.25893386E-17 1.38534694E-17 2.12439978E-13 4.81000773E-08 1.62444938E-15 8.83712777E-23 2.71831121E-25 3.51223193E-09 2.94970849E-30 5.55980085E-19 2.78942423E-28 2.85044763E-29 5.27360041E-36 5.40999131E-39 3.56426953E-27 2.66611108E-27 1.64393431E-14 2.03469411E-34 1.00000000E-40 1.07513163E-32 1.00000000E-40 1.00000000E-40 1.49125896E-11 1.80677861E-27 2.64579783E-28 1.00000000E-40 1.00000000E-40 1.02291709E-29 2.04527692E-30 2.83695665E-26 2.54513329E-37 4.09802787E-23 2.64717737E-20 9.20017616E-20 2.31149071E-30 1.73379000E-40 1.00000000E-05 1.00000000E-05 1.00000000E-05 1.00000000E-05 1.00000000E-05 1.00000000E-05 1.00000000E-05 1.00000000E-05 1.00000000E-05 1.00000000E-05
8.88420000E+00 2.75166000E-01 1.09031315E+19 1.82793286E+02 1.00000000E+05 1.12807352E+01 4.77091551E+03 4.90105283E+01 2.80752278E-33 2.84954143E-06 1.66943512E-39 1.66943512E-39 1.66943512E-39 1.66943512E-39 1.71168012E-39 9.52505766E-18 1.00207484E-05 3.38259538E-07 6.16401559E-26 1.75512797E-19 2.60979754E-07 7.72441647E-07 5.22084747E-01 4.84587695E-22 1.52968860E-18 1.00000000E-40 1.00000000E-40 1.00000000E-40 5.76542487E-29 4.24767173E-20 2.22464209E-21 3.48169629E-17 7.84813113E-25 3.39831822E-24 8.83455770E-26 7.31829512E-13 8.87230462E-15 3.85810231E-14 1.19464988E-02 1.69670609E-31 6.40020702E-27 4.39274663E-11 1.00000000E-40 1.00000000E-40 8.32563410E-30 5.26479557E-29 2.73766038E-13 1.02330511E-10 8.34193469E-17 1.13466370E-17 1.92239225E-13 4.98857926E-08 1.51587667E-15 7.26016576E-23 1.70325386E-25 3.44617022E-09 2.90374116E-30 5.50220544E-19 2.77988148E-28 3.28113515E-29 5.43840106E-36 5.34506955E-39 3.53332488E-27 2.63060269E-27 1.45266434E-14 1.94819784E-34 1.00000000E-40 9.37711886E-33 1.00000000E-40 1.00000000E-40 1.81557304E-11 1.32000135E-27 2.92106549E-28 1.00000000E-40 1.00000000E-40 1.02165164E-29 1.96073603E-30 2.80251623E-26 3.15201373E-37 4.38146286E-23 2.10371284E-20 9.90728978E-20 2.18579637E-30 3.65995000E-40 1.00000000E-05 1.00000000E-05 1.00000000E-05 1.00000000E-05 1.00000000E-05 1.00000000E-05 1.00000000E-05 1.00000000E-05 1.00000000E-05 1.00000000E-05
1.00688000E+01 2.45598000E-01 9.69883656E+18 1.83409532E+02 1.00000000E+05 1.29027090E+01 5.48996809E+03 5.01395605E+01 3.22895474E-33 3.26020406E-06 1.91845917E-39 1.91845917E-39 1.91845917E-39 1.91845917E-39 1.96678235E-39 8.35604518E-18 1.04056480E-05 4.23185247E-07 5.19870128E-26 1.52119112E-19 3.15990393E-07 8.97838256E-07 5.57285960E-01 4.13367291E-22 1.60265637E-18 1.00000000E-40 1.00000000E-40 1.00000000E-40 4.74527170E-29 4.16556859E-20 1.51842202E-21 3.29599419E-17 5.93489101E-25 2.58895345E-24 9.75338197E-26 8.34693781E-13 8.01517529E-15 4.23914032E-14 1.43387819E-02 1.60209507E-31 6.31580995E-27 4.36054446E-11 1.00000000E-40 1.00000000E-40 8.20657237E-30 6.29748224E-29 2.76172451E-13 1.02918986E-10 7.34159154E-17 9.23782585E-18 1.73515075E-13 5.17337820E-08 1.40746078E-15 5.97427760E-23 1.06325033E-25 3.37277080E-09 2.85371699E-30 5.44209337E-19 2.77476862E-28 3.82066401E-29 5.64687795E-36 5.26423945E-39 3.50140314E-27 2.59286765E-27 1.28172603E-14 1.86096903E-34 1.00000000E-40 8.19720626E-33 1.00000000E-40 1.00000000E-40 2.17415043E-11 9.88715539E-28 3.21998977E-28 1.00000000E-40 1.00000000E-40 1.01166315E-29 1.87448193E-30 2.76598119E-26 3.87623068E-37 4.62246716E-23 1.73039271E-20 1.07475257E-19 2.06635272E-30 7.73217000E-40 1.00000000E-05 1.00000000E-05 1.00000000E-05 1.00000000E-05 1.00000000E-05 1.00000000E-05 1.00000000E-05 1.00000000E-05 1.00000000E-05 1.00000000E-05
1.12533000E+01 2.19575000E-01 8.64074523E+18 1.84055334E+02 1.00000000E+05 1.47012837E+01 6.29511385E+03 5.17874741E+01 3.69313650E-33 3.71345640E-06 2.18453312E-39 2.18453312E-39 2.18453312E-39 2.18453312E-39 2.23725311E-39 7.43479343E-18 1.08001378E-05 5.28860313E-07 4.43831710E-26 1.31660192E-19 3.76525155E-07 1.03515333E-06 5.92804845E-01 3.60447747E-22 1.66396036E-18 1.00000000E-40 1.00000000E-40 1.00000000E-40 3.94387361E-29 4.07686682E-20 1.05184468E-21 3.12050679E-17 4.49202386E-25 1.97303555E-24 1.08257839E-25 9.50391908E-13 7.24333371E-15 4.94132142E-14 1.71830876E-02 1.50682274E-31 6.22366326E-27 4.32505658E-11 1.00000000E-40 1.00000000E-40 8.07978605E-30 7.55487453E-29 2.77217037E-13 1.02186564E-10 6.34550052E-17 7.53321029E-18 1.56203406E-13 5.36146663E-08 1.30037608E-15 4.92015891E-23 6.61165279E-26 3.29128788E-09 2.79897982E-30 5.37835673E-19 2.77450673E-28 4.48374505E-29 5.90241682E-36 5.16626069E-39 3.46778494E-27 2.55236451E-27 1.12962307E-14 1.77288178E-34 1.00000000E-40 7.18858036E-33 1.00000000E-40 1.00000000E-40 2.56828921E-11 7.54472104E-28 3.54304339E-28 1.00000000E-40 1.00000000E-40 9.93294816E-30 1.78668446E-30 2.72679760E-26 4.73327764E-37 4.82476662E-23 1.46018782E-20 1.17211166E-19 1.95315126E-30 1.65316000E-39 1.00000000E-05 1.00000000E-05 1.00000000E-05 1.00000000E-05 1.00000000E-05 1.00000000E-05 1.00000000E-05 1.00000000E-05 1.00000000E-05 1.00000000E-05
1.24379000E+01 1.96694000E-01 7.71591325E+18 1.84637748E+02 1.00000000E+05 1.66732409E+01 7.18236269E+03 5.39369739E+01 4.19203017E-33 4.18982697E-06 2.46375733E-39 2.46375733E-39 2.46375733E-39 2.46375733E-39 2.52340887E-39 6.62035553E-18 1.11969107E-05 6.56623243E-07 3.77618363E-26 1.13475696E-19 4.42806241E-07 1.18469929E-06 6.28193199E-01 3.15297792E-22 1.71207321E-18 1.00000000E-40 1.00000000E-40 1.00000000E-40 3.27808305E-29 3.98103515E-20 7.38147885E-22 2.95627574E-17 3.41222842E-25 1.50836070E-24 1.20513300E-25 1.07966376E-12 6.55472777E-15 7.34418672E-14 2.04887435E-02 1.41152720E-31 6.12157564E-27 4.28494103E-11 1.00000000E-40 1.00000000E-40 7.94396751E-30 9.06258290E-29 2.72025150E-13 1.00192714E-10 5.40017450E-17 6.05555472E-18 1.39159488E-13 5.54907101E-08 1.19296078E-15 4.02169518E-23 4.09358974E-26 3.20095396E-09 2.73874530E-30 5.30952327E-19 2.77942999E-28 5.28509014E-29 6.20767207E-36 5.04988591E-39 3.43149918E-27 2.50840206E-27 9.86603201E-15 1.68379907E-34 1.00000000E-40 6.32887760E-33 1.00000000E-40 1.00000000E-40 2.99721415E-11 5.79935589E-28 3.88971182E-28 1.00000000E-40 1.00000000E-40 9.66899104E-30 1.69748377E-30 2.68424863E-26 5.73838415E-37 4.99102474E-23 1.23850418E-20 1.28241268E-19 1.84610014E-30 3.64660000E-39 1.00000000E-05 1.00000000E-05 1.00000000E-05 1.00000000E-05 1.00000000E-05 1.00000000E-05 1.00000000E-05 1.00000000E-05 1.00000000E-05 1.00000000E-05
1.36224000E+01 1.76553000E-01 6.90638322E+18 1.85157431E+02 1.00000000E+05 1.88491123E+01 8.14946777E+03 5.64777774E+01 4.73245339E-33 4.67395945E-06 2.76782771E-39 2.76782771E-39 2.76782771E-39 2.76782771E-39 2.83594448E-39 5.88555232E-18 1.15898610E-05 8.12451593E-07 3.16019551E-26 9.72001977E-20 5.15050935E-07 1.34680819E-06 6.63071395E-01 2.75636097E-22 1.74600419E-18 1.00000000E-40 1.00000000E-40 1.00000000E-40 2.72021953E-29 3.87848551E-20 5.31091819E-22 2.80506417E-17 2.60600831E-25 1.15886426E-24 1.34278374E-25 1.22335047E-12 5.96729928E-15 1.74910886E-13 2.43512463E-02 1.31706329E-31 6.00856682E-27 4.23964284E-11 1.00000000E-40 1.00000000E-40 7.79959605E-30 1.08474619E-28 2.48297288E-13 9.70623002E-11 4.52730691E-17 4.77031797E-18 1.22706358E-13 5.73302824E-08 1.08663651E-15 3.26229072E-23 2.52301867E-26 3.10181382E-09 2.67282642E-30 5.23513492E-19 2.79048839E-28 6.24003427E-29 6.56588696E-36 4.91520878E-39 3.39221125E-27 2.46079536E-27 8.53662862E-15 1.59401272E-34 1.00000000E-40 5.59931711E-33 1.00000000E-40 1.00000000E-40 3.45506471E-11 4.47586256E-28 4.25948867E-28 1.00000000E-40 1.00000000E-40 9.33127415E-30 1.60743436E-30 2.63815405E-26 6.90730576E-37 5.12423682E-23 1.04171364E-20 1.40510698E-19 1.74533295E-30 7.93615000E-39 1.00000000E-05 1.00000000E-05 1.00000000E-05 1.00000000E-05 1.00000000E-05 1.00000000E-05 1.00000000E-05 1.00000000E-05 1.00000000E-05 1.00000000E-05
1.48070000E+01 1.58735000E-01 6.18705360E+18 1.85825596E+02 1.00000000E+05 2.12532867E+01 9.17503491E+03 5.95289126E+01 5.38679760E-33 5.19623115E-06 3.10455286E-39 3.10455286E-39 3.10455286E-39 3.10455286E-39 3.18248000E-39 5.32718150E-18 1.19788240E-05 1.01390333E-06 2.60196739E-26 8.31872384E-20 5.93772990E-07 1.52257668E-06 6.97424494E-01 2.47098629E-22 1.76599367E-18 1.00000000E-40 1.00000000E-40 1.00000000E-40 2.28634662E-29 3.77166243E-20 4.38390742E-22 2.66993741E-17 1.99984376E-25 8.94286514E-25 1.49580105E-25 1.38302412E-12 5.52087409E-15 5.76175996E-13 2.90681386E-02 1.22477982E-31 5.88669304E-27 4.19073200E-11 1.00000000E-40 1.00000000E-40 7.65127671E-30 1.29438051E-28 1.83623319E-13 9.30693349E-11 3.74721131E-17 3.81261963E-18 1.08852983E-13 5.91311634E-08 9.87390468E-16 2.67076656E-23 1.54844723E-26 2.99558042E-09 2.60240972E-30 5.15735857E-19 2.81018991E-28 7.36783227E-29 6.98357028E-36 4.76506287E-39 3.35128359E-27 2.41060020E-27 7.43569602E-15 1.50459760E-34 1.00000000E-40 4.98535466E-33 1.00000000E-40 1.00000000E-40 3.92133573E-11 3.51025302E-28 4.65388908E-28 1.00000000E-40 1.00000000E-40 8.93133974E-30 1.51785267E-30 2.58966571E-26 8.26048472E-37 5.22967533E-23 8.70833603E-21 1.54016295E-19 1.65158826E-30 1.68303000E-38 1.00000000E-05 1.00000000E-05 1.00000000E-05 1.00000000E-05 1.00000000E-05 1.00000000E-05 1.00000000E-05 1.00000000E-05 1.00000000E-05 1.00000000E-05
1.59916000E+01 1.42810000E-01 5.54724318E+18 1.86465346E+02 1.00000000E+05 2.38607379E+01 1.02613559E+04 6.30830728E+01 6.45434213E-33 5.77904932E-06 3.47929825E-39 3.47929825E-39 3.47929825E-39 3.47929825E-39 3.56859977E-39 4.81781051E-18 1.23716558E-05 1.27040024E-06 2.07685923E-26 7.08675758E-20 6.80022204E-07 1.71442206E-06 7.31745433E-01 2.21420588E-22 1.77370417E-18 1.00000000E-40 1.00000000E-40 1.00000000E-40 1.92068875E-29 3.66514160E-20 7.40370583E-22 2.55522084E-17 1.55229198E-25 6.97782238E-25 1.66542829E-25 1.56152356E-12 5.20114178E-15 1.80666273E-12 3.47676010E-02 1.13642643E-31 5.76134955E-27 4.14219377E-11 1.00000000E-40 1.00000000E-40 7.50813817E-30 1.53992503E-28 9.19438269E-14 8.86655477E-11 3.06803523E-17 2.98899742E-18 9.62793104E-14 6.09305366E-08 8.92671410E-16 2.18500784E-23 9.46971827E-27 2.88569869E-09 2.53014376E-30 5.08130262E-19 2.84292552E-28 8.69469769E-29 7.47206466E-36 4.60510138E-39 3.31200414E-27 2.36022831E-27 6.43789777E-15 1.41735906E-34 1.00000000E-40 4.47412832E-33 1.00000000E-40 1.00000000E-40 4.34796281E-11 2.76097792E-28 5.07755737E-28 1.00000000E-40 1.00000000E-40 8.48541267E-30 1.43074607E-30 2.54140327E-26 9.82712994E-37 5.31534455E-23 7.11652601E-21 1.68852315E-19 1.56652494E-30 3.20502000E-38 1.00000000E-05 1.00000000E-05 1.00000000E-05 1.00000000E-05 1.00000000E-05 1.00000000E-05 1.00000000E-05 1.00000000E-05 1.00000000E-05 1.00000000E-05
1.71761000E+01 1.28408000E-01 4.96805835E+18 1.87207012E+02 1.00000000E+05 2.66468660E+01 1.14756577E+04 6.71983894E+01 8.63290579E-33 6.44058710E-06 3.90043281E-39 3.90043281E-39 3.90043281E-39 3.90043281E-39 4.00308231E-39 4.40961173E-18 1.27807318E-05 1.60856726E-06 1.68936892E-26 6.06515328E-20 7.75400485E-07 1.92604117E-06 7.66852689E-01 2.01634398E-22 1.77148771E-18 1.00000000E-40 1.00000000E-40 1.00000000E-40 1.62862330E-29 3.56399755E-20 2.49407549E-21 2.46540160E-17 1.22139523E-25 5.51675136E-25 1.85378432E-25 1.76295999E-12 4.91957414E-15 4.28628025E-12 4.18505961E-02 1.05358349E-31 5.63883219E-27 4.09878598E-11 1.00000000E-40 1.00000000E-40 7.38074691E-30 1.82772993E-28 4.12173791E-14 8.42226275E-11 2.50163226E-17 2.36757401E-18 8.60942404E-14 6.27873213E-08 8.06095191E-16 1.80251486E-23 5.78022898E-27 2.77594546E-09 2.45901620E-30 5.01296716E-19 2.89409309E-28 1.02548390E-28 8.04638647E-36 4.44160520E-39 3.27827981E-27 2.31245150E-27 5.59916009E-15 1.33410335E-34 1.00000000E-40 4.05434371E-33 1.00000000E-40 1.00000000E-40 4.70118584E-11 2.19555893E-28 5.53776868E-28 1.00000000E-40 1.00000000E-40 8.00974351E-30 1.34808787E-30 2.49639809E-26 1.16469387E-36 5.39030485E-23 5.97648739E-21 1.85193512E-19 1.49172491E-30 5.67968000E-38 1.00000000E-05 1.00000000E-05 1.00000000E-05 1.00000000E-05 1.00000000E-05 1.00000000E-05 1.00000000E-05 1.00000000E-05 1.00000000E-05 1.00000000E-05
1.83607000E+01 1.15307000E-01 4.44437679E+18 1.87915031E+02 1.00000000E+05 2.97076873E+01 1.28620097E+04 7.20571057E+01 1.26914141E-32 7.19905051E-06 4.37717634E-39 4.37717634E-39 4.37717634E-39 4.37717634E-39 4.49554980E-39 4.02712901E-18 1.32135443E-05 2.05420686E-06 1.36962265E-26 5.21530269E-20 8.81601347E-07 2.16122863E-06 8.03326221E-01 1.83092294E-22 1.76092628E-18 1.00000000E-40 1.00000000E-40 1.00000000E-40 1.38002495E-29 3.47106323E-20 7.37584694E-21 2.40341182E-17 9.80248527E-26 4.44634096E-25 2.06268342E-25 1.99146291E-12 4.67758993E-15 8.02126899E-12 5.06491222E-02 9.76847588E-32 5.52200895E-27 4.06293117E-11 1.00000000E-40 1.00000000E-40 7.27555192E-30 2.16483101E-28 2.14877617E-14 7.98646188E-11 2.04148773E-17 1.84894877E-18 7.76344170E-14 6.47357399E-08 7.25559028E-16 1.48795213E-23 3.52423215E-27 2.66826159E-09 2.39045117E-30 4.95544667E-19 2.96808146E-28 1.20850771E-28 8.72003008E-36 4.27795692E-39 3.25216334E-27 2.26863335E-27 4.84498956E-15 1.25561184E-34 1.00000000E-40 3.71244331E-33 1.00000000E-40 1.00000000E-40 4.98916807E-11 1.74781636E-28 6.04060008E-28 1.00000000E-40 1.00000000E-40 7.51426843E-30 1.27077814E-30 2.45619090E-26 1.37646890E-36 5.46046795E-23 5.04336626E-21 2.03173908E-19 1.42781050E-30 9.44177000E-38 1.00000000E-05 1.00000000E-05 1.00000000E-05 1.00000000E-05 1.00000000E-05 1.00000000E-05 1.00000000E-05 1.00000000E-05 1.00000000E-05 1.00000000E-05
1.95452000E+01 1.03355000E-01 3.96418876E+18 1.88839953E+02 1.00000000E+05 3.31777000E+01 1.44630586E+04 7.77276643E+01 2.03387041E-32 8.07734334E-06 4.92136551E-39 4.92136551E-39 4.92136551E-39 4.92136551E-39 5.05850203E-39 3.75878093E-18 1.36762736E-05 2.67413412E-06 1.12200626E-26 4.57249712E-20 1.00061406E-06 2.42439161E-06 8.41704589E-01 1.71119345E-22 1.74329474E-18 1.00000000E-40 1.00000000E-40 1.00000000E-40 1.18965438E-29 3.38825830E-20 1.73360778E-20 2.37178629E-17 8.02190006E-26 3.65154159E-25 2.29408696E-25 2.25175236E-12 4.48146751E-15 1.29468175E-11 6.20455272E-02 9.06374969E-32 5.41232503E-27 4.03612583E-11 1.00000000E-40 1.00000000E-40 7.19759879E-30 2.55953511E-28 1.31737102E-14 7.56400251E-11 1.68385354E-17 1.50124137E-18 7.23867765E-14 6.68028914E-08 6.54652789E-16 1.25254433E-23 2.14797468E-27 2.56378035E-09 2.32520780E-30 4.91069097E-19 3.06932121E-28 1.42278119E-28 9.50744107E-36 4.11625524E-39 3.23499299E-27 2.22955729E-27 4.24907342E-15 1.18222279E-34 1.00000000E-40 3.43641575E-33 1.00000000E-40 1.00000000E-40 5.22930021E-11 1.41471172E-28 6.59236455E-28 1.00000000E-40 1.00000000E-40 7.00516283E-30 1.19923966E-30 2.42171965E-26 1.62344274E-36 5.53028309E-23 4.34192395E-21 2.22932868E-19 1.37492957E-30 1.48455000E-37 1.00000000E-05 1.00000000E-05 1.00000000E-05 1.00000000E-05 1.00000000E-05 1.00000000E-05 1.00000000E-05 1.00000000E-05 1.00000000E-05 1.00000000E-05
2.07298000E+01 9.24529000E-02 3.52900628E+18 1.89751328E+02 1.00000000E+05 3.71384652E+01 1.63125009E+04 8.43110898E+01 3.89142942E-32 9.09511067E-06 5.54200532E-39 5.54200532E-39 5.54200532E-39 5.54200532E-39 5.70146446E-39 3.50084733E-18 1.41722977E-05 3.51469231E-06 9.06437396E-27 4.09377258E-20 1.13457558E-06 2.72020636E-06 8.82374499E-01 1.59507170E-22 1.71941101E-18 1.00000000E-40 1.00000000E-40 1.00000000E-40 1.02544269E-29 3.31651401E-20 3.42625377E-20 2.37271413E-17 6.73971470E-26 3.07622901E-25 2.54971045E-25 2.54879990E-12 4.32080708E-15 1.90533927E-11 7.64964013E-02 8.41950458E-32 5.30961485E-27 4.01873512E-11 1.00000000E-40 1.00000000E-40 7.15031080E-30 3.02105039E-28 8.85734130E-15 7.15631051E-11 1.41521928E-17 1.22647819E-18 6.93078858E-14 6.90015956E-08 5.89401591E-16 1.05754913E-23 1.30869383E-27 2.46282716E-09 2.26332456E-30 4.87928284E-19 3.20211119E-28 1.67285453E-28 1.04228396E-35 3.95725336E-39 3.22723195E-27 2.19534603E-27 3.71303077E-15 1.11387797E-34 1.00000000E-40 3.21349446E-33 1.00000000E-40 1.00000000E-40 5.43507012E-11 1.14516615E-28 7.19846272E-28 1.00000000E-40 1.00000000E-40 6.48660792E-30 1.13345807E-30 2.39322421E-26 1.91181128E-36 5.60223031E-23 3.71235327E-21 2.44579162E-19 1.33315568E-30 2.24578000E-37 1.00000000E-05 1.00000000E-05 1.00000000E-05 1.00000000E-05 1.00000000E-05 1.00000000E-05 1.00000000E-05 1.00000000E-05 1.00000000E-05 1.00000000E-05
2.19144000E+01 8.25243000E-02 3.13331574E+18 1.90763115E+02 1.00000000E+05 4.16696188E+01 1.84568271E+04 9.18833333E+01 9.74416190E-32 1.02795873E-05 6.25119921E-39 6.25119921E-39 6.25119921E-39 6.25119921E-39 6.43736699E-39 3.28694046E-18 1.47026948E-05 4.67817720E-06 7.30983323E-27 3.79090773E-20 1.28575881E-06 3.05360842E-06 9.25591053E-01 1.50323208E-22 1.68976810E-18 1.00000000E-40 1.00000000E-40 1.00000000E-40 8.90659897E-30 3.25618710E-20 6.03505356E-20 2.40839297E-17 5.81501037E-26 2.65899856E-25 2.83092771E-25 2.88778026E-12 4.18407762E-15 2.63730951E-11 9.50852254E-02 7.83200917E-32 5.21270449E-27 4.01037170E-11 1.00000000E-40 1.00000000E-40 7.13630939E-30 3.55942728E-28 6.38157664E-15 6.76320056E-11 1.22509042E-17 1.04122838E-18 6.92602365E-14 7.13330335E-08 5.30779269E-16 9.01150621E-24 7.97210476E-28 2.36525524E-09 2.20440363E-30 4.86092354E-19 3.37087095E-28 1.96350040E-28 1.14802854E-35 3.80091035E-39 3.22877286E-27 2.16570451E-27 3.25851097E-15 1.05032990E-34 1.00000000E-40 3.03288117E-33 1.00000000E-40 1.00000000E-40 5.61772141E-11 9.32835507E-29 7.86334997E-28 1.00000000E-40 1.00000000E-40 5.96097133E-30 1.07319796E-30 2.37050106E-26 2.24864855E-36 5.67734241E-23 3.18912553E-21 2.68184549E-19 1.30240199E-30 3.29438000E-37 1.00000000E-05 1.00000000E-05 1.00000000E-05 1.00000000E-05 1.00000000E-05 1.00000000E-05 1.00000000E-05 1.00000000E-05 1.00000000E-05 1.00000000E-05
2.30989000E+01 7.35050000E-02 2.77525291E+18 1.91836408E+02 1.00000000E+05 4.68761655E+01 2.09606341E+04 1.00579437E+02 3.35617401E-31 1.16691506E-05 7.06543347E-39 7.06543347E-39 7.06543347E-39 7.06543347E-39 7.28384911E-39 3.09567743E-18 1.52676489E-05 6.29044305E-06 5.86779682E-27 3.65167649E-20 1.45670558E-06 3.43011081E-06 9.71560083E-01 1.42348212E-22 1.65472298E-18 1.00000000E-40 1.00000000E-40 1.00000000E-40 7.76839521E-30 3.20743876E-20 9.80190059E-20 2.48131271E-17 5.16176649E-26 2.36246586E-25 3.13896046E-25 3.27431059E-12 4.06108340E-15 3.49943671E-11 1.18968977E-01 7.29704904E-32 5.12001785E-27 4.01033372E-11 1.00000000E-40 1.00000000E-40 7.15827160E-30 4.18589762E-28 4.81682461E-15 6.38385097E-11 1.10068921E-17 9.19739844E-19 7.25609664E-14 7.37936336E-08 4.77687782E-16 7.72505587E-24 4.85513090E-28 2.27074672E-09 2.14787301E-30 4.85496896E-19 3.58052782E-28 2.29982906E-28 1.26946479E-35 3.64686095E-39 3.23928976E-27 2.14016545E-27 2.86268144E-15 9.91278349E-35 1.00000000E-40 2.88470354E-33 1.00000000E-40 1.00000000E-40 5.78641431E-11 7.61728781E-29 8.59108378E-28 1.00000000E-40 1.00000000E-40 5.43079421E-30 1.01813853E-30 2.35316949E-26 2.64231400E-36 5.75583752E-23 2.74177243E-21 2.93803136E-19 1.28275516E-30 4.73890000E-37 1.00000000E-05 1.00000000E-05 1.00000000E-05 1.00000000E-05 1.00000000E-05 1.00000000E-05 1.00000000E-05 1.00000000E-05 1.00000000E-05 1.00000000E-05
2.42835000E+01 6.53356000E-02 2.45257762E+18 1.92949581E+02 1.00000000E+05 5.28499495E+01 2.38821187E+04 1.10578760E+02 1.51006728E-30 1.33000993E-05 7.99834629E-39 7.99834629E-39 7.99834629E-39 7.99834629E-39 8.25555213E-39 2.91539967E-18 1.58660952E-05 8.52523951E-06 4.68498614E-27 3.66970127E-20 1.65016094E-06 3.85566217E-06 1.02040790E+00 1.34935759E-22 1.61452549E-18 1.00000000E-40 1.00000000E-40 1.00000000E-40 6.78979161E-30 3.17029832E-20 1.50189359E-19 2.59426235E-17 4.71569307E-26 2.15846024E-25 3.47464287E-25 3.71424036E-12 3.94375705E-15 4.50635940E-11 1.49572712E-01 6.81051422E-32 5.02968465E-27 4.01762909E-11 1.00000000E-40 1.00000000E-40 7.21904901E-30 4.91259341E-28 3.75407651E-15 6.01716826E-11 1.03084144E-17 8.46566773E-19 7.98200269E-14 7.63735546E-08 4.29398923E-16 6.64333101E-24 2.95587588E-28 2.17889933E-09 2.09304538E-30 4.86046713E-19 3.83647166E-28 2.68704846E-28 1.40808788E-35 3.49455806E-39 3.25825254E-27 2.11812238E-27 2.51248993E-15 9.36423095E-35 1.00000000E-40 2.76022800E-33 1.00000000E-40 1.00000000E-40 5.94860517E-11 6.21875664E-29 9.38480666E-28 1.00000000E-40 1.00000000E-40 4.89937417E-30 9.67924883E-31 2.34070055E-26 3.10253681E-36 5.83716374E-23 2.35402783E-21 3.21452078E-19 1.27449001E-30 6.72091000E-37 1.00000000E-05 1.00000000E-05 1.00000000E-05 1.00000000E-05 1.00000000E-05 1.00000000E-05 1.00000000E-05 1.00000000E-05 1.00000000E-05 1.00000000E-05
2.54680000E+01 5.79562000E-02 2.16192745E+18 1.94167038E+02 1.00000000E+05 5.95700510E+01 2.72538633E+04 1.21737030E+02 8.25839115E-30 1.51988140E-05 9.04743710E-39 9.04743710E-39 9.04743710E-39 9.04743710E-39 9.35101751E-39 2.75932261E-18 1.64971760E-05 1.16388324E-05 3.75169048E-27 3.85715241E-20 1.86927502E-06 4.33711438E-06 1.07227456E+00 1.28927824E-22 1.56946353E-18 1.00000000E-40 1.00000000E-40 1.00000000E-40 5.97034268E-30 3.14493865E-20 2.21333117E-19 2.75056501E-17 4.42508555E-26 2.02394268E-25 3.83871096E-25 4.21402382E-12 3.82643999E-15 5.68020024E-11 1.88769132E-01 6.36899877E-32 4.93999360E-27 4.03133279E-11 1.00000000E-40 1.00000000E-40 7.32237757E-30 5.75310657E-28 3.00982606E-15 5.66229566E-11 1.00803835E-17 8.24451247E-19 9.24819560E-14 7.90637054E-08 3.85988240E-16 5.74785688E-24 1.79886706E-28 2.08941455E-09 2.03930365E-30 4.87658989E-19 4.14496194E-28 3.13066421E-28 1.56553075E-35 3.34357601E-39 3.28521731E-27 2.09901653E-27 2.21159222E-15 8.85538647E-35 1.00000000E-40 2.65203211E-33 1.00000000E-40 1.00000000E-40 6.11089331E-11 5.09069451E-29 1.02475665E-27 1.00000000E-40 1.00000000E-40 4.37130315E-30 9.22245395E-31 2.33262424E-26 3.64112488E-36 5.92058860E-23 2.03116954E-21 3.51139180E-19 1.27818863E-30 9.41382000E-37 1.00000000E-05 1.00000000E-05 1.00000000E-05 1.00000000E-05 1.00000000E-05 1.00000000E-05 1.00000000E-05 1.00000000E-05 1.00000000E-05 1.00000000E-05
2.66526000E+01 5.13074000E-02 1.90251359E+18 1.95330003E+02 1.00000000E+05 6.72630170E+01 3.12200172E+04 1.34515765E+02 4.91150752E-29 1.74566173E-05 1.02463433E-38 1.02463433E-38 1.02463433E-38 1.02463433E-38 1.06059530E-38 2.58540412E-18 1.71596813E-05 1.58719229E-05 2.98047679E-27 4.20971736E-20 2.11752812E-06 4.88205778E-06 1.12727253E+00 1.21756116E-22 1.51985147E-18 1.00000000E-40 1.00000000E-40 1.00000000E-40 5.22482603E-30 3.13161092E-20 3.15611624E-19 2.95394055E-17 4.26523745E-26 1.94815971E-25 4.23154838E-25 4.78044706E-12 3.70411699E-15 7.05268242E-11 2.37554628E-01 5.96980499E-32 4.84933619E-27 4.05049827E-11 1.00000000E-40 1.00000000E-40 7.47274007E-30 6.72211575E-28 2.43545914E-15 5.31860815E-11 1.02569184E-17 8.25469815E-19 1.10928638E-13 8.18532585E-08 3.45847979E-16 4.93356268E-24 1.09407364E-28 2.00208953E-09 1.98608106E-30 4.90252429E-19 4.51296059E-28 3.63615993E-28 1.74346505E-35 3.19359600E-39 3.31974743E-27 2.08229990E-27 1.93033599E-15 8.38467851E-35 1.00000000E-40 2.55312517E-33 1.00000000E-40 1.00000000E-40 6.27871941E-11 4.13524133E-29 1.11816981E-27 1.00000000E-40 1.00000000E-40 3.85403937E-30 8.80820922E-31 2.32848347E-26 4.27220446E-36 6.00509373E-23 1.73516144E-21 3.82842288E-19 1.29485606E-30 1.30958000E-36 1.00000000E-05 1.00000000E-05 1.00000000E-05 1.00000000E-05 1.00000000E-05 1.00000000E-05 1.00000000E-05 1.00000000E-05 1.00000000E-05 1.00000000E-05
2.78372000E+01 4.53327000E-02 1.67120805E+18 1.96470697E+02 1.00000000E+05 7.62269489E+01 3.59987626E+04 1.49425304E+02 3.00132594E-28 2.02147694E-05 1.16402118E-38 1.16402118E-38 1.16402118E-38 1.16402118E-38 1.20688576E-38 2.40664654E-18 1.78513323E-05 2.16521176E-05 2.36782555E-27 4.76141779E-20 2.39867561E-06 5.49869580E-06 1.18544027E+00 1.14152553E-22 1.46597375E-18 1.00000000E-40 1.00000000E-40 1.00000000E-40 4.56428508E-30 3.13050868E-20 4.40174792E-19 3.20834296E-17 4.20622893E-26 1.91749355E-25 4.65294866E-25 5.42038411E-12 3.57404089E-15 8.66598687E-11 2.97216161E-01 5.61075227E-32 4.75603156E-27 4.07399450E-11 1.00000000E-40 1.00000000E-40 7.67510326E-30 7.83508753E-28 1.98551420E-15 4.98549898E-11 1.08305026E-17 8.48546259E-19 1.37238847E-13 8.47263285E-08 3.09100105E-16 4.20874979E-24 6.65051930E-29 1.91673473E-09 1.93278732E-30 4.93727297E-19 4.94794538E-28 4.20869856E-28 1.94350670E-35 3.04428361E-39 3.36127711E-27 2.06735315E-27 1.67414480E-15 7.95084042E-35 1.00000000E-40 2.45811776E-33 1.00000000E-40 1.00000000E-40 6.45680996E-11 3.34123191E-29 1.21882911E-27 1.00000000E-40 1.00000000E-40 3.35548439E-30 8.43366114E-31 2.32774069E-26 5.01265138E-36 6.08919205E-23 1.47410536E-21 4.16489501E-19 1.32568581E-30 1.81907000E-36 1.00000000E-05 1.00000000E-05 1.00000000E-05 1.00000000E-05 1.00000000E-05 1.00000000E-05 1.00000000E-05 1.00000000E-05 1.00000000E-05 1.00000000E-05
2.90217000E+01 3.99771000E-02 1.46416762E+18 1.97759432E+02 1.00000000E+05 8.67350336E+01 4.18506773E+04 1.66904616E+02 1.78350846E-27 2.36498059E-05 1.32701985E-38 1.32701985E-38 1.32701985E-38 1.32701985E-38 1.37851164E-38 2.26327221E-18 1.85722977E-05 2.96769490E-05 1.93298440E-27 5.63616850E-20 2.71739635E-06 6.19731297E-06 1.24697716E+00 1.08455252E-22 1.40829586E-18 1.00000000E-40 1.00000000E-40 1.00000000E-40 4.03237387E-30 3.14227955E-20 6.09024898E-19 3.51862324E-17 4.21479226E-26 1.91616132E-25 5.10315349E-25 6.14211938E-12 3.43580572E-15 1.05790136E-10 3.67624406E-01 5.29083128E-32 4.65907850E-27 4.10121115E-11 1.00000000E-40 1.00000000E-40 7.93638429E-30 9.11038108E-28 1.64723115E-15 4.66295862E-11 1.19077043E-17 9.19027515E-19 1.76779329E-13 8.76784700E-08 2.76493826E-16 3.61835093E-24 4.04106726E-29 1.83343695E-09 1.87909978E-30 4.98050972E-19 5.45904378E-28 4.85408054E-28 2.16766555E-35 2.89569201E-39 3.40970608E-27 2.05382418E-27 1.45890424E-15 7.55386516E-35 1.00000000E-40 2.36305250E-33 1.00000000E-40 1.00000000E-40 6.65026553E-11 2.71735378E-29 1.32698810E-27 1.00000000E-40 1.00000000E-40 2.88440790E-30 8.09696203E-31 2.33016966E-26 5.88427648E-36 6.17205246E-23 1.26816175E-21 4.52050975E-19 1.37239283E-30 2.52127000E-36 1.00000000E-05 1.00000000E-05 1.00000000E-05 1.00000000E-05 1.00000000E-05 1.00000000E-05 1.00000000E-05 1.00000000E-05 1.00000000E-05 1.00000000E-05
3.02063000E+01 3.51832000E-02 1.27980765E+18 1.99116547E+02 1.00000000E+05 9.91762884E+01 4.91357024E+04 1.87701474E+02 9.43264156E-27 2.80017444E-05 1.51945722E-38 1.51945722E-38 1.51945722E-38 1.51945722E-38 1.58183610E-38 2.13600586E-18 1.93275579E-05 4.03558467E-05 1.61315615E-27 6.93710887E-20 3.07980748E-06 6.99143529E-06 1.31239390E+00 1.03435273E-22 1.34759677E-18 1.00000000E-40 1.00000000E-40 1.00000000E-40 3.58668503E-30 3.16838271E-20 8.39008352E-19 3.89103285E-17 4.28172233E-26 1.93954632E-25 5.58357014E-25 6.95633399E-12 3.28962108E-15 1.28775836E-10 4.48557381E-01 5.01065058E-32 4.55865451E-27 4.13253249E-11 1.00000000E-40 1.00000000E-40 8.26653248E-30 1.05709100E-27 1.37807253E-15 4.35198165E-11 1.35519910E-17 1.04815299E-18 2.33887892E-13 9.07277107E-08 2.47220042E-16 3.10306226E-24 2.45401996E-29 1.75274341E-09 1.82515799E-30 5.03316126E-19 6.05790270E-28 5.57942506E-28 2.41867433E-35 2.74853253E-39 3.46580503E-27 2.04185600E-27 1.27030930E-15 7.19570011E-35 1.00000000E-40 2.26379237E-33 1.00000000E-40 1.00000000E-40 6.86494130E-11 2.21503691E-29 1.44323030E-27 1.00000000E-40 1.00000000E-40 2.45440047E-30 7.79803427E-31 2.33612142E-26 6.91601955E-36 6.25424388E-23 1.09751657E-21 4.89601947E-19 1.43776915E-30 3.50082000E-36 1.00000000E-05 1.00000000E-05 1.00000000E-05 1.00000000E-05 1.00000000E-05 1.00000000E-05 1.00000000E-05 1.00000000E-05 1.00000000E-05 1.00000000E-05
3.13908000E+01 3.08843000E-02 1.11889265E+18 1.99924518E+02 1.00000000E+05 1.13956253E+02 5.83404657E+04 2.12512901E+02 3.96494743E-26 3.35905668E-05 1.74749252E-38 1.74749252E-38 1.74749252E-38 1.74749252E-38 1.82388998E-38 1.91956263E-18 2.01267852E-05 5.32018119E-05 1.29451474E-27 8.58906234E-20 3.49338132E-06 7.89765816E-06 1.38248386E+00 9.25006644E-23 1.28503069E-18 1.00000000E-40 1.00000000E-40 1.00000000E-40 3.09042019E-30 3.21113121E-20 1.13126924E-18 4.33302844E-17 4.43224789E-26 2.00067202E-25 6.09653977E-25 7.87571588E-12 3.13585612E-15 1.56811061E-10 5.38232335E-01 4.77275704E-32 4.45628230E-27 4.16940128E-11 1.00000000E-40 1.00000000E-40 8.67855475E-30 1.22435207E-27 1.10764728E-15 4.05485514E-11 1.57066993E-17 1.13485556E-18 2.99813624E-13 9.39144324E-08 2.18602857E-16 2.53464916E-24 1.48947528E-29 1.67574944E-09 1.77163779E-30 5.09747673E-19 6.75846057E-28 6.39266291E-28 2.69986776E-35 2.60432338E-39 3.53125063E-27 2.03213713E-27 1.06271282E-15 6.88060046E-35 1.00000000E-40 2.15652859E-33 1.00000000E-40 1.00000000E-40 7.10774352E-11 1.74820772E-29 1.56842515E-27 1.00000000E-40 1.00000000E-40 2.08358946E-30 7.53891099E-31 2.34656952E-26 8.14488898E-36 6.33783816E-23 9.04865249E-22 5.29306772E-19 1.52570217E-30 4.91033000E-36 1.00000000E-05 1.00000000E-05 1.00000000E-05 1.00000000E-05 1.00000000E-05 1.00000000E-05 1.00000000E-05 1.00000000E-05 1.00000000E-05 1.00000000E-05
3.25754000E+01 2.69872000E-02 9.71820343E+17 2.01135421E+02 1.00000000E+05 1.32265516E+02 7.03966067E+04 2.43636418E+02 1.05055627E-25 4.09649122E-05 2.02942034E-38 2.02942034E-38 2.02942034E-38 2.02942034E-38 2.12461257E-38 1.79724112E-18 2.10156064E-05 7.02149892E-05 1.11692403E-27 1.12917261E-19 3.97407470E-06 8.95159957E-06 1.46054960E+00 8.67851254E-23 1.22351726E-18 1.00000000E-40 1.00000000E-40 1.00000000E-40 2.76207934E-30 3.27827307E-20 1.55622149E-18 4.86159894E-17 4.59713575E-26 2.06384841E-25 6.65623480E-25 8.93066316E-12 2.98636830E-15 1.91731037E-10 6.36605349E-01 4.58718908E-32 4.36027214E-27 4.22011578E-11 1.00000000E-40 1.00000000E-40 9.20267124E-30 1.41849994E-27 9.22980405E-16 3.77911110E-11 1.90184675E-17 1.38008720E-18 4.06746904E-13 9.74441815E-08 1.95164333E-16 2.12251056E-24 9.05866703E-30 1.60595152E-09 1.72185223E-30 5.18423343E-19 7.59006360E-28 7.31546355E-28 3.02036027E-35 2.46814454E-39 3.61372950E-27 2.02858412E-27 9.10696083E-16 6.62284995E-35 1.00000000E-40 2.04495326E-33 1.00000000E-40 1.00000000E-40 7.39875164E-11 1.42341790E-29 1.70652648E-27 1.00000000E-40 1.00000000E-40 1.77963465E-30 7.33264924E-31 2.36632581E-26 9.63592965E-36 6.43537766E-23 7.81133345E-22 5.72339257E-19 1.64262960E-30 7.03856000E-36 1.00000000E-05 1.00000000E-05 1.00000000E-05 1.00000000E-05 1.00000000E-05 1.00000000E-05 1.00000000E-05 1.00000000E-05 1.00000000E-05 1.00000000E-05
3.37600000E+01 2.33997000E-02 8.36402761E+17 2.02633642E+02 1.00000000E+05 1.55967759E+02 8.66943303E+04 2.84561798E+02 8.98952476E-26 5.08681821E-05 2.39444825E-38 2.39444825E-38 2.39444825E-38 2.39444825E-38 2.51635195E-38 1.74467853E-18 2.20849115E-05 8.91847244E-05 1.04104542E-27 1.59039993E-19 4.55186762E-06 1.02200560E-05 1.55314883E+00 8.45072866E-23 1.16717540E-18 1.00000000E-40 1.00000000E-40 1.00000000E-40 2.55587928E-30 3.38391105E-20 2.19076195E-18 5.50925330E-17 4.78274179E-26 2.13013752E-25 7.29439077E-25 1.01809087E-11 2.85107309E-15 2.36831291E-10 7.37575539E-01 4.47004958E-32 4.28488100E-27 4.30044300E-11 1.00000000E-40 1.00000000E-40 9.89278523E-30 1.65039659E-27 7.91644540E-16 3.53519692E-11 2.41350934E-17 1.99233484E-18 5.71467848E-13 1.01724396E-07 1.76162134E-16 1.78424094E-24 5.52710008E-30 1.54870442E-09 1.68132311E-30 5.31379982E-19 8.60704551E-28 8.39304662E-28 3.39853785E-35 2.34745227E-39 3.72790395E-27 2.03837002E-27 7.95057693E-16 6.44502250E-35 1.00000000E-40 1.93102744E-33 1.00000000E-40 1.00000000E-40 7.77264366E-11 1.19557372E-29 1.86600411E-27 1.00000000E-40 1.00000000E-40 1.56274459E-30 7.20192999E-31 2.40432887E-26 1.15024908E-35 6.57089692E-23 7.02585501E-22 6.21320785E-19 1.80096500E-30 1.05387000E-35 1.00000000E-05 1.00000000E-05 1.00000000E-05 1.00000000E-05 1.00000000E-05 1.00000000E-05 1.00000000E-05 1.00000000E-05 1.00000000E-05 1.00000000E-05
3.49445000E+01 2.01308000E-02 7.25179309E+17 2.01063088E+02 1.00000000E+05 1.85628456E+02 1.07345572E+05 3.36194577E+02 1.31059449E-27 6.30240220E-05 2.85350618E-38 2.85350618E-38 2.85350618E-38 2.85350618E-38 3.01388635E-38 1.32299797E-18 2.33408414E-05 8.97298957E-05 7.58886186E-28 2.06934338E-19 5.24257328E-06 1.17378655E-05 1.66076959E+00 5.94066734E-23 1.11530567E-18 1.00000000E-40 1.00000000E-40 1.00000000E-40 1.98256188E-30 3.52930510E-20 2.79860652E-18 6.29000508E-17 5.16464576E-26 2.30026744E-25 8.01539824E-25 1.16518475E-11 2.71496940E-15 2.95705737E-10 8.14352897E-01 4.42048743E-32 4.22714688E-27 4.40924786E-11 1.00000000E-40 1.00000000E-40 1.07685845E-29 1.92568329E-27 5.38258097E-16 3.31917509E-11 3.00056392E-17 2.30660969E-18 5.95706085E-13 1.06769542E-07 1.51077677E-16 1.15025903E-24 3.37186571E-30 1.50320985E-09 1.64880447E-30 5.48591357E-19 9.83579378E-28 9.64085325E-28 3.84094350E-35 2.24013204E-39 3.87405416E-27 2.06059457E-27 5.72751030E-16 6.34465915E-35 1.00000000E-40 1.80526157E-33 1.00000000E-40 1.00000000E-40 8.23381775E-11 8.62769591E-30 2.04843744E-27 1.00000000E-40 1.00000000E-40 1.46324007E-30 7.14094026E-31 2.46011797E-26 1.38377781E-35 6.74245471E-23 4.91291102E-22 6.76522738E-19 2.00877855E-30 1.66279000E-35 1.00000000E-05 1.00000000E-05 1.00000000E-05 1.00000000E-05 1.00000000E-05 1.00000000E-05 1.00000000E-05 1.00000000E-05 1.00000000E-05 1.00000000E-05
3.61291000E+01 1.72508000E-02 6.27769658E+17 1.99033251E+02 1.00000000E+05 2.24471495E+02 1.32575771E+05 4.04021804E+02 1.87114771E-32 7.68456288E-05 3.46267566E-38 3.46267566E-38 3.46267566E-38 3.46267566E-38 3.68157004E-38 9.77444604E-19 2.46889445E-05 8.06823041E-05 5.66889570E-28 2.81307306E-19 6.03938508E-06 1.34893610E-05 1.77639939E+00 3.98652284E-23 1.06320540E-18 1.00000000E-40 1.00000000E-40 1.00000000E-40 1.52017415E-30 3.70119723E-20 3.51741908E-18 7.18955747E-17 5.51715833E-26 2.46346895E-25 8.78675773E-25 1.33157167E-11 2.57317041E-15 3.69726969E-10 8.62485666E-01 4.42357572E-32 4.16795973E-27 4.52727425E-11 1.00000000E-40 1.00000000E-40 1.18051091E-29 2.24130877E-27 3.52778523E-16 3.11610599E-11 3.84137478E-17 3.01941646E-18 6.02306858E-13 1.12137615E-07 1.28450181E-16 6.69524480E-25 2.05441241E-30 1.46326870E-09 1.61685081E-30 5.67768328E-19 1.12594579E-27 1.10280179E-27 4.33658095E-35 2.13619219E-39 4.03633219E-27 2.08611672E-27 3.98536176E-16 6.29639953E-35 1.00000000E-40 1.67023491E-33 1.00000000E-40 1.00000000E-40 8.75474759E-11 6.27851983E-30 2.24620861E-27 1.00000000E-40 1.00000000E-40 1.43552504E-30 7.11693895E-31 2.52323324E-26 1.66912507E-35 6.92018675E-23 3.38235228E-22 7.35136518E-19 2.25907077E-30 2.72334000E-35 1.00000000E-05 1.00000000E-05 1.00000000E-05 1.00000000E-05 1.00000000E-05 1.00000000E-05 1.00000000E-05 1.00000000E-05 1.00000000E-05 1.00000000E-05
3.73136000E+01 1.47764000E-02 5.43510001E+17 1.96914554E+02 1.00000000E+05 2.73829702E+02 1.58855578E+05 4.89059051E+02 9.31893498E-38 8.91819667E-05 4.25927480E-38 4.25927480E-38 4.25927480E-38 4.25927480E-38 4.56886163E-38 7.22137391E-19 2.60504949E-05 6.97627129E-05 4.47630046E-28 3.99359158E-19 6.93698330E-06 1.54624442E-05 1.89343740E+00 2.64636157E-23 1.00789538E-18 1.00000000E-40 1.00000000E-40 1.00000000E-40 1.17344378E-30 3.88907068E-20 4.36842558E-18 8.19382993E-17 5.78428898E-26 2.59462184E-25 9.57832187E-25 1.51455185E-11 2.42259746E-15 4.60073821E-10 8.82927676E-01 4.47054975E-32 4.09373101E-27 4.63937863E-11 1.44382745E-40 1.00000000E-40 1.29834200E-29 2.59424304E-27 2.29667103E-16 2.91669964E-11 5.05900422E-17 4.15219871E-18 6.17850291E-13 1.17465482E-07 1.08699549E-16 3.73708999E-25 1.24717859E-30 1.42487822E-09 1.58023719E-30 5.87102881E-19 1.28628168E-27 1.25220922E-27 4.87496552E-35 2.02914603E-39 4.20207355E-27 2.10797859E-27 2.73901942E-16 6.28293615E-35 1.00000000E-40 1.52993408E-33 1.00000000E-40 1.00000000E-40 9.31242915E-11 4.77361004E-30 2.45247130E-27 1.00000000E-40 1.00000000E-40 1.44667261E-30 7.10553184E-31 2.58557074E-26 2.01315240E-35 7.08048961E-23 2.37653486E-22 7.94616470E-19 2.54446634E-30 4.60157000E-35 1.00000000E-05 1.00000000E-05 1.00000000E-05 1.00000000E-05 1.00000000E-05 1.00000000E-05 1.00000000E-05 1.00000000E-05 1.00000000E-05 1.00000000E-05
3.84982000E+01 1.26692000E-02 4.70853916E+17 1.94885588E+02 1.00000000E+05 3.33437847E+02 1.78431639E+05 5.87874904E+02 2.28593506E-37 9.48691884E-05 5.27381690E-38 5.27381690E-38 5.27381690E-38 5.27381690E-38 5.72200295E-38 5.40552824E-19 2.73882874E-05 5.94487369E-05 3.81736025E-28 5.87548229E-19 7.93759406E-06 1.76620991E-05 2.00728800E+00 1.77047572E-23 9.49056200E-19 1.00000000E-40 1.00000000E-40 1.00000000E-40 9.20176752E-31 4.08873587E-20 5.37206533E-18 9.29580438E-17 5.94027689E-26 2.68131601E-25 1.03718545E-24 1.71283655E-11 2.26760671E-15 5.68123565E-10 8.81332323E-01 4.56226173E-32 4.00043106E-27 4.73913052E-11 2.49116218E-40 1.00000000E-40 1.43017171E-29 2.98367219E-27 1.51158127E-16 2.71979060E-11 6.80292823E-17 5.92536330E-18 6.47820983E-13 1.22586118E-07 9.18969107E-17 2.06447750E-25 7.53844618E-31 1.38751621E-09 1.53748843E-30 6.05839836E-19 1.46431233E-27 1.41003473E-27 5.45055480E-35 1.91785420E-39 4.36587820E-27 2.12347996E-27 1.88395125E-16 6.30025998E-35 1.00000000E-40 1.38991854E-33 1.00000000E-40 1.00000000E-40 9.89698198E-11 3.92651115E-30 2.66359417E-27 1.00000000E-40 1.00000000E-40 1.47849058E-30 7.09713275E-31 2.64390408E-26 2.42652379E-35 7.21317911E-23 1.75348516E-22 8.53479574E-19 2.86010883E-30 8.18591000E-35 1.00000000E-05 1.00000000E-05 1.00000000E-05 1.00000000E-05 1.00000000E-05 1.00000000E-05 1.00000000E-05 1.00000000E-05 1.00000000E-05 1.00000000E-05
3.96828000E+01 1.08748000E-02 4.08335120E+17 1.92895129E+02 1.00000000E+05 3.97311865E+02 1.79714563E+05 6.85326146E+02 6.13268247E-36 8.80998735E-05 6.47894818E-38 6.47894818E-38 6.47894818E-38 6.47894818E-38 7.12967004E-38 4.07526836E-19 2.86921661E-05 5.03225732E-05 3.54913428E-28 8.83140831E-19 9.05017198E-06 2.01083716E-05 2.11417740E+00 1.18622465E-23 8.87638705E-19 1.00000000E-40 1.00000000E-40 1.00000000E-40 7.29414982E-31 4.29984439E-20 6.51545150E-18 1.04939434E-16 5.98786149E-26 2.72468119E-25 1.11579081E-24 1.92629695E-11 2.11406475E-15 6.95557875E-10 8.64110072E-01 4.70455435E-32 3.88923815E-27 4.82532432E-11 4.29352666E-40 1.00000000E-40 1.57700242E-29 3.41074962E-27 1.00418474E-16 2.52789307E-11 9.24841052E-17 8.51618777E-18 6.85591046E-13 1.27458374E-07 7.76244581E-17 1.13673794E-25 4.53786241E-31 1.35243576E-09 1.48912088E-30 6.23862660E-19 1.66078487E-27 1.57480470E-27 6.06171669E-35 1.80374167E-39 4.52683036E-27 2.13237289E-27 1.29647882E-16 6.35094612E-35 1.00000000E-40 1.25518924E-33 1.00000000E-40 1.00000000E-40 1.05067957E-10 3.59059048E-30 2.87839551E-27 1.00000000E-40 1.00000000E-40 1.52193664E-30 7.08992114E-31 2.69790264E-26 2.92417988E-35 7.31620347E-23 1.38308410E-22 9.11008466E-19 3.20330811E-30 1.58614000E-34 1.00000000E-05 1.00000000E-05 1.00000000E-05 1.00000000E-05 1.00000000E-05 1.00000000E-05 1.00000000E-05 1.00000000E-05 1.00000000E-05 1.00000000E-05
4.08673000E+01 9.34378000E-03 3.54419162E+17 1.90951084E+02 1.00000000E+05 4.45775943E+02 1.52809920E+05 7.45047952E+02 1.39019609E-34 6.62172819E-05 7.66057658E-38 7.66057658E-38 7.66057658E-38 7.66057658E-38 8.57194215E-38 3.09802641E-19 2.99573554E-05 4.25256808E-05 3.68751685E-28 1.34429503E-18 1.02859852E-05 2.28264304E-05 2.20959825E+00 7.97291208E-24 8.24724291E-19 1.00000000E-40 1.00000000E-40 1.00000000E-40 5.84916916E-31 4.52258502E-20 7.78826997E-18 1.17865154E-16 5.92901823E-26 2.72382295E-25 1.19287277E-24 2.15493409E-11 1.96844410E-15 8.44027567E-10 8.37769833E-01 4.90399348E-32 3.76236794E-27 4.89780121E-11 7.08978738E-40 1.00000000E-40 1.74001973E-29 3.87689817E-27 6.75610888E-17 2.34385795E-11 1.26159633E-16 1.22184826E-17 7.27754860E-13 1.32067305E-07 6.56395934E-17 6.27561460E-26 2.72228220E-31 1.32117555E-09 1.43601202E-30 6.41175385E-19 1.87660299E-27 1.74503297E-27 6.70733866E-35 1.68853817E-39 4.68485789E-27 2.13488485E-27 8.96408534E-17 6.43791624E-35 1.00000000E-40 1.12925206E-33 1.00000000E-40 1.00000000E-40 1.11412336E-10 3.72169329E-30 3.09638605E-27 1.00000000E-40 1.00000000E-40 1.57220658E-30 7.08300928E-31 2.74779549E-26 3.52468361E-35 7.38925511E-23 1.20285506E-22 9.66646909E-19 3.57170461E-30 3.39779000E-34 1.00000000E-05 1.00000000E-05 1.00000000E-05 1.00000000E-05 1.00000000E-05 1.00000000E-05 1.00000000E-05 1.00000000E-05 1.00000000E-05 1.00000000E-05
4.20519000E+01 8.03497000E-03 3.07762240E+17 1.89097437E+02 1.00000000E+05 4.43854387E+02 1.02433881E+05 7.17913422E+02 2.48088895E-33 3.57150477E-05 8.30453930E-38 8.30453930E-38 8.30453930E-38 8.30453930E-38 9.46323684E-38 2.39028846E-19 3.11785237E-05 3.60640832E-05 4.37859932E-28 2.06097784E-18 1.16574214E-05 2.58438570E-05 2.28853282E+00 5.41610942E-24 7.61237422E-19 1.00000000E-40 1.00000000E-40 1.00000000E-40 4.76900216E-31 4.75680138E-20 9.18854431E-18 1.31697841E-16 5.76514413E-26 2.67636497E-25 1.26763124E-24 2.39856337E-11 1.83737711E-15 1.01500389E-09 8.07900066E-01 5.16680754E-32 3.62199507E-27 4.95635073E-11 1.11206175E-39 1.00000000E-40 1.92029299E-29 4.38325631E-27 4.63635152E-17 2.17011417E-11 1.71681503E-16 1.75012811E-17 7.73294387E-13 1.36397019E-07 5.57643037E-17 3.50620998E-26 1.62946257E-31 1.29519762E-09 1.37898520E-30 6.57764755E-19 2.11257287E-27 1.91904711E-27 7.38582953E-35 1.57372846E-39 4.83975594E-27 2.13120586E-27 6.27088850E-17 6.56286377E-35 1.00000000E-40 1.01419969E-33 1.00000000E-40 1.00000000E-40 1.17988124E-10 4.34019803E-30 3.31734223E-27 1.00000000E-40 1.00000000E-40 1.62678668E-30 7.07480098E-31 2.79375939E-26 4.25042498E-35 7.43208531E-23 1.18464715E-22 1.01983483E-18 3.96279997E-30 7.82970000E-34 1.00000000E-05 1.00000000E-05 1.00000000E-05 1.00000000E-05 1.00000000E-05 1.00000000E-05 1.00000000E-05 1.00000000E-05 1.00000000E-05 1.00000000E-05
4.32364000E+01 6.91339000E-03 2.67303656E+17 1.87328077E+02 1.00000000E+05 3.59063423E+02 4.82791000E+04 5.75334060E+02 3.43040480E-32 1.06176759E-05 7.72974790E-38 7.72974790E-38 7.72974790E-38 7.72974790E-38 8.97566395E-38 1.87544307E-19 3.23529362E-05 3.07357670E-05 5.90390809E-28 3.16390029E-18 1.31794818E-05 2.91939102E-05 2.34728029E+00 3.72425987E-24 6.98000565E-19 1.00000000E-40 1.00000000E-40 1.00000000E-40 3.96019071E-31 5.00249385E-20 1.06973287E-17 1.46392719E-16 5.50567618E-26 2.58434538E-25 1.33938530E-24 2.65706321E-11 1.72632486E-15 1.20984661E-09 7.78440004E-01 5.49943573E-32 3.47055558E-27 5.00120526E-11 1.66061946E-39 1.00000000E-40 2.11895650E-29 4.93109881E-27 3.25177024E-17 2.00891300E-11 2.31869204E-16 2.49197546E-17 8.19248132E-13 1.40444287E-07 4.77150334E-17 1.99274278E-26 9.75848929E-32 1.27602347E-09 1.31892923E-30 6.73666131E-19 2.36964883E-27 2.09536934E-27 8.09591424E-35 1.46069344E-39 4.99167508E-27 2.12169619E-27 4.45292710E-17 6.72690884E-35 1.00000000E-40 9.11154330E-34 1.00000000E-40 1.00000000E-40 1.24786680E-10 5.51142242E-30 3.54176598E-27 1.00000000E-40 1.00000000E-40 1.68473563E-30 7.06380562E-31 2.83620087E-26 5.12873611E-35 7.44523407E-23 1.31764459E-22 1.07012140E-18 4.37446264E-30 1.84656000E-33 1.00000000E-05 1.00000000E-05 1.00000000E-05 1.00000000E-05 1.00000000E-05 1.00000000E-05 1.00000000E-05 1.00000000E-05 1.00000000E-05 1.00000000E-05
4.44210000E+01 5.94987000E-03 2.32194837E+17 1.85597292E+02 1.00000000E+05 2.13126413E+02 1.35973178E+04 3.66430675E+02 3.58940350E-31 1.31394002E-06 5.79163762E-38 5.79163762E-38 5.79163762E-38 5.79163762E-38 6.84514902E-38 1.49278398E-19 3.34789650E-05 2.62591673E-05 8.82672107E-28 4.85124253E-18 1.48695874E-05 3.29150434E-05 2.38544193E+00 2.58190398E-24 6.35685305E-19 1.00000000E-40 1.00000000E-40 1.16839654E-40 3.34384891E-31 5.25961924E-20 1.22671029E-17 1.61890593E-16 5.16493579E-26 2.45326931E-25 1.40752591E-24 2.93026443E-11 1.63958739E-15 1.42967048E-09 7.49455553E-01 5.90843340E-32 3.31052733E-27 5.03280076E-11 2.37215652E-39 1.00000000E-40 2.33710405E-29 5.52158831E-27 2.32377409E-17 1.86227877E-11 3.10243194E-16 3.50503133E-17 8.61138993E-13 1.44211842E-07 4.11604966E-17 1.15140853E-26 5.89200316E-32 1.26519137E-09 1.25672012E-30 6.88931952E-19 2.64888655E-27 2.27299024E-27 8.83632280E-35 1.35063407E-39 5.14089150E-27 2.10678076E-27 3.20884276E-17 6.93030811E-35 1.00000000E-40 8.20543084E-34 1.00000000E-40 1.00000000E-40 1.31802611E-10 7.36984231E-30 3.77086136E-27 1.00000000E-40 1.00000000E-40 1.74607852E-30 7.04841434E-31 2.87562707E-26 6.19245291E-35 7.42965748E-23 1.61619022E-22 1.11712416E-18 4.80477929E-30 4.29370000E-33 1.00000000E-05 1.00000000E-05 1.00000000E-05 1.00000000E-05 1.00000000E-05 1.00000000E-05 1.00000000E-05 1.00000000E-05 1.00000000E-05 1.00000000E-05
4.56056000E+01 5.12087000E-03 2.01708152E+17 1.83881068E+02 1.00000000E+05 8.01571437E+01 1.48855190E+03 1.80935208E+02 2.79955691E-30 1.23723691E-07 3.26909250E-38 3.26909250E-38 3.26909250E-38 3.26909250E-38 3.91963735E-38 1.20363150E-19 3.45517853E-05 2.24503694E-05 1.46458754E-27 7.41368829E-18 1.67460958E-05 3.70475598E-05 2.40595806E+00 1.80124952E-24 5.74720365E-19 1.00000000E-40 1.00000000E-40 1.77261459E-40 2.86768360E-31 5.52744584E-20 1.38410046E-17 1.78096479E-16 4.76192074E-26 2.29118264E-25 1.47134698E-24 3.21757773E-11 1.58198835E-15 1.67501683E-09 7.20732667E-01 6.39994335E-32 3.14396142E-27 5.05112661E-11 3.25696859E-39 1.00000000E-40 2.57547412E-29 6.15501154E-27 1.68927067E-17 1.73183275E-11 4.10839381E-16 4.85581275E-17 8.95697595E-13 1.47689632E-07 3.58417714E-17 6.76244588E-27 3.66739582E-32 1.26412205E-09 1.19304887E-30 7.03543119E-19 2.95120087E-27 2.45177028E-27 9.60469780E-35 1.24440167E-39 5.28714797E-27 2.08667436E-27 2.34765839E-17 7.17160222E-35 1.00000000E-40 7.42245030E-34 1.00000000E-40 1.00000000E-40 1.39019443E-10 1.01201579E-29 4.00619946E-27 1.00000000E-40 1.00000000E-40 1.81139098E-30 7.02610413E-31 2.91228287E-26 7.47995755E-35 7.38575121E-23 2.18787017E-22 1.16039198E-18 5.25145690E-30 9.74631000E-33 1.00000000E-05 1.00000000E-05 1.00000000E-05 1.00000000E-05 1.00000000E-05 1.00000000E-05 1.00000000E-05 1.00000000E-05 1.00000000E-05 1.00000000E-05
4.67901000E+01 4.40660000E-03 1.75147380E+17 1.82228669E+02 1.00000000E+05 1.51478100E+01 2.05802884E+01 7.11137717E+01 1.59518109E-29 4.81447497E-08 1.30830999E-38 1.30830999E-38 1.30830999E-38 1.30830999E-38 1.57911973E-38 9.89888279E-20 3.55685716E-05 1.92626197E-05 3.16067340E-27 1.12659944E-17 1.88310905E-05 4.16397193E-05 2.41347759E+00 1.27588882E-24 5.15383284E-19 1.00000000E-40 1.00000000E-40 2.66983859E-40 2.51125337E-31 5.80540008E-20 1.53987403E-17 1.94904073E-16 4.31617766E-26 2.10588160E-25 1.53027376E-24 3.51844937E-11 1.56105537E-15 1.94591916E-09 6.93666562E-01 6.98098032E-32 2.97296373E-27 5.05650298E-11 4.31697342E-39 1.00000000E-40 2.83479404E-29 6.83155748E-27 1.25952386E-17 1.61915664E-11 5.37627393E-16 6.66969327E-17 9.23695249E-13 1.50876988E-07 3.16510587E-17 4.06942396E-27 2.50082224E-32 1.27435285E-09 1.12860982E-30 7.17515826E-19 3.27795465E-27 2.63405263E-27 1.03989998E-34 1.14271879E-39 5.43045272E-27 2.06170618E-27 1.75319011E-17 7.44873655E-35 1.00000000E-40 6.75886477E-34 1.00000000E-40 1.00000000E-40 1.46432545E-10 1.40129773E-29 4.25046637E-27 1.00000000E-40 1.00000000E-40 1.88219899E-30 6.99463655E-31 2.94660850E-26 9.03705003E-35 7.31448326E-23 3.83450669E-22 1.19958332E-18 5.71260995E-30 2.18374000E-32 1.00000000E-05 1.00000000E-05 1.00000000E-05 1.00000000E-05 1.00000000E-05 1.00000000E-05 1.00000000E-05 1.00000000E-05 1.00000000E-05 1.00000000E-05
4.79747000E+01 3.79046000E-03 1.51987208E+17 1.80634873E+02 1.00000000E+05 1.05088967E+00 1.94377242E-02 2.48974119E+01 6.46232930E-29 4.36790400E-08 3.74423350E-39 3.74423350E-39 3.74423350E-39 3.74423350E-39 4.47365786E-39 8.31224573E-20 3.65283494E-05 1.65933942E-05 1.16599830E-26 1.69999836E-17 2.11512281E-05 4.67495312E-05 2.41184762E+00 9.18867004E-25 4.57775955E-19 1.00000000E-40 1.00000000E-40 3.98688194E-40 2.24752908E-31 6.09309930E-20 1.68888931E-17 2.12196975E-16 3.84714697E-26 1.90635948E-25 1.58386886E-24 3.83239380E-11 1.58570203E-15 2.24184256E-09 6.67933366E-01 7.66003271E-32 2.79959661E-27 5.04952175E-11 5.54622669E-39 1.00000000E-40 3.11578843E-29 7.55130054E-27 9.74279418E-18 1.52582816E-11 6.95123302E-16 9.06445063E-17 9.43546668E-13 1.53781541E-07 2.84100573E-17 2.51638049E-27 2.10980562E-32 1.29757346E-09 1.06406877E-30 7.30897019E-19 3.63133109E-27 2.82687389E-27 1.12176123E-34 1.04615736E-39 5.57105539E-27 2.03228957E-27 1.33730271E-17 7.75909604E-35 1.00000000E-40 6.20915860E-34 1.00000000E-40 1.00000000E-40 1.54051733E-10 1.93750579E-29 4.50765323E-27 1.00000000E-40 1.00000000E-40 1.96145212E-30 6.95206953E-31 2.97923461E-26 1.09182051E-34 7.21727757E-23 1.14314766E-21 1.23446624E-18 6.18688407E-30 4.89428000E-32 1.00000000E-05 1.00000000E-05 1.00000000E-05 1.00000000E-05 1.00000000E-05 1.00000000E-05 1.00000000E-05 1.00000000E-05 1.00000000E-05 1.00000000E-05
4.91593000E+01 3.25865000E-03 1.31807969E+17 1.79065849E+02 1.00000000E+05 1.58070309E-02 6.48864325E-05 8.53480318E+00 1.82038834E-28 4.49060254E-08 8.80402922E-40 8.80402922E-40 8.80402922E-40 8.80402922E-40 1.01051294E-39 7.10894636E-20 3.74292693E-05 1.43138291E-05 5.93830354E-26 2.55208255E-17 2.37369222E-05 5.24428708E-05 2.40316025E+00 6.70397440E-25 4.01798500E-19 1.00000000E-40 1.00000000E-40 5.91624345E-40 2.05209524E-31 6.38993503E-20 1.82285611E-17 2.29832570E-16 3.37028861E-26 1.70013076E-25 1.63171919E-24 4.15871232E-11 1.66826433E-15 2.56135898E-09 6.41157687E-01 8.44737288E-32 2.62565302E-27 5.03066322E-11 6.93086518E-39 1.00000000E-40 3.41893192E-29 8.31353070E-27 8.26446415E-18 1.45340619E-11 8.90038262E-16 1.21421472E-16 9.52308449E-13 1.56407532E-07 2.59235370E-17 1.59268654E-27 2.43945422E-32 1.33559446E-09 9.99982581E-31 7.43710095E-19 4.01468575E-27 3.04540981E-27 1.20585446E-34 9.55081544E-40 5.70903503E-27 1.99876876E-27 1.03917564E-17 8.09900400E-35 1.00000000E-40 5.76653199E-34 1.00000000E-40 1.54463571E-40 1.61892485E-10 2.67048976E-29 4.78292277E-27 1.00000000E-40 1.00000000E-40 2.05432975E-30 6.89632401E-31 3.01079398E-26 1.31869722E-34 7.09544896E-23 4.66553631E-21 1.26482724E-18 6.67304752E-30 1.10557000E-31 1.00000000E-05 1.00000000E-05 1.00000000E-05 1.00000000E-05 1.00000000E-05 1.00000000E-05 1.00000000E-05 1.00000000E-05 1.00000000E-05 1.00000000E-05
5.03438000E+01 2.79934000E-03 1.14232151E+17 1.77494138E+02 1.00000000E+05 8.21053828E-05 9.18563844E-05 3.02018519E+00 3.45415784E-28 4.49496567E-08 2.73290394E-40 2.73290394E-40 2.73290394E-40 2.73290394E-40 2.95246359E-40 6.17680981E-20 3.82715709E-05 1.23379593E-05 2.90646509E-25 3.81920926E-17 2.66246920E-05 5.87985864E-05 2.38861183E+00 4.93752012E-25 3.47242673E-19 1.00000000E-40 1.00000000E-40 8.74781511E-40 1.90831488E-31 6.69558382E-20 1.93285928E-17 2.47657647E-16 2.89946087E-26 1.49376416E-25 1.67356801E-24 4.49678085E-11 1.82859224E-15 2.90208896E-09 6.11594329E-01 9.35667869E-32 2.45289578E-27 5.00071446E-11 8.44980294E-39 1.00000000E-40 3.74465538E-29 9.11716707E-27 9.16188434E-18 1.40366927E-11 1.13085190E-15 1.59759512E-16 9.47697050E-13 1.58768209E-07 2.40368170E-17 1.02434285E-27 3.61466304E-32 1.39052473E-09 9.36894418E-31 7.56014691E-19 4.43392351E-27 3.31896758E-27 1.29203143E-34 8.69763949E-40 5.84475348E-27 1.96159057E-27 8.19223012E-18 8.46440099E-35 1.00000000E-40 5.42413902E-34 1.00000000E-40 2.56226993E-40 1.69990617E-10 3.67068569E-29 5.08317705E-27 1.00000000E-40 1.00000000E-40 2.17008263E-30 6.82584012E-31 3.04222383E-26 1.59179131E-34 6.95079576E-23 1.80888038E-20 1.29057208E-18 7.17050748E-30 2.57656000E-31 1.00000000E-05 1.00000000E-05 1.00000000E-05 1.00000000E-05 1.00000000E-05 1.00000000E-05 1.00000000E-05 1.00000000E-05 1.00000000E-05 1.00000000E-05
5.15284000E+01 2.40257000E-03 9.88902557E+16 1.75970257E+02 1.00000000E+05 2.05603839E-05 3.19222500E-04 1.20708834E+00 4.24019467E-28 4.66324843E-08 1.61229659E-40 1.61229659E-40 1.61229659E-40 1.61229659E-40 1.68359860E-40 5.49977572E-20 3.90561094E-05 1.06601350E-05 1.22596952E-24 5.70932832E-17 2.98579620E-05 6.59101745E-05 2.36897191E+00 3.70669623E-25 2.93902501E-19 1.00000000E-40 1.00000000E-40 1.29290825E-39 1.82231270E-31 7.00983405E-20 2.01740671E-17 2.65503017E-16 2.44511755E-26 1.29139649E-25 1.70925476E-24 4.84596160E-11 2.10021374E-15 3.26046088E-09 5.79216886E-01 1.04064275E-31 2.28287167E-27 4.96051688E-11 1.00756856E-38 1.00000000E-40 4.09326117E-29 9.96045801E-27 1.55415976E-17 1.37866100E-11 1.42718118E-15 2.07920907E-16 9.32109495E-13 1.60879058E-07 2.27406447E-17 6.68686098E-28 5.87518225E-32 1.46481204E-09 8.75267816E-31 7.67875604E-19 4.89939443E-27 3.69955177E-27 1.38016823E-34 7.90332883E-40 5.97863149E-27 1.92119720E-27 6.54549566E-18 8.85064415E-35 1.00000000E-40 5.17513304E-34 1.00000000E-40 4.24466906E-40 1.78399618E-10 5.02658807E-29 5.41716696E-27 1.00000000E-40 1.00000000E-40 2.32474885E-30 6.73928494E-31 3.07473105E-26 1.91981770E-34 6.78519714E-23 5.95753668E-20 1.31167397E-18 7.67921853E-30 6.69611000E-31 1.00000000E-05 1.00000000E-05 1.00000000E-05 1.00000000E-05 1.00000000E-05 1.00000000E-05 1.00000000E-05 1.00000000E-05 1.00000000E-05 1.00000000E-05
5.27129000E+01 2.05975000E-03 8.54989371E+16 1.74489988E+02 1.00000000E+05 1.37181408E-05 9.98666551E-04 5.96871356E-01 3.21516538E-28 5.13044971E-08 1.40738135E-40 1.40738135E-40 1.40738135E-40 1.40738135E-40 1.45928033E-40 5.02179811E-20 3.97868219E-05 9.23683662E-06 4.47213303E-24 8.53214202E-17 3.34909644E-05 7.38943000E-05 2.34498328E+00 2.83761916E-25 2.41856232E-19 1.00000000E-40 1.00000000E-40 1.91540911E-39 1.79820259E-31 7.33310611E-20 2.07107803E-17 2.83203090E-16 2.01859071E-26 1.09843062E-25 1.73882267E-24 5.20597601E-11 2.53491314E-15 3.63184096E-09 5.43815162E-01 1.16227030E-31 2.11700533E-27 4.91123751E-11 1.17778145E-38 1.00000000E-40 4.46522681E-29 1.08415994E-26 3.40401920E-17 1.38096390E-11 1.79076284E-15 2.67073425E-16 9.05435240E-13 1.62767529E-07 2.19632890E-17 4.38361281E-28 9.47393340E-32 1.56146061E-09 8.15527112E-31 7.79410731E-19 5.42963425E-27 4.27426351E-27 1.47027121E-34 7.16822506E-40 6.11153436E-27 1.87812730E-27 5.25957059E-18 9.25319610E-35 1.00000000E-40 5.01314537E-34 1.00000000E-40 7.02651973E-40 1.87205057E-10 6.85720969E-29 5.79616990E-27 1.00000000E-40 1.00000000E-40 2.54565490E-30 6.63596189E-31 3.11014668E-26 2.31310214E-34 6.60094194E-23 1.66912829E-19 1.32825221E-18 8.20035308E-30 2.49636000E-30 1.00000000E-05 1.00000000E-05 1.00000000E-05 1.00000000E-05 1.00000000E-05 1.00000000E-05 1.00000000E-05 1.00000000E-05 1.00000000E-05 1.00000000E-05
5.38975000E+01 1.76330000E-03 7.38043960E+16 1.73045653E+02 1.00000000E+05 8.98497752E-06 3.07938355E-03 3.47049434E-01 1.42729587E-28 5.87207372E-08 1.36015541E-40 1.36015541E-40 1.36015541E-40 1.36015541E-40 1.41417457E-40 4.70721861E-20 4.04745210E-05 8.00833925E-06 1.45141588E-23 1.27667133E-16 3.75945941E-05 8.29036230E-05 2.31768144E+00 2.21659721E-25 1.91812626E-19 1.00000000E-40 1.00000000E-40 2.85796865E-39 1.87569007E-31 7.66723545E-20 2.08912387E-17 3.00625177E-16 1.62973682E-26 9.19236875E-26 1.76267843E-24 5.57747356E-11 3.21612099E-15 4.01074120E-09 5.05074535E-01 1.30435383E-31 1.95677004E-27 4.85479655E-11 1.35248580E-38 1.00000000E-40 4.86168890E-29 1.17597607E-26 7.71197742E-17 1.41413984E-11 2.23783162E-15 3.39493866E-16 8.67784496E-13 1.64488123E-07 2.16511072E-17 2.85325531E-28 1.45976797E-31 1.68434866E-09 7.58127005E-31 7.90865288E-19 6.05751493E-27 5.18162719E-27 1.56263721E-34 6.49249826E-40 6.24536633E-27 1.83317722E-27 4.22628316E-18 9.66864162E-35 1.00000000E-40 4.93298614E-34 1.00000000E-40 1.16407435E-39 1.96544805E-10 9.33019414E-29 6.23495253E-27 1.00000000E-40 1.00000000E-40 2.87809881E-30 6.51640587E-31 3.15149833E-26 2.78408551E-34 6.40125879E-23 4.08125823E-19 1.34069058E-18 8.73727985E-30 2.05450000E-29 1.00000000E-05 1.00000000E-05 1.00000000E-05 1.00000000E-05 1.00000000E-05 1.00000000E-05 1.00000000E-05 1.00000000E-05 1.00000000E-05 1.00000000E-05
5.50821000E+01 1.50686000E-03 6.36137600E+16 1.71568896E+02 1.00000000E+05 5.56335448E-06 1.18853135E-02 1.93459539E-01 3.44402700E-29 7.04491852E-08 1.28191476E-40 1.28191476E-40 1.28191476E-40 1.28191476E-40 1.34250214E-40 4.50465338E-20 4.11296326E-05 6.88619317E-06 4.30436290E-23 1.91411937E-16 4.22539838E-05 9.31213463E-05 2.28799232E+00 1.75389634E-25 1.45233812E-19 1.00000000E-40 1.00000000E-40 4.31874099E-39 2.19728161E-31 8.01424676E-20 2.06142841E-17 3.17620917E-16 1.28765648E-26 7.57729828E-26 1.78126642E-24 5.96118943E-11 4.27908590E-15 4.39002618E-09 4.62425500E-01 1.47213224E-31 1.80325919E-27 4.79292031E-11 1.52842437E-38 1.00000000E-40 5.28372544E-29 1.27131719E-26 1.65978964E-16 1.48294482E-11 2.79194315E-15 4.26638066E-16 8.17050737E-13 1.66092295E-07 2.16662602E-17 1.82300255E-28 2.14625679E-31 1.83816606E-09 7.03390968E-31 8.02470117E-19 6.83820235E-27 6.62993884E-27 1.65761475E-34 5.87484986E-40 6.38197727E-27 1.78703420E-27 3.38866104E-18 1.00931530E-34 1.00000000E-40 4.92986842E-34 1.00000000E-40 1.93428794E-39 2.06576569E-10 1.26961787E-28 6.75123628E-27 1.00000000E-40 1.00000000E-40 3.39383294E-30 6.38109304E-31 3.20289362E-26 3.34723841E-34 6.18898506E-23 8.92534307E-19 1.34938500E-18 9.29434411E-30 4.18196000E-28 1.00000000E-05 1.00000000E-05 1.00000000E-05 1.00000000E-05 1.00000000E-05 1.00000000E-05 1.00000000E-05 1.00000000E-05 1.00000000E-05 1.00000000E-05
5.62666000E+01 1.28355000E-03 5.46506685E+16 1.70111639E+02 1.00000000E+05 2.75973002E-06 5.05737512E-02 8.61888051E-02 4.10756600E-30 9.25389377E-08 1.16149251E-40 1.16149251E-40 1.16149251E-40 1.16149251E-40 1.23596374E-40 4.51937677E-20 4.18133173E-05 5.80968957E-06 1.19613294E-22 2.89864594E-16 4.76302556E-05 1.04897139E-04 2.25951204E+00 1.44454104E-25 1.04249855E-19 1.00000000E-40 1.00000000E-40 6.70246142E-39 3.27791792E-31 8.38664797E-20 1.99457504E-17 3.34432341E-16 9.97082409E-27 6.14926566E-26 1.79725200E-24 6.36573862E-11 5.95782102E-15 4.76640231E-09 4.15504722E-01 1.67494818E-31 1.65924748E-27 4.73291601E-11 1.70433720E-38 1.00000000E-40 5.73936733E-29 1.37157062E-26 3.34050602E-16 1.59596721E-11 3.49963262E-15 5.51076760E-16 7.58374660E-13 1.67833363E-07 2.20999384E-17 1.16593862E-28 3.08761297E-31 2.03115191E-09 6.52322540E-31 8.15438944E-19 7.87222522E-27 8.92895281E-27 1.75776109E-34 5.31931101E-40 6.53115359E-27 1.74240644E-27 2.76181989E-18 1.05354022E-34 1.00000000E-40 5.00572734E-34 1.00000000E-40 3.24566432E-39 2.17741710E-10 1.73806673E-28 7.37523219E-27 1.00000000E-40 1.00000000E-40 4.20764234E-30 6.23802742E-31 3.27423555E-26 4.02417927E-34 5.97383606E-23 1.77580478E-18 1.35639006E-18 9.88913982E-30 5.06386000E-26 1.00000000E-05 1.00000000E-05 1.00000000E-05 1.00000000E-05 1.00000000E-05 1.00000000E-05 1.00000000E-05 1.00000000E-05 1.00000000E-05 1.00000000E-05
5.74512000E+01 1.07244000E-03 4.60908916E+16 1.68528988E+02 1.00000000E+05 8.23996643E-06 1.81802490E-01 2.75921567E-02 2.30369043E-31 1.34998068E-07 1.07419574E-40 1.07419574E-40 1.07419574E-40 1.07419574E-40 1.17576188E-40 4.92398045E-20 4.32181386E-05 4.64588364E-06 3.21503550E-22 4.51976187E-16 5.47300575E-05 1.20440093E-04 2.26861844E+00 1.27778288E-25 7.17259226E-20 1.00000000E-40 1.00000000E-40 1.09711172E-38 6.48711516E-31 8.92883571E-20 1.90334011E-17 3.56536743E-16 7.72540613E-27 5.00497370E-26 1.84013101E-24 6.90210312E-11 8.75447875E-15 5.21171302E-09 3.68724326E-01 1.95444653E-31 1.54912378E-27 4.75070545E-11 1.90747454E-38 1.00000000E-40 6.33079907E-29 1.50027324E-26 6.38111650E-16 1.79137785E-11 4.50700696E-15 7.86316508E-16 6.96512900E-13 1.72477768E-07 2.29781571E-17 7.44497743E-29 4.60195758E-31 2.30753397E-09 6.14546501E-31 8.43299333E-19 9.45928293E-27 1.26993161E-26 1.89371168E-34 4.89798576E-40 6.80228210E-27 1.72681372E-27 2.34180828E-18 1.11680985E-34 1.00000000E-40 5.24000838E-34 1.00000000E-40 5.62788488E-39 2.33951846E-10 2.45455913E-28 8.26473340E-27 1.00000000E-40 1.00000000E-40 5.57192351E-30 6.18432624E-31 3.42859307E-26 4.91384720E-34 5.84916988E-23 3.30050871E-18 1.38389949E-18 1.06990825E-29 4.47832000E-24 1.00000000E-05 1.00000000E-05 1.00000000E-05 1.00000000E-05 1.00000000E-05 1.00000000E-05 1.00000000E-05 1.00000000E-05 1.00000000E-05 1.00000000E-05
5.86357000E+01 7.54895000E-04 3.30260406E+16 1.65556698E+02 1.00000000E+05 2.44439068E-05 5.65852472E-01 6.52418924E-03 6.19764874E-33 2.36090063E-07 1.22155940E-40 1.22155940E-40 1.22155940E-40 1.22155940E-40 1.38303335E-40 6.39179994E-20 5.28497650E-05 3.82885934E-06 9.63044776E-22 8.20994007E-16 7.45753854E-05 1.63973618E-04 2.69532103E+00 1.29279721E-25 5.51120872E-20 1.00000000E-40 1.00000000E-40 2.16323666E-38 1.66477645E-30 1.12523795E-19 1.93491171E-17 4.47649336E-16 7.14699601E-27 4.88746079E-26 2.22503291E-24 8.84042427E-11 1.56215896E-14 6.66872003E-09 3.69806315E-01 2.72373649E-31 1.70841116E-27 5.64123881E-11 2.49431093E-38 1.00000000E-40 8.24792261E-29 1.93513438E-26 1.34564398E-15 2.43790617E-11 6.96681362E-15 1.12902807E-15 6.79295112E-13 2.09780709E-07 2.50256294E-17 4.23940353E-29 8.72588417E-31 3.13240317E-09 6.84694003E-31 1.03280363E-18 1.38871463E-26 2.18125923E-26 2.41175987E-34 5.33995242E-40 8.38990421E-27 2.02451307E-27 2.23736709E-18 1.39816618E-34 1.00000000E-40 6.56783993E-34 1.00000000E-40 1.18086132E-38 2.98152613E-10 4.25614580E-28 1.10537640E-26 1.00000000E-40 1.00000000E-40 9.08774551E-30 7.23365731E-31 4.29181230E-26 7.08289193E-34 6.76068402E-23 6.78426964E-18 1.66794648E-18 1.36993138E-29 1.35416000E-22 1.00000000E-05 1.00000000E-05 1.00000000E-05 1.00000000E-05 1.00000000E-05 1.00000000E-05 1.00000000E-05 1.00000000E-05 1.00000000E-05 1.00000000E-05
5.98203000E+01 3.96500000E-04 1.79003408E+16 1.60434812E+02 1.00000000E+05 5.75274130E-05 1.64817495E+00 1.17813922E-03 8.65890284E-35 5.20706574E-07 1.90548427E-40 1.90548427E-40 1.90548427E-40 1.90548427E-40 2.22511093E-40 1.50131262E-19 8.61886103E-05 3.21781604E-06 3.69665047E-21 1.97306194E-15 1.35719836E-04 2.98147609E-04 4.27316820E+00 2.22207228E-25 5.38901985E-20 1.00000000E-40 1.00000000E-40 5.86682483E-38 5.51995655E-30 1.89152043E-19 2.23302736E-17 7.45694124E-16 9.07139788E-27 6.55286086E-26 3.58251412E-24 1.50710776E-10 3.80928405E-14 1.12323179E-08 4.57212303E-01 5.11350731E-31 2.51181118E-27 8.93586369E-11 4.29473879E-38 1.00000000E-40 1.42951737E-28 3.31515001E-26 3.55662891E-15 4.52441125E-11 1.46949949E-14 1.84008181E-15 7.62383093E-13 3.40427415E-07 2.91029525E-17 1.98561376E-29 2.58228526E-30 5.71664875E-09 1.01815339E-30 1.68846725E-18 2.81409300E-26 5.01315319E-26 4.09170435E-34 7.78078092E-40 1.38122056E-26 3.16655214E-27 2.73255041E-18 2.32854953E-34 1.00000000E-40 1.10862469E-33 1.00000000E-40 3.44847400E-38 5.07816516E-10 1.05641669E-27 1.98698372E-26 1.00000000E-40 1.00000000E-40 2.02602085E-29 1.12533337E-30 7.26575477E-26 1.35573653E-33 1.04025959E-22 1.76904448E-17 2.67754364E-18 2.34004127E-29 1.60604000E-21 1.00000000E-05 1.00000000E-05 1.00000000E-05 1.00000000E-05 1.00000000E-05 1.00000000E-05 1.00000000E-05 1.00000000E-05 1.00000000E-05 1.00000000E-05
6.10049000E+01 3.04552000E-04 1.39186088E+16 1.58482876E+02 1.00000000E+05 2.25196086E-05 9.08441787E-01 7.74601371E-05 3.10779595E-37 7.56780889E-07 2.10367495E-40 2.10367495E-40 2.10367495E-40 2.10367495E-40 2.52720285E-40 3.92588063E-19 9.56958258E-05 2.27106464E-06 9.23270957E-21 3.14771076E-15 1.68541217E-04 3.69899885E-04 4.61509439E+00 4.60242795E-25 3.46403382E-20 1.00000000E-40 1.00000000E-40 1.08317988E-37 1.33245922E-29 2.16535844E-19 2.03291023E-17 8.40972381E-16 7.37198968E-27 5.50586232E-26 3.92115600E-24 1.74605292E-10 6.48533037E-14 1.26829882E-08 4.21756500E-01 6.62303203E-31 2.51366375E-27 9.63840565E-11 4.97192717E-38 1.00000000E-40 1.68271727E-28 3.85015286E-26 6.36540059E-15 5.84080944E-11 1.92316224E-14 3.45161004E-15 6.87180722E-13 3.76266353E-07 3.16083338E-17 1.21986659E-29 6.44226721E-30 7.15930347E-09 1.03170697E-30 1.88095760E-18 4.02280367E-26 7.80041245E-26 4.72202928E-34 7.73556990E-40 1.54938558E-26 3.37281243E-27 2.85787052E-18 2.63242185E-34 1.00000000E-40 1.28425565E-33 1.00000000E-40 6.13362319E-38 5.90118410E-10 1.53801510E-27 2.45066691E-26 1.00000000E-40 1.00000000E-40 3.11363948E-29 1.18789413E-30 8.53529193E-26 1.75934568E-33 1.08737379E-22 2.95168116E-17 2.92253959E-18 2.72400413E-29 4.23336000E-21 1.00000000E-05 1.00000000E-05 1.00000000E-05 1.00000000E-05 1.00000000E-05 1.00000000E-05 1.00000000E-05 1.00000000E-05 1.00000000E-05 1.00000000E-05
6.21894000E+01 2.55854000E-04 1.17868961E+16 1.57220609E+02 1.00000000E+05 6.65064501E-06 3.02404025E-01 2.14791658E-06 7.68360965E-40 9.61066144E-07 2.13076781E-40 2.13076781E-40 2.13076781E-40 2.13076781E-40 2.63198330E-40 9.45655952E-19 9.68148516E-05 1.74167566E-06 1.93542410E-20 4.11395344E-15 1.91431685E-04 4.19727655E-04 4.54335341E+00 8.95371298E-25 1.96451602E-20 1.00000000E-40 1.00000000E-40 1.68323694E-37 2.83743732E-29 2.26015599E-19 1.68678809E-17 8.59004559E-16 5.34895861E-27 4.10299302E-26 3.90441921E-24 1.84081182E-10 1.03080981E-13 1.28131045E-08 3.87226206E-01 7.94646605E-31 2.28917841E-27 9.47113679E-11 5.18237494E-38 1.00000000E-40 1.80137138E-28 4.05792681E-26 1.04918964E-14 7.01781465E-11 2.05056488E-14 5.12526101E-15 5.88620000E-13 3.79080234E-07 3.43820171E-17 9.27979802E-30 1.74362219E-29 8.24020298E-09 9.52656059E-31 1.91094794E-18 5.41358962E-26 1.09280587E-25 4.96427549E-34 7.01374077E-40 1.58512177E-26 3.27255091E-27 2.74668489E-18 2.70282282E-34 1.00000000E-40 1.36447600E-33 1.00000000E-40 8.79461784E-38 6.26373133E-10 1.77684804E-27 2.77654063E-26 1.00000000E-40 1.00000000E-40 4.36641399E-29 1.13722823E-30 9.36751832E-26 2.07272959E-33 1.03225519E-22 4.39786176E-17 2.90241375E-18 2.89549420E-29 8.06129000E-21 1.00000000E-05 1.00000000E-05 1.00000000E-05 1.00000000E-05 1.00000000E-05 1.00000000E-05 1.00000000E-05 1.00000000E-05 1.00000000E-05 1.00000000E-05
6.33740000E+01 2.14972000E-04 9.98141726E+15 1.55993464E+02 1.00000000E+05 1.76195060E-06 1.12890762E-01 2.51261076E-08 2.29553707E-40 1.17051447E-06 2.14017445E-40 2.14017445E-40 2.14017445E-40 2.14017445E-40 2.71490945E-40 2.25192401E-18 9.75909920E-05 1.43845382E-06 3.91287508E-20 4.94095890E-15 2.17545125E-04 4.76515055E-04 4.45824381E+00 1.72005180E-24 1.07897344E-20 1.00000000E-40 1.00000000E-40 2.45028632E-37 5.77015892E-29 2.35232986E-19 1.32797272E-17 8.68273866E-16 3.80984963E-27 2.99213571E-26 3.86760565E-24 1.93130610E-10 1.69127150E-13 1.26060320E-08 3.67919037E-01 9.67498597E-31 2.07407799E-27 9.27028742E-11 5.31613247E-38 1.00000000E-40 1.91749763E-28 4.24311240E-26 1.76783219E-14 8.56628716E-11 2.00724597E-14 6.64719175E-15 5.34175728E-13 3.80665309E-07 3.80264880E-17 7.47829429E-30 5.37206668E-29 9.52727960E-09 8.76465078E-31 1.93599609E-18 7.43067406E-26 1.49623323E-25 5.20046402E-34 6.33759503E-40 1.61731006E-26 3.16230829E-27 2.56570995E-18 2.75458440E-34 1.00000000E-40 1.45112981E-33 1.00000000E-40 1.15701378E-37 6.63815917E-10 1.86883148E-27 3.15659256E-26 1.00000000E-40 1.00000000E-40 6.03574054E-29 1.07828497E-30 1.05567399E-25 2.42063933E-33 9.72238661E-23 6.51641924E-17 2.86767446E-18 3.07561620E-29 1.49988000E-20 1.00000000E-05 1.00000000E-05 1.00000000E-05 1.00000000E-05 1.00000000E-05 1.00000000E-05 1.00000000E-05 1.00000000E-05 1.00000000E-05 1.00000000E-05
6.45585000E+01 1.80645000E-04 8.45217100E+15 1.54801223E+02 1.00000000E+05 7.92902758E-08 4.68094790E-02 1.01922371E-10 2.10955795E-40 1.37508930E-06 2.12739073E-40 2.12739073E-40 2.12739073E-40 2.12739073E-40 2.76267427E-40 5.36987187E-18 9.80018200E-05 1.20578478E-06 7.83008078E-20 5.49766451E-15 2.47354801E-04 5.41295238E-04 4.36028849E+00 3.29975699E-24 5.75979542E-21 1.00000000E-40 1.00000000E-40 3.33047889E-37 1.12287254E-28 2.44103124E-19 9.77384046E-18 8.67370503E-16 2.65126018E-27 2.12600702E-26 3.81091641E-24 2.01611326E-10 2.87132495E-13 1.19888506E-08 3.54516444E-01 1.19615440E-30 1.86914762E-27 9.03606893E-11 5.36079302E-38 1.00000000E-40 2.02879675E-28 4.39958407E-26 3.08144213E-14 1.06009458E-10 1.81600457E-14 8.74032702E-15 1.17666102E-12 3.80949309E-07 4.26716614E-17 6.21879066E-30 1.80555945E-28 1.10565891E-08 8.03386059E-31 1.95553707E-18 1.02855493E-25 1.99108129E-25 5.42974533E-34 5.70134470E-40 1.64546059E-26 3.04240833E-27 2.32761551E-18 2.78439649E-34 1.00000000E-40 1.54107679E-33 1.00000000E-40 1.42755864E-37 7.01732314E-10 1.80308966E-27 3.59452360E-26 1.00000000E-40 1.00000000E-40 8.13953911E-29 1.01059308E-30 1.22506986E-25 2.79573010E-33 9.07196673E-23 9.64345064E-17 2.81833259E-18 3.26685882E-29 2.84676000E-20 1.00000000E-05 1.00000000E-05 1.00000000E-05 1.00000000E-05 1.00000000E-05 1.00000000E-05 1.00000000E-05 1.00000000E-05 1.00000000E-05 1.00000000E-05
6.57431000E+01 1.51819000E-04 7.15695754E+15 1.53643575E+02 1.00000000E+05 2.26028579E-17 1.87271754E-02 1.31600433E-13 2.01058121E-40 1.56044247E-06 2.09522020E-40 2.09522020E-40 2.09522020E-40 2.09522020E-40 2.77049027E-40 1.28817348E-17 9.80348735E-05 9.41607531E-07 1.56588124E-19 5.58829756E-15 2.81420354E-04 6.15298677E-04 4.25043625E+00 6.34837328E-24 2.99740410E-21 1.00000000E-40 1.00000000E-40 4.12296101E-37 2.09158915E-28 2.52556648E-19 6.56394635E-18 8.54921560E-16 1.79551629E-27 1.46611453E-26 3.73508376E-24 2.09385070E-10 4.99917120E-13 1.08876253E-08 3.43772842E-01 1.50135835E-30 1.67505604E-27 8.76953827E-11 5.30451641E-38 1.00000000E-40 2.13284360E-28 4.52174915E-26 5.63626038E-14 1.32772578E-10 1.50128042E-14 3.44063568E-14 1.98737305E-11 3.79894384E-07 4.85844429E-17 5.31657618E-30 6.43056882E-28 1.28703139E-08 7.33672718E-31 1.96914923E-18 1.42032879E-25 2.56567206E-25 5.65264707E-34 5.09837170E-40 1.66920412E-26 2.91340729E-27 2.04157608E-18 2.78920041E-34 1.00000000E-40 1.62957703E-33 1.00000000E-40 1.81160895E-37 7.38916038E-10 1.57422710E-27 4.09068222E-26 1.00000000E-40 1.00000000E-40 1.06185107E-28 9.33538683E-31 1.46329842E-25 3.18369721E-33 8.36812159E-23 1.42732102E-16 2.75472795E-18 3.47284978E-29 5.71380000E-20 1.00000000E-05 1.00000000E-05 1.00000000E-05 1.00000000E-05 1.00000000E-05 1.00000000E-05 1.00000000E-05 1.00000000E-05 1.00000000E-05 1.00000000E-05
6.69277000E+01 1.27608000E-04 6.05993923E+15 1.52519843E+02 1.00000000E+05 1.42231454E-21 3.32150748E-03 4.40750462E-17 1.92348107E-40 1.70796443E-06 2.04744515E-40 2.04744515E-40 2.04744515E-40 2.04744515E-40 2.73815750E-40 3.11648676E-17 9.76861987E-05 6.23724925E-07 3.14339425E-19 5.01273276E-15 3.20402788E-04 6.99989156E-04 4.12992799E+00 1.22789671E-23 1.52455932E-21 1.00000000E-40 1.00000000E-40 4.44870987E-37 3.73342010E-28 2.60538221E-19 3.84911785E-18 8.29586083E-16 1.17795279E-27 9.76767288E-27 3.64125827E-24 2.16311366E-10 8.80066955E-13 9.22993903E-09 3.34404033E-01 1.91090342E-30 1.49225172E-27 8.47231370E-11 5.13598527E-38 1.00000000E-40 2.22710051E-28 4.60460921E-26 1.11008908E-13 1.68073121E-10 1.13148829E-14 1.53981015E-11 5.14317558E-10 3.77490495E-07 5.61725987E-17 4.66858630E-30 2.39009772E-27 1.50174940E-08 6.67544044E-31 1.97652824E-18 1.93868140E-25 3.19287657E-25 5.87155513E-34 4.52081691E-40 1.68827510E-26 2.77596879E-27 1.72575172E-18 2.76619486E-34 1.00000000E-40 1.70921053E-33 1.00000000E-40 3.50129932E-37 7.73390972E-10 1.22115671E-27 4.63914129E-26 1.00000000E-40 1.00000000E-40 1.32978068E-28 8.46257651E-31 1.79178379E-25 3.55976643E-33 7.60450217E-23 2.11509224E-16 2.67743965E-18 3.69856016E-29 1.26565000E-19 1.00000000E-05 1.00000000E-05 1.00000000E-05 1.00000000E-05 1.00000000E-05 1.00000000E-05 1.00000000E-05 1.00000000E-05 1.00000000E-05 1.00000000E-05
6.81122000E+01 1.07273000E-04 5.13083593E+15 1.51432474E+02 1.00000000E+05 3.54260847E-25 2.12812253E-05 2.91610414E-21 1.84707490E-40 1.75220888E-06 1.98939264E-40 1.98939264E-40 1.98939264E-40 1.98939264E-40 2.67223179E-40 7.63426096E-17 9.69554163E-05 2.45780942E-07 6.35978218E-19 4.06032038E-15 3.65063794E-04 7.97066196E-04 4.00004415E+00 2.39720004E-23 7.60449794E-22 1.00000000E-40 1.00000000E-40 4.24946768E-37 6.39690400E-28 2.67994031E-19 1.79866025E-18 7.90020243E-16 7.44050411E-28 6.24789521E-27 3.53077751E-24 2.22228044E-10 1.54588328E-12 6.94840665E-09 3.25390955E-01 2.46161170E-30 1.32086337E-27 8.14605262E-11 4.84416502E-38 1.00000000E-40 2.30883705E-28 4.64335818E-26 2.50613876E-13 2.14811844E-10 1.16924189E-14 5.03285094E-09 9.15361811E-09 3.73735736E-07 6.60579071E-17 4.20943913E-30 9.20247208E-27 1.75538717E-08 6.05145234E-31 1.97738897E-18 2.59610209E-25 3.82931729E-25 6.09110489E-34 3.95914020E-40 1.70243086E-26 2.63066929E-27 1.45644618E-18 2.71273270E-34 1.00000000E-40 1.76799169E-33 1.00000000E-40 1.33640125E-36 8.01956934E-10 1.13243775E-27 5.22253420E-26 1.00000000E-40 1.00000000E-40 1.58547864E-28 7.47519020E-31 2.23358316E-25 3.88334376E-33 6.77022007E-23 3.14178969E-16 2.58711216E-18 3.95037988E-29 3.25760000E-19 1.00000000E-05 1.00000000E-05 1.00000000E-05 1.00000000E-05 1.00000000E-05 1.00000000E-05 1.00000000E-05 1.00000000E-05 1.00000000E-05 1.00000000E-05
6.92968000E+01 9.01893000E-05 4.34457051E+15 1.50357426E+02 1.00000000E+05 2.83390469E-29 6.49876589E-33 3.36200580E-26 1.78168438E-40 8.87083797E-07 1.92626656E-40 1.92626656E-40 1.92626656E-40 1.92626656E-40 2.58326153E-40 1.94313808E-16 9.58529399E-05 3.37101952E-08 1.30574939E-18 3.05828263E-14 4.16300588E-04 9.08545697E-04 3.86239319E+00 4.84439197E-23 3.76070994E-22 1.00000000E-40 1.00000000E-40 3.67745590E-36 1.05280701E-27 2.74890695E-19 5.55875356E-19 7.34952327E-16 4.48774616E-28 3.80464520E-27 3.40540526E-24 2.26952642E-10 2.68350016E-12 4.03804260E-09 3.14825997E-01 3.20203513E-30 1.16082111E-27 7.79304576E-11 4.41881459E-38 1.00000000E-40 2.37532351E-28 4.63317544E-26 7.72235413E-13 2.76993420E-10 6.13492216E-14 2.57441038E-07 8.57648430E-09 3.68664578E-07 7.91894474E-17 3.88973642E-30 3.65747832E-26 2.05431705E-08 5.46605350E-31 1.97161596E-18 3.39021366E-25 4.41885186E-25 6.31946951E-34 3.40235033E-40 1.71158112E-26 2.47817419E-27 3.72656106E-18 2.62656342E-34 1.00000000E-40 1.78655649E-33 1.00000000E-40 6.17952841E-36 8.19480391E-10 6.08587916E-27 5.80392262E-26 1.00000000E-40 1.00000000E-40 1.78102901E-28 6.35759847E-31 2.81116024E-25 4.09063345E-33 5.84987249E-23 4.68401633E-16 2.48462965E-18 4.23666063E-29 9.77506000E-19 1.00000000E-05 1.00000000E-05 1.00000000E-05 1.00000000E-05 1.00000000E-05 1.00000000E-05 1.00000000E-05 1.00000000E-05 1.00000000E-05 1.00000000E-05
7.04813000E+01 7.58365000E-05 3.67865039E+15 1.49316047E+02 1.00000000E+05 4.10522471E-34 2.24136570E-40 4.65421798E-32 1.72563833E-40 1.19777737E-07 1.86195471E-40 1.86195471E-40 1.86195471E-40 1.86195471E-40 2.48172274E-40 5.44325480E-16 9.43921554E-05 6.78836699E-09 2.72759852E-18 2.44841301E-13 4.75143396E-04 1.03675938E-03 3.71853205E+00 1.07401295E-22 1.93452606E-22 1.00000000E-40 1.00000000E-40 3.27907338E-35 1.66289899E-27 2.81195499E-19 2.47651993E-19 6.63258050E-16 2.55647419E-28 2.18043005E-27 3.26697941E-24 2.30241068E-10 4.52367140E-12 1.78709499E-09 3.02836370E-01 4.19134339E-30 1.01171374E-27 7.41542240E-11 3.85294614E-38 1.00000000E-40 2.42370501E-28 4.56795054E-26 3.25533401E-12 3.60165894E-10 3.20219794E-13 7.98908160E-07 1.34677624E-09 3.62316669E-07 9.77419817E-17 3.72602576E-30 1.49779084E-25 2.40564989E-08 4.91979328E-31 1.95910784E-18 4.29586732E-25 4.90006389E-25 6.56901014E-34 2.83984513E-40 1.71565923E-26 2.31895322E-27 1.84137770E-17 2.50562343E-34 1.00000000E-40 1.73952765E-33 1.00000000E-40 2.37527552E-35 8.17058036E-10 3.15677895E-26 6.31847828E-26 1.00000000E-40 1.00000000E-40 1.85796244E-28 5.10098724E-31 3.54304892E-25 4.09328692E-33 4.82876284E-23 7.02357144E-16 2.37085246E-18 4.56730155E-29 2.84244000E-18 1.00000000E-05 1.00000000E-05 1.00000000E-05 1.00000000E-05 1.00000000E-05 1.00000000E-05 1.00000000E-05 1.00000000E-05 1.00000000E-05 1.00000000E-05
7.16659000E+01 6.37763000E-05 3.11462038E+15 1.48310165E+02 1.00000000E+05 2.53235952E-39 2.13967336E-40 1.80965061E-38 1.67464411E-40 1.71223409E-08 1.80012336E-40 1.80012336E-40 1.80012336E-40 1.80012336E-40 2.37746684E-40 1.74887219E-15 9.25943575E-05 2.04622896E-09 5.89070324E-18 1.15123423E-12 5.42799515E-04 1.18445643E-03 3.57014428E+00 2.72378137E-22 1.23875408E-22 1.00000000E-40 1.00000000E-40 1.65729899E-34 2.51252912E-27 2.86891316E-19 3.80534077E-19 5.74559854E-16 1.36512228E-28 1.16859271E-27 3.11754755E-24 2.31738591E-10 7.17225371E-12 6.46234954E-10 2.89614507E-01 5.48856079E-30 8.72862336E-28 7.01549553E-11 3.15347862E-38 1.00000000E-40 2.45117785E-28 4.43947817E-26 1.25295911E-11 4.71906829E-10 1.13000562E-12 1.49069450E-06 2.14803468E-10 3.54756108E-07 1.26794292E-16 3.78539919E-30 6.31385109E-25 2.81736925E-08 4.41282455E-31 1.93988628E-18 5.25852382E-25 5.21681112E-25 6.85797127E-34 2.27006219E-40 1.71471969E-26 2.15338234E-27 6.61239285E-17 2.34818650E-34 1.00000000E-40 1.61283840E-33 1.00000000E-40 7.02714667E-35 7.79547872E-10 9.91443623E-26 6.68494381E-26 1.00000000E-40 1.00000000E-40 1.76640203E-28 3.73954114E-31 4.44010859E-25 3.81193690E-33 3.71451450E-23 1.07618698E-15 2.24671208E-18 4.95246454E-29 7.03936000E-18 1.00000000E-05 1.00000000E-05 1.00000000E-05 1.00000000E-05 1.00000000E-05 1.00000000E-05 1.00000000E-05 1.00000000E-05 1.00000000E-05 1.00000000E-05
7.28505000E+01 5.36414000E-05 2.63687364E+15 1.47342320E+02 1.00000000E+05 1.74645763E-40 2.05563021E-40 1.76533201E-40 1.62279219E-40 3.58785123E-09 1.74279306E-40 1.74279306E-40 1.74279306E-40 1.74279306E-40 2.27707763E-40 6.30925767E-15 9.04841922E-05 8.15139451E-10 1.37710183E-17 4.21854200E-12 6.20663331E-04 1.35483119E-03 3.41883996E+00 7.73770722E-22 1.36616345E-22 1.00000000E-40 1.00000000E-40 6.27239729E-34 3.60883000E-27 2.91964857E-19 6.82406791E-19 4.70191768E-16 7.23009838E-29 6.20264341E-28 2.95916520E-24 2.30777075E-10 1.03982123E-11 2.01164891E-10 2.75356204E-01 7.13281673E-30 7.43285661E-28 6.59533245E-11 2.35638005E-38 1.00000000E-40 2.45493753E-28 4.23650057E-26 2.97109182E-11 6.20365427E-10 3.21405470E-12 2.34244819E-06 4.61877042E-11 3.46054351E-07 1.81692496E-16 4.30295619E-30 2.73800424E-24 3.29826812E-08 3.94471497E-31 1.91401141E-18 6.19065096E-25 5.32778676E-25 7.21188235E-34 1.71262142E-40 1.70886865E-26 1.98161363E-27 1.90431111E-16 2.15275144E-34 1.00000000E-40 1.42505924E-33 1.00000000E-40 1.61846106E-34 6.96067804E-10 2.21883063E-25 6.85027332E-26 1.00000000E-40 1.00000000E-40 1.49818270E-28 2.38738069E-31 5.50139419E-25 3.24528815E-33 2.56425850E-23 1.76477180E-15 2.11305815E-18 5.39921052E-29 1.51963000E-17 1.00000000E-05 1.00000000E-05 1.00000000E-05 1.00000000E-05 1.00000000E-05 1.00000000E-05 1.00000000E-05 1.00000000E-05 1.00000000E-05 1.00000000E-05
7.40350000E+01 4.51234000E-05 2.23225473E+15 1.46411362E+02 1.00000000E+05 1.69196244E-40 1.96942688E-40 1.70875549E-40 1.56708780E-40 1.19315043E-09 1.69044431E-40 1.69044431E-40 1.69044431E-40 1.69044431E-40 2.18383139E-40 2.33790179E-14 8.80904095E-05 3.91911924E-10 3.59253831E-17 1.34715953E-11 7.10343404E-04 1.55158839E-03 3.26617821E+00 2.25315370E-21 2.55856440E-22 1.00000000E-40 1.00000000E-40 1.97958297E-33 4.87074886E-27 2.96408605E-19 9.87797763E-19 3.54673307E-16 5.37606463E-29 4.62477216E-28 2.79389275E-24 2.26226384E-10 1.33959209E-11 5.78342818E-11 2.60273589E-01 9.10917657E-30 6.21757646E-28 6.15678178E-11 1.54129105E-38 1.00000000E-40 2.43225253E-28 3.94502243E-26 4.81531210E-11 8.08293644E-10 8.09713591E-12 3.38639667E-06 1.35737499E-11 3.36293247E-07 3.19924596E-16 6.21667974E-30 1.22047584E-23 3.85791954E-08 3.51460484E-31 1.88160265E-18 6.97397557E-25 5.21280510E-25 7.66566874E-34 1.21646152E-40 1.69828406E-26 1.80362453E-27 4.80189373E-16 1.91813054E-34 1.00000000E-40 1.22334793E-33 1.00000000E-40 2.91816847E-34 5.76560414E-10 3.68413945E-25 6.87128603E-26 1.00000000E-40 1.00000000E-40 1.11808073E-28 1.23940976E-31 6.71060573E-25 2.53111216E-33 1.50181521E-23 3.19360384E-15 1.97065107E-18 5.90525142E-29 2.97862000E-17 1.00000000E-05 1.00000000E-05 1.00000000E-05 1.00000000E-05 1.00000000E-05 1.00000000E-05 1.00000000E-05 1.00000000E-05 1.00000000E-05 1.00000000E-05
7.52196000E+01 3.79635000E-05 1.88959938E+15 1.45516829E+02 1.00000000E+05 1.64216531E-40 1.87692042E-40 1.65333486E-40 1.50860727E-40 6.06848034E-10 1.64086658E-40 1.64086658E-40 1.64086658E-40 1.64086658E-40 2.09585998E-40 8.40052005E-14 8.54460236E-05 2.15423140E-10 1.06453256E-16 4.01757946E-11 8.13690792E-04 1.77901111E-03 3.11367102E+00 6.35137199E-21 5.98900267E-22 1.00000000E-40 1.00000000E-40 5.57274625E-33 6.01672566E-27 3.00221585E-19 1.04103176E-18 2.37039045E-16 8.62305671E-29 7.44897398E-28 2.62377798E-24 2.16875927E-10 1.46483704E-11 1.92372812E-11 2.44588649E-01 1.12989982E-29 5.06878982E-28 5.70145914E-11 8.26317251E-39 1.00000000E-40 2.38053037E-28 3.55033073E-26 6.65178579E-11 1.03365286E-09 1.94471007E-11 4.66502489E-06 5.07500092E-12 3.25566189E-07 8.35036980E-16 1.50375341E-29 5.58669919E-23 4.50660361E-08 3.12132037E-31 1.84284995E-18 7.46954234E-25 4.87472579E-25 8.26639541E-34 1.00000000E-40 1.68322794E-26 1.61929971E-27 1.13034333E-15 1.64364245E-34 1.00000000E-40 1.03650757E-33 1.00000000E-40 4.14363824E-34 4.36916108E-10 4.44600585E-25 7.00136425E-26 1.00000000E-40 1.00000000E-40 7.48911296E-29 4.79071280E-32 8.03383428E-25 1.90178834E-33 6.85487515E-24 6.49376793E-15 1.82014288E-18 6.44806999E-29 5.45677000E-17 1.00000000E-05 1.00000000E-05 1.00000000E-05 1.00000000E-05 1.00000000E-05 1.00000000E-05 1.00000000E-05 1.00000000E-05 1.00000000E-05 1.00000000E-05
7.64041000E+01 3.19444000E-05 1.59941268E+15 1.44660818E+02 1.00000000E+05 1.59086811E-40 1.78041600E-40 1.59383964E-40 1.44868397E-40 4.17595780E-10 1.58970917E-40 1.58970917E-40 1.58970917E-40 1.58970917E-40 2.00687730E-40 3.10596682E-13 8.25867875E-05 1.32227279E-10 3.77462397E-16 1.21955105E-10 9.32829702E-04 2.04203393E-03 2.96272258E+00 1.83967089E-20 1.50761384E-21 1.00000000E-40 1.00000000E-40 1.52660821E-32 6.41485026E-27 3.03406068E-19 7.38904835E-19 1.30724283E-16 2.16861554E-28 1.87808320E-27 2.45078029E-24 2.02005590E-10 1.27688556E-11 1.26665037E-11 2.28521733E-01 1.34137836E-29 3.97174557E-28 5.23060010E-11 3.23652895E-39 1.00000000E-40 2.29729850E-28 3.04085152E-26 8.75655989E-11 1.29300362E-09 4.93132614E-11 6.23077046E-06 2.31121066E-12 3.13972872E-07 3.69319637E-15 8.56099413E-29 2.62362350E-22 5.25519634E-08 2.76337965E-31 1.79799184E-18 7.53622482E-25 4.33749781E-25 9.07720987E-34 1.00000000E-40 1.66402998E-26 1.42856277E-27 2.70329084E-15 1.32947154E-34 1.00000000E-40 8.62831085E-34 1.92467000E-40 4.76355331E-34 2.91358688E-10 3.65519320E-25 7.72063561E-26 1.00000000E-40 1.00000000E-40 4.88217763E-29 1.31878167E-32 9.41934122E-25 1.51149378E-33 2.11635386E-24 1.56387991E-14 1.66201306E-18 6.96552087E-29 9.51353000E-17 1.00000000E-05 1.00000000E-05 1.00000000E-05 1.00000000E-05 1.00000000E-05 1.00000000E-05 1.00000000E-05 1.00000000E-05 1.00000000E-05 1.00000000E-05
7.75887000E+01 2.68838000E-05 1.35378544E+15 1.43832667E+02 1.00000000E+05 1.53550700E-40 1.68376428E-40 1.53053716E-40 1.38779342E-40 3.38234613E-10 1.53446763E-40 1.53446763E-40 1.53446763E-40 1.53446763E-40 1.91260181E-40 1.50119711E-12 7.95509437E-05 9.20609260E-11 1.82808136E-15 4.33944283E-10 1.07018292E-03 2.34630432E-03 2.81462259E+00 6.95808811E-20 3.93209229E-21 1.00000000E-40 1.00000000E-40 4.59601123E-32 5.57741656E-27 3.05966454E-19 4.24854936E-19 5.10953436E-17 7.61582206E-28 6.60495430E-27 2.27674969E-24 1.81757014E-10 8.03472215E-12 1.52970058E-11 2.12286197E-01 1.48793450E-29 2.91390758E-28 4.74513258E-11 7.28774705E-40 1.00000000E-40 2.17990023E-28 2.41344242E-26 1.16596952E-10 1.57894395E-09 1.51375165E-10 8.14717289E-06 1.32701703E-12 3.01618503E-07 2.23855494E-14 1.05165996E-27 1.26309567E-21 6.11495209E-08 2.43908308E-31 1.74731525E-18 7.05649408E-25 3.64189893E-25 1.01838441E-33 1.00000000E-40 1.64107988E-26 1.23191092E-27 7.55932467E-15 9.77722246E-35 1.00000000E-40 7.40937277E-34 1.40625379E-39 4.69881875E-34 1.56263484E-10 1.73576203E-25 9.77816175E-26 1.00000000E-40 1.00000000E-40 3.38712675E-29 4.77032981E-33 1.07997425E-24 1.33607767E-33 3.36201628E-25 5.09435375E-14 1.49654942E-18 7.30992659E-29 1.59618000E-16 1.00000000E-05 1.00000000E-05 1.00000000E-05 1.00000000E-05 1.00000000E-05 1.00000000E-05 1.00000000E-05 1.00000000E-05 1.00000000E-05 1.00000000E-05
7.87733000E+01 2.26285000E-05 1.14589697E+15 1.43029926E+02 1.00000000E+05 1.47683487E-40 1.58846027E-40 1.46580721E-40 1.32894567E-40 2.93854570E-10 1.47590407E-40 1.47590407E-40 1.47590407E-40 1.47590407E-40 1.81431376E-40 1.27852424E-11 7.63767374E-05 7.80494693E-11 1.40491441E-14 1.98447939E-09 1.22848961E-03 2.69822709E-03 2.67048890E+00 4.63196338E-19 1.05435593E-20 1.00000000E-40 1.00000000E-40 1.56682230E-31 6.88758408E-27 3.07903422E-19 5.26367581E-19 1.00105911E-17 4.66206589E-27 4.04723364E-26 2.10336580E-24 1.57095304E-10 2.98094803E-12 1.78024437E-11 1.96080000E-01 1.45451085E-29 1.89529019E-28 4.24602497E-11 1.00000000E-40 1.00000000E-40 2.02404551E-28 1.68196337E-26 1.72032313E-10 1.86869346E-09 5.93094733E-10 1.04898978E-05 1.12036778E-12 2.88607472E-07 1.33132702E-13 1.72965379E-26 6.22809908E-21 7.09717646E-08 2.14652990E-31 1.69112482E-18 5.96797562E-25 2.84270496E-25 1.17062457E-33 1.00000000E-40 1.61476449E-26 1.03223885E-27 2.70946548E-14 5.96952936E-35 1.20425574E-40 7.58150139E-34 6.47405740E-39 4.23901601E-34 5.45329559E-11 3.27990419E-26 1.48940864E-25 1.00000000E-40 1.00000000E-40 2.45322954E-29 6.78209101E-33 1.20972309E-24 1.30069729E-33 1.95264061E-26 2.61077084E-13 1.32381462E-18 7.10534680E-29 2.59614000E-16 1.00000000E-05 1.00000000E-05 1.00000000E-05 1.00000000E-05 1.00000000E-05 1.00000000E-05 1.00000000E-05 1.00000000E-05 1.00000000E-05 1.00000000E-05
7.99578000E+01 1.90500000E-05 9.69910178E+14 1.42259141E+02 1.00000000E+05 1.41706514E-40 1.49810700E-40 1.40138145E-40 1.27655223E-40 2.60116203E-10 1.41623033E-40 1.41623033E-40 1.41623033E-40 1.41623033E-40 1.71602899E-40 1.73875265E-10 7.31043731E-05 8.83216998E-11 1.66783875E-13 1.17173083E-08 1.41085950E-03 3.10509180E-03 2.53130751E+00 4.92217556E-18 2.90123555E-20 1.00000000E-40 1.88970419E-39 5.65818007E-31 2.33510120E-26 3.09219245E-19 8.83675689E-19 5.57537180E-19 4.45311536E-26 3.86889686E-25 1.93215680E-24 1.29623110E-10 4.40297891E-13 1.26975616E-11 1.80085508E-01 1.06155676E-29 9.59970699E-29 3.73564046E-11 1.00000000E-40 1.00000000E-40 1.82061209E-28 9.04529874E-27 2.87267871E-10 2.06743419E-09 2.78315684E-09 1.33442680E-05 1.64979796E-12 2.75047101E-07 6.19588197E-13 2.51705661E-25 3.13582418E-20 8.21301999E-08 1.88371667E-31 1.62977294E-18 4.30729952E-25 2.01139793E-25 1.38208813E-33 1.00000000E-40 1.58543070E-26 8.36907883E-28 1.24841461E-13 2.29356218E-35 7.04460688E-40 7.44799355E-34 1.90369485E-38 3.62288988E-34 7.74894041E-12 4.32988008E-27 2.57699210E-25 1.45047789E-39 2.43573751E-40 1.71253386E-29 1.53388804E-32 1.32332376E-24 1.16885383E-33 1.57788456E-27 2.04720079E-12 1.14381445E-18 5.62668120E-29 4.11433000E-16 1.00000000E-05 1.00000000E-05 1.00000000E-05 1.00000000E-05 1.00000000E-05 1.00000000E-05 1.00000000E-05 1.00000000E-05 1.00000000E-05 1.00000000E-05
8.11424000E+01 1.60403000E-05 8.20919318E+14 1.41523555E+02 1.00000000E+05 1.35714481E-40 1.41727006E-40 1.33896832E-40 1.23022061E-40 2.24698104E-10 1.35639950E-40 1.35639950E-40 1.35639950E-40 1.35639950E-40 1.61880797E-40 1.50536761E-09 6.97749531E-05 1.20303616E-10 1.30238656E-12 9.50314155E-08 1.62081236E-03 3.57518638E-03 2.39795474E+00 3.32709101E-17 8.03972046E-20 1.00000000E-40 5.92256078E-38 1.98254385E-30 2.35871570E-26 3.09919590E-19 8.47003514E-19 5.19699577E-21 2.63181102E-25 2.28477493E-24 1.76451356E-24 1.01887061E-10 1.84593550E-14 4.93509980E-12 1.64468921E-01 3.57321760E-30 2.59784694E-29 3.21999067E-11 1.00000000E-40 1.00000000E-40 1.55247348E-28 2.56589625E-27 2.28448617E-10 1.82542248E-09 1.39738070E-08 1.67651264E-05 3.32495903E-12 2.61050548E-07 1.53470863E-12 2.14494063E-24 1.57400277E-19 9.47301116E-08 1.64860653E-31 1.56369897E-18 2.30620279E-25 1.23486034E-25 1.68022442E-33 1.00000000E-40 1.55414971E-26 6.23575113E-28 7.79429766E-13 3.62748555E-36 1.71087070E-39 1.79687008E-34 3.29276237E-38 2.95494567E-34 2.23554534E-13 8.17584345E-28 2.36620741E-25 2.30585407E-38 1.50020803E-39 1.00890694E-29 1.63024152E-32 1.41426959E-24 2.67095600E-34 1.63868418E-28 1.04383752E-11 9.58367541E-19 4.51010901E-29 6.37682000E-16 1.00000000E-05 1.00000000E-05 1.00000000E-05 1.00000000E-05 1.00000000E-05 1.00000000E-05 1.00000000E-05 1.00000000E-05 1.00000000E-05 1.00000000E-05
8.23269000E+01 1.35086000E-05 6.94812902E+14 1.40818329E+02 1.00000000E+05 1.29945128E-40 1.34549947E-40 1.28188224E-40 1.19041470E-40 1.77933076E-10 1.29879959E-40 1.29879959E-40 1.29879959E-40 1.29879959E-40 1.52486667E-40 4.10847649E-09 6.64293095E-05 1.23505500E-10 3.61461823E-12 6.44044586E-07 1.86229657E-03 4.11795890E-03 2.27116061E+00 7.06095036E-17 1.70062506E-19 1.00000000E-40 2.26699869E-37 2.69751189E-30 4.26838357E-27 3.10010026E-19 1.23593656E-18 6.44081711E-23 4.78760587E-25 4.12370799E-24 1.60165419E-24 7.68207402E-11 1.28560217E-15 2.07157577E-12 1.49375655E-01 3.18253013E-31 2.19608490E-30 2.71080790E-11 1.00000000E-40 1.00000000E-40 1.20355103E-28 2.22641224E-28 7.35104144E-11 1.38396149E-09 5.62234037E-08 2.05954274E-05 3.87814060E-12 2.46742074E-07 1.27884702E-12 6.10826496E-24 6.71597396E-19 1.08855342E-07 1.43914292E-31 1.49353718E-18 6.84405905E-26 6.12251586E-26 2.10989365E-33 1.00000000E-40 1.52684889E-26 3.23125524E-28 4.02487860E-12 2.84500310E-37 1.07348349E-39 5.00468142E-36 2.62066530E-38 2.21361778E-34 1.70933921E-15 1.67835729E-28 1.04057214E-25 2.96072415E-37 2.96765392E-39 4.61334112E-30 6.40093734E-33 1.47893484E-24 7.95841862E-36 4.18337773E-30 1.84315187E-11 7.79291931E-19 5.33441292E-29 9.69147000E-16 1.00000000E-05 1.00000000E-05 1.00000000E-05 1.00000000E-05 1.00000000E-05 1.00000000E-05 1.00000000E-05 1.00000000E-05 1.00000000E-05 1.00000000E-05
8.35115000E+01 1.13788000E-05 5.88093409E+14 1.40141535E+02 1.00000000E+05 1.24767951E-40 1.28267102E-40 1.23126950E-40 1.15549135E-40 1.35993466E-10 1.24711641E-40 1.24711641E-40 1.24711641E-40 1.24711641E-40 1.44042522E-40 7.35087443E-09 6.31066422E-05 1.20710357E-10 7.66737032E-12 2.47572618E-06 2.13970041E-03 4.74403503E-03 2.15148433E+00 9.73680364E-17 2.44914020E-19 1.00000000E-40 1.30956256E-37 8.47668894E-31 1.11448712E-27 3.09491593E-19 1.93854647E-18 2.00494883E-23 5.62282193E-25 4.74008147E-24 1.44461216E-24 5.50122621E-11 3.90829100E-16 1.99049339E-12 1.34927790E-01 9.73625131E-33 6.67459139E-32 2.22585782E-11 1.00000000E-40 1.00000000E-40 8.10077935E-29 6.84774661E-30 2.92710205E-11 1.00429700E-09 1.43001998E-07 2.44329709E-05 3.92346279E-12 2.32250016E-07 1.00619258E-12 1.20158308E-23 2.05141961E-18 1.24560997E-07 1.25327185E-31 1.42003653E-18 1.04637004E-26 2.42140537E-26 2.74695586E-33 1.00000000E-40 1.49348341E-26 8.92698078E-29 1.17545989E-11 1.25568155E-38 6.98011759E-40 5.69000055E-38 9.24692756E-39 1.43204724E-34 7.43236003E-17 8.05955072E-29 5.73253751E-26 3.13157302E-36 3.87461656E-39 1.73323863E-30 2.85367677E-33 1.51727691E-24 1.11987287E-37 2.65181509E-31 2.37539727E-11 6.18688785E-19 3.26128977E-29 1.44684000E-15 1.00000000E-05 1.00000000E-05 1.00000000E-05 1.00000000E-05 1.00000000E-05 1.00000000E-05 1.00000000E-05 1.00000000E-05 1.00000000E-05 1.00000000E-05
8.46961000E+01 9.58692000E-06 4.97785221E+14 1.39493452E+02 1.00000000E+05 1.20212867E-40 1.23252654E-40 1.18673465E-40 1.08961320E-40 1.02384696E-10 1.20164844E-40 1.20164844E-40 1.20164844E-40 1.20164844E-40 1.36737834E-40 1.13342221E-08 5.98431459E-05 1.22780057E-10 1.43319405E-11 6.89045157E-06 2.45785674E-03 5.46531438E-03 2.03930870E+00 1.14123588E-16 2.72421678E-19 1.00000000E-40 3.18932178E-38 1.29866593E-31 4.09206742E-28 3.08359498E-19 3.19760819E-18 8.32035112E-24 5.63479953E-25 4.56412440E-24 1.29423823E-24 3.71161840E-11 1.67089404E-16 5.45947344E-12 1.21222926E-01 1.34495438E-34 9.22922587E-34 1.78636600E-11 1.00000000E-40 1.00000000E-40 4.63043573E-29 3.41439579E-30 1.36304142E-11 7.02003854E-10 2.70054056E-07 2.76828407E-05 4.05783635E-12 2.17699273E-07 9.10758120E-13 2.00298190E-23 4.61652305E-18 1.41876404E-07 1.08896543E-31 1.34404365E-18 1.19362918E-27 8.91073552E-27 3.72093843E-33 1.00000000E-40 1.44154408E-26 1.79088088E-29 2.47613853E-11 4.02404368E-40 4.21640073E-40 1.20535320E-38 2.15686555E-39 7.86505936E-35 3.22609737E-17 4.92223545E-29 3.72735206E-26 2.74286007E-35 3.76911034E-39 6.11383381E-31 1.49319135E-33 1.53203540E-24 3.14357347E-38 3.27446497E-32 2.53970147E-11 4.81941471E-19 1.38723145E-29 2.12394000E-15 1.00000000E-05 1.00000000E-05 1.00000000E-05 1.00000000E-05 1.00000000E-05 1.00000000E-05 1.00000000E-05 1.00000000E-05 1.00000000E-05 1.00000000E-05
8.58806000E+01 8.07909000E-06 4.21397402E+14 1.38863245E+02 1.00000000E+05 1.16280061E-40 1.17028788E-40 1.15114782E-40 1.00000000E-40 7.50838410E-11 1.16239648E-40 1.16239648E-40 1.16239648E-40 1.16239648E-40 1.30312489E-40 1.61848243E-08 5.66744981E-05 1.29415762E-10 2.34467539E-11 1.57187937E-05 2.82204333E-03 6.29523710E-03 1.93491147E+00 1.21815093E-16 2.52989794E-19 1.00000000E-40 1.04413295E-38 2.85423530E-32 1.79315949E-28 3.06614039E-19 1.08520555E-17 3.83390913E-24 5.19269476E-25 3.96300454E-24 1.15125591E-24 2.35151730E-11 7.95090749E-17 3.27018459E-11 1.08338254E-01 1.00773255E-36 6.92913801E-36 1.41271624E-11 1.00000000E-40 1.00000000E-40 2.23202645E-29 1.87567702E-30 6.82425621E-12 4.71880994E-10 4.19415102E-07 2.97426086E-05 4.24458426E-12 2.03216947E-07 8.80679015E-13 2.73513227E-23 7.94792271E-18 1.60801535E-07 9.44284407E-32 1.26653791E-18 2.33681092E-28 3.35603999E-27 5.25038330E-33 1.00000000E-40 1.38066301E-26 4.77919407E-30 4.25786299E-11 1.00000000E-40 2.00839953E-40 1.68205847E-39 7.84082830E-40 3.64534229E-35 4.07638078E-17 3.21428688E-29 2.55234007E-26 2.00175701E-34 2.69497414E-39 2.21449361E-31 8.72624777E-34 1.52602619E-24 3.76122458E-39 5.88154380E-33 2.23789904E-11 3.69952585E-19 7.30834376E-30 3.06721000E-15 1.00000000E-05 1.00000000E-05 1.00000000E-05 1.00000000E-05 1.00000000E-05 1.00000000E-05 1.00000000E-05 1.00000000E-05 1.00000000E-05 1.00000000E-05
8.70652000E+01 6.81013000E-06 3.56807751E+14 1.38241310E+02 1.00000000E+05 1.13048111E-40 1.02344306E-40 1.11344147E-40 1.00000000E-40 5.27858155E-11 1.13011451E-40 1.13011451E-40 1.13011451E-40 1.13011451E-40 1.25074996E-40 2.19702730E-08 5.36279989E-05 1.37983532E-10 3.37986220E-11 3.14016438E-05 3.23757252E-03 7.24823074E-03 1.83835705E+00 1.21359491E-16 2.05153955E-19 1.00000000E-40 3.23899798E-39 6.06881063E-33 8.58032189E-29 3.04238356E-19 9.72991728E-17 1.88859499E-24 4.51672447E-25 3.19348333E-24 1.01622292E-24 1.39893135E-11 4.08205692E-17 2.50405386E-10 9.63255841E-02 4.65461145E-39 3.20657631E-38 1.12088503E-11 1.00000000E-40 1.00000000E-40 9.07003760E-30 1.35770572E-32 3.60997324E-12 3.04425189E-10 5.69196555E-07 3.02153707E-05 4.31208338E-12 1.88913577E-07 8.62643689E-13 3.02840019E-23 1.09212137E-17 1.81291934E-07 8.17343326E-32 1.18844270E-18 4.75837443E-29 7.71686014E-28 7.69330583E-33 1.00000000E-40 1.31676156E-26 1.73289879E-30 6.39081850E-11 1.00000000E-40 1.00000000E-40 1.00000000E-40 2.74776413E-40 1.42323814E-35 8.27970879E-17 2.10357951E-29 1.74452840E-26 1.22647550E-33 1.42984633E-39 4.89896629E-32 5.44587578E-34 1.49656278E-24 2.07738919E-40 1.31779321E-33 1.66104430E-11 2.81003744E-19 4.62687482E-30 4.35767000E-15 1.00000000E-05 1.00000000E-05 1.00000000E-05 1.00000000E-05 1.00000000E-05 1.00000000E-05 1.00000000E-05 1.00000000E-05 1.00000000E-05 1.00000000E-05
8.82497000E+01 5.74207000E-06 3.02184626E+14 1.37629913E+02 1.00000000E+05 1.08541511E-40 1.00000000E-40 1.02504630E-40 1.00000000E-40 3.50809530E-11 1.08499821E-40 1.08499821E-40 1.08499821E-40 1.08499821E-40 1.20226324E-40 2.86873513E-08 5.07309118E-05 1.46899029E-10 4.37145780E-11 5.73217200E-05 3.70968992E-03 8.34001725E-03 1.74962560E+00 1.14350954E-16 1.49502220E-19 1.00000000E-40 7.08125152E-40 8.15695503E-34 4.28961934E-29 3.01224042E-19 1.15294011E-15 9.70056453E-25 3.75849526E-25 2.43005629E-24 8.89606144E-25 7.83050110E-12 2.69251400E-17 2.03902238E-09 8.52183851E-02 1.00000000E-40 1.00000000E-40 9.22156111E-12 1.00000000E-40 1.00000000E-40 3.12510134E-30 1.60852358E-32 2.03248585E-12 1.88199758E-10 7.01625926E-07 2.90014371E-05 4.11641022E-12 1.74888782E-07 8.37101222E-13 2.77296610E-23 1.25069703E-17 2.03267845E-07 7.06379336E-32 1.11058503E-18 6.29760513E-30 1.02304861E-28 1.16152807E-32 1.00000000E-40 1.25125730E-26 7.14666418E-31 8.73799666E-11 1.00000000E-40 1.00000000E-40 1.00000000E-40 1.00000000E-40 4.71510408E-36 2.11014538E-16 1.34773010E-29 1.16388883E-26 6.35643587E-33 5.75545470E-40 6.25628390E-33 3.49607013E-34 1.43219808E-24 1.00000000E-40 3.37604919E-34 1.07454956E-11 2.12030039E-19 3.12870009E-30 6.09034000E-15 1.00000000E-05 1.00000000E-05 1.00000000E-05 1.00000000E-05 1.00000000E-05 1.00000000E-05 1.00000000E-05 1.00000000E-05 1.00000000E-05 1.00000000E-05
8.94343000E+01 4.84297000E-06 2.55979626E+14 1.37032347E+02 1.00000000E+05 1.00000000E-40 1.00000000E-40 1.00000000E-40 1.00000000E-40 2.17963602E-11 1.00000000E-40 1.00000000E-40 1.00000000E-40 1.00000000E-40 1.10322229E-40 3.62891737E-08 4.80036431E-05 1.55290316E-10 5.16748988E-11 9.84949555E-05 4.24302541E-03 9.58714037E-03 1.66856515E+00 1.02681393E-16 9.98735858E-20 1.00000000E-40 1.63050425E-40 8.65502219E-35 2.21144034E-29 2.97559710E-19 1.45187155E-14 5.14253144E-25 3.01568438E-25 1.76563876E-24 7.71767279E-25 4.13711286E-12 3.52754286E-17 1.66930794E-08 7.50302206E-02 1.00000000E-40 1.00000000E-40 8.26637866E-12 1.89575098E-39 1.00000000E-40 9.21984945E-31 1.00000000E-40 1.22103034E-12 1.11351238E-10 8.07174174E-07 2.62435639E-05 3.65493094E-12 1.61221135E-07 7.96988694E-13 2.15952080E-23 1.24057667E-17 2.26605577E-07 6.09723592E-32 1.03358720E-18 6.62486650E-31 8.57448028E-30 1.78707083E-32 1.00000000E-40 1.18468613E-26 3.11529359E-31 1.12180577E-10 1.00000000E-40 1.01416182E-40 1.00000000E-40 1.00000000E-40 1.33768689E-36 6.14562442E-16 8.44080082E-30 7.50216189E-27 2.81144380E-32 1.81062681E-40 5.05369490E-34 2.22683187E-34 1.32104291E-24 3.23774915E-40 9.47902619E-35 6.24921300E-12 1.59512774E-19 2.17372641E-30 8.37370000E-15 1.00000000E-05 1.00000000E-05 1.00000000E-05 1.00000000E-05 1.00000000E-05 1.00000000E-05 1.00000000E-05 1.00000000E-05 1.00000000E-05 1.00000000E-05
9.06189000E+01 4.08600000E-06 2.16908429E+14 1.36439039E+02 1.00000000E+05 1.00000000E-40 1.00000000E-40 1.00000000E-40 1.00000000E-40 1.24702504E-11 1.00000000E-40 1.00000000E-40 1.00000000E-40 1.00000000E-40 1.00000000E-40 4.47182643E-08 4.54615408E-05 1.62584724E-10 5.64788060E-11 1.62761028E-04 4.84089038E-03 1.10066006E-02 1.59489602E+00 8.83268651E-17 6.19899051E-20 1.68412278E-39 1.00000000E-40 1.86897274E-35 1.19274250E-29 2.93232548E-19 1.66838462E-13 3.49927781E-25 2.34930454E-25 1.23547918E-24 6.62970062E-25 2.07024239E-12 8.25778609E-17 1.25467116E-07 6.57564636E-02 1.00000000E-40 1.00000000E-40 8.50626128E-12 2.37835002E-38 2.84764887E-40 2.36614470E-31 7.81818242E-31 7.73786273E-13 6.29735361E-11 8.83067553E-07 2.22161966E-05 2.98105775E-12 1.47967696E-07 7.40290794E-13 1.45994506E-23 1.09471465E-17 2.51129120E-07 5.25809582E-32 9.57865326E-19 1.44118769E-31 6.82913346E-31 2.76885132E-32 1.00000000E-40 1.11740762E-26 1.38586151E-31 1.38158660E-10 1.00000000E-40 1.86120156E-40 1.00000000E-40 1.00000000E-40 3.30198668E-37 1.80403950E-15 6.28412228E-30 4.62750034E-27 1.07101037E-31 1.00000000E-40 3.88016382E-35 1.37136724E-34 1.16306869E-24 1.64989912E-40 2.89539320E-35 3.32448293E-12 1.20041175E-19 1.52406301E-30 1.13298000E-14 1.00000000E-05 1.00000000E-05 1.00000000E-05 1.00000000E-05 1.00000000E-05 1.00000000E-05 1.00000000E-05 1.00000000E-05 1.00000000E-05 1.00000000E-05
9.18034000E+01 3.44859000E-06 1.83873839E+14 1.35843336E+02 1.00000000E+05 1.00000000E-40 1.00000000E-40 1.00000000E-40 1.00000000E-40 6.42162575E-12 1.00000000E-40 1.00000000E-40 1.00000000E-40 1.00000000E-40 1.00000000E-40 5.39212415E-08 4.31144387E-05 1.67604169E-10 5.66444868E-11 2.62745555E-04 5.50426805E-03 1.26155225E-02 1.52823791E+00 7.29783055E-17 3.60381132E-20 1.63846275E-38 1.00000000E-40 8.38800856E-36 7.08421226E-30 2.88231154E-19 1.42178648E-12 1.10875936E-24 1.78626731E-25 8.37261853E-25 5.63397627E-25 9.84028146E-13 1.92441422E-16 7.43455362E-07 5.73770894E-02 2.32113484E-39 1.00000000E-40 1.02788089E-11 1.63410084E-37 2.75100407E-39 6.45484723E-32 8.59856583E-31 5.07147849E-13 3.39929005E-11 9.31748740E-07 1.72771197E-05 2.17503114E-12 1.35167464E-07 6.66112876E-13 8.56714551E-24 8.65035300E-18 2.76605185E-07 4.53181716E-32 8.83675289E-19 6.62012405E-32 4.70129456E-32 4.27467147E-32 1.00000000E-40 1.04971087E-26 6.15454848E-32 1.65737222E-10 2.50499149E-40 3.56298297E-40 1.00000000E-40 1.00000000E-40 8.69616899E-38 4.42455595E-15 1.31062804E-29 2.66874436E-27 3.54885389E-31 1.00000000E-40 2.57493763E-36 8.08301939E-35 9.79177189E-25 1.00000000E-40 9.96883114E-36 1.60808941E-12 9.06228616E-20 1.06575750E-30 1.50964000E-14 1.00000000E-05 1.00000000E-05 1.00000000E-05 1.00000000E-05 1.00000000E-05 1.00000000E-05 1.00000000E-05 1.00000000E-05 1.00000000E-05 1.00000000E-05
9.29880000E+01 2.91177000E-06 1.55941575E+14 1.35242089E+02 1.00000000E+05 1.00000000E-40 1.00000000E-40 1.00000000E-40 1.00000000E-40 2.89120089E-12 1.00000000E-40 1.00000000E-40 1.00000000E-40 1.00000000E-40 1.00000000E-40 6.38474319E-08 4.09660552E-05 1.68548044E-10 5.04902589E-11 4.18842398E-04 6.23017786E-03 1.44304251E-02 1.46811533E+00 5.79634724E-17 1.97124794E-20 9.70535870E-38 1.21119090E-40 4.66990666E-36 5.28932118E-30 2.82543540E-19 8.44249187E-12 6.53577145E-24 1.32993514E-25 5.51413663E-25 4.73156680E-25 4.45030993E-13 3.46285815E-16 3.20975757E-06 4.98584728E-02 3.80921626E-38 1.00000000E-40 1.42523497E-11 6.89745907E-37 1.61515228E-38 5.84069210E-32 1.51889712E-30 3.37496532E-13 1.74933832E-11 9.60488841E-07 1.19862547E-05 1.36170346E-12 1.22843438E-07 6.01349073E-13 4.45181665E-24 6.02493112E-18 3.02735704E-07 3.90497463E-32 8.11145460E-19 3.72496165E-32 6.07160281E-33 6.52187020E-32 1.00000000E-40 9.81823520E-27 2.69186000E-32 1.95614114E-10 1.08544350E-39 6.46561451E-40 1.00000000E-40 1.00000000E-40 7.67240581E-38 8.14267030E-15 5.08135771E-29 1.37865096E-27 1.03348622E-30 1.00000000E-40 3.20417688E-37 4.58724940E-35 7.99799707E-25 1.00000000E-40 4.36547263E-36 6.84998898E-13 6.87957611E-20 7.37629097E-31 1.98335000E-14 1.00000000E-05 1.00000000E-05 1.00000000E-05 1.00000000E-05 1.00000000E-05 1.00000000E-05 1.00000000E-05 1.00000000E-05 1.00000000E-05 1.00000000E-05
9.41725000E+01 2.45958000E-06 1.32343125E+14 1.34609677E+02 1.00000000E+05 1.00000000E-40 1.00000000E-40 1.00000000E-40 1.00000000E-40 1.11110640E-12 1.00000000E-40 1.00000000E-40 1.00000000E-40 1.00000000E-40 1.00000000E-40 7.44490122E-08 3.90175974E-05 1.64218580E-10 3.89655242E-11 6.63474101E-04 7.00977031E-03 1.64670941E-02 1.41401255E+00 4.42938962E-17 1.01895780E-20 3.89756927E-37 6.46401741E-40 2.72570921E-36 5.82512336E-30 2.76168437E-19 3.72979471E-11 2.54382695E-23 9.71588902E-26 3.54023752E-25 3.92276543E-25 1.91624983E-13 4.83947353E-16 1.06022491E-05 4.31557211E-02 3.27477419E-37 1.00000000E-40 2.16355551E-11 1.97849426E-36 6.41629895E-38 1.39208839E-31 1.00000000E-40 2.25180100E-13 8.58462692E-12 9.81315734E-07 7.18886931E-06 7.03559672E-13 1.11009912E-07 6.81347684E-13 2.50646700E-24 3.64355927E-18 3.29166883E-07 3.36534675E-32 7.40338230E-19 2.09201093E-32 4.82336728E-34 9.77902931E-32 1.00000000E-40 9.13937870E-27 1.15241916E-32 2.28351289E-10 2.51393577E-38 1.14032185E-39 1.00000000E-40 1.00000000E-40 1.76411443E-37 1.15941253E-14 1.62821218E-28 6.17623088E-28 2.67335511E-30 1.00000000E-40 2.44724852E-38 2.53526380E-35 6.43977212E-25 1.00000000E-40 2.83687783E-36 2.50439004E-13 5.26187566E-20 5.03298824E-31 2.57372000E-14 1.00000000E-05 1.00000000E-05 1.00000000E-05 1.00000000E-05 1.00000000E-05 1.00000000E-05 1.00000000E-05 1.00000000E-05 1.00000000E-05 1.00000000E-05
9.53571000E+01 2.07861000E-06 1.12405910E+14 1.33937005E+02 1.00000000E+05 1.00000000E-40 1.00000000E-40 1.00000000E-40 1.00000000E-40 3.64953158E-13 1.00000000E-40 1.00000000E-40 1.00000000E-40 1.00000000E-40 1.00000000E-40 8.56471269E-08 3.72565469E-05 1.54828210E-10 2.63226631E-11 1.04738142E-03 7.82453130E-03 1.87370815E-02 1.36520290E+00 3.25835748E-17 5.01870003E-21 1.15910581E-36 1.48460660E-39 1.00000000E-40 8.63658371E-30 2.69069415E-19 1.33472380E-10 6.91180375E-23 6.96164968E-26 2.22074040E-25 3.20657891E-25 7.85912525E-14 5.66971007E-16 2.93530322E-05 3.72088765E-02 1.76775030E-36 1.00000000E-40 3.44907274E-11 4.20086948E-36 1.88417713E-37 3.00509474E-31 1.00000000E-40 1.49286684E-13 4.02869233E-12 1.00822227E-06 3.66370584E-06 2.97619611E-13 9.96676624E-08 1.21367580E-12 1.93000020E-24 1.93620525E-18 3.55440739E-07 2.90144921E-32 6.71231958E-19 1.15864463E-32 1.00000000E-40 1.43634096E-31 1.00000000E-40 8.46108992E-27 4.82575480E-33 2.64184585E-10 2.38741679E-36 1.78207753E-39 1.00000000E-40 1.00000000E-40 3.62593901E-37 1.38498285E-14 3.99112878E-28 2.42147989E-28 6.20750402E-30 1.00000000E-40 1.00000000E-40 1.37045229E-35 5.15664131E-25 1.00000000E-40 2.47608413E-36 7.96178194E-14 4.06029919E-20 3.37909157E-31 3.30657000E-14 1.00000000E-05 1.00000000E-05 1.00000000E-05 1.00000000E-05 1.00000000E-05 1.00000000E-05 1.00000000E-05 1.00000000E-05 1.00000000E-05 1.00000000E-05
9.65417000E+01 1.75757000E-06 9.55505356E+13 1.33228219E+02 1.00000000E+05 1.00000000E-40 1.00000000E-40 1.00000000E-40 1.00000000E-40 1.07058646E-13 1.00000000E-40 1.00000000E-40 1.00000000E-40 1.00000000E-40 1.00000000E-40 9.73715039E-08 3.56776571E-05 1.41798209E-10 1.65282111E-11 1.64655125E-03 8.64523794E-03 2.12511460E-02 1.32109617E+00 2.31999028E-17 2.40017063E-21 2.73654955E-36 9.20595096E-39 1.42983542E-36 1.35974206E-29 2.61254508E-19 4.05215158E-10 1.43416758E-22 4.90002400E-26 1.36819558E-25 2.58132987E-25 3.07269078E-14 5.75927171E-16 7.06779967E-05 3.19532720E-02 6.55144532E-36 1.00000000E-40 5.63210186E-11 7.08626359E-36 4.38648200E-37 5.21911183E-31 1.00000000E-40 9.79165860E-14 1.81882446E-12 1.04868774E-06 1.63524217E-06 1.06048391E-13 8.88429483E-08 2.63935951E-12 1.67700652E-24 9.47925866E-19 3.81074998E-07 2.50329661E-32 6.03991819E-19 6.34113001E-33 1.00000000E-40 2.06401793E-31 1.00000000E-40 7.78489095E-27 1.98351421E-33 3.02173093E-10 3.72198499E-38 2.42247248E-39 1.00000000E-40 1.00000000E-40 6.01921005E-37 1.43563617E-14 7.78664949E-28 8.86061186E-29 1.30720196E-29 1.00000000E-40 1.00000000E-40 7.30627669E-36 4.12049641E-25 2.62190737E-40 2.29983706E-36 2.34308815E-14 3.16345360E-20 2.23655122E-31 4.21947000E-14 1.00000000E-05 1.00000000E-05 1.00000000E-05 1.00000000E-05 1.00000000E-05 1.00000000E-05 1.00000000E-05 1.00000000E-05 1.00000000E-05 1.00000000E-05
9.77262000E+01 1.48698000E-06 8.12940667E+13 1.32483867E+02 1.00000000E+05 1.00000000E-40 1.00000000E-40 1.00000000E-40 1.00000000E-40 3.14513840E-14 1.00000000E-40 1.00000000E-40 1.00000000E-40 1.00000000E-40 1.00000000E-40 1.09521082E-07 3.42681607E-05 1.26785025E-10 1.04899591E-11 2.56117618E-03 9.42917170E-03 2.40151654E-02 1.28101571E+00 1.61437680E-17 1.16884762E-21 5.42043812E-36 2.57125237E-38 1.39286561E-36 2.00115194E-29 2.52715823E-19 1.07223840E-09 2.44670464E-22 3.38887145E-26 8.34084252E-26 2.04389170E-25 1.14688167E-14 5.08751354E-16 1.46934569E-04 2.73181135E-02 1.79207728E-35 1.00000000E-40 9.33905683E-11 1.00953126E-35 8.55140224E-37 7.84989896E-31 1.00000000E-40 6.37101522E-14 7.96321559E-13 1.10061061E-06 7.14680679E-07 3.56385663E-14 7.85776097E-08 5.38541141E-12 1.35438145E-24 4.57193764E-19 4.05519730E-07 2.16170193E-32 5.38888014E-19 3.47301007E-33 1.24711551E-34 2.90142732E-31 1.00000000E-40 7.11206487E-27 8.12383099E-34 3.39541504E-10 1.50577227E-38 3.72225670E-39 1.00000000E-40 1.00000000E-40 8.55585498E-37 1.29588102E-14 1.26205857E-27 3.34250898E-29 2.52188429E-29 1.00000000E-40 1.02018539E-39 3.87613859E-36 3.29546922E-25 1.33602335E-40 1.99647026E-36 6.99933099E-15 2.48884454E-20 1.46894363E-31 5.37409000E-14 1.00000000E-05 1.00000000E-05 1.00000000E-05 1.00000000E-05 1.00000000E-05 1.00000000E-05 1.00000000E-05 1.00000000E-05 1.00000000E-05 1.00000000E-05
9.89108000E+01 1.25886000E-06 6.92357264E+13 1.31693366E+02 1.00000000E+05 1.00000000E-40 1.00000000E-40 1.00000000E-40 1.00000000E-40 1.04075834E-14 1.00000000E-40 1.00000000E-40 1.00000000E-40 1.00000000E-40 1.00000000E-40 1.21983239E-07 3.30144548E-05 1.11190645E-10 7.05995660E-12 3.90840600E-03 1.01207096E-02 2.70299799E-02 1.24431150E+00 1.11208641E-17 6.33785775E-22 9.44821879E-36 7.12359818E-38 1.62684146E-36 2.67695581E-29 2.43450598E-19 2.56789587E-09 3.92890439E-22 2.31016771E-26 5.07650153E-26 1.58987836E-25 4.09506867E-15 3.98581953E-16 2.64854591E-04 2.32379354E-02 3.82235067E-35 1.00000000E-40 1.57935537E-10 1.28099549E-35 1.46049860E-36 1.04876164E-30 1.00000000E-40 4.13510097E-14 3.41139410E-13 1.15306117E-06 3.50659629E-07 1.29921520E-14 6.89385534E-08 9.74839643E-12 1.00416752E-24 2.27599370E-19 4.28196204E-07 1.86849342E-32 4.76362820E-19 1.91396969E-33 2.11500856E-34 3.99018979E-31 1.00000000E-40 6.44452352E-27 3.37658009E-34 3.72166887E-10 4.24139770E-38 7.05709363E-39 1.00000000E-40 1.41842014E-40 1.08474788E-36 1.03914642E-14 1.77241120E-27 1.39736710E-29 4.49970844E-29 1.00000000E-40 8.59610043E-39 2.06952529E-36 2.64556942E-25 3.59091271E-40 1.59011787E-36 2.24840113E-15 1.97601406E-20 9.65355415E-32 6.88593000E-14 1.00000000E-05 1.00000000E-05 1.00000000E-05 1.00000000E-05 1.00000000E-05 1.00000000E-05 1.00000000E-05 1.00000000E-05 1.00000000E-05 1.00000000E-05
1.00095000E+02 1.06648000E-06 5.90360768E+13 1.30843437E+02 1.00000000E+05 1.00000000E-40 1.00000000E-40 1.00000000E-40 1.00000000E-40 4.02099591E-15 1.00000000E-40 1.00000000E-40 1.00000000E-40 1.00000000E-40 1.00000000E-40 1.34671417E-07 3.19058998E-05 9.60204891E-11 5.05746104E-12 5.81536508E-03 1.06547618E-02 3.02930120E-02 1.21044723E+00 7.66640435E-18 4.24472336E-22 1.51174337E-35 5.27374006E-37 5.92236027E-36 3.28983796E-29 2.33474540E-19 5.74320645E-09 6.85935751E-22 1.56039435E-26 3.11757634E-26 1.21365928E-25 1.40226457E-15 2.86057420E-16 4.22689968E-04 1.96574552E-02 6.81648657E-35 1.81116806E-40 2.75225764E-10 1.51220922E-35 2.27087141E-36 1.30801422E-30 1.00000000E-40 2.68681964E-14 1.44253759E-13 1.19165147E-06 2.01391657E-07 5.48141364E-15 6.00100853E-08 1.59297340E-11 7.04126893E-25 1.18425339E-19 4.48559654E-07 1.61651848E-32 4.17020614E-19 1.07981521E-33 2.12227986E-34 5.36808853E-31 1.00000000E-40 5.78518918E-27 1.44395631E-34 3.96468889E-10 4.44899181E-37 7.45290794E-39 1.00000000E-40 6.23666391E-39 1.26056263E-36 7.64850401E-15 2.23725360E-27 6.67629426E-30 7.49111105E-29 1.00000000E-40 1.66911708E-39 1.12691162E-36 2.14778677E-25 3.66618039E-40 1.17597119E-36 7.85309430E-16 1.58092654E-20 6.38559114E-32 8.99078000E-14 1.00000000E-05 1.00000000E-05 1.00000000E-05 1.00000000E-05 1.00000000E-05 1.00000000E-05 1.00000000E-05 1.00000000E-05 1.00000000E-05 1.00000000E-05
1.01280000E+02 9.04203000E-07 5.04111040E+13 1.29914149E+02 1.00000000E+05 1.00000000E-40 1.00000000E-40 1.00000000E-40 1.00000000E-40 1.76947412E-15 1.00000000E-40 1.00000000E-40 1.00000000E-40 1.00000000E-40 1.00000000E-40 1.47547304E-07 3.09326098E-05 8.19173979E-11 3.79991112E-12 8.40627075E-03 1.09641446E-02 3.37972311E-02 1.17892377E+00 5.32441289E-18 3.60413162E-22 2.29766747E-35 8.15403192E-36 6.69415945E-35 3.77317543E-29 2.22799564E-19 1.20500208E-08 1.34835024E-21 1.05120151E-26 1.94437311E-26 9.08321903E-26 4.62019163E-16 1.93591171E-16 6.10496301E-04 1.65305566E-02 1.08080325E-34 2.54000321E-39 4.98438773E-10 1.71585711E-35 3.31466190E-36 1.60103586E-30 2.48120828E-30 1.75002176E-14 6.06903047E-14 1.20265030E-06 1.29256234E-07 2.63868102E-15 5.18701750E-08 2.42098899E-11 4.78312670E-25 6.39004241E-20 4.66113945E-07 1.39941005E-32 3.61517557E-19 6.25796675E-34 7.65420717E-37 7.06483214E-31 1.00000000E-40 5.13753534E-27 6.41627468E-35 4.10603517E-10 8.49299968E-36 1.07615793E-38 1.00000000E-40 1.42634185E-37 1.43665316E-36 5.32484156E-15 2.60646086E-27 3.67913451E-30 1.17283634E-28 1.00000000E-40 1.00000000E-40 6.29882444E-37 1.77391487E-25 1.00000000E-40 8.21784067E-37 2.95477168E-16 1.27156709E-20 4.26484539E-32 1.21736000E-13 1.00000000E-05 1.00000000E-05 1.00000000E-05 1.00000000E-05 1.00000000E-05 1.00000000E-05 1.00000000E-05 1.00000000E-05 1.00000000E-05 1.00000000E-05
1.02464000E+02 7.67278000E-07 4.31408399E+13 1.28819280E+02 1.00000000E+05 1.00000000E-40 1.00000000E-40 1.00000000E-40 1.00000000E-40 8.59846278E-16 1.00000000E-40 1.00000000E-40 1.00000000E-40 1.00000000E-40 1.00000000E-40 1.60505951E-07 3.00636438E-05 6.92040367E-11 2.93887329E-12 1.17736142E-02 1.09886422E-02 3.75141775E-02 1.14878024E+00 3.73162830E-18 3.59031539E-22 3.39394435E-35 9.69563356E-35 6.29820322E-34 4.08613824E-29 2.11321449E-19 2.34890838E-08 2.76533281E-21 7.06685427E-27 1.23337160E-26 6.65664965E-26 1.47201978E-16 1.26151201E-16 8.11079132E-04 1.38142665E-02 1.59547889E-34 5.26033937E-38 9.40083870E-10 1.91020571E-35 4.63498373E-36 1.91222240E-30 1.00000000E-40 1.14195838E-14 2.55743098E-14 1.17504088E-06 8.80002319E-08 1.42276220E-15 4.45537259E-08 3.51971908E-11 3.20216738E-25 3.52221662E-20 4.80239500E-07 1.21096782E-32 3.10321523E-19 3.74718923E-34 1.00000000E-40 9.09641971E-31 1.00000000E-40 4.50383807E-27 2.98456834E-35 4.14290856E-10 1.29541391E-34 1.08610640E-38 1.00000000E-40 2.07785835E-36 1.59157477E-36 3.58871450E-15 2.85003785E-27 2.32964958E-30 1.73772641E-28 1.00000000E-40 1.00000000E-40 3.60306373E-37 1.49494689E-25 1.00000000E-40 5.49542700E-37 1.18129090E-16 1.02434734E-20 2.87770502E-32 1.73767000E-13 1.00000000E-05 1.00000000E-05 1.00000000E-05 1.00000000E-05 1.00000000E-05 1.00000000E-05 1.00000000E-05 1.00000000E-05 1.00000000E-05 1.00000000E-05
1.03649000E+02 6.51701000E-07 3.69950704E+13 1.27591354E+02 1.00000000E+05 1.00000000E-40 1.00000000E-40 1.00000000E-40 1.00000000E-40 4.46693921E-16 1.00000000E-40 1.00000000E-40 1.00000000E-40 1.00000000E-40 1.00000000E-40 1.73579432E-07 2.92873690E-05 5.80250622E-11 2.30297182E-12 1.59674096E-02 1.06953777E-02 4.14189118E-02 1.11948407E+00 2.64832241E-18 3.82176607E-22 4.92767553E-35 8.96171484E-34 4.77096367E-33 4.21841249E-29 1.99015565E-19 4.24695611E-08 5.49930497E-21 4.81902646E-27 8.07731487E-27 4.77287167E-26 4.56742461E-17 8.04188014E-17 1.00491907E-03 1.14776144E-02 2.26097658E-34 9.34324372E-37 1.83809284E-09 2.10353246E-35 6.26998731E-36 2.29733435E-30 1.00000000E-40 7.45343753E-15 1.08602372E-14 1.10219212E-06 6.18025392E-08 8.36348306E-16 3.80845220E-08 5.01978478E-11 2.13921799E-25 1.95198266E-20 4.90556653E-07 1.04624147E-32 2.63899505E-19 2.32045820E-34 2.29676128E-38 1.14600990E-30 1.00000000E-40 3.88956834E-27 1.45411643E-35 4.07772522E-10 1.63153188E-33 1.19953537E-38 1.00000000E-40 2.75318663E-35 1.74405975E-36 2.37788407E-15 2.95797061E-27 1.67047438E-30 2.44927661E-28 1.00000000E-40 1.00000000E-40 2.11687125E-37 1.28576622E-25 1.00000000E-40 3.53886574E-37 4.94301850E-17 8.22655067E-21 1.96156293E-32 2.62761000E-13 1.00000000E-05 1.00000000E-05 1.00000000E-05 1.00000000E-05 1.00000000E-05 1.00000000E-05 1.00000000E-05 1.00000000E-05 1.00000000E-05 1.00000000E-05
1.04834000E+02 5.54103000E-07 3.17980559E+13 1.26213744E+02 1.00000000E+05 1.00000000E-40 1.00000000E-40 1.00000000E-40 1.00000000E-40 2.41472069E-16 1.00000000E-40 1.00000000E-40 1.00000000E-40 1.00000000E-40 1.00000000E-40 1.86815193E-07 2.85891670E-05 4.83638472E-11 1.80454297E-12 2.09905596E-02 1.00785773E-02 4.54784200E-02 1.09047734E+00 1.90291052E-18 4.13088199E-22 7.04574722E-35 9.02603442E-33 4.07567956E-32 4.18487528E-29 1.85830410E-19 7.18374035E-08 1.03525517E-20 3.09540558E-27 4.98176473E-27 3.34543421E-26 1.39265855E-17 5.07023703E-17 1.17433119E-03 9.49003679E-03 3.26949708E-34 1.59915484E-35 3.68639106E-09 2.28738676E-35 8.20696407E-36 2.77339858E-30 1.00000000E-40 4.84901217E-15 4.67234525E-15 9.87177541E-07 4.40983468E-08 5.32244465E-16 3.24483588E-08 7.20069829E-11 1.45244806E-25 1.07383442E-20 4.96779270E-07 9.00783054E-33 2.22449001E-19 1.47139969E-34 5.38150207E-40 1.41178292E-30 1.00000000E-40 3.30127682E-27 7.40549685E-36 3.92535983E-10 2.02091227E-32 1.27218802E-38 1.00000000E-40 4.96828892E-34 1.97023172E-36 1.56691556E-15 2.93935596E-27 1.32828226E-30 3.29737804E-28 1.00000000E-40 1.00000000E-40 1.26321472E-37 1.11854337E-25 1.00000000E-40 2.20341419E-37 2.13722902E-17 6.54665711E-21 1.34749068E-32 4.15812000E-13 1.00000000E-05 1.00000000E-05 1.00000000E-05 1.00000000E-05 1.00000000E-05 1.00000000E-05 1.00000000E-05 1.00000000E-05 1.00000000E-05 1.00000000E-05
1.06018000E+02 4.71639000E-07 2.73977487E+13 1.24684236E+02 1.00000000E+05 1.00000000E-40 1.00000000E-40 1.00000000E-40 1.00000000E-40 1.30944317E-16 1.00000000E-40 1.00000000E-40 1.00000000E-40 1.00000000E-40 1.00000000E-40 2.00230859E-07 2.79499003E-05 4.01030870E-11 1.39539685E-12 2.68395868E-02 9.13902347E-03 4.96498973E-02 1.06121841E+00 1.38005479E-18 4.44979731E-22 9.91162093E-35 9.73158618E-32 3.82506883E-31 4.04634719E-29 1.71695491E-19 1.15794301E-07 1.87253930E-20 2.17100304E-27 3.46319938E-27 2.29060618E-26 4.21307077E-18 3.17655854E-17 1.30800928E-03 7.81827099E-03 6.59968865E-34 2.46747072E-34 7.48406567E-09 2.43745165E-35 1.03465584E-35 3.30796682E-30 6.42056532E-36 3.11498927E-15 2.04607262E-15 8.39132760E-07 3.16955598E-08 3.65190928E-16 2.76008876E-08 1.08891935E-10 1.05082439E-25 5.78982410E-21 4.98724343E-07 7.70678512E-33 1.85883061E-19 9.43577418E-35 1.00000000E-40 1.69733923E-30 1.00000000E-40 2.74665750E-27 3.90977663E-36 3.70650637E-10 2.28094158E-31 1.27114925E-38 1.00000000E-40 7.85203483E-33 2.76959678E-36 1.03206575E-15 2.81814802E-27 1.14216295E-30 4.25335084E-28 1.00000000E-40 1.00000000E-40 7.48520336E-38 9.66308335E-26 1.00000000E-40 1.33227010E-37 9.40288902E-18 5.12179532E-21 9.27880350E-33 6.72942000E-13 1.00000000E-05 1.00000000E-05 1.00000000E-05 1.00000000E-05 1.00000000E-05 1.00000000E-05 1.00000000E-05 1.00000000E-05 1.00000000E-05 1.00000000E-05
1.07203000E+02 4.01911000E-07 2.36622876E+13 1.23024011E+02 1.00000000E+05 1.00000000E-40 1.00000000E-40 1.00000000E-40 1.00000000E-40 6.67223665E-17 1.00000000E-40 1.00000000E-40 1.00000000E-40 1.00000000E-40 1.00000000E-40 2.13018173E-07 2.72559910E-05 3.29964837E-11 1.03272584E-12 3.34943710E-02 7.82519774E-03 5.37482400E-02 1.02894471E+00 1.00012710E-18 4.75774997E-22 1.37758553E-34 7.84884810E-31 2.73616061E-30 4.03939297E-29 1.56151291E-19 1.84135022E-07 3.42334975E-20 1.64313426E-27 2.52939119E-27 1.52855958E-26 1.27307773E-18 1.96812183E-17 1.40477573E-03 6.40752660E-03 2.86679784E-33 2.89150555E-33 1.51606527E-08 2.52389713E-35 1.25312891E-35 3.85870969E-30 6.09312823E-36 1.92021348E-15 9.14755766E-16 6.61609551E-07 2.27788190E-08 2.60957899E-16 2.34277897E-08 1.91416176E-10 9.06679762E-26 2.96825425E-21 4.95219412E-07 6.51159725E-33 1.53546235E-19 6.57153935E-35 1.00000000E-40 1.98148334E-30 1.00000000E-40 2.22941883E-27 2.09144900E-36 3.42011479E-10 1.91899184E-30 1.20519817E-38 1.00000000E-40 7.77303890E-32 6.85047261E-36 6.75406597E-16 2.63515286E-27 1.03126746E-30 5.25817669E-28 1.00000000E-40 1.00000000E-40 4.31120989E-38 8.13200817E-26 1.00000000E-40 8.07146055E-38 4.04669961E-18 3.88960827E-21 6.33345487E-33 1.08875000E-12 1.00000000E-05 1.00000000E-05 1.00000000E-05 1.00000000E-05 1.00000000E-05 1.00000000E-05 1.00000000E-05 1.00000000E-05 1.00000000E-05 1.00000000E-05
1.08387000E+02 3.42899000E-07 2.04566546E+13 1.21408285E+02 1.00000000E+05 1.00000000E-40 1.00000000E-40 1.00000000E-40 1.00000000E-40 2.82936825E-17 1.00000000E-40 1.00000000E-40 1.00000000E-40 1.00000000E-40 1.00000000E-40 2.24989991E-07 2.64949002E-05 2.69084180E-11 6.97465797E-13 4.10773661E-02 6.06604385E-03 5.76874969E-02 9.93762043E-01 7.37791022E-19 5.01415815E-22 1.93315983E-34 4.24298288E-30 1.33208383E-29 4.95239510E-29 1.39324988E-19 3.11578741E-07 7.17532005E-20 9.94410608E-28 1.57909340E-27 9.94994548E-27 3.85416886E-19 1.20528296E-17 1.48421404E-03 5.21224349E-03 1.64978572E-32 2.53555530E-32 3.03707641E-08 2.53623325E-35 1.47240826E-35 4.21701856E-30 5.93236851E-36 1.07723255E-15 4.19806869E-16 4.54443571E-07 1.66155396E-08 1.56093195E-16 1.98831862E-08 4.11841240E-10 1.09968949E-25 1.37655962E-21 4.86455570E-07 5.40500514E-33 1.25194890E-19 7.30904148E-35 1.61058671E-36 2.24124994E-30 1.00000000E-40 1.76093027E-27 1.08265553E-36 3.03166994E-10 1.14383953E-29 1.17455111E-38 1.00000000E-40 4.89454910E-31 2.16114477E-35 4.30135566E-16 2.47522368E-27 9.65442837E-31 6.24601441E-28 1.00000000E-40 1.00000000E-40 2.59668415E-38 6.66243632E-26 1.00000000E-40 5.43326342E-38 1.57586992E-18 2.82141385E-21 4.26459329E-33 1.73290000E-12 1.00000000E-05 1.00000000E-05 1.00000000E-05 1.00000000E-05 1.00000000E-05 1.00000000E-05 1.00000000E-05 1.00000000E-05 1.00000000E-05 1.00000000E-05
1.09572000E+02 2.92899000E-07 1.74617620E+13 1.21491681E+02 1.00000000E+05 1.00000000E-40 1.00000000E-40 1.00000000E-40 1.00000000E-40 9.34482992E-18 1.00000000E-40 1.00000000E-40 1.00000000E-40 1.00000000E-40 1.00000000E-40 2.39232007E-07 2.59918674E-05 2.19126193E-11 4.10418299E-13 5.00585653E-02 3.94151093E-03 6.20195873E-02 9.65293086E-01 5.82691344E-19 5.40671923E-22 2.83738295E-34 1.60299423E-29 4.60456164E-29 8.48839414E-29 1.22756603E-19 6.32982042E-07 2.12641913E-19 1.40110826E-27 1.15918196E-27 6.38322833E-27 1.17218425E-19 7.53219057E-18 1.57716656E-03 4.23046350E-03 8.87718048E-32 1.86819077E-31 6.03885313E-08 2.50720565E-35 1.71245923E-35 4.23433312E-30 6.52082327E-36 5.13451315E-16 1.99850605E-16 2.46995648E-07 1.25938440E-08 6.42414208E-17 1.70664840E-08 9.30612945E-10 2.07162244E-25 5.63325120E-22 4.77382551E-07 4.42014457E-33 1.01436659E-19 1.77068875E-34 3.70812659E-33 2.48382586E-30 1.00000000E-40 1.36174800E-27 5.36879525E-37 2.58936373E-10 5.03405666E-29 1.30069765E-38 1.00000000E-40 2.14202425E-30 5.70018124E-35 2.69095581E-16 2.47522887E-27 9.71014870E-31 7.21977210E-28 1.00000000E-40 2.06236606E-38 1.85854254E-38 5.51414187E-26 8.77507987E-40 4.18137593E-38 5.20404633E-19 1.91292489E-21 2.87106038E-33 2.68958000E-12 1.00000000E-05 1.00000000E-05 1.00000000E-05 1.00000000E-05 1.00000000E-05 1.00000000E-05 1.00000000E-05 1.00000000E-05 1.00000000E-05 1.00000000E-05
1.10756000E+02 2.50479000E-07 1.49348259E+13 1.21475271E+02 1.00000000E+05 1.00000000E-40 1.00000000E-40 1.00000000E-40 1.00000000E-40 2.90111732E-18 1.00000000E-40 1.00000000E-40 1.00000000E-40 1.00000000E-40 1.00000000E-40 2.54488848E-07 2.55735303E-05 1.76893134E-11 1.84182564E-13 5.98541221E-02 1.70879509E-03 6.64797355E-02 9.38958307E-01 4.69460174E-19 6.59652400E-22 4.37766898E-34 4.52208537E-29 1.21087753E-28 1.70363744E-28 1.05974689E-19 2.03454043E-06 1.44157764E-18 1.64942569E-25 9.15016841E-28 4.02638438E-27 3.57686451E-20 5.00593049E-18 1.69818101E-03 3.38232286E-03 6.24334481E-31 1.83948183E-30 1.18011411E-07 2.49653876E-35 1.99565767E-35 4.24010171E-30 7.05051356E-36 1.67089080E-16 9.82409895E-17 7.93047218E-08 9.35540594E-09 2.42746218E-17 1.47812185E-08 1.79623407E-09 4.30404000E-25 1.99556515E-22 4.66206398E-07 3.52151108E-33 8.10731641E-20 4.53412921E-34 1.00000000E-40 2.69823250E-30 1.00000000E-40 1.02342304E-27 2.69540929E-37 2.17895842E-10 1.70033374E-28 1.41360799E-38 1.00000000E-40 6.94341322E-30 1.19427015E-34 1.78345630E-16 2.77085975E-27 1.10081502E-30 8.10128343E-28 1.00000000E-40 3.82896442E-37 1.43160437E-38 4.80066486E-26 1.00000000E-40 2.56985777E-38 1.31945063E-19 1.12083473E-21 1.91526026E-33 4.05769000E-12 1.00000000E-05 1.00000000E-05 1.00000000E-05 1.00000000E-05 1.00000000E-05 1.00000000E-05 1.00000000E-05 1.00000000E-05 1.00000000E-05 1.00000000E-05
1.11941000E+02 2.14441000E-07 1.28158591E+13 1.21192799E+02 1.00000000E+05 1.00000000E-40 1.00000000E-40 1.00000000E-40 1.00000000E-40 8.79637733E-19 1.00000000E-40 1.00000000E-40 1.00000000E-40 1.00000000E-40 1.00000000E-40 2.69512647E-07 2.51286235E-05 1.41077897E-11 8.23036539E-14 6.93667488E-02 2.55261385E-05 7.07846418E-02 9.11565280E-01 3.82276606E-19 8.82036572E-22 6.44250210E-32 1.00110105E-28 2.56380482E-28 3.27243054E-28 8.93790502E-20 1.96958624E-04 7.57286305E-15 2.99603600E-21 3.53801524E-26 2.49336816E-27 1.11556590E-20 4.95972689E-18 1.74941923E-03 2.52623345E-03 1.06848460E-28 3.63189891E-28 2.25092297E-07 2.55529312E-35 2.32880730E-35 4.34195593E-30 7.35807395E-36 1.92602883E-18 4.96739651E-17 1.16715148E-10 6.75393297E-09 8.99495612E-18 1.29070505E-08 2.74199304E-09 6.66165803E-25 6.88732972E-23 4.52026873E-07 2.71525890E-33 6.36868331E-20 4.49465805E-34 1.00000000E-40 2.87302387E-30 1.00000000E-40 7.44551809E-28 1.38983430E-37 1.79230377E-10 4.26341804E-28 1.47710243E-38 1.00000000E-40 1.75485399E-29 2.04272662E-34 1.24788478E-16 3.45960636E-27 1.44829194E-30 8.80219344E-28 1.00000000E-40 1.00000000E-40 1.19103908E-38 4.46831717E-26 7.10127615E-40 5.39793217E-40 3.22440646E-20 4.22538862E-22 1.26880596E-33 5.95737000E-12 1.00000000E-05 1.00000000E-05 1.00000000E-05 1.00000000E-05 1.00000000E-05 1.00000000E-05 1.00000000E-05 1.00000000E-05 1.00000000E-05 1.00000000E-05
1.13126000E+02 1.83778000E-07 1.09621505E+13 1.21426779E+02 1.00000000E+05 1.00000000E-40 1.00000000E-40 1.00000000E-40 1.00000000E-40 2.58476661E-19 1.00000000E-40 1.00000000E-40 1.00000000E-40 1.00000000E-40 1.00000000E-40 2.84759006E-07 2.47512816E-05 1.12327562E-11 1.04167696E-13 7.74006239E-02 2.87019961E-06 7.50801913E-02 8.86107632E-01 3.22355451E-19 1.13616840E-21 2.07206620E-27 1.69837532E-28 4.31061891E-28 5.32076934E-28 7.45492779E-20 1.15926161E-03 1.97587268E-13 1.97433843E-19 5.57866124E-25 1.52298163E-27 3.77030256E-21 8.90479879E-18 1.21566863E-03 1.59058320E-03 1.02919562E-26 1.16912615E-26 3.69523287E-07 2.62833333E-35 2.57009817E-35 4.36818327E-30 7.81828100E-36 1.73338232E-19 2.59308352E-17 8.95836864E-13 5.15220405E-09 3.18412190E-18 1.14360681E-08 3.51102175E-09 7.76400426E-25 3.24029944E-23 4.36960461E-07 2.04594422E-33 4.96572027E-20 1.00000000E-40 1.00000000E-40 3.01369600E-30 1.00000000E-40 5.29294430E-28 7.43826566E-38 1.42383874E-10 7.18139624E-28 1.56940133E-38 1.00000000E-40 3.39876536E-29 2.77356516E-34 6.89546229E-17 4.35934869E-27 2.04599549E-30 9.29521231E-28 1.00000000E-40 1.00000000E-40 1.11526868E-38 4.36296691E-26 1.00000000E-40 1.00000000E-40 1.94158278E-20 7.69892005E-23 8.52244843E-34 8.56132000E-12 1.00000000E-05 1.00000000E-05 1.00000000E-05 1.00000000E-05 1.00000000E-05 1.00000000E-05 1.00000000E-05 1.00000000E-05 1.00000000E-05 1.00000000E-05
1.14310000E+02 1.57651000E-07 9.39234721E+12 1.21573609E+02 1.00000000E+05 1.00000000E-40 1.00000000E-40 1.00000000E-40 1.00000000E-40 7.62376343E-20 1.00000000E-40 1.00000000E-40 1.00000000E-40 1.00000000E-40 1.00000000E-40 2.99379793E-07 2.44456771E-05 9.08075893E-12 1.29418660E-13 8.54612236E-02 1.84833731E-06 7.93271232E-02 8.62914384E-01 2.76039688E-19 1.33110715E-21 3.49687640E-23 2.49773399E-28 5.85207059E-28 7.11014404E-28 6.26637820E-20 1.75570017E-03 3.46785988E-13 3.32749967E-19 1.02530509E-24 9.19605453E-28 1.43462254E-21 9.69160701E-18 9.15889159E-04 9.59935729E-04 7.13071978E-23 1.53423344E-23 4.35262795E-07 2.54700591E-35 2.61959509E-35 4.16821215E-30 8.30071330E-36 9.00748559E-20 1.40668187E-17 3.46378762E-13 3.81164013E-09 1.09179131E-18 1.03267738E-08 4.12324915E-09 7.76340136E-25 1.90559773E-23 4.21459040E-07 1.53599850E-33 3.90481251E-20 1.00000000E-40 1.00000000E-40 3.12068408E-30 1.00000000E-40 3.73727155E-28 3.98905456E-38 1.12007262E-10 9.75066159E-28 1.66811241E-38 1.00000000E-40 5.23623053E-29 3.29311059E-34 4.16175530E-17 5.00885920E-27 2.64065948E-30 9.56731057E-28 1.00000000E-40 1.00000000E-40 1.08193457E-38 4.33126570E-26 2.06704360E-35 1.00000000E-40 1.11132425E-20 1.27122719E-23 5.71868468E-34 1.21986000E-11 1.00000000E-05 1.00000000E-05 1.00000000E-05 1.00000000E-05 1.00000000E-05 1.00000000E-05 1.00000000E-05 1.00000000E-05 1.00000000E-05 1.00000000E-05
1.15495000E+02 1.35356000E-07 8.05796091E+12 1.21665956E+02 1.00000000E+05 1.00000000E-40 1.00000000E-40 1.00000000E-40 1.00000000E-40 2.42673613E-20 1.00000000E-40 1.00000000E-40 1.00000000E-40 1.00000000E-40 1.00000000E-40 3.11871207E-07 2.41656786E-05 7.61164177E-12 1.65233113E-13 9.35762320E-02 1.49225903E-06 8.33414542E-02 8.40687880E-01 2.35057832E-19 1.48963285E-21 3.31905418E-19 1.60422985E-25 7.22522997E-28 8.68189087E-28 5.42521911E-20 2.12917791E-03 3.95069599E-13 3.31042076E-19 9.39658384E-25 5.49136259E-28 6.26896148E-22 9.08274938E-18 7.11606835E-04 5.80486084E-04 3.83101113E-19 2.22977438E-20 4.32709584E-07 2.39222575E-35 2.56105528E-35 3.90154617E-30 8.58999298E-36 5.87732851E-20 8.06099527E-18 2.14087471E-13 2.80311210E-09 4.00893073E-19 9.52718440E-09 4.58519233E-09 6.98804258E-25 1.28951734E-23 4.05152920E-07 1.17894145E-33 3.15833207E-20 1.00000000E-40 1.00000000E-40 3.19012529E-30 1.00000000E-40 2.67913734E-28 2.18118023E-38 8.77815563E-11 1.20455516E-27 1.72712408E-38 1.00000000E-40 7.24852497E-29 1.71315634E-31 2.60405281E-17 5.48131156E-27 3.34405457E-30 9.62965322E-28 1.00000000E-40 1.00000000E-40 1.03265035E-38 4.29047930E-26 1.00000000E-40 1.00000000E-40 6.63852987E-21 2.22731586E-24 3.88793590E-34 1.76558000E-11 1.00000000E-05 1.00000000E-05 1.00000000E-05 1.00000000E-05 1.00000000E-05 1.00000000E-05 1.00000000E-05 1.00000000E-05 1.00000000E-05 1.00000000E-05
1.16679000E+02 1.16305000E-07 6.92185012E+12 1.21700654E+02 1.00000000E+05 1.00000000E-40 1.00000000E-40 1.00000000E-40 1.00000000E-40 8.34085211E-21 1.00000000E-40 1.00000000E-40 1.00000000E-40 1.00000000E-40 1.00000000E-40 3.21083587E-07 2.39033746E-05 6.78741002E-12 2.24072920E-13 1.01819121E-01 1.31901867E-06 8.70349905E-02 8.19288200E-01 1.97884301E-19 1.66562782E-21 1.82857977E-15 8.37220997E-22 3.23112193E-27 1.04437460E-27 4.96038623E-20 2.36533824E-03 3.81225011E-13 2.70735821E-19 6.59409679E-25 3.24842919E-28 3.17868955E-22 7.94024822E-18 5.69271521E-04 3.66642892E-04 1.30870188E-15 2.39218772E-17 3.94404125E-07 1.37231950E-34 2.55761122E-35 3.75713647E-30 9.34265296E-36 4.18377441E-20 5.10773587E-18 1.57636399E-13 2.12138096E-09 1.71839429E-19 9.00848183E-09 4.90263255E-09 5.82739148E-25 9.75690979E-24 3.88218105E-07 9.58868282E-34 2.69434215E-20 1.00000000E-40 1.00000000E-40 3.22217319E-30 1.00000000E-40 2.01654726E-28 1.24414943E-38 6.85464899E-11 7.02587910E-27 1.74887204E-38 1.00000000E-40 9.77690073E-29 7.29776389E-28 1.67631623E-17 6.02985591E-27 4.55863490E-30 9.52020061E-28 1.00000000E-40 1.00000000E-40 9.64118336E-39 4.22296859E-26 1.00000000E-40 1.00000000E-40 4.44521762E-21 4.44560999E-25 2.75712643E-34 2.70911000E-11 1.00000000E-05 1.00000000E-05 1.00000000E-05 1.00000000E-05 1.00000000E-05 1.00000000E-05 1.00000000E-05 1.00000000E-05 1.00000000E-05 1.00000000E-05
1.17864000E+02 9.99997000E-08 5.95271722E+12 1.21674666E+02 1.00000000E+05 1.00000000E-40 1.00000000E-40 1.00000000E-40 1.00000000E-40 2.63436675E-21 1.00000000E-40 1.00000000E-40 1.00000000E-40 1.00000000E-40 1.00000000E-40 3.25494545E-07 2.36538503E-05 6.58777470E-12 3.50238173E-13 1.10196814E-01 1.23180528E-06 9.03074836E-02 7.98709368E-01 2.24278133E-19 1.89110929E-21 6.02058236E-12 2.58245520E-18 6.46399174E-24 1.42883220E-27 4.89420652E-20 2.50562781E-03 3.36992500E-13 1.99666350E-19 4.01756974E-25 1.90798869E-28 2.01569675E-22 6.63560567E-18 4.81183267E-04 2.61463421E-04 2.51827666E-12 1.49004329E-14 3.48938619E-07 4.71246096E-29 2.86583713E-35 3.87480409E-30 7.03278855E-34 3.11947506E-20 3.91159470E-18 1.28182657E-13 1.70708571E-09 9.50345906E-20 8.75148042E-09 5.07580631E-09 4.60796487E-25 8.36650161E-24 3.70858792E-07 8.60999715E-34 2.48595230E-20 4.22804363E-32 1.00000000E-40 3.21799050E-30 1.00000000E-40 1.66892804E-28 7.67307088E-39 5.33012245E-11 1.15723321E-23 1.74141073E-38 1.00000000E-40 1.36007016E-28 1.83813768E-24 1.13246214E-17 7.07476028E-27 7.60062840E-30 9.27216331E-28 1.00000000E-40 1.00000000E-40 8.81339741E-39 4.13456105E-26 1.00000000E-40 1.00000000E-40 3.90468023E-21 1.19426733E-25 2.12667043E-34 4.79743000E-11 1.00000000E-05 1.00000000E-05 1.00000000E-05 1.00000000E-05 1.00000000E-05 1.00000000E-05 1.00000000E-05 1.00000000E-05 1.00000000E-05 1.00000000E-05
