alt press den temp eddy H2Oaer SO2aer CO2aer S8aer H2SO4aer C2H2aer C2H4aer C2H6aer CH4aer HCaer1 H H2 H2O OH O O2 CO CO2 HCO H2CO C CH CH2 CH3 CH4 S S2 S3 S4 S8 H2S HS SO SO2 CS CS2 OCS C2 C2H C2H2 C2H4 HO2 H2O2 O3 SO3 H2SO4 HCl Cl Cl2 HOCl ClO C2H6 CH3OH CH2CO CH3CHO C3H4 C3H6 C4H2 C4H4 OClO HCS C2H3 C2H5 1CH2 HCCO HSO CH3O H2COH C4H C2H2OH CH3CO CH2CHO C2H3OH C2H4OH CH3O2 HSO3 HS4 C4H3 O1D H2Oaer_r SO2aer_r CO2aer_r S8aer_r H2SO4aer_r C2H2aer_r C2H4aer_r C2H6aer_r CH4aer_r HCaer1_r
5.92280000E-01 7.00131000E-01 2.73802260E+19 1.85207682E+02 1.00000000E+05 1.66912751E+00 6.85535689E+02 6.73929126E+00 4.00423752E-34 4.46222429E-07 2.68410527E-40 2.68410527E-40 2.68410527E-40 2.68410527E-40 2.73544354E-40 3.33527580E-16 7.14152079E-06 2.00612498E-07 1.08699787E-24 5.74452641E-20 1.42830416E-09 1.57113457E-07 6.56596267E-01 7.99273846E-19 2.58260901E-19 1.00000000E-40 1.00000000E-40 1.74615677E-37 3.07073390E-28 2.70641798E-20 4.87153508E-19 8.93255520E-17 2.58642903E-23 1.09785176E-22 2.61051294E-23 2.85660832E-13 1.26095823E-14 3.63575605E-15 6.08130505E-03 4.51739010E-33 4.88704089E-29 1.43221175E-11 1.00000000E-40 1.00000000E-40 1.51224567E-27 3.09929902E-29 2.11446832E-13 3.44668216E-11 1.64178982E-18 1.13811280E-17 2.56046997E-13 3.57076039E-08 1.05596203E-15 1.70477690E-22 9.97158414E-25 2.32777369E-09 1.99118780E-31 2.21347964E-19 3.20742348E-26 3.62082282E-27 8.88491811E-35 1.00000000E-40 1.24570814E-27 1.15752231E-27 2.14626386E-14 1.31082165E-34 4.81066380E-37 5.39600267E-32 1.00000000E-40 1.00000000E-40 6.67692073E-13 7.60743199E-25 1.10092979E-28 1.00000000E-40 1.00000000E-40 1.85432339E-29 1.47731379E-29 1.60149457E-25 4.25178704E-37 7.73872574E-24 3.66317670E-17 1.19872560E-18 1.21765700E-30 1.00000000E-40 1.00000000E-05 1.00000000E-05 1.00000000E-05 1.00000000E-05 1.00000000E-05 1.00000000E-05 1.00000000E-05 1.00000000E-05 1.00000000E-05 1.00000000E-05
1.77684000E+00 5.97166000E-01 2.37623611E+19 1.82021295E+02 1.00000000E+05 1.76797826E+00 7.28347685E+02 5.30646472E+01 4.24979369E-34 4.65411641E-07 2.84119460E-40 2.84119460E-40 2.84119460E-40 2.84119460E-40 2.89735153E-40 5.01440715E-17 7.37998587E-06 1.62195341E-07 1.77762919E-25 6.79353454E-20 9.09918645E-09 1.77728392E-07 6.23739215E-01 1.85584525E-20 2.74232137E-19 1.00000000E-40 1.00000000E-40 1.00000000E-40 1.57566853E-28 2.79397403E-20 8.78158468E-20 9.21693432E-17 2.08963658E-23 9.23824647E-23 2.69495543E-23 3.07401966E-13 1.19568589E-14 6.94986576E-15 5.62832966E-03 4.69477379E-33 5.04509915E-29 1.48325973E-11 1.00000000E-40 1.00000000E-40 1.56119361E-27 3.21480579E-29 1.88876570E-13 4.23382168E-11 6.38499985E-18 8.95746259E-18 1.93511523E-13 3.69146355E-08 1.01808645E-15 1.13972501E-22 6.78240727E-25 2.40585241E-09 2.05561247E-31 2.28509331E-19 3.31626939E-26 3.74556095E-27 9.18332483E-35 1.03144937E-40 1.28639383E-27 1.19464055E-27 1.43967327E-14 1.43734298E-34 1.04278244E-38 5.43910426E-32 1.00000000E-40 1.31306521E-40 1.54870670E-12 1.42213883E-25 1.09661992E-28 1.00000000E-40 1.00000000E-40 1.90926106E-29 1.51330780E-29 1.65510528E-25 5.11552549E-37 9.56003075E-24 9.08508725E-19 1.23815657E-18 1.20373901E-30 1.00000000E-40 1.00000000E-05 1.00000000E-05 1.00000000E-05 1.00000000E-05 1.00000000E-05 1.00000000E-05 1.00000000E-05 1.00000000E-05 1.00000000E-05 1.00000000E-05
2.96140000E+00 5.07918000E-01 2.02758362E+19 1.81439378E+02 1.00000000E+05 1.96812256E+00 8.13642779E+02 3.46258058E+01 4.75530070E-34 5.12082456E-07 3.16094349E-40 3.16094349E-40 3.16094349E-40 3.16094349E-40 3.22533912E-40 2.85788494E-17 7.63899053E-06 1.58476365E-07 1.09253909E-25 7.61811296E-20 1.82836865E-08 2.01831545E-07 6.43778135E-01 5.77322564E-21 2.91366733E-19 1.00000000E-40 1.00000000E-40 2.22379282E-38 1.14805131E-28 2.88916830E-20 3.99300652E-20 9.53890371E-17 1.72928351E-23 7.82534657E-23 2.78673304E-23 3.36480137E-13 1.11499280E-14 1.03309640E-14 5.91342679E-03 4.92289510E-33 5.21685417E-29 1.53857667E-11 1.00000000E-40 1.00000000E-40 1.61440268E-27 3.35735387E-29 1.88044396E-13 4.99677266E-11 1.07874745E-17 1.00161632E-17 1.66224001E-13 3.82237805E-08 1.04074324E-15 8.48064385E-23 4.50527876E-25 2.49233134E-09 2.12564831E-31 2.36294115E-19 3.44041732E-26 3.89032509E-27 9.52035616E-35 1.06928629E-40 1.33066734E-27 1.23493346E-27 1.19460137E-14 1.59794017E-34 2.98808537E-39 5.48366986E-32 1.00000000E-40 1.01592436E-40 2.59697376E-12 2.69217991E-26 1.11723603E-28 1.00000000E-40 1.00000000E-40 1.96447339E-29 1.55181715E-29 1.71545154E-25 6.26181787E-37 1.15866253E-23 2.90399418E-19 1.28107516E-18 1.19579160E-30 1.00000000E-40 1.00000000E-05 1.00000000E-05 1.00000000E-05 1.00000000E-05 1.00000000E-05 1.00000000E-05 1.00000000E-05 1.00000000E-05 1.00000000E-05 1.00000000E-05
4.14596000E+00 4.40637000E-01 1.75756161E+19 1.81587989E+02 1.00000000E+05 2.19436976E+00 9.11265212E+02 2.17606809E+01 5.33933346E-34 5.66326749E-07 3.52222395E-40 3.52222395E-40 3.52222395E-40 3.52222395E-40 3.59610870E-40 2.14190801E-17 7.75232972E-06 1.75008872E-07 8.43650834E-26 7.97464609E-20 2.87573123E-08 2.25380849E-07 6.56154838E-01 3.05208162E-21 3.03388901E-19 1.00000000E-40 1.00000000E-40 1.54349966E-38 9.46103295E-29 2.92916530E-20 2.20815363E-20 9.69173395E-17 1.40523447E-23 6.47657238E-23 2.82522911E-23 3.65205730E-13 1.01893647E-14 1.32660116E-14 6.64799139E-03 5.09524201E-33 5.28882294E-29 1.56468222E-11 1.00000000E-40 1.00000000E-40 1.63675655E-27 3.45729548E-29 1.91846054E-13 5.63473633E-11 1.35639547E-17 1.01908124E-17 1.50174623E-13 3.88035500E-08 1.05871492E-15 6.77562497E-23 2.89944475E-25 2.53277171E-09 2.15506134E-31 2.39562720E-19 3.50628453E-26 3.97266779E-27 9.69156597E-35 1.08741370E-40 1.34956648E-27 1.25155785E-27 1.04054251E-14 1.75686622E-34 1.44871585E-39 5.41750254E-32 1.00000000E-40 1.04975276E-40 3.77511430E-12 9.64379947E-27 1.12942331E-28 1.00000000E-40 1.00000000E-40 1.97920727E-29 1.55964087E-29 1.74564511E-25 7.54899004E-37 1.34197423E-23 1.58609751E-19 1.29957732E-18 1.16854008E-30 1.00000000E-40 1.00000000E-05 1.00000000E-05 1.00000000E-05 1.00000000E-05 1.00000000E-05 1.00000000E-05 1.00000000E-05 1.00000000E-05 1.00000000E-05 1.00000000E-05
5.33052000E+00 3.89650000E-01 1.55327678E+19 1.81694821E+02 1.00000000E+05 2.42331676E+00 1.01105633E+03 1.83564239E+01 5.93870790E-34 6.21401818E-07 3.88725787E-40 3.88725787E-40 3.88725787E-40 3.88725787E-40 3.97129058E-40 1.73135945E-17 7.72011906E-06 2.02225677E-07 6.76880960E-26 7.86459705E-20 4.01783448E-08 2.47689858E-07 6.56640603E-01 1.92231987E-21 3.09881609E-19 1.00000000E-40 1.00000000E-40 9.76186776E-39 8.07219479E-29 2.91416641E-20 1.34911797E-20 9.67413004E-17 1.12745478E-23 5.27492307E-23 2.81063677E-23 3.92078637E-13 9.25623706E-15 1.58742996E-14 7.62083989E-03 5.20743804E-33 5.26136565E-29 1.56142010E-11 1.00000000E-40 1.00000000E-40 1.62836525E-27 3.51538923E-29 1.92161879E-13 6.12115196E-11 1.45905832E-17 8.85516147E-18 1.33717594E-13 3.86539282E-08 1.05662274E-15 5.49953778E-23 1.81613637E-25 2.52694543E-09 2.14399909E-31 2.38331533E-19 3.51444504E-26 3.99372423E-27 9.69818963E-35 1.08574917E-40 1.34315371E-27 1.24462701E-27 8.93364911E-15 1.90928179E-34 8.35368753E-40 5.25041227E-32 1.00000000E-40 1.04315634E-40 5.04409357E-12 5.62833146E-27 1.12900035E-28 1.00000000E-40 1.00000000E-40 1.95523794E-29 1.53773416E-29 1.74588989E-25 8.93574210E-37 1.49259292E-23 1.03305217E-19 1.29369810E-18 1.12405926E-30 1.00000000E-40 1.00000000E-05 1.00000000E-05 1.00000000E-05 1.00000000E-05 1.00000000E-05 1.00000000E-05 1.00000000E-05 1.00000000E-05 1.00000000E-05 1.00000000E-05
6.51508000E+00 3.46768000E-01 1.37791000E+19 1.82278262E+02 1.00000000E+05 2.68136160E+00 1.12407554E+03 1.70629858E+01 6.62135976E-34 6.84315796E-07 4.29831214E-40 4.29831214E-40 4.29831214E-40 4.29831214E-40 4.39416063E-40 1.54444006E-17 7.64179248E-06 2.45718709E-07 5.91010709E-26 7.65942851E-20 5.27596480E-08 2.71334603E-07 6.53611016E-01 1.44093337E-21 3.14489711E-19 1.00000000E-40 1.00000000E-40 7.06347903E-39 7.33186650E-29 2.88182313E-20 8.80230347E-21 9.60835501E-17 8.96896239E-24 4.24925861E-23 2.77927233E-23 4.20984933E-13 8.41661779E-15 1.81080647E-14 8.98655451E-03 5.32201031E-33 5.20246474E-29 1.54875955E-11 1.00000000E-40 1.00000000E-40 1.61026724E-27 3.57676318E-29 1.96372442E-13 6.51856552E-11 1.44995205E-17 7.82127300E-18 1.23094449E-13 3.82724081E-08 1.05845398E-15 4.67673486E-23 1.12557224E-25 2.50707276E-09 2.12016385E-31 2.35680001E-19 3.51043030E-26 4.00573886E-27 9.66556118E-35 1.07815687E-40 1.32876053E-27 1.23024492E-27 7.96541478E-15 2.07575410E-34 5.71881409E-40 5.05707461E-32 1.00000000E-40 1.00397273E-40 6.43431089E-12 3.99885303E-27 1.12834319E-28 1.00000000E-40 1.00000000E-40 1.91907079E-29 1.50663595E-29 1.73873734E-25 1.05009089E-36 1.62201394E-23 7.94756629E-20 1.28011235E-18 1.07777595E-30 1.00000000E-40 1.00000000E-05 1.00000000E-05 1.00000000E-05 1.00000000E-05 1.00000000E-05 1.00000000E-05 1.00000000E-05 1.00000000E-05 1.00000000E-05 1.00000000E-05
7.69964000E+00 3.08741000E-01 1.22293031E+19 1.82856041E+02 1.00000000E+05 2.97738279E+00 1.25449427E+03 1.65340883E+01 7.41419657E-34 7.57392137E-07 4.76941165E-40 4.76941165E-40 4.76941165E-40 4.76941165E-40 4.87926250E-40 1.42502137E-17 7.56460910E-06 3.03183356E-07 5.28525085E-26 7.37993772E-20 6.68584892E-08 2.98054808E-07 6.51118623E-01 1.15835297E-21 3.19051964E-19 1.00000000E-40 1.00000000E-40 5.34939827E-39 6.82032410E-29 2.84998377E-20 6.06439525E-21 9.55193802E-17 7.15786742E-24 3.42762099E-23 2.74834853E-23 4.54124234E-13 7.73638670E-15 2.03150545E-14 1.06990418E-02 5.47124813E-33 5.14433713E-29 1.53623977E-11 1.00000000E-40 1.00000000E-40 1.59243547E-27 3.66511022E-29 2.00820579E-13 6.86474852E-11 1.37860857E-17 6.68699765E-18 1.13616880E-13 3.78956230E-08 1.06075000E-15 4.06047711E-23 6.95118869E-26 2.48853675E-09 2.09668762E-31 2.33067860E-19 3.51683003E-26 4.03544544E-27 9.65501918E-35 1.07128899E-40 1.31461149E-27 1.21603654E-27 7.13607256E-15 2.27023747E-34 4.19367374E-40 4.87034126E-32 1.00000000E-40 1.00000000E-40 7.98778026E-12 3.04922327E-27 1.13250190E-28 1.00000000E-40 1.00000000E-40 1.88336216E-29 1.47584067E-29 1.73518528E-25 1.23170586E-36 1.73872193E-23 6.54467774E-20 1.26673624E-18 1.03627169E-30 1.73379000E-40 1.00000000E-05 1.00000000E-05 1.00000000E-05 1.00000000E-05 1.00000000E-05 1.00000000E-05 1.00000000E-05 1.00000000E-05 1.00000000E-05 1.00000000E-05
8.88420000E+00 2.75166000E-01 1.08678945E+19 1.83385957E+02 1.00000000E+05 3.31291228E+00 1.40325910E+03 1.64402030E+01 8.32697294E-34 8.41063511E-07 5.30278224E-40 5.30278224E-40 5.30278224E-40 5.30278224E-40 5.42910621E-40 1.33849374E-17 7.48380541E-06 3.73886436E-07 4.80140620E-26 7.07806565E-20 8.26071302E-08 3.28013108E-07 6.48803490E-01 9.70350086E-22 3.23337824E-19 1.00000000E-40 1.00000000E-40 4.14640647E-39 6.42919603E-29 2.81685087E-20 4.35279549E-21 9.49750032E-17 5.72633711E-24 2.76755676E-23 2.71612997E-23 4.91292735E-13 7.17743358E-15 2.26245797E-14 1.27308997E-02 5.65353398E-33 5.08372899E-29 1.52288650E-11 1.00000000E-40 1.00000000E-40 1.57386544E-27 3.78077790E-29 2.04709028E-13 7.15719700E-11 1.27670035E-17 5.63450157E-18 1.04485500E-13 3.74997612E-08 1.06194479E-15 3.55718625E-23 4.28022384E-26 2.46970936E-09 2.07224881E-31 2.30348149E-19 3.53279188E-26 4.08320826E-27 9.66290292E-35 1.06450220E-40 1.29987853E-27 1.20123411E-27 6.39184419E-15 2.49488341E-34 3.20197007E-40 4.68714372E-32 1.00000000E-40 1.00000000E-40 9.71740450E-12 2.41009104E-27 1.13962848E-28 1.00000000E-40 1.00000000E-40 1.84752064E-29 1.44443562E-29 1.73452449E-25 1.44034120E-36 1.84208486E-23 5.60945268E-20 1.25276772E-18 9.98496221E-31 3.65995000E-40 1.00000000E-05 1.00000000E-05 1.00000000E-05 1.00000000E-05 1.00000000E-05 1.00000000E-05 1.00000000E-05 1.00000000E-05 1.00000000E-05 1.00000000E-05
1.00688000E+01 2.45598000E-01 9.67200576E+18 1.83918322E+02 1.00000000E+05 3.69084645E+00 1.57184378E+03 1.66770928E+01 9.37558788E-34 9.36184219E-07 5.90286561E-40 5.90286561E-40 5.90286561E-40 5.90286561E-40 6.04844040E-40 1.27721526E-17 7.39601734E-06 4.59622612E-07 4.43765197E-26 6.78328217E-20 1.00132197E-07 3.61390906E-07 6.46420458E-01 8.41008248E-22 3.27156708E-19 1.00000000E-40 1.00000000E-40 3.36736143E-39 6.13190404E-29 2.78115971E-20 3.22220418E-21 9.43955188E-17 4.58420288E-24 2.23361732E-23 2.68139544E-23 5.32378822E-13 6.70455146E-15 2.51455165E-14 1.51115579E-02 5.86845491E-33 5.01834894E-29 1.50800257E-11 1.00000000E-40 1.00000000E-40 1.55385047E-27 3.92464011E-29 2.08396395E-13 7.39381117E-11 1.16287643E-17 4.76372861E-18 9.60347257E-14 3.70680020E-08 1.06254902E-15 3.14463516E-23 2.62988208E-26 2.44940575E-09 2.04591796E-31 2.27417502E-19 3.55822510E-26 4.15046113E-27 9.68737837E-35 1.05735110E-40 1.28397860E-27 1.18529808E-27 5.74004651E-15 2.75242097E-34 2.52793837E-40 4.50554077E-32 1.00000000E-40 1.00000000E-40 1.16352791E-11 1.95391393E-27 1.14850149E-28 1.00000000E-40 1.00000000E-40 1.81131285E-29 1.41181683E-29 1.73637747E-25 1.67794262E-36 1.93177547E-23 4.96699070E-20 1.23764030E-18 9.63680328E-31 7.73217000E-40 1.00000000E-05 1.00000000E-05 1.00000000E-05 1.00000000E-05 1.00000000E-05 1.00000000E-05 1.00000000E-05 1.00000000E-05 1.00000000E-05 1.00000000E-05
1.12533000E+01 2.19575000E-01 8.62156477E+18 1.84464803E+02 1.00000000E+05 4.11200831E+00 1.76175161E+03 1.70670849E+01 1.05851378E-33 1.04327275E-06 6.57033431E-40 6.57033431E-40 6.57033431E-40 6.57033431E-40 6.73861452E-40 1.23367699E-17 7.29962912E-06 5.61429490E-07 4.16678326E-26 6.50954032E-20 1.19570059E-07 3.98426887E-07 6.43872185E-01 7.48238654E-22 3.30382366E-19 1.00000000E-40 1.00000000E-40 2.64100286E-39 5.90158230E-29 2.74230655E-20 2.44391915E-21 9.37493065E-17 3.66946057E-24 1.80093765E-23 2.64356125E-23 5.77374595E-13 6.29691876E-15 2.83448382E-14 1.78559397E-02 6.11705315E-33 4.94709904E-29 1.49124283E-11 1.00000000E-40 1.00000000E-40 1.53205327E-27 4.09829867E-29 2.11742894E-13 7.57358668E-11 1.04837920E-17 4.07711432E-18 8.82428233E-14 3.65922710E-08 1.06251126E-15 2.80063079E-23 1.61349784E-26 2.42701164E-09 2.01725202E-31 2.24226620E-19 3.59400707E-26 4.23994709E-27 9.72892473E-35 1.04963934E-40 1.26663339E-27 1.16797122E-27 5.16840614E-15 3.04648954E-34 2.04803052E-40 4.32474842E-32 1.00000000E-40 1.00000000E-40 1.37540725E-11 1.61289344E-27 1.15836074E-28 1.00000000E-40 1.00000000E-40 1.77497471E-29 1.37773387E-29 1.74078942E-25 1.94665069E-36 2.00787345E-23 4.50782271E-20 1.22108089E-18 9.31364167E-31 1.65316000E-39 1.00000000E-05 1.00000000E-05 1.00000000E-05 1.00000000E-05 1.00000000E-05 1.00000000E-05 1.00000000E-05 1.00000000E-05 1.00000000E-05 1.00000000E-05
1.24379000E+01 1.96694000E-01 7.70589338E+18 1.84877829E+02 1.00000000E+05 4.57822581E+00 1.97359537E+03 1.76777470E+01 1.19748427E-33 1.16298231E-06 7.30814279E-40 7.30814279E-40 7.30814279E-40 7.30814279E-40 7.50261971E-40 1.18425835E-17 7.19253696E-06 6.75580568E-07 3.90276859E-26 6.23225259E-20 1.41025747E-07 4.39285984E-07 6.41010155E-01 6.65301929E-22 3.32853750E-19 1.00000000E-40 1.00000000E-40 2.23555067E-39 5.65739303E-29 2.69950807E-20 1.89014894E-21 9.29990069E-17 2.94201201E-24 1.45347625E-23 2.60187115E-23 6.26175161E-13 5.94479721E-15 3.41413709E-14 2.08867242E-02 6.39977753E-33 4.86855875E-29 1.47215834E-11 1.00000000E-40 1.00000000E-40 1.50803636E-27 4.30269878E-29 2.12622239E-13 7.69458132E-11 9.38109039E-18 3.44828936E-18 8.01261924E-14 3.60620339E-08 1.05834267E-15 2.47856576E-23 9.88589446E-27 2.40173946E-09 1.98567595E-31 2.20711541E-19 3.64087219E-26 4.35435909E-27 9.78727870E-35 1.04109537E-40 1.24748093E-27 1.14892071E-27 4.60966229E-15 3.38068478E-34 1.65807980E-40 4.14378114E-32 1.00000000E-40 1.00000000E-40 1.60812487E-11 1.33560474E-27 1.16845644E-28 1.00000000E-40 1.00000000E-40 1.73868906E-29 1.34186424E-29 1.74768838E-25 2.24808503E-36 2.07022405E-23 4.09328555E-20 1.20273554E-18 9.01098234E-31 3.64660000E-39 1.00000000E-05 1.00000000E-05 1.00000000E-05 1.00000000E-05 1.00000000E-05 1.00000000E-05 1.00000000E-05 1.00000000E-05 1.00000000E-05 1.00000000E-05
1.36224000E+01 1.76553000E-01 6.90446215E+18 1.85208948E+02 1.00000000E+05 5.09189108E+00 2.20966980E+03 1.84053894E+01 1.36024023E-33 1.29634501E-06 8.11923484E-40 8.11923484E-40 8.11923484E-40 8.11923484E-40 8.34437435E-40 1.13310267E-17 7.07409418E-06 8.03839933E-07 3.64850362E-26 5.95599439E-20 1.64606098E-07 4.84168268E-07 6.37806276E-01 5.92711973E-22 3.34467180E-19 1.00000000E-40 1.00000000E-40 1.79488448E-39 5.41124817E-29 2.65253074E-20 1.48811355E-21 9.21265680E-17 2.35998432E-24 1.17308078E-23 2.55609947E-23 6.78756855E-13 5.64079041E-15 4.95876322E-14 2.42378539E-02 6.71809857E-33 4.78230090E-29 1.45059537E-11 1.00000000E-40 1.00000000E-40 1.48166961E-27 4.53915610E-29 2.09750435E-13 7.75700412E-11 8.34411630E-18 2.90118103E-18 7.21567003E-14 3.54740678E-08 1.05088963E-15 2.18400631E-23 6.05206309E-27 2.37326099E-09 1.95101933E-31 2.16853283E-19 3.70038330E-26 4.49742746E-27 9.86399928E-35 1.03165026E-40 1.22641264E-27 1.12804881E-27 4.08634533E-15 3.75941487E-34 1.34503653E-40 3.96264718E-32 1.00000000E-40 1.00000000E-40 1.86192136E-11 1.10901308E-27 1.17849182E-28 1.00000000E-40 1.00000000E-40 1.70292443E-29 1.30418314E-29 1.75735181E-25 2.58376936E-36 2.11908375E-23 3.71859400E-20 1.18249443E-18 8.72603737E-31 7.93615000E-39 1.00000000E-05 1.00000000E-05 1.00000000E-05 1.00000000E-05 1.00000000E-05 1.00000000E-05 1.00000000E-05 1.00000000E-05 1.00000000E-05 1.00000000E-05
1.48070000E+01 1.58735000E-01 6.19481869E+18 1.85592667E+02 1.00000000E+05 5.66306502E+00 2.47410557E+03 1.93355098E+01 1.55497824E-33 1.44615720E-06 9.01974794E-40 9.01974794E-40 9.01974794E-40 9.01974794E-40 9.28037310E-40 1.09378745E-17 6.94724644E-06 9.53769186E-07 3.42262078E-26 5.69830758E-20 1.90511544E-07 5.33539636E-07 6.34556720E-01 5.37055721E-22 3.35291962E-19 1.00000000E-40 1.00000000E-40 1.54252904E-39 5.20796997E-29 2.60248658E-20 1.19957990E-21 9.11619990E-17 1.89062304E-24 9.45212629E-24 2.50731705E-23 7.35464524E-13 5.39423106E-15 9.98295805E-14 2.80518555E-02 7.07716740E-33 4.69032397E-29 1.42713867E-11 1.00000000E-40 1.00000000E-40 1.45357449E-27 4.81114837E-29 1.99098152E-13 7.76648451E-11 7.38924818E-18 2.47930895E-18 6.51354949E-14 3.48431727E-08 1.04331577E-15 1.93759516E-23 3.70557752E-27 2.34245082E-09 1.91410143E-31 2.12742869E-19 3.77625223E-26 4.67555271E-27 9.96579427E-35 1.02176177E-40 1.20394240E-27 1.10582967E-27 3.63761553E-15 4.18981225E-34 1.10995179E-40 3.78329070E-32 1.00000000E-40 1.00000000E-40 2.13626185E-11 9.29380176E-28 1.18892131E-28 1.00000000E-40 1.00000000E-40 1.66895809E-29 1.26532209E-29 1.77100204E-25 2.95647216E-36 2.15587825E-23 3.40182225E-20 1.16084806E-18 8.46032915E-31 1.68303000E-38 1.00000000E-05 1.00000000E-05 1.00000000E-05 1.00000000E-05 1.00000000E-05 1.00000000E-05 1.00000000E-05 1.00000000E-05 1.00000000E-05 1.00000000E-05
1.59916000E+01 1.42810000E-01 5.56249236E+18 1.85954164E+02 1.00000000E+05 6.30021486E+00 2.77189458E+03 2.04402431E+01 1.80091406E-33 1.61518220E-06 1.00223606E-39 1.00223606E-39 1.00223606E-39 1.00223606E-39 1.03244893E-39 1.05664977E-17 6.81899047E-06 1.12611659E-06 3.15784425E-26 5.45114158E-20 2.19124273E-07 5.88319328E-07 6.31944126E-01 4.89039837E-22 3.35609347E-19 1.00000000E-40 1.00000000E-40 1.33866223E-39 5.01568418E-29 2.55199927E-20 1.01862908E-21 9.01909374E-17 1.51598060E-24 7.62132002E-24 2.45804978E-23 7.97216821E-13 5.23840014E-15 2.64540942E-13 3.23437064E-02 7.48753776E-33 4.59734649E-29 1.40321200E-11 1.00000000E-40 1.00000000E-40 1.42521642E-27 5.12552781E-29 1.68569804E-13 7.73631122E-11 6.52698348E-18 2.12417838E-18 5.86949532E-14 3.42044731E-08 1.03501146E-15 1.72236415E-23 2.27056940E-27 2.31158469E-09 1.87685300E-31 2.08594843E-19 3.87500829E-26 4.89877098E-27 1.01059291E-34 1.01250516E-40 1.18128510E-27 1.08337734E-27 3.23538911E-15 4.68345567E-34 1.00000000E-40 3.60951006E-32 1.00000000E-40 1.00000000E-40 2.42716012E-11 7.81492976E-28 1.20095672E-28 1.00000000E-40 1.00000000E-40 1.63911261E-29 1.22660667E-29 1.79105551E-25 3.37149768E-36 2.18342414E-23 3.06509677E-20 1.13896291E-18 8.22056232E-31 3.20502000E-38 1.00000000E-05 1.00000000E-05 1.00000000E-05 1.00000000E-05 1.00000000E-05 1.00000000E-05 1.00000000E-05 1.00000000E-05 1.00000000E-05 1.00000000E-05
1.71761000E+01 1.28408000E-01 4.99352731E+18 1.86252182E+02 1.00000000E+05 7.01734655E+00 3.11110041E+03 2.16966575E+01 2.14962759E-33 1.80791222E-06 1.11480034E-39 1.11480034E-39 1.11480034E-39 1.11480034E-39 1.14996709E-39 1.01745328E-17 6.69738407E-06 1.32135309E-06 2.83638210E-26 5.22037748E-20 2.51002770E-07 6.49804151E-07 6.30785239E-01 4.44686435E-22 3.35777354E-19 1.00000000E-40 1.00000000E-40 1.11656234E-39 4.82092745E-29 2.50408024E-20 1.05037795E-21 8.93166947E-17 1.21895414E-24 6.16156501E-24 2.41119422E-23 8.65404132E-13 5.19517077E-15 7.39661171E-13 3.71248743E-02 7.96348735E-33 4.50877663E-29 1.38046707E-11 1.00000000E-40 1.00000000E-40 1.39827665E-27 5.49140928E-29 1.12314886E-13 7.68666182E-11 5.76698989E-18 1.81662384E-18 5.27113429E-14 3.35984315E-08 1.02624870E-15 1.52795531E-23 1.39324235E-27 2.28334969E-09 1.84148942E-31 2.04655348E-19 4.00487080E-26 5.17953943E-27 1.03007907E-34 1.00515411E-40 1.15983801E-27 1.06196620E-27 2.86868465E-15 5.25612043E-34 1.00000000E-40 3.44523811E-32 1.00000000E-40 1.00000000E-40 2.72092003E-11 6.57291482E-28 1.21619071E-28 1.00000000E-40 1.00000000E-40 1.61601324E-29 1.18949106E-29 1.82051325E-25 3.83646649E-36 2.20508986E-23 2.68664204E-20 1.11818104E-18 8.01470346E-31 5.67968000E-38 1.00000000E-05 1.00000000E-05 1.00000000E-05 1.00000000E-05 1.00000000E-05 1.00000000E-05 1.00000000E-05 1.00000000E-05 1.00000000E-05 1.00000000E-05
1.83607000E+01 1.15307000E-01 4.47751315E+18 1.86524343E+02 1.00000000E+05 7.83191317E+00 3.49975679E+03 2.31886842E+01 2.76086368E-33 2.02931125E-06 1.24242120E-39 1.24242120E-39 1.24242120E-39 1.24242120E-39 1.28345206E-39 9.80031147E-18 6.58661057E-06 1.54526294E-06 2.54723484E-26 5.02037026E-20 2.86749877E-07 7.19296116E-07 6.31579830E-01 4.05430716E-22 3.35982751E-19 1.00000000E-40 1.00000000E-40 1.00692913E-39 4.63661196E-29 2.46028247E-20 1.80293511E-21 8.85948405E-17 9.82950171E-25 4.99571799E-24 2.36823893E-23 9.41418867E-13 5.21992762E-15 1.80448382E-12 4.24831423E-02 8.51812693E-33 4.42738447E-29 1.35976583E-11 1.00000000E-40 1.00000000E-40 1.37362110E-27 5.91679533E-29 5.88557687E-14 7.63564122E-11 5.11161804E-18 1.56273762E-18 4.73962396E-14 3.30460864E-08 1.01841809E-15 1.35678642E-23 8.57155443E-28 2.25917024E-09 1.80915297E-31 2.01051221E-19 4.17323702E-26 5.52959156E-27 1.05629749E-34 1.00043313E-40 1.14032643E-27 1.04224687E-27 2.54387216E-15 5.92518308E-34 1.00000000E-40 3.29202554E-32 1.00000000E-40 1.00000000E-40 2.99597366E-11 5.54005681E-28 1.23576000E-28 1.00000000E-40 1.00000000E-40 1.60141784E-29 1.15467736E-29 1.86174916E-25 4.35919568E-36 2.22315046E-23 2.35155316E-20 1.09919550E-18 7.84613044E-31 9.44177000E-38 1.00000000E-05 1.00000000E-05 1.00000000E-05 1.00000000E-05 1.00000000E-05 1.00000000E-05 1.00000000E-05 1.00000000E-05 1.00000000E-05 1.00000000E-05
1.95452000E+01 1.03355000E-01 4.00734312E+18 1.86806369E+02 1.00000000E+05 8.76382786E+00 3.94946893E+03 2.49111695E+01 4.43703996E-33 2.28605493E-06 1.38806439E-39 1.38806439E-39 1.38806439E-39 1.38806439E-39 1.43616727E-39 9.47411384E-18 6.48921028E-06 1.80523889E-06 2.33576315E-26 4.86560891E-20 3.27072074E-07 7.98269767E-07 6.34711691E-01 3.72041464E-22 3.36338687E-19 1.00000000E-40 1.00000000E-40 8.70418827E-40 4.47274931E-29 2.42153926E-20 4.43056059E-21 8.80616806E-17 7.94884865E-25 4.06219414E-24 2.33007253E-23 1.02679464E-12 5.27593926E-15 3.61760625E-12 4.85152171E-02 9.16564604E-33 4.35481358E-29 1.34163513E-11 1.00000000E-40 1.00000000E-40 1.35176886E-27 6.41004920E-29 3.04635110E-14 7.59304368E-11 4.55980516E-18 1.36330626E-18 4.28830338E-14 3.25602333E-08 1.01266411E-15 1.20978383E-23 5.29485802E-28 2.23995348E-09 1.78052979E-31 1.97858562E-19 4.38805491E-26 5.96155292E-27 1.09045976E-34 1.00000000E-40 1.12319117E-27 1.02460309E-27 2.26268450E-15 6.71132572E-34 1.00000000E-40 3.15037375E-32 1.00000000E-40 1.00000000E-40 3.24400506E-11 4.68783614E-28 1.26067278E-28 1.00000000E-40 1.00000000E-40 1.59684209E-29 1.12253750E-29 1.91712179E-25 4.94853903E-36 2.23936033E-23 2.09754418E-20 1.08242364E-18 7.71667852E-31 1.48455000E-37 1.00000000E-05 1.00000000E-05 1.00000000E-05 1.00000000E-05 1.00000000E-05 1.00000000E-05 1.00000000E-05 1.00000000E-05 1.00000000E-05 1.00000000E-05
2.07298000E+01 9.24529000E-02 3.57999354E+18 1.87048837E+02 1.00000000E+05 9.83172427E+00 4.46953642E+03 2.69382531E+01 1.14569133E-32 2.58393965E-06 1.55464048E-39 1.55464048E-39 1.55464048E-39 1.55464048E-39 1.61116625E-39 9.14168335E-18 6.40590559E-06 2.10155449E-06 2.15213996E-26 4.75020398E-20 3.72738651E-07 8.88286051E-07 6.40419598E-01 3.41068719E-22 3.36863712E-19 1.00000000E-40 1.00000000E-40 8.04006623E-40 4.31043086E-29 2.38810293E-20 1.04892041E-20 8.77306278E-17 6.45399409E-25 3.31688087E-24 2.29692541E-23 1.12304082E-12 5.37734157E-15 6.22479474E-12 5.53004198E-02 9.92051931E-33 4.29147263E-29 1.32622625E-11 1.00000000E-40 1.00000000E-40 1.33285807E-27 6.97919444E-29 1.76421425E-14 7.56145353E-11 4.10008138E-18 1.19960294E-18 3.89936792E-14 3.21445384E-08 1.00799551E-15 1.07802453E-23 3.28519461E-28 2.22601154E-09 1.75580490E-31 1.95097746E-19 4.65767883E-26 6.48849947E-27 1.13367466E-34 1.00000000E-40 1.10855931E-27 1.00912701E-27 2.01114562E-15 7.63816006E-34 1.00000000E-40 3.01979889E-32 1.00000000E-40 1.00000000E-40 3.46878635E-11 3.96654054E-28 1.29170777E-28 1.00000000E-40 1.00000000E-40 1.60358769E-29 1.09310616E-29 1.98891183E-25 5.61366135E-36 2.25478200E-23 1.87714087E-20 1.06797849E-18 7.62664462E-31 2.24578000E-37 1.00000000E-05 1.00000000E-05 1.00000000E-05 1.00000000E-05 1.00000000E-05 1.00000000E-05 1.00000000E-05 1.00000000E-05 1.00000000E-05 1.00000000E-05
2.19144000E+01 8.25243000E-02 3.19244355E+18 1.87229958E+02 1.00000000E+05 1.10583569E+01 5.07397508E+03 2.92868948E+01 5.05021396E-32 2.93139778E-06 1.74553332E-39 1.74553332E-39 1.74553332E-39 1.74553332E-39 1.81217758E-39 8.78054312E-18 6.33639386E-06 2.43312520E-06 1.97258456E-26 4.67978822E-20 4.24596796E-07 9.91040040E-07 6.48864870E-01 3.11228566E-22 3.37514674E-19 1.00000000E-40 1.00000000E-40 7.55552139E-40 4.14131830E-29 2.35984320E-20 2.16532472E-20 8.76020298E-17 5.26394461E-25 2.72107306E-24 2.26865745E-23 1.23175647E-12 5.53499117E-15 9.66608527E-12 6.29119049E-02 1.07982586E-32 4.23707381E-29 1.31347591E-11 1.00000000E-40 1.00000000E-40 1.31681280E-27 7.63220979E-29 1.12969829E-14 7.54088112E-11 3.72630635E-18 1.06595087E-18 3.56755952E-14 3.17975163E-08 1.00380447E-15 9.57170789E-24 2.04684130E-28 2.21731741E-09 1.73488191E-31 1.92757844E-19 4.99141003E-26 7.12441452E-27 1.18706117E-34 1.00000000E-40 1.09638190E-27 9.95746489E-28 1.78298418E-15 8.73296642E-34 1.00000000E-40 2.89935109E-32 1.00000000E-40 1.00000000E-40 3.67572730E-11 3.34877199E-28 1.32956151E-28 1.00000000E-40 1.00000000E-40 1.62291828E-29 1.06623667E-29 2.07956023E-25 6.36408876E-36 2.27002304E-23 1.66858526E-20 1.05580139E-18 7.57565484E-31 3.29438000E-37 1.00000000E-05 1.00000000E-05 1.00000000E-05 1.00000000E-05 1.00000000E-05 1.00000000E-05 1.00000000E-05 1.00000000E-05 1.00000000E-05 1.00000000E-05
2.30989000E+01 7.35050000E-02 2.84095068E+18 1.87400137E+02 1.00000000E+05 1.24724432E+01 5.78143181E+03 3.19722038E+01 2.95592747E-31 3.33980286E-06 1.96494246E-39 1.96494246E-39 1.96494246E-39 1.96494246E-39 2.04390730E-39 8.43432991E-18 6.27991796E-06 2.81163716E-06 1.80643520E-26 4.68171919E-20 4.83606039E-07 1.10844243E-06 6.60184975E-01 2.84362626E-22 3.38212925E-19 1.00000000E-40 1.00000000E-40 6.98191797E-40 3.97962195E-29 2.33646082E-20 3.96924315E-20 8.76705715E-17 4.30861754E-25 2.24081515E-24 2.24496343E-23 1.35472598E-12 5.75086156E-15 1.40031494E-11 7.14298662E-02 1.18163649E-32 4.19101648E-29 1.30322306E-11 1.00000000E-40 1.00000000E-40 1.30346213E-27 8.37744702E-29 7.78442693E-15 7.53043863E-11 3.44053257E-18 9.65780001E-19 3.30795624E-14 3.15153912E-08 1.00103110E-15 8.49998823E-24 1.28039150E-28 2.21369626E-09 1.71754001E-31 1.90814065E-19 5.40006835E-26 7.88475243E-27 1.25185566E-34 1.00000000E-40 1.08653301E-27 9.84315536E-28 1.58209432E-15 1.00278127E-33 1.00000000E-40 2.78792981E-32 1.00000000E-40 1.00000000E-40 3.86964041E-11 2.82873381E-28 1.37496146E-28 1.00000000E-40 1.00000000E-40 1.65620894E-29 1.04170492E-29 2.19190073E-25 7.21000091E-36 2.28543413E-23 1.47795336E-20 1.04575719E-18 7.56330884E-31 4.73890000E-37 1.00000000E-05 1.00000000E-05 1.00000000E-05 1.00000000E-05 1.00000000E-05 1.00000000E-05 1.00000000E-05 1.00000000E-05 1.00000000E-05 1.00000000E-05
2.42835000E+01 6.53356000E-02 2.52306048E+18 1.87559446E+02 1.00000000E+05 1.41048674E+01 6.61042308E+03 3.50814991E+01 1.83268667E-30 3.82118722E-06 2.21759402E-39 2.21759402E-39 2.21759402E-39 2.21759402E-39 2.31141699E-39 8.09917017E-18 6.23570026E-06 3.24093149E-06 1.65344171E-26 4.77668063E-20 5.50872435E-07 1.24269748E-06 6.74533965E-01 2.59986605E-22 3.38864660E-19 1.00000000E-40 1.00000000E-40 6.95740313E-40 3.82352842E-29 2.31764976E-20 6.64538459E-20 8.79309683E-17 3.53896536E-25 1.85236071E-24 2.22552900E-23 1.49399084E-12 6.02354098E-15 1.93247939E-11 8.09024091E-02 1.29951896E-32 4.15267826E-29 1.29529790E-11 1.00000000E-40 1.00000000E-40 1.29263082E-27 9.22395268E-29 5.64795790E-15 7.52902817E-11 3.24160951E-18 8.96608632E-19 3.12006626E-14 3.12942727E-08 9.99491259E-16 7.54097907E-24 8.03720947E-29 2.21497516E-09 1.70355334E-31 1.89241021E-19 5.89651244E-26 8.78695804E-27 1.32950268E-34 1.00000000E-40 1.07888504E-27 9.74682778E-28 1.40466375E-15 1.15606877E-33 1.00000000E-40 2.68447969E-32 1.00000000E-40 1.00000000E-40 4.05472163E-11 2.38935752E-28 1.42873162E-28 1.00000000E-40 1.00000000E-40 1.70513155E-29 1.01928484E-29 2.32937102E-25 8.16248945E-36 2.30125168E-23 1.30410608E-20 1.03770654E-18 7.58979361E-31 6.72091000E-37 1.00000000E-05 1.00000000E-05 1.00000000E-05 1.00000000E-05 1.00000000E-05 1.00000000E-05 1.00000000E-05 1.00000000E-05 1.00000000E-05 1.00000000E-05
2.54680000E+01 5.79562000E-02 2.23780307E+18 1.87583551E+02 1.00000000E+05 1.59929579E+01 7.58827794E+03 3.86470160E+01 1.11146900E-29 4.39343960E-06 2.50887143E-39 2.50887143E-39 2.50887143E-39 2.50887143E-39 2.62082255E-39 7.67253526E-18 6.20286991E-06 3.67994134E-06 1.49087623E-26 4.96106170E-20 6.27637426E-07 1.39627914E-06 6.92067067E-01 2.33873656E-22 3.39354432E-19 1.00000000E-40 1.00000000E-40 6.85577960E-40 3.63705126E-29 2.30307135E-20 1.03363510E-19 8.83765875E-17 2.92295913E-25 1.54039666E-24 2.21000592E-23 1.65180952E-12 6.34808555E-15 2.57472104E-11 9.13054399E-02 1.43577376E-32 4.12136891E-29 1.28950612E-11 1.00000000E-40 1.00000000E-40 1.28412478E-27 1.01809970E-28 4.20879643E-15 7.53526990E-11 3.12216771E-18 8.49558746E-19 2.97690733E-14 3.11297954E-08 9.95880782E-16 6.60440532E-24 5.05633988E-29 2.22095121E-09 1.69267191E-31 1.88010613E-19 6.49566683E-26 9.85030930E-27 1.42163616E-34 1.00000000E-40 1.07329653E-27 9.66680850E-28 1.23600578E-15 1.33756515E-33 1.00000000E-40 2.58798448E-32 1.00000000E-40 1.00000000E-40 4.23457971E-11 2.00013750E-28 1.49176701E-28 1.00000000E-40 1.00000000E-40 1.77165258E-29 9.98741705E-30 2.49603961E-25 9.23308494E-36 2.31757152E-23 1.13123806E-20 1.03149405E-18 7.65577306E-31 9.41382000E-37 1.00000000E-05 1.00000000E-05 1.00000000E-05 1.00000000E-05 1.00000000E-05 1.00000000E-05 1.00000000E-05 1.00000000E-05 1.00000000E-05 1.00000000E-05
2.66526000E+01 5.13074000E-02 1.98099953E+18 1.87591153E+02 1.00000000E+05 1.81846690E+01 8.74788051E+03 4.27914846E+01 6.27874762E-29 5.07930808E-06 2.84607290E-39 2.84607290E-39 2.84607290E-39 2.84607290E-39 2.97998407E-39 7.25721665E-18 6.18082281E-06 4.17116850E-06 1.34550188E-26 5.30019892E-20 7.15348105E-07 1.57207984E-06 7.12984511E-01 2.10168266E-22 3.39563731E-19 1.00000000E-40 1.00000000E-40 7.21144004E-40 3.45519351E-29 2.29248699E-20 1.52580523E-19 8.90046731E-17 2.42164604E-25 1.28555254E-24 2.19813890E-23 1.83080858E-12 6.72514564E-15 3.34154338E-11 1.02665913E-01 1.59311470E-32 4.09656593E-29 1.28570320E-11 1.00000000E-40 1.00000000E-40 1.27780509E-27 1.12587504E-28 3.22347811E-15 7.54794553E-11 3.09576632E-18 8.28304971E-19 2.90906441E-14 3.10189234E-08 9.92747427E-16 5.76738655E-24 3.18812471E-29 2.23151826E-09 1.68471933E-31 1.87102866E-19 7.21528218E-26 1.10970854E-26 1.53020426E-34 1.00000000E-40 1.06967446E-27 9.60181539E-28 1.08707866E-15 1.55247614E-33 1.00000000E-40 2.49765222E-32 1.00000000E-40 1.00000000E-40 4.41298869E-11 1.67235510E-28 1.56517342E-28 1.00000000E-40 1.00000000E-40 1.85805939E-29 9.79890081E-30 2.69689438E-25 1.04343659E-35 2.33452534E-23 9.77707890E-21 1.02700768E-18 7.76266831E-31 1.30958000E-36 1.00000000E-05 1.00000000E-05 1.00000000E-05 1.00000000E-05 1.00000000E-05 1.00000000E-05 1.00000000E-05 1.00000000E-05 1.00000000E-05 1.00000000E-05
2.78372000E+01 4.53327000E-02 1.74968490E+18 1.87658595E+02 1.00000000E+05 2.07420851E+01 1.01429147E+04 4.76129142E+01 3.29848264E-28 5.91701426E-06 3.23828554E-39 3.23828554E-39 3.23828554E-39 3.23828554E-39 3.39907738E-39 6.90861745E-18 6.16930591E-06 4.74171522E-06 1.22954487E-26 5.87015348E-20 8.15772412E-07 1.77364387E-06 7.37557062E-01 1.90525945E-22 3.39375166E-19 1.00000000E-40 1.00000000E-40 7.87672802E-40 3.29743581E-29 2.28578741E-20 2.17077687E-19 8.98183492E-17 2.00929211E-25 1.07502353E-24 2.18979150E-23 2.03420759E-12 7.15609057E-15 4.25189088E-11 1.14921956E-01 1.77488493E-32 4.07795962E-29 1.28381206E-11 1.00000000E-40 1.00000000E-40 1.27360370E-27 1.24693869E-28 2.53781088E-15 7.56612518E-11 3.17735699E-18 8.42103004E-19 2.93510261E-14 3.09603695E-08 9.91930506E-16 5.05259689E-24 2.01454869E-29 2.24671781E-09 1.67961389E-31 1.86508262E-19 8.07702093E-26 1.25545865E-26 1.65762347E-34 1.00000000E-40 1.06798932E-27 9.55105651E-28 9.60912956E-16 1.80712468E-33 1.00000000E-40 2.41282203E-32 1.00000000E-40 1.00000000E-40 4.59384271E-11 1.40387648E-28 1.65034029E-28 1.00000000E-40 1.00000000E-40 1.96722054E-29 9.62590271E-30 2.93820220E-25 1.17811583E-35 2.35231731E-23 8.49552207E-21 1.02419185E-18 7.91309843E-31 1.81907000E-36 1.00000000E-05 1.00000000E-05 1.00000000E-05 1.00000000E-05 1.00000000E-05 1.00000000E-05 1.00000000E-05 1.00000000E-05 1.00000000E-05 1.00000000E-05
2.90217000E+01 3.99771000E-02 1.54428721E+18 1.87499421E+02 1.00000000E+05 2.37413511E+01 1.18475546E+04 5.32212297E+01 1.60175240E-27 6.96102860E-06 3.69642814E-39 3.69642814E-39 3.69642814E-39 3.69642814E-39 3.89058294E-39 6.42134940E-18 6.16787925E-06 5.24279455E-06 1.10047060E-26 6.66864289E-20 9.30873629E-07 2.00490333E-06 7.66033243E-01 1.67690847E-22 3.38639720E-19 1.00000000E-40 1.00000000E-40 8.75533057E-40 3.09077233E-29 2.28279626E-20 2.96604398E-19 9.08178881E-17 1.67767947E-25 9.05213562E-25 2.18475929E-23 2.26552486E-12 7.62670819E-15 5.32885559E-11 1.27621674E-01 1.98480876E-32 4.06510668E-29 1.28371015E-11 1.00000000E-40 1.00000000E-40 1.27141437E-27 1.38249926E-28 1.99157177E-15 7.58845682E-11 3.36531695E-18 8.81153107E-19 2.99370334E-14 3.09519033E-08 9.85475437E-16 4.31637843E-24 1.27327466E-29 2.26652820E-09 1.67722461E-31 1.86211750E-19 9.10542199E-26 1.42540139E-26 1.80656396E-34 1.00000000E-40 1.06818250E-27 9.51342448E-28 8.35607069E-16 2.10870024E-33 1.00000000E-40 2.33279863E-32 1.00000000E-40 1.00000000E-40 4.78048041E-11 1.15935884E-28 1.74873152E-28 1.00000000E-40 1.00000000E-40 2.10246072E-29 9.46677333E-30 3.22720897E-25 1.32883064E-35 2.37098803E-23 7.19438655E-21 1.02295909E-18 8.11020872E-31 2.52127000E-36 1.00000000E-05 1.00000000E-05 1.00000000E-05 1.00000000E-05 1.00000000E-05 1.00000000E-05 1.00000000E-05 1.00000000E-05 1.00000000E-05 1.00000000E-05
3.02063000E+01 3.51832000E-02 1.36135582E+18 1.87189034E+02 1.00000000E+05 2.72882652E+01 1.39644932E+04 5.98546680E+01 7.06697846E-27 8.28747338E-06 4.23625707E-39 4.23625707E-39 4.23625707E-39 4.23625707E-39 4.47185532E-39 5.87294698E-18 6.17679513E-06 5.70775719E-06 9.76447927E-27 7.81800397E-20 1.06296326E-06 2.27050417E-06 7.98744954E-01 1.44666914E-22 3.37223016E-19 1.00000000E-40 1.00000000E-40 1.02737792E-39 2.86148937E-29 2.28359536E-20 3.92971815E-19 9.20135662E-17 1.40687752E-25 7.66026889E-25 2.18308066E-23 2.52890928E-12 8.13358734E-15 6.60000591E-11 1.40381563E-01 2.22731711E-32 4.05800812E-29 1.28541152E-11 1.00000000E-40 1.00000000E-40 1.27127373E-27 1.53395902E-28 1.56182613E-15 7.61422507E-11 3.69152419E-18 9.44090201E-19 3.10483094E-14 3.09947643E-08 9.74696483E-16 3.61636432E-24 8.05545032E-30 2.29117797E-09 1.67761011E-31 1.86219284E-19 1.03294851E-25 1.62340912E-26 1.98022844E-34 1.00000000E-40 1.07031864E-27 9.48884959E-28 7.18741679E-16 2.46564380E-33 1.00000000E-40 2.25729062E-32 1.00000000E-40 1.00000000E-40 4.97703247E-11 9.46936514E-29 1.86218392E-28 1.00000000E-40 1.00000000E-40 2.26763597E-29 9.32102412E-30 3.57273202E-25 1.49722728E-35 2.39080557E-23 5.99072240E-21 1.02333551E-18 8.35850396E-31 3.50082000E-36 1.00000000E-05 1.00000000E-05 1.00000000E-05 1.00000000E-05 1.00000000E-05 1.00000000E-05 1.00000000E-05 1.00000000E-05 1.00000000E-05 1.00000000E-05
3.13908000E+01 3.08843000E-02 1.19548748E+18 1.87115363E+02 1.00000000E+05 3.15843743E+01 1.66993330E+04 6.79070864E+01 2.85751536E-26 1.00425586E-05 4.88735385E-39 4.88735385E-39 4.88735385E-39 4.88735385E-39 5.17598077E-39 5.51876801E-18 6.20030047E-06 6.30319213E-06 9.07942948E-27 9.65644510E-20 1.21571194E-06 2.57790936E-06 8.36618896E-01 1.28960695E-22 3.35176336E-19 1.00000000E-40 1.00000000E-40 1.25938532E-39 2.70342726E-29 2.28973688E-20 5.16454669E-19 9.34780236E-17 1.17674288E-25 6.46836240E-25 2.18618712E-23 2.83133997E-12 8.69520002E-15 8.10574056E-11 1.52866687E-01 2.50955592E-32 4.05923383E-29 1.28975149E-11 1.00000000E-40 1.00000000E-40 1.27403408E-27 1.70425184E-28 1.26587406E-15 7.64743161E-11 4.23300733E-18 1.07982499E-18 3.36317217E-14 3.11102037E-08 9.71183373E-16 3.07560980E-24 5.12716023E-30 2.32243666E-09 1.68190849E-31 1.86656466E-19 1.17924566E-25 1.85584568E-26 2.18398413E-34 1.00038111E-40 1.07515957E-27 9.48324274E-28 6.29880087E-16 2.89021545E-33 1.00000000E-40 2.18734252E-32 1.00000000E-40 1.11642855E-40 5.19149321E-11 7.87587406E-29 1.99424615E-28 1.00000000E-40 1.00000000E-40 2.46901022E-29 9.19380122E-30 3.98831861E-25 1.68643024E-35 2.41357884E-23 5.13421008E-21 1.02600360E-18 8.66923236E-31 4.91033000E-36 1.00000000E-05 1.00000000E-05 1.00000000E-05 1.00000000E-05 1.00000000E-05 1.00000000E-05 1.00000000E-05 1.00000000E-05 1.00000000E-05 1.00000000E-05
3.25754000E+01 2.69872000E-02 1.04806078E+18 1.86503968E+02 1.00000000E+05 3.68673628E+01 2.02879255E+04 7.78930606E+01 1.04133941E-25 1.23839626E-05 5.68482859E-39 5.68482859E-39 5.68482859E-39 5.68482859E-39 6.04205416E-39 4.90648337E-18 6.25120651E-06 6.48350015E-06 8.10498107E-27 1.22508083E-19 1.39542858E-06 2.94006830E-06 8.81833601E-01 1.07110174E-22 3.32967799E-19 1.00000000E-40 1.00000000E-40 1.60812736E-39 2.45065862E-29 2.30592975E-20 6.54820672E-19 9.54171481E-17 9.96477261E-26 5.53346272E-25 2.19850682E-23 3.18551336E-12 9.26067820E-15 9.91114700E-11 1.62925319E-01 2.84395350E-32 4.07688847E-29 1.29933479E-11 1.00000000E-40 1.00000000E-40 1.28230020E-27 1.89958219E-28 9.84705678E-16 7.70235752E-11 5.04010195E-18 1.28125520E-18 3.58887621E-14 3.13624410E-08 9.53059566E-16 2.45455163E-24 3.30559025E-30 2.36537846E-09 1.69357568E-31 1.87905896E-19 1.35646295E-25 2.13384021E-26 2.42747614E-34 1.00526989E-40 1.08496106E-27 9.51540652E-28 5.32057652E-16 3.40182652E-33 1.00000000E-40 2.12671340E-32 1.00000000E-40 1.42991231E-40 5.43931249E-11 6.31593087E-29 2.15192487E-28 1.00000000E-40 1.00000000E-40 2.71804985E-29 9.10234533E-30 4.49638532E-25 1.90270275E-35 2.44438939E-23 4.15802641E-21 1.03305710E-18 9.06795925E-31 7.03856000E-36 1.00000000E-05 1.00000000E-05 1.00000000E-05 1.00000000E-05 1.00000000E-05 1.00000000E-05 1.00000000E-05 1.00000000E-05 1.00000000E-05 1.00000000E-05
3.37600000E+01 2.33997000E-02 9.14626243E+17 1.85303383E+02 1.00000000E+05 4.35840199E+01 2.51190817E+04 9.06866938E+01 3.43386095E-25 1.55431968E-05 6.69426196E-39 6.69426196E-39 6.69426196E-39 6.69426196E-39 7.14377590E-39 4.10268021E-18 6.34939458E-06 6.08326830E-06 6.98386684E-27 1.61239396E-19 1.61199398E-06 3.37725929E-06 9.37862398E-01 8.21965455E-23 3.31349410E-19 1.00000000E-40 1.00000000E-40 2.13553424E-39 2.12192598E-29 2.33947145E-20 8.03008449E-19 9.81545933E-17 8.56190466E-26 4.80626005E-25 2.22689890E-23 3.61140967E-12 9.79962569E-15 1.21149353E-10 1.68815082E-01 3.24990842E-32 4.12352388E-29 1.31821063E-11 1.00000000E-40 1.00000000E-40 1.30010792E-27 2.13048155E-28 7.28511945E-16 7.80146695E-11 6.27724070E-18 1.62919542E-18 3.75708326E-14 3.18511208E-08 9.18298020E-16 1.80048036E-24 2.22746391E-30 2.42794796E-09 1.71796680E-31 1.90560374E-19 1.57535706E-25 2.47522698E-26 2.72573395E-34 1.01715431E-40 1.10322117E-27 9.61443975E-28 4.32303247E-16 4.03012875E-33 1.00000000E-40 2.08114489E-32 1.00000000E-40 1.92142100E-40 5.74455729E-11 4.86606885E-29 2.34623937E-28 1.00000000E-40 1.00000000E-40 3.03202932E-29 9.07294485E-30 5.13099775E-25 2.15639786E-35 2.49114024E-23 3.17159199E-21 1.04774309E-18 9.59421064E-31 1.05387000E-35 1.00000000E-05 1.00000000E-05 1.00000000E-05 1.00000000E-05 1.00000000E-05 1.00000000E-05 1.00000000E-05 1.00000000E-05 1.00000000E-05 1.00000000E-05
3.49445000E+01 2.01308000E-02 7.94445134E+17 1.83532864E+02 1.00000000E+05 5.20261130E+01 3.15047148E+04 1.06812572E+02 1.01739886E-24 1.96478357E-05 7.95548307E-39 7.95548307E-39 7.95548307E-39 7.95548307E-39 8.53040148E-39 3.20885650E-18 6.49662508E-06 5.30128869E-06 5.98927084E-27 2.20823609E-19 1.87362386E-06 3.90601685E-06 1.00592495E+00 5.79464452E-23 3.29981067E-19 1.00000000E-40 1.00000000E-40 2.95270337E-39 1.74541128E-29 2.39095813E-20 9.53628775E-19 1.01747726E-16 7.45815225E-26 4.23491824E-25 2.27178914E-23 4.12410181E-12 1.02529957E-14 1.48142529E-10 1.69457087E-01 3.74307836E-32 4.19969035E-29 1.34662724E-11 1.00000000E-40 1.00000000E-40 1.32775672E-27 2.40497331E-28 5.09076370E-16 7.94407724E-11 8.19117363E-18 2.13641652E-18 3.86865085E-14 3.25849344E-08 8.63525322E-16 1.20876273E-24 1.70068626E-30 2.51143688E-09 1.75551310E-31 1.94665785E-19 1.84548954E-25 2.89726637E-26 3.08990435E-34 1.03616806E-40 1.13031342E-27 9.78133960E-28 3.37683150E-16 4.80287587E-33 1.00000000E-40 2.04982979E-32 1.00000000E-40 2.72424395E-40 6.11805397E-11 3.59686118E-29 2.58379681E-28 1.00000000E-40 1.00000000E-40 3.42400342E-29 9.10429069E-30 5.92131938E-25 2.45466352E-35 2.55465915E-23 2.34160969E-21 1.07029731E-18 1.02658547E-30 1.66279000E-35 1.00000000E-05 1.00000000E-05 1.00000000E-05 1.00000000E-05 1.00000000E-05 1.00000000E-05 1.00000000E-05 1.00000000E-05 1.00000000E-05 1.00000000E-05
3.61291000E+01 1.72508000E-02 6.87394195E+17 1.81769117E+02 1.00000000E+05 6.26097293E+01 3.96720135E+04 1.27107601E+02 2.66733370E-24 2.46629062E-05 9.52820563E-39 9.52820563E-39 9.52820563E-39 9.52820563E-39 1.02739485E-38 2.48825945E-18 6.67014862E-06 4.54981195E-06 7.41350795E-27 3.16547142E-19 2.18263221E-06 4.53048027E-06 1.08341144E+00 4.04005659E-23 3.27180389E-19 1.00000000E-40 1.00000000E-40 4.29272507E-39 1.42358104E-29 2.45196862E-20 1.12218087E-18 1.05871068E-16 6.50280708E-26 3.73529923E-25 2.32501102E-23 4.72489645E-12 1.06016890E-14 1.80653779E-10 1.66287717E-01 4.32727801E-32 4.29002452E-29 1.37972136E-11 1.00000000E-40 1.00000000E-40 1.36053404E-27 2.72482685E-28 3.53596911E-16 8.09866977E-11 1.11285999E-17 2.94019048E-18 4.05571151E-14 3.34495950E-08 8.03550470E-16 7.86934551E-25 1.67926435E-30 2.60767231E-09 1.80002462E-31 1.99533531E-19 2.17112534E-25 3.41085902E-26 3.52098293E-34 1.05849504E-40 1.16236074E-27 9.98001977E-28 2.63746699E-16 5.73453847E-33 1.00000000E-40 2.02444035E-32 1.00000000E-40 4.03511841E-40 6.54833802E-11 2.66251943E-29 2.86221363E-28 1.00000000E-40 1.00000000E-40 3.89667394E-29 9.16083149E-30 6.87916627E-25 2.79644471E-35 2.62605057E-23 2.42958276E-21 1.09691022E-18 1.10644324E-30 2.72334000E-35 1.00000000E-05 1.00000000E-05 1.00000000E-05 1.00000000E-05 1.00000000E-05 1.00000000E-05 1.00000000E-05 1.00000000E-05 1.00000000E-05 1.00000000E-05
3.73136000E+01 1.47764000E-02 5.94390158E+17 1.80058549E+02 1.00000000E+05 7.58273608E+01 4.95846061E+04 1.52493629E+02 6.18562990E-24 3.02403254E-05 1.14832775E-38 1.14832775E-38 1.14832775E-38 1.14832775E-38 1.24653798E-38 1.91299535E-18 6.84869245E-06 3.88211847E-06 2.53799558E-26 4.66518691E-19 2.54027394E-06 5.25269138E-06 1.16727539E+00 2.79212666E-23 3.21368107E-19 1.00000000E-40 1.00000000E-40 6.41816391E-39 1.15007016E-29 2.51465963E-20 1.30915405E-18 1.10208719E-16 5.66165666E-26 3.29003481E-25 2.37896569E-23 5.41285312E-12 1.08037144E-14 2.19160249E-10 1.60807319E-01 5.00450352E-32 4.38027598E-29 1.41293563E-11 1.00000000E-40 1.00000000E-40 1.39405507E-27 3.09486372E-28 2.45368153E-16 8.23528227E-11 1.54928461E-17 4.16475829E-18 4.31594383E-14 3.43382599E-08 7.38532318E-16 5.03830606E-25 2.26815722E-30 2.70876766E-09 1.84573825E-31 2.04522781E-19 2.55590900E-25 4.02849005E-26 4.01854528E-34 1.08058336E-40 1.19573902E-27 1.01770856E-27 2.06019319E-16 6.83764017E-33 1.00000000E-40 1.99802788E-32 1.00000000E-40 6.15809873E-40 7.02289926E-11 1.99146718E-29 3.17828462E-28 1.00000000E-40 1.00000000E-40 4.45291727E-29 9.21104497E-30 8.01454878E-25 3.18013124E-35 2.69684485E-23 6.86310593E-21 1.12402950E-18 1.19712302E-30 4.60157000E-35 1.00000000E-05 1.00000000E-05 1.00000000E-05 1.00000000E-05 1.00000000E-05 1.00000000E-05 1.00000000E-05 1.00000000E-05 1.00000000E-05 1.00000000E-05
3.84982000E+01 1.26692000E-02 5.14326182E+17 1.78413321E+02 1.00000000E+05 9.23087681E+01 6.05853136E+04 1.84108491E+02 1.25742638E-23 3.55698078E-05 1.39193325E-38 1.39193325E-38 1.39193325E-38 1.39193325E-38 1.52311280E-38 1.45739432E-18 7.02290014E-06 3.30806119E-06 1.35108500E-25 6.97113800E-19 2.95034822E-06 6.08006142E-06 1.25570873E+00 1.91354782E-23 3.11603526E-19 1.00000000E-40 1.00000000E-40 9.74967834E-39 9.19540093E-30 2.57559538E-20 1.51528297E-18 1.14622942E-16 4.91865596E-26 2.89215932E-25 2.43023780E-23 6.19254906E-12 1.08369386E-14 2.64350774E-10 1.54445605E-01 5.78203892E-32 4.46399490E-29 1.44418238E-11 1.00000000E-40 1.00000000E-40 1.42638676E-27 3.53159576E-28 1.74175091E-16 8.33838960E-11 2.18267812E-17 6.00246999E-18 4.64254734E-14 3.52038741E-08 6.70007045E-16 3.18203322E-25 3.73705245E-30 2.81125769E-09 1.89012867E-31 2.09352006E-19 3.00653339E-25 4.77017018E-26 4.58642584E-34 1.10080032E-40 1.22889563E-27 1.03573719E-27 1.60782983E-16 8.13249648E-33 1.00000000E-40 1.96793632E-32 1.00000000E-40 9.50542240E-40 7.53882662E-11 1.52872677E-29 3.53263807E-28 1.00000000E-40 1.00000000E-40 5.10241484E-29 9.24129947E-30 9.34656827E-25 3.60962450E-35 2.76317850E-23 2.99446179E-20 1.15007466E-18 1.29848664E-30 8.18591000E-35 1.00000000E-05 1.00000000E-05 1.00000000E-05 1.00000000E-05 1.00000000E-05 1.00000000E-05 1.00000000E-05 1.00000000E-05 1.00000000E-05 1.00000000E-05
3.96828000E+01 1.08748000E-02 4.45545531E+17 1.76785200E+02 1.00000000E+05 1.13014788E+02 7.11973093E+04 2.23305393E+02 2.24594022E-23 3.94150319E-05 1.69979211E-38 1.69979211E-38 1.69979211E-38 1.69979211E-38 1.87825986E-38 1.09315757E-18 7.19091768E-06 2.81245450E-06 6.30670331E-25 1.04937262E-18 3.41938037E-06 7.02563949E-06 1.34763548E+00 1.29019463E-23 2.97335002E-19 1.00000000E-40 1.00000000E-40 1.49354801E-38 7.24033507E-30 2.63410597E-20 1.73792012E-18 1.19093539E-16 4.26505033E-26 2.53897562E-25 2.47799087E-23 7.07402578E-12 1.06900277E-14 3.17186015E-10 1.47640653E-01 6.67264057E-32 4.53955328E-29 1.47291488E-11 1.00000000E-40 1.00000000E-40 1.45712988E-27 4.07012647E-28 1.38320747E-16 8.40130211E-11 3.09410131E-17 8.69890060E-18 5.02486642E-14 3.60370060E-08 5.98475946E-16 1.96810336E-25 6.46594805E-30 2.91456506E-09 1.93270114E-31 2.13964741E-19 3.53325958E-25 5.66379413E-26 5.23249764E-34 1.11869895E-40 1.26159174E-27 1.05169353E-27 1.24661535E-16 9.64907741E-33 1.00000000E-40 1.93390628E-32 1.00000000E-40 1.47886637E-39 8.10017068E-11 1.23310447E-29 3.92914893E-28 1.00000000E-40 1.00000000E-40 5.86188478E-29 9.24851392E-30 1.09036726E-24 4.09668476E-35 2.82410358E-23 1.14160293E-19 1.17469876E-18 1.41172358E-30 1.58614000E-34 1.00000000E-05 1.00000000E-05 1.00000000E-05 1.00000000E-05 1.00000000E-05 1.00000000E-05 1.00000000E-05 1.00000000E-05 1.00000000E-05 1.00000000E-05
4.08673000E+01 9.34378000E-03 3.86333778E+17 1.75176821E+02 1.00000000E+05 1.38979803E+02 7.88768463E+04 2.70696677E+02 3.52149878E-23 4.03315002E-05 2.09243204E-38 2.09243204E-38 2.09243204E-38 2.09243204E-38 2.34019055E-38 8.08388854E-19 7.35277975E-06 2.38742379E-06 2.40033335E-24 1.58750927E-18 3.95546457E-06 8.10566420E-06 1.44177973E+00 8.56599130E-24 2.78176589E-19 1.00000000E-40 1.00000000E-40 2.30176918E-38 5.62338609E-30 2.69021732E-20 1.97748264E-18 1.23632080E-16 3.68765926E-26 2.22467158E-25 2.52197027E-23 8.07001818E-12 1.03771739E-14 3.78825789E-10 1.40719824E-01 7.69219226E-32 4.60647900E-29 1.49895748E-11 1.00311457E-40 1.00000000E-40 1.48626758E-27 4.77442239E-28 1.49313724E-16 8.41927877E-11 4.39909054E-17 1.26902650E-17 5.47934012E-14 3.68376784E-08 5.26630135E-16 1.18732879E-25 1.07501410E-29 3.01887083E-09 1.97347134E-31 2.18360896E-19 4.14918526E-25 6.74254905E-26 5.96653412E-34 1.13411296E-40 1.29392939E-27 1.06544980E-27 9.57870674E-17 1.14253468E-32 1.00000000E-40 1.89621288E-32 1.00000000E-40 2.31591466E-39 8.71293676E-11 1.08534732E-29 4.37302268E-28 1.00000000E-40 1.00000000E-40 6.75328112E-29 9.23201904E-30 1.27199681E-24 4.66347917E-35 2.87939093E-23 3.53989061E-19 1.19786012E-18 1.53855710E-30 3.39779000E-34 1.00000000E-05 1.00000000E-05 1.00000000E-05 1.00000000E-05 1.00000000E-05 1.00000000E-05 1.00000000E-05 1.00000000E-05 1.00000000E-05 1.00000000E-05
4.20519000E+01 8.03497000E-03 3.35188489E+17 1.73624849E+02 1.00000000E+05 1.70355620E+02 8.06743424E+04 3.24073793E+02 4.82998968E-23 3.74487276E-05 2.58275242E-38 2.58275242E-38 2.58275242E-38 2.58275242E-38 2.93029889E-38 5.93985184E-19 7.50878569E-06 2.03022538E-06 7.61666463E-24 2.41054755E-18 4.56800307E-06 9.33900354E-06 1.53627442E+00 5.64584614E-24 2.53975835E-19 1.00000000E-40 1.00000000E-40 3.56533141E-38 4.34367419E-30 2.74405327E-20 2.23864584E-18 1.28256939E-16 3.17302413E-26 1.94270218E-25 2.56191543E-23 9.19523856E-12 9.93512078E-15 4.50625675E-10 1.34077037E-01 8.85919376E-32 4.66439200E-29 1.52216491E-11 1.00842860E-40 1.00000000E-40 1.51383260E-27 5.75633427E-28 2.30984722E-16 8.38768461E-11 6.25526672E-17 1.87704357E-17 6.04990316E-14 3.76072172E-08 4.58135431E-16 6.99038141E-26 1.64897394E-29 3.12449426E-09 2.01252609E-31 2.22547993E-19 4.87048171E-25 8.04245447E-26 6.79960531E-34 1.14689323E-40 1.32607115E-27 1.07689635E-27 7.29048132E-17 1.35081087E-32 1.00000000E-40 1.85516627E-32 1.00000000E-40 3.63347835E-39 9.38327024E-11 1.07751964E-29 4.87019827E-28 1.00000000E-40 1.00000000E-40 7.80360459E-29 9.19122932E-30 1.48344803E-24 5.34927779E-35 2.92889113E-23 9.13610664E-19 1.21955346E-18 1.68103274E-30 7.82970000E-34 1.00000000E-05 1.00000000E-05 1.00000000E-05 1.00000000E-05 1.00000000E-05 1.00000000E-05 1.00000000E-05 1.00000000E-05 1.00000000E-05 1.00000000E-05
4.32364000E+01 6.91339000E-03 2.90910534E+17 1.72126734E+02 1.00000000E+05 2.05521934E+02 7.42748166E+04 3.76585390E+02 5.81815812E-23 3.08430430E-05 3.16512786E-38 3.16512786E-38 3.16512786E-38 3.16512786E-38 3.65163771E-38 4.34892917E-19 7.66015004E-06 1.73076813E-06 2.08156188E-23 3.67468655E-18 5.26850991E-06 1.07487826E-05 1.62870846E+00 3.70071330E-24 2.25042679E-19 1.00000000E-40 1.00000000E-40 5.55148067E-38 3.36821099E-30 2.79607218E-20 2.52390743E-18 1.33005542E-16 2.71287842E-26 1.68920841E-25 2.59777802E-23 1.04678601E-11 9.39969240E-15 5.34240537E-10 1.27781118E-01 1.01963394E-31 4.71337955E-29 1.54254670E-11 1.01444267E-40 1.00000000E-40 1.54003618E-27 7.20730969E-28 4.15956046E-16 8.30295710E-11 8.88786161E-17 2.82052303E-17 6.78264769E-14 3.83515027E-08 3.94639403E-16 3.99922692E-26 2.29528214E-29 3.23218546E-09 2.05019661E-31 2.26560243E-19 5.71782400E-25 9.60026618E-26 7.74507675E-34 1.15699832E-40 1.35835942E-27 1.08602701E-27 5.47651038E-17 1.59571914E-32 1.00000000E-40 1.81126925E-32 1.00000000E-40 5.72658725E-39 1.01177979E-10 1.21104536E-29 5.42787332E-28 1.00000000E-40 1.00000000E-40 9.04624752E-29 9.12630426E-30 1.72939645E-24 6.22310271E-35 2.97277927E-23 2.02608320E-18 1.23991292E-18 1.84175253E-30 1.84656000E-33 1.00000000E-05 1.00000000E-05 1.00000000E-05 1.00000000E-05 1.00000000E-05 1.00000000E-05 1.00000000E-05 1.00000000E-05 1.00000000E-05 1.00000000E-05
4.44210000E+01 5.94987000E-03 2.52539869E+17 1.70645265E+02 1.00000000E+05 2.38867857E+02 6.02393867E+04 4.14898551E+02 6.20748521E-23 2.21955311E-05 3.77699971E-38 3.77699971E-38 3.77699971E-38 3.77699971E-38 4.43904197E-38 3.16451610E-19 7.80856721E-06 1.47498489E-06 5.04638570E-23 5.63492076E-18 6.07071945E-06 1.23625910E-05 1.71608575E+00 2.40064918E-24 1.92343867E-19 1.00000000E-40 1.00000000E-40 8.70976129E-38 2.68051922E-30 2.84690763E-20 2.83127105E-18 1.37927713E-16 2.30257056E-26 1.46191745E-25 2.62959470E-23 1.19095615E-11 8.80037537E-15 6.31663382E-10 1.21609869E-01 1.17307545E-31 4.75370147E-29 1.56017163E-11 1.02058031E-40 1.00000000E-40 1.56517885E-27 9.44569232E-28 7.39412056E-16 8.16255997E-11 1.26324886E-16 4.29525354E-17 7.71412594E-14 3.90787830E-08 3.36218501E-16 2.20377733E-26 2.88576294E-29 3.34295813E-09 2.08694153E-31 2.30445500E-19 6.71710306E-25 1.14490238E-25 8.81854032E-34 1.16442011E-40 1.39124362E-27 1.09286991E-27 4.04129064E-17 1.88477515E-32 1.00000000E-40 1.76514686E-32 1.00000000E-40 9.07508917E-39 1.09221670E-10 1.50649022E-29 6.05414393E-28 1.00000000E-40 1.00000000E-40 1.05205907E-28 9.03752929E-30 2.01535940E-24 7.40288100E-35 3.01136979E-23 3.96773824E-18 1.25913903E-18 2.02385813E-30 4.29370000E-33 1.00000000E-05 1.00000000E-05 1.00000000E-05 1.00000000E-05 1.00000000E-05 1.00000000E-05 1.00000000E-05 1.00000000E-05 1.00000000E-05 1.00000000E-05
4.56056000E+01 5.12087000E-03 2.19266565E+17 1.69156253E+02 1.00000000E+05 2.60141746E+02 4.17270905E+04 4.21144650E+02 5.96735304E-23 1.36240355E-05 4.27763098E-38 4.27763098E-38 4.27763098E-38 4.27763098E-38 5.12914661E-38 2.28699128E-19 7.95486685E-06 1.25381366E-06 1.10978966E-22 8.70842408E-18 6.99003272E-06 1.42113408E-05 1.79491198E+00 1.53717742E-24 1.57552907E-19 1.00000000E-40 1.00000000E-40 1.37971807E-37 2.34304423E-30 2.89687790E-20 3.15835989E-18 1.43063031E-16 1.93843993E-26 1.25841056E-25 2.65706421E-23 1.35442188E-11 8.17343046E-15 7.45198448E-10 1.15437589E-01 1.34929480E-31 4.78493846E-29 1.57488932E-11 1.02627467E-40 1.00000000E-40 1.58937887E-27 1.29856735E-27 1.22880943E-15 7.96411056E-11 1.79733982E-16 6.60361156E-17 8.87295873E-14 3.97929353E-08 2.83087157E-16 1.16550702E-26 3.28616353E-29 3.45753279E-09 2.12298687E-31 2.34225414E-19 7.89932680E-25 1.36127839E-25 1.00367323E-33 1.16897260E-40 1.42504635E-27 1.09729023E-27 2.92914697E-17 2.22704600E-32 1.00000000E-40 1.71729636E-32 1.00000000E-40 1.45086041E-38 1.17980173E-10 2.01148135E-29 6.75677300E-28 1.00000000E-40 1.00000000E-40 1.22696461E-28 8.92364204E-30 2.34755782E-24 9.08490204E-35 3.04456561E-23 7.00307666E-18 1.27727888E-18 2.23078918E-30 9.74631000E-33 1.00000000E-05 1.00000000E-05 1.00000000E-05 1.00000000E-05 1.00000000E-05 1.00000000E-05 1.00000000E-05 1.00000000E-05 1.00000000E-05 1.00000000E-05
4.67901000E+01 4.40660000E-03 1.90308765E+17 1.67711003E+02 1.00000000E+05 2.56638808E+02 2.38265479E+04 3.81353503E+02 5.31455129E-23 6.98774518E-06 4.45356485E-38 4.45356485E-38 4.45356485E-38 4.45356485E-38 5.45498293E-38 1.66524244E-19 8.10017510E-06 1.06677257E-06 2.24772849E-22 1.35710778E-17 8.04481828E-06 1.63319029E-05 1.86221695E+00 9.86025460E-25 1.22931561E-19 1.00000000E-40 1.00000000E-40 2.20786947E-37 2.55829167E-30 2.94640929E-20 3.51585724E-18 1.48461903E-16 1.61655634E-26 1.07548957E-25 2.67995664E-23 1.54002219E-11 7.57627087E-15 8.77628558E-10 1.09553801E-01 1.55193411E-31 4.80667276E-29 1.58655350E-11 1.03108486E-40 1.00000000E-40 1.61280361E-27 1.86388667E-27 1.89309158E-15 7.70722029E-11 2.55655818E-16 1.02797910E-16 1.02977476E-13 4.04992618E-08 2.36924112E-16 6.00824238E-27 3.42290005E-29 3.57684143E-09 2.15863611E-31 2.37929568E-19 9.30232316E-25 1.61087899E-25 1.14190986E-33 1.17045644E-40 1.46017467E-27 1.09914563E-27 2.10722146E-17 2.63369176E-32 1.00000000E-40 1.66845269E-32 1.00000000E-40 2.33954131E-38 1.27432295E-10 2.80307164E-29 7.54358463E-28 1.00000000E-40 1.00000000E-40 1.43399659E-28 8.78311273E-30 2.73339858E-24 1.15919615E-34 3.07225477E-23 1.13066148E-17 1.29441067E-18 2.46667206E-30 2.18374000E-32 1.00000000E-05 1.00000000E-05 1.00000000E-05 1.00000000E-05 1.00000000E-05 1.00000000E-05 1.00000000E-05 1.00000000E-05 1.00000000E-05 1.00000000E-05
4.79747000E+01 3.79046000E-03 1.65083659E+17 1.66304710E+02 1.00000000E+05 2.21976722E+02 1.10055036E+04 3.00038091E+02 4.55756853E-23 3.05058861E-06 4.12795990E-38 4.12795990E-38 4.12795990E-38 4.12795990E-38 5.16837154E-38 1.23206750E-19 8.24591209E-06 9.08832629E-07 4.24397379E-22 2.13332792E-17 9.25705675E-06 1.87683999E-05 1.91646790E+00 6.38575947E-25 9.09039589E-20 1.00000000E-40 1.00000000E-40 3.56991080E-37 3.69790039E-30 2.99603564E-20 3.90778661E-18 1.54186767E-16 1.33657386E-26 9.12654902E-26 2.69809504E-23 1.75114514E-11 7.06611808E-15 1.03232569E-09 1.03968684E-01 1.78535023E-31 4.81844572E-29 1.59500886E-11 1.03466789E-40 1.00000000E-40 1.63566697E-27 2.76521982E-27 2.71338014E-15 7.39392456E-11 3.63645637E-16 1.60666376E-16 1.19726704E-13 4.12044700E-08 1.97374017E-16 3.05549089E-27 3.31869060E-29 3.70204800E-09 2.19426942E-31 2.41595244E-19 1.09713294E-24 1.89586273E-25 1.29883006E-33 1.16864531E-40 1.49712731E-27 1.09827459E-27 1.51631145E-17 3.11821545E-32 1.00000000E-40 1.61970740E-32 1.00000000E-40 3.80366702E-38 1.37509146E-10 4.00571944E-29 8.42189397E-28 1.00000000E-40 1.00000000E-40 1.67797103E-28 8.61400747E-30 3.18174150E-24 1.54441565E-34 3.09422887E-23 1.68918989E-17 1.31063964E-18 2.73646115E-30 4.89428000E-32 1.00000000E-05 1.00000000E-05 1.00000000E-05 1.00000000E-05 1.00000000E-05 1.00000000E-05 1.00000000E-05 1.00000000E-05 1.00000000E-05 1.00000000E-05
4.91593000E+01 3.25865000E-03 1.43129784E+17 1.64901428E+02 1.00000000E+05 1.61783143E+02 3.94569581E+03 1.98883361E+02 3.88459011E-23 1.18806609E-06 3.28578500E-38 3.28578500E-38 3.28578500E-38 3.28578500E-38 4.20919270E-38 9.36663709E-20 8.39302251E-06 7.72685474E-07 7.54995896E-22 3.38602322E-17 1.06521210E-05 2.15717460E-05 1.95796224E+00 4.21795447E-25 6.34820787E-20 1.00000000E-40 1.00000000E-40 5.83654648E-37 6.41353050E-30 3.04611946E-20 4.33051507E-18 1.60298801E-16 1.09823159E-26 7.70120143E-26 2.71105657E-23 1.99165192E-11 6.73210565E-15 1.21325987E-09 9.84457813E-02 2.05456870E-31 4.81926671E-29 1.59992872E-11 1.03664682E-40 1.00000000E-40 1.65807473E-27 4.18855888E-27 3.63972109E-15 7.02818036E-11 5.18324469E-16 2.49548227E-16 1.38229373E-13 4.19128181E-08 1.63327694E-16 1.53909955E-27 3.09787679E-29 3.83421949E-09 2.23013903E-31 2.45244757E-19 1.29579480E-24 2.22165230E-25 1.47694173E-33 1.16316351E-40 1.53636287E-27 1.09438269E-27 1.09729024E-17 3.69626081E-32 1.00000000E-40 1.57252891E-32 1.00000000E-40 6.25004736E-38 1.48075566E-10 5.82465347E-29 9.39691012E-28 1.00000000E-40 1.00000000E-40 1.96352926E-28 8.41306874E-30 3.70284518E-24 2.14595235E-34 3.10979506E-23 2.35653747E-17 1.32597195E-18 3.04582648E-30 1.10557000E-31 1.00000000E-05 1.00000000E-05 1.00000000E-05 1.00000000E-05 1.00000000E-05 1.00000000E-05 1.00000000E-05 1.00000000E-05 1.00000000E-05 1.00000000E-05
5.03438000E+01 2.79934000E-03 1.24024557E+17 1.63480020E+02 1.00000000E+05 9.51649554E+01 1.04337453E+03 1.08436174E+02 3.37081820E-23 4.78421013E-07 2.16827166E-38 2.16827166E-38 2.16827166E-38 2.16827166E-38 2.84676145E-38 7.55657181E-20 8.54270393E-06 6.53964155E-07 1.27723214E-21 5.42677717E-17 1.22600604E-05 2.48022402E-05 1.98891278E+00 2.93469950E-25 4.18081770E-20 1.00000000E-40 1.00000000E-40 9.64445646E-37 1.18194768E-29 3.09711834E-20 4.78081534E-18 1.66872025E-16 8.99462615E-27 6.47448756E-26 2.71836906E-23 2.26607753E-11 6.79333755E-15 1.42516383E-09 9.28575276E-02 2.36552406E-31 4.80801135E-29 1.60094622E-11 1.03667496E-40 1.00000000E-40 1.68016827E-27 6.40353720E-27 4.60256669E-15 6.61644721E-11 7.41487235E-16 3.82755475E-16 1.57509617E-13 4.26297499E-08 1.34100840E-16 7.70405889E-28 3.01160939E-29 3.97465650E-09 2.26656399E-31 2.48906793E-19 1.53201220E-24 2.60310285E-25 1.67911798E-33 1.15358034E-40 1.57843819E-27 1.08713204E-27 8.03924295E-18 4.38568903E-32 1.00000000E-40 1.52913295E-32 1.00000000E-40 1.03873540E-37 1.58942016E-10 8.57973668E-29 1.04713162E-27 1.00000000E-40 1.00000000E-40 2.29527429E-28 8.17642592E-30 4.30876902E-24 3.08940454E-34 3.11795710E-23 3.09634394E-17 1.34042807E-18 3.40150076E-30 2.57656000E-31 1.00000000E-05 1.00000000E-05 1.00000000E-05 1.00000000E-05 1.00000000E-05 1.00000000E-05 1.00000000E-05 1.00000000E-05 1.00000000E-05 1.00000000E-05
5.15284000E+01 2.40257000E-03 1.07363898E+17 1.62081891E+02 1.00000000E+05 4.41229739E+01 2.03345197E+02 4.95808071E+01 3.02542856E-23 2.48319660E-07 1.17129652E-38 1.17129652E-38 1.17129652E-38 1.17129652E-38 1.57938609E-38 6.91171115E-20 8.69613513E-06 5.52549685E-07 2.07354713E-21 8.76997025E-17 1.41163703E-05 2.85311036E-05 2.01234855E+00 2.30280579E-25 2.59868112E-20 1.00000000E-40 1.00000000E-40 1.60704837E-36 2.20161474E-29 3.14948566E-20 5.27225712E-18 1.73990092E-16 7.35745056E-27 5.42792491E-26 2.71936746E-23 2.57970235E-11 7.83471472E-15 1.67364943E-09 8.73735894E-02 2.72519889E-31 4.78319232E-29 1.59757983E-11 1.03437549E-40 1.00000000E-40 1.70206564E-27 9.78988058E-27 5.54162411E-15 6.16684378E-11 1.06416606E-15 5.82082800E-16 1.77061205E-13 4.33605056E-08 1.09811645E-16 3.88689642E-28 3.62254432E-29 4.12480245E-09 2.30385683E-31 2.52608090E-19 1.81211532E-24 3.07508141E-25 1.90862671E-33 1.13935004E-40 1.62397113E-27 1.07608601E-27 6.03578169E-18 5.20634196E-32 1.00000000E-40 1.49265705E-32 1.00000000E-40 1.74246312E-37 1.69869365E-10 1.27306864E-28 1.16439976E-27 1.00000000E-40 1.00000000E-40 2.67835976E-28 7.89909680E-30 5.01353550E-24 4.56199855E-34 3.11723672E-23 3.86999119E-17 1.35399273E-18 3.81142439E-30 6.69611000E-31 1.00000000E-05 1.00000000E-05 1.00000000E-05 1.00000000E-05 1.00000000E-05 1.00000000E-05 1.00000000E-05 1.00000000E-05 1.00000000E-05 1.00000000E-05
5.27129000E+01 2.05975000E-03 9.28324123E+16 1.60705816E+02 1.00000000E+05 1.53770399E+01 2.86084373E+01 2.00006346E+01 2.81199901E-23 1.73545819E-07 5.11529301E-39 5.11529301E-39 5.11529301E-39 5.11529301E-39 7.11039888E-39 7.59363181E-20 8.85500671E-06 4.66319090E-07 3.27234246E-21 1.43025835E-16 1.62643599E-05 3.28452403E-05 2.03080649E+00 2.16056371E-25 1.52851125E-20 1.00000000E-40 1.00000000E-40 2.70018618E-36 4.14438798E-29 3.20386373E-20 5.80963670E-18 1.81759442E-16 6.02418186E-27 4.54465501E-26 2.71329694E-23 2.93886662E-11 1.14015772E-14 1.96552946E-09 8.18825703E-02 3.14207491E-31 4.74315433E-29 1.58930048E-11 1.02938105E-40 1.00000000E-40 1.72395861E-27 1.48679694E-26 6.42601741E-15 5.68881766E-11 1.53616413E-15 8.77641013E-16 1.96531317E-13 4.41127497E-08 8.97845619E-17 1.98383793E-28 6.58645919E-29 4.28654350E-09 2.34246395E-31 2.56388484E-19 2.14310669E-24 3.70976974E-25 2.16935486E-33 1.11985141E-40 1.67375762E-27 1.06074820E-27 4.68331019E-18 6.18037468E-32 1.00000000E-40 1.46749442E-32 1.00000000E-40 2.96120992E-37 1.80589850E-10 1.90159218E-28 1.29096817E-27 1.00000000E-40 1.00000000E-40 3.12032549E-28 7.57516797E-30 5.83377060E-24 6.83326149E-34 3.10585464E-23 4.65495429E-17 1.36668884E-18 4.28530841E-30 2.49636000E-30 1.00000000E-05 1.00000000E-05 1.00000000E-05 1.00000000E-05 1.00000000E-05 1.00000000E-05 1.00000000E-05 1.00000000E-05 1.00000000E-05 1.00000000E-05
5.38975000E+01 1.76330000E-03 8.01482214E+16 1.59348887E+02 1.00000000E+05 3.97792034E+00 3.73706258E+00 8.34659402E+00 2.69536416E-23 1.47262703E-07 1.91165792E-39 1.91165792E-39 1.91165792E-39 1.91165792E-39 2.74914676E-39 1.01710941E-19 9.02256427E-06 3.92137953E-07 5.11249477E-21 2.37407267E-16 1.87588345E-05 3.78546517E-05 2.04604434E+00 2.46023616E-25 8.54358912E-21 1.00000000E-40 1.00000000E-40 4.61030364E-36 8.01672869E-29 3.26146093E-20 6.39850843E-18 1.90332695E-16 4.94475921E-27 3.80386754E-26 2.69956621E-23 3.35141036E-11 2.15288229E-14 2.30931455E-09 7.57953249E-02 3.62685286E-31 4.68651838E-29 1.57568248E-11 1.02142130E-40 1.00000000E-40 1.74630519E-27 2.23322361E-26 7.24598953E-15 5.19346016E-11 2.25049239E-15 1.32110537E-15 2.15827426E-13 4.49017168E-08 7.33602422E-17 1.02416364E-28 1.76985943E-28 4.46276080E-09 2.38324028E-31 2.60330574E-19 2.53314234E-24 4.64264220E-25 2.46617813E-33 1.09448491E-40 1.72898889E-27 1.04065631E-27 3.79925669E-18 7.33340910E-32 1.00000000E-40 1.45972145E-32 1.00000000E-40 5.18649102E-37 1.90831915E-10 2.88060180E-28 1.42585154E-27 1.00000000E-40 1.00000000E-40 3.63440497E-28 7.19836236E-30 6.78975867E-24 1.02737190E-33 3.08218511E-23 5.44122670E-17 1.37872736E-18 4.83552537E-30 2.05450000E-29 1.00000000E-05 1.00000000E-05 1.00000000E-05 1.00000000E-05 1.00000000E-05 1.00000000E-05 1.00000000E-05 1.00000000E-05 1.00000000E-05 1.00000000E-05
5.50821000E+01 1.50686000E-03 6.91135857E+16 1.57916022E+02 1.00000000E+05 7.25710636E-01 9.06185124E-01 4.26081423E+00 2.63740672E-23 1.36364616E-07 6.94265034E-40 6.94265034E-40 6.94265034E-40 6.94265034E-40 1.03293182E-39 1.59693263E-19 9.20183443E-06 3.24724829E-07 8.02622014E-21 4.05085498E-16 2.16653372E-05 4.36908680E-05 2.05876080E+00 3.25975533E-25 4.55964826E-21 1.00000000E-40 1.00000000E-40 8.07651601E-36 1.60880152E-28 3.32341333E-20 7.00376841E-18 1.99874180E-16 4.07954113E-27 3.19116654E-26 2.67711714E-23 3.82607970E-11 4.83131164E-14 2.71519575E-09 6.84596063E-02 4.19234869E-31 4.61107520E-29 1.55603607E-11 1.00998539E-40 1.00000000E-40 1.76946934E-27 3.30780632E-26 7.97948164E-15 4.69216313E-11 3.38795763E-15 1.97915498E-15 2.33930711E-13 4.57413702E-08 5.93299429E-17 5.22133980E-29 5.90200923E-28 4.65655000E-09 2.42698137E-31 2.64507937E-19 2.99179323E-24 6.10646793E-25 2.80469895E-33 1.06239222E-40 1.79094704E-27 1.01512669E-27 3.25709820E-18 8.69484490E-32 1.00000000E-40 1.47702064E-32 1.00000000E-40 9.82276750E-37 2.00284874E-10 4.48239001E-28 1.56696010E-27 1.00000000E-40 1.00000000E-40 4.24283599E-28 6.76007095E-30 7.90496252E-24 1.53563058E-33 3.04425558E-23 6.21521822E-17 1.39021990E-18 5.47679423E-30 4.18196000E-28 1.00000000E-05 1.00000000E-05 1.00000000E-05 1.00000000E-05 1.00000000E-05 1.00000000E-05 1.00000000E-05 1.00000000E-05 1.00000000E-05 1.00000000E-05
5.62666000E+01 1.28355000E-03 5.94166772E+16 1.56466421E+02 1.00000000E+05 8.59276585E-02 5.10936260E-01 2.83578600E+00 2.61538130E-23 1.30651468E-07 3.08164753E-40 3.08164753E-40 3.08164753E-40 3.08164753E-40 4.68976422E-40 2.84281388E-19 9.40700802E-06 2.62815520E-07 1.29019221E-20 7.21384449E-16 2.50929779E-05 5.05730919E-05 2.07149873E+00 4.86722016E-25 2.33356022E-21 1.00000000E-40 1.00000000E-40 1.47353720E-35 3.38455793E-28 3.39488890E-20 7.65702755E-18 2.10811884E-16 3.38413512E-27 2.68295126E-26 2.64753159E-23 4.37736186E-11 1.15941310E-13 3.19927725E-09 5.97181570E-02 4.85996487E-31 4.51908412E-29 1.53120600E-11 1.00000000E-40 1.00000000E-40 1.79586794E-27 4.82800485E-26 8.62990218E-15 4.20160548E-11 5.32515557E-15 3.06252328E-15 2.51395992E-13 4.67007664E-08 4.78805609E-17 2.66111214E-29 2.20109990E-27 4.87717304E-09 2.47741635E-31 2.69309913E-19 3.53551305E-24 8.48378056E-25 3.19523802E-33 1.02350966E-40 1.86328572E-27 9.84400124E-28 3.04828373E-18 1.03132051E-31 1.00000000E-40 1.53067695E-32 1.00000000E-40 2.25782949E-36 2.08853352E-10 7.26650039E-28 1.71241452E-27 1.00000000E-40 1.00000000E-40 4.98570456E-28 6.25653553E-30 9.21812558E-24 2.26438333E-33 2.99326151E-23 6.97080072E-17 1.40285827E-18 6.23425318E-30 5.06386000E-26 1.00000000E-05 1.00000000E-05 1.00000000E-05 1.00000000E-05 1.00000000E-05 1.00000000E-05 1.00000000E-05 1.00000000E-05 1.00000000E-05 1.00000000E-05
5.74512000E+01 1.07244000E-03 5.01664200E+16 1.54837664E+02 1.00000000E+05 6.61980691E-03 4.31984313E-01 2.35039184E+00 2.64918627E-23 1.28473769E-07 1.95172029E-40 1.95172029E-40 1.95172029E-40 1.95172029E-40 2.98222230E-40 5.78849616E-19 9.79507447E-06 2.01188983E-07 2.21170705E-20 1.38627641E-15 2.96138588E-05 5.96529005E-05 2.11709779E+00 8.22026179E-25 1.16148515E-21 1.00000000E-40 1.00000000E-40 2.89747723E-35 7.56734492E-28 3.53253757E-20 8.40938786E-18 2.26914700E-16 2.87611582E-27 2.30504503E-26 2.64995240E-23 5.09557789E-11 2.83843318E-13 3.83830122E-09 5.00354237E-02 5.74127196E-31 4.47599168E-29 1.52360280E-11 1.00000000E-40 1.00000000E-40 1.85477242E-27 7.04393638E-26 9.37714622E-15 3.79160273E-11 9.15503560E-15 5.22807394E-15 2.70574146E-13 4.85559428E-08 3.83974098E-17 1.30934579E-29 8.99645405E-27 5.21084123E-09 2.57579260E-31 2.79185111E-19 4.24940814E-24 1.25467418E-24 3.70476165E-33 1.00000000E-40 1.97885674E-27 9.62182087E-28 3.25524829E-18 1.24367364E-31 1.00000000E-40 1.65810958E-32 1.00000000E-40 7.29938813E-36 2.19626472E-10 1.29001934E-27 1.88499254E-27 1.00000000E-40 1.00000000E-40 6.00278885E-28 5.76186318E-30 1.09391551E-23 3.31414785E-33 2.97162577E-23 7.87036858E-17 1.43911477E-18 7.24544285E-30 4.47832000E-24 1.00000000E-05 1.00000000E-05 1.00000000E-05 1.00000000E-05 1.00000000E-05 1.00000000E-05 1.00000000E-05 1.00000000E-05 1.00000000E-05 1.00000000E-05
5.86357000E+01 7.54895000E-04 3.60485276E+16 1.51675605E+02 1.00000000E+05 3.52524664E-04 4.78392091E-01 2.54881211E+00 3.14223351E-23 1.47965131E-07 1.87009403E-40 1.87009403E-40 1.87009403E-40 1.87009403E-40 2.82544934E-40 1.56263488E-18 1.20851390E-05 1.44579323E-07 4.72115162E-20 3.37118666E-15 4.14047040E-05 8.33644198E-05 2.55576117E+00 1.74864806E-24 6.51867060E-22 1.00000000E-40 1.00000000E-40 7.26136971E-35 1.95374904E-27 4.35597770E-20 9.86073261E-18 2.89868979E-16 2.98918101E-27 2.43184009E-26 3.11872001E-23 7.00774228E-11 8.01538015E-13 5.45082644E-09 4.47883605E-02 8.03704173E-31 5.20332511E-29 1.78067076E-11 1.09531711E-40 1.00000000E-40 2.26737096E-27 1.19175632E-25 1.18204916E-14 4.02260660E-11 2.16607514E-14 1.01846465E-14 3.21438234E-13 5.98089379E-08 3.00669027E-17 4.90581752E-30 4.63052580E-26 6.60675785E-09 3.17333144E-31 3.42812330E-19 6.04366214E-24 2.26189745E-24 5.08281705E-33 1.10047427E-40 2.49599624E-27 1.09982923E-27 4.72464367E-18 1.77364822E-31 1.00000000E-40 2.18776764E-32 1.00000000E-40 3.57702878E-35 2.70619497E-10 3.24060266E-27 2.41777418E-27 1.00000000E-40 1.00000000E-40 8.59204812E-28 6.08472439E-30 1.53616928E-23 5.52038985E-33 3.45266105E-23 1.05264224E-16 1.74554473E-18 9.99453825E-30 1.35416000E-22 1.00000000E-05 1.00000000E-05 1.00000000E-05 1.00000000E-05 1.00000000E-05 1.00000000E-05 1.00000000E-05 1.00000000E-05 1.00000000E-05 1.00000000E-05
5.98203000E+01 3.96500000E-04 1.96501213E+16 1.46148605E+02 1.00000000E+05 2.44304234E-05 7.13553185E-01 3.79377653E+00 4.87159359E-23 2.22835353E-07 2.67889765E-40 2.67889765E-40 2.67889765E-40 2.67889765E-40 3.95464207E-40 7.20767292E-18 1.99070241E-05 9.40270219E-08 1.53128554E-19 1.34030832E-14 7.71841075E-05 1.55337795E-04 4.10534498E+00 5.83620852E-24 4.70552387E-22 1.00000000E-40 1.00000000E-40 7.24671033E-34 6.05150920E-27 7.17253315E-20 1.31153374E-17 4.94745636E-16 4.35512501E-27 3.61813950E-26 4.85610720E-23 1.27865804E-10 2.90728989E-12 1.03093699E-08 4.25732205E-02 1.50081327E-30 7.98494810E-29 2.74997139E-11 1.58825218E-40 1.00000000E-40 3.69593056E-27 2.62471283E-25 1.91043085E-14 5.69087288E-11 9.54777727E-14 2.52691228E-14 5.13176095E-13 9.83410023E-08 2.27772525E-17 1.19426408E-30 3.36567006E-25 1.11986212E-08 5.21991240E-31 5.61810122E-19 1.14497892E-23 5.51312683E-24 9.28701307E-33 1.58664016E-40 4.21293236E-27 1.65139224E-27 1.29729372E-17 3.36785486E-31 9.25280105E-37 3.95160199E-32 1.00000000E-40 2.27597780E-34 4.39767373E-10 1.55905340E-26 4.02806238E-27 1.00000000E-40 1.00000000E-40 1.63056324E-27 8.18029863E-30 2.87408481E-23 1.15087296E-32 5.24390435E-23 1.86834353E-16 2.82030850E-18 1.84137480E-29 1.60604000E-21 1.00000000E-05 1.00000000E-05 1.00000000E-05 1.00000000E-05 1.00000000E-05 1.00000000E-05 1.00000000E-05 1.00000000E-05 1.00000000E-05 1.00000000E-05
6.10049000E+01 3.04552000E-04 1.53234705E+16 1.43953105E+02 1.00000000E+05 2.34083834E-06 3.32563188E-01 3.96199259E+00 5.22961811E-23 2.33049394E-07 2.81449806E-40 2.81449806E-40 2.81449806E-40 2.81449806E-40 4.02603196E-40 4.06454740E-17 2.23490258E-05 5.27746848E-08 3.13954059E-19 5.26770823E-14 9.80281844E-05 1.97214201E-04 4.47571450E+00 2.61261821E-23 2.34416477E-22 1.00000000E-40 1.00000000E-40 2.53399021E-32 1.36687380E-26 8.05050206E-20 1.70500389E-17 5.75780095E-16 4.03871678E-27 3.34407287E-26 5.09174640E-23 1.57554451E-10 6.98851470E-12 1.32696661E-08 3.22938982E-02 1.91137237E-30 8.22415172E-29 2.85477238E-11 1.51077698E-40 1.00000000E-40 4.09852110E-27 3.84491172E-25 2.12570583E-14 5.52008282E-11 4.41510434E-13 1.43950698E-13 2.09101310E-12 1.10177775E-07 1.79617517E-17 4.50287650E-31 1.77769934E-24 1.29576074E-08 5.85217083E-31 6.27217489E-19 1.47513577E-23 9.20482982E-24 1.15439799E-32 1.49727326E-40 4.85905869E-27 1.65168994E-27 3.72825144E-17 4.34984967E-31 1.00000000E-40 4.96988942E-32 6.95385949E-40 7.79828995E-34 4.80582588E-10 6.77826957E-26 4.32851191E-27 1.00000000E-40 1.00000000E-40 2.05861325E-27 6.91317044E-30 3.66348622E-23 1.46252467E-32 5.18893488E-23 2.14641182E-16 3.09683281E-18 2.31454308E-29 4.23336000E-21 1.00000000E-05 1.00000000E-05 1.00000000E-05 1.00000000E-05 1.00000000E-05 1.00000000E-05 1.00000000E-05 1.00000000E-05 1.00000000E-05 1.00000000E-05
6.21894000E+01 2.55854000E-04 1.30123804E+16 1.42413834E+02 1.00000000E+05 2.33523916E-07 1.34563589E-01 3.76770109E+00 5.10464300E-23 2.22237652E-07 2.74459286E-40 2.74459286E-40 2.74459286E-40 2.74459286E-40 3.79893008E-40 5.25594302E-16 2.28999173E-05 3.14666871E-08 5.43584739E-19 4.38490550E-13 1.13797089E-04 2.28861034E-04 4.42904290E+00 2.71904659E-22 1.31811014E-22 1.00000000E-40 1.00000000E-40 3.36164458E-31 2.80847274E-26 8.24852576E-20 4.18992582E-17 6.11311082E-16 3.58429490E-27 2.75253922E-26 4.79095554E-23 1.74420434E-10 1.49345802E-11 1.55955358E-08 2.54266557E-02 2.22862095E-30 7.56019351E-29 2.65213637E-11 1.23283490E-40 1.00000000E-40 4.13665110E-27 5.01686309E-25 2.61711635E-14 4.95588741E-11 2.92086925E-12 8.82821751E-12 3.44544905E-11 1.12627972E-07 1.48139421E-17 2.42322116E-31 9.00709930E-24 1.37137331E-08 5.98825913E-31 6.38712634E-19 1.72683369E-23 1.39614582E-23 1.30915076E-32 1.20612010E-40 5.13122695E-27 1.45624116E-27 2.29818545E-16 5.11315373E-31 1.21013065E-36 5.81853497E-32 1.03201394E-38 2.08358512E-33 4.73182771E-10 3.61842787E-25 3.81219834E-27 1.00000000E-40 1.00000000E-40 2.24936279E-27 4.52766513E-30 4.27109577E-23 1.45558583E-32 4.21877232E-23 2.28598754E-16 3.09196442E-18 2.66117035E-29 8.06129000E-21 1.00000000E-05 1.00000000E-05 1.00000000E-05 1.00000000E-05 1.00000000E-05 1.00000000E-05 1.00000000E-05 1.00000000E-05 1.00000000E-05 1.00000000E-05
6.33740000E+01 2.14972000E-04 1.10589847E+16 1.40793744E+02 1.00000000E+05 8.52750565E-11 7.18622184E-02 3.54816959E+00 4.92729762E-23 2.01553653E-07 2.65862756E-40 2.65862756E-40 2.65862756E-40 2.65862756E-40 3.57839727E-40 7.48051696E-15 2.34257643E-05 1.37003609E-08 1.07001603E-18 4.12320641E-12 1.32109152E-04 2.65607978E-04 4.34561884E+00 3.07608333E-21 1.49928893E-22 1.00000000E-40 1.00000000E-40 2.28285119E-30 5.56278267E-26 8.43932890E-20 1.94316588E-16 6.43826290E-16 4.21343062E-27 2.25808503E-26 4.39655551E-23 1.86336464E-10 2.83567018E-11 1.83105191E-08 2.07465933E-02 2.60046788E-30 6.71772871E-29 2.39432005E-11 1.00000000E-40 1.00000000E-40 4.15038954E-27 6.35534557E-25 8.23362945E-14 4.57047528E-11 1.86387257E-11 6.20471527E-10 3.63310064E-10 1.14903049E-07 1.46997816E-17 3.10633324E-31 4.74538956E-23 1.45258243E-08 6.11755060E-31 6.48880397E-19 1.99223650E-23 2.07298965E-23 1.48182881E-32 1.00000000E-40 5.42599533E-27 1.21708073E-27 1.61259929E-15 5.94343712E-31 1.00000000E-40 7.11479911E-32 7.63836912E-38 4.41481042E-33 4.64756185E-10 1.49285470E-24 2.75310874E-27 1.00000000E-40 1.00000000E-40 2.25741239E-27 2.03948960E-30 4.98359270E-23 1.67658063E-32 2.66307841E-23 2.85466400E-16 3.06783700E-18 3.05406769E-29 1.49988000E-20 1.00000000E-05 1.00000000E-05 1.00000000E-05 1.00000000E-05 1.00000000E-05 1.00000000E-05 1.00000000E-05 1.00000000E-05 1.00000000E-05 1.00000000E-05
6.45585000E+01 1.80645000E-04 9.40679296E+15 1.39091656E+02 1.00000000E+05 7.69773316E-15 4.62846235E-02 3.31287969E+00 4.69354443E-23 1.03537075E-07 2.54076205E-40 2.54076205E-40 2.54076205E-40 2.54076205E-40 3.34623722E-40 7.22448332E-14 2.39210659E-05 2.84310592E-09 3.89754675E-18 3.04719638E-11 1.53344764E-04 3.08217812E-04 4.21950477E+00 2.32649204E-20 3.38861728E-22 1.00000000E-40 1.00000000E-40 9.86312301E-30 1.00504830E-25 8.62122688E-20 8.27167963E-16 6.42370817E-16 7.25466050E-27 1.93015171E-26 3.89486634E-23 1.84904152E-10 4.07940120E-11 2.15180143E-08 1.68559316E-02 3.00232749E-30 5.67503559E-29 2.08212659E-11 1.00000000E-40 1.00000000E-40 4.12646297E-27 7.82853215E-25 4.98248547E-13 4.42925083E-11 9.35378773E-11 1.16940346E-08 3.67905600E-10 1.16967511E-07 3.98777150E-17 4.47371491E-30 2.59496861E-22 1.53997662E-08 6.23864454E-31 6.57480307E-19 2.23540564E-23 2.92430136E-23 1.67367226E-32 1.00000000E-40 5.73530445E-27 9.42027834E-28 8.85931401E-15 6.74554606E-31 1.00000000E-40 9.08985918E-32 3.55357291E-37 6.14250630E-33 4.76567956E-10 2.96624489E-24 1.73152933E-27 1.00000000E-40 1.00000000E-40 2.20004232E-27 4.36423141E-31 5.81123098E-23 5.91717614E-32 9.61035068E-24 6.52823513E-16 3.02129773E-18 3.45270081E-29 2.84676000E-20 1.00000000E-05 1.00000000E-05 1.00000000E-05 1.00000000E-05 1.00000000E-05 1.00000000E-05 1.00000000E-05 1.00000000E-05 1.00000000E-05 1.00000000E-05
6.57431000E+01 1.51819000E-04 8.00940248E+15 1.37291208E+02 1.00000000E+05 2.32881149E-19 3.20127891E-02 3.06447973E+00 4.40427687E-23 2.14827245E-08 2.39220308E-40 2.39220308E-40 2.39220308E-40 2.39220308E-40 3.09276364E-40 4.16275746E-13 2.43794364E-05 6.34969302E-10 4.28346586E-17 1.73725841E-10 1.77926015E-04 3.57536842E-04 4.04404203E+00 1.03076780E-19 9.79731912E-22 1.00000000E-40 1.63441741E-40 3.03807739E-29 1.31713007E-25 8.79206542E-20 2.81206369E-15 5.14937856E-16 1.23708740E-26 2.22789508E-26 3.27116925E-23 1.63322198E-10 4.18966738E-11 2.60569122E-08 1.33703189E-02 3.28433475E-30 4.43359297E-29 1.73099050E-11 1.00000000E-40 1.00000000E-40 4.04345115E-27 9.62498141E-25 2.19467235E-12 4.65919704E-11 3.52919009E-10 3.57042733E-08 8.37937874E-11 1.18780040E-07 3.82183929E-16 1.47423337E-28 1.47506385E-21 1.63417297E-08 6.34989340E-31 6.64235145E-19 2.39816824E-23 3.54497210E-23 1.88574069E-32 1.00000000E-40 6.03702719E-27 6.57328305E-28 3.72449291E-14 7.33541469E-31 4.84828248E-40 9.59775463E-32 1.15662331E-36 5.89783212E-33 5.28644097E-10 1.94217930E-24 2.46704643E-27 1.00000000E-40 1.00000000E-40 2.18050395E-27 9.41706704E-32 6.74609533E-23 6.01280992E-31 1.65847228E-24 4.36400031E-15 2.94880663E-18 3.69267535E-29 5.71380000E-20 1.00000000E-05 1.00000000E-05 1.00000000E-05 1.00000000E-05 1.00000000E-05 1.00000000E-05 1.00000000E-05 1.00000000E-05 1.00000000E-05 1.00000000E-05
6.69277000E+01 1.27608000E-04 6.82854394E+15 1.35352571E+02 1.00000000E+05 1.48825040E-24 2.22661217E-02 2.79499159E+00 4.05871958E-23 4.96067096E-09 2.21425083E-40 2.21425083E-40 2.21425083E-40 2.21425083E-40 2.80807662E-40 1.73370449E-12 2.47936647E-05 1.73874232E-10 6.23632388E-16 7.67102456E-10 2.06316563E-04 4.14494225E-04 3.81186097E+00 3.22382470E-19 3.08487193E-21 1.00000000E-40 1.66869474E-39 7.07305231E-29 5.58939830E-26 8.94905625E-20 8.18972969E-15 3.25251364E-16 1.82451612E-26 4.85084356E-26 2.50944898E-23 1.27999857E-10 3.76505583E-11 3.41020749E-08 1.01992676E-02 3.09667420E-30 3.06723334E-29 1.37359097E-11 1.00000000E-40 1.00000000E-40 3.87716617E-27 1.28616311E-24 6.47766748E-12 5.48666871E-11 9.87469443E-10 6.66349570E-08 1.66279838E-11 1.20293455E-07 3.73557635E-15 4.72720772E-27 8.72897704E-21 1.73581067E-08 6.44940321E-31 6.68830995E-19 2.38674915E-23 1.96983818E-23 2.11882336E-32 1.00000000E-40 6.29940495E-27 4.02570815E-28 1.19910315E-13 7.41886715E-31 3.01777951E-39 9.92053691E-32 2.77642625E-36 5.02937660E-33 5.95912931E-10 3.45960204E-25 7.56645588E-27 1.00000000E-40 1.08961186E-40 1.07334716E-27 6.73451825E-32 7.73836972E-23 2.14462626E-29 1.33526728E-25 3.68361785E-14 2.84648079E-18 3.43054286E-29 1.26565000E-19 1.00000000E-05 1.00000000E-05 1.00000000E-05 1.00000000E-05 1.00000000E-05 1.00000000E-05 1.00000000E-05 1.00000000E-05 1.00000000E-05 1.00000000E-05
6.81122000E+01 1.07273000E-04 5.83120625E+15 1.33244331E+02 1.00000000E+05 6.89092908E-31 1.49728557E-02 2.49767452E+00 3.65490932E-23 2.10825906E-09 2.00666437E-40 2.00666437E-40 2.00666437E-40 2.00666437E-40 2.48815452E-40 6.56679218E-12 2.51547139E-05 5.55536585E-11 7.01025141E-15 2.78680255E-09 2.39003646E-04 4.80065196E-04 3.51479264E+00 8.89330555E-19 1.01754527E-20 1.00000000E-40 1.14336181E-38 1.18898794E-28 1.00000000E-40 9.08800468E-20 2.21226325E-14 2.08003346E-16 2.98505499E-26 1.29000617E-25 1.59267786E-23 9.01521633E-11 3.32306972E-11 5.02025926E-08 7.36450391E-03 2.22774969E-30 1.76118146E-29 1.05017418E-11 1.00000000E-40 1.00000000E-40 3.61404266E-27 2.08916924E-24 1.40212375E-11 7.16045689E-11 2.16166051E-09 1.04147417E-07 3.84433014E-12 1.21448571E-07 2.54185733E-14 1.25101234E-25 5.32239535E-20 1.84543121E-08 6.53470210E-31 6.70884856E-19 1.95874289E-23 1.00000000E-40 2.37318252E-32 1.00000000E-40 6.49334129E-27 2.11945589E-28 3.12594177E-13 6.40127803E-31 3.37626055E-38 1.33759633E-31 4.67667488E-36 4.07160483E-33 6.44028123E-10 1.00000000E-40 2.34086799E-26 1.00000000E-40 1.33877822E-39 1.00000000E-40 6.18427943E-32 8.64664086E-23 2.65403880E-27 1.00000000E-40 2.24567552E-13 2.71007765E-18 2.42495619E-29 3.25760000E-19 1.00000000E-05 1.00000000E-05 1.00000000E-05 1.00000000E-05 1.00000000E-05 1.00000000E-05 1.00000000E-05 1.00000000E-05 1.00000000E-05 1.00000000E-05
6.92968000E+01 9.01893000E-05 4.99573277E+15 1.30759284E+02 1.00000000E+05 1.14217079E-38 9.67227320E-03 2.16507791E+00 2.72466341E-23 1.41710057E-09 1.76466160E-40 1.76466160E-40 1.76466160E-40 1.76466160E-40 2.13180781E-40 3.08398382E-11 2.54505019E-05 2.04298571E-11 6.84877491E-14 1.00353602E-08 2.76443240E-04 5.55160616E-04 3.14425535E+00 2.90053184E-18 3.48538920E-20 1.00000000E-40 1.32870962E-38 2.67758171E-29 1.00000000E-40 9.20210978E-20 5.87034682E-14 1.29329198E-16 6.52651126E-26 4.26053362E-25 6.65663329E-24 5.74906103E-11 2.78263111E-11 8.55472460E-08 4.86352052E-03 1.03427501E-30 7.48288825E-30 7.93479322E-12 1.00000000E-40 1.00000000E-40 3.26661911E-27 4.05005312E-24 2.49303452E-11 9.58154515E-11 4.45952834E-09 1.49238605E-07 1.27122403E-12 1.22169417E-07 1.29427620E-13 2.61335387E-24 3.24901156E-19 1.96323705E-08 6.60244120E-31 6.69926970E-19 2.22820129E-24 1.00000000E-40 2.64804574E-32 1.00000000E-40 6.60116229E-27 9.74856986E-29 7.91233529E-13 2.47275384E-31 5.11601662E-37 2.58564408E-31 9.75690813E-37 3.09008616E-33 6.49431751E-10 1.00000000E-40 6.38231897E-26 1.00000000E-40 1.45451749E-38 1.00000000E-40 6.38306232E-32 9.10245978E-23 9.92197461E-25 1.00000000E-40 1.07801768E-12 2.53536127E-18 1.09395104E-29 9.77506000E-19 1.00000000E-05 1.00000000E-05 1.00000000E-05 1.00000000E-05 1.00000000E-05 1.00000000E-05 1.00000000E-05 1.00000000E-05 1.00000000E-05 1.00000000E-05
7.04813000E+01 7.58365000E-05 4.29573244E+15 1.27866794E+02 1.00000000E+05 1.84754908E-40 5.37200912E-03 1.79350431E+00 9.84987110E-24 1.07915131E-09 1.48426093E-40 1.48426093E-40 1.48426093E-40 1.48426093E-40 1.74600335E-40 2.25933641E-10 2.56634564E-05 1.25157271E-11 6.32319877E-13 4.38276204E-08 3.18987078E-04 6.40485401E-04 2.69151390E+00 1.38189949E-17 1.21769948E-19 1.00000000E-40 1.00000000E-40 1.00000000E-40 1.00000000E-40 9.27922518E-20 1.56917415E-13 5.56750770E-17 2.50301861E-25 2.05802223E-24 1.99374965E-24 3.28952907E-11 1.85324856E-11 1.67817296E-07 2.89652900E-03 1.00000000E-40 1.83029207E-30 6.18270599E-12 1.00000000E-40 1.00000000E-40 2.88289458E-27 9.42653540E-24 3.68596380E-11 1.13905554E-10 1.06003835E-08 1.97342137E-07 1.28575124E-12 1.22352291E-07 5.01602022E-13 3.78504840E-23 1.83445897E-18 2.08858488E-08 6.64770546E-31 6.65365371E-19 1.00000000E-40 1.00000000E-40 2.94098881E-32 1.00000000E-40 6.62111457E-27 4.51849260E-29 2.32167554E-12 1.00000000E-40 9.17488498E-36 7.29736916E-31 1.00000000E-40 2.05482315E-33 5.11483641E-10 1.00000000E-40 1.31120902E-25 1.00000000E-40 1.54764538E-37 1.00000000E-40 6.58206609E-32 7.91166363E-23 1.00000000E-40 1.00000000E-40 4.30058151E-12 2.31925951E-18 3.25653508E-30 2.84244000E-18 1.00000000E-05 1.00000000E-05 1.00000000E-05 1.00000000E-05 1.00000000E-05 1.00000000E-05 1.00000000E-05 1.00000000E-05 1.00000000E-05 1.00000000E-05
7.16659000E+01 6.37763000E-05 3.69344765E+15 1.25067391E+02 1.00000000E+05 1.24372790E-40 2.17094256E-03 1.38804066E+00 2.08862405E-24 7.71622060E-10 1.16772523E-40 1.16772523E-40 1.16772523E-40 1.16772523E-40 1.34200770E-40 9.12699059E-10 2.57828870E-05 1.15134838E-11 2.05254311E-12 1.63733677E-07 3.67098052E-04 7.37010011E-04 2.14867693E+00 3.36729655E-17 3.43965268E-19 1.00000000E-40 1.00000000E-40 1.00000000E-40 1.00000000E-40 9.30890081E-20 3.30107641E-13 1.09662065E-17 6.06974735E-25 5.45967221E-24 5.15341984E-25 1.65032793E-11 6.22736278E-12 2.84880193E-07 1.70128069E-03 1.00000000E-40 2.18443404E-31 5.18249011E-12 3.09161123E-40 1.00000000E-40 2.53116924E-27 4.93940584E-23 2.69968443E-11 8.80131142E-11 2.15268435E-08 2.11214979E-07 2.43772822E-12 1.21934273E-07 8.55833857E-13 1.64040139E-22 5.78326763E-18 2.22031377E-08 6.66727177E-31 6.56997510E-19 1.00000000E-40 1.00000000E-40 3.24972679E-32 1.00000000E-40 6.57137440E-27 2.94348606E-29 5.26080306E-12 1.00000000E-40 1.32968234E-34 2.80845341E-30 1.00000000E-40 4.53988389E-34 1.93345800E-10 1.00000000E-40 1.13795533E-25 1.00000000E-40 5.87330382E-37 1.00000000E-40 1.86550474E-32 2.95636131E-23 2.29365006E-25 1.00000000E-40 5.43585717E-12 2.06871054E-18 1.97176412E-30 7.03936000E-18 1.00000000E-05 1.00000000E-05 1.00000000E-05 1.00000000E-05 1.00000000E-05 1.00000000E-05 1.00000000E-05 1.00000000E-05 1.00000000E-05 1.00000000E-05
7.28505000E+01 5.36414000E-05 3.13125879E+15 1.24078878E+02 1.00000000E+05 1.12671687E-40 5.44613501E-04 3.77903187E-01 3.21265383E-25 5.94146948E-10 1.06765158E-40 1.06765158E-40 1.06765158E-40 1.06765158E-40 1.20277046E-40 1.87252387E-09 2.58494613E-05 1.24987794E-11 3.41637243E-12 4.40713733E-07 4.22498744E-04 8.48278024E-04 1.96087300E+00 5.05993974E-17 6.29864970E-19 1.00000000E-40 1.00000000E-40 1.00000000E-40 6.06764756E-25 9.34615792E-20 5.90271134E-13 2.59695751E-18 8.81554926E-25 7.56539522E-24 2.20975484E-25 7.82199371E-12 2.18809420E-12 4.24655059E-07 1.31466018E-03 1.00000000E-40 1.35873193E-32 4.85336292E-12 4.24496449E-39 3.98127958E-40 2.22056900E-27 7.66074618E-22 1.71725176E-11 5.37917195E-11 3.66831768E-08 1.94654773E-07 2.85777603E-12 1.21080311E-07 8.67674057E-13 2.56446596E-22 1.03566715E-17 2.36124557E-08 6.66998281E-31 6.46013290E-19 1.00000000E-40 1.00000000E-40 3.58055851E-32 1.00000000E-40 6.48855750E-27 2.60815255E-29 9.43785619E-12 1.00000000E-40 2.97047186E-33 2.59422058E-29 1.00000000E-40 1.10677312E-33 7.09288834E-11 2.74886165E-27 7.17346569E-26 1.00000000E-40 8.87517111E-37 1.00000000E-40 4.15956855E-32 9.78629406E-23 1.00000000E-40 1.08850482E-27 4.65748453E-12 1.80518244E-18 2.15785050E-30 1.51963000E-17 1.00000000E-05 1.00000000E-05 1.00000000E-05 1.00000000E-05 1.00000000E-05 1.00000000E-05 1.00000000E-05 1.00000000E-05 1.00000000E-05 1.00000000E-05
7.40350000E+01 4.51234000E-05 2.64959298E+15 1.23350061E+02 1.00000000E+05 1.08828161E-40 1.79297801E-04 1.16267879E-01 8.03080771E-26 4.69723031E-10 1.03745367E-40 1.03745367E-40 1.03745367E-40 1.03745367E-40 1.14729260E-40 3.26348380E-09 2.58926708E-05 1.43942242E-11 4.90165114E-12 9.59733689E-07 4.87452324E-04 9.78881232E-04 1.88935712E+00 6.83666921E-17 9.25879998E-19 1.07323484E-40 1.00000000E-40 1.00000000E-40 1.00000000E-40 9.35730818E-20 1.04079824E-12 1.05482203E-18 1.04008266E-24 9.01316304E-24 1.29535256E-25 3.62345506E-12 1.08989146E-12 6.35680661E-07 1.15647033E-03 1.00000000E-40 4.64907774E-34 5.15608719E-12 2.80706930E-38 1.44542755E-39 1.63581552E-27 1.00000000E-40 1.24699931E-11 3.01526438E-11 5.49820920E-08 1.64839042E-07 3.09564493E-12 1.19932930E-07 8.40605675E-13 8.87585795E-22 1.44167668E-17 2.51575238E-08 6.66414891E-31 6.33335425E-19 1.00000000E-40 1.00000000E-40 3.94188143E-32 1.00000000E-40 6.39343348E-27 2.49312977E-29 1.43425373E-11 1.00000000E-40 1.00000000E-40 3.45487468E-29 1.00000000E-40 1.57217524E-33 3.63473216E-11 7.37407330E-27 4.74992679E-26 1.00000000E-40 1.33304997E-36 1.00000000E-40 3.72447119E-32 1.20459161E-22 4.88914210E-28 2.99113990E-27 3.94472250E-12 1.54419754E-18 2.46844536E-30 2.97862000E-17 1.00000000E-05 1.00000000E-05 1.00000000E-05 1.00000000E-05 1.00000000E-05 1.00000000E-05 1.00000000E-05 1.00000000E-05 1.00000000E-05 1.00000000E-05
7.52196000E+01 3.79635000E-05 2.25200848E+15 1.22099235E+02 1.00000000E+05 1.03652688E-40 1.43920066E-04 1.08326092E-01 3.79666975E-26 3.56946282E-10 1.00000000E-40 1.00000000E-40 1.00000000E-40 1.00000000E-40 1.08066077E-40 5.24707402E-09 2.58953235E-05 1.53353594E-11 6.29252130E-12 1.80627610E-06 5.63371246E-04 1.13171700E-03 1.80198237E+00 8.20027238E-17 1.22059944E-18 7.43573742E-40 1.00000000E-40 1.00000000E-40 1.00000000E-40 9.34598118E-20 1.78372036E-12 5.89784948E-19 1.10979780E-24 9.34964509E-24 7.51259303E-26 1.68178011E-12 6.66344433E-13 9.40089236E-07 9.94911522E-04 1.00000000E-40 1.00000000E-40 6.09655883E-12 1.20002051E-37 6.18519484E-39 1.98841374E-27 1.00000000E-40 9.70524976E-12 1.62677203E-11 7.39268319E-08 1.28744401E-07 3.30091458E-12 1.18439698E-07 8.13477403E-13 2.45490156E-22 1.59813150E-17 2.68402716E-08 6.64727361E-31 6.18852346E-19 1.00000000E-40 1.00000000E-40 4.33412877E-32 1.00000000E-40 6.28945129E-27 2.31780222E-29 1.86485989E-11 1.00000000E-40 1.00000000E-40 1.00000000E-40 1.00000000E-40 9.17714366E-34 2.32085681E-11 1.37651767E-29 3.23621286E-26 1.00000000E-40 1.47941239E-36 1.00000000E-40 2.85655089E-32 1.27640904E-22 1.00000000E-40 1.00000000E-40 2.90276134E-12 1.29748056E-18 2.62283089E-30 5.45677000E-17 1.00000000E-05 1.00000000E-05 1.00000000E-05 1.00000000E-05 1.00000000E-05 1.00000000E-05 1.00000000E-05 1.00000000E-05 1.00000000E-05 1.00000000E-05
7.64041000E+01 3.19444000E-05 1.89580180E+15 1.22044587E+02 1.00000000E+05 1.04265656E-40 3.90565908E-05 4.37093942E-21 9.79918402E-27 2.76918458E-10 1.00000000E-40 1.00000000E-40 1.00000000E-40 1.00000000E-40 1.07761102E-40 7.94425437E-09 2.58949471E-05 2.01524856E-11 7.77401408E-12 3.18054867E-06 6.52975299E-04 1.31238142E-03 1.80097316E+00 1.01162076E-16 1.49672766E-18 3.52396290E-39 1.00000000E-40 1.00000000E-40 6.06577184E-26 9.32691690E-20 3.22072811E-12 4.34440520E-19 1.17020717E-24 9.62686491E-24 5.82491450E-26 8.08085805E-13 4.77235732E-13 1.43230091E-06 9.41518615E-04 1.00000000E-40 1.00000000E-40 7.84145368E-12 3.65733528E-37 2.28787948E-38 2.60165900E-27 7.11580069E-23 8.03132276E-12 8.62854051E-12 9.56801496E-08 9.74297971E-08 3.16070222E-12 1.16679227E-07 7.94945096E-13 2.05380427E-22 1.65998729E-17 2.87086462E-08 6.62504254E-31 6.03061623E-19 1.00000000E-40 2.02060016E-23 4.76488639E-32 1.00000000E-40 6.18370647E-27 2.09238378E-29 2.34995075E-11 1.00000000E-40 2.61833347E-34 1.00000000E-40 1.00000000E-40 1.11094893E-33 1.66800718E-11 6.51556211E-28 2.23680872E-26 1.00000000E-40 2.48856364E-36 1.00000000E-40 2.56638985E-32 1.34489039E-22 5.40212387E-30 4.91000039E-29 2.17198347E-12 1.07247977E-18 2.86238091E-30 9.51353000E-17 1.00000000E-05 1.00000000E-05 1.00000000E-05 1.00000000E-05 1.00000000E-05 1.00000000E-05 1.00000000E-05 1.00000000E-05 1.00000000E-05 1.00000000E-05
7.75887000E+01 2.68838000E-05 1.61405970E+15 1.20639014E+02 1.00000000E+05 1.03614520E-40 3.83339158E-05 6.23040564E-30 9.61797674E-27 2.10033579E-10 1.00000000E-40 1.00000000E-40 1.00000000E-40 1.00000000E-40 1.06248841E-40 1.14266308E-08 2.58472022E-05 2.10714515E-11 9.06036329E-12 5.14531807E-06 7.58026469E-04 1.52448662E-03 1.79755403E+00 1.11412243E-16 1.66809263E-18 1.22623480E-38 2.48520928E-35 8.53798084E-29 5.76182332E-26 9.28871802E-20 5.54891131E-12 3.63588606E-19 1.06190739E-24 8.57876446E-24 3.84960387E-26 4.20143056E-13 3.74290752E-13 2.09113863E-06 8.77602635E-04 5.32460326E-33 6.20976154E-36 1.05690734E-11 9.19469721E-37 7.62400445E-38 3.56720908E-27 6.92601816E-23 6.97725843E-12 4.64761924E-12 1.21612784E-07 7.17582070E-08 3.29331012E-12 1.14542795E-07 7.71052264E-13 1.11680359E-22 1.57514383E-17 3.07685141E-08 6.59232045E-31 5.85422055E-19 2.61466206E-25 6.23452555E-24 5.23401556E-32 1.00000000E-40 6.07408635E-27 1.80874360E-29 2.74759033E-11 1.69628947E-32 3.68755158E-34 4.03753858E-31 1.27889601E-36 1.81550971E-33 1.37265788E-11 1.14861430E-27 1.59725282E-26 1.00000000E-40 4.34680823E-36 1.30639189E-28 1.91778598E-32 1.36632268E-22 5.09440994E-30 3.68196078E-30 1.60198872E-12 8.75841673E-19 2.76554352E-30 1.59618000E-16 1.00000000E-05 1.00000000E-05 1.00000000E-05 1.00000000E-05 1.00000000E-05 1.00000000E-05 1.00000000E-05 1.00000000E-05 1.00000000E-05 1.00000000E-05
7.87733000E+01 2.26285000E-05 1.35891400E+15 1.20609221E+02 1.00000000E+05 1.03785359E-40 1.62023238E-40 1.22508492E-40 2.39365531E-27 1.52300724E-10 1.00000000E-40 1.00000000E-40 1.00000000E-40 1.00000000E-40 1.05868016E-40 1.58104762E-08 2.57951902E-05 2.67617315E-11 1.00026240E-11 8.32763114E-06 8.81716794E-04 1.77486507E-03 1.79287235E+00 1.23566616E-16 1.72823206E-18 3.50616682E-38 1.39504768E-35 3.51897977E-29 1.28666899E-26 9.24080081E-20 1.03499722E-11 3.25502364E-19 1.01528680E-24 7.90933998E-24 3.24154266E-26 2.35341366E-13 2.90248412E-13 3.15447616E-06 8.73319345E-04 6.97974708E-33 1.16320900E-35 1.46806020E-11 1.89519160E-36 1.48068890E-37 3.09462754E-27 1.49747896E-23 5.80136840E-12 2.48677385E-12 1.49344394E-07 5.26641882E-08 2.83740553E-12 1.12070078E-07 7.87206808E-13 9.56465038E-23 1.38218013E-17 3.30714860E-08 6.55328940E-31 5.66157021E-19 5.79191000E-25 1.56213646E-23 5.74863515E-32 1.00000000E-40 5.96467996E-27 1.46263181E-29 3.21190733E-11 2.62945436E-32 1.00000000E-40 3.82514479E-32 3.55224052E-36 1.30213663E-33 1.06658387E-11 2.17494258E-27 1.06261841E-26 1.00000000E-40 2.38095249E-36 3.20093742E-28 1.63670610E-32 1.37150442E-22 1.00000000E-40 7.42926001E-31 1.08518097E-12 7.07389298E-19 2.81053204E-30 2.59614000E-16 1.00000000E-05 1.00000000E-05 1.00000000E-05 1.00000000E-05 1.00000000E-05 1.00000000E-05 1.00000000E-05 1.00000000E-05 1.00000000E-05 1.00000000E-05
7.99578000E+01 1.90500000E-05 1.15324211E+15 1.19644077E+02 1.00000000E+05 1.03058878E-40 1.01360015E-40 1.03118405E-40 2.35663344E-27 1.09632729E-10 1.00000000E-40 1.00000000E-40 1.00000000E-40 1.00000000E-40 1.04627099E-40 2.11139313E-08 2.57090912E-05 2.90198455E-11 1.06537335E-11 1.28872114E-05 1.02702322E-03 2.06967194E-03 1.78647772E+00 1.26314225E-16 1.65580896E-18 8.56375648E-38 7.70167972E-35 1.48899746E-28 1.00000000E-40 9.18015720E-20 1.89286756E-11 3.08274944E-19 8.72808488E-25 6.58916222E-24 2.53316203E-26 1.43323578E-13 2.32287393E-13 4.60869192E-06 8.67649398E-04 3.24805158E-32 6.83291262E-35 2.05655636E-11 3.50800037E-36 8.71450243E-38 7.70747605E-28 1.00000000E-40 4.91460398E-12 1.35220808E-12 1.83652579E-07 3.87571103E-08 2.65590517E-12 1.09190357E-07 8.69530548E-13 8.83627125E-23 1.15636329E-17 3.56506372E-08 6.50566509E-31 5.44800748E-19 2.33486358E-24 8.08630210E-23 6.31338849E-32 1.00000000E-40 5.85276700E-27 1.13542792E-29 3.62230248E-11 1.33093660E-31 1.00000000E-40 1.00000000E-40 1.76251439E-35 5.35901204E-34 8.82797535E-12 3.81004863E-27 7.15996704E-27 3.49572177E-40 1.29279709E-36 1.52544573E-27 1.23641415E-32 1.37139078E-22 1.75557291E-27 1.00000000E-40 7.36694357E-13 5.67730249E-19 2.62866808E-30 4.11433000E-16 1.00000000E-05 1.00000000E-05 1.00000000E-05 1.00000000E-05 1.00000000E-05 1.00000000E-05 1.00000000E-05 1.00000000E-05 1.00000000E-05 1.00000000E-05
8.11424000E+01 1.60403000E-05 9.74523427E+14 1.19216652E+02 1.00000000E+05 1.02562558E-40 1.00360029E-40 1.02242522E-40 1.04639266E-27 7.60343303E-11 1.00000000E-40 1.00000000E-40 1.00000000E-40 1.00000000E-40 1.03778555E-40 2.73713377E-08 2.56056950E-05 3.30569620E-11 1.10834292E-11 1.96782560E-05 1.19714235E-03 2.41604972E-03 1.77851024E+00 1.26996605E-16 1.49151968E-18 1.85197908E-37 4.87901454E-35 7.40655987E-29 7.47951542E-28 9.10679853E-20 3.48830988E-11 2.91800334E-19 7.50555410E-25 5.45067677E-24 2.14118301E-26 9.02965869E-14 1.81961031E-13 6.62432776E-06 8.60485379E-04 2.00548136E-32 6.04767116E-35 2.86483116E-11 5.82186440E-36 2.64651330E-37 1.30078538E-27 1.00000000E-40 4.08633748E-12 7.37070208E-13 2.20740328E-07 2.90829420E-08 2.23724000E-12 1.05880017E-07 1.09486542E-12 7.68777010E-23 9.33791072E-18 3.85399424E-08 6.44978218E-31 5.21173081E-19 1.18060832E-24 4.17396300E-23 6.93382505E-32 1.00000000E-40 5.73735305E-27 8.29021883E-30 4.06713731E-11 9.42852475E-32 1.00000000E-40 1.00000000E-40 1.10711547E-35 5.06601196E-34 7.02307300E-12 6.05637423E-27 4.72028261E-27 3.97577153E-39 1.22494105E-36 7.54996334E-28 9.82580725E-33 1.36365290E-22 3.20338776E-28 2.73110710E-32 4.69851094E-13 4.53686987E-19 2.44042286E-30 6.37682000E-16 1.00000000E-05 1.00000000E-05 1.00000000E-05 1.00000000E-05 1.00000000E-05 1.00000000E-05 1.00000000E-05 1.00000000E-05 1.00000000E-05 1.00000000E-05
8.23269000E+01 1.35086000E-05 8.24306832E+14 1.18696568E+02 1.00000000E+05 1.01884277E-40 1.00000000E-40 1.01316112E-40 8.06004253E-28 5.21051626E-11 1.00000000E-40 1.00000000E-40 1.00000000E-40 1.00000000E-40 1.02809631E-40 3.45807893E-08 2.54857671E-05 3.63830506E-11 1.13630943E-11 2.94333451E-05 1.39625067E-03 2.82309092E-03 1.76930237E+00 1.23061241E-16 1.26901177E-18 3.58824038E-37 1.42809167E-34 1.75899391E-28 1.79115354E-27 9.02381156E-20 6.26319523E-11 2.72287533E-19 6.25564610E-25 4.35650911E-24 1.77918549E-26 5.73513237E-14 1.41278347E-13 9.27538119E-06 8.51905921E-04 5.76941307E-32 2.33241309E-34 3.92261747E-11 8.84604089E-36 8.98055179E-37 2.62070175E-27 1.30467385E-25 3.38584419E-12 4.03706635E-13 2.63287296E-07 2.23931043E-08 1.87746195E-12 1.02125675E-07 1.51041674E-12 6.98993489E-23 7.39386532E-18 4.17793329E-08 6.38631578E-31 4.95122132E-19 2.86490187E-24 1.12779474E-22 7.62014864E-32 1.00000000E-40 5.61698101E-27 5.79096313E-30 4.51697448E-11 3.12598849E-31 3.51496742E-37 1.39346585E-34 3.32017640E-35 9.76625601E-34 5.55541844E-12 8.80585873E-27 3.11123302E-27 4.20954782E-38 2.32804880E-36 1.94771911E-27 7.67192232E-33 1.35654051E-22 2.69437407E-27 4.24447731E-32 2.95029465E-13 3.62157201E-19 2.19044188E-30 9.69147000E-16 1.00000000E-05 1.00000000E-05 1.00000000E-05 1.00000000E-05 1.00000000E-05 1.00000000E-05 1.00000000E-05 1.00000000E-05 1.00000000E-05 1.00000000E-05
8.35115000E+01 1.13788000E-05 6.98334089E+14 1.18018459E+02 1.00000000E+05 1.00918856E-40 1.00000000E-40 1.00080939E-40 7.00339380E-28 3.50871598E-11 1.00000000E-40 1.00000000E-40 1.00000000E-40 1.00000000E-40 1.01613946E-40 4.26619819E-08 2.53332529E-05 3.84814528E-11 1.15222475E-11 4.32017875E-05 1.62755996E-03 3.29827018E-03 1.75827670E+00 1.14856597E-16 1.02417752E-18 6.32642512E-37 9.24194108E-35 9.52064705E-29 9.78953721E-28 8.92677148E-20 1.08131894E-10 2.45871117E-19 5.04953146E-25 3.36745486E-24 1.40864275E-26 3.60157016E-14 1.08310992E-13 1.26420394E-05 8.41540325E-04 3.77365915E-32 2.08486014E-34 5.22816380E-11 1.24670654E-35 4.88377844E-37 7.17419883E-28 1.00000000E-40 2.79220731E-12 2.22249542E-13 3.12273311E-07 1.76949416E-08 1.60335483E-12 9.78841128E-08 2.16290914E-12 6.54522450E-23 5.77771657E-18 4.53634575E-08 6.31261755E-31 4.66432684E-19 1.59839786E-24 6.44341882E-23 8.37867501E-32 1.00000000E-40 5.48762845E-27 3.90083365E-30 4.96277209E-11 2.33249832E-31 2.36324766E-39 1.00000000E-40 2.27616140E-35 2.53626067E-34 4.36413417E-12 1.18142089E-26 2.05234185E-27 4.07076318E-37 6.10674441E-37 1.05097465E-27 5.81555718E-33 1.34760738E-22 1.57765311E-27 1.64285970E-32 1.84072780E-13 2.89591879E-19 1.90655521E-30 1.44684000E-15 1.00000000E-05 1.00000000E-05 1.00000000E-05 1.00000000E-05 1.00000000E-05 1.00000000E-05 1.00000000E-05 1.00000000E-05 1.00000000E-05 1.00000000E-05
8.46961000E+01 9.58692000E-06 5.89415204E+14 1.17807920E+02 1.00000000E+05 1.00135685E-40 1.00000000E-40 1.00000000E-40 2.90909945E-28 2.29021341E-11 1.00000000E-40 1.00000000E-40 1.00000000E-40 1.00000000E-40 1.00687823E-40 5.16286566E-08 2.51851515E-05 4.15949156E-11 1.16541918E-11 6.30501133E-05 1.89637056E-03 3.85424235E-03 1.74653970E+00 1.06427419E-16 7.91624995E-19 1.03285679E-36 1.00000000E-40 1.00000000E-40 1.00000000E-40 8.82273827E-20 1.80696229E-10 2.10028651E-19 4.13862116E-25 2.62160568E-24 1.20863954E-26 2.17267928E-14 8.06556503E-14 1.69218014E-05 8.29678469E-04 1.00000000E-40 1.00000000E-40 6.74822970E-11 1.63257288E-35 3.36334411E-37 1.89232996E-28 2.76011896E-27 2.26392586E-12 1.21114385E-13 3.64328459E-07 1.45027665E-08 1.21428136E-12 9.32229057E-08 3.10045988E-12 6.04927557E-23 4.49542011E-18 4.93142700E-08 6.23226746E-31 4.35500294E-19 1.00000000E-40 1.00000000E-40 9.22722290E-32 1.00000000E-40 5.35065332E-27 2.47192200E-30 5.48565069E-11 1.00000000E-40 3.65907184E-38 4.48229367E-36 1.00000000E-40 6.35044909E-35 3.27553203E-12 1.46555503E-26 1.33785095E-27 3.55804743E-36 1.39801186E-37 1.00000000E-40 4.65211547E-33 1.34061918E-22 1.00000000E-40 1.00000000E-40 1.11491193E-13 2.32376005E-19 1.63335394E-30 2.12394000E-15 1.00000000E-05 1.00000000E-05 1.00000000E-05 1.00000000E-05 1.00000000E-05 1.00000000E-05 1.00000000E-05 1.00000000E-05 1.00000000E-05 1.00000000E-05
8.58806000E+01 8.07909000E-06 5.00192167E+14 1.16988259E+02 1.00000000E+05 1.00000000E-40 1.00000000E-40 1.00000000E-40 2.86193146E-28 1.50587543E-11 1.00000000E-40 1.00000000E-40 1.00000000E-40 1.00000000E-40 1.00000000E-40 6.12184114E-08 2.49880066E-05 4.20592982E-11 1.16764356E-11 8.96920081E-05 2.20544672E-03 4.49749794E-03 1.73266345E+00 9.38642101E-17 5.86190633E-19 1.56569769E-36 7.85260239E-34 6.05172191E-28 4.86543396E-27 8.70397208E-20 2.83987530E-10 1.73412743E-19 3.21080531E-25 1.94480218E-24 9.81288303E-27 1.28772179E-14 6.01216513E-14 2.19533800E-05 8.15798513E-04 3.22339713E-31 3.25788120E-33 8.39297004E-11 2.03666973E-35 2.94947598E-37 1.85407418E-29 1.00000000E-40 1.84765677E-12 6.64827993E-14 4.25729658E-07 1.19890215E-08 1.05756741E-12 8.81019955E-08 4.30015845E-12 5.43040229E-23 3.45500290E-18 5.35533829E-08 6.13913910E-31 4.02308964E-19 1.06584936E-23 4.40936616E-22 1.01723702E-31 1.00000000E-40 5.20005424E-27 1.56784205E-30 5.92369046E-11 2.72497434E-30 1.00000000E-40 1.00000000E-40 2.30404901E-34 1.95296745E-35 2.51526646E-12 1.71342839E-26 8.84134831E-28 2.74487028E-35 3.23191221E-38 6.59120838E-27 3.44176324E-33 1.33938645E-22 7.98920297E-27 3.88328424E-32 6.92230087E-14 1.87666220E-19 1.36019694E-30 3.06721000E-15 1.00000000E-05 1.00000000E-05 1.00000000E-05 1.00000000E-05 1.00000000E-05 1.00000000E-05 1.00000000E-05 1.00000000E-05 1.00000000E-05 1.00000000E-05
8.70652000E+01 6.81013000E-06 4.22082527E+14 1.16862385E+02 1.00000000E+05 1.00000000E-40 1.00000000E-40 1.00000000E-40 6.79938438E-29 9.34934940E-12 1.00000000E-40 1.00000000E-40 1.00000000E-40 1.00000000E-40 1.00000000E-40 7.14783387E-08 2.48035590E-05 4.39003529E-11 1.17275101E-11 1.27693377E-04 2.56043663E-03 5.24389229E-03 1.71820789E+00 8.32982027E-17 4.18350040E-19 2.24823353E-36 1.00000000E-40 1.00000000E-40 1.00000000E-40 8.57149246E-20 4.33052743E-10 1.34036191E-19 2.58501500E-25 1.48003730E-24 8.91805850E-27 7.24374661E-15 4.32059849E-14 2.80965257E-05 8.00216132E-04 1.00000000E-40 1.00000000E-40 1.00599084E-10 2.39432905E-35 3.86645593E-37 1.00000000E-40 1.00000000E-40 1.47431300E-12 3.58181041E-14 4.86821905E-07 1.02845907E-08 7.55851301E-13 8.26656175E-08 5.79554322E-12 4.65638436E-23 2.65315948E-18 5.80616646E-08 6.03842044E-31 3.67807879E-19 1.00000000E-40 1.00000000E-40 1.12389860E-31 1.00000000E-40 5.03967411E-27 9.26302308E-31 6.47120674E-11 1.00000000E-40 9.83833807E-40 1.00000000E-40 1.00000000E-40 1.00000000E-40 1.81646839E-12 1.87635876E-26 5.72816685E-28 1.87681045E-34 1.00000000E-40 1.00000000E-40 2.72951265E-33 1.32014895E-22 1.00000000E-40 1.00000000E-40 4.15260157E-14 1.52636929E-19 1.11825084E-30 4.35767000E-15 1.00000000E-05 1.00000000E-05 1.00000000E-05 1.00000000E-05 1.00000000E-05 1.00000000E-05 1.00000000E-05 1.00000000E-05 1.00000000E-05 1.00000000E-05
8.82497000E+01 5.74207000E-06 3.57735468E+14 1.16258094E+02 1.00000000E+05 1.00000000E-40 1.00000000E-40 1.00000000E-40 6.67730798E-29 5.90131881E-12 1.00000000E-40 1.00000000E-40 1.00000000E-40 1.00000000E-40 1.00000000E-40 8.20679176E-08 2.45819498E-05 4.40548607E-11 1.16733326E-11 1.77661248E-04 2.96516289E-03 6.10219415E-03 1.70207639E+00 7.11974736E-17 2.89344985E-19 3.05376984E-36 6.91800701E-35 4.34684045E-29 5.94922917E-28 8.42723360E-20 6.24697408E-10 1.00748733E-19 1.99778568E-25 1.08979215E-24 7.91595042E-27 3.99709616E-15 3.11274990E-14 3.50076269E-05 7.82745198E-04 2.63801266E-32 4.29740510E-34 1.16159373E-10 2.72107484E-35 5.10467404E-37 1.00000000E-40 1.00000000E-40 1.18368708E-12 1.93168084E-14 5.55165695E-07 8.82345074E-09 6.13464772E-13 7.69406002E-08 7.50524990E-12 3.82775267E-23 2.00612328E-18 6.27204890E-08 5.92491812E-31 3.32441862E-19 7.93086863E-25 3.52039340E-23 1.24409056E-31 1.00000000E-40 4.86584077E-27 5.52359445E-31 6.90558238E-11 3.14302346E-31 1.00000000E-40 1.00000000E-40 2.60703982E-35 1.00000000E-40 1.33805692E-12 1.96393618E-26 3.74998253E-28 1.11373917E-33 1.00000000E-40 4.94609897E-28 2.04629982E-33 1.31025422E-22 6.80333199E-28 2.33227938E-33 2.54624543E-14 1.25283469E-19 9.04892017E-31 6.09034000E-15 1.00000000E-05 1.00000000E-05 1.00000000E-05 1.00000000E-05 1.00000000E-05 1.00000000E-05 1.00000000E-05 1.00000000E-05 1.00000000E-05 1.00000000E-05
8.94343000E+01 4.84297000E-06 3.02564197E+14 1.15934038E+02 1.00000000E+05 1.00000000E-40 1.00000000E-40 1.00000000E-40 2.28003086E-29 3.55400163E-12 1.00000000E-40 1.00000000E-40 1.00000000E-40 1.00000000E-40 1.00000000E-40 9.29227810E-08 2.43535664E-05 4.41303058E-11 1.15823737E-11 2.45316808E-04 3.42382489E-03 7.08673796E-03 1.68485241E+00 6.04974225E-17 1.94378565E-19 3.97917288E-36 1.00000000E-40 1.00000000E-40 1.00000000E-40 8.26865901E-20 8.71813441E-10 7.26777911E-20 1.56437405E-25 8.09840259E-25 7.27119056E-27 2.13622935E-15 2.20013088E-14 4.29473331E-05 7.63340076E-04 1.00000000E-40 1.00000000E-40 1.29502080E-10 2.97621465E-35 7.41979433E-37 1.80304632E-29 2.22751588E-27 9.39489488E-13 1.03120457E-14 6.22371455E-07 7.69757168E-09 4.48932859E-13 7.10631763E-08 9.43579100E-12 3.00160747E-23 1.49941134E-18 6.74367972E-08 5.79994793E-31 2.97194110E-19 1.00000000E-40 1.00000000E-40 1.38015582E-31 1.00000000E-40 4.68068979E-27 3.17407405E-31 7.34031101E-11 1.00000000E-40 3.11015014E-38 2.35263415E-37 1.00000000E-40 6.22134764E-36 9.57338951E-13 1.96241773E-26 2.42781076E-28 5.76479318E-33 1.09089591E-38 1.00000000E-40 1.57979459E-33 1.29471016E-22 1.00000000E-40 1.00000000E-40 1.53933254E-14 1.03829121E-19 7.24001461E-31 8.37370000E-15 1.00000000E-05 1.00000000E-05 1.00000000E-05 1.00000000E-05 1.00000000E-05 1.00000000E-05 1.00000000E-05 1.00000000E-05 1.00000000E-05 1.00000000E-05
9.06189000E+01 4.08600000E-06 2.56088204E+14 1.15564782E+02 1.00000000E+05 1.00000000E-40 1.00000000E-40 1.00000000E-40 2.21643872E-29 2.11136637E-12 1.00000000E-40 1.00000000E-40 1.00000000E-40 1.00000000E-40 1.00000000E-40 1.03855782E-07 2.41127750E-05 4.36181154E-11 1.14166995E-11 3.34093718E-04 3.94162084E-03 8.21198665E-03 1.66651082E+00 5.06226493E-17 1.27608819E-19 4.99095931E-36 1.71715325E-34 9.54054183E-29 9.01216510E-28 8.09522204E-20 1.17271988E-09 5.11694100E-20 1.21660725E-25 5.99325757E-25 6.56905587E-27 1.11892627E-15 1.54547448E-14 5.17484137E-05 7.42115262E-04 6.15159927E-32 1.49880205E-33 1.39748347E-10 3.16651282E-35 8.74752096E-37 4.68434636E-30 1.00000000E-40 7.43985918E-13 5.47505166E-15 6.89654237E-07 6.74615141E-09 3.27348262E-13 6.51381359E-08 1.15271776E-11 2.25021976E-23 1.10191219E-18 7.20995325E-08 5.66213241E-31 2.62845474E-19 1.80177277E-24 7.57852713E-23 1.53468149E-31 1.00000000E-40 4.48485191E-27 1.80593046E-31 7.69147272E-11 1.05024415E-30 1.00000000E-40 1.00000000E-40 8.94049223E-35 6.72998357E-37 6.81847151E-13 1.88998826E-26 1.56825539E-28 2.58860059E-32 1.96323690E-38 1.00442336E-27 1.21086384E-33 1.27765519E-22 9.58959496E-28 1.78433200E-33 9.32118826E-15 8.69313390E-20 5.74292246E-31 1.13298000E-14 1.00000000E-05 1.00000000E-05 1.00000000E-05 1.00000000E-05 1.00000000E-05 1.00000000E-05 1.00000000E-05 1.00000000E-05 1.00000000E-05 1.00000000E-05
9.18034000E+01 3.44859000E-06 2.16996805E+14 1.15107850E+02 1.00000000E+05 1.00000000E-40 1.00000000E-40 1.00000000E-40 2.17357639E-29 1.22700241E-12 1.00000000E-40 1.00000000E-40 1.00000000E-40 1.00000000E-40 1.00000000E-40 1.14597472E-07 2.38401822E-05 4.24558185E-11 1.11425397E-11 4.48564700E-04 4.52114985E-03 9.48833621E-03 1.64641300E+00 4.16659888E-17 8.21280807E-20 6.05904299E-36 2.22386512E-34 1.19591131E-28 1.02382977E-27 7.90176013E-20 1.52620597E-09 3.54267594E-20 9.35660612E-26 4.40506035E-25 5.80550861E-27 5.79031566E-16 1.08043813E-14 6.13122391E-05 7.18833502E-04 7.68140037E-32 2.19533355E-33 1.46326588E-10 3.29522042E-35 1.20655684E-36 3.58674985E-29 7.00339730E-28 5.87734592E-13 2.90038064E-15 7.55159220E-07 5.90401294E-09 2.40935009E-13 5.92536178E-08 1.37480608E-11 1.61992500E-23 7.92257807E-19 7.65617880E-08 5.50792708E-31 2.30047453E-19 2.31122112E-24 9.62962603E-23 1.71000583E-31 1.00000000E-40 4.27795362E-27 1.02218028E-31 7.92434985E-11 1.55089493E-30 2.46346644E-38 1.00000000E-40 1.40337741E-34 1.14875725E-35 4.84949156E-13 1.76474591E-26 1.00832964E-28 1.01018746E-31 1.05382453E-38 1.22847473E-27 9.14777024E-34 1.25787869E-22 1.11090856E-27 1.45835910E-33 5.64629512E-15 7.35147365E-20 4.52198577E-31 1.50964000E-14 1.00000000E-05 1.00000000E-05 1.00000000E-05 1.00000000E-05 1.00000000E-05 1.00000000E-05 1.00000000E-05 1.00000000E-05 1.00000000E-05 1.00000000E-05
9.29880000E+01 2.91177000E-06 1.83574099E+14 1.14884749E+02 1.00000000E+05 1.00000000E-40 1.00000000E-40 1.00000000E-40 5.23081106E-30 6.82473401E-13 1.00000000E-40 1.00000000E-40 1.00000000E-40 1.00000000E-40 1.00000000E-40 1.25302876E-07 2.35804784E-05 4.09995081E-11 1.08339990E-11 5.97834712E-04 5.16950059E-03 1.09398736E-02 1.62576800E+00 3.43077851E-17 5.22233300E-20 7.17382937E-36 3.05783369E-34 1.60874439E-28 1.26038739E-27 7.69405693E-20 1.94449103E-09 2.41884854E-20 7.31705120E-26 3.28341543E-25 5.27124249E-27 2.94435140E-16 7.47960735E-15 7.18369659E-05 6.93792355E-04 9.99966222E-32 3.33237000E-33 1.49241645E-10 3.35402546E-35 1.87200755E-36 1.13062582E-28 1.68803605E-26 4.61343271E-13 1.52492314E-15 8.13155587E-07 5.21205164E-09 1.59151481E-13 5.35535790E-08 1.61119941E-11 1.12618175E-23 5.59763671E-19 8.07717923E-08 5.34019678E-31 1.99556692E-19 3.14481018E-24 1.31079427E-22 1.91195450E-31 1.00000000E-40 4.06442014E-27 5.65480442E-32 8.09235967E-11 2.42809354E-30 3.32291006E-37 3.01959940E-37 2.34895599E-34 2.71715800E-35 3.38598768E-13 1.60099497E-26 6.43416075E-29 3.44803517E-31 5.25412136E-38 1.64065805E-27 7.13963566E-34 1.23801348E-22 1.45539021E-27 1.29146072E-33 3.38288500E-15 6.27743719E-20 3.54066120E-31 1.98335000E-14 1.00000000E-05 1.00000000E-05 1.00000000E-05 1.00000000E-05 1.00000000E-05 1.00000000E-05 1.00000000E-05 1.00000000E-05 1.00000000E-05 1.00000000E-05
9.41725000E+01 2.45958000E-06 1.55777437E+14 1.14359729E+02 1.00000000E+05 1.00000000E-40 1.00000000E-40 1.00000000E-40 5.10795610E-30 3.79955564E-13 1.00000000E-40 1.00000000E-40 1.00000000E-40 1.00000000E-40 1.00000000E-40 1.35475586E-07 2.32700505E-05 3.88605382E-11 1.03844225E-11 7.83252003E-04 5.88691460E-03 1.25694734E-02 1.60278045E+00 2.76415400E-17 3.26618103E-20 8.28053798E-36 6.08144105E-35 3.10988183E-29 3.85932279E-28 7.45515949E-20 2.40316950E-09 1.65404911E-20 5.57352658E-26 2.41111131E-25 4.70315821E-27 1.50112766E-16 5.19484191E-15 8.27751689E-05 6.66700435E-04 1.94106764E-32 7.39725549E-34 1.48487555E-10 3.37459520E-35 1.10155239E-36 1.00000000E-40 1.00000000E-40 3.63096613E-13 8.04981020E-16 8.68458316E-07 4.53972095E-09 1.14282337E-13 4.80637315E-08 1.85533322E-11 7.48058011E-24 3.84632619E-19 8.45484453E-08 5.15103439E-31 1.71551088E-19 6.24476986E-25 2.66199420E-23 2.14646117E-31 1.00000000E-40 3.84132168E-27 3.17401750E-32 8.07167655E-11 5.56086018E-31 1.00000000E-40 1.00000000E-40 5.69481804E-35 1.00000000E-40 2.39902630E-13 1.42410543E-26 4.10124235E-29 1.03213560E-30 1.00000000E-40 3.18843221E-28 5.32642822E-34 1.21192035E-22 2.87508889E-28 2.95098154E-34 2.04101510E-15 5.40495617E-20 2.76077019E-31 2.57372000E-14 1.00000000E-05 1.00000000E-05 1.00000000E-05 1.00000000E-05 1.00000000E-05 1.00000000E-05 1.00000000E-05 1.00000000E-05 1.00000000E-05 1.00000000E-05
9.53571000E+01 2.07861000E-06 1.31916943E+14 1.14127197E+02 1.00000000E+05 1.00000000E-40 1.00000000E-40 1.00000000E-40 1.00000000E-40 1.98394347E-13 1.00000000E-40 1.00000000E-40 1.00000000E-40 1.00000000E-40 1.00000000E-40 1.45537308E-07 2.29735990E-05 3.64550722E-11 9.92435287E-12 1.02126495E-03 6.68023106E-03 1.44084176E-02 1.57913972E+00 2.23970274E-17 2.02926406E-20 9.40222237E-36 1.00000000E-40 1.00000000E-40 1.00000000E-40 7.19720393E-20 2.93372923E-09 1.13028445E-20 4.32687837E-26 1.79981759E-25 4.23315242E-27 7.56113297E-17 3.57299370E-15 9.46154717E-05 6.37782503E-04 1.00000000E-40 1.00000000E-40 1.44696477E-10 3.33925357E-35 1.62620821E-36 7.84441880E-30 1.00000000E-40 2.83788140E-13 4.22720772E-16 9.11413619E-07 3.98332086E-09 7.14769918E-14 4.29073749E-08 2.11635106E-11 4.80566880E-24 2.59402302E-19 8.78975186E-08 4.94467947E-31 1.46466510E-19 1.00000000E-40 1.00000000E-40 2.43097753E-31 1.00000000E-40 3.61389411E-27 1.73924861E-32 7.98260628E-11 1.00000000E-40 1.00000000E-40 5.23106985E-37 1.00000000E-40 8.39723830E-36 1.66499055E-13 1.24035738E-26 2.59642479E-29 2.74247103E-30 1.00000000E-40 1.00000000E-40 4.14264947E-34 1.18590398E-22 1.00000000E-40 1.00000000E-40 1.21318034E-15 4.68785879E-20 2.14280017E-31 3.30657000E-14 1.00000000E-05 1.00000000E-05 1.00000000E-05 1.00000000E-05 1.00000000E-05 1.00000000E-05 1.00000000E-05 1.00000000E-05 1.00000000E-05 1.00000000E-05
9.65417000E+01 1.75757000E-06 1.11955745E+14 1.13705890E+02 1.00000000E+05 1.00000000E-40 1.00000000E-40 1.00000000E-40 1.00000000E-40 1.03184896E-13 1.00000000E-40 1.00000000E-40 1.00000000E-40 1.00000000E-40 1.00000000E-40 1.55142233E-07 2.26417883E-05 3.36659362E-11 9.38314350E-12 1.31459671E-03 7.54999653E-03 1.64619576E-02 1.55346555E+00 1.78989138E-17 1.26390386E-20 1.04859483E-35 7.32356774E-35 1.00000000E-40 1.00000000E-40 6.90961001E-20 3.50456121E-09 7.80613382E-21 3.31109986E-26 1.33200070E-25 3.74982469E-27 3.81919052E-17 2.46018159E-15 1.06700092E-04 6.07072632E-04 1.00000000E-40 1.00000000E-40 1.38262882E-10 3.27557587E-35 1.63402017E-36 1.00000000E-40 1.00000000E-40 2.22131132E-13 2.22678037E-16 9.48197202E-07 3.45920168E-09 4.65780849E-14 3.80903192E-08 2.38855605E-11 3.07169193E-24 1.70679740E-19 9.06908131E-08 4.71455502E-31 1.24204808E-19 1.00000000E-40 1.00000000E-40 2.79346781E-31 1.00000000E-40 3.37967184E-27 9.61878466E-33 7.73933628E-11 1.00000000E-40 7.31172895E-37 1.00000000E-40 1.00000000E-40 6.75188684E-36 1.16515264E-13 1.06521260E-26 1.64671540E-29 6.50995044E-30 1.00000000E-40 1.00000000E-40 3.14154840E-34 1.15855515E-22 1.00000000E-40 1.00000000E-40 7.22802332E-16 4.08667193E-20 1.65735038E-31 4.21947000E-14 1.00000000E-05 1.00000000E-05 1.00000000E-05 1.00000000E-05 1.00000000E-05 1.00000000E-05 1.00000000E-05 1.00000000E-05 1.00000000E-05 1.00000000E-05
9.77262000E+01 1.48698000E-06 9.49979736E+13 1.13372442E+02 1.00000000E+05 1.00000000E-40 1.00000000E-40 1.00000000E-40 1.00000000E-40 5.12794335E-14 1.00000000E-40 1.00000000E-40 1.00000000E-40 1.00000000E-40 1.00000000E-40 1.64528308E-07 2.22971665E-05 3.06674123E-11 8.82060244E-12 1.68011804E-03 8.49799524E-03 1.87520989E-02 1.52626153E+00 1.42892922E-17 7.87312431E-21 1.15439334E-35 1.15554132E-33 1.00000000E-40 1.00000000E-40 6.59257867E-20 4.13665884E-09 5.46375200E-21 2.54282430E-26 9.90966988E-26 3.26360749E-27 1.92404823E-17 1.68596365E-15 1.19225555E-04 5.74591524E-04 1.00000000E-40 1.00000000E-40 1.29870518E-10 3.17941987E-35 4.86549864E-36 2.88420921E-28 1.68864888E-26 1.73330364E-13 1.17350515E-16 9.73222753E-07 2.99740001E-09 2.84864813E-14 3.36585598E-08 2.68174908E-11 1.80432494E-24 1.09948417E-19 9.29133418E-08 4.46061312E-31 1.04747672E-19 1.00000000E-40 1.00000000E-40 3.28877880E-31 1.00000000E-40 3.13993785E-27 5.27165308E-33 7.40167810E-11 1.00000000E-40 8.89286365E-37 4.11407387E-37 1.00000000E-40 4.78923787E-35 8.08910007E-14 9.02668055E-27 1.04366370E-29 1.39608353E-29 2.93708386E-38 1.00000000E-40 2.41458930E-34 1.13021633E-22 1.00000000E-40 1.00000000E-40 4.26884783E-16 3.57407190E-20 1.27620939E-31 5.37409000E-14 1.00000000E-05 1.00000000E-05 1.00000000E-05 1.00000000E-05 1.00000000E-05 1.00000000E-05 1.00000000E-05 1.00000000E-05 1.00000000E-05 1.00000000E-05
9.89108000E+01 1.25886000E-06 8.06479395E+13 1.13057890E+02 1.00000000E+05 1.00000000E-40 1.00000000E-40 1.00000000E-40 1.00000000E-40 2.47468546E-14 1.00000000E-40 1.00000000E-40 1.00000000E-40 1.00000000E-40 1.00000000E-40 1.73862872E-07 2.19453712E-05 2.75564572E-11 8.25668327E-12 2.13194854E-03 9.52650380E-03 2.12994111E-02 1.49770048E+00 1.13849898E-17 5.13869772E-21 1.25648184E-35 9.31047526E-33 3.35007933E-30 1.27890146E-28 6.24492553E-20 4.82474591E-09 3.89158998E-21 2.09414163E-26 7.92541532E-26 2.78542364E-27 9.68630466E-18 1.15184991E-15 1.31912532E-04 5.40716598E-04 1.71057966E-33 9.27779279E-35 1.20125707E-10 3.05948720E-35 4.12835573E-36 1.81103144E-28 6.54563798E-27 1.35141185E-13 6.19465821E-17 9.88102377E-07 2.58765347E-09 1.67641480E-14 2.96266549E-08 2.99861761E-11 1.08668422E-24 6.95137160E-20 9.45553696E-08 4.18144010E-31 8.79146069E-20 6.74799366E-26 2.98679770E-24 4.00874271E-31 1.00000000E-40 2.89433793E-27 2.87878222E-33 6.97962284E-11 8.82920835E-32 5.65856620E-37 1.00000000E-40 2.48418126E-34 1.00000000E-40 5.59481642E-14 7.56734789E-27 6.66136692E-30 2.73157865E-29 7.46611204E-38 3.20029120E-29 1.86580045E-34 1.10147350E-22 1.71474987E-29 3.05102111E-35 2.50985776E-16 3.12930965E-20 9.78225201E-32 6.88593000E-14 1.00000000E-05 1.00000000E-05 1.00000000E-05 1.00000000E-05 1.00000000E-05 1.00000000E-05 1.00000000E-05 1.00000000E-05 1.00000000E-05 1.00000000E-05
1.00095000E+02 1.06648000E-06 6.85682049E+13 1.12654009E+02 1.00000000E+05 1.00000000E-40 1.00000000E-40 1.00000000E-40 1.00000000E-40 1.16823157E-14 1.00000000E-40 1.00000000E-40 1.00000000E-40 1.00000000E-40 1.00000000E-40 1.82958842E-07 2.15518303E-05 2.43972194E-11 7.67365664E-12 2.68389973E-03 1.06254218E-02 2.40991453E-02 1.46660764E+00 8.99347168E-18 3.37029309E-21 1.35650418E-35 5.06632770E-32 1.29819291E-30 9.44141499E-29 5.85587641E-20 5.55604644E-09 2.82198784E-21 1.44063133E-26 5.29472691E-26 2.32497417E-27 4.88407860E-18 7.83263979E-16 1.44306690E-04 5.05452521E-04 7.26524021E-34 3.99392498E-35 1.09475419E-10 2.92828928E-35 6.02350992E-36 2.96614129E-28 7.58614040E-27 1.05177391E-13 3.28074054E-17 9.93886097E-07 2.21625685E-09 9.91834467E-15 2.59710015E-08 3.34423685E-11 6.43545642E-25 4.30724635E-20 9.55354813E-08 3.87197274E-31 7.33884120E-20 6.71492921E-27 2.86890943E-25 5.08778009E-31 1.00000000E-40 2.63958840E-27 1.56995531E-33 6.47822638E-11 3.98823751E-32 4.57488474E-36 1.68576833E-37 1.48103972E-33 9.90936246E-35 3.86526095E-14 6.28968712E-27 4.28270247E-30 4.91742590E-29 4.17539910E-38 2.96863498E-30 1.42298060E-34 1.07065593E-22 1.80410539E-30 1.58607414E-35 1.46981777E-16 2.73511180E-20 7.43810958E-32 8.99078000E-14 1.00000000E-05 1.00000000E-05 1.00000000E-05 1.00000000E-05 1.00000000E-05 1.00000000E-05 1.00000000E-05 1.00000000E-05 1.00000000E-05 1.00000000E-05
1.01280000E+02 9.04203000E-07 5.82601222E+13 1.12411636E+02 1.00000000E+05 1.00000000E-40 1.00000000E-40 1.00000000E-40 1.00000000E-40 5.23925730E-15 1.00000000E-40 1.00000000E-40 1.00000000E-40 1.00000000E-40 1.00000000E-40 1.92547555E-07 2.11745282E-05 2.13182256E-11 7.14910268E-12 3.37096828E-03 1.17987960E-02 2.71969339E-02 1.43489718E+00 7.14865080E-18 2.28045801E-21 1.47016336E-35 2.14782929E-31 2.82247855E-30 9.51912567E-29 5.43275137E-20 6.36764438E-09 2.08846394E-21 1.16247386E-26 4.09959879E-26 1.89635238E-27 2.44993335E-18 5.28499748E-16 1.56583293E-04 4.69520244E-04 1.35813543E-33 8.79334999E-35 9.85701423E-11 2.80318610E-35 1.59404645E-35 9.28265562E-28 3.53182732E-26 8.16362796E-14 1.73787032E-17 9.88288644E-07 1.90187429E-09 5.34722230E-15 2.27145074E-08 3.73273304E-11 4.32486521E-25 2.63908377E-20 9.59801699E-08 3.53648446E-31 6.09837399E-20 1.00000000E-40 1.00000000E-40 6.71794612E-31 1.00000000E-40 2.37782123E-27 8.42698563E-34 5.95709199E-11 9.47080999E-32 4.58887090E-36 4.31819614E-37 7.14013293E-33 2.41532053E-34 2.63327493E-14 5.19480036E-27 2.79673376E-30 8.22443224E-29 1.24108227E-37 1.00000000E-40 1.11412574E-34 1.03964969E-22 1.00000000E-40 1.53575462E-35 8.54057509E-17 2.38353233E-20 5.60601198E-32 1.21736000E-13 1.00000000E-05 1.00000000E-05 1.00000000E-05 1.00000000E-05 1.00000000E-05 1.00000000E-05 1.00000000E-05 1.00000000E-05 1.00000000E-05 1.00000000E-05
1.02464000E+02 7.67278000E-07 4.96189473E+13 1.12001004E+02 1.00000000E+05 1.00000000E-40 1.00000000E-40 1.00000000E-40 1.00000000E-40 2.33681190E-15 1.00000000E-40 1.00000000E-40 1.00000000E-40 1.00000000E-40 1.00000000E-40 2.02146091E-07 2.07493473E-05 1.83304201E-11 6.62906030E-12 4.21103774E-03 1.30178481E-02 3.05543528E-02 1.40030134E+00 5.60853038E-18 1.60428477E-21 1.62484243E-35 7.19862293E-31 1.10910238E-29 1.01092794E-28 4.96350900E-20 7.21504581E-09 1.56944411E-21 8.73883057E-27 2.92538728E-26 1.50650930E-27 1.22780259E-18 3.52892945E-16 1.67687653E-04 4.33134754E-04 4.57379351E-33 3.37816218E-34 8.76293847E-11 2.73085665E-35 2.50917599E-35 1.33817549E-27 4.00808992E-26 6.31383805E-14 9.22705552E-18 9.77413335E-07 1.61967330E-09 2.98995157E-15 1.97982179E-08 4.16642489E-11 2.81532207E-25 1.59513020E-20 9.57577149E-08 3.16927646E-31 5.02983267E-20 8.77350117E-27 4.05423787E-25 9.10332892E-31 1.00000000E-40 2.10471085E-27 4.49800749E-34 5.40557602E-11 3.91527964E-31 1.35938549E-35 1.79470787E-37 2.70011340E-32 5.88853214E-34 1.78714618E-14 4.29013015E-27 1.87758545E-30 1.28381108E-28 1.13178208E-37 3.96269236E-30 8.49801830E-35 1.00698443E-22 4.15946256E-30 1.09794361E-35 4.95670711E-17 2.06390650E-20 4.15734594E-32 1.73767000E-13 1.00000000E-05 1.00000000E-05 1.00000000E-05 1.00000000E-05 1.00000000E-05 1.00000000E-05 1.00000000E-05 1.00000000E-05 1.00000000E-05 1.00000000E-05
1.03649000E+02 6.51701000E-07 4.22573071E+13 1.11702601E+02 1.00000000E+05 1.00000000E-40 1.00000000E-40 1.00000000E-40 1.00000000E-40 9.84850678E-16 1.00000000E-40 1.00000000E-40 1.00000000E-40 1.00000000E-40 1.00000000E-40 2.12347836E-07 2.03198662E-05 1.55105229E-11 6.16442243E-12 5.26453420E-03 1.42649678E-02 3.41990075E-02 1.36436934E+00 4.40238532E-18 1.18013790E-21 1.87990204E-35 1.95428162E-30 2.44580972E-29 8.21565093E-29 4.45698405E-20 8.16724150E-09 1.20257042E-21 1.43751882E-26 4.92144465E-26 1.16489671E-27 6.08798321E-19 2.31725524E-16 1.77875586E-04 3.96830576E-04 9.24753980E-33 7.42495405E-34 7.71318722E-11 2.75601614E-35 2.35047299E-35 1.01414036E-27 1.60615952E-26 4.84516448E-14 4.88729375E-18 9.57653567E-07 1.38189346E-09 1.55267888E-15 1.72226531E-08 4.67656948E-11 8.17608168E-26 9.57574151E-21 9.49911143E-08 2.77799055E-31 4.11336497E-20 1.00000000E-40 1.00000000E-40 1.24511717E-30 1.00000000E-40 1.82422043E-27 2.33628377E-34 4.87174047E-11 9.31763179E-31 1.00000000E-40 1.00000000E-40 8.25365572E-32 2.04008005E-34 1.18764749E-14 3.57732709E-27 1.32477133E-30 1.88105245E-28 1.64866294E-37 1.00000000E-40 6.58387580E-35 9.73963804E-23 1.00000000E-40 2.69073670E-36 2.84989153E-17 1.77380860E-20 3.02067291E-32 2.62761000E-13 1.00000000E-05 1.00000000E-05 1.00000000E-05 1.00000000E-05 1.00000000E-05 1.00000000E-05 1.00000000E-05 1.00000000E-05 1.00000000E-05 1.00000000E-05
1.04834000E+02 5.54103000E-07 3.60301642E+13 1.11388660E+02 1.00000000E+05 1.00000000E-40 1.00000000E-40 1.00000000E-40 1.00000000E-40 4.00401713E-16 1.00000000E-40 1.00000000E-40 1.00000000E-40 1.00000000E-40 1.00000000E-40 2.23070823E-07 1.98716305E-05 1.28857134E-11 5.73383421E-12 6.58876430E-03 1.54968342E-02 3.81022531E-02 1.32658824E+00 3.42875645E-18 9.27571909E-22 2.29864236E-35 4.39829277E-30 4.68978652E-29 1.18731951E-28 3.91846180E-20 9.24220156E-09 9.40952244E-22 1.00000000E-40 1.00000000E-40 8.75176816E-28 2.97864006E-19 1.49123961E-16 1.86638137E-04 3.61068662E-04 1.62659092E-32 1.40517153E-33 6.73131076E-11 2.90584160E-35 4.72780483E-35 1.68158583E-27 5.85947181E-26 3.68097102E-14 2.57686554E-18 9.32351672E-07 1.17815793E-09 7.82497920E-16 1.49520228E-08 5.29402788E-11 4.83006068E-26 5.71617270E-21 9.36738790E-08 2.36991264E-31 3.32460632E-20 1.00000000E-40 1.00000000E-40 1.68892596E-30 1.00000000E-40 1.54010099E-27 1.17943135E-34 4.36348834E-11 1.91023417E-30 2.63553982E-35 8.98363294E-38 2.09040817E-31 6.39342119E-34 7.73996910E-15 3.04906321E-27 1.01720939E-30 2.59390470E-28 9.28958319E-38 1.00000000E-40 5.07349823E-35 9.40401123E-23 1.00000000E-40 8.33782492E-36 1.62598320E-17 1.50988947E-20 2.13506077E-32 4.15812000E-13 1.00000000E-05 1.00000000E-05 1.00000000E-05 1.00000000E-05 1.00000000E-05 1.00000000E-05 1.00000000E-05 1.00000000E-05 1.00000000E-05 1.00000000E-05
1.06018000E+02 4.71639000E-07 3.07563593E+13 1.11068652E+02 1.00000000E+05 1.00000000E-40 1.00000000E-40 1.00000000E-40 1.00000000E-40 1.55410346E-16 1.00000000E-40 1.00000000E-40 1.00000000E-40 1.00000000E-40 1.00000000E-40 2.34138066E-07 1.93948212E-05 1.04882786E-11 5.31157390E-12 8.25646447E-03 1.66513112E-02 4.22111007E-02 1.28658714E+00 2.64447723E-18 7.84937017E-22 2.92307446E-35 8.39114512E-30 8.34968348E-29 1.18365106E-28 3.36219917E-20 1.05167506E-08 7.58397874E-22 8.05147470E-28 2.54048180E-27 6.37963830E-28 1.43289872E-19 9.38755096E-17 1.93969144E-04 3.25889411E-04 2.67268101E-32 2.50185500E-33 5.83568529E-11 3.14742514E-35 1.00000000E-40 1.00000000E-40 1.00000000E-40 2.75833154E-14 1.34908976E-18 8.99503496E-07 1.00113772E-09 3.79797085E-16 1.29557618E-08 6.08621169E-11 2.78767002E-26 3.38236310E-21 9.18087422E-08 1.95915498E-31 2.64710716E-20 4.79975046E-27 2.56563407E-25 2.24371605E-30 1.00000000E-40 1.26033780E-27 5.74379737E-35 3.88398637E-11 3.66563197E-30 1.18008763E-35 3.49157686E-38 4.49009814E-31 1.99450474E-34 4.93588626E-15 2.67689848E-27 8.70499334E-31 3.37340687E-28 4.71994659E-38 2.30900855E-30 3.88855542E-35 9.06201555E-23 2.77661647E-30 5.12648022E-36 9.14810837E-18 1.27058270E-20 1.45949468E-32 6.72942000E-13 1.00000000E-05 1.00000000E-05 1.00000000E-05 1.00000000E-05 1.00000000E-05 1.00000000E-05 1.00000000E-05 1.00000000E-05 1.00000000E-05 1.00000000E-05
1.07203000E+02 4.01911000E-07 2.62661007E+13 1.10828385E+02 1.00000000E+05 1.00000000E-40 1.00000000E-40 1.00000000E-40 1.00000000E-40 5.67700270E-17 1.00000000E-40 1.00000000E-40 1.00000000E-40 1.00000000E-40 1.00000000E-40 2.45795079E-07 1.89223414E-05 8.36605740E-12 4.89640939E-12 1.03605264E-02 1.76783380E-02 4.65135016E-02 1.24589650E+00 2.03296992E-18 7.24415051E-22 3.73890988E-35 1.38625393E-29 1.23154156E-28 1.83533798E-28 2.81452273E-20 1.21251966E-08 6.37209735E-22 2.08885732E-26 6.50286849E-26 4.51406144E-28 6.77084799E-20 5.80597220E-17 2.00326105E-04 2.91633634E-04 3.69892451E-32 3.80023713E-33 5.04467424E-11 3.38651073E-35 3.15606059E-35 4.87831012E-28 5.42473353E-28 2.03954557E-14 7.01074738E-19 8.57186734E-07 8.46763397E-10 1.70717261E-16 1.12242078E-08 7.16841076E-11 5.87341639E-26 1.98146356E-21 8.95330395E-08 1.56712563E-31 2.07395122E-20 7.68791024E-26 3.60195096E-24 2.91445971E-30 1.00000000E-40 9.97413792E-28 2.68828077E-35 3.44042548E-11 5.95753440E-30 1.00000000E-40 1.00000000E-40 8.36172106E-31 1.48989578E-34 3.08274983E-15 2.41231070E-27 8.21551857E-31 4.15385376E-28 6.96264766E-38 3.17262763E-29 3.01209544E-35 8.72532340E-23 2.22892085E-29 4.17532592E-36 5.05652430E-18 1.05680898E-20 9.64174137E-33 1.08875000E-12 1.00000000E-05 1.00000000E-05 1.00000000E-05 1.00000000E-05 1.00000000E-05 1.00000000E-05 1.00000000E-05 1.00000000E-05 1.00000000E-05 1.00000000E-05
1.08387000E+02 3.42899000E-07 2.24741633E+13 1.10509446E+02 1.00000000E+05 1.00000000E-40 1.00000000E-40 1.00000000E-40 1.00000000E-40 1.99728471E-17 1.00000000E-40 1.00000000E-40 1.00000000E-40 1.00000000E-40 1.00000000E-40 2.57147260E-07 1.84136259E-05 6.53308503E-12 4.43332065E-12 1.29484040E-02 1.84849782E-02 5.08571476E-02 1.20292952E+00 1.54157004E-18 6.73791278E-22 4.65317639E-35 2.02181331E-29 1.51999810E-28 1.93977933E-28 2.29573137E-20 1.41773856E-08 5.62139881E-22 3.01341091E-27 6.34770509E-27 3.09607564E-28 3.15302311E-20 3.54295172E-17 2.05593490E-04 2.58002570E-04 4.81290410E-32 5.73552895E-33 4.35242690E-11 3.51382115E-35 5.68665518E-35 6.48584619E-28 1.00000000E-40 1.48538651E-14 3.62062814E-19 8.03760552E-07 7.05709280E-10 7.51492947E-17 9.71930157E-09 8.72958173E-11 1.52536147E-26 1.13580473E-21 8.67638337E-08 1.21076406E-31 1.59535960E-20 1.00000000E-40 1.00000000E-40 3.73900343E-30 1.00000000E-40 7.61139588E-28 1.21766215E-35 3.01630636E-11 9.36617588E-30 1.00000000E-40 1.00000000E-40 1.37242426E-30 5.16751176E-34 1.90578349E-15 2.20005139E-27 8.17015386E-31 4.85478897E-28 2.12318161E-38 1.00000000E-40 2.29980201E-35 8.38314451E-23 7.96030428E-30 3.60338068E-36 2.73002417E-18 8.66985890E-21 6.14112369E-33 1.73290000E-12 1.00000000E-05 1.00000000E-05 1.00000000E-05 1.00000000E-05 1.00000000E-05 1.00000000E-05 1.00000000E-05 1.00000000E-05 1.00000000E-05 1.00000000E-05
1.09572000E+02 2.92899000E-07 1.92371597E+13 1.10279212E+02 1.00000000E+05 1.00000000E-40 1.00000000E-40 1.00000000E-40 1.00000000E-40 6.56455689E-18 1.00000000E-40 1.00000000E-40 1.00000000E-40 1.00000000E-40 1.00000000E-40 2.68252962E-07 1.79046324E-05 5.01346041E-12 3.93907121E-12 1.60842998E-02 1.90313125E-02 5.52050036E-02 1.15952774E+00 1.16789332E-18 6.09397963E-22 5.54452890E-35 2.65774379E-29 1.55976725E-28 1.00156577E-28 1.83192294E-20 1.69252013E-08 5.25583305E-22 1.00000000E-40 1.00000000E-40 2.06169932E-28 1.45094144E-20 2.15306374E-17 2.10480507E-04 2.25192818E-04 1.27860450E-31 2.18983617E-32 3.76005227E-11 3.46107509E-35 4.90132558E-35 3.58640706E-28 2.62771404E-31 1.06832071E-14 1.86446155E-19 7.36034269E-07 5.78550561E-10 3.04410899E-17 8.43614484E-09 1.11218803E-10 1.02572589E-26 6.33996494E-22 8.36604837E-08 9.06648080E-32 1.20771913E-20 1.00000000E-40 1.00000000E-40 4.83776653E-30 1.00000000E-40 5.61157148E-28 5.33847825E-36 2.61400084E-11 3.60698439E-29 1.00000000E-40 1.00000000E-40 2.02976152E-30 4.47688656E-34 1.16916746E-15 2.00259006E-27 8.22695285E-31 5.42049153E-28 9.11084194E-39 1.00000000E-40 1.78528104E-35 8.04820248E-23 1.00000000E-40 1.29179790E-36 1.43092625E-18 7.02030467E-21 3.79339553E-33 2.68958000E-12 1.00000000E-05 1.00000000E-05 1.00000000E-05 1.00000000E-05 1.00000000E-05 1.00000000E-05 1.00000000E-05 1.00000000E-05 1.00000000E-05 1.00000000E-05
1.10756000E+02 2.50479000E-07 1.64858349E+13 1.10046717E+02 1.00000000E+05 1.00000000E-40 1.00000000E-40 1.00000000E-40 1.00000000E-40 2.07280555E-18 1.00000000E-40 1.00000000E-40 1.00000000E-40 1.00000000E-40 1.00000000E-40 2.78477939E-07 1.73869414E-05 3.79680341E-12 3.41389408E-12 1.97562618E-02 1.92788673E-02 5.94325828E-02 1.11556675E+00 8.81427086E-19 5.82332788E-22 6.30041364E-35 3.21103683E-29 1.66249043E-28 9.91994190E-29 1.43699700E-20 2.05781515E-08 5.20204244E-22 1.00000000E-40 1.00000000E-40 1.33373443E-28 6.63900422E-21 1.31350685E-17 2.14893905E-04 1.93437820E-04 1.24525091E-30 2.77066804E-31 3.25358582E-11 3.22976035E-35 8.39119087E-35 4.64948224E-28 1.00000000E-40 7.60855505E-15 9.61879680E-20 6.56480763E-07 4.63909297E-10 1.17616901E-17 7.35307255E-09 1.48824325E-10 7.25814719E-27 3.42520291E-22 8.02422329E-08 6.60939722E-32 9.02347528E-21 1.00000000E-40 1.00000000E-40 6.05371513E-30 1.00000000E-40 4.00769844E-28 2.29481207E-36 2.23020148E-11 4.51956327E-28 1.94560171E-37 1.14989320E-33 2.75402236E-30 4.20243673E-34 7.20123299E-16 1.80366696E-27 8.20969852E-31 5.81517994E-28 8.32976553E-39 1.00000000E-40 2.19694661E-32 7.71903181E-23 1.00000000E-40 8.84130193E-37 7.28017319E-19 5.60847360E-21 2.28401584E-33 4.05769000E-12 1.00000000E-05 1.00000000E-05 1.00000000E-05 1.00000000E-05 1.00000000E-05 1.00000000E-05 1.00000000E-05 1.00000000E-05 1.00000000E-05 1.00000000E-05
1.11941000E+02 2.14441000E-07 1.41444825E+13 1.09808884E+02 1.00000000E+05 1.00000000E-40 1.00000000E-40 1.00000000E-40 1.00000000E-40 6.37988227E-19 1.00000000E-40 1.00000000E-40 1.00000000E-40 1.00000000E-40 1.00000000E-40 2.87199319E-07 1.68560006E-05 2.85749811E-12 2.88017975E-12 2.38938347E-02 1.92241434E-02 6.34145538E-02 1.07106739E+00 6.63554321E-19 5.62394238E-22 7.15675464E-35 3.63933895E-29 1.90160431E-28 2.32203156E-28 1.11647284E-20 2.54106355E-08 5.42607396E-22 1.00000000E-40 1.00000000E-40 8.39099113E-29 3.03830444E-21 8.09694237E-18 2.18700614E-04 1.63048304E-04 1.48473535E-29 3.83223849E-30 2.81698648E-11 2.87573183E-35 4.44633081E-35 1.54059092E-28 5.77277363E-30 5.37999246E-15 4.99976973E-20 5.68029377E-07 3.62919838E-10 4.40171065E-18 6.45168918E-09 2.06833271E-10 5.80681107E-27 1.78441382E-22 7.65386261E-08 4.72448501E-32 6.69067061E-21 1.00000000E-40 4.01652675E-25 4.51226868E-30 1.62611589E-37 2.78700706E-28 9.76869523E-37 1.86528914E-11 5.98282427E-27 5.80319764E-39 3.08623607E-39 3.49577283E-30 3.10394508E-34 4.48284852E-16 1.60781794E-27 8.09816478E-31 6.03166621E-28 2.26382899E-39 3.22590025E-30 1.09564877E-35 7.39445302E-23 3.62187149E-29 1.42983867E-36 3.59198701E-19 4.42028996E-21 1.35077807E-33 5.95737000E-12 1.00000000E-05 1.00000000E-05 1.00000000E-05 1.00000000E-05 1.00000000E-05 1.00000000E-05 1.00000000E-05 1.00000000E-05 1.00000000E-05 1.00000000E-05
1.13126000E+02 1.83778000E-07 1.21435516E+13 1.09613619E+02 1.00000000E+05 1.00000000E-40 1.00000000E-40 1.00000000E-40 1.00000000E-40 1.94593247E-19 1.00000000E-40 1.00000000E-40 1.00000000E-40 1.00000000E-40 1.00000000E-40 2.94159247E-07 1.63266006E-05 2.16135130E-12 2.37878059E-12 2.83906696E-02 1.89205207E-02 6.70940979E-02 1.02698651E+00 5.01105618E-19 4.49085842E-22 5.96358785E-33 3.95522661E-29 1.31493033E-28 1.00000000E-40 8.69208633E-21 3.17415235E-08 5.91366109E-22 6.79596681E-27 4.43952502E-27 5.14521375E-29 1.39885185E-21 5.07497424E-18 2.21754355E-04 1.34638985E-04 2.54717977E-27 6.05220887E-29 2.43675400E-11 2.47434536E-35 2.70716623E-35 5.58234336E-29 1.00000000E-40 3.79564237E-15 2.63791580E-20 4.76421852E-07 2.77721606E-10 1.60207471E-18 5.71992275E-09 2.89873544E-10 5.36830620E-27 8.99403694E-23 7.26492710E-08 3.34863404E-32 4.96985290E-21 1.00000000E-40 1.00000000E-40 4.10670806E-30 1.00000000E-40 1.90371042E-28 4.16224403E-37 1.52690999E-11 6.58701245E-26 1.00000000E-40 1.00000000E-40 4.23408091E-30 2.39164571E-34 2.83253099E-16 1.42991651E-27 7.97456645E-31 6.09045819E-28 6.05824681E-40 1.00000000E-40 8.73822340E-36 7.07932137E-23 1.00000000E-40 1.00000000E-40 1.72731845E-19 3.44030600E-21 7.93326471E-34 8.56132000E-12 1.00000000E-05 1.00000000E-05 1.00000000E-05 1.00000000E-05 1.00000000E-05 1.00000000E-05 1.00000000E-05 1.00000000E-05 1.00000000E-05 1.00000000E-05
1.14310000E+02 1.57651000E-07 1.04356118E+13 1.09419703E+02 1.00000000E+05 1.00000000E-40 1.00000000E-40 1.00000000E-40 1.00000000E-40 6.13362144E-20 1.00000000E-40 1.00000000E-40 1.00000000E-40 1.00000000E-40 1.00000000E-40 2.98818699E-07 1.57945947E-05 1.66820806E-12 1.93828589E-12 3.30656871E-02 1.84422965E-02 7.03760534E-02 9.83313003E-01 3.79054812E-19 5.31654662E-22 5.65003788E-28 4.23056943E-29 1.88037204E-28 2.43757066E-28 6.89595540E-21 3.97955838E-08 6.63950420E-22 7.48963144E-27 6.12861192E-26 3.07986517E-29 6.51775003E-22 3.24437388E-18 2.23528711E-04 1.08806971E-04 8.12380854E-24 7.35129016E-27 2.09891858E-11 5.00775289E-34 1.96921757E-35 2.49006308E-29 4.68341739E-30 2.68343573E-15 1.42686782E-20 3.88250505E-07 2.09026932E-10 5.93894318E-19 5.14054670E-09 3.94821889E-10 5.47184087E-27 4.41677253E-23 6.86129078E-08 2.38941311E-32 3.74621533E-21 1.06546877E-25 5.48497499E-24 3.93447975E-30 1.00000000E-40 1.29290192E-28 1.80319330E-37 1.22102689E-11 5.90508401E-25 3.04841314E-39 1.00000000E-40 5.03663235E-30 1.88884298E-34 1.82538535E-16 1.28714187E-27 8.04704731E-31 6.01888517E-28 1.91017243E-40 4.25145159E-29 7.05948292E-36 6.77277502E-23 3.94886133E-29 7.29469497E-37 8.18003412E-20 2.64508941E-21 4.68650513E-34 1.21986000E-11 1.00000000E-05 1.00000000E-05 1.00000000E-05 1.00000000E-05 1.00000000E-05 1.00000000E-05 1.00000000E-05 1.00000000E-05 1.00000000E-05 1.00000000E-05
1.15495000E+02 1.35356000E-07 8.97492682E+12 1.09235377E+02 1.00000000E+05 1.00000000E-40 1.00000000E-40 1.00000000E-40 1.00000000E-40 2.05355754E-20 1.00000000E-40 1.00000000E-40 1.00000000E-40 1.00000000E-40 1.00000000E-40 3.00754158E-07 1.52609409E-05 1.34286872E-12 1.58435525E-12 3.77098739E-02 1.78907201E-02 7.31945787E-02 9.40265800E-01 2.87372748E-19 5.35951530E-22 4.62893038E-23 8.12922127E-29 1.92485143E-28 2.55713873E-28 5.68978985E-21 4.96824640E-08 7.55610126E-22 6.44507444E-27 4.21347597E-26 1.80317156E-29 3.09826927E-22 2.11795407E-18 2.23485966E-04 8.61823531E-05 2.34898472E-20 2.55551257E-24 1.79500598E-11 1.50799704E-28 1.65064971E-35 1.40449712E-29 6.62871011E-30 1.90994398E-15 8.07533398E-21 3.08461513E-07 1.56639211E-10 2.35510300E-19 4.69943594E-09 5.07727961E-10 5.59190974E-27 2.14638365E-23 6.44942793E-08 1.75723588E-32 2.92038094E-21 1.76829099E-25 8.03300897E-24 3.79646450E-30 1.00000000E-40 8.90787965E-29 8.09793048E-38 9.52796739E-12 4.30651732E-24 2.23850828E-38 1.00000000E-40 6.03221099E-30 2.76176969E-34 1.20073747E-16 1.19919741E-27 8.64432304E-31 5.84806581E-28 1.00000000E-40 6.12173563E-29 5.77450591E-36 6.47406837E-23 2.27539635E-32 5.43108665E-37 3.88682833E-20 2.01044369E-21 2.84127413E-34 1.76558000E-11 1.00000000E-05 1.00000000E-05 1.00000000E-05 1.00000000E-05 1.00000000E-05 1.00000000E-05 1.00000000E-05 1.00000000E-05 1.00000000E-05 1.00000000E-05
1.16679000E+02 1.16305000E-07 7.72267309E+12 1.09080583E+02 1.00000000E+05 1.00000000E-40 1.00000000E-40 1.00000000E-40 1.00000000E-40 7.18677465E-21 1.00000000E-40 1.00000000E-40 1.00000000E-40 1.00000000E-40 1.00000000E-40 2.99533570E-07 1.47285872E-05 1.15850944E-12 1.34608388E-12 4.20977714E-02 1.73778722E-02 7.54990409E-02 8.98157104E-01 2.18485515E-19 5.81704550E-22 2.73226779E-18 1.95575723E-24 2.59200853E-28 5.39605580E-28 5.01297297E-21 6.12141469E-08 8.55664527E-22 1.00000000E-40 1.00000000E-40 1.03475568E-29 1.54520727E-22 1.41032206E-18 2.20914345E-04 6.75313645E-05 5.66434890E-17 7.75454748E-22 1.52433400E-11 1.00000000E-40 1.55113014E-35 9.44771533E-30 1.00000000E-40 1.37555113E-15 5.01672062E-21 2.40148425E-07 1.19251696E-10 1.06360167E-19 4.38490145E-09 6.05845296E-10 5.27410045E-27 1.07653974E-23 6.03692761E-08 1.37913433E-32 2.41377734E-21 1.32038973E-24 6.75706641E-23 3.66335229E-30 1.00000000E-40 6.43924920E-29 3.88694275E-38 7.25293078E-12 2.56358592E-23 1.00000000E-40 1.00000000E-40 7.54950479E-30 5.13201691E-30 8.04679259E-17 1.19347810E-27 1.06607284E-30 5.60607111E-28 1.00000000E-40 5.07611504E-28 4.79448153E-36 6.18415511E-23 4.67975622E-28 8.32103109E-37 1.93732810E-20 1.51202630E-21 1.82680875E-34 2.70911000E-11 1.00000000E-05 1.00000000E-05 1.00000000E-05 1.00000000E-05 1.00000000E-05 1.00000000E-05 1.00000000E-05 1.00000000E-05 1.00000000E-05 1.00000000E-05
1.17864000E+02 9.99997000E-08 6.64664432E+12 1.08971512E+02 1.00000000E+05 1.00000000E-40 1.00000000E-40 1.00000000E-40 1.00000000E-40 2.24011241E-21 1.00000000E-40 1.00000000E-40 1.00000000E-40 1.00000000E-40 1.00000000E-40 2.94609007E-07 1.42087290E-05 1.09910662E-12 1.31484025E-12 4.59892345E-02 1.70275121E-02 7.72568354E-02 8.57733271E-01 1.69744834E-19 5.43269591E-22 1.14976133E-13 7.28061540E-20 3.15913491E-25 3.27397274E-28 4.82364680E-21 7.35764904E-08 9.56355726E-22 9.16714325E-29 1.39687186E-28 5.83460609E-30 9.19710442E-23 9.54212110E-19 2.14664806E-04 5.41056643E-05 1.06143285E-13 1.71003567E-19 1.30116874E-11 5.46973032E-32 1.87928901E-35 9.00254628E-30 1.00000000E-40 1.00848597E-15 3.75665190E-21 1.85681547E-07 9.47378516E-11 5.94990211E-20 4.19023513E-09 6.63356119E-10 4.40448177E-27 6.38560350E-24 5.63363213E-08 1.20569441E-32 2.17245526E-21 1.96367961E-25 9.65815003E-24 3.54011364E-30 1.00000000E-40 5.14079079E-29 2.10017058E-38 5.39130928E-12 1.24991498E-22 2.43092124E-39 1.00000000E-40 1.01529023E-29 1.45640785E-25 5.46867458E-17 1.32821890E-27 1.73055814E-30 5.31650182E-28 1.00000000E-40 7.18239042E-29 4.04750572E-36 5.90636407E-23 3.18245962E-34 3.78911751E-37 1.15798951E-20 1.12686856E-21 1.31062772E-34 4.79743000E-11 1.00000000E-05 1.00000000E-05 1.00000000E-05 1.00000000E-05 1.00000000E-05 1.00000000E-05 1.00000000E-05 1.00000000E-05 1.00000000E-05 1.00000000E-05
