tot_time [s],surface_temp [K],precip_rate [m/s],"atm(pres [Pa], temp [K], xfrac [mol/mol])"
0,222.837,1.01953e-07,"{'pres': tensor([[7.0013e+04, 5.7350e+04, 4.6977e+04, 3.8480e+04, 3.1520e+04, 2.5819e+04,
         2.1149e+04, 1.7324e+04, 1.4190e+04, 1.1624e+04, 9.5214e+03, 7.7993e+03,
         6.3886e+03, 5.2331e+03, 4.2866e+03, 3.5112e+03, 2.8762e+03, 2.3559e+03,
         1.9298e+03, 1.5808e+03, 1.2949e+03, 1.0607e+03, 8.6881e+02, 7.1167e+02,
         5.8295e+02, 4.7751e+02, 3.9114e+02, 3.2040e+02, 2.6245e+02, 2.1498e+02,
         1.7609e+02, 1.4424e+02, 1.1815e+02, 9.6783e+01, 7.9278e+01, 6.4939e+01,
         5.3193e+01, 4.3572e+01, 3.5691e+01, 2.9236e+01, 2.3948e+01, 1.9616e+01,
         1.6068e+01, 1.3162e+01, 1.0781e+01, 8.8313e+00, 7.2340e+00, 5.9256e+00,
         4.8538e+00, 3.9759e+00, 3.2568e+00, 2.6677e+00, 2.1852e+00, 1.7900e+00,
         1.4662e+00, 1.2010e+00, 9.8378e-01, 8.0585e-01, 6.6009e-01, 5.4070e-01,
         4.4290e-01, 3.6279e-01, 2.9717e-01, 2.4342e-01, 1.9940e-01, 1.6333e-01,
         1.3379e-01, 1.0959e-01, 8.9769e-02, 7.3532e-02, 6.0232e-02, 4.9338e-02,
         4.0414e-02, 3.3104e-02, 2.7117e-02, 2.2212e-02, 1.8195e-02, 1.4904e-02,
         1.2208e-02, 1.0000e-02]], dtype=torch.float64), 'temp': tensor([[205.2859, 201.0926, 196.8782, 192.7033, 188.4106, 183.9578, 179.3088,
         174.4434, 169.2459, 163.5523, 157.4821, 151.1910, 144.9872, 138.8138,
         133.4341, 131.1207, 129.7634, 128.6896, 127.7668, 126.9568, 126.2385,
         125.5774, 124.9648, 124.4088, 123.8893, 123.3978, 122.9488, 122.5285,
         122.1270, 121.7574, 121.4165, 121.0825, 120.7721, 120.4591, 120.1704,
         119.7848, 119.4249, 119.1296, 118.8098, 118.4701, 118.1239, 117.7890,
         117.4649, 117.1517, 116.8475, 116.5449, 116.2468, 115.9592, 115.6807,
         115.4119, 115.1523, 114.8997, 114.6428, 114.3963, 114.1523, 113.9159,
         113.6759, 113.4472, 113.1930, 112.9476, 112.6968, 112.4479, 112.1866,
         111.9406, 111.6517, 111.3824, 111.0945, 110.8206, 110.5132, 110.2292,
         109.9258, 109.6432, 109.3624, 109.0944, 108.8354, 108.5948, 108.3568,
         108.1443, 107.9417, 107.8013]], dtype=torch.float64), 'xCO2': tensor([[0.7142, 0.7474, 0.7732, 0.7693, 0.7424, 0.7036, 0.6497, 0.5773, 0.4853,
         0.3777, 0.2482, 0.1342, 0.0673, 0.0314, 0.0162, 0.0118, 0.0111, 0.0110,
         0.0112, 0.0116, 0.0122, 0.0129, 0.0135, 0.0142, 0.0150, 0.0158, 0.0168,
         0.0178, 0.0189, 0.0202, 0.0216, 0.0233, 0.0253, 0.0289, 0.0331, 0.0413,
         0.0494, 0.0560, 0.0633, 0.0708, 0.0774, 0.0848, 0.0928, 0.1017, 0.1114,
         0.1224, 0.1345, 0.1479, 0.1625, 0.1786, 0.1962, 0.2157, 0.2374, 0.2611,
         0.2869, 0.3148, 0.3450, 0.3776, 0.4136, 0.4521, 0.4928, 0.5356, 0.5803,
         0.6271, 0.6758, 0.7248, 0.7732, 0.8202, 0.8646, 0.9054, 0.9404, 0.9682,
         0.9874, 0.9959, 0.9935, 0.9806, 0.9571, 0.9225, 0.8805, 0.8333]],
       dtype=torch.float64), 'xH2O': tensor([[5.2043e-06, 3.4376e-06, 2.2141e-06, 1.3766e-06, 8.0781e-07, 4.4730e-07,
         2.3229e-07, 1.1008e-07, 4.6110e-08, 1.6307e-08, 4.8644e-09, 1.2397e-09,
         2.6903e-10, 5.3073e-11, 9.5910e-12, 8.6029e-13, 2.4088e-13, 1.4397e-13,
         1.4374e-13, 1.6067e-13, 1.8950e-13, 2.3908e-13, 3.1298e-13, 3.9113e-13,
         4.7750e-13, 6.0761e-13, 7.8518e-13, 1.0231e-12, 1.3430e-12, 1.7549e-12,
         2.2810e-12, 2.8867e-12, 3.4884e-12, 4.1354e-12, 4.7336e-12, 5.5485e-12,
         6.3114e-12, 6.9364e-12, 7.7592e-12, 8.7642e-12, 9.9554e-12, 1.1220e-11,
         1.2552e-11, 1.3947e-11, 1.5396e-11, 1.6871e-11, 1.8370e-11, 1.9910e-11,
         2.1489e-11, 2.3107e-11, 2.4759e-11, 2.6429e-11, 2.8030e-11, 2.9631e-11,
         3.1214e-11, 3.2774e-11, 3.4281e-11, 3.5800e-11, 3.6984e-11, 3.8128e-11,
         3.9197e-11, 4.0195e-11, 4.1097e-11, 4.2061e-11, 4.2520e-11, 4.3071e-11,
         4.3626e-11, 4.4287e-11, 4.4717e-11, 4.5354e-11, 4.6058e-11, 4.7141e-11,
         4.8607e-11, 5.0496e-11, 5.2543e-11, 5.0293e-11, 4.2437e-11, 3.4185e-11,
         2.8577e-11, 2.6468e-11]], dtype=torch.float64), 'xSO2': tensor([[4.2792e-02, 3.5983e-02, 3.0018e-02, 2.4541e-02, 1.9182e-02, 1.4352e-02,
         1.0266e-02, 6.8834e-03, 4.2250e-03, 2.2850e-03, 1.0773e-03, 4.5100e-04,
         1.6870e-04, 5.6996e-05, 2.1354e-05, 1.2716e-05, 1.0817e-05, 9.8700e-06,
         9.3932e-06, 9.1819e-06, 9.1728e-06, 9.2964e-06, 9.5364e-06, 9.9145e-06,
         1.0390e-05, 1.0869e-05, 1.1367e-05, 1.1902e-05, 1.2489e-05, 1.3114e-05,
         1.3781e-05, 1.4536e-05, 1.5459e-05, 1.7333e-05, 1.9636e-05, 2.4196e-05,
         2.8718e-05, 3.2422e-05, 3.5973e-05, 3.9402e-05, 4.2920e-05, 4.6857e-05,
         5.1021e-05, 5.5464e-05, 6.0263e-05, 6.5578e-05, 7.1339e-05, 7.7529e-05,
         8.4162e-05, 9.1245e-05, 9.8784e-05, 1.0685e-04, 1.1555e-04, 1.2468e-04,
         1.3422e-04, 1.4411e-04, 1.5428e-04, 1.6469e-04, 1.7542e-04, 1.8607e-04,
         1.9646e-04, 2.0638e-04, 2.1558e-04, 2.2384e-04, 2.3076e-04, 2.3598e-04,
         2.3916e-04, 2.4009e-04, 2.3844e-04, 2.3374e-04, 2.2622e-04, 2.1577e-04,
         2.0230e-04, 1.8473e-04, 1.6387e-04, 1.4049e-04, 1.1543e-04, 9.0128e-05,
         6.7597e-05, 5.0593e-05]], dtype=torch.float64), 'xH2SO4aer': tensor([[6.5701e-08, 7.4643e-08, 8.5913e-08, 9.9150e-08, 1.1550e-07, 1.3560e-07,
         1.6012e-07, 1.9050e-07, 2.2970e-07, 2.8700e-07, 4.1681e-07, 7.5118e-07,
         8.8766e-07, 2.2413e-07, 8.1735e-09, 4.3974e-10, 2.9118e-10, 2.6383e-10,
         2.5940e-10, 2.6184e-10, 2.6794e-10, 2.7521e-10, 2.8265e-10, 2.8970e-10,
         2.9648e-10, 3.0306e-10, 3.0884e-10, 3.1319e-10, 3.1538e-10, 3.1505e-10,
         3.1175e-10, 3.0392e-10, 2.9537e-10, 3.0650e-10, 3.3010e-10, 3.8519e-10,
         4.4084e-10, 4.8643e-10, 5.0999e-10, 5.0678e-10, 4.6052e-10, 4.1085e-10,
         3.5954e-10, 3.0848e-10, 2.5934e-10, 2.1315e-10, 1.7153e-10, 1.3521e-10,
         1.0435e-10, 7.8807e-11, 5.8204e-11, 4.2037e-11, 2.9736e-11, 2.0571e-11,
         1.3909e-11, 9.1873e-12, 5.9255e-12, 3.7368e-12, 2.3368e-12, 1.4413e-12,
         8.8174e-13, 5.3915e-13, 3.3216e-13, 2.0872e-13, 1.3429e-13, 8.7099e-14,
         5.6474e-14, 3.6358e-14, 2.3164e-14, 1.4719e-14, 9.1720e-15, 5.5565e-15,
         3.2180e-15, 1.7762e-15, 8.8337e-16, 3.5482e-16, 1.0920e-16, 3.3254e-17,
         9.4393e-18, 2.0335e-18]], dtype=torch.float64), 'xS8aer': tensor([[1.4552e-34, 3.1681e-34, 8.1328e-34, 2.5710e-33, 1.0036e-32, 4.3076e-32,
         2.0179e-31, 4.5749e-30, 1.6251e-27, 5.2253e-25, 1.7887e-22, 5.3787e-21,
         1.0368e-20, 2.4491e-21, 5.8606e-23, 2.8692e-25, 3.4842e-26, 8.2958e-27,
         3.7609e-27, 1.9834e-27, 1.0896e-27, 6.4630e-28, 4.0716e-28, 2.5597e-28,
         1.7047e-28, 1.2183e-28, 8.3648e-29, 5.9567e-29, 4.6213e-29, 3.0699e-29,
         2.4796e-29, 2.6698e-29, 3.0206e-29, 3.9425e-29, 5.0958e-29, 7.6010e-29,
         1.0112e-28, 1.2169e-28, 1.0790e-28, 6.8214e-29, 3.2304e-29, 2.1932e-29,
         1.6844e-29, 1.3215e-29, 1.1117e-29, 1.1269e-29, 1.0935e-29, 9.6925e-30,
         7.8937e-30, 5.7925e-30, 3.6762e-30, 1.9079e-30, 6.9610e-31, 5.9366e-32,
         1.0000e-40, 1.0000e-40, 1.0000e-40, 1.0000e-40, 1.0000e-40, 1.0000e-40,
         1.0000e-40, 1.0000e-40, 1.0000e-40, 1.0000e-40, 1.0000e-40, 1.0000e-40,
         1.0000e-40, 1.0000e-40, 1.0000e-40, 1.0000e-40, 1.0000e-40, 1.0000e-40,
         1.0000e-40, 1.0000e-40, 1.0000e-40, 1.0000e-40, 1.0000e-40, 1.0000e-40,
         1.0000e-40, 1.0000e-40]], dtype=torch.float64)}"
21600,222.799,2.12574e-08,"{'pres': tensor([[7.0013e+04, 5.7350e+04, 4.6977e+04, 3.8480e+04, 3.1520e+04, 2.5819e+04,
         2.1149e+04, 1.7324e+04, 1.4190e+04, 1.1624e+04, 9.5214e+03, 7.7993e+03,
         6.3886e+03, 5.2331e+03, 4.2866e+03, 3.5112e+03, 2.8762e+03, 2.3559e+03,
         1.9298e+03, 1.5808e+03, 1.2949e+03, 1.0607e+03, 8.6881e+02, 7.1167e+02,
         5.8295e+02, 4.7751e+02, 3.9114e+02, 3.2040e+02, 2.6245e+02, 2.1498e+02,
         1.7609e+02, 1.4424e+02, 1.1815e+02, 9.6783e+01, 7.9278e+01, 6.4939e+01,
         5.3193e+01, 4.3572e+01, 3.5691e+01, 2.9236e+01, 2.3948e+01, 1.9616e+01,
         1.6068e+01, 1.3162e+01, 1.0781e+01, 8.8313e+00, 7.2340e+00, 5.9256e+00,
         4.8538e+00, 3.9759e+00, 3.2568e+00, 2.6677e+00, 2.1852e+00, 1.7900e+00,
         1.4662e+00, 1.2010e+00, 9.8378e-01, 8.0585e-01, 6.6009e-01, 5.4070e-01,
         4.4290e-01, 3.6279e-01, 2.9717e-01, 2.4342e-01, 1.9940e-01, 1.6333e-01,
         1.3379e-01, 1.0959e-01, 8.9769e-02, 7.3532e-02, 6.0232e-02, 4.9338e-02,
         4.0414e-02, 3.3104e-02, 2.7117e-02, 2.2212e-02, 1.8195e-02, 1.4904e-02,
         1.2208e-02, 1.0000e-02]], dtype=torch.float64), 'temp': tensor([[205.3268, 201.0976, 196.9021, 192.6895, 188.3935, 183.9416, 179.2883,
         174.4179, 169.2136, 163.5135, 157.4432, 151.1609, 144.9702, 138.8057,
         133.4330, 131.1212, 129.7638, 128.6899, 127.7671, 126.9571, 126.2388,
         125.5777, 124.9650, 124.4091, 123.8896, 123.3980, 122.9491, 122.5288,
         122.1273, 121.7577, 121.4168, 121.0828, 120.7724, 120.4595, 120.1709,
         119.7859, 119.4263, 119.1307, 118.8106, 118.4709, 118.1248, 117.7900,
         117.4660, 117.1528, 116.8487, 116.5463, 116.2484, 115.9610, 115.6827,
         115.4139, 115.1544, 114.9019, 114.6453, 114.3992, 114.1554, 113.9193,
         113.6792, 113.4504, 113.1970, 112.9523, 112.7019, 112.4533, 112.1916,
         111.9454, 111.6577, 111.3897, 111.1014, 110.8272, 110.5200, 110.2364,
         109.9328, 109.6497, 109.3682, 109.0997, 108.8404, 108.5990, 108.3603,
         108.1468, 107.9427, 107.8022]], dtype=torch.float64), 'xCO2': tensor([[0.7142, 0.7474, 0.7732, 0.7694, 0.7424, 0.7036, 0.6497, 0.5773, 0.4853,
         0.3774, 0.2455, 0.1319, 0.0661, 0.0309, 0.0159, 0.0117, 0.0110, 0.0109,
         0.0111, 0.0116, 0.0122, 0.0129, 0.0135, 0.0142, 0.0150, 0.0158, 0.0168,
         0.0178, 0.0189, 0.0202, 0.0216, 0.0233, 0.0253, 0.0289, 0.0331, 0.0413,
         0.0494, 0.0560, 0.0633, 0.0708, 0.0774, 0.0848, 0.0928, 0.1017, 0.1114,
         0.1224, 0.1345, 0.1479, 0.1626, 0.1786, 0.1962, 0.2157, 0.2374, 0.2611,
         0.2869, 0.3149, 0.3450, 0.3777, 0.4137, 0.4521, 0.4928, 0.5357, 0.5804,
         0.6272, 0.6759, 0.7249, 0.7733, 0.8203, 0.8647, 0.9056, 0.9406, 0.9684,
         0.9877, 0.9961, 0.9938, 0.9809, 0.9574, 0.9228, 0.8807, 0.8334]],
       dtype=torch.float64), 'xH2O': tensor([[5.1639e-06, 3.3992e-06, 2.1675e-06, 1.3390e-06, 7.8770e-07, 4.3687e-07,
         2.2596e-07, 1.0685e-07, 4.4655e-08, 1.5670e-08, 4.6660e-09, 1.1864e-09,
         2.5771e-10, 5.0936e-11, 9.2041e-12, 8.3965e-13, 2.4014e-13, 1.4414e-13,
         1.4387e-13, 1.6068e-13, 1.8933e-13, 2.3868e-13, 3.1232e-13, 3.9024e-13,
         4.7636e-13, 6.0622e-13, 7.8351e-13, 1.0210e-12, 1.3403e-12, 1.7514e-12,
         2.2766e-12, 2.8792e-12, 3.4778e-12, 4.1171e-12, 4.7059e-12, 5.5036e-12,
         6.2497e-12, 6.8609e-12, 7.6949e-12, 8.7237e-12, 9.9169e-12, 1.1175e-11,
         1.2500e-11, 1.3891e-11, 1.5338e-11, 1.6811e-11, 1.8309e-11, 1.9850e-11,
         2.1430e-11, 2.3048e-11, 2.4700e-11, 2.6369e-11, 2.7968e-11, 2.9571e-11,
         3.1154e-11, 3.2713e-11, 3.4216e-11, 3.5733e-11, 3.6906e-11, 3.8054e-11,
         3.9122e-11, 4.0114e-11, 4.1001e-11, 4.1956e-11, 4.2391e-11, 4.2940e-11,
         4.3468e-11, 4.4094e-11, 4.4472e-11, 4.5080e-11, 4.5739e-11, 4.6790e-11,
         4.8228e-11, 5.0115e-11, 5.2032e-11, 4.9526e-11, 4.1992e-11, 3.4046e-11,
         2.8558e-11, 2.6491e-11]], dtype=torch.float64), 'xSO2': tensor([[4.2600e-02, 3.5857e-02, 2.9787e-02, 2.4285e-02, 1.9005e-02, 1.4225e-02,
         1.0146e-02, 6.7925e-03, 4.1624e-03, 2.2381e-03, 1.0524e-03, 4.3923e-04,
         1.6421e-04, 5.5531e-05, 2.0932e-05, 1.2588e-05, 1.0757e-05, 9.8273e-06,
         9.3543e-06, 9.1462e-06, 9.1405e-06, 9.2652e-06, 9.5058e-06, 9.8855e-06,
         1.0369e-05, 1.0868e-05, 1.1367e-05, 1.1903e-05, 1.2490e-05, 1.3115e-05,
         1.3783e-05, 1.4538e-05, 1.5460e-05, 1.7333e-05, 1.9633e-05, 2.4177e-05,
         2.8682e-05, 3.2372e-05, 3.5863e-05, 3.9232e-05, 4.2781e-05, 4.6778e-05,
         5.1012e-05, 5.5469e-05, 6.0270e-05, 6.5586e-05, 7.1348e-05, 7.7540e-05,
         8.4174e-05, 9.1259e-05, 9.8799e-05, 1.0687e-04, 1.1557e-04, 1.2471e-04,
         1.3424e-04, 1.4414e-04, 1.5431e-04, 1.6472e-04, 1.7545e-04, 1.8611e-04,
         1.9649e-04, 2.0642e-04, 2.1562e-04, 2.2389e-04, 2.3081e-04, 2.3603e-04,
         2.3922e-04, 2.4015e-04, 2.3851e-04, 2.3380e-04, 2.2629e-04, 2.1585e-04,
         2.0238e-04, 1.8480e-04, 1.6394e-04, 1.4055e-04, 1.1549e-04, 9.0173e-05,
         6.7624e-05, 5.0602e-05]], dtype=torch.float64), 'xH2SO4aer': tensor([[6.5703e-08, 7.4646e-08, 8.5915e-08, 9.9153e-08, 1.1550e-07, 1.3561e-07,
         1.6013e-07, 1.9051e-07, 2.2971e-07, 2.8700e-07, 4.1684e-07, 7.5125e-07,
         8.8765e-07, 2.2400e-07, 8.1666e-09, 4.3940e-10, 2.9112e-10, 2.6385e-10,
         2.5941e-10, 2.6177e-10, 2.6792e-10, 2.7524e-10, 2.8267e-10, 2.8972e-10,
         2.9651e-10, 3.0310e-10, 3.0889e-10, 3.1326e-10, 3.1547e-10, 3.1513e-10,
         3.1164e-10, 3.0276e-10, 2.9233e-10, 3.0123e-10, 3.2274e-10, 3.7448e-10,
         4.2690e-10, 4.6984e-10, 4.8937e-10, 4.8095e-10, 4.2875e-10, 3.7370e-10,
         3.1810e-10, 2.6420e-10, 2.1392e-10, 1.6848e-10, 1.2927e-10, 9.6634e-11,
         7.0360e-11, 4.9889e-11, 3.4457e-11, 2.3249e-11, 1.5446e-11, 1.0111e-11,
         6.5638e-12, 4.2587e-12, 2.7844e-12, 1.8479e-12, 1.2570e-12, 8.6372e-13,
         5.9552e-13, 4.0929e-13, 2.7895e-13, 1.8854e-13, 1.2652e-13, 8.3988e-14,
         5.5083e-14, 3.5652e-14, 2.2773e-14, 1.4487e-14, 9.0338e-15, 5.4761e-15,
         3.1732e-15, 1.7510e-15, 8.6844e-16, 3.4770e-16, 1.0810e-16, 3.3241e-17,
         9.4859e-18, 2.0474e-18]], dtype=torch.float64), 'xS8aer': tensor([[1.4553e-34, 3.1676e-34, 8.1294e-34, 2.5692e-33, 1.0025e-32, 4.3017e-32,
         2.0146e-31, 4.5691e-30, 1.6232e-27, 5.2197e-25, 1.7893e-22, 5.3897e-21,
         1.0362e-20, 2.4463e-21, 5.8479e-23, 2.8484e-25, 3.4563e-26, 8.2889e-27,
         3.7821e-27, 2.0013e-27, 1.1023e-27, 6.5792e-28, 4.1691e-28, 2.6322e-28,
         1.7727e-28, 1.2793e-28, 8.8487e-29, 6.4311e-29, 4.9924e-29, 3.2896e-29,
         2.4902e-29, 2.7656e-29, 3.4569e-29, 4.8250e-29, 6.3308e-29, 8.6914e-29,
         1.0957e-28, 1.2812e-28, 1.0791e-28, 6.2193e-29, 3.1535e-29, 2.3300e-29,
         1.8849e-29, 1.6072e-29, 1.4640e-29, 1.4054e-29, 1.2475e-29, 1.0238e-29,
         7.9009e-30, 5.7100e-30, 3.7748e-30, 2.1659e-30, 9.0466e-31, 1.2839e-31,
         1.0000e-40, 1.0000e-40, 1.0000e-40, 1.0000e-40, 1.0000e-40, 1.0000e-40,
         1.0000e-40, 1.0000e-40, 1.0000e-40, 1.0000e-40, 1.0000e-40, 1.0000e-40,
         1.0000e-40, 1.0000e-40, 1.0000e-40, 1.0000e-40, 1.0000e-40, 1.0000e-40,
         1.0000e-40, 1.0000e-40, 1.0000e-40, 1.0000e-40, 1.0000e-40, 1.0000e-40,
         1.0000e-40, 1.0000e-40]], dtype=torch.float64)}"
43200,222.776,3.03851e-08,"{'pres': tensor([[7.0013e+04, 5.7350e+04, 4.6977e+04, 3.8480e+04, 3.1520e+04, 2.5819e+04,
         2.1149e+04, 1.7324e+04, 1.4190e+04, 1.1624e+04, 9.5214e+03, 7.7993e+03,
         6.3886e+03, 5.2331e+03, 4.2866e+03, 3.5112e+03, 2.8762e+03, 2.3559e+03,
         1.9298e+03, 1.5808e+03, 1.2949e+03, 1.0607e+03, 8.6881e+02, 7.1167e+02,
         5.8295e+02, 4.7751e+02, 3.9114e+02, 3.2040e+02, 2.6245e+02, 2.1498e+02,
         1.7609e+02, 1.4424e+02, 1.1815e+02, 9.6783e+01, 7.9278e+01, 6.4939e+01,
         5.3193e+01, 4.3572e+01, 3.5691e+01, 2.9236e+01, 2.3948e+01, 1.9616e+01,
         1.6068e+01, 1.3162e+01, 1.0781e+01, 8.8313e+00, 7.2340e+00, 5.9256e+00,
         4.8538e+00, 3.9759e+00, 3.2568e+00, 2.6677e+00, 2.1852e+00, 1.7900e+00,
         1.4662e+00, 1.2010e+00, 9.8378e-01, 8.0585e-01, 6.6009e-01, 5.4070e-01,
         4.4290e-01, 3.6279e-01, 2.9717e-01, 2.4342e-01, 1.9940e-01, 1.6333e-01,
         1.3379e-01, 1.0959e-01, 8.9769e-02, 7.3532e-02, 6.0232e-02, 4.9338e-02,
         4.0414e-02, 3.3104e-02, 2.7117e-02, 2.2212e-02, 1.8195e-02, 1.4904e-02,
         1.2208e-02, 1.0000e-02]], dtype=torch.float64), 'temp': tensor([[205.3498, 201.1221, 196.9254, 192.6758, 188.3778, 183.9237, 179.2677,
         174.3923, 169.1812, 163.4746, 157.4043, 151.1309, 144.9536, 138.7978,
         133.4321, 131.1217, 129.7643, 128.6903, 127.7674, 126.9574, 126.2391,
         125.5780, 124.9653, 124.4094, 123.8899, 123.3983, 122.9494, 122.5291,
         122.1276, 121.7580, 121.4171, 121.0832, 120.7728, 120.4600, 120.1715,
         119.7870, 119.4277, 119.1318, 118.8115, 118.4718, 118.1259, 117.7912,
         117.4673, 117.1541, 116.8501, 116.5478, 116.2501, 115.9629, 115.6848,
         115.4162, 115.1566, 114.9043, 114.6481, 114.4024, 114.1589, 113.9231,
         113.6829, 113.4541, 113.2013, 112.9574, 112.7073, 112.4589, 112.1971,
         111.9507, 111.6640, 111.3970, 111.1084, 110.8338, 110.5269, 110.2436,
         109.9398, 109.6563, 109.3742, 109.1053, 108.8458, 108.6035, 108.3642,
         108.1500, 107.9444, 107.8037]], dtype=torch.float64), 'xCO2': tensor([[0.7142, 0.7474, 0.7732, 0.7694, 0.7424, 0.7036, 0.6498, 0.5773, 0.4853,
         0.3769, 0.2442, 0.1312, 0.0658, 0.0308, 0.0159, 0.0117, 0.0110, 0.0109,
         0.0111, 0.0116, 0.0122, 0.0129, 0.0135, 0.0142, 0.0150, 0.0158, 0.0168,
         0.0178, 0.0189, 0.0202, 0.0216, 0.0233, 0.0253, 0.0289, 0.0331, 0.0413,
         0.0494, 0.0560, 0.0633, 0.0708, 0.0775, 0.0848, 0.0928, 0.1017, 0.1114,
         0.1224, 0.1345, 0.1479, 0.1626, 0.1786, 0.1962, 0.2157, 0.2374, 0.2611,
         0.2869, 0.3149, 0.3451, 0.3777, 0.4137, 0.4521, 0.4929, 0.5357, 0.5805,
         0.6273, 0.6759, 0.7249, 0.7734, 0.8203, 0.8648, 0.9057, 0.9407, 0.9685,
         0.9878, 0.9963, 0.9939, 0.9811, 0.9576, 0.9229, 0.8808, 0.8335]],
       dtype=torch.float64), 'xH2O': tensor([[5.1943e-06, 3.3975e-06, 2.1610e-06, 1.3291e-06, 7.8170e-07, 4.3372e-07,
         2.2411e-07, 1.0585e-07, 4.4176e-08, 1.5470e-08, 4.6054e-09, 1.1727e-09,
         2.5557e-10, 5.0633e-11, 9.0716e-12, 8.2052e-13, 2.3863e-13, 1.4424e-13,
         1.4399e-13, 1.6076e-13, 1.8938e-13, 2.3870e-13, 3.1232e-13, 3.9022e-13,
         4.7630e-13, 6.0617e-13, 7.8347e-13, 1.0209e-12, 1.3403e-12, 1.7514e-12,
         2.2766e-12, 2.8788e-12, 3.4764e-12, 4.1147e-12, 4.7027e-12, 5.4997e-12,
         6.2453e-12, 6.8561e-12, 7.6887e-12, 8.7154e-12, 9.9065e-12, 1.1163e-11,
         1.2488e-11, 1.3879e-11, 1.5327e-11, 1.6803e-11, 1.8305e-11, 1.9849e-11,
         2.1433e-11, 2.3055e-11, 2.4711e-11, 2.6383e-11, 2.7988e-11, 2.9597e-11,
         3.1186e-11, 3.2749e-11, 3.4255e-11, 3.5775e-11, 3.6958e-11, 3.8118e-11,
         3.9194e-11, 4.0192e-11, 4.1081e-11, 4.2039e-11, 4.2492e-11, 4.3057e-11,
         4.3589e-11, 4.4216e-11, 4.4601e-11, 4.5219e-11, 4.5879e-11, 4.6926e-11,
         4.8358e-11, 5.0228e-11, 5.1885e-11, 4.9031e-11, 4.1574e-11, 3.3841e-11,
         2.8486e-11, 2.6474e-11]], dtype=torch.float64), 'xSO2': tensor([[4.2744e-02, 3.5866e-02, 2.9762e-02, 2.4208e-02, 1.8940e-02, 1.4177e-02,
         1.0103e-02, 6.7581e-03, 4.1366e-03, 2.2205e-03, 1.0437e-03, 4.3590e-04,
         1.6330e-04, 5.5328e-05, 2.0896e-05, 1.2581e-05, 1.0754e-05, 9.8257e-06,
         9.3529e-06, 9.1450e-06, 9.1394e-06, 9.2642e-06, 9.5050e-06, 9.8846e-06,
         1.0365e-05, 1.0865e-05, 1.1368e-05, 1.1904e-05, 1.2491e-05, 1.3115e-05,
         1.3783e-05, 1.4538e-05, 1.5460e-05, 1.7330e-05, 1.9627e-05, 2.4159e-05,
         2.8650e-05, 3.2330e-05, 3.5838e-05, 3.9234e-05, 4.2780e-05, 4.6759e-05,
         5.0998e-05, 5.5470e-05, 6.0274e-05, 6.5591e-05, 7.1353e-05, 7.7546e-05,
         8.4180e-05, 9.1265e-05, 9.8807e-05, 1.0688e-04, 1.1558e-04, 1.2472e-04,
         1.3425e-04, 1.4415e-04, 1.5433e-04, 1.6474e-04, 1.7547e-04, 1.8612e-04,
         1.9651e-04, 2.0643e-04, 2.1564e-04, 2.2390e-04, 2.3083e-04, 2.3605e-04,
         2.3924e-04, 2.4016e-04, 2.3853e-04, 2.3382e-04, 2.2632e-04, 2.1587e-04,
         2.0241e-04, 1.8483e-04, 1.6397e-04, 1.4059e-04, 1.1553e-04, 9.0200e-05,
         6.7637e-05, 5.0605e-05]], dtype=torch.float64), 'xH2SO4aer': tensor([[6.5705e-08, 7.4648e-08, 8.5918e-08, 9.9156e-08, 1.1551e-07, 1.3561e-07,
         1.6013e-07, 1.9051e-07, 2.2971e-07, 2.8701e-07, 4.1687e-07, 7.5134e-07,
         8.8762e-07, 2.2383e-07, 8.1566e-09, 4.3897e-10, 2.9104e-10, 2.6386e-10,
         2.5940e-10, 2.6169e-10, 2.6789e-10, 2.7525e-10, 2.8269e-10, 2.8975e-10,
         2.9654e-10, 3.0314e-10, 3.0894e-10, 3.1333e-10, 3.1554e-10, 3.1513e-10,
         3.1121e-10, 3.0094e-10, 2.8834e-10, 2.9478e-10, 3.1405e-10, 3.6225e-10,
         4.1127e-10, 4.5143e-10, 4.6687e-10, 4.5333e-10, 3.9589e-10, 3.3666e-10,
         2.7840e-10, 2.2366e-10, 1.7438e-10, 1.3183e-10, 9.6852e-11, 6.9254e-11,
         4.8298e-11, 3.2975e-11, 2.2167e-11, 1.4832e-11, 1.0024e-11, 6.8525e-12,
         4.7554e-12, 3.3462e-12, 2.3749e-12, 1.6891e-12, 1.2008e-12, 8.4705e-13,
         5.9167e-13, 4.0882e-13, 2.7914e-13, 1.8877e-13, 1.2671e-13, 8.4128e-14,
         5.5177e-14, 3.5713e-14, 2.2809e-14, 1.4506e-14, 9.0408e-15, 5.4746e-15,
         3.1661e-15, 1.7407e-15, 8.5701e-16, 3.4055e-16, 1.0615e-16, 3.2871e-17,
         9.4372e-18, 2.0439e-18]], dtype=torch.float64), 'xS8aer': tensor([[1.4553e-34, 3.1670e-34, 8.1260e-34, 2.5675e-33, 1.0016e-32, 4.2961e-32,
         2.0115e-31, 4.5640e-30, 1.6217e-27, 5.2159e-25, 1.7907e-22, 5.3973e-21,
         1.0356e-20, 2.4430e-21, 5.8324e-23, 2.8222e-25, 3.4138e-26, 8.2177e-27,
         3.7623e-27, 1.9912e-27, 1.0955e-27, 6.5469e-28, 4.1478e-28, 2.6116e-28,
         1.7618e-28, 1.2698e-28, 8.7380e-29, 6.3498e-29, 4.8367e-29, 3.1357e-29,
         2.5315e-29, 2.9798e-29, 3.9705e-29, 5.3952e-29, 6.7710e-29, 8.5976e-29,
         1.0300e-28, 1.1694e-28, 9.5656e-29, 5.2436e-29, 2.6924e-29, 2.0412e-29,
         1.6790e-29, 1.4462e-29, 1.2729e-29, 1.1148e-29, 8.8627e-30, 6.3648e-30,
         4.1353e-30, 2.3229e-30, 1.0512e-30, 3.4256e-31, 4.9220e-32, 2.2205e-33,
         1.0000e-40, 1.0000e-40, 1.0000e-40, 1.0000e-40, 1.0000e-40, 1.0000e-40,
         1.0000e-40, 1.0000e-40, 1.0000e-40, 1.0000e-40, 1.0000e-40, 1.0000e-40,
         1.0000e-40, 1.0000e-40, 1.0000e-40, 1.0000e-40, 1.0000e-40, 1.0000e-40,
         1.0000e-40, 1.0000e-40, 1.0000e-40, 1.0000e-40, 1.0000e-40, 1.0000e-40,
         1.0000e-40, 1.0000e-40]], dtype=torch.float64)}"
64800,222.761,3.02513e-08,"{'pres': tensor([[7.0013e+04, 5.7350e+04, 4.6977e+04, 3.8480e+04, 3.1520e+04, 2.5819e+04,
         2.1149e+04, 1.7324e+04, 1.4190e+04, 1.1624e+04, 9.5214e+03, 7.7993e+03,
         6.3886e+03, 5.2331e+03, 4.2866e+03, 3.5112e+03, 2.8762e+03, 2.3559e+03,
         1.9298e+03, 1.5808e+03, 1.2949e+03, 1.0607e+03, 8.6881e+02, 7.1167e+02,
         5.8295e+02, 4.7751e+02, 3.9114e+02, 3.2040e+02, 2.6245e+02, 2.1498e+02,
         1.7609e+02, 1.4424e+02, 1.1815e+02, 9.6783e+01, 7.9278e+01, 6.4939e+01,
         5.3193e+01, 4.3572e+01, 3.5691e+01, 2.9236e+01, 2.3948e+01, 1.9616e+01,
         1.6068e+01, 1.3162e+01, 1.0781e+01, 8.8313e+00, 7.2340e+00, 5.9256e+00,
         4.8538e+00, 3.9759e+00, 3.2568e+00, 2.6677e+00, 2.1852e+00, 1.7900e+00,
         1.4662e+00, 1.2010e+00, 9.8378e-01, 8.0585e-01, 6.6009e-01, 5.4070e-01,
         4.4290e-01, 3.6279e-01, 2.9717e-01, 2.4342e-01, 1.9940e-01, 1.6333e-01,
         1.3379e-01, 1.0959e-01, 8.9769e-02, 7.3532e-02, 6.0232e-02, 4.9338e-02,
         4.0414e-02, 3.3104e-02, 2.7117e-02, 2.2212e-02, 1.8195e-02, 1.4904e-02,
         1.2208e-02, 1.0000e-02]], dtype=torch.float64), 'temp': tensor([[205.3729, 201.1456, 196.9232, 192.6939, 188.3622, 183.9058, 179.2471,
         174.3666, 169.1487, 163.4358, 157.3656, 151.1011, 144.9370, 138.7899,
         133.4311, 131.1222, 129.7647, 128.6906, 127.7677, 126.9577, 126.2393,
         125.5782, 124.9656, 124.4097, 123.8902, 123.3987, 122.9497, 122.5294,
         122.1279, 121.7583, 121.4175, 121.0835, 120.7732, 120.4604, 120.1721,
         119.7881, 119.4291, 119.1330, 118.8124, 118.4727, 118.1269, 117.7924,
         117.4686, 117.1554, 116.8514, 116.5493, 116.2518, 115.9649, 115.6869,
         115.4183, 115.1589, 114.9066, 114.6509, 114.4055, 114.1623, 113.9267,
         113.6865, 113.4577, 113.2055, 112.9622, 112.7125, 112.4643, 112.2023,
         111.9557, 111.6698, 111.4037, 111.1147, 110.8399, 110.5331, 110.2501,
         109.9461, 109.6622, 109.3795, 109.1104, 108.8507, 108.6078, 108.3681,
         108.1532, 107.9463, 107.8055]], dtype=torch.float64), 'xCO2': tensor([[0.7142, 0.7474, 0.7732, 0.7694, 0.7424, 0.7036, 0.6498, 0.5773, 0.4853,
         0.3764, 0.2430, 0.1307, 0.0656, 0.0308, 0.0159, 0.0117, 0.0110, 0.0109,
         0.0111, 0.0116, 0.0122, 0.0129, 0.0135, 0.0142, 0.0150, 0.0158, 0.0168,
         0.0178, 0.0189, 0.0202, 0.0216, 0.0233, 0.0253, 0.0289, 0.0331, 0.0413,
         0.0494, 0.0560, 0.0633, 0.0708, 0.0775, 0.0848, 0.0928, 0.1017, 0.1114,
         0.1224, 0.1346, 0.1479, 0.1626, 0.1787, 0.1963, 0.2157, 0.2375, 0.2612,
         0.2869, 0.3149, 0.3451, 0.3777, 0.4137, 0.4522, 0.4929, 0.5358, 0.5805,
         0.6273, 0.6760, 0.7250, 0.7734, 0.8204, 0.8649, 0.9057, 0.9408, 0.9686,
         0.9879, 0.9964, 0.9940, 0.9812, 0.9577, 0.9230, 0.8809, 0.8335]],
       dtype=torch.float64), 'xH2O': tensor([[5.2115e-06, 3.4067e-06, 2.1641e-06, 1.3254e-06, 7.7881e-07, 4.3199e-07,
         2.2307e-07, 1.0524e-07, 4.3850e-08, 1.5329e-08, 4.5614e-09, 1.1629e-09,
         2.5418e-10, 5.0462e-11, 8.9454e-12, 8.0616e-13, 2.3689e-13, 1.4425e-13,
         1.4407e-13, 1.6082e-13, 1.8944e-13, 2.3876e-13, 3.1239e-13, 3.9028e-13,
         4.7632e-13, 6.0618e-13, 7.8349e-13, 1.0210e-12, 1.3403e-12, 1.7516e-12,
         2.2767e-12, 2.8787e-12, 3.4755e-12, 4.1131e-12, 4.7007e-12, 5.4972e-12,
         6.2423e-12, 6.8527e-12, 7.6838e-12, 8.7082e-12, 9.8977e-12, 1.1155e-11,
         1.2480e-11, 1.3871e-11, 1.5321e-11, 1.6799e-11, 1.8304e-11, 1.9852e-11,
         2.1439e-11, 2.3065e-11, 2.4723e-11, 2.6399e-11, 2.8008e-11, 2.9622e-11,
         3.1216e-11, 3.2784e-11, 3.4293e-11, 3.5815e-11, 3.7008e-11, 3.8177e-11,
         3.9260e-11, 4.0264e-11, 4.1156e-11, 4.2115e-11, 4.2583e-11, 4.3163e-11,
         4.3698e-11, 4.4326e-11, 4.4717e-11, 4.5344e-11, 4.6006e-11, 4.7053e-11,
         4.8482e-11, 5.0341e-11, 5.1816e-11, 4.8691e-11, 4.1224e-11, 3.3621e-11,
         2.8374e-11, 2.6415e-11]], dtype=torch.float64), 'xSO2': tensor([[4.2826e-02, 3.5926e-02, 2.9791e-02, 2.4172e-02, 1.8902e-02, 1.4145e-02,
         1.0075e-02, 6.7340e-03, 4.1172e-03, 2.2073e-03, 1.0370e-03, 4.3347e-04,
         1.6269e-04, 5.5214e-05, 2.0884e-05, 1.2582e-05, 1.0755e-05, 9.8264e-06,
         9.3535e-06, 9.1456e-06, 9.1400e-06, 9.2648e-06, 9.5056e-06, 9.8847e-06,
         1.0363e-05, 1.0863e-05, 1.1368e-05, 1.1904e-05, 1.2491e-05, 1.3116e-05,
         1.3784e-05, 1.4539e-05, 1.5460e-05, 1.7327e-05, 1.9619e-05, 2.4142e-05,
         2.8625e-05, 3.2297e-05, 3.5821e-05, 3.9242e-05, 4.2785e-05, 4.6747e-05,
         5.0985e-05, 5.5468e-05, 6.0276e-05, 6.5594e-05, 7.1357e-05, 7.7549e-05,
         8.4184e-05, 9.1270e-05, 9.8812e-05, 1.0688e-04, 1.1558e-04, 1.2472e-04,
         1.3426e-04, 1.4415e-04, 1.5433e-04, 1.6474e-04, 1.7548e-04, 1.8613e-04,
         1.9652e-04, 2.0644e-04, 2.1565e-04, 2.2392e-04, 2.3084e-04, 2.3606e-04,
         2.3925e-04, 2.4017e-04, 2.3854e-04, 2.3383e-04, 2.2633e-04, 2.1589e-04,
         2.0243e-04, 1.8484e-04, 1.6399e-04, 1.4061e-04, 1.1555e-04, 9.0213e-05,
         6.7640e-05, 5.0603e-05]], dtype=torch.float64), 'xH2SO4aer': tensor([[6.5708e-08, 7.4651e-08, 8.5921e-08, 9.9160e-08, 1.1551e-07, 1.3562e-07,
         1.6013e-07, 1.9052e-07, 2.2972e-07, 2.8701e-07, 4.1691e-07, 7.5145e-07,
         8.8759e-07, 2.2364e-07, 8.1447e-09, 4.3849e-10, 2.9095e-10, 2.6386e-10,
         2.5938e-10, 2.6162e-10, 2.6785e-10, 2.7525e-10, 2.8271e-10, 2.8976e-10,
         2.9656e-10, 3.0316e-10, 3.0898e-10, 3.1338e-10, 3.1558e-10, 3.1498e-10,
         3.1040e-10, 2.9842e-10, 2.8341e-10, 2.8723e-10, 3.0417e-10, 3.4869e-10,
         3.9416e-10, 4.3142e-10, 4.4281e-10, 4.2448e-10, 3.6282e-10, 3.0089e-10,
         2.4183e-10, 1.8824e-10, 1.4191e-10, 1.0383e-10, 7.4089e-11, 5.1825e-11,
         3.5791e-11, 2.4623e-11, 1.7030e-11, 1.1953e-11, 8.5540e-12, 6.1869e-12,
         4.4969e-12, 3.2656e-12, 2.3582e-12, 1.6895e-12, 1.2031e-12, 8.4875e-13,
         5.9276e-13, 4.0952e-13, 2.7961e-13, 1.8910e-13, 1.2693e-13, 8.4284e-14,
         5.5280e-14, 3.5778e-14, 2.2850e-14, 1.4530e-14, 9.0518e-15, 5.4771e-15,
         3.1630e-15, 1.7343e-15, 8.4898e-16, 3.3513e-16, 1.0439e-16, 3.2451e-17,
         9.3589e-18, 2.0331e-18]], dtype=torch.float64), 'xS8aer': tensor([[1.4554e-34, 3.1665e-34, 8.1228e-34, 2.5658e-33, 1.0006e-32, 4.2905e-32,
         2.0084e-31, 4.5593e-30, 1.6206e-27, 5.2134e-25, 1.7927e-22, 5.4048e-21,
         1.0350e-20, 2.4395e-21, 5.8153e-23, 2.7955e-25, 3.3711e-26, 8.1444e-27,
         3.7405e-27, 1.9797e-27, 1.0878e-27, 6.5074e-28, 4.1203e-28, 2.5872e-28,
         1.7472e-28, 1.2566e-28, 8.6030e-29, 6.2286e-29, 4.6580e-29, 3.0113e-29,
         2.6238e-29, 3.2702e-29, 4.3761e-29, 5.6166e-29, 6.7106e-29, 8.1751e-29,
         9.5419e-29, 1.0661e-28, 8.5789e-29, 4.5578e-29, 2.3377e-29, 1.8013e-29,
         1.4809e-29, 1.2343e-29, 1.0088e-29, 7.9437e-30, 5.5672e-30, 3.3733e-30,
         1.7419e-30, 7.0154e-31, 1.8784e-31, 2.9120e-32, 2.3310e-33, 5.7679e-35,
         1.0000e-40, 1.0000e-40, 1.0000e-40, 1.0000e-40, 1.0000e-40, 1.0000e-40,
         1.0000e-40, 1.0000e-40, 1.0000e-40, 1.0000e-40, 1.0000e-40, 1.0000e-40,
         1.0000e-40, 1.0000e-40, 1.0000e-40, 1.0000e-40, 1.0000e-40, 1.0000e-40,
         1.0000e-40, 1.0000e-40, 1.0000e-40, 1.0000e-40, 1.0000e-40, 1.0000e-40,
         1.0000e-40, 1.0000e-40]], dtype=torch.float64)}"
86400,222.754,3.03957e-08,"{'pres': tensor([[7.0013e+04, 5.7350e+04, 4.6977e+04, 3.8480e+04, 3.1520e+04, 2.5819e+04,
         2.1149e+04, 1.7324e+04, 1.4190e+04, 1.1624e+04, 9.5214e+03, 7.7993e+03,
         6.3886e+03, 5.2331e+03, 4.2866e+03, 3.5112e+03, 2.8762e+03, 2.3559e+03,
         1.9298e+03, 1.5808e+03, 1.2949e+03, 1.0607e+03, 8.6881e+02, 7.1167e+02,
         5.8295e+02, 4.7751e+02, 3.9114e+02, 3.2040e+02, 2.6245e+02, 2.1498e+02,
         1.7609e+02, 1.4424e+02, 1.1815e+02, 9.6783e+01, 7.9278e+01, 6.4939e+01,
         5.3193e+01, 4.3572e+01, 3.5691e+01, 2.9236e+01, 2.3948e+01, 1.9616e+01,
         1.6068e+01, 1.3162e+01, 1.0781e+01, 8.8313e+00, 7.2340e+00, 5.9256e+00,
         4.8538e+00, 3.9759e+00, 3.2568e+00, 2.6677e+00, 2.1852e+00, 1.7900e+00,
         1.4662e+00, 1.2010e+00, 9.8378e-01, 8.0585e-01, 6.6009e-01, 5.4070e-01,
         4.4290e-01, 3.6279e-01, 2.9717e-01, 2.4342e-01, 1.9940e-01, 1.6333e-01,
         1.3379e-01, 1.0959e-01, 8.9769e-02, 7.3532e-02, 6.0232e-02, 4.9338e-02,
         4.0414e-02, 3.3104e-02, 2.7117e-02, 2.2212e-02, 1.8195e-02, 1.4904e-02,
         1.2208e-02, 1.0000e-02]], dtype=torch.float64), 'temp': tensor([[205.3956, 201.1572, 196.9380, 192.6865, 188.3742, 183.8879, 179.2265,
         174.3409, 169.1162, 163.3970, 157.3270, 151.0714, 144.9205, 138.7821,
         133.4302, 131.1227, 129.7651, 128.6910, 127.7680, 126.9580, 126.2396,
         125.5785, 124.9659, 124.4099, 123.8904, 123.3990, 122.9500, 122.5297,
         122.1283, 121.7587, 121.4178, 121.0839, 120.7736, 120.4609, 120.1726,
         119.7892, 119.4305, 119.1342, 118.8133, 118.4736, 118.1279, 117.7936,
         117.4698, 117.1567, 116.8527, 116.5507, 116.2535, 115.9667, 115.6889,
         115.4205, 115.1611, 114.9089, 114.6535, 114.4085, 114.1656, 113.9302,
         113.6900, 113.4612, 113.2096, 112.9668, 112.7173, 112.4693, 112.2071,
         111.9603, 111.6751, 111.4098, 111.1204, 110.8453, 110.5386, 110.2558,
         109.9516, 109.6674, 109.3843, 109.1149, 108.8552, 108.6118, 108.3717,
         108.1564, 107.9483, 107.8074]], dtype=torch.float64), 'xCO2': tensor([[0.7142, 0.7474, 0.7732, 0.7694, 0.7424, 0.7036, 0.6498, 0.5773, 0.4853,
         0.3758, 0.2419, 0.1302, 0.0655, 0.0307, 0.0159, 0.0117, 0.0110, 0.0109,
         0.0111, 0.0116, 0.0122, 0.0129, 0.0135, 0.0142, 0.0150, 0.0158, 0.0168,
         0.0178, 0.0189, 0.0202, 0.0216, 0.0233, 0.0253, 0.0289, 0.0331, 0.0413,
         0.0494, 0.0560, 0.0633, 0.0708, 0.0775, 0.0848, 0.0928, 0.1017, 0.1114,
         0.1224, 0.1346, 0.1479, 0.1626, 0.1787, 0.1963, 0.2157, 0.2375, 0.2612,
         0.2869, 0.3149, 0.3451, 0.3777, 0.4138, 0.4522, 0.4929, 0.5358, 0.5805,
         0.6273, 0.6760, 0.7250, 0.7734, 0.8204, 0.8649, 0.9058, 0.9408, 0.9687,
         0.9880, 0.9965, 0.9941, 0.9813, 0.9578, 0.9231, 0.8809, 0.8335]],
       dtype=torch.float64), 'xH2O': tensor([[5.2288e-06, 3.4164e-06, 2.1666e-06, 1.3270e-06, 7.7703e-07, 4.3057e-07,
         2.2219e-07, 1.0471e-07, 4.3557e-08, 1.5200e-08, 4.5208e-09, 1.1539e-09,
         2.5291e-10, 5.0312e-11, 8.8216e-12, 7.9488e-13, 2.3525e-13, 1.4419e-13,
         1.4412e-13, 1.6087e-13, 1.8950e-13, 2.3883e-13, 3.1246e-13, 3.9035e-13,
         4.7636e-13, 6.0621e-13, 7.8354e-13, 1.0210e-12, 1.3405e-12, 1.7517e-12,
         2.2769e-12, 2.8786e-12, 3.4750e-12, 4.1121e-12, 4.6994e-12, 5.4956e-12,
         6.2404e-12, 6.8506e-12, 7.6803e-12, 8.7028e-12, 9.8914e-12, 1.1149e-11,
         1.2474e-11, 1.3867e-11, 1.5317e-11, 1.6798e-11, 1.8306e-11, 1.9857e-11,
         2.1447e-11, 2.3075e-11, 2.4736e-11, 2.6415e-11, 2.8029e-11, 2.9648e-11,
         3.1246e-11, 3.2818e-11, 3.4329e-11, 3.5854e-11, 3.7055e-11, 3.8233e-11,
         3.9323e-11, 4.0332e-11, 4.1225e-11, 4.2186e-11, 4.2667e-11, 4.3259e-11,
         4.3796e-11, 4.4424e-11, 4.4821e-11, 4.5455e-11, 4.6120e-11, 4.7166e-11,
         4.8593e-11, 5.0445e-11, 5.1790e-11, 4.8455e-11, 4.0944e-11, 3.3411e-11,
         2.8241e-11, 2.6321e-11]], dtype=torch.float64), 'xSO2': tensor([[4.2909e-02, 3.5985e-02, 2.9811e-02, 2.4190e-02, 1.8876e-02, 1.4116e-02,
         1.0050e-02, 6.7121e-03, 4.0993e-03, 2.1949e-03, 1.0308e-03, 4.3121e-04,
         1.6214e-04, 5.5114e-05, 2.0874e-05, 1.2584e-05, 1.0757e-05, 9.8276e-06,
         9.3545e-06, 9.1465e-06, 9.1409e-06, 9.2658e-06, 9.5066e-06, 9.8854e-06,
         1.0361e-05, 1.0861e-05, 1.1367e-05, 1.1905e-05, 1.2492e-05, 1.3116e-05,
         1.3784e-05, 1.4539e-05, 1.5459e-05, 1.7322e-05, 1.9611e-05, 2.4128e-05,
         2.8605e-05, 3.2272e-05, 3.5810e-05, 3.9252e-05, 4.2791e-05, 4.6737e-05,
         5.0972e-05, 5.5465e-05, 6.0277e-05, 6.5596e-05, 7.1359e-05, 7.7552e-05,
         8.4187e-05, 9.1273e-05, 9.8815e-05, 1.0689e-04, 1.1559e-04, 1.2473e-04,
         1.3427e-04, 1.4416e-04, 1.5434e-04, 1.6475e-04, 1.7549e-04, 1.8614e-04,
         1.9653e-04, 2.0645e-04, 2.1566e-04, 2.2393e-04, 2.3085e-04, 2.3606e-04,
         2.3926e-04, 2.4018e-04, 2.3854e-04, 2.3384e-04, 2.2633e-04, 2.1590e-04,
         2.0244e-04, 1.8486e-04, 1.6400e-04, 1.4062e-04, 1.1556e-04, 9.0221e-05,
         6.7641e-05, 5.0600e-05]], dtype=torch.float64), 'xH2SO4aer': tensor([[6.5710e-08, 7.4653e-08, 8.5924e-08, 9.9163e-08, 1.1551e-07, 1.3562e-07,
         1.6014e-07, 1.9052e-07, 2.2972e-07, 2.8702e-07, 4.1696e-07, 7.5156e-07,
         8.8754e-07, 2.2344e-07, 8.1320e-09, 4.3798e-10, 2.9086e-10, 2.6386e-10,
         2.5936e-10, 2.6156e-10, 2.6781e-10, 2.7525e-10, 2.8272e-10, 2.8978e-10,
         2.9658e-10, 3.0319e-10, 3.0902e-10, 3.1343e-10, 3.1556e-10, 3.1463e-10,
         3.0910e-10, 2.9512e-10, 2.7753e-10, 2.7868e-10, 2.9323e-10, 3.3398e-10,
         3.7583e-10, 4.1011e-10, 4.1766e-10, 3.9509e-10, 3.3054e-10, 2.6765e-10,
         2.0967e-10, 1.5905e-10, 1.1709e-10, 8.4259e-11, 5.9751e-11, 4.2114e-11,
         2.9767e-11, 2.1247e-11, 1.5357e-11, 1.1234e-11, 8.2843e-12, 6.1065e-12,
         4.4818e-12, 3.2672e-12, 2.3618e-12, 1.6921e-12, 1.2048e-12, 8.4992e-13,
         5.9357e-13, 4.1009e-13, 2.8001e-13, 1.8938e-13, 1.2714e-13, 8.4424e-14,
         5.5374e-14, 3.5839e-14, 2.2889e-14, 1.4552e-14, 9.0635e-15, 5.4811e-15,
         3.1618e-15, 1.7300e-15, 8.4321e-16, 3.3098e-16, 1.0287e-16, 3.2032e-17,
         9.2641e-18, 2.0167e-18]], dtype=torch.float64), 'xS8aer': tensor([[1.4555e-34, 3.1660e-34, 8.1195e-34, 2.5641e-33, 9.9961e-33, 4.2849e-32,
         2.0053e-31, 4.5548e-30, 1.6197e-27, 5.2119e-25, 1.7950e-22, 5.4124e-21,
         1.0343e-20, 2.4358e-21, 5.7976e-23, 2.7688e-25, 3.3291e-26, 8.0726e-27,
         3.7187e-27, 1.9681e-27, 1.0802e-27, 6.4672e-28, 4.0917e-28, 2.5631e-28,
         1.7321e-28, 1.2425e-28, 8.4644e-29, 6.0912e-29, 4.4892e-29, 2.9422e-29,
         2.7724e-29, 3.5678e-29, 4.6105e-29, 5.5892e-29, 6.4256e-29, 7.6676e-29,
         8.8487e-29, 9.8162e-29, 7.8297e-29, 4.0758e-29, 2.0632e-29, 1.5898e-29,
         1.2717e-29, 9.9303e-30, 7.3525e-30, 5.2587e-30, 3.2734e-30, 1.6936e-30,
         7.1126e-31, 2.1005e-31, 3.2451e-32, 2.8977e-33, 1.6918e-34, 3.1739e-36,
         1.0000e-40, 1.0000e-40, 1.0000e-40, 1.0000e-40, 1.0000e-40, 1.0000e-40,
         1.0000e-40, 1.0000e-40, 1.0000e-40, 1.0000e-40, 1.0000e-40, 1.0000e-40,
         1.0000e-40, 1.0000e-40, 1.0000e-40, 1.0000e-40, 1.0000e-40, 1.0000e-40,
         1.0000e-40, 1.0000e-40, 1.0000e-40, 1.0000e-40, 1.0000e-40, 1.0000e-40,
         1.0000e-40, 1.0000e-40]], dtype=torch.float64)}"
108000,222.751,4.44215e-08,"{'pres': tensor([[7.0013e+04, 5.7350e+04, 4.6977e+04, 3.8480e+04, 3.1520e+04, 2.5819e+04,
         2.1149e+04, 1.7324e+04, 1.4190e+04, 1.1624e+04, 9.5214e+03, 7.7993e+03,
         6.3886e+03, 5.2331e+03, 4.2866e+03, 3.5112e+03, 2.8762e+03, 2.3559e+03,
         1.9298e+03, 1.5808e+03, 1.2949e+03, 1.0607e+03, 8.6881e+02, 7.1167e+02,
         5.8295e+02, 4.7751e+02, 3.9114e+02, 3.2040e+02, 2.6245e+02, 2.1498e+02,
         1.7609e+02, 1.4424e+02, 1.1815e+02, 9.6783e+01, 7.9278e+01, 6.4939e+01,
         5.3193e+01, 4.3572e+01, 3.5691e+01, 2.9236e+01, 2.3948e+01, 1.9616e+01,
         1.6068e+01, 1.3162e+01, 1.0781e+01, 8.8313e+00, 7.2340e+00, 5.9256e+00,
         4.8538e+00, 3.9759e+00, 3.2568e+00, 2.6677e+00, 2.1852e+00, 1.7900e+00,
         1.4662e+00, 1.2010e+00, 9.8378e-01, 8.0585e-01, 6.6009e-01, 5.4070e-01,
         4.4290e-01, 3.6279e-01, 2.9717e-01, 2.4342e-01, 1.9940e-01, 1.6333e-01,
         1.3379e-01, 1.0959e-01, 8.9769e-02, 7.3532e-02, 6.0232e-02, 4.9338e-02,
         4.0414e-02, 3.3104e-02, 2.7117e-02, 2.2212e-02, 1.8195e-02, 1.4904e-02,
         1.2208e-02, 1.0000e-02]], dtype=torch.float64), 'temp': tensor([[205.3917, 201.1705, 196.9523, 192.7003, 188.3877, 183.8923, 179.2135,
         174.3152, 169.0836, 163.3583, 157.2886, 151.0419, 144.9041, 138.7742,
         133.4292, 131.1232, 129.7656, 128.6913, 127.7683, 126.9583, 126.2399,
         125.5788, 124.9662, 124.4102, 123.8907, 123.3993, 122.9503, 122.5300,
         122.1286, 121.7590, 121.4181, 121.0842, 120.7740, 120.4613, 120.1732,
         119.7903, 119.4319, 119.1353, 118.8142, 118.4744, 118.1289, 117.7947,
         117.4710, 117.1580, 116.8539, 116.5522, 116.2551, 115.9686, 115.6909,
         115.4226, 115.1632, 114.9112, 114.6562, 114.4115, 114.1687, 113.9336,
         113.6934, 113.4645, 113.2134, 112.9711, 112.7218, 112.4740, 112.2116,
         111.9646, 111.6800, 111.4153, 111.1256, 110.8502, 110.5436, 110.2609,
         109.9565, 109.6720, 109.3886, 109.1190, 108.8593, 108.6154, 108.3751,
         108.1594, 107.9504, 107.8095]], dtype=torch.float64), 'xCO2': tensor([[0.7142, 0.7474, 0.7732, 0.7694, 0.7424, 0.7036, 0.6498, 0.5773, 0.4852,
         0.3752, 0.2408, 0.1296, 0.0653, 0.0307, 0.0159, 0.0117, 0.0110, 0.0109,
         0.0111, 0.0116, 0.0122, 0.0128, 0.0135, 0.0142, 0.0150, 0.0158, 0.0168,
         0.0178, 0.0189, 0.0202, 0.0216, 0.0233, 0.0253, 0.0289, 0.0331, 0.0413,
         0.0494, 0.0560, 0.0633, 0.0708, 0.0775, 0.0848, 0.0928, 0.1017, 0.1114,
         0.1224, 0.1346, 0.1479, 0.1626, 0.1787, 0.1963, 0.2157, 0.2375, 0.2612,
         0.2870, 0.3149, 0.3451, 0.3777, 0.4138, 0.4522, 0.4929, 0.5358, 0.5805,
         0.6273, 0.6760, 0.7250, 0.7735, 0.8205, 0.8650, 0.9058, 0.9409, 0.9687,
         0.9880, 0.9965, 0.9942, 0.9813, 0.9578, 0.9232, 0.8810, 0.8336]],
       dtype=torch.float64), 'xH2O': tensor([[5.2459e-06, 3.4244e-06, 2.1700e-06, 1.3266e-06, 7.7733e-07, 4.2947e-07,
         2.2131e-07, 1.0417e-07, 4.3258e-08, 1.5069e-08, 4.4791e-09, 1.1446e-09,
         2.5157e-10, 5.0151e-11, 8.7046e-12, 7.8519e-13, 2.3376e-13, 1.4408e-13,
         1.4414e-13, 1.6090e-13, 1.8954e-13, 2.3889e-13, 3.1253e-13, 3.9042e-13,
         4.7641e-13, 6.0625e-13, 7.8359e-13, 1.0211e-12, 1.3406e-12, 1.7519e-12,
         2.2771e-12, 2.8787e-12, 3.4746e-12, 4.1114e-12, 4.6985e-12, 5.4945e-12,
         6.2392e-12, 6.8492e-12, 7.6779e-12, 8.6990e-12, 9.8871e-12, 1.1145e-11,
         1.2472e-11, 1.3865e-11, 1.5317e-11, 1.6799e-11, 1.8310e-11, 1.9864e-11,
         2.1456e-11, 2.3086e-11, 2.4749e-11, 2.6431e-11, 2.8049e-11, 2.9672e-11,
         3.1275e-11, 3.2850e-11, 3.4364e-11, 3.5891e-11, 3.7100e-11, 3.8285e-11,
         3.9382e-11, 4.0395e-11, 4.1290e-11, 4.2252e-11, 4.2744e-11, 4.3346e-11,
         4.3885e-11, 4.4513e-11, 4.4914e-11, 4.5554e-11, 4.6221e-11, 4.7267e-11,
         4.8692e-11, 5.0541e-11, 5.1790e-11, 4.8286e-11, 4.0719e-11, 3.3221e-11,
         2.8100e-11, 2.6209e-11]], dtype=torch.float64), 'xSO2': tensor([[4.2990e-02, 3.6033e-02, 2.9838e-02, 2.4186e-02, 1.8880e-02, 1.4093e-02,
         1.0025e-02, 6.6899e-03, 4.0809e-03, 2.1823e-03, 1.0244e-03, 4.2888e-04,
         1.6156e-04, 5.5005e-05, 2.0863e-05, 1.2585e-05, 1.0758e-05, 9.8284e-06,
         9.3552e-06, 9.1471e-06, 9.1415e-06, 9.2664e-06, 9.5072e-06, 9.8860e-06,
         1.0359e-05, 1.0859e-05, 1.1367e-05, 1.1905e-05, 1.2492e-05, 1.3116e-05,
         1.3785e-05, 1.4539e-05, 1.5457e-05, 1.7318e-05, 1.9603e-05, 2.4115e-05,
         2.8589e-05, 3.2253e-05, 3.5802e-05, 3.9261e-05, 4.2797e-05, 4.6729e-05,
         5.0960e-05, 5.5460e-05, 6.0277e-05, 6.5598e-05, 7.1361e-05, 7.7555e-05,
         8.4190e-05, 9.1276e-05, 9.8819e-05, 1.0689e-04, 1.1559e-04, 1.2473e-04,
         1.3427e-04, 1.4416e-04, 1.5435e-04, 1.6476e-04, 1.7549e-04, 1.8614e-04,
         1.9654e-04, 2.0646e-04, 2.1567e-04, 2.2394e-04, 2.3086e-04, 2.3607e-04,
         2.3926e-04, 2.4019e-04, 2.3855e-04, 2.3384e-04, 2.2634e-04, 2.1591e-04,
         2.0245e-04, 1.8487e-04, 1.6401e-04, 1.4063e-04, 1.1557e-04, 9.0223e-05,
         6.7639e-05, 5.0597e-05]], dtype=torch.float64), 'xH2SO4aer': tensor([[6.5712e-08, 7.4655e-08, 8.5926e-08, 9.9166e-08, 1.1552e-07, 1.3563e-07,
         1.6014e-07, 1.9053e-07, 2.2973e-07, 2.8703e-07, 4.1700e-07, 7.5168e-07,
         8.8750e-07, 2.2323e-07, 8.1187e-09, 4.3746e-10, 2.9077e-10, 2.6386e-10,
         2.5934e-10, 2.6150e-10, 2.6777e-10, 2.7524e-10, 2.8272e-10, 2.8979e-10,
         2.9660e-10, 3.0322e-10, 3.0906e-10, 3.1347e-10, 3.1546e-10, 3.1401e-10,
         3.0727e-10, 2.9105e-10, 2.7079e-10, 2.6927e-10, 2.8145e-10, 3.1843e-10,
         3.5666e-10, 3.8797e-10, 3.9202e-10, 3.6597e-10, 3.0003e-10, 2.3787e-10,
         1.8262e-10, 1.3622e-10, 9.9291e-11, 7.1563e-11, 5.1474e-11, 3.7224e-11,
         2.7187e-11, 2.0056e-11, 1.4894e-11, 1.1090e-11, 8.2503e-12, 6.1048e-12,
         4.4863e-12, 3.2712e-12, 2.3646e-12, 1.6940e-12, 1.2062e-12, 8.5090e-13,
         5.9427e-13, 4.1059e-13, 2.8037e-13, 1.8964e-13, 1.2733e-13, 8.4557e-14,
         5.5462e-14, 3.5896e-14, 2.2925e-14, 1.4574e-14, 9.0753e-15, 5.4858e-15,
         3.1619e-15, 1.7272e-15, 8.3896e-16, 3.2773e-16, 1.0157e-16, 3.1638e-17,
         9.1632e-18, 1.9972e-18]], dtype=torch.float64), 'xS8aer': tensor([[1.4555e-34, 3.1654e-34, 8.1163e-34, 2.5624e-33, 9.9866e-33, 4.2794e-32,
         2.0022e-31, 4.5506e-30, 1.6188e-27, 5.2109e-25, 1.7976e-22, 5.4201e-21,
         1.0337e-20, 2.4320e-21, 5.7793e-23, 2.7423e-25, 3.2880e-26, 8.0030e-27,
         3.6976e-27, 1.9570e-27, 1.0729e-27, 6.4290e-28, 4.0644e-28, 2.5407e-28,
         1.7177e-28, 1.2290e-28, 8.3313e-29, 5.9531e-29, 4.3488e-29, 2.9310e-29,
         2.9590e-29, 3.8180e-29, 4.6922e-29, 5.4263e-29, 6.0775e-29, 7.1902e-29,
         8.2721e-29, 9.1583e-29, 7.2698e-29, 3.7253e-29, 1.8377e-29, 1.3904e-29,
         1.0605e-29, 7.6538e-30, 5.1346e-30, 3.4382e-30, 2.0057e-30, 9.5680e-31,
         3.6751e-31, 9.0370e-32, 7.2968e-33, 2.6317e-34, 1.1350e-35, 1.6052e-37,
         1.0000e-40, 1.0000e-40, 1.0000e-40, 1.0000e-40, 1.0000e-40, 1.0000e-40,
         1.0000e-40, 1.0000e-40, 1.0000e-40, 1.0000e-40, 1.0000e-40, 1.0000e-40,
         1.0000e-40, 1.0000e-40, 1.0000e-40, 1.0000e-40, 1.0000e-40, 1.0000e-40,
         1.0000e-40, 1.0000e-40, 1.0000e-40, 1.0000e-40, 1.0000e-40, 1.0000e-40,
         1.0000e-40, 1.0000e-40]], dtype=torch.float64)}"
129600,222.748,2.91955e-08,"{'pres': tensor([[7.0013e+04, 5.7350e+04, 4.6977e+04, 3.8480e+04, 3.1520e+04, 2.5819e+04,
         2.1149e+04, 1.7324e+04, 1.4190e+04, 1.1624e+04, 9.5214e+03, 7.7993e+03,
         6.3886e+03, 5.2331e+03, 4.2866e+03, 3.5112e+03, 2.8762e+03, 2.3559e+03,
         1.9298e+03, 1.5808e+03, 1.2949e+03, 1.0607e+03, 8.6881e+02, 7.1167e+02,
         5.8295e+02, 4.7751e+02, 3.9114e+02, 3.2040e+02, 2.6245e+02, 2.1498e+02,
         1.7609e+02, 1.4424e+02, 1.1815e+02, 9.6783e+01, 7.9278e+01, 6.4939e+01,
         5.3193e+01, 4.3572e+01, 3.5691e+01, 2.9236e+01, 2.3948e+01, 1.9616e+01,
         1.6068e+01, 1.3162e+01, 1.0781e+01, 8.8313e+00, 7.2340e+00, 5.9256e+00,
         4.8538e+00, 3.9759e+00, 3.2568e+00, 2.6677e+00, 2.1852e+00, 1.7900e+00,
         1.4662e+00, 1.2010e+00, 9.8378e-01, 8.0585e-01, 6.6009e-01, 5.4070e-01,
         4.4290e-01, 3.6279e-01, 2.9717e-01, 2.4342e-01, 1.9940e-01, 1.6333e-01,
         1.3379e-01, 1.0959e-01, 8.9769e-02, 7.3532e-02, 6.0232e-02, 4.9338e-02,
         4.0414e-02, 3.3104e-02, 2.7117e-02, 2.2212e-02, 1.8195e-02, 1.4904e-02,
         1.2208e-02, 1.0000e-02]], dtype=torch.float64), 'temp': tensor([[205.4166, 201.1819, 196.9547, 192.7074, 188.3685, 183.8919, 179.2122,
         174.2895, 169.0511, 163.3196, 157.2502, 151.0125, 144.8878, 138.7664,
         133.4283, 131.1237, 129.7660, 128.6916, 127.7686, 126.9586, 126.2402,
         125.5790, 124.9665, 124.4105, 123.8910, 123.3996, 122.9506, 122.5304,
         122.1289, 121.7594, 121.4184, 121.0846, 120.7744, 120.4618, 120.1737,
         119.7913, 119.4333, 119.1364, 118.8151, 118.4753, 118.1299, 117.7958,
         117.4722, 117.1592, 116.8552, 116.5535, 116.2567, 115.9704, 115.6928,
         115.4246, 115.1653, 114.9134, 114.6587, 114.4144, 114.1718, 113.9369,
         113.6966, 113.4677, 113.2170, 112.9752, 112.7261, 112.4784, 112.2159,
         111.9686, 111.6844, 111.4204, 111.1302, 110.8545, 110.5480, 110.2654,
         109.9608, 109.6762, 109.3924, 109.1227, 108.8630, 108.6187, 108.3783,
         108.1624, 107.9524, 107.8116]], dtype=torch.float64), 'xCO2': tensor([[0.7142, 0.7474, 0.7732, 0.7694, 0.7424, 0.7036, 0.6498, 0.5773, 0.4851,
         0.3746, 0.2397, 0.1291, 0.0651, 0.0307, 0.0159, 0.0117, 0.0110, 0.0109,
         0.0111, 0.0116, 0.0122, 0.0128, 0.0135, 0.0142, 0.0150, 0.0158, 0.0168,
         0.0178, 0.0189, 0.0202, 0.0216, 0.0233, 0.0253, 0.0289, 0.0331, 0.0413,
         0.0494, 0.0560, 0.0633, 0.0708, 0.0775, 0.0848, 0.0928, 0.1017, 0.1114,
         0.1224, 0.1346, 0.1479, 0.1626, 0.1787, 0.1963, 0.2157, 0.2375, 0.2612,
         0.2870, 0.3149, 0.3451, 0.3777, 0.4138, 0.4522, 0.4929, 0.5358, 0.5806,
         0.6274, 0.6761, 0.7251, 0.7735, 0.8205, 0.8650, 0.9058, 0.9409, 0.9688,
         0.9881, 0.9966, 0.9942, 0.9814, 0.9579, 0.9232, 0.8810, 0.8336]],
       dtype=torch.float64), 'xH2O': tensor([[5.2430e-06, 3.4299e-06, 2.1744e-06, 1.3289e-06, 7.7866e-07, 4.2947e-07,
         2.2074e-07, 1.0365e-07, 4.2961e-08, 1.4938e-08, 4.4378e-09, 1.1354e-09,
         2.5025e-10, 4.9992e-11, 8.5953e-12, 7.7651e-13, 2.3241e-13, 1.4396e-13,
         1.4416e-13, 1.6093e-13, 1.8959e-13, 2.3894e-13, 3.1260e-13, 3.9050e-13,
         4.7647e-13, 6.0631e-13, 7.8365e-13, 1.0212e-12, 1.3408e-12, 1.7521e-12,
         2.2773e-12, 2.8788e-12, 3.4744e-12, 4.1110e-12, 4.6980e-12, 5.4939e-12,
         6.2385e-12, 6.8485e-12, 7.6765e-12, 8.6964e-12, 9.8843e-12, 1.1143e-11,
         1.2470e-11, 1.3864e-11, 1.5317e-11, 1.6802e-11, 1.8315e-11, 1.9871e-11,
         2.1466e-11, 2.3098e-11, 2.4763e-11, 2.6447e-11, 2.8069e-11, 2.9697e-11,
         3.1303e-11, 3.2882e-11, 3.4397e-11, 3.5926e-11, 3.7143e-11, 3.8335e-11,
         3.9436e-11, 4.0454e-11, 4.1350e-11, 4.2313e-11, 4.2815e-11, 4.3425e-11,
         4.3965e-11, 4.4593e-11, 4.4998e-11, 4.5643e-11, 4.6311e-11, 4.7357e-11,
         4.8782e-11, 5.0628e-11, 5.1805e-11, 4.8166e-11, 4.0540e-11, 3.3053e-11,
         2.7961e-11, 2.6087e-11]], dtype=torch.float64), 'xSO2': tensor([[4.2976e-02, 3.6069e-02, 2.9874e-02, 2.4211e-02, 1.8900e-02, 1.4092e-02,
         1.0008e-02, 6.6682e-03, 4.0625e-03, 2.1697e-03, 1.0181e-03, 4.2656e-04,
         1.6098e-04, 5.4896e-05, 2.0851e-05, 1.2586e-05, 1.0759e-05, 9.8292e-06,
         9.3559e-06, 9.1478e-06, 9.1421e-06, 9.2670e-06, 9.5079e-06, 9.8864e-06,
         1.0358e-05, 1.0857e-05, 1.1366e-05, 1.1905e-05, 1.2492e-05, 1.3117e-05,
         1.3785e-05, 1.4539e-05, 1.5456e-05, 1.7313e-05, 1.9595e-05, 2.4105e-05,
         2.8575e-05, 3.2237e-05, 3.5797e-05, 3.9270e-05, 4.2803e-05, 4.6723e-05,
         5.0949e-05, 5.5455e-05, 6.0277e-05, 6.5599e-05, 7.1363e-05, 7.7557e-05,
         8.4193e-05, 9.1279e-05, 9.8822e-05, 1.0689e-04, 1.1560e-04, 1.2474e-04,
         1.3428e-04, 1.4417e-04, 1.5435e-04, 1.6477e-04, 1.7550e-04, 1.8615e-04,
         1.9654e-04, 2.0647e-04, 2.1568e-04, 2.2395e-04, 2.3087e-04, 2.3608e-04,
         2.3927e-04, 2.4019e-04, 2.3856e-04, 2.3385e-04, 2.2635e-04, 2.1592e-04,
         2.0246e-04, 1.8488e-04, 1.6402e-04, 1.4064e-04, 1.1557e-04, 9.0225e-05,
         6.7638e-05, 5.0594e-05]], dtype=torch.float64), 'xH2SO4aer': tensor([[6.5714e-08, 7.4658e-08, 8.5929e-08, 9.9169e-08, 1.1552e-07, 1.3563e-07,
         1.6015e-07, 1.9053e-07, 2.2973e-07, 2.8704e-07, 4.1705e-07, 7.5181e-07,
         8.8745e-07, 2.2301e-07, 8.1050e-09, 4.3693e-10, 2.9068e-10, 2.6386e-10,
         2.5931e-10, 2.6145e-10, 2.6773e-10, 2.7523e-10, 2.8273e-10, 2.8980e-10,
         2.9662e-10, 3.0325e-10, 3.0910e-10, 3.1347e-10, 3.1523e-10, 3.1308e-10,
         3.0485e-10, 2.8622e-10, 2.6328e-10, 2.5917e-10, 2.6904e-10, 3.0236e-10,
         3.3707e-10, 3.6551e-10, 3.6654e-10, 3.3794e-10, 2.7216e-10, 2.1229e-10,
         1.6098e-10, 1.1944e-10, 8.7448e-11, 6.4032e-11, 4.7174e-11, 3.5049e-11,
         2.6233e-11, 1.9708e-11, 1.4799e-11, 1.1076e-11, 8.2544e-12, 6.1108e-12,
         4.4909e-12, 3.2744e-12, 2.3668e-12, 1.6956e-12, 1.2074e-12, 8.5177e-13,
         5.9492e-13, 4.1106e-13, 2.8071e-13, 1.8988e-13, 1.2750e-13, 8.4681e-14,
         5.5545e-14, 3.5950e-14, 2.2960e-14, 1.4596e-14, 9.0869e-15, 5.4909e-15,
         3.1628e-15, 1.7255e-15, 8.3582e-16, 3.2518e-16, 1.0048e-16, 3.1279e-17,
         9.0629e-18, 1.9764e-18]], dtype=torch.float64), 'xS8aer': tensor([[1.4556e-34, 3.1649e-34, 8.1131e-34, 2.5607e-33, 9.9770e-33, 4.2740e-32,
         1.9992e-31, 4.5464e-30, 1.6181e-27, 5.2105e-25, 1.8005e-22, 5.4278e-21,
         1.0330e-20, 2.4282e-21, 5.7608e-23, 2.7160e-25, 3.2479e-26, 7.9355e-27,
         3.6770e-27, 1.9460e-27, 1.0659e-27, 6.3915e-28, 4.0373e-28, 2.5192e-28,
         1.7035e-28, 1.2154e-28, 8.1977e-29, 5.8149e-29, 4.2385e-29, 2.9682e-29,
         3.1580e-29, 3.9941e-29, 4.6593e-29, 5.2015e-29, 5.7356e-29, 6.7743e-29,
         7.8019e-29, 8.6436e-29, 6.8396e-29, 3.4525e-29, 1.6365e-29, 1.1977e-29,
         8.6373e-30, 5.7883e-30, 3.6113e-30, 2.4085e-30, 1.4213e-30, 6.9744e-31,
         2.7502e-31, 6.3093e-32, 3.3202e-33, 2.2185e-35, 7.1441e-37, 7.6864e-39,
         1.0000e-40, 1.0000e-40, 1.0000e-40, 1.0000e-40, 1.0000e-40, 1.0000e-40,
         1.0000e-40, 1.0000e-40, 1.0000e-40, 1.0000e-40, 1.0000e-40, 1.0000e-40,
         1.0000e-40, 1.0000e-40, 1.0000e-40, 1.0000e-40, 1.0000e-40, 1.0000e-40,
         1.0000e-40, 1.0000e-40, 1.0000e-40, 1.0000e-40, 1.0000e-40, 1.0000e-40,
         1.0000e-40, 1.0000e-40]], dtype=torch.float64)}"
151200,222.749,4.47473e-08,"{'pres': tensor([[7.0013e+04, 5.7350e+04, 4.6977e+04, 3.8480e+04, 3.1520e+04, 2.5819e+04,
         2.1149e+04, 1.7324e+04, 1.4190e+04, 1.1624e+04, 9.5214e+03, 7.7993e+03,
         6.3886e+03, 5.2331e+03, 4.2866e+03, 3.5112e+03, 2.8762e+03, 2.3559e+03,
         1.9298e+03, 1.5808e+03, 1.2949e+03, 1.0607e+03, 8.6881e+02, 7.1167e+02,
         5.8295e+02, 4.7751e+02, 3.9114e+02, 3.2040e+02, 2.6245e+02, 2.1498e+02,
         1.7609e+02, 1.4424e+02, 1.1815e+02, 9.6783e+01, 7.9278e+01, 6.4939e+01,
         5.3193e+01, 4.3572e+01, 3.5691e+01, 2.9236e+01, 2.3948e+01, 1.9616e+01,
         1.6068e+01, 1.3162e+01, 1.0781e+01, 8.8313e+00, 7.2340e+00, 5.9256e+00,
         4.8538e+00, 3.9759e+00, 3.2568e+00, 2.6677e+00, 2.1852e+00, 1.7900e+00,
         1.4662e+00, 1.2010e+00, 9.8378e-01, 8.0585e-01, 6.6009e-01, 5.4070e-01,
         4.4290e-01, 3.6279e-01, 2.9717e-01, 2.4342e-01, 1.9940e-01, 1.6333e-01,
         1.3379e-01, 1.0959e-01, 8.9769e-02, 7.3532e-02, 6.0232e-02, 4.9338e-02,
         4.0414e-02, 3.3104e-02, 2.7117e-02, 2.2212e-02, 1.8195e-02, 1.4904e-02,
         1.2208e-02, 1.0000e-02]], dtype=torch.float64), 'temp': tensor([[205.4120, 201.1909, 196.9678, 192.7125, 188.3788, 183.9172, 179.2100,
         174.2638, 169.0186, 163.2810, 157.2121, 150.9832, 144.8715, 138.7586,
         133.4273, 131.1241, 129.7664, 128.6920, 127.7689, 126.9588, 126.2404,
         125.5793, 124.9668, 124.4108, 123.8913, 123.3999, 122.9509, 122.5307,
         122.1293, 121.7597, 121.4188, 121.0849, 120.7748, 120.4622, 120.1743,
         119.7924, 119.4347, 119.1376, 118.8159, 118.4762, 118.1309, 117.7969,
         117.4734, 117.1604, 116.8564, 116.5549, 116.2583, 115.9721, 115.6947,
         115.4266, 115.1674, 114.9156, 114.6612, 114.4172, 114.1748, 113.9401,
         113.6997, 113.4708, 113.2205, 112.9790, 112.7301, 112.4825, 112.2198,
         111.9723, 111.6885, 111.4249, 111.1344, 110.8585, 110.5520, 110.2695,
         109.9647, 109.6799, 109.3959, 109.1260, 108.8664, 108.6218, 108.3812,
         108.1652, 107.9544, 107.8136]], dtype=torch.float64), 'xCO2': tensor([[0.7142, 0.7474, 0.7732, 0.7694, 0.7424, 0.7036, 0.6498, 0.5773, 0.4850,
         0.3739, 0.2385, 0.1286, 0.0649, 0.0306, 0.0159, 0.0117, 0.0110, 0.0109,
         0.0111, 0.0116, 0.0122, 0.0128, 0.0135, 0.0142, 0.0150, 0.0158, 0.0168,
         0.0178, 0.0189, 0.0202, 0.0216, 0.0233, 0.0253, 0.0289, 0.0331, 0.0413,
         0.0494, 0.0560, 0.0633, 0.0708, 0.0775, 0.0848, 0.0928, 0.1017, 0.1114,
         0.1224, 0.1346, 0.1479, 0.1626, 0.1787, 0.1963, 0.2157, 0.2375, 0.2612,
         0.2870, 0.3149, 0.3451, 0.3777, 0.4138, 0.4522, 0.4929, 0.5358, 0.5806,
         0.6274, 0.6761, 0.7251, 0.7735, 0.8205, 0.8650, 0.9059, 0.9410, 0.9688,
         0.9881, 0.9966, 0.9943, 0.9814, 0.9579, 0.9232, 0.8810, 0.8336]],
       dtype=torch.float64), 'xH2O': tensor([[5.2618e-06, 3.4368e-06, 2.1769e-06, 1.3303e-06, 7.7747e-07, 4.2923e-07,
         2.2048e-07, 1.0314e-07, 4.2655e-08, 1.4804e-08, 4.3956e-09, 1.1259e-09,
         2.4887e-10, 4.9824e-11, 8.4928e-12, 7.6852e-13, 2.3116e-13, 1.4382e-13,
         1.4416e-13, 1.6095e-13, 1.8962e-13, 2.3898e-13, 3.1266e-13, 3.9057e-13,
         4.7653e-13, 6.0636e-13, 7.8372e-13, 1.0213e-12, 1.3409e-12, 1.7524e-12,
         2.2775e-12, 2.8789e-12, 3.4743e-12, 4.1108e-12, 4.6977e-12, 5.4937e-12,
         6.2383e-12, 6.8483e-12, 7.6757e-12, 8.6948e-12, 9.8827e-12, 1.1142e-11,
         1.2471e-11, 1.3865e-11, 1.5319e-11, 1.6806e-11, 1.8321e-11, 1.9879e-11,
         2.1476e-11, 2.3110e-11, 2.4777e-11, 2.6462e-11, 2.8089e-11, 2.9720e-11,
         3.1330e-11, 3.2912e-11, 3.4430e-11, 3.5960e-11, 3.7183e-11, 3.8381e-11,
         3.9488e-11, 4.0509e-11, 4.1406e-11, 4.2369e-11, 4.2880e-11, 4.3497e-11,
         4.4037e-11, 4.4665e-11, 4.5073e-11, 4.5722e-11, 4.6391e-11, 4.7438e-11,
         4.8862e-11, 5.0707e-11, 5.1829e-11, 4.8080e-11, 4.0396e-11, 3.2906e-11,
         2.7829e-11, 2.5964e-11]], dtype=torch.float64), 'xSO2': tensor([[4.3065e-02, 3.6110e-02, 2.9894e-02, 2.4226e-02, 1.8881e-02, 1.4087e-02,
         9.9999e-03, 6.6468e-03, 4.0436e-03, 2.1568e-03, 1.0116e-03, 4.2417e-04,
         1.6038e-04, 5.4780e-05, 2.0837e-05, 1.2587e-05, 1.0759e-05, 9.8297e-06,
         9.3563e-06, 9.1482e-06, 9.1425e-06, 9.2674e-06, 9.5084e-06, 9.8871e-06,
         1.0356e-05, 1.0856e-05, 1.1365e-05, 1.1905e-05, 1.2492e-05, 1.3117e-05,
         1.3785e-05, 1.4539e-05, 1.5454e-05, 1.7309e-05, 1.9588e-05, 2.4095e-05,
         2.8564e-05, 3.2225e-05, 3.5793e-05, 3.9279e-05, 4.2808e-05, 4.6717e-05,
         5.0939e-05, 5.5449e-05, 6.0276e-05, 6.5601e-05, 7.1365e-05, 7.7559e-05,
         8.4195e-05, 9.1282e-05, 9.8825e-05, 1.0690e-04, 1.1560e-04, 1.2474e-04,
         1.3428e-04, 1.4418e-04, 1.5436e-04, 1.6477e-04, 1.7551e-04, 1.8616e-04,
         1.9655e-04, 2.0648e-04, 2.1569e-04, 2.2396e-04, 2.3088e-04, 2.3610e-04,
         2.3929e-04, 2.4020e-04, 2.3857e-04, 2.3386e-04, 2.2636e-04, 2.1593e-04,
         2.0247e-04, 1.8489e-04, 1.6403e-04, 1.4065e-04, 1.1558e-04, 9.0225e-05,
         6.7635e-05, 5.0591e-05]], dtype=torch.float64), 'xH2SO4aer': tensor([[6.5717e-08, 7.4660e-08, 8.5932e-08, 9.9172e-08, 1.1552e-07, 1.3563e-07,
         1.6015e-07, 1.9054e-07, 2.2974e-07, 2.8705e-07, 4.1710e-07, 7.5194e-07,
         8.8739e-07, 2.2280e-07, 8.0910e-09, 4.3639e-10, 2.9058e-10, 2.6385e-10,
         2.5928e-10, 2.6140e-10, 2.6769e-10, 2.7522e-10, 2.8273e-10, 2.8981e-10,
         2.9664e-10, 3.0327e-10, 3.0913e-10, 3.1344e-10, 3.1485e-10, 3.1178e-10,
         3.0184e-10, 2.8067e-10, 2.5512e-10, 2.4856e-10, 2.5626e-10, 2.8613e-10,
         3.1752e-10, 3.4324e-10, 3.4184e-10, 3.1170e-10, 2.4754e-10, 1.9115e-10,
         1.4445e-10, 1.0775e-10, 8.0065e-11, 5.9892e-11, 4.5129e-11, 3.4180e-11,
         2.5928e-11, 1.9629e-11, 1.4791e-11, 1.1083e-11, 8.2615e-12, 6.1159e-12,
         4.4945e-12, 3.2770e-12, 2.3687e-12, 1.6970e-12, 1.2084e-12, 8.5257e-13,
         5.9552e-13, 4.1150e-13, 2.8103e-13, 1.9011e-13, 1.2767e-13, 8.4797e-14,
         5.5622e-14, 3.6000e-14, 2.2991e-14, 1.4615e-14, 9.0979e-15, 5.4961e-15,
         3.1641e-15, 1.7245e-15, 8.3347e-16, 3.2315e-16, 9.9552e-17, 3.0955e-17,
         8.9669e-18, 1.9557e-18]], dtype=torch.float64), 'xS8aer': tensor([[1.4557e-34, 3.1644e-34, 8.1099e-34, 2.5590e-33, 9.9675e-33, 4.2685e-32,
         1.9962e-31, 4.5422e-30, 1.6174e-27, 5.2105e-25, 1.8036e-22, 5.4356e-21,
         1.0324e-20, 2.4243e-21, 5.7421e-23, 2.6900e-25, 3.2088e-26, 7.8703e-27,
         3.6570e-27, 1.9356e-27, 1.0593e-27, 6.3558e-28, 4.0116e-28, 2.4993e-28,
         1.6900e-28, 1.2024e-28, 8.0687e-29, 5.6869e-29, 4.1640e-29, 3.0416e-29,
         3.3446e-29, 4.0919e-29, 4.5537e-29, 4.9616e-29, 5.4299e-29, 6.4275e-29,
         7.4251e-29, 8.2424e-29, 6.5047e-29, 3.2306e-29, 1.4550e-29, 1.0238e-29,
         7.0207e-30, 4.4590e-30, 2.6628e-30, 1.8783e-30, 1.1888e-30, 5.9337e-31,
         2.1764e-31, 2.9162e-32, 6.6987e-35, 1.1543e-36, 2.2927e-38, 2.1493e-40,
         1.0000e-40, 1.0000e-40, 1.0000e-40, 1.0000e-40, 1.0000e-40, 1.0000e-40,
         1.0000e-40, 1.0000e-40, 1.0000e-40, 1.0000e-40, 1.0000e-40, 1.0000e-40,
         1.0000e-40, 1.0000e-40, 1.0000e-40, 1.0000e-40, 1.0000e-40, 1.0000e-40,
         1.0000e-40, 1.0000e-40, 1.0000e-40, 1.0000e-40, 1.0000e-40, 1.0000e-40,
         1.0000e-40, 1.0000e-40]], dtype=torch.float64)}"
172800,222.749,4.01844e-08,"{'pres': tensor([[7.0013e+04, 5.7350e+04, 4.6977e+04, 3.8480e+04, 3.1520e+04, 2.5819e+04,
         2.1149e+04, 1.7324e+04, 1.4190e+04, 1.1624e+04, 9.5214e+03, 7.7993e+03,
         6.3886e+03, 5.2331e+03, 4.2866e+03, 3.5112e+03, 2.8762e+03, 2.3559e+03,
         1.9298e+03, 1.5808e+03, 1.2949e+03, 1.0607e+03, 8.6881e+02, 7.1167e+02,
         5.8295e+02, 4.7751e+02, 3.9114e+02, 3.2040e+02, 2.6245e+02, 2.1498e+02,
         1.7609e+02, 1.4424e+02, 1.1815e+02, 9.6783e+01, 7.9278e+01, 6.4939e+01,
         5.3193e+01, 4.3572e+01, 3.5691e+01, 2.9236e+01, 2.3948e+01, 1.9616e+01,
         1.6068e+01, 1.3162e+01, 1.0781e+01, 8.8313e+00, 7.2340e+00, 5.9256e+00,
         4.8538e+00, 3.9759e+00, 3.2568e+00, 2.6677e+00, 2.1852e+00, 1.7900e+00,
         1.4662e+00, 1.2010e+00, 9.8378e-01, 8.0585e-01, 6.6009e-01, 5.4070e-01,
         4.4290e-01, 3.6279e-01, 2.9717e-01, 2.4342e-01, 1.9940e-01, 1.6333e-01,
         1.3379e-01, 1.0959e-01, 8.9769e-02, 7.3532e-02, 6.0232e-02, 4.9338e-02,
         4.0414e-02, 3.3104e-02, 2.7117e-02, 2.2212e-02, 1.8195e-02, 1.4904e-02,
         1.2208e-02, 1.0000e-02]], dtype=torch.float64), 'temp': tensor([[205.4161, 201.1956, 196.9740, 192.7231, 188.3880, 183.9274, 179.2162,
         174.2405, 168.9861, 163.2425, 157.1740, 150.9541, 144.8553, 138.7508,
         133.4264, 131.1246, 129.7669, 128.6923, 127.7692, 126.9591, 126.2407,
         125.5796, 124.9670, 124.4111, 123.8916, 123.4002, 122.9512, 122.5310,
         122.1296, 121.7600, 121.4191, 121.0852, 120.7752, 120.4626, 120.1749,
         119.7935, 119.4361, 119.1387, 118.8168, 118.4770, 118.1319, 117.7980,
         117.4745, 117.1615, 116.8576, 116.5562, 116.2599, 115.9739, 115.6966,
         115.4286, 115.1694, 114.9177, 114.6636, 114.4199, 114.1776, 113.9431,
         113.7027, 113.4737, 113.2238, 112.9827, 112.7338, 112.4863, 112.2235,
         111.9757, 111.6923, 111.4291, 111.1382, 110.8621, 110.5556, 110.2731,
         109.9682, 109.6832, 109.3990, 109.1290, 108.8695, 108.6246, 108.3840,
         108.1679, 107.9564, 107.8157]], dtype=torch.float64), 'xCO2': tensor([[0.7142, 0.7474, 0.7732, 0.7694, 0.7424, 0.7036, 0.6498, 0.5772, 0.4849,
         0.3732, 0.2374, 0.1280, 0.0648, 0.0306, 0.0159, 0.0117, 0.0110, 0.0109,
         0.0111, 0.0116, 0.0122, 0.0128, 0.0135, 0.0142, 0.0150, 0.0158, 0.0168,
         0.0178, 0.0189, 0.0202, 0.0216, 0.0233, 0.0253, 0.0289, 0.0331, 0.0413,
         0.0494, 0.0560, 0.0633, 0.0708, 0.0775, 0.0848, 0.0928, 0.1017, 0.1114,
         0.1224, 0.1346, 0.1479, 0.1626, 0.1787, 0.1963, 0.2157, 0.2375, 0.2612,
         0.2870, 0.3149, 0.3451, 0.3778, 0.4138, 0.4522, 0.4930, 0.5358, 0.5806,
         0.6274, 0.6761, 0.7251, 0.7735, 0.8205, 0.8650, 0.9059, 0.9410, 0.9688,
         0.9882, 0.9967, 0.9943, 0.9815, 0.9580, 0.9233, 0.8810, 0.8336]],
       dtype=torch.float64), 'xH2O': tensor([[5.2584e-06, 3.4407e-06, 2.1804e-06, 1.3317e-06, 7.7846e-07, 4.3034e-07,
         2.2041e-07, 1.0266e-07, 4.2362e-08, 1.4676e-08, 4.3554e-09, 1.1170e-09,
         2.4758e-10, 4.9669e-11, 8.3975e-12, 7.6117e-13, 2.3000e-13, 1.4369e-13,
         1.4416e-13, 1.6097e-13, 1.8965e-13, 2.3903e-13, 3.1272e-13, 3.9065e-13,
         4.7660e-13, 6.0643e-13, 7.8380e-13, 1.0214e-12, 1.3411e-12, 1.7526e-12,
         2.2777e-12, 2.8790e-12, 3.4742e-12, 4.1107e-12, 4.6977e-12, 5.4938e-12,
         6.2385e-12, 6.8485e-12, 7.6755e-12, 8.6940e-12, 9.8821e-12, 1.1142e-11,
         1.2472e-11, 1.3867e-11, 1.5322e-11, 1.6810e-11, 1.8327e-11, 1.9887e-11,
         2.1487e-11, 2.3122e-11, 2.4791e-11, 2.6478e-11, 2.8108e-11, 2.9743e-11,
         3.1356e-11, 3.2941e-11, 3.4461e-11, 3.5993e-11, 3.7222e-11, 3.8426e-11,
         3.9536e-11, 4.0560e-11, 4.1459e-11, 4.2421e-11, 4.2939e-11, 4.3563e-11,
         4.4103e-11, 4.4731e-11, 4.5141e-11, 4.5794e-11, 4.6464e-11, 4.7511e-11,
         4.8935e-11, 5.0780e-11, 5.1858e-11, 4.8019e-11, 4.0282e-11, 3.2780e-11,
         2.7707e-11, 2.5845e-11]], dtype=torch.float64), 'xSO2': tensor([[4.3049e-02, 3.6135e-02, 2.9922e-02, 2.4241e-02, 1.8896e-02, 1.4109e-02,
         9.9969e-03, 6.6264e-03, 4.0254e-03, 2.1444e-03, 1.0053e-03, 4.2190e-04,
         1.5981e-04, 5.4673e-05, 2.0825e-05, 1.2588e-05, 1.0761e-05, 9.8305e-06,
         9.3570e-06, 9.1488e-06, 9.1432e-06, 9.2681e-06, 9.5091e-06, 9.8877e-06,
         1.0355e-05, 1.0854e-05, 1.1365e-05, 1.1905e-05, 1.2492e-05, 1.3117e-05,
         1.3785e-05, 1.4539e-05, 1.5452e-05, 1.7304e-05, 1.9581e-05, 2.4087e-05,
         2.8555e-05, 3.2215e-05, 3.5791e-05, 3.9288e-05, 4.2814e-05, 4.6713e-05,
         5.0930e-05, 5.5443e-05, 6.0274e-05, 6.5601e-05, 7.1367e-05, 7.7561e-05,
         8.4197e-05, 9.1285e-05, 9.8828e-05, 1.0690e-04, 1.1561e-04, 1.2474e-04,
         1.3428e-04, 1.4418e-04, 1.5436e-04, 1.6478e-04, 1.7552e-04, 1.8617e-04,
         1.9656e-04, 2.0649e-04, 2.1570e-04, 2.2397e-04, 2.3090e-04, 2.3611e-04,
         2.3930e-04, 2.4022e-04, 2.3858e-04, 2.3387e-04, 2.2637e-04, 2.1594e-04,
         2.0248e-04, 1.8490e-04, 1.6404e-04, 1.4065e-04, 1.1558e-04, 9.0226e-05,
         6.7634e-05, 5.0589e-05]], dtype=torch.float64), 'xH2SO4aer': tensor([[6.5719e-08, 7.4662e-08, 8.5935e-08, 9.9175e-08, 1.1553e-07, 1.3564e-07,
         1.6016e-07, 1.9054e-07, 2.2974e-07, 2.8706e-07, 4.1715e-07, 7.5207e-07,
         8.8733e-07, 2.2257e-07, 8.0769e-09, 4.3586e-10, 2.9049e-10, 2.6384e-10,
         2.5925e-10, 2.6135e-10, 2.6765e-10, 2.7520e-10, 2.8274e-10, 2.8982e-10,
         2.9665e-10, 3.0330e-10, 3.0915e-10, 3.1334e-10, 3.1427e-10, 3.1006e-10,
         2.9818e-10, 2.7442e-10, 2.4643e-10, 2.3765e-10, 2.4337e-10, 2.7011e-10,
         2.9850e-10, 3.2176e-10, 3.1860e-10, 2.8796e-10, 2.2668e-10, 1.7457e-10,
         1.3261e-10, 1.0024e-10, 7.5909e-11, 5.7883e-11, 4.4297e-11, 3.3899e-11,
         2.5860e-11, 1.9625e-11, 1.4800e-11, 1.1091e-11, 8.2673e-12, 6.1200e-12,
         4.4975e-12, 3.2792e-12, 2.3704e-12, 1.6982e-12, 1.2094e-12, 8.5333e-13,
         5.9609e-13, 4.1192e-13, 2.8133e-13, 1.9033e-13, 1.2783e-13, 8.4907e-14,
         5.5695e-14, 3.6048e-14, 2.3022e-14, 1.4634e-14, 9.1089e-15, 5.5015e-15,
         3.1659e-15, 1.7240e-15, 8.3173e-16, 3.2154e-16, 9.8777e-17, 3.0670e-17,
         8.8781e-18, 1.9356e-18]], dtype=torch.float64), 'xS8aer': tensor([[1.4557e-34, 3.1639e-34, 8.1068e-34, 2.5573e-33, 9.9580e-33, 4.2631e-32,
         1.9932e-31, 4.5381e-30, 1.6167e-27, 5.2108e-25, 1.8068e-22, 5.4433e-21,
         1.0317e-20, 2.4204e-21, 5.7234e-23, 2.6643e-25, 3.1705e-26, 7.8067e-27,
         3.6373e-27, 1.9251e-27, 1.0527e-27, 6.3199e-28, 3.9854e-28, 2.4794e-28,
         1.6759e-28, 1.1889e-28, 7.9362e-29, 5.5657e-29, 4.1182e-29, 3.1364e-29,
         3.4993e-29, 4.1161e-29, 4.4062e-29, 4.7304e-29, 5.1661e-29, 6.1375e-29,
         7.1139e-29, 7.9137e-29, 6.2266e-29, 3.0368e-29, 1.2893e-29, 8.7435e-30,
         5.7946e-30, 3.6077e-30, 2.1847e-30, 1.6540e-30, 1.0954e-30, 5.5929e-31,
         2.0536e-31, 2.6820e-32, 1.6046e-36, 5.5889e-38, 7.5827e-40, 1.0000e-40,
         1.0000e-40, 1.0000e-40, 1.0000e-40, 1.0000e-40, 1.0000e-40, 1.0000e-40,
         1.0000e-40, 1.0000e-40, 1.0000e-40, 1.0000e-40, 1.0000e-40, 1.0000e-40,
         1.0000e-40, 1.0000e-40, 1.0000e-40, 1.0000e-40, 1.0000e-40, 1.0000e-40,
         1.0000e-40, 1.0000e-40, 1.0000e-40, 1.0000e-40, 1.0000e-40, 1.0000e-40,
         1.0000e-40, 1.0000e-40]], dtype=torch.float64)}"
194400,222.75,3.99736e-08,"{'pres': tensor([[7.0013e+04, 5.7350e+04, 4.6977e+04, 3.8480e+04, 3.1520e+04, 2.5819e+04,
         2.1149e+04, 1.7324e+04, 1.4190e+04, 1.1624e+04, 9.5214e+03, 7.7993e+03,
         6.3886e+03, 5.2331e+03, 4.2866e+03, 3.5112e+03, 2.8762e+03, 2.3559e+03,
         1.9298e+03, 1.5808e+03, 1.2949e+03, 1.0607e+03, 8.6881e+02, 7.1167e+02,
         5.8295e+02, 4.7751e+02, 3.9114e+02, 3.2040e+02, 2.6245e+02, 2.1498e+02,
         1.7609e+02, 1.4424e+02, 1.1815e+02, 9.6783e+01, 7.9278e+01, 6.4939e+01,
         5.3193e+01, 4.3572e+01, 3.5691e+01, 2.9236e+01, 2.3948e+01, 1.9616e+01,
         1.6068e+01, 1.3162e+01, 1.0781e+01, 8.8313e+00, 7.2340e+00, 5.9256e+00,
         4.8538e+00, 3.9759e+00, 3.2568e+00, 2.6677e+00, 2.1852e+00, 1.7900e+00,
         1.4662e+00, 1.2010e+00, 9.8378e-01, 8.0585e-01, 6.6009e-01, 5.4070e-01,
         4.4290e-01, 3.6279e-01, 2.9717e-01, 2.4342e-01, 1.9940e-01, 1.6333e-01,
         1.3379e-01, 1.0959e-01, 8.9769e-02, 7.3532e-02, 6.0232e-02, 4.9338e-02,
         4.0414e-02, 3.3104e-02, 2.7117e-02, 2.2212e-02, 1.8195e-02, 1.4904e-02,
         1.2208e-02, 1.0000e-02]], dtype=torch.float64), 'temp': tensor([[205.4207, 201.2014, 196.9809, 192.7310, 188.3960, 183.9158, 179.2360,
         174.2341, 168.9536, 163.2040, 157.1361, 150.9251, 144.8391, 138.7430,
         133.4254, 131.1251, 129.7673, 128.6926, 127.7695, 126.9594, 126.2409,
         125.5798, 124.9673, 124.4113, 123.8919, 123.4005, 122.9515, 122.5313,
         122.1299, 121.7603, 121.4194, 121.0856, 120.7755, 120.4631, 120.1754,
         119.7945, 119.4374, 119.1398, 118.8177, 118.4778, 118.1328, 117.7991,
         117.4757, 117.1627, 116.8588, 116.5576, 116.2614, 115.9756, 115.6985,
         115.4305, 115.1714, 114.9198, 114.6659, 114.4225, 114.1804, 113.9460,
         113.7056, 113.4765, 113.2270, 112.9861, 112.7373, 112.4899, 112.2269,
         111.9789, 111.6958, 111.4329, 111.1416, 110.8653, 110.5588, 110.2764,
         109.9713, 109.6862, 109.4019, 109.1317, 108.8723, 108.6272, 108.3865,
         108.1704, 107.9582, 107.8177]], dtype=torch.float64), 'xCO2': tensor([[0.7142, 0.7474, 0.7732, 0.7694, 0.7424, 0.7036, 0.6498, 0.5772, 0.4847,
         0.3724, 0.2363, 0.1275, 0.0646, 0.0305, 0.0159, 0.0117, 0.0110, 0.0109,
         0.0111, 0.0116, 0.0122, 0.0128, 0.0135, 0.0142, 0.0150, 0.0158, 0.0168,
         0.0178, 0.0189, 0.0202, 0.0216, 0.0233, 0.0253, 0.0289, 0.0331, 0.0413,
         0.0494, 0.0560, 0.0633, 0.0708, 0.0775, 0.0848, 0.0928, 0.1017, 0.1114,
         0.1224, 0.1346, 0.1479, 0.1626, 0.1787, 0.1963, 0.2157, 0.2375, 0.2612,
         0.2870, 0.3149, 0.3451, 0.3778, 0.4138, 0.4522, 0.4930, 0.5358, 0.5806,
         0.6274, 0.6761, 0.7251, 0.7736, 0.8205, 0.8650, 0.9059, 0.9410, 0.9689,
         0.9882, 0.9967, 0.9944, 0.9815, 0.9580, 0.9233, 0.8810, 0.8336]],
       dtype=torch.float64), 'xH2O': tensor([[5.2615e-06, 3.4435e-06, 2.1829e-06, 1.3337e-06, 7.7968e-07, 4.3112e-07,
         2.2053e-07, 1.0223e-07, 4.2073e-08, 1.4550e-08, 4.3158e-09, 1.1082e-09,
         2.4630e-10, 4.9516e-11, 8.3087e-12, 7.5434e-13, 2.2893e-13, 1.4356e-13,
         1.4415e-13, 1.6099e-13, 1.8969e-13, 2.3908e-13, 3.1279e-13, 3.9073e-13,
         4.7668e-13, 6.0651e-13, 7.8390e-13, 1.0216e-12, 1.3412e-12, 1.7528e-12,
         2.2779e-12, 2.8792e-12, 3.4743e-12, 4.1107e-12, 4.6979e-12, 5.4940e-12,
         6.2388e-12, 6.8490e-12, 7.6757e-12, 8.6937e-12, 9.8821e-12, 1.1143e-11,
         1.2473e-11, 1.3870e-11, 1.5326e-11, 1.6815e-11, 1.8334e-11, 1.9896e-11,
         2.1497e-11, 2.3134e-11, 2.4804e-11, 2.6493e-11, 2.8127e-11, 2.9765e-11,
         3.1381e-11, 3.2969e-11, 3.4490e-11, 3.6024e-11, 3.7258e-11, 3.8467e-11,
         3.9582e-11, 4.0608e-11, 4.1507e-11, 4.2470e-11, 4.2994e-11, 4.3623e-11,
         4.4163e-11, 4.4790e-11, 4.5202e-11, 4.5859e-11, 4.6529e-11, 4.7577e-11,
         4.9001e-11, 5.0846e-11, 5.1890e-11, 4.7977e-11, 4.0191e-11, 3.2672e-11,
         2.7597e-11, 2.5734e-11]], dtype=torch.float64), 'xSO2': tensor([[4.3064e-02, 3.6153e-02, 2.9943e-02, 2.4263e-02, 1.8914e-02, 1.4125e-02,
         9.9993e-03, 6.6082e-03, 4.0075e-03, 2.1321e-03, 9.9919e-04, 4.1965e-04,
         1.5925e-04, 5.4568e-05, 2.0814e-05, 1.2589e-05, 1.0762e-05, 9.8313e-06,
         9.3578e-06, 9.1495e-06, 9.1438e-06, 9.2688e-06, 9.5098e-06, 9.8885e-06,
         1.0354e-05, 1.0852e-05, 1.1364e-05, 1.1904e-05, 1.2492e-05, 1.3117e-05,
         1.3785e-05, 1.4538e-05, 1.5450e-05, 1.7300e-05, 1.9575e-05, 2.4080e-05,
         2.8548e-05, 3.2207e-05, 3.5790e-05, 3.9297e-05, 4.2819e-05, 4.6709e-05,
         5.0922e-05, 5.5437e-05, 6.0272e-05, 6.5602e-05, 7.1368e-05, 7.7563e-05,
         8.4200e-05, 9.1287e-05, 9.8831e-05, 1.0690e-04, 1.1561e-04, 1.2475e-04,
         1.3429e-04, 1.4419e-04, 1.5437e-04, 1.6478e-04, 1.7552e-04, 1.8618e-04,
         1.9657e-04, 2.0650e-04, 2.1571e-04, 2.2398e-04, 2.3091e-04, 2.3612e-04,
         2.3931e-04, 2.4023e-04, 2.3859e-04, 2.3389e-04, 2.2639e-04, 2.1596e-04,
         2.0249e-04, 1.8491e-04, 1.6405e-04, 1.4066e-04, 1.1558e-04, 9.0227e-05,
         6.7633e-05, 5.0588e-05]], dtype=torch.float64), 'xH2SO4aer': tensor([[6.5721e-08, 7.4665e-08, 8.5937e-08, 9.9178e-08, 1.1553e-07, 1.3564e-07,
         1.6016e-07, 1.9055e-07, 2.2975e-07, 2.8707e-07, 4.1721e-07, 7.5221e-07,
         8.8727e-07, 2.2235e-07, 8.0626e-09, 4.3533e-10, 2.9040e-10, 2.6384e-10,
         2.5922e-10, 2.6131e-10, 2.6761e-10, 2.7519e-10, 2.8274e-10, 2.8983e-10,
         2.9667e-10, 3.0333e-10, 3.0914e-10, 3.1316e-10, 3.1344e-10, 3.0787e-10,
         2.9387e-10, 2.6756e-10, 2.3736e-10, 2.2668e-10, 2.3069e-10, 2.5472e-10,
         2.8050e-10, 3.0162e-10, 2.9738e-10, 2.6723e-10, 2.0974e-10, 1.6220e-10,
         1.2462e-10, 9.5739e-11, 7.3757e-11, 5.7003e-11, 4.4003e-11, 3.3829e-11,
         2.5857e-11, 1.9635e-11, 1.4809e-11, 1.1098e-11, 8.2719e-12, 6.1235e-12,
         4.5001e-12, 3.2812e-12, 2.3719e-12, 1.6994e-12, 1.2103e-12, 8.5406e-13,
         5.9663e-13, 4.1232e-13, 2.8162e-13, 1.9054e-13, 1.2798e-13, 8.5012e-14,
         5.5765e-14, 3.6093e-14, 2.3051e-14, 1.4653e-14, 9.1195e-15, 5.5070e-15,
         3.1679e-15, 1.7239e-15, 8.3044e-16, 3.2024e-16, 9.8126e-17, 3.0421e-17,
         8.7973e-18, 1.9169e-18]], dtype=torch.float64), 'xS8aer': tensor([[1.4558e-34, 3.1634e-34, 8.1036e-34, 2.5556e-33, 9.9486e-33, 4.2577e-32,
         1.9902e-31, 4.5341e-30, 1.6161e-27, 5.2116e-25, 1.8103e-22, 5.4511e-21,
         1.0311e-20, 2.4164e-21, 5.7045e-23, 2.6390e-25, 3.1331e-26, 7.7450e-27,
         3.6181e-27, 1.9150e-27, 1.0464e-27, 6.2848e-28, 3.9599e-28, 2.4602e-28,
         1.6620e-28, 1.1755e-28, 7.8071e-29, 5.4602e-29, 4.1021e-29, 3.2385e-29,
         3.6103e-29, 4.0817e-29, 4.2417e-29, 4.5201e-29, 4.9425e-29, 5.8968e-29,
         6.8573e-29, 7.6440e-29, 5.9957e-29, 2.8702e-29, 1.1484e-29, 7.5916e-30,
         4.9786e-30, 3.1320e-30, 1.9482e-30, 1.5698e-30, 1.0696e-30, 5.5230e-31,
         1.9702e-31, 2.4089e-32, 9.2496e-38, 2.6609e-39, 1.0015e-40, 1.0000e-40,
         1.0000e-40, 1.0000e-40, 1.0000e-40, 1.0000e-40, 1.0000e-40, 1.0000e-40,
         1.0000e-40, 1.0000e-40, 1.0000e-40, 1.0000e-40, 1.0000e-40, 1.0000e-40,
         1.0000e-40, 1.0000e-40, 1.0000e-40, 1.0000e-40, 1.0000e-40, 1.0000e-40,
         1.0000e-40, 1.0000e-40, 1.0000e-40, 1.0000e-40, 1.0000e-40, 1.0000e-40,
         1.0000e-40, 1.0000e-40]], dtype=torch.float64)}"
216000,222.751,2.93471e-08,"{'pres': tensor([[7.0013e+04, 5.7350e+04, 4.6977e+04, 3.8480e+04, 3.1520e+04, 2.5819e+04,
         2.1149e+04, 1.7324e+04, 1.4190e+04, 1.1624e+04, 9.5214e+03, 7.7993e+03,
         6.3886e+03, 5.2331e+03, 4.2866e+03, 3.5112e+03, 2.8762e+03, 2.3559e+03,
         1.9298e+03, 1.5808e+03, 1.2949e+03, 1.0607e+03, 8.6881e+02, 7.1167e+02,
         5.8295e+02, 4.7751e+02, 3.9114e+02, 3.2040e+02, 2.6245e+02, 2.1498e+02,
         1.7609e+02, 1.4424e+02, 1.1815e+02, 9.6783e+01, 7.9278e+01, 6.4939e+01,
         5.3193e+01, 4.3572e+01, 3.5691e+01, 2.9236e+01, 2.3948e+01, 1.9616e+01,
         1.6068e+01, 1.3162e+01, 1.0781e+01, 8.8313e+00, 7.2340e+00, 5.9256e+00,
         4.8538e+00, 3.9759e+00, 3.2568e+00, 2.6677e+00, 2.1852e+00, 1.7900e+00,
         1.4662e+00, 1.2010e+00, 9.8378e-01, 8.0585e-01, 6.6009e-01, 5.4070e-01,
         4.4290e-01, 3.6279e-01, 2.9717e-01, 2.4342e-01, 1.9940e-01, 1.6333e-01,
         1.3379e-01, 1.0959e-01, 8.9769e-02, 7.3532e-02, 6.0232e-02, 4.9338e-02,
         4.0414e-02, 3.3104e-02, 2.7117e-02, 2.2212e-02, 1.8195e-02, 1.4904e-02,
         1.2208e-02, 1.0000e-02]], dtype=torch.float64), 'temp': tensor([[205.4455, 201.2106, 196.9845, 192.7279, 188.3905, 183.9147, 179.2130,
         174.2360, 168.9206, 163.1661, 157.0983, 150.8962, 144.8231, 138.7353,
         133.4244, 131.1256, 129.7677, 128.6930, 127.7698, 126.9597, 126.2412,
         125.5801, 124.9676, 124.4116, 123.8922, 123.4008, 122.9518, 122.5316,
         122.1302, 121.7607, 121.4197, 121.0859, 120.7759, 120.4635, 120.1759,
         119.7955, 119.4388, 119.1409, 118.8185, 118.4787, 118.1337, 117.8001,
         117.4768, 117.1638, 116.8599, 116.5589, 116.2629, 115.9772, 115.7003,
         115.4324, 115.1733, 114.9218, 114.6682, 114.4250, 114.1830, 113.9489,
         113.7084, 113.4792, 113.2300, 112.9894, 112.7406, 112.4933, 112.2301,
         111.9819, 111.6990, 111.4364, 111.1448, 110.8683, 110.5618, 110.2794,
         109.9741, 109.6890, 109.4044, 109.1342, 108.8749, 108.6295, 108.3889,
         108.1728, 107.9600, 107.8196]], dtype=torch.float64), 'xCO2': tensor([[0.7142, 0.7474, 0.7732, 0.7694, 0.7424, 0.7036, 0.6498, 0.5772, 0.4846,
         0.3717, 0.2352, 0.1270, 0.0644, 0.0305, 0.0159, 0.0117, 0.0110, 0.0109,
         0.0111, 0.0116, 0.0122, 0.0128, 0.0135, 0.0142, 0.0150, 0.0158, 0.0168,
         0.0178, 0.0189, 0.0202, 0.0216, 0.0233, 0.0253, 0.0289, 0.0331, 0.0413,
         0.0494, 0.0560, 0.0633, 0.0708, 0.0775, 0.0848, 0.0928, 0.1017, 0.1114,
         0.1224, 0.1346, 0.1479, 0.1626, 0.1787, 0.1963, 0.2157, 0.2375, 0.2612,
         0.2870, 0.3149, 0.3451, 0.3778, 0.4138, 0.4522, 0.4930, 0.5359, 0.5806,
         0.6274, 0.6761, 0.7251, 0.7736, 0.8206, 0.8651, 0.9059, 0.9411, 0.9689,
         0.9883, 0.9967, 0.9944, 0.9815, 0.9580, 0.9233, 0.8810, 0.8336]],
       dtype=torch.float64), 'xH2O': tensor([[5.2650e-06, 3.4464e-06, 2.1852e-06, 1.3355e-06, 7.8057e-07, 4.3104e-07,
         2.2097e-07, 1.0208e-07, 4.1798e-08, 1.4426e-08, 4.2769e-09, 1.0995e-09,
         2.4504e-10, 4.9366e-11, 8.2257e-12, 7.4798e-13, 2.2793e-13, 1.4343e-13,
         1.4415e-13, 1.6101e-13, 1.8972e-13, 2.3913e-13, 3.1286e-13, 3.9081e-13,
         4.7676e-13, 6.0660e-13, 7.8399e-13, 1.0217e-12, 1.3414e-12, 1.7530e-12,
         2.2781e-12, 2.8794e-12, 3.4744e-12, 4.1109e-12, 4.6981e-12, 5.4944e-12,
         6.2394e-12, 6.8496e-12, 7.6761e-12, 8.6938e-12, 9.8826e-12, 1.1145e-11,
         1.2476e-11, 1.3873e-11, 1.5329e-11, 1.6820e-11, 1.8341e-11, 1.9904e-11,
         2.1507e-11, 2.3146e-11, 2.4817e-11, 2.6508e-11, 2.8145e-11, 2.9786e-11,
         3.1405e-11, 3.2996e-11, 3.4519e-11, 3.6053e-11, 3.7293e-11, 3.8506e-11,
         3.9624e-11, 4.0653e-11, 4.1553e-11, 4.2515e-11, 4.3044e-11, 4.3678e-11,
         4.4217e-11, 4.4844e-11, 4.5258e-11, 4.5917e-11, 4.6588e-11, 4.7637e-11,
         4.9061e-11, 5.0907e-11, 5.1922e-11, 4.7948e-11, 4.0119e-11, 3.2581e-11,
         2.7499e-11, 2.5632e-11]], dtype=torch.float64), 'xSO2': tensor([[4.3080e-02, 3.6171e-02, 2.9962e-02, 2.4283e-02, 1.8927e-02, 1.4124e-02,
         1.0011e-02, 6.6012e-03, 3.9902e-03, 2.1200e-03, 9.9313e-04, 4.1745e-04,
         1.5870e-04, 5.4463e-05, 2.0803e-05, 1.2590e-05, 1.0763e-05, 9.8322e-06,
         9.3585e-06, 9.1502e-06, 9.1445e-06, 9.2694e-06, 9.5105e-06, 9.8888e-06,
         1.0353e-05, 1.0851e-05, 1.1363e-05, 1.1904e-05, 1.2492e-05, 1.3117e-05,
         1.3785e-05, 1.4537e-05, 1.5448e-05, 1.7296e-05, 1.9569e-05, 2.4074e-05,
         2.8542e-05, 3.2201e-05, 3.5791e-05, 3.9306e-05, 4.2825e-05, 4.6706e-05,
         5.0915e-05, 5.5431e-05, 6.0270e-05, 6.5602e-05, 7.1370e-05, 7.7565e-05,
         8.4202e-05, 9.1289e-05, 9.8833e-05, 1.0691e-04, 1.1561e-04, 1.2475e-04,
         1.3429e-04, 1.4419e-04, 1.5437e-04, 1.6479e-04, 1.7553e-04, 1.8618e-04,
         1.9658e-04, 2.0651e-04, 2.1572e-04, 2.2399e-04, 2.3092e-04, 2.3613e-04,
         2.3932e-04, 2.4024e-04, 2.3860e-04, 2.3390e-04, 2.2640e-04, 2.1597e-04,
         2.0251e-04, 1.8492e-04, 1.6406e-04, 1.4067e-04, 1.1559e-04, 9.0228e-05,
         6.7632e-05, 5.0587e-05]], dtype=torch.float64), 'xH2SO4aer': tensor([[6.5723e-08, 7.4667e-08, 8.5940e-08, 9.9181e-08, 1.1553e-07, 1.3565e-07,
         1.6017e-07, 1.9055e-07, 2.2975e-07, 2.8708e-07, 4.1726e-07, 7.5235e-07,
         8.8720e-07, 2.2212e-07, 8.0481e-09, 4.3480e-10, 2.9031e-10, 2.6383e-10,
         2.5919e-10, 2.6127e-10, 2.6758e-10, 2.7517e-10, 2.8274e-10, 2.8985e-10,
         2.9669e-10, 3.0334e-10, 3.0911e-10, 3.1286e-10, 3.1231e-10, 3.0517e-10,
         2.8894e-10, 2.6019e-10, 2.2811e-10, 2.1591e-10, 2.1855e-10, 2.4034e-10,
         2.6396e-10, 2.8330e-10, 2.7864e-10, 2.4978e-10, 1.9657e-10, 1.5344e-10,
         1.1954e-10, 9.3226e-11, 7.2738e-11, 5.6661e-11, 4.3919e-11, 3.3823e-11,
         2.5867e-11, 1.9645e-11, 1.4816e-11, 1.1103e-11, 8.2759e-12, 6.1265e-12,
         4.5025e-12, 3.2831e-12, 2.3734e-12, 1.7006e-12, 1.2112e-12, 8.5475e-13,
         5.9716e-13, 4.1271e-13, 2.8190e-13, 1.9074e-13, 1.2812e-13, 8.5112e-14,
         5.5832e-14, 3.6137e-14, 2.3079e-14, 1.4670e-14, 9.1297e-15, 5.5123e-15,
         3.1700e-15, 1.7241e-15, 8.2949e-16, 3.1921e-16, 9.7581e-17, 3.0204e-17,
         8.7251e-18, 1.8998e-18]], dtype=torch.float64), 'xS8aer': tensor([[1.4559e-34, 3.1628e-34, 8.1004e-34, 2.5540e-33, 9.9391e-33, 4.2523e-32,
         1.9872e-31, 4.5301e-30, 1.6156e-27, 5.2129e-25, 1.8140e-22, 5.4589e-21,
         1.0304e-20, 2.4124e-21, 5.6855e-23, 2.6140e-25, 3.0967e-26, 7.6852e-27,
         3.5993e-27, 1.9051e-27, 1.0404e-27, 6.2505e-28, 3.9350e-28, 2.4418e-28,
         1.6483e-28, 1.1623e-28, 7.6839e-29, 5.3737e-29, 4.1102e-29, 3.3350e-29,
         3.6735e-29, 4.0051e-29, 4.0765e-29, 4.3346e-29, 4.7534e-29, 5.6955e-29,
         6.6433e-29, 7.4197e-29, 5.8030e-29, 2.7308e-29, 1.0368e-29, 6.7835e-30,
         4.4920e-30, 2.9085e-30, 1.8921e-30, 1.5493e-30, 1.0733e-30, 5.6645e-31,
         2.2221e-31, 4.4211e-32, 1.7583e-33, 1.9379e-40, 1.0000e-40, 1.0000e-40,
         1.0000e-40, 1.0000e-40, 1.0000e-40, 1.0000e-40, 1.0000e-40, 1.0000e-40,
         1.0000e-40, 1.0000e-40, 1.0000e-40, 1.0000e-40, 1.0000e-40, 1.0000e-40,
         1.0000e-40, 1.0000e-40, 1.0000e-40, 1.0000e-40, 1.0000e-40, 1.0000e-40,
         1.0000e-40, 1.0000e-40, 1.0000e-40, 1.0000e-40, 1.0000e-40, 1.0000e-40,
         1.0000e-40, 1.0000e-40]], dtype=torch.float64)}"
237600,222.755,4.57478e-08,"{'pres': tensor([[7.0013e+04, 5.7350e+04, 4.6977e+04, 3.8480e+04, 3.1520e+04, 2.5819e+04,
         2.1149e+04, 1.7324e+04, 1.4190e+04, 1.1624e+04, 9.5214e+03, 7.7993e+03,
         6.3886e+03, 5.2331e+03, 4.2866e+03, 3.5112e+03, 2.8762e+03, 2.3559e+03,
         1.9298e+03, 1.5808e+03, 1.2949e+03, 1.0607e+03, 8.6881e+02, 7.1167e+02,
         5.8295e+02, 4.7751e+02, 3.9114e+02, 3.2040e+02, 2.6245e+02, 2.1498e+02,
         1.7609e+02, 1.4424e+02, 1.1815e+02, 9.6783e+01, 7.9278e+01, 6.4939e+01,
         5.3193e+01, 4.3572e+01, 3.5691e+01, 2.9236e+01, 2.3948e+01, 1.9616e+01,
         1.6068e+01, 1.3162e+01, 1.0781e+01, 8.8313e+00, 7.2340e+00, 5.9256e+00,
         4.8538e+00, 3.9759e+00, 3.2568e+00, 2.6677e+00, 2.1852e+00, 1.7900e+00,
         1.4662e+00, 1.2010e+00, 9.8378e-01, 8.0585e-01, 6.6009e-01, 5.4070e-01,
         4.4290e-01, 3.6279e-01, 2.9717e-01, 2.4342e-01, 1.9940e-01, 1.6333e-01,
         1.3379e-01, 1.0959e-01, 8.9769e-02, 7.3532e-02, 6.0232e-02, 4.9338e-02,
         4.0414e-02, 3.3104e-02, 2.7117e-02, 2.2212e-02, 1.8195e-02, 1.4904e-02,
         1.2208e-02, 1.0000e-02]], dtype=torch.float64), 'temp': tensor([[205.4396, 201.2174, 196.9932, 192.7374, 188.3989, 183.9163, 179.2363,
         174.2302, 168.8871, 163.1290, 157.0607, 150.8675, 144.8071, 138.7276,
         133.4235, 131.1261, 129.7682, 128.6933, 127.7701, 126.9600, 126.2415,
         125.5804, 124.9679, 124.4119, 123.8924, 123.4011, 122.9521, 122.5319,
         122.1306, 121.7610, 121.4200, 121.0862, 120.7763, 120.4639, 120.1765,
         119.7966, 119.4401, 119.1420, 118.8193, 118.4795, 118.1347, 117.8012,
         117.4779, 117.1650, 116.8611, 116.5602, 116.2644, 115.9789, 115.7020,
         115.4343, 115.1752, 114.9238, 114.6705, 114.4275, 114.1856, 113.9516,
         113.7111, 113.4818, 113.2329, 112.9924, 112.7437, 112.4964, 112.2331,
         111.9847, 111.7019, 111.4396, 111.1476, 110.8710, 110.5645, 110.2821,
         109.9767, 109.6914, 109.4068, 109.1365, 108.8773, 108.6317, 108.3910,
         108.1750, 107.9618, 107.8215]], dtype=torch.float64), 'xCO2': tensor([[0.7142, 0.7474, 0.7732, 0.7694, 0.7424, 0.7036, 0.6498, 0.5772, 0.4844,
         0.3709, 0.2342, 0.1265, 0.0643, 0.0304, 0.0159, 0.0117, 0.0110, 0.0109,
         0.0111, 0.0116, 0.0122, 0.0128, 0.0135, 0.0142, 0.0150, 0.0158, 0.0168,
         0.0178, 0.0189, 0.0202, 0.0216, 0.0233, 0.0253, 0.0289, 0.0331, 0.0413,
         0.0494, 0.0560, 0.0633, 0.0708, 0.0775, 0.0848, 0.0928, 0.1017, 0.1114,
         0.1224, 0.1346, 0.1479, 0.1626, 0.1787, 0.1963, 0.2157, 0.2375, 0.2612,
         0.2870, 0.3149, 0.3451, 0.3778, 0.4138, 0.4522, 0.4930, 0.5359, 0.5806,
         0.6274, 0.6761, 0.7251, 0.7736, 0.8206, 0.8651, 0.9060, 0.9411, 0.9689,
         0.9883, 0.9968, 0.9944, 0.9816, 0.9580, 0.9233, 0.8810, 0.8336]],
       dtype=torch.float64), 'xH2O': tensor([[5.2839e-06, 3.4519e-06, 2.1868e-06, 1.3354e-06, 7.8027e-07, 4.3075e-07,
         2.2047e-07, 1.0200e-07, 4.1536e-08, 1.4308e-08, 4.2398e-09, 1.0912e-09,
         2.4387e-10, 4.9229e-11, 8.1479e-12, 7.4205e-13, 2.2699e-13, 1.4332e-13,
         1.4415e-13, 1.6103e-13, 1.8976e-13, 2.3919e-13, 3.1294e-13, 3.9091e-13,
         4.7686e-13, 6.0670e-13, 7.8411e-13, 1.0218e-12, 1.3416e-12, 1.7532e-12,
         2.2783e-12, 2.8796e-12, 3.4746e-12, 4.1112e-12, 4.6986e-12, 5.4951e-12,
         6.2403e-12, 6.8507e-12, 7.6770e-12, 8.6944e-12, 9.8836e-12, 1.1146e-11,
         1.2478e-11, 1.3876e-11, 1.5333e-11, 1.6825e-11, 1.8348e-11, 1.9913e-11,
         2.1517e-11, 2.3158e-11, 2.4830e-11, 2.6523e-11, 2.8162e-11, 2.9807e-11,
         3.1429e-11, 3.3022e-11, 3.4546e-11, 3.6082e-11, 3.7326e-11, 3.8544e-11,
         3.9664e-11, 4.0695e-11, 4.1596e-11, 4.2557e-11, 4.3091e-11, 4.3729e-11,
         4.4268e-11, 4.4894e-11, 4.5310e-11, 4.5971e-11, 4.6643e-11, 4.7693e-11,
         4.9118e-11, 5.0964e-11, 5.1956e-11, 4.7929e-11, 4.0062e-11, 3.2504e-11,
         2.7413e-11, 2.5540e-11]], dtype=torch.float64), 'xSO2': tensor([[4.3170e-02, 3.6203e-02, 2.9974e-02, 2.4282e-02, 1.8923e-02, 1.4118e-02,
         9.9973e-03, 6.5978e-03, 3.9737e-03, 2.1085e-03, 9.8734e-04, 4.1535e-04,
         1.5818e-04, 5.4369e-05, 2.0795e-05, 1.2592e-05, 1.0764e-05, 9.8334e-06,
         9.3596e-06, 9.1512e-06, 9.1454e-06, 9.2704e-06, 9.5115e-06, 9.8894e-06,
         1.0352e-05, 1.0850e-05, 1.1362e-05, 1.1904e-05, 1.2492e-05, 1.3117e-05,
         1.3785e-05, 1.4537e-05, 1.5445e-05, 1.7292e-05, 1.9564e-05, 2.4069e-05,
         2.8537e-05, 3.2196e-05, 3.5793e-05, 3.9316e-05, 4.2830e-05, 4.6704e-05,
         5.0908e-05, 5.5425e-05, 6.0267e-05, 6.5601e-05, 7.1370e-05, 7.7567e-05,
         8.4203e-05, 9.1291e-05, 9.8835e-05, 1.0691e-04, 1.1561e-04, 1.2475e-04,
         1.3430e-04, 1.4419e-04, 1.5438e-04, 1.6480e-04, 1.7553e-04, 1.8619e-04,
         1.9659e-04, 2.0651e-04, 2.1573e-04, 2.2400e-04, 2.3093e-04, 2.3614e-04,
         2.3933e-04, 2.4025e-04, 2.3861e-04, 2.3391e-04, 2.2641e-04, 2.1598e-04,
         2.0252e-04, 1.8493e-04, 1.6407e-04, 1.4068e-04, 1.1559e-04, 9.0229e-05,
         6.7632e-05, 5.0585e-05]], dtype=torch.float64), 'xH2SO4aer': tensor([[6.5726e-08, 7.4670e-08, 8.5943e-08, 9.9185e-08, 1.1554e-07, 1.3565e-07,
         1.6017e-07, 1.9056e-07, 2.2976e-07, 2.8709e-07, 4.1732e-07, 7.5249e-07,
         8.8713e-07, 2.2189e-07, 8.0334e-09, 4.3427e-10, 2.9022e-10, 2.6382e-10,
         2.5916e-10, 2.6124e-10, 2.6755e-10, 2.7515e-10, 2.8273e-10, 2.8985e-10,
         2.9671e-10, 3.0335e-10, 3.0903e-10, 3.1242e-10, 3.1085e-10, 3.0195e-10,
         2.8342e-10, 2.5244e-10, 2.1890e-10, 2.0562e-10, 2.0724e-10, 2.2728e-10,
         2.4921e-10, 2.6718e-10, 2.6265e-10, 2.3566e-10, 1.8678e-10, 1.4752e-10,
         1.1648e-10, 9.1913e-11, 7.2297e-11, 5.6548e-11, 4.3907e-11, 3.3833e-11,
         2.5878e-11, 1.9653e-11, 1.4822e-11, 1.1107e-11, 8.2794e-12, 6.1294e-12,
         4.5047e-12, 3.2848e-12, 2.3748e-12, 1.7017e-12, 1.2121e-12, 8.5542e-13,
         5.9765e-13, 4.1307e-13, 2.8216e-13, 1.9093e-13, 1.2826e-13, 8.5206e-14,
         5.5895e-14, 3.6179e-14, 2.3107e-14, 1.4688e-14, 9.1402e-15, 5.5180e-15,
         3.1725e-15, 1.7246e-15, 8.2881e-16, 3.1837e-16, 9.7125e-17, 3.0017e-17,
         8.6613e-18, 1.8843e-18]], dtype=torch.float64), 'xS8aer': tensor([[1.4559e-34, 3.1623e-34, 8.0972e-34, 2.5523e-33, 9.9297e-33, 4.2469e-32,
         1.9842e-31, 4.5261e-30, 1.6152e-27, 5.2146e-25, 1.8180e-22, 5.4667e-21,
         1.0297e-20, 2.4084e-21, 5.6665e-23, 2.5893e-25, 3.0612e-26, 7.6268e-27,
         3.5807e-27, 1.8952e-27, 1.0343e-27, 6.2156e-28, 3.9096e-28, 2.4230e-28,
         1.6339e-28, 1.1486e-28, 7.5626e-29, 5.3016e-29, 4.1297e-29, 3.4143e-29,
         3.6915e-29, 3.9022e-29, 3.9201e-29, 4.1740e-29, 4.5938e-29, 5.5228e-29,
         6.4559e-29, 7.2202e-29, 5.6321e-29, 2.6113e-29, 9.4965e-30, 6.2216e-30,
         4.1917e-30, 2.7826e-30, 1.8862e-30, 1.5553e-30, 1.0646e-30, 5.7564e-31,
         2.3838e-31, 4.9083e-32, 1.8955e-33, 1.0000e-40, 1.0000e-40, 1.0000e-40,
         1.0000e-40, 1.0000e-40, 1.0000e-40, 1.0000e-40, 1.0000e-40, 1.0000e-40,
         1.0000e-40, 1.0000e-40, 1.0000e-40, 1.0000e-40, 1.0000e-40, 1.0000e-40,
         1.0000e-40, 1.0000e-40, 1.0000e-40, 1.0000e-40, 1.0000e-40, 1.0000e-40,
         1.0000e-40, 1.0000e-40, 1.0000e-40, 1.0000e-40, 1.0000e-40, 1.0000e-40,
         1.0000e-40, 1.0000e-40]], dtype=torch.float64)}"
259200,222.757,4.13682e-08,"{'pres': tensor([[7.0013e+04, 5.7350e+04, 4.6977e+04, 3.8480e+04, 3.1520e+04, 2.5819e+04,
         2.1149e+04, 1.7324e+04, 1.4190e+04, 1.1624e+04, 9.5214e+03, 7.7993e+03,
         6.3886e+03, 5.2331e+03, 4.2866e+03, 3.5112e+03, 2.8762e+03, 2.3559e+03,
         1.9298e+03, 1.5808e+03, 1.2949e+03, 1.0607e+03, 8.6881e+02, 7.1167e+02,
         5.8295e+02, 4.7751e+02, 3.9114e+02, 3.2040e+02, 2.6245e+02, 2.1498e+02,
         1.7609e+02, 1.4424e+02, 1.1815e+02, 9.6783e+01, 7.9278e+01, 6.4939e+01,
         5.3193e+01, 4.3572e+01, 3.5691e+01, 2.9236e+01, 2.3948e+01, 1.9616e+01,
         1.6068e+01, 1.3162e+01, 1.0781e+01, 8.8313e+00, 7.2340e+00, 5.9256e+00,
         4.8538e+00, 3.9759e+00, 3.2568e+00, 2.6677e+00, 2.1852e+00, 1.7900e+00,
         1.4662e+00, 1.2010e+00, 9.8378e-01, 8.0585e-01, 6.6009e-01, 5.4070e-01,
         4.4290e-01, 3.6279e-01, 2.9717e-01, 2.4342e-01, 1.9940e-01, 1.6333e-01,
         1.3379e-01, 1.0959e-01, 8.9769e-02, 7.3532e-02, 6.0232e-02, 4.9338e-02,
         4.0414e-02, 3.3104e-02, 2.7117e-02, 2.2212e-02, 1.8195e-02, 1.4904e-02,
         1.2208e-02, 1.0000e-02]], dtype=torch.float64), 'temp': tensor([[205.4415, 201.2211, 196.9986, 192.7425, 188.4077, 183.9233, 179.2439,
         174.2218, 168.8699, 163.0919, 157.0232, 150.8388, 144.7912, 138.7199,
         133.4225, 131.1265, 129.7686, 128.6936, 127.7703, 126.9602, 126.2417,
         125.5806, 124.9681, 124.4122, 123.8927, 123.4014, 122.9524, 122.5322,
         122.1309, 121.7613, 121.4203, 121.0866, 120.7767, 120.4643, 120.1770,
         119.7976, 119.4414, 119.1430, 118.8202, 118.4803, 118.1356, 117.8022,
         117.4790, 117.1661, 116.8622, 116.5614, 116.2658, 115.9805, 115.7038,
         115.4361, 115.1771, 114.9257, 114.6726, 114.4299, 114.1881, 113.9542,
         113.7136, 113.4843, 113.2356, 112.9953, 112.7466, 112.4993, 112.2359,
         111.9872, 111.7046, 111.4425, 111.1502, 110.8735, 110.5669, 110.2845,
         109.9790, 109.6937, 109.4089, 109.1385, 108.8795, 108.6337, 108.3931,
         108.1771, 107.9634, 107.8233]], dtype=torch.float64), 'xCO2': tensor([[0.7142, 0.7474, 0.7732, 0.7694, 0.7424, 0.7036, 0.6498, 0.5771, 0.4842,
         0.3702, 0.2331, 0.1260, 0.0641, 0.0304, 0.0159, 0.0117, 0.0110, 0.0109,
         0.0111, 0.0116, 0.0122, 0.0128, 0.0135, 0.0142, 0.0150, 0.0158, 0.0168,
         0.0178, 0.0189, 0.0202, 0.0216, 0.0233, 0.0253, 0.0289, 0.0331, 0.0413,
         0.0494, 0.0560, 0.0633, 0.0708, 0.0775, 0.0848, 0.0928, 0.1017, 0.1114,
         0.1224, 0.1346, 0.1479, 0.1626, 0.1787, 0.1963, 0.2157, 0.2375, 0.2612,
         0.2870, 0.3149, 0.3451, 0.3778, 0.4138, 0.4522, 0.4930, 0.5359, 0.5806,
         0.6274, 0.6761, 0.7251, 0.7736, 0.8206, 0.8651, 0.9060, 0.9411, 0.9689,
         0.9883, 0.9968, 0.9945, 0.9816, 0.9581, 0.9233, 0.8810, 0.8336]],
       dtype=torch.float64), 'xH2O': tensor([[5.2794e-06, 3.4547e-06, 2.1893e-06, 1.3370e-06, 7.8102e-07, 4.3104e-07,
         2.2093e-07, 1.0191e-07, 4.1262e-08, 1.4189e-08, 4.2020e-09, 1.0827e-09,
         2.4263e-10, 4.9081e-11, 8.0744e-12, 7.3644e-13, 2.2610e-13, 1.4321e-13,
         1.4415e-13, 1.6105e-13, 1.8979e-13, 2.3924e-13, 3.1301e-13, 3.9099e-13,
         4.7695e-13, 6.0680e-13, 7.8422e-13, 1.0220e-12, 1.3418e-12, 1.7534e-12,
         2.2785e-12, 2.8798e-12, 3.4748e-12, 4.1115e-12, 4.6992e-12, 5.4959e-12,
         6.2413e-12, 6.8518e-12, 7.6780e-12, 8.6952e-12, 9.8848e-12, 1.1148e-11,
         1.2481e-11, 1.3880e-11, 1.5338e-11, 1.6831e-11, 1.8355e-11, 1.9922e-11,
         2.1527e-11, 2.3169e-11, 2.4843e-11, 2.6537e-11, 2.8180e-11, 2.9827e-11,
         3.1451e-11, 3.3047e-11, 3.4573e-11, 3.6109e-11, 3.7358e-11, 3.8579e-11,
         3.9701e-11, 4.0735e-11, 4.1636e-11, 4.2596e-11, 4.3133e-11, 4.3775e-11,
         4.4313e-11, 4.4939e-11, 4.5356e-11, 4.6019e-11, 4.6692e-11, 4.7742e-11,
         4.9168e-11, 5.1015e-11, 5.1988e-11, 4.7917e-11, 4.0017e-11, 3.2438e-11,
         2.7338e-11, 2.5459e-11]], dtype=torch.float64), 'xSO2': tensor([[4.3149e-02, 3.6222e-02, 2.9995e-02, 2.4299e-02, 1.8934e-02, 1.4124e-02,
         1.0010e-02, 6.5932e-03, 3.9564e-03, 2.0968e-03, 9.8142e-04, 4.1317e-04,
         1.5764e-04, 5.4266e-05, 2.0784e-05, 1.2594e-05, 1.0766e-05, 9.8343e-06,
         9.3603e-06, 9.1519e-06, 9.1461e-06, 9.2711e-06, 9.5123e-06, 9.8900e-06,
         1.0351e-05, 1.0848e-05, 1.1361e-05, 1.1903e-05, 1.2492e-05, 1.3117e-05,
         1.3785e-05, 1.4536e-05, 1.5443e-05, 1.7289e-05, 1.9560e-05, 2.4065e-05,
         2.8533e-05, 3.2192e-05, 3.5795e-05, 3.9325e-05, 4.2835e-05, 4.6702e-05,
         5.0902e-05, 5.5420e-05, 6.0264e-05, 6.5601e-05, 7.1371e-05, 7.7568e-05,
         8.4205e-05, 9.1293e-05, 9.8838e-05, 1.0691e-04, 1.1562e-04, 1.2476e-04,
         1.3430e-04, 1.4420e-04, 1.5438e-04, 1.6480e-04, 1.7554e-04, 1.8620e-04,
         1.9659e-04, 2.0652e-04, 2.1574e-04, 2.2401e-04, 2.3094e-04, 2.3615e-04,
         2.3934e-04, 2.4026e-04, 2.3862e-04, 2.3392e-04, 2.2643e-04, 2.1600e-04,
         2.0253e-04, 1.8494e-04, 1.6408e-04, 1.4068e-04, 1.1559e-04, 9.0230e-05,
         6.7631e-05, 5.0584e-05]], dtype=torch.float64), 'xH2SO4aer': tensor([[6.5728e-08, 7.4672e-08, 8.5945e-08, 9.9188e-08, 1.1554e-07, 1.3565e-07,
         1.6018e-07, 1.9056e-07, 2.2976e-07, 2.8711e-07, 4.1737e-07, 7.5263e-07,
         8.8705e-07, 2.2165e-07, 8.0186e-09, 4.3374e-10, 2.9013e-10, 2.6380e-10,
         2.5913e-10, 2.6120e-10, 2.6752e-10, 2.7513e-10, 2.8273e-10, 2.8986e-10,
         2.9673e-10, 3.0335e-10, 3.0889e-10, 3.1179e-10, 3.0903e-10, 2.9821e-10,
         2.7739e-10, 2.4447e-10, 2.0992e-10, 1.9600e-10, 1.9695e-10, 2.1574e-10,
         2.3642e-10, 2.5337e-10, 2.4936e-10, 2.2454e-10, 1.7970e-10, 1.4365e-10,
         1.1470e-10, 9.1252e-11, 7.2119e-11, 5.6519e-11, 4.3914e-11, 3.3845e-11,
         2.5887e-11, 1.9659e-11, 1.4827e-11, 1.1111e-11, 8.2827e-12, 6.1320e-12,
         4.5068e-12, 3.2865e-12, 2.3761e-12, 1.7027e-12, 1.2129e-12, 8.5605e-13,
         5.9813e-13, 4.1342e-13, 2.8241e-13, 1.9110e-13, 1.2838e-13, 8.5293e-14,
         5.5953e-14, 3.6216e-14, 2.3131e-14, 1.4703e-14, 9.1494e-15, 5.5230e-15,
         3.1748e-15, 1.7251e-15, 8.2832e-16, 3.1769e-16, 9.6738e-17, 2.9856e-17,
         8.6052e-18, 1.8707e-18]], dtype=torch.float64), 'xS8aer': tensor([[1.4560e-34, 3.1618e-34, 8.0941e-34, 2.5507e-33, 9.9204e-33, 4.2415e-32,
         1.9813e-31, 4.5223e-30, 1.6148e-27, 5.2167e-25, 1.8221e-22, 5.4746e-21,
         1.0290e-20, 2.4043e-21, 5.6473e-23, 2.5650e-25, 3.0265e-26, 7.5705e-27,
         3.5629e-27, 1.8858e-27, 1.0287e-27, 6.1829e-28, 3.8859e-28, 2.4057e-28,
         1.6203e-28, 1.1359e-28, 7.4569e-29, 5.2534e-29, 4.1628e-29, 3.4731e-29,
         3.6723e-29, 3.7862e-29, 3.7770e-29, 4.0359e-29, 4.4594e-29, 5.3808e-29,
         6.3045e-29, 7.0612e-29, 5.4992e-29, 2.5236e-29, 8.9185e-30, 5.9067e-30,
         4.0636e-30, 2.7533e-30, 1.8883e-30, 1.5677e-30, 1.0805e-30, 5.8185e-31,
         2.3789e-31, 4.7326e-32, 1.7246e-33, 1.0000e-40, 1.0000e-40, 1.0000e-40,
         1.0000e-40, 1.0000e-40, 1.0000e-40, 1.0000e-40, 1.0000e-40, 1.0000e-40,
         1.0000e-40, 1.0000e-40, 1.0000e-40, 1.0000e-40, 1.0000e-40, 1.0000e-40,
         1.0000e-40, 1.0000e-40, 1.0000e-40, 1.0000e-40, 1.0000e-40, 1.0000e-40,
         1.0000e-40, 1.0000e-40, 1.0000e-40, 1.0000e-40, 1.0000e-40, 1.0000e-40,
         1.0000e-40, 1.0000e-40]], dtype=torch.float64)}"
280800,222.758,4.07231e-08,"{'pres': tensor([[7.0013e+04, 5.7350e+04, 4.6977e+04, 3.8480e+04, 3.1520e+04, 2.5819e+04,
         2.1149e+04, 1.7324e+04, 1.4190e+04, 1.1624e+04, 9.5214e+03, 7.7993e+03,
         6.3886e+03, 5.2331e+03, 4.2866e+03, 3.5112e+03, 2.8762e+03, 2.3559e+03,
         1.9298e+03, 1.5808e+03, 1.2949e+03, 1.0607e+03, 8.6881e+02, 7.1167e+02,
         5.8295e+02, 4.7751e+02, 3.9114e+02, 3.2040e+02, 2.6245e+02, 2.1498e+02,
         1.7609e+02, 1.4424e+02, 1.1815e+02, 9.6783e+01, 7.9278e+01, 6.4939e+01,
         5.3193e+01, 4.3572e+01, 3.5691e+01, 2.9236e+01, 2.3948e+01, 1.9616e+01,
         1.6068e+01, 1.3162e+01, 1.0781e+01, 8.8313e+00, 7.2340e+00, 5.9256e+00,
         4.8538e+00, 3.9759e+00, 3.2568e+00, 2.6677e+00, 2.1852e+00, 1.7900e+00,
         1.4662e+00, 1.2010e+00, 9.8378e-01, 8.0585e-01, 6.6009e-01, 5.4070e-01,
         4.4290e-01, 3.6279e-01, 2.9717e-01, 2.4342e-01, 1.9940e-01, 1.6333e-01,
         1.3379e-01, 1.0959e-01, 8.9769e-02, 7.3532e-02, 6.0232e-02, 4.9338e-02,
         4.0414e-02, 3.3104e-02, 2.7117e-02, 2.2212e-02, 1.8195e-02, 1.4904e-02,
         1.2208e-02, 1.0000e-02]], dtype=torch.float64), 'temp': tensor([[205.4447, 201.2248, 197.0035, 192.7482, 188.4141, 183.9270, 179.2237,
         174.2232, 168.8696, 163.0776, 156.9858, 150.8104, 144.7753, 138.7122,
         133.4216, 131.1270, 129.7690, 128.6939, 127.7706, 126.9605, 126.2420,
         125.5809, 124.9684, 124.4124, 123.8930, 123.4017, 122.9527, 122.5325,
         122.1312, 121.7616, 121.4206, 121.0869, 120.7770, 120.4648, 120.1775,
         119.7986, 119.4427, 119.1441, 118.8210, 118.4811, 118.1365, 117.8032,
         117.4801, 117.1672, 116.8633, 116.5627, 116.2673, 115.9821, 115.7055,
         115.4379, 115.1789, 114.9276, 114.6747, 114.4322, 114.1905, 113.9567,
         113.7161, 113.4866, 113.2382, 112.9981, 112.7493, 112.5020, 112.2385,
         111.9896, 111.7071, 111.4451, 111.1526, 110.8757, 110.5692, 110.2867,
         109.9811, 109.6958, 109.4109, 109.1404, 108.8815, 108.6355, 108.3949,
         108.1791, 107.9649, 107.8250]], dtype=torch.float64), 'xCO2': tensor([[0.7142, 0.7474, 0.7732, 0.7694, 0.7424, 0.7036, 0.6498, 0.5771, 0.4840,
         0.3694, 0.2321, 0.1255, 0.0639, 0.0304, 0.0159, 0.0117, 0.0110, 0.0109,
         0.0111, 0.0116, 0.0122, 0.0128, 0.0135, 0.0142, 0.0150, 0.0158, 0.0168,
         0.0178, 0.0189, 0.0202, 0.0216, 0.0233, 0.0253, 0.0289, 0.0331, 0.0413,
         0.0494, 0.0560, 0.0633, 0.0708, 0.0775, 0.0848, 0.0928, 0.1017, 0.1114,
         0.1224, 0.1346, 0.1479, 0.1626, 0.1787, 0.1963, 0.2157, 0.2375, 0.2612,
         0.2870, 0.3149, 0.3451, 0.3778, 0.4138, 0.4523, 0.4930, 0.5359, 0.5806,
         0.6274, 0.6761, 0.7252, 0.7736, 0.8206, 0.8651, 0.9060, 0.9411, 0.9690,
         0.9883, 0.9968, 0.9945, 0.9816, 0.9581, 0.9233, 0.8810, 0.8336]],
       dtype=torch.float64), 'xH2O': tensor([[5.2809e-06, 3.4568e-06, 2.1912e-06, 1.3383e-06, 7.8203e-07, 4.3156e-07,
         2.2121e-07, 1.0177e-07, 4.1094e-08, 1.4074e-08, 4.1646e-09, 1.0743e-09,
         2.4141e-10, 4.8934e-11, 8.0046e-12, 7.3114e-13, 2.2525e-13, 1.4310e-13,
         1.4414e-13, 1.6107e-13, 1.8983e-13, 2.3929e-13, 3.1308e-13, 3.9107e-13,
         4.7703e-13, 6.0689e-13, 7.8433e-13, 1.0221e-12, 1.3419e-12, 1.7536e-12,
         2.2787e-12, 2.8800e-12, 3.4750e-12, 4.1119e-12, 4.6998e-12, 5.4967e-12,
         6.2423e-12, 6.8531e-12, 7.6791e-12, 8.6962e-12, 9.8863e-12, 1.1151e-11,
         1.2484e-11, 1.3884e-11, 1.5342e-11, 1.6836e-11, 1.8362e-11, 1.9930e-11,
         2.1537e-11, 2.3180e-11, 2.4855e-11, 2.6551e-11, 2.8196e-11, 2.9847e-11,
         3.1473e-11, 3.3071e-11, 3.4598e-11, 3.6135e-11, 3.7388e-11, 3.8612e-11,
         3.9737e-11, 4.0772e-11, 4.1673e-11, 4.2633e-11, 4.3173e-11, 4.3817e-11,
         4.4355e-11, 4.4981e-11, 4.5399e-11, 4.6063e-11, 4.6736e-11, 4.7788e-11,
         4.9214e-11, 5.1061e-11, 5.2019e-11, 4.7911e-11, 3.9980e-11, 3.2384e-11,
         2.7273e-11, 2.5388e-11]], dtype=torch.float64), 'xSO2': tensor([[4.3156e-02, 3.6235e-02, 3.0011e-02, 2.4313e-02, 1.8949e-02, 1.4134e-02,
         1.0018e-02, 6.5871e-03, 3.9457e-03, 2.0855e-03, 9.7552e-04, 4.1102e-04,
         1.5710e-04, 5.4163e-05, 2.0773e-05, 1.2595e-05, 1.0767e-05, 9.8351e-06,
         9.3610e-06, 9.1526e-06, 9.1467e-06, 9.2718e-06, 9.5130e-06, 9.8906e-06,
         1.0351e-05, 1.0847e-05, 1.1360e-05, 1.1903e-05, 1.2492e-05, 1.3117e-05,
         1.3785e-05, 1.4535e-05, 1.5441e-05, 1.7285e-05, 1.9556e-05, 2.4061e-05,
         2.8529e-05, 3.2190e-05, 3.5797e-05, 3.9334e-05, 4.2839e-05, 4.6701e-05,
         5.0896e-05, 5.5414e-05, 6.0261e-05, 6.5600e-05, 7.1372e-05, 7.7569e-05,
         8.4207e-05, 9.1295e-05, 9.8840e-05, 1.0691e-04, 1.1562e-04, 1.2476e-04,
         1.3430e-04, 1.4420e-04, 1.5439e-04, 1.6481e-04, 1.7555e-04, 1.8620e-04,
         1.9660e-04, 2.0653e-04, 2.1575e-04, 2.2402e-04, 2.3095e-04, 2.3617e-04,
         2.3936e-04, 2.4027e-04, 2.3863e-04, 2.3393e-04, 2.2644e-04, 2.1601e-04,
         2.0255e-04, 1.8496e-04, 1.6409e-04, 1.4069e-04, 1.1560e-04, 9.0231e-05,
         6.7631e-05, 5.0584e-05]], dtype=torch.float64), 'xH2SO4aer': tensor([[6.5730e-08, 7.4674e-08, 8.5948e-08, 9.9191e-08, 1.1555e-07, 1.3566e-07,
         1.6018e-07, 1.9057e-07, 2.2977e-07, 2.8712e-07, 4.1743e-07, 7.5278e-07,
         8.8698e-07, 2.2142e-07, 8.0037e-09, 4.3322e-10, 2.9004e-10, 2.6379e-10,
         2.5909e-10, 2.6117e-10, 2.6749e-10, 2.7511e-10, 2.8273e-10, 2.8987e-10,
         2.9674e-10, 3.0332e-10, 3.0867e-10, 3.1096e-10, 3.0682e-10, 2.9398e-10,
         2.7095e-10, 2.3644e-10, 2.0136e-10, 1.8723e-10, 1.8785e-10, 2.0580e-10,
         2.2563e-10, 2.4188e-10, 2.3866e-10, 2.1609e-10, 1.7478e-10, 1.4122e-10,
         1.1371e-10, 9.0941e-11, 7.2058e-11, 5.6521e-11, 4.3926e-11, 3.3855e-11,
         2.5895e-11, 1.9665e-11, 1.4831e-11, 1.1115e-11, 8.2858e-12, 6.1345e-12,
         4.5089e-12, 3.2882e-12, 2.3774e-12, 1.7037e-12, 1.2137e-12, 8.5665e-13,
         5.9857e-13, 4.1375e-13, 2.8265e-13, 1.9127e-13, 1.2850e-13, 8.5375e-14,
         5.6007e-14, 3.6252e-14, 2.3154e-14, 1.4718e-14, 9.1582e-15, 5.5279e-15,
         3.1770e-15, 1.7258e-15, 8.2799e-16, 3.1715e-16, 9.6414e-17, 2.9717e-17,
         8.5564e-18, 1.8587e-18]], dtype=torch.float64), 'xS8aer': tensor([[1.4561e-34, 3.1613e-34, 8.0909e-34, 2.5490e-33, 9.9110e-33, 4.2361e-32,
         1.9783e-31, 4.5184e-30, 1.6145e-27, 5.2192e-25, 1.8265e-22, 5.4826e-21,
         1.0284e-20, 2.4002e-21, 5.6282e-23, 2.5410e-25, 2.9928e-26, 7.5160e-27,
         3.5455e-27, 1.8767e-27, 1.0232e-27, 6.1510e-28, 3.8629e-28, 2.3889e-28,
         1.6070e-28, 1.1237e-28, 7.3628e-29, 5.2223e-29, 4.1978e-29, 3.5077e-29,
         3.6241e-29, 3.6664e-29, 3.6492e-29, 3.9185e-29, 4.3468e-29, 5.2624e-29,
         6.1784e-29, 6.9288e-29, 5.3917e-29, 2.4588e-29, 8.5390e-30, 5.7304e-30,
         4.0084e-30, 2.7510e-30, 1.9018e-30, 1.5814e-30, 1.0893e-30, 5.8377e-31,
         2.3717e-31, 4.6142e-32, 1.6061e-33, 1.0000e-40, 1.0000e-40, 1.0000e-40,
         1.0000e-40, 1.0000e-40, 1.0000e-40, 1.0000e-40, 1.0000e-40, 1.0000e-40,
         1.0000e-40, 1.0000e-40, 1.0000e-40, 1.0000e-40, 1.0000e-40, 1.0000e-40,
         1.0000e-40, 1.0000e-40, 1.0000e-40, 1.0000e-40, 1.0000e-40, 1.0000e-40,
         1.0000e-40, 1.0000e-40, 1.0000e-40, 1.0000e-40, 1.0000e-40, 1.0000e-40,
         1.0000e-40, 1.0000e-40]], dtype=torch.float64)}"
302400,222.76,4.0534e-08,"{'pres': tensor([[7.0013e+04, 5.7350e+04, 4.6977e+04, 3.8480e+04, 3.1520e+04, 2.5819e+04,
         2.1149e+04, 1.7324e+04, 1.4190e+04, 1.1624e+04, 9.5214e+03, 7.7993e+03,
         6.3886e+03, 5.2331e+03, 4.2866e+03, 3.5112e+03, 2.8762e+03, 2.3559e+03,
         1.9298e+03, 1.5808e+03, 1.2949e+03, 1.0607e+03, 8.6881e+02, 7.1167e+02,
         5.8295e+02, 4.7751e+02, 3.9114e+02, 3.2040e+02, 2.6245e+02, 2.1498e+02,
         1.7609e+02, 1.4424e+02, 1.1815e+02, 9.6783e+01, 7.9278e+01, 6.4939e+01,
         5.3193e+01, 4.3572e+01, 3.5691e+01, 2.9236e+01, 2.3948e+01, 1.9616e+01,
         1.6068e+01, 1.3162e+01, 1.0781e+01, 8.8313e+00, 7.2340e+00, 5.9256e+00,
         4.8538e+00, 3.9759e+00, 3.2568e+00, 2.6677e+00, 2.1852e+00, 1.7900e+00,
         1.4662e+00, 1.2010e+00, 9.8378e-01, 8.0585e-01, 6.6009e-01, 5.4070e-01,
         4.4290e-01, 3.6279e-01, 2.9717e-01, 2.4342e-01, 1.9940e-01, 1.6333e-01,
         1.3379e-01, 1.0959e-01, 8.9769e-02, 7.3532e-02, 6.0232e-02, 4.9338e-02,
         4.0414e-02, 3.3104e-02, 2.7117e-02, 2.2212e-02, 1.8195e-02, 1.4904e-02,
         1.2208e-02, 1.0000e-02]], dtype=torch.float64), 'temp': tensor([[205.4482, 201.2288, 197.0081, 192.7528, 188.4140, 183.9262, 179.2226,
         174.2192, 168.8652, 163.0692, 156.9486, 150.7820, 144.7595, 138.7045,
         133.4206, 131.1275, 129.7694, 128.6942, 127.7709, 126.9608, 126.2422,
         125.5811, 124.9687, 124.4127, 123.8933, 123.4020, 122.9530, 122.5328,
         122.1315, 121.7619, 121.4209, 121.0872, 120.7774, 120.4652, 120.1780,
         119.7996, 119.4440, 119.1451, 118.8218, 118.4819, 118.1374, 117.8042,
         117.4811, 117.1682, 116.8645, 116.5639, 116.2687, 115.9837, 115.7072,
         115.4396, 115.1807, 114.9294, 114.6768, 114.4344, 114.1928, 113.9591,
         113.7184, 113.4889, 113.2407, 113.0007, 112.7519, 112.5046, 112.2410,
         111.9918, 111.7095, 111.4476, 111.1548, 110.8778, 110.5712, 110.2888,
         109.9830, 109.6977, 109.4127, 109.1422, 108.8833, 108.6372, 108.3966,
         108.1810, 107.9664, 107.8266]], dtype=torch.float64), 'xCO2': tensor([[0.7142, 0.7474, 0.7732, 0.7694, 0.7424, 0.7036, 0.6497, 0.5771, 0.4837,
         0.3686, 0.2311, 0.1251, 0.0638, 0.0303, 0.0159, 0.0117, 0.0110, 0.0109,
         0.0111, 0.0116, 0.0122, 0.0128, 0.0135, 0.0142, 0.0150, 0.0158, 0.0168,
         0.0178, 0.0189, 0.0202, 0.0216, 0.0233, 0.0253, 0.0289, 0.0331, 0.0413,
         0.0494, 0.0560, 0.0633, 0.0708, 0.0775, 0.0848, 0.0928, 0.1017, 0.1114,
         0.1224, 0.1346, 0.1479, 0.1626, 0.1787, 0.1963, 0.2157, 0.2375, 0.2612,
         0.2870, 0.3149, 0.3451, 0.3778, 0.4138, 0.4523, 0.4930, 0.5359, 0.5806,
         0.6275, 0.6761, 0.7252, 0.7736, 0.8206, 0.8651, 0.9060, 0.9411, 0.9690,
         0.9883, 0.9968, 0.9945, 0.9816, 0.9581, 0.9233, 0.8811, 0.8336]],
       dtype=torch.float64), 'xH2O': tensor([[5.2833e-06, 3.4588e-06, 2.1929e-06, 1.3395e-06, 7.8288e-07, 4.3172e-07,
         2.2078e-07, 1.0173e-07, 4.1062e-08, 1.4020e-08, 4.1315e-09, 1.0660e-09,
         2.4019e-10, 4.8787e-11, 7.9383e-12, 7.2611e-13, 2.2443e-13, 1.4299e-13,
         1.4414e-13, 1.6108e-13, 1.8986e-13, 2.3934e-13, 3.1315e-13, 3.9116e-13,
         4.7712e-13, 6.0699e-13, 7.8444e-13, 1.0222e-12, 1.3421e-12, 1.7538e-12,
         2.2789e-12, 2.8802e-12, 3.4753e-12, 4.1123e-12, 4.7004e-12, 5.4977e-12,
         6.2435e-12, 6.8544e-12, 7.6804e-12, 8.6973e-12, 9.8879e-12, 1.1153e-11,
         1.2488e-11, 1.3887e-11, 1.5346e-11, 1.6842e-11, 1.8368e-11, 1.9938e-11,
         2.1547e-11, 2.3191e-11, 2.4867e-11, 2.6565e-11, 2.8213e-11, 2.9866e-11,
         3.1494e-11, 3.3094e-11, 3.4623e-11, 3.6160e-11, 3.7416e-11, 3.8643e-11,
         3.9770e-11, 4.0806e-11, 4.1708e-11, 4.2667e-11, 4.3210e-11, 4.3857e-11,
         4.4393e-11, 4.5019e-11, 4.5438e-11, 4.6104e-11, 4.6777e-11, 4.7829e-11,
         4.9257e-11, 5.1105e-11, 5.2050e-11, 4.7909e-11, 3.9952e-11, 3.2338e-11,
         2.7217e-11, 2.5327e-11]], dtype=torch.float64), 'xSO2': tensor([[4.3167e-02, 3.6247e-02, 3.0025e-02, 2.4327e-02, 1.8961e-02, 1.4137e-02,
         1.0006e-02, 6.5855e-03, 3.9435e-03, 2.0800e-03, 9.7018e-04, 4.0888e-04,
         1.5656e-04, 5.4060e-05, 2.0762e-05, 1.2596e-05, 1.0768e-05, 9.8360e-06,
         9.3618e-06, 9.1532e-06, 9.1474e-06, 9.2724e-06, 9.5137e-06, 9.8912e-06,
         1.0350e-05, 1.0846e-05, 1.1359e-05, 1.1902e-05, 1.2492e-05, 1.3117e-05,
         1.3785e-05, 1.4534e-05, 1.5439e-05, 1.7282e-05, 1.9552e-05, 2.4058e-05,
         2.8527e-05, 3.2187e-05, 3.5800e-05, 3.9342e-05, 4.2844e-05, 4.6700e-05,
         5.0892e-05, 5.5409e-05, 6.0258e-05, 6.5599e-05, 7.1372e-05, 7.7570e-05,
         8.4208e-05, 9.1297e-05, 9.8842e-05, 1.0692e-04, 1.1562e-04, 1.2476e-04,
         1.3431e-04, 1.4421e-04, 1.5439e-04, 1.6481e-04, 1.7555e-04, 1.8621e-04,
         1.9661e-04, 2.0654e-04, 2.1576e-04, 2.2403e-04, 2.3096e-04, 2.3618e-04,
         2.3937e-04, 2.4028e-04, 2.3865e-04, 2.3395e-04, 2.2645e-04, 2.1602e-04,
         2.0256e-04, 1.8497e-04, 1.6410e-04, 1.4069e-04, 1.1560e-04, 9.0232e-05,
         6.7631e-05, 5.0584e-05]], dtype=torch.float64), 'xH2SO4aer': tensor([[6.5732e-08, 7.4677e-08, 8.5951e-08, 9.9194e-08, 1.1555e-07, 1.3566e-07,
         1.6018e-07, 1.9057e-07, 2.2978e-07, 2.8713e-07, 4.1749e-07, 7.5293e-07,
         8.8689e-07, 2.2118e-07, 7.9887e-09, 4.3270e-10, 2.8995e-10, 2.6378e-10,
         2.5906e-10, 2.6114e-10, 2.6747e-10, 2.7509e-10, 2.8272e-10, 2.8988e-10,
         2.9675e-10, 3.0326e-10, 3.0836e-10, 3.0990e-10, 3.0422e-10, 2.8929e-10,
         2.6421e-10, 2.2852e-10, 1.9339e-10, 1.7942e-10, 1.7999e-10, 1.9746e-10,
         2.1677e-10, 2.3259e-10, 2.3028e-10, 2.0985e-10, 1.7147e-10, 1.3975e-10,
         1.1319e-10, 9.0805e-11, 7.2046e-11, 5.6532e-11, 4.3938e-11, 3.3864e-11,
         2.5902e-11, 1.9671e-11, 1.4836e-11, 1.1119e-11, 8.2888e-12, 6.1370e-12,
         4.5109e-12, 3.2898e-12, 2.3786e-12, 1.7047e-12, 1.2145e-12, 8.5722e-13,
         5.9900e-13, 4.1406e-13, 2.8287e-13, 1.9143e-13, 1.2861e-13, 8.5451e-14,
         5.6058e-14, 3.6286e-14, 2.3176e-14, 1.4731e-14, 9.1665e-15, 5.5325e-15,
         3.1792e-15, 1.7265e-15, 8.2779e-16, 3.1671e-16, 9.6142e-17, 2.9599e-17,
         8.5142e-18, 1.8483e-18]], dtype=torch.float64), 'xS8aer': tensor([[1.4561e-34, 3.1608e-34, 8.0878e-34, 2.5473e-33, 9.9017e-33, 4.2308e-32,
         1.9754e-31, 4.5146e-30, 1.6142e-27, 5.2220e-25, 1.8310e-22, 5.4905e-21,
         1.0277e-20, 2.3961e-21, 5.6090e-23, 2.5174e-25, 2.9599e-26, 7.4632e-27,
         3.5286e-27, 1.8678e-27, 1.0179e-27, 6.1199e-28, 3.8405e-28, 2.3725e-28,
         1.5939e-28, 1.1120e-28, 7.2809e-29, 5.2051e-29, 4.2292e-29, 3.5186e-29,
         3.5552e-29, 3.5491e-29, 3.5371e-29, 3.8194e-29, 4.2531e-29, 5.1647e-29,
         6.0750e-29, 6.8207e-29, 5.3073e-29, 2.4136e-29, 8.3062e-30, 5.6420e-30,
         3.9938e-30, 2.7640e-30, 1.9193e-30, 1.5942e-30, 1.0971e-30, 5.8686e-31,
         2.3770e-31, 4.5456e-32, 1.5217e-33, 1.0000e-40, 1.0000e-40, 1.0000e-40,
         1.0000e-40, 1.0000e-40, 1.0000e-40, 1.0000e-40, 1.0000e-40, 1.0000e-40,
         1.0000e-40, 1.0000e-40, 1.0000e-40, 1.0000e-40, 1.0000e-40, 1.0000e-40,
         1.0000e-40, 1.0000e-40, 1.0000e-40, 1.0000e-40, 1.0000e-40, 1.0000e-40,
         1.0000e-40, 1.0000e-40, 1.0000e-40, 1.0000e-40, 1.0000e-40, 1.0000e-40,
         1.0000e-40, 1.0000e-40]], dtype=torch.float64)}"
324000,222.762,4.04163e-08,"{'pres': tensor([[7.0013e+04, 5.7350e+04, 4.6977e+04, 3.8480e+04, 3.1520e+04, 2.5819e+04,
         2.1149e+04, 1.7324e+04, 1.4190e+04, 1.1624e+04, 9.5214e+03, 7.7993e+03,
         6.3886e+03, 5.2331e+03, 4.2866e+03, 3.5112e+03, 2.8762e+03, 2.3559e+03,
         1.9298e+03, 1.5808e+03, 1.2949e+03, 1.0607e+03, 8.6881e+02, 7.1167e+02,
         5.8295e+02, 4.7751e+02, 3.9114e+02, 3.2040e+02, 2.6245e+02, 2.1498e+02,
         1.7609e+02, 1.4424e+02, 1.1815e+02, 9.6783e+01, 7.9278e+01, 6.4939e+01,
         5.3193e+01, 4.3572e+01, 3.5691e+01, 2.9236e+01, 2.3948e+01, 1.9616e+01,
         1.6068e+01, 1.3162e+01, 1.0781e+01, 8.8313e+00, 7.2340e+00, 5.9256e+00,
         4.8538e+00, 3.9759e+00, 3.2568e+00, 2.6677e+00, 2.1852e+00, 1.7900e+00,
         1.4662e+00, 1.2010e+00, 9.8378e-01, 8.0585e-01, 6.6009e-01, 5.4070e-01,
         4.4290e-01, 3.6279e-01, 2.9717e-01, 2.4342e-01, 1.9940e-01, 1.6333e-01,
         1.3379e-01, 1.0959e-01, 8.9769e-02, 7.3532e-02, 6.0232e-02, 4.9338e-02,
         4.0414e-02, 3.3104e-02, 2.7117e-02, 2.2212e-02, 1.8195e-02, 1.4904e-02,
         1.2208e-02, 1.0000e-02]], dtype=torch.float64), 'temp': tensor([[205.4520, 201.2328, 197.0113, 192.7552, 188.4155, 183.9265, 179.2216,
         174.2162, 168.8616, 163.0503, 156.9269, 150.7538, 144.7438, 138.6968,
         133.4196, 131.1279, 129.7698, 128.6946, 127.7712, 126.9611, 126.2425,
         125.5814, 124.9689, 124.4130, 123.8935, 123.4022, 122.9533, 122.5331,
         122.1318, 121.7623, 121.4212, 121.0875, 120.7778, 120.4656, 120.1786,
         119.8006, 119.4453, 119.1462, 118.8226, 118.4827, 118.1382, 117.8052,
         117.4822, 117.1693, 116.8656, 116.5651, 116.2701, 115.9852, 115.7088,
         115.4413, 115.1824, 114.9312, 114.6788, 114.4366, 114.1950, 113.9615,
         113.7207, 113.4911, 113.2430, 113.0031, 112.7543, 112.5070, 112.2433,
         111.9939, 111.7116, 111.4499, 111.1568, 110.8798, 110.5731, 110.2907,
         109.9848, 109.6994, 109.4144, 109.1438, 108.8850, 108.6388, 108.3982,
         108.1827, 107.9677, 107.8281]], dtype=torch.float64), 'xCO2': tensor([[0.7142, 0.7474, 0.7732, 0.7694, 0.7424, 0.7036, 0.6497, 0.5770, 0.4835,
         0.3679, 0.2301, 0.1246, 0.0636, 0.0303, 0.0159, 0.0117, 0.0110, 0.0109,
         0.0111, 0.0116, 0.0122, 0.0128, 0.0135, 0.0142, 0.0150, 0.0158, 0.0168,
         0.0178, 0.0189, 0.0202, 0.0216, 0.0233, 0.0253, 0.0289, 0.0331, 0.0413,
         0.0494, 0.0560, 0.0633, 0.0708, 0.0775, 0.0848, 0.0928, 0.1017, 0.1114,
         0.1224, 0.1346, 0.1479, 0.1626, 0.1787, 0.1963, 0.2157, 0.2375, 0.2612,
         0.2870, 0.3149, 0.3452, 0.3778, 0.4138, 0.4523, 0.4930, 0.5359, 0.5806,
         0.6275, 0.6762, 0.7252, 0.7736, 0.8206, 0.8651, 0.9060, 0.9411, 0.9690,
         0.9884, 0.9968, 0.9945, 0.9816, 0.9581, 0.9234, 0.8811, 0.8336]],
       dtype=torch.float64), 'xH2O': tensor([[5.2860e-06, 3.4608e-06, 2.1945e-06, 1.3406e-06, 7.8311e-07, 4.3171e-07,
         2.2067e-07, 1.0166e-07, 4.1023e-08, 1.3987e-08, 4.1004e-09, 1.0578e-09,
         2.3898e-10, 4.8642e-11, 7.8750e-12, 7.2132e-13, 2.2366e-13, 1.4289e-13,
         1.4414e-13, 1.6110e-13, 1.8988e-13, 2.3938e-13, 3.1322e-13, 3.9124e-13,
         4.7720e-13, 6.0708e-13, 7.8455e-13, 1.0223e-12, 1.3422e-12, 1.7540e-12,
         2.2791e-12, 2.8805e-12, 3.4756e-12, 4.1128e-12, 4.7011e-12, 5.4986e-12,
         6.2447e-12, 6.8558e-12, 7.6818e-12, 8.6986e-12, 9.8897e-12, 1.1156e-11,
         1.2491e-11, 1.3891e-11, 1.5351e-11, 1.6847e-11, 1.8375e-11, 1.9947e-11,
         2.1557e-11, 2.3202e-11, 2.4880e-11, 2.6578e-11, 2.8228e-11, 2.9884e-11,
         3.1515e-11, 3.3117e-11, 3.4646e-11, 3.6184e-11, 3.7444e-11, 3.8673e-11,
         3.9801e-11, 4.0839e-11, 4.1741e-11, 4.2699e-11, 4.3244e-11, 4.3893e-11,
         4.4429e-11, 4.5054e-11, 4.5474e-11, 4.6141e-11, 4.6815e-11, 4.7868e-11,
         4.9296e-11, 5.1145e-11, 5.2079e-11, 4.7911e-11, 3.9930e-11, 3.2300e-11,
         2.7170e-11, 2.5275e-11]], dtype=torch.float64), 'xSO2': tensor([[4.3180e-02, 3.6260e-02, 3.0038e-02, 2.4338e-02, 1.8965e-02, 1.4137e-02,
         1.0002e-02, 6.5824e-03, 3.9410e-03, 2.0766e-03, 9.6510e-04, 4.0676e-04,
         1.5603e-04, 5.3957e-05, 2.0751e-05, 1.2597e-05, 1.0769e-05, 9.8368e-06,
         9.3625e-06, 9.1539e-06, 9.1480e-06, 9.2731e-06, 9.5144e-06, 9.8918e-06,
         1.0350e-05, 1.0845e-05, 1.1358e-05, 1.1902e-05, 1.2492e-05, 1.3117e-05,
         1.3784e-05, 1.4533e-05, 1.5437e-05, 1.7280e-05, 1.9549e-05, 2.4055e-05,
         2.8525e-05, 3.2186e-05, 3.5803e-05, 3.9351e-05, 4.2848e-05, 4.6699e-05,
         5.0887e-05, 5.5404e-05, 6.0254e-05, 6.5598e-05, 7.1372e-05, 7.7571e-05,
         8.4210e-05, 9.1299e-05, 9.8844e-05, 1.0692e-04, 1.1563e-04, 1.2477e-04,
         1.3431e-04, 1.4421e-04, 1.5440e-04, 1.6481e-04, 1.7556e-04, 1.8621e-04,
         1.9661e-04, 2.0655e-04, 2.1577e-04, 2.2404e-04, 2.3097e-04, 2.3619e-04,
         2.3938e-04, 2.4029e-04, 2.3866e-04, 2.3396e-04, 2.2646e-04, 2.1603e-04,
         2.0257e-04, 1.8498e-04, 1.6411e-04, 1.4070e-04, 1.1560e-04, 9.0234e-05,
         6.7632e-05, 5.0584e-05]], dtype=torch.float64), 'xH2SO4aer': tensor([[6.5735e-08, 7.4679e-08, 8.5954e-08, 9.9197e-08, 1.1555e-07, 1.3567e-07,
         1.6019e-07, 1.9058e-07, 2.2978e-07, 2.8715e-07, 4.1755e-07, 7.5308e-07,
         8.8681e-07, 2.2094e-07, 7.9737e-09, 4.3218e-10, 2.8987e-10, 2.6376e-10,
         2.5903e-10, 2.6111e-10, 2.6745e-10, 2.7508e-10, 2.8272e-10, 2.8989e-10,
         2.9675e-10, 3.0317e-10, 3.0792e-10, 3.0857e-10, 3.0120e-10, 2.8420e-10,
         2.5727e-10, 2.2084e-10, 1.8611e-10, 1.7263e-10, 1.7338e-10, 1.9064e-10,
         2.0968e-10, 2.2528e-10, 2.2389e-10, 2.0539e-10, 1.6931e-10, 1.3889e-10,
         1.1292e-10, 9.0754e-11, 7.2051e-11, 5.6545e-11, 4.3949e-11, 3.3873e-11,
         2.5908e-11, 1.9676e-11, 1.4840e-11, 1.1122e-11, 8.2917e-12, 6.1394e-12,
         4.5128e-12, 3.2913e-12, 2.3798e-12, 1.7056e-12, 1.2152e-12, 8.5777e-13,
         5.9941e-13, 4.1435e-13, 2.8308e-13, 1.9157e-13, 1.2872e-13, 8.5523e-14,
         5.6106e-14, 3.6317e-14, 2.3197e-14, 1.4745e-14, 9.1744e-15, 5.5370e-15,
         3.1814e-15, 1.7272e-15, 8.2769e-16, 3.1636e-16, 9.5915e-17, 2.9498e-17,
         8.4779e-18, 1.8393e-18]], dtype=torch.float64), 'xS8aer': tensor([[1.4562e-34, 3.1603e-34, 8.0847e-34, 2.5457e-33, 9.8923e-33, 4.2255e-32,
         1.9724e-31, 4.5108e-30, 1.6140e-27, 5.2251e-25, 1.8357e-22, 5.4985e-21,
         1.0270e-20, 2.3919e-21, 5.5898e-23, 2.4941e-25, 2.9278e-26, 7.4120e-27,
         3.5121e-27, 1.8592e-27, 1.0129e-27, 6.0897e-28, 3.8188e-28, 2.3567e-28,
         1.5811e-28, 1.1010e-28, 7.2116e-29, 5.1986e-29, 4.2530e-29, 3.5077e-29,
         3.4732e-29, 3.4384e-29, 3.4401e-29, 3.7365e-29, 4.1757e-29, 5.0849e-29,
         5.9912e-29, 6.7336e-29, 5.2424e-29, 2.3839e-29, 8.1748e-30, 5.6061e-30,
         4.0003e-30, 2.7834e-30, 1.9368e-30, 1.6068e-30, 1.1068e-30, 5.9251e-31,
         2.3948e-31, 4.5143e-32, 1.4574e-33, 1.0000e-40, 1.0000e-40, 1.0000e-40,
         1.0000e-40, 1.0000e-40, 1.0000e-40, 1.0000e-40, 1.0000e-40, 1.0000e-40,
         1.0000e-40, 1.0000e-40, 1.0000e-40, 1.0000e-40, 1.0000e-40, 1.0000e-40,
         1.0000e-40, 1.0000e-40, 1.0000e-40, 1.0000e-40, 1.0000e-40, 1.0000e-40,
         1.0000e-40, 1.0000e-40, 1.0000e-40, 1.0000e-40, 1.0000e-40, 1.0000e-40,
         1.0000e-40, 1.0000e-40]], dtype=torch.float64)}"
345600,222.763,4.05263e-08,"{'pres': tensor([[7.0013e+04, 5.7350e+04, 4.6977e+04, 3.8480e+04, 3.1520e+04, 2.5819e+04,
         2.1149e+04, 1.7324e+04, 1.4190e+04, 1.1624e+04, 9.5214e+03, 7.7993e+03,
         6.3886e+03, 5.2331e+03, 4.2866e+03, 3.5112e+03, 2.8762e+03, 2.3559e+03,
         1.9298e+03, 1.5808e+03, 1.2949e+03, 1.0607e+03, 8.6881e+02, 7.1167e+02,
         5.8295e+02, 4.7751e+02, 3.9114e+02, 3.2040e+02, 2.6245e+02, 2.1498e+02,
         1.7609e+02, 1.4424e+02, 1.1815e+02, 9.6783e+01, 7.9278e+01, 6.4939e+01,
         5.3193e+01, 4.3572e+01, 3.5691e+01, 2.9236e+01, 2.3948e+01, 1.9616e+01,
         1.6068e+01, 1.3162e+01, 1.0781e+01, 8.8313e+00, 7.2340e+00, 5.9256e+00,
         4.8538e+00, 3.9759e+00, 3.2568e+00, 2.6677e+00, 2.1852e+00, 1.7900e+00,
         1.4662e+00, 1.2010e+00, 9.8378e-01, 8.0585e-01, 6.6009e-01, 5.4070e-01,
         4.4290e-01, 3.6279e-01, 2.9717e-01, 2.4342e-01, 1.9940e-01, 1.6333e-01,
         1.3379e-01, 1.0959e-01, 8.9769e-02, 7.3532e-02, 6.0232e-02, 4.9338e-02,
         4.0414e-02, 3.3104e-02, 2.7117e-02, 2.2212e-02, 1.8195e-02, 1.4904e-02,
         1.2208e-02, 1.0000e-02]], dtype=torch.float64), 'temp': tensor([[205.4555, 201.2361, 197.0142, 192.7575, 188.4171, 183.9270, 179.2209,
         174.2116, 168.8566, 163.0355, 156.9105, 150.7258, 144.7282, 138.6892,
         133.4187, 131.1284, 129.7702, 128.6949, 127.7715, 126.9613, 126.2428,
         125.5817, 124.9692, 124.4132, 123.8938, 123.4025, 122.9536, 122.5334,
         122.1321, 121.7626, 121.4215, 121.0879, 120.7781, 120.4660, 120.1791,
         119.8016, 119.4466, 119.1472, 118.8234, 118.4834, 118.1391, 117.8061,
         117.4832, 117.1704, 116.8666, 116.5663, 116.2715, 115.9867, 115.7105,
         115.4430, 115.1841, 114.9330, 114.6807, 114.4387, 114.1972, 113.9637,
         113.7229, 113.4932, 113.2453, 113.0055, 112.7566, 112.5093, 112.2455,
         111.9959, 111.7136, 111.4520, 111.1587, 110.8816, 110.5749, 110.2925,
         109.9864, 109.7010, 109.4159, 109.1453, 108.8866, 108.6403, 108.3997,
         108.1844, 107.9690, 107.8296]], dtype=torch.float64), 'xCO2': tensor([[0.7142, 0.7474, 0.7732, 0.7694, 0.7424, 0.7036, 0.6497, 0.5770, 0.4832,
         0.3671, 0.2295, 0.1241, 0.0635, 0.0302, 0.0158, 0.0117, 0.0110, 0.0109,
         0.0111, 0.0116, 0.0122, 0.0128, 0.0135, 0.0142, 0.0150, 0.0158, 0.0168,
         0.0178, 0.0189, 0.0202, 0.0216, 0.0233, 0.0253, 0.0289, 0.0331, 0.0413,
         0.0494, 0.0560, 0.0633, 0.0708, 0.0775, 0.0848, 0.0928, 0.1017, 0.1114,
         0.1224, 0.1346, 0.1479, 0.1626, 0.1787, 0.1963, 0.2157, 0.2375, 0.2612,
         0.2870, 0.3149, 0.3452, 0.3778, 0.4138, 0.4523, 0.4930, 0.5359, 0.5806,
         0.6275, 0.6762, 0.7252, 0.7736, 0.8206, 0.8651, 0.9060, 0.9412, 0.9690,
         0.9884, 0.9969, 0.9945, 0.9816, 0.9581, 0.9234, 0.8811, 0.8336]],
       dtype=torch.float64), 'xH2O': tensor([[5.2889e-06, 3.4629e-06, 2.1957e-06, 1.3412e-06, 7.8333e-07, 4.3174e-07,
         2.2061e-07, 1.0160e-07, 4.0986e-08, 1.3934e-08, 4.0779e-09, 1.0506e-09,
         2.3779e-10, 4.8498e-11, 7.8146e-12, 7.1677e-13, 2.2291e-13, 1.4279e-13,
         1.4413e-13, 1.6112e-13, 1.8991e-13, 2.3943e-13, 3.1328e-13, 3.9132e-13,
         4.7729e-13, 6.0718e-13, 7.8465e-13, 1.0225e-12, 1.3424e-12, 1.7542e-12,
         2.2793e-12, 2.8807e-12, 3.4759e-12, 4.1133e-12, 4.7019e-12, 5.4996e-12,
         6.2460e-12, 6.8573e-12, 7.6832e-12, 8.6999e-12, 9.8915e-12, 1.1158e-11,
         1.2494e-11, 1.3895e-11, 1.5355e-11, 1.6853e-11, 1.8382e-11, 1.9955e-11,
         2.1566e-11, 2.3213e-11, 2.4891e-11, 2.6591e-11, 2.8244e-11, 2.9902e-11,
         3.1535e-11, 3.3138e-11, 3.4669e-11, 3.6207e-11, 3.7470e-11, 3.8702e-11,
         3.9831e-11, 4.0870e-11, 4.1772e-11, 4.2729e-11, 4.3276e-11, 4.3927e-11,
         4.4462e-11, 4.5087e-11, 4.5508e-11, 4.6176e-11, 4.6849e-11, 4.7904e-11,
         4.9332e-11, 5.1182e-11, 5.2107e-11, 4.7915e-11, 3.9913e-11, 3.2269e-11,
         2.7130e-11, 2.5230e-11]], dtype=torch.float64), 'xSO2': tensor([[4.3194e-02, 3.6273e-02, 3.0048e-02, 2.4345e-02, 1.8968e-02, 1.4137e-02,
         1.0000e-02, 6.5798e-03, 3.9386e-03, 2.0713e-03, 9.6146e-04, 4.0486e-04,
         1.5550e-04, 5.3856e-05, 2.0740e-05, 1.2598e-05, 1.0770e-05, 9.8376e-06,
         9.3632e-06, 9.1546e-06, 9.1487e-06, 9.2737e-06, 9.5151e-06, 9.8924e-06,
         1.0349e-05, 1.0844e-05, 1.1357e-05, 1.1902e-05, 1.2492e-05, 1.3117e-05,
         1.3784e-05, 1.4532e-05, 1.5435e-05, 1.7277e-05, 1.9546e-05, 2.4053e-05,
         2.8523e-05, 3.2185e-05, 3.5807e-05, 3.9359e-05, 4.2853e-05, 4.6698e-05,
         5.0883e-05, 5.5399e-05, 6.0251e-05, 6.5596e-05, 7.1372e-05, 7.7572e-05,
         8.4211e-05, 9.1300e-05, 9.8846e-05, 1.0692e-04, 1.1563e-04, 1.2477e-04,
         1.3431e-04, 1.4421e-04, 1.5440e-04, 1.6482e-04, 1.7556e-04, 1.8622e-04,
         1.9662e-04, 2.0655e-04, 2.1577e-04, 2.2405e-04, 2.3098e-04, 2.3619e-04,
         2.3939e-04, 2.4030e-04, 2.3867e-04, 2.3397e-04, 2.2648e-04, 2.1605e-04,
         2.0258e-04, 1.8499e-04, 1.6412e-04, 1.4071e-04, 1.1561e-04, 9.0236e-05,
         6.7633e-05, 5.0584e-05]], dtype=torch.float64), 'xH2SO4aer': tensor([[6.5737e-08, 7.4681e-08, 8.5956e-08, 9.9200e-08, 1.1556e-07, 1.3567e-07,
         1.6019e-07, 1.9058e-07, 2.2979e-07, 2.8716e-07, 4.1762e-07, 7.5323e-07,
         8.8671e-07, 2.2069e-07, 7.9586e-09, 4.3167e-10, 2.8978e-10, 2.6374e-10,
         2.5899e-10, 2.6109e-10, 2.6742e-10, 2.7506e-10, 2.8271e-10, 2.8989e-10,
         2.9674e-10, 3.0302e-10, 3.0734e-10, 3.0695e-10, 2.9780e-10, 2.7877e-10,
         2.5028e-10, 2.1355e-10, 1.7961e-10, 1.6686e-10, 1.6795e-10, 1.8521e-10,
         2.0416e-10, 2.1968e-10, 2.1916e-10, 2.0228e-10, 1.6794e-10, 1.3841e-10,
         1.1280e-10, 9.0741e-11, 7.2063e-11, 5.6557e-11, 4.3958e-11, 3.3880e-11,
         2.5914e-11, 1.9681e-11, 1.4844e-11, 1.1126e-11, 8.2945e-12, 6.1417e-12,
         4.5146e-12, 3.2928e-12, 2.3810e-12, 1.7065e-12, 1.2159e-12, 8.5829e-13,
         5.9979e-13, 4.1464e-13, 2.8328e-13, 1.9171e-13, 1.2881e-13, 8.5592e-14,
         5.6152e-14, 3.6347e-14, 2.3216e-14, 1.4757e-14, 9.1819e-15, 5.5413e-15,
         3.1835e-15, 1.7280e-15, 8.2767e-16, 3.1609e-16, 9.5725e-17, 2.9412e-17,
         8.4467e-18, 1.8315e-18]], dtype=torch.float64), 'xS8aer': tensor([[1.4563e-34, 3.1597e-34, 8.0815e-34, 2.5440e-33, 9.8830e-33, 4.2201e-32,
         1.9695e-31, 4.5071e-30, 1.6138e-27, 5.2285e-25, 1.8406e-22, 5.5064e-21,
         1.0262e-20, 2.3878e-21, 5.5706e-23, 2.4712e-25, 2.8966e-26, 7.3624e-27,
         3.4960e-27, 1.8509e-27, 1.0080e-27, 6.0603e-28, 3.7977e-28, 2.3412e-28,
         1.5685e-28, 1.0907e-28, 7.1541e-29, 5.1986e-29, 4.2661e-29, 3.4781e-29,
         3.3844e-29, 3.3370e-29, 3.3573e-29, 3.6675e-29, 4.1119e-29, 5.0199e-29,
         5.9237e-29, 6.6640e-29, 5.1932e-29, 2.3657e-29, 8.1078e-30, 5.5987e-30,
         4.0167e-30, 2.8061e-30, 1.9542e-30, 1.6192e-30, 1.1181e-30, 6.0094e-31,
         2.4395e-31, 4.5780e-32, 1.4350e-33, 1.0000e-40, 1.0000e-40, 1.0000e-40,
         1.0000e-40, 1.0000e-40, 1.0000e-40, 1.0000e-40, 1.0000e-40, 1.0000e-40,
         1.0000e-40, 1.0000e-40, 1.0000e-40, 1.0000e-40, 1.0000e-40, 1.0000e-40,
         1.0000e-40, 1.0000e-40, 1.0000e-40, 1.0000e-40, 1.0000e-40, 1.0000e-40,
         1.0000e-40, 1.0000e-40, 1.0000e-40, 1.0000e-40, 1.0000e-40, 1.0000e-40,
         1.0000e-40, 1.0000e-40]], dtype=torch.float64)}"
367200,222.765,7.14092e-08,"{'pres': tensor([[7.0013e+04, 5.7350e+04, 4.6977e+04, 3.8480e+04, 3.1520e+04, 2.5819e+04,
         2.1149e+04, 1.7324e+04, 1.4190e+04, 1.1624e+04, 9.5214e+03, 7.7993e+03,
         6.3886e+03, 5.2331e+03, 4.2866e+03, 3.5112e+03, 2.8762e+03, 2.3559e+03,
         1.9298e+03, 1.5808e+03, 1.2949e+03, 1.0607e+03, 8.6881e+02, 7.1167e+02,
         5.8295e+02, 4.7751e+02, 3.9114e+02, 3.2040e+02, 2.6245e+02, 2.1498e+02,
         1.7609e+02, 1.4424e+02, 1.1815e+02, 9.6783e+01, 7.9278e+01, 6.4939e+01,
         5.3193e+01, 4.3572e+01, 3.5691e+01, 2.9236e+01, 2.3948e+01, 1.9616e+01,
         1.6068e+01, 1.3162e+01, 1.0781e+01, 8.8313e+00, 7.2340e+00, 5.9256e+00,
         4.8538e+00, 3.9759e+00, 3.2568e+00, 2.6677e+00, 2.1852e+00, 1.7900e+00,
         1.4662e+00, 1.2010e+00, 9.8378e-01, 8.0585e-01, 6.6009e-01, 5.4070e-01,
         4.4290e-01, 3.6279e-01, 2.9717e-01, 2.4342e-01, 1.9940e-01, 1.6333e-01,
         1.3379e-01, 1.0959e-01, 8.9769e-02, 7.3532e-02, 6.0232e-02, 4.9338e-02,
         4.0414e-02, 3.3104e-02, 2.7117e-02, 2.2212e-02, 1.8195e-02, 1.4904e-02,
         1.2208e-02, 1.0000e-02]], dtype=torch.float64), 'temp': tensor([[205.4040, 201.2050, 197.0156, 192.7644, 188.4564, 183.9540, 179.2734,
         174.2438, 168.8866, 163.0809, 156.9523, 150.6979, 144.7126, 138.6816,
         133.4177, 131.1289, 129.7707, 128.6952, 127.7718, 126.9616, 126.2430,
         125.5819, 124.9695, 124.4135, 123.8941, 123.4028, 122.9539, 122.5336,
         122.1325, 121.7629, 121.4218, 121.0882, 120.7785, 120.4664, 120.1796,
         119.8026, 119.4478, 119.1483, 118.8242, 118.4842, 118.1400, 117.8071,
         117.4842, 117.1714, 116.8677, 116.5675, 116.2728, 115.9882, 115.7121,
         115.4447, 115.1858, 114.9347, 114.6826, 114.4408, 114.1993, 113.9659,
         113.7250, 113.4952, 113.2475, 113.0077, 112.7587, 112.5114, 112.2475,
         111.9977, 111.7155, 111.4540, 111.1604, 110.8833, 110.5765, 110.2941,
         109.9879, 109.7026, 109.4174, 109.1467, 108.8881, 108.6416, 108.4011,
         108.1859, 107.9703, 107.8310]], dtype=torch.float64), 'xCO2': tensor([[0.7142, 0.7474, 0.7732, 0.7694, 0.7424, 0.7036, 0.6497, 0.5769, 0.4830,
         0.3665, 0.2289, 0.1237, 0.0633, 0.0302, 0.0158, 0.0117, 0.0111, 0.0109,
         0.0111, 0.0116, 0.0122, 0.0128, 0.0135, 0.0142, 0.0150, 0.0158, 0.0168,
         0.0178, 0.0189, 0.0202, 0.0216, 0.0233, 0.0253, 0.0289, 0.0331, 0.0413,
         0.0494, 0.0560, 0.0633, 0.0708, 0.0775, 0.0848, 0.0928, 0.1017, 0.1114,
         0.1224, 0.1346, 0.1479, 0.1626, 0.1787, 0.1963, 0.2157, 0.2375, 0.2612,
         0.2870, 0.3149, 0.3452, 0.3778, 0.4138, 0.4523, 0.4930, 0.5359, 0.5806,
         0.6275, 0.6762, 0.7252, 0.7736, 0.8206, 0.8651, 0.9060, 0.9412, 0.9690,
         0.9884, 0.9969, 0.9945, 0.9816, 0.9581, 0.9234, 0.8811, 0.8336]],
       dtype=torch.float64), 'xH2O': tensor([[5.2916e-06, 3.4647e-06, 2.1968e-06, 1.3417e-06, 7.8355e-07, 4.3177e-07,
         2.2057e-07, 1.0152e-07, 4.0941e-08, 1.3889e-08, 4.0602e-09, 1.0438e-09,
         2.3662e-10, 4.8355e-11, 7.7565e-12, 7.1241e-13, 2.2220e-13, 1.4270e-13,
         1.4412e-13, 1.6113e-13, 1.8994e-13, 2.3947e-13, 3.1335e-13, 3.9139e-13,
         4.7737e-13, 6.0727e-13, 7.8476e-13, 1.0226e-12, 1.3426e-12, 1.7543e-12,
         2.2794e-12, 2.8810e-12, 3.4763e-12, 4.1139e-12, 4.7026e-12, 5.5007e-12,
         6.2472e-12, 6.8588e-12, 7.6846e-12, 8.7014e-12, 9.8935e-12, 1.1161e-11,
         1.2497e-11, 1.3899e-11, 1.5360e-11, 1.6858e-11, 1.8389e-11, 1.9963e-11,
         2.1576e-11, 2.3223e-11, 2.4903e-11, 2.6604e-11, 2.8259e-11, 2.9919e-11,
         3.1554e-11, 3.3159e-11, 3.4690e-11, 3.6229e-11, 3.7495e-11, 3.8729e-11,
         3.9859e-11, 4.0899e-11, 4.1801e-11, 4.2757e-11, 4.3306e-11, 4.3958e-11,
         4.4493e-11, 4.5118e-11, 4.5539e-11, 4.6208e-11, 4.6882e-11, 4.7937e-11,
         4.9366e-11, 5.1217e-11, 5.2134e-11, 4.7921e-11, 3.9900e-11, 3.2244e-11,
         2.7097e-11, 2.5192e-11]], dtype=torch.float64), 'xSO2': tensor([[4.3207e-02, 3.6284e-02, 3.0056e-02, 2.4351e-02, 1.8971e-02, 1.4138e-02,
         9.9992e-03, 6.5765e-03, 3.9357e-03, 2.0667e-03, 9.5858e-04, 4.0307e-04,
         1.5497e-04, 5.3755e-05, 2.0729e-05, 1.2600e-05, 1.0771e-05, 9.8384e-06,
         9.3639e-06, 9.1552e-06, 9.1493e-06, 9.2744e-06, 9.5158e-06, 9.8930e-06,
         1.0349e-05, 1.0843e-05, 1.1356e-05, 1.1901e-05, 1.2492e-05, 1.3117e-05,
         1.3784e-05, 1.4531e-05, 1.5433e-05, 1.7275e-05, 1.9544e-05, 2.4051e-05,
         2.8522e-05, 3.2185e-05, 3.5811e-05, 3.9367e-05, 4.2857e-05, 4.6698e-05,
         5.0879e-05, 5.5394e-05, 6.0247e-05, 6.5595e-05, 7.1372e-05, 7.7573e-05,
         8.4212e-05, 9.1302e-05, 9.8848e-05, 1.0692e-04, 1.1563e-04, 1.2477e-04,
         1.3432e-04, 1.4422e-04, 1.5441e-04, 1.6482e-04, 1.7557e-04, 1.8623e-04,
         1.9663e-04, 2.0656e-04, 2.1578e-04, 2.2405e-04, 2.3099e-04, 2.3620e-04,
         2.3940e-04, 2.4031e-04, 2.3868e-04, 2.3398e-04, 2.2649e-04, 2.1606e-04,
         2.0259e-04, 1.8500e-04, 1.6413e-04, 1.4071e-04, 1.1561e-04, 9.0237e-05,
         6.7633e-05, 5.0585e-05]], dtype=torch.float64), 'xH2SO4aer': tensor([[6.5739e-08, 7.4684e-08, 8.5959e-08, 9.9203e-08, 1.1556e-07, 1.3567e-07,
         1.6020e-07, 1.9059e-07, 2.2979e-07, 2.8717e-07, 4.1768e-07, 7.5338e-07,
         8.8662e-07, 2.2045e-07, 7.9434e-09, 4.3117e-10, 2.8970e-10, 2.6372e-10,
         2.5896e-10, 2.6106e-10, 2.6740e-10, 2.7504e-10, 2.8271e-10, 2.8990e-10,
         2.9671e-10, 3.0281e-10, 3.0660e-10, 3.0502e-10, 2.9401e-10, 2.7308e-10,
         2.4335e-10, 2.0676e-10, 1.7391e-10, 1.6206e-10, 1.6359e-10, 1.8097e-10,
         1.9994e-10, 2.1549e-10, 2.1572e-10, 2.0017e-10, 1.6710e-10, 1.3815e-10,
         1.1274e-10, 9.0744e-11, 7.2075e-11, 5.6567e-11, 4.3967e-11, 3.3887e-11,
         2.5920e-11, 1.9686e-11, 1.4848e-11, 1.1129e-11, 8.2972e-12, 6.1439e-12,
         4.5164e-12, 3.2942e-12, 2.3821e-12, 1.7074e-12, 1.2165e-12, 8.5879e-13,
         6.0016e-13, 4.1490e-13, 2.8347e-13, 1.9185e-13, 1.2891e-13, 8.5656e-14,
         5.6194e-14, 3.6375e-14, 2.3234e-14, 1.4769e-14, 9.1891e-15, 5.5454e-15,
         3.1856e-15, 1.7288e-15, 8.2771e-16, 3.1587e-16, 9.5566e-17, 2.9339e-17,
         8.4201e-18, 1.8248e-18]], dtype=torch.float64), 'xS8aer': tensor([[1.4563e-34, 3.1592e-34, 8.0784e-34, 2.5424e-33, 9.8737e-33, 4.2148e-32,
         1.9666e-31, 4.5033e-30, 1.6137e-27, 5.2321e-25, 1.8457e-22, 5.5142e-21,
         1.0255e-20, 2.3836e-21, 5.5514e-23, 2.4486e-25, 2.8661e-26, 7.3143e-27,
         3.4804e-27, 1.8428e-27, 1.0032e-27, 6.0316e-28, 3.7772e-28, 2.3262e-28,
         1.5563e-28, 1.0812e-28, 7.1073e-29, 5.2017e-29, 4.2673e-29, 3.4338e-29,
         3.2940e-29, 3.2458e-29, 3.2871e-29, 3.6107e-29, 4.0602e-29, 4.9676e-29,
         5.8694e-29, 6.6082e-29, 5.1558e-29, 2.3554e-29, 8.0800e-30, 5.6061e-30,
         4.0368e-30, 2.8286e-30, 1.9740e-30, 1.6328e-30, 1.1295e-30, 6.0807e-31,
         2.4639e-31, 4.5825e-32, 1.4054e-33, 1.0000e-40, 1.0000e-40, 1.0000e-40,
         1.0000e-40, 1.0000e-40, 1.0000e-40, 1.0000e-40, 1.0000e-40, 1.0000e-40,
         1.0000e-40, 1.0000e-40, 1.0000e-40, 1.0000e-40, 1.0000e-40, 1.0000e-40,
         1.0000e-40, 1.0000e-40, 1.0000e-40, 1.0000e-40, 1.0000e-40, 1.0000e-40,
         1.0000e-40, 1.0000e-40, 1.0000e-40, 1.0000e-40, 1.0000e-40, 1.0000e-40,
         1.0000e-40, 1.0000e-40]], dtype=torch.float64)}"
388800,222.76,2.42912e-08,"{'pres': tensor([[7.0013e+04, 5.7350e+04, 4.6977e+04, 3.8480e+04, 3.1520e+04, 2.5819e+04,
         2.1149e+04, 1.7324e+04, 1.4190e+04, 1.1624e+04, 9.5214e+03, 7.7993e+03,
         6.3886e+03, 5.2331e+03, 4.2866e+03, 3.5112e+03, 2.8762e+03, 2.3559e+03,
         1.9298e+03, 1.5808e+03, 1.2949e+03, 1.0607e+03, 8.6881e+02, 7.1167e+02,
         5.8295e+02, 4.7751e+02, 3.9114e+02, 3.2040e+02, 2.6245e+02, 2.1498e+02,
         1.7609e+02, 1.4424e+02, 1.1815e+02, 9.6783e+01, 7.9278e+01, 6.4939e+01,
         5.3193e+01, 4.3572e+01, 3.5691e+01, 2.9236e+01, 2.3948e+01, 1.9616e+01,
         1.6068e+01, 1.3162e+01, 1.0781e+01, 8.8313e+00, 7.2340e+00, 5.9256e+00,
         4.8538e+00, 3.9759e+00, 3.2568e+00, 2.6677e+00, 2.1852e+00, 1.7900e+00,
         1.4662e+00, 1.2010e+00, 9.8378e-01, 8.0585e-01, 6.6009e-01, 5.4070e-01,
         4.4290e-01, 3.6279e-01, 2.9717e-01, 2.4342e-01, 1.9940e-01, 1.6333e-01,
         1.3379e-01, 1.0959e-01, 8.9769e-02, 7.3532e-02, 6.0232e-02, 4.9338e-02,
         4.0414e-02, 3.3104e-02, 2.7117e-02, 2.2212e-02, 1.8195e-02, 1.4904e-02,
         1.2208e-02, 1.0000e-02]], dtype=torch.float64), 'temp': tensor([[205.4385, 201.2217, 197.0053, 192.7664, 188.4291, 183.9533, 179.2398,
         174.2376, 168.8507, 163.0639, 156.9402, 150.6701, 144.6972, 138.6740,
         133.4168, 131.1293, 129.7711, 128.6955, 127.7721, 126.9619, 126.2433,
         125.5822, 124.9697, 124.4138, 123.8943, 123.4031, 122.9542, 122.5339,
         122.1328, 121.7632, 121.4221, 121.0885, 120.7788, 120.4668, 120.1801,
         119.8036, 119.4491, 119.1493, 118.8250, 118.4850, 118.1409, 117.8081,
         117.4853, 117.1725, 116.8688, 116.5687, 116.2742, 115.9897, 115.7136,
         115.4463, 115.1875, 114.9364, 114.6845, 114.4428, 114.2014, 113.9680,
         113.7271, 113.4971, 113.2496, 113.0098, 112.7608, 112.5135, 112.2495,
         111.9995, 111.7174, 111.4559, 111.1621, 110.8849, 110.5781, 110.2957,
         109.9894, 109.7041, 109.4188, 109.1480, 108.8896, 108.6430, 108.4025,
         108.1875, 107.9715, 107.8323]], dtype=torch.float64), 'xCO2': tensor([[0.7142, 0.7474, 0.7732, 0.7694, 0.7424, 0.7036, 0.6497, 0.5768, 0.4827,
         0.3660, 0.2296, 0.1235, 0.0631, 0.0302, 0.0158, 0.0117, 0.0111, 0.0109,
         0.0111, 0.0116, 0.0122, 0.0128, 0.0135, 0.0142, 0.0150, 0.0158, 0.0168,
         0.0178, 0.0189, 0.0202, 0.0216, 0.0233, 0.0253, 0.0289, 0.0331, 0.0413,
         0.0494, 0.0560, 0.0633, 0.0708, 0.0775, 0.0848, 0.0928, 0.1017, 0.1114,
         0.1224, 0.1346, 0.1479, 0.1626, 0.1787, 0.1963, 0.2157, 0.2375, 0.2612,
         0.2870, 0.3149, 0.3452, 0.3778, 0.4138, 0.4523, 0.4930, 0.5359, 0.5807,
         0.6275, 0.6762, 0.7252, 0.7736, 0.8206, 0.8651, 0.9060, 0.9412, 0.9690,
         0.9884, 0.9969, 0.9946, 0.9817, 0.9581, 0.9234, 0.8811, 0.8336]],
       dtype=torch.float64), 'xH2O': tensor([[5.2525e-06, 3.4522e-06, 2.1957e-06, 1.3433e-06, 7.8714e-07, 4.3379e-07,
         2.2212e-07, 1.0207e-07, 4.1157e-08, 1.4002e-08, 4.0895e-09, 1.0405e-09,
         2.3547e-10, 4.8214e-11, 7.7007e-12, 7.0824e-13, 2.2151e-13, 1.4260e-13,
         1.4412e-13, 1.6114e-13, 1.8997e-13, 2.3951e-13, 3.1341e-13, 3.9147e-13,
         4.7745e-13, 6.0736e-13, 7.8487e-13, 1.0227e-12, 1.3427e-12, 1.7545e-12,
         2.2796e-12, 2.8813e-12, 3.4766e-12, 4.1144e-12, 4.7034e-12, 5.5017e-12,
         6.2486e-12, 6.8603e-12, 7.6862e-12, 8.7029e-12, 9.8955e-12, 1.1163e-11,
         1.2501e-11, 1.3903e-11, 1.5364e-11, 1.6864e-11, 1.8396e-11, 1.9971e-11,
         2.1585e-11, 2.3234e-11, 2.4914e-11, 2.6617e-11, 2.8274e-11, 2.9936e-11,
         3.1573e-11, 3.3180e-11, 3.4712e-11, 3.6251e-11, 3.7519e-11, 3.8755e-11,
         3.9886e-11, 4.0927e-11, 4.1829e-11, 4.2784e-11, 4.3335e-11, 4.3989e-11,
         4.4523e-11, 4.5148e-11, 4.5570e-11, 4.6240e-11, 4.6914e-11, 4.7970e-11,
         4.9400e-11, 5.1251e-11, 5.2161e-11, 4.7928e-11, 3.9891e-11, 3.2223e-11,
         2.7069e-11, 2.5160e-11]], dtype=torch.float64), 'xSO2': tensor([[4.3021e-02, 3.6212e-02, 3.0050e-02, 2.4369e-02, 1.9020e-02, 1.4178e-02,
         1.0043e-02, 6.5992e-03, 3.9492e-03, 2.0778e-03, 9.6302e-04, 4.0204e-04,
         1.5446e-04, 5.3655e-05, 2.0718e-05, 1.2601e-05, 1.0772e-05, 9.8393e-06,
         9.3646e-06, 9.1559e-06, 9.1499e-06, 9.2750e-06, 9.5165e-06, 9.8937e-06,
         1.0349e-05, 1.0842e-05, 1.1355e-05, 1.1900e-05, 1.2491e-05, 1.3117e-05,
         1.3783e-05, 1.4530e-05, 1.5431e-05, 1.7272e-05, 1.9541e-05, 2.4050e-05,
         2.8522e-05, 3.2185e-05, 3.5815e-05, 3.9376e-05, 4.2862e-05, 4.6698e-05,
         5.0876e-05, 5.5390e-05, 6.0244e-05, 6.5593e-05, 7.1372e-05, 7.7574e-05,
         8.4214e-05, 9.1304e-05, 9.8850e-05, 1.0692e-04, 1.1563e-04, 1.2478e-04,
         1.3432e-04, 1.4422e-04, 1.5441e-04, 1.6483e-04, 1.7557e-04, 1.8623e-04,
         1.9663e-04, 2.0657e-04, 2.1579e-04, 2.2406e-04, 2.3099e-04, 2.3621e-04,
         2.3940e-04, 2.4032e-04, 2.3869e-04, 2.3399e-04, 2.2650e-04, 2.1607e-04,
         2.0260e-04, 1.8501e-04, 1.6413e-04, 1.4072e-04, 1.1561e-04, 9.0239e-05,
         6.7634e-05, 5.0586e-05]], dtype=torch.float64), 'xH2SO4aer': tensor([[6.5741e-08, 7.4686e-08, 8.5962e-08, 9.9206e-08, 1.1556e-07, 1.3568e-07,
         1.6020e-07, 1.9059e-07, 2.2980e-07, 2.8719e-07, 4.1774e-07, 7.5354e-07,
         8.8652e-07, 2.2020e-07, 7.9282e-09, 4.3066e-10, 2.8961e-10, 2.6371e-10,
         2.5893e-10, 2.6104e-10, 2.6739e-10, 2.7503e-10, 2.8270e-10, 2.8990e-10,
         2.9666e-10, 3.0253e-10, 3.0567e-10, 3.0278e-10, 2.8989e-10, 2.6721e-10,
         2.3660e-10, 2.0054e-10, 1.6902e-10, 1.5814e-10, 1.6016e-10, 1.7773e-10,
         1.9680e-10, 2.1242e-10, 2.1329e-10, 1.9877e-10, 1.6660e-10, 1.3801e-10,
         1.1272e-10, 9.0753e-11, 7.2086e-11, 5.6577e-11, 4.3975e-11, 3.3894e-11,
         2.5926e-11, 1.9690e-11, 1.4852e-11, 1.1132e-11, 8.2999e-12, 6.1461e-12,
         4.5182e-12, 3.2955e-12, 2.3832e-12, 1.7082e-12, 1.2172e-12, 8.5927e-13,
         6.0051e-13, 4.1515e-13, 2.8365e-13, 1.9197e-13, 1.2900e-13, 8.5718e-14,
         5.6236e-14, 3.6403e-14, 2.3252e-14, 1.4780e-14, 9.1962e-15, 5.5495e-15,
         3.1877e-15, 1.7296e-15, 8.2779e-16, 3.1569e-16, 9.5432e-17, 2.9276e-17,
         8.3972e-18, 1.8190e-18]], dtype=torch.float64), 'xS8aer': tensor([[1.4564e-34, 3.1587e-34, 8.0752e-34, 2.5407e-33, 9.8644e-33, 4.2095e-32,
         1.9637e-31, 4.4996e-30, 1.6136e-27, 5.2358e-25, 1.8509e-22, 5.5214e-21,
         1.0248e-20, 2.3793e-21, 5.5321e-23, 2.4264e-25, 2.8365e-26, 7.2676e-27,
         3.4652e-27, 1.8349e-27, 9.9864e-28, 6.0036e-28, 3.7572e-28, 2.3114e-28,
         1.5445e-28, 1.0724e-28, 7.0692e-29, 5.2044e-29, 4.2559e-29, 3.3784e-29,
         3.2056e-29, 3.1654e-29, 3.2284e-29, 3.5642e-29, 4.0181e-29, 4.9249e-29,
         5.8250e-29, 6.5623e-29, 5.1263e-29, 2.3496e-29, 8.0687e-30, 5.6144e-30,
         4.0513e-30, 2.8438e-30, 1.9870e-30, 1.6407e-30, 1.1318e-30, 6.0836e-31,
         2.4565e-31, 4.5074e-32, 1.3446e-33, 1.0000e-40, 1.0000e-40, 1.0000e-40,
         1.0000e-40, 1.0000e-40, 1.0000e-40, 1.0000e-40, 1.0000e-40, 1.0000e-40,
         1.0000e-40, 1.0000e-40, 1.0000e-40, 1.0000e-40, 1.0000e-40, 1.0000e-40,
         1.0000e-40, 1.0000e-40, 1.0000e-40, 1.0000e-40, 1.0000e-40, 1.0000e-40,
         1.0000e-40, 1.0000e-40, 1.0000e-40, 1.0000e-40, 1.0000e-40, 1.0000e-40,
         1.0000e-40, 1.0000e-40]], dtype=torch.float64)}"
410400,222.76,2.8829e-08,"{'pres': tensor([[7.0013e+04, 5.7350e+04, 4.6977e+04, 3.8480e+04, 3.1520e+04, 2.5819e+04,
         2.1149e+04, 1.7324e+04, 1.4190e+04, 1.1624e+04, 9.5214e+03, 7.7993e+03,
         6.3886e+03, 5.2331e+03, 4.2866e+03, 3.5112e+03, 2.8762e+03, 2.3559e+03,
         1.9298e+03, 1.5808e+03, 1.2949e+03, 1.0607e+03, 8.6881e+02, 7.1167e+02,
         5.8295e+02, 4.7751e+02, 3.9114e+02, 3.2040e+02, 2.6245e+02, 2.1498e+02,
         1.7609e+02, 1.4424e+02, 1.1815e+02, 9.6783e+01, 7.9278e+01, 6.4939e+01,
         5.3193e+01, 4.3572e+01, 3.5691e+01, 2.9236e+01, 2.3948e+01, 1.9616e+01,
         1.6068e+01, 1.3162e+01, 1.0781e+01, 8.8313e+00, 7.2340e+00, 5.9256e+00,
         4.8538e+00, 3.9759e+00, 3.2568e+00, 2.6677e+00, 2.1852e+00, 1.7900e+00,
         1.4662e+00, 1.2010e+00, 9.8378e-01, 8.0585e-01, 6.6009e-01, 5.4070e-01,
         4.4290e-01, 3.6279e-01, 2.9717e-01, 2.4342e-01, 1.9940e-01, 1.6333e-01,
         1.3379e-01, 1.0959e-01, 8.9769e-02, 7.3532e-02, 6.0232e-02, 4.9338e-02,
         4.0414e-02, 3.3104e-02, 2.7117e-02, 2.2212e-02, 1.8195e-02, 1.4904e-02,
         1.2208e-02, 1.0000e-02]], dtype=torch.float64), 'temp': tensor([[205.4640, 201.2316, 197.0116, 192.7576, 188.4240, 183.9355, 179.2272,
         174.2150, 168.8305, 163.0628, 156.9030, 150.6423, 144.6818, 138.6664,
         133.4158, 131.1298, 129.7715, 128.6958, 127.7724, 126.9621, 126.2435,
         125.5824, 124.9700, 124.4140, 123.8946, 123.4034, 122.9545, 122.5342,
         122.1331, 121.7635, 121.4224, 121.0888, 120.7792, 120.4672, 120.1806,
         119.8046, 119.4503, 119.1503, 118.8258, 118.4858, 118.1417, 117.8090,
         117.4863, 117.1735, 116.8699, 116.5699, 116.2755, 115.9912, 115.7152,
         115.4479, 115.1891, 114.9381, 114.6863, 114.4447, 114.2033, 113.9701,
         113.7291, 113.4990, 113.2516, 113.0119, 112.7628, 112.5154, 112.2513,
         112.0012, 111.7190, 111.4577, 111.1636, 110.8864, 110.5795, 110.2971,
         109.9908, 109.7054, 109.4201, 109.1493, 108.8909, 108.6442, 108.4037,
         108.1889, 107.9726, 107.8336]], dtype=torch.float64), 'xCO2': tensor([[0.7142, 0.7474, 0.7732, 0.7694, 0.7424, 0.7036, 0.6497, 0.5768, 0.4824,
         0.3655, 0.2294, 0.1231, 0.0630, 0.0301, 0.0158, 0.0117, 0.0111, 0.0109,
         0.0111, 0.0116, 0.0122, 0.0128, 0.0135, 0.0142, 0.0150, 0.0158, 0.0168,
         0.0178, 0.0189, 0.0202, 0.0216, 0.0233, 0.0253, 0.0289, 0.0331, 0.0413,
         0.0494, 0.0560, 0.0633, 0.0708, 0.0775, 0.0848, 0.0928, 0.1017, 0.1114,
         0.1224, 0.1346, 0.1479, 0.1626, 0.1787, 0.1963, 0.2157, 0.2375, 0.2612,
         0.2870, 0.3150, 0.3452, 0.3778, 0.4138, 0.4523, 0.4930, 0.5359, 0.5807,
         0.6275, 0.6762, 0.7252, 0.7736, 0.8206, 0.8651, 0.9060, 0.9412, 0.9691,
         0.9884, 0.9969, 0.9946, 0.9817, 0.9581, 0.9234, 0.8811, 0.8336]],
       dtype=torch.float64), 'xH2O': tensor([[5.2786e-06, 3.4567e-06, 2.1947e-06, 1.3435e-06, 7.8570e-07, 4.3361e-07,
         2.2155e-07, 1.0199e-07, 4.0949e-08, 1.3967e-08, 4.0801e-09, 1.0346e-09,
         2.3432e-10, 4.8073e-11, 7.6469e-12, 7.0424e-13, 2.2085e-13, 1.4251e-13,
         1.4411e-13, 1.6116e-13, 1.8999e-13, 2.3955e-13, 3.1347e-13, 3.9154e-13,
         4.7753e-13, 6.0745e-13, 7.8497e-13, 1.0228e-12, 1.3428e-12, 1.7547e-12,
         2.2798e-12, 2.8815e-12, 3.4770e-12, 4.1150e-12, 4.7042e-12, 5.5028e-12,
         6.2499e-12, 6.8619e-12, 7.6877e-12, 8.7044e-12, 9.8975e-12, 1.1166e-11,
         1.2504e-11, 1.3907e-11, 1.5369e-11, 1.6869e-11, 1.8402e-11, 1.9979e-11,
         2.1594e-11, 2.3244e-11, 2.4926e-11, 2.6629e-11, 2.8289e-11, 2.9953e-11,
         3.1591e-11, 3.3200e-11, 3.4732e-11, 3.6272e-11, 3.7542e-11, 3.8779e-11,
         3.9912e-11, 4.0953e-11, 4.1856e-11, 4.2810e-11, 4.3362e-11, 4.4017e-11,
         4.4550e-11, 4.5175e-11, 4.5597e-11, 4.6269e-11, 4.6943e-11, 4.8000e-11,
         4.9431e-11, 5.1282e-11, 5.2187e-11, 4.7937e-11, 3.9885e-11, 3.2207e-11,
         2.7046e-11, 2.5133e-11]], dtype=torch.float64), 'xSO2': tensor([[4.3145e-02, 3.6236e-02, 3.0042e-02, 2.4371e-02, 1.9003e-02, 1.4175e-02,
         1.0027e-02, 6.5958e-03, 3.9363e-03, 2.0745e-03, 9.6151e-04, 4.0044e-04,
         1.5394e-04, 5.3554e-05, 2.0707e-05, 1.2602e-05, 1.0773e-05, 9.8401e-06,
         9.3653e-06, 9.1566e-06, 9.1506e-06, 9.2757e-06, 9.5172e-06, 9.8943e-06,
         1.0349e-05, 1.0841e-05, 1.1355e-05, 1.1900e-05, 1.2491e-05, 1.3116e-05,
         1.3783e-05, 1.4529e-05, 1.5430e-05, 1.7270e-05, 1.9539e-05, 2.4048e-05,
         2.8521e-05, 3.2185e-05, 3.5819e-05, 3.9384e-05, 4.2867e-05, 4.6699e-05,
         5.0873e-05, 5.5386e-05, 6.0240e-05, 6.5591e-05, 7.1372e-05, 7.7574e-05,
         8.4215e-05, 9.1305e-05, 9.8851e-05, 1.0693e-04, 1.1564e-04, 1.2478e-04,
         1.3432e-04, 1.4422e-04, 1.5441e-04, 1.6483e-04, 1.7558e-04, 1.8624e-04,
         1.9664e-04, 2.0657e-04, 2.1580e-04, 2.2407e-04, 2.3100e-04, 2.3622e-04,
         2.3941e-04, 2.4033e-04, 2.3870e-04, 2.3400e-04, 2.2651e-04, 2.1608e-04,
         2.0262e-04, 1.8502e-04, 1.6414e-04, 1.4072e-04, 1.1562e-04, 9.0241e-05,
         6.7636e-05, 5.0586e-05]], dtype=torch.float64), 'xH2SO4aer': tensor([[6.5743e-08, 7.4689e-08, 8.5964e-08, 9.9210e-08, 1.1557e-07, 1.3568e-07,
         1.6021e-07, 1.9060e-07, 2.2980e-07, 2.8720e-07, 4.1781e-07, 7.5370e-07,
         8.8642e-07, 2.1995e-07, 7.9129e-09, 4.3017e-10, 2.8953e-10, 2.6369e-10,
         2.5890e-10, 2.6102e-10, 2.6737e-10, 2.7501e-10, 2.8270e-10, 2.8989e-10,
         2.9659e-10, 3.0215e-10, 3.0453e-10, 3.0023e-10, 2.8546e-10, 2.6127e-10,
         2.3013e-10, 1.9495e-10, 1.6489e-10, 1.5500e-10, 1.5751e-10, 1.7530e-10,
         1.9450e-10, 2.1022e-10, 2.1160e-10, 1.9786e-10, 1.6631e-10, 1.3794e-10,
         1.1272e-10, 9.0763e-11, 7.2096e-11, 5.6586e-11, 4.3982e-11, 3.3900e-11,
         2.5931e-11, 1.9695e-11, 1.4856e-11, 1.1135e-11, 8.3025e-12, 6.1482e-12,
         4.5198e-12, 3.2969e-12, 2.3842e-12, 1.7090e-12, 1.2178e-12, 8.5972e-13,
         6.0084e-13, 4.1539e-13, 2.8382e-13, 1.9209e-13, 1.2908e-13, 8.5775e-14,
         5.6274e-14, 3.6428e-14, 2.3269e-14, 1.4791e-14, 9.2026e-15, 5.5532e-15,
         3.1897e-15, 1.7305e-15, 8.2792e-16, 3.1556e-16, 9.5323e-17, 2.9224e-17,
         8.3779e-18, 1.8141e-18]], dtype=torch.float64), 'xS8aer': tensor([[1.4565e-34, 3.1582e-34, 8.0721e-34, 2.5391e-33, 9.8552e-33, 4.2042e-32,
         1.9607e-31, 4.4960e-30, 1.6135e-27, 5.2394e-25, 1.8562e-22, 5.5291e-21,
         1.0241e-20, 2.3751e-21, 5.5129e-23, 2.4044e-25, 2.8075e-26, 7.2224e-27,
         3.4504e-27, 1.8272e-27, 9.9423e-28, 5.9766e-28, 3.7379e-28, 2.2972e-28,
         1.5332e-28, 1.0645e-28, 7.0392e-29, 5.2053e-29, 4.2337e-29, 3.3160e-29,
         3.1218e-29, 3.0953e-29, 3.1794e-29, 3.5262e-29, 3.9840e-29, 4.8906e-29,
         5.7895e-29, 6.5259e-29, 5.1045e-29, 2.3482e-29, 8.0778e-30, 5.6335e-30,
         4.0740e-30, 2.8666e-30, 2.0045e-30, 1.6508e-30, 1.1434e-30, 6.1567e-31,
         2.4820e-31, 4.5203e-32, 1.3113e-33, 1.0000e-40, 1.0000e-40, 1.0000e-40,
         1.0000e-40, 1.0000e-40, 1.0000e-40, 1.0000e-40, 1.0000e-40, 1.0000e-40,
         1.0000e-40, 1.0000e-40, 1.0000e-40, 1.0000e-40, 1.0000e-40, 1.0000e-40,
         1.0000e-40, 1.0000e-40, 1.0000e-40, 1.0000e-40, 1.0000e-40, 1.0000e-40,
         1.0000e-40, 1.0000e-40, 1.0000e-40, 1.0000e-40, 1.0000e-40, 1.0000e-40,
         1.0000e-40, 1.0000e-40]], dtype=torch.float64)}"
432000,222.763,4.45897e-08,"{'pres': tensor([[7.0013e+04, 5.7350e+04, 4.6977e+04, 3.8480e+04, 3.1520e+04, 2.5819e+04,
         2.1149e+04, 1.7324e+04, 1.4190e+04, 1.1624e+04, 9.5214e+03, 7.7993e+03,
         6.3886e+03, 5.2331e+03, 4.2866e+03, 3.5112e+03, 2.8762e+03, 2.3559e+03,
         1.9298e+03, 1.5808e+03, 1.2949e+03, 1.0607e+03, 8.6881e+02, 7.1167e+02,
         5.8295e+02, 4.7751e+02, 3.9114e+02, 3.2040e+02, 2.6245e+02, 2.1498e+02,
         1.7609e+02, 1.4424e+02, 1.1815e+02, 9.6783e+01, 7.9278e+01, 6.4939e+01,
         5.3193e+01, 4.3572e+01, 3.5691e+01, 2.9236e+01, 2.3948e+01, 1.9616e+01,
         1.6068e+01, 1.3162e+01, 1.0781e+01, 8.8313e+00, 7.2340e+00, 5.9256e+00,
         4.8538e+00, 3.9759e+00, 3.2568e+00, 2.6677e+00, 2.1852e+00, 1.7900e+00,
         1.4662e+00, 1.2010e+00, 9.8378e-01, 8.0585e-01, 6.6009e-01, 5.4070e-01,
         4.4290e-01, 3.6279e-01, 2.9717e-01, 2.4342e-01, 1.9940e-01, 1.6333e-01,
         1.3379e-01, 1.0959e-01, 8.9769e-02, 7.3532e-02, 6.0232e-02, 4.9338e-02,
         4.0414e-02, 3.3104e-02, 2.7117e-02, 2.2212e-02, 1.8195e-02, 1.4904e-02,
         1.2208e-02, 1.0000e-02]], dtype=torch.float64), 'temp': tensor([[205.4599, 201.2399, 197.0185, 192.7627, 188.4226, 183.9317, 179.2189,
         174.2113, 168.8270, 163.0574, 156.8986, 150.6147, 144.6665, 138.6589,
         133.4148, 131.1302, 129.7719, 128.6961, 127.7726, 126.9624, 126.2438,
         125.5827, 124.9703, 124.4143, 123.8949, 123.4037, 122.9548, 122.5345,
         122.1334, 121.7638, 121.4227, 121.0891, 120.7796, 120.4677, 120.1811,
         119.8056, 119.4516, 119.1513, 118.8266, 118.4865, 118.1426, 117.8100,
         117.4873, 117.1746, 116.8709, 116.5711, 116.2768, 115.9926, 115.7167,
         115.4495, 115.1907, 114.9397, 114.6881, 114.4466, 114.2052, 113.9720,
         113.7310, 113.5008, 113.2534, 113.0138, 112.7646, 112.5172, 112.2530,
         112.0027, 111.7206, 111.4593, 111.1650, 110.8878, 110.5809, 110.2984,
         109.9920, 109.7066, 109.4213, 109.1504, 108.8921, 108.6453, 108.4049,
         108.1902, 107.9736, 107.8348]], dtype=torch.float64), 'xCO2': tensor([[0.7142, 0.7474, 0.7732, 0.7694, 0.7424, 0.7036, 0.6497, 0.5767, 0.4821,
         0.3651, 0.2286, 0.1226, 0.0628, 0.0301, 0.0158, 0.0117, 0.0111, 0.0109,
         0.0111, 0.0116, 0.0122, 0.0128, 0.0135, 0.0142, 0.0150, 0.0158, 0.0168,
         0.0178, 0.0189, 0.0202, 0.0216, 0.0233, 0.0253, 0.0289, 0.0331, 0.0413,
         0.0494, 0.0560, 0.0633, 0.0708, 0.0775, 0.0848, 0.0928, 0.1017, 0.1114,
         0.1224, 0.1346, 0.1479, 0.1626, 0.1787, 0.1963, 0.2157, 0.2375, 0.2612,
         0.2870, 0.3150, 0.3452, 0.3778, 0.4138, 0.4523, 0.4930, 0.5359, 0.5807,
         0.6275, 0.6762, 0.7252, 0.7736, 0.8206, 0.8651, 0.9061, 0.9412, 0.9691,
         0.9884, 0.9969, 0.9946, 0.9817, 0.9581, 0.9234, 0.8811, 0.8336]],
       dtype=torch.float64), 'xH2O': tensor([[5.2981e-06, 3.4628e-06, 2.1958e-06, 1.3423e-06, 7.8474e-07, 4.3267e-07,
         2.2098e-07, 1.0162e-07, 4.0781e-08, 1.3949e-08, 4.0540e-09, 1.0273e-09,
         2.3323e-10, 4.7943e-11, 7.5953e-12, 7.0041e-13, 2.2021e-13, 1.4242e-13,
         1.4410e-13, 1.6117e-13, 1.9002e-13, 2.3960e-13, 3.1354e-13, 3.9162e-13,
         4.7762e-13, 6.0755e-13, 7.8508e-13, 1.0230e-12, 1.3430e-12, 1.7548e-12,
         2.2800e-12, 2.8818e-12, 3.4774e-12, 4.1155e-12, 4.7050e-12, 5.5039e-12,
         6.2513e-12, 6.8634e-12, 7.6893e-12, 8.7059e-12, 9.8995e-12, 1.1169e-11,
         1.2507e-11, 1.3911e-11, 1.5373e-11, 1.6874e-11, 1.8409e-11, 1.9987e-11,
         2.1603e-11, 2.3254e-11, 2.4936e-11, 2.6641e-11, 2.8303e-11, 2.9969e-11,
         3.1608e-11, 3.3218e-11, 3.4752e-11, 3.6292e-11, 3.7564e-11, 3.8803e-11,
         3.9936e-11, 4.0978e-11, 4.1881e-11, 4.2834e-11, 4.3387e-11, 4.4044e-11,
         4.4576e-11, 4.5201e-11, 4.5624e-11, 4.6296e-11, 4.6971e-11, 4.8029e-11,
         4.9460e-11, 5.1313e-11, 5.2211e-11, 4.7947e-11, 3.9882e-11, 3.2194e-11,
         2.7027e-11, 2.5111e-11]], dtype=torch.float64), 'xSO2': tensor([[4.3237e-02, 3.6272e-02, 3.0050e-02, 2.4358e-02, 1.8989e-02, 1.4156e-02,
         1.0011e-02, 6.5805e-03, 3.9258e-03, 2.0729e-03, 9.5721e-04, 3.9854e-04,
         1.5346e-04, 5.3462e-05, 2.0698e-05, 1.2604e-05, 1.0775e-05, 9.8412e-06,
         9.3663e-06, 9.1574e-06, 9.1514e-06, 9.2765e-06, 9.5181e-06, 9.8949e-06,
         1.0348e-05, 1.0840e-05, 1.1354e-05, 1.1899e-05, 1.2491e-05, 1.3116e-05,
         1.3783e-05, 1.4528e-05, 1.5428e-05, 1.7269e-05, 1.9538e-05, 2.4048e-05,
         2.8522e-05, 3.2186e-05, 3.5824e-05, 3.9393e-05, 4.2871e-05, 4.6699e-05,
         5.0870e-05, 5.5382e-05, 6.0237e-05, 6.5589e-05, 7.1371e-05, 7.7575e-05,
         8.4216e-05, 9.1307e-05, 9.8853e-05, 1.0693e-04, 1.1564e-04, 1.2478e-04,
         1.3433e-04, 1.4423e-04, 1.5442e-04, 1.6484e-04, 1.7558e-04, 1.8624e-04,
         1.9664e-04, 2.0658e-04, 2.1580e-04, 2.2408e-04, 2.3101e-04, 2.3623e-04,
         2.3942e-04, 2.4034e-04, 2.3871e-04, 2.3401e-04, 2.2652e-04, 2.1609e-04,
         2.0263e-04, 1.8503e-04, 1.6415e-04, 1.4073e-04, 1.1562e-04, 9.0244e-05,
         6.7637e-05, 5.0587e-05]], dtype=torch.float64), 'xH2SO4aer': tensor([[6.5746e-08, 7.4691e-08, 8.5967e-08, 9.9213e-08, 1.1557e-07, 1.3569e-07,
         1.6021e-07, 1.9060e-07, 2.2981e-07, 2.8721e-07, 4.1788e-07, 7.5386e-07,
         8.8632e-07, 2.1970e-07, 7.8977e-09, 4.2968e-10, 2.8945e-10, 2.6367e-10,
         2.5886e-10, 2.6100e-10, 2.6736e-10, 2.7500e-10, 2.8269e-10, 2.8987e-10,
         2.9648e-10, 3.0167e-10, 3.0318e-10, 2.9735e-10, 2.8079e-10, 2.5533e-10,
         2.2405e-10, 1.9002e-10, 1.6149e-10, 1.5254e-10, 1.5552e-10, 1.7353e-10,
         1.9286e-10, 2.0869e-10, 2.1046e-10, 1.9730e-10, 1.6615e-10, 1.3792e-10,
         1.1273e-10, 9.0774e-11, 7.2106e-11, 5.6594e-11, 4.3990e-11, 3.3906e-11,
         2.5936e-11, 1.9699e-11, 1.4859e-11, 1.1138e-11, 8.3050e-12, 6.1502e-12,
         4.5215e-12, 3.2981e-12, 2.3852e-12, 1.7097e-12, 1.2184e-12, 8.6015e-13,
         6.0116e-13, 4.1563e-13, 2.8398e-13, 1.9221e-13, 1.2916e-13, 8.5833e-14,
         5.6314e-14, 3.6454e-14, 2.3286e-14, 1.4802e-14, 9.2097e-15, 5.5573e-15,
         3.1918e-15, 1.7314e-15, 8.2811e-16, 3.1548e-16, 9.5237e-17, 2.9181e-17,
         8.3617e-18, 1.8099e-18]], dtype=torch.float64), 'xS8aer': tensor([[1.4565e-34, 3.1577e-34, 8.0690e-34, 2.5374e-33, 9.8459e-33, 4.1989e-32,
         1.9578e-31, 4.4923e-30, 1.6135e-27, 5.2432e-25, 1.8617e-22, 5.5370e-21,
         1.0233e-20, 2.3708e-21, 5.4938e-23, 2.3829e-25, 2.7793e-26, 7.1783e-27,
         3.4358e-27, 1.8197e-27, 9.8984e-28, 5.9493e-28, 3.7184e-28, 2.2827e-28,
         1.5219e-28, 1.0570e-28, 7.0108e-29, 5.1980e-29, 4.1978e-29, 3.2487e-29,
         3.0444e-29, 3.0353e-29, 3.1389e-29, 3.4944e-29, 3.9546e-29, 4.8592e-29,
         5.7553e-29, 6.4894e-29, 5.0819e-29, 2.3456e-29, 8.0685e-30, 5.6308e-30,
         4.0747e-30, 2.8697e-30, 2.0035e-30, 1.6476e-30, 1.1404e-30, 6.1289e-31,
         2.4651e-31, 4.7290e-32, 1.5823e-33, 1.0000e-40, 1.0000e-40, 1.0000e-40,
         1.0000e-40, 1.0000e-40, 1.0000e-40, 1.0000e-40, 1.0000e-40, 1.0000e-40,
         1.0000e-40, 1.0000e-40, 1.0000e-40, 1.0000e-40, 1.0000e-40, 1.0000e-40,
         1.0000e-40, 1.0000e-40, 1.0000e-40, 1.0000e-40, 1.0000e-40, 1.0000e-40,
         1.0000e-40, 1.0000e-40, 1.0000e-40, 1.0000e-40, 1.0000e-40, 1.0000e-40,
         1.0000e-40, 1.0000e-40]], dtype=torch.float64)}"
453600,222.765,4.09336e-08,"{'pres': tensor([[7.0013e+04, 5.7350e+04, 4.6977e+04, 3.8480e+04, 3.1520e+04, 2.5819e+04,
         2.1149e+04, 1.7324e+04, 1.4190e+04, 1.1624e+04, 9.5214e+03, 7.7993e+03,
         6.3886e+03, 5.2331e+03, 4.2866e+03, 3.5112e+03, 2.8762e+03, 2.3559e+03,
         1.9298e+03, 1.5808e+03, 1.2949e+03, 1.0607e+03, 8.6881e+02, 7.1167e+02,
         5.8295e+02, 4.7751e+02, 3.9114e+02, 3.2040e+02, 2.6245e+02, 2.1498e+02,
         1.7609e+02, 1.4424e+02, 1.1815e+02, 9.6783e+01, 7.9278e+01, 6.4939e+01,
         5.3193e+01, 4.3572e+01, 3.5691e+01, 2.9236e+01, 2.3948e+01, 1.9616e+01,
         1.6068e+01, 1.3162e+01, 1.0781e+01, 8.8313e+00, 7.2340e+00, 5.9256e+00,
         4.8538e+00, 3.9759e+00, 3.2568e+00, 2.6677e+00, 2.1852e+00, 1.7900e+00,
         1.4662e+00, 1.2010e+00, 9.8378e-01, 8.0585e-01, 6.6009e-01, 5.4070e-01,
         4.4290e-01, 3.6279e-01, 2.9717e-01, 2.4342e-01, 1.9940e-01, 1.6333e-01,
         1.3379e-01, 1.0959e-01, 8.9769e-02, 7.3532e-02, 6.0232e-02, 4.9338e-02,
         4.0414e-02, 3.3104e-02, 2.7117e-02, 2.2212e-02, 1.8195e-02, 1.4904e-02,
         1.2208e-02, 1.0000e-02]], dtype=torch.float64), 'temp': tensor([[205.4627, 201.2434, 197.0214, 192.7643, 188.4219, 183.9298, 179.2160,
         174.2074, 168.8226, 163.0522, 156.8932, 150.5872, 144.6513, 138.6513,
         133.4139, 131.1307, 129.7723, 128.6965, 127.7729, 126.9627, 126.2440,
         125.5829, 124.9705, 124.4146, 123.8952, 123.4040, 122.9550, 122.5348,
         122.1337, 121.7641, 121.4230, 121.0894, 120.7799, 120.4681, 120.1816,
         119.8065, 119.4528, 119.1523, 118.8274, 118.4873, 118.1434, 117.8109,
         117.4883, 117.1756, 116.8720, 116.5722, 116.2781, 115.9941, 115.7182,
         115.4510, 115.1922, 114.9413, 114.6898, 114.4485, 114.2071, 113.9739,
         113.7328, 113.5025, 113.2552, 113.0156, 112.7663, 112.5189, 112.2547,
         112.0042, 111.7220, 111.4608, 111.1663, 110.8891, 110.5821, 110.2997,
         109.9932, 109.7078, 109.4224, 109.1515, 108.8933, 108.6464, 108.4059,
         108.1914, 107.9746, 107.8359]], dtype=torch.float64), 'xCO2': tensor([[0.7142, 0.7474, 0.7732, 0.7694, 0.7424, 0.7036, 0.6497, 0.5766, 0.4819,
         0.3647, 0.2283, 0.1223, 0.0627, 0.0300, 0.0158, 0.0117, 0.0111, 0.0109,
         0.0111, 0.0116, 0.0122, 0.0128, 0.0135, 0.0142, 0.0150, 0.0158, 0.0168,
         0.0178, 0.0189, 0.0202, 0.0216, 0.0233, 0.0253, 0.0289, 0.0331, 0.0413,
         0.0494, 0.0560, 0.0633, 0.0708, 0.0775, 0.0848, 0.0928, 0.1017, 0.1114,
         0.1224, 0.1346, 0.1479, 0.1626, 0.1787, 0.1963, 0.2157, 0.2375, 0.2612,
         0.2870, 0.3150, 0.3452, 0.3778, 0.4138, 0.4523, 0.4930, 0.5359, 0.5807,
         0.6275, 0.6762, 0.7252, 0.7736, 0.8206, 0.8651, 0.9061, 0.9412, 0.9691,
         0.9884, 0.9969, 0.9946, 0.9817, 0.9581, 0.9234, 0.8811, 0.8336]],
       dtype=torch.float64), 'xH2O': tensor([[5.2950e-06, 3.4662e-06, 2.1979e-06, 1.3428e-06, 7.8443e-07, 4.3222e-07,
         2.2063e-07, 1.0148e-07, 4.0726e-08, 1.3932e-08, 4.0450e-09, 1.0214e-09,
         2.3211e-10, 4.7805e-11, 7.5453e-12, 6.9672e-13, 2.1959e-13, 1.4233e-13,
         1.4410e-13, 1.6119e-13, 1.9004e-13, 2.3964e-13, 3.1360e-13, 3.9169e-13,
         4.7769e-13, 6.0764e-13, 7.8518e-13, 1.0231e-12, 1.3431e-12, 1.7550e-12,
         2.2802e-12, 2.8821e-12, 3.4778e-12, 4.1161e-12, 4.7058e-12, 5.5050e-12,
         6.2526e-12, 6.8650e-12, 7.6908e-12, 8.7074e-12, 9.9015e-12, 1.1171e-11,
         1.2511e-11, 1.3915e-11, 1.5378e-11, 1.6880e-11, 1.8415e-11, 1.9994e-11,
         2.1612e-11, 2.3264e-11, 2.4947e-11, 2.6653e-11, 2.8316e-11, 2.9984e-11,
         3.1625e-11, 3.3237e-11, 3.4771e-11, 3.6311e-11, 3.7585e-11, 3.8825e-11,
         3.9958e-11, 4.1001e-11, 4.1904e-11, 4.2856e-11, 4.3411e-11, 4.4068e-11,
         4.4599e-11, 4.5225e-11, 4.5648e-11, 4.6321e-11, 4.6995e-11, 4.8054e-11,
         4.9487e-11, 5.1340e-11, 5.2234e-11, 4.7957e-11, 3.9881e-11, 3.2184e-11,
         2.7012e-11, 2.5092e-11]], dtype=torch.float64), 'xSO2': tensor([[4.3222e-02, 3.6293e-02, 3.0066e-02, 2.4363e-02, 1.8984e-02, 1.4146e-02,
         1.0001e-02, 6.5747e-03, 3.9223e-03, 2.0711e-03, 9.5568e-04, 3.9693e-04,
         1.5295e-04, 5.3364e-05, 2.0688e-05, 1.2605e-05, 1.0776e-05, 9.8420e-06,
         9.3670e-06, 9.1581e-06, 9.1521e-06, 9.2772e-06, 9.5188e-06, 9.8956e-06,
         1.0348e-05, 1.0840e-05, 1.1353e-05, 1.1899e-05, 1.2490e-05, 1.3116e-05,
         1.3782e-05, 1.4527e-05, 1.5426e-05, 1.7267e-05, 1.9536e-05, 2.4047e-05,
         2.8522e-05, 3.2187e-05, 3.5829e-05, 3.9401e-05, 4.2876e-05, 4.6700e-05,
         5.0868e-05, 5.5378e-05, 6.0233e-05, 6.5587e-05, 7.1370e-05, 7.7575e-05,
         8.4217e-05, 9.1308e-05, 9.8855e-05, 1.0693e-04, 1.1564e-04, 1.2478e-04,
         1.3433e-04, 1.4423e-04, 1.5442e-04, 1.6484e-04, 1.7559e-04, 1.8625e-04,
         1.9665e-04, 2.0658e-04, 2.1581e-04, 2.2408e-04, 2.3102e-04, 2.3624e-04,
         2.3943e-04, 2.4035e-04, 2.3871e-04, 2.3402e-04, 2.2653e-04, 2.1610e-04,
         2.0264e-04, 1.8503e-04, 1.6416e-04, 1.4073e-04, 1.1562e-04, 9.0246e-05,
         6.7639e-05, 5.0588e-05]], dtype=torch.float64), 'xH2SO4aer': tensor([[6.5748e-08, 7.4693e-08, 8.5970e-08, 9.9216e-08, 1.1557e-07, 1.3569e-07,
         1.6022e-07, 1.9061e-07, 2.2982e-07, 2.8723e-07, 4.1795e-07, 7.5403e-07,
         8.8621e-07, 2.1945e-07, 7.8823e-09, 4.2919e-10, 2.8937e-10, 2.6364e-10,
         2.5883e-10, 2.6098e-10, 2.6734e-10, 2.7498e-10, 2.8268e-10, 2.8985e-10,
         2.9633e-10, 3.0106e-10, 3.0159e-10, 2.9418e-10, 2.7593e-10, 2.4950e-10,
         2.1842e-10, 1.8572e-10, 1.5871e-10, 1.5065e-10, 1.5404e-10, 1.7225e-10,
         1.9170e-10, 2.0763e-10, 2.0970e-10, 1.9694e-10, 1.6606e-10, 1.3791e-10,
         1.1273e-10, 9.0783e-11, 7.2115e-11, 5.6602e-11, 4.3996e-11, 3.3912e-11,
         2.5941e-11, 1.9703e-11, 1.4863e-11, 1.1141e-11, 8.3074e-12, 6.1522e-12,
         4.5230e-12, 3.2994e-12, 2.3861e-12, 1.7104e-12, 1.2189e-12, 8.6056e-13,
         6.0146e-13, 4.1584e-13, 2.8414e-13, 1.9231e-13, 1.2924e-13, 8.5884e-14,
         5.6347e-14, 3.6477e-14, 2.3301e-14, 1.4811e-14, 9.2155e-15, 5.5608e-15,
         3.1936e-15, 1.7322e-15, 8.2829e-16, 3.1541e-16, 9.5165e-17, 2.9145e-17,
         8.3480e-18, 1.8064e-18]], dtype=torch.float64), 'xS8aer': tensor([[1.4566e-34, 3.1572e-34, 8.0659e-34, 2.5358e-33, 9.8367e-33, 4.1937e-32,
         1.9549e-31, 4.4888e-30, 1.6136e-27, 5.2473e-25, 1.8674e-22, 5.5448e-21,
         1.0226e-20, 2.3665e-21, 5.4746e-23, 2.3617e-25, 2.7519e-26, 7.1358e-27,
         3.4218e-27, 1.8125e-27, 9.8569e-28, 5.9236e-28, 3.7001e-28, 2.2692e-28,
         1.5116e-28, 1.0506e-28, 6.9896e-29, 5.1883e-29, 4.1565e-29, 3.1809e-29,
         2.9743e-29, 2.9840e-29, 3.1051e-29, 3.4682e-29, 3.9305e-29, 4.8349e-29,
         5.7303e-29, 6.4638e-29, 5.0683e-29, 2.3481e-29, 8.0901e-30, 5.6537e-30,
         4.0989e-30, 2.8936e-30, 2.0239e-30, 1.6675e-30, 1.1585e-30, 6.2948e-31,
         2.5762e-31, 5.0068e-32, 1.6836e-33, 1.0000e-40, 1.0000e-40, 1.0000e-40,
         1.0000e-40, 1.0000e-40, 1.0000e-40, 1.0000e-40, 1.0000e-40, 1.0000e-40,
         1.0000e-40, 1.0000e-40, 1.0000e-40, 1.0000e-40, 1.0000e-40, 1.0000e-40,
         1.0000e-40, 1.0000e-40, 1.0000e-40, 1.0000e-40, 1.0000e-40, 1.0000e-40,
         1.0000e-40, 1.0000e-40, 1.0000e-40, 1.0000e-40, 1.0000e-40, 1.0000e-40,
         1.0000e-40, 1.0000e-40]], dtype=torch.float64)}"
475200,222.767,4.08995e-08,"{'pres': tensor([[7.0013e+04, 5.7350e+04, 4.6977e+04, 3.8480e+04, 3.1520e+04, 2.5819e+04,
         2.1149e+04, 1.7324e+04, 1.4190e+04, 1.1624e+04, 9.5214e+03, 7.7993e+03,
         6.3886e+03, 5.2331e+03, 4.2866e+03, 3.5112e+03, 2.8762e+03, 2.3559e+03,
         1.9298e+03, 1.5808e+03, 1.2949e+03, 1.0607e+03, 8.6881e+02, 7.1167e+02,
         5.8295e+02, 4.7751e+02, 3.9114e+02, 3.2040e+02, 2.6245e+02, 2.1498e+02,
         1.7609e+02, 1.4424e+02, 1.1815e+02, 9.6783e+01, 7.9278e+01, 6.4939e+01,
         5.3193e+01, 4.3572e+01, 3.5691e+01, 2.9236e+01, 2.3948e+01, 1.9616e+01,
         1.6068e+01, 1.3162e+01, 1.0781e+01, 8.8313e+00, 7.2340e+00, 5.9256e+00,
         4.8538e+00, 3.9759e+00, 3.2568e+00, 2.6677e+00, 2.1852e+00, 1.7900e+00,
         1.4662e+00, 1.2010e+00, 9.8378e-01, 8.0585e-01, 6.6009e-01, 5.4070e-01,
         4.4290e-01, 3.6279e-01, 2.9717e-01, 2.4342e-01, 1.9940e-01, 1.6333e-01,
         1.3379e-01, 1.0959e-01, 8.9769e-02, 7.3532e-02, 6.0232e-02, 4.9338e-02,
         4.0414e-02, 3.3104e-02, 2.7117e-02, 2.2212e-02, 1.8195e-02, 1.4904e-02,
         1.2208e-02, 1.0000e-02]], dtype=torch.float64), 'temp': tensor([[205.4656, 201.2460, 197.0235, 192.7654, 188.4222, 183.9289, 179.2140,
         174.2043, 168.8186, 163.0477, 156.8854, 150.5626, 144.6361, 138.6438,
         133.4129, 131.1311, 129.7727, 128.6968, 127.7732, 126.9629, 126.2443,
         125.5832, 124.9708, 124.4148, 123.8954, 123.4043, 122.9553, 122.5351,
         122.1340, 121.7644, 121.4233, 121.0898, 120.7803, 120.4685, 120.1821,
         119.8075, 119.4541, 119.1533, 118.8281, 118.4880, 118.1442, 117.8119,
         117.4893, 117.1766, 116.8730, 116.5734, 116.2794, 115.9954, 115.7197,
         115.4525, 115.1938, 114.9428, 114.6915, 114.4502, 114.2088, 113.9757,
         113.7345, 113.5041, 113.2570, 113.0173, 112.7679, 112.5206, 112.2562,
         112.0056, 111.7234, 111.4622, 111.1676, 110.8903, 110.5833, 110.3009,
         109.9943, 109.7089, 109.4235, 109.1525, 108.8944, 108.6474, 108.4069,
         108.1926, 107.9756, 107.8370]], dtype=torch.float64), 'xCO2': tensor([[0.7142, 0.7474, 0.7732, 0.7694, 0.7424, 0.7036, 0.6496, 0.5765, 0.4816,
         0.3643, 0.2281, 0.1219, 0.0625, 0.0300, 0.0158, 0.0117, 0.0111, 0.0109,
         0.0111, 0.0116, 0.0122, 0.0128, 0.0135, 0.0142, 0.0150, 0.0158, 0.0168,
         0.0178, 0.0189, 0.0202, 0.0216, 0.0233, 0.0253, 0.0289, 0.0331, 0.0413,
         0.0494, 0.0560, 0.0633, 0.0708, 0.0775, 0.0848, 0.0928, 0.1017, 0.1114,
         0.1224, 0.1346, 0.1479, 0.1626, 0.1787, 0.1963, 0.2157, 0.2375, 0.2612,
         0.2870, 0.3150, 0.3452, 0.3778, 0.4138, 0.4523, 0.4930, 0.5359, 0.5807,
         0.6275, 0.6762, 0.7252, 0.7737, 0.8206, 0.8651, 0.9061, 0.9412, 0.9691,
         0.9885, 0.9969, 0.9946, 0.9817, 0.9581, 0.9234, 0.8811, 0.8336]],
       dtype=torch.float64), 'xH2O': tensor([[5.2971e-06, 3.4683e-06, 2.1992e-06, 1.3432e-06, 7.8431e-07, 4.3201e-07,
         2.2046e-07, 1.0139e-07, 4.0684e-08, 1.3915e-08, 4.0374e-09, 1.0157e-09,
         2.3099e-10, 4.7668e-11, 7.4967e-12, 6.9315e-13, 2.1899e-13, 1.4224e-13,
         1.4409e-13, 1.6120e-13, 1.9007e-13, 2.3968e-13, 3.1366e-13, 3.9176e-13,
         4.7777e-13, 6.0772e-13, 7.8528e-13, 1.0232e-12, 1.3433e-12, 1.7551e-12,
         2.2803e-12, 2.8824e-12, 3.4781e-12, 4.1167e-12, 4.7066e-12, 5.5061e-12,
         6.2540e-12, 6.8666e-12, 7.6924e-12, 8.7090e-12, 9.9036e-12, 1.1174e-11,
         1.2514e-11, 1.3919e-11, 1.5382e-11, 1.6885e-11, 1.8422e-11, 2.0002e-11,
         2.1620e-11, 2.3273e-11, 2.4958e-11, 2.6665e-11, 2.8330e-11, 2.9999e-11,
         3.1642e-11, 3.3254e-11, 3.4789e-11, 3.6329e-11, 3.7605e-11, 3.8846e-11,
         3.9980e-11, 4.1023e-11, 4.1926e-11, 4.2877e-11, 4.3433e-11, 4.4091e-11,
         4.4621e-11, 4.5248e-11, 4.5670e-11, 4.6344e-11, 4.7019e-11, 4.8079e-11,
         4.9512e-11, 5.1365e-11, 5.2256e-11, 4.7968e-11, 3.9881e-11, 3.2177e-11,
         2.7000e-11, 2.5077e-11]], dtype=torch.float64), 'xSO2': tensor([[4.3232e-02, 3.6306e-02, 3.0076e-02, 2.4368e-02, 1.8982e-02, 1.4142e-02,
         9.9959e-03, 6.5709e-03, 3.9197e-03, 2.0695e-03, 9.5439e-04, 3.9537e-04,
         1.5245e-04, 5.3266e-05, 2.0677e-05, 1.2606e-05, 1.0777e-05, 9.8428e-06,
         9.3677e-06, 9.1588e-06, 9.1527e-06, 9.2779e-06, 9.5195e-06, 9.8962e-06,
         1.0348e-05, 1.0839e-05, 1.1352e-05, 1.1898e-05, 1.2490e-05, 1.3116e-05,
         1.3782e-05, 1.4526e-05, 1.5425e-05, 1.7265e-05, 1.9535e-05, 2.4047e-05,
         2.8523e-05, 3.2189e-05, 3.5834e-05, 3.9409e-05, 4.2881e-05, 4.6701e-05,
         5.0866e-05, 5.5374e-05, 6.0230e-05, 6.5585e-05, 7.1370e-05, 7.7575e-05,
         8.4218e-05, 9.1309e-05, 9.8856e-05, 1.0693e-04, 1.1564e-04, 1.2479e-04,
         1.3433e-04, 1.4423e-04, 1.5442e-04, 1.6484e-04, 1.7559e-04, 1.8625e-04,
         1.9666e-04, 2.0659e-04, 2.1582e-04, 2.2409e-04, 2.3102e-04, 2.3624e-04,
         2.3944e-04, 2.4036e-04, 2.3872e-04, 2.3403e-04, 2.2654e-04, 2.1611e-04,
         2.0264e-04, 1.8504e-04, 1.6416e-04, 1.4074e-04, 1.1563e-04, 9.0248e-05,
         6.7640e-05, 5.0589e-05]], dtype=torch.float64), 'xH2SO4aer': tensor([[6.5750e-08, 7.4696e-08, 8.5972e-08, 9.9219e-08, 1.1558e-07, 1.3569e-07,
         1.6022e-07, 1.9061e-07, 2.2982e-07, 2.8724e-07, 4.1802e-07, 7.5419e-07,
         8.8609e-07, 2.1920e-07, 7.8669e-09, 4.2871e-10, 2.8929e-10, 2.6362e-10,
         2.5880e-10, 2.6096e-10, 2.6733e-10, 2.7497e-10, 2.8267e-10, 2.8981e-10,
         2.9613e-10, 3.0032e-10, 2.9976e-10, 2.9074e-10, 2.7094e-10, 2.4385e-10,
         2.1327e-10, 1.8204e-10, 1.5647e-10, 1.4920e-10, 1.5296e-10, 1.7134e-10,
         1.9089e-10, 2.0691e-10, 2.0919e-10, 1.9673e-10, 1.6602e-10, 1.3791e-10,
         1.1274e-10, 9.0793e-11, 7.2124e-11, 5.6610e-11, 4.4003e-11, 3.3918e-11,
         2.5946e-11, 1.9708e-11, 1.4866e-11, 1.1144e-11, 8.3097e-12, 6.1540e-12,
         4.5245e-12, 3.3005e-12, 2.3870e-12, 1.7111e-12, 1.2194e-12, 8.6095e-13,
         6.0174e-13, 4.1604e-13, 2.8428e-13, 1.9241e-13, 1.2931e-13, 8.5931e-14,
         5.6379e-14, 3.6498e-14, 2.3315e-14, 1.4820e-14, 9.2211e-15, 5.5641e-15,
         3.1954e-15, 1.7330e-15, 8.2849e-16, 3.1537e-16, 9.5108e-17, 2.9115e-17,
         8.3366e-18, 1.8034e-18]], dtype=torch.float64), 'xS8aer': tensor([[1.4567e-34, 3.1567e-34, 8.0628e-34, 2.5342e-33, 9.8275e-33, 4.1884e-32,
         1.9520e-31, 4.4852e-30, 1.6136e-27, 5.2514e-25, 1.8732e-22, 5.5525e-21,
         1.0218e-20, 2.3622e-21, 5.4554e-23, 2.3408e-25, 2.7251e-26, 7.0945e-27,
         3.4082e-27, 1.8055e-27, 9.8169e-28, 5.8986e-28, 3.6823e-28, 2.2562e-28,
         1.5018e-28, 1.0449e-28, 6.9706e-29, 5.1726e-29, 4.1087e-29, 3.1140e-29,
         2.9116e-29, 2.9405e-29, 3.0771e-29, 3.4465e-29, 3.9108e-29, 4.8146e-29,
         5.7088e-29, 6.4414e-29, 5.0568e-29, 2.3513e-29, 8.1142e-30, 5.6776e-30,
         4.1238e-30, 2.9192e-30, 2.0485e-30, 1.6888e-30, 1.1756e-30, 6.4227e-31,
         2.6425e-31, 5.1626e-32, 1.7494e-33, 1.0000e-40, 1.0000e-40, 1.0000e-40,
         1.0000e-40, 1.0000e-40, 1.0000e-40, 1.0000e-40, 1.0000e-40, 1.0000e-40,
         1.0000e-40, 1.0000e-40, 1.0000e-40, 1.0000e-40, 1.0000e-40, 1.0000e-40,
         1.0000e-40, 1.0000e-40, 1.0000e-40, 1.0000e-40, 1.0000e-40, 1.0000e-40,
         1.0000e-40, 1.0000e-40, 1.0000e-40, 1.0000e-40, 1.0000e-40, 1.0000e-40,
         1.0000e-40, 1.0000e-40]], dtype=torch.float64)}"
496800,222.769,4.11255e-08,"{'pres': tensor([[7.0013e+04, 5.7350e+04, 4.6977e+04, 3.8480e+04, 3.1520e+04, 2.5819e+04,
         2.1149e+04, 1.7324e+04, 1.4190e+04, 1.1624e+04, 9.5214e+03, 7.7993e+03,
         6.3886e+03, 5.2331e+03, 4.2866e+03, 3.5112e+03, 2.8762e+03, 2.3559e+03,
         1.9298e+03, 1.5808e+03, 1.2949e+03, 1.0607e+03, 8.6881e+02, 7.1167e+02,
         5.8295e+02, 4.7751e+02, 3.9114e+02, 3.2040e+02, 2.6245e+02, 2.1498e+02,
         1.7609e+02, 1.4424e+02, 1.1815e+02, 9.6783e+01, 7.9278e+01, 6.4939e+01,
         5.3193e+01, 4.3572e+01, 3.5691e+01, 2.9236e+01, 2.3948e+01, 1.9616e+01,
         1.6068e+01, 1.3162e+01, 1.0781e+01, 8.8313e+00, 7.2340e+00, 5.9256e+00,
         4.8538e+00, 3.9759e+00, 3.2568e+00, 2.6677e+00, 2.1852e+00, 1.7900e+00,
         1.4662e+00, 1.2010e+00, 9.8378e-01, 8.0585e-01, 6.6009e-01, 5.4070e-01,
         4.4290e-01, 3.6279e-01, 2.9717e-01, 2.4342e-01, 1.9940e-01, 1.6333e-01,
         1.3379e-01, 1.0959e-01, 8.9769e-02, 7.3532e-02, 6.0232e-02, 4.9338e-02,
         4.0414e-02, 3.3104e-02, 2.7117e-02, 2.2212e-02, 1.8195e-02, 1.4904e-02,
         1.2208e-02, 1.0000e-02]], dtype=torch.float64), 'temp': tensor([[205.4680, 201.2482, 197.0253, 192.7666, 188.4226, 183.9284, 179.2126,
         174.2019, 168.8147, 163.0433, 156.8712, 150.5480, 144.6210, 138.6363,
         133.4120, 131.1316, 129.7731, 128.6971, 127.7735, 126.9632, 126.2445,
         125.5834, 124.9711, 124.4151, 123.8957, 123.4045, 122.9556, 122.5354,
         122.1343, 121.7648, 121.4236, 121.0901, 120.7806, 120.4689, 120.1826,
         119.8085, 119.4553, 119.1543, 118.8289, 118.4888, 118.1451, 117.8128,
         117.4902, 117.1776, 116.8740, 116.5745, 116.2807, 115.9968, 115.7211,
         115.4540, 115.1953, 114.9444, 114.6931, 114.4520, 114.2105, 113.9775,
         113.7362, 113.5057, 113.2586, 113.0190, 112.7695, 112.5221, 112.2577,
         112.0069, 111.7247, 111.4636, 111.1687, 110.8915, 110.5844, 110.3020,
         109.9953, 109.7099, 109.4245, 109.1534, 108.8954, 108.6483, 108.4079,
         108.1937, 107.9765, 107.8380]], dtype=torch.float64), 'xCO2': tensor([[0.7142, 0.7474, 0.7732, 0.7694, 0.7424, 0.7036, 0.6496, 0.5764, 0.4813,
         0.3640, 0.2278, 0.1215, 0.0624, 0.0300, 0.0158, 0.0117, 0.0111, 0.0109,
         0.0111, 0.0116, 0.0122, 0.0128, 0.0135, 0.0142, 0.0150, 0.0158, 0.0168,
         0.0178, 0.0189, 0.0202, 0.0216, 0.0233, 0.0253, 0.0289, 0.0331, 0.0413,
         0.0494, 0.0560, 0.0633, 0.0708, 0.0775, 0.0848, 0.0928, 0.1017, 0.1114,
         0.1224, 0.1346, 0.1479, 0.1626, 0.1787, 0.1963, 0.2157, 0.2375, 0.2612,
         0.2870, 0.3150, 0.3452, 0.3778, 0.4138, 0.4523, 0.4930, 0.5359, 0.5807,
         0.6275, 0.6762, 0.7252, 0.7737, 0.8206, 0.8651, 0.9061, 0.9412, 0.9691,
         0.9885, 0.9969, 0.9946, 0.9817, 0.9581, 0.9234, 0.8811, 0.8336]],
       dtype=torch.float64), 'xH2O': tensor([[5.2994e-06, 3.4699e-06, 2.2000e-06, 1.3436e-06, 7.8431e-07, 4.3192e-07,
         2.2036e-07, 1.0133e-07, 4.0649e-08, 1.3900e-08, 4.0289e-09, 1.0104e-09,
         2.2991e-10, 4.7532e-11, 7.4495e-12, 6.8969e-13, 2.1841e-13, 1.4216e-13,
         1.4408e-13, 1.6121e-13, 1.9009e-13, 2.3971e-13, 3.1371e-13, 3.9183e-13,
         4.7784e-13, 6.0781e-13, 7.8537e-13, 1.0233e-12, 1.3434e-12, 1.7553e-12,
         2.2805e-12, 2.8826e-12, 3.4785e-12, 4.1173e-12, 4.7074e-12, 5.5072e-12,
         6.2553e-12, 6.8681e-12, 7.6940e-12, 8.7106e-12, 9.9056e-12, 1.1177e-11,
         1.2517e-11, 1.3922e-11, 1.5386e-11, 1.6890e-11, 1.8428e-11, 2.0009e-11,
         2.1629e-11, 2.3283e-11, 2.4968e-11, 2.6676e-11, 2.8343e-11, 3.0014e-11,
         3.1657e-11, 3.3271e-11, 3.4807e-11, 3.6346e-11, 3.7624e-11, 3.8866e-11,
         4.0000e-11, 4.1044e-11, 4.1947e-11, 4.2898e-11, 4.3454e-11, 4.4112e-11,
         4.4642e-11, 4.5269e-11, 4.5692e-11, 4.6366e-11, 4.7041e-11, 4.8102e-11,
         4.9535e-11, 5.1389e-11, 5.2277e-11, 4.7979e-11, 3.9883e-11, 3.2172e-11,
         2.6990e-11, 2.5065e-11]], dtype=torch.float64), 'xSO2': tensor([[4.3243e-02, 3.6316e-02, 3.0083e-02, 2.4371e-02, 1.8982e-02, 1.4140e-02,
         9.9930e-03, 6.5681e-03, 3.9175e-03, 2.0680e-03, 9.5297e-04, 3.9392e-04,
         1.5196e-04, 5.3168e-05, 2.0666e-05, 1.2607e-05, 1.0778e-05, 9.8437e-06,
         9.3685e-06, 9.1595e-06, 9.1533e-06, 9.2785e-06, 9.5202e-06, 9.8968e-06,
         1.0348e-05, 1.0838e-05, 1.1351e-05, 1.1897e-05, 1.2490e-05, 1.3115e-05,
         1.3781e-05, 1.4525e-05, 1.5423e-05, 1.7264e-05, 1.9534e-05, 2.4047e-05,
         2.8523e-05, 3.2191e-05, 3.5839e-05, 3.9418e-05, 4.2886e-05, 4.6702e-05,
         5.0864e-05, 5.5371e-05, 6.0227e-05, 6.5583e-05, 7.1369e-05, 7.7575e-05,
         8.4218e-05, 9.1310e-05, 9.8858e-05, 1.0693e-04, 1.1564e-04, 1.2479e-04,
         1.3433e-04, 1.4424e-04, 1.5443e-04, 1.6485e-04, 1.7559e-04, 1.8626e-04,
         1.9666e-04, 2.0660e-04, 2.1582e-04, 2.2410e-04, 2.3103e-04, 2.3625e-04,
         2.3945e-04, 2.4037e-04, 2.3873e-04, 2.3403e-04, 2.2655e-04, 2.1612e-04,
         2.0265e-04, 1.8505e-04, 1.6417e-04, 1.4074e-04, 1.1563e-04, 9.0250e-05,
         6.7642e-05, 5.0590e-05]], dtype=torch.float64), 'xH2SO4aer': tensor([[6.5752e-08, 7.4698e-08, 8.5975e-08, 9.9222e-08, 1.1558e-07, 1.3570e-07,
         1.6023e-07, 1.9062e-07, 2.2983e-07, 2.8725e-07, 4.1809e-07, 7.5436e-07,
         8.8598e-07, 2.1894e-07, 7.8515e-09, 4.2823e-10, 2.8921e-10, 2.6360e-10,
         2.5877e-10, 2.6095e-10, 2.6732e-10, 2.7496e-10, 2.8265e-10, 2.8976e-10,
         2.9587e-10, 2.9943e-10, 2.9768e-10, 2.8705e-10, 2.6590e-10, 2.3844e-10,
         2.0863e-10, 1.7892e-10, 1.5470e-10, 1.4811e-10, 1.5217e-10, 1.7070e-10,
         1.9034e-10, 2.0643e-10, 2.0887e-10, 1.9661e-10, 1.6600e-10, 1.3791e-10,
         1.1275e-10, 9.0801e-11, 7.2132e-11, 5.6617e-11, 4.4010e-11, 3.3924e-11,
         2.5951e-11, 1.9712e-11, 1.4870e-11, 1.1147e-11, 8.3120e-12, 6.1559e-12,
         4.5260e-12, 3.3017e-12, 2.3879e-12, 1.7118e-12, 1.2199e-12, 8.6132e-13,
         6.0201e-13, 4.1623e-13, 2.8441e-13, 1.9251e-13, 1.2937e-13, 8.5977e-14,
         5.6410e-14, 3.6518e-14, 2.3328e-14, 1.4829e-14, 9.2264e-15, 5.5672e-15,
         3.1971e-15, 1.7337e-15, 8.2871e-16, 3.1536e-16, 9.5063e-17, 2.9091e-17,
         8.3271e-18, 1.8009e-18]], dtype=torch.float64), 'xS8aer': tensor([[1.4568e-34, 3.1562e-34, 8.0596e-34, 2.5325e-33, 9.8182e-33, 4.1832e-32,
         1.9491e-31, 4.4817e-30, 1.6137e-27, 5.2557e-25, 1.8791e-22, 5.5602e-21,
         1.0211e-20, 2.3579e-21, 5.4362e-23, 2.3202e-25, 2.6991e-26, 7.0546e-27,
         3.3949e-27, 1.7987e-27, 9.7782e-28, 5.8744e-28, 3.6651e-28, 2.2435e-28,
         1.4927e-28, 1.0398e-28, 6.9523e-29, 5.1507e-29, 4.0562e-29, 3.0495e-29,
         2.8562e-29, 2.9037e-29, 3.0537e-29, 3.4285e-29, 3.8943e-29, 4.7972e-29,
         5.6901e-29, 6.4216e-29, 5.0469e-29, 2.3549e-29, 8.1401e-30, 5.7028e-30,
         4.1504e-30, 2.9467e-30, 2.0736e-30, 1.7086e-30, 1.1904e-30, 6.5243e-31,
         2.6949e-31, 5.2991e-32, 1.8163e-33, 1.0000e-40, 1.0000e-40, 1.0000e-40,
         1.0000e-40, 1.0000e-40, 1.0000e-40, 1.0000e-40, 1.0000e-40, 1.0000e-40,
         1.0000e-40, 1.0000e-40, 1.0000e-40, 1.0000e-40, 1.0000e-40, 1.0000e-40,
         1.0000e-40, 1.0000e-40, 1.0000e-40, 1.0000e-40, 1.0000e-40, 1.0000e-40,
         1.0000e-40, 1.0000e-40, 1.0000e-40, 1.0000e-40, 1.0000e-40, 1.0000e-40,
         1.0000e-40, 1.0000e-40]], dtype=torch.float64)}"
518400,222.77,4.1321e-08,"{'pres': tensor([[7.0013e+04, 5.7350e+04, 4.6977e+04, 3.8480e+04, 3.1520e+04, 2.5819e+04,
         2.1149e+04, 1.7324e+04, 1.4190e+04, 1.1624e+04, 9.5214e+03, 7.7993e+03,
         6.3886e+03, 5.2331e+03, 4.2866e+03, 3.5112e+03, 2.8762e+03, 2.3559e+03,
         1.9298e+03, 1.5808e+03, 1.2949e+03, 1.0607e+03, 8.6881e+02, 7.1167e+02,
         5.8295e+02, 4.7751e+02, 3.9114e+02, 3.2040e+02, 2.6245e+02, 2.1498e+02,
         1.7609e+02, 1.4424e+02, 1.1815e+02, 9.6783e+01, 7.9278e+01, 6.4939e+01,
         5.3193e+01, 4.3572e+01, 3.5691e+01, 2.9236e+01, 2.3948e+01, 1.9616e+01,
         1.6068e+01, 1.3162e+01, 1.0781e+01, 8.8313e+00, 7.2340e+00, 5.9256e+00,
         4.8538e+00, 3.9759e+00, 3.2568e+00, 2.6677e+00, 2.1852e+00, 1.7900e+00,
         1.4662e+00, 1.2010e+00, 9.8378e-01, 8.0585e-01, 6.6009e-01, 5.4070e-01,
         4.4290e-01, 3.6279e-01, 2.9717e-01, 2.4342e-01, 1.9940e-01, 1.6333e-01,
         1.3379e-01, 1.0959e-01, 8.9769e-02, 7.3532e-02, 6.0232e-02, 4.9338e-02,
         4.0414e-02, 3.3104e-02, 2.7117e-02, 2.2212e-02, 1.8195e-02, 1.4904e-02,
         1.2208e-02, 1.0000e-02]], dtype=torch.float64), 'temp': tensor([[205.4702, 201.2502, 197.0269, 192.7678, 188.4231, 183.9281, 179.2114,
         174.1998, 168.8098, 163.0379, 156.8601, 150.5364, 144.6060, 138.6289,
         133.4110, 131.1320, 129.7735, 128.6974, 127.7738, 126.9635, 126.2448,
         125.5837, 124.9713, 124.4153, 123.8959, 123.4048, 122.9559, 122.5357,
         122.1346, 121.7651, 121.4239, 121.0904, 120.7810, 120.4693, 120.1831,
         119.8094, 119.4565, 119.1553, 118.8297, 118.4895, 118.1459, 117.8137,
         117.4912, 117.1786, 116.8750, 116.5756, 116.2819, 115.9982, 115.7225,
         115.4555, 115.1967, 114.9458, 114.6947, 114.4536, 114.2122, 113.9792,
         113.7379, 113.5072, 113.2602, 113.0205, 112.7710, 112.5235, 112.2590,
         112.0081, 111.7259, 111.4648, 111.1698, 110.8926, 110.5854, 110.3030,
         109.9963, 109.7109, 109.4254, 109.1543, 108.8964, 108.6492, 108.4088,
         108.1948, 107.9773, 107.8390]], dtype=torch.float64), 'xCO2': tensor([[0.7142, 0.7474, 0.7732, 0.7694, 0.7424, 0.7036, 0.6496, 0.5763, 0.4811,
         0.3636, 0.2274, 0.1213, 0.0623, 0.0299, 0.0158, 0.0117, 0.0111, 0.0109,
         0.0112, 0.0116, 0.0122, 0.0128, 0.0135, 0.0142, 0.0150, 0.0158, 0.0168,
         0.0178, 0.0189, 0.0202, 0.0216, 0.0233, 0.0253, 0.0289, 0.0331, 0.0413,
         0.0494, 0.0560, 0.0633, 0.0708, 0.0775, 0.0848, 0.0928, 0.1017, 0.1114,
         0.1224, 0.1346, 0.1479, 0.1626, 0.1787, 0.1963, 0.2157, 0.2375, 0.2612,
         0.2870, 0.3150, 0.3452, 0.3778, 0.4138, 0.4523, 0.4930, 0.5359, 0.5807,
         0.6275, 0.6762, 0.7252, 0.7737, 0.8206, 0.8651, 0.9061, 0.9412, 0.9691,
         0.9885, 0.9969, 0.9946, 0.9817, 0.9581, 0.9234, 0.8811, 0.8336]],
       dtype=torch.float64), 'xH2O': tensor([[5.3013e-06, 3.4711e-06, 2.2007e-06, 1.3438e-06, 7.8436e-07, 4.3187e-07,
         2.2030e-07, 1.0127e-07, 4.0615e-08, 1.3884e-08, 4.0172e-09, 1.0064e-09,
         2.2893e-10, 4.7398e-11, 7.4036e-12, 6.8635e-13, 2.1785e-13, 1.4207e-13,
         1.4407e-13, 1.6122e-13, 1.9011e-13, 2.3975e-13, 3.1377e-13, 3.9189e-13,
         4.7791e-13, 6.0789e-13, 7.8547e-13, 1.0234e-12, 1.3435e-12, 1.7554e-12,
         2.2807e-12, 2.8829e-12, 3.4789e-12, 4.1178e-12, 4.7082e-12, 5.5083e-12,
         6.2567e-12, 6.8697e-12, 7.6956e-12, 8.7122e-12, 9.9077e-12, 1.1180e-11,
         1.2521e-11, 1.3926e-11, 1.5391e-11, 1.6895e-11, 1.8434e-11, 2.0017e-11,
         2.1637e-11, 2.3292e-11, 2.4978e-11, 2.6687e-11, 2.8356e-11, 3.0028e-11,
         3.1673e-11, 3.3288e-11, 3.4824e-11, 3.6363e-11, 3.7643e-11, 3.8886e-11,
         4.0020e-11, 4.1064e-11, 4.1967e-11, 4.2917e-11, 4.3474e-11, 4.4133e-11,
         4.4662e-11, 4.5289e-11, 4.5712e-11, 4.6387e-11, 4.7062e-11, 4.8124e-11,
         4.9558e-11, 5.1412e-11, 5.2297e-11, 4.7990e-11, 3.9886e-11, 3.2169e-11,
         2.6983e-11, 2.5056e-11]], dtype=torch.float64), 'xSO2': tensor([[4.3252e-02, 3.6323e-02, 3.0088e-02, 2.4374e-02, 1.8983e-02, 1.4139e-02,
         9.9910e-03, 6.5658e-03, 3.9154e-03, 2.0664e-03, 9.5105e-04, 3.9284e-04,
         1.5151e-04, 5.3071e-05, 2.0656e-05, 1.2608e-05, 1.0779e-05, 9.8445e-06,
         9.3692e-06, 9.1601e-06, 9.1540e-06, 9.2792e-06, 9.5209e-06, 9.8975e-06,
         1.0348e-05, 1.0838e-05, 1.1351e-05, 1.1897e-05, 1.2489e-05, 1.3115e-05,
         1.3781e-05, 1.4524e-05, 1.5422e-05, 1.7263e-05, 1.9533e-05, 2.4047e-05,
         2.8524e-05, 3.2192e-05, 3.5844e-05, 3.9426e-05, 4.2891e-05, 4.6703e-05,
         5.0862e-05, 5.5368e-05, 6.0224e-05, 6.5581e-05, 7.1368e-05, 7.7575e-05,
         8.4219e-05, 9.1312e-05, 9.8859e-05, 1.0694e-04, 1.1565e-04, 1.2479e-04,
         1.3434e-04, 1.4424e-04, 1.5443e-04, 1.6485e-04, 1.7560e-04, 1.8626e-04,
         1.9667e-04, 2.0660e-04, 2.1583e-04, 2.2410e-04, 2.3104e-04, 2.3626e-04,
         2.3945e-04, 2.4037e-04, 2.3874e-04, 2.3404e-04, 2.2656e-04, 2.1613e-04,
         2.0266e-04, 1.8506e-04, 1.6418e-04, 1.4075e-04, 1.1563e-04, 9.0253e-05,
         6.7643e-05, 5.0592e-05]], dtype=torch.float64), 'xH2SO4aer': tensor([[6.5755e-08, 7.4700e-08, 8.5978e-08, 9.9225e-08, 1.1558e-07, 1.3570e-07,
         1.6023e-07, 1.9062e-07, 2.2983e-07, 2.8727e-07, 4.1816e-07, 7.5453e-07,
         8.8586e-07, 2.1868e-07, 7.8361e-09, 4.2776e-10, 2.8914e-10, 2.6358e-10,
         2.5874e-10, 2.6093e-10, 2.6731e-10, 2.7494e-10, 2.8263e-10, 2.8968e-10,
         2.9554e-10, 2.9838e-10, 2.9537e-10, 2.8315e-10, 2.6087e-10, 2.3334e-10,
         2.0450e-10, 1.7631e-10, 1.5331e-10, 1.4731e-10, 1.5162e-10, 1.7026e-10,
         1.8997e-10, 2.0611e-10, 2.0867e-10, 1.9654e-10, 1.6599e-10, 1.3792e-10,
         1.1276e-10, 9.0810e-11, 7.2140e-11, 5.6625e-11, 4.4016e-11, 3.3929e-11,
         2.5956e-11, 1.9716e-11, 1.4873e-11, 1.1149e-11, 8.3142e-12, 6.1576e-12,
         4.5274e-12, 3.3027e-12, 2.3887e-12, 1.7124e-12, 1.2204e-12, 8.6167e-13,
         6.0227e-13, 4.1642e-13, 2.8454e-13, 1.9260e-13, 1.2943e-13, 8.6019e-14,
         5.6439e-14, 3.6537e-14, 2.3340e-14, 1.4837e-14, 9.2315e-15, 5.5702e-15,
         3.1987e-15, 1.7345e-15, 8.2893e-16, 3.1535e-16, 9.5028e-17, 2.9070e-17,
         8.3193e-18, 1.7989e-18]], dtype=torch.float64), 'xS8aer': tensor([[1.4568e-34, 3.1557e-34, 8.0565e-34, 2.5309e-33, 9.8091e-33, 4.1779e-32,
         1.9463e-31, 4.4781e-30, 1.6138e-27, 5.2601e-25, 1.8852e-22, 5.5676e-21,
         1.0203e-20, 2.3536e-21, 5.4171e-23, 2.3000e-25, 2.6737e-26, 7.0158e-27,
         3.3821e-27, 1.7922e-27, 9.7408e-28, 5.8508e-28, 3.6484e-28, 2.2314e-28,
         1.4842e-28, 1.0353e-28, 6.9333e-29, 5.1230e-29, 4.0006e-29, 2.9885e-29,
         2.8079e-29, 2.8727e-29, 3.0342e-29, 3.4132e-29, 3.8801e-29, 4.7819e-29,
         5.6733e-29, 6.4036e-29, 5.0381e-29, 2.3587e-29, 8.1665e-30, 5.7284e-30,
         4.1771e-30, 2.9732e-30, 2.0967e-30, 1.7259e-30, 1.2027e-30, 6.6090e-31,
         2.7401e-31, 5.4195e-32, 1.8743e-33, 1.0000e-40, 1.0000e-40, 1.0000e-40,
         1.0000e-40, 1.0000e-40, 1.0000e-40, 1.0000e-40, 1.0000e-40, 1.0000e-40,
         1.0000e-40, 1.0000e-40, 1.0000e-40, 1.0000e-40, 1.0000e-40, 1.0000e-40,
         1.0000e-40, 1.0000e-40, 1.0000e-40, 1.0000e-40, 1.0000e-40, 1.0000e-40,
         1.0000e-40, 1.0000e-40, 1.0000e-40, 1.0000e-40, 1.0000e-40, 1.0000e-40,
         1.0000e-40, 1.0000e-40]], dtype=torch.float64)}"
540000,222.771,4.14699e-08,"{'pres': tensor([[7.0013e+04, 5.7350e+04, 4.6977e+04, 3.8480e+04, 3.1520e+04, 2.5819e+04,
         2.1149e+04, 1.7324e+04, 1.4190e+04, 1.1624e+04, 9.5214e+03, 7.7993e+03,
         6.3886e+03, 5.2331e+03, 4.2866e+03, 3.5112e+03, 2.8762e+03, 2.3559e+03,
         1.9298e+03, 1.5808e+03, 1.2949e+03, 1.0607e+03, 8.6881e+02, 7.1167e+02,
         5.8295e+02, 4.7751e+02, 3.9114e+02, 3.2040e+02, 2.6245e+02, 2.1498e+02,
         1.7609e+02, 1.4424e+02, 1.1815e+02, 9.6783e+01, 7.9278e+01, 6.4939e+01,
         5.3193e+01, 4.3572e+01, 3.5691e+01, 2.9236e+01, 2.3948e+01, 1.9616e+01,
         1.6068e+01, 1.3162e+01, 1.0781e+01, 8.8313e+00, 7.2340e+00, 5.9256e+00,
         4.8538e+00, 3.9759e+00, 3.2568e+00, 2.6677e+00, 2.1852e+00, 1.7900e+00,
         1.4662e+00, 1.2010e+00, 9.8378e-01, 8.0585e-01, 6.6009e-01, 5.4070e-01,
         4.4290e-01, 3.6279e-01, 2.9717e-01, 2.4342e-01, 1.9940e-01, 1.6333e-01,
         1.3379e-01, 1.0959e-01, 8.9769e-02, 7.3532e-02, 6.0232e-02, 4.9338e-02,
         4.0414e-02, 3.3104e-02, 2.7117e-02, 2.2212e-02, 1.8195e-02, 1.4904e-02,
         1.2208e-02, 1.0000e-02]], dtype=torch.float64), 'temp': tensor([[205.4720, 201.2519, 197.0283, 192.7688, 188.4236, 183.9280, 179.2102,
         174.1974, 168.8052, 163.0328, 156.8508, 150.5267, 144.5911, 138.6214,
         133.4100, 131.1324, 129.7739, 128.6977, 127.7740, 126.9637, 126.2450,
         125.5839, 124.9716, 124.4156, 123.8962, 123.4051, 122.9562, 122.5360,
         122.1349, 121.7654, 121.4242, 121.0907, 120.7813, 120.4697, 120.1836,
         119.8104, 119.4577, 119.1563, 118.8304, 118.4902, 118.1467, 117.8146,
         117.4922, 117.1796, 116.8760, 116.5767, 116.2831, 115.9995, 115.7239,
         115.4569, 115.1982, 114.9473, 114.6963, 114.4553, 114.2138, 113.9808,
         113.7394, 113.5087, 113.2618, 113.0220, 112.7724, 112.5249, 112.2604,
         112.0093, 111.7271, 111.4661, 111.1709, 110.8937, 110.5864, 110.3040,
         109.9972, 109.7119, 109.4263, 109.1552, 108.8973, 108.6501, 108.4096,
         108.1958, 107.9781, 107.8399]], dtype=torch.float64), 'xCO2': tensor([[0.7142, 0.7474, 0.7732, 0.7694, 0.7424, 0.7036, 0.6496, 0.5762, 0.4808,
         0.3633, 0.2271, 0.1211, 0.0621, 0.0299, 0.0158, 0.0117, 0.0111, 0.0109,
         0.0112, 0.0116, 0.0122, 0.0128, 0.0135, 0.0142, 0.0150, 0.0158, 0.0168,
         0.0178, 0.0189, 0.0202, 0.0216, 0.0233, 0.0253, 0.0289, 0.0331, 0.0413,
         0.0494, 0.0560, 0.0633, 0.0708, 0.0775, 0.0848, 0.0928, 0.1017, 0.1114,
         0.1224, 0.1346, 0.1479, 0.1626, 0.1787, 0.1963, 0.2157, 0.2375, 0.2612,
         0.2870, 0.3150, 0.3452, 0.3778, 0.4138, 0.4523, 0.4930, 0.5359, 0.5807,
         0.6275, 0.6762, 0.7252, 0.7737, 0.8206, 0.8652, 0.9061, 0.9412, 0.9691,
         0.9885, 0.9969, 0.9946, 0.9817, 0.9581, 0.9234, 0.8811, 0.8336]],
       dtype=torch.float64), 'xH2O': tensor([[5.3029e-06, 3.4722e-06, 2.2013e-06, 1.3441e-06, 7.8442e-07, 4.3184e-07,
         2.2024e-07, 1.0123e-07, 4.0575e-08, 1.3867e-08, 4.0072e-09, 1.0032e-09,
         2.2799e-10, 4.7266e-11, 7.3588e-12, 6.8310e-13, 2.1730e-13, 1.4199e-13,
         1.4406e-13, 1.6123e-13, 1.9013e-13, 2.3978e-13, 3.1382e-13, 3.9196e-13,
         4.7798e-13, 6.0797e-13, 7.8556e-13, 1.0235e-12, 1.3436e-12, 1.7556e-12,
         2.2809e-12, 2.8832e-12, 3.4793e-12, 4.1184e-12, 4.7090e-12, 5.5094e-12,
         6.2580e-12, 6.8712e-12, 7.6971e-12, 8.7138e-12, 9.9098e-12, 1.1182e-11,
         1.2524e-11, 1.3930e-11, 1.5395e-11, 1.6900e-11, 1.8441e-11, 2.0024e-11,
         2.1645e-11, 2.3301e-11, 2.4988e-11, 2.6698e-11, 2.8368e-11, 3.0042e-11,
         3.1688e-11, 3.3304e-11, 3.4840e-11, 3.6380e-11, 3.7661e-11, 3.8904e-11,
         4.0039e-11, 4.1083e-11, 4.1986e-11, 4.2935e-11, 4.3493e-11, 4.4153e-11,
         4.4681e-11, 4.5309e-11, 4.5731e-11, 4.6407e-11, 4.7082e-11, 4.8144e-11,
         4.9579e-11, 5.1434e-11, 5.2316e-11, 4.8001e-11, 3.9890e-11, 3.2167e-11,
         2.6977e-11, 2.5049e-11]], dtype=torch.float64), 'xSO2': tensor([[4.3260e-02, 3.6330e-02, 3.0093e-02, 2.4377e-02, 1.8984e-02, 1.4138e-02,
         9.9895e-03, 6.5638e-03, 3.9128e-03, 2.0647e-03, 9.4940e-04, 3.9196e-04,
         1.5108e-04, 5.2976e-05, 2.0645e-05, 1.2610e-05, 1.0780e-05, 9.8453e-06,
         9.3699e-06, 9.1608e-06, 9.1546e-06, 9.2798e-06, 9.5216e-06, 9.8981e-06,
         1.0348e-05, 1.0837e-05, 1.1350e-05, 1.1896e-05, 1.2489e-05, 1.3115e-05,
         1.3780e-05, 1.4523e-05, 1.5421e-05, 1.7262e-05, 1.9532e-05, 2.4047e-05,
         2.8526e-05, 3.2195e-05, 3.5849e-05, 3.9434e-05, 4.2896e-05, 4.6705e-05,
         5.0861e-05, 5.5365e-05, 6.0221e-05, 6.5578e-05, 7.1367e-05, 7.7575e-05,
         8.4220e-05, 9.1313e-05, 9.8861e-05, 1.0694e-04, 1.1565e-04, 1.2479e-04,
         1.3434e-04, 1.4424e-04, 1.5443e-04, 1.6486e-04, 1.7560e-04, 1.8627e-04,
         1.9667e-04, 2.0661e-04, 2.1583e-04, 2.2411e-04, 2.3105e-04, 2.3627e-04,
         2.3946e-04, 2.4038e-04, 2.3875e-04, 2.3405e-04, 2.2656e-04, 2.1614e-04,
         2.0267e-04, 1.8507e-04, 1.6418e-04, 1.4075e-04, 1.1564e-04, 9.0255e-05,
         6.7645e-05, 5.0593e-05]], dtype=torch.float64), 'xH2SO4aer': tensor([[6.5757e-08, 7.4703e-08, 8.5981e-08, 9.9228e-08, 1.1559e-07, 1.3571e-07,
         1.6023e-07, 1.9063e-07, 2.2984e-07, 2.8728e-07, 4.1823e-07, 7.5470e-07,
         8.8574e-07, 2.1843e-07, 7.8206e-09, 4.2729e-10, 2.8906e-10, 2.6355e-10,
         2.5871e-10, 2.6092e-10, 2.6730e-10, 2.7493e-10, 2.8261e-10, 2.8958e-10,
         2.9513e-10, 2.9717e-10, 2.9283e-10, 2.7908e-10, 2.5591e-10, 2.2858e-10,
         2.0088e-10, 1.7416e-10, 1.5224e-10, 1.4672e-10, 1.5122e-10, 1.6996e-10,
         1.8972e-10, 2.0591e-10, 2.0854e-10, 1.9650e-10, 1.6600e-10, 1.3793e-10,
         1.1277e-10, 9.0818e-11, 7.2147e-11, 5.6632e-11, 4.4023e-11, 3.3935e-11,
         2.5960e-11, 1.9719e-11, 1.4876e-11, 1.1152e-11, 8.3163e-12, 6.1594e-12,
         4.5287e-12, 3.3038e-12, 2.3895e-12, 1.7130e-12, 1.2208e-12, 8.6200e-13,
         6.0251e-13, 4.1659e-13, 2.8466e-13, 1.9268e-13, 1.2949e-13, 8.6060e-14,
         5.6466e-14, 3.6556e-14, 2.3352e-14, 1.4845e-14, 9.2364e-15, 5.5731e-15,
         3.2003e-15, 1.7352e-15, 8.2917e-16, 3.1536e-16, 9.5001e-17, 2.9054e-17,
         8.3130e-18, 1.7972e-18]], dtype=torch.float64), 'xS8aer': tensor([[1.4569e-34, 3.1551e-34, 8.0534e-34, 2.5293e-33, 9.7999e-33, 4.1727e-32,
         1.9434e-31, 4.4746e-30, 1.6140e-27, 5.2647e-25, 1.8913e-22, 5.5749e-21,
         1.0196e-20, 2.3492e-21, 5.3980e-23, 2.2801e-25, 2.6490e-26, 6.9783e-27,
         3.3696e-27, 1.7858e-27, 9.7046e-28, 5.8280e-28, 3.6322e-28, 2.2197e-28,
         1.4762e-28, 1.0311e-28, 6.9129e-29, 5.0899e-29, 3.9436e-29, 2.9318e-29,
         2.7660e-29, 2.8466e-29, 3.0178e-29, 3.4002e-29, 3.8676e-29, 4.7681e-29,
         5.6580e-29, 6.3870e-29, 5.0302e-29, 2.3626e-29, 8.1935e-30, 5.7543e-30,
         4.2033e-30, 2.9982e-30, 2.1177e-30, 1.7414e-30, 1.2138e-30, 6.6858e-31,
         2.7800e-31, 5.5262e-32, 1.9286e-33, 1.0000e-40, 1.0000e-40, 1.0000e-40,
         1.0000e-40, 1.0000e-40, 1.0000e-40, 1.0000e-40, 1.0000e-40, 1.0000e-40,
         1.0000e-40, 1.0000e-40, 1.0000e-40, 1.0000e-40, 1.0000e-40, 1.0000e-40,
         1.0000e-40, 1.0000e-40, 1.0000e-40, 1.0000e-40, 1.0000e-40, 1.0000e-40,
         1.0000e-40, 1.0000e-40, 1.0000e-40, 1.0000e-40, 1.0000e-40, 1.0000e-40,
         1.0000e-40, 1.0000e-40]], dtype=torch.float64)}"
561600,222.773,4.15898e-08,"{'pres': tensor([[7.0013e+04, 5.7350e+04, 4.6977e+04, 3.8480e+04, 3.1520e+04, 2.5819e+04,
         2.1149e+04, 1.7324e+04, 1.4190e+04, 1.1624e+04, 9.5214e+03, 7.7993e+03,
         6.3886e+03, 5.2331e+03, 4.2866e+03, 3.5112e+03, 2.8762e+03, 2.3559e+03,
         1.9298e+03, 1.5808e+03, 1.2949e+03, 1.0607e+03, 8.6881e+02, 7.1167e+02,
         5.8295e+02, 4.7751e+02, 3.9114e+02, 3.2040e+02, 2.6245e+02, 2.1498e+02,
         1.7609e+02, 1.4424e+02, 1.1815e+02, 9.6783e+01, 7.9278e+01, 6.4939e+01,
         5.3193e+01, 4.3572e+01, 3.5691e+01, 2.9236e+01, 2.3948e+01, 1.9616e+01,
         1.6068e+01, 1.3162e+01, 1.0781e+01, 8.8313e+00, 7.2340e+00, 5.9256e+00,
         4.8538e+00, 3.9759e+00, 3.2568e+00, 2.6677e+00, 2.1852e+00, 1.7900e+00,
         1.4662e+00, 1.2010e+00, 9.8378e-01, 8.0585e-01, 6.6009e-01, 5.4070e-01,
         4.4290e-01, 3.6279e-01, 2.9717e-01, 2.4342e-01, 1.9940e-01, 1.6333e-01,
         1.3379e-01, 1.0959e-01, 8.9769e-02, 7.3532e-02, 6.0232e-02, 4.9338e-02,
         4.0414e-02, 3.3104e-02, 2.7117e-02, 2.2212e-02, 1.8195e-02, 1.4904e-02,
         1.2208e-02, 1.0000e-02]], dtype=torch.float64), 'temp': tensor([[205.4736, 201.2534, 197.0296, 192.7698, 188.4241, 183.9278, 179.2089,
         174.1951, 168.8011, 163.0282, 156.8428, 150.5184, 144.5762, 138.6140,
         133.4091, 131.1329, 129.7743, 128.6980, 127.7743, 126.9640, 126.2452,
         125.5841, 124.9718, 124.4158, 123.8965, 123.4054, 122.9565, 122.5362,
         122.1352, 121.7657, 121.4245, 121.0910, 120.7817, 120.4701, 120.1841,
         119.8113, 119.4589, 119.1572, 118.8312, 118.4910, 118.1475, 117.8155,
         117.4931, 117.1805, 116.8770, 116.5778, 116.2843, 116.0008, 115.7253,
         115.4583, 115.1996, 114.9487, 114.6978, 114.4569, 114.2154, 113.9824,
         113.7410, 113.5101, 113.2632, 113.0235, 112.7737, 112.5262, 112.2616,
         112.0104, 111.7282, 111.4672, 111.1719, 110.8947, 110.5874, 110.3050,
         109.9981, 109.7127, 109.4272, 109.1560, 108.8982, 108.6509, 108.4104,
         108.1967, 107.9789, 107.8408]], dtype=torch.float64), 'xCO2': tensor([[0.7142, 0.7474, 0.7732, 0.7694, 0.7424, 0.7036, 0.6495, 0.5761, 0.4805,
         0.3629, 0.2269, 0.1209, 0.0620, 0.0298, 0.0158, 0.0117, 0.0111, 0.0109,
         0.0112, 0.0116, 0.0122, 0.0128, 0.0135, 0.0142, 0.0150, 0.0158, 0.0168,
         0.0178, 0.0189, 0.0202, 0.0216, 0.0233, 0.0253, 0.0289, 0.0331, 0.0413,
         0.0494, 0.0560, 0.0633, 0.0708, 0.0775, 0.0848, 0.0928, 0.1017, 0.1114,
         0.1224, 0.1346, 0.1479, 0.1626, 0.1787, 0.1963, 0.2157, 0.2375, 0.2612,
         0.2870, 0.3150, 0.3452, 0.3778, 0.4138, 0.4523, 0.4930, 0.5359, 0.5807,
         0.6275, 0.6762, 0.7252, 0.7737, 0.8206, 0.8652, 0.9061, 0.9412, 0.9691,
         0.9885, 0.9970, 0.9946, 0.9817, 0.9581, 0.9234, 0.8811, 0.8336]],
       dtype=torch.float64), 'xH2O': tensor([[5.3043e-06, 3.4731e-06, 2.2018e-06, 1.3443e-06, 7.8450e-07, 4.3183e-07,
         2.2019e-07, 1.0118e-07, 4.0537e-08, 1.3850e-08, 3.9987e-09, 1.0004e-09,
         2.2708e-10, 4.7134e-11, 7.3152e-12, 6.7994e-13, 2.1676e-13, 1.4191e-13,
         1.4405e-13, 1.6124e-13, 1.9015e-13, 2.3982e-13, 3.1387e-13, 3.9202e-13,
         4.7805e-13, 6.0805e-13, 7.8565e-13, 1.0236e-12, 1.3438e-12, 1.7557e-12,
         2.2810e-12, 2.8835e-12, 3.4797e-12, 4.1190e-12, 4.7098e-12, 5.5104e-12,
         6.2593e-12, 6.8728e-12, 7.6987e-12, 8.7153e-12, 9.9118e-12, 1.1185e-11,
         1.2527e-11, 1.3934e-11, 1.5399e-11, 1.6905e-11, 1.8447e-11, 2.0031e-11,
         2.1654e-11, 2.3310e-11, 2.4998e-11, 2.6708e-11, 2.8380e-11, 3.0055e-11,
         3.1702e-11, 3.3319e-11, 3.4856e-11, 3.6396e-11, 3.7678e-11, 3.8922e-11,
         4.0057e-11, 4.1101e-11, 4.2004e-11, 4.2953e-11, 4.3511e-11, 4.4171e-11,
         4.4699e-11, 4.5327e-11, 4.5750e-11, 4.6426e-11, 4.7101e-11, 4.8164e-11,
         4.9600e-11, 5.1455e-11, 5.2335e-11, 4.8012e-11, 3.9894e-11, 3.2167e-11,
         2.6974e-11, 2.5044e-11]], dtype=torch.float64), 'xSO2': tensor([[4.3266e-02, 3.6336e-02, 3.0097e-02, 2.4379e-02, 1.8985e-02, 1.4138e-02,
         9.9880e-03, 6.5618e-03, 3.9104e-03, 2.0630e-03, 9.4800e-04, 3.9121e-04,
         1.5067e-04, 5.2880e-05, 2.0635e-05, 1.2611e-05, 1.0781e-05, 9.8461e-06,
         9.3706e-06, 9.1614e-06, 9.1552e-06, 9.2805e-06, 9.5223e-06, 9.8987e-06,
         1.0348e-05, 1.0837e-05, 1.1349e-05, 1.1896e-05, 1.2488e-05, 1.3114e-05,
         1.3779e-05, 1.4522e-05, 1.5420e-05, 1.7261e-05, 1.9532e-05, 2.4047e-05,
         2.8527e-05, 3.2197e-05, 3.5854e-05, 3.9442e-05, 4.2901e-05, 4.6707e-05,
         5.0860e-05, 5.5362e-05, 6.0218e-05, 6.5576e-05, 7.1366e-05, 7.7575e-05,
         8.4221e-05, 9.1314e-05, 9.8862e-05, 1.0694e-04, 1.1565e-04, 1.2479e-04,
         1.3434e-04, 1.4425e-04, 1.5444e-04, 1.6486e-04, 1.7561e-04, 1.8627e-04,
         1.9668e-04, 2.0661e-04, 2.1584e-04, 2.2412e-04, 2.3105e-04, 2.3627e-04,
         2.3947e-04, 2.4039e-04, 2.3875e-04, 2.3406e-04, 2.2657e-04, 2.1614e-04,
         2.0268e-04, 1.8507e-04, 1.6419e-04, 1.4076e-04, 1.1564e-04, 9.0257e-05,
         6.7646e-05, 5.0594e-05]], dtype=torch.float64), 'xH2SO4aer': tensor([[6.5759e-08, 7.4705e-08, 8.5983e-08, 9.9231e-08, 1.1559e-07, 1.3571e-07,
         1.6024e-07, 1.9063e-07, 2.2985e-07, 2.8729e-07, 4.1831e-07, 7.5488e-07,
         8.8561e-07, 2.1817e-07, 7.8051e-09, 4.2683e-10, 2.8899e-10, 2.6353e-10,
         2.5869e-10, 2.6091e-10, 2.6729e-10, 2.7492e-10, 2.8257e-10, 2.8944e-10,
         2.9463e-10, 2.9578e-10, 2.9007e-10, 2.7489e-10, 2.5106e-10, 2.2419e-10,
         1.9774e-10, 1.7241e-10, 1.5142e-10, 1.4629e-10, 1.5095e-10, 1.6976e-10,
         1.8956e-10, 2.0579e-10, 2.0847e-10, 1.9649e-10, 1.6600e-10, 1.3794e-10,
         1.1278e-10, 9.0826e-11, 7.2155e-11, 5.6639e-11, 4.4029e-11, 3.3940e-11,
         2.5965e-11, 1.9723e-11, 1.4879e-11, 1.1155e-11, 8.3184e-12, 6.1610e-12,
         4.5300e-12, 3.3048e-12, 2.3903e-12, 1.7136e-12, 1.2213e-12, 8.6232e-13,
         6.0274e-13, 4.1676e-13, 2.8478e-13, 1.9276e-13, 1.2955e-13, 8.6099e-14,
         5.6492e-14, 3.6573e-14, 2.3364e-14, 1.4852e-14, 9.2410e-15, 5.5759e-15,
         3.2018e-15, 1.7360e-15, 8.2940e-16, 3.1539e-16, 9.4982e-17, 2.9041e-17,
         8.3078e-18, 1.7958e-18]], dtype=torch.float64), 'xS8aer': tensor([[1.4570e-34, 3.1546e-34, 8.0503e-34, 2.5276e-33, 9.7907e-33, 4.1674e-32,
         1.9405e-31, 4.4712e-30, 1.6141e-27, 5.2694e-25, 1.8975e-22, 5.5820e-21,
         1.0188e-20, 2.3448e-21, 5.3789e-23, 2.2605e-25, 2.6249e-26, 6.9418e-27,
         3.3574e-27, 1.7797e-27, 9.6696e-28, 5.8058e-28, 3.6165e-28, 2.2085e-28,
         1.4688e-28, 1.0273e-28, 6.8903e-29, 5.0524e-29, 3.8865e-29, 2.8798e-29,
         2.7299e-29, 2.8246e-29, 3.0039e-29, 3.3887e-29, 3.8564e-29, 4.7556e-29,
         5.6439e-29, 6.3715e-29, 5.0230e-29, 2.3666e-29, 8.2206e-30, 5.7796e-30,
         4.2285e-30, 3.0217e-30, 2.1371e-30, 1.7557e-30, 1.2239e-30, 6.7583e-31,
         2.8203e-31, 5.6440e-32, 1.9941e-33, 1.0000e-40, 1.0000e-40, 1.0000e-40,
         1.0000e-40, 1.0000e-40, 1.0000e-40, 1.0000e-40, 1.0000e-40, 1.0000e-40,
         1.0000e-40, 1.0000e-40, 1.0000e-40, 1.0000e-40, 1.0000e-40, 1.0000e-40,
         1.0000e-40, 1.0000e-40, 1.0000e-40, 1.0000e-40, 1.0000e-40, 1.0000e-40,
         1.0000e-40, 1.0000e-40, 1.0000e-40, 1.0000e-40, 1.0000e-40, 1.0000e-40,
         1.0000e-40, 1.0000e-40]], dtype=torch.float64)}"
583200,222.774,4.16895e-08,"{'pres': tensor([[7.0013e+04, 5.7350e+04, 4.6977e+04, 3.8480e+04, 3.1520e+04, 2.5819e+04,
         2.1149e+04, 1.7324e+04, 1.4190e+04, 1.1624e+04, 9.5214e+03, 7.7993e+03,
         6.3886e+03, 5.2331e+03, 4.2866e+03, 3.5112e+03, 2.8762e+03, 2.3559e+03,
         1.9298e+03, 1.5808e+03, 1.2949e+03, 1.0607e+03, 8.6881e+02, 7.1167e+02,
         5.8295e+02, 4.7751e+02, 3.9114e+02, 3.2040e+02, 2.6245e+02, 2.1498e+02,
         1.7609e+02, 1.4424e+02, 1.1815e+02, 9.6783e+01, 7.9278e+01, 6.4939e+01,
         5.3193e+01, 4.3572e+01, 3.5691e+01, 2.9236e+01, 2.3948e+01, 1.9616e+01,
         1.6068e+01, 1.3162e+01, 1.0781e+01, 8.8313e+00, 7.2340e+00, 5.9256e+00,
         4.8538e+00, 3.9759e+00, 3.2568e+00, 2.6677e+00, 2.1852e+00, 1.7900e+00,
         1.4662e+00, 1.2010e+00, 9.8378e-01, 8.0585e-01, 6.6009e-01, 5.4070e-01,
         4.4290e-01, 3.6279e-01, 2.9717e-01, 2.4342e-01, 1.9940e-01, 1.6333e-01,
         1.3379e-01, 1.0959e-01, 8.9769e-02, 7.3532e-02, 6.0232e-02, 4.9338e-02,
         4.0414e-02, 3.3104e-02, 2.7117e-02, 2.2212e-02, 1.8195e-02, 1.4904e-02,
         1.2208e-02, 1.0000e-02]], dtype=torch.float64), 'temp': tensor([[205.4751, 201.2547, 197.0308, 192.7707, 188.4245, 183.9276, 179.2078,
         174.1930, 168.7974, 163.0240, 156.8359, 150.5112, 144.5614, 138.6066,
         133.4081, 131.1333, 129.7747, 128.6983, 127.7746, 126.9643, 126.2455,
         125.5844, 124.9721, 124.4161, 123.8967, 123.4057, 122.9567, 122.5365,
         122.1355, 121.7660, 121.4248, 121.0913, 120.7820, 120.4705, 120.1846,
         119.8123, 119.4601, 119.1582, 118.8320, 118.4917, 118.1484, 117.8164,
         117.4941, 117.1815, 116.8780, 116.5789, 116.2855, 116.0021, 115.7267,
         115.4597, 115.2010, 114.9501, 114.6993, 114.4584, 114.2169, 113.9840,
         113.7425, 113.5115, 113.2646, 113.0249, 112.7750, 112.5275, 112.2628,
         112.0115, 111.7293, 111.4683, 111.1728, 110.8956, 110.5883, 110.3059,
         109.9989, 109.7136, 109.4280, 109.1568, 108.8991, 108.6517, 108.4112,
         108.1977, 107.9796, 107.8416]], dtype=torch.float64), 'xCO2': tensor([[0.7142, 0.7474, 0.7733, 0.7694, 0.7424, 0.7036, 0.6495, 0.5760, 0.4803,
         0.3626, 0.2266, 0.1207, 0.0619, 0.0298, 0.0158, 0.0117, 0.0111, 0.0109,
         0.0112, 0.0116, 0.0122, 0.0128, 0.0135, 0.0142, 0.0150, 0.0158, 0.0168,
         0.0178, 0.0189, 0.0202, 0.0216, 0.0233, 0.0253, 0.0289, 0.0331, 0.0413,
         0.0494, 0.0560, 0.0633, 0.0708, 0.0775, 0.0848, 0.0928, 0.1017, 0.1114,
         0.1224, 0.1346, 0.1479, 0.1626, 0.1787, 0.1963, 0.2157, 0.2375, 0.2612,
         0.2870, 0.3150, 0.3452, 0.3778, 0.4138, 0.4523, 0.4930, 0.5359, 0.5807,
         0.6275, 0.6762, 0.7252, 0.7737, 0.8206, 0.8652, 0.9061, 0.9412, 0.9691,
         0.9885, 0.9970, 0.9946, 0.9817, 0.9581, 0.9234, 0.8811, 0.8336]],
       dtype=torch.float64), 'xH2O': tensor([[5.3055e-06, 3.4739e-06, 2.2023e-06, 1.3446e-06, 7.8456e-07, 4.3182e-07,
         2.2015e-07, 1.0113e-07, 4.0502e-08, 1.3834e-08, 3.9913e-09, 9.9802e-10,
         2.2620e-10, 4.7004e-11, 7.2727e-12, 6.7687e-13, 2.1624e-13, 1.4183e-13,
         1.4404e-13, 1.6125e-13, 1.9017e-13, 2.3985e-13, 3.1392e-13, 3.9208e-13,
         4.7812e-13, 6.0812e-13, 7.8574e-13, 1.0237e-12, 1.3439e-12, 1.7559e-12,
         2.2812e-12, 2.8838e-12, 3.4801e-12, 4.1195e-12, 4.7106e-12, 5.5115e-12,
         6.2607e-12, 6.8743e-12, 7.7003e-12, 8.7169e-12, 9.9139e-12, 1.1187e-11,
         1.2530e-11, 1.3937e-11, 1.5403e-11, 1.6910e-11, 1.8453e-11, 2.0038e-11,
         2.1662e-11, 2.3319e-11, 2.5008e-11, 2.6719e-11, 2.8392e-11, 3.0069e-11,
         3.1716e-11, 3.3334e-11, 3.4872e-11, 3.6411e-11, 3.7695e-11, 3.8939e-11,
         4.0074e-11, 4.1119e-11, 4.2022e-11, 4.2970e-11, 4.3528e-11, 4.4189e-11,
         4.4717e-11, 4.5345e-11, 4.5767e-11, 4.6445e-11, 4.7120e-11, 4.8183e-11,
         4.9620e-11, 5.1475e-11, 5.2353e-11, 4.8024e-11, 3.9900e-11, 3.2167e-11,
         2.6971e-11, 2.5040e-11]], dtype=torch.float64), 'xSO2': tensor([[4.3272e-02, 3.6341e-02, 3.0101e-02, 2.4382e-02, 1.8986e-02, 1.4138e-02,
         9.9866e-03, 6.5598e-03, 3.9082e-03, 2.0615e-03, 9.4680e-04, 3.9055e-04,
         1.5026e-04, 5.2785e-05, 2.0624e-05, 1.2612e-05, 1.0782e-05, 9.8469e-06,
         9.3713e-06, 9.1621e-06, 9.1559e-06, 9.2811e-06, 9.5230e-06, 9.8993e-06,
         1.0348e-05, 1.0836e-05, 1.1349e-05, 1.1895e-05, 1.2488e-05, 1.3114e-05,
         1.3779e-05, 1.4521e-05, 1.5419e-05, 1.7260e-05, 1.9531e-05, 2.4048e-05,
         2.8529e-05, 3.2199e-05, 3.5860e-05, 3.9450e-05, 4.2906e-05, 4.6709e-05,
         5.0859e-05, 5.5360e-05, 6.0215e-05, 6.5574e-05, 7.1364e-05, 7.7575e-05,
         8.4221e-05, 9.1315e-05, 9.8864e-05, 1.0694e-04, 1.1565e-04, 1.2480e-04,
         1.3434e-04, 1.4425e-04, 1.5444e-04, 1.6486e-04, 1.7561e-04, 1.8627e-04,
         1.9668e-04, 2.0662e-04, 2.1585e-04, 2.2412e-04, 2.3106e-04, 2.3628e-04,
         2.3947e-04, 2.4039e-04, 2.3876e-04, 2.3407e-04, 2.2658e-04, 2.1615e-04,
         2.0269e-04, 1.8508e-04, 1.6419e-04, 1.4076e-04, 1.1564e-04, 9.0260e-05,
         6.7648e-05, 5.0595e-05]], dtype=torch.float64), 'xH2SO4aer': tensor([[6.5761e-08, 7.4708e-08, 8.5986e-08, 9.9234e-08, 1.1560e-07, 1.3572e-07,
         1.6024e-07, 1.9064e-07, 2.2985e-07, 2.8731e-07, 4.1838e-07, 7.5505e-07,
         8.8549e-07, 2.1790e-07, 7.7896e-09, 4.2638e-10, 2.8891e-10, 2.6350e-10,
         2.5866e-10, 2.6090e-10, 2.6728e-10, 2.7490e-10, 2.8253e-10, 2.8927e-10,
         2.9403e-10, 2.9421e-10, 2.8710e-10, 2.7062e-10, 2.4639e-10, 2.2018e-10,
         1.9505e-10, 1.7100e-10, 1.5080e-10, 1.4599e-10, 1.5077e-10, 1.6963e-10,
         1.8946e-10, 2.0571e-10, 2.0843e-10, 1.9649e-10, 1.6601e-10, 1.3795e-10,
         1.1279e-10, 9.0834e-11, 7.2163e-11, 5.6646e-11, 4.4035e-11, 3.3946e-11,
         2.5969e-11, 1.9727e-11, 1.4882e-11, 1.1157e-11, 8.3204e-12, 6.1627e-12,
         4.5313e-12, 3.3058e-12, 2.3910e-12, 1.7141e-12, 1.2217e-12, 8.6263e-13,
         6.0297e-13, 4.1692e-13, 2.8489e-13, 1.9284e-13, 1.2960e-13, 8.6136e-14,
         5.6517e-14, 3.6590e-14, 2.3375e-14, 1.4859e-14, 9.2455e-15, 5.5786e-15,
         3.2033e-15, 1.7367e-15, 8.2965e-16, 3.1542e-16, 9.4969e-17, 2.9031e-17,
         8.3037e-18, 1.7946e-18]], dtype=torch.float64), 'xS8aer': tensor([[1.4570e-34, 3.1541e-34, 8.0472e-34, 2.5260e-33, 9.7815e-33, 4.1622e-32,
         1.9377e-31, 4.4677e-30, 1.6143e-27, 5.2743e-25, 1.9038e-22, 5.5890e-21,
         1.0180e-20, 2.3404e-21, 5.3599e-23, 2.2412e-25, 2.6014e-26, 6.9065e-27,
         3.3456e-27, 1.7737e-27, 9.6357e-28, 5.7842e-28, 3.6014e-28, 2.1978e-28,
         1.4619e-28, 1.0238e-28, 6.8653e-29, 5.0113e-29, 3.8303e-29, 2.8326e-29,
         2.6989e-29, 2.8061e-29, 2.9919e-29, 3.3785e-29, 3.8462e-29, 4.7439e-29,
         5.6306e-29, 6.3570e-29, 5.0163e-29, 2.3706e-29, 8.2473e-30, 5.8039e-30,
         4.2521e-30, 3.0442e-30, 2.1584e-30, 1.7750e-30, 1.2403e-30, 6.8855e-31,
         2.8818e-31, 5.8227e-32, 2.1003e-33, 1.0000e-40, 1.0000e-40, 1.0000e-40,
         1.0000e-40, 1.0000e-40, 1.0000e-40, 1.0000e-40, 1.0000e-40, 1.0000e-40,
         1.0000e-40, 1.0000e-40, 1.0000e-40, 1.0000e-40, 1.0000e-40, 1.0000e-40,
         1.0000e-40, 1.0000e-40, 1.0000e-40, 1.0000e-40, 1.0000e-40, 1.0000e-40,
         1.0000e-40, 1.0000e-40, 1.0000e-40, 1.0000e-40, 1.0000e-40, 1.0000e-40,
         1.0000e-40, 1.0000e-40]], dtype=torch.float64)}"
604800,222.774,4.1775e-08,"{'pres': tensor([[7.0013e+04, 5.7350e+04, 4.6977e+04, 3.8480e+04, 3.1520e+04, 2.5819e+04,
         2.1149e+04, 1.7324e+04, 1.4190e+04, 1.1624e+04, 9.5214e+03, 7.7993e+03,
         6.3886e+03, 5.2331e+03, 4.2866e+03, 3.5112e+03, 2.8762e+03, 2.3559e+03,
         1.9298e+03, 1.5808e+03, 1.2949e+03, 1.0607e+03, 8.6881e+02, 7.1167e+02,
         5.8295e+02, 4.7751e+02, 3.9114e+02, 3.2040e+02, 2.6245e+02, 2.1498e+02,
         1.7609e+02, 1.4424e+02, 1.1815e+02, 9.6783e+01, 7.9278e+01, 6.4939e+01,
         5.3193e+01, 4.3572e+01, 3.5691e+01, 2.9236e+01, 2.3948e+01, 1.9616e+01,
         1.6068e+01, 1.3162e+01, 1.0781e+01, 8.8313e+00, 7.2340e+00, 5.9256e+00,
         4.8538e+00, 3.9759e+00, 3.2568e+00, 2.6677e+00, 2.1852e+00, 1.7900e+00,
         1.4662e+00, 1.2010e+00, 9.8378e-01, 8.0585e-01, 6.6009e-01, 5.4070e-01,
         4.4290e-01, 3.6279e-01, 2.9717e-01, 2.4342e-01, 1.9940e-01, 1.6333e-01,
         1.3379e-01, 1.0959e-01, 8.9769e-02, 7.3532e-02, 6.0232e-02, 4.9338e-02,
         4.0414e-02, 3.3104e-02, 2.7117e-02, 2.2212e-02, 1.8195e-02, 1.4904e-02,
         1.2208e-02, 1.0000e-02]], dtype=torch.float64), 'temp': tensor([[205.4763, 201.2560, 197.0318, 192.7715, 188.4248, 183.9273, 179.2067,
         174.1911, 168.7942, 163.0203, 156.8300, 150.5050, 144.5466, 138.5992,
         133.4072, 131.1338, 129.7751, 128.6986, 127.7749, 126.9645, 126.2457,
         125.5846, 124.9724, 124.4164, 123.8970, 123.4059, 122.9570, 122.5368,
         122.1358, 121.7663, 121.4251, 121.0916, 120.7824, 120.4709, 120.1851,
         119.8132, 119.4613, 119.1592, 118.8327, 118.4925, 118.1492, 117.8173,
         117.4950, 117.1825, 116.8790, 116.5799, 116.2867, 116.0034, 115.7280,
         115.4611, 115.2023, 114.9515, 114.7008, 114.4599, 114.2184, 113.9855,
         113.7439, 113.5128, 113.2660, 113.0262, 112.7763, 112.5287, 112.2640,
         112.0126, 111.7303, 111.4693, 111.1737, 110.8966, 110.5891, 110.3067,
         109.9998, 109.7144, 109.4288, 109.1575, 108.8999, 108.6524, 108.4119,
         108.1985, 107.9803, 107.8424]], dtype=torch.float64), 'xCO2': tensor([[0.7142, 0.7474, 0.7733, 0.7694, 0.7424, 0.7036, 0.6495, 0.5759, 0.4800,
         0.3623, 0.2264, 0.1206, 0.0617, 0.0298, 0.0158, 0.0117, 0.0111, 0.0109,
         0.0112, 0.0116, 0.0122, 0.0128, 0.0135, 0.0142, 0.0150, 0.0158, 0.0168,
         0.0178, 0.0189, 0.0202, 0.0216, 0.0233, 0.0253, 0.0289, 0.0331, 0.0413,
         0.0494, 0.0560, 0.0633, 0.0708, 0.0775, 0.0848, 0.0928, 0.1017, 0.1114,
         0.1224, 0.1346, 0.1479, 0.1626, 0.1787, 0.1963, 0.2157, 0.2375, 0.2612,
         0.2870, 0.3150, 0.3452, 0.3778, 0.4138, 0.4523, 0.4930, 0.5359, 0.5807,
         0.6275, 0.6762, 0.7252, 0.7737, 0.8206, 0.8652, 0.9061, 0.9412, 0.9691,
         0.9885, 0.9970, 0.9946, 0.9817, 0.9581, 0.9234, 0.8811, 0.8336]],
       dtype=torch.float64), 'xH2O': tensor([[5.3066e-06, 3.4747e-06, 2.2027e-06, 1.3448e-06, 7.8462e-07, 4.3180e-07,
         2.2010e-07, 1.0109e-07, 4.0470e-08, 1.3821e-08, 3.9850e-09, 9.9591e-10,
         2.2534e-10, 4.6874e-11, 7.2311e-12, 6.7389e-13, 2.1573e-13, 1.4175e-13,
         1.4403e-13, 1.6126e-13, 1.9019e-13, 2.3988e-13, 3.1397e-13, 3.9214e-13,
         4.7818e-13, 6.0820e-13, 7.8583e-13, 1.0238e-12, 1.3440e-12, 1.7560e-12,
         2.2814e-12, 2.8841e-12, 3.4804e-12, 4.1201e-12, 4.7114e-12, 5.5126e-12,
         6.2620e-12, 6.8758e-12, 7.7019e-12, 8.7185e-12, 9.9159e-12, 1.1190e-11,
         1.2533e-11, 1.3941e-11, 1.5407e-11, 1.6915e-11, 1.8459e-11, 2.0045e-11,
         2.1670e-11, 2.3328e-11, 2.5017e-11, 2.6729e-11, 2.8404e-11, 3.0082e-11,
         3.1730e-11, 3.3349e-11, 3.4886e-11, 3.6426e-11, 3.7711e-11, 3.8956e-11,
         4.0090e-11, 4.1136e-11, 4.2039e-11, 4.2986e-11, 4.3544e-11, 4.4206e-11,
         4.4733e-11, 4.5362e-11, 4.5784e-11, 4.6462e-11, 4.7137e-11, 4.8202e-11,
         4.9639e-11, 5.1494e-11, 5.2371e-11, 4.8035e-11, 3.9905e-11, 3.2169e-11,
         2.6970e-11, 2.5037e-11]], dtype=torch.float64), 'xSO2': tensor([[4.3277e-02, 3.6345e-02, 3.0104e-02, 2.4384e-02, 1.8986e-02, 1.4137e-02,
         9.9852e-03, 6.5579e-03, 3.9062e-03, 2.0601e-03, 9.4576e-04, 3.8997e-04,
         1.4986e-04, 5.2691e-05, 2.0614e-05, 1.2613e-05, 1.0784e-05, 9.8477e-06,
         9.3720e-06, 9.1627e-06, 9.1565e-06, 9.2818e-06, 9.5237e-06, 9.9000e-06,
         1.0348e-05, 1.0836e-05, 1.1348e-05, 1.1894e-05, 1.2487e-05, 1.3113e-05,
         1.3778e-05, 1.4520e-05, 1.5418e-05, 1.7259e-05, 1.9531e-05, 2.4048e-05,
         2.8530e-05, 3.2202e-05, 3.5865e-05, 3.9459e-05, 4.2911e-05, 4.6711e-05,
         5.0858e-05, 5.5357e-05, 6.0212e-05, 6.5572e-05, 7.1363e-05, 7.7575e-05,
         8.4222e-05, 9.1316e-05, 9.8865e-05, 1.0694e-04, 1.1565e-04, 1.2480e-04,
         1.3435e-04, 1.4425e-04, 1.5444e-04, 1.6487e-04, 1.7561e-04, 1.8628e-04,
         1.9669e-04, 2.0662e-04, 2.1585e-04, 2.2413e-04, 2.3106e-04, 2.3629e-04,
         2.3948e-04, 2.4040e-04, 2.3877e-04, 2.3407e-04, 2.2659e-04, 2.1616e-04,
         2.0269e-04, 1.8509e-04, 1.6420e-04, 1.4077e-04, 1.1565e-04, 9.0262e-05,
         6.7650e-05, 5.0597e-05]], dtype=torch.float64), 'xH2SO4aer': tensor([[6.5764e-08, 7.4710e-08, 8.5989e-08, 9.9238e-08, 1.1560e-07, 1.3572e-07,
         1.6025e-07, 1.9064e-07, 2.2986e-07, 2.8732e-07, 4.1846e-07, 7.5523e-07,
         8.8536e-07, 2.1764e-07, 7.7741e-09, 4.2593e-10, 2.8884e-10, 2.6348e-10,
         2.5863e-10, 2.6088e-10, 2.6727e-10, 2.7489e-10, 2.8248e-10, 2.8906e-10,
         2.9333e-10, 2.9246e-10, 2.8396e-10, 2.6632e-10, 2.4193e-10, 2.1656e-10,
         1.9277e-10, 1.6987e-10, 1.5034e-10, 1.4578e-10, 1.5065e-10, 1.6954e-10,
         1.8940e-10, 2.0567e-10, 2.0842e-10, 1.9649e-10, 1.6602e-10, 1.3796e-10,
         1.1280e-10, 9.0842e-11, 7.2170e-11, 5.6652e-11, 4.4041e-11, 3.3951e-11,
         2.5974e-11, 1.9731e-11, 1.4885e-11, 1.1160e-11, 8.3224e-12, 6.1642e-12,
         4.5325e-12, 3.3067e-12, 2.3917e-12, 1.7147e-12, 1.2221e-12, 8.6293e-13,
         6.0318e-13, 4.1707e-13, 2.8500e-13, 1.9291e-13, 1.2966e-13, 8.6172e-14,
         5.6541e-14, 3.6606e-14, 2.3385e-14, 1.4866e-14, 9.2498e-15, 5.5812e-15,
         3.2047e-15, 1.7374e-15, 8.2989e-16, 3.1546e-16, 9.4960e-17, 2.9023e-17,
         8.3004e-18, 1.7937e-18]], dtype=torch.float64), 'xS8aer': tensor([[1.4571e-34, 3.1536e-34, 8.0441e-34, 2.5244e-33, 9.7724e-33, 4.1570e-32,
         1.9348e-31, 4.4643e-30, 1.6146e-27, 5.2792e-25, 1.9102e-22, 5.5959e-21,
         1.0173e-20, 2.3360e-21, 5.3409e-23, 2.2222e-25, 2.5785e-26, 6.8722e-27,
         3.3341e-27, 1.7679e-27, 9.6028e-28, 5.7633e-28, 3.5867e-28, 2.1876e-28,
         1.4555e-28, 1.0204e-28, 6.8376e-29, 4.9675e-29, 3.7759e-29, 2.7901e-29,
         2.6725e-29, 2.7903e-29, 2.9814e-29, 3.3693e-29, 3.8368e-29, 4.7331e-29,
         5.6182e-29, 6.3432e-29, 5.0101e-29, 2.3746e-29, 8.2732e-30, 5.8275e-30,
         4.2751e-30, 3.0663e-30, 2.1769e-30, 1.7881e-30, 1.2495e-30, 6.9536e-31,
         2.9242e-31, 5.9571e-32, 2.1747e-33, 1.0000e-40, 1.0000e-40, 1.0000e-40,
         1.0000e-40, 1.0000e-40, 1.0000e-40, 1.0000e-40, 1.0000e-40, 1.0000e-40,
         1.0000e-40, 1.0000e-40, 1.0000e-40, 1.0000e-40, 1.0000e-40, 1.0000e-40,
         1.0000e-40, 1.0000e-40, 1.0000e-40, 1.0000e-40, 1.0000e-40, 1.0000e-40,
         1.0000e-40, 1.0000e-40, 1.0000e-40, 1.0000e-40, 1.0000e-40, 1.0000e-40,
         1.0000e-40, 1.0000e-40]], dtype=torch.float64)}"
626400,222.775,9.04838e-08,"{'pres': tensor([[7.0013e+04, 5.7350e+04, 4.6977e+04, 3.8480e+04, 3.1520e+04, 2.5819e+04,
         2.1149e+04, 1.7324e+04, 1.4190e+04, 1.1624e+04, 9.5214e+03, 7.7993e+03,
         6.3886e+03, 5.2331e+03, 4.2866e+03, 3.5112e+03, 2.8762e+03, 2.3559e+03,
         1.9298e+03, 1.5808e+03, 1.2949e+03, 1.0607e+03, 8.6881e+02, 7.1167e+02,
         5.8295e+02, 4.7751e+02, 3.9114e+02, 3.2040e+02, 2.6245e+02, 2.1498e+02,
         1.7609e+02, 1.4424e+02, 1.1815e+02, 9.6783e+01, 7.9278e+01, 6.4939e+01,
         5.3193e+01, 4.3572e+01, 3.5691e+01, 2.9236e+01, 2.3948e+01, 1.9616e+01,
         1.6068e+01, 1.3162e+01, 1.0781e+01, 8.8313e+00, 7.2340e+00, 5.9256e+00,
         4.8538e+00, 3.9759e+00, 3.2568e+00, 2.6677e+00, 2.1852e+00, 1.7900e+00,
         1.4662e+00, 1.2010e+00, 9.8378e-01, 8.0585e-01, 6.6009e-01, 5.4070e-01,
         4.4290e-01, 3.6279e-01, 2.9717e-01, 2.4342e-01, 1.9940e-01, 1.6333e-01,
         1.3379e-01, 1.0959e-01, 8.9769e-02, 7.3532e-02, 6.0232e-02, 4.9338e-02,
         4.0414e-02, 3.3104e-02, 2.7117e-02, 2.2212e-02, 1.8195e-02, 1.4904e-02,
         1.2208e-02, 1.0000e-02]], dtype=torch.float64), 'temp': tensor([[205.4029, 201.2063, 197.0185, 192.7712, 188.4644, 183.9642, 179.2823,
         174.2482, 168.8843, 163.0643, 156.9305, 150.5831, 144.5319, 138.5919,
         133.4062, 131.1342, 129.7755, 128.6989, 127.7751, 126.9648, 126.2460,
         125.5849, 124.9726, 124.4166, 123.8973, 123.4062, 122.9573, 122.5371,
         122.1361, 121.7666, 121.4254, 121.0919, 120.7827, 120.4713, 120.1856,
         119.8141, 119.4625, 119.1601, 118.8335, 118.4932, 118.1500, 117.8182,
         117.4959, 117.1834, 116.8799, 116.5810, 116.2879, 116.0046, 115.7293,
         115.4624, 115.2037, 114.9528, 114.7022, 114.4614, 114.2198, 113.9869,
         113.7453, 113.5141, 113.2673, 113.0275, 112.7775, 112.5299, 112.2651,
         112.0136, 111.7313, 111.4703, 111.1746, 110.8974, 110.5900, 110.3076,
         110.0005, 109.7152, 109.4296, 109.1582, 108.9007, 108.6532, 108.4126,
         108.1994, 107.9810, 107.8432]], dtype=torch.float64), 'xCO2': tensor([[0.7142, 0.7474, 0.7733, 0.7694, 0.7424, 0.7036, 0.6494, 0.5758, 0.4798,
         0.3620, 0.2263, 0.1205, 0.0616, 0.0297, 0.0158, 0.0117, 0.0111, 0.0109,
         0.0112, 0.0116, 0.0122, 0.0128, 0.0135, 0.0142, 0.0150, 0.0158, 0.0168,
         0.0178, 0.0189, 0.0202, 0.0216, 0.0233, 0.0253, 0.0289, 0.0331, 0.0413,
         0.0494, 0.0560, 0.0633, 0.0708, 0.0775, 0.0848, 0.0928, 0.1017, 0.1114,
         0.1224, 0.1346, 0.1479, 0.1626, 0.1787, 0.1963, 0.2157, 0.2375, 0.2612,
         0.2870, 0.3150, 0.3452, 0.3778, 0.4138, 0.4523, 0.4930, 0.5359, 0.5807,
         0.6275, 0.6762, 0.7252, 0.7737, 0.8207, 0.8652, 0.9061, 0.9412, 0.9691,
         0.9885, 0.9970, 0.9946, 0.9817, 0.9581, 0.9234, 0.8811, 0.8336]],
       dtype=torch.float64), 'xH2O': tensor([[5.3076e-06, 3.4753e-06, 2.2031e-06, 1.3449e-06, 7.8467e-07, 4.3178e-07,
         2.2005e-07, 1.0105e-07, 4.0442e-08, 1.3808e-08, 3.9794e-09, 9.9403e-10,
         2.2449e-10, 4.6746e-11, 7.1905e-12, 6.7098e-13, 2.1524e-13, 1.4167e-13,
         1.4402e-13, 1.6126e-13, 1.9021e-13, 2.3991e-13, 3.1402e-13, 3.9220e-13,
         4.7825e-13, 6.0827e-13, 7.8591e-13, 1.0239e-12, 1.3441e-12, 1.7562e-12,
         2.2816e-12, 2.8843e-12, 3.4808e-12, 4.1207e-12, 4.7122e-12, 5.5136e-12,
         6.2633e-12, 6.8774e-12, 7.7034e-12, 8.7201e-12, 9.9179e-12, 1.1193e-11,
         1.2537e-11, 1.3945e-11, 1.5411e-11, 1.6920e-11, 1.8465e-11, 2.0052e-11,
         2.1677e-11, 2.3337e-11, 2.5026e-11, 2.6739e-11, 2.8415e-11, 3.0094e-11,
         3.1744e-11, 3.3363e-11, 3.4901e-11, 3.6440e-11, 3.7726e-11, 3.8971e-11,
         4.0106e-11, 4.1152e-11, 4.2055e-11, 4.3001e-11, 4.3560e-11, 4.4222e-11,
         4.4749e-11, 4.5378e-11, 4.5800e-11, 4.6479e-11, 4.7154e-11, 4.8219e-11,
         4.9657e-11, 5.1513e-11, 5.2387e-11, 4.8046e-11, 3.9911e-11, 3.2171e-11,
         2.6970e-11, 2.5036e-11]], dtype=torch.float64), 'xSO2': tensor([[4.3282e-02, 3.6349e-02, 3.0107e-02, 2.4386e-02, 1.8987e-02, 1.4137e-02,
         9.9839e-03, 6.5562e-03, 3.9044e-03, 2.0589e-03, 9.4485e-04, 3.8944e-04,
         1.4946e-04, 5.2598e-05, 2.0603e-05, 1.2614e-05, 1.0785e-05, 9.8485e-06,
         9.3727e-06, 9.1634e-06, 9.1571e-06, 9.2824e-06, 9.5244e-06, 9.9006e-06,
         1.0348e-05, 1.0836e-05, 1.1347e-05, 1.1894e-05, 1.2487e-05, 1.3113e-05,
         1.3778e-05, 1.4519e-05, 1.5417e-05, 1.7259e-05, 1.9531e-05, 2.4049e-05,
         2.8532e-05, 3.2205e-05, 3.5871e-05, 3.9467e-05, 4.2916e-05, 4.6713e-05,
         5.0858e-05, 5.5355e-05, 6.0209e-05, 6.5570e-05, 7.1362e-05, 7.7575e-05,
         8.4222e-05, 9.1317e-05, 9.8867e-05, 1.0694e-04, 1.1566e-04, 1.2480e-04,
         1.3435e-04, 1.4425e-04, 1.5445e-04, 1.6487e-04, 1.7562e-04, 1.8628e-04,
         1.9669e-04, 2.0663e-04, 2.1586e-04, 2.2413e-04, 2.3107e-04, 2.3629e-04,
         2.3949e-04, 2.4041e-04, 2.3877e-04, 2.3408e-04, 2.2660e-04, 2.1617e-04,
         2.0270e-04, 1.8509e-04, 1.6420e-04, 1.4077e-04, 1.1565e-04, 9.0264e-05,
         6.7652e-05, 5.0598e-05]], dtype=torch.float64), 'xH2SO4aer': tensor([[6.5766e-08, 7.4712e-08, 8.5991e-08, 9.9241e-08, 1.1560e-07, 1.3572e-07,
         1.6025e-07, 1.9065e-07, 2.2986e-07, 2.8734e-07, 4.1853e-07, 7.5541e-07,
         8.8522e-07, 2.1738e-07, 7.7585e-09, 4.2548e-10, 2.8877e-10, 2.6345e-10,
         2.5861e-10, 2.6088e-10, 2.6727e-10, 2.7487e-10, 2.8241e-10, 2.8880e-10,
         2.9251e-10, 2.9053e-10, 2.8067e-10, 2.6203e-10, 2.3771e-10, 2.1333e-10,
         1.9085e-10, 1.6898e-10, 1.4999e-10, 1.4563e-10, 1.5057e-10, 1.6949e-10,
         1.8937e-10, 2.0565e-10, 2.0841e-10, 1.9650e-10, 1.6604e-10, 1.3797e-10,
         1.1280e-10, 9.0850e-11, 7.2177e-11, 5.6659e-11, 4.4047e-11, 3.3956e-11,
         2.5978e-11, 1.9734e-11, 1.4888e-11, 1.1162e-11, 8.3243e-12, 6.1658e-12,
         4.5337e-12, 3.3077e-12, 2.3924e-12, 1.7152e-12, 1.2225e-12, 8.6322e-13,
         6.0339e-13, 4.1722e-13, 2.8510e-13, 1.9299e-13, 1.2971e-13, 8.6206e-14,
         5.6564e-14, 3.6621e-14, 2.3395e-14, 1.4873e-14, 9.2539e-15, 5.5836e-15,
         3.2060e-15, 1.7380e-15, 8.3013e-16, 3.1550e-16, 9.4957e-17, 2.9018e-17,
         8.2979e-18, 1.7930e-18]], dtype=torch.float64), 'xS8aer': tensor([[1.4572e-34, 3.1531e-34, 8.0410e-34, 2.5227e-33, 9.7632e-33, 4.1518e-32,
         1.9319e-31, 4.4609e-30, 1.6148e-27, 5.2843e-25, 1.9166e-22, 5.6028e-21,
         1.0165e-20, 2.3316e-21, 5.3219e-23, 2.2035e-25, 2.5562e-26, 6.8389e-27,
         3.3230e-27, 1.7623e-27, 9.5711e-28, 5.7430e-28, 3.5725e-28, 2.1779e-28,
         1.4496e-28, 1.0171e-28, 6.8073e-29, 4.9220e-29, 3.7240e-29, 2.7522e-29,
         2.6499e-29, 2.7768e-29, 2.9721e-29, 3.3608e-29, 3.8280e-29, 4.7228e-29,
         5.6063e-29, 6.3301e-29, 5.0042e-29, 2.3786e-29, 8.2984e-30, 5.8501e-30,
         4.2972e-30, 3.0868e-30, 2.1937e-30, 1.8006e-30, 1.2589e-30, 7.0276e-31,
         2.9705e-31, 6.1039e-32, 2.2569e-33, 1.0000e-40, 1.0000e-40, 1.0000e-40,
         1.0000e-40, 1.0000e-40, 1.0000e-40, 1.0000e-40, 1.0000e-40, 1.0000e-40,
         1.0000e-40, 1.0000e-40, 1.0000e-40, 1.0000e-40, 1.0000e-40, 1.0000e-40,
         1.0000e-40, 1.0000e-40, 1.0000e-40, 1.0000e-40, 1.0000e-40, 1.0000e-40,
         1.0000e-40, 1.0000e-40, 1.0000e-40, 1.0000e-40, 1.0000e-40, 1.0000e-40,
         1.0000e-40, 1.0000e-40]], dtype=torch.float64)}"
648000,222.768,2.36654e-08,"{'pres': tensor([[7.0013e+04, 5.7350e+04, 4.6977e+04, 3.8480e+04, 3.1520e+04, 2.5819e+04,
         2.1149e+04, 1.7324e+04, 1.4190e+04, 1.1624e+04, 9.5214e+03, 7.7993e+03,
         6.3886e+03, 5.2331e+03, 4.2866e+03, 3.5112e+03, 2.8762e+03, 2.3559e+03,
         1.9298e+03, 1.5808e+03, 1.2949e+03, 1.0607e+03, 8.6881e+02, 7.1167e+02,
         5.8295e+02, 4.7751e+02, 3.9114e+02, 3.2040e+02, 2.6245e+02, 2.1498e+02,
         1.7609e+02, 1.4424e+02, 1.1815e+02, 9.6783e+01, 7.9278e+01, 6.4939e+01,
         5.3193e+01, 4.3572e+01, 3.5691e+01, 2.9236e+01, 2.3948e+01, 1.9616e+01,
         1.6068e+01, 1.3162e+01, 1.0781e+01, 8.8313e+00, 7.2340e+00, 5.9256e+00,
         4.8538e+00, 3.9759e+00, 3.2568e+00, 2.6677e+00, 2.1852e+00, 1.7900e+00,
         1.4662e+00, 1.2010e+00, 9.8378e-01, 8.0585e-01, 6.6009e-01, 5.4070e-01,
         4.4290e-01, 3.6279e-01, 2.9717e-01, 2.4342e-01, 1.9940e-01, 1.6333e-01,
         1.3379e-01, 1.0959e-01, 8.9769e-02, 7.3532e-02, 6.0232e-02, 4.9338e-02,
         4.0414e-02, 3.3104e-02, 2.7117e-02, 2.2212e-02, 1.8195e-02, 1.4904e-02,
         1.2208e-02, 1.0000e-02]], dtype=torch.float64), 'temp': tensor([[205.4385, 201.2229, 197.0091, 192.7721, 188.4369, 183.9619, 179.2468,
         174.2413, 168.8449, 163.0499, 156.9035, 150.5805, 144.5173, 138.5846,
         133.4053, 131.1346, 129.7759, 128.6992, 127.7754, 126.9650, 126.2462,
         125.5851, 124.9729, 124.4169, 123.8975, 123.4065, 122.9576, 122.5374,
         122.1365, 121.7669, 121.4257, 121.0922, 120.7831, 120.4717, 120.1862,
         119.8151, 119.4637, 119.1611, 118.8342, 118.4939, 118.1508, 117.8191,
         117.4969, 117.1844, 116.8809, 116.5821, 116.2891, 116.0059, 115.7307,
         115.4638, 115.2051, 114.9542, 114.7037, 114.4629, 114.2213, 113.9885,
         113.7468, 113.5154, 113.2687, 113.0289, 112.7788, 112.5312, 112.2663,
         112.0147, 111.7324, 111.4715, 111.1756, 110.8985, 110.5910, 110.3086,
         110.0015, 109.7162, 109.4306, 109.1591, 108.9016, 108.6541, 108.4135,
         108.2004, 107.9818, 107.8441]], dtype=torch.float64), 'xCO2': tensor([[0.7142, 0.7474, 0.7733, 0.7694, 0.7424, 0.7036, 0.6494, 0.5757, 0.4795,
         0.3617, 0.2279, 0.1215, 0.0616, 0.0297, 0.0158, 0.0117, 0.0111, 0.0109,
         0.0112, 0.0116, 0.0122, 0.0128, 0.0135, 0.0142, 0.0150, 0.0158, 0.0168,
         0.0178, 0.0189, 0.0202, 0.0216, 0.0233, 0.0253, 0.0289, 0.0331, 0.0413,
         0.0494, 0.0560, 0.0633, 0.0708, 0.0775, 0.0848, 0.0928, 0.1017, 0.1114,
         0.1224, 0.1346, 0.1479, 0.1626, 0.1787, 0.1963, 0.2157, 0.2375, 0.2612,
         0.2870, 0.3150, 0.3452, 0.3778, 0.4139, 0.4523, 0.4930, 0.5359, 0.5807,
         0.6275, 0.6762, 0.7252, 0.7737, 0.8207, 0.8652, 0.9061, 0.9412, 0.9691,
         0.9885, 0.9970, 0.9946, 0.9817, 0.9581, 0.9234, 0.8811, 0.8336]],
       dtype=torch.float64), 'xH2O': tensor([[5.2517e-06, 3.4552e-06, 2.1982e-06, 1.3452e-06, 7.8819e-07, 4.3435e-07,
         2.2228e-07, 1.0204e-07, 4.1054e-08, 1.3943e-08, 4.0529e-09, 1.0112e-09,
         2.2437e-10, 4.6625e-11, 7.1508e-12, 6.6814e-13, 2.1475e-13, 1.4159e-13,
         1.4401e-13, 1.6127e-13, 1.9023e-13, 2.3994e-13, 3.1406e-13, 3.9226e-13,
         4.7831e-13, 6.0835e-13, 7.8600e-13, 1.0240e-12, 1.3443e-12, 1.7563e-12,
         2.2818e-12, 2.8846e-12, 3.4812e-12, 4.1213e-12, 4.7130e-12, 5.5147e-12,
         6.2647e-12, 6.8789e-12, 7.7050e-12, 8.7218e-12, 9.9200e-12, 1.1195e-11,
         1.2540e-11, 1.3948e-11, 1.5416e-11, 1.6926e-11, 1.8471e-11, 2.0059e-11,
         2.1685e-11, 2.3346e-11, 2.5036e-11, 2.6750e-11, 2.8427e-11, 3.0107e-11,
         3.1758e-11, 3.3378e-11, 3.4916e-11, 3.6456e-11, 3.7743e-11, 3.8989e-11,
         4.0124e-11, 4.1170e-11, 4.2073e-11, 4.3020e-11, 4.3579e-11, 4.4242e-11,
         4.4769e-11, 4.5398e-11, 4.5820e-11, 4.6500e-11, 4.7176e-11, 4.8241e-11,
         4.9680e-11, 5.1536e-11, 5.2407e-11, 4.8058e-11, 3.9918e-11, 3.2174e-11,
         2.6971e-11, 2.5036e-11]], dtype=torch.float64), 'xSO2': tensor([[4.3018e-02, 3.6232e-02, 3.0071e-02, 2.4389e-02, 1.9035e-02, 1.4188e-02,
         1.0042e-02, 6.5946e-03, 3.9345e-03, 2.0718e-03, 9.5675e-04, 3.9381e-04,
         1.4937e-04, 5.2508e-05, 2.0593e-05, 1.2615e-05, 1.0786e-05, 9.8494e-06,
         9.3734e-06, 9.1641e-06, 9.1577e-06, 9.2831e-06, 9.5251e-06, 9.9012e-06,
         1.0348e-05, 1.0835e-05, 1.1347e-05, 1.1893e-05, 1.2486e-05, 1.3112e-05,
         1.3777e-05, 1.4519e-05, 1.5416e-05, 1.7258e-05, 1.9530e-05, 2.4050e-05,
         2.8534e-05, 3.2207e-05, 3.5876e-05, 3.9475e-05, 4.2922e-05, 4.6715e-05,
         5.0857e-05, 5.5353e-05, 6.0207e-05, 6.5568e-05, 7.1361e-05, 7.7574e-05,
         8.4222e-05, 9.1318e-05, 9.8868e-05, 1.0695e-04, 1.1566e-04, 1.2480e-04,
         1.3435e-04, 1.4426e-04, 1.5445e-04, 1.6487e-04, 1.7562e-04, 1.8629e-04,
         1.9670e-04, 2.0663e-04, 2.1586e-04, 2.2414e-04, 2.3108e-04, 2.3630e-04,
         2.3949e-04, 2.4041e-04, 2.3878e-04, 2.3409e-04, 2.2660e-04, 2.1617e-04,
         2.0271e-04, 1.8510e-04, 1.6421e-04, 1.4077e-04, 1.1565e-04, 9.0267e-05,
         6.7653e-05, 5.0599e-05]], dtype=torch.float64), 'xH2SO4aer': tensor([[6.5768e-08, 7.4715e-08, 8.5994e-08, 9.9244e-08, 1.1561e-07, 1.3573e-07,
         1.6026e-07, 1.9065e-07, 2.2987e-07, 2.8735e-07, 4.1860e-07, 7.5560e-07,
         8.8509e-07, 2.1711e-07, 7.7430e-09, 4.2504e-10, 2.8869e-10, 2.6343e-10,
         2.5858e-10, 2.6087e-10, 2.6726e-10, 2.7485e-10, 2.8232e-10, 2.8848e-10,
         2.9157e-10, 2.8843e-10, 2.7724e-10, 2.5779e-10, 2.3376e-10, 2.1046e-10,
         1.8925e-10, 1.6828e-10, 1.4974e-10, 1.4553e-10, 1.5052e-10, 1.6947e-10,
         1.8936e-10, 2.0565e-10, 2.0842e-10, 1.9652e-10, 1.6605e-10, 1.3798e-10,
         1.1281e-10, 9.0858e-11, 7.2185e-11, 5.6666e-11, 4.4053e-11, 3.3961e-11,
         2.5982e-11, 1.9738e-11, 1.4891e-11, 1.1164e-11, 8.3262e-12, 6.1673e-12,
         4.5349e-12, 3.3086e-12, 2.3931e-12, 1.7157e-12, 1.2229e-12, 8.6350e-13,
         6.0360e-13, 4.1737e-13, 2.8521e-13, 1.9306e-13, 1.2976e-13, 8.6243e-14,
         5.6589e-14, 3.6638e-14, 2.3407e-14, 1.4880e-14, 9.2585e-15, 5.5864e-15,
         3.2075e-15, 1.7387e-15, 8.3035e-16, 3.1552e-16, 9.4947e-17, 2.9011e-17,
         8.2954e-18, 1.7923e-18]], dtype=torch.float64), 'xS8aer': tensor([[1.4572e-34, 3.1526e-34, 8.0379e-34, 2.5211e-33, 9.7541e-33, 4.1466e-32,
         1.9291e-31, 4.4575e-30, 1.6151e-27, 5.2894e-25, 1.9228e-22, 5.6058e-21,
         1.0158e-20, 2.3272e-21, 5.3029e-23, 2.1851e-25, 2.5345e-26, 6.8067e-27,
         3.3121e-27, 1.7569e-27, 9.5403e-28, 5.7233e-28, 3.5588e-28, 2.1687e-28,
         1.4441e-28, 1.0139e-28, 6.7743e-29, 4.8753e-29, 3.6746e-29, 2.7184e-29,
         2.6306e-29, 2.7651e-29, 2.9637e-29, 3.3529e-29, 3.8196e-29, 4.7126e-29,
         5.5943e-29, 6.3165e-29, 4.9975e-29, 2.3811e-29, 8.3081e-30, 5.8560e-30,
         4.3013e-30, 3.0881e-30, 2.1920e-30, 1.7940e-30, 1.2470e-30, 6.9111e-31,
         2.8770e-31, 5.7187e-32, 2.0098e-33, 1.0000e-40, 1.0000e-40, 1.0000e-40,
         1.0000e-40, 1.0000e-40, 1.0000e-40, 1.0000e-40, 1.0000e-40, 1.0000e-40,
         1.0000e-40, 1.0000e-40, 1.0000e-40, 1.0000e-40, 1.0000e-40, 1.0000e-40,
         1.0000e-40, 1.0000e-40, 1.0000e-40, 1.0000e-40, 1.0000e-40, 1.0000e-40,
         1.0000e-40, 1.0000e-40, 1.0000e-40, 1.0000e-40, 1.0000e-40, 1.0000e-40,
         1.0000e-40, 1.0000e-40]], dtype=torch.float64)}"
669600,222.765,2.85707e-08,"{'pres': tensor([[7.0013e+04, 5.7350e+04, 4.6977e+04, 3.8480e+04, 3.1520e+04, 2.5819e+04,
         2.1149e+04, 1.7324e+04, 1.4190e+04, 1.1624e+04, 9.5214e+03, 7.7993e+03,
         6.3886e+03, 5.2331e+03, 4.2866e+03, 3.5112e+03, 2.8762e+03, 2.3559e+03,
         1.9298e+03, 1.5808e+03, 1.2949e+03, 1.0607e+03, 8.6881e+02, 7.1167e+02,
         5.8295e+02, 4.7751e+02, 3.9114e+02, 3.2040e+02, 2.6245e+02, 2.1498e+02,
         1.7609e+02, 1.4424e+02, 1.1815e+02, 9.6783e+01, 7.9278e+01, 6.4939e+01,
         5.3193e+01, 4.3572e+01, 3.5691e+01, 2.9236e+01, 2.3948e+01, 1.9616e+01,
         1.6068e+01, 1.3162e+01, 1.0781e+01, 8.8313e+00, 7.2340e+00, 5.9256e+00,
         4.8538e+00, 3.9759e+00, 3.2568e+00, 2.6677e+00, 2.1852e+00, 1.7900e+00,
         1.4662e+00, 1.2010e+00, 9.8378e-01, 8.0585e-01, 6.6009e-01, 5.4070e-01,
         4.4290e-01, 3.6279e-01, 2.9717e-01, 2.4342e-01, 1.9940e-01, 1.6333e-01,
         1.3379e-01, 1.0959e-01, 8.9769e-02, 7.3532e-02, 6.0232e-02, 4.9338e-02,
         4.0414e-02, 3.3104e-02, 2.7117e-02, 2.2212e-02, 1.8195e-02, 1.4904e-02,
         1.2208e-02, 1.0000e-02]], dtype=torch.float64), 'temp': tensor([[205.4646, 201.2335, 197.0152, 192.7630, 188.4309, 183.9425, 179.2329,
         174.2159, 168.8250, 163.0271, 156.9010, 150.5529, 144.5027, 138.5773,
         133.4043, 131.1351, 129.7763, 128.6995, 127.7757, 126.9653, 126.2465,
         125.5854, 124.9731, 124.4171, 123.8978, 123.4068, 122.9579, 122.5377,
         122.1368, 121.7672, 121.4260, 121.0926, 120.7834, 120.4721, 120.1867,
         119.8160, 119.4649, 119.1621, 118.8350, 118.4947, 118.1516, 117.8200,
         117.4978, 117.1853, 116.8819, 116.5831, 116.2903, 116.0072, 115.7320,
         115.4651, 115.2064, 114.9555, 114.7051, 114.4644, 114.2227, 113.9899,
         113.7481, 113.5167, 113.2700, 113.0301, 112.7799, 112.5323, 112.2674,
         112.0157, 111.7334, 111.4725, 111.1765, 110.8994, 110.5918, 110.3095,
         110.0023, 109.7170, 109.4314, 109.1599, 108.9024, 108.6548, 108.4142,
         108.2012, 107.9824, 107.8448]], dtype=torch.float64), 'xCO2': tensor([[0.7142, 0.7474, 0.7733, 0.7694, 0.7424, 0.7036, 0.6494, 0.5755, 0.4793,
         0.3616, 0.2279, 0.1215, 0.0615, 0.0297, 0.0158, 0.0117, 0.0111, 0.0109,
         0.0112, 0.0116, 0.0122, 0.0128, 0.0135, 0.0142, 0.0150, 0.0158, 0.0168,
         0.0178, 0.0189, 0.0202, 0.0216, 0.0233, 0.0253, 0.0289, 0.0331, 0.0413,
         0.0494, 0.0560, 0.0633, 0.0708, 0.0775, 0.0848, 0.0928, 0.1017, 0.1114,
         0.1224, 0.1346, 0.1479, 0.1626, 0.1787, 0.1963, 0.2157, 0.2375, 0.2612,
         0.2870, 0.3150, 0.3452, 0.3778, 0.4139, 0.4523, 0.4930, 0.5359, 0.5807,
         0.6275, 0.6762, 0.7252, 0.7737, 0.8207, 0.8652, 0.9061, 0.9412, 0.9691,
         0.9885, 0.9970, 0.9946, 0.9817, 0.9581, 0.9234, 0.8811, 0.8336]],
       dtype=torch.float64), 'xH2O': tensor([[5.2787e-06, 3.4578e-06, 2.1963e-06, 1.3449e-06, 7.8677e-07, 4.3425e-07,
         2.2183e-07, 1.0205e-07, 4.0898e-08, 1.3920e-08, 4.0434e-09, 1.0110e-09,
         2.2370e-10, 4.6503e-11, 7.1120e-12, 6.6537e-13, 2.1428e-13, 1.4151e-13,
         1.4399e-13, 1.6128e-13, 1.9024e-13, 2.3997e-13, 3.1411e-13, 3.9231e-13,
         4.7837e-13, 6.0842e-13, 7.8608e-13, 1.0241e-12, 1.3444e-12, 1.7565e-12,
         2.2819e-12, 2.8849e-12, 3.4816e-12, 4.1218e-12, 4.7138e-12, 5.5158e-12,
         6.2660e-12, 6.8805e-12, 7.7066e-12, 8.7233e-12, 9.9221e-12, 1.1198e-11,
         1.2543e-11, 1.3952e-11, 1.5420e-11, 1.6930e-11, 1.8477e-11, 2.0066e-11,
         2.1693e-11, 2.3354e-11, 2.5045e-11, 2.6760e-11, 2.8438e-11, 3.0120e-11,
         3.1771e-11, 3.3392e-11, 3.4931e-11, 3.6470e-11, 3.7758e-11, 3.9004e-11,
         4.0139e-11, 4.1185e-11, 4.2089e-11, 4.3035e-11, 4.3595e-11, 4.4258e-11,
         4.4785e-11, 4.5415e-11, 4.5837e-11, 4.6517e-11, 4.7193e-11, 4.8259e-11,
         4.9698e-11, 5.1555e-11, 5.2424e-11, 4.8070e-11, 3.9924e-11, 3.2177e-11,
         2.6972e-11, 2.5036e-11]], dtype=torch.float64), 'xSO2': tensor([[4.3145e-02, 3.6244e-02, 3.0055e-02, 2.4386e-02, 1.9018e-02, 1.4188e-02,
         1.0034e-02, 6.5971e-03, 3.9317e-03, 2.0698e-03, 9.5535e-04, 3.9380e-04,
         1.4904e-04, 5.2417e-05, 2.0583e-05, 1.2617e-05, 1.0787e-05, 9.8502e-06,
         9.3741e-06, 9.1647e-06, 9.1584e-06, 9.2837e-06, 9.5258e-06, 9.9018e-06,
         1.0349e-05, 1.0835e-05, 1.1346e-05, 1.1893e-05, 1.2486e-05, 1.3112e-05,
         1.3776e-05, 1.4518e-05, 1.5415e-05, 1.7258e-05, 1.9530e-05, 2.4051e-05,
         2.8536e-05, 3.2210e-05, 3.5882e-05, 3.9484e-05, 4.2927e-05, 4.6718e-05,
         5.0857e-05, 5.5351e-05, 6.0204e-05, 6.5565e-05, 7.1359e-05, 7.7574e-05,
         8.4223e-05, 9.1319e-05, 9.8869e-05, 1.0695e-04, 1.1566e-04, 1.2481e-04,
         1.3435e-04, 1.4426e-04, 1.5445e-04, 1.6488e-04, 1.7563e-04, 1.8629e-04,
         1.9670e-04, 2.0664e-04, 2.1587e-04, 2.2415e-04, 2.3108e-04, 2.3631e-04,
         2.3950e-04, 2.4042e-04, 2.3879e-04, 2.3410e-04, 2.2661e-04, 2.1618e-04,
         2.0271e-04, 1.8510e-04, 1.6421e-04, 1.4078e-04, 1.1566e-04, 9.0269e-05,
         6.7655e-05, 5.0600e-05]], dtype=torch.float64), 'xH2SO4aer': tensor([[6.5770e-08, 7.4717e-08, 8.5997e-08, 9.9247e-08, 1.1561e-07, 1.3573e-07,
         1.6026e-07, 1.9066e-07, 2.2988e-07, 2.8736e-07, 4.1867e-07, 7.5579e-07,
         8.8496e-07, 2.1685e-07, 7.7274e-09, 4.2460e-10, 2.8862e-10, 2.6340e-10,
         2.5856e-10, 2.6086e-10, 2.6725e-10, 2.7483e-10, 2.8221e-10, 2.8810e-10,
         2.9049e-10, 2.8617e-10, 2.7372e-10, 2.5365e-10, 2.3009e-10, 2.0795e-10,
         1.8793e-10, 1.6773e-10, 1.4956e-10, 1.4546e-10, 1.5049e-10, 1.6945e-10,
         1.8935e-10, 2.0565e-10, 2.0843e-10, 1.9653e-10, 1.6606e-10, 1.3799e-10,
         1.1282e-10, 9.0866e-11, 7.2192e-11, 5.6672e-11, 4.4059e-11, 3.3966e-11,
         2.5987e-11, 1.9741e-11, 1.4894e-11, 1.1167e-11, 8.3281e-12, 6.1687e-12,
         4.5360e-12, 3.3094e-12, 2.3938e-12, 1.7162e-12, 1.2233e-12, 8.6378e-13,
         6.0380e-13, 4.1751e-13, 2.8531e-13, 1.9313e-13, 1.2981e-13, 8.6277e-14,
         5.6612e-14, 3.6653e-14, 2.3417e-14, 1.4887e-14, 9.2627e-15, 5.5889e-15,
         3.2089e-15, 1.7394e-15, 8.3060e-16, 3.1557e-16, 9.4948e-17, 2.9007e-17,
         8.2938e-18, 1.7919e-18]], dtype=torch.float64), 'xS8aer': tensor([[1.4573e-34, 3.1521e-34, 8.0348e-34, 2.5195e-33, 9.7450e-33, 4.1414e-32,
         1.9262e-31, 4.4541e-30, 1.6154e-27, 5.2944e-25, 1.9289e-22, 5.6119e-21,
         1.0150e-20, 2.3227e-21, 5.2840e-23, 2.1669e-25, 2.5133e-26, 6.7754e-27,
         3.3016e-27, 1.7516e-27, 9.5104e-28, 5.7041e-28, 3.5455e-28, 2.1599e-28,
         1.4388e-28, 1.0106e-28, 6.7391e-29, 4.8286e-29, 3.6284e-29, 2.6885e-29,
         2.6140e-29, 2.7548e-29, 2.9559e-29, 3.3453e-29, 3.8113e-29, 4.7027e-29,
         5.5828e-29, 6.3037e-29, 4.9913e-29, 2.3842e-29, 8.3239e-30, 5.8690e-30,
         4.3133e-30, 3.0993e-30, 2.1994e-30, 1.7968e-30, 1.2519e-30, 6.9630e-31,
         2.9265e-31, 5.9195e-32, 2.1226e-33, 1.0000e-40, 1.0000e-40, 1.0000e-40,
         1.0000e-40, 1.0000e-40, 1.0000e-40, 1.0000e-40, 1.0000e-40, 1.0000e-40,
         1.0000e-40, 1.0000e-40, 1.0000e-40, 1.0000e-40, 1.0000e-40, 1.0000e-40,
         1.0000e-40, 1.0000e-40, 1.0000e-40, 1.0000e-40, 1.0000e-40, 1.0000e-40,
         1.0000e-40, 1.0000e-40, 1.0000e-40, 1.0000e-40, 1.0000e-40, 1.0000e-40,
         1.0000e-40, 1.0000e-40]], dtype=torch.float64)}"
691200,222.767,7.87323e-08,"{'pres': tensor([[7.0013e+04, 5.7350e+04, 4.6977e+04, 3.8480e+04, 3.1520e+04, 2.5819e+04,
         2.1149e+04, 1.7324e+04, 1.4190e+04, 1.1624e+04, 9.5214e+03, 7.7993e+03,
         6.3886e+03, 5.2331e+03, 4.2866e+03, 3.5112e+03, 2.8762e+03, 2.3559e+03,
         1.9298e+03, 1.5808e+03, 1.2949e+03, 1.0607e+03, 8.6881e+02, 7.1167e+02,
         5.8295e+02, 4.7751e+02, 3.9114e+02, 3.2040e+02, 2.6245e+02, 2.1498e+02,
         1.7609e+02, 1.4424e+02, 1.1815e+02, 9.6783e+01, 7.9278e+01, 6.4939e+01,
         5.3193e+01, 4.3572e+01, 3.5691e+01, 2.9236e+01, 2.3948e+01, 1.9616e+01,
         1.6068e+01, 1.3162e+01, 1.0781e+01, 8.8313e+00, 7.2340e+00, 5.9256e+00,
         4.8538e+00, 3.9759e+00, 3.2568e+00, 2.6677e+00, 2.1852e+00, 1.7900e+00,
         1.4662e+00, 1.2010e+00, 9.8378e-01, 8.0585e-01, 6.6009e-01, 5.4070e-01,
         4.4290e-01, 3.6279e-01, 2.9717e-01, 2.4342e-01, 1.9940e-01, 1.6333e-01,
         1.3379e-01, 1.0959e-01, 8.9769e-02, 7.3532e-02, 6.0232e-02, 4.9338e-02,
         4.0414e-02, 3.3104e-02, 2.7117e-02, 2.2212e-02, 1.8195e-02, 1.4904e-02,
         1.2208e-02, 1.0000e-02]], dtype=torch.float64), 'temp': tensor([[205.4000, 201.2025, 197.0132, 192.7660, 188.4595, 183.9631, 179.2847,
         174.2571, 168.8979, 163.0829, 156.9521, 150.6083, 144.4881, 138.5700,
         133.4034, 131.1355, 129.7767, 128.6998, 127.7760, 126.9656, 126.2467,
         125.5856, 124.9734, 124.4174, 123.8980, 123.4071, 122.9581, 122.5379,
         122.1371, 121.7675, 121.4263, 121.0929, 120.7838, 120.4725, 120.1871,
         119.8170, 119.4661, 119.1630, 118.8358, 118.4954, 118.1524, 117.8208,
         117.4988, 117.1863, 116.8828, 116.5842, 116.2914, 116.0084, 115.7333,
         115.4664, 115.2077, 114.9568, 114.7064, 114.4658, 114.2241, 113.9912,
         113.7494, 113.5178, 113.2712, 113.0313, 112.7810, 112.5333, 112.2684,
         112.0166, 111.7343, 111.4734, 111.1773, 110.9002, 110.5926, 110.3102,
         110.0030, 109.7177, 109.4321, 109.1605, 108.9031, 108.6554, 108.4148,
         108.2020, 107.9831, 107.8455]], dtype=torch.float64), 'xCO2': tensor([[0.7142, 0.7474, 0.7733, 0.7694, 0.7424, 0.7035, 0.6493, 0.5754, 0.4791,
         0.3615, 0.2278, 0.1211, 0.0613, 0.0296, 0.0158, 0.0117, 0.0111, 0.0109,
         0.0112, 0.0116, 0.0122, 0.0128, 0.0135, 0.0142, 0.0150, 0.0158, 0.0168,
         0.0178, 0.0189, 0.0202, 0.0216, 0.0233, 0.0253, 0.0289, 0.0331, 0.0413,
         0.0494, 0.0560, 0.0633, 0.0708, 0.0775, 0.0848, 0.0928, 0.1017, 0.1114,
         0.1224, 0.1346, 0.1479, 0.1626, 0.1787, 0.1963, 0.2157, 0.2375, 0.2612,
         0.2870, 0.3150, 0.3452, 0.3778, 0.4139, 0.4523, 0.4930, 0.5359, 0.5807,
         0.6275, 0.6762, 0.7252, 0.7737, 0.8207, 0.8652, 0.9061, 0.9412, 0.9691,
         0.9885, 0.9970, 0.9946, 0.9817, 0.9581, 0.9234, 0.8811, 0.8336]],
       dtype=torch.float64), 'xH2O': tensor([[5.2985e-06, 3.4639e-06, 2.1971e-06, 1.3435e-06, 7.8564e-07, 4.3318e-07,
         2.2119e-07, 1.0163e-07, 4.0722e-08, 1.3856e-08, 4.0340e-09, 1.0058e-09,
         2.2266e-10, 4.6366e-11, 7.0736e-12, 6.6264e-13, 2.1381e-13, 1.4143e-13,
         1.4398e-13, 1.6128e-13, 1.9026e-13, 2.3999e-13, 3.1414e-13, 3.9236e-13,
         4.7842e-13, 6.0847e-13, 7.8615e-13, 1.0242e-12, 1.3445e-12, 1.7566e-12,
         2.2821e-12, 2.8852e-12, 3.4820e-12, 4.1224e-12, 4.7146e-12, 5.5168e-12,
         6.2672e-12, 6.8819e-12, 7.7081e-12, 8.7249e-12, 9.9241e-12, 1.1201e-11,
         1.2546e-11, 1.3956e-11, 1.5424e-11, 1.6935e-11, 1.8483e-11, 2.0073e-11,
         2.1701e-11, 2.3362e-11, 2.5054e-11, 2.6769e-11, 2.8449e-11, 3.0131e-11,
         3.1783e-11, 3.3405e-11, 3.4944e-11, 3.6483e-11, 3.7772e-11, 3.9018e-11,
         4.0153e-11, 4.1199e-11, 4.2103e-11, 4.3048e-11, 4.3608e-11, 4.4272e-11,
         4.4798e-11, 4.5428e-11, 4.5850e-11, 4.6530e-11, 4.7206e-11, 4.8273e-11,
         4.9712e-11, 5.1569e-11, 5.2440e-11, 4.8081e-11, 3.9931e-11, 3.2181e-11,
         2.6974e-11, 2.5038e-11]], dtype=torch.float64), 'xSO2': tensor([[4.3239e-02, 3.6279e-02, 3.0061e-02, 2.4371e-02, 1.9002e-02, 1.4166e-02,
         1.0017e-02, 6.5807e-03, 3.9217e-03, 2.0635e-03, 9.5391e-04, 3.9239e-04,
         1.4856e-04, 5.2317e-05, 2.0570e-05, 1.2617e-05, 1.0787e-05, 9.8507e-06,
         9.3745e-06, 9.1651e-06, 9.1587e-06, 9.2841e-06, 9.5262e-06, 9.9024e-06,
         1.0349e-05, 1.0835e-05, 1.1346e-05, 1.1892e-05, 1.2485e-05, 1.3111e-05,
         1.3776e-05, 1.4517e-05, 1.5414e-05, 1.7257e-05, 1.9531e-05, 2.4052e-05,
         2.8539e-05, 3.2213e-05, 3.5887e-05, 3.9491e-05, 4.2933e-05, 4.6720e-05,
         5.0857e-05, 5.5349e-05, 6.0202e-05, 6.5563e-05, 7.1358e-05, 7.7573e-05,
         8.4223e-05, 9.1320e-05, 9.8870e-05, 1.0695e-04, 1.1566e-04, 1.2481e-04,
         1.3436e-04, 1.4426e-04, 1.5446e-04, 1.6488e-04, 1.7563e-04, 1.8630e-04,
         1.9670e-04, 2.0664e-04, 2.1587e-04, 2.2415e-04, 2.3109e-04, 2.3631e-04,
         2.3951e-04, 2.4043e-04, 2.3879e-04, 2.3410e-04, 2.2662e-04, 2.1619e-04,
         2.0272e-04, 1.8511e-04, 1.6422e-04, 1.4078e-04, 1.1566e-04, 9.0270e-05,
         6.7656e-05, 5.0602e-05]], dtype=torch.float64), 'xH2SO4aer': tensor([[6.5773e-08, 7.4719e-08, 8.5999e-08, 9.9250e-08, 1.1561e-07, 1.3574e-07,
         1.6027e-07, 1.9066e-07, 2.2988e-07, 2.8738e-07, 4.1874e-07, 7.5598e-07,
         8.8482e-07, 2.1658e-07, 7.7117e-09, 4.2417e-10, 2.8855e-10, 2.6338e-10,
         2.5854e-10, 2.6085e-10, 2.6725e-10, 2.7480e-10, 2.8208e-10, 2.8765e-10,
         2.8930e-10, 2.8376e-10, 2.7014e-10, 2.4962e-10, 2.2671e-10, 2.0574e-10,
         1.8684e-10, 1.6731e-10, 1.4943e-10, 1.4542e-10, 1.5048e-10, 1.6945e-10,
         1.8936e-10, 2.0566e-10, 2.0844e-10, 1.9655e-10, 1.6608e-10, 1.3800e-10,
         1.1283e-10, 9.0873e-11, 7.2199e-11, 5.6679e-11, 4.4065e-11, 3.3971e-11,
         2.5991e-11, 1.9745e-11, 1.4897e-11, 1.1169e-11, 8.3299e-12, 6.1702e-12,
         4.5372e-12, 3.3103e-12, 2.3944e-12, 1.7167e-12, 1.2236e-12, 8.6403e-13,
         6.0397e-13, 4.1764e-13, 2.8540e-13, 1.9319e-13, 1.2985e-13, 8.6301e-14,
         5.6627e-14, 3.6663e-14, 2.3423e-14, 1.4891e-14, 9.2652e-15, 5.5905e-15,
         3.2099e-15, 1.7399e-15, 8.3083e-16, 3.1563e-16, 9.4952e-17, 2.9005e-17,
         8.2929e-18, 1.7917e-18]], dtype=torch.float64), 'xS8aer': tensor([[1.4574e-34, 3.1516e-34, 8.0317e-34, 2.5179e-33, 9.7359e-33, 4.1363e-32,
         1.9234e-31, 4.4508e-30, 1.6157e-27, 5.2994e-25, 1.9351e-22, 5.6190e-21,
         1.0143e-20, 2.3183e-21, 5.2650e-23, 2.1491e-25, 2.4927e-26, 6.7454e-27,
         3.2916e-27, 1.7467e-27, 9.4829e-28, 5.6868e-28, 3.5337e-28, 2.1523e-28,
         1.4346e-28, 1.0079e-28, 6.7075e-29, 4.7871e-29, 3.5896e-29, 2.6629e-29,
         2.5996e-29, 2.7457e-29, 2.9488e-29, 3.3390e-29, 3.8057e-29, 4.6976e-29,
         5.5782e-29, 6.2994e-29, 4.9927e-29, 2.3920e-29, 8.3779e-30, 5.9185e-30,
         4.3614e-30, 3.1446e-30, 2.2404e-30, 1.8268e-30, 1.2841e-30, 7.2085e-31,
         3.0637e-31, 6.0300e-32, 1.9970e-33, 1.0000e-40, 1.0000e-40, 1.0000e-40,
         1.0000e-40, 1.0000e-40, 1.0000e-40, 1.0000e-40, 1.0000e-40, 1.0000e-40,
         1.0000e-40, 1.0000e-40, 1.0000e-40, 1.0000e-40, 1.0000e-40, 1.0000e-40,
         1.0000e-40, 1.0000e-40, 1.0000e-40, 1.0000e-40, 1.0000e-40, 1.0000e-40,
         1.0000e-40, 1.0000e-40, 1.0000e-40, 1.0000e-40, 1.0000e-40, 1.0000e-40,
         1.0000e-40, 1.0000e-40]], dtype=torch.float64)}"
712800,222.761,2.37499e-08,"{'pres': tensor([[7.0013e+04, 5.7350e+04, 4.6977e+04, 3.8480e+04, 3.1520e+04, 2.5819e+04,
         2.1149e+04, 1.7324e+04, 1.4190e+04, 1.1624e+04, 9.5214e+03, 7.7993e+03,
         6.3886e+03, 5.2331e+03, 4.2866e+03, 3.5112e+03, 2.8762e+03, 2.3559e+03,
         1.9298e+03, 1.5808e+03, 1.2949e+03, 1.0607e+03, 8.6881e+02, 7.1167e+02,
         5.8295e+02, 4.7751e+02, 3.9114e+02, 3.2040e+02, 2.6245e+02, 2.1498e+02,
         1.7609e+02, 1.4424e+02, 1.1815e+02, 9.6783e+01, 7.9278e+01, 6.4939e+01,
         5.3193e+01, 4.3572e+01, 3.5691e+01, 2.9236e+01, 2.3948e+01, 1.9616e+01,
         1.6068e+01, 1.3162e+01, 1.0781e+01, 8.8313e+00, 7.2340e+00, 5.9256e+00,
         4.8538e+00, 3.9759e+00, 3.2568e+00, 2.6677e+00, 2.1852e+00, 1.7900e+00,
         1.4662e+00, 1.2010e+00, 9.8378e-01, 8.0585e-01, 6.6009e-01, 5.4070e-01,
         4.4290e-01, 3.6279e-01, 2.9717e-01, 2.4342e-01, 1.9940e-01, 1.6333e-01,
         1.3379e-01, 1.0959e-01, 8.9769e-02, 7.3532e-02, 6.0232e-02, 4.9338e-02,
         4.0414e-02, 3.3104e-02, 2.7117e-02, 2.2212e-02, 1.8195e-02, 1.4904e-02,
         1.2208e-02, 1.0000e-02]], dtype=torch.float64), 'temp': tensor([[205.4353, 201.2189, 197.0044, 192.7670, 188.4334, 183.9607, 179.2499,
         174.2490, 168.8581, 163.0676, 156.9251, 150.6029, 144.4736, 138.5628,
         133.4025, 131.1359, 129.7771, 128.7002, 127.7762, 126.9658, 126.2470,
         125.5859, 124.9737, 124.4177, 123.8983, 123.4074, 122.9584, 122.5382,
         122.1374, 121.7678, 121.4266, 121.0932, 120.7842, 120.4729, 120.1877,
         119.8179, 119.4672, 119.1640, 118.8365, 118.4962, 118.1532, 117.8217,
         117.4997, 117.1872, 116.8838, 116.5852, 116.2926, 116.0097, 115.7346,
         115.4677, 115.2090, 114.9581, 114.7078, 114.4672, 114.2255, 113.9926,
         113.7507, 113.5191, 113.2725, 113.0325, 112.7822, 112.5345, 112.2695,
         112.0177, 111.7353, 111.4745, 111.1782, 110.9012, 110.5935, 110.3112,
         110.0039, 109.7186, 109.4329, 109.1613, 108.9040, 108.6562, 108.4156,
         108.2028, 107.9838, 107.8463]], dtype=torch.float64), 'xCO2': tensor([[0.7142, 0.7474, 0.7733, 0.7694, 0.7424, 0.7035, 0.6493, 0.5753, 0.4789,
         0.3614, 0.2288, 0.1218, 0.0613, 0.0296, 0.0158, 0.0117, 0.0111, 0.0109,
         0.0112, 0.0116, 0.0122, 0.0128, 0.0135, 0.0142, 0.0150, 0.0158, 0.0168,
         0.0178, 0.0189, 0.0202, 0.0216, 0.0233, 0.0253, 0.0289, 0.0331, 0.0413,
         0.0494, 0.0560, 0.0633, 0.0708, 0.0775, 0.0848, 0.0928, 0.1017, 0.1114,
         0.1224, 0.1346, 0.1479, 0.1626, 0.1787, 0.1963, 0.2157, 0.2375, 0.2612,
         0.2870, 0.3150, 0.3452, 0.3778, 0.4139, 0.4523, 0.4930, 0.5359, 0.5807,
         0.6275, 0.6762, 0.7252, 0.7737, 0.8207, 0.8652, 0.9061, 0.9413, 0.9691,
         0.9885, 0.9970, 0.9946, 0.9817, 0.9581, 0.9234, 0.8811, 0.8336]],
       dtype=torch.float64), 'xH2O': tensor([[5.2495e-06, 3.4508e-06, 2.1953e-06, 1.3439e-06, 7.8797e-07, 4.3460e-07,
         2.2263e-07, 1.0231e-07, 4.1210e-08, 1.4004e-08, 4.0788e-09, 1.0170e-09,
         2.2235e-10, 4.6246e-11, 7.0361e-12, 6.5998e-13, 2.1335e-13, 1.4136e-13,
         1.4397e-13, 1.6128e-13, 1.9027e-13, 2.4002e-13, 3.1418e-13, 3.9241e-13,
         4.7848e-13, 6.0854e-13, 7.8623e-13, 1.0243e-12, 1.3446e-12, 1.7567e-12,
         2.2823e-12, 2.8855e-12, 3.4824e-12, 4.1229e-12, 4.7154e-12, 5.5179e-12,
         6.2686e-12, 6.8835e-12, 7.7098e-12, 8.7266e-12, 9.9262e-12, 1.1203e-11,
         1.2549e-11, 1.3959e-11, 1.5428e-11, 1.6940e-11, 1.8489e-11, 2.0080e-11,
         2.1709e-11, 2.3371e-11, 2.5064e-11, 2.6779e-11, 2.8460e-11, 3.0144e-11,
         3.1796e-11, 3.3419e-11, 3.4958e-11, 3.6497e-11, 3.7787e-11, 3.9034e-11,
         4.0169e-11, 4.1216e-11, 4.2119e-11, 4.3065e-11, 4.3625e-11, 4.4289e-11,
         4.4815e-11, 4.5446e-11, 4.5868e-11, 4.6549e-11, 4.7225e-11, 4.8293e-11,
         4.9733e-11, 5.1590e-11, 5.2458e-11, 4.8093e-11, 3.9939e-11, 3.2185e-11,
         2.6977e-11, 2.5040e-11]], dtype=torch.float64), 'xSO2': tensor([[4.3007e-02, 3.6204e-02, 3.0048e-02, 2.4376e-02, 1.9037e-02, 1.4195e-02,
         1.0057e-02, 6.6087e-03, 3.9485e-03, 2.0779e-03, 9.6099e-04, 3.9523e-04,
         1.4839e-04, 5.2228e-05, 2.0560e-05, 1.2618e-05, 1.0789e-05, 9.8515e-06,
         9.3753e-06, 9.1658e-06, 9.1594e-06, 9.2848e-06, 9.5269e-06, 9.9031e-06,
         1.0349e-05, 1.0834e-05, 1.1345e-05, 1.1892e-05, 1.2485e-05, 1.3111e-05,
         1.3775e-05, 1.4516e-05, 1.5414e-05, 1.7257e-05, 1.9531e-05, 2.4054e-05,
         2.8541e-05, 3.2217e-05, 3.5893e-05, 3.9500e-05, 4.2938e-05, 4.6723e-05,
         5.0858e-05, 5.5348e-05, 6.0200e-05, 6.5561e-05, 7.1357e-05, 7.7573e-05,
         8.4223e-05, 9.1321e-05, 9.8872e-05, 1.0695e-04, 1.1566e-04, 1.2481e-04,
         1.3436e-04, 1.4427e-04, 1.5446e-04, 1.6488e-04, 1.7563e-04, 1.8630e-04,
         1.9671e-04, 2.0665e-04, 2.1588e-04, 2.2416e-04, 2.3109e-04, 2.3632e-04,
         2.3951e-04, 2.4043e-04, 2.3880e-04, 2.3411e-04, 2.2662e-04, 2.1620e-04,
         2.0273e-04, 1.8512e-04, 1.6423e-04, 1.4079e-04, 1.1566e-04, 9.0273e-05,
         6.7658e-05, 5.0603e-05]], dtype=torch.float64), 'xH2SO4aer': tensor([[6.5775e-08, 7.4722e-08, 8.6002e-08, 9.9253e-08, 1.1562e-07, 1.3574e-07,
         1.6027e-07, 1.9067e-07, 2.2989e-07, 2.8739e-07, 4.1881e-07, 7.5617e-07,
         8.8468e-07, 2.1631e-07, 7.6961e-09, 4.2374e-10, 2.8848e-10, 2.6335e-10,
         2.5851e-10, 2.6084e-10, 2.6724e-10, 2.7476e-10, 2.8191e-10, 2.8713e-10,
         2.8796e-10, 2.8121e-10, 2.6652e-10, 2.4575e-10, 2.2362e-10, 2.0384e-10,
         1.8596e-10, 1.6699e-10, 1.4934e-10, 1.4540e-10, 1.5047e-10, 1.6945e-10,
         1.8937e-10, 2.0568e-10, 2.0846e-10, 1.9657e-10, 1.6609e-10, 1.3801e-10,
         1.1284e-10, 9.0882e-11, 7.2206e-11, 5.6685e-11, 4.4070e-11, 3.3976e-11,
         2.5995e-11, 1.9748e-11, 1.4900e-11, 1.1171e-11, 8.3317e-12, 6.1716e-12,
         4.5383e-12, 3.3111e-12, 2.3951e-12, 1.7171e-12, 1.2240e-12, 8.6429e-13,
         6.0416e-13, 4.1777e-13, 2.8550e-13, 1.9326e-13, 1.2990e-13, 8.6336e-14,
         5.6651e-14, 3.6679e-14, 2.3433e-14, 1.4898e-14, 9.2696e-15, 5.5931e-15,
         3.2113e-15, 1.7406e-15, 8.3107e-16, 3.1568e-16, 9.4955e-17, 2.9004e-17,
         8.2920e-18, 1.7914e-18]], dtype=torch.float64), 'xS8aer': tensor([[1.4574e-34, 3.1511e-34, 8.0286e-34, 2.5163e-33, 9.7268e-33, 4.1311e-32,
         1.9206e-31, 4.4474e-30, 1.6160e-27, 5.3044e-25, 1.9412e-22, 5.6228e-21,
         1.0135e-20, 2.3138e-21, 5.2461e-23, 2.1315e-25, 2.4726e-26, 6.7158e-27,
         3.2817e-27, 1.7418e-27, 9.4548e-28, 5.6687e-28, 3.5214e-28, 2.1443e-28,
         1.4299e-28, 1.0046e-28, 6.6689e-29, 4.7414e-29, 3.5491e-29, 2.6394e-29,
         2.5872e-29, 2.7376e-29, 2.9425e-29, 3.3331e-29, 3.7994e-29, 4.6887e-29,
         5.5664e-29, 6.2853e-29, 4.9845e-29, 2.3927e-29, 8.3779e-30, 5.9167e-30,
         4.3587e-30, 3.1414e-30, 2.2404e-30, 1.8185e-30, 1.2694e-30, 7.0480e-31,
         2.9434e-31, 5.6518e-32, 1.8263e-33, 1.0000e-40, 1.0000e-40, 1.0000e-40,
         1.0000e-40, 1.0000e-40, 1.0000e-40, 1.0000e-40, 1.0000e-40, 1.0000e-40,
         1.0000e-40, 1.0000e-40, 1.0000e-40, 1.0000e-40, 1.0000e-40, 1.0000e-40,
         1.0000e-40, 1.0000e-40, 1.0000e-40, 1.0000e-40, 1.0000e-40, 1.0000e-40,
         1.0000e-40, 1.0000e-40, 1.0000e-40, 1.0000e-40, 1.0000e-40, 1.0000e-40,
         1.0000e-40, 1.0000e-40]], dtype=torch.float64)}"
734400,222.76,2.8718e-08,"{'pres': tensor([[7.0013e+04, 5.7350e+04, 4.6977e+04, 3.8480e+04, 3.1520e+04, 2.5819e+04,
         2.1149e+04, 1.7324e+04, 1.4190e+04, 1.1624e+04, 9.5214e+03, 7.7993e+03,
         6.3886e+03, 5.2331e+03, 4.2866e+03, 3.5112e+03, 2.8762e+03, 2.3559e+03,
         1.9298e+03, 1.5808e+03, 1.2949e+03, 1.0607e+03, 8.6881e+02, 7.1167e+02,
         5.8295e+02, 4.7751e+02, 3.9114e+02, 3.2040e+02, 2.6245e+02, 2.1498e+02,
         1.7609e+02, 1.4424e+02, 1.1815e+02, 9.6783e+01, 7.9278e+01, 6.4939e+01,
         5.3193e+01, 4.3572e+01, 3.5691e+01, 2.9236e+01, 2.3948e+01, 1.9616e+01,
         1.6068e+01, 1.3162e+01, 1.0781e+01, 8.8313e+00, 7.2340e+00, 5.9256e+00,
         4.8538e+00, 3.9759e+00, 3.2568e+00, 2.6677e+00, 2.1852e+00, 1.7900e+00,
         1.4662e+00, 1.2010e+00, 9.8378e-01, 8.0585e-01, 6.6009e-01, 5.4070e-01,
         4.4290e-01, 3.6279e-01, 2.9717e-01, 2.4342e-01, 1.9940e-01, 1.6333e-01,
         1.3379e-01, 1.0959e-01, 8.9769e-02, 7.3532e-02, 6.0232e-02, 4.9338e-02,
         4.0414e-02, 3.3104e-02, 2.7117e-02, 2.2212e-02, 1.8195e-02, 1.4904e-02,
         1.2208e-02, 1.0000e-02]], dtype=torch.float64), 'temp': tensor([[205.4611, 201.2295, 197.0107, 192.7588, 188.4279, 183.9421, 179.2359,
         174.2233, 168.8371, 163.0437, 156.9190, 150.5751, 144.4591, 138.5556,
         133.4015, 131.1364, 129.7775, 128.7005, 127.7765, 126.9661, 126.2472,
         125.5861, 124.9739, 124.4179, 123.8986, 123.4076, 122.9587, 122.5385,
         122.1377, 121.7681, 121.4269, 121.0935, 120.7845, 120.4733, 120.1882,
         119.8188, 119.4684, 119.1650, 118.8373, 118.4969, 118.1540, 117.8226,
         117.5006, 117.1882, 116.8848, 116.5863, 116.2937, 116.0109, 115.7358,
         115.4690, 115.2103, 114.9594, 114.7091, 114.4685, 114.2268, 113.9939,
         113.7520, 113.5202, 113.2736, 113.0336, 112.7832, 112.5355, 112.2705,
         112.0186, 111.7361, 111.4753, 111.1790, 110.9020, 110.5942, 110.3119,
         110.0046, 109.7193, 109.4336, 109.1620, 108.9047, 108.6569, 108.4162,
         108.2036, 107.9844, 107.8470]], dtype=torch.float64), 'xCO2': tensor([[0.7142, 0.7474, 0.7733, 0.7694, 0.7424, 0.7035, 0.6492, 0.5752, 0.4786,
         0.3613, 0.2285, 0.1217, 0.0612, 0.0295, 0.0157, 0.0117, 0.0111, 0.0109,
         0.0112, 0.0116, 0.0122, 0.0128, 0.0135, 0.0142, 0.0150, 0.0158, 0.0168,
         0.0178, 0.0189, 0.0202, 0.0216, 0.0233, 0.0253, 0.0289, 0.0331, 0.0413,
         0.0494, 0.0560, 0.0633, 0.0708, 0.0775, 0.0848, 0.0928, 0.1017, 0.1114,
         0.1224, 0.1346, 0.1479, 0.1626, 0.1787, 0.1963, 0.2157, 0.2375, 0.2612,
         0.2870, 0.3150, 0.3452, 0.3778, 0.4139, 0.4523, 0.4930, 0.5359, 0.5807,
         0.6275, 0.6762, 0.7252, 0.7737, 0.8207, 0.8652, 0.9061, 0.9413, 0.9691,
         0.9885, 0.9970, 0.9946, 0.9817, 0.9581, 0.9234, 0.8811, 0.8336]],
       dtype=torch.float64), 'xH2O': tensor([[5.2762e-06, 3.4553e-06, 2.1943e-06, 1.3437e-06, 7.8630e-07, 4.3422e-07,
         2.2198e-07, 1.0222e-07, 4.1011e-08, 1.3975e-08, 4.0639e-09, 1.0153e-09,
         2.2161e-10, 4.6123e-11, 6.9994e-12, 6.5738e-13, 2.1290e-13, 1.4128e-13,
         1.4395e-13, 1.6129e-13, 1.9028e-13, 2.4004e-13, 3.1422e-13, 3.9246e-13,
         4.7853e-13, 6.0861e-13, 7.8630e-13, 1.0244e-12, 1.3447e-12, 1.7569e-12,
         2.2825e-12, 2.8858e-12, 3.4827e-12, 4.1235e-12, 4.7161e-12, 5.5189e-12,
         6.2699e-12, 6.8850e-12, 7.7113e-12, 8.7282e-12, 9.9282e-12, 1.1206e-11,
         1.2552e-11, 1.3963e-11, 1.5432e-11, 1.6945e-11, 1.8494e-11, 2.0087e-11,
         2.1716e-11, 2.3379e-11, 2.5073e-11, 2.6789e-11, 2.8471e-11, 3.0155e-11,
         3.1808e-11, 3.3432e-11, 3.4971e-11, 3.6510e-11, 3.7801e-11, 3.9048e-11,
         4.0183e-11, 4.1230e-11, 4.2134e-11, 4.3079e-11, 4.3639e-11, 4.4304e-11,
         4.4829e-11, 4.5461e-11, 4.5882e-11, 4.6564e-11, 4.7240e-11, 4.8308e-11,
         4.9749e-11, 5.1606e-11, 5.2474e-11, 4.8105e-11, 3.9946e-11, 3.2190e-11,
         2.6979e-11, 2.5042e-11]], dtype=torch.float64), 'xSO2': tensor([[4.3134e-02, 3.6228e-02, 3.0039e-02, 2.4374e-02, 1.9013e-02, 1.4188e-02,
         1.0039e-02, 6.6049e-03, 3.9396e-03, 2.0753e-03, 9.5866e-04, 3.9481e-04,
         1.4804e-04, 5.2137e-05, 2.0549e-05, 1.2619e-05, 1.0790e-05, 9.8523e-06,
         9.3759e-06, 9.1664e-06, 9.1600e-06, 9.2854e-06, 9.5276e-06, 9.9037e-06,
         1.0349e-05, 1.0834e-05, 1.1345e-05, 1.1891e-05, 1.2484e-05, 1.3110e-05,
         1.3774e-05, 1.4515e-05, 1.5413e-05, 1.7257e-05, 1.9531e-05, 2.4055e-05,
         2.8543e-05, 3.2220e-05, 3.5899e-05, 3.9508e-05, 4.2944e-05, 4.6726e-05,
         5.0858e-05, 5.5347e-05, 6.0198e-05, 6.5559e-05, 7.1356e-05, 7.7572e-05,
         8.4224e-05, 9.1322e-05, 9.8873e-05, 1.0695e-04, 1.1567e-04, 1.2481e-04,
         1.3436e-04, 1.4427e-04, 1.5446e-04, 1.6489e-04, 1.7564e-04, 1.8631e-04,
         1.9671e-04, 2.0666e-04, 2.1589e-04, 2.2416e-04, 2.3110e-04, 2.3632e-04,
         2.3952e-04, 2.4044e-04, 2.3881e-04, 2.3412e-04, 2.2663e-04, 2.1620e-04,
         2.0273e-04, 1.8512e-04, 1.6423e-04, 1.4079e-04, 1.1566e-04, 9.0275e-05,
         6.7659e-05, 5.0604e-05]], dtype=torch.float64), 'xH2SO4aer': tensor([[6.5777e-08, 7.4724e-08, 8.6005e-08, 9.9256e-08, 1.1562e-07, 1.3574e-07,
         1.6027e-07, 1.9067e-07, 2.2990e-07, 2.8740e-07, 4.1888e-07, 7.5637e-07,
         8.8454e-07, 2.1604e-07, 7.6805e-09, 4.2332e-10, 2.8841e-10, 2.6333e-10,
         2.5849e-10, 2.6084e-10, 2.6723e-10, 2.7471e-10, 2.8172e-10, 2.8653e-10,
         2.8649e-10, 2.7853e-10, 2.6290e-10, 2.4206e-10, 2.2081e-10, 2.0220e-10,
         1.8526e-10, 1.6675e-10, 1.4928e-10, 1.4538e-10, 1.5047e-10, 1.6946e-10,
         1.8938e-10, 2.0569e-10, 2.0848e-10, 1.9658e-10, 1.6610e-10, 1.3802e-10,
         1.1285e-10, 9.0889e-11, 7.2213e-11, 5.6692e-11, 4.4076e-11, 3.3981e-11,
         2.5999e-11, 1.9751e-11, 1.4902e-11, 1.1173e-11, 8.3334e-12, 6.1730e-12,
         4.5393e-12, 3.3120e-12, 2.3957e-12, 1.7176e-12, 1.2243e-12, 8.6455e-13,
         6.0435e-13, 4.1791e-13, 2.8559e-13, 1.9332e-13, 1.2994e-13, 8.6366e-14,
         5.6671e-14, 3.6693e-14, 2.3442e-14, 1.4903e-14, 9.2732e-15, 5.5953e-15,
         3.2126e-15, 1.7413e-15, 8.3133e-16, 3.1574e-16, 9.4963e-17, 2.9004e-17,
         8.2918e-18, 1.7913e-18]], dtype=torch.float64), 'xS8aer': tensor([[1.4575e-34, 3.1506e-34, 8.0255e-34, 2.5146e-33, 9.7177e-33, 4.1259e-32,
         1.9177e-31, 4.4441e-30, 1.6163e-27, 5.3093e-25, 1.9472e-22, 5.6289e-21,
         1.0128e-20, 2.3093e-21, 5.2273e-23, 2.1142e-25, 2.4530e-26, 6.6873e-27,
         3.2720e-27, 1.7370e-27, 9.4278e-28, 5.6514e-28, 3.5097e-28, 2.1369e-28,
         1.4256e-28, 1.0013e-28, 6.6305e-29, 4.6985e-29, 3.5129e-29, 2.6188e-29,
         2.5764e-29, 2.7303e-29, 2.9367e-29, 3.3271e-29, 3.7927e-29, 4.6805e-29,
         5.5566e-29, 6.2743e-29, 4.9794e-29, 2.3957e-29, 8.3943e-30, 5.9311e-30,
         4.3734e-30, 3.1559e-30, 2.2498e-30, 1.8277e-30, 1.2771e-30, 7.1056e-31,
         2.9803e-31, 5.8005e-32, 1.9115e-33, 1.0000e-40, 1.0000e-40, 1.0000e-40,
         1.0000e-40, 1.0000e-40, 1.0000e-40, 1.0000e-40, 1.0000e-40, 1.0000e-40,
         1.0000e-40, 1.0000e-40, 1.0000e-40, 1.0000e-40, 1.0000e-40, 1.0000e-40,
         1.0000e-40, 1.0000e-40, 1.0000e-40, 1.0000e-40, 1.0000e-40, 1.0000e-40,
         1.0000e-40, 1.0000e-40, 1.0000e-40, 1.0000e-40, 1.0000e-40, 1.0000e-40,
         1.0000e-40, 1.0000e-40]], dtype=torch.float64)}"
756000,222.763,7.41998e-08,"{'pres': tensor([[7.0013e+04, 5.7350e+04, 4.6977e+04, 3.8480e+04, 3.1520e+04, 2.5819e+04,
         2.1149e+04, 1.7324e+04, 1.4190e+04, 1.1624e+04, 9.5214e+03, 7.7993e+03,
         6.3886e+03, 5.2331e+03, 4.2866e+03, 3.5112e+03, 2.8762e+03, 2.3559e+03,
         1.9298e+03, 1.5808e+03, 1.2949e+03, 1.0607e+03, 8.6881e+02, 7.1167e+02,
         5.8295e+02, 4.7751e+02, 3.9114e+02, 3.2040e+02, 2.6245e+02, 2.1498e+02,
         1.7609e+02, 1.4424e+02, 1.1815e+02, 9.6783e+01, 7.9278e+01, 6.4939e+01,
         5.3193e+01, 4.3572e+01, 3.5691e+01, 2.9236e+01, 2.3948e+01, 1.9616e+01,
         1.6068e+01, 1.3162e+01, 1.0781e+01, 8.8313e+00, 7.2340e+00, 5.9256e+00,
         4.8538e+00, 3.9759e+00, 3.2568e+00, 2.6677e+00, 2.1852e+00, 1.7900e+00,
         1.4662e+00, 1.2010e+00, 9.8378e-01, 8.0585e-01, 6.6009e-01, 5.4070e-01,
         4.4290e-01, 3.6279e-01, 2.9717e-01, 2.4342e-01, 1.9940e-01, 1.6333e-01,
         1.3379e-01, 1.0959e-01, 8.9769e-02, 7.3532e-02, 6.0232e-02, 4.9338e-02,
         4.0414e-02, 3.3104e-02, 2.7117e-02, 2.2212e-02, 1.8195e-02, 1.4904e-02,
         1.2208e-02, 1.0000e-02]], dtype=torch.float64), 'temp': tensor([[205.4014, 201.2033, 197.0136, 192.7650, 188.4581, 183.9604, 179.2823,
         174.2549, 168.8973, 163.0840, 156.9551, 150.6122, 144.4447, 138.5485,
         133.4006, 131.1368, 129.7779, 128.7008, 127.7768, 126.9664, 126.2475,
         125.5864, 124.9742, 124.4182, 123.8988, 123.4079, 122.9590, 122.5388,
         122.1380, 121.7684, 121.4272, 121.0938, 120.7849, 120.4737, 120.1887,
         119.8198, 119.4696, 119.1659, 118.8380, 118.4976, 118.1548, 117.8235,
         117.5015, 117.1891, 116.8857, 116.5873, 116.2948, 116.0121, 115.7370,
         115.4702, 115.2115, 114.9606, 114.7104, 114.4698, 114.2280, 113.9952,
         113.7531, 113.5213, 113.2747, 113.0347, 112.7842, 112.5364, 112.2714,
         112.0194, 111.7369, 111.4761, 111.1797, 110.9027, 110.5949, 110.3126,
         110.0052, 109.7199, 109.4343, 109.1626, 108.9053, 108.6575, 108.4168,
         108.2043, 107.9849, 107.8476]], dtype=torch.float64), 'xCO2': tensor([[0.7142, 0.7474, 0.7733, 0.7694, 0.7424, 0.7035, 0.6492, 0.5751, 0.4784,
         0.3613, 0.2284, 0.1214, 0.0610, 0.0295, 0.0157, 0.0117, 0.0111, 0.0109,
         0.0112, 0.0116, 0.0122, 0.0128, 0.0135, 0.0142, 0.0150, 0.0158, 0.0168,
         0.0178, 0.0189, 0.0202, 0.0216, 0.0233, 0.0253, 0.0289, 0.0331, 0.0413,
         0.0494, 0.0560, 0.0633, 0.0708, 0.0775, 0.0848, 0.0928, 0.1017, 0.1114,
         0.1224, 0.1346, 0.1479, 0.1626, 0.1787, 0.1963, 0.2157, 0.2375, 0.2612,
         0.2870, 0.3150, 0.3452, 0.3778, 0.4139, 0.4523, 0.4930, 0.5359, 0.5807,
         0.6275, 0.6762, 0.7252, 0.7737, 0.8207, 0.8652, 0.9061, 0.9413, 0.9691,
         0.9885, 0.9970, 0.9946, 0.9817, 0.9581, 0.9234, 0.8811, 0.8336]],
       dtype=torch.float64), 'xH2O': tensor([[5.2959e-06, 3.4618e-06, 2.1955e-06, 1.3425e-06, 7.8523e-07, 4.3314e-07,
         2.2132e-07, 1.0178e-07, 4.0826e-08, 1.3907e-08, 4.0521e-09, 1.0098e-09,
         2.2061e-10, 4.5998e-11, 6.9633e-12, 6.5484e-13, 2.1246e-13, 1.4121e-13,
         1.4394e-13, 1.6129e-13, 1.9030e-13, 2.4006e-13, 3.1426e-13, 3.9251e-13,
         4.7859e-13, 6.0867e-13, 7.8638e-13, 1.0245e-12, 1.3448e-12, 1.7570e-12,
         2.2826e-12, 2.8860e-12, 3.4831e-12, 4.1240e-12, 4.7169e-12, 5.5199e-12,
         6.2711e-12, 6.8864e-12, 7.7128e-12, 8.7297e-12, 9.9302e-12, 1.1208e-11,
         1.2556e-11, 1.3967e-11, 1.5436e-11, 1.6950e-11, 1.8500e-11, 2.0093e-11,
         2.1723e-11, 2.3387e-11, 2.5081e-11, 2.6798e-11, 2.8481e-11, 3.0166e-11,
         3.1820e-11, 3.3444e-11, 3.4984e-11, 3.6522e-11, 3.7814e-11, 3.9061e-11,
         4.0196e-11, 4.1243e-11, 4.2147e-11, 4.3092e-11, 4.3652e-11, 4.4317e-11,
         4.4842e-11, 4.5474e-11, 4.5895e-11, 4.6578e-11, 4.7254e-11, 4.8323e-11,
         4.9764e-11, 5.1621e-11, 5.2488e-11, 4.8116e-11, 3.9954e-11, 3.2195e-11,
         2.6983e-11, 2.5045e-11]], dtype=torch.float64), 'xSO2': tensor([[4.3226e-02, 3.6266e-02, 3.0048e-02, 2.4360e-02, 1.8997e-02, 1.4166e-02,
         1.0021e-02, 6.5871e-03, 3.9284e-03, 2.0687e-03, 9.5682e-04, 3.9333e-04,
         1.4758e-04, 5.2045e-05, 2.0539e-05, 1.2620e-05, 1.0791e-05, 9.8531e-06,
         9.3766e-06, 9.1671e-06, 9.1606e-06, 9.2860e-06, 9.5283e-06, 9.9043e-06,
         1.0349e-05, 1.0834e-05, 1.1344e-05, 1.1890e-05, 1.2484e-05, 1.3110e-05,
         1.3774e-05, 1.4515e-05, 1.5412e-05, 1.7257e-05, 1.9531e-05, 2.4056e-05,
         2.8546e-05, 3.2223e-05, 3.5905e-05, 3.9516e-05, 4.2950e-05, 4.6729e-05,
         5.0859e-05, 5.5346e-05, 6.0196e-05, 6.5558e-05, 7.1354e-05, 7.7572e-05,
         8.4224e-05, 9.1322e-05, 9.8874e-05, 1.0695e-04, 1.1567e-04, 1.2481e-04,
         1.3436e-04, 1.4427e-04, 1.5447e-04, 1.6489e-04, 1.7564e-04, 1.8631e-04,
         1.9672e-04, 2.0666e-04, 2.1589e-04, 2.2417e-04, 2.3111e-04, 2.3633e-04,
         2.3953e-04, 2.4045e-04, 2.3881e-04, 2.3412e-04, 2.2664e-04, 2.1621e-04,
         2.0274e-04, 1.8513e-04, 1.6424e-04, 1.4080e-04, 1.1567e-04, 9.0278e-05,
         6.7661e-05, 5.0606e-05]], dtype=torch.float64), 'xH2SO4aer': tensor([[6.5779e-08, 7.4727e-08, 8.6008e-08, 9.9259e-08, 1.1562e-07, 1.3575e-07,
         1.6028e-07, 1.9068e-07, 2.2990e-07, 2.8741e-07, 4.1895e-07, 7.5657e-07,
         8.8440e-07, 2.1577e-07, 7.6649e-09, 4.2290e-10, 2.8835e-10, 2.6330e-10,
         2.5847e-10, 2.6083e-10, 2.6722e-10, 2.7466e-10, 2.8149e-10, 2.8584e-10,
         2.8489e-10, 2.7575e-10, 2.5930e-10, 2.3856e-10, 2.1829e-10, 2.0081e-10,
         1.8469e-10, 1.6657e-10, 1.4924e-10, 1.4538e-10, 1.5048e-10, 1.6948e-10,
         1.8940e-10, 2.0571e-10, 2.0850e-10, 1.9660e-10, 1.6612e-10, 1.3803e-10,
         1.1286e-10, 9.0897e-11, 7.2220e-11, 5.6698e-11, 4.4082e-11, 3.3986e-11,
         2.6003e-11, 1.9755e-11, 1.4905e-11, 1.1175e-11, 8.3351e-12, 6.1743e-12,
         4.5404e-12, 3.3128e-12, 2.3963e-12, 1.7181e-12, 1.2246e-12, 8.6479e-13,
         6.0452e-13, 4.1803e-13, 2.8567e-13, 1.9338e-13, 1.2998e-13, 8.6394e-14,
         5.6690e-14, 3.6705e-14, 2.3450e-14, 1.4909e-14, 9.2765e-15, 5.5974e-15,
         3.2137e-15, 1.7419e-15, 8.3158e-16, 3.1581e-16, 9.4976e-17, 2.9005e-17,
         8.2919e-18, 1.7913e-18]], dtype=torch.float64), 'xS8aer': tensor([[1.4576e-34, 3.1501e-34, 8.0225e-34, 2.5130e-33, 9.7086e-33, 4.1208e-32,
         1.9149e-31, 4.4408e-30, 1.6167e-27, 5.3143e-25, 1.9533e-22, 5.6358e-21,
         1.0120e-20, 2.3048e-21, 5.2084e-23, 2.0972e-25, 2.4339e-26, 6.6596e-27,
         3.2627e-27, 1.7324e-27, 9.4017e-28, 5.6347e-28, 3.4985e-28, 2.1299e-28,
         1.4215e-28, 9.9793e-29, 6.5920e-29, 4.6575e-29, 3.4800e-29, 2.6008e-29,
         2.5669e-29, 2.7237e-29, 2.9310e-29, 3.3211e-29, 3.7860e-29, 4.6724e-29,
         5.5473e-29, 6.2639e-29, 4.9749e-29, 2.3991e-29, 8.4141e-30, 5.9497e-30,
         4.3928e-30, 3.1753e-30, 2.2660e-30, 1.8443e-30, 1.2928e-30, 7.2326e-31,
         3.0505e-31, 6.0190e-32, 2.0306e-33, 1.0000e-40, 1.0000e-40, 1.0000e-40,
         1.0000e-40, 1.0000e-40, 1.0000e-40, 1.0000e-40, 1.0000e-40, 1.0000e-40,
         1.0000e-40, 1.0000e-40, 1.0000e-40, 1.0000e-40, 1.0000e-40, 1.0000e-40,
         1.0000e-40, 1.0000e-40, 1.0000e-40, 1.0000e-40, 1.0000e-40, 1.0000e-40,
         1.0000e-40, 1.0000e-40, 1.0000e-40, 1.0000e-40, 1.0000e-40, 1.0000e-40,
         1.0000e-40, 1.0000e-40]], dtype=torch.float64)}"
777600,222.758,2.39799e-08,"{'pres': tensor([[7.0013e+04, 5.7350e+04, 4.6977e+04, 3.8480e+04, 3.1520e+04, 2.5819e+04,
         2.1149e+04, 1.7324e+04, 1.4190e+04, 1.1624e+04, 9.5214e+03, 7.7993e+03,
         6.3886e+03, 5.2331e+03, 4.2866e+03, 3.5112e+03, 2.8762e+03, 2.3559e+03,
         1.9298e+03, 1.5808e+03, 1.2949e+03, 1.0607e+03, 8.6881e+02, 7.1167e+02,
         5.8295e+02, 4.7751e+02, 3.9114e+02, 3.2040e+02, 2.6245e+02, 2.1498e+02,
         1.7609e+02, 1.4424e+02, 1.1815e+02, 9.6783e+01, 7.9278e+01, 6.4939e+01,
         5.3193e+01, 4.3572e+01, 3.5691e+01, 2.9236e+01, 2.3948e+01, 1.9616e+01,
         1.6068e+01, 1.3162e+01, 1.0781e+01, 8.8313e+00, 7.2340e+00, 5.9256e+00,
         4.8538e+00, 3.9759e+00, 3.2568e+00, 2.6677e+00, 2.1852e+00, 1.7900e+00,
         1.4662e+00, 1.2010e+00, 9.8378e-01, 8.0585e-01, 6.6009e-01, 5.4070e-01,
         4.4290e-01, 3.6279e-01, 2.9717e-01, 2.4342e-01, 1.9940e-01, 1.6333e-01,
         1.3379e-01, 1.0959e-01, 8.9769e-02, 7.3532e-02, 6.0232e-02, 4.9338e-02,
         4.0414e-02, 3.3104e-02, 2.7117e-02, 2.2212e-02, 1.8195e-02, 1.4904e-02,
         1.2208e-02, 1.0000e-02]], dtype=torch.float64), 'temp': tensor([[205.4364, 201.2197, 197.0044, 192.7664, 188.4318, 183.9587, 179.2478,
         174.2472, 168.8576, 163.0689, 156.9277, 150.6055, 144.4303, 138.5413,
         133.3997, 131.1372, 129.7783, 128.7011, 127.7771, 126.9666, 126.2477,
         125.5866, 124.9744, 124.4184, 123.8991, 123.4082, 122.9593, 122.5391,
         122.1383, 121.7687, 121.4275, 121.0941, 120.7852, 120.4742, 120.1892,
         119.8207, 119.4707, 119.1669, 118.8388, 118.4983, 118.1556, 117.8244,
         117.5024, 117.1900, 116.8867, 116.5883, 116.2960, 116.0133, 115.7383,
         115.4715, 115.2127, 114.9618, 114.7117, 114.4711, 114.2293, 113.9964,
         113.7544, 113.5224, 113.2759, 113.0358, 112.7852, 112.5374, 112.2724,
         112.0203, 111.7378, 111.4771, 111.1805, 110.9036, 110.5957, 110.3134,
         110.0060, 109.7207, 109.4350, 109.1633, 108.9061, 108.6582, 108.4174,
         108.2050, 107.9856, 107.8483]], dtype=torch.float64), 'xCO2': tensor([[0.7142, 0.7474, 0.7733, 0.7694, 0.7424, 0.7035, 0.6491, 0.5749, 0.4783,
         0.3612, 0.2290, 0.1218, 0.0610, 0.0295, 0.0157, 0.0117, 0.0111, 0.0109,
         0.0112, 0.0116, 0.0122, 0.0128, 0.0135, 0.0142, 0.0150, 0.0158, 0.0168,
         0.0178, 0.0189, 0.0202, 0.0216, 0.0233, 0.0253, 0.0289, 0.0331, 0.0413,
         0.0494, 0.0560, 0.0633, 0.0708, 0.0775, 0.0848, 0.0928, 0.1017, 0.1114,
         0.1224, 0.1346, 0.1479, 0.1626, 0.1787, 0.1963, 0.2157, 0.2375, 0.2612,
         0.2870, 0.3150, 0.3452, 0.3778, 0.4139, 0.4523, 0.4931, 0.5359, 0.5807,
         0.6275, 0.6762, 0.7252, 0.7737, 0.8207, 0.8652, 0.9061, 0.9413, 0.9691,
         0.9885, 0.9970, 0.9946, 0.9817, 0.9581, 0.9234, 0.8811, 0.8336]],
       dtype=torch.float64), 'xH2O': tensor([[5.2505e-06, 3.4507e-06, 2.1950e-06, 1.3435e-06, 7.8773e-07, 4.3444e-07,
         2.2257e-07, 1.0230e-07, 4.1222e-08, 1.4014e-08, 4.0832e-09, 1.0171e-09,
         2.2016e-10, 4.5880e-11, 6.9280e-12, 6.5236e-13, 2.1203e-13, 1.4113e-13,
         1.4392e-13, 1.6130e-13, 1.9031e-13, 2.4009e-13, 3.1430e-13, 3.9256e-13,
         4.7864e-13, 6.0874e-13, 7.8646e-13, 1.0246e-12, 1.3449e-12, 1.7571e-12,
         2.2828e-12, 2.8863e-12, 3.4835e-12, 4.1246e-12, 4.7177e-12, 5.5210e-12,
         6.2724e-12, 6.8880e-12, 7.7144e-12, 8.7313e-12, 9.9323e-12, 1.1211e-11,
         1.2559e-11, 1.3970e-11, 1.5440e-11, 1.6955e-11, 1.8506e-11, 2.0100e-11,
         2.1731e-11, 2.3395e-11, 2.5090e-11, 2.6807e-11, 2.8492e-11, 3.0177e-11,
         3.1832e-11, 3.3456e-11, 3.4997e-11, 3.6535e-11, 3.7827e-11, 3.9075e-11,
         4.0210e-11, 4.1257e-11, 4.2161e-11, 4.3106e-11, 4.3667e-11, 4.4332e-11,
         4.4857e-11, 4.5490e-11, 4.5911e-11, 4.6595e-11, 4.7271e-11, 4.8340e-11,
         4.9782e-11, 5.1640e-11, 5.2504e-11, 4.8127e-11, 3.9961e-11, 3.2200e-11,
         2.6986e-11, 2.5048e-11]], dtype=torch.float64), 'xSO2': tensor([[4.3012e-02, 3.6203e-02, 3.0045e-02, 2.4372e-02, 1.9033e-02, 1.4192e-02,
         1.0056e-02, 6.6087e-03, 3.9520e-03, 2.0789e-03, 9.6171e-04, 3.9518e-04,
         1.4735e-04, 5.1958e-05, 2.0529e-05, 1.2622e-05, 1.0792e-05, 9.8540e-06,
         9.3774e-06, 9.1678e-06, 9.1613e-06, 9.2867e-06, 9.5290e-06, 9.9050e-06,
         1.0350e-05, 1.0834e-05, 1.1344e-05, 1.1890e-05, 1.2483e-05, 1.3109e-05,
         1.3773e-05, 1.4514e-05, 1.5412e-05, 1.7257e-05, 1.9532e-05, 2.4058e-05,
         2.8548e-05, 3.2227e-05, 3.5911e-05, 3.9525e-05, 4.2955e-05, 4.6732e-05,
         5.0859e-05, 5.5345e-05, 6.0194e-05, 6.5556e-05, 7.1353e-05, 7.7571e-05,
         8.4224e-05, 9.1323e-05, 9.8876e-05, 1.0696e-04, 1.1567e-04, 1.2482e-04,
         1.3437e-04, 1.4427e-04, 1.5447e-04, 1.6489e-04, 1.7565e-04, 1.8631e-04,
         1.9672e-04, 2.0667e-04, 2.1590e-04, 2.2417e-04, 2.3111e-04, 2.3634e-04,
         2.3953e-04, 2.4045e-04, 2.3882e-04, 2.3413e-04, 2.2664e-04, 2.1622e-04,
         2.0275e-04, 1.8513e-04, 1.6424e-04, 1.4080e-04, 1.1567e-04, 9.0280e-05,
         6.7663e-05, 5.0607e-05]], dtype=torch.float64), 'xH2SO4aer': tensor([[6.5782e-08, 7.4729e-08, 8.6010e-08, 9.9263e-08, 1.1563e-07, 1.3575e-07,
         1.6028e-07, 1.9068e-07, 2.2991e-07, 2.8743e-07, 4.1902e-07, 7.5677e-07,
         8.8426e-07, 2.1549e-07, 7.6492e-09, 4.2249e-10, 2.8828e-10, 2.6328e-10,
         2.5845e-10, 2.6083e-10, 2.6721e-10, 2.7459e-10, 2.8122e-10, 2.8506e-10,
         2.8316e-10, 2.7288e-10, 2.5575e-10, 2.3527e-10, 2.1604e-10, 1.9963e-10,
         1.8425e-10, 1.6644e-10, 1.4921e-10, 1.4538e-10, 1.5049e-10, 1.6949e-10,
         1.8941e-10, 2.0573e-10, 2.0852e-10, 1.9662e-10, 1.6613e-10, 1.3805e-10,
         1.1287e-10, 9.0905e-11, 7.2227e-11, 5.6704e-11, 4.4087e-11, 3.3990e-11,
         2.6007e-11, 1.9758e-11, 1.4908e-11, 1.1177e-11, 8.3368e-12, 6.1757e-12,
         4.5414e-12, 3.3135e-12, 2.3969e-12, 1.7185e-12, 1.2250e-12, 8.6503e-13,
         6.0470e-13, 4.1815e-13, 2.8576e-13, 1.9344e-13, 1.3002e-13, 8.6425e-14,
         5.6711e-14, 3.6719e-14, 2.3460e-14, 1.4915e-14, 9.2805e-15, 5.5997e-15,
         3.2150e-15, 1.7425e-15, 8.3181e-16, 3.1587e-16, 9.4985e-17, 2.9006e-17,
         8.2919e-18, 1.7912e-18]], dtype=torch.float64), 'xS8aer': tensor([[1.4576e-34, 3.1496e-34, 8.0194e-34, 2.5114e-33, 9.6996e-33, 4.1156e-32,
         1.9121e-31, 4.4375e-30, 1.6170e-27, 5.3194e-25, 1.9593e-22, 5.6402e-21,
         1.0113e-20, 2.3003e-21, 5.1896e-23, 2.0805e-25, 2.4153e-26, 6.6326e-27,
         3.2536e-27, 1.7279e-27, 9.3760e-28, 5.6182e-28, 3.4874e-28, 2.1231e-28,
         1.4173e-28, 9.9437e-29, 6.5519e-29, 4.6172e-29, 3.4487e-29, 2.5845e-29,
         2.5585e-29, 2.7176e-29, 2.9256e-29, 3.3152e-29, 3.7792e-29, 4.6635e-29,
         5.5363e-29, 6.2512e-29, 4.9679e-29, 2.4003e-29, 8.4157e-30, 5.9500e-30,
         4.3938e-30, 3.1771e-30, 2.2707e-30, 1.8401e-30, 1.2863e-30, 7.1964e-31,
         3.0467e-31, 6.0098e-32, 2.0344e-33, 1.0000e-40, 1.0000e-40, 1.0000e-40,
         1.0000e-40, 1.0000e-40, 1.0000e-40, 1.0000e-40, 1.0000e-40, 1.0000e-40,
         1.0000e-40, 1.0000e-40, 1.0000e-40, 1.0000e-40, 1.0000e-40, 1.0000e-40,
         1.0000e-40, 1.0000e-40, 1.0000e-40, 1.0000e-40, 1.0000e-40, 1.0000e-40,
         1.0000e-40, 1.0000e-40, 1.0000e-40, 1.0000e-40, 1.0000e-40, 1.0000e-40,
         1.0000e-40, 1.0000e-40]], dtype=torch.float64)}"
799200,222.758,2.87902e-08,"{'pres': tensor([[7.0013e+04, 5.7350e+04, 4.6977e+04, 3.8480e+04, 3.1520e+04, 2.5819e+04,
         2.1149e+04, 1.7324e+04, 1.4190e+04, 1.1624e+04, 9.5214e+03, 7.7993e+03,
         6.3886e+03, 5.2331e+03, 4.2866e+03, 3.5112e+03, 2.8762e+03, 2.3559e+03,
         1.9298e+03, 1.5808e+03, 1.2949e+03, 1.0607e+03, 8.6881e+02, 7.1167e+02,
         5.8295e+02, 4.7751e+02, 3.9114e+02, 3.2040e+02, 2.6245e+02, 2.1498e+02,
         1.7609e+02, 1.4424e+02, 1.1815e+02, 9.6783e+01, 7.9278e+01, 6.4939e+01,
         5.3193e+01, 4.3572e+01, 3.5691e+01, 2.9236e+01, 2.3948e+01, 1.9616e+01,
         1.6068e+01, 1.3162e+01, 1.0781e+01, 8.8313e+00, 7.2340e+00, 5.9256e+00,
         4.8538e+00, 3.9759e+00, 3.2568e+00, 2.6677e+00, 2.1852e+00, 1.7900e+00,
         1.4662e+00, 1.2010e+00, 9.8378e-01, 8.0585e-01, 6.6009e-01, 5.4070e-01,
         4.4290e-01, 3.6279e-01, 2.9717e-01, 2.4342e-01, 1.9940e-01, 1.6333e-01,
         1.3379e-01, 1.0959e-01, 8.9769e-02, 7.3532e-02, 6.0232e-02, 4.9338e-02,
         4.0414e-02, 3.3104e-02, 2.7117e-02, 2.2212e-02, 1.8195e-02, 1.4904e-02,
         1.2208e-02, 1.0000e-02]], dtype=torch.float64), 'temp': tensor([[205.4620, 201.2300, 197.0107, 192.7582, 188.4267, 183.9404, 179.2342,
         174.2221, 168.8369, 163.0448, 156.9202, 150.5776, 144.4160, 138.5342,
         133.3987, 131.1377, 129.7787, 128.7014, 127.7773, 126.9669, 126.2479,
         125.5869, 124.9747, 124.4187, 123.8994, 123.4085, 122.9596, 122.5394,
         122.1386, 121.7690, 121.4278, 121.0945, 120.7856, 120.4746, 120.1897,
         119.8216, 119.4719, 119.1678, 118.8395, 118.4991, 118.1564, 117.8252,
         117.5033, 117.1909, 116.8876, 116.5893, 116.2971, 116.0144, 115.7395,
         115.4727, 115.2139, 114.9630, 114.7129, 114.4724, 114.2305, 113.9976,
         113.7555, 113.5235, 113.2769, 113.0368, 112.7862, 112.5383, 112.2732,
         112.0211, 111.7386, 111.4778, 111.1812, 110.9043, 110.5964, 110.3141,
         110.0066, 109.7213, 109.4356, 109.1638, 108.9067, 108.6588, 108.4180,
         108.2057, 107.9861, 107.8489]], dtype=torch.float64), 'xCO2': tensor([[0.7142, 0.7474, 0.7733, 0.7694, 0.7424, 0.7035, 0.6491, 0.5748, 0.4781,
         0.3612, 0.2287, 0.1216, 0.0608, 0.0294, 0.0157, 0.0117, 0.0111, 0.0109,
         0.0112, 0.0116, 0.0122, 0.0128, 0.0135, 0.0142, 0.0150, 0.0158, 0.0168,
         0.0178, 0.0189, 0.0202, 0.0216, 0.0233, 0.0253, 0.0289, 0.0331, 0.0413,
         0.0494, 0.0560, 0.0633, 0.0708, 0.0775, 0.0848, 0.0928, 0.1017, 0.1114,
         0.1224, 0.1346, 0.1479, 0.1626, 0.1787, 0.1963, 0.2157, 0.2375, 0.2612,
         0.2870, 0.3150, 0.3452, 0.3778, 0.4139, 0.4523, 0.4931, 0.5359, 0.5807,
         0.6275, 0.6762, 0.7252, 0.7737, 0.8207, 0.8652, 0.9061, 0.9413, 0.9691,
         0.9885, 0.9970, 0.9946, 0.9817, 0.9581, 0.9234, 0.8811, 0.8336]],
       dtype=torch.float64), 'xH2O': tensor([[5.2770e-06, 3.4556e-06, 2.1943e-06, 1.3436e-06, 7.8609e-07, 4.3407e-07,
         2.2189e-07, 1.0219e-07, 4.1009e-08, 1.3979e-08, 4.0663e-09, 1.0148e-09,
         2.1940e-10, 4.5758e-11, 6.8932e-12, 6.4992e-13, 2.1161e-13, 1.4106e-13,
         1.4391e-13, 1.6130e-13, 1.9032e-13, 2.4011e-13, 3.1434e-13, 3.9261e-13,
         4.7869e-13, 6.0880e-13, 7.8653e-13, 1.0247e-12, 1.3450e-12, 1.7573e-12,
         2.2830e-12, 2.8866e-12, 3.4838e-12, 4.1251e-12, 4.7184e-12, 5.5220e-12,
         6.2737e-12, 6.8894e-12, 7.7159e-12, 8.7329e-12, 9.9343e-12, 1.1213e-11,
         1.2562e-11, 1.3974e-11, 1.5444e-11, 1.6960e-11, 1.8511e-11, 2.0106e-11,
         2.1738e-11, 2.3403e-11, 2.5098e-11, 2.6816e-11, 2.8502e-11, 3.0188e-11,
         3.1843e-11, 3.3468e-11, 3.5008e-11, 3.6546e-11, 3.7840e-11, 3.9087e-11,
         4.0223e-11, 4.1270e-11, 4.2174e-11, 4.3118e-11, 4.3679e-11, 4.4345e-11,
         4.4870e-11, 4.5503e-11, 4.5924e-11, 4.6608e-11, 4.7284e-11, 4.8354e-11,
         4.9797e-11, 5.1654e-11, 5.2519e-11, 4.8138e-11, 3.9969e-11, 3.2205e-11,
         2.6990e-11, 2.5051e-11]], dtype=torch.float64), 'xSO2': tensor([[4.3137e-02, 3.6230e-02, 3.0039e-02, 2.4372e-02, 1.9009e-02, 1.4185e-02,
         1.0037e-02, 6.6037e-03, 3.9398e-03, 2.0757e-03, 9.5905e-04, 3.9460e-04,
         1.4698e-04, 5.1868e-05, 2.0519e-05, 1.2623e-05, 1.0793e-05, 9.8547e-06,
         9.3780e-06, 9.1684e-06, 9.1619e-06, 9.2873e-06, 9.5297e-06, 9.9056e-06,
         1.0350e-05, 1.0833e-05, 1.1343e-05, 1.1889e-05, 1.2483e-05, 1.3109e-05,
         1.3772e-05, 1.4513e-05, 1.5411e-05, 1.7257e-05, 1.9532e-05, 2.4060e-05,
         2.8551e-05, 3.2230e-05, 3.5917e-05, 3.9533e-05, 4.2961e-05, 4.6735e-05,
         5.0860e-05, 5.5344e-05, 6.0192e-05, 6.5554e-05, 7.1352e-05, 7.7571e-05,
         8.4224e-05, 9.1324e-05, 9.8877e-05, 1.0696e-04, 1.1567e-04, 1.2482e-04,
         1.3437e-04, 1.4428e-04, 1.5447e-04, 1.6490e-04, 1.7565e-04, 1.8632e-04,
         1.9673e-04, 2.0667e-04, 2.1590e-04, 2.2418e-04, 2.3112e-04, 2.3634e-04,
         2.3954e-04, 2.4046e-04, 2.3883e-04, 2.3414e-04, 2.2665e-04, 2.1622e-04,
         2.0275e-04, 1.8514e-04, 1.6425e-04, 1.4080e-04, 1.1567e-04, 9.0282e-05,
         6.7664e-05, 5.0608e-05]], dtype=torch.float64), 'xH2SO4aer': tensor([[6.5784e-08, 7.4731e-08, 8.6013e-08, 9.9266e-08, 1.1563e-07, 1.3576e-07,
         1.6029e-07, 1.9069e-07, 2.2991e-07, 2.8744e-07, 4.1909e-07, 7.5697e-07,
         8.8411e-07, 2.1522e-07, 7.6335e-09, 4.2208e-10, 2.8821e-10, 2.6325e-10,
         2.5843e-10, 2.6082e-10, 2.6720e-10, 2.7451e-10, 2.8091e-10, 2.8419e-10,
         2.8130e-10, 2.6994e-10, 2.5228e-10, 2.3221e-10, 2.1403e-10, 1.9864e-10,
         1.8389e-10, 1.6634e-10, 1.4920e-10, 1.4539e-10, 1.5050e-10, 1.6950e-10,
         1.8943e-10, 2.0575e-10, 2.0854e-10, 1.9664e-10, 1.6615e-10, 1.3806e-10,
         1.1288e-10, 9.0913e-11, 7.2234e-11, 5.6711e-11, 4.4093e-11, 3.3995e-11,
         2.6011e-11, 1.9761e-11, 1.4910e-11, 1.1180e-11, 8.3385e-12, 6.1769e-12,
         4.5424e-12, 3.3143e-12, 2.3974e-12, 1.7189e-12, 1.2253e-12, 8.6526e-13,
         6.0486e-13, 4.1827e-13, 2.8585e-13, 1.9350e-13, 1.3006e-13, 8.6452e-14,
         5.6729e-14, 3.6731e-14, 2.3468e-14, 1.4920e-14, 9.2836e-15, 5.6017e-15,
         3.2161e-15, 1.7431e-15, 8.3205e-16, 3.1594e-16, 9.4999e-17, 2.9008e-17,
         8.2924e-18, 1.7912e-18]], dtype=torch.float64), 'xS8aer': tensor([[1.4577e-34, 3.1491e-34, 8.0163e-34, 2.5098e-33, 9.6905e-33, 4.1105e-32,
         1.9093e-31, 4.4342e-30, 1.6174e-27, 5.3245e-25, 1.9653e-22, 5.6464e-21,
         1.0105e-20, 2.2958e-21, 5.1709e-23, 2.0640e-25, 2.3971e-26, 6.6066e-27,
         3.2448e-27, 1.7235e-27, 9.3516e-28, 5.6026e-28, 3.4772e-28, 2.1168e-28,
         1.4135e-28, 9.9096e-29, 6.5139e-29, 4.5808e-29, 3.4217e-29, 2.5705e-29,
         2.5509e-29, 2.7119e-29, 2.9202e-29, 3.3093e-29, 3.7725e-29, 4.6560e-29,
         5.5279e-29, 6.2421e-29, 4.9644e-29, 2.4040e-29, 8.4361e-30, 5.9691e-30,
         4.4138e-30, 3.1972e-30, 2.2851e-30, 1.8574e-30, 1.3026e-30, 7.3125e-31,
         3.1024e-31, 6.1832e-32, 2.1234e-33, 1.0000e-40, 1.0000e-40, 1.0000e-40,
         1.0000e-40, 1.0000e-40, 1.0000e-40, 1.0000e-40, 1.0000e-40, 1.0000e-40,
         1.0000e-40, 1.0000e-40, 1.0000e-40, 1.0000e-40, 1.0000e-40, 1.0000e-40,
         1.0000e-40, 1.0000e-40, 1.0000e-40, 1.0000e-40, 1.0000e-40, 1.0000e-40,
         1.0000e-40, 1.0000e-40, 1.0000e-40, 1.0000e-40, 1.0000e-40, 1.0000e-40,
         1.0000e-40, 1.0000e-40]], dtype=torch.float64)}"
820800,222.761,7.4785e-08,"{'pres': tensor([[7.0013e+04, 5.7350e+04, 4.6977e+04, 3.8480e+04, 3.1520e+04, 2.5819e+04,
         2.1149e+04, 1.7324e+04, 1.4190e+04, 1.1624e+04, 9.5214e+03, 7.7993e+03,
         6.3886e+03, 5.2331e+03, 4.2866e+03, 3.5112e+03, 2.8762e+03, 2.3559e+03,
         1.9298e+03, 1.5808e+03, 1.2949e+03, 1.0607e+03, 8.6881e+02, 7.1167e+02,
         5.8295e+02, 4.7751e+02, 3.9114e+02, 3.2040e+02, 2.6245e+02, 2.1498e+02,
         1.7609e+02, 1.4424e+02, 1.1815e+02, 9.6783e+01, 7.9278e+01, 6.4939e+01,
         5.3193e+01, 4.3572e+01, 3.5691e+01, 2.9236e+01, 2.3948e+01, 1.9616e+01,
         1.6068e+01, 1.3162e+01, 1.0781e+01, 8.8313e+00, 7.2340e+00, 5.9256e+00,
         4.8538e+00, 3.9759e+00, 3.2568e+00, 2.6677e+00, 2.1852e+00, 1.7900e+00,
         1.4662e+00, 1.2010e+00, 9.8378e-01, 8.0585e-01, 6.6009e-01, 5.4070e-01,
         4.4290e-01, 3.6279e-01, 2.9717e-01, 2.4342e-01, 1.9940e-01, 1.6333e-01,
         1.3379e-01, 1.0959e-01, 8.9769e-02, 7.3532e-02, 6.0232e-02, 4.9338e-02,
         4.0414e-02, 3.3104e-02, 2.7117e-02, 2.2212e-02, 1.8195e-02, 1.4904e-02,
         1.2208e-02, 1.0000e-02]], dtype=torch.float64), 'temp': tensor([[205.4014, 201.2033, 197.0136, 192.7649, 188.4580, 183.9601, 179.2819,
         174.2545, 168.8970, 163.0841, 156.9554, 150.6127, 144.4017, 138.5271,
         133.3978, 131.1381, 129.7790, 128.7017, 127.7776, 126.9671, 126.2482,
         125.5871, 124.9749, 124.4189, 123.8996, 123.4088, 122.9598, 122.5397,
         122.1389, 121.7693, 121.4280, 121.0948, 120.7859, 120.4750, 120.1902,
         119.8225, 119.4730, 119.1687, 118.8403, 118.4998, 118.1572, 117.8261,
         117.5042, 117.1918, 116.8885, 116.5903, 116.2981, 116.0155, 115.7406,
         115.4739, 115.2151, 114.9642, 114.7141, 114.4736, 114.2316, 113.9988,
         113.7566, 113.5244, 113.2779, 113.0377, 112.7870, 112.5392, 112.2740,
         112.0218, 111.7393, 111.4786, 111.1818, 110.9050, 110.5969, 110.3147,
         110.0072, 109.7219, 109.4362, 109.1644, 108.9072, 108.6593, 108.4185,
         108.2063, 107.9866, 107.8495]], dtype=torch.float64), 'xCO2': tensor([[0.7142, 0.7474, 0.7733, 0.7694, 0.7424, 0.7035, 0.6490, 0.5747, 0.4779,
         0.3611, 0.2285, 0.1213, 0.0607, 0.0294, 0.0157, 0.0117, 0.0111, 0.0109,
         0.0112, 0.0116, 0.0122, 0.0128, 0.0135, 0.0142, 0.0150, 0.0158, 0.0168,
         0.0178, 0.0189, 0.0202, 0.0216, 0.0233, 0.0253, 0.0289, 0.0331, 0.0413,
         0.0494, 0.0560, 0.0633, 0.0708, 0.0775, 0.0848, 0.0928, 0.1017, 0.1114,
         0.1224, 0.1346, 0.1479, 0.1626, 0.1787, 0.1963, 0.2157, 0.2375, 0.2612,
         0.2870, 0.3150, 0.3452, 0.3778, 0.4139, 0.4523, 0.4931, 0.5359, 0.5807,
         0.6275, 0.6762, 0.7252, 0.7737, 0.8207, 0.8652, 0.9061, 0.9413, 0.9692,
         0.9885, 0.9970, 0.9946, 0.9817, 0.9581, 0.9234, 0.8811, 0.8336]],
       dtype=torch.float64), 'xH2O': tensor([[5.2966e-06, 3.4619e-06, 2.1955e-06, 1.3424e-06, 7.8509e-07, 4.3305e-07,
         2.2127e-07, 1.0177e-07, 4.0831e-08, 1.3913e-08, 4.0541e-09, 1.0095e-09,
         2.1847e-10, 4.5645e-11, 6.8594e-12, 6.4756e-13, 2.1120e-13, 1.4099e-13,
         1.4389e-13, 1.6130e-13, 1.9034e-13, 2.4014e-13, 3.1438e-13, 3.9267e-13,
         4.7876e-13, 6.0887e-13, 7.8661e-13, 1.0248e-12, 1.3452e-12, 1.7574e-12,
         2.2832e-12, 2.8869e-12, 3.4842e-12, 4.1257e-12, 4.7192e-12, 5.5231e-12,
         6.2750e-12, 6.8909e-12, 7.7174e-12, 8.7344e-12, 9.9363e-12, 1.1216e-11,
         1.2565e-11, 1.3977e-11, 1.5448e-11, 1.6964e-11, 1.8517e-11, 2.0112e-11,
         2.1745e-11, 2.3411e-11, 2.5106e-11, 2.6825e-11, 2.8511e-11, 3.0199e-11,
         3.1854e-11, 3.3479e-11, 3.5020e-11, 3.6558e-11, 3.7852e-11, 3.9099e-11,
         4.0235e-11, 4.1282e-11, 4.2186e-11, 4.3131e-11, 4.3692e-11, 4.4358e-11,
         4.4883e-11, 4.5517e-11, 4.5937e-11, 4.6622e-11, 4.7299e-11, 4.8369e-11,
         4.9813e-11, 5.1670e-11, 5.2533e-11, 4.8149e-11, 3.9977e-11, 3.2211e-11,
         2.6994e-11, 2.5054e-11]], dtype=torch.float64), 'xSO2': tensor([[4.3230e-02, 3.6266e-02, 3.0047e-02, 2.4359e-02, 1.8995e-02, 1.4164e-02,
         1.0019e-02, 6.5867e-03, 3.9288e-03, 2.0692e-03, 9.5714e-04, 3.9316e-04,
         1.4656e-04, 5.1786e-05, 2.0511e-05, 1.2624e-05, 1.0794e-05, 9.8558e-06,
         9.3790e-06, 9.1693e-06, 9.1628e-06, 9.2882e-06, 9.5306e-06, 9.9063e-06,
         1.0350e-05, 1.0833e-05, 1.1343e-05, 1.1889e-05, 1.2482e-05, 1.3108e-05,
         1.3772e-05, 1.4513e-05, 1.5411e-05, 1.7257e-05, 1.9533e-05, 2.4061e-05,
         2.8554e-05, 3.2234e-05, 3.5924e-05, 3.9542e-05, 4.2967e-05, 4.6738e-05,
         5.0861e-05, 5.5343e-05, 6.0190e-05, 6.5552e-05, 7.1350e-05, 7.7570e-05,
         8.4224e-05, 9.1324e-05, 9.8878e-05, 1.0696e-04, 1.1567e-04, 1.2482e-04,
         1.3437e-04, 1.4428e-04, 1.5448e-04, 1.6490e-04, 1.7565e-04, 1.8632e-04,
         1.9673e-04, 2.0668e-04, 2.1591e-04, 2.2419e-04, 2.3112e-04, 2.3635e-04,
         2.3954e-04, 2.4047e-04, 2.3883e-04, 2.3414e-04, 2.2666e-04, 2.1623e-04,
         2.0276e-04, 1.8515e-04, 1.6425e-04, 1.4081e-04, 1.1568e-04, 9.0285e-05,
         6.7667e-05, 5.0609e-05]], dtype=torch.float64), 'xH2SO4aer': tensor([[6.5786e-08, 7.4734e-08, 8.6016e-08, 9.9269e-08, 1.1563e-07, 1.3576e-07,
         1.6029e-07, 1.9069e-07, 2.2992e-07, 2.8745e-07, 4.1916e-07, 7.5718e-07,
         8.8396e-07, 2.1495e-07, 7.6178e-09, 4.2167e-10, 2.8815e-10, 2.6322e-10,
         2.5842e-10, 2.6081e-10, 2.6718e-10, 2.7442e-10, 2.8054e-10, 2.8322e-10,
         2.7932e-10, 2.6694e-10, 2.4891e-10, 2.2937e-10, 2.1227e-10, 1.9782e-10,
         1.8362e-10, 1.6627e-10, 1.4919e-10, 1.4539e-10, 1.5051e-10, 1.6952e-10,
         1.8945e-10, 2.0577e-10, 2.0856e-10, 1.9666e-10, 1.6616e-10, 1.3807e-10,
         1.1288e-10, 9.0920e-11, 7.2241e-11, 5.6717e-11, 4.4098e-11, 3.4000e-11,
         2.6015e-11, 1.9764e-11, 1.4913e-11, 1.1182e-11, 8.3401e-12, 6.1782e-12,
         4.5434e-12, 3.3151e-12, 2.3980e-12, 1.7193e-12, 1.2256e-12, 8.6549e-13,
         6.0503e-13, 4.1839e-13, 2.8593e-13, 1.9356e-13, 1.3011e-13, 8.6484e-14,
         5.6751e-14, 3.6747e-14, 2.3478e-14, 1.4927e-14, 9.2880e-15, 5.6042e-15,
         3.2176e-15, 1.7438e-15, 8.3232e-16, 3.1601e-16, 9.5017e-17, 2.9012e-17,
         8.2932e-18, 1.7912e-18]], dtype=torch.float64), 'xS8aer': tensor([[1.4578e-34, 3.1486e-34, 8.0132e-34, 2.5082e-33, 9.6815e-33, 4.1054e-32,
         1.9065e-31, 4.4310e-30, 1.6178e-27, 5.3296e-25, 1.9714e-22, 5.6532e-21,
         1.0098e-20, 2.2912e-21, 5.1522e-23, 2.0478e-25, 2.3794e-26, 6.5809e-27,
         3.2360e-27, 1.7191e-27, 9.3265e-28, 5.5863e-28, 3.4664e-28, 2.1101e-28,
         1.4090e-28, 9.8691e-29, 6.4714e-29, 4.5421e-29, 3.3930e-29, 2.5570e-29,
         2.5441e-29, 2.7064e-29, 2.9149e-29, 3.3029e-29, 3.7644e-29, 4.6447e-29,
         5.5135e-29, 6.2252e-29, 4.9537e-29, 2.4029e-29, 8.4221e-30, 5.9566e-30,
         4.4038e-30, 3.1894e-30, 2.2808e-30, 1.8647e-30, 1.3037e-30, 7.3760e-31,
         3.1615e-31, 6.6662e-32, 2.5845e-33, 1.0000e-40, 1.0000e-40, 1.0000e-40,
         1.0000e-40, 1.0000e-40, 1.0000e-40, 1.0000e-40, 1.0000e-40, 1.0000e-40,
         1.0000e-40, 1.0000e-40, 1.0000e-40, 1.0000e-40, 1.0000e-40, 1.0000e-40,
         1.0000e-40, 1.0000e-40, 1.0000e-40, 1.0000e-40, 1.0000e-40, 1.0000e-40,
         1.0000e-40, 1.0000e-40, 1.0000e-40, 1.0000e-40, 1.0000e-40, 1.0000e-40,
         1.0000e-40, 1.0000e-40]], dtype=torch.float64)}"
842400,222.757,2.39642e-08,"{'pres': tensor([[7.0013e+04, 5.7350e+04, 4.6977e+04, 3.8480e+04, 3.1520e+04, 2.5819e+04,
         2.1149e+04, 1.7324e+04, 1.4190e+04, 1.1624e+04, 9.5214e+03, 7.7993e+03,
         6.3886e+03, 5.2331e+03, 4.2866e+03, 3.5112e+03, 2.8762e+03, 2.3559e+03,
         1.9298e+03, 1.5808e+03, 1.2949e+03, 1.0607e+03, 8.6881e+02, 7.1167e+02,
         5.8295e+02, 4.7751e+02, 3.9114e+02, 3.2040e+02, 2.6245e+02, 2.1498e+02,
         1.7609e+02, 1.4424e+02, 1.1815e+02, 9.6783e+01, 7.9278e+01, 6.4939e+01,
         5.3193e+01, 4.3572e+01, 3.5691e+01, 2.9236e+01, 2.3948e+01, 1.9616e+01,
         1.6068e+01, 1.3162e+01, 1.0781e+01, 8.8313e+00, 7.2340e+00, 5.9256e+00,
         4.8538e+00, 3.9759e+00, 3.2568e+00, 2.6677e+00, 2.1852e+00, 1.7900e+00,
         1.4662e+00, 1.2010e+00, 9.8378e-01, 8.0585e-01, 6.6009e-01, 5.4070e-01,
         4.4290e-01, 3.6279e-01, 2.9717e-01, 2.4342e-01, 1.9940e-01, 1.6333e-01,
         1.3379e-01, 1.0959e-01, 8.9769e-02, 7.3532e-02, 6.0232e-02, 4.9338e-02,
         4.0414e-02, 3.3104e-02, 2.7117e-02, 2.2212e-02, 1.8195e-02, 1.4904e-02,
         1.2208e-02, 1.0000e-02]], dtype=torch.float64), 'temp': tensor([[205.4364, 201.2197, 197.0043, 192.7663, 188.4316, 183.9584, 179.2474,
         174.2469, 168.8574, 163.0689, 156.9279, 150.6055, 144.3875, 138.5200,
         133.3969, 131.1385, 129.7794, 128.7020, 127.7779, 126.9674, 126.2484,
         125.5873, 124.9752, 124.4192, 123.8999, 123.4090, 122.9601, 122.5399,
         122.1392, 121.7696, 121.4283, 121.0951, 120.7863, 120.4754, 120.1907,
         119.8234, 119.4742, 119.1697, 118.8410, 118.5005, 118.1580, 117.8269,
         117.5051, 117.1928, 116.8894, 116.5913, 116.2992, 116.0167, 115.7418,
         115.4751, 115.2163, 114.9653, 114.7153, 114.4748, 114.2328, 113.9999,
         113.7577, 113.5255, 113.2790, 113.0387, 112.7880, 112.5401, 112.2749,
         112.0227, 111.7401, 111.4794, 111.1825, 110.9057, 110.5977, 110.3154,
         110.0078, 109.7226, 109.4369, 109.1650, 108.9079, 108.6600, 108.4191,
         108.2070, 107.9872, 107.8501]], dtype=torch.float64), 'xCO2': tensor([[0.7142, 0.7474, 0.7733, 0.7694, 0.7424, 0.7034, 0.6490, 0.5746, 0.4777,
         0.3611, 0.2290, 0.1217, 0.0606, 0.0294, 0.0157, 0.0117, 0.0111, 0.0109,
         0.0112, 0.0116, 0.0122, 0.0128, 0.0135, 0.0142, 0.0150, 0.0158, 0.0168,
         0.0178, 0.0189, 0.0202, 0.0216, 0.0233, 0.0253, 0.0289, 0.0331, 0.0413,
         0.0494, 0.0560, 0.0633, 0.0708, 0.0775, 0.0848, 0.0928, 0.1017, 0.1114,
         0.1224, 0.1346, 0.1479, 0.1626, 0.1787, 0.1963, 0.2157, 0.2375, 0.2612,
         0.2870, 0.3150, 0.3452, 0.3778, 0.4139, 0.4523, 0.4931, 0.5359, 0.5807,
         0.6275, 0.6762, 0.7252, 0.7737, 0.8207, 0.8652, 0.9061, 0.9413, 0.9692,
         0.9885, 0.9970, 0.9946, 0.9817, 0.9581, 0.9234, 0.8811, 0.8336]],
       dtype=torch.float64), 'xH2O': tensor([[5.2505e-06, 3.4510e-06, 2.1950e-06, 1.3435e-06, 7.8763e-07, 4.3438e-07,
         2.2252e-07, 1.0229e-07, 4.1212e-08, 1.4013e-08, 4.0832e-09, 1.0161e-09,
         2.1800e-10, 4.5529e-11, 6.8260e-12, 6.4523e-13, 2.1080e-13, 1.4092e-13,
         1.4388e-13, 1.6130e-13, 1.9035e-13, 2.4016e-13, 3.1442e-13, 3.9272e-13,
         4.7881e-13, 6.0893e-13, 7.8669e-13, 1.0248e-12, 1.3453e-12, 1.7576e-12,
         2.2834e-12, 2.8872e-12, 3.4846e-12, 4.1262e-12, 4.7199e-12, 5.5241e-12,
         6.2763e-12, 6.8924e-12, 7.7189e-12, 8.7360e-12, 9.9383e-12, 1.1218e-11,
         1.2568e-11, 1.3981e-11, 1.5452e-11, 1.6969e-11, 1.8522e-11, 2.0119e-11,
         2.1752e-11, 2.3419e-11, 2.5115e-11, 2.6834e-11, 2.8521e-11, 3.0209e-11,
         3.1865e-11, 3.3491e-11, 3.5032e-11, 3.6569e-11, 3.7864e-11, 3.9112e-11,
         4.0247e-11, 4.1295e-11, 4.2199e-11, 4.3144e-11, 4.3705e-11, 4.4372e-11,
         4.4896e-11, 4.5531e-11, 4.5951e-11, 4.6637e-11, 4.7313e-11, 4.8384e-11,
         4.9829e-11, 5.1686e-11, 5.2547e-11, 4.8159e-11, 3.9984e-11, 3.2216e-11,
         2.6998e-11, 2.5057e-11]], dtype=torch.float64), 'xSO2': tensor([[4.3012e-02, 3.6205e-02, 3.0045e-02, 2.4371e-02, 1.9031e-02, 1.4191e-02,
         1.0054e-02, 6.6080e-03, 3.9512e-03, 2.0789e-03, 9.6172e-04, 3.9483e-04,
         1.4632e-04, 5.1699e-05, 2.0501e-05, 1.2626e-05, 1.0795e-05, 9.8567e-06,
         9.3798e-06, 9.1700e-06, 9.1634e-06, 9.2889e-06, 9.5313e-06, 9.9069e-06,
         1.0350e-05, 1.0833e-05, 1.1342e-05, 1.1888e-05, 1.2482e-05, 1.3107e-05,
         1.3771e-05, 1.4512e-05, 1.5410e-05, 1.7257e-05, 1.9534e-05, 2.4063e-05,
         2.8557e-05, 3.2238e-05, 3.5930e-05, 3.9550e-05, 4.2973e-05, 4.6742e-05,
         5.0862e-05, 5.5342e-05, 6.0189e-05, 6.5550e-05, 7.1349e-05, 7.7569e-05,
         8.4224e-05, 9.1325e-05, 9.8879e-05, 1.0696e-04, 1.1567e-04, 1.2482e-04,
         1.3437e-04, 1.4428e-04, 1.5448e-04, 1.6490e-04, 1.7566e-04, 1.8633e-04,
         1.9674e-04, 2.0668e-04, 2.1591e-04, 2.2419e-04, 2.3113e-04, 2.3635e-04,
         2.3955e-04, 2.4047e-04, 2.3884e-04, 2.3415e-04, 2.2666e-04, 2.1623e-04,
         2.0277e-04, 1.8515e-04, 1.6425e-04, 1.4081e-04, 1.1568e-04, 9.0287e-05,
         6.7668e-05, 5.0610e-05]], dtype=torch.float64), 'xH2SO4aer': tensor([[6.5788e-08, 7.4736e-08, 8.6018e-08, 9.9272e-08, 1.1564e-07, 1.3576e-07,
         1.6030e-07, 1.9070e-07, 2.2993e-07, 2.8746e-07, 4.1923e-07, 7.5739e-07,
         8.8381e-07, 2.1467e-07, 7.6021e-09, 4.2127e-10, 2.8808e-10, 2.6320e-10,
         2.5840e-10, 2.6081e-10, 2.6716e-10, 2.7430e-10, 2.8012e-10, 2.8214e-10,
         2.7723e-10, 2.6393e-10, 2.4565e-10, 2.2676e-10, 2.1073e-10, 1.9713e-10,
         1.8341e-10, 1.6622e-10, 1.4919e-10, 1.4540e-10, 1.5052e-10, 1.6954e-10,
         1.8947e-10, 2.0580e-10, 2.0858e-10, 1.9668e-10, 1.6618e-10, 1.3808e-10,
         1.1289e-10, 9.0928e-11, 7.2247e-11, 5.6722e-11, 4.4103e-11, 3.4004e-11,
         2.6018e-11, 1.9767e-11, 1.4915e-11, 1.1183e-11, 8.3416e-12, 6.1794e-12,
         4.5443e-12, 3.3158e-12, 2.3985e-12, 1.7197e-12, 1.2259e-12, 8.6571e-13,
         6.0519e-13, 4.1851e-13, 2.8602e-13, 1.9362e-13, 1.3015e-13, 8.6511e-14,
         5.6770e-14, 3.6759e-14, 2.3486e-14, 1.4932e-14, 9.2913e-15, 5.6063e-15,
         3.2187e-15, 1.7443e-15, 8.3253e-16, 3.1607e-16, 9.5029e-17, 2.9014e-17,
         8.2935e-18, 1.7912e-18]], dtype=torch.float64), 'xS8aer': tensor([[1.4578e-34, 3.1480e-34, 8.0101e-34, 2.5066e-33, 9.6725e-33, 4.1002e-32,
         1.9037e-31, 4.4278e-30, 1.6182e-27, 5.3349e-25, 1.9774e-22, 5.6577e-21,
         1.0090e-20, 2.2867e-21, 5.1334e-23, 2.0318e-25, 2.3622e-26, 6.5563e-27,
         3.2276e-27, 1.7151e-27, 9.3034e-28, 5.5716e-28, 3.4568e-28, 2.1043e-28,
         1.4052e-28, 9.8332e-29, 6.4340e-29, 4.5094e-29, 3.3701e-29, 2.5458e-29,
         2.5379e-29, 2.7011e-29, 2.9093e-29, 3.2964e-29, 3.7569e-29, 4.6365e-29,
         5.5047e-29, 6.2159e-29, 4.9500e-29, 2.4061e-29, 8.4352e-30, 5.9679e-30,
         4.4167e-30, 3.2045e-30, 2.2935e-30, 1.8706e-30, 1.3101e-30, 7.4293e-31,
         3.2183e-31, 6.9005e-32, 2.7108e-33, 1.0000e-40, 1.0000e-40, 1.0000e-40,
         1.0000e-40, 1.0000e-40, 1.0000e-40, 1.0000e-40, 1.0000e-40, 1.0000e-40,
         1.0000e-40, 1.0000e-40, 1.0000e-40, 1.0000e-40, 1.0000e-40, 1.0000e-40,
         1.0000e-40, 1.0000e-40, 1.0000e-40, 1.0000e-40, 1.0000e-40, 1.0000e-40,
         1.0000e-40, 1.0000e-40, 1.0000e-40, 1.0000e-40, 1.0000e-40, 1.0000e-40,
         1.0000e-40, 1.0000e-40]], dtype=torch.float64)}"
864000,222.757,2.87836e-08,"{'pres': tensor([[7.0013e+04, 5.7350e+04, 4.6977e+04, 3.8480e+04, 3.1520e+04, 2.5819e+04,
         2.1149e+04, 1.7324e+04, 1.4190e+04, 1.1624e+04, 9.5214e+03, 7.7993e+03,
         6.3886e+03, 5.2331e+03, 4.2866e+03, 3.5112e+03, 2.8762e+03, 2.3559e+03,
         1.9298e+03, 1.5808e+03, 1.2949e+03, 1.0607e+03, 8.6881e+02, 7.1167e+02,
         5.8295e+02, 4.7751e+02, 3.9114e+02, 3.2040e+02, 2.6245e+02, 2.1498e+02,
         1.7609e+02, 1.4424e+02, 1.1815e+02, 9.6783e+01, 7.9278e+01, 6.4939e+01,
         5.3193e+01, 4.3572e+01, 3.5691e+01, 2.9236e+01, 2.3948e+01, 1.9616e+01,
         1.6068e+01, 1.3162e+01, 1.0781e+01, 8.8313e+00, 7.2340e+00, 5.9256e+00,
         4.8538e+00, 3.9759e+00, 3.2568e+00, 2.6677e+00, 2.1852e+00, 1.7900e+00,
         1.4662e+00, 1.2010e+00, 9.8378e-01, 8.0585e-01, 6.6009e-01, 5.4070e-01,
         4.4290e-01, 3.6279e-01, 2.9717e-01, 2.4342e-01, 1.9940e-01, 1.6333e-01,
         1.3379e-01, 1.0959e-01, 8.9769e-02, 7.3532e-02, 6.0232e-02, 4.9338e-02,
         4.0414e-02, 3.3104e-02, 2.7117e-02, 2.2212e-02, 1.8195e-02, 1.4904e-02,
         1.2208e-02, 1.0000e-02]], dtype=torch.float64), 'temp': tensor([[205.4620, 201.2300, 197.0107, 192.7581, 188.4265, 183.9402, 179.2338,
         174.2218, 168.8367, 163.0448, 156.9203, 150.5776, 144.3733, 138.5130,
         133.3959, 131.1390, 129.7798, 128.7023, 127.7782, 126.9677, 126.2487,
         125.5876, 124.9755, 124.4194, 123.9001, 123.4093, 122.9604, 122.5402,
         122.1395, 121.7699, 121.4286, 121.0954, 120.7866, 120.4758, 120.1912,
         119.8244, 119.4753, 119.1706, 118.8418, 118.5012, 118.1588, 117.8278,
         117.5060, 117.1936, 116.8903, 116.5923, 116.3003, 116.0178, 115.7430,
         115.4762, 115.2174, 114.9665, 114.7164, 114.4759, 114.2339, 114.0010,
         113.7587, 113.5264, 113.2799, 113.0396, 112.7888, 112.5409, 112.2757,
         112.0234, 111.7408, 111.4801, 111.1831, 110.9064, 110.5982, 110.3160,
         110.0084, 109.7231, 109.4374, 109.1655, 108.9085, 108.6605, 108.4196,
         108.2076, 107.9877, 107.8507]], dtype=torch.float64), 'xCO2': tensor([[0.7142, 0.7474, 0.7733, 0.7694, 0.7424, 0.7034, 0.6489, 0.5745, 0.4776,
         0.3610, 0.2287, 0.1216, 0.0605, 0.0293, 0.0157, 0.0117, 0.0111, 0.0109,
         0.0112, 0.0116, 0.0122, 0.0128, 0.0135, 0.0142, 0.0150, 0.0158, 0.0168,
         0.0178, 0.0189, 0.0202, 0.0216, 0.0233, 0.0253, 0.0289, 0.0331, 0.0413,
         0.0494, 0.0560, 0.0633, 0.0708, 0.0775, 0.0848, 0.0928, 0.1017, 0.1114,
         0.1224, 0.1346, 0.1479, 0.1626, 0.1787, 0.1963, 0.2157, 0.2375, 0.2612,
         0.2870, 0.3150, 0.3452, 0.3778, 0.4139, 0.4523, 0.4931, 0.5359, 0.5807,
         0.6275, 0.6762, 0.7252, 0.7737, 0.8207, 0.8652, 0.9061, 0.9413, 0.9692,
         0.9885, 0.9970, 0.9946, 0.9817, 0.9581, 0.9234, 0.8811, 0.8336]],
       dtype=torch.float64), 'xH2O': tensor([[5.2770e-06, 3.4556e-06, 2.1943e-06, 1.3435e-06, 7.8610e-07, 4.3405e-07,
         2.2189e-07, 1.0218e-07, 4.1013e-08, 1.3981e-08, 4.0672e-09, 1.0139e-09,
         2.1726e-10, 4.5410e-11, 6.7931e-12, 6.4295e-13, 2.1040e-13, 1.4085e-13,
         1.4386e-13, 1.6130e-13, 1.9036e-13, 2.4018e-13, 3.1445e-13, 3.9276e-13,
         4.7886e-13, 6.0899e-13, 7.8676e-13, 1.0249e-12, 1.3454e-12, 1.7577e-12,
         2.2835e-12, 2.8875e-12, 3.4850e-12, 4.1268e-12, 4.7207e-12, 5.5251e-12,
         6.2775e-12, 6.8938e-12, 7.7205e-12, 8.7376e-12, 9.9402e-12, 1.1221e-11,
         1.2571e-11, 1.3984e-11, 1.5456e-11, 1.6973e-11, 1.8528e-11, 2.0125e-11,
         2.1759e-11, 2.3426e-11, 2.5123e-11, 2.6842e-11, 2.8530e-11, 3.0219e-11,
         3.1875e-11, 3.3502e-11, 3.5043e-11, 3.6580e-11, 3.7875e-11, 3.9123e-11,
         4.0258e-11, 4.1306e-11, 4.2211e-11, 4.3155e-11, 4.3716e-11, 4.4383e-11,
         4.4908e-11, 4.5543e-11, 4.5963e-11, 4.6649e-11, 4.7326e-11, 4.8397e-11,
         4.9842e-11, 5.1700e-11, 5.2560e-11, 4.8169e-11, 3.9992e-11, 3.2222e-11,
         2.7002e-11, 2.5061e-11]], dtype=torch.float64), 'xSO2': tensor([[4.3137e-02, 3.6230e-02, 3.0039e-02, 2.4372e-02, 1.9009e-02, 1.4184e-02,
         1.0037e-02, 6.6036e-03, 3.9400e-03, 2.0759e-03, 9.5919e-04, 3.9427e-04,
         1.4597e-04, 5.1611e-05, 2.0491e-05, 1.2627e-05, 1.0796e-05, 9.8575e-06,
         9.3805e-06, 9.1706e-06, 9.1641e-06, 9.2895e-06, 9.5320e-06, 9.9076e-06,
         1.0351e-05, 1.0833e-05, 1.1342e-05, 1.1888e-05, 1.2481e-05, 1.3107e-05,
         1.3770e-05, 1.4511e-05, 1.5410e-05, 1.7257e-05, 1.9534e-05, 2.4065e-05,
         2.8560e-05, 3.2242e-05, 3.5936e-05, 3.9559e-05, 4.2979e-05, 4.6745e-05,
         5.0864e-05, 5.5342e-05, 6.0187e-05, 6.5549e-05, 7.1347e-05, 7.7569e-05,
         8.4224e-05, 9.1325e-05, 9.8880e-05, 1.0696e-04, 1.1568e-04, 1.2483e-04,
         1.3438e-04, 1.4428e-04, 1.5448e-04, 1.6491e-04, 1.7566e-04, 1.8633e-04,
         1.9674e-04, 2.0668e-04, 2.1592e-04, 2.2420e-04, 2.3113e-04, 2.3636e-04,
         2.3956e-04, 2.4048e-04, 2.3884e-04, 2.3415e-04, 2.2667e-04, 2.1624e-04,
         2.0277e-04, 1.8516e-04, 1.6426e-04, 1.4081e-04, 1.1568e-04, 9.0289e-05,
         6.7670e-05, 5.0612e-05]], dtype=torch.float64), 'xH2SO4aer': tensor([[6.5791e-08, 7.4738e-08, 8.6021e-08, 9.9275e-08, 1.1564e-07, 1.3577e-07,
         1.6030e-07, 1.9070e-07, 2.2993e-07, 2.8748e-07, 4.1930e-07, 7.5760e-07,
         8.8366e-07, 2.1439e-07, 7.5863e-09, 4.2087e-10, 2.8802e-10, 2.6317e-10,
         2.5838e-10, 2.6080e-10, 2.6713e-10, 2.7417e-10, 2.7965e-10, 2.8097e-10,
         2.7504e-10, 2.6090e-10, 2.4253e-10, 2.2437e-10, 2.0938e-10, 1.9656e-10,
         1.8325e-10, 1.6619e-10, 1.4919e-10, 1.4542e-10, 1.5054e-10, 1.6955e-10,
         1.8949e-10, 2.0582e-10, 2.0860e-10, 1.9670e-10, 1.6619e-10, 1.3809e-10,
         1.1290e-10, 9.0935e-11, 7.2254e-11, 5.6728e-11, 4.4108e-11, 3.4008e-11,
         2.6022e-11, 1.9770e-11, 1.4917e-11, 1.1185e-11, 8.3432e-12, 6.1806e-12,
         4.5453e-12, 3.3165e-12, 2.3991e-12, 1.7201e-12, 1.2262e-12, 8.6592e-13,
         6.0534e-13, 4.1862e-13, 2.8609e-13, 1.9367e-13, 1.3018e-13, 8.6536e-14,
         5.6786e-14, 3.6770e-14, 2.3493e-14, 1.4937e-14, 9.2943e-15, 5.6081e-15,
         3.2197e-15, 1.7448e-15, 8.3275e-16, 3.1613e-16, 9.5044e-17, 2.9017e-17,
         8.2944e-18, 1.7914e-18]], dtype=torch.float64), 'xS8aer': tensor([[1.4579e-34, 3.1475e-34, 8.0071e-34, 2.5050e-33, 9.6635e-33, 4.0951e-32,
         1.9009e-31, 4.4246e-30, 1.6186e-27, 5.3403e-25, 1.9834e-22, 5.6639e-21,
         1.0083e-20, 2.2821e-21, 5.1148e-23, 2.0161e-25, 2.3454e-26, 6.5326e-27,
         3.2196e-27, 1.7111e-27, 9.2812e-28, 5.5575e-28, 3.4477e-28, 2.0989e-28,
         1.4016e-28, 9.7981e-29, 6.3985e-29, 4.4798e-29, 3.3498e-29, 2.5357e-29,
         2.5320e-29, 2.6959e-29, 2.9039e-29, 3.2905e-29, 3.7507e-29, 4.6296e-29,
         5.4971e-29, 6.2078e-29, 4.9471e-29, 2.4100e-29, 8.4572e-30, 5.9893e-30,
         4.4397e-30, 3.2273e-30, 2.3138e-30, 1.8924e-30, 1.3296e-30, 7.6122e-31,
         3.3301e-31, 7.2031e-32, 2.8636e-33, 1.0000e-40, 1.0000e-40, 1.0000e-40,
         1.0000e-40, 1.0000e-40, 1.0000e-40, 1.0000e-40, 1.0000e-40, 1.0000e-40,
         1.0000e-40, 1.0000e-40, 1.0000e-40, 1.0000e-40, 1.0000e-40, 1.0000e-40,
         1.0000e-40, 1.0000e-40, 1.0000e-40, 1.0000e-40, 1.0000e-40, 1.0000e-40,
         1.0000e-40, 1.0000e-40, 1.0000e-40, 1.0000e-40, 1.0000e-40, 1.0000e-40,
         1.0000e-40, 1.0000e-40]], dtype=torch.float64)}"
885600,222.76,7.47805e-08,"{'pres': tensor([[7.0013e+04, 5.7350e+04, 4.6977e+04, 3.8480e+04, 3.1520e+04, 2.5819e+04,
         2.1149e+04, 1.7324e+04, 1.4190e+04, 1.1624e+04, 9.5214e+03, 7.7993e+03,
         6.3886e+03, 5.2331e+03, 4.2866e+03, 3.5112e+03, 2.8762e+03, 2.3559e+03,
         1.9298e+03, 1.5808e+03, 1.2949e+03, 1.0607e+03, 8.6881e+02, 7.1167e+02,
         5.8295e+02, 4.7751e+02, 3.9114e+02, 3.2040e+02, 2.6245e+02, 2.1498e+02,
         1.7609e+02, 1.4424e+02, 1.1815e+02, 9.6783e+01, 7.9278e+01, 6.4939e+01,
         5.3193e+01, 4.3572e+01, 3.5691e+01, 2.9236e+01, 2.3948e+01, 1.9616e+01,
         1.6068e+01, 1.3162e+01, 1.0781e+01, 8.8313e+00, 7.2340e+00, 5.9256e+00,
         4.8538e+00, 3.9759e+00, 3.2568e+00, 2.6677e+00, 2.1852e+00, 1.7900e+00,
         1.4662e+00, 1.2010e+00, 9.8378e-01, 8.0585e-01, 6.6009e-01, 5.4070e-01,
         4.4290e-01, 3.6279e-01, 2.9717e-01, 2.4342e-01, 1.9940e-01, 1.6333e-01,
         1.3379e-01, 1.0959e-01, 8.9769e-02, 7.3532e-02, 6.0232e-02, 4.9338e-02,
         4.0414e-02, 3.3104e-02, 2.7117e-02, 2.2212e-02, 1.8195e-02, 1.4904e-02,
         1.2208e-02, 1.0000e-02]], dtype=torch.float64), 'temp': tensor([[205.4013, 201.2032, 197.0134, 192.7648, 188.4578, 183.9599, 179.2817,
         174.2543, 168.8969, 163.0840, 156.9554, 150.6125, 144.3591, 138.5059,
         133.3950, 131.1394, 129.7802, 128.7026, 127.7784, 126.9679, 126.2489,
         125.5878, 124.9757, 124.4197, 123.9004, 123.4096, 122.9607, 122.5405,
         122.1398, 121.7703, 121.4289, 121.0957, 120.7870, 120.4762, 120.1917,
         119.8253, 119.4765, 119.1715, 118.8425, 118.5019, 118.1595, 117.8286,
         117.5069, 117.1945, 116.8912, 116.5932, 116.3013, 116.0189, 115.7441,
         115.4773, 115.2185, 114.9675, 114.7175, 114.4771, 114.2349, 114.0021,
         113.7597, 113.5273, 113.2808, 113.0404, 112.7896, 112.5416, 112.2764,
         112.0240, 111.7414, 111.4807, 111.1837, 110.9070, 110.5988, 110.3166,
         110.0089, 109.7236, 109.4379, 109.1660, 108.9090, 108.6610, 108.4200,
         108.2082, 107.9881, 107.8512]], dtype=torch.float64), 'xCO2': tensor([[0.7142, 0.7474, 0.7733, 0.7694, 0.7424, 0.7034, 0.6489, 0.5744, 0.4774,
         0.3610, 0.2285, 0.1212, 0.0604, 0.0293, 0.0157, 0.0117, 0.0111, 0.0109,
         0.0112, 0.0116, 0.0122, 0.0128, 0.0135, 0.0142, 0.0150, 0.0158, 0.0168,
         0.0178, 0.0189, 0.0202, 0.0216, 0.0233, 0.0253, 0.0289, 0.0331, 0.0413,
         0.0494, 0.0560, 0.0633, 0.0708, 0.0775, 0.0848, 0.0928, 0.1017, 0.1114,
         0.1224, 0.1346, 0.1479, 0.1626, 0.1787, 0.1963, 0.2157, 0.2375, 0.2612,
         0.2870, 0.3150, 0.3452, 0.3778, 0.4139, 0.4523, 0.4931, 0.5359, 0.5807,
         0.6275, 0.6762, 0.7252, 0.7737, 0.8207, 0.8652, 0.9061, 0.9413, 0.9692,
         0.9885, 0.9970, 0.9946, 0.9817, 0.9581, 0.9234, 0.8811, 0.8336]],
       dtype=torch.float64), 'xH2O': tensor([[5.2965e-06, 3.4618e-06, 2.1955e-06, 1.3424e-06, 7.8510e-07, 4.3305e-07,
         2.2127e-07, 1.0178e-07, 4.0834e-08, 1.3914e-08, 4.0545e-09, 1.0085e-09,
         2.1632e-10, 4.5294e-11, 6.7610e-12, 6.4072e-13, 2.1002e-13, 1.4078e-13,
         1.4385e-13, 1.6131e-13, 1.9037e-13, 2.4020e-13, 3.1449e-13, 3.9281e-13,
         4.7892e-13, 6.0906e-13, 7.8684e-13, 1.0250e-12, 1.3455e-12, 1.7579e-12,
         2.2837e-12, 2.8877e-12, 3.4853e-12, 4.1273e-12, 4.7214e-12, 5.5261e-12,
         6.2788e-12, 6.8953e-12, 7.7219e-12, 8.7391e-12, 9.9422e-12, 1.1223e-11,
         1.2574e-11, 1.3987e-11, 1.5460e-11, 1.6978e-11, 1.8533e-11, 2.0131e-11,
         2.1766e-11, 2.3433e-11, 2.5131e-11, 2.6851e-11, 2.8539e-11, 3.0229e-11,
         3.1885e-11, 3.3512e-11, 3.5053e-11, 3.6590e-11, 3.7886e-11, 3.9134e-11,
         4.0269e-11, 4.1317e-11, 4.2222e-11, 4.3165e-11, 4.3727e-11, 4.4394e-11,
         4.4919e-11, 4.5554e-11, 4.5974e-11, 4.6660e-11, 4.7337e-11, 4.8409e-11,
         4.9855e-11, 5.1713e-11, 5.2573e-11, 4.8179e-11, 3.9999e-11, 3.2227e-11,
         2.7006e-11, 2.5064e-11]], dtype=torch.float64), 'xSO2': tensor([[4.3230e-02, 3.6266e-02, 3.0047e-02, 2.4359e-02, 1.8995e-02, 1.4164e-02,
         1.0019e-02, 6.5868e-03, 3.9289e-03, 2.0694e-03, 9.5721e-04, 3.9282e-04,
         1.4554e-04, 5.1526e-05, 2.0482e-05, 1.2628e-05, 1.0798e-05, 9.8584e-06,
         9.3813e-06, 9.1714e-06, 9.1648e-06, 9.2903e-06, 9.5328e-06, 9.9082e-06,
         1.0351e-05, 1.0833e-05, 1.1341e-05, 1.1887e-05, 1.2480e-05, 1.3106e-05,
         1.3770e-05, 1.4511e-05, 1.5410e-05, 1.7257e-05, 1.9535e-05, 2.4067e-05,
         2.8563e-05, 3.2246e-05, 3.5943e-05, 3.9567e-05, 4.2985e-05, 4.6749e-05,
         5.0865e-05, 5.5342e-05, 6.0186e-05, 6.5547e-05, 7.1346e-05, 7.7568e-05,
         8.4224e-05, 9.1326e-05, 9.8881e-05, 1.0696e-04, 1.1568e-04, 1.2483e-04,
         1.3438e-04, 1.4429e-04, 1.5448e-04, 1.6491e-04, 1.7566e-04, 1.8633e-04,
         1.9675e-04, 2.0669e-04, 2.1592e-04, 2.2420e-04, 2.3114e-04, 2.3636e-04,
         2.3956e-04, 2.4048e-04, 2.3885e-04, 2.3416e-04, 2.2667e-04, 2.1625e-04,
         2.0278e-04, 1.8516e-04, 1.6426e-04, 1.4082e-04, 1.1569e-04, 9.0292e-05,
         6.7672e-05, 5.0613e-05]], dtype=torch.float64), 'xH2SO4aer': tensor([[6.5793e-08, 7.4741e-08, 8.6024e-08, 9.9278e-08, 1.1565e-07, 1.3577e-07,
         1.6031e-07, 1.9071e-07, 2.2994e-07, 2.8749e-07, 4.1937e-07, 7.5781e-07,
         8.8351e-07, 2.1411e-07, 7.5707e-09, 4.2048e-10, 2.8795e-10, 2.6315e-10,
         2.5837e-10, 2.6080e-10, 2.6710e-10, 2.7401e-10, 2.7911e-10, 2.7970e-10,
         2.7275e-10, 2.5789e-10, 2.3955e-10, 2.2220e-10, 2.0821e-10, 1.9609e-10,
         1.8312e-10, 1.6617e-10, 1.4920e-10, 1.4543e-10, 1.5055e-10, 1.6957e-10,
         1.8951e-10, 2.0584e-10, 2.0862e-10, 1.9672e-10, 1.6621e-10, 1.3810e-10,
         1.1291e-10, 9.0942e-11, 7.2260e-11, 5.6734e-11, 4.4113e-11, 3.4013e-11,
         2.6025e-11, 1.9773e-11, 1.4920e-11, 1.1187e-11, 8.3447e-12, 6.1818e-12,
         4.5462e-12, 3.3172e-12, 2.3996e-12, 1.7205e-12, 1.2265e-12, 8.6613e-13,
         6.0550e-13, 4.1873e-13, 2.8617e-13, 1.9373e-13, 1.3022e-13, 8.6563e-14,
         5.6805e-14, 3.6783e-14, 2.3502e-14, 1.4942e-14, 9.2976e-15, 5.6101e-15,
         3.2208e-15, 1.7454e-15, 8.3298e-16, 3.1621e-16, 9.5064e-17, 2.9022e-17,
         8.2955e-18, 1.7915e-18]], dtype=torch.float64), 'xS8aer': tensor([[1.4580e-34, 3.1470e-34, 8.0040e-34, 2.5034e-33, 9.6545e-33, 4.0900e-32,
         1.8981e-31, 4.4215e-30, 1.6191e-27, 5.3457e-25, 1.9895e-22, 5.6706e-21,
         1.0076e-20, 2.2776e-21, 5.0962e-23, 2.0007e-25, 2.3291e-26, 6.5094e-27,
         3.2117e-27, 1.7072e-27, 9.2592e-28, 5.5434e-28, 3.4387e-28, 2.0934e-28,
         1.3977e-28, 9.7611e-29, 6.3627e-29, 4.4508e-29, 3.3300e-29, 2.5263e-29,
         2.5265e-29, 2.6908e-29, 2.8985e-29, 3.2844e-29, 3.7436e-29, 4.6213e-29,
         5.4879e-29, 6.1977e-29, 4.9426e-29, 2.4128e-29, 8.4711e-30, 6.0034e-30,
         4.4565e-30, 3.2469e-30, 2.3289e-30, 1.8986e-30, 1.3361e-30, 7.6880e-31,
         3.4475e-31, 7.9181e-32, 3.4011e-33, 1.0000e-40, 1.0000e-40, 1.0000e-40,
         1.0000e-40, 1.0000e-40, 1.0000e-40, 1.0000e-40, 1.0000e-40, 1.0000e-40,
         1.0000e-40, 1.0000e-40, 1.0000e-40, 1.0000e-40, 1.0000e-40, 1.0000e-40,
         1.0000e-40, 1.0000e-40, 1.0000e-40, 1.0000e-40, 1.0000e-40, 1.0000e-40,
         1.0000e-40, 1.0000e-40, 1.0000e-40, 1.0000e-40, 1.0000e-40, 1.0000e-40,
         1.0000e-40, 1.0000e-40]], dtype=torch.float64)}"
907200,222.756,2.39677e-08,"{'pres': tensor([[7.0013e+04, 5.7350e+04, 4.6977e+04, 3.8480e+04, 3.1520e+04, 2.5819e+04,
         2.1149e+04, 1.7324e+04, 1.4190e+04, 1.1624e+04, 9.5214e+03, 7.7993e+03,
         6.3886e+03, 5.2331e+03, 4.2866e+03, 3.5112e+03, 2.8762e+03, 2.3559e+03,
         1.9298e+03, 1.5808e+03, 1.2949e+03, 1.0607e+03, 8.6881e+02, 7.1167e+02,
         5.8295e+02, 4.7751e+02, 3.9114e+02, 3.2040e+02, 2.6245e+02, 2.1498e+02,
         1.7609e+02, 1.4424e+02, 1.1815e+02, 9.6783e+01, 7.9278e+01, 6.4939e+01,
         5.3193e+01, 4.3572e+01, 3.5691e+01, 2.9236e+01, 2.3948e+01, 1.9616e+01,
         1.6068e+01, 1.3162e+01, 1.0781e+01, 8.8313e+00, 7.2340e+00, 5.9256e+00,
         4.8538e+00, 3.9759e+00, 3.2568e+00, 2.6677e+00, 2.1852e+00, 1.7900e+00,
         1.4662e+00, 1.2010e+00, 9.8378e-01, 8.0585e-01, 6.6009e-01, 5.4070e-01,
         4.4290e-01, 3.6279e-01, 2.9717e-01, 2.4342e-01, 1.9940e-01, 1.6333e-01,
         1.3379e-01, 1.0959e-01, 8.9769e-02, 7.3532e-02, 6.0232e-02, 4.9338e-02,
         4.0414e-02, 3.3104e-02, 2.7117e-02, 2.2212e-02, 1.8195e-02, 1.4904e-02,
         1.2208e-02, 1.0000e-02]], dtype=torch.float64), 'temp': tensor([[205.4363, 201.2195, 197.0042, 192.7662, 188.4315, 183.9583, 179.2473,
         174.2467, 168.8573, 163.0688, 156.9278, 150.6053, 144.3451, 138.4989,
         133.3941, 131.1398, 129.7806, 128.7029, 127.7787, 126.9682, 126.2492,
         125.5881, 124.9760, 124.4200, 123.9007, 123.4099, 122.9610, 122.5408,
         122.1401, 121.7706, 121.4292, 121.0960, 120.7874, 120.4766, 120.1922,
         119.8262, 119.4776, 119.1724, 118.8432, 118.5027, 118.1603, 117.8294,
         117.5077, 117.1954, 116.8921, 116.5942, 116.3024, 116.0200, 115.7452,
         115.4785, 115.2197, 114.9686, 114.7187, 114.4782, 114.2360, 114.0032,
         113.7607, 113.5283, 113.2818, 113.0413, 112.7904, 112.5425, 112.2772,
         112.0248, 111.7421, 111.4815, 111.1843, 110.9077, 110.5994, 110.3172,
         110.0095, 109.7243, 109.4385, 109.1666, 108.9096, 108.6616, 108.4206,
         108.2088, 107.9886, 107.8518]], dtype=torch.float64), 'xCO2': tensor([[0.7142, 0.7474, 0.7733, 0.7694, 0.7424, 0.7034, 0.6488, 0.5742, 0.4773,
         0.3609, 0.2290, 0.1216, 0.0603, 0.0292, 0.0157, 0.0117, 0.0111, 0.0109,
         0.0112, 0.0116, 0.0122, 0.0128, 0.0135, 0.0142, 0.0150, 0.0158, 0.0168,
         0.0178, 0.0189, 0.0202, 0.0216, 0.0233, 0.0253, 0.0289, 0.0331, 0.0413,
         0.0494, 0.0560, 0.0633, 0.0708, 0.0775, 0.0848, 0.0928, 0.1017, 0.1114,
         0.1224, 0.1346, 0.1479, 0.1626, 0.1787, 0.1963, 0.2157, 0.2375, 0.2612,
         0.2870, 0.3150, 0.3452, 0.3778, 0.4139, 0.4523, 0.4931, 0.5359, 0.5807,
         0.6275, 0.6762, 0.7252, 0.7737, 0.8207, 0.8652, 0.9061, 0.9413, 0.9692,
         0.9885, 0.9970, 0.9946, 0.9817, 0.9581, 0.9234, 0.8811, 0.8336]],
       dtype=torch.float64), 'xH2O': tensor([[5.2504e-06, 3.4511e-06, 2.1950e-06, 1.3434e-06, 7.8759e-07, 4.3436e-07,
         2.2250e-07, 1.0228e-07, 4.1208e-08, 1.4012e-08, 4.0830e-09, 1.0150e-09,
         2.1585e-10, 4.5180e-11, 6.7293e-12, 6.3852e-13, 2.0963e-13, 1.4071e-13,
         1.4383e-13, 1.6131e-13, 1.9038e-13, 2.4022e-13, 3.1452e-13, 3.9286e-13,
         4.7897e-13, 6.0912e-13, 7.8691e-13, 1.0251e-12, 1.3456e-12, 1.7580e-12,
         2.2839e-12, 2.8880e-12, 3.4857e-12, 4.1278e-12, 4.7222e-12, 5.5271e-12,
         6.2800e-12, 6.8967e-12, 7.7235e-12, 8.7407e-12, 9.9442e-12, 1.1226e-11,
         1.2577e-11, 1.3991e-11, 1.5464e-11, 1.6982e-11, 1.8538e-11, 2.0137e-11,
         2.1772e-11, 2.3441e-11, 2.5138e-11, 2.6859e-11, 2.8549e-11, 3.0238e-11,
         3.1895e-11, 3.3523e-11, 3.5064e-11, 3.6601e-11, 3.7897e-11, 3.9146e-11,
         4.0281e-11, 4.1329e-11, 4.2234e-11, 4.3177e-11, 4.3739e-11, 4.4407e-11,
         4.4931e-11, 4.5567e-11, 4.5987e-11, 4.6674e-11, 4.7351e-11, 4.8423e-11,
         4.9869e-11, 5.1728e-11, 5.2586e-11, 4.8189e-11, 4.0007e-11, 3.2233e-11,
         2.7011e-11, 2.5067e-11]], dtype=torch.float64), 'xSO2': tensor([[4.3011e-02, 3.6205e-02, 3.0045e-02, 2.4371e-02, 1.9031e-02, 1.4190e-02,
         1.0054e-02, 6.6077e-03, 3.9511e-03, 2.0788e-03, 9.6168e-04, 3.9444e-04,
         1.4530e-04, 5.1441e-05, 2.0473e-05, 1.2629e-05, 1.0799e-05, 9.8593e-06,
         9.3820e-06, 9.1721e-06, 9.1654e-06, 9.2909e-06, 9.5335e-06, 9.9089e-06,
         1.0351e-05, 1.0833e-05, 1.1341e-05, 1.1887e-05, 1.2480e-05, 1.3106e-05,
         1.3769e-05, 1.4510e-05, 1.5409e-05, 1.7257e-05, 1.9536e-05, 2.4069e-05,
         2.8566e-05, 3.2250e-05, 3.5949e-05, 3.9576e-05, 4.2992e-05, 4.6753e-05,
         5.0866e-05, 5.5341e-05, 6.0185e-05, 6.5545e-05, 7.1345e-05, 7.7567e-05,
         8.4224e-05, 9.1326e-05, 9.8882e-05, 1.0696e-04, 1.1568e-04, 1.2483e-04,
         1.3438e-04, 1.4429e-04, 1.5449e-04, 1.6491e-04, 1.7567e-04, 1.8634e-04,
         1.9675e-04, 2.0669e-04, 2.1593e-04, 2.2421e-04, 2.3115e-04, 2.3637e-04,
         2.3957e-04, 2.4049e-04, 2.3886e-04, 2.3416e-04, 2.2668e-04, 2.1625e-04,
         2.0278e-04, 1.8516e-04, 1.6427e-04, 1.4082e-04, 1.1569e-04, 9.0293e-05,
         6.7673e-05, 5.0614e-05]], dtype=torch.float64), 'xH2SO4aer': tensor([[6.5795e-08, 7.4743e-08, 8.6027e-08, 9.9281e-08, 1.1565e-07, 1.3578e-07,
         1.6031e-07, 1.9071e-07, 2.2995e-07, 2.8750e-07, 4.1944e-07, 7.5802e-07,
         8.8335e-07, 2.1383e-07, 7.5549e-09, 4.2010e-10, 2.8789e-10, 2.6313e-10,
         2.5835e-10, 2.6079e-10, 2.6706e-10, 2.7382e-10, 2.7851e-10, 2.7832e-10,
         2.7039e-10, 2.5490e-10, 2.3674e-10, 2.2024e-10, 2.0720e-10, 1.9571e-10,
         1.8303e-10, 1.6616e-10, 1.4921e-10, 1.4544e-10, 1.5057e-10, 1.6959e-10,
         1.8953e-10, 2.0586e-10, 2.0865e-10, 1.9674e-10, 1.6622e-10, 1.3811e-10,
         1.1292e-10, 9.0950e-11, 7.2266e-11, 5.6740e-11, 4.4118e-11, 3.4017e-11,
         2.6029e-11, 1.9776e-11, 1.4922e-11, 1.1189e-11, 8.3461e-12, 6.1829e-12,
         4.5470e-12, 3.3178e-12, 2.4001e-12, 1.7209e-12, 1.2267e-12, 8.6634e-13,
         6.0564e-13, 4.1883e-13, 2.8624e-13, 1.9378e-13, 1.3026e-13, 8.6588e-14,
         5.6822e-14, 3.6794e-14, 2.3509e-14, 1.4947e-14, 9.3007e-15, 5.6119e-15,
         3.2219e-15, 1.7459e-15, 8.3318e-16, 3.1626e-16, 9.5077e-17, 2.9025e-17,
         8.2963e-18, 1.7916e-18]], dtype=torch.float64), 'xS8aer': tensor([[1.4580e-34, 3.1465e-34, 8.0009e-34, 2.5017e-33, 9.6455e-33, 4.0849e-32,
         1.8953e-31, 4.4183e-30, 1.6195e-27, 5.3512e-25, 1.9956e-22, 5.6751e-21,
         1.0068e-20, 2.2730e-21, 5.0776e-23, 1.9856e-25, 2.3132e-26, 6.4870e-27,
         3.2042e-27, 1.7036e-27, 9.2383e-28, 5.5303e-28, 3.4304e-28, 2.0884e-28,
         1.3941e-28, 9.7261e-29, 6.3298e-29, 4.4253e-29, 3.3130e-29, 2.5179e-29,
         2.5213e-29, 2.6857e-29, 2.8933e-29, 3.2787e-29, 3.7373e-29, 4.6146e-29,
         5.4807e-29, 6.1902e-29, 4.9401e-29, 2.4165e-29, 8.4904e-30, 6.0214e-30,
         4.4753e-30, 3.2652e-30, 2.3444e-30, 1.9112e-30, 1.3475e-30, 7.7748e-31,
         3.5004e-31, 8.0777e-32, 3.4679e-33, 1.0000e-40, 1.0000e-40, 1.0000e-40,
         1.0000e-40, 1.0000e-40, 1.0000e-40, 1.0000e-40, 1.0000e-40, 1.0000e-40,
         1.0000e-40, 1.0000e-40, 1.0000e-40, 1.0000e-40, 1.0000e-40, 1.0000e-40,
         1.0000e-40, 1.0000e-40, 1.0000e-40, 1.0000e-40, 1.0000e-40, 1.0000e-40,
         1.0000e-40, 1.0000e-40, 1.0000e-40, 1.0000e-40, 1.0000e-40, 1.0000e-40,
         1.0000e-40, 1.0000e-40]], dtype=torch.float64)}"
928800,222.756,2.87819e-08,"{'pres': tensor([[7.0013e+04, 5.7350e+04, 4.6977e+04, 3.8480e+04, 3.1520e+04, 2.5819e+04,
         2.1149e+04, 1.7324e+04, 1.4190e+04, 1.1624e+04, 9.5214e+03, 7.7993e+03,
         6.3886e+03, 5.2331e+03, 4.2866e+03, 3.5112e+03, 2.8762e+03, 2.3559e+03,
         1.9298e+03, 1.5808e+03, 1.2949e+03, 1.0607e+03, 8.6881e+02, 7.1167e+02,
         5.8295e+02, 4.7751e+02, 3.9114e+02, 3.2040e+02, 2.6245e+02, 2.1498e+02,
         1.7609e+02, 1.4424e+02, 1.1815e+02, 9.6783e+01, 7.9278e+01, 6.4939e+01,
         5.3193e+01, 4.3572e+01, 3.5691e+01, 2.9236e+01, 2.3948e+01, 1.9616e+01,
         1.6068e+01, 1.3162e+01, 1.0781e+01, 8.8313e+00, 7.2340e+00, 5.9256e+00,
         4.8538e+00, 3.9759e+00, 3.2568e+00, 2.6677e+00, 2.1852e+00, 1.7900e+00,
         1.4662e+00, 1.2010e+00, 9.8378e-01, 8.0585e-01, 6.6009e-01, 5.4070e-01,
         4.4290e-01, 3.6279e-01, 2.9717e-01, 2.4342e-01, 1.9940e-01, 1.6333e-01,
         1.3379e-01, 1.0959e-01, 8.9769e-02, 7.3532e-02, 6.0232e-02, 4.9338e-02,
         4.0414e-02, 3.3104e-02, 2.7117e-02, 2.2212e-02, 1.8195e-02, 1.4904e-02,
         1.2208e-02, 1.0000e-02]], dtype=torch.float64), 'temp': tensor([[205.4619, 201.2299, 197.0106, 192.7579, 188.4263, 183.9400, 179.2337,
         174.2217, 168.8366, 163.0446, 156.9202, 150.5773, 144.3310, 138.4919,
         133.3932, 131.1402, 129.7810, 128.7032, 127.7790, 126.9684, 126.2494,
         125.5883, 124.9762, 124.4202, 123.9009, 123.4101, 122.9612, 122.5411,
         122.1404, 121.7709, 121.4295, 121.0963, 120.7877, 120.4770, 120.1926,
         119.8271, 119.4787, 119.1733, 118.8440, 118.5034, 118.1611, 117.8303,
         117.5086, 117.1963, 116.8930, 116.5951, 116.3034, 116.0211, 115.7463,
         115.4796, 115.2207, 114.9697, 114.7198, 114.4793, 114.2370, 114.0042,
         113.7617, 113.5291, 113.2826, 113.0422, 112.7912, 112.5432, 112.2779,
         112.0254, 111.7427, 111.4821, 111.1849, 110.9083, 110.5999, 110.3178,
         110.0100, 109.7248, 109.4391, 109.1670, 108.9101, 108.6621, 108.4210,
         108.2094, 107.9891, 107.8523]], dtype=torch.float64), 'xCO2': tensor([[0.7142, 0.7474, 0.7733, 0.7694, 0.7424, 0.7034, 0.6488, 0.5741, 0.4772,
         0.3608, 0.2287, 0.1215, 0.0602, 0.0292, 0.0157, 0.0117, 0.0111, 0.0109,
         0.0112, 0.0116, 0.0122, 0.0128, 0.0135, 0.0142, 0.0150, 0.0158, 0.0168,
         0.0178, 0.0189, 0.0202, 0.0216, 0.0233, 0.0253, 0.0289, 0.0331, 0.0413,
         0.0494, 0.0560, 0.0633, 0.0708, 0.0775, 0.0848, 0.0928, 0.1017, 0.1114,
         0.1224, 0.1346, 0.1479, 0.1626, 0.1787, 0.1963, 0.2157, 0.2375, 0.2612,
         0.2870, 0.3150, 0.3452, 0.3778, 0.4139, 0.4523, 0.4931, 0.5359, 0.5807,
         0.6275, 0.6762, 0.7252, 0.7737, 0.8207, 0.8652, 0.9061, 0.9413, 0.9692,
         0.9885, 0.9970, 0.9946, 0.9817, 0.9581, 0.9234, 0.8811, 0.8336]],
       dtype=torch.float64), 'xH2O': tensor([[5.2769e-06, 3.4555e-06, 2.1943e-06, 1.3435e-06, 7.8610e-07, 4.3405e-07,
         2.2190e-07, 1.0218e-07, 4.1015e-08, 1.3981e-08, 4.0674e-09, 1.0129e-09,
         2.1513e-10, 4.5063e-11, 6.6979e-12, 6.3636e-13, 2.0926e-13, 1.4065e-13,
         1.4382e-13, 1.6131e-13, 1.9039e-13, 2.4024e-13, 3.1455e-13, 3.9290e-13,
         4.7902e-13, 6.0918e-13, 7.8698e-13, 1.0252e-12, 1.3457e-12, 1.7581e-12,
         2.2841e-12, 2.8883e-12, 3.4860e-12, 4.1284e-12, 4.7229e-12, 5.5281e-12,
         6.2812e-12, 6.8982e-12, 7.7249e-12, 8.7422e-12, 9.9461e-12, 1.1228e-11,
         1.2580e-11, 1.3994e-11, 1.5467e-11, 1.6987e-11, 1.8544e-11, 2.0143e-11,
         2.1779e-11, 2.3448e-11, 2.5146e-11, 2.6867e-11, 2.8557e-11, 3.0248e-11,
         3.1905e-11, 3.3533e-11, 3.5074e-11, 3.6611e-11, 3.7908e-11, 3.9156e-11,
         4.0291e-11, 4.1339e-11, 4.2244e-11, 4.3188e-11, 4.3749e-11, 4.4417e-11,
         4.4941e-11, 4.5578e-11, 4.5997e-11, 4.6685e-11, 4.7362e-11, 4.8435e-11,
         4.9882e-11, 5.1740e-11, 5.2598e-11, 4.8198e-11, 4.0014e-11, 3.2238e-11,
         2.7015e-11, 2.5071e-11]], dtype=torch.float64), 'xSO2': tensor([[4.3137e-02, 3.6229e-02, 3.0039e-02, 2.4372e-02, 1.9010e-02, 1.4184e-02,
         1.0037e-02, 6.6036e-03, 3.9402e-03, 2.0759e-03, 9.5922e-04, 3.9390e-04,
         1.4495e-04, 5.1354e-05, 2.0463e-05, 1.2630e-05, 1.0800e-05, 9.8601e-06,
         9.3827e-06, 9.1727e-06, 9.1661e-06, 9.2916e-06, 9.5341e-06, 9.9095e-06,
         1.0351e-05, 1.0833e-05, 1.1341e-05, 1.1886e-05, 1.2479e-05, 1.3105e-05,
         1.3769e-05, 1.4509e-05, 1.5409e-05, 1.7258e-05, 1.9537e-05, 2.4071e-05,
         2.8569e-05, 3.2254e-05, 3.5955e-05, 3.9584e-05, 4.2998e-05, 4.6757e-05,
         5.0868e-05, 5.5341e-05, 6.0183e-05, 6.5544e-05, 7.1343e-05, 7.7566e-05,
         8.4223e-05, 9.1327e-05, 9.8883e-05, 1.0697e-04, 1.1568e-04, 1.2483e-04,
         1.3438e-04, 1.4429e-04, 1.5449e-04, 1.6492e-04, 1.7567e-04, 1.8634e-04,
         1.9675e-04, 2.0670e-04, 2.1593e-04, 2.2421e-04, 2.3115e-04, 2.3638e-04,
         2.3957e-04, 2.4049e-04, 2.3886e-04, 2.3417e-04, 2.2668e-04, 2.1626e-04,
         2.0279e-04, 1.8517e-04, 1.6427e-04, 1.4082e-04, 1.1569e-04, 9.0295e-05,
         6.7675e-05, 5.0616e-05]], dtype=torch.float64), 'xH2SO4aer': tensor([[6.5797e-08, 7.4746e-08, 8.6029e-08, 9.9284e-08, 1.1565e-07, 1.3578e-07,
         1.6032e-07, 1.9072e-07, 2.2995e-07, 2.8751e-07, 4.1951e-07, 7.5824e-07,
         8.8319e-07, 2.1355e-07, 7.5392e-09, 4.1971e-10, 2.8783e-10, 2.6310e-10,
         2.5833e-10, 2.6078e-10, 2.6702e-10, 2.7361e-10, 2.7784e-10, 2.7686e-10,
         2.6797e-10, 2.5196e-10, 2.3408e-10, 2.1847e-10, 2.0633e-10, 1.9540e-10,
         1.8296e-10, 1.6615e-10, 1.4922e-10, 1.4545e-10, 1.5058e-10, 1.6961e-10,
         1.8955e-10, 2.0588e-10, 2.0867e-10, 1.9675e-10, 1.6623e-10, 1.3812e-10,
         1.1293e-10, 9.0957e-11, 7.2273e-11, 5.6745e-11, 4.4123e-11, 3.4021e-11,
         2.6032e-11, 1.9779e-11, 1.4924e-11, 1.1191e-11, 8.3475e-12, 6.1841e-12,
         4.5479e-12, 3.3185e-12, 2.4006e-12, 1.7213e-12, 1.2270e-12, 8.6653e-13,
         6.0578e-13, 4.1893e-13, 2.8631e-13, 1.9383e-13, 1.3029e-13, 8.6610e-14,
         5.6837e-14, 3.6804e-14, 2.3516e-14, 1.4951e-14, 9.3034e-15, 5.6136e-15,
         3.2228e-15, 1.7464e-15, 8.3339e-16, 3.1633e-16, 9.5093e-17, 2.9029e-17,
         8.2973e-18, 1.7918e-18]], dtype=torch.float64), 'xS8aer': tensor([[1.4581e-34, 3.1460e-34, 7.9979e-34, 2.5001e-33, 9.6365e-33, 4.0798e-32,
         1.8925e-31, 4.4152e-30, 1.6200e-27, 5.3568e-25, 2.0016e-22, 5.6812e-21,
         1.0061e-20, 2.2684e-21, 5.0591e-23, 1.9707e-25, 2.2978e-26, 6.4654e-27,
         3.1969e-27, 1.7000e-27, 9.2183e-28, 5.5177e-28, 3.4225e-28, 2.0836e-28,
         1.3906e-28, 9.6924e-29, 6.2992e-29, 4.4025e-29, 3.2979e-29, 2.5102e-29,
         2.5162e-29, 2.6808e-29, 2.8883e-29, 3.2737e-29, 3.7322e-29, 4.6091e-29,
         5.4748e-29, 6.1839e-29, 4.9386e-29, 2.4210e-29, 8.5185e-30, 6.0484e-30,
         4.5025e-30, 3.2915e-30, 2.3688e-30, 1.9351e-30, 1.3683e-30, 7.9449e-31,
         3.6017e-31, 8.4313e-32, 3.7111e-33, 1.0000e-40, 1.0000e-40, 1.0000e-40,
         1.0000e-40, 1.0000e-40, 1.0000e-40, 1.0000e-40, 1.0000e-40, 1.0000e-40,
         1.0000e-40, 1.0000e-40, 1.0000e-40, 1.0000e-40, 1.0000e-40, 1.0000e-40,
         1.0000e-40, 1.0000e-40, 1.0000e-40, 1.0000e-40, 1.0000e-40, 1.0000e-40,
         1.0000e-40, 1.0000e-40, 1.0000e-40, 1.0000e-40, 1.0000e-40, 1.0000e-40,
         1.0000e-40, 1.0000e-40]], dtype=torch.float64)}"
950400,222.76,7.47721e-08,"{'pres': tensor([[7.0013e+04, 5.7350e+04, 4.6977e+04, 3.8480e+04, 3.1520e+04, 2.5819e+04,
         2.1149e+04, 1.7324e+04, 1.4190e+04, 1.1624e+04, 9.5214e+03, 7.7993e+03,
         6.3886e+03, 5.2331e+03, 4.2866e+03, 3.5112e+03, 2.8762e+03, 2.3559e+03,
         1.9298e+03, 1.5808e+03, 1.2949e+03, 1.0607e+03, 8.6881e+02, 7.1167e+02,
         5.8295e+02, 4.7751e+02, 3.9114e+02, 3.2040e+02, 2.6245e+02, 2.1498e+02,
         1.7609e+02, 1.4424e+02, 1.1815e+02, 9.6783e+01, 7.9278e+01, 6.4939e+01,
         5.3193e+01, 4.3572e+01, 3.5691e+01, 2.9236e+01, 2.3948e+01, 1.9616e+01,
         1.6068e+01, 1.3162e+01, 1.0781e+01, 8.8313e+00, 7.2340e+00, 5.9256e+00,
         4.8538e+00, 3.9759e+00, 3.2568e+00, 2.6677e+00, 2.1852e+00, 1.7900e+00,
         1.4662e+00, 1.2010e+00, 9.8378e-01, 8.0585e-01, 6.6009e-01, 5.4070e-01,
         4.4290e-01, 3.6279e-01, 2.9717e-01, 2.4342e-01, 1.9940e-01, 1.6333e-01,
         1.3379e-01, 1.0959e-01, 8.9769e-02, 7.3532e-02, 6.0232e-02, 4.9338e-02,
         4.0414e-02, 3.3104e-02, 2.7117e-02, 2.2212e-02, 1.8195e-02, 1.4904e-02,
         1.2208e-02, 1.0000e-02]], dtype=torch.float64), 'temp': tensor([[205.4012, 201.2031, 197.0133, 192.7646, 188.4577, 183.9598, 179.2816,
         174.2542, 168.8967, 163.0839, 156.9552, 150.6122, 144.3170, 138.4849,
         133.3922, 131.1406, 129.7814, 128.7035, 127.7793, 126.9687, 126.2496,
         125.5886, 124.9765, 124.4205, 123.9012, 123.4104, 122.9615, 122.5413,
         122.1407, 121.7712, 121.4298, 121.0967, 120.7881, 120.4774, 120.1931,
         119.8280, 119.4798, 119.1742, 118.8447, 118.5041, 118.1618, 117.8311,
         117.5094, 117.1971, 116.8938, 116.5961, 116.3044, 116.0221, 115.7474,
         115.4806, 115.2218, 114.9707, 114.7208, 114.4803, 114.2380, 114.0051,
         113.7626, 113.5299, 113.2834, 113.0429, 112.7919, 112.5439, 112.2785,
         112.0260, 111.7433, 111.4827, 111.1854, 110.9088, 110.6004, 110.3183,
         110.0105, 109.7252, 109.4395, 109.1675, 108.9105, 108.6625, 108.4214,
         108.2099, 107.9895, 107.8527]], dtype=torch.float64), 'xCO2': tensor([[0.7142, 0.7474, 0.7733, 0.7694, 0.7424, 0.7033, 0.6487, 0.5740, 0.4770,
         0.3608, 0.2285, 0.1211, 0.0601, 0.0292, 0.0157, 0.0117, 0.0111, 0.0109,
         0.0112, 0.0116, 0.0122, 0.0128, 0.0135, 0.0142, 0.0150, 0.0158, 0.0168,
         0.0178, 0.0189, 0.0202, 0.0216, 0.0233, 0.0253, 0.0289, 0.0331, 0.0413,
         0.0494, 0.0560, 0.0633, 0.0708, 0.0775, 0.0848, 0.0928, 0.1017, 0.1114,
         0.1224, 0.1346, 0.1479, 0.1626, 0.1787, 0.1963, 0.2157, 0.2375, 0.2612,
         0.2870, 0.3150, 0.3452, 0.3778, 0.4139, 0.4523, 0.4931, 0.5359, 0.5807,
         0.6275, 0.6762, 0.7252, 0.7737, 0.8207, 0.8652, 0.9061, 0.9413, 0.9692,
         0.9885, 0.9970, 0.9946, 0.9817, 0.9581, 0.9234, 0.8811, 0.8336]],
       dtype=torch.float64), 'xH2O': tensor([[5.2964e-06, 3.4618e-06, 2.1955e-06, 1.3424e-06, 7.8508e-07, 4.3304e-07,
         2.2127e-07, 1.0177e-07, 4.0833e-08, 1.3914e-08, 4.0544e-09, 1.0074e-09,
         2.1419e-10, 4.4945e-11, 6.6669e-12, 6.3422e-13, 2.0889e-13, 1.4058e-13,
         1.4380e-13, 1.6131e-13, 1.9040e-13, 2.4025e-13, 3.1458e-13, 3.9294e-13,
         4.7907e-13, 6.0924e-13, 7.8705e-13, 1.0253e-12, 1.3458e-12, 1.7583e-12,
         2.2842e-12, 2.8886e-12, 3.4864e-12, 4.1289e-12, 4.7236e-12, 5.5291e-12,
         6.2825e-12, 6.8996e-12, 7.7264e-12, 8.7438e-12, 9.9480e-12, 1.1231e-11,
         1.2582e-11, 1.3997e-11, 1.5471e-11, 1.6991e-11, 1.8549e-11, 2.0149e-11,
         2.1785e-11, 2.3455e-11, 2.5153e-11, 2.6875e-11, 2.8566e-11, 3.0257e-11,
         3.1914e-11, 3.3542e-11, 3.5084e-11, 3.6620e-11, 3.7917e-11, 3.9166e-11,
         4.0300e-11, 4.1349e-11, 4.2254e-11, 4.3197e-11, 4.3759e-11, 4.4427e-11,
         4.4951e-11, 4.5588e-11, 4.6007e-11, 4.6695e-11, 4.7372e-11, 4.8445e-11,
         4.9892e-11, 5.1751e-11, 5.2609e-11, 4.8208e-11, 4.0021e-11, 3.2244e-11,
         2.7019e-11, 2.5075e-11]], dtype=torch.float64), 'xSO2': tensor([[4.3229e-02, 3.6265e-02, 3.0047e-02, 2.4359e-02, 1.8994e-02, 1.4164e-02,
         1.0019e-02, 6.5867e-03, 3.9289e-03, 2.0694e-03, 9.5719e-04, 3.9243e-04,
         1.4452e-04, 5.1267e-05, 2.0453e-05, 1.2632e-05, 1.0801e-05, 9.8608e-06,
         9.3834e-06, 9.1734e-06, 9.1667e-06, 9.2922e-06, 9.5348e-06, 9.9101e-06,
         1.0352e-05, 1.0833e-05, 1.1340e-05, 1.1886e-05, 1.2479e-05, 1.3104e-05,
         1.3768e-05, 1.4509e-05, 1.5409e-05, 1.7258e-05, 1.9538e-05, 2.4073e-05,
         2.8572e-05, 3.2258e-05, 3.5961e-05, 3.9592e-05, 4.3004e-05, 4.6761e-05,
         5.0870e-05, 5.5341e-05, 6.0182e-05, 6.5542e-05, 7.1342e-05, 7.7565e-05,
         8.4223e-05, 9.1327e-05, 9.8883e-05, 1.0697e-04, 1.1568e-04, 1.2483e-04,
         1.3439e-04, 1.4429e-04, 1.5449e-04, 1.6492e-04, 1.7567e-04, 1.8635e-04,
         1.9676e-04, 2.0670e-04, 2.1594e-04, 2.2422e-04, 2.3116e-04, 2.3638e-04,
         2.3958e-04, 2.4050e-04, 2.3887e-04, 2.3418e-04, 2.2669e-04, 2.1626e-04,
         2.0279e-04, 1.8517e-04, 1.6427e-04, 1.4083e-04, 1.1569e-04, 9.0297e-05,
         6.7676e-05, 5.0617e-05]], dtype=torch.float64), 'xH2SO4aer': tensor([[6.5800e-08, 7.4748e-08, 8.6032e-08, 9.9287e-08, 1.1566e-07, 1.3578e-07,
         1.6032e-07, 1.9072e-07, 2.2996e-07, 2.8753e-07, 4.1958e-07, 7.5846e-07,
         8.8303e-07, 2.1327e-07, 7.5235e-09, 4.1934e-10, 2.8776e-10, 2.6308e-10,
         2.5832e-10, 2.6077e-10, 2.6696e-10, 2.7337e-10, 2.7711e-10, 2.7530e-10,
         2.6549e-10, 2.4909e-10, 2.3159e-10, 2.1688e-10, 2.0558e-10, 1.9514e-10,
         1.8291e-10, 1.6615e-10, 1.4923e-10, 1.4547e-10, 1.5060e-10, 1.6962e-10,
         1.8957e-10, 2.0591e-10, 2.0869e-10, 1.9677e-10, 1.6625e-10, 1.3814e-10,
         1.1294e-10, 9.0964e-11, 7.2279e-11, 5.6751e-11, 4.4128e-11, 3.4025e-11,
         2.6036e-11, 1.9782e-11, 1.4927e-11, 1.1193e-11, 8.3490e-12, 6.1851e-12,
         4.5487e-12, 3.3191e-12, 2.4011e-12, 1.7216e-12, 1.2273e-12, 8.6671e-13,
         6.0591e-13, 4.1902e-13, 2.8638e-13, 1.9387e-13, 1.3032e-13, 8.6631e-14,
         5.6851e-14, 3.6814e-14, 2.3522e-14, 1.4955e-14, 9.3059e-15, 5.6151e-15,
         3.2237e-15, 1.7469e-15, 8.3359e-16, 3.1640e-16, 9.5112e-17, 2.9033e-17,
         8.2987e-18, 1.7921e-18]], dtype=torch.float64), 'xS8aer': tensor([[1.4582e-34, 3.1455e-34, 7.9948e-34, 2.4985e-33, 9.6275e-33, 4.0748e-32,
         1.8897e-31, 4.4121e-30, 1.6205e-27, 5.3625e-25, 2.0076e-22, 5.6880e-21,
         1.0054e-20, 2.2638e-21, 5.0406e-23, 1.9560e-25, 2.2827e-26, 6.4444e-27,
         3.1898e-27, 1.6966e-27, 9.1990e-28, 5.5056e-28, 3.4150e-28, 2.0790e-28,
         1.3871e-28, 9.6596e-29, 6.2705e-29, 4.3816e-29, 3.2839e-29, 2.5029e-29,
         2.5112e-29, 2.6760e-29, 2.8838e-29, 3.2693e-29, 3.7278e-29, 4.6042e-29,
         5.4693e-29, 6.1780e-29, 4.9373e-29, 2.4256e-29, 8.5494e-30, 6.0781e-30,
         4.5328e-30, 3.3221e-30, 2.3982e-30, 1.9608e-30, 1.3897e-30, 8.1142e-31,
         3.7081e-31, 8.8455e-32, 4.0027e-33, 1.0000e-40, 1.0000e-40, 1.0000e-40,
         1.0000e-40, 1.0000e-40, 1.0000e-40, 1.0000e-40, 1.0000e-40, 1.0000e-40,
         1.0000e-40, 1.0000e-40, 1.0000e-40, 1.0000e-40, 1.0000e-40, 1.0000e-40,
         1.0000e-40, 1.0000e-40, 1.0000e-40, 1.0000e-40, 1.0000e-40, 1.0000e-40,
         1.0000e-40, 1.0000e-40, 1.0000e-40, 1.0000e-40, 1.0000e-40, 1.0000e-40,
         1.0000e-40, 1.0000e-40]], dtype=torch.float64)}"
972000,222.755,2.39622e-08,"{'pres': tensor([[7.0013e+04, 5.7350e+04, 4.6977e+04, 3.8480e+04, 3.1520e+04, 2.5819e+04,
         2.1149e+04, 1.7324e+04, 1.4190e+04, 1.1624e+04, 9.5214e+03, 7.7993e+03,
         6.3886e+03, 5.2331e+03, 4.2866e+03, 3.5112e+03, 2.8762e+03, 2.3559e+03,
         1.9298e+03, 1.5808e+03, 1.2949e+03, 1.0607e+03, 8.6881e+02, 7.1167e+02,
         5.8295e+02, 4.7751e+02, 3.9114e+02, 3.2040e+02, 2.6245e+02, 2.1498e+02,
         1.7609e+02, 1.4424e+02, 1.1815e+02, 9.6783e+01, 7.9278e+01, 6.4939e+01,
         5.3193e+01, 4.3572e+01, 3.5691e+01, 2.9236e+01, 2.3948e+01, 1.9616e+01,
         1.6068e+01, 1.3162e+01, 1.0781e+01, 8.8313e+00, 7.2340e+00, 5.9256e+00,
         4.8538e+00, 3.9759e+00, 3.2568e+00, 2.6677e+00, 2.1852e+00, 1.7900e+00,
         1.4662e+00, 1.2010e+00, 9.8378e-01, 8.0585e-01, 6.6009e-01, 5.4070e-01,
         4.4290e-01, 3.6279e-01, 2.9717e-01, 2.4342e-01, 1.9940e-01, 1.6333e-01,
         1.3379e-01, 1.0959e-01, 8.9769e-02, 7.3532e-02, 6.0232e-02, 4.9338e-02,
         4.0414e-02, 3.3104e-02, 2.7117e-02, 2.2212e-02, 1.8195e-02, 1.4904e-02,
         1.2208e-02, 1.0000e-02]], dtype=torch.float64), 'temp': tensor([[205.4362, 201.2194, 197.0041, 192.7661, 188.4314, 183.9582, 179.2471,
         174.2466, 168.8571, 163.0685, 156.9276, 150.6049, 144.3031, 138.4780,
         133.3913, 131.1411, 129.7818, 128.7038, 127.7795, 126.9690, 126.2499,
         125.5888, 124.9767, 124.4207, 123.9014, 123.4107, 122.9618, 122.5416,
         122.1410, 121.7715, 121.4301, 121.0970, 120.7884, 120.4779, 120.1936,
         119.8289, 119.4810, 119.1752, 118.8454, 118.5048, 118.1626, 117.8319,
         117.5103, 117.1980, 116.8947, 116.5970, 116.3054, 116.0232, 115.7484,
         115.4817, 115.2229, 114.9717, 114.7219, 114.4814, 114.2390, 114.0061,
         113.7635, 113.5308, 113.2843, 113.0437, 112.7927, 112.5446, 112.2793,
         112.0267, 111.7440, 111.4834, 111.1860, 110.9094, 110.6010, 110.3189,
         110.0111, 109.7258, 109.4401, 109.1680, 108.9111, 108.6630, 108.4219,
         108.2105, 107.9900, 107.8532]], dtype=torch.float64), 'xCO2': tensor([[0.7142, 0.7474, 0.7733, 0.7694, 0.7424, 0.7033, 0.6487, 0.5739, 0.4769,
         0.3607, 0.2290, 0.1215, 0.0600, 0.0291, 0.0157, 0.0117, 0.0111, 0.0109,
         0.0112, 0.0116, 0.0122, 0.0128, 0.0135, 0.0142, 0.0150, 0.0158, 0.0168,
         0.0178, 0.0189, 0.0202, 0.0216, 0.0233, 0.0253, 0.0289, 0.0331, 0.0413,
         0.0494, 0.0560, 0.0633, 0.0708, 0.0775, 0.0848, 0.0928, 0.1017, 0.1114,
         0.1224, 0.1346, 0.1479, 0.1626, 0.1787, 0.1963, 0.2157, 0.2375, 0.2612,
         0.2870, 0.3150, 0.3452, 0.3778, 0.4139, 0.4523, 0.4931, 0.5359, 0.5807,
         0.6275, 0.6762, 0.7252, 0.7737, 0.8207, 0.8652, 0.9061, 0.9413, 0.9692,
         0.9885, 0.9970, 0.9946, 0.9817, 0.9581, 0.9234, 0.8811, 0.8336]],
       dtype=torch.float64), 'xH2O': tensor([[5.2503e-06, 3.4511e-06, 2.1949e-06, 1.3434e-06, 7.8757e-07, 4.3435e-07,
         2.2249e-07, 1.0228e-07, 4.1206e-08, 1.4011e-08, 4.0827e-09, 1.0138e-09,
         2.1373e-10, 4.4832e-11, 6.6364e-12, 6.3213e-13, 2.0853e-13, 1.4051e-13,
         1.4378e-13, 1.6131e-13, 1.9041e-13, 2.4027e-13, 3.1461e-13, 3.9299e-13,
         4.7912e-13, 6.0929e-13, 7.8712e-13, 1.0254e-12, 1.3460e-12, 1.7584e-12,
         2.2844e-12, 2.8888e-12, 3.4868e-12, 4.1294e-12, 4.7244e-12, 5.5301e-12,
         6.2837e-12, 6.9010e-12, 7.7279e-12, 8.7453e-12, 9.9500e-12, 1.1233e-11,
         1.2585e-11, 1.4001e-11, 1.5475e-11, 1.6996e-11, 1.8554e-11, 2.0155e-11,
         2.1792e-11, 2.3462e-11, 2.5161e-11, 2.6883e-11, 2.8574e-11, 3.0266e-11,
         3.1924e-11, 3.3552e-11, 3.5094e-11, 3.6630e-11, 3.7928e-11, 3.9176e-11,
         4.0311e-11, 4.1359e-11, 4.2265e-11, 4.3208e-11, 4.3770e-11, 4.4438e-11,
         4.4962e-11, 4.5600e-11, 4.6019e-11, 4.6707e-11, 4.7385e-11, 4.8459e-11,
         4.9906e-11, 5.1765e-11, 5.2621e-11, 4.8217e-11, 4.0028e-11, 3.2249e-11,
         2.7023e-11, 2.5079e-11]], dtype=torch.float64), 'xSO2': tensor([[4.3011e-02, 3.6205e-02, 3.0044e-02, 2.4371e-02, 1.9030e-02, 1.4190e-02,
         1.0053e-02, 6.6075e-03, 3.9509e-03, 2.0787e-03, 9.6164e-04, 3.9404e-04,
         1.4428e-04, 5.1183e-05, 2.0443e-05, 1.2633e-05, 1.0802e-05, 9.8617e-06,
         9.3841e-06, 9.1741e-06, 9.1673e-06, 9.2929e-06, 9.5355e-06, 9.9107e-06,
         1.0352e-05, 1.0833e-05, 1.1340e-05, 1.1885e-05, 1.2478e-05, 1.3104e-05,
         1.3767e-05, 1.4508e-05, 1.5409e-05, 1.7259e-05, 1.9539e-05, 2.4075e-05,
         2.8575e-05, 3.2262e-05, 3.5968e-05, 3.9600e-05, 4.3010e-05, 4.6765e-05,
         5.0872e-05, 5.5341e-05, 6.0181e-05, 6.5541e-05, 7.1341e-05, 7.7564e-05,
         8.4223e-05, 9.1327e-05, 9.8884e-05, 1.0697e-04, 1.1568e-04, 1.2483e-04,
         1.3439e-04, 1.4430e-04, 1.5450e-04, 1.6492e-04, 1.7568e-04, 1.8635e-04,
         1.9676e-04, 2.0671e-04, 2.1594e-04, 2.2422e-04, 2.3116e-04, 2.3639e-04,
         2.3958e-04, 2.4050e-04, 2.3887e-04, 2.3418e-04, 2.2670e-04, 2.1627e-04,
         2.0280e-04, 1.8518e-04, 1.6428e-04, 1.4083e-04, 1.1570e-04, 9.0299e-05,
         6.7678e-05, 5.0618e-05]], dtype=torch.float64), 'xH2SO4aer': tensor([[6.5802e-08, 7.4750e-08, 8.6035e-08, 9.9291e-08, 1.1566e-07, 1.3579e-07,
         1.6032e-07, 1.9073e-07, 2.2996e-07, 2.8754e-07, 4.1965e-07, 7.5868e-07,
         8.8287e-07, 2.1299e-07, 7.5078e-09, 4.1896e-10, 2.8770e-10, 2.6305e-10,
         2.5830e-10, 2.6075e-10, 2.6689e-10, 2.7309e-10, 2.7630e-10, 2.7365e-10,
         2.6297e-10, 2.4628e-10, 2.2926e-10, 2.1547e-10, 2.0495e-10, 1.9494e-10,
         1.8287e-10, 1.6615e-10, 1.4924e-10, 1.4548e-10, 1.5061e-10, 1.6964e-10,
         1.8959e-10, 2.0593e-10, 2.0871e-10, 1.9679e-10, 1.6627e-10, 1.3815e-10,
         1.1295e-10, 9.0972e-11, 7.2285e-11, 5.6756e-11, 4.4132e-11, 3.4029e-11,
         2.6039e-11, 1.9784e-11, 1.4929e-11, 1.1194e-11, 8.3503e-12, 6.1862e-12,
         4.5495e-12, 3.3197e-12, 2.4015e-12, 1.7219e-12, 1.2275e-12, 8.6690e-13,
         6.0604e-13, 4.1912e-13, 2.8645e-13, 1.9392e-13, 1.3036e-13, 8.6655e-14,
         5.6867e-14, 3.6824e-14, 2.3529e-14, 1.4960e-14, 9.3089e-15, 5.6169e-15,
         3.2247e-15, 1.7474e-15, 8.3378e-16, 3.1645e-16, 9.5125e-17, 2.9037e-17,
         8.2997e-18, 1.7923e-18]], dtype=torch.float64), 'xS8aer': tensor([[1.4582e-34, 3.1450e-34, 7.9917e-34, 2.4969e-33, 9.6186e-33, 4.0697e-32,
         1.8870e-31, 4.4090e-30, 1.6210e-27, 5.3682e-25, 2.0136e-22, 5.6924e-21,
         1.0046e-20, 2.2592e-21, 5.0222e-23, 1.9416e-25, 2.2680e-26, 6.4241e-27,
         3.1829e-27, 1.6932e-27, 9.1802e-28, 5.4939e-28, 3.4077e-28, 2.0745e-28,
         1.3837e-28, 9.6269e-29, 6.2428e-29, 4.3619e-29, 3.2705e-29, 2.4960e-29,
         2.5064e-29, 2.6715e-29, 2.8796e-29, 3.2651e-29, 3.7234e-29, 4.5990e-29,
         5.4633e-29, 6.1713e-29, 4.9350e-29, 2.4291e-29, 8.5696e-30, 6.0967e-30,
         4.5520e-30, 3.3435e-30, 2.4268e-30, 1.9796e-30, 1.3995e-30, 8.2757e-31,
         3.8477e-31, 9.1660e-32, 4.0675e-33, 1.0000e-40, 1.0000e-40, 1.0000e-40,
         1.0000e-40, 1.0000e-40, 1.0000e-40, 1.0000e-40, 1.0000e-40, 1.0000e-40,
         1.0000e-40, 1.0000e-40, 1.0000e-40, 1.0000e-40, 1.0000e-40, 1.0000e-40,
         1.0000e-40, 1.0000e-40, 1.0000e-40, 1.0000e-40, 1.0000e-40, 1.0000e-40,
         1.0000e-40, 1.0000e-40, 1.0000e-40, 1.0000e-40, 1.0000e-40, 1.0000e-40,
         1.0000e-40, 1.0000e-40]], dtype=torch.float64)}"
993600,222.756,2.87807e-08,"{'pres': tensor([[7.0013e+04, 5.7350e+04, 4.6977e+04, 3.8480e+04, 3.1520e+04, 2.5819e+04,
         2.1149e+04, 1.7324e+04, 1.4190e+04, 1.1624e+04, 9.5214e+03, 7.7993e+03,
         6.3886e+03, 5.2331e+03, 4.2866e+03, 3.5112e+03, 2.8762e+03, 2.3559e+03,
         1.9298e+03, 1.5808e+03, 1.2949e+03, 1.0607e+03, 8.6881e+02, 7.1167e+02,
         5.8295e+02, 4.7751e+02, 3.9114e+02, 3.2040e+02, 2.6245e+02, 2.1498e+02,
         1.7609e+02, 1.4424e+02, 1.1815e+02, 9.6783e+01, 7.9278e+01, 6.4939e+01,
         5.3193e+01, 4.3572e+01, 3.5691e+01, 2.9236e+01, 2.3948e+01, 1.9616e+01,
         1.6068e+01, 1.3162e+01, 1.0781e+01, 8.8313e+00, 7.2340e+00, 5.9256e+00,
         4.8538e+00, 3.9759e+00, 3.2568e+00, 2.6677e+00, 2.1852e+00, 1.7900e+00,
         1.4662e+00, 1.2010e+00, 9.8378e-01, 8.0585e-01, 6.6009e-01, 5.4070e-01,
         4.4290e-01, 3.6279e-01, 2.9717e-01, 2.4342e-01, 1.9940e-01, 1.6333e-01,
         1.3379e-01, 1.0959e-01, 8.9769e-02, 7.3532e-02, 6.0232e-02, 4.9338e-02,
         4.0414e-02, 3.3104e-02, 2.7117e-02, 2.2212e-02, 1.8195e-02, 1.4904e-02,
         1.2208e-02, 1.0000e-02]], dtype=torch.float64), 'temp': tensor([[205.4618, 201.2298, 197.0104, 192.7578, 188.4262, 183.9399, 179.2336,
         174.2215, 168.8364, 163.0444, 156.9199, 150.5768, 144.2892, 138.4711,
         133.3904, 131.1415, 129.7821, 128.7041, 127.7798, 126.9692, 126.2501,
         125.5890, 124.9770, 124.4210, 123.9017, 123.4110, 122.9621, 122.5419,
         122.1413, 121.7718, 121.4304, 121.0973, 120.7888, 120.4783, 120.1941,
         119.8298, 119.4821, 119.1761, 118.8461, 118.5055, 118.1634, 117.8327,
         117.5111, 117.1989, 116.8956, 116.5979, 116.3064, 116.0242, 115.7495,
         115.4828, 115.2239, 114.9727, 114.7229, 114.4824, 114.2399, 114.0070,
         113.7644, 113.5316, 113.2851, 113.0445, 112.7934, 112.5453, 112.2799,
         112.0273, 111.7445, 111.4840, 111.1865, 110.9100, 110.6015, 110.3194,
         110.0115, 109.7263, 109.4406, 109.1684, 108.9116, 108.6635, 108.4223,
         108.2110, 107.9904, 107.8537]], dtype=torch.float64), 'xCO2': tensor([[0.7142, 0.7474, 0.7733, 0.7694, 0.7424, 0.7033, 0.6486, 0.5738, 0.4768,
         0.3607, 0.2287, 0.1214, 0.0599, 0.0291, 0.0157, 0.0117, 0.0111, 0.0109,
         0.0112, 0.0116, 0.0122, 0.0128, 0.0135, 0.0142, 0.0150, 0.0158, 0.0168,
         0.0178, 0.0189, 0.0202, 0.0216, 0.0233, 0.0253, 0.0289, 0.0331, 0.0413,
         0.0494, 0.0560, 0.0633, 0.0708, 0.0775, 0.0848, 0.0928, 0.1017, 0.1114,
         0.1224, 0.1346, 0.1479, 0.1626, 0.1787, 0.1963, 0.2157, 0.2375, 0.2612,
         0.2870, 0.3150, 0.3452, 0.3778, 0.4139, 0.4523, 0.4931, 0.5359, 0.5807,
         0.6275, 0.6762, 0.7252, 0.7737, 0.8207, 0.8652, 0.9061, 0.9413, 0.9692,
         0.9885, 0.9970, 0.9946, 0.9817, 0.9581, 0.9234, 0.8811, 0.8336]],
       dtype=torch.float64), 'xH2O': tensor([[5.2768e-06, 3.4554e-06, 2.1943e-06, 1.3435e-06, 7.8609e-07, 4.3404e-07,
         2.2189e-07, 1.0218e-07, 4.1014e-08, 1.3981e-08, 4.0671e-09, 1.0117e-09,
         2.1301e-10, 4.4717e-11, 6.6063e-12, 6.3006e-13, 2.0817e-13, 1.4045e-13,
         1.4377e-13, 1.6130e-13, 1.9041e-13, 2.4029e-13, 3.1464e-13, 3.9303e-13,
         4.7916e-13, 6.0935e-13, 7.8719e-13, 1.0255e-12, 1.3461e-12, 1.7586e-12,
         2.2846e-12, 2.8891e-12, 3.4871e-12, 4.1299e-12, 4.7251e-12, 5.5310e-12,
         6.2849e-12, 6.9024e-12, 7.7294e-12, 8.7468e-12, 9.9519e-12, 1.1236e-11,
         1.2588e-11, 1.4004e-11, 1.5479e-11, 1.7000e-11, 1.8559e-11, 2.0160e-11,
         2.1798e-11, 2.3469e-11, 2.5168e-11, 2.6890e-11, 2.8583e-11, 3.0275e-11,
         3.1933e-11, 3.3562e-11, 3.5103e-11, 3.6639e-11, 3.7937e-11, 3.9186e-11,
         4.0321e-11, 4.1369e-11, 4.2274e-11, 4.3218e-11, 4.3780e-11, 4.4448e-11,
         4.4972e-11, 4.5610e-11, 4.6028e-11, 4.6718e-11, 4.7395e-11, 4.8469e-11,
         4.9917e-11, 5.1776e-11, 5.2632e-11, 4.8226e-11, 4.0035e-11, 3.2254e-11,
         2.7028e-11, 2.5083e-11]], dtype=torch.float64), 'xSO2': tensor([[4.3136e-02, 3.6229e-02, 3.0039e-02, 2.4371e-02, 1.9009e-02, 1.4184e-02,
         1.0037e-02, 6.6035e-03, 3.9401e-03, 2.0758e-03, 9.5917e-04, 3.9351e-04,
         1.4394e-04, 5.1097e-05, 2.0434e-05, 1.2634e-05, 1.0803e-05, 9.8625e-06,
         9.3848e-06, 9.1747e-06, 9.1679e-06, 9.2935e-06, 9.5362e-06, 9.9113e-06,
         1.0352e-05, 1.0832e-05, 1.1340e-05, 1.1885e-05, 1.2478e-05, 1.3103e-05,
         1.3767e-05, 1.4508e-05, 1.5409e-05, 1.7259e-05, 1.9540e-05, 2.4077e-05,
         2.8579e-05, 3.2266e-05, 3.5974e-05, 3.9609e-05, 4.3017e-05, 4.6769e-05,
         5.0874e-05, 5.5342e-05, 6.0181e-05, 6.5540e-05, 7.1340e-05, 7.7564e-05,
         8.4223e-05, 9.1328e-05, 9.8885e-05, 1.0697e-04, 1.1569e-04, 1.2484e-04,
         1.3439e-04, 1.4430e-04, 1.5450e-04, 1.6493e-04, 1.7568e-04, 1.8635e-04,
         1.9677e-04, 2.0671e-04, 2.1594e-04, 2.2423e-04, 2.3117e-04, 2.3639e-04,
         2.3959e-04, 2.4051e-04, 2.3888e-04, 2.3419e-04, 2.2670e-04, 2.1627e-04,
         2.0280e-04, 1.8518e-04, 1.6428e-04, 1.4083e-04, 1.1570e-04, 9.0301e-05,
         6.7679e-05, 5.0619e-05]], dtype=torch.float64), 'xH2SO4aer': tensor([[6.5804e-08, 7.4753e-08, 8.6037e-08, 9.9294e-08, 1.1566e-07, 1.3579e-07,
         1.6033e-07, 1.9073e-07, 2.2997e-07, 2.8755e-07, 4.1972e-07, 7.5891e-07,
         8.8270e-07, 2.1270e-07, 7.4920e-09, 4.1859e-10, 2.8764e-10, 2.6303e-10,
         2.5829e-10, 2.6074e-10, 2.6681e-10, 2.7277e-10, 2.7543e-10, 2.7192e-10,
         2.6043e-10, 2.4357e-10, 2.2710e-10, 2.1421e-10, 2.0441e-10, 1.9477e-10,
         1.8284e-10, 1.6616e-10, 1.4925e-10, 1.4550e-10, 1.5063e-10, 1.6966e-10,
         1.8961e-10, 2.0595e-10, 2.0874e-10, 1.9682e-10, 1.6628e-10, 1.3816e-10,
         1.1296e-10, 9.0979e-11, 7.2292e-11, 5.6762e-11, 4.4137e-11, 3.4033e-11,
         2.6043e-11, 1.9787e-11, 1.4931e-11, 1.1196e-11, 8.3517e-12, 6.1873e-12,
         4.5503e-12, 3.3203e-12, 2.4020e-12, 1.7223e-12, 1.2278e-12, 8.6707e-13,
         6.0617e-13, 4.1921e-13, 2.8651e-13, 1.9396e-13, 1.3039e-13, 8.6675e-14,
         5.6881e-14, 3.6834e-14, 2.3535e-14, 1.4964e-14, 9.3113e-15, 5.6184e-15,
         3.2255e-15, 1.7478e-15, 8.3397e-16, 3.1651e-16, 9.5141e-17, 2.9041e-17,
         8.3010e-18, 1.7926e-18]], dtype=torch.float64), 'xS8aer': tensor([[1.4583e-34, 3.1445e-34, 7.9887e-34, 2.4953e-33, 9.6096e-33, 4.0646e-32,
         1.8842e-31, 4.4060e-30, 1.6215e-27, 5.3740e-25, 2.0196e-22, 5.6984e-21,
         1.0039e-20, 2.2545e-21, 5.0037e-23, 1.9274e-25, 2.2537e-26, 6.4044e-27,
         3.1763e-27, 1.6900e-27, 9.1623e-28, 5.4828e-28, 3.4008e-28, 2.0703e-28,
         1.3803e-28, 9.5961e-29, 6.2176e-29, 4.3444e-29, 3.2585e-29, 2.4895e-29,
         2.5019e-29, 2.6672e-29, 2.8757e-29, 3.2614e-29, 3.7195e-29, 4.5946e-29,
         5.4585e-29, 6.1661e-29, 4.9341e-29, 2.4335e-29, 8.5991e-30, 6.1251e-30,
         4.5813e-30, 3.3710e-30, 2.4494e-30, 1.9956e-30, 1.4137e-30, 8.3634e-31,
         3.9046e-31, 9.4465e-32, 4.2834e-33, 1.0000e-40, 1.0000e-40, 1.0000e-40,
         1.0000e-40, 1.0000e-40, 1.0000e-40, 1.0000e-40, 1.0000e-40, 1.0000e-40,
         1.0000e-40, 1.0000e-40, 1.0000e-40, 1.0000e-40, 1.0000e-40, 1.0000e-40,
         1.0000e-40, 1.0000e-40, 1.0000e-40, 1.0000e-40, 1.0000e-40, 1.0000e-40,
         1.0000e-40, 1.0000e-40, 1.0000e-40, 1.0000e-40, 1.0000e-40, 1.0000e-40,
         1.0000e-40, 1.0000e-40]], dtype=torch.float64)}"
1.0152e+06,222.759,7.47634e-08,"{'pres': tensor([[7.0013e+04, 5.7350e+04, 4.6977e+04, 3.8480e+04, 3.1520e+04, 2.5819e+04,
         2.1149e+04, 1.7324e+04, 1.4190e+04, 1.1624e+04, 9.5214e+03, 7.7993e+03,
         6.3886e+03, 5.2331e+03, 4.2866e+03, 3.5112e+03, 2.8762e+03, 2.3559e+03,
         1.9298e+03, 1.5808e+03, 1.2949e+03, 1.0607e+03, 8.6881e+02, 7.1167e+02,
         5.8295e+02, 4.7751e+02, 3.9114e+02, 3.2040e+02, 2.6245e+02, 2.1498e+02,
         1.7609e+02, 1.4424e+02, 1.1815e+02, 9.6783e+01, 7.9278e+01, 6.4939e+01,
         5.3193e+01, 4.3572e+01, 3.5691e+01, 2.9236e+01, 2.3948e+01, 1.9616e+01,
         1.6068e+01, 1.3162e+01, 1.0781e+01, 8.8313e+00, 7.2340e+00, 5.9256e+00,
         4.8538e+00, 3.9759e+00, 3.2568e+00, 2.6677e+00, 2.1852e+00, 1.7900e+00,
         1.4662e+00, 1.2010e+00, 9.8378e-01, 8.0585e-01, 6.6009e-01, 5.4070e-01,
         4.4290e-01, 3.6279e-01, 2.9717e-01, 2.4342e-01, 1.9940e-01, 1.6333e-01,
         1.3379e-01, 1.0959e-01, 8.9769e-02, 7.3532e-02, 6.0232e-02, 4.9338e-02,
         4.0414e-02, 3.3104e-02, 2.7117e-02, 2.2212e-02, 1.8195e-02, 1.4904e-02,
         1.2208e-02, 1.0000e-02]], dtype=torch.float64), 'temp': tensor([[205.4011, 201.2030, 197.0132, 192.7645, 188.4575, 183.9596, 179.2814,
         174.2540, 168.8965, 163.0836, 156.9550, 150.6115, 144.2756, 138.4642,
         133.3895, 131.1419, 129.7825, 128.7044, 127.7801, 126.9695, 126.2504,
         125.5893, 124.9772, 124.4212, 123.9019, 123.4112, 122.9623, 122.5422,
         122.1416, 121.7721, 121.4307, 121.0976, 120.7891, 120.4787, 120.1946,
         119.8306, 119.4832, 119.1770, 118.8469, 118.5062, 118.1641, 117.8335,
         117.5119, 117.1997, 116.8964, 116.5988, 116.3073, 116.0252, 115.7505,
         115.4838, 115.2249, 114.9737, 114.7238, 114.4833, 114.2408, 114.0079,
         113.7652, 113.5323, 113.2859, 113.0452, 112.7940, 112.5459, 112.2805,
         112.0279, 111.7450, 111.4845, 111.1870, 110.9105, 110.6019, 110.3198,
         110.0119, 109.7267, 109.4410, 109.1688, 108.9120, 108.6639, 108.4227,
         108.2114, 107.9908, 107.8541]], dtype=torch.float64), 'xCO2': tensor([[0.7142, 0.7474, 0.7733, 0.7694, 0.7424, 0.7033, 0.6485, 0.5737, 0.4766,
         0.3606, 0.2284, 0.1210, 0.0598, 0.0291, 0.0157, 0.0117, 0.0111, 0.0109,
         0.0112, 0.0116, 0.0122, 0.0128, 0.0135, 0.0142, 0.0150, 0.0158, 0.0167,
         0.0178, 0.0189, 0.0202, 0.0216, 0.0233, 0.0253, 0.0289, 0.0331, 0.0413,
         0.0494, 0.0560, 0.0633, 0.0708, 0.0775, 0.0848, 0.0928, 0.1017, 0.1114,
         0.1224, 0.1346, 0.1479, 0.1626, 0.1787, 0.1963, 0.2157, 0.2375, 0.2612,
         0.2870, 0.3150, 0.3452, 0.3778, 0.4139, 0.4523, 0.4931, 0.5359, 0.5807,
         0.6275, 0.6762, 0.7253, 0.7737, 0.8207, 0.8652, 0.9061, 0.9413, 0.9692,
         0.9885, 0.9970, 0.9946, 0.9817, 0.9581, 0.9234, 0.8811, 0.8336]],
       dtype=torch.float64), 'xH2O': tensor([[5.2963e-06, 3.4617e-06, 2.1954e-06, 1.3424e-06, 7.8507e-07, 4.3303e-07,
         2.2126e-07, 1.0177e-07, 4.0831e-08, 1.3913e-08, 4.0540e-09, 1.0062e-09,
         2.1209e-10, 4.4601e-11, 6.5765e-12, 6.2802e-13, 2.0781e-13, 1.4039e-13,
         1.4375e-13, 1.6130e-13, 1.9042e-13, 2.4030e-13, 3.1467e-13, 3.9307e-13,
         4.7921e-13, 6.0940e-13, 7.8725e-13, 1.0255e-12, 1.3462e-12, 1.7587e-12,
         2.2847e-12, 2.8894e-12, 3.4875e-12, 4.1304e-12, 4.7258e-12, 5.5320e-12,
         6.2861e-12, 6.9038e-12, 7.7308e-12, 8.7483e-12, 9.9538e-12, 1.1238e-11,
         1.2591e-11, 1.4007e-11, 1.5482e-11, 1.7004e-11, 1.8564e-11, 2.0166e-11,
         2.1804e-11, 2.3475e-11, 2.5175e-11, 2.6898e-11, 2.8591e-11, 3.0283e-11,
         3.1941e-11, 3.3570e-11, 3.5112e-11, 3.6648e-11, 3.7946e-11, 3.9195e-11,
         4.0329e-11, 4.1378e-11, 4.2283e-11, 4.3226e-11, 4.3788e-11, 4.4457e-11,
         4.4980e-11, 4.5619e-11, 4.6037e-11, 4.6727e-11, 4.7404e-11, 4.8478e-11,
         4.9927e-11, 5.1786e-11, 5.2642e-11, 4.8234e-11, 4.0041e-11, 3.2259e-11,
         2.7032e-11, 2.5087e-11]], dtype=torch.float64), 'xSO2': tensor([[4.3229e-02, 3.6265e-02, 3.0047e-02, 2.4359e-02, 1.8994e-02, 1.4163e-02,
         1.0019e-02, 6.5866e-03, 3.9288e-03, 2.0693e-03, 9.5713e-04, 3.9203e-04,
         1.4351e-04, 5.1011e-05, 2.0424e-05, 1.2635e-05, 1.0804e-05, 9.8632e-06,
         9.3855e-06, 9.1753e-06, 9.1685e-06, 9.2941e-06, 9.5369e-06, 9.9120e-06,
         1.0353e-05, 1.0832e-05, 1.1339e-05, 1.1884e-05, 1.2477e-05, 1.3103e-05,
         1.3766e-05, 1.4507e-05, 1.5409e-05, 1.7260e-05, 1.9541e-05, 2.4079e-05,
         2.8582e-05, 3.2270e-05, 3.5980e-05, 3.9617e-05, 4.3023e-05, 4.6773e-05,
         5.0876e-05, 5.5342e-05, 6.0180e-05, 6.5538e-05, 7.1338e-05, 7.7563e-05,
         8.4222e-05, 9.1328e-05, 9.8886e-05, 1.0697e-04, 1.1569e-04, 1.2484e-04,
         1.3439e-04, 1.4430e-04, 1.5450e-04, 1.6493e-04, 1.7568e-04, 1.8636e-04,
         1.9677e-04, 2.0672e-04, 2.1595e-04, 2.2423e-04, 2.3117e-04, 2.3640e-04,
         2.3959e-04, 2.4052e-04, 2.3888e-04, 2.3419e-04, 2.2671e-04, 2.1628e-04,
         2.0281e-04, 1.8519e-04, 1.6428e-04, 1.4084e-04, 1.1570e-04, 9.0303e-05,
         6.7681e-05, 5.0621e-05]], dtype=torch.float64), 'xH2SO4aer': tensor([[6.5806e-08, 7.4755e-08, 8.6040e-08, 9.9297e-08, 1.1567e-07, 1.3580e-07,
         1.6033e-07, 1.9074e-07, 2.2998e-07, 2.8756e-07, 4.1979e-07, 7.5913e-07,
         8.8254e-07, 2.1242e-07, 7.4763e-09, 4.1823e-10, 2.8758e-10, 2.6301e-10,
         2.5828e-10, 2.6072e-10, 2.6672e-10, 2.7242e-10, 2.7448e-10, 2.7011e-10,
         2.5788e-10, 2.4095e-10, 2.2510e-10, 2.1310e-10, 2.0395e-10, 1.9464e-10,
         1.8283e-10, 1.6616e-10, 1.4926e-10, 1.4551e-10, 1.5065e-10, 1.6968e-10,
         1.8963e-10, 2.0598e-10, 2.0876e-10, 1.9684e-10, 1.6630e-10, 1.3817e-10,
         1.1296e-10, 9.0987e-11, 7.2298e-11, 5.6767e-11, 4.4142e-11, 3.4037e-11,
         2.6046e-11, 1.9790e-11, 1.4933e-11, 1.1198e-11, 8.3530e-12, 6.1883e-12,
         4.5511e-12, 3.3209e-12, 2.4024e-12, 1.7226e-12, 1.2280e-12, 8.6724e-13,
         6.0629e-13, 4.1929e-13, 2.8657e-13, 1.9401e-13, 1.3042e-13, 8.6695e-14,
         5.6894e-14, 3.6842e-14, 2.3540e-14, 1.4968e-14, 9.3136e-15, 5.6198e-15,
         3.2263e-15, 1.7482e-15, 8.3416e-16, 3.1658e-16, 9.5160e-17, 2.9046e-17,
         8.3025e-18, 1.7929e-18]], dtype=torch.float64), 'xS8aer': tensor([[1.4584e-34, 3.1440e-34, 7.9856e-34, 2.4937e-33, 9.6007e-33, 4.0596e-32,
         1.8815e-31, 4.4029e-30, 1.6220e-27, 5.3799e-25, 2.0256e-22, 5.7051e-21,
         1.0032e-20, 2.2499e-21, 4.9854e-23, 1.9134e-25, 2.2397e-26, 6.3853e-27,
         3.1698e-27, 1.6869e-27, 9.1450e-28, 5.4721e-28, 3.3942e-28, 2.0662e-28,
         1.3771e-28, 9.5664e-29, 6.1940e-29, 4.3283e-29, 3.2473e-29, 2.4834e-29,
         2.4975e-29, 2.6633e-29, 2.8722e-29, 3.2580e-29, 3.7161e-29, 4.5907e-29,
         5.4539e-29, 6.1611e-29, 4.9333e-29, 2.4382e-29, 8.6314e-30, 6.1561e-30,
         4.6113e-30, 3.3984e-30, 2.4727e-30, 2.0141e-30, 1.4298e-30, 8.4912e-31,
         4.0122e-31, 1.0151e-31, 4.9119e-33, 1.0000e-40, 1.0000e-40, 1.0000e-40,
         1.0000e-40, 1.0000e-40, 1.0000e-40, 1.0000e-40, 1.0000e-40, 1.0000e-40,
         1.0000e-40, 1.0000e-40, 1.0000e-40, 1.0000e-40, 1.0000e-40, 1.0000e-40,
         1.0000e-40, 1.0000e-40, 1.0000e-40, 1.0000e-40, 1.0000e-40, 1.0000e-40,
         1.0000e-40, 1.0000e-40, 1.0000e-40, 1.0000e-40, 1.0000e-40, 1.0000e-40,
         1.0000e-40, 1.0000e-40]], dtype=torch.float64)}"
1.0368e+06,222.755,2.39615e-08,"{'pres': tensor([[7.0013e+04, 5.7350e+04, 4.6977e+04, 3.8480e+04, 3.1520e+04, 2.5819e+04,
         2.1149e+04, 1.7324e+04, 1.4190e+04, 1.1624e+04, 9.5214e+03, 7.7993e+03,
         6.3886e+03, 5.2331e+03, 4.2866e+03, 3.5112e+03, 2.8762e+03, 2.3559e+03,
         1.9298e+03, 1.5808e+03, 1.2949e+03, 1.0607e+03, 8.6881e+02, 7.1167e+02,
         5.8295e+02, 4.7751e+02, 3.9114e+02, 3.2040e+02, 2.6245e+02, 2.1498e+02,
         1.7609e+02, 1.4424e+02, 1.1815e+02, 9.6783e+01, 7.9278e+01, 6.4939e+01,
         5.3193e+01, 4.3572e+01, 3.5691e+01, 2.9236e+01, 2.3948e+01, 1.9616e+01,
         1.6068e+01, 1.3162e+01, 1.0781e+01, 8.8313e+00, 7.2340e+00, 5.9256e+00,
         4.8538e+00, 3.9759e+00, 3.2568e+00, 2.6677e+00, 2.1852e+00, 1.7900e+00,
         1.4662e+00, 1.2010e+00, 9.8378e-01, 8.0585e-01, 6.6009e-01, 5.4070e-01,
         4.4290e-01, 3.6279e-01, 2.9717e-01, 2.4342e-01, 1.9940e-01, 1.6333e-01,
         1.3379e-01, 1.0959e-01, 8.9769e-02, 7.3532e-02, 6.0232e-02, 4.9338e-02,
         4.0414e-02, 3.3104e-02, 2.7117e-02, 2.2212e-02, 1.8195e-02, 1.4904e-02,
         1.2208e-02, 1.0000e-02]], dtype=torch.float64), 'temp': tensor([[205.4361, 201.2193, 197.0040, 192.7659, 188.4312, 183.9580, 179.2469,
         174.2464, 168.8569, 163.0682, 156.9271, 150.6043, 144.2619, 138.4573,
         133.3886, 131.1423, 129.7829, 128.7047, 127.7803, 126.9697, 126.2506,
         125.5895, 124.9775, 124.4215, 123.9022, 123.4115, 122.9626, 122.5425,
         122.1419, 121.7724, 121.4310, 121.0979, 120.7895, 120.4791, 120.1951,
         119.8315, 119.4843, 119.1779, 118.8476, 118.5069, 118.1649, 117.8343,
         117.5128, 117.2005, 116.8973, 116.5997, 116.3083, 116.0262, 115.7515,
         115.4848, 115.2259, 114.9747, 114.7248, 114.4843, 114.2418, 114.0089,
         113.7661, 113.5331, 113.2867, 113.0459, 112.7947, 112.5466, 112.2812,
         112.0285, 111.7457, 111.4851, 111.1875, 110.9111, 110.6025, 110.3204,
         110.0125, 109.7273, 109.4415, 109.1693, 108.9125, 108.6644, 108.4231,
         108.2120, 107.9912, 107.8546]], dtype=torch.float64), 'xCO2': tensor([[0.7142, 0.7474, 0.7733, 0.7694, 0.7423, 0.7033, 0.6485, 0.5736, 0.4765,
         0.3605, 0.2290, 0.1214, 0.0597, 0.0290, 0.0157, 0.0117, 0.0111, 0.0109,
         0.0112, 0.0116, 0.0122, 0.0128, 0.0135, 0.0142, 0.0150, 0.0158, 0.0167,
         0.0178, 0.0189, 0.0202, 0.0216, 0.0233, 0.0253, 0.0289, 0.0331, 0.0413,
         0.0494, 0.0560, 0.0633, 0.0708, 0.0775, 0.0848, 0.0928, 0.1017, 0.1114,
         0.1224, 0.1346, 0.1479, 0.1626, 0.1787, 0.1963, 0.2157, 0.2375, 0.2612,
         0.2870, 0.3150, 0.3452, 0.3778, 0.4139, 0.4523, 0.4931, 0.5359, 0.5807,
         0.6275, 0.6762, 0.7253, 0.7737, 0.8207, 0.8652, 0.9061, 0.9413, 0.9692,
         0.9885, 0.9970, 0.9946, 0.9817, 0.9581, 0.9234, 0.8811, 0.8336]],
       dtype=torch.float64), 'xH2O': tensor([[5.2502e-06, 3.4510e-06, 2.1949e-06, 1.3434e-06, 7.8755e-07, 4.3434e-07,
         2.2249e-07, 1.0227e-07, 4.1204e-08, 1.4010e-08, 4.0823e-09, 1.0126e-09,
         2.1165e-10, 4.4491e-11, 6.5472e-12, 6.2601e-13, 2.0746e-13, 1.4032e-13,
         1.4373e-13, 1.6130e-13, 1.9043e-13, 2.4031e-13, 3.1470e-13, 3.9311e-13,
         4.7925e-13, 6.0946e-13, 7.8732e-13, 1.0256e-12, 1.3463e-12, 1.7588e-12,
         2.2849e-12, 2.8897e-12, 3.4878e-12, 4.1309e-12, 4.7265e-12, 5.5330e-12,
         6.2873e-12, 6.9052e-12, 7.7323e-12, 8.7499e-12, 9.9557e-12, 1.1240e-11,
         1.2594e-11, 1.4011e-11, 1.5486e-11, 1.7009e-11, 1.8569e-11, 2.0172e-11,
         2.1811e-11, 2.3482e-11, 2.5183e-11, 2.6905e-11, 2.8599e-11, 3.0292e-11,
         3.1950e-11, 3.3580e-11, 3.5122e-11, 3.6657e-11, 3.7956e-11, 3.9205e-11,
         4.0339e-11, 4.1388e-11, 4.2293e-11, 4.3237e-11, 4.3799e-11, 4.4468e-11,
         4.4991e-11, 4.5630e-11, 4.6048e-11, 4.6739e-11, 4.7416e-11, 4.8491e-11,
         4.9940e-11, 5.1799e-11, 5.2654e-11, 4.8243e-11, 4.0048e-11, 3.2265e-11,
         2.7036e-11, 2.5091e-11]], dtype=torch.float64), 'xSO2': tensor([[4.3010e-02, 3.6205e-02, 3.0044e-02, 2.4370e-02, 1.9030e-02, 1.4190e-02,
         1.0053e-02, 6.6073e-03, 3.9507e-03, 2.0786e-03, 9.6158e-04, 3.9364e-04,
         1.4329e-04, 5.0928e-05, 2.0414e-05, 1.2636e-05, 1.0805e-05, 9.8641e-06,
         9.3862e-06, 9.1760e-06, 9.1692e-06, 9.2948e-06, 9.5376e-06, 9.9126e-06,
         1.0353e-05, 1.0832e-05, 1.1339e-05, 1.1884e-05, 1.2477e-05, 1.3102e-05,
         1.3766e-05, 1.4507e-05, 1.5409e-05, 1.7260e-05, 1.9542e-05, 2.4082e-05,
         2.8585e-05, 3.2274e-05, 3.5987e-05, 3.9625e-05, 4.3030e-05, 4.6777e-05,
         5.0878e-05, 5.5343e-05, 6.0179e-05, 6.5537e-05, 7.1337e-05, 7.7562e-05,
         8.4222e-05, 9.1328e-05, 9.8887e-05, 1.0697e-04, 1.1569e-04, 1.2484e-04,
         1.3439e-04, 1.4430e-04, 1.5450e-04, 1.6493e-04, 1.7569e-04, 1.8636e-04,
         1.9677e-04, 2.0672e-04, 2.1595e-04, 2.2424e-04, 2.3118e-04, 2.3640e-04,
         2.3960e-04, 2.4052e-04, 2.3889e-04, 2.3420e-04, 2.2671e-04, 2.1628e-04,
         2.0281e-04, 1.8519e-04, 1.6429e-04, 1.4084e-04, 1.1570e-04, 9.0305e-05,
         6.7682e-05, 5.0622e-05]], dtype=torch.float64), 'xH2SO4aer': tensor([[6.5809e-08, 7.4757e-08, 8.6043e-08, 9.9300e-08, 1.1567e-07, 1.3580e-07,
         1.6034e-07, 1.9074e-07, 2.2998e-07, 2.8758e-07, 4.1986e-07, 7.5936e-07,
         8.8237e-07, 2.1213e-07, 7.4606e-09, 4.1786e-10, 2.8752e-10, 2.6299e-10,
         2.5826e-10, 2.6069e-10, 2.6661e-10, 2.7202e-10, 2.7346e-10, 2.6824e-10,
         2.5532e-10, 2.3843e-10, 2.2326e-10, 2.1211e-10, 2.0356e-10, 1.9453e-10,
         1.8282e-10, 1.6617e-10, 1.4928e-10, 1.4553e-10, 1.5066e-10, 1.6970e-10,
         1.8965e-10, 2.0600e-10, 2.0878e-10, 1.9686e-10, 1.6631e-10, 1.3818e-10,
         1.1297e-10, 9.0994e-11, 7.2304e-11, 5.6773e-11, 4.4147e-11, 3.4041e-11,
         2.6049e-11, 1.9792e-11, 1.4935e-11, 1.1200e-11, 8.3543e-12, 6.1893e-12,
         4.5519e-12, 3.3215e-12, 2.4028e-12, 1.7229e-12, 1.2282e-12, 8.6742e-13,
         6.0642e-13, 4.1938e-13, 2.8663e-13, 1.9405e-13, 1.3045e-13, 8.6716e-14,
         5.6909e-14, 3.6852e-14, 2.3547e-14, 1.4972e-14, 9.3164e-15, 5.6214e-15,
         3.2273e-15, 1.7487e-15, 8.3434e-16, 3.1663e-16, 9.5173e-17, 2.9050e-17,
         8.3036e-18, 1.7931e-18]], dtype=torch.float64), 'xS8aer': tensor([[1.4584e-34, 3.1435e-34, 7.9826e-34, 2.4922e-33, 9.5918e-33, 4.0545e-32,
         1.8787e-31, 4.3999e-30, 1.6225e-27, 5.3859e-25, 2.0316e-22, 5.7095e-21,
         1.0024e-20, 2.2453e-21, 4.9671e-23, 1.8997e-25, 2.2261e-26, 6.3667e-27,
         3.1636e-27, 1.6839e-27, 9.1281e-28, 5.4617e-28, 3.3878e-28, 2.0621e-28,
         1.3738e-28, 9.5371e-29, 6.1715e-29, 4.3129e-29, 3.2362e-29, 2.4774e-29,
         2.4933e-29, 2.6596e-29, 2.8690e-29, 3.2547e-29, 3.7124e-29, 4.5862e-29,
         5.4486e-29, 6.1551e-29, 4.9314e-29, 2.4417e-29, 8.6520e-30, 6.1738e-30,
         4.6269e-30, 3.4111e-30, 2.4812e-30, 2.0207e-30, 1.4318e-30, 8.5009e-31,
         3.9852e-31, 9.7932e-32, 4.5436e-33, 1.0000e-40, 1.0000e-40, 1.0000e-40,
         1.0000e-40, 1.0000e-40, 1.0000e-40, 1.0000e-40, 1.0000e-40, 1.0000e-40,
         1.0000e-40, 1.0000e-40, 1.0000e-40, 1.0000e-40, 1.0000e-40, 1.0000e-40,
         1.0000e-40, 1.0000e-40, 1.0000e-40, 1.0000e-40, 1.0000e-40, 1.0000e-40,
         1.0000e-40, 1.0000e-40, 1.0000e-40, 1.0000e-40, 1.0000e-40, 1.0000e-40,
         1.0000e-40, 1.0000e-40]], dtype=torch.float64)}"
1.0584e+06,222.755,2.87799e-08,"{'pres': tensor([[7.0013e+04, 5.7350e+04, 4.6977e+04, 3.8480e+04, 3.1520e+04, 2.5819e+04,
         2.1149e+04, 1.7324e+04, 1.4190e+04, 1.1624e+04, 9.5214e+03, 7.7993e+03,
         6.3886e+03, 5.2331e+03, 4.2866e+03, 3.5112e+03, 2.8762e+03, 2.3559e+03,
         1.9298e+03, 1.5808e+03, 1.2949e+03, 1.0607e+03, 8.6881e+02, 7.1167e+02,
         5.8295e+02, 4.7751e+02, 3.9114e+02, 3.2040e+02, 2.6245e+02, 2.1498e+02,
         1.7609e+02, 1.4424e+02, 1.1815e+02, 9.6783e+01, 7.9278e+01, 6.4939e+01,
         5.3193e+01, 4.3572e+01, 3.5691e+01, 2.9236e+01, 2.3948e+01, 1.9616e+01,
         1.6068e+01, 1.3162e+01, 1.0781e+01, 8.8313e+00, 7.2340e+00, 5.9256e+00,
         4.8538e+00, 3.9759e+00, 3.2568e+00, 2.6677e+00, 2.1852e+00, 1.7900e+00,
         1.4662e+00, 1.2010e+00, 9.8378e-01, 8.0585e-01, 6.6009e-01, 5.4070e-01,
         4.4290e-01, 3.6279e-01, 2.9717e-01, 2.4342e-01, 1.9940e-01, 1.6333e-01,
         1.3379e-01, 1.0959e-01, 8.9769e-02, 7.3532e-02, 6.0232e-02, 4.9338e-02,
         4.0414e-02, 3.3104e-02, 2.7117e-02, 2.2212e-02, 1.8195e-02, 1.4904e-02,
         1.2208e-02, 1.0000e-02]], dtype=torch.float64), 'temp': tensor([[205.4617, 201.2296, 197.0103, 192.7577, 188.4261, 183.9397, 179.2334,
         174.2213, 168.8361, 163.0440, 156.9195, 150.5761, 144.2481, 138.4505,
         133.3876, 131.1427, 129.7833, 128.7050, 127.7806, 126.9700, 126.2509,
         125.5898, 124.9778, 124.4217, 123.9025, 123.4118, 122.9629, 122.5428,
         122.1422, 121.7727, 121.4313, 121.0982, 120.7899, 120.4795, 120.1956,
         119.8324, 119.4854, 119.1787, 118.8483, 118.5076, 118.1656, 117.8351,
         117.5136, 117.2014, 116.8981, 116.6006, 116.3093, 116.0272, 115.7525,
         115.4858, 115.2269, 114.9756, 114.7258, 114.4853, 114.2426, 114.0097,
         113.7669, 113.5339, 113.2874, 113.0466, 112.7954, 112.5472, 112.2818,
         112.0291, 111.7462, 111.4857, 111.1880, 110.9116, 110.6029, 110.3209,
         110.0129, 109.7277, 109.4419, 109.1697, 108.9129, 108.6648, 108.4235,
         108.2124, 107.9916, 107.8550]], dtype=torch.float64), 'xCO2': tensor([[0.7142, 0.7474, 0.7733, 0.7694, 0.7423, 0.7032, 0.6484, 0.5735, 0.4764,
         0.3605, 0.2286, 0.1212, 0.0596, 0.0290, 0.0157, 0.0118, 0.0111, 0.0109,
         0.0112, 0.0116, 0.0122, 0.0128, 0.0135, 0.0142, 0.0150, 0.0158, 0.0167,
         0.0178, 0.0189, 0.0202, 0.0216, 0.0233, 0.0253, 0.0289, 0.0331, 0.0413,
         0.0494, 0.0560, 0.0633, 0.0708, 0.0775, 0.0848, 0.0928, 0.1017, 0.1114,
         0.1224, 0.1346, 0.1479, 0.1626, 0.1787, 0.1963, 0.2157, 0.2375, 0.2612,
         0.2870, 0.3150, 0.3452, 0.3778, 0.4139, 0.4523, 0.4931, 0.5360, 0.5807,
         0.6275, 0.6762, 0.7253, 0.7737, 0.8207, 0.8652, 0.9061, 0.9413, 0.9692,
         0.9885, 0.9970, 0.9946, 0.9817, 0.9581, 0.9234, 0.8810, 0.8336]],
       dtype=torch.float64), 'xH2O': tensor([[5.2767e-06, 3.4554e-06, 2.1942e-06, 1.3435e-06, 7.8607e-07, 4.3403e-07,
         2.2188e-07, 1.0217e-07, 4.1012e-08, 1.3980e-08, 4.0666e-09, 1.0105e-09,
         2.1095e-10, 4.4378e-11, 6.5182e-12, 6.2403e-13, 2.0712e-13, 1.4026e-13,
         1.4372e-13, 1.6130e-13, 1.9043e-13, 2.4033e-13, 3.1472e-13, 3.9315e-13,
         4.7930e-13, 6.0951e-13, 7.8739e-13, 1.0257e-12, 1.3464e-12, 1.7590e-12,
         2.2851e-12, 2.8899e-12, 3.4882e-12, 4.1314e-12, 4.7272e-12, 5.5339e-12,
         6.2885e-12, 6.9066e-12, 7.7337e-12, 8.7514e-12, 9.9576e-12, 1.1243e-11,
         1.2597e-11, 1.4014e-11, 1.5489e-11, 1.7013e-11, 1.8574e-11, 2.0177e-11,
         2.1817e-11, 2.3489e-11, 2.5189e-11, 2.6913e-11, 2.8607e-11, 3.0300e-11,
         3.1959e-11, 3.3588e-11, 3.5130e-11, 3.6666e-11, 3.7965e-11, 3.9213e-11,
         4.0348e-11, 4.1397e-11, 4.2302e-11, 4.3245e-11, 4.3807e-11, 4.4477e-11,
         4.5000e-11, 4.5640e-11, 4.6057e-11, 4.6748e-11, 4.7426e-11, 4.8501e-11,
         4.9950e-11, 5.1809e-11, 5.2664e-11, 4.8251e-11, 4.0054e-11, 3.2270e-11,
         2.7040e-11, 2.5095e-11]], dtype=torch.float64), 'xSO2': tensor([[4.3136e-02, 3.6229e-02, 3.0038e-02, 2.4371e-02, 1.9009e-02, 1.4184e-02,
         1.0037e-02, 6.6033e-03, 3.9399e-03, 2.0757e-03, 9.5909e-04, 3.9311e-04,
         1.4295e-04, 5.0844e-05, 2.0404e-05, 1.2637e-05, 1.0806e-05, 9.8648e-06,
         9.3869e-06, 9.1766e-06, 9.1698e-06, 9.2954e-06, 9.5382e-06, 9.9131e-06,
         1.0353e-05, 1.0832e-05, 1.1339e-05, 1.1883e-05, 1.2476e-05, 1.3102e-05,
         1.3765e-05, 1.4507e-05, 1.5409e-05, 1.7261e-05, 1.9544e-05, 2.4084e-05,
         2.8589e-05, 3.2279e-05, 3.5993e-05, 3.9633e-05, 4.3036e-05, 4.6782e-05,
         5.0881e-05, 5.5343e-05, 6.0179e-05, 6.5536e-05, 7.1336e-05, 7.7561e-05,
         8.4222e-05, 9.1328e-05, 9.8887e-05, 1.0697e-04, 1.1569e-04, 1.2484e-04,
         1.3440e-04, 1.4431e-04, 1.5451e-04, 1.6494e-04, 1.7569e-04, 1.8636e-04,
         1.9678e-04, 2.0672e-04, 2.1596e-04, 2.2424e-04, 2.3118e-04, 2.3641e-04,
         2.3960e-04, 2.4053e-04, 2.3889e-04, 2.3420e-04, 2.2672e-04, 2.1629e-04,
         2.0281e-04, 1.8519e-04, 1.6429e-04, 1.4084e-04, 1.1570e-04, 9.0307e-05,
         6.7684e-05, 5.0623e-05]], dtype=torch.float64), 'xH2SO4aer': tensor([[6.5811e-08, 7.4760e-08, 8.6045e-08, 9.9303e-08, 1.1567e-07, 1.3580e-07,
         1.6034e-07, 1.9075e-07, 2.2999e-07, 2.8759e-07, 4.1993e-07, 7.5959e-07,
         8.8220e-07, 2.1184e-07, 7.4448e-09, 4.1751e-10, 2.8746e-10, 2.6296e-10,
         2.5825e-10, 2.6066e-10, 2.6649e-10, 2.7158e-10, 2.7237e-10, 2.6630e-10,
         2.5278e-10, 2.3602e-10, 2.2157e-10, 2.1125e-10, 2.0324e-10, 1.9445e-10,
         1.8281e-10, 1.6618e-10, 1.4929e-10, 1.4554e-10, 1.5068e-10, 1.6972e-10,
         1.8968e-10, 2.0602e-10, 2.0881e-10, 1.9688e-10, 1.6633e-10, 1.3820e-10,
         1.1298e-10, 9.1002e-11, 7.2311e-11, 5.6778e-11, 4.4151e-11, 3.4045e-11,
         2.6052e-11, 1.9795e-11, 1.4937e-11, 1.1201e-11, 8.3556e-12, 6.1903e-12,
         4.5526e-12, 3.3221e-12, 2.4033e-12, 1.7232e-12, 1.2285e-12, 8.6758e-13,
         6.0653e-13, 4.1947e-13, 2.8669e-13, 1.9409e-13, 1.3048e-13, 8.6735e-14,
         5.6921e-14, 3.6861e-14, 2.3553e-14, 1.4975e-14, 9.3186e-15, 5.6228e-15,
         3.2280e-15, 1.7491e-15, 8.3452e-16, 3.1668e-16, 9.5189e-17, 2.9054e-17,
         8.3049e-18, 1.7934e-18]], dtype=torch.float64), 'xS8aer': tensor([[1.4585e-34, 3.1430e-34, 7.9795e-34, 2.4906e-33, 9.5829e-33, 4.0495e-32,
         1.8759e-31, 4.3968e-30, 1.6231e-27, 5.3919e-25, 2.0375e-22, 5.7155e-21,
         1.0017e-20, 2.2406e-21, 4.9488e-23, 1.8861e-25, 2.2129e-26, 6.3488e-27,
         3.1576e-27, 1.6810e-27, 9.1121e-28, 5.4519e-28, 3.3818e-28, 2.0582e-28,
         1.3707e-28, 9.5101e-29, 6.1512e-29, 4.2993e-29, 3.2264e-29, 2.4718e-29,
         2.4894e-29, 2.6561e-29, 2.8659e-29, 3.2517e-29, 3.7093e-29, 4.5826e-29,
         5.4446e-29, 6.1506e-29, 4.9309e-29, 2.4461e-29, 8.6810e-30, 6.1996e-30,
         4.6509e-30, 3.4325e-30, 2.5000e-30, 2.0331e-30, 1.4431e-30, 8.5955e-31,
         4.0817e-31, 1.0468e-31, 5.1514e-33, 1.0000e-40, 1.0000e-40, 1.0000e-40,
         1.0000e-40, 1.0000e-40, 1.0000e-40, 1.0000e-40, 1.0000e-40, 1.0000e-40,
         1.0000e-40, 1.0000e-40, 1.0000e-40, 1.0000e-40, 1.0000e-40, 1.0000e-40,
         1.0000e-40, 1.0000e-40, 1.0000e-40, 1.0000e-40, 1.0000e-40, 1.0000e-40,
         1.0000e-40, 1.0000e-40, 1.0000e-40, 1.0000e-40, 1.0000e-40, 1.0000e-40,
         1.0000e-40, 1.0000e-40]], dtype=torch.float64)}"
1.08e+06,222.759,7.47608e-08,"{'pres': tensor([[7.0013e+04, 5.7350e+04, 4.6977e+04, 3.8480e+04, 3.1520e+04, 2.5819e+04,
         2.1149e+04, 1.7324e+04, 1.4190e+04, 1.1624e+04, 9.5214e+03, 7.7993e+03,
         6.3886e+03, 5.2331e+03, 4.2866e+03, 3.5112e+03, 2.8762e+03, 2.3559e+03,
         1.9298e+03, 1.5808e+03, 1.2949e+03, 1.0607e+03, 8.6881e+02, 7.1167e+02,
         5.8295e+02, 4.7751e+02, 3.9114e+02, 3.2040e+02, 2.6245e+02, 2.1498e+02,
         1.7609e+02, 1.4424e+02, 1.1815e+02, 9.6783e+01, 7.9278e+01, 6.4939e+01,
         5.3193e+01, 4.3572e+01, 3.5691e+01, 2.9236e+01, 2.3948e+01, 1.9616e+01,
         1.6068e+01, 1.3162e+01, 1.0781e+01, 8.8313e+00, 7.2340e+00, 5.9256e+00,
         4.8538e+00, 3.9759e+00, 3.2568e+00, 2.6677e+00, 2.1852e+00, 1.7900e+00,
         1.4662e+00, 1.2010e+00, 9.8378e-01, 8.0585e-01, 6.6009e-01, 5.4070e-01,
         4.4290e-01, 3.6279e-01, 2.9717e-01, 2.4342e-01, 1.9940e-01, 1.6333e-01,
         1.3379e-01, 1.0959e-01, 8.9769e-02, 7.3532e-02, 6.0232e-02, 4.9338e-02,
         4.0414e-02, 3.3104e-02, 2.7117e-02, 2.2212e-02, 1.8195e-02, 1.4904e-02,
         1.2208e-02, 1.0000e-02]], dtype=torch.float64), 'temp': tensor([[205.4010, 201.2028, 197.0131, 192.7644, 188.4574, 183.9594, 179.2812,
         174.2532, 168.8957, 163.0800, 156.9514, 150.5989, 144.2630, 138.4436,
         133.3867, 131.1431, 129.7837, 128.7053, 127.7809, 126.9703, 126.2511,
         125.5900, 124.9780, 124.4220, 123.9027, 123.4121, 122.9632, 122.5430,
         122.1425, 121.7730, 121.4316, 121.0986, 120.7902, 120.4799, 120.1961,
         119.8333, 119.4864, 119.1796, 118.8490, 118.5082, 118.1663, 117.8359,
         117.5144, 117.2022, 116.8989, 116.6015, 116.3102, 116.0282, 115.7535,
         115.4868, 115.2278, 114.9765, 114.7267, 114.4862, 114.2435, 114.0105,
         113.7677, 113.5346, 113.2881, 113.0473, 112.7959, 112.5478, 112.2823,
         112.0296, 111.7466, 111.4861, 111.1884, 110.9120, 110.6033, 110.3213,
         110.0133, 109.7281, 109.4423, 109.1701, 108.9133, 108.6652, 108.4238,
         108.2129, 107.9919, 107.8554]], dtype=torch.float64), 'xCO2': tensor([[0.7142, 0.7474, 0.7733, 0.7694, 0.7423, 0.7032, 0.6484, 0.5734, 0.4763,
         0.3604, 0.2284, 0.1209, 0.0594, 0.0290, 0.0157, 0.0118, 0.0111, 0.0110,
         0.0112, 0.0116, 0.0122, 0.0128, 0.0135, 0.0142, 0.0150, 0.0158, 0.0167,
         0.0178, 0.0189, 0.0202, 0.0216, 0.0233, 0.0253, 0.0289, 0.0331, 0.0413,
         0.0494, 0.0560, 0.0633, 0.0708, 0.0775, 0.0848, 0.0928, 0.1017, 0.1114,
         0.1224, 0.1346, 0.1479, 0.1626, 0.1787, 0.1963, 0.2157, 0.2375, 0.2612,
         0.2870, 0.3150, 0.3452, 0.3778, 0.4139, 0.4523, 0.4931, 0.5360, 0.5807,
         0.6275, 0.6762, 0.7253, 0.7737, 0.8207, 0.8652, 0.9061, 0.9413, 0.9692,
         0.9885, 0.9970, 0.9946, 0.9817, 0.9581, 0.9234, 0.8810, 0.8336]],
       dtype=torch.float64), 'xH2O': tensor([[5.2963e-06, 3.4616e-06, 2.1954e-06, 1.3423e-06, 7.8505e-07, 4.3302e-07,
         2.2125e-07, 1.0177e-07, 4.0829e-08, 1.3912e-08, 4.0536e-09, 1.0050e-09,
         2.1004e-10, 4.4264e-11, 6.4896e-12, 6.2208e-13, 2.0678e-13, 1.4019e-13,
         1.4370e-13, 1.6129e-13, 1.9044e-13, 2.4034e-13, 3.1475e-13, 3.9318e-13,
         4.7934e-13, 6.0956e-13, 7.8745e-13, 1.0258e-12, 1.3465e-12, 1.7591e-12,
         2.2853e-12, 2.8902e-12, 3.4885e-12, 4.1319e-12, 4.7279e-12, 5.5349e-12,
         6.2897e-12, 6.9079e-12, 7.7352e-12, 8.7529e-12, 9.9595e-12, 1.1245e-11,
         1.2599e-11, 1.4017e-11, 1.5493e-11, 1.7017e-11, 1.8579e-11, 2.0183e-11,
         2.1823e-11, 2.3495e-11, 2.5196e-11, 2.6920e-11, 2.8614e-11, 3.0308e-11,
         3.1967e-11, 3.3597e-11, 3.5139e-11, 3.6674e-11, 3.7973e-11, 3.9221e-11,
         4.0356e-11, 4.1405e-11, 4.2310e-11, 4.3253e-11, 4.3815e-11, 4.4485e-11,
         4.5008e-11, 4.5648e-11, 4.6065e-11, 4.6756e-11, 4.7434e-11, 4.8509e-11,
         4.9959e-11, 5.1818e-11, 5.2673e-11, 4.8259e-11, 4.0061e-11, 3.2275e-11,
         2.7045e-11, 2.5099e-11]], dtype=torch.float64), 'xSO2': tensor([[4.3228e-02, 3.6265e-02, 3.0046e-02, 2.4358e-02, 1.8994e-02, 1.4163e-02,
         1.0019e-02, 6.5864e-03, 3.9287e-03, 2.0692e-03, 9.5705e-04, 3.9163e-04,
         1.4253e-04, 5.0759e-05, 2.0395e-05, 1.2638e-05, 1.0807e-05, 9.8656e-06,
         9.3876e-06, 9.1773e-06, 9.1704e-06, 9.2960e-06, 9.5389e-06, 9.9138e-06,
         1.0354e-05, 1.0832e-05, 1.1339e-05, 1.1883e-05, 1.2476e-05, 1.3101e-05,
         1.3764e-05, 1.4506e-05, 1.5409e-05, 1.7261e-05, 1.9545e-05, 2.4086e-05,
         2.8592e-05, 3.2283e-05, 3.5999e-05, 3.9641e-05, 4.3043e-05, 4.6786e-05,
         5.0883e-05, 5.5344e-05, 6.0178e-05, 6.5535e-05, 7.1335e-05, 7.7560e-05,
         8.4222e-05, 9.1329e-05, 9.8888e-05, 1.0697e-04, 1.1569e-04, 1.2484e-04,
         1.3440e-04, 1.4431e-04, 1.5451e-04, 1.6494e-04, 1.7570e-04, 1.8637e-04,
         1.9678e-04, 2.0673e-04, 2.1596e-04, 2.2425e-04, 2.3119e-04, 2.3641e-04,
         2.3961e-04, 2.4053e-04, 2.3890e-04, 2.3421e-04, 2.2672e-04, 2.1629e-04,
         2.0282e-04, 1.8520e-04, 1.6430e-04, 1.4085e-04, 1.1571e-04, 9.0309e-05,
         6.7685e-05, 5.0624e-05]], dtype=torch.float64), 'xH2SO4aer': tensor([[6.5813e-08, 7.4762e-08, 8.6048e-08, 9.9306e-08, 1.1568e-07, 1.3581e-07,
         1.6035e-07, 1.9075e-07, 2.3000e-07, 2.8760e-07, 4.2000e-07, 7.5982e-07,
         8.8203e-07, 2.1155e-07, 7.4291e-09, 4.1715e-10, 2.8741e-10, 2.6294e-10,
         2.5823e-10, 2.6063e-10, 2.6634e-10, 2.7109e-10, 2.7121e-10, 2.6431e-10,
         2.5027e-10, 2.3373e-10, 2.2002e-10, 2.1050e-10, 2.0297e-10, 1.9439e-10,
         1.8281e-10, 1.6619e-10, 1.4930e-10, 1.4556e-10, 1.5070e-10, 1.6974e-10,
         1.8970e-10, 2.0605e-10, 2.0883e-10, 1.9690e-10, 1.6635e-10, 1.3821e-10,
         1.1299e-10, 9.1009e-11, 7.2317e-11, 5.6784e-11, 4.4156e-11, 3.4049e-11,
         2.6055e-11, 1.9797e-11, 1.4939e-11, 1.1203e-11, 8.3568e-12, 6.1913e-12,
         4.5534e-12, 3.3226e-12, 2.4037e-12, 1.7235e-12, 1.2287e-12, 8.6774e-13,
         6.0665e-13, 4.1955e-13, 2.8675e-13, 1.9413e-13, 1.3050e-13, 8.6754e-14,
         5.6933e-14, 3.6869e-14, 2.3558e-14, 1.4979e-14, 9.3208e-15, 5.6241e-15,
         3.2288e-15, 1.7495e-15, 8.3470e-16, 3.1675e-16, 9.5207e-17, 2.9059e-17,
         8.3064e-18, 1.7937e-18]], dtype=torch.float64), 'xS8aer': tensor([[1.4586e-34, 3.1425e-34, 7.9765e-34, 2.4890e-33, 9.5740e-33, 4.0445e-32,
         1.8732e-31, 4.3938e-30, 1.6237e-27, 5.3980e-25, 2.0435e-22, 5.7222e-21,
         1.0010e-20, 2.2360e-21, 4.9306e-23, 1.8728e-25, 2.2000e-26, 6.3314e-27,
         3.1517e-27, 1.6782e-27, 9.0966e-28, 5.4424e-28, 3.3760e-28, 2.0545e-28,
         1.3676e-28, 9.4839e-29, 6.1321e-29, 4.2866e-29, 3.2169e-29, 2.4666e-29,
         2.4857e-29, 2.6530e-29, 2.8631e-29, 3.2489e-29, 3.7063e-29, 4.5790e-29,
         5.4405e-29, 6.1461e-29, 4.9304e-29, 2.4505e-29, 8.7098e-30, 6.2253e-30,
         4.6752e-30, 3.4558e-30, 2.5212e-30, 2.0508e-30, 1.4604e-30, 8.7475e-31,
         4.1951e-31, 1.0945e-31, 5.4814e-33, 1.0000e-40, 1.0000e-40, 1.0000e-40,
         1.0000e-40, 1.0000e-40, 1.0000e-40, 1.0000e-40, 1.0000e-40, 1.0000e-40,
         1.0000e-40, 1.0000e-40, 1.0000e-40, 1.0000e-40, 1.0000e-40, 1.0000e-40,
         1.0000e-40, 1.0000e-40, 1.0000e-40, 1.0000e-40, 1.0000e-40, 1.0000e-40,
         1.0000e-40, 1.0000e-40, 1.0000e-40, 1.0000e-40, 1.0000e-40, 1.0000e-40,
         1.0000e-40, 1.0000e-40]], dtype=torch.float64)}"
1.1016e+06,222.755,2.39825e-08,"{'pres': tensor([[7.0013e+04, 5.7350e+04, 4.6977e+04, 3.8480e+04, 3.1520e+04, 2.5819e+04,
         2.1149e+04, 1.7324e+04, 1.4190e+04, 1.1624e+04, 9.5214e+03, 7.7993e+03,
         6.3886e+03, 5.2331e+03, 4.2866e+03, 3.5112e+03, 2.8762e+03, 2.3559e+03,
         1.9298e+03, 1.5808e+03, 1.2949e+03, 1.0607e+03, 8.6881e+02, 7.1167e+02,
         5.8295e+02, 4.7751e+02, 3.9114e+02, 3.2040e+02, 2.6245e+02, 2.1498e+02,
         1.7609e+02, 1.4424e+02, 1.1815e+02, 9.6783e+01, 7.9278e+01, 6.4939e+01,
         5.3193e+01, 4.3572e+01, 3.5691e+01, 2.9236e+01, 2.3948e+01, 1.9616e+01,
         1.6068e+01, 1.3162e+01, 1.0781e+01, 8.8313e+00, 7.2340e+00, 5.9256e+00,
         4.8538e+00, 3.9759e+00, 3.2568e+00, 2.6677e+00, 2.1852e+00, 1.7900e+00,
         1.4662e+00, 1.2010e+00, 9.8378e-01, 8.0585e-01, 6.6009e-01, 5.4070e-01,
         4.4290e-01, 3.6279e-01, 2.9717e-01, 2.4342e-01, 1.9940e-01, 1.6333e-01,
         1.3379e-01, 1.0959e-01, 8.9769e-02, 7.3532e-02, 6.0232e-02, 4.9338e-02,
         4.0414e-02, 3.3104e-02, 2.7117e-02, 2.2212e-02, 1.8195e-02, 1.4904e-02,
         1.2208e-02, 1.0000e-02]], dtype=torch.float64), 'temp': tensor([[205.4359, 201.2192, 197.0039, 192.7658, 188.4311, 183.9578, 179.2465,
         174.2458, 168.8550, 163.0656, 156.9199, 150.5969, 144.2493, 138.4368,
         133.3858, 131.1436, 129.7840, 128.7056, 127.7812, 126.9705, 126.2513,
         125.5902, 124.9783, 124.4222, 123.9030, 123.4123, 122.9634, 122.5433,
         122.1428, 121.7733, 121.4319, 121.0989, 120.7906, 120.4803, 120.1966,
         119.8342, 119.4875, 119.1805, 118.8497, 118.5089, 118.1671, 117.8367,
         117.5152, 117.2030, 116.8998, 116.6024, 116.3112, 116.0292, 115.7545,
         115.4878, 115.2288, 114.9775, 114.7277, 114.4871, 114.2444, 114.0114,
         113.7685, 113.5353, 113.2889, 113.0480, 112.7966, 112.5485, 112.2830,
         112.0302, 111.7473, 111.4868, 111.1890, 110.9126, 110.6039, 110.3219,
         110.0138, 109.7286, 109.4429, 109.1706, 108.9138, 108.6657, 108.4243,
         108.2134, 107.9924, 107.8559]], dtype=torch.float64), 'xCO2': tensor([[0.7142, 0.7474, 0.7733, 0.7694, 0.7423, 0.7032, 0.6483, 0.5733, 0.4762,
         0.3603, 0.2289, 0.1212, 0.0595, 0.0290, 0.0157, 0.0118, 0.0111, 0.0110,
         0.0112, 0.0116, 0.0122, 0.0128, 0.0135, 0.0142, 0.0150, 0.0158, 0.0167,
         0.0178, 0.0189, 0.0202, 0.0216, 0.0233, 0.0253, 0.0289, 0.0331, 0.0413,
         0.0494, 0.0560, 0.0633, 0.0708, 0.0775, 0.0848, 0.0928, 0.1017, 0.1114,
         0.1224, 0.1346, 0.1479, 0.1626, 0.1787, 0.1963, 0.2157, 0.2375, 0.2612,
         0.2870, 0.3150, 0.3452, 0.3778, 0.4139, 0.4523, 0.4931, 0.5360, 0.5807,
         0.6275, 0.6762, 0.7253, 0.7737, 0.8207, 0.8652, 0.9061, 0.9413, 0.9692,
         0.9885, 0.9970, 0.9946, 0.9817, 0.9581, 0.9234, 0.8810, 0.8336]],
       dtype=torch.float64), 'xH2O': tensor([[5.2502e-06, 3.4509e-06, 2.1949e-06, 1.3434e-06, 7.8753e-07, 4.3432e-07,
         2.2247e-07, 1.0226e-07, 4.1197e-08, 1.4001e-08, 4.0785e-09, 1.0100e-09,
         2.1076e-10, 4.4224e-11, 6.4620e-12, 6.2016e-13, 2.0644e-13, 1.4013e-13,
         1.4368e-13, 1.6129e-13, 1.9044e-13, 2.4035e-13, 3.1477e-13, 3.9322e-13,
         4.7938e-13, 6.0962e-13, 7.8752e-13, 1.0259e-12, 1.3466e-12, 1.7592e-12,
         2.2854e-12, 2.8904e-12, 3.4888e-12, 4.1325e-12, 4.7286e-12, 5.5359e-12,
         6.2909e-12, 6.9093e-12, 7.7366e-12, 8.7544e-12, 9.9614e-12, 1.1247e-11,
         1.2602e-11, 1.4020e-11, 1.5497e-11, 1.7021e-11, 1.8584e-11, 2.0188e-11,
         2.1829e-11, 2.3502e-11, 2.5203e-11, 2.6927e-11, 2.8622e-11, 3.0316e-11,
         3.1975e-11, 3.3605e-11, 3.5148e-11, 3.6683e-11, 3.7983e-11, 3.9231e-11,
         4.0366e-11, 4.1414e-11, 4.2320e-11, 4.3263e-11, 4.3826e-11, 4.4496e-11,
         4.5019e-11, 4.5659e-11, 4.6076e-11, 4.6768e-11, 4.7446e-11, 4.8522e-11,
         4.9972e-11, 5.1831e-11, 5.2684e-11, 4.8267e-11, 4.0067e-11, 3.2280e-11,
         2.7049e-11, 2.5102e-11]], dtype=torch.float64), 'xSO2': tensor([[4.3010e-02, 3.6204e-02, 3.0044e-02, 2.4370e-02, 1.9030e-02, 1.4190e-02,
         1.0053e-02, 6.6068e-03, 3.9503e-03, 2.0777e-03, 9.6095e-04, 3.9291e-04,
         1.4285e-04, 5.0721e-05, 2.0386e-05, 1.2639e-05, 1.0808e-05, 9.8665e-06,
         9.3883e-06, 9.1780e-06, 9.1711e-06, 9.2967e-06, 9.5396e-06, 9.9144e-06,
         1.0354e-05, 1.0832e-05, 1.1338e-05, 1.1883e-05, 1.2475e-05, 1.3100e-05,
         1.3764e-05, 1.4506e-05, 1.5409e-05, 1.7262e-05, 1.9546e-05, 2.4089e-05,
         2.8596e-05, 3.2287e-05, 3.6006e-05, 3.9650e-05, 4.3049e-05, 4.6791e-05,
         5.0886e-05, 5.5345e-05, 6.0178e-05, 6.5534e-05, 7.1334e-05, 7.7560e-05,
         8.4221e-05, 9.1329e-05, 9.8889e-05, 1.0698e-04, 1.1569e-04, 1.2485e-04,
         1.3440e-04, 1.4431e-04, 1.5451e-04, 1.6494e-04, 1.7570e-04, 1.8637e-04,
         1.9679e-04, 2.0673e-04, 2.1597e-04, 2.2425e-04, 2.3119e-04, 2.3642e-04,
         2.3961e-04, 2.4054e-04, 2.3890e-04, 2.3421e-04, 2.2673e-04, 2.1630e-04,
         2.0282e-04, 1.8520e-04, 1.6430e-04, 1.4085e-04, 1.1571e-04, 9.0311e-05,
         6.7687e-05, 5.0625e-05]], dtype=torch.float64), 'xH2SO4aer': tensor([[6.5815e-08, 7.4765e-08, 8.6051e-08, 9.9309e-08, 1.1568e-07, 1.3581e-07,
         1.6035e-07, 1.9076e-07, 2.3000e-07, 2.8761e-07, 4.2007e-07, 7.6005e-07,
         8.8186e-07, 2.1127e-07, 7.4134e-09, 4.1680e-10, 2.8735e-10, 2.6292e-10,
         2.5821e-10, 2.6059e-10, 2.6617e-10, 2.7056e-10, 2.6998e-10, 2.6227e-10,
         2.4779e-10, 2.3156e-10, 2.1861e-10, 2.0984e-10, 2.0274e-10, 1.9434e-10,
         1.8281e-10, 1.6621e-10, 1.4932e-10, 1.4557e-10, 1.5071e-10, 1.6976e-10,
         1.8972e-10, 2.0607e-10, 2.0885e-10, 1.9692e-10, 1.6636e-10, 1.3822e-10,
         1.1300e-10, 9.1017e-11, 7.2323e-11, 5.6789e-11, 4.4161e-11, 3.4053e-11,
         2.6059e-11, 1.9800e-11, 1.4941e-11, 1.1204e-11, 8.3581e-12, 6.1922e-12,
         4.5541e-12, 3.3232e-12, 2.4041e-12, 1.7238e-12, 1.2289e-12, 8.6790e-13,
         6.0677e-13, 4.1963e-13, 2.8681e-13, 1.9417e-13, 1.3053e-13, 8.6775e-14,
         5.6948e-14, 3.6879e-14, 2.3564e-14, 1.4983e-14, 9.3234e-15, 5.6257e-15,
         3.2297e-15, 1.7499e-15, 8.3486e-16, 3.1679e-16, 9.5219e-17, 2.9062e-17,
         8.3074e-18, 1.7939e-18]], dtype=torch.float64), 'xS8aer': tensor([[1.4586e-34, 3.1420e-34, 7.9734e-34, 2.4874e-33, 9.5651e-33, 4.0394e-32,
         1.8705e-31, 4.3908e-30, 1.6242e-27, 5.4042e-25, 2.0495e-22, 5.7268e-21,
         1.0002e-20, 2.2313e-21, 4.9124e-23, 1.8597e-25, 2.1874e-26, 6.3145e-27,
         3.1461e-27, 1.6755e-27, 9.0815e-28, 5.4332e-28, 3.3704e-28, 2.0507e-28,
         1.3645e-28, 9.4584e-29, 6.1138e-29, 4.2741e-29, 3.2073e-29, 2.4614e-29,
         2.4823e-29, 2.6500e-29, 2.8604e-29, 3.2460e-29, 3.7030e-29, 4.5750e-29,
         5.4357e-29, 6.1406e-29, 4.9286e-29, 2.4537e-29, 8.7249e-30, 6.2368e-30,
         4.6848e-30, 3.4633e-30, 2.5259e-30, 2.0554e-30, 1.4604e-30, 8.7327e-31,
         4.1410e-31, 1.0459e-31, 5.0228e-33, 1.0000e-40, 1.0000e-40, 1.0000e-40,
         1.0000e-40, 1.0000e-40, 1.0000e-40, 1.0000e-40, 1.0000e-40, 1.0000e-40,
         1.0000e-40, 1.0000e-40, 1.0000e-40, 1.0000e-40, 1.0000e-40, 1.0000e-40,
         1.0000e-40, 1.0000e-40, 1.0000e-40, 1.0000e-40, 1.0000e-40, 1.0000e-40,
         1.0000e-40, 1.0000e-40, 1.0000e-40, 1.0000e-40, 1.0000e-40, 1.0000e-40,
         1.0000e-40, 1.0000e-40]], dtype=torch.float64)}"
1.1232e+06,222.755,2.87794e-08,"{'pres': tensor([[7.0013e+04, 5.7350e+04, 4.6977e+04, 3.8480e+04, 3.1520e+04, 2.5819e+04,
         2.1149e+04, 1.7324e+04, 1.4190e+04, 1.1624e+04, 9.5214e+03, 7.7993e+03,
         6.3886e+03, 5.2331e+03, 4.2866e+03, 3.5112e+03, 2.8762e+03, 2.3559e+03,
         1.9298e+03, 1.5808e+03, 1.2949e+03, 1.0607e+03, 8.6881e+02, 7.1167e+02,
         5.8295e+02, 4.7751e+02, 3.9114e+02, 3.2040e+02, 2.6245e+02, 2.1498e+02,
         1.7609e+02, 1.4424e+02, 1.1815e+02, 9.6783e+01, 7.9278e+01, 6.4939e+01,
         5.3193e+01, 4.3572e+01, 3.5691e+01, 2.9236e+01, 2.3948e+01, 1.9616e+01,
         1.6068e+01, 1.3162e+01, 1.0781e+01, 8.8313e+00, 7.2340e+00, 5.9256e+00,
         4.8538e+00, 3.9759e+00, 3.2568e+00, 2.6677e+00, 2.1852e+00, 1.7900e+00,
         1.4662e+00, 1.2010e+00, 9.8378e-01, 8.0585e-01, 6.6009e-01, 5.4070e-01,
         4.4290e-01, 3.6279e-01, 2.9717e-01, 2.4342e-01, 1.9940e-01, 1.6333e-01,
         1.3379e-01, 1.0959e-01, 8.9769e-02, 7.3532e-02, 6.0232e-02, 4.9338e-02,
         4.0414e-02, 3.3104e-02, 2.7117e-02, 2.2212e-02, 1.8195e-02, 1.4904e-02,
         1.2208e-02, 1.0000e-02]], dtype=torch.float64), 'temp': tensor([[205.4616, 201.2295, 197.0102, 192.7575, 188.4259, 183.9394, 179.2330,
         174.2202, 168.8343, 163.0397, 156.9149, 150.5687, 144.2356, 138.4300,
         133.3849, 131.1440, 129.7844, 128.7059, 127.7814, 126.9708, 126.2516,
         125.5905, 124.9785, 124.4225, 123.9032, 123.4126, 122.9637, 122.5436,
         122.1431, 121.7736, 121.4322, 121.0992, 120.7909, 120.4807, 120.1971,
         119.8351, 119.4886, 119.1814, 118.8504, 118.5096, 118.1678, 117.8375,
         117.5160, 117.2038, 116.9006, 116.6032, 116.3121, 116.0301, 115.7555,
         115.4887, 115.2297, 114.9784, 114.7286, 114.4880, 114.2452, 114.0122,
         113.7693, 113.5360, 113.2895, 113.0486, 112.7972, 112.5490, 112.2835,
         112.0307, 111.7477, 111.4873, 111.1894, 110.9131, 110.6043, 110.3223,
         110.0142, 109.7290, 109.4433, 109.1710, 108.9142, 108.6661, 108.4247,
         108.2138, 107.9927, 107.8563]], dtype=torch.float64), 'xCO2': tensor([[0.7142, 0.7474, 0.7733, 0.7694, 0.7423, 0.7032, 0.6482, 0.5732, 0.4761,
         0.3603, 0.2285, 0.1211, 0.0595, 0.0289, 0.0157, 0.0118, 0.0111, 0.0110,
         0.0112, 0.0116, 0.0122, 0.0128, 0.0135, 0.0142, 0.0150, 0.0158, 0.0167,
         0.0178, 0.0189, 0.0202, 0.0216, 0.0233, 0.0253, 0.0289, 0.0331, 0.0413,
         0.0494, 0.0560, 0.0633, 0.0708, 0.0775, 0.0848, 0.0928, 0.1017, 0.1114,
         0.1224, 0.1346, 0.1479, 0.1626, 0.1787, 0.1963, 0.2157, 0.2375, 0.2612,
         0.2870, 0.3150, 0.3452, 0.3778, 0.4139, 0.4523, 0.4931, 0.5360, 0.5807,
         0.6275, 0.6762, 0.7253, 0.7737, 0.8207, 0.8652, 0.9061, 0.9413, 0.9692,
         0.9885, 0.9970, 0.9946, 0.9817, 0.9581, 0.9234, 0.8810, 0.8336]],
       dtype=torch.float64), 'xH2O': tensor([[5.2767e-06, 3.4553e-06, 2.1942e-06, 1.3434e-06, 7.8604e-07, 4.3401e-07,
         2.2187e-07, 1.0216e-07, 4.0997e-08, 1.3971e-08, 4.0606e-09, 1.0084e-09,
         2.1020e-10, 4.4123e-11, 6.4350e-12, 6.1827e-13, 2.0611e-13, 1.4007e-13,
         1.4366e-13, 1.6129e-13, 1.9044e-13, 2.4036e-13, 3.1480e-13, 3.9326e-13,
         4.7942e-13, 6.0967e-13, 7.8758e-13, 1.0259e-12, 1.3467e-12, 1.7594e-12,
         2.2856e-12, 2.8907e-12, 3.4892e-12, 4.1330e-12, 4.7293e-12, 5.5368e-12,
         6.2920e-12, 6.9107e-12, 7.7381e-12, 8.7559e-12, 9.9632e-12, 1.1250e-11,
         1.2605e-11, 1.4023e-11, 1.5500e-11, 1.7025e-11, 1.8588e-11, 2.0194e-11,
         2.1835e-11, 2.3508e-11, 2.5210e-11, 2.6934e-11, 2.8629e-11, 3.0324e-11,
         3.1983e-11, 3.3613e-11, 3.5156e-11, 3.6690e-11, 3.7991e-11, 3.9239e-11,
         4.0374e-11, 4.1423e-11, 4.2328e-11, 4.3272e-11, 4.3834e-11, 4.4504e-11,
         4.5027e-11, 4.5668e-11, 4.6084e-11, 4.6777e-11, 4.7455e-11, 4.8531e-11,
         4.9982e-11, 5.1841e-11, 5.2694e-11, 4.8275e-11, 4.0073e-11, 3.2284e-11,
         2.7053e-11, 2.5106e-11]], dtype=torch.float64), 'xSO2': tensor([[4.3136e-02, 3.6228e-02, 3.0038e-02, 2.4371e-02, 1.9009e-02, 1.4183e-02,
         1.0036e-02, 6.6027e-03, 3.9390e-03, 2.0748e-03, 9.5811e-04, 3.9252e-04,
         1.4259e-04, 5.0644e-05, 2.0376e-05, 1.2640e-05, 1.0809e-05, 9.8672e-06,
         9.3890e-06, 9.1786e-06, 9.1717e-06, 9.2973e-06, 9.5403e-06, 9.9150e-06,
         1.0354e-05, 1.0832e-05, 1.1338e-05, 1.1882e-05, 1.2475e-05, 1.3100e-05,
         1.3763e-05, 1.4505e-05, 1.5409e-05, 1.7263e-05, 1.9547e-05, 2.4091e-05,
         2.8599e-05, 3.2292e-05, 3.6012e-05, 3.9658e-05, 4.3056e-05, 4.6796e-05,
         5.0888e-05, 5.5346e-05, 6.0178e-05, 6.5533e-05, 7.1333e-05, 7.7559e-05,
         8.4221e-05, 9.1329e-05, 9.8889e-05, 1.0698e-04, 1.1570e-04, 1.2485e-04,
         1.3440e-04, 1.4431e-04, 1.5452e-04, 1.6495e-04, 1.7570e-04, 1.8638e-04,
         1.9679e-04, 2.0674e-04, 2.1597e-04, 2.2426e-04, 2.3120e-04, 2.3642e-04,
         2.3962e-04, 2.4054e-04, 2.3891e-04, 2.3422e-04, 2.2673e-04, 2.1630e-04,
         2.0283e-04, 1.8521e-04, 1.6430e-04, 1.4085e-04, 1.1571e-04, 9.0312e-05,
         6.7688e-05, 5.0626e-05]], dtype=torch.float64), 'xH2SO4aer': tensor([[6.5818e-08, 7.4767e-08, 8.6054e-08, 9.9312e-08, 1.1569e-07, 1.3582e-07,
         1.6036e-07, 1.9077e-07, 2.3001e-07, 2.8762e-07, 4.2014e-07, 7.6028e-07,
         8.8169e-07, 2.1098e-07, 7.3976e-09, 4.1645e-10, 2.8729e-10, 2.6290e-10,
         2.5820e-10, 2.6054e-10, 2.6599e-10, 2.6998e-10, 2.6869e-10, 2.6020e-10,
         2.4535e-10, 2.2950e-10, 2.1733e-10, 2.0927e-10, 2.0255e-10, 1.9430e-10,
         1.8281e-10, 1.6622e-10, 1.4933e-10, 1.4559e-10, 1.5073e-10, 1.6978e-10,
         1.8974e-10, 2.0610e-10, 2.0888e-10, 1.9694e-10, 1.6638e-10, 1.3823e-10,
         1.1301e-10, 9.1024e-11, 7.2330e-11, 5.6794e-11, 4.4165e-11, 3.4056e-11,
         2.6062e-11, 1.9802e-11, 1.4943e-11, 1.1206e-11, 8.3593e-12, 6.1931e-12,
         4.5548e-12, 3.3237e-12, 2.4045e-12, 1.7241e-12, 1.2291e-12, 8.6806e-13,
         6.0688e-13, 4.1971e-13, 2.8686e-13, 1.9421e-13, 1.3056e-13, 8.6792e-14,
         5.6960e-14, 3.6886e-14, 2.3569e-14, 1.4986e-14, 9.3255e-15, 5.6270e-15,
         3.2304e-15, 1.7503e-15, 8.3503e-16, 3.1685e-16, 9.5234e-17, 2.9066e-17,
         8.3087e-18, 1.7942e-18]], dtype=torch.float64), 'xS8aer': tensor([[1.4587e-34, 3.1415e-34, 7.9704e-34, 2.4858e-33, 9.5562e-33, 4.0344e-32,
         1.8677e-31, 4.3879e-30, 1.6248e-27, 5.4104e-25, 2.0554e-22, 5.7327e-21,
         9.9952e-21, 2.2267e-21, 4.8942e-23, 1.8468e-25, 2.1752e-26, 6.2981e-27,
         3.1406e-27, 1.6729e-27, 9.0671e-28, 5.4246e-28, 3.3651e-28, 2.0472e-28,
         1.3617e-28, 9.4352e-29, 6.0976e-29, 4.2633e-29, 3.1990e-29, 2.4566e-29,
         2.4790e-29, 2.6472e-29, 2.8578e-29, 3.2435e-29, 3.7003e-29, 4.5720e-29,
         5.4322e-29, 6.1369e-29, 4.9284e-29, 2.4579e-29, 8.7509e-30, 6.2597e-30,
         4.7068e-30, 3.4843e-30, 2.5451e-30, 2.0675e-30, 1.4721e-30, 8.8350e-31,
         4.2542e-31, 1.1271e-31, 5.7564e-33, 1.0000e-40, 1.0000e-40, 1.0000e-40,
         1.0000e-40, 1.0000e-40, 1.0000e-40, 1.0000e-40, 1.0000e-40, 1.0000e-40,
         1.0000e-40, 1.0000e-40, 1.0000e-40, 1.0000e-40, 1.0000e-40, 1.0000e-40,
         1.0000e-40, 1.0000e-40, 1.0000e-40, 1.0000e-40, 1.0000e-40, 1.0000e-40,
         1.0000e-40, 1.0000e-40, 1.0000e-40, 1.0000e-40, 1.0000e-40, 1.0000e-40,
         1.0000e-40, 1.0000e-40]], dtype=torch.float64)}"
1.1448e+06,222.759,7.48225e-08,"{'pres': tensor([[7.0013e+04, 5.7350e+04, 4.6977e+04, 3.8480e+04, 3.1520e+04, 2.5819e+04,
         2.1149e+04, 1.7324e+04, 1.4190e+04, 1.1624e+04, 9.5214e+03, 7.7993e+03,
         6.3886e+03, 5.2331e+03, 4.2866e+03, 3.5112e+03, 2.8762e+03, 2.3559e+03,
         1.9298e+03, 1.5808e+03, 1.2949e+03, 1.0607e+03, 8.6881e+02, 7.1167e+02,
         5.8295e+02, 4.7751e+02, 3.9114e+02, 3.2040e+02, 2.6245e+02, 2.1498e+02,
         1.7609e+02, 1.4424e+02, 1.1815e+02, 9.6783e+01, 7.9278e+01, 6.4939e+01,
         5.3193e+01, 4.3572e+01, 3.5691e+01, 2.9236e+01, 2.3948e+01, 1.9616e+01,
         1.6068e+01, 1.3162e+01, 1.0781e+01, 8.8313e+00, 7.2340e+00, 5.9256e+00,
         4.8538e+00, 3.9759e+00, 3.2568e+00, 2.6677e+00, 2.1852e+00, 1.7900e+00,
         1.4662e+00, 1.2010e+00, 9.8378e-01, 8.0585e-01, 6.6009e-01, 5.4070e-01,
         4.4290e-01, 3.6279e-01, 2.9717e-01, 2.4342e-01, 1.9940e-01, 1.6333e-01,
         1.3379e-01, 1.0959e-01, 8.9769e-02, 7.3532e-02, 6.0232e-02, 4.9338e-02,
         4.0414e-02, 3.3104e-02, 2.7117e-02, 2.2212e-02, 1.8195e-02, 1.4904e-02,
         1.2208e-02, 1.0000e-02]], dtype=torch.float64), 'temp': tensor([[205.4008, 201.2026, 197.0129, 192.7640, 188.4570, 183.9586, 179.2803,
         174.2513, 168.8937, 163.0763, 156.9474, 150.5934, 144.2574, 138.4232,
         133.3840, 131.1444, 129.7848, 128.7062, 127.7817, 126.9710, 126.2518,
         125.5907, 124.9788, 124.4227, 123.9035, 123.4129, 122.9640, 122.5439,
         122.1434, 121.7739, 121.4325, 121.0995, 120.7913, 120.4811, 120.1976,
         119.8359, 119.4897, 119.1823, 118.8511, 118.5103, 118.1685, 117.8382,
         117.5168, 117.2046, 116.9014, 116.6041, 116.3130, 116.0310, 115.7564,
         115.4896, 115.2306, 114.9792, 114.7294, 114.4888, 114.2459, 114.0130,
         113.7700, 113.5367, 113.2902, 113.0492, 112.7978, 112.5496, 112.2840,
         112.0312, 111.7482, 111.4877, 111.1898, 110.9135, 110.6046, 110.3227,
         110.0146, 109.7294, 109.4436, 109.1713, 108.9145, 108.6665, 108.4250,
         108.2142, 107.9931, 107.8566]], dtype=torch.float64), 'xCO2': tensor([[0.7142, 0.7474, 0.7732, 0.7694, 0.7423, 0.7031, 0.6482, 0.5731, 0.4760,
         0.3602, 0.2283, 0.1208, 0.0593, 0.0289, 0.0157, 0.0118, 0.0111, 0.0110,
         0.0112, 0.0116, 0.0122, 0.0128, 0.0135, 0.0142, 0.0150, 0.0158, 0.0167,
         0.0178, 0.0189, 0.0202, 0.0216, 0.0233, 0.0253, 0.0289, 0.0331, 0.0413,
         0.0494, 0.0560, 0.0633, 0.0708, 0.0775, 0.0848, 0.0928, 0.1017, 0.1114,
         0.1224, 0.1346, 0.1479, 0.1626, 0.1787, 0.1963, 0.2157, 0.2375, 0.2612,
         0.2870, 0.3150, 0.3452, 0.3778, 0.4139, 0.4523, 0.4931, 0.5360, 0.5807,
         0.6275, 0.6762, 0.7253, 0.7737, 0.8207, 0.8652, 0.9061, 0.9413, 0.9692,
         0.9885, 0.9970, 0.9946, 0.9817, 0.9581, 0.9234, 0.8810, 0.8336]],
       dtype=torch.float64), 'xH2O': tensor([[5.2962e-06, 3.4616e-06, 2.1953e-06, 1.3423e-06, 7.8503e-07, 4.3300e-07,
         2.2124e-07, 1.0175e-07, 4.0814e-08, 1.3900e-08, 4.0487e-09, 1.0031e-09,
         2.0931e-10, 4.4012e-11, 6.4081e-12, 6.1642e-13, 2.0578e-13, 1.4001e-13,
         1.4365e-13, 1.6128e-13, 1.9045e-13, 2.4037e-13, 3.1482e-13, 3.9329e-13,
         4.7946e-13, 6.0972e-13, 7.8764e-13, 1.0260e-12, 1.3468e-12, 1.7595e-12,
         2.2857e-12, 2.8910e-12, 3.4895e-12, 4.1334e-12, 4.7300e-12, 5.5377e-12,
         6.2932e-12, 6.9120e-12, 7.7395e-12, 8.7573e-12, 9.9651e-12, 1.1252e-11,
         1.2608e-11, 1.4026e-11, 1.5504e-11, 1.7029e-11, 1.8593e-11, 2.0199e-11,
         2.1840e-11, 2.3514e-11, 2.5216e-11, 2.6940e-11, 2.8637e-11, 3.0331e-11,
         3.1990e-11, 3.3621e-11, 3.5163e-11, 3.6698e-11, 3.7998e-11, 3.9247e-11,
         4.0381e-11, 4.1430e-11, 4.2336e-11, 4.3279e-11, 4.3841e-11, 4.4511e-11,
         4.5034e-11, 4.5676e-11, 4.6091e-11, 4.6785e-11, 4.7462e-11, 4.8539e-11,
         4.9990e-11, 5.1850e-11, 5.2703e-11, 4.8282e-11, 4.0079e-11, 3.2289e-11,
         2.7057e-11, 2.5110e-11]], dtype=torch.float64), 'xSO2': tensor([[4.3228e-02, 3.6264e-02, 3.0046e-02, 2.4358e-02, 1.8994e-02, 1.4163e-02,
         1.0018e-02, 6.5856e-03, 3.9277e-03, 2.0680e-03, 9.5626e-04, 3.9110e-04,
         1.4217e-04, 5.0561e-05, 2.0366e-05, 1.2642e-05, 1.0810e-05, 9.8680e-06,
         9.3897e-06, 9.1792e-06, 9.1723e-06, 9.2979e-06, 9.5410e-06, 9.9155e-06,
         1.0355e-05, 1.0832e-05, 1.1338e-05, 1.1882e-05, 1.2474e-05, 1.3099e-05,
         1.3763e-05, 1.4505e-05, 1.5409e-05, 1.7263e-05, 1.9549e-05, 2.4094e-05,
         2.8602e-05, 3.2296e-05, 3.6018e-05, 3.9666e-05, 4.3062e-05, 4.6800e-05,
         5.0891e-05, 5.5347e-05, 6.0178e-05, 6.5533e-05, 7.1332e-05, 7.7558e-05,
         8.4221e-05, 9.1329e-05, 9.8890e-05, 1.0698e-04, 1.1570e-04, 1.2485e-04,
         1.3441e-04, 1.4432e-04, 1.5452e-04, 1.6495e-04, 1.7571e-04, 1.8638e-04,
         1.9680e-04, 2.0674e-04, 2.1598e-04, 2.2426e-04, 2.3120e-04, 2.3643e-04,
         2.3962e-04, 2.4055e-04, 2.3891e-04, 2.3422e-04, 2.2674e-04, 2.1631e-04,
         2.0283e-04, 1.8521e-04, 1.6431e-04, 1.4085e-04, 1.1571e-04, 9.0314e-05,
         6.7690e-05, 5.0628e-05]], dtype=torch.float64), 'xH2SO4aer': tensor([[6.5820e-08, 7.4769e-08, 8.6056e-08, 9.9315e-08, 1.1569e-07, 1.3582e-07,
         1.6036e-07, 1.9077e-07, 2.3001e-07, 2.8764e-07, 4.2021e-07, 7.6051e-07,
         8.8151e-07, 2.1069e-07, 7.3819e-09, 4.1611e-10, 2.8724e-10, 2.6288e-10,
         2.5818e-10, 2.6048e-10, 2.6577e-10, 2.6934e-10, 2.6733e-10, 2.5810e-10,
         2.4297e-10, 2.2757e-10, 2.1617e-10, 2.0877e-10, 2.0239e-10, 1.9427e-10,
         1.8282e-10, 1.6623e-10, 1.4935e-10, 1.4560e-10, 1.5075e-10, 1.6980e-10,
         1.8976e-10, 2.0612e-10, 2.0890e-10, 1.9696e-10, 1.6640e-10, 1.3825e-10,
         1.1302e-10, 9.1032e-11, 7.2336e-11, 5.6800e-11, 4.4169e-11, 3.4060e-11,
         2.6065e-11, 1.9805e-11, 1.4945e-11, 1.1207e-11, 8.3605e-12, 6.1941e-12,
         4.5555e-12, 3.3242e-12, 2.4049e-12, 1.7244e-12, 1.2293e-12, 8.6821e-13,
         6.0699e-13, 4.1979e-13, 2.8692e-13, 1.9425e-13, 1.3058e-13, 8.6810e-14,
         5.6971e-14, 3.6894e-14, 2.3574e-14, 1.4990e-14, 9.3276e-15, 5.6282e-15,
         3.2311e-15, 1.7507e-15, 8.3520e-16, 3.1691e-16, 9.5252e-17, 2.9071e-17,
         8.3102e-18, 1.7945e-18]], dtype=torch.float64), 'xS8aer': tensor([[1.4588e-34, 3.1410e-34, 7.9673e-34, 2.4842e-33, 9.5473e-33, 4.0294e-32,
         1.8650e-31, 4.3849e-30, 1.6254e-27, 5.4167e-25, 2.0614e-22, 5.7392e-21,
         9.9880e-21, 2.2220e-21, 4.8761e-23, 1.8342e-25, 2.1633e-26, 6.2823e-27,
         3.1353e-27, 1.6704e-27, 9.0532e-28, 5.4162e-28, 3.3599e-28, 2.0438e-28,
         1.3589e-28, 9.4128e-29, 6.0823e-29, 4.2529e-29, 3.1909e-29, 2.4521e-29,
         2.4760e-29, 2.6446e-29, 2.8554e-29, 3.2409e-29, 3.6976e-29, 4.5687e-29,
         5.4285e-29, 6.1328e-29, 4.9280e-29, 2.4620e-29, 8.7766e-30, 6.2833e-30,
         4.7302e-30, 3.5074e-30, 2.5667e-30, 2.0863e-30, 1.4910e-30, 9.0038e-31,
         4.3821e-31, 1.1804e-31, 6.1189e-33, 1.0000e-40, 1.0000e-40, 1.0000e-40,
         1.0000e-40, 1.0000e-40, 1.0000e-40, 1.0000e-40, 1.0000e-40, 1.0000e-40,
         1.0000e-40, 1.0000e-40, 1.0000e-40, 1.0000e-40, 1.0000e-40, 1.0000e-40,
         1.0000e-40, 1.0000e-40, 1.0000e-40, 1.0000e-40, 1.0000e-40, 1.0000e-40,
         1.0000e-40, 1.0000e-40, 1.0000e-40, 1.0000e-40, 1.0000e-40, 1.0000e-40,
         1.0000e-40, 1.0000e-40]], dtype=torch.float64)}"
1.1664e+06,222.754,2.40004e-08,"{'pres': tensor([[7.0013e+04, 5.7350e+04, 4.6977e+04, 3.8480e+04, 3.1520e+04, 2.5819e+04,
         2.1149e+04, 1.7324e+04, 1.4190e+04, 1.1624e+04, 9.5214e+03, 7.7993e+03,
         6.3886e+03, 5.2331e+03, 4.2866e+03, 3.5112e+03, 2.8762e+03, 2.3559e+03,
         1.9298e+03, 1.5808e+03, 1.2949e+03, 1.0607e+03, 8.6881e+02, 7.1167e+02,
         5.8295e+02, 4.7751e+02, 3.9114e+02, 3.2040e+02, 2.6245e+02, 2.1498e+02,
         1.7609e+02, 1.4424e+02, 1.1815e+02, 9.6783e+01, 7.9278e+01, 6.4939e+01,
         5.3193e+01, 4.3572e+01, 3.5691e+01, 2.9236e+01, 2.3948e+01, 1.9616e+01,
         1.6068e+01, 1.3162e+01, 1.0781e+01, 8.8313e+00, 7.2340e+00, 5.9256e+00,
         4.8538e+00, 3.9759e+00, 3.2568e+00, 2.6677e+00, 2.1852e+00, 1.7900e+00,
         1.4662e+00, 1.2010e+00, 9.8378e-01, 8.0585e-01, 6.6009e-01, 5.4070e-01,
         4.4290e-01, 3.6279e-01, 2.9717e-01, 2.4342e-01, 1.9940e-01, 1.6333e-01,
         1.3379e-01, 1.0959e-01, 8.9769e-02, 7.3532e-02, 6.0232e-02, 4.9338e-02,
         4.0414e-02, 3.3104e-02, 2.7117e-02, 2.2212e-02, 1.8195e-02, 1.4904e-02,
         1.2208e-02, 1.0000e-02]], dtype=torch.float64), 'temp': tensor([[205.4358, 201.2190, 197.0036, 192.7655, 188.4305, 183.9571, 179.2453,
         174.2442, 168.8525, 163.0624, 156.9155, 150.5924, 144.2438, 138.4165,
         133.3831, 131.1448, 129.7852, 128.7065, 127.7820, 126.9713, 126.2521,
         125.5910, 124.9790, 124.4230, 123.9037, 123.4132, 122.9643, 122.5442,
         122.1437, 121.7742, 121.4328, 121.0998, 120.7917, 120.4816, 120.1981,
         119.8368, 119.4908, 119.1831, 118.8519, 118.5110, 118.1693, 117.8390,
         117.5176, 117.2054, 116.9022, 116.6050, 116.3139, 116.0320, 115.7574,
         115.4906, 115.2315, 114.9802, 114.7303, 114.4897, 114.2468, 114.0138,
         113.7708, 113.5374, 113.2909, 113.0499, 112.7984, 112.5502, 112.2846,
         112.0318, 111.7488, 111.4883, 111.1903, 110.9141, 110.6052, 110.3233,
         110.0151, 109.7299, 109.4441, 109.1718, 108.9151, 108.6670, 108.4254,
         108.2147, 107.9935, 107.8571]], dtype=torch.float64), 'xCO2': tensor([[0.7142, 0.7474, 0.7732, 0.7694, 0.7423, 0.7031, 0.6481, 0.5730, 0.4759,
         0.3601, 0.2287, 0.1211, 0.0595, 0.0289, 0.0156, 0.0118, 0.0111, 0.0110,
         0.0112, 0.0116, 0.0122, 0.0128, 0.0135, 0.0142, 0.0150, 0.0158, 0.0167,
         0.0178, 0.0189, 0.0202, 0.0216, 0.0233, 0.0253, 0.0289, 0.0331, 0.0413,
         0.0494, 0.0560, 0.0633, 0.0708, 0.0774, 0.0848, 0.0928, 0.1017, 0.1114,
         0.1224, 0.1346, 0.1479, 0.1626, 0.1787, 0.1963, 0.2157, 0.2375, 0.2612,
         0.2870, 0.3150, 0.3452, 0.3778, 0.4139, 0.4523, 0.4931, 0.5360, 0.5807,
         0.6275, 0.6762, 0.7253, 0.7737, 0.8207, 0.8652, 0.9061, 0.9413, 0.9692,
         0.9885, 0.9970, 0.9946, 0.9817, 0.9581, 0.9234, 0.8810, 0.8336]],
       dtype=torch.float64), 'xH2O': tensor([[5.2500e-06, 3.4508e-06, 2.1948e-06, 1.3433e-06, 7.8748e-07, 4.3427e-07,
         2.2244e-07, 1.0223e-07, 4.1180e-08, 1.3990e-08, 4.0743e-09, 1.0086e-09,
         2.1034e-10, 4.3990e-11, 6.3821e-12, 6.1460e-13, 2.0546e-13, 1.3995e-13,
         1.4363e-13, 1.6128e-13, 1.9045e-13, 2.4038e-13, 3.1484e-13, 3.9333e-13,
         4.7951e-13, 6.0977e-13, 7.8770e-13, 1.0261e-12, 1.3469e-12, 1.7596e-12,
         2.2859e-12, 2.8912e-12, 3.4899e-12, 4.1340e-12, 4.7307e-12, 5.5387e-12,
         6.2944e-12, 6.9134e-12, 7.7409e-12, 8.7589e-12, 9.9669e-12, 1.1254e-11,
         1.2610e-11, 1.4029e-11, 1.5507e-11, 1.7034e-11, 1.8598e-11, 2.0204e-11,
         2.1846e-11, 2.3520e-11, 2.5223e-11, 2.6947e-11, 2.8644e-11, 3.0339e-11,
         3.1999e-11, 3.3630e-11, 3.5172e-11, 3.6706e-11, 3.8007e-11, 3.9256e-11,
         4.0390e-11, 4.1439e-11, 4.2345e-11, 4.3289e-11, 4.3851e-11, 4.4522e-11,
         4.5045e-11, 4.5687e-11, 4.6102e-11, 4.6796e-11, 4.7474e-11, 4.8551e-11,
         5.0003e-11, 5.1862e-11, 5.2713e-11, 4.8290e-11, 4.0085e-11, 3.2294e-11,
         2.7061e-11, 2.5113e-11]], dtype=torch.float64), 'xSO2': tensor([[4.3009e-02, 3.6204e-02, 3.0043e-02, 2.4369e-02, 1.9029e-02, 1.4189e-02,
         1.0052e-02, 6.6055e-03, 3.9493e-03, 2.0766e-03, 9.6027e-04, 3.9252e-04,
         1.4264e-04, 5.0533e-05, 2.0357e-05, 1.2643e-05, 1.0811e-05, 9.8688e-06,
         9.3904e-06, 9.1799e-06, 9.1729e-06, 9.2986e-06, 9.5416e-06, 9.9161e-06,
         1.0355e-05, 1.0833e-05, 1.1338e-05, 1.1881e-05, 1.2474e-05, 1.3099e-05,
         1.3762e-05, 1.4505e-05, 1.5409e-05, 1.7264e-05, 1.9550e-05, 2.4096e-05,
         2.8606e-05, 3.2300e-05, 3.6024e-05, 3.9674e-05, 4.3069e-05, 4.6805e-05,
         5.0894e-05, 5.5348e-05, 6.0178e-05, 6.5532e-05, 7.1331e-05, 7.7557e-05,
         8.4220e-05, 9.1329e-05, 9.8891e-05, 1.0698e-04, 1.1570e-04, 1.2485e-04,
         1.3441e-04, 1.4432e-04, 1.5452e-04, 1.6495e-04, 1.7571e-04, 1.8638e-04,
         1.9680e-04, 2.0675e-04, 2.1598e-04, 2.2426e-04, 2.3121e-04, 2.3643e-04,
         2.3963e-04, 2.4055e-04, 2.3892e-04, 2.3423e-04, 2.2674e-04, 2.1631e-04,
         2.0284e-04, 1.8521e-04, 1.6431e-04, 1.4086e-04, 1.1572e-04, 9.0316e-05,
         6.7691e-05, 5.0629e-05]], dtype=torch.float64), 'xH2SO4aer': tensor([[6.5822e-08, 7.4772e-08, 8.6059e-08, 9.9319e-08, 1.1569e-07, 1.3583e-07,
         1.6037e-07, 1.9078e-07, 2.3002e-07, 2.8765e-07, 4.2028e-07, 7.6074e-07,
         8.8134e-07, 2.1040e-07, 7.3662e-09, 4.1577e-10, 2.8718e-10, 2.6286e-10,
         2.5816e-10, 2.6042e-10, 2.6554e-10, 2.6866e-10, 2.6592e-10, 2.5598e-10,
         2.4066e-10, 2.2575e-10, 2.1513e-10, 2.0834e-10, 2.0226e-10, 1.9425e-10,
         1.8283e-10, 1.6624e-10, 1.4936e-10, 1.4562e-10, 1.5076e-10, 1.6982e-10,
         1.8979e-10, 2.0614e-10, 2.0893e-10, 1.9699e-10, 1.6641e-10, 1.3826e-10,
         1.1303e-10, 9.1040e-11, 7.2342e-11, 5.6805e-11, 4.4174e-11, 3.4064e-11,
         2.6068e-11, 1.9807e-11, 1.4947e-11, 1.1209e-11, 8.3617e-12, 6.1950e-12,
         4.5562e-12, 3.3248e-12, 2.4053e-12, 1.7247e-12, 1.2295e-12, 8.6836e-13,
         6.0710e-13, 4.1987e-13, 2.8697e-13, 1.9429e-13, 1.3061e-13, 8.6829e-14,
         5.6985e-14, 3.6903e-14, 2.3580e-14, 1.4994e-14, 9.3300e-15, 5.6297e-15,
         3.2319e-15, 1.7511e-15, 8.3535e-16, 3.1695e-16, 9.5262e-17, 2.9074e-17,
         8.3111e-18, 1.7947e-18]], dtype=torch.float64), 'xS8aer': tensor([[1.4588e-34, 3.1405e-34, 7.9643e-34, 2.4826e-33, 9.5385e-33, 4.0244e-32,
         1.8623e-31, 4.3819e-30, 1.6260e-27, 5.4232e-25, 2.0673e-22, 5.7437e-21,
         9.9807e-21, 2.2174e-21, 4.8581e-23, 1.8217e-25, 2.1516e-26, 6.2669e-27,
         3.1302e-27, 1.6680e-27, 9.0398e-28, 5.4081e-28, 3.3549e-28, 2.0404e-28,
         1.3561e-28, 9.3913e-29, 6.0675e-29, 4.2427e-29, 3.1827e-29, 2.4477e-29,
         2.4732e-29, 2.6421e-29, 2.8531e-29, 3.2385e-29, 3.6948e-29, 4.5652e-29,
         5.4242e-29, 6.1279e-29, 4.9265e-29, 2.4649e-29, 8.7897e-30, 6.2935e-30,
         4.7392e-30, 3.5146e-30, 2.5717e-30, 2.0910e-30, 1.4903e-30, 8.9763e-31,
         4.3086e-31, 1.1178e-31, 5.5413e-33, 1.0000e-40, 1.0000e-40, 1.0000e-40,
         1.0000e-40, 1.0000e-40, 1.0000e-40, 1.0000e-40, 1.0000e-40, 1.0000e-40,
         1.0000e-40, 1.0000e-40, 1.0000e-40, 1.0000e-40, 1.0000e-40, 1.0000e-40,
         1.0000e-40, 1.0000e-40, 1.0000e-40, 1.0000e-40, 1.0000e-40, 1.0000e-40,
         1.0000e-40, 1.0000e-40, 1.0000e-40, 1.0000e-40, 1.0000e-40, 1.0000e-40,
         1.0000e-40, 1.0000e-40]], dtype=torch.float64)}"
1.188e+06,222.755,2.87795e-08,"{'pres': tensor([[7.0013e+04, 5.7350e+04, 4.6977e+04, 3.8480e+04, 3.1520e+04, 2.5819e+04,
         2.1149e+04, 1.7324e+04, 1.4190e+04, 1.1624e+04, 9.5214e+03, 7.7993e+03,
         6.3886e+03, 5.2331e+03, 4.2866e+03, 3.5112e+03, 2.8762e+03, 2.3559e+03,
         1.9298e+03, 1.5808e+03, 1.2949e+03, 1.0607e+03, 8.6881e+02, 7.1167e+02,
         5.8295e+02, 4.7751e+02, 3.9114e+02, 3.2040e+02, 2.6245e+02, 2.1498e+02,
         1.7609e+02, 1.4424e+02, 1.1815e+02, 9.6783e+01, 7.9278e+01, 6.4939e+01,
         5.3193e+01, 4.3572e+01, 3.5691e+01, 2.9236e+01, 2.3948e+01, 1.9616e+01,
         1.6068e+01, 1.3162e+01, 1.0781e+01, 8.8313e+00, 7.2340e+00, 5.9256e+00,
         4.8538e+00, 3.9759e+00, 3.2568e+00, 2.6677e+00, 2.1852e+00, 1.7900e+00,
         1.4662e+00, 1.2010e+00, 9.8378e-01, 8.0585e-01, 6.6009e-01, 5.4070e-01,
         4.4290e-01, 3.6279e-01, 2.9717e-01, 2.4342e-01, 1.9940e-01, 1.6333e-01,
         1.3379e-01, 1.0959e-01, 8.9769e-02, 7.3532e-02, 6.0232e-02, 4.9338e-02,
         4.0414e-02, 3.3104e-02, 2.7117e-02, 2.2212e-02, 1.8195e-02, 1.4904e-02,
         1.2208e-02, 1.0000e-02]], dtype=torch.float64), 'temp': tensor([[205.4614, 201.2293, 197.0099, 192.7571, 188.4254, 183.9386, 179.2318,
         174.2185, 168.8319, 163.0364, 156.9114, 150.5643, 144.2300, 138.4097,
         133.3822, 131.1452, 129.7856, 128.7068, 127.7822, 126.9715, 126.2523,
         125.5912, 124.9793, 124.4232, 123.9040, 123.4134, 122.9645, 122.5444,
         122.1440, 121.7745, 121.4331, 121.1001, 120.7920, 120.4820, 120.1986,
         119.8377, 119.4918, 119.1840, 118.8526, 118.5117, 118.1700, 117.8398,
         117.5184, 117.2062, 116.9030, 116.6058, 116.3148, 116.0329, 115.7583,
         115.4915, 115.2324, 114.9810, 114.7312, 114.4906, 114.2476, 114.0145,
         113.7715, 113.5380, 113.2915, 113.0505, 112.7990, 112.5507, 112.2851,
         112.0323, 111.7492, 111.4888, 111.1907, 110.9146, 110.6055, 110.3237,
         110.0155, 109.7303, 109.4445, 109.1721, 108.9154, 108.6673, 108.4257,
         108.2151, 107.9938, 107.8575]], dtype=torch.float64), 'xCO2': tensor([[0.7142, 0.7474, 0.7732, 0.7694, 0.7423, 0.7031, 0.6481, 0.5729, 0.4758,
         0.3600, 0.2284, 0.1210, 0.0594, 0.0288, 0.0156, 0.0118, 0.0111, 0.0110,
         0.0112, 0.0116, 0.0122, 0.0128, 0.0135, 0.0142, 0.0150, 0.0158, 0.0167,
         0.0178, 0.0189, 0.0202, 0.0216, 0.0233, 0.0253, 0.0289, 0.0331, 0.0413,
         0.0494, 0.0560, 0.0633, 0.0708, 0.0774, 0.0848, 0.0928, 0.1017, 0.1114,
         0.1224, 0.1346, 0.1479, 0.1626, 0.1787, 0.1963, 0.2157, 0.2375, 0.2612,
         0.2870, 0.3150, 0.3452, 0.3778, 0.4139, 0.4523, 0.4931, 0.5360, 0.5807,
         0.6275, 0.6762, 0.7253, 0.7737, 0.8207, 0.8652, 0.9061, 0.9413, 0.9692,
         0.9885, 0.9970, 0.9946, 0.9817, 0.9581, 0.9234, 0.8810, 0.8336]],
       dtype=torch.float64), 'xH2O': tensor([[5.2765e-06, 3.4552e-06, 2.1941e-06, 1.3434e-06, 7.8598e-07, 4.3395e-07,
         2.2182e-07, 1.0213e-07, 4.0976e-08, 1.3960e-08, 4.0565e-09, 1.0071e-09,
         2.0982e-10, 4.3892e-11, 6.3566e-12, 6.1281e-13, 2.0515e-13, 1.3989e-13,
         1.4361e-13, 1.6127e-13, 1.9045e-13, 2.4039e-13, 3.1486e-13, 3.9336e-13,
         4.7954e-13, 6.0981e-13, 7.8776e-13, 1.0262e-12, 1.3470e-12, 1.7598e-12,
         2.2861e-12, 2.8915e-12, 3.4902e-12, 4.1344e-12, 4.7314e-12, 5.5396e-12,
         6.2955e-12, 6.9147e-12, 7.7423e-12, 8.7603e-12, 9.9688e-12, 1.1257e-11,
         1.2613e-11, 1.4033e-11, 1.5511e-11, 1.7038e-11, 1.8602e-11, 2.0209e-11,
         2.1852e-11, 2.3526e-11, 2.5229e-11, 2.6954e-11, 2.8651e-11, 3.0346e-11,
         3.2006e-11, 3.3637e-11, 3.5180e-11, 3.6714e-11, 3.8015e-11, 3.9263e-11,
         4.0398e-11, 4.1447e-11, 4.2353e-11, 4.3297e-11, 4.3859e-11, 4.4530e-11,
         4.5052e-11, 4.5695e-11, 4.6110e-11, 4.6804e-11, 4.7482e-11, 4.8559e-11,
         5.0012e-11, 5.1871e-11, 5.2723e-11, 4.8298e-11, 4.0091e-11, 3.2298e-11,
         2.7064e-11, 2.5117e-11]], dtype=torch.float64), 'xSO2': tensor([[4.3135e-02, 3.6227e-02, 3.0037e-02, 2.4370e-02, 1.9008e-02, 1.4182e-02,
         1.0035e-02, 6.6013e-03, 3.9377e-03, 2.0738e-03, 9.5745e-04, 3.9218e-04,
         1.4240e-04, 5.0459e-05, 2.0348e-05, 1.2644e-05, 1.0812e-05, 9.8696e-06,
         9.3911e-06, 9.1805e-06, 9.1735e-06, 9.2992e-06, 9.5423e-06, 9.9167e-06,
         1.0355e-05, 1.0833e-05, 1.1338e-05, 1.1881e-05, 1.2473e-05, 1.3098e-05,
         1.3762e-05, 1.4505e-05, 1.5409e-05, 1.7265e-05, 1.9551e-05, 2.4098e-05,
         2.8610e-05, 3.2305e-05, 3.6031e-05, 3.9682e-05, 4.3075e-05, 4.6810e-05,
         5.0897e-05, 5.5350e-05, 6.0178e-05, 6.5531e-05, 7.1330e-05, 7.7557e-05,
         8.4220e-05, 9.1329e-05, 9.8891e-05, 1.0698e-04, 1.1570e-04, 1.2485e-04,
         1.3441e-04, 1.4432e-04, 1.5452e-04, 1.6495e-04, 1.7571e-04, 1.8639e-04,
         1.9680e-04, 2.0675e-04, 2.1599e-04, 2.2427e-04, 2.3121e-04, 2.3644e-04,
         2.3963e-04, 2.4056e-04, 2.3892e-04, 2.3423e-04, 2.2675e-04, 2.1632e-04,
         2.0284e-04, 1.8522e-04, 1.6431e-04, 1.4086e-04, 1.1572e-04, 9.0318e-05,
         6.7693e-05, 5.0630e-05]], dtype=torch.float64), 'xH2SO4aer': tensor([[6.5824e-08, 7.4774e-08, 8.6062e-08, 9.9322e-08, 1.1570e-07, 1.3583e-07,
         1.6037e-07, 1.9078e-07, 2.3003e-07, 2.8766e-07, 4.2035e-07, 7.6097e-07,
         8.8117e-07, 2.1011e-07, 7.3505e-09, 4.1543e-10, 2.8713e-10, 2.6284e-10,
         2.5813e-10, 2.6034e-10, 2.6527e-10, 2.6792e-10, 2.6445e-10, 2.5384e-10,
         2.3841e-10, 2.2405e-10, 2.1419e-10, 2.0797e-10, 2.0216e-10, 1.9423e-10,
         1.8284e-10, 1.6626e-10, 1.4937e-10, 1.4563e-10, 1.5078e-10, 1.6984e-10,
         1.8981e-10, 2.0617e-10, 2.0895e-10, 1.9701e-10, 1.6643e-10, 1.3827e-10,
         1.1304e-10, 9.1047e-11, 7.2348e-11, 5.6810e-11, 4.4178e-11, 3.4067e-11,
         2.6071e-11, 1.9810e-11, 1.4949e-11, 1.1210e-11, 8.3628e-12, 6.1959e-12,
         4.5569e-12, 3.3253e-12, 2.4056e-12, 1.7250e-12, 1.2298e-12, 8.6851e-13,
         6.0720e-13, 4.1994e-13, 2.8703e-13, 1.9433e-13, 1.3064e-13, 8.6847e-14,
         5.6996e-14, 3.6911e-14, 2.3585e-14, 1.4997e-14, 9.3321e-15, 5.6310e-15,
         3.2327e-15, 1.7515e-15, 8.3551e-16, 3.1700e-16, 9.5277e-17, 2.9079e-17,
         8.3124e-18, 1.7950e-18]], dtype=torch.float64), 'xS8aer': tensor([[1.4589e-34, 3.1400e-34, 7.9612e-34, 2.4810e-33, 9.5296e-33, 4.0194e-32,
         1.8596e-31, 4.3790e-30, 1.6267e-27, 5.4297e-25, 2.0732e-22, 5.7493e-21,
         9.9736e-21, 2.2127e-21, 4.8400e-23, 1.8094e-25, 2.1403e-26, 6.2521e-27,
         3.1252e-27, 1.6656e-27, 9.0270e-28, 5.4005e-28, 3.3502e-28, 2.0372e-28,
         1.3536e-28, 9.3716e-29, 6.0544e-29, 4.2337e-29, 3.1754e-29, 2.4437e-29,
         2.4705e-29, 2.6398e-29, 2.8509e-29, 3.2362e-29, 3.6923e-29, 4.5623e-29,
         5.4210e-29, 6.1243e-29, 4.9263e-29, 2.4688e-29, 8.8134e-30, 6.3150e-30,
         4.7603e-30, 3.5353e-30, 2.5905e-30, 2.1031e-30, 1.5026e-30, 9.0869e-31,
         4.4385e-31, 1.2140e-31, 6.4129e-33, 1.0000e-40, 1.0000e-40, 1.0000e-40,
         1.0000e-40, 1.0000e-40, 1.0000e-40, 1.0000e-40, 1.0000e-40, 1.0000e-40,
         1.0000e-40, 1.0000e-40, 1.0000e-40, 1.0000e-40, 1.0000e-40, 1.0000e-40,
         1.0000e-40, 1.0000e-40, 1.0000e-40, 1.0000e-40, 1.0000e-40, 1.0000e-40,
         1.0000e-40, 1.0000e-40, 1.0000e-40, 1.0000e-40, 1.0000e-40, 1.0000e-40,
         1.0000e-40, 1.0000e-40]], dtype=torch.float64)}"
1.2096e+06,222.758,7.49657e-08,"{'pres': tensor([[7.0013e+04, 5.7350e+04, 4.6977e+04, 3.8480e+04, 3.1520e+04, 2.5819e+04,
         2.1149e+04, 1.7324e+04, 1.4190e+04, 1.1624e+04, 9.5214e+03, 7.7993e+03,
         6.3886e+03, 5.2331e+03, 4.2866e+03, 3.5112e+03, 2.8762e+03, 2.3559e+03,
         1.9298e+03, 1.5808e+03, 1.2949e+03, 1.0607e+03, 8.6881e+02, 7.1167e+02,
         5.8295e+02, 4.7751e+02, 3.9114e+02, 3.2040e+02, 2.6245e+02, 2.1498e+02,
         1.7609e+02, 1.4424e+02, 1.1815e+02, 9.6783e+01, 7.9278e+01, 6.4939e+01,
         5.3193e+01, 4.3572e+01, 3.5691e+01, 2.9236e+01, 2.3948e+01, 1.9616e+01,
         1.6068e+01, 1.3162e+01, 1.0781e+01, 8.8313e+00, 7.2340e+00, 5.9256e+00,
         4.8538e+00, 3.9759e+00, 3.2568e+00, 2.6677e+00, 2.1852e+00, 1.7900e+00,
         1.4662e+00, 1.2010e+00, 9.8378e-01, 8.0585e-01, 6.6009e-01, 5.4070e-01,
         4.4290e-01, 3.6279e-01, 2.9717e-01, 2.4342e-01, 1.9940e-01, 1.6333e-01,
         1.3379e-01, 1.0959e-01, 8.9769e-02, 7.3532e-02, 6.0232e-02, 4.9338e-02,
         4.0414e-02, 3.3104e-02, 2.7117e-02, 2.2212e-02, 1.8195e-02, 1.4904e-02,
         1.2208e-02, 1.0000e-02]], dtype=torch.float64), 'temp': tensor([[205.4005, 201.2022, 197.0125, 192.7634, 188.4564, 183.9576, 179.2792,
         174.2496, 168.8917, 163.0735, 156.9443, 150.5898, 144.2537, 138.4030,
         133.3813, 131.1456, 129.7859, 128.7071, 127.7825, 126.9718, 126.2525,
         125.5914, 124.9795, 124.4235, 123.9042, 123.4137, 122.9648, 122.5447,
         122.1443, 121.7748, 121.4334, 121.1005, 120.7924, 120.4824, 120.1991,
         119.8385, 119.4929, 119.1849, 118.8533, 118.5124, 118.1707, 117.8405,
         117.5192, 117.2070, 116.9037, 116.6066, 116.3156, 116.0338, 115.7592,
         115.4924, 115.2333, 114.9818, 114.7320, 114.4913, 114.2483, 114.0152,
         113.7721, 113.5386, 113.2921, 113.0510, 112.7995, 112.5512, 112.2856,
         112.0327, 111.7496, 111.4892, 111.1911, 110.9149, 110.6059, 110.3240,
         110.0158, 109.7306, 109.4448, 109.1724, 108.9157, 108.6677, 108.4260,
         108.2155, 107.9941, 107.8578]], dtype=torch.float64), 'xCO2': tensor([[0.7142, 0.7474, 0.7732, 0.7694, 0.7423, 0.7030, 0.6480, 0.5728, 0.4757,
         0.3600, 0.2281, 0.1207, 0.0593, 0.0288, 0.0156, 0.0118, 0.0111, 0.0110,
         0.0112, 0.0116, 0.0122, 0.0128, 0.0135, 0.0142, 0.0150, 0.0158, 0.0167,
         0.0178, 0.0189, 0.0202, 0.0216, 0.0233, 0.0253, 0.0289, 0.0331, 0.0413,
         0.0494, 0.0560, 0.0633, 0.0708, 0.0774, 0.0848, 0.0928, 0.1017, 0.1114,
         0.1224, 0.1346, 0.1479, 0.1626, 0.1787, 0.1963, 0.2157, 0.2375, 0.2612,
         0.2870, 0.3150, 0.3452, 0.3778, 0.4139, 0.4523, 0.4931, 0.5360, 0.5807,
         0.6275, 0.6762, 0.7253, 0.7737, 0.8207, 0.8652, 0.9061, 0.9413, 0.9692,
         0.9885, 0.9970, 0.9946, 0.9817, 0.9581, 0.9234, 0.8810, 0.8336]],
       dtype=torch.float64), 'xH2O': tensor([[5.2960e-06, 3.4615e-06, 2.1952e-06, 1.3422e-06, 7.8495e-07, 4.3294e-07,
         2.2119e-07, 1.0171e-07, 4.0793e-08, 1.3890e-08, 4.0451e-09, 1.0019e-09,
         2.0894e-10, 4.3783e-11, 6.3311e-12, 6.1105e-13, 2.0484e-13, 1.3983e-13,
         1.4359e-13, 1.6127e-13, 1.9045e-13, 2.4040e-13, 3.1488e-13, 3.9339e-13,
         4.7958e-13, 6.0986e-13, 7.8782e-13, 1.0263e-12, 1.3471e-12, 1.7599e-12,
         2.2862e-12, 2.8917e-12, 3.4905e-12, 4.1349e-12, 4.7321e-12, 5.5405e-12,
         6.2967e-12, 6.9160e-12, 7.7437e-12, 8.7618e-12, 9.9706e-12, 1.1259e-11,
         1.2616e-11, 1.4036e-11, 1.5514e-11, 1.7041e-11, 1.8607e-11, 2.0214e-11,
         2.1857e-11, 2.3532e-11, 2.5235e-11, 2.6960e-11, 2.8658e-11, 3.0353e-11,
         3.2013e-11, 3.3644e-11, 3.5187e-11, 3.6721e-11, 3.8022e-11, 3.9270e-11,
         4.0405e-11, 4.1454e-11, 4.2360e-11, 4.3303e-11, 4.3865e-11, 4.4537e-11,
         4.5059e-11, 4.5702e-11, 4.6116e-11, 4.6811e-11, 4.7489e-11, 4.8567e-11,
         5.0020e-11, 5.1879e-11, 5.2731e-11, 4.8305e-11, 4.0096e-11, 3.2303e-11,
         2.7068e-11, 2.5121e-11]], dtype=torch.float64), 'xSO2': tensor([[4.3227e-02, 3.6264e-02, 3.0045e-02, 2.4357e-02, 1.8992e-02, 1.4162e-02,
         1.0017e-02, 6.5841e-03, 3.9264e-03, 2.0669e-03, 9.5568e-04, 3.9078e-04,
         1.4199e-04, 5.0377e-05, 2.0339e-05, 1.2645e-05, 1.0813e-05, 9.8704e-06,
         9.3918e-06, 9.1812e-06, 9.1741e-06, 9.2998e-06, 9.5430e-06, 9.9173e-06,
         1.0356e-05, 1.0833e-05, 1.1337e-05, 1.1881e-05, 1.2473e-05, 1.3098e-05,
         1.3761e-05, 1.4504e-05, 1.5409e-05, 1.7266e-05, 1.9553e-05, 2.4101e-05,
         2.8613e-05, 3.2309e-05, 3.6037e-05, 3.9690e-05, 4.3082e-05, 4.6815e-05,
         5.0900e-05, 5.5351e-05, 6.0178e-05, 6.5531e-05, 7.1330e-05, 7.7556e-05,
         8.4220e-05, 9.1330e-05, 9.8892e-05, 1.0698e-04, 1.1570e-04, 1.2486e-04,
         1.3441e-04, 1.4432e-04, 1.5453e-04, 1.6496e-04, 1.7572e-04, 1.8639e-04,
         1.9681e-04, 2.0675e-04, 2.1599e-04, 2.2427e-04, 2.3122e-04, 2.3644e-04,
         2.3964e-04, 2.4056e-04, 2.3893e-04, 2.3424e-04, 2.2675e-04, 2.1632e-04,
         2.0285e-04, 1.8522e-04, 1.6432e-04, 1.4086e-04, 1.1572e-04, 9.0320e-05,
         6.7694e-05, 5.0631e-05]], dtype=torch.float64), 'xH2SO4aer': tensor([[6.5827e-08, 7.4776e-08, 8.6064e-08, 9.9325e-08, 1.1570e-07, 1.3583e-07,
         1.6037e-07, 1.9079e-07, 2.3003e-07, 2.8767e-07, 4.2042e-07, 7.6120e-07,
         8.8100e-07, 2.0982e-07, 7.3347e-09, 4.1510e-10, 2.8707e-10, 2.6282e-10,
         2.5811e-10, 2.6026e-10, 2.6498e-10, 2.6713e-10, 2.6292e-10, 2.5171e-10,
         2.3623e-10, 2.2246e-10, 2.1334e-10, 2.0765e-10, 2.0207e-10, 1.9422e-10,
         1.8284e-10, 1.6627e-10, 1.4939e-10, 1.4565e-10, 1.5080e-10, 1.6986e-10,
         1.8983e-10, 2.0619e-10, 2.0898e-10, 1.9703e-10, 1.6645e-10, 1.3828e-10,
         1.1305e-10, 9.1055e-11, 7.2354e-11, 5.6815e-11, 4.4183e-11, 3.4071e-11,
         2.6074e-11, 1.9812e-11, 1.4951e-11, 1.1212e-11, 8.3640e-12, 6.1967e-12,
         4.5576e-12, 3.3258e-12, 2.4060e-12, 1.7252e-12, 1.2299e-12, 8.6866e-13,
         6.0731e-13, 4.2002e-13, 2.8708e-13, 1.9436e-13, 1.3066e-13, 8.6863e-14,
         5.7007e-14, 3.6918e-14, 2.3590e-14, 1.5000e-14, 9.3340e-15, 5.6321e-15,
         3.2333e-15, 1.7518e-15, 8.3568e-16, 3.1706e-16, 9.5295e-17, 2.9083e-17,
         8.3138e-18, 1.7953e-18]], dtype=torch.float64), 'xS8aer': tensor([[1.4590e-34, 3.1395e-34, 7.9582e-34, 2.4794e-33, 9.5208e-33, 4.0144e-32,
         1.8568e-31, 4.3761e-30, 1.6273e-27, 5.4362e-25, 2.0792e-22, 5.7557e-21,
         9.9665e-21, 2.2081e-21, 4.8221e-23, 1.7974e-25, 2.1293e-26, 6.2377e-27,
         3.1205e-27, 1.6634e-27, 9.0147e-28, 5.3931e-28, 3.3457e-28, 2.0340e-28,
         1.3511e-28, 9.3529e-29, 6.0420e-29, 4.2251e-29, 3.1685e-29, 2.4399e-29,
         2.4680e-29, 2.6375e-29, 2.8487e-29, 3.2339e-29, 3.6898e-29, 4.5594e-29,
         5.4177e-29, 6.1207e-29, 4.9261e-29, 2.4728e-29, 8.8387e-30, 6.3386e-30,
         4.7843e-30, 3.5592e-30, 2.6126e-30, 2.1227e-30, 1.5224e-30, 9.2642e-31,
         4.5716e-31, 1.2690e-31, 6.7873e-33, 1.0000e-40, 1.0000e-40, 1.0000e-40,
         1.0000e-40, 1.0000e-40, 1.0000e-40, 1.0000e-40, 1.0000e-40, 1.0000e-40,
         1.0000e-40, 1.0000e-40, 1.0000e-40, 1.0000e-40, 1.0000e-40, 1.0000e-40,
         1.0000e-40, 1.0000e-40, 1.0000e-40, 1.0000e-40, 1.0000e-40, 1.0000e-40,
         1.0000e-40, 1.0000e-40, 1.0000e-40, 1.0000e-40, 1.0000e-40, 1.0000e-40,
         1.0000e-40, 1.0000e-40]], dtype=torch.float64)}"
1.2312e+06,222.754,2.40069e-08,"{'pres': tensor([[7.0013e+04, 5.7350e+04, 4.6977e+04, 3.8480e+04, 3.1520e+04, 2.5819e+04,
         2.1149e+04, 1.7324e+04, 1.4190e+04, 1.1624e+04, 9.5214e+03, 7.7993e+03,
         6.3886e+03, 5.2331e+03, 4.2866e+03, 3.5112e+03, 2.8762e+03, 2.3559e+03,
         1.9298e+03, 1.5808e+03, 1.2949e+03, 1.0607e+03, 8.6881e+02, 7.1167e+02,
         5.8295e+02, 4.7751e+02, 3.9114e+02, 3.2040e+02, 2.6245e+02, 2.1498e+02,
         1.7609e+02, 1.4424e+02, 1.1815e+02, 9.6783e+01, 7.9278e+01, 6.4939e+01,
         5.3193e+01, 4.3572e+01, 3.5691e+01, 2.9236e+01, 2.3948e+01, 1.9616e+01,
         1.6068e+01, 1.3162e+01, 1.0781e+01, 8.8313e+00, 7.2340e+00, 5.9256e+00,
         4.8538e+00, 3.9759e+00, 3.2568e+00, 2.6677e+00, 2.1852e+00, 1.7900e+00,
         1.4662e+00, 1.2010e+00, 9.8378e-01, 8.0585e-01, 6.6009e-01, 5.4070e-01,
         4.4290e-01, 3.6279e-01, 2.9717e-01, 2.4342e-01, 1.9940e-01, 1.6333e-01,
         1.3379e-01, 1.0959e-01, 8.9769e-02, 7.3532e-02, 6.0232e-02, 4.9338e-02,
         4.0414e-02, 3.3104e-02, 2.7117e-02, 2.2212e-02, 1.8195e-02, 1.4904e-02,
         1.2208e-02, 1.0000e-02]], dtype=torch.float64), 'temp': tensor([[205.4354, 201.2186, 197.0031, 192.7649, 188.4298, 183.9562, 179.2441,
         174.2427, 168.8503, 163.0598, 156.9124, 150.5892, 144.2401, 138.3963,
         133.3804, 131.1460, 129.7863, 128.7074, 127.7828, 126.9721, 126.2528,
         125.5917, 124.9798, 124.4237, 123.9045, 123.4140, 122.9651, 122.5450,
         122.1446, 121.7751, 121.4337, 121.1008, 120.7927, 120.4828, 120.1996,
         119.8394, 119.4939, 119.1857, 118.8540, 118.5130, 118.1714, 117.8413,
         117.5200, 117.2078, 116.9046, 116.6075, 116.3165, 116.0347, 115.7601,
         115.4933, 115.2342, 114.9827, 114.7328, 114.4922, 114.2491, 114.0160,
         113.7729, 113.5393, 113.2928, 113.0517, 112.8001, 112.5518, 112.2862,
         112.0333, 111.7502, 111.4898, 111.1916, 110.9155, 110.6064, 110.3246,
         110.0163, 109.7311, 109.4453, 109.1729, 108.9162, 108.6681, 108.4264,
         108.2160, 107.9945, 107.8582]], dtype=torch.float64), 'xCO2': tensor([[0.7142, 0.7474, 0.7732, 0.7694, 0.7423, 0.7030, 0.6480, 0.5727, 0.4756,
         0.3599, 0.2286, 0.1210, 0.0594, 0.0288, 0.0156, 0.0118, 0.0111, 0.0110,
         0.0112, 0.0116, 0.0122, 0.0128, 0.0135, 0.0142, 0.0150, 0.0158, 0.0167,
         0.0178, 0.0189, 0.0202, 0.0216, 0.0233, 0.0253, 0.0289, 0.0331, 0.0413,
         0.0494, 0.0560, 0.0633, 0.0708, 0.0774, 0.0848, 0.0928, 0.1017, 0.1114,
         0.1224, 0.1346, 0.1479, 0.1626, 0.1787, 0.1963, 0.2157, 0.2375, 0.2612,
         0.2870, 0.3150, 0.3452, 0.3778, 0.4139, 0.4523, 0.4931, 0.5360, 0.5807,
         0.6275, 0.6762, 0.7253, 0.7737, 0.8207, 0.8652, 0.9061, 0.9413, 0.9692,
         0.9885, 0.9970, 0.9946, 0.9817, 0.9581, 0.9234, 0.8810, 0.8336]],
       dtype=torch.float64), 'xH2O': tensor([[5.2498e-06, 3.4506e-06, 2.1946e-06, 1.3432e-06, 7.8740e-07, 4.3420e-07,
         2.2239e-07, 1.0219e-07, 4.1162e-08, 1.3981e-08, 4.0711e-09, 1.0076e-09,
         2.1005e-10, 4.3766e-11, 6.3063e-12, 6.0932e-13, 2.0453e-13, 1.3977e-13,
         1.4358e-13, 1.6126e-13, 1.9045e-13, 2.4041e-13, 3.1490e-13, 3.9343e-13,
         4.7962e-13, 6.0991e-13, 7.8788e-13, 1.0263e-12, 1.3472e-12, 1.7600e-12,
         2.2864e-12, 2.8920e-12, 3.4909e-12, 4.1354e-12, 4.7328e-12, 5.5415e-12,
         6.2978e-12, 6.9174e-12, 7.7451e-12, 8.7633e-12, 9.9724e-12, 1.1261e-11,
         1.2618e-11, 1.4039e-11, 1.5517e-11, 1.7045e-11, 1.8612e-11, 2.0220e-11,
         2.1863e-11, 2.3538e-11, 2.5242e-11, 2.6967e-11, 2.8665e-11, 3.0361e-11,
         3.2021e-11, 3.3652e-11, 3.5195e-11, 3.6729e-11, 3.8031e-11, 3.9279e-11,
         4.0413e-11, 4.1463e-11, 4.2369e-11, 4.3313e-11, 4.3875e-11, 4.4546e-11,
         4.5069e-11, 4.5712e-11, 4.6127e-11, 4.6822e-11, 4.7500e-11, 4.8578e-11,
         5.0032e-11, 5.1891e-11, 5.2741e-11, 4.8312e-11, 4.0102e-11, 3.2307e-11,
         2.7072e-11, 2.5124e-11]], dtype=torch.float64), 'xSO2': tensor([[4.3008e-02, 3.6202e-02, 3.0042e-02, 2.4368e-02, 1.9028e-02, 1.4187e-02,
         1.0051e-02, 6.6041e-03, 3.9481e-03, 2.0757e-03, 9.5976e-04, 3.9225e-04,
         1.4250e-04, 5.0353e-05, 2.0329e-05, 1.2646e-05, 1.0814e-05, 9.8712e-06,
         9.3925e-06, 9.1818e-06, 9.1748e-06, 9.3005e-06, 9.5437e-06, 9.9179e-06,
         1.0356e-05, 1.0833e-05, 1.1337e-05, 1.1880e-05, 1.2472e-05, 1.3097e-05,
         1.3761e-05, 1.4504e-05, 1.5410e-05, 1.7267e-05, 1.9554e-05, 2.4103e-05,
         2.8617e-05, 3.2314e-05, 3.6043e-05, 3.9698e-05, 4.3089e-05, 4.6820e-05,
         5.0903e-05, 5.5353e-05, 6.0178e-05, 6.5530e-05, 7.1329e-05, 7.7555e-05,
         8.4219e-05, 9.1330e-05, 9.8892e-05, 1.0698e-04, 1.1570e-04, 1.2486e-04,
         1.3441e-04, 1.4433e-04, 1.5453e-04, 1.6496e-04, 1.7572e-04, 1.8639e-04,
         1.9681e-04, 2.0676e-04, 2.1600e-04, 2.2428e-04, 2.3122e-04, 2.3645e-04,
         2.3964e-04, 2.4057e-04, 2.3893e-04, 2.3424e-04, 2.2676e-04, 2.1632e-04,
         2.0285e-04, 1.8523e-04, 1.6432e-04, 1.4087e-04, 1.1572e-04, 9.0322e-05,
         6.7695e-05, 5.0632e-05]], dtype=torch.float64), 'xH2SO4aer': tensor([[6.5829e-08, 7.4779e-08, 8.6067e-08, 9.9328e-08, 1.1570e-07, 1.3584e-07,
         1.6038e-07, 1.9079e-07, 2.3004e-07, 2.8769e-07, 4.2049e-07, 7.6143e-07,
         8.8084e-07, 2.0953e-07, 7.3190e-09, 4.1477e-10, 2.8702e-10, 2.6280e-10,
         2.5808e-10, 2.6016e-10, 2.6465e-10, 2.6629e-10, 2.6136e-10, 2.4958e-10,
         2.3413e-10, 2.2099e-10, 2.1259e-10, 2.0738e-10, 2.0200e-10, 1.9422e-10,
         1.8285e-10, 1.6628e-10, 1.4940e-10, 1.4566e-10, 1.5082e-10, 1.6988e-10,
         1.8985e-10, 2.0622e-10, 2.0900e-10, 1.9705e-10, 1.6647e-10, 1.3830e-10,
         1.1306e-10, 9.1062e-11, 7.2360e-11, 5.6820e-11, 4.4187e-11, 3.4075e-11,
         2.6077e-11, 1.9814e-11, 1.4953e-11, 1.1213e-11, 8.3651e-12, 6.1976e-12,
         4.5582e-12, 3.3263e-12, 2.4064e-12, 1.7255e-12, 1.2301e-12, 8.6880e-13,
         6.0741e-13, 4.2009e-13, 2.8713e-13, 1.9440e-13, 1.3069e-13, 8.6881e-14,
         5.7020e-14, 3.6927e-14, 2.3595e-14, 1.5003e-14, 9.3363e-15, 5.6335e-15,
         3.2341e-15, 1.7522e-15, 8.3581e-16, 3.1709e-16, 9.5304e-17, 2.9086e-17,
         8.3147e-18, 1.7955e-18]], dtype=torch.float64), 'xS8aer': tensor([[1.4590e-34, 3.1390e-34, 7.9552e-34, 2.4779e-33, 9.5120e-33, 4.0094e-32,
         1.8541e-31, 4.3732e-30, 1.6280e-27, 5.4429e-25, 2.0850e-22, 5.7600e-21,
         9.9594e-21, 2.2034e-21, 4.8041e-23, 1.7855e-25, 2.1185e-26, 6.2237e-27,
         3.1158e-27, 1.6612e-27, 9.0028e-28, 5.3860e-28, 3.3412e-28, 2.0309e-28,
         1.3487e-28, 9.3350e-29, 6.0302e-29, 4.2167e-29, 3.1613e-29, 2.4361e-29,
         2.4656e-29, 2.6354e-29, 2.8467e-29, 3.2317e-29, 3.6875e-29, 4.5564e-29,
         5.4140e-29, 6.1165e-29, 4.9249e-29, 2.4756e-29, 8.8523e-30, 6.3498e-30,
         4.7941e-30, 3.5668e-30, 2.6183e-30, 2.1277e-30, 1.5214e-30, 9.2293e-31,
         4.4839e-31, 1.1932e-31, 6.0820e-33, 1.0000e-40, 1.0000e-40, 1.0000e-40,
         1.0000e-40, 1.0000e-40, 1.0000e-40, 1.0000e-40, 1.0000e-40, 1.0000e-40,
         1.0000e-40, 1.0000e-40, 1.0000e-40, 1.0000e-40, 1.0000e-40, 1.0000e-40,
         1.0000e-40, 1.0000e-40, 1.0000e-40, 1.0000e-40, 1.0000e-40, 1.0000e-40,
         1.0000e-40, 1.0000e-40, 1.0000e-40, 1.0000e-40, 1.0000e-40, 1.0000e-40,
         1.0000e-40, 1.0000e-40]], dtype=torch.float64)}"
1.2528e+06,222.754,2.89455e-08,"{'pres': tensor([[7.0013e+04, 5.7350e+04, 4.6977e+04, 3.8480e+04, 3.1520e+04, 2.5819e+04,
         2.1149e+04, 1.7324e+04, 1.4190e+04, 1.1624e+04, 9.5214e+03, 7.7993e+03,
         6.3886e+03, 5.2331e+03, 4.2866e+03, 3.5112e+03, 2.8762e+03, 2.3559e+03,
         1.9298e+03, 1.5808e+03, 1.2949e+03, 1.0607e+03, 8.6881e+02, 7.1167e+02,
         5.8295e+02, 4.7751e+02, 3.9114e+02, 3.2040e+02, 2.6245e+02, 2.1498e+02,
         1.7609e+02, 1.4424e+02, 1.1815e+02, 9.6783e+01, 7.9278e+01, 6.4939e+01,
         5.3193e+01, 4.3572e+01, 3.5691e+01, 2.9236e+01, 2.3948e+01, 1.9616e+01,
         1.6068e+01, 1.3162e+01, 1.0781e+01, 8.8313e+00, 7.2340e+00, 5.9256e+00,
         4.8538e+00, 3.9759e+00, 3.2568e+00, 2.6677e+00, 2.1852e+00, 1.7900e+00,
         1.4662e+00, 1.2010e+00, 9.8378e-01, 8.0585e-01, 6.6009e-01, 5.4070e-01,
         4.4290e-01, 3.6279e-01, 2.9717e-01, 2.4342e-01, 1.9940e-01, 1.6333e-01,
         1.3379e-01, 1.0959e-01, 8.9769e-02, 7.3532e-02, 6.0232e-02, 4.9338e-02,
         4.0414e-02, 3.3104e-02, 2.7117e-02, 2.2212e-02, 1.8195e-02, 1.4904e-02,
         1.2208e-02, 1.0000e-02]], dtype=torch.float64), 'temp': tensor([[205.4610, 201.2289, 197.0095, 192.7566, 188.4247, 183.9377, 179.2306,
         174.2169, 168.8299, 163.0338, 156.9085, 150.5609, 144.2265, 138.3895,
         133.3796, 131.1464, 129.7867, 128.7077, 127.7830, 126.9723, 126.2530,
         125.5919, 124.9800, 124.4240, 123.9047, 123.4143, 122.9654, 122.5453,
         122.1449, 121.7754, 121.4340, 121.1011, 120.7931, 120.4832, 120.2000,
         119.8403, 119.4950, 119.1866, 118.8547, 118.5137, 118.1721, 117.8420,
         117.5208, 117.2086, 116.9053, 116.6083, 116.3174, 116.0356, 115.7610,
         115.4941, 115.2350, 114.9835, 114.7336, 114.4930, 114.2498, 114.0167,
         113.7735, 113.5399, 113.2934, 113.0522, 112.8006, 112.5523, 112.2866,
         112.0337, 111.7506, 111.4902, 111.1920, 110.9159, 110.6067, 110.3250,
         110.0167, 109.7315, 109.4457, 109.1732, 108.9166, 108.6685, 108.4267,
         108.2164, 107.9948, 107.8586]], dtype=torch.float64), 'xCO2': tensor([[0.7142, 0.7474, 0.7732, 0.7694, 0.7422, 0.7030, 0.6479, 0.5726, 0.4755,
         0.3598, 0.2282, 0.1210, 0.0594, 0.0288, 0.0156, 0.0118, 0.0111, 0.0110,
         0.0112, 0.0116, 0.0122, 0.0128, 0.0135, 0.0142, 0.0150, 0.0158, 0.0167,
         0.0178, 0.0189, 0.0202, 0.0216, 0.0233, 0.0253, 0.0289, 0.0331, 0.0413,
         0.0494, 0.0560, 0.0633, 0.0708, 0.0774, 0.0848, 0.0928, 0.1017, 0.1114,
         0.1224, 0.1346, 0.1479, 0.1626, 0.1787, 0.1963, 0.2157, 0.2375, 0.2612,
         0.2870, 0.3150, 0.3452, 0.3778, 0.4139, 0.4523, 0.4931, 0.5360, 0.5807,
         0.6275, 0.6762, 0.7253, 0.7737, 0.8207, 0.8652, 0.9061, 0.9413, 0.9692,
         0.9885, 0.9970, 0.9946, 0.9817, 0.9581, 0.9234, 0.8810, 0.8336]],
       dtype=torch.float64), 'xH2O': tensor([[5.2762e-06, 3.4550e-06, 2.1939e-06, 1.3432e-06, 7.8589e-07, 4.3388e-07,
         2.2177e-07, 1.0210e-07, 4.0958e-08, 1.3952e-08, 4.0535e-09, 1.0063e-09,
         2.0955e-10, 4.3671e-11, 6.2821e-12, 6.0762e-13, 2.0423e-13, 1.3971e-13,
         1.4356e-13, 1.6126e-13, 1.9046e-13, 2.4041e-13, 3.1492e-13, 3.9346e-13,
         4.7966e-13, 6.0996e-13, 7.8794e-13, 1.0264e-12, 1.3473e-12, 1.7601e-12,
         2.2865e-12, 2.8922e-12, 3.4912e-12, 4.1359e-12, 4.7335e-12, 5.5424e-12,
         6.2990e-12, 6.9187e-12, 7.7465e-12, 8.7647e-12, 9.9742e-12, 1.1263e-11,
         1.2621e-11, 1.4042e-11, 1.5521e-11, 1.7049e-11, 1.8616e-11, 2.0225e-11,
         2.1868e-11, 2.3544e-11, 2.5248e-11, 2.6973e-11, 2.8672e-11, 3.0368e-11,
         3.2027e-11, 3.3659e-11, 3.5202e-11, 3.6736e-11, 3.8038e-11, 3.9286e-11,
         4.0421e-11, 4.1470e-11, 4.2376e-11, 4.3320e-11, 4.3882e-11, 4.4554e-11,
         4.5076e-11, 4.5720e-11, 4.6134e-11, 4.6830e-11, 4.7508e-11, 4.8586e-11,
         5.0040e-11, 5.1900e-11, 5.2750e-11, 4.8319e-11, 4.0107e-11, 3.2312e-11,
         2.7076e-11, 2.5128e-11]], dtype=torch.float64), 'xSO2': tensor([[4.3134e-02, 3.6226e-02, 3.0036e-02, 2.4368e-02, 1.9006e-02, 1.4181e-02,
         1.0034e-02, 6.6000e-03, 3.9366e-03, 2.0730e-03, 9.5696e-04, 3.9195e-04,
         1.4226e-04, 5.0280e-05, 2.0320e-05, 1.2647e-05, 1.0815e-05, 9.8720e-06,
         9.3931e-06, 9.1825e-06, 9.1754e-06, 9.3011e-06, 9.5443e-06, 9.9184e-06,
         1.0356e-05, 1.0833e-05, 1.1337e-05, 1.1880e-05, 1.2472e-05, 1.3097e-05,
         1.3760e-05, 1.4504e-05, 1.5410e-05, 1.7268e-05, 1.9556e-05, 2.4106e-05,
         2.8620e-05, 3.2318e-05, 3.6050e-05, 3.9707e-05, 4.3095e-05, 4.6825e-05,
         5.0906e-05, 5.5354e-05, 6.0179e-05, 6.5530e-05, 7.1328e-05, 7.7555e-05,
         8.4219e-05, 9.1330e-05, 9.8893e-05, 1.0698e-04, 1.1570e-04, 1.2486e-04,
         1.3442e-04, 1.4433e-04, 1.5453e-04, 1.6496e-04, 1.7572e-04, 1.8640e-04,
         1.9682e-04, 2.0676e-04, 2.1600e-04, 2.2428e-04, 2.3123e-04, 2.3645e-04,
         2.3965e-04, 2.4057e-04, 2.3894e-04, 2.3425e-04, 2.2676e-04, 2.1633e-04,
         2.0286e-04, 1.8523e-04, 1.6432e-04, 1.4087e-04, 1.1573e-04, 9.0323e-05,
         6.7697e-05, 5.0633e-05]], dtype=torch.float64), 'xH2SO4aer': tensor([[6.5831e-08, 7.4781e-08, 8.6070e-08, 9.9331e-08, 1.1571e-07, 1.3584e-07,
         1.6038e-07, 1.9080e-07, 2.3005e-07, 2.8770e-07, 4.2056e-07, 7.6166e-07,
         8.8067e-07, 2.0924e-07, 7.3033e-09, 4.1444e-10, 2.8696e-10, 2.6278e-10,
         2.5805e-10, 2.6005e-10, 2.6429e-10, 2.6540e-10, 2.5974e-10, 2.4746e-10,
         2.3212e-10, 2.1962e-10, 2.1192e-10, 2.0715e-10, 2.0194e-10, 1.9421e-10,
         1.8286e-10, 1.6630e-10, 1.4942e-10, 1.4568e-10, 1.5083e-10, 1.6990e-10,
         1.8988e-10, 2.0624e-10, 2.0903e-10, 1.9708e-10, 1.6648e-10, 1.3831e-10,
         1.1307e-10, 9.1070e-11, 7.2367e-11, 5.6825e-11, 4.4191e-11, 3.4078e-11,
         2.6079e-11, 1.9817e-11, 1.4955e-11, 1.1215e-11, 8.3662e-12, 6.1985e-12,
         4.5589e-12, 3.3268e-12, 2.4067e-12, 1.7258e-12, 1.2303e-12, 8.6894e-13,
         6.0751e-13, 4.2016e-13, 2.8718e-13, 1.9443e-13, 1.3071e-13, 8.6898e-14,
         5.7031e-14, 3.6934e-14, 2.3600e-14, 1.5007e-14, 9.3382e-15, 5.6347e-15,
         3.2348e-15, 1.7526e-15, 8.3597e-16, 3.1715e-16, 9.5319e-17, 2.9090e-17,
         8.3160e-18, 1.7957e-18]], dtype=torch.float64), 'xS8aer': tensor([[1.4591e-34, 3.1385e-34, 7.9521e-34, 2.4763e-33, 9.5031e-33, 4.0045e-32,
         1.8514e-31, 4.3703e-30, 1.6286e-27, 5.4496e-25, 2.0909e-22, 5.7656e-21,
         9.9524e-21, 2.1988e-21, 4.7863e-23, 1.7738e-25, 2.1080e-26, 6.2102e-27,
         3.1114e-27, 1.6591e-27, 8.9914e-28, 5.3793e-28, 3.3370e-28, 2.0280e-28,
         1.3464e-28, 9.3185e-29, 6.0194e-29, 4.2090e-29, 3.1550e-29, 2.4327e-29,
         2.4634e-29, 2.6334e-29, 2.8447e-29, 3.2296e-29, 3.6851e-29, 4.5537e-29,
         5.4109e-29, 6.1131e-29, 4.9247e-29, 2.4793e-29, 8.8744e-30, 6.3700e-30,
         4.8143e-30, 3.5869e-30, 2.6366e-30, 2.1392e-30, 1.5327e-30, 9.3232e-31,
         4.5823e-31, 1.2399e-31, 6.4004e-33, 1.0000e-40, 1.0000e-40, 1.0000e-40,
         1.0000e-40, 1.0000e-40, 1.0000e-40, 1.0000e-40, 1.0000e-40, 1.0000e-40,
         1.0000e-40, 1.0000e-40, 1.0000e-40, 1.0000e-40, 1.0000e-40, 1.0000e-40,
         1.0000e-40, 1.0000e-40, 1.0000e-40, 1.0000e-40, 1.0000e-40, 1.0000e-40,
         1.0000e-40, 1.0000e-40, 1.0000e-40, 1.0000e-40, 1.0000e-40, 1.0000e-40,
         1.0000e-40, 1.0000e-40]], dtype=torch.float64)}"
1.2744e+06,222.758,7.6766e-08,"{'pres': tensor([[7.0013e+04, 5.7350e+04, 4.6977e+04, 3.8480e+04, 3.1520e+04, 2.5819e+04,
         2.1149e+04, 1.7324e+04, 1.4190e+04, 1.1624e+04, 9.5214e+03, 7.7993e+03,
         6.3886e+03, 5.2331e+03, 4.2866e+03, 3.5112e+03, 2.8762e+03, 2.3559e+03,
         1.9298e+03, 1.5808e+03, 1.2949e+03, 1.0607e+03, 8.6881e+02, 7.1167e+02,
         5.8295e+02, 4.7751e+02, 3.9114e+02, 3.2040e+02, 2.6245e+02, 2.1498e+02,
         1.7609e+02, 1.4424e+02, 1.1815e+02, 9.6783e+01, 7.9278e+01, 6.4939e+01,
         5.3193e+01, 4.3572e+01, 3.5691e+01, 2.9236e+01, 2.3948e+01, 1.9616e+01,
         1.6068e+01, 1.3162e+01, 1.0781e+01, 8.8313e+00, 7.2340e+00, 5.9256e+00,
         4.8538e+00, 3.9759e+00, 3.2568e+00, 2.6677e+00, 2.1852e+00, 1.7900e+00,
         1.4662e+00, 1.2010e+00, 9.8378e-01, 8.0585e-01, 6.6009e-01, 5.4070e-01,
         4.4290e-01, 3.6279e-01, 2.9717e-01, 2.4342e-01, 1.9940e-01, 1.6333e-01,
         1.3379e-01, 1.0959e-01, 8.9769e-02, 7.3532e-02, 6.0232e-02, 4.9338e-02,
         4.0414e-02, 3.3104e-02, 2.7117e-02, 2.2212e-02, 1.8195e-02, 1.4904e-02,
         1.2208e-02, 1.0000e-02]], dtype=torch.float64), 'temp': tensor([[205.3963, 201.2059, 197.0002, 192.7770, 188.4367, 183.9798, 179.2556,
         174.2756, 168.8694, 163.0963, 156.9290, 150.6026, 144.2509, 138.3828,
         133.3787, 131.1468, 129.7871, 128.7080, 127.7833, 126.9726, 126.2532,
         125.5921, 124.9803, 124.4242, 123.9050, 123.4145, 122.9656, 122.5455,
         122.1452, 121.7757, 121.4342, 121.1014, 120.7935, 120.4836, 120.2005,
         119.8411, 119.4960, 119.1874, 118.8554, 118.5144, 118.1728, 117.8428,
         117.5215, 117.2093, 116.9061, 116.6091, 116.3182, 116.0364, 115.7618,
         115.4950, 115.2358, 114.9842, 114.7344, 114.4937, 114.2505, 114.0174,
         113.7741, 113.5404, 113.2939, 113.0527, 112.8011, 112.5528, 112.2870,
         112.0341, 111.7509, 111.4906, 111.1923, 110.9163, 110.6070, 110.3253,
         110.0170, 109.7317, 109.4460, 109.1735, 108.9168, 108.6688, 108.4270,
         108.2167, 107.9951, 107.8589]], dtype=torch.float64), 'xCO2': tensor([[0.7142, 0.7474, 0.7732, 0.7694, 0.7422, 0.7030, 0.6478, 0.5725, 0.4754,
         0.3598, 0.2280, 0.1206, 0.0592, 0.0287, 0.0156, 0.0118, 0.0111, 0.0110,
         0.0112, 0.0116, 0.0122, 0.0128, 0.0135, 0.0142, 0.0150, 0.0158, 0.0167,
         0.0178, 0.0189, 0.0202, 0.0216, 0.0233, 0.0253, 0.0289, 0.0331, 0.0413,
         0.0494, 0.0560, 0.0633, 0.0708, 0.0774, 0.0848, 0.0928, 0.1017, 0.1114,
         0.1224, 0.1346, 0.1479, 0.1626, 0.1787, 0.1963, 0.2157, 0.2375, 0.2612,
         0.2870, 0.3150, 0.3452, 0.3778, 0.4139, 0.4523, 0.4931, 0.5360, 0.5807,
         0.6275, 0.6762, 0.7253, 0.7737, 0.8207, 0.8652, 0.9061, 0.9413, 0.9692,
         0.9885, 0.9970, 0.9946, 0.9817, 0.9581, 0.9234, 0.8810, 0.8336]],
       dtype=torch.float64), 'xH2O': tensor([[5.2958e-06, 3.4612e-06, 2.1951e-06, 1.3421e-06, 7.8486e-07, 4.3287e-07,
         2.2114e-07, 1.0168e-07, 4.0776e-08, 1.3882e-08, 4.0422e-09, 1.0011e-09,
         2.0868e-10, 4.3562e-11, 6.2577e-12, 6.0594e-13, 2.0393e-13, 1.3965e-13,
         1.4354e-13, 1.6125e-13, 1.9046e-13, 2.4042e-13, 3.1494e-13, 3.9349e-13,
         4.7970e-13, 6.1000e-13, 7.8800e-13, 1.0265e-12, 1.3474e-12, 1.7603e-12,
         2.2867e-12, 2.8925e-12, 3.4915e-12, 4.1364e-12, 4.7341e-12, 5.5433e-12,
         6.3001e-12, 6.9200e-12, 7.7479e-12, 8.7661e-12, 9.9760e-12, 1.1265e-11,
         1.2624e-11, 1.4045e-11, 1.5524e-11, 1.7053e-11, 1.8620e-11, 2.0229e-11,
         2.1874e-11, 2.3549e-11, 2.5254e-11, 2.6979e-11, 2.8678e-11, 3.0374e-11,
         3.2034e-11, 3.3666e-11, 3.5209e-11, 3.6742e-11, 3.8044e-11, 3.9293e-11,
         4.0427e-11, 4.1477e-11, 4.2383e-11, 4.3327e-11, 4.3888e-11, 4.4560e-11,
         4.5083e-11, 4.5727e-11, 4.6140e-11, 4.6837e-11, 4.7515e-11, 4.8593e-11,
         5.0047e-11, 5.1907e-11, 5.2757e-11, 4.8326e-11, 4.0113e-11, 3.2316e-11,
         2.7079e-11, 2.5131e-11]], dtype=torch.float64), 'xSO2': tensor([[4.3226e-02, 3.6262e-02, 3.0044e-02, 2.4356e-02, 1.8991e-02, 1.4160e-02,
         1.0015e-02, 6.5828e-03, 3.9253e-03, 2.0661e-03, 9.5522e-04, 3.9054e-04,
         1.4186e-04, 5.0199e-05, 2.0311e-05, 1.2648e-05, 1.0817e-05, 9.8728e-06,
         9.3938e-06, 9.1831e-06, 9.1760e-06, 9.3017e-06, 9.5450e-06, 9.9190e-06,
         1.0357e-05, 1.0833e-05, 1.1337e-05, 1.1880e-05, 1.2471e-05, 1.3096e-05,
         1.3760e-05, 1.4504e-05, 1.5410e-05, 1.7268e-05, 1.9557e-05, 2.4109e-05,
         2.8624e-05, 3.2322e-05, 3.6056e-05, 3.9714e-05, 4.3102e-05, 4.6830e-05,
         5.0910e-05, 5.5356e-05, 6.0179e-05, 6.5530e-05, 7.1327e-05, 7.7554e-05,
         8.4219e-05, 9.1330e-05, 9.8894e-05, 1.0698e-04, 1.1571e-04, 1.2486e-04,
         1.3442e-04, 1.4433e-04, 1.5453e-04, 1.6497e-04, 1.7573e-04, 1.8640e-04,
         1.9682e-04, 2.0677e-04, 2.1600e-04, 2.2429e-04, 2.3123e-04, 2.3646e-04,
         2.3965e-04, 2.4058e-04, 2.3895e-04, 2.3425e-04, 2.2677e-04, 2.1633e-04,
         2.0286e-04, 1.8523e-04, 1.6433e-04, 1.4087e-04, 1.1573e-04, 9.0325e-05,
         6.7698e-05, 5.0634e-05]], dtype=torch.float64), 'xH2SO4aer': tensor([[6.5833e-08, 7.4784e-08, 8.6073e-08, 9.9334e-08, 1.1571e-07, 1.3585e-07,
         1.6039e-07, 1.9080e-07, 2.3005e-07, 2.8771e-07, 4.2063e-07, 7.6188e-07,
         8.8050e-07, 2.0894e-07, 7.2876e-09, 4.1412e-10, 2.8691e-10, 2.6275e-10,
         2.5802e-10, 2.5992e-10, 2.6390e-10, 2.6446e-10, 2.5810e-10, 2.4537e-10,
         2.3019e-10, 2.1836e-10, 2.1131e-10, 2.0695e-10, 2.0189e-10, 1.9421e-10,
         1.8287e-10, 1.6631e-10, 1.4943e-10, 1.4570e-10, 1.5085e-10, 1.6992e-10,
         1.8990e-10, 2.0627e-10, 2.0905e-10, 1.9710e-10, 1.6650e-10, 1.3832e-10,
         1.1308e-10, 9.1078e-11, 7.2373e-11, 5.6830e-11, 4.4195e-11, 3.4082e-11,
         2.6082e-11, 1.9819e-11, 1.4956e-11, 1.1216e-11, 8.3673e-12, 6.1993e-12,
         4.5595e-12, 3.3272e-12, 2.4071e-12, 1.7260e-12, 1.2305e-12, 8.6908e-13,
         6.0761e-13, 4.2023e-13, 2.8723e-13, 1.9447e-13, 1.3073e-13, 8.6913e-14,
         5.7041e-14, 3.6941e-14, 2.3605e-14, 1.5009e-14, 9.3400e-15, 5.6358e-15,
         3.2354e-15, 1.7529e-15, 8.3613e-16, 3.1721e-16, 9.5336e-17, 2.9095e-17,
         8.3174e-18, 1.7960e-18]], dtype=torch.float64), 'xS8aer': tensor([[1.4592e-34, 3.1380e-34, 7.9491e-34, 2.4747e-33, 9.4943e-33, 3.9995e-32,
         1.8487e-31, 4.3674e-30, 1.6293e-27, 5.4565e-25, 2.0968e-22, 5.7719e-21,
         9.9454e-21, 2.1941e-21, 4.7684e-23, 1.7623e-25, 2.0978e-26, 6.1972e-27,
         3.1070e-27, 1.6570e-27, 8.9805e-28, 5.3728e-28, 3.3329e-28, 2.0252e-28,
         1.3442e-28, 9.3029e-29, 6.0093e-29, 4.2017e-29, 3.1491e-29, 2.4295e-29,
         2.4613e-29, 2.6314e-29, 2.8428e-29, 3.2276e-29, 3.6828e-29, 4.5511e-29,
         5.4081e-29, 6.1101e-29, 4.9249e-29, 2.4833e-29, 8.9000e-30, 6.3943e-30,
         4.8387e-30, 3.6107e-30, 2.6579e-30, 2.1581e-30, 1.5526e-30, 9.5142e-31,
         4.7644e-31, 1.3710e-31, 7.6078e-33, 1.0000e-40, 1.0000e-40, 1.0000e-40,
         1.0000e-40, 1.0000e-40, 1.0000e-40, 1.0000e-40, 1.0000e-40, 1.0000e-40,
         1.0000e-40, 1.0000e-40, 1.0000e-40, 1.0000e-40, 1.0000e-40, 1.0000e-40,
         1.0000e-40, 1.0000e-40, 1.0000e-40, 1.0000e-40, 1.0000e-40, 1.0000e-40,
         1.0000e-40, 1.0000e-40, 1.0000e-40, 1.0000e-40, 1.0000e-40, 1.0000e-40,
         1.0000e-40, 1.0000e-40]], dtype=torch.float64)}"
1.296e+06,222.753,2.21753e-08,"{'pres': tensor([[7.0013e+04, 5.7350e+04, 4.6977e+04, 3.8480e+04, 3.1520e+04, 2.5819e+04,
         2.1149e+04, 1.7324e+04, 1.4190e+04, 1.1624e+04, 9.5214e+03, 7.7993e+03,
         6.3886e+03, 5.2331e+03, 4.2866e+03, 3.5112e+03, 2.8762e+03, 2.3559e+03,
         1.9298e+03, 1.5808e+03, 1.2949e+03, 1.0607e+03, 8.6881e+02, 7.1167e+02,
         5.8295e+02, 4.7751e+02, 3.9114e+02, 3.2040e+02, 2.6245e+02, 2.1498e+02,
         1.7609e+02, 1.4424e+02, 1.1815e+02, 9.6783e+01, 7.9278e+01, 6.4939e+01,
         5.3193e+01, 4.3572e+01, 3.5691e+01, 2.9236e+01, 2.3948e+01, 1.9616e+01,
         1.6068e+01, 1.3162e+01, 1.0781e+01, 8.8313e+00, 7.2340e+00, 5.9256e+00,
         4.8538e+00, 3.9759e+00, 3.2568e+00, 2.6677e+00, 2.1852e+00, 1.7900e+00,
         1.4662e+00, 1.2010e+00, 9.8378e-01, 8.0585e-01, 6.6009e-01, 5.4070e-01,
         4.4290e-01, 3.6279e-01, 2.9717e-01, 2.4342e-01, 1.9940e-01, 1.6333e-01,
         1.3379e-01, 1.0959e-01, 8.9769e-02, 7.3532e-02, 6.0232e-02, 4.9338e-02,
         4.0414e-02, 3.3104e-02, 2.7117e-02, 2.2212e-02, 1.8195e-02, 1.4904e-02,
         1.2208e-02, 1.0000e-02]], dtype=torch.float64), 'temp': tensor([[205.4350, 201.2128, 197.0059, 192.7578, 188.4359, 183.9490, 179.2515,
         174.2370, 168.8573, 163.0565, 156.9321, 150.5733, 144.2387, 138.3762,
         133.3778, 131.1472, 129.7874, 128.7083, 127.7836, 126.9728, 126.2535,
         125.5924, 124.9805, 124.4245, 123.9053, 123.4148, 122.9659, 122.5458,
         122.1455, 121.7760, 121.4345, 121.1017, 120.7938, 120.4841, 120.2010,
         119.8420, 119.4971, 119.1883, 118.8561, 118.5151, 118.1736, 117.8435,
         117.5223, 117.2101, 116.9069, 116.6099, 116.3191, 116.0373, 115.7627,
         115.4959, 115.2367, 114.9851, 114.7352, 114.4945, 114.2512, 114.0181,
         113.7749, 113.5411, 113.2946, 113.0533, 112.8017, 112.5534, 112.2876,
         112.0347, 111.7515, 111.4912, 111.1928, 110.9168, 110.6076, 110.3258,
         110.0175, 109.7323, 109.4465, 109.1740, 108.9173, 108.6693, 108.4274,
         108.2172, 107.9955, 107.8593]], dtype=torch.float64), 'xCO2': tensor([[0.7142, 0.7474, 0.7732, 0.7694, 0.7422, 0.7029, 0.6478, 0.5725, 0.4753,
         0.3597, 0.2284, 0.1211, 0.0594, 0.0287, 0.0156, 0.0118, 0.0111, 0.0110,
         0.0112, 0.0116, 0.0122, 0.0128, 0.0135, 0.0142, 0.0150, 0.0158, 0.0167,
         0.0178, 0.0189, 0.0202, 0.0216, 0.0233, 0.0253, 0.0289, 0.0331, 0.0413,
         0.0494, 0.0560, 0.0633, 0.0708, 0.0774, 0.0848, 0.0928, 0.1017, 0.1114,
         0.1224, 0.1346, 0.1479, 0.1626, 0.1787, 0.1963, 0.2157, 0.2375, 0.2612,
         0.2870, 0.3150, 0.3452, 0.3778, 0.4139, 0.4523, 0.4931, 0.5360, 0.5807,
         0.6275, 0.6762, 0.7253, 0.7737, 0.8207, 0.8652, 0.9061, 0.9413, 0.9692,
         0.9885, 0.9970, 0.9946, 0.9817, 0.9581, 0.9234, 0.8810, 0.8336]],
       dtype=torch.float64), 'xH2O': tensor([[5.2466e-06, 3.4505e-06, 2.1935e-06, 1.3446e-06, 7.8623e-07, 4.3469e-07,
         2.2202e-07, 1.0247e-07, 4.1034e-08, 1.4024e-08, 4.0662e-09, 1.0086e-09,
         2.0994e-10, 4.3549e-11, 6.2339e-12, 6.0429e-13, 2.0364e-13, 1.3960e-13,
         1.4352e-13, 1.6125e-13, 1.9046e-13, 2.4043e-13, 3.1496e-13, 3.9352e-13,
         4.7973e-13, 6.1005e-13, 7.8806e-13, 1.0266e-12, 1.3475e-12, 1.7604e-12,
         2.2869e-12, 2.8928e-12, 3.4918e-12, 4.1369e-12, 4.7348e-12, 5.5442e-12,
         6.3012e-12, 6.9213e-12, 7.7493e-12, 8.7676e-12, 9.9778e-12, 1.1268e-11,
         1.2626e-11, 1.4048e-11, 1.5527e-11, 1.7057e-11, 1.8625e-11, 2.0234e-11,
         2.1879e-11, 2.3555e-11, 2.5260e-11, 2.6986e-11, 2.8685e-11, 3.0381e-11,
         3.2041e-11, 3.3674e-11, 3.5216e-11, 3.6750e-11, 3.8053e-11, 3.9301e-11,
         4.0436e-11, 4.1485e-11, 4.2392e-11, 4.3336e-11, 4.3898e-11, 4.4570e-11,
         4.5093e-11, 4.5737e-11, 4.6151e-11, 4.6848e-11, 4.7526e-11, 4.8605e-11,
         5.0059e-11, 5.1919e-11, 5.2767e-11, 4.8333e-11, 4.0118e-11, 3.2320e-11,
         2.7083e-11, 2.5134e-11]], dtype=torch.float64), 'xSO2': tensor([[4.2993e-02, 3.6201e-02, 3.0033e-02, 2.4384e-02, 1.9011e-02, 1.4197e-02,
         1.0041e-02, 6.6136e-03, 3.9411e-03, 2.0801e-03, 9.5886e-04, 3.9256e-04,
         1.4243e-04, 5.0176e-05, 2.0302e-05, 1.2649e-05, 1.0818e-05, 9.8735e-06,
         9.3945e-06, 9.1837e-06, 9.1766e-06, 9.3024e-06, 9.5457e-06, 9.9196e-06,
         1.0357e-05, 1.0833e-05, 1.1337e-05, 1.1879e-05, 1.2471e-05, 1.3096e-05,
         1.3759e-05, 1.4503e-05, 1.5410e-05, 1.7269e-05, 1.9559e-05, 2.4111e-05,
         2.8628e-05, 3.2327e-05, 3.6062e-05, 3.9723e-05, 4.3109e-05, 4.6835e-05,
         5.0913e-05, 5.5358e-05, 6.0180e-05, 6.5529e-05, 7.1327e-05, 7.7553e-05,
         8.4218e-05, 9.1330e-05, 9.8894e-05, 1.0698e-04, 1.1571e-04, 1.2486e-04,
         1.3442e-04, 1.4433e-04, 1.5454e-04, 1.6497e-04, 1.7573e-04, 1.8641e-04,
         1.9682e-04, 2.0677e-04, 2.1601e-04, 2.2429e-04, 2.3124e-04, 2.3646e-04,
         2.3966e-04, 2.4058e-04, 2.3895e-04, 2.3426e-04, 2.2677e-04, 2.1634e-04,
         2.0286e-04, 1.8524e-04, 1.6433e-04, 1.4087e-04, 1.1573e-04, 9.0327e-05,
         6.7700e-05, 5.0635e-05]], dtype=torch.float64), 'xH2SO4aer': tensor([[6.5836e-08, 7.4786e-08, 8.6075e-08, 9.9337e-08, 1.1571e-07, 1.3585e-07,
         1.6039e-07, 1.9081e-07, 2.3006e-07, 2.8772e-07, 4.2069e-07, 7.6211e-07,
         8.8033e-07, 2.0865e-07, 7.2719e-09, 4.1380e-10, 2.8686e-10, 2.6273e-10,
         2.5798e-10, 2.5978e-10, 2.6348e-10, 2.6346e-10, 2.5642e-10, 2.4330e-10,
         2.2835e-10, 2.1719e-10, 2.1078e-10, 2.0678e-10, 2.0186e-10, 1.9421e-10,
         1.8289e-10, 1.6632e-10, 1.4945e-10, 1.4571e-10, 1.5087e-10, 1.6994e-10,
         1.8992e-10, 2.0629e-10, 2.0908e-10, 1.9712e-10, 1.6652e-10, 1.3834e-10,
         1.1309e-10, 9.1085e-11, 7.2379e-11, 5.6835e-11, 4.4200e-11, 3.4085e-11,
         2.6085e-11, 1.9821e-11, 1.4958e-11, 1.1218e-11, 8.3684e-12, 6.2001e-12,
         4.5601e-12, 3.3277e-12, 2.4074e-12, 1.7263e-12, 1.2307e-12, 8.6922e-13,
         6.0771e-13, 4.2030e-13, 2.8728e-13, 1.9450e-13, 1.3076e-13, 8.6931e-14,
         5.7053e-14, 3.6949e-14, 2.3610e-14, 1.5013e-14, 9.3422e-15, 5.6371e-15,
         3.2361e-15, 1.7532e-15, 8.3625e-16, 3.1723e-16, 9.5344e-17, 2.9097e-17,
         8.3182e-18, 1.7962e-18]], dtype=torch.float64), 'xS8aer': tensor([[1.4592e-34, 3.1375e-34, 7.9461e-34, 2.4731e-33, 9.4855e-33, 3.9946e-32,
         1.8460e-31, 4.3645e-30, 1.6300e-27, 5.4634e-25, 2.1026e-22, 5.7756e-21,
         9.9384e-21, 2.1895e-21, 4.7507e-23, 1.7510e-25, 2.0878e-26, 6.1845e-27,
         3.1029e-27, 1.6551e-27, 8.9700e-28, 5.3666e-28, 3.3290e-28, 2.0224e-28,
         1.3421e-28, 9.2883e-29, 5.9998e-29, 4.1947e-29, 3.1429e-29, 2.4262e-29,
         2.4592e-29, 2.6295e-29, 2.8410e-29, 3.2258e-29, 3.6809e-29, 4.5487e-29,
         5.4050e-29, 6.1064e-29, 4.9240e-29, 2.4860e-29, 8.9131e-30, 6.4047e-30,
         4.8474e-30, 3.6170e-30, 2.6625e-30, 2.1616e-30, 1.5500e-30, 9.4677e-31,
         4.6552e-31, 1.2706e-31, 6.6527e-33, 1.0000e-40, 1.0000e-40, 1.0000e-40,
         1.0000e-40, 1.0000e-40, 1.0000e-40, 1.0000e-40, 1.0000e-40, 1.0000e-40,
         1.0000e-40, 1.0000e-40, 1.0000e-40, 1.0000e-40, 1.0000e-40, 1.0000e-40,
         1.0000e-40, 1.0000e-40, 1.0000e-40, 1.0000e-40, 1.0000e-40, 1.0000e-40,
         1.0000e-40, 1.0000e-40, 1.0000e-40, 1.0000e-40, 1.0000e-40, 1.0000e-40,
         1.0000e-40, 1.0000e-40]], dtype=torch.float64)}"
1.3176e+06,222.754,3.03635e-08,"{'pres': tensor([[7.0013e+04, 5.7350e+04, 4.6977e+04, 3.8480e+04, 3.1520e+04, 2.5819e+04,
         2.1149e+04, 1.7324e+04, 1.4190e+04, 1.1624e+04, 9.5214e+03, 7.7993e+03,
         6.3886e+03, 5.2331e+03, 4.2866e+03, 3.5112e+03, 2.8762e+03, 2.3559e+03,
         1.9298e+03, 1.5808e+03, 1.2949e+03, 1.0607e+03, 8.6881e+02, 7.1167e+02,
         5.8295e+02, 4.7751e+02, 3.9114e+02, 3.2040e+02, 2.6245e+02, 2.1498e+02,
         1.7609e+02, 1.4424e+02, 1.1815e+02, 9.6783e+01, 7.9278e+01, 6.4939e+01,
         5.3193e+01, 4.3572e+01, 3.5691e+01, 2.9236e+01, 2.3948e+01, 1.9616e+01,
         1.6068e+01, 1.3162e+01, 1.0781e+01, 8.8313e+00, 7.2340e+00, 5.9256e+00,
         4.8538e+00, 3.9759e+00, 3.2568e+00, 2.6677e+00, 2.1852e+00, 1.7900e+00,
         1.4662e+00, 1.2010e+00, 9.8378e-01, 8.0585e-01, 6.6009e-01, 5.4070e-01,
         4.4290e-01, 3.6279e-01, 2.9717e-01, 2.4342e-01, 1.9940e-01, 1.6333e-01,
         1.3379e-01, 1.0959e-01, 8.9769e-02, 7.3532e-02, 6.0232e-02, 4.9338e-02,
         4.0414e-02, 3.3104e-02, 2.7117e-02, 2.2212e-02, 1.8195e-02, 1.4904e-02,
         1.2208e-02, 1.0000e-02]], dtype=torch.float64), 'temp': tensor([[205.4581, 201.2286, 197.0060, 192.7574, 188.4218, 183.9394, 179.2291,
         174.2191, 168.8296, 163.0618, 156.8824, 150.5592, 144.2249, 138.3695,
         133.3769, 131.1476, 129.7878, 128.7085, 127.7838, 126.9731, 126.2537,
         125.5926, 124.9808, 124.4247, 123.9055, 123.4151, 122.9662, 122.5461,
         122.1458, 121.7763, 121.4348, 121.1020, 120.7942, 120.4845, 120.2015,
         119.8428, 119.4981, 119.1892, 118.8568, 118.5157, 118.1743, 117.8443,
         117.5230, 117.2109, 116.9076, 116.6107, 116.3199, 116.0382, 115.7636,
         115.4967, 115.2375, 114.9858, 114.7360, 114.4952, 114.2519, 114.0188,
         113.7755, 113.5417, 113.2952, 113.0539, 112.8022, 112.5538, 112.2881,
         112.0351, 111.7519, 111.4916, 111.1932, 110.9172, 110.6079, 110.3262,
         110.0178, 109.7326, 109.4468, 109.1743, 108.9176, 108.6696, 108.4277,
         108.2175, 107.9958, 107.8596]], dtype=torch.float64), 'xCO2': tensor([[0.7142, 0.7474, 0.7732, 0.7694, 0.7422, 0.7029, 0.6477, 0.5724, 0.4752,
         0.3596, 0.2284, 0.1209, 0.0593, 0.0287, 0.0156, 0.0118, 0.0111, 0.0110,
         0.0112, 0.0116, 0.0122, 0.0128, 0.0135, 0.0142, 0.0150, 0.0158, 0.0167,
         0.0178, 0.0189, 0.0202, 0.0216, 0.0233, 0.0253, 0.0289, 0.0331, 0.0413,
         0.0494, 0.0560, 0.0633, 0.0708, 0.0774, 0.0848, 0.0928, 0.1017, 0.1114,
         0.1224, 0.1346, 0.1479, 0.1626, 0.1787, 0.1963, 0.2157, 0.2375, 0.2612,
         0.2870, 0.3150, 0.3452, 0.3778, 0.4139, 0.4523, 0.4931, 0.5360, 0.5807,
         0.6275, 0.6762, 0.7253, 0.7737, 0.8207, 0.8652, 0.9061, 0.9413, 0.9692,
         0.9885, 0.9970, 0.9946, 0.9817, 0.9581, 0.9233, 0.8810, 0.8336]],
       dtype=torch.float64), 'xH2O': tensor([[5.2760e-06, 3.4536e-06, 2.1935e-06, 1.3426e-06, 7.8598e-07, 4.3379e-07,
         2.2183e-07, 1.0209e-07, 4.0982e-08, 1.3954e-08, 4.0632e-09, 1.0048e-09,
         2.0931e-10, 4.3457e-11, 6.2107e-12, 6.0266e-13, 2.0335e-13, 1.3954e-13,
         1.4350e-13, 1.6124e-13, 1.9046e-13, 2.4043e-13, 3.1498e-13, 3.9355e-13,
         4.7977e-13, 6.1009e-13, 7.8811e-13, 1.0266e-12, 1.3476e-12, 1.7605e-12,
         2.2870e-12, 2.8930e-12, 3.4922e-12, 4.1374e-12, 4.7355e-12, 5.5451e-12,
         6.3024e-12, 6.9226e-12, 7.7507e-12, 8.7691e-12, 9.9796e-12, 1.1270e-11,
         1.2629e-11, 1.4050e-11, 1.5531e-11, 1.7061e-11, 1.8629e-11, 2.0239e-11,
         2.1884e-11, 2.3561e-11, 2.5266e-11, 2.6992e-11, 2.8691e-11, 3.0388e-11,
         3.2048e-11, 3.3680e-11, 3.5223e-11, 3.6756e-11, 3.8059e-11, 3.9308e-11,
         4.0442e-11, 4.1492e-11, 4.2398e-11, 4.3343e-11, 4.3905e-11, 4.4577e-11,
         4.5099e-11, 4.5744e-11, 4.6157e-11, 4.6855e-11, 4.7533e-11, 4.8612e-11,
         5.0067e-11, 5.1927e-11, 5.2775e-11, 4.8340e-11, 4.0124e-11, 3.2325e-11,
         2.7087e-11, 2.5138e-11]], dtype=torch.float64), 'xSO2': tensor([[4.3132e-02, 3.6218e-02, 3.0032e-02, 2.4362e-02, 1.9008e-02, 1.4179e-02,
         1.0035e-02, 6.5994e-03, 3.9381e-03, 2.0732e-03, 9.5850e-04, 3.9152e-04,
         1.4214e-04, 5.0106e-05, 2.0293e-05, 1.2650e-05, 1.0819e-05, 9.8743e-06,
         9.3952e-06, 9.1844e-06, 9.1772e-06, 9.3030e-06, 9.5464e-06, 9.9201e-06,
         1.0357e-05, 1.0833e-05, 1.1337e-05, 1.1879e-05, 1.2470e-05, 1.3095e-05,
         1.3759e-05, 1.4503e-05, 1.5411e-05, 1.7270e-05, 1.9560e-05, 2.4114e-05,
         2.8631e-05, 3.2331e-05, 3.6069e-05, 3.9731e-05, 4.3116e-05, 4.6840e-05,
         5.0917e-05, 5.5360e-05, 6.0180e-05, 6.5529e-05, 7.1326e-05, 7.7553e-05,
         8.4218e-05, 9.1330e-05, 9.8895e-05, 1.0699e-04, 1.1571e-04, 1.2486e-04,
         1.3442e-04, 1.4434e-04, 1.5454e-04, 1.6497e-04, 1.7573e-04, 1.8641e-04,
         1.9683e-04, 2.0678e-04, 2.1601e-04, 2.2430e-04, 2.3124e-04, 2.3647e-04,
         2.3966e-04, 2.4059e-04, 2.3896e-04, 2.3426e-04, 2.2678e-04, 2.1634e-04,
         2.0287e-04, 1.8524e-04, 1.6433e-04, 1.4088e-04, 1.1573e-04, 9.0329e-05,
         6.7701e-05, 5.0636e-05]], dtype=torch.float64), 'xH2SO4aer': tensor([[6.5838e-08, 7.4788e-08, 8.6078e-08, 9.9340e-08, 1.1572e-07, 1.3585e-07,
         1.6040e-07, 1.9081e-07, 2.3006e-07, 2.8774e-07, 4.2076e-07, 7.6234e-07,
         8.8017e-07, 2.0836e-07, 7.2562e-09, 4.1348e-10, 2.8681e-10, 2.6271e-10,
         2.5793e-10, 2.5962e-10, 2.6302e-10, 2.6242e-10, 2.5471e-10, 2.4126e-10,
         2.2660e-10, 2.1612e-10, 2.1031e-10, 2.0664e-10, 2.0183e-10, 1.9422e-10,
         1.8290e-10, 1.6634e-10, 1.4946e-10, 1.4573e-10, 1.5089e-10, 1.6996e-10,
         1.8995e-10, 2.0632e-10, 2.0910e-10, 1.9715e-10, 1.6654e-10, 1.3835e-10,
         1.1310e-10, 9.1093e-11, 7.2385e-11, 5.6840e-11, 4.4204e-11, 3.4089e-11,
         2.6088e-11, 1.9823e-11, 1.4960e-11, 1.1219e-11, 8.3694e-12, 6.2009e-12,
         4.5607e-12, 3.3282e-12, 2.4078e-12, 1.7265e-12, 1.2309e-12, 8.6936e-13,
         6.0781e-13, 4.2038e-13, 2.8733e-13, 1.9454e-13, 1.3078e-13, 8.6947e-14,
         5.7064e-14, 3.6956e-14, 2.3615e-14, 1.5016e-14, 9.3441e-15, 5.6383e-15,
         3.2368e-15, 1.7536e-15, 8.3641e-16, 3.1729e-16, 9.5359e-17, 2.9101e-17,
         8.3194e-18, 1.7965e-18]], dtype=torch.float64), 'xS8aer': tensor([[1.4593e-34, 3.1370e-34, 7.9430e-34, 2.4715e-33, 9.4768e-33, 3.9896e-32,
         1.8433e-31, 4.3617e-30, 1.6307e-27, 5.4704e-25, 2.1084e-22, 5.7815e-21,
         9.9315e-21, 2.1848e-21, 4.7329e-23, 1.7399e-25, 2.0781e-26, 6.1722e-27,
         3.0988e-27, 1.6532e-27, 8.9599e-28, 5.3606e-28, 3.3252e-28, 2.0198e-28,
         1.3401e-28, 9.2744e-29, 5.9907e-29, 4.1879e-29, 3.1373e-29, 2.4233e-29,
         2.4573e-29, 2.6277e-29, 2.8393e-29, 3.2238e-29, 3.6787e-29, 4.5460e-29,
         5.4020e-29, 6.1032e-29, 4.9239e-29, 2.4896e-29, 8.9343e-30, 6.4242e-30,
         4.8668e-30, 3.6367e-30, 2.6804e-30, 2.1738e-30, 1.5634e-30, 9.5812e-31,
         4.7812e-31, 1.3400e-31, 7.1834e-33, 1.0000e-40, 1.0000e-40, 1.0000e-40,
         1.0000e-40, 1.0000e-40, 1.0000e-40, 1.0000e-40, 1.0000e-40, 1.0000e-40,
         1.0000e-40, 1.0000e-40, 1.0000e-40, 1.0000e-40, 1.0000e-40, 1.0000e-40,
         1.0000e-40, 1.0000e-40, 1.0000e-40, 1.0000e-40, 1.0000e-40, 1.0000e-40,
         1.0000e-40, 1.0000e-40, 1.0000e-40, 1.0000e-40, 1.0000e-40, 1.0000e-40,
         1.0000e-40, 1.0000e-40]], dtype=torch.float64)}"
1.3392e+06,222.757,4.37904e-08,"{'pres': tensor([[7.0013e+04, 5.7350e+04, 4.6977e+04, 3.8480e+04, 3.1520e+04, 2.5819e+04,
         2.1149e+04, 1.7324e+04, 1.4190e+04, 1.1624e+04, 9.5214e+03, 7.7993e+03,
         6.3886e+03, 5.2331e+03, 4.2866e+03, 3.5112e+03, 2.8762e+03, 2.3559e+03,
         1.9298e+03, 1.5808e+03, 1.2949e+03, 1.0607e+03, 8.6881e+02, 7.1167e+02,
         5.8295e+02, 4.7751e+02, 3.9114e+02, 3.2040e+02, 2.6245e+02, 2.1498e+02,
         1.7609e+02, 1.4424e+02, 1.1815e+02, 9.6783e+01, 7.9278e+01, 6.4939e+01,
         5.3193e+01, 4.3572e+01, 3.5691e+01, 2.9236e+01, 2.3948e+01, 1.9616e+01,
         1.6068e+01, 1.3162e+01, 1.0781e+01, 8.8313e+00, 7.2340e+00, 5.9256e+00,
         4.8538e+00, 3.9759e+00, 3.2568e+00, 2.6677e+00, 2.1852e+00, 1.7900e+00,
         1.4662e+00, 1.2010e+00, 9.8378e-01, 8.0585e-01, 6.6009e-01, 5.4070e-01,
         4.4290e-01, 3.6279e-01, 2.9717e-01, 2.4342e-01, 1.9940e-01, 1.6333e-01,
         1.3379e-01, 1.0959e-01, 8.9769e-02, 7.3532e-02, 6.0232e-02, 4.9338e-02,
         4.0414e-02, 3.3104e-02, 2.7117e-02, 2.2212e-02, 1.8195e-02, 1.4904e-02,
         1.2208e-02, 1.0000e-02]], dtype=torch.float64), 'temp': tensor([[205.4554, 201.2361, 197.0151, 192.7608, 188.4219, 183.9322, 179.2196,
         174.2119, 168.8234, 163.0539, 156.8738, 150.5490, 144.2112, 138.3628,
         133.3760, 131.1480, 129.7882, 128.7088, 127.7841, 126.9733, 126.2540,
         125.5929, 124.9810, 124.4250, 123.9058, 123.4153, 122.9665, 122.5464,
         122.1461, 121.7766, 121.4351, 121.1024, 120.7945, 120.4849, 120.2020,
         119.8437, 119.4992, 119.1900, 118.8574, 118.5164, 118.1750, 117.8450,
         117.5238, 117.2116, 116.9083, 116.6115, 116.3207, 116.0390, 115.7644,
         115.4975, 115.2383, 114.9866, 114.7367, 114.4959, 114.2525, 114.0194,
         113.7760, 113.5422, 113.2957, 113.0543, 112.8026, 112.5542, 112.2884,
         112.0355, 111.7522, 111.4919, 111.1935, 110.9175, 110.6082, 110.3265,
         110.0181, 109.7329, 109.4471, 109.1746, 108.9179, 108.6699, 108.4280,
         108.2178, 107.9961, 107.8599]], dtype=torch.float64), 'xCO2': tensor([[0.7142, 0.7474, 0.7732, 0.7694, 0.7422, 0.7029, 0.6477, 0.5723, 0.4751,
         0.3596, 0.2277, 0.1205, 0.0592, 0.0287, 0.0156, 0.0118, 0.0111, 0.0110,
         0.0112, 0.0116, 0.0122, 0.0128, 0.0135, 0.0142, 0.0150, 0.0158, 0.0167,
         0.0178, 0.0189, 0.0202, 0.0216, 0.0233, 0.0253, 0.0289, 0.0331, 0.0413,
         0.0494, 0.0560, 0.0633, 0.0708, 0.0774, 0.0848, 0.0928, 0.1017, 0.1114,
         0.1224, 0.1346, 0.1479, 0.1626, 0.1787, 0.1963, 0.2157, 0.2375, 0.2612,
         0.2870, 0.3150, 0.3452, 0.3778, 0.4139, 0.4523, 0.4931, 0.5360, 0.5807,
         0.6275, 0.6762, 0.7253, 0.7737, 0.8207, 0.8652, 0.9061, 0.9413, 0.9692,
         0.9885, 0.9970, 0.9946, 0.9817, 0.9581, 0.9233, 0.8810, 0.8336]],
       dtype=torch.float64), 'xH2O': tensor([[5.2935e-06, 3.4604e-06, 2.1944e-06, 1.3420e-06, 7.8468e-07, 4.3288e-07,
         2.2113e-07, 1.0171e-07, 4.0785e-08, 1.3942e-08, 4.0323e-09, 9.9933e-10,
         2.0851e-10, 4.3350e-11, 6.1873e-12, 6.0106e-13, 2.0307e-13, 1.3948e-13,
         1.4349e-13, 1.6124e-13, 1.9046e-13, 2.4044e-13, 3.1499e-13, 3.9358e-13,
         4.7980e-13, 6.1013e-13, 7.8817e-13, 1.0267e-12, 1.3477e-12, 1.7606e-12,
         2.2871e-12, 2.8932e-12, 3.4925e-12, 4.1378e-12, 4.7361e-12, 5.5460e-12,
         6.3035e-12, 6.9239e-12, 7.7520e-12, 8.7705e-12, 9.9813e-12, 1.1272e-11,
         1.2631e-11, 1.4053e-11, 1.5534e-11, 1.7065e-11, 1.8633e-11, 2.0244e-11,
         2.1889e-11, 2.3566e-11, 2.5271e-11, 2.6997e-11, 2.8697e-11, 3.0394e-11,
         3.2054e-11, 3.3686e-11, 3.5229e-11, 3.6762e-11, 3.8066e-11, 3.9314e-11,
         4.0448e-11, 4.1498e-11, 4.2404e-11, 4.3348e-11, 4.3910e-11, 4.4583e-11,
         4.5105e-11, 4.5750e-11, 4.6163e-11, 4.6861e-11, 4.7539e-11, 4.8618e-11,
         5.0074e-11, 5.1934e-11, 5.2782e-11, 4.8346e-11, 4.0129e-11, 3.2329e-11,
         2.7090e-11, 2.5141e-11]], dtype=torch.float64), 'xSO2': tensor([[4.3215e-02, 3.6257e-02, 3.0039e-02, 2.4355e-02, 1.8988e-02, 1.4160e-02,
         1.0015e-02, 6.5839e-03, 3.9260e-03, 2.0721e-03, 9.5344e-04, 3.9012e-04,
         1.4177e-04, 5.0025e-05, 2.0284e-05, 1.2651e-05, 1.0820e-05, 9.8751e-06,
         9.3959e-06, 9.1850e-06, 9.1778e-06, 9.3036e-06, 9.5470e-06, 9.9207e-06,
         1.0358e-05, 1.0833e-05, 1.1336e-05, 1.1879e-05, 1.2470e-05, 1.3095e-05,
         1.3759e-05, 1.4503e-05, 1.5411e-05, 1.7271e-05, 1.9562e-05, 2.4116e-05,
         2.8635e-05, 3.2336e-05, 3.6075e-05, 3.9739e-05, 4.3122e-05, 4.6845e-05,
         5.0920e-05, 5.5362e-05, 6.0181e-05, 6.5529e-05, 7.1326e-05, 7.7552e-05,
         8.4218e-05, 9.1330e-05, 9.8895e-05, 1.0699e-04, 1.1571e-04, 1.2487e-04,
         1.3442e-04, 1.4434e-04, 1.5454e-04, 1.6498e-04, 1.7574e-04, 1.8641e-04,
         1.9683e-04, 2.0678e-04, 2.1602e-04, 2.2430e-04, 2.3125e-04, 2.3647e-04,
         2.3967e-04, 2.4059e-04, 2.3896e-04, 2.3427e-04, 2.2678e-04, 2.1635e-04,
         2.0287e-04, 1.8525e-04, 1.6434e-04, 1.4088e-04, 1.1573e-04, 9.0331e-05,
         6.7702e-05, 5.0637e-05]], dtype=torch.float64), 'xH2SO4aer': tensor([[6.5840e-08, 7.4791e-08, 8.6081e-08, 9.9344e-08, 1.1572e-07, 1.3586e-07,
         1.6040e-07, 1.9082e-07, 2.3007e-07, 2.8775e-07, 4.2083e-07, 7.6256e-07,
         8.8000e-07, 2.0807e-07, 7.2405e-09, 4.1316e-10, 2.8676e-10, 2.6269e-10,
         2.5788e-10, 2.5945e-10, 2.6252e-10, 2.6133e-10, 2.5298e-10, 2.3926e-10,
         2.2494e-10, 2.1513e-10, 2.0989e-10, 2.0652e-10, 2.0181e-10, 1.9422e-10,
         1.8291e-10, 1.6635e-10, 1.4948e-10, 1.4574e-10, 1.5090e-10, 1.6998e-10,
         1.8997e-10, 2.0635e-10, 2.0913e-10, 1.9717e-10, 1.6655e-10, 1.3836e-10,
         1.1311e-10, 9.1100e-11, 7.2391e-11, 5.6845e-11, 4.4208e-11, 3.4092e-11,
         2.6091e-11, 1.9826e-11, 1.4962e-11, 1.1220e-11, 8.3705e-12, 6.2017e-12,
         4.5613e-12, 3.3286e-12, 2.4081e-12, 1.7268e-12, 1.2311e-12, 8.6948e-13,
         6.0790e-13, 4.2044e-13, 2.8738e-13, 1.9457e-13, 1.3080e-13, 8.6961e-14,
         5.7073e-14, 3.6962e-14, 2.3619e-14, 1.5019e-14, 9.3458e-15, 5.6393e-15,
         3.2374e-15, 1.7539e-15, 8.3656e-16, 3.1734e-16, 9.5375e-17, 2.9106e-17,
         8.3208e-18, 1.7968e-18]], dtype=torch.float64), 'xS8aer': tensor([[1.4594e-34, 3.1365e-34, 7.9400e-34, 2.4700e-33, 9.4680e-33, 3.9847e-32,
         1.8406e-31, 4.3589e-30, 1.6314e-27, 5.4774e-25, 2.1143e-22, 5.7877e-21,
         9.9246e-21, 2.1802e-21, 4.7152e-23, 1.7289e-25, 2.0687e-26, 6.1604e-27,
         3.0949e-27, 1.6514e-27, 8.9502e-28, 5.3549e-28, 3.3216e-28, 2.0172e-28,
         1.3383e-28, 9.2616e-29, 5.9824e-29, 4.1818e-29, 3.1322e-29, 2.4206e-29,
         2.4554e-29, 2.6260e-29, 2.8375e-29, 3.2219e-29, 3.6766e-29, 4.5438e-29,
         5.3997e-29, 6.1008e-29, 4.9244e-29, 2.4937e-29, 8.9608e-30, 6.4491e-30,
         4.8919e-30, 3.6613e-30, 2.7028e-30, 2.1946e-30, 1.5854e-30, 9.7890e-31,
         4.9637e-31, 1.4642e-31, 8.3065e-33, 1.0000e-40, 1.0000e-40, 1.0000e-40,
         1.0000e-40, 1.0000e-40, 1.0000e-40, 1.0000e-40, 1.0000e-40, 1.0000e-40,
         1.0000e-40, 1.0000e-40, 1.0000e-40, 1.0000e-40, 1.0000e-40, 1.0000e-40,
         1.0000e-40, 1.0000e-40, 1.0000e-40, 1.0000e-40, 1.0000e-40, 1.0000e-40,
         1.0000e-40, 1.0000e-40, 1.0000e-40, 1.0000e-40, 1.0000e-40, 1.0000e-40,
         1.0000e-40, 1.0000e-40]], dtype=torch.float64)}"
1.3608e+06,222.759,4.05407e-08,"{'pres': tensor([[7.0013e+04, 5.7350e+04, 4.6977e+04, 3.8480e+04, 3.1520e+04, 2.5819e+04,
         2.1149e+04, 1.7324e+04, 1.4190e+04, 1.1624e+04, 9.5214e+03, 7.7993e+03,
         6.3886e+03, 5.2331e+03, 4.2866e+03, 3.5112e+03, 2.8762e+03, 2.3559e+03,
         1.9298e+03, 1.5808e+03, 1.2949e+03, 1.0607e+03, 8.6881e+02, 7.1167e+02,
         5.8295e+02, 4.7751e+02, 3.9114e+02, 3.2040e+02, 2.6245e+02, 2.1498e+02,
         1.7609e+02, 1.4424e+02, 1.1815e+02, 9.6783e+01, 7.9278e+01, 6.4939e+01,
         5.3193e+01, 4.3572e+01, 3.5691e+01, 2.9236e+01, 2.3948e+01, 1.9616e+01,
         1.6068e+01, 1.3162e+01, 1.0781e+01, 8.8313e+00, 7.2340e+00, 5.9256e+00,
         4.8538e+00, 3.9759e+00, 3.2568e+00, 2.6677e+00, 2.1852e+00, 1.7900e+00,
         1.4662e+00, 1.2010e+00, 9.8378e-01, 8.0585e-01, 6.6009e-01, 5.4070e-01,
         4.4290e-01, 3.6279e-01, 2.9717e-01, 2.4342e-01, 1.9940e-01, 1.6333e-01,
         1.3379e-01, 1.0959e-01, 8.9769e-02, 7.3532e-02, 6.0232e-02, 4.9338e-02,
         4.0414e-02, 3.3104e-02, 2.7117e-02, 2.2212e-02, 1.8195e-02, 1.4904e-02,
         1.2208e-02, 1.0000e-02]], dtype=torch.float64), 'temp': tensor([[205.4589, 201.2399, 197.0186, 192.7622, 188.4206, 183.9290, 179.2150,
         174.2059, 168.8161, 163.0456, 156.8646, 150.5394, 144.1976, 138.3562,
         133.3751, 131.1484, 129.7886, 128.7091, 127.7844, 126.9736, 126.2542,
         125.5931, 124.9813, 124.4252, 123.9060, 123.4156, 122.9667, 122.5466,
         122.1464, 121.7769, 121.4354, 121.1027, 120.7949, 120.4853, 120.2025,
         119.8445, 119.5002, 119.1908, 118.8581, 118.5170, 118.1756, 117.8457,
         117.5245, 117.2124, 116.9091, 116.6122, 116.3215, 116.0398, 115.7652,
         115.4983, 115.2390, 114.9873, 114.7374, 114.4966, 114.2531, 114.0200,
         113.7766, 113.5427, 113.2961, 113.0548, 112.8030, 112.5546, 112.2888,
         112.0359, 111.7525, 111.4923, 111.1938, 110.9179, 110.6084, 110.3268,
         110.0183, 109.7331, 109.4474, 109.1748, 108.9182, 108.6701, 108.4282,
         108.2181, 107.9963, 107.8602]], dtype=torch.float64), 'xCO2': tensor([[0.7142, 0.7474, 0.7732, 0.7694, 0.7422, 0.7028, 0.6476, 0.5722, 0.4750,
         0.3595, 0.2274, 0.1203, 0.0591, 0.0286, 0.0156, 0.0118, 0.0111, 0.0110,
         0.0112, 0.0116, 0.0122, 0.0128, 0.0135, 0.0142, 0.0150, 0.0158, 0.0167,
         0.0178, 0.0189, 0.0202, 0.0216, 0.0233, 0.0253, 0.0289, 0.0331, 0.0413,
         0.0494, 0.0560, 0.0633, 0.0708, 0.0774, 0.0848, 0.0928, 0.1017, 0.1114,
         0.1224, 0.1346, 0.1479, 0.1626, 0.1787, 0.1963, 0.2157, 0.2375, 0.2612,
         0.2870, 0.3150, 0.3452, 0.3778, 0.4139, 0.4523, 0.4931, 0.5360, 0.5807,
         0.6275, 0.6762, 0.7253, 0.7737, 0.8207, 0.8652, 0.9061, 0.9413, 0.9691,
         0.9885, 0.9970, 0.9946, 0.9817, 0.9581, 0.9233, 0.8810, 0.8336]],
       dtype=torch.float64), 'xH2O': tensor([[5.2915e-06, 3.4641e-06, 2.1967e-06, 1.3424e-06, 7.8434e-07, 4.3229e-07,
         2.2069e-07, 1.0151e-07, 4.0705e-08, 1.3918e-08, 4.0209e-09, 9.9620e-10,
         2.0772e-10, 4.3241e-11, 6.1637e-12, 5.9948e-13, 2.0279e-13, 1.3943e-13,
         1.4347e-13, 1.6123e-13, 1.9046e-13, 2.4044e-13, 3.1501e-13, 3.9361e-13,
         4.7984e-13, 6.1018e-13, 7.8822e-13, 1.0268e-12, 1.3478e-12, 1.7608e-12,
         2.2873e-12, 2.8935e-12, 3.4928e-12, 4.1383e-12, 4.7368e-12, 5.5469e-12,
         6.3046e-12, 6.9252e-12, 7.7533e-12, 8.7719e-12, 9.9831e-12, 1.1274e-11,
         1.2634e-11, 1.4056e-11, 1.5537e-11, 1.7068e-11, 1.8638e-11, 2.0248e-11,
         2.1894e-11, 2.3571e-11, 2.5277e-11, 2.7003e-11, 2.8703e-11, 3.0400e-11,
         3.2060e-11, 3.3693e-11, 3.5235e-11, 3.6768e-11, 3.8072e-11, 3.9320e-11,
         4.0454e-11, 4.1504e-11, 4.2410e-11, 4.3354e-11, 4.3916e-11, 4.4589e-11,
         4.5111e-11, 4.5757e-11, 4.6169e-11, 4.6867e-11, 4.7545e-11, 4.8625e-11,
         5.0080e-11, 5.1941e-11, 5.2789e-11, 4.8353e-11, 4.0134e-11, 3.2333e-11,
         2.7093e-11, 2.5144e-11]], dtype=torch.float64), 'xSO2': tensor([[4.3206e-02, 3.6280e-02, 3.0056e-02, 2.4359e-02, 1.8983e-02, 1.4148e-02,
         1.0002e-02, 6.5756e-03, 3.9210e-03, 2.0697e-03, 9.5157e-04, 3.8928e-04,
         1.4140e-04, 4.9944e-05, 2.0274e-05, 1.2652e-05, 1.0821e-05, 9.8759e-06,
         9.3966e-06, 9.1857e-06, 9.1784e-06, 9.3043e-06, 9.5477e-06, 9.9213e-06,
         1.0358e-05, 1.0833e-05, 1.1336e-05, 1.1878e-05, 1.2469e-05, 1.3094e-05,
         1.3758e-05, 1.4503e-05, 1.5411e-05, 1.7272e-05, 1.9564e-05, 2.4119e-05,
         2.8639e-05, 3.2341e-05, 3.6081e-05, 3.9746e-05, 4.3129e-05, 4.6850e-05,
         5.0924e-05, 5.5364e-05, 6.0182e-05, 6.5529e-05, 7.1325e-05, 7.7552e-05,
         8.4217e-05, 9.1330e-05, 9.8896e-05, 1.0699e-04, 1.1571e-04, 1.2487e-04,
         1.3443e-04, 1.4434e-04, 1.5455e-04, 1.6498e-04, 1.7574e-04, 1.8642e-04,
         1.9684e-04, 2.0678e-04, 2.1602e-04, 2.2431e-04, 2.3125e-04, 2.3648e-04,
         2.3967e-04, 2.4060e-04, 2.3897e-04, 2.3427e-04, 2.2679e-04, 2.1635e-04,
         2.0288e-04, 1.8525e-04, 1.6434e-04, 1.4088e-04, 1.1574e-04, 9.0332e-05,
         6.7704e-05, 5.0639e-05]], dtype=torch.float64), 'xH2SO4aer': tensor([[6.5842e-08, 7.4793e-08, 8.6083e-08, 9.9347e-08, 1.1572e-07, 1.3586e-07,
         1.6041e-07, 1.9082e-07, 2.3008e-07, 2.8776e-07, 4.2091e-07, 7.6279e-07,
         8.7983e-07, 2.0778e-07, 7.2248e-09, 4.1285e-10, 2.8671e-10, 2.6267e-10,
         2.5783e-10, 2.5926e-10, 2.6198e-10, 2.6019e-10, 2.5124e-10, 2.3731e-10,
         2.2336e-10, 2.1423e-10, 2.0952e-10, 2.0641e-10, 2.0179e-10, 1.9423e-10,
         1.8292e-10, 1.6636e-10, 1.4949e-10, 1.4576e-10, 1.5092e-10, 1.7000e-10,
         1.8999e-10, 2.0637e-10, 2.0915e-10, 1.9719e-10, 1.6657e-10, 1.3838e-10,
         1.1312e-10, 9.1108e-11, 7.2397e-11, 5.6850e-11, 4.4212e-11, 3.4095e-11,
         2.6093e-11, 1.9828e-11, 1.4963e-11, 1.1222e-11, 8.3715e-12, 6.2025e-12,
         4.5619e-12, 3.3291e-12, 2.4084e-12, 1.7270e-12, 1.2313e-12, 8.6960e-13,
         6.0799e-13, 4.2050e-13, 2.8742e-13, 1.9460e-13, 1.3082e-13, 8.6975e-14,
         5.7082e-14, 3.6968e-14, 2.3622e-14, 1.5021e-14, 9.3473e-15, 5.6402e-15,
         3.2379e-15, 1.7542e-15, 8.3670e-16, 3.1740e-16, 9.5390e-17, 2.9110e-17,
         8.3221e-18, 1.7970e-18]], dtype=torch.float64), 'xS8aer': tensor([[1.4594e-34, 3.1360e-34, 7.9370e-34, 2.4684e-33, 9.4592e-33, 3.9797e-32,
         1.8380e-31, 4.3561e-30, 1.6322e-27, 5.4847e-25, 2.1202e-22, 5.7936e-21,
         9.9177e-21, 2.1755e-21, 4.6976e-23, 1.7182e-25, 2.0595e-26, 6.1489e-27,
         3.0912e-27, 1.6497e-27, 8.9411e-28, 5.3495e-28, 3.3181e-28, 2.0149e-28,
         1.3366e-28, 9.2499e-29, 5.9749e-29, 4.1762e-29, 3.1273e-29, 2.4179e-29,
         2.4536e-29, 2.6243e-29, 2.8359e-29, 3.2203e-29, 3.6750e-29, 4.5421e-29,
         5.3978e-29, 6.0988e-29, 4.9253e-29, 2.4979e-29, 8.9882e-30, 6.4750e-30,
         4.9178e-30, 3.6864e-30, 2.7272e-30, 2.2176e-30, 1.6041e-30, 9.9333e-31,
         5.0252e-31, 1.4519e-31, 8.0374e-33, 1.0000e-40, 1.0000e-40, 1.0000e-40,
         1.0000e-40, 1.0000e-40, 1.0000e-40, 1.0000e-40, 1.0000e-40, 1.0000e-40,
         1.0000e-40, 1.0000e-40, 1.0000e-40, 1.0000e-40, 1.0000e-40, 1.0000e-40,
         1.0000e-40, 1.0000e-40, 1.0000e-40, 1.0000e-40, 1.0000e-40, 1.0000e-40,
         1.0000e-40, 1.0000e-40, 1.0000e-40, 1.0000e-40, 1.0000e-40, 1.0000e-40,
         1.0000e-40, 1.0000e-40]], dtype=torch.float64)}"
1.3824e+06,222.761,4.06072e-08,"{'pres': tensor([[7.0013e+04, 5.7350e+04, 4.6977e+04, 3.8480e+04, 3.1520e+04, 2.5819e+04,
         2.1149e+04, 1.7324e+04, 1.4190e+04, 1.1624e+04, 9.5214e+03, 7.7993e+03,
         6.3886e+03, 5.2331e+03, 4.2866e+03, 3.5112e+03, 2.8762e+03, 2.3559e+03,
         1.9298e+03, 1.5808e+03, 1.2949e+03, 1.0607e+03, 8.6881e+02, 7.1167e+02,
         5.8295e+02, 4.7751e+02, 3.9114e+02, 3.2040e+02, 2.6245e+02, 2.1498e+02,
         1.7609e+02, 1.4424e+02, 1.1815e+02, 9.6783e+01, 7.9278e+01, 6.4939e+01,
         5.3193e+01, 4.3572e+01, 3.5691e+01, 2.9236e+01, 2.3948e+01, 1.9616e+01,
         1.6068e+01, 1.3162e+01, 1.0781e+01, 8.8313e+00, 7.2340e+00, 5.9256e+00,
         4.8538e+00, 3.9759e+00, 3.2568e+00, 2.6677e+00, 2.1852e+00, 1.7900e+00,
         1.4662e+00, 1.2010e+00, 9.8378e-01, 8.0585e-01, 6.6009e-01, 5.4070e-01,
         4.4290e-01, 3.6279e-01, 2.9717e-01, 2.4342e-01, 1.9940e-01, 1.6333e-01,
         1.3379e-01, 1.0959e-01, 8.9769e-02, 7.3532e-02, 6.0232e-02, 4.9338e-02,
         4.0414e-02, 3.3104e-02, 2.7117e-02, 2.2212e-02, 1.8195e-02, 1.4904e-02,
         1.2208e-02, 1.0000e-02]], dtype=torch.float64), 'temp': tensor([[205.4623, 201.2429, 197.0208, 192.7632, 188.4202, 183.9271, 179.2115,
         174.2008, 168.8095, 163.0381, 156.8555, 150.5300, 144.1840, 138.3496,
         133.3743, 131.1488, 129.7889, 128.7094, 127.7846, 126.9738, 126.2544,
         125.5933, 124.9815, 124.4255, 123.9063, 123.4159, 122.9670, 122.5469,
         122.1467, 121.7772, 121.4357, 121.1030, 120.7953, 120.4857, 120.2030,
         119.8454, 119.5012, 119.1916, 118.8588, 118.5177, 118.1763, 117.8464,
         117.5252, 117.2131, 116.9098, 116.6130, 116.3223, 116.0406, 115.7660,
         115.4990, 115.2398, 114.9880, 114.7381, 114.4973, 114.2537, 114.0206,
         113.7771, 113.5431, 113.2966, 113.0552, 112.8034, 112.5550, 112.2892,
         112.0362, 111.7529, 111.4926, 111.1940, 110.9182, 110.6087, 110.3271,
         110.0186, 109.7334, 109.4476, 109.1751, 108.9184, 108.6704, 108.4284,
         108.2184, 107.9966, 107.8605]], dtype=torch.float64), 'xCO2': tensor([[0.7142, 0.7474, 0.7732, 0.7693, 0.7422, 0.7028, 0.6475, 0.5721, 0.4749,
         0.3594, 0.2271, 0.1202, 0.0590, 0.0286, 0.0156, 0.0118, 0.0111, 0.0110,
         0.0112, 0.0116, 0.0122, 0.0128, 0.0135, 0.0142, 0.0150, 0.0158, 0.0167,
         0.0178, 0.0189, 0.0202, 0.0216, 0.0233, 0.0253, 0.0289, 0.0331, 0.0413,
         0.0494, 0.0560, 0.0633, 0.0708, 0.0774, 0.0848, 0.0928, 0.1017, 0.1114,
         0.1224, 0.1346, 0.1479, 0.1626, 0.1787, 0.1963, 0.2157, 0.2375, 0.2612,
         0.2870, 0.3150, 0.3452, 0.3778, 0.4139, 0.4523, 0.4931, 0.5360, 0.5807,
         0.6275, 0.6762, 0.7253, 0.7737, 0.8207, 0.8652, 0.9061, 0.9413, 0.9691,
         0.9885, 0.9970, 0.9946, 0.9817, 0.9581, 0.9233, 0.8810, 0.8336]],
       dtype=torch.float64), 'xH2O': tensor([[5.2942e-06, 3.4664e-06, 2.1981e-06, 1.3428e-06, 7.8415e-07, 4.3198e-07,
         2.2044e-07, 1.0137e-07, 4.0639e-08, 1.3892e-08, 4.0117e-09, 9.9351e-10,
         2.0696e-10, 4.3134e-11, 6.1400e-12, 5.9790e-13, 2.0251e-13, 1.3937e-13,
         1.4345e-13, 1.6122e-13, 1.9045e-13, 2.4045e-13, 3.1502e-13, 3.9364e-13,
         4.7987e-13, 6.1022e-13, 7.8828e-13, 1.0268e-12, 1.3479e-12, 1.7609e-12,
         2.2874e-12, 2.8937e-12, 3.4931e-12, 4.1388e-12, 4.7374e-12, 5.5478e-12,
         6.3057e-12, 6.9264e-12, 7.7547e-12, 8.7733e-12, 9.9848e-12, 1.1276e-11,
         1.2636e-11, 1.4059e-11, 1.5540e-11, 1.7072e-11, 1.8642e-11, 2.0253e-11,
         2.1899e-11, 2.3577e-11, 2.5282e-11, 2.7009e-11, 2.8709e-11, 3.0406e-11,
         3.2066e-11, 3.3699e-11, 3.5241e-11, 3.6774e-11, 3.8078e-11, 3.9326e-11,
         4.0460e-11, 4.1510e-11, 4.2416e-11, 4.3360e-11, 4.3922e-11, 4.4595e-11,
         4.5117e-11, 4.5763e-11, 4.6174e-11, 4.6873e-11, 4.7551e-11, 4.8631e-11,
         5.0087e-11, 5.1948e-11, 5.2796e-11, 4.8358e-11, 4.0139e-11, 3.2337e-11,
         2.7097e-11, 2.5147e-11]], dtype=torch.float64), 'xSO2': tensor([[4.3218e-02, 3.6294e-02, 3.0067e-02, 2.4363e-02, 1.8980e-02, 1.4142e-02,
         9.9954e-03, 6.5699e-03, 3.9168e-03, 2.0672e-03, 9.5008e-04, 3.8855e-04,
         1.4104e-04, 4.9863e-05, 2.0265e-05, 1.2653e-05, 1.0822e-05, 9.8767e-06,
         9.3973e-06, 9.1863e-06, 9.1790e-06, 9.3049e-06, 9.5483e-06, 9.9218e-06,
         1.0358e-05, 1.0833e-05, 1.1336e-05, 1.1878e-05, 1.2469e-05, 1.3094e-05,
         1.3758e-05, 1.4503e-05, 1.5412e-05, 1.7273e-05, 1.9565e-05, 2.4122e-05,
         2.8642e-05, 3.2345e-05, 3.6088e-05, 3.9754e-05, 4.3136e-05, 4.6856e-05,
         5.0927e-05, 5.5366e-05, 6.0183e-05, 6.5529e-05, 7.1325e-05, 7.7551e-05,
         8.4217e-05, 9.1330e-05, 9.8896e-05, 1.0699e-04, 1.1571e-04, 1.2487e-04,
         1.3443e-04, 1.4434e-04, 1.5455e-04, 1.6498e-04, 1.7574e-04, 1.8642e-04,
         1.9684e-04, 2.0679e-04, 2.1603e-04, 2.2431e-04, 2.3125e-04, 2.3648e-04,
         2.3968e-04, 2.4060e-04, 2.3897e-04, 2.3428e-04, 2.2679e-04, 2.1636e-04,
         2.0288e-04, 1.8525e-04, 1.6434e-04, 1.4089e-04, 1.1574e-04, 9.0334e-05,
         6.7705e-05, 5.0640e-05]], dtype=torch.float64), 'xH2SO4aer': tensor([[6.5845e-08, 7.4795e-08, 8.6086e-08, 9.9350e-08, 1.1573e-07, 1.3587e-07,
         1.6041e-07, 1.9083e-07, 2.3008e-07, 2.8777e-07, 4.2098e-07, 7.6302e-07,
         8.7966e-07, 2.0748e-07, 7.2091e-09, 4.1254e-10, 2.8666e-10, 2.6264e-10,
         2.5777e-10, 2.5905e-10, 2.6141e-10, 2.5901e-10, 2.4948e-10, 2.3540e-10,
         2.2187e-10, 2.1341e-10, 2.0919e-10, 2.0633e-10, 2.0177e-10, 1.9423e-10,
         1.8293e-10, 1.6638e-10, 1.4951e-10, 1.4578e-10, 1.5094e-10, 1.7002e-10,
         1.9002e-10, 2.0640e-10, 2.0918e-10, 1.9721e-10, 1.6659e-10, 1.3839e-10,
         1.1313e-10, 9.1116e-11, 7.2403e-11, 5.6855e-11, 4.4216e-11, 3.4099e-11,
         2.6096e-11, 1.9830e-11, 1.4965e-11, 1.1223e-11, 8.3725e-12, 6.2033e-12,
         4.5625e-12, 3.3295e-12, 2.4087e-12, 1.7272e-12, 1.2314e-12, 8.6972e-13,
         6.0807e-13, 4.2056e-13, 2.8746e-13, 1.9463e-13, 1.3084e-13, 8.6988e-14,
         5.7091e-14, 3.6974e-14, 2.3626e-14, 1.5024e-14, 9.3489e-15, 5.6412e-15,
         3.2385e-15, 1.7545e-15, 8.3683e-16, 3.1744e-16, 9.5406e-17, 2.9115e-17,
         8.3234e-18, 1.7973e-18]], dtype=torch.float64), 'xS8aer': tensor([[1.4595e-34, 3.1355e-34, 7.9340e-34, 2.4668e-33, 9.4505e-33, 3.9748e-32,
         1.8353e-31, 4.3533e-30, 1.6329e-27, 5.4920e-25, 2.1262e-22, 5.7994e-21,
         9.9108e-21, 2.1709e-21, 4.6800e-23, 1.7076e-25, 2.0505e-26, 6.1378e-27,
         3.0876e-27, 1.6480e-27, 8.9322e-28, 5.3443e-28, 3.3148e-28, 2.0126e-28,
         1.3349e-28, 9.2387e-29, 5.9677e-29, 4.1708e-29, 3.1225e-29, 2.4154e-29,
         2.4519e-29, 2.6227e-29, 2.8344e-29, 3.2189e-29, 3.6736e-29, 4.5405e-29,
         5.3960e-29, 6.0968e-29, 4.9260e-29, 2.5019e-29, 9.0153e-30, 6.5005e-30,
         4.9431e-30, 3.7113e-30, 2.7502e-30, 2.2360e-30, 1.6186e-30, 1.0039e-30,
         5.1038e-31, 1.5016e-31, 8.4779e-33, 1.0000e-40, 1.0000e-40, 1.0000e-40,
         1.0000e-40, 1.0000e-40, 1.0000e-40, 1.0000e-40, 1.0000e-40, 1.0000e-40,
         1.0000e-40, 1.0000e-40, 1.0000e-40, 1.0000e-40, 1.0000e-40, 1.0000e-40,
         1.0000e-40, 1.0000e-40, 1.0000e-40, 1.0000e-40, 1.0000e-40, 1.0000e-40,
         1.0000e-40, 1.0000e-40, 1.0000e-40, 1.0000e-40, 1.0000e-40, 1.0000e-40,
         1.0000e-40, 1.0000e-40]], dtype=torch.float64)}"
1.404e+06,222.763,4.09121e-08,"{'pres': tensor([[7.0013e+04, 5.7350e+04, 4.6977e+04, 3.8480e+04, 3.1520e+04, 2.5819e+04,
         2.1149e+04, 1.7324e+04, 1.4190e+04, 1.1624e+04, 9.5214e+03, 7.7993e+03,
         6.3886e+03, 5.2331e+03, 4.2866e+03, 3.5112e+03, 2.8762e+03, 2.3559e+03,
         1.9298e+03, 1.5808e+03, 1.2949e+03, 1.0607e+03, 8.6881e+02, 7.1167e+02,
         5.8295e+02, 4.7751e+02, 3.9114e+02, 3.2040e+02, 2.6245e+02, 2.1498e+02,
         1.7609e+02, 1.4424e+02, 1.1815e+02, 9.6783e+01, 7.9278e+01, 6.4939e+01,
         5.3193e+01, 4.3572e+01, 3.5691e+01, 2.9236e+01, 2.3948e+01, 1.9616e+01,
         1.6068e+01, 1.3162e+01, 1.0781e+01, 8.8313e+00, 7.2340e+00, 5.9256e+00,
         4.8538e+00, 3.9759e+00, 3.2568e+00, 2.6677e+00, 2.1852e+00, 1.7900e+00,
         1.4662e+00, 1.2010e+00, 9.8378e-01, 8.0585e-01, 6.6009e-01, 5.4070e-01,
         4.4290e-01, 3.6279e-01, 2.9717e-01, 2.4342e-01, 1.9940e-01, 1.6333e-01,
         1.3379e-01, 1.0959e-01, 8.9769e-02, 7.3532e-02, 6.0232e-02, 4.9338e-02,
         4.0414e-02, 3.3104e-02, 2.7117e-02, 2.2212e-02, 1.8195e-02, 1.4904e-02,
         1.2208e-02, 1.0000e-02]], dtype=torch.float64), 'temp': tensor([[205.4651, 201.2454, 197.0226, 192.7642, 188.4202, 183.9258, 179.2087,
         174.1965, 168.8037, 163.0315, 156.8470, 150.5211, 144.1705, 138.3430,
         133.3734, 131.1492, 129.7893, 128.7097, 127.7849, 126.9741, 126.2547,
         125.5936, 124.9818, 124.4257, 123.9065, 123.4161, 122.9673, 122.5472,
         122.1470, 121.7775, 121.4360, 121.1033, 120.7956, 120.4861, 120.2034,
         119.8462, 119.5022, 119.1925, 118.8594, 118.5183, 118.1770, 117.8471,
         117.5260, 117.2138, 116.9105, 116.6137, 116.3231, 116.0414, 115.7667,
         115.4998, 115.2405, 114.9887, 114.7388, 114.4979, 114.2543, 114.0211,
         113.7777, 113.5436, 113.2971, 113.0556, 112.8038, 112.5554, 112.2896,
         112.0366, 111.7532, 111.4929, 111.1943, 110.9185, 110.6090, 110.3273,
         110.0189, 109.7337, 109.4479, 109.1753, 108.9187, 108.6707, 108.4287,
         108.2187, 107.9968, 107.8607]], dtype=torch.float64), 'xCO2': tensor([[0.7142, 0.7474, 0.7732, 0.7693, 0.7421, 0.7028, 0.6475, 0.5720, 0.4748,
         0.3592, 0.2269, 0.1200, 0.0589, 0.0286, 0.0156, 0.0118, 0.0111, 0.0110,
         0.0112, 0.0116, 0.0122, 0.0128, 0.0135, 0.0142, 0.0150, 0.0158, 0.0167,
         0.0178, 0.0189, 0.0202, 0.0216, 0.0233, 0.0253, 0.0289, 0.0331, 0.0413,
         0.0494, 0.0560, 0.0633, 0.0708, 0.0774, 0.0848, 0.0928, 0.1017, 0.1114,
         0.1224, 0.1346, 0.1479, 0.1626, 0.1787, 0.1963, 0.2157, 0.2375, 0.2612,
         0.2870, 0.3150, 0.3452, 0.3778, 0.4139, 0.4523, 0.4931, 0.5360, 0.5807,
         0.6275, 0.6762, 0.7253, 0.7737, 0.8207, 0.8652, 0.9061, 0.9413, 0.9691,
         0.9885, 0.9970, 0.9946, 0.9817, 0.9581, 0.9233, 0.8810, 0.8336]],
       dtype=torch.float64), 'xH2O': tensor([[5.2968e-06, 3.4682e-06, 2.1990e-06, 1.3431e-06, 7.8408e-07, 4.3180e-07,
         2.2028e-07, 1.0126e-07, 4.0580e-08, 1.3868e-08, 4.0030e-09, 9.9095e-10,
         2.0621e-10, 4.3026e-11, 6.1164e-12, 5.9633e-13, 2.0223e-13, 1.3932e-13,
         1.4343e-13, 1.6121e-13, 1.9045e-13, 2.4045e-13, 3.1504e-13, 3.9367e-13,
         4.7991e-13, 6.1026e-13, 7.8833e-13, 1.0269e-12, 1.3480e-12, 1.7610e-12,
         2.2876e-12, 2.8940e-12, 3.4934e-12, 4.1392e-12, 4.7381e-12, 5.5487e-12,
         6.3067e-12, 6.9277e-12, 7.7560e-12, 8.7746e-12, 9.9865e-12, 1.1278e-11,
         1.2639e-11, 1.4062e-11, 1.5543e-11, 1.7075e-11, 1.8646e-11, 2.0257e-11,
         2.1904e-11, 2.3582e-11, 2.5287e-11, 2.7014e-11, 2.8714e-11, 3.0412e-11,
         3.2072e-11, 3.3704e-11, 3.5247e-11, 3.6780e-11, 3.8083e-11, 3.9331e-11,
         4.0466e-11, 4.1515e-11, 4.2422e-11, 4.3366e-11, 4.3927e-11, 4.4600e-11,
         4.5122e-11, 4.5768e-11, 4.6180e-11, 4.6879e-11, 4.7557e-11, 4.8637e-11,
         5.0093e-11, 5.1954e-11, 5.2802e-11, 4.8364e-11, 4.0143e-11, 3.2341e-11,
         2.7100e-11, 2.5150e-11]], dtype=torch.float64), 'xSO2': tensor([[4.3231e-02, 3.6305e-02, 3.0075e-02, 2.4365e-02, 1.8979e-02, 1.4138e-02,
         9.9906e-03, 6.5653e-03, 3.9132e-03, 2.0648e-03, 9.4867e-04, 3.8785e-04,
         1.4068e-04, 4.9782e-05, 2.0256e-05, 1.2654e-05, 1.0823e-05, 9.8774e-06,
         9.3979e-06, 9.1869e-06, 9.1797e-06, 9.3055e-06, 9.5490e-06, 9.9224e-06,
         1.0359e-05, 1.0833e-05, 1.1336e-05, 1.1878e-05, 1.2469e-05, 1.3093e-05,
         1.3757e-05, 1.4503e-05, 1.5412e-05, 1.7274e-05, 1.9567e-05, 2.4124e-05,
         2.8646e-05, 3.2350e-05, 3.6094e-05, 3.9762e-05, 4.3143e-05, 4.6861e-05,
         5.0931e-05, 5.5368e-05, 6.0184e-05, 6.5529e-05, 7.1325e-05, 7.7551e-05,
         8.4217e-05, 9.1330e-05, 9.8897e-05, 1.0699e-04, 1.1571e-04, 1.2487e-04,
         1.3443e-04, 1.4435e-04, 1.5455e-04, 1.6499e-04, 1.7575e-04, 1.8642e-04,
         1.9684e-04, 2.0679e-04, 2.1603e-04, 2.2432e-04, 2.3126e-04, 2.3649e-04,
         2.3969e-04, 2.4061e-04, 2.3898e-04, 2.3428e-04, 2.2680e-04, 2.1636e-04,
         2.0289e-04, 1.8526e-04, 1.6435e-04, 1.4089e-04, 1.1574e-04, 9.0336e-05,
         6.7707e-05, 5.0641e-05]], dtype=torch.float64), 'xH2SO4aer': tensor([[6.5847e-08, 7.4798e-08, 8.6089e-08, 9.9353e-08, 1.1573e-07, 1.3587e-07,
         1.6042e-07, 1.9083e-07, 2.3009e-07, 2.8779e-07, 4.2105e-07, 7.6325e-07,
         8.7948e-07, 2.0719e-07, 7.1934e-09, 4.1224e-10, 2.8661e-10, 2.6262e-10,
         2.5770e-10, 2.5881e-10, 2.6080e-10, 2.5779e-10, 2.4772e-10, 2.3354e-10,
         2.2047e-10, 2.1265e-10, 2.0891e-10, 2.0625e-10, 2.0176e-10, 1.9424e-10,
         1.8294e-10, 1.6639e-10, 1.4952e-10, 1.4579e-10, 1.5096e-10, 1.7004e-10,
         1.9004e-10, 2.0642e-10, 2.0920e-10, 1.9724e-10, 1.6661e-10, 1.3840e-10,
         1.1314e-10, 9.1123e-11, 7.2409e-11, 5.6860e-11, 4.4220e-11, 3.4102e-11,
         2.6099e-11, 1.9832e-11, 1.4967e-11, 1.1224e-11, 8.3735e-12, 6.2040e-12,
         4.5630e-12, 3.3299e-12, 2.4091e-12, 1.7275e-12, 1.2316e-12, 8.6984e-13,
         6.0815e-13, 4.2062e-13, 2.8750e-13, 1.9465e-13, 1.3086e-13, 8.7001e-14,
         5.7100e-14, 3.6980e-14, 2.3630e-14, 1.5026e-14, 9.3504e-15, 5.6421e-15,
         3.2390e-15, 1.7548e-15, 8.3696e-16, 3.1749e-16, 9.5420e-17, 2.9119e-17,
         8.3247e-18, 1.7976e-18]], dtype=torch.float64), 'xS8aer': tensor([[1.4596e-34, 3.1350e-34, 7.9310e-34, 2.4652e-33, 9.4417e-33, 3.9699e-32,
         1.8326e-31, 4.3505e-30, 1.6337e-27, 5.4995e-25, 2.1322e-22, 5.8052e-21,
         9.9038e-21, 2.1662e-21, 4.6624e-23, 1.6971e-25, 2.0418e-26, 6.1271e-27,
         3.0841e-27, 1.6464e-27, 8.9238e-28, 5.3394e-28, 3.3116e-28, 2.0104e-28,
         1.3334e-28, 9.2283e-29, 5.9609e-29, 4.1657e-29, 3.1180e-29, 2.4129e-29,
         2.4503e-29, 2.6212e-29, 2.8331e-29, 3.2176e-29, 3.6723e-29, 4.5390e-29,
         5.3943e-29, 6.0949e-29, 4.9269e-29, 2.5061e-29, 9.0429e-30, 6.5265e-30,
         4.9688e-30, 3.7357e-30, 2.7716e-30, 2.2526e-30, 1.6323e-30, 1.0150e-30,
         5.1894e-31, 1.5486e-31, 8.8644e-33, 1.0000e-40, 1.0000e-40, 1.0000e-40,
         1.0000e-40, 1.0000e-40, 1.0000e-40, 1.0000e-40, 1.0000e-40, 1.0000e-40,
         1.0000e-40, 1.0000e-40, 1.0000e-40, 1.0000e-40, 1.0000e-40, 1.0000e-40,
         1.0000e-40, 1.0000e-40, 1.0000e-40, 1.0000e-40, 1.0000e-40, 1.0000e-40,
         1.0000e-40, 1.0000e-40, 1.0000e-40, 1.0000e-40, 1.0000e-40, 1.0000e-40,
         1.0000e-40, 1.0000e-40]], dtype=torch.float64)}"
1.4256e+06,222.764,4.11722e-08,"{'pres': tensor([[7.0013e+04, 5.7350e+04, 4.6977e+04, 3.8480e+04, 3.1520e+04, 2.5819e+04,
         2.1149e+04, 1.7324e+04, 1.4190e+04, 1.1624e+04, 9.5214e+03, 7.7993e+03,
         6.3886e+03, 5.2331e+03, 4.2866e+03, 3.5112e+03, 2.8762e+03, 2.3559e+03,
         1.9298e+03, 1.5808e+03, 1.2949e+03, 1.0607e+03, 8.6881e+02, 7.1167e+02,
         5.8295e+02, 4.7751e+02, 3.9114e+02, 3.2040e+02, 2.6245e+02, 2.1498e+02,
         1.7609e+02, 1.4424e+02, 1.1815e+02, 9.6783e+01, 7.9278e+01, 6.4939e+01,
         5.3193e+01, 4.3572e+01, 3.5691e+01, 2.9236e+01, 2.3948e+01, 1.9616e+01,
         1.6068e+01, 1.3162e+01, 1.0781e+01, 8.8313e+00, 7.2340e+00, 5.9256e+00,
         4.8538e+00, 3.9759e+00, 3.2568e+00, 2.6677e+00, 2.1852e+00, 1.7900e+00,
         1.4662e+00, 1.2010e+00, 9.8378e-01, 8.0585e-01, 6.6009e-01, 5.4070e-01,
         4.4290e-01, 3.6279e-01, 2.9717e-01, 2.4342e-01, 1.9940e-01, 1.6333e-01,
         1.3379e-01, 1.0959e-01, 8.9769e-02, 7.3532e-02, 6.0232e-02, 4.9338e-02,
         4.0414e-02, 3.3104e-02, 2.7117e-02, 2.2212e-02, 1.8195e-02, 1.4904e-02,
         1.2208e-02, 1.0000e-02]], dtype=torch.float64), 'temp': tensor([[205.4674, 201.2475, 197.0242, 192.7651, 188.4202, 183.9247, 179.2064,
         174.1930, 168.7986, 163.0256, 156.8386, 150.5125, 144.1582, 138.3364,
         133.3725, 131.1496, 129.7897, 128.7100, 127.7852, 126.9743, 126.2549,
         125.5938, 124.9820, 124.4259, 123.9067, 123.4164, 122.9675, 122.5475,
         122.1473, 121.7778, 121.4363, 121.1036, 120.7960, 120.4865, 120.2039,
         119.8470, 119.5032, 119.1933, 118.8601, 118.5190, 118.1777, 117.8478,
         117.5267, 117.2145, 116.9112, 116.6144, 116.3239, 116.0421, 115.7675,
         115.5005, 115.2412, 114.9893, 114.7394, 114.4985, 114.2549, 114.0217,
         113.7782, 113.5441, 113.2975, 113.0560, 112.8042, 112.5558, 112.2899,
         112.0369, 111.7535, 111.4933, 111.1946, 110.9188, 110.6092, 110.3276,
         110.0191, 109.7339, 109.4482, 109.1756, 108.9189, 108.6709, 108.4289,
         108.2190, 107.9971, 107.8610]], dtype=torch.float64), 'xCO2': tensor([[0.7142, 0.7474, 0.7732, 0.7693, 0.7421, 0.7027, 0.6474, 0.5720, 0.4747,
         0.3591, 0.2266, 0.1199, 0.0588, 0.0285, 0.0156, 0.0118, 0.0111, 0.0110,
         0.0112, 0.0116, 0.0122, 0.0128, 0.0135, 0.0142, 0.0150, 0.0158, 0.0167,
         0.0178, 0.0189, 0.0202, 0.0216, 0.0233, 0.0253, 0.0289, 0.0331, 0.0413,
         0.0494, 0.0560, 0.0633, 0.0708, 0.0774, 0.0848, 0.0928, 0.1017, 0.1114,
         0.1224, 0.1346, 0.1479, 0.1626, 0.1787, 0.1963, 0.2157, 0.2375, 0.2612,
         0.2870, 0.3150, 0.3452, 0.3778, 0.4139, 0.4523, 0.4931, 0.5360, 0.5807,
         0.6275, 0.6762, 0.7253, 0.7737, 0.8207, 0.8652, 0.9061, 0.9413, 0.9691,
         0.9885, 0.9970, 0.9946, 0.9817, 0.9581, 0.9233, 0.8810, 0.8336]],
       dtype=torch.float64), 'xH2O': tensor([[5.2990e-06, 3.4696e-06, 2.1997e-06, 1.3433e-06, 7.8406e-07, 4.3168e-07,
         2.2015e-07, 1.0117e-07, 4.0529e-08, 1.3846e-08, 3.9949e-09, 9.8851e-10,
         2.0547e-10, 4.2920e-11, 6.0929e-12, 5.9477e-13, 2.0196e-13, 1.3927e-13,
         1.4341e-13, 1.6121e-13, 1.9045e-13, 2.4045e-13, 3.1505e-13, 3.9370e-13,
         4.7994e-13, 6.1030e-13, 7.8838e-13, 1.0270e-12, 1.3481e-12, 1.7611e-12,
         2.2877e-12, 2.8942e-12, 3.4937e-12, 4.1397e-12, 4.7387e-12, 5.5495e-12,
         6.3078e-12, 6.9289e-12, 7.7573e-12, 8.7760e-12, 9.9882e-12, 1.1280e-11,
         1.2641e-11, 1.4064e-11, 1.5546e-11, 1.7079e-11, 1.8650e-11, 2.0262e-11,
         2.1909e-11, 2.3587e-11, 2.5292e-11, 2.7019e-11, 2.8720e-11, 3.0417e-11,
         3.2077e-11, 3.3710e-11, 3.5253e-11, 3.6785e-11, 3.8089e-11, 3.9337e-11,
         4.0471e-11, 4.1521e-11, 4.2427e-11, 4.3371e-11, 4.3933e-11, 4.4606e-11,
         4.5128e-11, 4.5774e-11, 4.6185e-11, 4.6885e-11, 4.7563e-11, 4.8643e-11,
         5.0099e-11, 5.1960e-11, 5.2808e-11, 4.8370e-11, 4.0148e-11, 3.2344e-11,
         2.7103e-11, 2.5153e-11]], dtype=torch.float64), 'xSO2': tensor([[4.3241e-02, 3.6314e-02, 3.0080e-02, 2.4368e-02, 1.8978e-02, 1.4135e-02,
         9.9869e-03, 6.5615e-03, 3.9099e-03, 2.0627e-03, 9.4736e-04, 3.8718e-04,
         1.4033e-04, 4.9702e-05, 2.0247e-05, 1.2656e-05, 1.0824e-05, 9.8782e-06,
         9.3986e-06, 9.1876e-06, 9.1803e-06, 9.3061e-06, 9.5497e-06, 9.9230e-06,
         1.0359e-05, 1.0834e-05, 1.1336e-05, 1.1877e-05, 1.2468e-05, 1.3093e-05,
         1.3757e-05, 1.4503e-05, 1.5412e-05, 1.7275e-05, 1.9568e-05, 2.4127e-05,
         2.8650e-05, 3.2354e-05, 3.6100e-05, 3.9770e-05, 4.3149e-05, 4.6866e-05,
         5.0935e-05, 5.5371e-05, 6.0185e-05, 6.5529e-05, 7.1324e-05, 7.7551e-05,
         8.4216e-05, 9.1330e-05, 9.8897e-05, 1.0699e-04, 1.1571e-04, 1.2487e-04,
         1.3443e-04, 1.4435e-04, 1.5455e-04, 1.6499e-04, 1.7575e-04, 1.8643e-04,
         1.9685e-04, 2.0680e-04, 2.1604e-04, 2.2432e-04, 2.3126e-04, 2.3649e-04,
         2.3969e-04, 2.4061e-04, 2.3898e-04, 2.3429e-04, 2.2680e-04, 2.1637e-04,
         2.0289e-04, 1.8526e-04, 1.6435e-04, 1.4089e-04, 1.1574e-04, 9.0338e-05,
         6.7708e-05, 5.0642e-05]], dtype=torch.float64), 'xH2SO4aer': tensor([[6.5849e-08, 7.4800e-08, 8.6092e-08, 9.9356e-08, 1.1574e-07, 1.3587e-07,
         1.6042e-07, 1.9084e-07, 2.3010e-07, 2.8780e-07, 4.2112e-07, 7.6349e-07,
         8.7931e-07, 2.0689e-07, 7.1778e-09, 4.1194e-10, 2.8656e-10, 2.6259e-10,
         2.5763e-10, 2.5856e-10, 2.6015e-10, 2.5653e-10, 2.4596e-10, 2.3175e-10,
         2.1916e-10, 2.1197e-10, 2.0865e-10, 2.0619e-10, 2.0176e-10, 1.9425e-10,
         1.8295e-10, 1.6640e-10, 1.4954e-10, 1.4581e-10, 1.5097e-10, 1.7006e-10,
         1.9006e-10, 2.0645e-10, 2.0923e-10, 1.9726e-10, 1.6663e-10, 1.3842e-10,
         1.1315e-10, 9.1131e-11, 7.2415e-11, 5.6865e-11, 4.4224e-11, 3.4105e-11,
         2.6101e-11, 1.9834e-11, 1.4968e-11, 1.1225e-11, 8.3744e-12, 6.2047e-12,
         4.5636e-12, 3.3303e-12, 2.4094e-12, 1.7277e-12, 1.2317e-12, 8.6995e-13,
         6.0823e-13, 4.2067e-13, 2.8754e-13, 1.9468e-13, 1.3088e-13, 8.7014e-14,
         5.7108e-14, 3.6986e-14, 2.3634e-14, 1.5028e-14, 9.3519e-15, 5.6430e-15,
         3.2395e-15, 1.7550e-15, 8.3708e-16, 3.1754e-16, 9.5435e-17, 2.9123e-17,
         8.3260e-18, 1.7979e-18]], dtype=torch.float64), 'xS8aer': tensor([[1.4596e-34, 3.1345e-34, 7.9279e-34, 2.4637e-33, 9.4330e-33, 3.9650e-32,
         1.8299e-31, 4.3477e-30, 1.6345e-27, 5.5071e-25, 2.1382e-22, 5.8110e-21,
         9.8968e-21, 2.1616e-21, 4.6449e-23, 1.6869e-25, 2.0332e-26, 6.1167e-27,
         3.0807e-27, 1.6449e-27, 8.9157e-28, 5.3346e-28, 3.3085e-28, 2.0083e-28,
         1.3319e-28, 9.2186e-29, 5.9547e-29, 4.1608e-29, 3.1137e-29, 2.4106e-29,
         2.4487e-29, 2.6198e-29, 2.8319e-29, 3.2165e-29, 3.6711e-29, 4.5377e-29,
         5.3929e-29, 6.0934e-29, 4.9280e-29, 2.5103e-29, 9.0707e-30, 6.5526e-30,
         4.9940e-30, 3.7588e-30, 2.7914e-30, 2.2683e-30, 1.6455e-30, 1.0260e-30,
         5.2729e-31, 1.5932e-31, 9.2283e-33, 1.0000e-40, 1.0000e-40, 1.0000e-40,
         1.0000e-40, 1.0000e-40, 1.0000e-40, 1.0000e-40, 1.0000e-40, 1.0000e-40,
         1.0000e-40, 1.0000e-40, 1.0000e-40, 1.0000e-40, 1.0000e-40, 1.0000e-40,
         1.0000e-40, 1.0000e-40, 1.0000e-40, 1.0000e-40, 1.0000e-40, 1.0000e-40,
         1.0000e-40, 1.0000e-40, 1.0000e-40, 1.0000e-40, 1.0000e-40, 1.0000e-40,
         1.0000e-40, 1.0000e-40]], dtype=torch.float64)}"
1.4472e+06,222.766,4.13703e-08,"{'pres': tensor([[7.0013e+04, 5.7350e+04, 4.6977e+04, 3.8480e+04, 3.1520e+04, 2.5819e+04,
         2.1149e+04, 1.7324e+04, 1.4190e+04, 1.1624e+04, 9.5214e+03, 7.7993e+03,
         6.3886e+03, 5.2331e+03, 4.2866e+03, 3.5112e+03, 2.8762e+03, 2.3559e+03,
         1.9298e+03, 1.5808e+03, 1.2949e+03, 1.0607e+03, 8.6881e+02, 7.1167e+02,
         5.8295e+02, 4.7751e+02, 3.9114e+02, 3.2040e+02, 2.6245e+02, 2.1498e+02,
         1.7609e+02, 1.4424e+02, 1.1815e+02, 9.6783e+01, 7.9278e+01, 6.4939e+01,
         5.3193e+01, 4.3572e+01, 3.5691e+01, 2.9236e+01, 2.3948e+01, 1.9616e+01,
         1.6068e+01, 1.3162e+01, 1.0781e+01, 8.8313e+00, 7.2340e+00, 5.9256e+00,
         4.8538e+00, 3.9759e+00, 3.2568e+00, 2.6677e+00, 2.1852e+00, 1.7900e+00,
         1.4662e+00, 1.2010e+00, 9.8378e-01, 8.0585e-01, 6.6009e-01, 5.4070e-01,
         4.4290e-01, 3.6279e-01, 2.9717e-01, 2.4342e-01, 1.9940e-01, 1.6333e-01,
         1.3379e-01, 1.0959e-01, 8.9769e-02, 7.3532e-02, 6.0232e-02, 4.9338e-02,
         4.0414e-02, 3.3104e-02, 2.7117e-02, 2.2212e-02, 1.8195e-02, 1.4904e-02,
         1.2208e-02, 1.0000e-02]], dtype=torch.float64), 'temp': tensor([[205.4694, 201.2493, 197.0256, 192.7660, 188.4203, 183.9239, 179.2045,
         174.1899, 168.7940, 163.0204, 156.8303, 150.5039, 144.1480, 138.3298,
         133.3716, 131.1500, 129.7900, 128.7103, 127.7854, 126.9746, 126.2551,
         125.5940, 124.9822, 124.4262, 123.9070, 123.4167, 122.9678, 122.5477,
         122.1476, 121.7781, 121.4366, 121.1039, 120.7963, 120.4869, 120.2044,
         119.8479, 119.5042, 119.1941, 118.8608, 118.5196, 118.1783, 117.8485,
         117.5274, 117.2152, 116.9119, 116.6152, 116.3246, 116.0429, 115.7683,
         115.5012, 115.2419, 114.9900, 114.7401, 114.4992, 114.2554, 114.0222,
         113.7787, 113.5445, 113.2980, 113.0564, 112.8046, 112.5561, 112.2902,
         112.0372, 111.7538, 111.4936, 111.1949, 110.9191, 110.6095, 110.3279,
         110.0194, 109.7342, 109.4484, 109.1758, 108.9192, 108.6712, 108.4291,
         108.2193, 107.9973, 107.8612]], dtype=torch.float64), 'xCO2': tensor([[0.7142, 0.7474, 0.7732, 0.7693, 0.7421, 0.7027, 0.6474, 0.5719, 0.4746,
         0.3590, 0.2264, 0.1197, 0.0586, 0.0285, 0.0156, 0.0118, 0.0111, 0.0110,
         0.0112, 0.0116, 0.0122, 0.0128, 0.0135, 0.0142, 0.0150, 0.0158, 0.0167,
         0.0178, 0.0189, 0.0202, 0.0216, 0.0233, 0.0253, 0.0289, 0.0331, 0.0413,
         0.0494, 0.0560, 0.0633, 0.0708, 0.0774, 0.0848, 0.0928, 0.1017, 0.1114,
         0.1224, 0.1346, 0.1479, 0.1626, 0.1787, 0.1963, 0.2157, 0.2375, 0.2612,
         0.2870, 0.3150, 0.3452, 0.3778, 0.4139, 0.4523, 0.4931, 0.5360, 0.5807,
         0.6275, 0.6762, 0.7253, 0.7737, 0.8207, 0.8652, 0.9061, 0.9413, 0.9691,
         0.9885, 0.9970, 0.9946, 0.9817, 0.9581, 0.9233, 0.8810, 0.8336]],
       dtype=torch.float64), 'xH2O': tensor([[5.3008e-06, 3.4707e-06, 2.2003e-06, 1.3435e-06, 7.8406e-07, 4.3159e-07,
         2.2005e-07, 1.0110e-07, 4.0484e-08, 1.3827e-08, 3.9872e-09, 9.8617e-10,
         2.0479e-10, 4.2817e-11, 6.0695e-12, 5.9321e-13, 2.0169e-13, 1.3921e-13,
         1.4339e-13, 1.6120e-13, 1.9045e-13, 2.4046e-13, 3.1507e-13, 3.9372e-13,
         4.7997e-13, 6.1034e-13, 7.8843e-13, 1.0270e-12, 1.3482e-12, 1.7612e-12,
         2.2879e-12, 2.8944e-12, 3.4940e-12, 4.1402e-12, 4.7394e-12, 5.5504e-12,
         6.3089e-12, 6.9302e-12, 7.7586e-12, 8.7774e-12, 9.9899e-12, 1.1282e-11,
         1.2643e-11, 1.4067e-11, 1.5549e-11, 1.7082e-11, 1.8654e-11, 2.0266e-11,
         2.1913e-11, 2.3591e-11, 2.5298e-11, 2.7024e-11, 2.8725e-11, 3.0423e-11,
         3.2083e-11, 3.3716e-11, 3.5259e-11, 3.6791e-11, 3.8095e-11, 3.9342e-11,
         4.0476e-11, 4.1526e-11, 4.2432e-11, 4.3377e-11, 4.3938e-11, 4.4611e-11,
         4.5133e-11, 4.5780e-11, 4.6190e-11, 4.6890e-11, 4.7569e-11, 4.8649e-11,
         5.0105e-11, 5.1966e-11, 5.2814e-11, 4.8375e-11, 4.0152e-11, 3.2348e-11,
         2.7106e-11, 2.5156e-11]], dtype=torch.float64), 'xSO2': tensor([[4.3250e-02, 3.6321e-02, 3.0085e-02, 2.4370e-02, 1.8978e-02, 1.4133e-02,
         9.9840e-03, 6.5583e-03, 3.9071e-03, 2.0608e-03, 9.4610e-04, 3.8654e-04,
         1.4000e-04, 4.9624e-05, 2.0237e-05, 1.2657e-05, 1.0825e-05, 9.8790e-06,
         9.3993e-06, 9.1882e-06, 9.1809e-06, 9.3067e-06, 9.5503e-06, 9.9235e-06,
         1.0359e-05, 1.0834e-05, 1.1336e-05, 1.1877e-05, 1.2468e-05, 1.3092e-05,
         1.3757e-05, 1.4502e-05, 1.5413e-05, 1.7276e-05, 1.9570e-05, 2.4130e-05,
         2.8653e-05, 3.2359e-05, 3.6106e-05, 3.9778e-05, 4.3156e-05, 4.6872e-05,
         5.0939e-05, 5.5373e-05, 6.0186e-05, 6.5530e-05, 7.1324e-05, 7.7550e-05,
         8.4216e-05, 9.1330e-05, 9.8897e-05, 1.0699e-04, 1.1572e-04, 1.2487e-04,
         1.3444e-04, 1.4435e-04, 1.5456e-04, 1.6499e-04, 1.7575e-04, 1.8643e-04,
         1.9685e-04, 2.0680e-04, 2.1604e-04, 2.2433e-04, 2.3127e-04, 2.3650e-04,
         2.3970e-04, 2.4062e-04, 2.3899e-04, 2.3429e-04, 2.2681e-04, 2.1637e-04,
         2.0289e-04, 1.8527e-04, 1.6435e-04, 1.4089e-04, 1.1575e-04, 9.0340e-05,
         6.7710e-05, 5.0643e-05]], dtype=torch.float64), 'xH2SO4aer': tensor([[6.5851e-08, 7.4803e-08, 8.6094e-08, 9.9359e-08, 1.1574e-07, 1.3588e-07,
         1.6042e-07, 1.9084e-07, 2.3010e-07, 2.8781e-07, 4.2119e-07, 7.6372e-07,
         8.7912e-07, 2.0659e-07, 7.1621e-09, 4.1164e-10, 2.8651e-10, 2.6257e-10,
         2.5754e-10, 2.5828e-10, 2.5946e-10, 2.5524e-10, 2.4421e-10, 2.3000e-10,
         2.1792e-10, 2.1134e-10, 2.0843e-10, 2.0614e-10, 2.0175e-10, 1.9425e-10,
         1.8296e-10, 1.6642e-10, 1.4955e-10, 1.4583e-10, 1.5099e-10, 1.7008e-10,
         1.9009e-10, 2.0647e-10, 2.0926e-10, 1.9728e-10, 1.6664e-10, 1.3843e-10,
         1.1316e-10, 9.1139e-11, 7.2421e-11, 5.6870e-11, 4.4228e-11, 3.4108e-11,
         2.6104e-11, 1.9836e-11, 1.4970e-11, 1.1227e-11, 8.3754e-12, 6.2055e-12,
         4.5641e-12, 3.3307e-12, 2.4096e-12, 1.7279e-12, 1.2319e-12, 8.7006e-13,
         6.0831e-13, 4.2073e-13, 2.8758e-13, 1.9471e-13, 1.3090e-13, 8.7026e-14,
         5.7117e-14, 3.6991e-14, 2.3637e-14, 1.5031e-14, 9.3533e-15, 5.6439e-15,
         3.2400e-15, 1.7553e-15, 8.3720e-16, 3.1758e-16, 9.5448e-17, 2.9127e-17,
         8.3272e-18, 1.7982e-18]], dtype=torch.float64), 'xS8aer': tensor([[1.4597e-34, 3.1340e-34, 7.9249e-34, 2.4621e-33, 9.4243e-33, 3.9601e-32,
         1.8273e-31, 4.3449e-30, 1.6353e-27, 5.5149e-25, 2.1443e-22, 5.8168e-21,
         9.8898e-21, 2.1569e-21, 4.6274e-23, 1.6768e-25, 2.0249e-26, 6.1067e-27,
         3.0775e-27, 1.6434e-27, 8.9080e-28, 5.3301e-28, 3.3056e-28, 2.0063e-28,
         1.3305e-28, 9.2096e-29, 5.9488e-29, 4.1562e-29, 3.1096e-29, 2.4084e-29,
         2.4473e-29, 2.6185e-29, 2.8308e-29, 3.2154e-29, 3.6700e-29, 4.5365e-29,
         5.3915e-29, 6.0919e-29, 4.9291e-29, 2.5145e-29, 9.0989e-30, 6.5783e-30,
         5.0181e-30, 3.7807e-30, 2.8105e-30, 2.2837e-30, 1.6587e-30, 1.0370e-30,
         5.3537e-31, 1.6361e-31, 9.5800e-33, 1.0000e-40, 1.0000e-40, 1.0000e-40,
         1.0000e-40, 1.0000e-40, 1.0000e-40, 1.0000e-40, 1.0000e-40, 1.0000e-40,
         1.0000e-40, 1.0000e-40, 1.0000e-40, 1.0000e-40, 1.0000e-40, 1.0000e-40,
         1.0000e-40, 1.0000e-40, 1.0000e-40, 1.0000e-40, 1.0000e-40, 1.0000e-40,
         1.0000e-40, 1.0000e-40, 1.0000e-40, 1.0000e-40, 1.0000e-40, 1.0000e-40,
         1.0000e-40, 1.0000e-40]], dtype=torch.float64)}"
1.4688e+06,222.767,8.88192e-08,"{'pres': tensor([[7.0013e+04, 5.7350e+04, 4.6977e+04, 3.8480e+04, 3.1520e+04, 2.5819e+04,
         2.1149e+04, 1.7324e+04, 1.4190e+04, 1.1624e+04, 9.5214e+03, 7.7993e+03,
         6.3886e+03, 5.2331e+03, 4.2866e+03, 3.5112e+03, 2.8762e+03, 2.3559e+03,
         1.9298e+03, 1.5808e+03, 1.2949e+03, 1.0607e+03, 8.6881e+02, 7.1167e+02,
         5.8295e+02, 4.7751e+02, 3.9114e+02, 3.2040e+02, 2.6245e+02, 2.1498e+02,
         1.7609e+02, 1.4424e+02, 1.1815e+02, 9.6783e+01, 7.9278e+01, 6.4939e+01,
         5.3193e+01, 4.3572e+01, 3.5691e+01, 2.9236e+01, 2.3948e+01, 1.9616e+01,
         1.6068e+01, 1.3162e+01, 1.0781e+01, 8.8313e+00, 7.2340e+00, 5.9256e+00,
         4.8538e+00, 3.9759e+00, 3.2568e+00, 2.6677e+00, 2.1852e+00, 1.7900e+00,
         1.4662e+00, 1.2010e+00, 9.8378e-01, 8.0585e-01, 6.6009e-01, 5.4070e-01,
         4.4290e-01, 3.6279e-01, 2.9717e-01, 2.4342e-01, 1.9940e-01, 1.6333e-01,
         1.3379e-01, 1.0959e-01, 8.9769e-02, 7.3532e-02, 6.0232e-02, 4.9338e-02,
         4.0414e-02, 3.3104e-02, 2.7117e-02, 2.2212e-02, 1.8195e-02, 1.4904e-02,
         1.2208e-02, 1.0000e-02]], dtype=torch.float64), 'temp': tensor([[205.3947, 201.2054, 197.0018, 192.7797, 188.4399, 183.9812, 179.2534,
         174.2686, 168.8554, 163.0782, 156.9044, 150.5744, 144.2198, 138.3232,
         133.3707, 131.1504, 129.7904, 128.7106, 127.7857, 126.9748, 126.2554,
         125.5943, 124.9825, 124.4264, 123.9072, 123.4169, 122.9681, 122.5480,
         122.1479, 121.7784, 121.4369, 121.1042, 120.7967, 120.4873, 120.2049,
         119.8487, 119.5052, 119.1949, 118.8614, 118.5202, 118.1790, 117.8492,
         117.5281, 117.2159, 116.9126, 116.6159, 116.3253, 116.0436, 115.7690,
         115.5020, 115.2426, 114.9906, 114.7407, 114.4998, 114.2560, 114.0227,
         113.7792, 113.5450, 113.2984, 113.0568, 112.8050, 112.5565, 112.2906,
         112.0375, 111.7541, 111.4939, 111.1951, 110.9194, 110.6097, 110.3282,
         110.0196, 109.7344, 109.4486, 109.1761, 108.9194, 108.6715, 108.4293,
         108.2196, 107.9975, 107.8615]], dtype=torch.float64), 'xCO2': tensor([[0.7142, 0.7474, 0.7732, 0.7693, 0.7421, 0.7027, 0.6473, 0.5718, 0.4745,
         0.3588, 0.2262, 0.1196, 0.0586, 0.0285, 0.0156, 0.0118, 0.0111, 0.0110,
         0.0112, 0.0116, 0.0122, 0.0128, 0.0135, 0.0142, 0.0150, 0.0158, 0.0167,
         0.0178, 0.0189, 0.0202, 0.0216, 0.0233, 0.0253, 0.0289, 0.0331, 0.0413,
         0.0494, 0.0560, 0.0633, 0.0708, 0.0774, 0.0848, 0.0928, 0.1017, 0.1114,
         0.1224, 0.1346, 0.1479, 0.1626, 0.1787, 0.1963, 0.2157, 0.2375, 0.2612,
         0.2870, 0.3150, 0.3452, 0.3778, 0.4139, 0.4523, 0.4931, 0.5360, 0.5807,
         0.6275, 0.6762, 0.7253, 0.7737, 0.8207, 0.8652, 0.9061, 0.9413, 0.9691,
         0.9885, 0.9970, 0.9946, 0.9817, 0.9581, 0.9233, 0.8810, 0.8336]],
       dtype=torch.float64), 'xH2O': tensor([[5.3023e-06, 3.4717e-06, 2.2009e-06, 1.3437e-06, 7.8407e-07, 4.3153e-07,
         2.1997e-07, 1.0103e-07, 4.0444e-08, 1.3810e-08, 3.9796e-09, 9.8390e-10,
         2.0420e-10, 4.2719e-11, 6.0464e-12, 5.9167e-13, 2.0142e-13, 1.3916e-13,
         1.4338e-13, 1.6119e-13, 1.9045e-13, 2.4046e-13, 3.1508e-13, 3.9375e-13,
         4.8000e-13, 6.1038e-13, 7.8849e-13, 1.0271e-12, 1.3482e-12, 1.7613e-12,
         2.2880e-12, 2.8947e-12, 3.4944e-12, 4.1406e-12, 4.7400e-12, 5.5513e-12,
         6.3100e-12, 6.9314e-12, 7.7599e-12, 8.7788e-12, 9.9916e-12, 1.1284e-11,
         1.2646e-11, 1.4070e-11, 1.5552e-11, 1.7086e-11, 1.8658e-11, 2.0270e-11,
         2.1918e-11, 2.3596e-11, 2.5303e-11, 2.7029e-11, 2.8731e-11, 3.0428e-11,
         3.2088e-11, 3.3721e-11, 3.5264e-11, 3.6796e-11, 3.8100e-11, 3.9347e-11,
         4.0482e-11, 4.1531e-11, 4.2438e-11, 4.3382e-11, 4.3943e-11, 4.4617e-11,
         4.5138e-11, 4.5785e-11, 4.6195e-11, 4.6896e-11, 4.7574e-11, 4.8654e-11,
         5.0111e-11, 5.1973e-11, 5.2820e-11, 4.8380e-11, 4.0157e-11, 3.2352e-11,
         2.7110e-11, 2.5159e-11]], dtype=torch.float64), 'xSO2': tensor([[4.3257e-02, 3.6327e-02, 3.0089e-02, 2.4372e-02, 1.8978e-02, 1.4132e-02,
         9.9816e-03, 6.5556e-03, 3.9045e-03, 2.0590e-03, 9.4487e-04, 3.8592e-04,
         1.3972e-04, 4.9550e-05, 2.0228e-05, 1.2658e-05, 1.0826e-05, 9.8798e-06,
         9.4000e-06, 9.1888e-06, 9.1815e-06, 9.3073e-06, 9.5510e-06, 9.9241e-06,
         1.0360e-05, 1.0834e-05, 1.1336e-05, 1.1877e-05, 1.2467e-05, 1.3092e-05,
         1.3756e-05, 1.4502e-05, 1.5413e-05, 1.7277e-05, 1.9572e-05, 2.4132e-05,
         2.8657e-05, 3.2363e-05, 3.6112e-05, 3.9785e-05, 4.3163e-05, 4.6877e-05,
         5.0943e-05, 5.5375e-05, 6.0187e-05, 6.5530e-05, 7.1324e-05, 7.7550e-05,
         8.4216e-05, 9.1330e-05, 9.8898e-05, 1.0699e-04, 1.1572e-04, 1.2488e-04,
         1.3444e-04, 1.4435e-04, 1.5456e-04, 1.6499e-04, 1.7576e-04, 1.8643e-04,
         1.9686e-04, 2.0681e-04, 2.1605e-04, 2.2433e-04, 2.3127e-04, 2.3650e-04,
         2.3970e-04, 2.4062e-04, 2.3899e-04, 2.3430e-04, 2.2681e-04, 2.1637e-04,
         2.0290e-04, 1.8527e-04, 1.6436e-04, 1.4090e-04, 1.1575e-04, 9.0342e-05,
         6.7711e-05, 5.0644e-05]], dtype=torch.float64), 'xH2SO4aer': tensor([[6.5854e-08, 7.4805e-08, 8.6097e-08, 9.9362e-08, 1.1574e-07, 1.3588e-07,
         1.6043e-07, 1.9085e-07, 2.3011e-07, 2.8783e-07, 4.2127e-07, 7.6396e-07,
         8.7894e-07, 2.0630e-07, 7.1464e-09, 4.1134e-10, 2.8646e-10, 2.6254e-10,
         2.5745e-10, 2.5798e-10, 2.5874e-10, 2.5391e-10, 2.4246e-10, 2.2832e-10,
         2.1677e-10, 2.1078e-10, 2.0824e-10, 2.0610e-10, 2.0175e-10, 1.9426e-10,
         1.8297e-10, 1.6643e-10, 1.4957e-10, 1.4584e-10, 1.5101e-10, 1.7010e-10,
         1.9011e-10, 2.0650e-10, 2.0928e-10, 1.9731e-10, 1.6666e-10, 1.3844e-10,
         1.1317e-10, 9.1146e-11, 7.2427e-11, 5.6875e-11, 4.4232e-11, 3.4111e-11,
         2.6106e-11, 1.9838e-11, 1.4971e-11, 1.1228e-11, 8.3763e-12, 6.2062e-12,
         4.5647e-12, 3.3311e-12, 2.4099e-12, 1.7281e-12, 1.2321e-12, 8.7017e-13,
         6.0839e-13, 4.2078e-13, 2.8762e-13, 1.9473e-13, 1.3092e-13, 8.7038e-14,
         5.7125e-14, 3.6996e-14, 2.3641e-14, 1.5033e-14, 9.3547e-15, 5.6447e-15,
         3.2405e-15, 1.7556e-15, 8.3732e-16, 3.1762e-16, 9.5462e-17, 2.9131e-17,
         8.3285e-18, 1.7984e-18]], dtype=torch.float64), 'xS8aer': tensor([[1.4598e-34, 3.1335e-34, 7.9219e-34, 2.4605e-33, 9.4155e-33, 3.9552e-32,
         1.8246e-31, 4.3422e-30, 1.6361e-27, 5.5228e-25, 2.1504e-22, 5.8226e-21,
         9.8828e-21, 2.1522e-21, 4.6100e-23, 1.6668e-25, 2.0168e-26, 6.0969e-27,
         3.0744e-27, 1.6420e-27, 8.9006e-28, 5.3257e-28, 3.3028e-28, 2.0044e-28,
         1.3292e-28, 9.2011e-29, 5.9432e-29, 4.1518e-29, 3.1057e-29, 2.4063e-29,
         2.4459e-29, 2.6174e-29, 2.8298e-29, 3.2145e-29, 3.6691e-29, 4.5354e-29,
         5.3904e-29, 6.0907e-29, 4.9304e-29, 2.5187e-29, 9.1262e-30, 6.6031e-30,
         5.0412e-30, 3.8018e-30, 2.8286e-30, 2.2984e-30, 1.6713e-30, 1.0472e-30,
         5.4291e-31, 1.6760e-31, 9.9054e-33, 1.0000e-40, 1.0000e-40, 1.0000e-40,
         1.0000e-40, 1.0000e-40, 1.0000e-40, 1.0000e-40, 1.0000e-40, 1.0000e-40,
         1.0000e-40, 1.0000e-40, 1.0000e-40, 1.0000e-40, 1.0000e-40, 1.0000e-40,
         1.0000e-40, 1.0000e-40, 1.0000e-40, 1.0000e-40, 1.0000e-40, 1.0000e-40,
         1.0000e-40, 1.0000e-40, 1.0000e-40, 1.0000e-40, 1.0000e-40, 1.0000e-40,
         1.0000e-40, 1.0000e-40]], dtype=torch.float64)}"
1.4904e+06,222.76,2.19577e-08,"{'pres': tensor([[7.0013e+04, 5.7350e+04, 4.6977e+04, 3.8480e+04, 3.1520e+04, 2.5819e+04,
         2.1149e+04, 1.7324e+04, 1.4190e+04, 1.1624e+04, 9.5214e+03, 7.7993e+03,
         6.3886e+03, 5.2331e+03, 4.2866e+03, 3.5112e+03, 2.8762e+03, 2.3559e+03,
         1.9298e+03, 1.5808e+03, 1.2949e+03, 1.0607e+03, 8.6881e+02, 7.1167e+02,
         5.8295e+02, 4.7751e+02, 3.9114e+02, 3.2040e+02, 2.6245e+02, 2.1498e+02,
         1.7609e+02, 1.4424e+02, 1.1815e+02, 9.6783e+01, 7.9278e+01, 6.4939e+01,
         5.3193e+01, 4.3572e+01, 3.5691e+01, 2.9236e+01, 2.3948e+01, 1.9616e+01,
         1.6068e+01, 1.3162e+01, 1.0781e+01, 8.8313e+00, 7.2340e+00, 5.9256e+00,
         4.8538e+00, 3.9759e+00, 3.2568e+00, 2.6677e+00, 2.1852e+00, 1.7900e+00,
         1.4662e+00, 1.2010e+00, 9.8378e-01, 8.0585e-01, 6.6009e-01, 5.4070e-01,
         4.4290e-01, 3.6279e-01, 2.9717e-01, 2.4342e-01, 1.9940e-01, 1.6333e-01,
         1.3379e-01, 1.0959e-01, 8.9769e-02, 7.3532e-02, 6.0232e-02, 4.9338e-02,
         4.0414e-02, 3.3104e-02, 2.7117e-02, 2.2212e-02, 1.8195e-02, 1.4904e-02,
         1.2208e-02, 1.0000e-02]], dtype=torch.float64), 'temp': tensor([[205.4339, 201.2127, 197.0072, 192.7601, 188.4381, 183.9495, 179.2490,
         174.2294, 168.8443, 163.0377, 156.9113, 150.5440, 144.2093, 138.3168,
         133.3699, 131.1508, 129.7908, 128.7109, 127.7860, 126.9751, 126.2556,
         125.5945, 124.9827, 124.4267, 123.9075, 123.4172, 122.9683, 122.5483,
         122.1482, 121.7787, 121.4372, 121.1046, 120.7971, 120.4878, 120.2054,
         119.8495, 119.5063, 119.1958, 118.8621, 118.5209, 118.1797, 117.8500,
         117.5288, 117.2167, 116.9133, 116.6167, 116.3262, 116.0445, 115.7698,
         115.5028, 115.2434, 114.9914, 114.7415, 114.5005, 114.2567, 114.0235,
         113.7799, 113.5456, 113.2991, 113.0575, 112.8056, 112.5571, 112.2912,
         112.0382, 111.7547, 111.4946, 111.1957, 110.9201, 110.6103, 110.3288,
         110.0202, 109.7351, 109.4493, 109.1766, 108.9200, 108.6720, 108.4298,
         108.2201, 107.9979, 107.8619]], dtype=torch.float64), 'xCO2': tensor([[0.7142, 0.7474, 0.7732, 0.7693, 0.7421, 0.7026, 0.6473, 0.5717, 0.4745,
         0.3587, 0.2273, 0.1206, 0.0591, 0.0285, 0.0156, 0.0118, 0.0111, 0.0110,
         0.0112, 0.0116, 0.0122, 0.0128, 0.0135, 0.0142, 0.0150, 0.0158, 0.0167,
         0.0178, 0.0189, 0.0202, 0.0216, 0.0233, 0.0253, 0.0289, 0.0331, 0.0413,
         0.0494, 0.0560, 0.0633, 0.0708, 0.0774, 0.0848, 0.0928, 0.1017, 0.1114,
         0.1224, 0.1346, 0.1479, 0.1626, 0.1787, 0.1963, 0.2157, 0.2375, 0.2612,
         0.2870, 0.3150, 0.3452, 0.3778, 0.4139, 0.4523, 0.4931, 0.5360, 0.5807,
         0.6275, 0.6762, 0.7253, 0.7737, 0.8207, 0.8652, 0.9061, 0.9413, 0.9691,
         0.9885, 0.9970, 0.9946, 0.9817, 0.9581, 0.9233, 0.8810, 0.8336]],
       dtype=torch.float64), 'xH2O': tensor([[5.2454e-06, 3.4529e-06, 2.1954e-06, 1.3455e-06, 7.8635e-07, 4.3444e-07,
         2.2169e-07, 1.0221e-07, 4.0874e-08, 1.3962e-08, 4.0374e-09, 9.9993e-10,
         2.0773e-10, 4.2825e-11, 6.0253e-12, 5.9015e-13, 2.0115e-13, 1.3911e-13,
         1.4336e-13, 1.6118e-13, 1.9044e-13, 2.4046e-13, 3.1509e-13, 3.9378e-13,
         4.8004e-13, 6.1043e-13, 7.8854e-13, 1.0272e-12, 1.3483e-12, 1.7615e-12,
         2.2882e-12, 2.8949e-12, 3.4947e-12, 4.1411e-12, 4.7407e-12, 5.5522e-12,
         6.3111e-12, 6.9327e-12, 7.7613e-12, 8.7802e-12, 9.9934e-12, 1.1287e-11,
         1.2648e-11, 1.4073e-11, 1.5555e-11, 1.7090e-11, 1.8662e-11, 2.0275e-11,
         2.1923e-11, 2.3602e-11, 2.5308e-11, 2.7036e-11, 2.8737e-11, 3.0435e-11,
         3.2095e-11, 3.3729e-11, 3.5272e-11, 3.6804e-11, 3.8108e-11, 3.9356e-11,
         4.0491e-11, 4.1541e-11, 4.2447e-11, 4.3392e-11, 4.3954e-11, 4.4628e-11,
         4.5150e-11, 4.5798e-11, 4.6208e-11, 4.6909e-11, 4.7588e-11, 4.8669e-11,
         5.0126e-11, 5.1987e-11, 5.2831e-11, 4.8386e-11, 4.0161e-11, 3.2355e-11,
         2.7113e-11, 2.5162e-11]], dtype=torch.float64), 'xSO2': tensor([[4.2988e-02, 3.6217e-02, 3.0048e-02, 2.4393e-02, 1.9012e-02, 1.4189e-02,
         1.0029e-02, 6.5965e-03, 3.9294e-03, 2.0736e-03, 9.5411e-04, 3.9020e-04,
         1.4136e-04, 4.9603e-05, 2.0220e-05, 1.2659e-05, 1.0827e-05, 9.8806e-06,
         9.4007e-06, 9.1895e-06, 9.1821e-06, 9.3080e-06, 9.5517e-06, 9.9247e-06,
         1.0360e-05, 1.0834e-05, 1.1336e-05, 1.1877e-05, 1.2467e-05, 1.3092e-05,
         1.3756e-05, 1.4502e-05, 1.5414e-05, 1.7279e-05, 1.9573e-05, 2.4135e-05,
         2.8661e-05, 3.2368e-05, 3.6119e-05, 3.9794e-05, 4.3170e-05, 4.6883e-05,
         5.0947e-05, 5.5378e-05, 6.0188e-05, 6.5530e-05, 7.1324e-05, 7.7550e-05,
         8.4216e-05, 9.1330e-05, 9.8898e-05, 1.0699e-04, 1.1572e-04, 1.2488e-04,
         1.3444e-04, 1.4436e-04, 1.5456e-04, 1.6500e-04, 1.7576e-04, 1.8644e-04,
         1.9686e-04, 2.0681e-04, 2.1605e-04, 2.2434e-04, 2.3128e-04, 2.3651e-04,
         2.3970e-04, 2.4063e-04, 2.3900e-04, 2.3430e-04, 2.2681e-04, 2.1638e-04,
         2.0290e-04, 1.8527e-04, 1.6436e-04, 1.4090e-04, 1.1575e-04, 9.0343e-05,
         6.7712e-05, 5.0645e-05]], dtype=torch.float64), 'xH2SO4aer': tensor([[6.5856e-08, 7.4807e-08, 8.6100e-08, 9.9365e-08, 1.1575e-07, 1.3589e-07,
         1.6043e-07, 1.9085e-07, 2.3011e-07, 2.8784e-07, 4.2134e-07, 7.6419e-07,
         8.7877e-07, 2.0600e-07, 7.1308e-09, 4.1105e-10, 2.8641e-10, 2.6251e-10,
         2.5735e-10, 2.5766e-10, 2.5797e-10, 2.5256e-10, 2.4072e-10, 2.2670e-10,
         2.1569e-10, 2.1027e-10, 2.0807e-10, 2.0607e-10, 2.0175e-10, 1.9427e-10,
         1.8299e-10, 1.6644e-10, 1.4958e-10, 1.4586e-10, 1.5103e-10, 1.7012e-10,
         1.9013e-10, 2.0653e-10, 2.0931e-10, 1.9733e-10, 1.6668e-10, 1.3846e-10,
         1.1318e-10, 9.1154e-11, 7.2433e-11, 5.6879e-11, 4.4236e-11, 3.4115e-11,
         2.6109e-11, 1.9840e-11, 1.4973e-11, 1.1229e-11, 8.3772e-12, 6.2069e-12,
         4.5652e-12, 3.3315e-12, 2.4102e-12, 1.7283e-12, 1.2322e-12, 8.7030e-13,
         6.0849e-13, 4.2086e-13, 2.8767e-13, 1.9477e-13, 1.3094e-13, 8.7057e-14,
         5.7138e-14, 3.7005e-14, 2.3647e-14, 1.5037e-14, 9.3572e-15, 5.6462e-15,
         3.2413e-15, 1.7559e-15, 8.3740e-16, 3.1762e-16, 9.5461e-17, 2.9131e-17,
         8.3287e-18, 1.7985e-18]], dtype=torch.float64), 'xS8aer': tensor([[1.4598e-34, 3.1330e-34, 7.9189e-34, 2.4590e-33, 9.4068e-33, 3.9503e-32,
         1.8220e-31, 4.3395e-30, 1.6370e-27, 5.5308e-25, 2.1562e-22, 5.8248e-21,
         9.8758e-21, 2.1476e-21, 4.5926e-23, 1.6571e-25, 2.0090e-26, 6.0875e-27,
         3.0714e-27, 1.6406e-27, 8.8934e-28, 5.3214e-28, 3.2999e-28, 2.0025e-28,
         1.3279e-28, 9.1921e-29, 5.9370e-29, 4.1468e-29, 3.1011e-29, 2.4041e-29,
         2.4446e-29, 2.6163e-29, 2.8288e-29, 3.2134e-29, 3.6677e-29, 4.5334e-29,
         5.3876e-29, 6.0873e-29, 4.9293e-29, 2.5203e-29, 9.1267e-30, 6.5989e-30,
         5.0336e-30, 3.7904e-30, 2.8134e-30, 2.2765e-30, 1.6458e-30, 1.0224e-30,
         5.2359e-31, 1.5874e-31, 9.2551e-33, 1.0000e-40, 1.0000e-40, 1.0000e-40,
         1.0000e-40, 1.0000e-40, 1.0000e-40, 1.0000e-40, 1.0000e-40, 1.0000e-40,
         1.0000e-40, 1.0000e-40, 1.0000e-40, 1.0000e-40, 1.0000e-40, 1.0000e-40,
         1.0000e-40, 1.0000e-40, 1.0000e-40, 1.0000e-40, 1.0000e-40, 1.0000e-40,
         1.0000e-40, 1.0000e-40, 1.0000e-40, 1.0000e-40, 1.0000e-40, 1.0000e-40,
         1.0000e-40, 1.0000e-40]], dtype=torch.float64)}"
1.512e+06,222.758,6.39372e-08,"{'pres': tensor([[7.0013e+04, 5.7350e+04, 4.6977e+04, 3.8480e+04, 3.1520e+04, 2.5819e+04,
         2.1149e+04, 1.7324e+04, 1.4190e+04, 1.1624e+04, 9.5214e+03, 7.7993e+03,
         6.3886e+03, 5.2331e+03, 4.2866e+03, 3.5112e+03, 2.8762e+03, 2.3559e+03,
         1.9298e+03, 1.5808e+03, 1.2949e+03, 1.0607e+03, 8.6881e+02, 7.1167e+02,
         5.8295e+02, 4.7751e+02, 3.9114e+02, 3.2040e+02, 2.6245e+02, 2.1498e+02,
         1.7609e+02, 1.4424e+02, 1.1815e+02, 9.6783e+01, 7.9278e+01, 6.4939e+01,
         5.3193e+01, 4.3572e+01, 3.5691e+01, 2.9236e+01, 2.3948e+01, 1.9616e+01,
         1.6068e+01, 1.3162e+01, 1.0781e+01, 8.8313e+00, 7.2340e+00, 5.9256e+00,
         4.8538e+00, 3.9759e+00, 3.2568e+00, 2.6677e+00, 2.1852e+00, 1.7900e+00,
         1.4662e+00, 1.2010e+00, 9.8378e-01, 8.0585e-01, 6.6009e-01, 5.4070e-01,
         4.4290e-01, 3.6279e-01, 2.9717e-01, 2.4342e-01, 1.9940e-01, 1.6333e-01,
         1.3379e-01, 1.0959e-01, 8.9769e-02, 7.3532e-02, 6.0232e-02, 4.9338e-02,
         4.0414e-02, 3.3104e-02, 2.7117e-02, 2.2212e-02, 1.8195e-02, 1.4904e-02,
         1.2208e-02, 1.0000e-02]], dtype=torch.float64), 'temp': tensor([[205.3933, 201.1947, 197.0045, 192.7580, 188.4519, 183.9566, 179.2796,
         174.2517, 168.8947, 163.0747, 156.9454, 150.5873, 144.2506, 138.3102,
         133.3690, 131.1512, 129.7911, 128.7112, 127.7862, 126.9753, 126.2558,
         125.5947, 124.9830, 124.4269, 123.9077, 123.4175, 122.9686, 122.5486,
         122.1485, 121.7790, 121.4375, 121.1049, 120.7974, 120.4882, 120.2059,
         119.8504, 119.5072, 119.1966, 118.8628, 118.5216, 118.1804, 117.8507,
         117.5295, 117.2174, 116.9140, 116.6174, 116.3269, 116.0452, 115.7706,
         115.5035, 115.2441, 114.9921, 114.7421, 114.5011, 114.2573, 114.0240,
         113.7804, 113.5461, 113.2995, 113.0579, 112.8060, 112.5575, 112.2916,
         112.0386, 111.7550, 111.4949, 111.1961, 110.9204, 110.6106, 110.3292,
         110.0205, 109.7354, 109.4496, 109.1769, 108.9203, 108.6723, 108.4301,
         108.2204, 107.9982, 107.8622]], dtype=torch.float64), 'xCO2': tensor([[0.7142, 0.7474, 0.7732, 0.7693, 0.7421, 0.7026, 0.6472, 0.5716, 0.4744,
         0.3586, 0.2276, 0.1204, 0.0590, 0.0284, 0.0156, 0.0118, 0.0111, 0.0110,
         0.0112, 0.0116, 0.0122, 0.0128, 0.0135, 0.0142, 0.0150, 0.0158, 0.0167,
         0.0178, 0.0189, 0.0202, 0.0216, 0.0233, 0.0253, 0.0289, 0.0331, 0.0413,
         0.0494, 0.0560, 0.0633, 0.0708, 0.0774, 0.0848, 0.0928, 0.1017, 0.1114,
         0.1224, 0.1346, 0.1479, 0.1626, 0.1787, 0.1963, 0.2157, 0.2375, 0.2612,
         0.2870, 0.3150, 0.3452, 0.3778, 0.4139, 0.4523, 0.4931, 0.5360, 0.5807,
         0.6275, 0.6762, 0.7253, 0.7737, 0.8207, 0.8652, 0.9061, 0.9413, 0.9691,
         0.9885, 0.9970, 0.9946, 0.9817, 0.9581, 0.9233, 0.8810, 0.8336]],
       dtype=torch.float64), 'xH2O': tensor([[5.2751e-06, 3.4541e-06, 2.1943e-06, 1.3432e-06, 7.8622e-07, 4.3376e-07,
         2.2168e-07, 1.0191e-07, 4.0861e-08, 1.3895e-08, 4.0411e-09, 9.9738e-10,
         2.0741e-10, 4.2758e-11, 6.0052e-12, 5.8868e-13, 2.0089e-13, 1.3905e-13,
         1.4334e-13, 1.6118e-13, 1.9044e-13, 2.4046e-13, 3.1510e-13, 3.9380e-13,
         4.8007e-13, 6.1046e-13, 7.8859e-13, 1.0272e-12, 1.3484e-12, 1.7616e-12,
         2.2883e-12, 2.8952e-12, 3.4950e-12, 4.1416e-12, 4.7414e-12, 5.5530e-12,
         6.3122e-12, 6.9340e-12, 7.7626e-12, 8.7816e-12, 9.9951e-12, 1.1289e-11,
         1.2651e-11, 1.4076e-11, 1.5558e-11, 1.7093e-11, 1.8666e-11, 2.0279e-11,
         2.1928e-11, 2.3607e-11, 2.5314e-11, 2.7041e-11, 2.8742e-11, 3.0441e-11,
         3.2101e-11, 3.3734e-11, 3.5277e-11, 3.6809e-11, 3.8114e-11, 3.9362e-11,
         4.0496e-11, 4.1547e-11, 4.2453e-11, 4.3399e-11, 4.3960e-11, 4.4634e-11,
         4.5156e-11, 4.5804e-11, 4.6214e-11, 4.6916e-11, 4.7595e-11, 4.8676e-11,
         5.0133e-11, 5.1995e-11, 5.2839e-11, 4.8392e-11, 4.0165e-11, 3.2359e-11,
         2.7115e-11, 2.5165e-11]], dtype=torch.float64), 'xSO2': tensor([[4.3128e-02, 3.6222e-02, 3.0039e-02, 2.4368e-02, 1.9011e-02, 1.4178e-02,
         1.0030e-02, 6.5909e-03, 3.9302e-03, 2.0673e-03, 9.5492e-04, 3.8950e-04,
         1.4122e-04, 4.9548e-05, 2.0211e-05, 1.2660e-05, 1.0828e-05, 9.8813e-06,
         9.4014e-06, 9.1901e-06, 9.1827e-06, 9.3086e-06, 9.5523e-06, 9.9253e-06,
         1.0360e-05, 1.0834e-05, 1.1336e-05, 1.1876e-05, 1.2467e-05, 1.3091e-05,
         1.3756e-05, 1.4502e-05, 1.5414e-05, 1.7280e-05, 1.9575e-05, 2.4138e-05,
         2.8664e-05, 3.2372e-05, 3.6125e-05, 3.9801e-05, 4.3177e-05, 4.6888e-05,
         5.0951e-05, 5.5381e-05, 6.0190e-05, 6.5531e-05, 7.1324e-05, 7.7549e-05,
         8.4216e-05, 9.1331e-05, 9.8899e-05, 1.0699e-04, 1.1572e-04, 1.2488e-04,
         1.3444e-04, 1.4436e-04, 1.5456e-04, 1.6500e-04, 1.7576e-04, 1.8644e-04,
         1.9686e-04, 2.0681e-04, 2.1605e-04, 2.2434e-04, 2.3128e-04, 2.3651e-04,
         2.3971e-04, 2.4063e-04, 2.3900e-04, 2.3431e-04, 2.2682e-04, 2.1638e-04,
         2.0291e-04, 1.8528e-04, 1.6436e-04, 1.4090e-04, 1.1575e-04, 9.0345e-05,
         6.7713e-05, 5.0646e-05]], dtype=torch.float64), 'xH2SO4aer': tensor([[6.5858e-08, 7.4810e-08, 8.6102e-08, 9.9369e-08, 1.1575e-07, 1.3589e-07,
         1.6044e-07, 1.9086e-07, 2.3012e-07, 2.8785e-07, 4.2141e-07, 7.6441e-07,
         8.7861e-07, 2.0571e-07, 7.1151e-09, 4.1075e-10, 2.8636e-10, 2.6247e-10,
         2.5723e-10, 2.5731e-10, 2.5717e-10, 2.5117e-10, 2.3901e-10, 2.2515e-10,
         2.1469e-10, 2.0981e-10, 2.0792e-10, 2.0604e-10, 2.0175e-10, 1.9428e-10,
         1.8300e-10, 1.6646e-10, 1.4960e-10, 1.4587e-10, 1.5105e-10, 1.7014e-10,
         1.9016e-10, 2.0655e-10, 2.0933e-10, 1.9735e-10, 1.6670e-10, 1.3847e-10,
         1.1319e-10, 9.1162e-11, 7.2439e-11, 5.6884e-11, 4.4239e-11, 3.4118e-11,
         2.6111e-11, 1.9842e-11, 1.4975e-11, 1.1230e-11, 8.3782e-12, 6.2076e-12,
         4.5657e-12, 3.3319e-12, 2.4106e-12, 1.7286e-12, 1.2324e-12, 8.7043e-13,
         6.0858e-13, 4.2092e-13, 2.8771e-13, 1.9480e-13, 1.3097e-13, 8.7072e-14,
         5.7148e-14, 3.7012e-14, 2.3651e-14, 1.5040e-14, 9.3589e-15, 5.6472e-15,
         3.2419e-15, 1.7562e-15, 8.3753e-16, 3.1766e-16, 9.5472e-17, 2.9134e-17,
         8.3296e-18, 1.7987e-18]], dtype=torch.float64), 'xS8aer': tensor([[1.4599e-34, 3.1325e-34, 7.9159e-34, 2.4574e-33, 9.3982e-33, 3.9454e-32,
         1.8193e-31, 4.3367e-30, 1.6379e-27, 5.5387e-25, 2.1620e-22, 5.8302e-21,
         9.8691e-21, 2.1429e-21, 4.5753e-23, 1.6474e-25, 2.0013e-26, 6.0784e-27,
         3.0685e-27, 1.6393e-27, 8.8866e-28, 5.3174e-28, 3.2973e-28, 2.0007e-28,
         1.3268e-28, 9.1844e-29, 5.9318e-29, 4.1426e-29, 3.0973e-29, 2.4022e-29,
         2.4434e-29, 2.6152e-29, 2.8278e-29, 3.2123e-29, 3.6664e-29, 4.5319e-29,
         5.3860e-29, 6.0857e-29, 4.9300e-29, 2.5238e-29, 9.1456e-30, 6.6143e-30,
         5.0469e-30, 3.8013e-30, 2.8212e-30, 2.2843e-30, 1.6571e-30, 1.0366e-30,
         5.3777e-31, 1.6680e-31, 9.9020e-33, 1.0000e-40, 1.0000e-40, 1.0000e-40,
         1.0000e-40, 1.0000e-40, 1.0000e-40, 1.0000e-40, 1.0000e-40, 1.0000e-40,
         1.0000e-40, 1.0000e-40, 1.0000e-40, 1.0000e-40, 1.0000e-40, 1.0000e-40,
         1.0000e-40, 1.0000e-40, 1.0000e-40, 1.0000e-40, 1.0000e-40, 1.0000e-40,
         1.0000e-40, 1.0000e-40, 1.0000e-40, 1.0000e-40, 1.0000e-40, 1.0000e-40,
         1.0000e-40, 1.0000e-40]], dtype=torch.float64)}"
1.5336e+06,222.752,2.40409e-08,"{'pres': tensor([[7.0013e+04, 5.7350e+04, 4.6977e+04, 3.8480e+04, 3.1520e+04, 2.5819e+04,
         2.1149e+04, 1.7324e+04, 1.4190e+04, 1.1624e+04, 9.5214e+03, 7.7993e+03,
         6.3886e+03, 5.2331e+03, 4.2866e+03, 3.5112e+03, 2.8762e+03, 2.3559e+03,
         1.9298e+03, 1.5808e+03, 1.2949e+03, 1.0607e+03, 8.6881e+02, 7.1167e+02,
         5.8295e+02, 4.7751e+02, 3.9114e+02, 3.2040e+02, 2.6245e+02, 2.1498e+02,
         1.7609e+02, 1.4424e+02, 1.1815e+02, 9.6783e+01, 7.9278e+01, 6.4939e+01,
         5.3193e+01, 4.3572e+01, 3.5691e+01, 2.9236e+01, 2.3948e+01, 1.9616e+01,
         1.6068e+01, 1.3162e+01, 1.0781e+01, 8.8313e+00, 7.2340e+00, 5.9256e+00,
         4.8538e+00, 3.9759e+00, 3.2568e+00, 2.6677e+00, 2.1852e+00, 1.7900e+00,
         1.4662e+00, 1.2010e+00, 9.8378e-01, 8.0585e-01, 6.6009e-01, 5.4070e-01,
         4.4290e-01, 3.6279e-01, 2.9717e-01, 2.4342e-01, 1.9940e-01, 1.6333e-01,
         1.3379e-01, 1.0959e-01, 8.9769e-02, 7.3532e-02, 6.0232e-02, 4.9338e-02,
         4.0414e-02, 3.3104e-02, 2.7117e-02, 2.2212e-02, 1.8195e-02, 1.4904e-02,
         1.2208e-02, 1.0000e-02]], dtype=torch.float64), 'temp': tensor([[205.4283, 201.2111, 196.9964, 192.7591, 188.4260, 183.9543, 179.2439,
         174.2440, 168.8518, 163.0612, 156.9121, 150.5888, 144.2369, 138.3037,
         133.3682, 131.1516, 129.7915, 128.7115, 127.7865, 126.9756, 126.2561,
         125.5950, 124.9832, 124.4272, 123.9080, 123.4177, 122.9689, 122.5489,
         122.1488, 121.7793, 121.4378, 121.1052, 120.7978, 120.4886, 120.2064,
         119.8512, 119.5083, 119.1974, 118.8635, 118.5222, 118.1811, 117.8514,
         117.5303, 117.2181, 116.9148, 116.6182, 116.3277, 116.0460, 115.7714,
         115.5043, 115.2448, 114.9928, 114.7428, 114.5018, 114.2579, 114.0246,
         113.7810, 113.5467, 113.3001, 113.0585, 112.8066, 112.5581, 112.2921,
         112.0391, 111.7556, 111.4955, 111.1966, 110.9210, 110.6112, 110.3297,
         110.0210, 109.7359, 109.4501, 109.1774, 108.9207, 108.6728, 108.4305,
         108.2208, 107.9986, 107.8626]], dtype=torch.float64), 'xCO2': tensor([[0.7142, 0.7474, 0.7732, 0.7693, 0.7421, 0.7026, 0.6471, 0.5716, 0.4743,
         0.3585, 0.2282, 0.1210, 0.0593, 0.0284, 0.0156, 0.0118, 0.0111, 0.0110,
         0.0112, 0.0116, 0.0122, 0.0128, 0.0135, 0.0142, 0.0150, 0.0158, 0.0167,
         0.0178, 0.0189, 0.0202, 0.0216, 0.0233, 0.0253, 0.0289, 0.0331, 0.0413,
         0.0494, 0.0560, 0.0633, 0.0708, 0.0774, 0.0848, 0.0928, 0.1017, 0.1114,
         0.1224, 0.1346, 0.1479, 0.1626, 0.1787, 0.1963, 0.2157, 0.2375, 0.2612,
         0.2870, 0.3150, 0.3452, 0.3778, 0.4139, 0.4523, 0.4931, 0.5360, 0.5807,
         0.6276, 0.6762, 0.7253, 0.7737, 0.8207, 0.8652, 0.9061, 0.9413, 0.9691,
         0.9885, 0.9970, 0.9946, 0.9817, 0.9581, 0.9233, 0.8810, 0.8336]],
       dtype=torch.float64), 'xH2O': tensor([[5.2443e-06, 3.4460e-06, 2.1924e-06, 1.3425e-06, 7.8727e-07, 4.3431e-07,
         2.2251e-07, 1.0227e-07, 4.1196e-08, 1.3986e-08, 4.0712e-09, 1.0066e-09,
         2.0948e-10, 4.2792e-11, 5.9857e-12, 5.8724e-13, 2.0063e-13, 1.3900e-13,
         1.4332e-13, 1.6117e-13, 1.9044e-13, 2.4046e-13, 3.1512e-13, 3.9383e-13,
         4.8010e-13, 6.1050e-13, 7.8864e-13, 1.0273e-12, 1.3485e-12, 1.7617e-12,
         2.2884e-12, 2.8954e-12, 3.4953e-12, 4.1420e-12, 4.7420e-12, 5.5539e-12,
         6.3133e-12, 6.9353e-12, 7.7640e-12, 8.7831e-12, 9.9968e-12, 1.1291e-11,
         1.2653e-11, 1.4078e-11, 1.5562e-11, 1.7097e-11, 1.8670e-11, 2.0284e-11,
         2.1933e-11, 2.3612e-11, 2.5319e-11, 2.7046e-11, 2.8749e-11, 3.0447e-11,
         3.2107e-11, 3.3741e-11, 3.5284e-11, 3.6816e-11, 3.8121e-11, 3.9369e-11,
         4.0504e-11, 4.1555e-11, 4.2462e-11, 4.3407e-11, 4.3969e-11, 4.4644e-11,
         4.5166e-11, 4.5815e-11, 4.6224e-11, 4.6927e-11, 4.7606e-11, 4.8687e-11,
         5.0145e-11, 5.2007e-11, 5.2849e-11, 4.8398e-11, 4.0170e-11, 3.2362e-11,
         2.7118e-11, 2.5168e-11]], dtype=torch.float64), 'xSO2': tensor([[4.2983e-02, 3.6174e-02, 3.0025e-02, 2.4361e-02, 1.9027e-02, 1.4190e-02,
         1.0054e-02, 6.6069e-03, 3.9505e-03, 2.0762e-03, 9.5974e-04, 3.9198e-04,
         1.4217e-04, 4.9556e-05, 2.0203e-05, 1.2661e-05, 1.0829e-05, 9.8821e-06,
         9.4020e-06, 9.1908e-06, 9.1833e-06, 9.3092e-06, 9.5530e-06, 9.9258e-06,
         1.0361e-05, 1.0834e-05, 1.1336e-05, 1.1876e-05, 1.2466e-05, 1.3091e-05,
         1.3755e-05, 1.4502e-05, 1.5415e-05, 1.7281e-05, 1.9577e-05, 2.4141e-05,
         2.8668e-05, 3.2377e-05, 3.6131e-05, 3.9810e-05, 4.3183e-05, 4.6894e-05,
         5.0955e-05, 5.5383e-05, 6.0191e-05, 6.5531e-05, 7.1324e-05, 7.7549e-05,
         8.4215e-05, 9.1331e-05, 9.8899e-05, 1.0699e-04, 1.1572e-04, 1.2488e-04,
         1.3444e-04, 1.4436e-04, 1.5457e-04, 1.6500e-04, 1.7577e-04, 1.8645e-04,
         1.9687e-04, 2.0682e-04, 2.1606e-04, 2.2434e-04, 2.3129e-04, 2.3652e-04,
         2.3971e-04, 2.4064e-04, 2.3900e-04, 2.3431e-04, 2.2682e-04, 2.1639e-04,
         2.0291e-04, 1.8528e-04, 1.6436e-04, 1.4090e-04, 1.1575e-04, 9.0346e-05,
         6.7715e-05, 5.0647e-05]], dtype=torch.float64), 'xH2SO4aer': tensor([[6.5860e-08, 7.4812e-08, 8.6105e-08, 9.9372e-08, 1.1575e-07, 1.3589e-07,
         1.6044e-07, 1.9086e-07, 2.3013e-07, 2.8786e-07, 4.2148e-07, 7.6463e-07,
         8.7845e-07, 2.0541e-07, 7.0995e-09, 4.1046e-10, 2.8632e-10, 2.6244e-10,
         2.5711e-10, 2.5694e-10, 2.5634e-10, 2.4977e-10, 2.3731e-10, 2.2366e-10,
         2.1375e-10, 2.0939e-10, 2.0779e-10, 2.0601e-10, 2.0175e-10, 1.9428e-10,
         1.8301e-10, 1.6647e-10, 1.4961e-10, 1.4589e-10, 1.5106e-10, 1.7016e-10,
         1.9018e-10, 2.0658e-10, 2.0936e-10, 1.9738e-10, 1.6672e-10, 1.3849e-10,
         1.1320e-10, 9.1169e-11, 7.2445e-11, 5.6889e-11, 4.4243e-11, 3.4121e-11,
         2.6114e-11, 1.9844e-11, 1.4976e-11, 1.1231e-11, 8.3791e-12, 6.2083e-12,
         4.5663e-12, 3.3323e-12, 2.4109e-12, 1.7288e-12, 1.2326e-12, 8.7055e-13,
         6.0867e-13, 4.2099e-13, 2.8776e-13, 1.9484e-13, 1.3099e-13, 8.7089e-14,
         5.7159e-14, 3.7020e-14, 2.3656e-14, 1.5043e-14, 9.3610e-15, 5.6485e-15,
         3.2426e-15, 1.7565e-15, 8.3764e-16, 3.1768e-16, 9.5474e-17, 2.9135e-17,
         8.3299e-18, 1.7988e-18]], dtype=torch.float64), 'xS8aer': tensor([[1.4600e-34, 3.1320e-34, 7.9129e-34, 2.4559e-33, 9.3895e-33, 3.9405e-32,
         1.8167e-31, 4.3340e-30, 1.6387e-27, 5.5467e-25, 2.1676e-22, 5.8332e-21,
         9.8625e-21, 2.1383e-21, 4.5580e-23, 1.6379e-25, 1.9938e-26, 6.0696e-27,
         3.0657e-27, 1.6380e-27, 8.8801e-28, 5.3135e-28, 3.2948e-28, 1.9991e-28,
         1.3257e-28, 9.1770e-29, 5.9267e-29, 4.1383e-29, 3.0933e-29, 2.4002e-29,
         2.4423e-29, 2.6143e-29, 2.8269e-29, 3.2113e-29, 3.6654e-29, 4.5304e-29,
         5.3840e-29, 6.0832e-29, 4.9295e-29, 2.5258e-29, 9.1509e-30, 6.6158e-30,
         5.0455e-30, 3.7974e-30, 2.8173e-30, 2.2807e-30, 1.6508e-30, 1.0313e-30,
         5.3034e-31, 1.6181e-31, 9.4851e-33, 1.0000e-40, 1.0000e-40, 1.0000e-40,
         1.0000e-40, 1.0000e-40, 1.0000e-40, 1.0000e-40, 1.0000e-40, 1.0000e-40,
         1.0000e-40, 1.0000e-40, 1.0000e-40, 1.0000e-40, 1.0000e-40, 1.0000e-40,
         1.0000e-40, 1.0000e-40, 1.0000e-40, 1.0000e-40, 1.0000e-40, 1.0000e-40,
         1.0000e-40, 1.0000e-40, 1.0000e-40, 1.0000e-40, 1.0000e-40, 1.0000e-40,
         1.0000e-40, 1.0000e-40]], dtype=torch.float64)}"
1.5552e+06,222.752,2.89435e-08,"{'pres': tensor([[7.0013e+04, 5.7350e+04, 4.6977e+04, 3.8480e+04, 3.1520e+04, 2.5819e+04,
         2.1149e+04, 1.7324e+04, 1.4190e+04, 1.1624e+04, 9.5214e+03, 7.7993e+03,
         6.3886e+03, 5.2331e+03, 4.2866e+03, 3.5112e+03, 2.8762e+03, 2.3559e+03,
         1.9298e+03, 1.5808e+03, 1.2949e+03, 1.0607e+03, 8.6881e+02, 7.1167e+02,
         5.8295e+02, 4.7751e+02, 3.9114e+02, 3.2040e+02, 2.6245e+02, 2.1498e+02,
         1.7609e+02, 1.4424e+02, 1.1815e+02, 9.6783e+01, 7.9278e+01, 6.4939e+01,
         5.3193e+01, 4.3572e+01, 3.5691e+01, 2.9236e+01, 2.3948e+01, 1.9616e+01,
         1.6068e+01, 1.3162e+01, 1.0781e+01, 8.8313e+00, 7.2340e+00, 5.9256e+00,
         4.8538e+00, 3.9759e+00, 3.2568e+00, 2.6677e+00, 2.1852e+00, 1.7900e+00,
         1.4662e+00, 1.2010e+00, 9.8378e-01, 8.0585e-01, 6.6009e-01, 5.4070e-01,
         4.4290e-01, 3.6279e-01, 2.9717e-01, 2.4342e-01, 1.9940e-01, 1.6333e-01,
         1.3379e-01, 1.0959e-01, 8.9769e-02, 7.3532e-02, 6.0232e-02, 4.9338e-02,
         4.0414e-02, 3.3104e-02, 2.7117e-02, 2.2212e-02, 1.8195e-02, 1.4904e-02,
         1.2208e-02, 1.0000e-02]], dtype=torch.float64), 'temp': tensor([[205.4539, 201.2220, 197.0029, 192.7512, 188.4207, 183.9354, 179.2299,
         174.2171, 168.8306, 163.0342, 156.9090, 150.5592, 144.2248, 138.2972,
         133.3674, 131.1520, 129.7919, 128.7118, 127.7868, 126.9759, 126.2563,
         125.5952, 124.9835, 124.4274, 123.9083, 123.4180, 122.9692, 122.5491,
         122.1491, 121.7796, 121.4381, 121.1055, 120.7981, 120.4890, 120.2068,
         119.8520, 119.5093, 119.1982, 118.8642, 118.5229, 118.1817, 117.8521,
         117.5310, 117.2188, 116.9155, 116.6189, 116.3284, 116.0468, 115.7721,
         115.5050, 115.2455, 114.9934, 114.7434, 114.5024, 114.2585, 114.0252,
         113.7815, 113.5471, 113.3006, 113.0589, 112.8070, 112.5585, 112.2925,
         112.0395, 111.7559, 111.4959, 111.1969, 110.9213, 110.6115, 110.3300,
         110.0213, 109.7362, 109.4504, 109.1777, 108.9210, 108.6731, 108.4308,
         108.2212, 107.9989, 107.8629]], dtype=torch.float64), 'xCO2': tensor([[0.7142, 0.7474, 0.7732, 0.7693, 0.7420, 0.7025, 0.6471, 0.5715, 0.4742,
         0.3585, 0.2279, 0.1209, 0.0593, 0.0284, 0.0156, 0.0118, 0.0111, 0.0110,
         0.0112, 0.0116, 0.0122, 0.0128, 0.0135, 0.0142, 0.0150, 0.0158, 0.0167,
         0.0178, 0.0189, 0.0202, 0.0216, 0.0233, 0.0253, 0.0289, 0.0331, 0.0413,
         0.0494, 0.0560, 0.0633, 0.0708, 0.0774, 0.0848, 0.0928, 0.1017, 0.1114,
         0.1224, 0.1346, 0.1479, 0.1626, 0.1787, 0.1963, 0.2157, 0.2375, 0.2612,
         0.2870, 0.3150, 0.3452, 0.3778, 0.4139, 0.4523, 0.4931, 0.5360, 0.5807,
         0.6276, 0.6762, 0.7253, 0.7737, 0.8207, 0.8652, 0.9061, 0.9413, 0.9691,
         0.9885, 0.9970, 0.9946, 0.9817, 0.9581, 0.9233, 0.8810, 0.8336]],
       dtype=torch.float64), 'xH2O': tensor([[5.2708e-06, 3.4510e-06, 2.1916e-06, 1.3421e-06, 7.8546e-07, 4.3379e-07,
         2.2179e-07, 1.0213e-07, 4.0975e-08, 1.3957e-08, 4.0536e-09, 1.0060e-09,
         2.0910e-10, 4.2709e-11, 5.9664e-12, 5.8585e-13, 2.0037e-13, 1.3895e-13,
         1.4330e-13, 1.6116e-13, 1.9043e-13, 2.4046e-13, 3.1513e-13, 3.9385e-13,
         4.8013e-13, 6.1054e-13, 7.8869e-13, 1.0274e-12, 1.3486e-12, 1.7618e-12,
         2.2886e-12, 2.8957e-12, 3.4956e-12, 4.1425e-12, 4.7427e-12, 5.5548e-12,
         6.3143e-12, 6.9365e-12, 7.7653e-12, 8.7844e-12, 9.9985e-12, 1.1293e-11,
         1.2656e-11, 1.4081e-11, 1.5565e-11, 1.7100e-11, 1.8674e-11, 2.0288e-11,
         2.1937e-11, 2.3617e-11, 2.5324e-11, 2.7052e-11, 2.8754e-11, 3.0452e-11,
         3.2113e-11, 3.3747e-11, 3.5290e-11, 3.6822e-11, 3.8127e-11, 3.9375e-11,
         4.0510e-11, 4.1561e-11, 4.2468e-11, 4.3414e-11, 4.3975e-11, 4.4650e-11,
         4.5172e-11, 4.5822e-11, 4.6231e-11, 4.6934e-11, 4.7613e-11, 4.8694e-11,
         5.0153e-11, 5.2015e-11, 5.2857e-11, 4.8405e-11, 4.0175e-11, 3.2366e-11,
         2.7121e-11, 2.5170e-11]], dtype=torch.float64), 'xSO2': tensor([[4.3108e-02, 3.6202e-02, 3.0017e-02, 2.4356e-02, 1.9000e-02, 1.4179e-02,
         1.0034e-02, 6.6014e-03, 3.9376e-03, 2.0734e-03, 9.5696e-04, 3.9186e-04,
         1.4199e-04, 4.9491e-05, 2.0194e-05, 1.2662e-05, 1.0830e-05, 9.8829e-06,
         9.4027e-06, 9.1914e-06, 9.1839e-06, 9.3099e-06, 9.5537e-06, 9.9264e-06,
         1.0361e-05, 1.0834e-05, 1.1335e-05, 1.1876e-05, 1.2466e-05, 1.3090e-05,
         1.3755e-05, 1.4502e-05, 1.5415e-05, 1.7282e-05, 1.9579e-05, 2.4143e-05,
         2.8672e-05, 3.2381e-05, 3.6138e-05, 3.9817e-05, 4.3190e-05, 4.6899e-05,
         5.0959e-05, 5.5386e-05, 6.0193e-05, 6.5532e-05, 7.1324e-05, 7.7549e-05,
         8.4215e-05, 9.1331e-05, 9.8900e-05, 1.0700e-04, 1.1572e-04, 1.2488e-04,
         1.3445e-04, 1.4436e-04, 1.5457e-04, 1.6501e-04, 1.7577e-04, 1.8645e-04,
         1.9687e-04, 2.0682e-04, 2.1606e-04, 2.2435e-04, 2.3129e-04, 2.3652e-04,
         2.3972e-04, 2.4064e-04, 2.3901e-04, 2.3432e-04, 2.2683e-04, 2.1639e-04,
         2.0291e-04, 1.8528e-04, 1.6437e-04, 1.4091e-04, 1.1576e-04, 9.0348e-05,
         6.7716e-05, 5.0648e-05]], dtype=torch.float64), 'xH2SO4aer': tensor([[6.5863e-08, 7.4815e-08, 8.6108e-08, 9.9375e-08, 1.1576e-07, 1.3590e-07,
         1.6045e-07, 1.9087e-07, 2.3013e-07, 2.8788e-07, 4.2154e-07, 7.6485e-07,
         8.7830e-07, 2.0512e-07, 7.0839e-09, 4.1018e-10, 2.8627e-10, 2.6240e-10,
         2.5698e-10, 2.5654e-10, 2.5546e-10, 2.4835e-10, 2.3564e-10, 2.2223e-10,
         2.1289e-10, 2.0901e-10, 2.0768e-10, 2.0599e-10, 2.0175e-10, 1.9429e-10,
         1.8302e-10, 1.6649e-10, 1.4963e-10, 1.4591e-10, 1.5108e-10, 1.7019e-10,
         1.9020e-10, 2.0660e-10, 2.0938e-10, 1.9740e-10, 1.6674e-10, 1.3850e-10,
         1.1321e-10, 9.1177e-11, 7.2450e-11, 5.6894e-11, 4.4247e-11, 3.4124e-11,
         2.6116e-11, 1.9846e-11, 1.4978e-11, 1.1233e-11, 8.3801e-12, 6.2090e-12,
         4.5668e-12, 3.3327e-12, 2.4112e-12, 1.7290e-12, 1.2327e-12, 8.7068e-13,
         6.0876e-13, 4.2105e-13, 2.8781e-13, 1.9487e-13, 1.3101e-13, 8.7104e-14,
         5.7170e-14, 3.7027e-14, 2.3660e-14, 1.5046e-14, 9.3628e-15, 5.6496e-15,
         3.2432e-15, 1.7569e-15, 8.3778e-16, 3.1773e-16, 9.5486e-17, 2.9138e-17,
         8.3308e-18, 1.7990e-18]], dtype=torch.float64), 'xS8aer': tensor([[1.4600e-34, 3.1315e-34, 7.9099e-34, 2.4543e-33, 9.3808e-33, 3.9357e-32,
         1.8140e-31, 4.3314e-30, 1.6396e-27, 5.5547e-25, 2.1732e-22, 5.8379e-21,
         9.8560e-21, 2.1337e-21, 4.5408e-23, 1.6286e-25, 1.9865e-26, 6.0611e-27,
         3.0630e-27, 1.6368e-27, 8.8739e-28, 5.3098e-28, 3.2924e-28, 1.9975e-28,
         1.3246e-28, 9.1698e-29, 5.9217e-29, 4.1342e-29, 3.0897e-29, 2.3984e-29,
         2.4412e-29, 2.6133e-29, 2.8259e-29, 3.2101e-29, 3.6639e-29, 4.5286e-29,
         5.3819e-29, 6.0809e-29, 4.9295e-29, 2.5286e-29, 9.1643e-30, 6.6265e-30,
         5.0562e-30, 3.8094e-30, 2.8293e-30, 2.2914e-30, 1.6657e-30, 1.0456e-30,
         5.4566e-31, 1.7143e-31, 1.0291e-32, 1.0000e-40, 1.0000e-40, 1.0000e-40,
         1.0000e-40, 1.0000e-40, 1.0000e-40, 1.0000e-40, 1.0000e-40, 1.0000e-40,
         1.0000e-40, 1.0000e-40, 1.0000e-40, 1.0000e-40, 1.0000e-40, 1.0000e-40,
         1.0000e-40, 1.0000e-40, 1.0000e-40, 1.0000e-40, 1.0000e-40, 1.0000e-40,
         1.0000e-40, 1.0000e-40, 1.0000e-40, 1.0000e-40, 1.0000e-40, 1.0000e-40,
         1.0000e-40, 1.0000e-40]], dtype=torch.float64)}"
1.5768e+06,222.755,7.35464e-08,"{'pres': tensor([[7.0013e+04, 5.7350e+04, 4.6977e+04, 3.8480e+04, 3.1520e+04, 2.5819e+04,
         2.1149e+04, 1.7324e+04, 1.4190e+04, 1.1624e+04, 9.5214e+03, 7.7993e+03,
         6.3886e+03, 5.2331e+03, 4.2866e+03, 3.5112e+03, 2.8762e+03, 2.3559e+03,
         1.9298e+03, 1.5808e+03, 1.2949e+03, 1.0607e+03, 8.6881e+02, 7.1167e+02,
         5.8295e+02, 4.7751e+02, 3.9114e+02, 3.2040e+02, 2.6245e+02, 2.1498e+02,
         1.7609e+02, 1.4424e+02, 1.1815e+02, 9.6783e+01, 7.9278e+01, 6.4939e+01,
         5.3193e+01, 4.3572e+01, 3.5691e+01, 2.9236e+01, 2.3948e+01, 1.9616e+01,
         1.6068e+01, 1.3162e+01, 1.0781e+01, 8.8313e+00, 7.2340e+00, 5.9256e+00,
         4.8538e+00, 3.9759e+00, 3.2568e+00, 2.6677e+00, 2.1852e+00, 1.7900e+00,
         1.4662e+00, 1.2010e+00, 9.8378e-01, 8.0585e-01, 6.6009e-01, 5.4070e-01,
         4.4290e-01, 3.6279e-01, 2.9717e-01, 2.4342e-01, 1.9940e-01, 1.6333e-01,
         1.3379e-01, 1.0959e-01, 8.9769e-02, 7.3532e-02, 6.0232e-02, 4.9338e-02,
         4.0414e-02, 3.3104e-02, 2.7117e-02, 2.2212e-02, 1.8195e-02, 1.4904e-02,
         1.2208e-02, 1.0000e-02]], dtype=torch.float64), 'temp': tensor([[205.3952, 201.1967, 197.0065, 192.7577, 188.4502, 183.9523, 179.2737,
         174.2451, 168.8872, 163.0696, 156.9403, 150.5859, 144.2498, 138.2907,
         133.3665, 131.1524, 129.7922, 128.7120, 127.7870, 126.9761, 126.2566,
         125.5955, 124.9837, 124.4277, 123.9085, 123.4183, 122.9694, 122.5494,
         122.1494, 121.7799, 121.4384, 121.1059, 120.7985, 120.4894, 120.2073,
         119.8528, 119.5102, 119.1990, 118.8648, 118.5235, 118.1824, 117.8528,
         117.5317, 117.2195, 116.9161, 116.6196, 116.3292, 116.0475, 115.7728,
         115.5057, 115.2462, 114.9940, 114.7440, 114.5030, 114.2590, 114.0257,
         113.7820, 113.5476, 113.3010, 113.0593, 112.8073, 112.5588, 112.2928,
         112.0398, 111.7562, 111.4962, 111.1971, 110.9216, 110.6117, 110.3303,
         110.0216, 109.7364, 109.4506, 109.1779, 108.9213, 108.6733, 108.4310,
         108.2214, 107.9991, 107.8631]], dtype=torch.float64), 'xCO2': tensor([[0.7142, 0.7474, 0.7732, 0.7693, 0.7420, 0.7025, 0.6470, 0.5714, 0.4741,
         0.3585, 0.2277, 0.1206, 0.0591, 0.0284, 0.0156, 0.0118, 0.0111, 0.0110,
         0.0112, 0.0116, 0.0122, 0.0128, 0.0135, 0.0142, 0.0150, 0.0158, 0.0167,
         0.0178, 0.0189, 0.0202, 0.0216, 0.0233, 0.0253, 0.0289, 0.0331, 0.0413,
         0.0494, 0.0560, 0.0633, 0.0708, 0.0774, 0.0848, 0.0928, 0.1017, 0.1114,
         0.1224, 0.1346, 0.1479, 0.1626, 0.1787, 0.1963, 0.2157, 0.2375, 0.2612,
         0.2870, 0.3150, 0.3452, 0.3778, 0.4139, 0.4523, 0.4931, 0.5360, 0.5807,
         0.6276, 0.6762, 0.7253, 0.7737, 0.8207, 0.8652, 0.9061, 0.9413, 0.9691,
         0.9885, 0.9970, 0.9946, 0.9817, 0.9581, 0.9233, 0.8810, 0.8336]],
       dtype=torch.float64), 'xH2O': tensor([[5.2903e-06, 3.4575e-06, 2.1928e-06, 1.3409e-06, 7.8436e-07, 4.3270e-07,
         2.2111e-07, 1.0169e-07, 4.0784e-08, 1.3884e-08, 4.0425e-09, 1.0007e-09,
         2.0829e-10, 4.2610e-11, 5.9464e-12, 5.8448e-13, 2.0013e-13, 1.3890e-13,
         1.4329e-13, 1.6115e-13, 1.9043e-13, 2.4047e-13, 3.1514e-13, 3.9388e-13,
         4.8016e-13, 6.1058e-13, 7.8874e-13, 1.0274e-12, 1.3487e-12, 1.7619e-12,
         2.2887e-12, 2.8959e-12, 3.4959e-12, 4.1430e-12, 4.7433e-12, 5.5557e-12,
         6.3154e-12, 6.9377e-12, 7.7666e-12, 8.7858e-12, 1.0000e-11, 1.1295e-11,
         1.2658e-11, 1.4084e-11, 1.5567e-11, 1.7103e-11, 1.8677e-11, 2.0292e-11,
         2.1941e-11, 2.3621e-11, 2.5329e-11, 2.7056e-11, 2.8759e-11, 3.0457e-11,
         3.2118e-11, 3.3752e-11, 3.5295e-11, 3.6827e-11, 3.8132e-11, 3.9380e-11,
         4.0515e-11, 4.1566e-11, 4.2473e-11, 4.3419e-11, 4.3980e-11, 4.4655e-11,
         4.5177e-11, 4.5827e-11, 4.6236e-11, 4.6939e-11, 4.7618e-11, 4.8700e-11,
         5.0158e-11, 5.2021e-11, 5.2863e-11, 4.8411e-11, 4.0179e-11, 3.2369e-11,
         2.7124e-11, 2.5173e-11]], dtype=torch.float64), 'xSO2': tensor([[4.3200e-02, 3.6239e-02, 3.0026e-02, 2.4343e-02, 1.8984e-02, 1.4157e-02,
         1.0015e-02, 6.5832e-03, 3.9258e-03, 2.0663e-03, 9.5525e-04, 3.9045e-04,
         1.4162e-04, 4.9415e-05, 2.0185e-05, 1.2663e-05, 1.0831e-05, 9.8837e-06,
         9.4034e-06, 9.1921e-06, 9.1846e-06, 9.3105e-06, 9.5543e-06, 9.9270e-06,
         1.0362e-05, 1.0835e-05, 1.1335e-05, 1.1876e-05, 1.2466e-05, 1.3090e-05,
         1.3755e-05, 1.4502e-05, 1.5416e-05, 1.7283e-05, 1.9580e-05, 2.4146e-05,
         2.8676e-05, 3.2386e-05, 3.6144e-05, 3.9825e-05, 4.3197e-05, 4.6905e-05,
         5.0963e-05, 5.5389e-05, 6.0195e-05, 6.5533e-05, 7.1324e-05, 7.7549e-05,
         8.4215e-05, 9.1331e-05, 9.8900e-05, 1.0700e-04, 1.1572e-04, 1.2488e-04,
         1.3445e-04, 1.4437e-04, 1.5457e-04, 1.6501e-04, 1.7577e-04, 1.8645e-04,
         1.9687e-04, 2.0683e-04, 2.1607e-04, 2.2435e-04, 2.3130e-04, 2.3653e-04,
         2.3972e-04, 2.4065e-04, 2.3901e-04, 2.3432e-04, 2.2683e-04, 2.1640e-04,
         2.0292e-04, 1.8529e-04, 1.6437e-04, 1.4091e-04, 1.1576e-04, 9.0350e-05,
         6.7717e-05, 5.0649e-05]], dtype=torch.float64), 'xH2SO4aer': tensor([[6.5865e-08, 7.4817e-08, 8.6111e-08, 9.9378e-08, 1.1576e-07, 1.3590e-07,
         1.6045e-07, 1.9087e-07, 2.3014e-07, 2.8789e-07, 4.2161e-07, 7.6507e-07,
         8.7814e-07, 2.0483e-07, 7.0683e-09, 4.0990e-10, 2.8622e-10, 2.6236e-10,
         2.5683e-10, 2.5612e-10, 2.5456e-10, 2.4690e-10, 2.3400e-10, 2.2086e-10,
         2.1208e-10, 2.0867e-10, 2.0758e-10, 2.0598e-10, 2.0176e-10, 1.9430e-10,
         1.8303e-10, 1.6650e-10, 1.4964e-10, 1.4592e-10, 1.5110e-10, 1.7021e-10,
         1.9023e-10, 2.0663e-10, 2.0941e-10, 1.9743e-10, 1.6675e-10, 1.3851e-10,
         1.1322e-10, 9.1185e-11, 7.2456e-11, 5.6898e-11, 4.4251e-11, 3.4127e-11,
         2.6119e-11, 1.9848e-11, 1.4979e-11, 1.1234e-11, 8.3810e-12, 6.2097e-12,
         4.5674e-12, 3.3331e-12, 2.4115e-12, 1.7292e-12, 1.2329e-12, 8.7079e-13,
         6.0884e-13, 4.2111e-13, 2.8785e-13, 1.9490e-13, 1.3103e-13, 8.7117e-14,
         5.7178e-14, 3.7032e-14, 2.3664e-14, 1.5048e-14, 9.3643e-15, 5.6504e-15,
         3.2437e-15, 1.7572e-15, 8.3792e-16, 3.1778e-16, 9.5501e-17, 2.9142e-17,
         8.3318e-18, 1.7992e-18]], dtype=torch.float64), 'xS8aer': tensor([[1.4601e-34, 3.1311e-34, 7.9069e-34, 2.4527e-33, 9.3721e-33, 3.9308e-32,
         1.8114e-31, 4.3287e-30, 1.6405e-27, 5.5628e-25, 2.1789e-22, 5.8436e-21,
         9.8496e-21, 2.1291e-21, 4.5237e-23, 1.6195e-25, 1.9794e-26, 6.0529e-27,
         3.0604e-27, 1.6357e-27, 8.8680e-28, 5.3063e-28, 3.2901e-28, 1.9960e-28,
         1.3236e-28, 9.1633e-29, 5.9173e-29, 4.1305e-29, 3.0865e-29, 2.3968e-29,
         2.4402e-29, 2.6124e-29, 2.8249e-29, 3.2090e-29, 3.6626e-29, 4.5273e-29,
         5.3806e-29, 6.0795e-29, 4.9305e-29, 2.5321e-29, 9.1846e-30, 6.6454e-30,
         5.0761e-30, 3.8306e-30, 2.8513e-30, 2.3143e-30, 1.6901e-30, 1.0675e-30,
         5.6161e-31, 1.7930e-31, 1.0906e-32, 1.0000e-40, 1.0000e-40, 1.0000e-40,
         1.0000e-40, 1.0000e-40, 1.0000e-40, 1.0000e-40, 1.0000e-40, 1.0000e-40,
         1.0000e-40, 1.0000e-40, 1.0000e-40, 1.0000e-40, 1.0000e-40, 1.0000e-40,
         1.0000e-40, 1.0000e-40, 1.0000e-40, 1.0000e-40, 1.0000e-40, 1.0000e-40,
         1.0000e-40, 1.0000e-40, 1.0000e-40, 1.0000e-40, 1.0000e-40, 1.0000e-40,
         1.0000e-40, 1.0000e-40]], dtype=torch.float64)}"
1.5984e+06,222.751,2.39889e-08,"{'pres': tensor([[7.0013e+04, 5.7350e+04, 4.6977e+04, 3.8480e+04, 3.1520e+04, 2.5819e+04,
         2.1149e+04, 1.7324e+04, 1.4190e+04, 1.1624e+04, 9.5214e+03, 7.7993e+03,
         6.3886e+03, 5.2331e+03, 4.2866e+03, 3.5112e+03, 2.8762e+03, 2.3559e+03,
         1.9298e+03, 1.5808e+03, 1.2949e+03, 1.0607e+03, 8.6881e+02, 7.1167e+02,
         5.8295e+02, 4.7751e+02, 3.9114e+02, 3.2040e+02, 2.6245e+02, 2.1498e+02,
         1.7609e+02, 1.4424e+02, 1.1815e+02, 9.6783e+01, 7.9278e+01, 6.4939e+01,
         5.3193e+01, 4.3572e+01, 3.5691e+01, 2.9236e+01, 2.3948e+01, 1.9616e+01,
         1.6068e+01, 1.3162e+01, 1.0781e+01, 8.8313e+00, 7.2340e+00, 5.9256e+00,
         4.8538e+00, 3.9759e+00, 3.2568e+00, 2.6677e+00, 2.1852e+00, 1.7900e+00,
         1.4662e+00, 1.2010e+00, 9.8378e-01, 8.0585e-01, 6.6009e-01, 5.4070e-01,
         4.4290e-01, 3.6279e-01, 2.9717e-01, 2.4342e-01, 1.9940e-01, 1.6333e-01,
         1.3379e-01, 1.0959e-01, 8.9769e-02, 7.3532e-02, 6.0232e-02, 4.9338e-02,
         4.0414e-02, 3.3104e-02, 2.7117e-02, 2.2212e-02, 1.8195e-02, 1.4904e-02,
         1.2208e-02, 1.0000e-02]], dtype=torch.float64), 'temp': tensor([[205.4302, 201.2131, 196.9975, 192.7590, 188.4241, 183.9506, 179.2388,
         174.2377, 168.8458, 163.0554, 156.9081, 150.5848, 144.2360, 138.2842,
         133.3657, 131.1528, 129.7926, 128.7123, 127.7873, 126.9764, 126.2568,
         125.5957, 124.9840, 124.4279, 123.9088, 123.4186, 122.9697, 122.5497,
         122.1497, 121.7802, 121.4387, 121.1062, 120.7989, 120.4899, 120.2078,
         119.8537, 119.5112, 119.1998, 118.8655, 118.5242, 118.1831, 117.8535,
         117.5324, 117.2202, 116.9168, 116.6203, 116.3299, 116.0482, 115.7735,
         115.5064, 115.2469, 114.9947, 114.7447, 114.5037, 114.2596, 114.0263,
         113.7825, 113.5481, 113.3015, 113.0598, 112.8078, 112.5593, 112.2933,
         112.0403, 111.7567, 111.4966, 111.1976, 110.9221, 110.6121, 110.3307,
         110.0220, 109.7368, 109.4510, 109.1784, 108.9217, 108.6737, 108.4313,
         108.2218, 107.9995, 107.8635]], dtype=torch.float64), 'xCO2': tensor([[0.7142, 0.7474, 0.7732, 0.7693, 0.7420, 0.7025, 0.6470, 0.5713, 0.4740,
         0.3584, 0.2282, 0.1210, 0.0593, 0.0284, 0.0156, 0.0118, 0.0111, 0.0110,
         0.0112, 0.0116, 0.0122, 0.0128, 0.0135, 0.0142, 0.0150, 0.0158, 0.0167,
         0.0178, 0.0189, 0.0202, 0.0216, 0.0233, 0.0253, 0.0289, 0.0331, 0.0413,
         0.0494, 0.0560, 0.0633, 0.0708, 0.0774, 0.0848, 0.0928, 0.1017, 0.1114,
         0.1224, 0.1346, 0.1479, 0.1626, 0.1787, 0.1963, 0.2157, 0.2375, 0.2612,
         0.2870, 0.3150, 0.3452, 0.3778, 0.4139, 0.4523, 0.4931, 0.5360, 0.5807,
         0.6276, 0.6762, 0.7253, 0.7737, 0.8207, 0.8652, 0.9061, 0.9413, 0.9691,
         0.9885, 0.9970, 0.9946, 0.9817, 0.9581, 0.9233, 0.8810, 0.8336]],
       dtype=torch.float64), 'xH2O': tensor([[5.2457e-06, 3.4475e-06, 2.1925e-06, 1.3419e-06, 7.8663e-07, 4.3381e-07,
         2.2220e-07, 1.0211e-07, 4.1128e-08, 1.3970e-08, 4.0673e-09, 1.0065e-09,
         2.0947e-10, 4.2600e-11, 5.9267e-12, 5.8312e-13, 1.9988e-13, 1.3885e-13,
         1.4327e-13, 1.6114e-13, 1.9043e-13, 2.4046e-13, 3.1515e-13, 3.9390e-13,
         4.8019e-13, 6.1062e-13, 7.8879e-13, 1.0275e-12, 1.3488e-12, 1.7620e-12,
         2.2889e-12, 2.8961e-12, 3.4963e-12, 4.1434e-12, 4.7439e-12, 5.5565e-12,
         6.3165e-12, 6.9390e-12, 7.7679e-12, 8.7872e-12, 1.0002e-11, 1.1297e-11,
         1.2660e-11, 1.4086e-11, 1.5571e-11, 1.7107e-11, 1.8681e-11, 2.0297e-11,
         2.1946e-11, 2.3626e-11, 2.5334e-11, 2.7062e-11, 2.8765e-11, 3.0463e-11,
         3.2124e-11, 3.3758e-11, 3.5301e-11, 3.6833e-11, 3.8139e-11, 3.9387e-11,
         4.0522e-11, 4.1573e-11, 4.2480e-11, 4.3426e-11, 4.3988e-11, 4.4663e-11,
         4.5185e-11, 4.5836e-11, 4.6244e-11, 4.6948e-11, 4.7627e-11, 4.8709e-11,
         5.0168e-11, 5.2031e-11, 5.2872e-11, 4.8417e-11, 4.0184e-11, 3.2373e-11,
         2.7127e-11, 2.5176e-11]], dtype=torch.float64), 'xSO2': tensor([[4.2989e-02, 3.6183e-02, 3.0025e-02, 2.4354e-02, 1.9017e-02, 1.4179e-02,
         1.0045e-02, 6.6008e-03, 3.9463e-03, 2.0746e-03, 9.5916e-04, 3.9197e-04,
         1.4216e-04, 4.9395e-05, 2.0177e-05, 1.2664e-05, 1.0832e-05, 9.8844e-06,
         9.4041e-06, 9.1927e-06, 9.1852e-06, 9.3111e-06, 9.5550e-06, 9.9275e-06,
         1.0362e-05, 1.0835e-05, 1.1335e-05, 1.1875e-05, 1.2465e-05, 1.3090e-05,
         1.3755e-05, 1.4502e-05, 1.5416e-05, 1.7284e-05, 1.9582e-05, 2.4149e-05,
         2.8680e-05, 3.2391e-05, 3.6150e-05, 3.9833e-05, 4.3204e-05, 4.6911e-05,
         5.0968e-05, 5.5392e-05, 6.0196e-05, 6.5534e-05, 7.1324e-05, 7.7549e-05,
         8.4215e-05, 9.1331e-05, 9.8900e-05, 1.0700e-04, 1.1572e-04, 1.2489e-04,
         1.3445e-04, 1.4437e-04, 1.5458e-04, 1.6501e-04, 1.7578e-04, 1.8646e-04,
         1.9688e-04, 2.0683e-04, 2.1607e-04, 2.2436e-04, 2.3130e-04, 2.3653e-04,
         2.3973e-04, 2.4065e-04, 2.3902e-04, 2.3433e-04, 2.2684e-04, 2.1640e-04,
         2.0292e-04, 1.8529e-04, 1.6437e-04, 1.4091e-04, 1.1576e-04, 9.0351e-05,
         6.7718e-05, 5.0650e-05]], dtype=torch.float64), 'xH2SO4aer': tensor([[6.5867e-08, 7.4819e-08, 8.6113e-08, 9.9381e-08, 1.1576e-07, 1.3591e-07,
         1.6046e-07, 1.9088e-07, 2.3015e-07, 2.8790e-07, 4.2168e-07, 7.6529e-07,
         8.7798e-07, 2.0453e-07, 7.0526e-09, 4.0961e-10, 2.8617e-10, 2.6231e-10,
         2.5667e-10, 2.5567e-10, 2.5362e-10, 2.4545e-10, 2.3239e-10, 2.1956e-10,
         2.1134e-10, 2.0837e-10, 2.0750e-10, 2.0597e-10, 2.0176e-10, 1.9431e-10,
         1.8304e-10, 1.6651e-10, 1.4966e-10, 1.4594e-10, 1.5112e-10, 1.7023e-10,
         1.9025e-10, 2.0665e-10, 2.0944e-10, 1.9745e-10, 1.6677e-10, 1.3853e-10,
         1.1323e-10, 9.1192e-11, 7.2462e-11, 5.6903e-11, 4.4255e-11, 3.4130e-11,
         2.6121e-11, 1.9850e-11, 1.4981e-11, 1.1235e-11, 8.3819e-12, 6.2104e-12,
         4.5679e-12, 3.3335e-12, 2.4118e-12, 1.7295e-12, 1.2331e-12, 8.7091e-13,
         6.0892e-13, 4.2117e-13, 2.8789e-13, 1.9493e-13, 1.3105e-13, 8.7132e-14,
         5.7188e-14, 3.7039e-14, 2.3668e-14, 1.5051e-14, 9.3661e-15, 5.6515e-15,
         3.2443e-15, 1.7574e-15, 8.3802e-16, 3.1780e-16, 9.5507e-17, 2.9143e-17,
         8.3324e-18, 1.7993e-18]], dtype=torch.float64), 'xS8aer': tensor([[1.4601e-34, 3.1306e-34, 7.9039e-34, 2.4512e-33, 9.3635e-33, 3.9260e-32,
         1.8088e-31, 4.3260e-30, 1.6415e-27, 5.5709e-25, 2.1844e-22, 5.8471e-21,
         9.8431e-21, 2.1245e-21, 4.5065e-23, 1.6104e-25, 1.9724e-26, 6.0450e-27,
         3.0579e-27, 1.6346e-27, 8.8624e-28, 5.3029e-28, 3.2879e-28, 1.9946e-28,
         1.3227e-28, 9.1573e-29, 5.9131e-29, 4.1270e-29, 3.0831e-29, 2.3952e-29,
         2.4392e-29, 2.6115e-29, 2.8240e-29, 3.2080e-29, 3.6617e-29, 4.5261e-29,
         5.3790e-29, 6.0777e-29, 4.9306e-29, 2.5345e-29, 9.1947e-30, 6.6541e-30,
         5.0852e-30, 3.8401e-30, 2.8613e-30, 2.3221e-30, 1.6903e-30, 1.0653e-30,
         5.5573e-31, 1.7480e-31, 1.0525e-32, 1.0000e-40, 1.0000e-40, 1.0000e-40,
         1.0000e-40, 1.0000e-40, 1.0000e-40, 1.0000e-40, 1.0000e-40, 1.0000e-40,
         1.0000e-40, 1.0000e-40, 1.0000e-40, 1.0000e-40, 1.0000e-40, 1.0000e-40,
         1.0000e-40, 1.0000e-40, 1.0000e-40, 1.0000e-40, 1.0000e-40, 1.0000e-40,
         1.0000e-40, 1.0000e-40, 1.0000e-40, 1.0000e-40, 1.0000e-40, 1.0000e-40,
         1.0000e-40, 1.0000e-40]], dtype=torch.float64)}"
1.62e+06,222.751,2.87765e-08,"{'pres': tensor([[7.0013e+04, 5.7350e+04, 4.6977e+04, 3.8480e+04, 3.1520e+04, 2.5819e+04,
         2.1149e+04, 1.7324e+04, 1.4190e+04, 1.1624e+04, 9.5214e+03, 7.7993e+03,
         6.3886e+03, 5.2331e+03, 4.2866e+03, 3.5112e+03, 2.8762e+03, 2.3559e+03,
         1.9298e+03, 1.5808e+03, 1.2949e+03, 1.0607e+03, 8.6881e+02, 7.1167e+02,
         5.8295e+02, 4.7751e+02, 3.9114e+02, 3.2040e+02, 2.6245e+02, 2.1498e+02,
         1.7609e+02, 1.4424e+02, 1.1815e+02, 9.6783e+01, 7.9278e+01, 6.4939e+01,
         5.3193e+01, 4.3572e+01, 3.5691e+01, 2.9236e+01, 2.3948e+01, 1.9616e+01,
         1.6068e+01, 1.3162e+01, 1.0781e+01, 8.8313e+00, 7.2340e+00, 5.9256e+00,
         4.8538e+00, 3.9759e+00, 3.2568e+00, 2.6677e+00, 2.1852e+00, 1.7900e+00,
         1.4662e+00, 1.2010e+00, 9.8378e-01, 8.0585e-01, 6.6009e-01, 5.4070e-01,
         4.4290e-01, 3.6279e-01, 2.9717e-01, 2.4342e-01, 1.9940e-01, 1.6333e-01,
         1.3379e-01, 1.0959e-01, 8.9769e-02, 7.3532e-02, 6.0232e-02, 4.9338e-02,
         4.0414e-02, 3.3104e-02, 2.7117e-02, 2.2212e-02, 1.8195e-02, 1.4904e-02,
         1.2208e-02, 1.0000e-02]], dtype=torch.float64), 'temp': tensor([[205.4558, 201.2235, 197.0038, 192.7509, 188.4189, 183.9321, 179.2253,
         174.2118, 168.8250, 163.0291, 156.9035, 150.5565, 144.2222, 138.2777,
         133.3648, 131.1532, 129.7930, 128.7126, 127.7876, 126.9766, 126.2570,
         125.5959, 124.9842, 124.4282, 123.9090, 123.4188, 122.9700, 122.5500,
         122.1500, 121.7805, 121.4390, 121.1065, 120.7992, 120.4903, 120.2083,
         119.8545, 119.5122, 119.2006, 118.8662, 118.5248, 118.1837, 117.8541,
         117.5331, 117.2209, 116.9175, 116.6210, 116.3306, 116.0490, 115.7742,
         115.5071, 115.2475, 114.9953, 114.7453, 114.5042, 114.2601, 114.0268,
         113.7830, 113.5485, 113.3020, 113.0602, 112.8082, 112.5597, 112.2937,
         112.0406, 111.7570, 111.4970, 111.1979, 110.9224, 110.6124, 110.3310,
         110.0223, 109.7371, 109.4513, 109.1786, 108.9219, 108.6740, 108.4316,
         108.2221, 107.9997, 107.8638]], dtype=torch.float64), 'xCO2': tensor([[0.7142, 0.7473, 0.7732, 0.7693, 0.7420, 0.7024, 0.6469, 0.5713, 0.4739,
         0.3584, 0.2279, 0.1209, 0.0592, 0.0283, 0.0155, 0.0118, 0.0111, 0.0110,
         0.0112, 0.0116, 0.0122, 0.0128, 0.0135, 0.0142, 0.0150, 0.0158, 0.0167,
         0.0178, 0.0189, 0.0202, 0.0216, 0.0233, 0.0253, 0.0289, 0.0331, 0.0413,
         0.0494, 0.0560, 0.0633, 0.0708, 0.0774, 0.0848, 0.0928, 0.1017, 0.1114,
         0.1224, 0.1346, 0.1479, 0.1626, 0.1787, 0.1963, 0.2157, 0.2375, 0.2612,
         0.2870, 0.3150, 0.3452, 0.3778, 0.4139, 0.4523, 0.4931, 0.5360, 0.5807,
         0.6276, 0.6762, 0.7253, 0.7737, 0.8207, 0.8652, 0.9061, 0.9413, 0.9691,
         0.9885, 0.9970, 0.9946, 0.9817, 0.9581, 0.9233, 0.8810, 0.8336]],
       dtype=torch.float64), 'xH2O': tensor([[5.2722e-06, 3.4521e-06, 2.1919e-06, 1.3419e-06, 7.8512e-07, 4.3346e-07,
         2.2156e-07, 1.0200e-07, 4.0920e-08, 1.3939e-08, 4.0493e-09, 1.0051e-09,
         2.0898e-10, 4.2511e-11, 5.9073e-12, 5.8178e-13, 1.9964e-13, 1.3880e-13,
         1.4325e-13, 1.6113e-13, 1.9042e-13, 2.4046e-13, 3.1516e-13, 3.9393e-13,
         4.8022e-13, 6.1065e-13, 7.8884e-13, 1.0276e-12, 1.3489e-12, 1.7621e-12,
         2.2890e-12, 2.8964e-12, 3.4966e-12, 4.1439e-12, 4.7446e-12, 5.5574e-12,
         6.3175e-12, 6.9402e-12, 7.7692e-12, 8.7885e-12, 1.0004e-11, 1.1299e-11,
         1.2663e-11, 1.4089e-11, 1.5573e-11, 1.7110e-11, 1.8685e-11, 2.0301e-11,
         2.1951e-11, 2.3631e-11, 2.5339e-11, 2.7067e-11, 2.8770e-11, 3.0468e-11,
         3.2129e-11, 3.3763e-11, 3.5307e-11, 3.6838e-11, 3.8144e-11, 3.9392e-11,
         4.0528e-11, 4.1578e-11, 4.2486e-11, 4.3432e-11, 4.3994e-11, 4.4669e-11,
         4.5191e-11, 4.5842e-11, 4.6250e-11, 4.6954e-11, 4.7633e-11, 4.8716e-11,
         5.0175e-11, 5.2038e-11, 5.2879e-11, 4.8423e-11, 4.0188e-11, 3.2376e-11,
         2.7130e-11, 2.5178e-11]], dtype=torch.float64), 'xSO2': tensor([[4.3115e-02, 3.6208e-02, 3.0020e-02, 2.4354e-02, 1.8995e-02, 1.4172e-02,
         1.0027e-02, 6.5960e-03, 3.9342e-03, 2.0717e-03, 9.5630e-04, 3.9164e-04,
         1.4192e-04, 4.9326e-05, 2.0168e-05, 1.2665e-05, 1.0833e-05, 9.8852e-06,
         9.4048e-06, 9.1933e-06, 9.1858e-06, 9.3118e-06, 9.5557e-06, 9.9281e-06,
         1.0362e-05, 1.0835e-05, 1.1335e-05, 1.1875e-05, 1.2465e-05, 1.3089e-05,
         1.3754e-05, 1.4502e-05, 1.5417e-05, 1.7285e-05, 1.9584e-05, 2.4152e-05,
         2.8683e-05, 3.2395e-05, 3.6157e-05, 3.9841e-05, 4.3211e-05, 4.6916e-05,
         5.0972e-05, 5.5395e-05, 6.0198e-05, 6.5534e-05, 7.1324e-05, 7.7549e-05,
         8.4215e-05, 9.1331e-05, 9.8901e-05, 1.0700e-04, 1.1573e-04, 1.2489e-04,
         1.3445e-04, 1.4437e-04, 1.5458e-04, 1.6502e-04, 1.7578e-04, 1.8646e-04,
         1.9688e-04, 2.0683e-04, 2.1608e-04, 2.2436e-04, 2.3131e-04, 2.3654e-04,
         2.3973e-04, 2.4066e-04, 2.3902e-04, 2.3433e-04, 2.2684e-04, 2.1640e-04,
         2.0292e-04, 1.8529e-04, 1.6438e-04, 1.4092e-04, 1.1576e-04, 9.0353e-05,
         6.7720e-05, 5.0651e-05]], dtype=torch.float64), 'xH2SO4aer': tensor([[6.5869e-08, 7.4822e-08, 8.6116e-08, 9.9384e-08, 1.1577e-07, 1.3591e-07,
         1.6046e-07, 1.9088e-07, 2.3015e-07, 2.8791e-07, 4.2175e-07, 7.6550e-07,
         8.7783e-07, 2.0424e-07, 7.0371e-09, 4.0933e-10, 2.8612e-10, 2.6226e-10,
         2.5649e-10, 2.5519e-10, 2.5264e-10, 2.4399e-10, 2.3081e-10, 2.1833e-10,
         2.1065e-10, 2.0809e-10, 2.0742e-10, 2.0596e-10, 2.0177e-10, 1.9432e-10,
         1.8305e-10, 1.6653e-10, 1.4967e-10, 1.4596e-10, 1.5114e-10, 1.7025e-10,
         1.9028e-10, 2.0668e-10, 2.0946e-10, 1.9747e-10, 1.6679e-10, 1.3854e-10,
         1.1324e-10, 9.1200e-11, 7.2468e-11, 5.6908e-11, 4.4258e-11, 3.4133e-11,
         2.6124e-11, 1.9852e-11, 1.4982e-11, 1.1236e-11, 8.3828e-12, 6.2111e-12,
         4.5684e-12, 3.3339e-12, 2.4121e-12, 1.7297e-12, 1.2332e-12, 8.7103e-13,
         6.0901e-13, 4.2123e-13, 2.8793e-13, 1.9496e-13, 1.3107e-13, 8.7146e-14,
         5.7198e-14, 3.7045e-14, 2.3672e-14, 1.5054e-14, 9.3677e-15, 5.6525e-15,
         3.2449e-15, 1.7577e-15, 8.3816e-16, 3.1785e-16, 9.5520e-17, 2.9147e-17,
         8.3334e-18, 1.7995e-18]], dtype=torch.float64), 'xS8aer': tensor([[1.4602e-34, 3.1301e-34, 7.9009e-34, 2.4496e-33, 9.3549e-33, 3.9211e-32,
         1.8062e-31, 4.3234e-30, 1.6424e-27, 5.5790e-25, 2.1899e-22, 5.8518e-21,
         9.8368e-21, 2.1200e-21, 4.4895e-23, 1.6015e-25, 1.9657e-26, 6.0374e-27,
         3.0555e-27, 1.6335e-27, 8.8569e-28, 5.2997e-28, 3.2858e-28, 1.9932e-28,
         1.3219e-28, 9.1512e-29, 5.9088e-29, 4.1235e-29, 3.0800e-29, 2.3937e-29,
         2.4383e-29, 2.6106e-29, 2.8230e-29, 3.2070e-29, 3.6605e-29, 4.5246e-29,
         5.3773e-29, 6.0758e-29, 4.9309e-29, 2.5374e-29, 9.2115e-30, 6.6705e-30,
         5.1030e-30, 3.8588e-30, 2.8779e-30, 2.3341e-30, 1.7040e-30, 1.0766e-30,
         5.6756e-31, 1.8264e-31, 1.1195e-32, 1.0000e-40, 1.0000e-40, 1.0000e-40,
         1.0000e-40, 1.0000e-40, 1.0000e-40, 1.0000e-40, 1.0000e-40, 1.0000e-40,
         1.0000e-40, 1.0000e-40, 1.0000e-40, 1.0000e-40, 1.0000e-40, 1.0000e-40,
         1.0000e-40, 1.0000e-40, 1.0000e-40, 1.0000e-40, 1.0000e-40, 1.0000e-40,
         1.0000e-40, 1.0000e-40, 1.0000e-40, 1.0000e-40, 1.0000e-40, 1.0000e-40,
         1.0000e-40, 1.0000e-40]], dtype=torch.float64)}"
1.6416e+06,222.754,7.44371e-08,"{'pres': tensor([[7.0013e+04, 5.7350e+04, 4.6977e+04, 3.8480e+04, 3.1520e+04, 2.5819e+04,
         2.1149e+04, 1.7324e+04, 1.4190e+04, 1.1624e+04, 9.5214e+03, 7.7993e+03,
         6.3886e+03, 5.2331e+03, 4.2866e+03, 3.5112e+03, 2.8762e+03, 2.3559e+03,
         1.9298e+03, 1.5808e+03, 1.2949e+03, 1.0607e+03, 8.6881e+02, 7.1167e+02,
         5.8295e+02, 4.7751e+02, 3.9114e+02, 3.2040e+02, 2.6245e+02, 2.1498e+02,
         1.7609e+02, 1.4424e+02, 1.1815e+02, 9.6783e+01, 7.9278e+01, 6.4939e+01,
         5.3193e+01, 4.3572e+01, 3.5691e+01, 2.9236e+01, 2.3948e+01, 1.9616e+01,
         1.6068e+01, 1.3162e+01, 1.0781e+01, 8.8313e+00, 7.2340e+00, 5.9256e+00,
         4.8538e+00, 3.9759e+00, 3.2568e+00, 2.6677e+00, 2.1852e+00, 1.7900e+00,
         1.4662e+00, 1.2010e+00, 9.8378e-01, 8.0585e-01, 6.6009e-01, 5.4070e-01,
         4.4290e-01, 3.6279e-01, 2.9717e-01, 2.4342e-01, 1.9940e-01, 1.6333e-01,
         1.3379e-01, 1.0959e-01, 8.9769e-02, 7.3532e-02, 6.0232e-02, 4.9338e-02,
         4.0414e-02, 3.3104e-02, 2.7117e-02, 2.2212e-02, 1.8195e-02, 1.4904e-02,
         1.2208e-02, 1.0000e-02]], dtype=torch.float64), 'temp': tensor([[205.3954, 201.1969, 197.0067, 192.7575, 188.4499, 183.9510, 179.2718,
         174.2421, 168.8834, 163.0651, 156.9354, 150.5811, 144.2450, 138.2713,
         133.3640, 131.1536, 129.7933, 128.7129, 127.7878, 126.9769, 126.2573,
         125.5962, 124.9845, 124.4284, 123.9093, 123.4191, 122.9702, 122.5502,
         122.1503, 121.7808, 121.4393, 121.1068, 120.7996, 120.4907, 120.2088,
         119.8553, 119.5132, 119.2014, 118.8668, 118.5254, 118.1844, 117.8548,
         117.5337, 117.2215, 116.9181, 116.6216, 116.3313, 116.0496, 115.7749,
         115.5077, 115.2481, 114.9959, 114.7458, 114.5048, 114.2606, 114.0272,
         113.7834, 113.5489, 113.3024, 113.0605, 112.8085, 112.5600, 112.2940,
         112.0409, 111.7572, 111.4972, 111.1981, 110.9226, 110.6126, 110.3313,
         110.0225, 109.7373, 109.4515, 109.1788, 108.9221, 108.6742, 108.4318,
         108.2224, 107.9999, 107.8640]], dtype=torch.float64), 'xCO2': tensor([[0.7142, 0.7473, 0.7732, 0.7693, 0.7420, 0.7024, 0.6469, 0.5712, 0.4738,
         0.3584, 0.2277, 0.1206, 0.0591, 0.0283, 0.0155, 0.0118, 0.0111, 0.0110,
         0.0112, 0.0116, 0.0122, 0.0128, 0.0135, 0.0142, 0.0150, 0.0158, 0.0167,
         0.0178, 0.0189, 0.0202, 0.0216, 0.0233, 0.0253, 0.0289, 0.0331, 0.0413,
         0.0494, 0.0560, 0.0633, 0.0708, 0.0774, 0.0848, 0.0928, 0.1017, 0.1114,
         0.1224, 0.1346, 0.1479, 0.1626, 0.1787, 0.1963, 0.2157, 0.2375, 0.2612,
         0.2870, 0.3150, 0.3452, 0.3778, 0.4139, 0.4523, 0.4931, 0.5360, 0.5807,
         0.6276, 0.6762, 0.7253, 0.7737, 0.8207, 0.8652, 0.9061, 0.9413, 0.9691,
         0.9885, 0.9970, 0.9946, 0.9817, 0.9580, 0.9233, 0.8810, 0.8336]],
       dtype=torch.float64), 'xH2O': tensor([[5.2917e-06, 3.4584e-06, 2.1931e-06, 1.3408e-06, 7.8410e-07, 4.3244e-07,
         2.2092e-07, 1.0158e-07, 4.0734e-08, 1.3867e-08, 4.0375e-09, 9.9986e-10,
         2.0809e-10, 4.2407e-11, 5.8873e-12, 5.8044e-13, 1.9940e-13, 1.3875e-13,
         1.4323e-13, 1.6113e-13, 1.9042e-13, 2.4046e-13, 3.1517e-13, 3.9395e-13,
         4.8025e-13, 6.1069e-13, 7.8888e-13, 1.0276e-12, 1.3490e-12, 1.7622e-12,
         2.2891e-12, 2.8966e-12, 3.4969e-12, 4.1443e-12, 4.7452e-12, 5.5582e-12,
         6.3185e-12, 6.9414e-12, 7.7705e-12, 8.7899e-12, 1.0005e-11, 1.1301e-11,
         1.2665e-11, 1.4092e-11, 1.5576e-11, 1.7113e-11, 1.8689e-11, 2.0305e-11,
         2.1955e-11, 2.3635e-11, 2.5343e-11, 2.7071e-11, 2.8774e-11, 3.0473e-11,
         3.2134e-11, 3.3768e-11, 3.5311e-11, 3.6843e-11, 3.8149e-11, 3.9397e-11,
         4.0532e-11, 4.1583e-11, 4.2490e-11, 4.3437e-11, 4.3998e-11, 4.4674e-11,
         4.5196e-11, 4.5846e-11, 4.6254e-11, 4.6959e-11, 4.7638e-11, 4.8721e-11,
         5.0180e-11, 5.2043e-11, 5.2884e-11, 4.8428e-11, 4.0193e-11, 3.2380e-11,
         2.7133e-11, 2.5181e-11]], dtype=torch.float64), 'xSO2': tensor([[4.3207e-02, 3.6245e-02, 3.0028e-02, 2.4342e-02, 1.8980e-02, 1.4151e-02,
         1.0009e-02, 6.5786e-03, 3.9227e-03, 2.0647e-03, 9.5447e-04, 3.9023e-04,
         1.4152e-04, 4.9248e-05, 2.0159e-05, 1.2666e-05, 1.0834e-05, 9.8860e-06,
         9.4055e-06, 9.1940e-06, 9.1864e-06, 9.3124e-06, 9.5563e-06, 9.9287e-06,
         1.0363e-05, 1.0835e-05, 1.1335e-05, 1.1875e-05, 1.2465e-05, 1.3089e-05,
         1.3754e-05, 1.4502e-05, 1.5417e-05, 1.7287e-05, 1.9586e-05, 2.4155e-05,
         2.8687e-05, 3.2400e-05, 3.6163e-05, 3.9849e-05, 4.3218e-05, 4.6922e-05,
         5.0976e-05, 5.5398e-05, 6.0200e-05, 6.5535e-05, 7.1325e-05, 7.7549e-05,
         8.4215e-05, 9.1331e-05, 9.8901e-05, 1.0700e-04, 1.1573e-04, 1.2489e-04,
         1.3445e-04, 1.4437e-04, 1.5458e-04, 1.6502e-04, 1.7578e-04, 1.8646e-04,
         1.9689e-04, 2.0684e-04, 2.1608e-04, 2.2437e-04, 2.3131e-04, 2.3654e-04,
         2.3974e-04, 2.4066e-04, 2.3903e-04, 2.3434e-04, 2.2685e-04, 2.1641e-04,
         2.0293e-04, 1.8530e-04, 1.6438e-04, 1.4092e-04, 1.1577e-04, 9.0355e-05,
         6.7721e-05, 5.0652e-05]], dtype=torch.float64), 'xH2SO4aer': tensor([[6.5872e-08, 7.4824e-08, 8.6119e-08, 9.9387e-08, 1.1577e-07, 1.3592e-07,
         1.6047e-07, 1.9089e-07, 2.3016e-07, 2.8793e-07, 4.2182e-07, 7.6572e-07,
         8.7767e-07, 2.0394e-07, 7.0215e-09, 4.0906e-10, 2.8607e-10, 2.6221e-10,
         2.5631e-10, 2.5468e-10, 2.5164e-10, 2.4252e-10, 2.2927e-10, 2.1715e-10,
         2.1002e-10, 2.0785e-10, 2.0736e-10, 2.0595e-10, 2.0177e-10, 1.9433e-10,
         1.8306e-10, 1.6654e-10, 1.4969e-10, 1.4597e-10, 1.5115e-10, 1.7027e-10,
         1.9030e-10, 2.0671e-10, 2.0949e-10, 1.9750e-10, 1.6681e-10, 1.3856e-10,
         1.1325e-10, 9.1208e-11, 7.2474e-11, 5.6912e-11, 4.4262e-11, 3.4136e-11,
         2.6126e-11, 1.9854e-11, 1.4984e-11, 1.1237e-11, 8.3837e-12, 6.2118e-12,
         4.5689e-12, 3.3343e-12, 2.4123e-12, 1.7299e-12, 1.2334e-12, 8.7113e-13,
         6.0909e-13, 4.2129e-13, 2.8797e-13, 1.9498e-13, 1.3109e-13, 8.7158e-14,
         5.7205e-14, 3.7050e-14, 2.3676e-14, 1.5056e-14, 9.3691e-15, 5.6534e-15,
         3.2454e-15, 1.7580e-15, 8.3829e-16, 3.1790e-16, 9.5534e-17, 2.9151e-17,
         8.3345e-18, 1.7997e-18]], dtype=torch.float64), 'xS8aer': tensor([[1.4603e-34, 3.1296e-34, 7.8979e-34, 2.4481e-33, 9.3462e-33, 3.9163e-32,
         1.8035e-31, 4.3208e-30, 1.6434e-27, 5.5873e-25, 2.1955e-22, 5.8574e-21,
         9.8304e-21, 2.1154e-21, 4.4724e-23, 1.5928e-25, 1.9591e-26, 6.0300e-27,
         3.0532e-27, 1.6325e-27, 8.8518e-28, 5.2966e-28, 3.2838e-28, 1.9920e-28,
         1.3211e-28, 9.1458e-29, 5.9051e-29, 4.1204e-29, 3.0772e-29, 2.3923e-29,
         2.4374e-29, 2.6097e-29, 2.8221e-29, 3.2060e-29, 3.6594e-29, 4.5235e-29,
         5.3763e-29, 6.0748e-29, 4.9321e-29, 2.5411e-29, 9.2354e-30, 6.6944e-30,
         5.1280e-30, 3.8836e-30, 2.9010e-30, 2.3564e-30, 1.7252e-30, 1.0954e-30,
         5.8165e-31, 1.8983e-31, 1.1763e-32, 1.0000e-40, 1.0000e-40, 1.0000e-40,
         1.0000e-40, 1.0000e-40, 1.0000e-40, 1.0000e-40, 1.0000e-40, 1.0000e-40,
         1.0000e-40, 1.0000e-40, 1.0000e-40, 1.0000e-40, 1.0000e-40, 1.0000e-40,
         1.0000e-40, 1.0000e-40, 1.0000e-40, 1.0000e-40, 1.0000e-40, 1.0000e-40,
         1.0000e-40, 1.0000e-40, 1.0000e-40, 1.0000e-40, 1.0000e-40, 1.0000e-40,
         1.0000e-40, 1.0000e-40]], dtype=torch.float64)}"
1.6632e+06,222.75,2.39895e-08,"{'pres': tensor([[7.0013e+04, 5.7350e+04, 4.6977e+04, 3.8480e+04, 3.1520e+04, 2.5819e+04,
         2.1149e+04, 1.7324e+04, 1.4190e+04, 1.1624e+04, 9.5214e+03, 7.7993e+03,
         6.3886e+03, 5.2331e+03, 4.2866e+03, 3.5112e+03, 2.8762e+03, 2.3559e+03,
         1.9298e+03, 1.5808e+03, 1.2949e+03, 1.0607e+03, 8.6881e+02, 7.1167e+02,
         5.8295e+02, 4.7751e+02, 3.9114e+02, 3.2040e+02, 2.6245e+02, 2.1498e+02,
         1.7609e+02, 1.4424e+02, 1.1815e+02, 9.6783e+01, 7.9278e+01, 6.4939e+01,
         5.3193e+01, 4.3572e+01, 3.5691e+01, 2.9236e+01, 2.3948e+01, 1.9616e+01,
         1.6068e+01, 1.3162e+01, 1.0781e+01, 8.8313e+00, 7.2340e+00, 5.9256e+00,
         4.8538e+00, 3.9759e+00, 3.2568e+00, 2.6677e+00, 2.1852e+00, 1.7900e+00,
         1.4662e+00, 1.2010e+00, 9.8378e-01, 8.0585e-01, 6.6009e-01, 5.4070e-01,
         4.4290e-01, 3.6279e-01, 2.9717e-01, 2.4342e-01, 1.9940e-01, 1.6333e-01,
         1.3379e-01, 1.0959e-01, 8.9769e-02, 7.3532e-02, 6.0232e-02, 4.9338e-02,
         4.0414e-02, 3.3104e-02, 2.7117e-02, 2.2212e-02, 1.8195e-02, 1.4904e-02,
         1.2208e-02, 1.0000e-02]], dtype=torch.float64), 'temp': tensor([[205.4303, 201.2133, 196.9975, 192.7589, 188.4235, 183.9494, 179.2369,
         174.2349, 168.8422, 163.0511, 156.9035, 150.5800, 144.2313, 138.2648,
         133.3632, 131.1540, 129.7937, 128.7132, 127.7881, 126.9771, 126.2575,
         125.5964, 124.9847, 124.4286, 123.9095, 123.4194, 122.9705, 122.5505,
         122.1506, 121.7811, 121.4396, 121.1072, 120.8000, 120.4911, 120.2093,
         119.8561, 119.5142, 119.2022, 118.8675, 118.5261, 118.1851, 117.8555,
         117.5344, 117.2222, 116.9188, 116.6224, 116.3320, 116.0504, 115.7756,
         115.5084, 115.2488, 114.9966, 114.7465, 114.5054, 114.2612, 114.0278,
         113.7840, 113.5494, 113.3029, 113.0610, 112.8090, 112.5604, 112.2944,
         112.0414, 111.7577, 111.4977, 111.1985, 110.9231, 110.6130, 110.3317,
         110.0229, 109.7377, 109.4519, 109.1792, 108.9225, 108.6746, 108.4321,
         108.2227, 108.0002, 107.8643]], dtype=torch.float64), 'xCO2': tensor([[0.7142, 0.7473, 0.7732, 0.7693, 0.7420, 0.7024, 0.6468, 0.5711, 0.4737,
         0.3583, 0.2281, 0.1209, 0.0593, 0.0283, 0.0155, 0.0118, 0.0111, 0.0110,
         0.0112, 0.0116, 0.0122, 0.0128, 0.0135, 0.0142, 0.0150, 0.0158, 0.0167,
         0.0178, 0.0189, 0.0202, 0.0216, 0.0233, 0.0253, 0.0289, 0.0331, 0.0413,
         0.0494, 0.0560, 0.0633, 0.0708, 0.0774, 0.0848, 0.0928, 0.1017, 0.1114,
         0.1224, 0.1346, 0.1479, 0.1626, 0.1787, 0.1963, 0.2157, 0.2375, 0.2612,
         0.2870, 0.3150, 0.3452, 0.3778, 0.4139, 0.4523, 0.4931, 0.5360, 0.5807,
         0.6276, 0.6763, 0.7253, 0.7737, 0.8207, 0.8652, 0.9061, 0.9413, 0.9691,
         0.9885, 0.9970, 0.9946, 0.9817, 0.9580, 0.9233, 0.8810, 0.8336]],
       dtype=torch.float64), 'xH2O': tensor([[5.2459e-06, 3.4478e-06, 2.1926e-06, 1.3418e-06, 7.8653e-07, 4.3368e-07,
         2.2209e-07, 1.0204e-07, 4.1092e-08, 1.3955e-08, 4.0625e-09, 1.0053e-09,
         2.0916e-10, 4.2391e-11, 5.8677e-12, 5.7911e-13, 1.9916e-13, 1.3870e-13,
         1.4321e-13, 1.6112e-13, 1.9041e-13, 2.4046e-13, 3.1518e-13, 3.9397e-13,
         4.8027e-13, 6.1072e-13, 7.8893e-13, 1.0277e-12, 1.3490e-12, 1.7624e-12,
         2.2893e-12, 2.8968e-12, 3.4972e-12, 4.1448e-12, 4.7459e-12, 5.5591e-12,
         6.3196e-12, 6.9426e-12, 7.7718e-12, 8.7913e-12, 1.0007e-11, 1.1303e-11,
         1.2667e-11, 1.4094e-11, 1.5579e-11, 1.7117e-11, 1.8693e-11, 2.0309e-11,
         2.1959e-11, 2.3640e-11, 2.5348e-11, 2.7076e-11, 2.8780e-11, 3.0479e-11,
         3.2139e-11, 3.3774e-11, 3.5317e-11, 3.6849e-11, 3.8155e-11, 3.9404e-11,
         4.0539e-11, 4.1590e-11, 4.2497e-11, 4.3444e-11, 4.4006e-11, 4.4682e-11,
         4.5203e-11, 4.5855e-11, 4.6262e-11, 4.6968e-11, 4.7647e-11, 4.8730e-11,
         5.0189e-11, 5.2052e-11, 5.2892e-11, 4.8434e-11, 4.0197e-11, 3.2383e-11,
         2.7136e-11, 2.5184e-11]], dtype=torch.float64), 'xSO2': tensor([[4.2990e-02, 3.6185e-02, 3.0026e-02, 2.4353e-02, 1.9015e-02, 1.4177e-02,
         1.0042e-02, 6.5978e-03, 3.9439e-03, 2.0731e-03, 9.5839e-04, 3.9163e-04,
         1.4200e-04, 4.9225e-05, 2.0150e-05, 1.2667e-05, 1.0835e-05, 9.8868e-06,
         9.4061e-06, 9.1946e-06, 9.1870e-06, 9.3130e-06, 9.5570e-06, 9.9293e-06,
         1.0363e-05, 1.0835e-05, 1.1335e-05, 1.1875e-05, 1.2464e-05, 1.3089e-05,
         1.3754e-05, 1.4503e-05, 1.5418e-05, 1.7288e-05, 1.9587e-05, 2.4157e-05,
         2.8691e-05, 3.2404e-05, 3.6169e-05, 3.9856e-05, 4.3225e-05, 4.6928e-05,
         5.0981e-05, 5.5401e-05, 6.0202e-05, 6.5536e-05, 7.1325e-05, 7.7549e-05,
         8.4215e-05, 9.1331e-05, 9.8902e-05, 1.0700e-04, 1.1573e-04, 1.2489e-04,
         1.3445e-04, 1.4437e-04, 1.5458e-04, 1.6502e-04, 1.7579e-04, 1.8647e-04,
         1.9689e-04, 2.0684e-04, 2.1608e-04, 2.2437e-04, 2.3132e-04, 2.3655e-04,
         2.3974e-04, 2.4067e-04, 2.3903e-04, 2.3434e-04, 2.2685e-04, 2.1641e-04,
         2.0293e-04, 1.8530e-04, 1.6438e-04, 1.4092e-04, 1.1577e-04, 9.0356e-05,
         6.7722e-05, 5.0653e-05]], dtype=torch.float64), 'xH2SO4aer': tensor([[6.5874e-08, 7.4826e-08, 8.6121e-08, 9.9390e-08, 1.1578e-07, 1.3592e-07,
         1.6047e-07, 1.9090e-07, 2.3017e-07, 2.8794e-07, 4.2189e-07, 7.6594e-07,
         8.7752e-07, 2.0365e-07, 7.0059e-09, 4.0878e-10, 2.8602e-10, 2.6215e-10,
         2.5610e-10, 2.5415e-10, 2.5061e-10, 2.4105e-10, 2.2777e-10, 2.1604e-10,
         2.0943e-10, 2.0763e-10, 2.0731e-10, 2.0594e-10, 2.0177e-10, 1.9433e-10,
         1.8308e-10, 1.6655e-10, 1.4970e-10, 1.4599e-10, 1.5117e-10, 1.7029e-10,
         1.9032e-10, 2.0673e-10, 2.0951e-10, 1.9752e-10, 1.6683e-10, 1.3857e-10,
         1.1326e-10, 9.1215e-11, 7.2480e-11, 5.6917e-11, 4.4266e-11, 3.4139e-11,
         2.6128e-11, 1.9856e-11, 1.4985e-11, 1.1238e-11, 8.3845e-12, 6.2125e-12,
         4.5694e-12, 3.3347e-12, 2.4126e-12, 1.7301e-12, 1.2335e-12, 8.7124e-13,
         6.0917e-13, 4.2134e-13, 2.8801e-13, 1.9501e-13, 1.3111e-13, 8.7172e-14,
         5.7215e-14, 3.7057e-14, 2.3680e-14, 1.5058e-14, 9.3708e-15, 5.6544e-15,
         3.2459e-15, 1.7583e-15, 8.3838e-16, 3.1792e-16, 9.5541e-17, 2.9153e-17,
         8.3351e-18, 1.7999e-18]], dtype=torch.float64), 'xS8aer': tensor([[1.4603e-34, 3.1291e-34, 7.8949e-34, 2.4465e-33, 9.3376e-33, 3.9114e-32,
         1.8009e-31, 4.3182e-30, 1.6443e-27, 5.5955e-25, 2.2010e-22, 5.8609e-21,
         9.8240e-21, 2.1108e-21, 4.4554e-23, 1.5842e-25, 1.9527e-26, 6.0229e-27,
         3.0510e-27, 1.6316e-27, 8.8470e-28, 5.2937e-28, 3.2820e-28, 1.9909e-28,
         1.3203e-28, 9.1408e-29, 5.9015e-29, 4.1174e-29, 3.0743e-29, 2.3908e-29,
         2.4365e-29, 2.6088e-29, 2.8213e-29, 3.2052e-29, 3.6587e-29, 4.5226e-29,
         5.3751e-29, 6.0734e-29, 4.9326e-29, 2.5438e-29, 9.2497e-30, 6.7078e-30,
         5.1406e-30, 3.8941e-30, 2.9097e-30, 2.3609e-30, 1.7235e-30, 1.0924e-30,
         5.7614e-31, 1.8583e-31, 1.1432e-32, 1.0000e-40, 1.0000e-40, 1.0000e-40,
         1.0000e-40, 1.0000e-40, 1.0000e-40, 1.0000e-40, 1.0000e-40, 1.0000e-40,
         1.0000e-40, 1.0000e-40, 1.0000e-40, 1.0000e-40, 1.0000e-40, 1.0000e-40,
         1.0000e-40, 1.0000e-40, 1.0000e-40, 1.0000e-40, 1.0000e-40, 1.0000e-40,
         1.0000e-40, 1.0000e-40, 1.0000e-40, 1.0000e-40, 1.0000e-40, 1.0000e-40,
         1.0000e-40, 1.0000e-40]], dtype=torch.float64)}"
1.6848e+06,222.75,2.87687e-08,"{'pres': tensor([[7.0013e+04, 5.7350e+04, 4.6977e+04, 3.8480e+04, 3.1520e+04, 2.5819e+04,
         2.1149e+04, 1.7324e+04, 1.4190e+04, 1.1624e+04, 9.5214e+03, 7.7993e+03,
         6.3886e+03, 5.2331e+03, 4.2866e+03, 3.5112e+03, 2.8762e+03, 2.3559e+03,
         1.9298e+03, 1.5808e+03, 1.2949e+03, 1.0607e+03, 8.6881e+02, 7.1167e+02,
         5.8295e+02, 4.7751e+02, 3.9114e+02, 3.2040e+02, 2.6245e+02, 2.1498e+02,
         1.7609e+02, 1.4424e+02, 1.1815e+02, 9.6783e+01, 7.9278e+01, 6.4939e+01,
         5.3193e+01, 4.3572e+01, 3.5691e+01, 2.9236e+01, 2.3948e+01, 1.9616e+01,
         1.6068e+01, 1.3162e+01, 1.0781e+01, 8.8313e+00, 7.2340e+00, 5.9256e+00,
         4.8538e+00, 3.9759e+00, 3.2568e+00, 2.6677e+00, 2.1852e+00, 1.7900e+00,
         1.4662e+00, 1.2010e+00, 9.8378e-01, 8.0585e-01, 6.6009e-01, 5.4070e-01,
         4.4290e-01, 3.6279e-01, 2.9717e-01, 2.4342e-01, 1.9940e-01, 1.6333e-01,
         1.3379e-01, 1.0959e-01, 8.9769e-02, 7.3532e-02, 6.0232e-02, 4.9338e-02,
         4.0414e-02, 3.3104e-02, 2.7117e-02, 2.2212e-02, 1.8195e-02, 1.4904e-02,
         1.2208e-02, 1.0000e-02]], dtype=torch.float64), 'temp': tensor([[205.4559, 201.2236, 197.0038, 192.7506, 188.4183, 183.9310, 179.2234,
         174.2092, 168.8216, 163.0250, 156.8991, 150.5517, 144.2175, 138.2584,
         133.3623, 131.1544, 129.7941, 128.7135, 127.7884, 126.9774, 126.2577,
         125.5966, 124.9850, 124.4289, 123.9098, 123.4196, 122.9708, 122.5508,
         122.1509, 121.7814, 121.4399, 121.1075, 120.8003, 120.4915, 120.2098,
         119.8569, 119.5151, 119.2030, 118.8681, 118.5267, 118.1857, 117.8562,
         117.5351, 117.2229, 116.9195, 116.6230, 116.3327, 116.0510, 115.7763,
         115.5091, 115.2494, 114.9971, 114.7470, 114.5059, 114.2616, 114.0283,
         113.7844, 113.5498, 113.3033, 113.0614, 112.8094, 112.5608, 112.2947,
         112.0417, 111.7580, 111.4980, 111.1988, 110.9234, 110.6133, 110.3320,
         110.0231, 109.7380, 109.4521, 109.1794, 108.9227, 108.6749, 108.4323,
         108.2230, 108.0005, 107.8646]], dtype=torch.float64), 'xCO2': tensor([[0.7142, 0.7473, 0.7732, 0.7693, 0.7419, 0.7023, 0.6468, 0.5710, 0.4737,
         0.3583, 0.2278, 0.1208, 0.0592, 0.0283, 0.0155, 0.0118, 0.0111, 0.0110,
         0.0112, 0.0116, 0.0122, 0.0128, 0.0135, 0.0142, 0.0150, 0.0158, 0.0167,
         0.0178, 0.0189, 0.0202, 0.0216, 0.0233, 0.0253, 0.0289, 0.0331, 0.0413,
         0.0494, 0.0560, 0.0633, 0.0708, 0.0774, 0.0848, 0.0928, 0.1017, 0.1114,
         0.1224, 0.1346, 0.1479, 0.1626, 0.1787, 0.1963, 0.2157, 0.2375, 0.2612,
         0.2870, 0.3150, 0.3452, 0.3778, 0.4139, 0.4523, 0.4931, 0.5360, 0.5807,
         0.6276, 0.6763, 0.7253, 0.7737, 0.8207, 0.8652, 0.9061, 0.9413, 0.9691,
         0.9885, 0.9970, 0.9946, 0.9817, 0.9580, 0.9233, 0.8810, 0.8336]],
       dtype=torch.float64), 'xH2O': tensor([[5.2724e-06, 3.4522e-06, 2.1920e-06, 1.3419e-06, 7.8503e-07, 4.3336e-07,
         2.2147e-07, 1.0194e-07, 4.0888e-08, 1.3925e-08, 4.0447e-09, 1.0038e-09,
         2.0865e-10, 4.2302e-11, 5.8485e-12, 5.7779e-13, 1.9893e-13, 1.3866e-13,
         1.4319e-13, 1.6111e-13, 1.9041e-13, 2.4046e-13, 3.1518e-13, 3.9400e-13,
         4.8030e-13, 6.1076e-13, 7.8898e-13, 1.0278e-12, 1.3491e-12, 1.7625e-12,
         2.2894e-12, 2.8971e-12, 3.4975e-12, 4.1452e-12, 4.7465e-12, 5.5599e-12,
         6.3207e-12, 6.9438e-12, 7.7730e-12, 8.7926e-12, 1.0008e-11, 1.1305e-11,
         1.2670e-11, 1.4097e-11, 1.5582e-11, 1.7120e-11, 1.8696e-11, 2.0313e-11,
         2.1963e-11, 2.3644e-11, 2.5353e-11, 2.7081e-11, 2.8784e-11, 3.0484e-11,
         3.2144e-11, 3.3779e-11, 3.5322e-11, 3.6854e-11, 3.8161e-11, 3.9409e-11,
         4.0544e-11, 4.1595e-11, 4.2503e-11, 4.3450e-11, 4.4011e-11, 4.4687e-11,
         4.5209e-11, 4.5860e-11, 4.6268e-11, 4.6974e-11, 4.7653e-11, 4.8736e-11,
         5.0196e-11, 5.2059e-11, 5.2899e-11, 4.8440e-11, 4.0202e-11, 3.2387e-11,
         2.7139e-11, 2.5186e-11]], dtype=torch.float64), 'xSO2': tensor([[4.3115e-02, 3.6209e-02, 3.0020e-02, 2.4354e-02, 1.8994e-02, 1.4170e-02,
         1.0025e-02, 6.5935e-03, 3.9322e-03, 2.0703e-03, 9.5557e-04, 3.9130e-04,
         1.4176e-04, 4.9156e-05, 2.0142e-05, 1.2668e-05, 1.0836e-05, 9.8876e-06,
         9.4068e-06, 9.1953e-06, 9.1876e-06, 9.3136e-06, 9.5577e-06, 9.9298e-06,
         1.0364e-05, 1.0835e-05, 1.1335e-05, 1.1875e-05, 1.2464e-05, 1.3088e-05,
         1.3754e-05, 1.4503e-05, 1.5419e-05, 1.7289e-05, 1.9589e-05, 2.4160e-05,
         2.8695e-05, 3.2409e-05, 3.6175e-05, 3.9864e-05, 4.3232e-05, 4.6934e-05,
         5.0985e-05, 5.5404e-05, 6.0204e-05, 6.5537e-05, 7.1325e-05, 7.7549e-05,
         8.4215e-05, 9.1331e-05, 9.8902e-05, 1.0700e-04, 1.1573e-04, 1.2489e-04,
         1.3446e-04, 1.4438e-04, 1.5459e-04, 1.6502e-04, 1.7579e-04, 1.8647e-04,
         1.9689e-04, 2.0685e-04, 2.1609e-04, 2.2438e-04, 2.3132e-04, 2.3655e-04,
         2.3975e-04, 2.4067e-04, 2.3904e-04, 2.3434e-04, 2.2685e-04, 2.1642e-04,
         2.0294e-04, 1.8530e-04, 1.6439e-04, 1.4092e-04, 1.1577e-04, 9.0358e-05,
         6.7724e-05, 5.0654e-05]], dtype=torch.float64), 'xH2SO4aer': tensor([[6.5876e-08, 7.4829e-08, 8.6124e-08, 9.9393e-08, 1.1578e-07, 1.3592e-07,
         1.6048e-07, 1.9090e-07, 2.3017e-07, 2.8795e-07, 4.2196e-07, 7.6615e-07,
         8.7737e-07, 2.0336e-07, 6.9903e-09, 4.0851e-10, 2.8597e-10, 2.6209e-10,
         2.5588e-10, 2.5359e-10, 2.4955e-10, 2.3957e-10, 2.2630e-10, 2.1498e-10,
         2.0890e-10, 2.0743e-10, 2.0726e-10, 2.0594e-10, 2.0178e-10, 1.9434e-10,
         1.8309e-10, 1.6657e-10, 1.4972e-10, 1.4601e-10, 1.5119e-10, 1.7031e-10,
         1.9035e-10, 2.0676e-10, 2.0954e-10, 1.9754e-10, 1.6685e-10, 1.3858e-10,
         1.1327e-10, 9.1223e-11, 7.2486e-11, 5.6921e-11, 4.4270e-11, 3.4142e-11,
         2.6131e-11, 1.9857e-11, 1.4987e-11, 1.1240e-11, 8.3854e-12, 6.2131e-12,
         4.5699e-12, 3.3351e-12, 2.4129e-12, 1.7303e-12, 1.2337e-12, 8.7136e-13,
         6.0925e-13, 4.2140e-13, 2.8805e-13, 1.9504e-13, 1.3113e-13, 8.7185e-14,
         5.7224e-14, 3.7063e-14, 2.3684e-14, 1.5061e-14, 9.3723e-15, 5.6553e-15,
         3.2465e-15, 1.7586e-15, 8.3851e-16, 3.1797e-16, 9.5554e-17, 2.9156e-17,
         8.3362e-18, 1.8001e-18]], dtype=torch.float64), 'xS8aer': tensor([[1.4604e-34, 3.1286e-34, 7.8919e-34, 2.4450e-33, 9.3290e-33, 3.9066e-32,
         1.7983e-31, 4.3156e-30, 1.6453e-27, 5.6039e-25, 2.2065e-22, 5.8656e-21,
         9.8178e-21, 2.1062e-21, 4.4385e-23, 1.5757e-25, 1.9464e-26, 6.0160e-27,
         3.0489e-27, 1.6306e-27, 8.8423e-28, 5.2909e-28, 3.2801e-28, 1.9897e-28,
         1.3196e-28, 9.1357e-29, 5.8979e-29, 4.1142e-29, 3.0715e-29, 2.3895e-29,
         2.4357e-29, 2.6080e-29, 2.8205e-29, 3.2044e-29, 3.6577e-29, 4.5215e-29,
         5.3738e-29, 6.0720e-29, 4.9333e-29, 2.5470e-29, 9.2700e-30, 6.7269e-30,
         5.1593e-30, 3.9117e-30, 2.9245e-30, 2.3721e-30, 1.7362e-30, 1.1031e-30,
         5.8694e-31, 1.9302e-31, 1.2045e-32, 1.0000e-40, 1.0000e-40, 1.0000e-40,
         1.0000e-40, 1.0000e-40, 1.0000e-40, 1.0000e-40, 1.0000e-40, 1.0000e-40,
         1.0000e-40, 1.0000e-40, 1.0000e-40, 1.0000e-40, 1.0000e-40, 1.0000e-40,
         1.0000e-40, 1.0000e-40, 1.0000e-40, 1.0000e-40, 1.0000e-40, 1.0000e-40,
         1.0000e-40, 1.0000e-40, 1.0000e-40, 1.0000e-40, 1.0000e-40, 1.0000e-40,
         1.0000e-40, 1.0000e-40]], dtype=torch.float64)}"
1.7064e+06,222.754,7.4799e-08,"{'pres': tensor([[7.0013e+04, 5.7350e+04, 4.6977e+04, 3.8480e+04, 3.1520e+04, 2.5819e+04,
         2.1149e+04, 1.7324e+04, 1.4190e+04, 1.1624e+04, 9.5214e+03, 7.7993e+03,
         6.3886e+03, 5.2331e+03, 4.2866e+03, 3.5112e+03, 2.8762e+03, 2.3559e+03,
         1.9298e+03, 1.5808e+03, 1.2949e+03, 1.0607e+03, 8.6881e+02, 7.1167e+02,
         5.8295e+02, 4.7751e+02, 3.9114e+02, 3.2040e+02, 2.6245e+02, 2.1498e+02,
         1.7609e+02, 1.4424e+02, 1.1815e+02, 9.6783e+01, 7.9278e+01, 6.4939e+01,
         5.3193e+01, 4.3572e+01, 3.5691e+01, 2.9236e+01, 2.3948e+01, 1.9616e+01,
         1.6068e+01, 1.3162e+01, 1.0781e+01, 8.8313e+00, 7.2340e+00, 5.9256e+00,
         4.8538e+00, 3.9759e+00, 3.2568e+00, 2.6677e+00, 2.1852e+00, 1.7900e+00,
         1.4662e+00, 1.2010e+00, 9.8378e-01, 8.0585e-01, 6.6009e-01, 5.4070e-01,
         4.4290e-01, 3.6279e-01, 2.9717e-01, 2.4342e-01, 1.9940e-01, 1.6333e-01,
         1.3379e-01, 1.0959e-01, 8.9769e-02, 7.3532e-02, 6.0232e-02, 4.9338e-02,
         4.0414e-02, 3.3104e-02, 2.7117e-02, 2.2212e-02, 1.8195e-02, 1.4904e-02,
         1.2208e-02, 1.0000e-02]], dtype=torch.float64), 'temp': tensor([[205.3952, 201.1967, 197.0065, 192.7570, 188.4494, 183.9500, 179.2706,
         174.2401, 168.8809, 163.0617, 156.9317, 150.5769, 144.2408, 138.2519,
         133.3615, 131.1548, 129.7944, 128.7138, 127.7886, 126.9776, 126.2580,
         125.5969, 124.9852, 124.4291, 123.9100, 123.4199, 122.9711, 122.5511,
         122.1512, 121.7817, 121.4402, 121.1078, 120.8007, 120.4919, 120.2102,
         119.8577, 119.5161, 119.2038, 118.8688, 118.5273, 118.1863, 117.8568,
         117.5357, 117.2235, 116.9201, 116.6237, 116.3334, 116.0517, 115.7769,
         115.5097, 115.2500, 114.9977, 114.7476, 114.5064, 114.2621, 114.0287,
         113.7848, 113.5502, 113.3036, 113.0617, 112.8097, 112.5611, 112.2950,
         112.0419, 111.7582, 111.4982, 111.1990, 110.9236, 110.6135, 110.3322,
         110.0233, 109.7382, 109.4523, 109.1796, 108.9229, 108.6751, 108.4325,
         108.2232, 108.0007, 107.8648]], dtype=torch.float64), 'xCO2': tensor([[0.7142, 0.7473, 0.7732, 0.7692, 0.7419, 0.7023, 0.6467, 0.5710, 0.4736,
         0.3583, 0.2276, 0.1205, 0.0591, 0.0282, 0.0155, 0.0118, 0.0111, 0.0110,
         0.0112, 0.0116, 0.0122, 0.0128, 0.0135, 0.0142, 0.0150, 0.0158, 0.0167,
         0.0178, 0.0189, 0.0202, 0.0216, 0.0233, 0.0253, 0.0289, 0.0331, 0.0413,
         0.0494, 0.0560, 0.0633, 0.0708, 0.0774, 0.0848, 0.0928, 0.1017, 0.1114,
         0.1224, 0.1346, 0.1479, 0.1626, 0.1787, 0.1963, 0.2157, 0.2375, 0.2612,
         0.2870, 0.3150, 0.3452, 0.3778, 0.4139, 0.4523, 0.4931, 0.5360, 0.5807,
         0.6276, 0.6763, 0.7253, 0.7737, 0.8207, 0.8652, 0.9061, 0.9413, 0.9691,
         0.9885, 0.9970, 0.9946, 0.9817, 0.9580, 0.9233, 0.8810, 0.8336]],
       dtype=torch.float64), 'xH2O': tensor([[5.2919e-06, 3.4585e-06, 2.1932e-06, 1.3408e-06, 7.8401e-07, 4.3235e-07,
         2.2084e-07, 1.0152e-07, 4.0704e-08, 1.3854e-08, 4.0331e-09, 9.9861e-10,
         2.0776e-10, 4.2199e-11, 5.8288e-12, 5.7649e-13, 1.9870e-13, 1.3861e-13,
         1.4318e-13, 1.6110e-13, 1.9040e-13, 2.4046e-13, 3.1519e-13, 3.9402e-13,
         4.8033e-13, 6.1079e-13, 7.8902e-13, 1.0278e-12, 1.3492e-12, 1.7626e-12,
         2.2895e-12, 2.8973e-12, 3.4978e-12, 4.1457e-12, 4.7471e-12, 5.5608e-12,
         6.3217e-12, 6.9450e-12, 7.7743e-12, 8.7939e-12, 1.0010e-11, 1.1307e-11,
         1.2672e-11, 1.4099e-11, 1.5585e-11, 1.7123e-11, 1.8700e-11, 2.0317e-11,
         2.1967e-11, 2.3649e-11, 2.5357e-11, 2.7085e-11, 2.8789e-11, 3.0488e-11,
         3.2149e-11, 3.3783e-11, 3.5327e-11, 3.6858e-11, 3.8165e-11, 3.9413e-11,
         4.0548e-11, 4.1600e-11, 4.2507e-11, 4.3454e-11, 4.4015e-11, 4.4691e-11,
         4.5213e-11, 4.5865e-11, 4.6272e-11, 4.6978e-11, 4.7657e-11, 4.8740e-11,
         5.0200e-11, 5.2064e-11, 5.2904e-11, 4.8445e-11, 4.0206e-11, 3.2390e-11,
         2.7141e-11, 2.5189e-11]], dtype=torch.float64), 'xSO2': tensor([[4.3208e-02, 3.6245e-02, 3.0028e-02, 2.4341e-02, 1.8978e-02, 1.4149e-02,
         1.0007e-02, 6.5763e-03, 3.9208e-03, 2.0634e-03, 9.5377e-04, 3.8989e-04,
         1.4135e-04, 4.9078e-05, 2.0133e-05, 1.2669e-05, 1.0837e-05, 9.8883e-06,
         9.4075e-06, 9.1959e-06, 9.1882e-06, 9.3143e-06, 9.5583e-06, 9.9304e-06,
         1.0364e-05, 1.0836e-05, 1.1335e-05, 1.1874e-05, 1.2464e-05, 1.3088e-05,
         1.3754e-05, 1.4503e-05, 1.5419e-05, 1.7290e-05, 1.9591e-05, 2.4163e-05,
         2.8699e-05, 3.2414e-05, 3.6181e-05, 3.9872e-05, 4.3239e-05, 4.6939e-05,
         5.0990e-05, 5.5408e-05, 6.0206e-05, 6.5538e-05, 7.1326e-05, 7.7549e-05,
         8.4215e-05, 9.1331e-05, 9.8902e-05, 1.0700e-04, 1.1573e-04, 1.2489e-04,
         1.3446e-04, 1.4438e-04, 1.5459e-04, 1.6503e-04, 1.7579e-04, 1.8647e-04,
         1.9690e-04, 2.0685e-04, 2.1609e-04, 2.2438e-04, 2.3133e-04, 2.3656e-04,
         2.3975e-04, 2.4068e-04, 2.3904e-04, 2.3435e-04, 2.2686e-04, 2.1642e-04,
         2.0294e-04, 1.8531e-04, 1.6439e-04, 1.4093e-04, 1.1577e-04, 9.0360e-05,
         6.7725e-05, 5.0655e-05]], dtype=torch.float64), 'xH2SO4aer': tensor([[6.5878e-08, 7.4831e-08, 8.6127e-08, 9.9397e-08, 1.1578e-07, 1.3593e-07,
         1.6048e-07, 1.9091e-07, 2.3018e-07, 2.8796e-07, 4.2203e-07, 7.6637e-07,
         8.7721e-07, 2.0306e-07, 6.9748e-09, 4.0824e-10, 2.8592e-10, 2.6202e-10,
         2.5565e-10, 2.5300e-10, 2.4846e-10, 2.3810e-10, 2.2488e-10, 2.1399e-10,
         2.0840e-10, 2.0726e-10, 2.0722e-10, 2.0594e-10, 2.0178e-10, 1.9435e-10,
         1.8310e-10, 1.6658e-10, 1.4973e-10, 1.4602e-10, 1.5121e-10, 1.7033e-10,
         1.9037e-10, 2.0678e-10, 2.0957e-10, 1.9757e-10, 1.6687e-10, 1.3860e-10,
         1.1328e-10, 9.1231e-11, 7.2492e-11, 5.6926e-11, 4.4273e-11, 3.4145e-11,
         2.6133e-11, 1.9859e-11, 1.4988e-11, 1.1241e-11, 8.3863e-12, 6.2138e-12,
         4.5704e-12, 3.3354e-12, 2.4132e-12, 1.7305e-12, 1.2338e-12, 8.7146e-13,
         6.0932e-13, 4.2145e-13, 2.8809e-13, 1.9507e-13, 1.3115e-13, 8.7196e-14,
         5.7231e-14, 3.7068e-14, 2.3687e-14, 1.5063e-14, 9.3736e-15, 5.6561e-15,
         3.2469e-15, 1.7588e-15, 8.3864e-16, 3.1801e-16, 9.5568e-17, 2.9160e-17,
         8.3373e-18, 1.8003e-18]], dtype=torch.float64), 'xS8aer': tensor([[1.4605e-34, 3.1281e-34, 7.8889e-34, 2.4434e-33, 9.3204e-33, 3.9018e-32,
         1.7957e-31, 4.3130e-30, 1.6463e-27, 5.6123e-25, 2.2120e-22, 5.8711e-21,
         9.8115e-21, 2.1017e-21, 4.4216e-23, 1.5674e-25, 1.9403e-26, 6.0094e-27,
         3.0469e-27, 1.6298e-27, 8.8379e-28, 5.2883e-28, 3.2784e-28, 1.9887e-28,
         1.3190e-28, 9.1312e-29, 5.8948e-29, 4.1116e-29, 3.0691e-29, 2.3883e-29,
         2.4348e-29, 2.6072e-29, 2.8197e-29, 3.2036e-29, 3.6569e-29, 4.5208e-29,
         5.3733e-29, 6.0716e-29, 4.9349e-29, 2.5509e-29, 9.2963e-30, 6.7519e-30,
         5.1837e-30, 3.9350e-30, 2.9460e-30, 2.3932e-30, 1.7564e-30, 1.1209e-30,
         6.0045e-31, 1.9989e-31, 1.2589e-32, 1.0000e-40, 1.0000e-40, 1.0000e-40,
         1.0000e-40, 1.0000e-40, 1.0000e-40, 1.0000e-40, 1.0000e-40, 1.0000e-40,
         1.0000e-40, 1.0000e-40, 1.0000e-40, 1.0000e-40, 1.0000e-40, 1.0000e-40,
         1.0000e-40, 1.0000e-40, 1.0000e-40, 1.0000e-40, 1.0000e-40, 1.0000e-40,
         1.0000e-40, 1.0000e-40, 1.0000e-40, 1.0000e-40, 1.0000e-40, 1.0000e-40,
         1.0000e-40, 1.0000e-40]], dtype=torch.float64)}"
1.728e+06,222.75,2.39946e-08,"{'pres': tensor([[7.0013e+04, 5.7350e+04, 4.6977e+04, 3.8480e+04, 3.1520e+04, 2.5819e+04,
         2.1149e+04, 1.7324e+04, 1.4190e+04, 1.1624e+04, 9.5214e+03, 7.7993e+03,
         6.3886e+03, 5.2331e+03, 4.2866e+03, 3.5112e+03, 2.8762e+03, 2.3559e+03,
         1.9298e+03, 1.5808e+03, 1.2949e+03, 1.0607e+03, 8.6881e+02, 7.1167e+02,
         5.8295e+02, 4.7751e+02, 3.9114e+02, 3.2040e+02, 2.6245e+02, 2.1498e+02,
         1.7609e+02, 1.4424e+02, 1.1815e+02, 9.6783e+01, 7.9278e+01, 6.4939e+01,
         5.3193e+01, 4.3572e+01, 3.5691e+01, 2.9236e+01, 2.3948e+01, 1.9616e+01,
         1.6068e+01, 1.3162e+01, 1.0781e+01, 8.8313e+00, 7.2340e+00, 5.9256e+00,
         4.8538e+00, 3.9759e+00, 3.2568e+00, 2.6677e+00, 2.1852e+00, 1.7900e+00,
         1.4662e+00, 1.2010e+00, 9.8378e-01, 8.0585e-01, 6.6009e-01, 5.4070e-01,
         4.4290e-01, 3.6279e-01, 2.9717e-01, 2.4342e-01, 1.9940e-01, 1.6333e-01,
         1.3379e-01, 1.0959e-01, 8.9769e-02, 7.3532e-02, 6.0232e-02, 4.9338e-02,
         4.0414e-02, 3.3104e-02, 2.7117e-02, 2.2212e-02, 1.8195e-02, 1.4904e-02,
         1.2208e-02, 1.0000e-02]], dtype=torch.float64), 'temp': tensor([[205.4301, 201.2130, 196.9972, 192.7585, 188.4228, 183.9485, 179.2355,
         174.2330, 168.8396, 163.0479, 156.8998, 150.5761, 144.2271, 138.2456,
         133.3607, 131.1552, 129.7948, 128.7141, 127.7889, 126.9779, 126.2582,
         125.5971, 124.9855, 124.4294, 123.9102, 123.4202, 122.9713, 122.5513,
         122.1515, 121.7821, 121.4405, 121.1081, 120.8011, 120.4924, 120.2107,
         119.8585, 119.5171, 119.2046, 118.8694, 118.5280, 118.1870, 117.8575,
         117.5364, 117.2242, 116.9208, 116.6244, 116.3341, 116.0524, 115.7776,
         115.5103, 115.2507, 114.9983, 114.7482, 114.5070, 114.2626, 114.0292,
         113.7853, 113.5506, 113.3041, 113.0622, 112.8101, 112.5615, 112.2954,
         112.0424, 111.7586, 111.4987, 111.1994, 110.9240, 110.6138, 110.3326,
         110.0237, 109.7386, 109.4527, 109.1800, 108.9233, 108.6755, 108.4328,
         108.2236, 108.0010, 107.8651]], dtype=torch.float64), 'xCO2': tensor([[0.7142, 0.7473, 0.7732, 0.7692, 0.7419, 0.7023, 0.6467, 0.5709, 0.4735,
         0.3582, 0.2281, 0.1208, 0.0592, 0.0282, 0.0155, 0.0118, 0.0111, 0.0110,
         0.0112, 0.0116, 0.0122, 0.0128, 0.0135, 0.0142, 0.0150, 0.0158, 0.0167,
         0.0178, 0.0189, 0.0202, 0.0216, 0.0233, 0.0253, 0.0289, 0.0331, 0.0413,
         0.0494, 0.0560, 0.0633, 0.0708, 0.0774, 0.0848, 0.0928, 0.1017, 0.1114,
         0.1224, 0.1345, 0.1479, 0.1626, 0.1787, 0.1963, 0.2157, 0.2375, 0.2612,
         0.2870, 0.3150, 0.3452, 0.3778, 0.4139, 0.4523, 0.4931, 0.5360, 0.5807,
         0.6276, 0.6763, 0.7253, 0.7737, 0.8207, 0.8652, 0.9061, 0.9413, 0.9691,
         0.9885, 0.9970, 0.9946, 0.9817, 0.9580, 0.9233, 0.8810, 0.8336]],
       dtype=torch.float64), 'xH2O': tensor([[5.2457e-06, 3.4477e-06, 2.1926e-06, 1.3418e-06, 7.8645e-07, 4.3360e-07,
         2.2203e-07, 1.0200e-07, 4.1068e-08, 1.3944e-08, 4.0588e-09, 1.0042e-09,
         2.0885e-10, 4.2185e-11, 5.8096e-12, 5.7518e-13, 1.9847e-13, 1.3856e-13,
         1.4316e-13, 1.6109e-13, 1.9040e-13, 2.4046e-13, 3.1520e-13, 3.9404e-13,
         4.8036e-13, 6.1083e-13, 7.8907e-13, 1.0279e-12, 1.3493e-12, 1.7627e-12,
         2.2896e-12, 2.8975e-12, 3.4981e-12, 4.1461e-12, 4.7477e-12, 5.5616e-12,
         6.3227e-12, 6.9462e-12, 7.7756e-12, 8.7953e-12, 1.0012e-11, 1.1309e-11,
         1.2674e-11, 1.4102e-11, 1.5588e-11, 1.7126e-11, 1.8703e-11, 2.0321e-11,
         2.1972e-11, 2.3653e-11, 2.5362e-11, 2.7090e-11, 2.8794e-11, 3.0493e-11,
         3.2154e-11, 3.3789e-11, 3.5333e-11, 3.6864e-11, 3.8171e-11, 3.9419e-11,
         4.0555e-11, 4.1606e-11, 4.2514e-11, 4.3461e-11, 4.4022e-11, 4.4699e-11,
         4.5220e-11, 4.5873e-11, 4.6280e-11, 4.6986e-11, 4.7665e-11, 4.8749e-11,
         5.0209e-11, 5.2073e-11, 5.2912e-11, 4.8450e-11, 4.0210e-11, 3.2393e-11,
         2.7144e-11, 2.5192e-11]], dtype=torch.float64), 'xSO2': tensor([[4.2989e-02, 3.6184e-02, 3.0025e-02, 2.4352e-02, 1.9014e-02, 1.4175e-02,
         1.0040e-02, 6.5960e-03, 3.9423e-03, 2.0721e-03, 9.5779e-04, 3.9134e-04,
         1.4185e-04, 4.9056e-05, 2.0124e-05, 1.2670e-05, 1.0838e-05, 9.8891e-06,
         9.4082e-06, 9.1965e-06, 9.1888e-06, 9.3149e-06, 9.5590e-06, 9.9310e-06,
         1.0364e-05, 1.0836e-05, 1.1335e-05, 1.1874e-05, 1.2464e-05, 1.3088e-05,
         1.3753e-05, 1.4503e-05, 1.5420e-05, 1.7291e-05, 1.9593e-05, 2.4166e-05,
         2.8702e-05, 3.2418e-05, 3.6188e-05, 3.9879e-05, 4.3246e-05, 4.6945e-05,
         5.0994e-05, 5.5411e-05, 6.0208e-05, 6.5540e-05, 7.1326e-05, 7.7549e-05,
         8.4215e-05, 9.1332e-05, 9.8903e-05, 1.0700e-04, 1.1573e-04, 1.2490e-04,
         1.3446e-04, 1.4438e-04, 1.5459e-04, 1.6503e-04, 1.7580e-04, 1.8648e-04,
         1.9690e-04, 2.0686e-04, 2.1610e-04, 2.2439e-04, 2.3133e-04, 2.3656e-04,
         2.3976e-04, 2.4068e-04, 2.3905e-04, 2.3435e-04, 2.2686e-04, 2.1643e-04,
         2.0294e-04, 1.8531e-04, 1.6439e-04, 1.4093e-04, 1.1577e-04, 9.0361e-05,
         6.7726e-05, 5.0656e-05]], dtype=torch.float64), 'xH2SO4aer': tensor([[6.5881e-08, 7.4834e-08, 8.6129e-08, 9.9400e-08, 1.1579e-07, 1.3593e-07,
         1.6048e-07, 1.9091e-07, 2.3018e-07, 2.8798e-07, 4.2210e-07, 7.6659e-07,
         8.7706e-07, 2.0277e-07, 6.9592e-09, 4.0798e-10, 2.8587e-10, 2.6194e-10,
         2.5540e-10, 2.5239e-10, 2.4736e-10, 2.3664e-10, 2.2351e-10, 2.1305e-10,
         2.0795e-10, 2.0710e-10, 2.0718e-10, 2.0593e-10, 2.0179e-10, 1.9436e-10,
         1.8311e-10, 1.6660e-10, 1.4975e-10, 1.4604e-10, 1.5123e-10, 1.7035e-10,
         1.9039e-10, 2.0681e-10, 2.0959e-10, 1.9759e-10, 1.6688e-10, 1.3861e-10,
         1.1329e-10, 9.1239e-11, 7.2498e-11, 5.6931e-11, 4.4277e-11, 3.4148e-11,
         2.6135e-11, 1.9861e-11, 1.4989e-11, 1.1242e-11, 8.3871e-12, 6.2144e-12,
         4.5709e-12, 3.3358e-12, 2.4134e-12, 1.7307e-12, 1.2340e-12, 8.7157e-13,
         6.0940e-13, 4.2151e-13, 2.8813e-13, 1.9509e-13, 1.3117e-13, 8.7210e-14,
         5.7240e-14, 3.7074e-14, 2.3691e-14, 1.5066e-14, 9.3753e-15, 5.6571e-15,
         3.2475e-15, 1.7591e-15, 8.3873e-16, 3.1804e-16, 9.5574e-17, 2.9162e-17,
         8.3379e-18, 1.8005e-18]], dtype=torch.float64), 'xS8aer': tensor([[1.4605e-34, 3.1276e-34, 7.8859e-34, 2.4419e-33, 9.3118e-33, 3.8970e-32,
         1.7931e-31, 4.3104e-30, 1.6473e-27, 5.6207e-25, 2.2174e-22, 5.8745e-21,
         9.8052e-21, 2.0971e-21, 4.4048e-23, 1.5592e-25, 1.9344e-26, 6.0030e-27,
         3.0449e-27, 1.6289e-27, 8.8338e-28, 5.2858e-28, 3.2769e-28, 1.9877e-28,
         1.3184e-28, 9.1270e-29, 5.8917e-29, 4.1090e-29, 3.0665e-29, 2.3870e-29,
         2.4340e-29, 2.6064e-29, 2.8191e-29, 3.2031e-29, 3.6565e-29, 4.5202e-29,
         5.3725e-29, 6.0706e-29, 4.9357e-29, 2.5538e-29, 9.3116e-30, 6.7648e-30,
         5.1948e-30, 3.9442e-30, 2.9534e-30, 2.3956e-30, 1.7533e-30, 1.1172e-30,
         5.9532e-31, 1.9636e-31, 1.2303e-32, 1.0000e-40, 1.0000e-40, 1.0000e-40,
         1.0000e-40, 1.0000e-40, 1.0000e-40, 1.0000e-40, 1.0000e-40, 1.0000e-40,
         1.0000e-40, 1.0000e-40, 1.0000e-40, 1.0000e-40, 1.0000e-40, 1.0000e-40,
         1.0000e-40, 1.0000e-40, 1.0000e-40, 1.0000e-40, 1.0000e-40, 1.0000e-40,
         1.0000e-40, 1.0000e-40, 1.0000e-40, 1.0000e-40, 1.0000e-40, 1.0000e-40,
         1.0000e-40, 1.0000e-40]], dtype=torch.float64)}"
1.7496e+06,222.75,2.89333e-08,"{'pres': tensor([[7.0013e+04, 5.7350e+04, 4.6977e+04, 3.8480e+04, 3.1520e+04, 2.5819e+04,
         2.1149e+04, 1.7324e+04, 1.4190e+04, 1.1624e+04, 9.5214e+03, 7.7993e+03,
         6.3886e+03, 5.2331e+03, 4.2866e+03, 3.5112e+03, 2.8762e+03, 2.3559e+03,
         1.9298e+03, 1.5808e+03, 1.2949e+03, 1.0607e+03, 8.6881e+02, 7.1167e+02,
         5.8295e+02, 4.7751e+02, 3.9114e+02, 3.2040e+02, 2.6245e+02, 2.1498e+02,
         1.7609e+02, 1.4424e+02, 1.1815e+02, 9.6783e+01, 7.9278e+01, 6.4939e+01,
         5.3193e+01, 4.3572e+01, 3.5691e+01, 2.9236e+01, 2.3948e+01, 1.9616e+01,
         1.6068e+01, 1.3162e+01, 1.0781e+01, 8.8313e+00, 7.2340e+00, 5.9256e+00,
         4.8538e+00, 3.9759e+00, 3.2568e+00, 2.6677e+00, 2.1852e+00, 1.7900e+00,
         1.4662e+00, 1.2010e+00, 9.8378e-01, 8.0585e-01, 6.6009e-01, 5.4070e-01,
         4.4290e-01, 3.6279e-01, 2.9717e-01, 2.4342e-01, 1.9940e-01, 1.6333e-01,
         1.3379e-01, 1.0959e-01, 8.9769e-02, 7.3532e-02, 6.0232e-02, 4.9338e-02,
         4.0414e-02, 3.3104e-02, 2.7117e-02, 2.2212e-02, 1.8195e-02, 1.4904e-02,
         1.2208e-02, 1.0000e-02]], dtype=torch.float64), 'temp': tensor([[205.4557, 201.2233, 197.0035, 192.7502, 188.4177, 183.9300, 179.2221,
         174.2073, 168.8191, 163.0219, 156.8958, 150.5478, 144.2134, 138.2392,
         133.3599, 131.1556, 129.7952, 128.7144, 127.7891, 126.9781, 126.2585,
         125.5973, 124.9857, 124.4296, 123.9105, 123.4204, 122.9716, 122.5516,
         122.1518, 121.7824, 121.4408, 121.1084, 120.8014, 120.4928, 120.2112,
         119.8593, 119.5180, 119.2054, 118.8701, 118.5286, 118.1876, 117.8581,
         117.5371, 117.2249, 116.9214, 116.6250, 116.3347, 116.0531, 115.7783,
         115.5110, 115.2513, 114.9988, 114.7487, 114.5075, 114.2631, 114.0297,
         113.7857, 113.5510, 113.3045, 113.0625, 112.8105, 112.5618, 112.2957,
         112.0427, 111.7589, 111.4990, 111.1996, 110.9243, 110.6141, 110.3329,
         110.0239, 109.7388, 109.4530, 109.1802, 108.9235, 108.6757, 108.4330,
         108.2238, 108.0012, 107.8654]], dtype=torch.float64), 'xCO2': tensor([[0.7142, 0.7473, 0.7732, 0.7692, 0.7419, 0.7022, 0.6466, 0.5708, 0.4734,
         0.3582, 0.2277, 0.1208, 0.0591, 0.0282, 0.0155, 0.0118, 0.0111, 0.0110,
         0.0112, 0.0116, 0.0122, 0.0128, 0.0135, 0.0142, 0.0150, 0.0158, 0.0167,
         0.0178, 0.0189, 0.0202, 0.0216, 0.0233, 0.0253, 0.0289, 0.0331, 0.0413,
         0.0494, 0.0560, 0.0633, 0.0708, 0.0774, 0.0848, 0.0928, 0.1017, 0.1114,
         0.1224, 0.1345, 0.1479, 0.1626, 0.1787, 0.1963, 0.2157, 0.2375, 0.2612,
         0.2870, 0.3150, 0.3452, 0.3778, 0.4139, 0.4523, 0.4931, 0.5360, 0.5807,
         0.6276, 0.6763, 0.7253, 0.7737, 0.8207, 0.8652, 0.9061, 0.9413, 0.9691,
         0.9885, 0.9970, 0.9946, 0.9817, 0.9580, 0.9233, 0.8810, 0.8336]],
       dtype=torch.float64), 'xH2O': tensor([[5.2722e-06, 3.4521e-06, 2.1919e-06, 1.3418e-06, 7.8495e-07, 4.3329e-07,
         2.2142e-07, 1.0190e-07, 4.0866e-08, 1.3915e-08, 4.0411e-09, 1.0028e-09,
         2.0835e-10, 4.2097e-11, 5.7907e-12, 5.7389e-13, 1.9824e-13, 1.3851e-13,
         1.4314e-13, 1.6108e-13, 1.9039e-13, 2.4045e-13, 3.1521e-13, 3.9406e-13,
         4.8038e-13, 6.1086e-13, 7.8911e-13, 1.0279e-12, 1.3494e-12, 1.7628e-12,
         2.2898e-12, 2.8978e-12, 3.4984e-12, 4.1466e-12, 4.7484e-12, 5.5624e-12,
         6.3237e-12, 6.9474e-12, 7.7768e-12, 8.7966e-12, 1.0013e-11, 1.1311e-11,
         1.2676e-11, 1.4105e-11, 1.5590e-11, 1.7130e-11, 1.8707e-11, 2.0324e-11,
         2.1976e-11, 2.3657e-11, 2.5366e-11, 2.7095e-11, 2.8799e-11, 3.0498e-11,
         3.2159e-11, 3.3794e-11, 3.5337e-11, 3.6869e-11, 3.8176e-11, 3.9424e-11,
         4.0560e-11, 4.1611e-11, 4.2519e-11, 4.3466e-11, 4.4027e-11, 4.4704e-11,
         4.5226e-11, 4.5878e-11, 4.6285e-11, 4.6992e-11, 4.7671e-11, 4.8755e-11,
         5.0215e-11, 5.2079e-11, 5.2918e-11, 4.8456e-11, 4.0214e-11, 3.2397e-11,
         2.7147e-11, 2.5194e-11]], dtype=torch.float64), 'xSO2': tensor([[4.3114e-02, 3.6208e-02, 3.0019e-02, 2.4353e-02, 1.8992e-02, 1.4169e-02,
         1.0023e-02, 6.5919e-03, 3.9307e-03, 2.0693e-03, 9.5499e-04, 3.9102e-04,
         1.4161e-04, 4.8988e-05, 2.0116e-05, 1.2671e-05, 1.0839e-05, 9.8899e-06,
         9.4089e-06, 9.1972e-06, 9.1894e-06, 9.3155e-06, 9.5597e-06, 9.9316e-06,
         1.0365e-05, 1.0836e-05, 1.1335e-05, 1.1874e-05, 1.2463e-05, 1.3088e-05,
         1.3753e-05, 1.4503e-05, 1.5420e-05, 1.7293e-05, 1.9595e-05, 2.4169e-05,
         2.8706e-05, 3.2423e-05, 3.6194e-05, 3.9887e-05, 4.3253e-05, 4.6951e-05,
         5.0999e-05, 5.5414e-05, 6.0210e-05, 6.5541e-05, 7.1327e-05, 7.7549e-05,
         8.4215e-05, 9.1332e-05, 9.8903e-05, 1.0700e-04, 1.1573e-04, 1.2490e-04,
         1.3446e-04, 1.4438e-04, 1.5459e-04, 1.6503e-04, 1.7580e-04, 1.8648e-04,
         1.9691e-04, 2.0686e-04, 2.1610e-04, 2.2439e-04, 2.3134e-04, 2.3656e-04,
         2.3976e-04, 2.4069e-04, 2.3905e-04, 2.3436e-04, 2.2687e-04, 2.1643e-04,
         2.0295e-04, 1.8531e-04, 1.6440e-04, 1.4093e-04, 1.1578e-04, 9.0363e-05,
         6.7727e-05, 5.0657e-05]], dtype=torch.float64), 'xH2SO4aer': tensor([[6.5883e-08, 7.4836e-08, 8.6132e-08, 9.9403e-08, 1.1579e-07, 1.3594e-07,
         1.6049e-07, 1.9092e-07, 2.3019e-07, 2.8799e-07, 4.2216e-07, 7.6680e-07,
         8.7690e-07, 2.0247e-07, 6.9437e-09, 4.0771e-10, 2.8581e-10, 2.6186e-10,
         2.5513e-10, 2.5175e-10, 2.4623e-10, 2.3519e-10, 2.2217e-10, 2.1216e-10,
         2.0754e-10, 2.0696e-10, 2.0715e-10, 2.0593e-10, 2.0180e-10, 1.9437e-10,
         1.8312e-10, 1.6661e-10, 1.4976e-10, 1.4605e-10, 1.5124e-10, 1.7037e-10,
         1.9042e-10, 2.0684e-10, 2.0962e-10, 1.9762e-10, 1.6690e-10, 1.3863e-10,
         1.1330e-10, 9.1246e-11, 7.2503e-11, 5.6935e-11, 4.4281e-11, 3.4151e-11,
         2.6138e-11, 1.9863e-11, 1.4991e-11, 1.1243e-11, 8.3880e-12, 6.2151e-12,
         4.5714e-12, 3.3362e-12, 2.4137e-12, 1.7309e-12, 1.2341e-12, 8.7168e-13,
         6.0948e-13, 4.2156e-13, 2.8817e-13, 1.9512e-13, 1.3119e-13, 8.7223e-14,
         5.7249e-14, 3.7080e-14, 2.3695e-14, 1.5068e-14, 9.3768e-15, 5.6580e-15,
         3.2480e-15, 1.7594e-15, 8.3885e-16, 3.1808e-16, 9.5586e-17, 2.9166e-17,
         8.3389e-18, 1.8007e-18]], dtype=torch.float64), 'xS8aer': tensor([[1.4606e-34, 3.1271e-34, 7.8829e-34, 2.4403e-33, 9.3032e-33, 3.8922e-32,
         1.7905e-31, 4.3079e-30, 1.6483e-27, 5.6292e-25, 2.2228e-22, 5.8791e-21,
         9.7990e-21, 2.0925e-21, 4.3880e-23, 1.5511e-25, 1.9286e-26, 5.9968e-27,
         3.0431e-27, 1.6281e-27, 8.8297e-28, 5.2834e-28, 3.2753e-28, 1.9868e-28,
         1.3178e-28, 9.1227e-29, 5.8886e-29, 4.1063e-29, 3.0641e-29, 2.3858e-29,
         2.4333e-29, 2.6058e-29, 2.8185e-29, 3.2024e-29, 3.6558e-29, 4.5194e-29,
         5.3716e-29, 6.0697e-29, 4.9368e-29, 2.5571e-29, 9.3322e-30, 6.7833e-30,
         5.2125e-30, 3.9605e-30, 2.9669e-30, 2.4070e-30, 1.7661e-30, 1.1279e-30,
         6.0534e-31, 2.0293e-31, 1.2861e-32, 1.0000e-40, 1.0000e-40, 1.0000e-40,
         1.0000e-40, 1.0000e-40, 1.0000e-40, 1.0000e-40, 1.0000e-40, 1.0000e-40,
         1.0000e-40, 1.0000e-40, 1.0000e-40, 1.0000e-40, 1.0000e-40, 1.0000e-40,
         1.0000e-40, 1.0000e-40, 1.0000e-40, 1.0000e-40, 1.0000e-40, 1.0000e-40,
         1.0000e-40, 1.0000e-40, 1.0000e-40, 1.0000e-40, 1.0000e-40, 1.0000e-40,
         1.0000e-40, 1.0000e-40]], dtype=torch.float64)}"
1.7712e+06,222.754,7.66967e-08,"{'pres': tensor([[7.0013e+04, 5.7350e+04, 4.6977e+04, 3.8480e+04, 3.1520e+04, 2.5819e+04,
         2.1149e+04, 1.7324e+04, 1.4190e+04, 1.1624e+04, 9.5214e+03, 7.7993e+03,
         6.3886e+03, 5.2331e+03, 4.2866e+03, 3.5112e+03, 2.8762e+03, 2.3559e+03,
         1.9298e+03, 1.5808e+03, 1.2949e+03, 1.0607e+03, 8.6881e+02, 7.1167e+02,
         5.8295e+02, 4.7751e+02, 3.9114e+02, 3.2040e+02, 2.6245e+02, 2.1498e+02,
         1.7609e+02, 1.4424e+02, 1.1815e+02, 9.6783e+01, 7.9278e+01, 6.4939e+01,
         5.3193e+01, 4.3572e+01, 3.5691e+01, 2.9236e+01, 2.3948e+01, 1.9616e+01,
         1.6068e+01, 1.3162e+01, 1.0781e+01, 8.8313e+00, 7.2340e+00, 5.9256e+00,
         4.8538e+00, 3.9759e+00, 3.2568e+00, 2.6677e+00, 2.1852e+00, 1.7900e+00,
         1.4662e+00, 1.2010e+00, 9.8378e-01, 8.0585e-01, 6.6009e-01, 5.4070e-01,
         4.4290e-01, 3.6279e-01, 2.9717e-01, 2.4342e-01, 1.9940e-01, 1.6333e-01,
         1.3379e-01, 1.0959e-01, 8.9769e-02, 7.3532e-02, 6.0232e-02, 4.9338e-02,
         4.0414e-02, 3.3104e-02, 2.7117e-02, 2.2212e-02, 1.8195e-02, 1.4904e-02,
         1.2208e-02, 1.0000e-02]], dtype=torch.float64), 'temp': tensor([[205.3910, 201.2004, 196.9943, 192.7707, 188.4298, 183.9721, 179.2470,
         174.2658, 168.8585, 163.0841, 156.9160, 150.5893, 144.2375, 138.2328,
         133.3590, 131.1559, 129.7955, 128.7147, 127.7894, 126.9784, 126.2587,
         125.5976, 124.9860, 124.4299, 123.9107, 123.4207, 122.9719, 122.5519,
         122.1521, 121.7827, 121.4411, 121.1088, 120.8018, 120.4932, 120.2117,
         119.8601, 119.5190, 119.2061, 118.8707, 118.5292, 118.1883, 117.8588,
         117.5377, 117.2255, 116.9220, 116.6256, 116.3354, 116.0537, 115.7789,
         115.5116, 115.2518, 114.9994, 114.7492, 114.5080, 114.2635, 114.0301,
         113.7861, 113.5514, 113.3048, 113.0628, 112.8108, 112.5621, 112.2960,
         112.0429, 111.7591, 111.4992, 111.1998, 110.9245, 110.6143, 110.3331,
         110.0241, 109.7390, 109.4531, 109.1804, 108.9237, 108.6759, 108.4332,
         108.2241, 108.0014, 107.8656]], dtype=torch.float64), 'xCO2': tensor([[0.7142, 0.7473, 0.7732, 0.7692, 0.7419, 0.7022, 0.6465, 0.5707, 0.4734,
         0.3582, 0.2275, 0.1204, 0.0590, 0.0282, 0.0155, 0.0118, 0.0111, 0.0110,
         0.0112, 0.0116, 0.0122, 0.0128, 0.0135, 0.0142, 0.0150, 0.0158, 0.0167,
         0.0178, 0.0189, 0.0202, 0.0216, 0.0233, 0.0253, 0.0289, 0.0331, 0.0413,
         0.0494, 0.0560, 0.0633, 0.0708, 0.0774, 0.0848, 0.0928, 0.1017, 0.1114,
         0.1224, 0.1345, 0.1479, 0.1626, 0.1787, 0.1963, 0.2157, 0.2375, 0.2612,
         0.2870, 0.3150, 0.3452, 0.3778, 0.4139, 0.4523, 0.4931, 0.5360, 0.5807,
         0.6276, 0.6763, 0.7253, 0.7737, 0.8207, 0.8652, 0.9061, 0.9413, 0.9691,
         0.9885, 0.9970, 0.9946, 0.9817, 0.9580, 0.9233, 0.8810, 0.8336]],
       dtype=torch.float64), 'xH2O': tensor([[5.2917e-06, 3.4583e-06, 2.1930e-06, 1.3407e-06, 7.8393e-07, 4.3227e-07,
         2.2078e-07, 1.0149e-07, 4.0683e-08, 1.3845e-08, 4.0298e-09, 9.9760e-10,
         2.0747e-10, 4.1995e-11, 5.7715e-12, 5.7261e-13, 1.9801e-13, 1.3847e-13,
         1.4312e-13, 1.6107e-13, 1.9038e-13, 2.4045e-13, 3.1521e-13, 3.9408e-13,
         4.8041e-13, 6.1089e-13, 7.8916e-13, 1.0280e-12, 1.3495e-12, 1.7629e-12,
         2.2899e-12, 2.8980e-12, 3.4987e-12, 4.1470e-12, 4.7490e-12, 5.5633e-12,
         6.3247e-12, 6.9485e-12, 7.7780e-12, 8.7979e-12, 1.0015e-11, 1.1313e-11,
         1.2679e-11, 1.4107e-11, 1.5593e-11, 1.7133e-11, 1.8710e-11, 2.0328e-11,
         2.1980e-11, 2.3661e-11, 2.5370e-11, 2.7099e-11, 2.8803e-11, 3.0503e-11,
         3.2163e-11, 3.3798e-11, 3.5342e-11, 3.6873e-11, 3.8180e-11, 3.9428e-11,
         4.0564e-11, 4.1615e-11, 4.2523e-11, 4.3470e-11, 4.4031e-11, 4.4708e-11,
         4.5230e-11, 4.5883e-11, 4.6288e-11, 4.6996e-11, 4.7675e-11, 4.8759e-11,
         5.0220e-11, 5.2084e-11, 5.2923e-11, 4.8460e-11, 4.0218e-11, 3.2400e-11,
         2.7150e-11, 2.5197e-11]], dtype=torch.float64), 'xSO2': tensor([[4.3207e-02, 3.6244e-02, 3.0027e-02, 2.4340e-02, 1.8977e-02, 1.4148e-02,
         1.0005e-02, 6.5747e-03, 3.9195e-03, 2.0625e-03, 9.5323e-04, 3.8962e-04,
         1.4121e-04, 4.8911e-05, 2.0107e-05, 1.2672e-05, 1.0840e-05, 9.8907e-06,
         9.4095e-06, 9.1978e-06, 9.1900e-06, 9.3161e-06, 9.5603e-06, 9.9322e-06,
         1.0365e-05, 1.0836e-05, 1.1335e-05, 1.1874e-05, 1.2463e-05, 1.3087e-05,
         1.3753e-05, 1.4503e-05, 1.5421e-05, 1.7294e-05, 1.9596e-05, 2.4172e-05,
         2.8710e-05, 3.2428e-05, 3.6200e-05, 3.9895e-05, 4.3259e-05, 4.6957e-05,
         5.1004e-05, 5.5418e-05, 6.0212e-05, 6.5542e-05, 7.1328e-05, 7.7549e-05,
         8.4215e-05, 9.1332e-05, 9.8904e-05, 1.0700e-04, 1.1573e-04, 1.2490e-04,
         1.3446e-04, 1.4439e-04, 1.5460e-04, 1.6504e-04, 1.7580e-04, 1.8648e-04,
         1.9691e-04, 2.0686e-04, 2.1611e-04, 2.2439e-04, 2.3134e-04, 2.3657e-04,
         2.3977e-04, 2.4069e-04, 2.3906e-04, 2.3436e-04, 2.2687e-04, 2.1643e-04,
         2.0295e-04, 1.8532e-04, 1.6440e-04, 1.4093e-04, 1.1578e-04, 9.0365e-05,
         6.7729e-05, 5.0658e-05]], dtype=torch.float64), 'xH2SO4aer': tensor([[6.5885e-08, 7.4838e-08, 8.6135e-08, 9.9406e-08, 1.1579e-07, 1.3594e-07,
         1.6049e-07, 1.9092e-07, 2.3020e-07, 2.8800e-07, 4.2223e-07, 7.6702e-07,
         8.7675e-07, 2.0218e-07, 6.9281e-09, 4.0745e-10, 2.8576e-10, 2.6178e-10,
         2.5485e-10, 2.5108e-10, 2.4508e-10, 2.3375e-10, 2.2088e-10, 2.1133e-10,
         2.0716e-10, 2.0684e-10, 2.0713e-10, 2.0593e-10, 2.0180e-10, 1.9438e-10,
         1.8313e-10, 1.6662e-10, 1.4977e-10, 1.4607e-10, 1.5126e-10, 1.7039e-10,
         1.9044e-10, 2.0686e-10, 2.0964e-10, 1.9764e-10, 1.6692e-10, 1.3864e-10,
         1.1331e-10, 9.1254e-11, 7.2509e-11, 5.6940e-11, 4.4284e-11, 3.4153e-11,
         2.6140e-11, 1.9865e-11, 1.4992e-11, 1.1244e-11, 8.3888e-12, 6.2157e-12,
         4.5719e-12, 3.3365e-12, 2.4140e-12, 1.7311e-12, 1.2343e-12, 8.7177e-13,
         6.0955e-13, 4.2161e-13, 2.8820e-13, 1.9514e-13, 1.3120e-13, 8.7233e-14,
         5.7256e-14, 3.7084e-14, 2.3698e-14, 1.5070e-14, 9.3780e-15, 5.6587e-15,
         3.2484e-15, 1.7596e-15, 8.3897e-16, 3.1813e-16, 9.5600e-17, 2.9170e-17,
         8.3401e-18, 1.8009e-18]], dtype=torch.float64), 'xS8aer': tensor([[1.4607e-34, 3.1266e-34, 7.8800e-34, 2.4388e-33, 9.2947e-33, 3.8874e-32,
         1.7879e-31, 4.3053e-30, 1.6493e-27, 5.6379e-25, 2.2283e-22, 5.8845e-21,
         9.7928e-21, 2.0880e-21, 4.3712e-23, 1.5431e-25, 1.9229e-26, 5.9909e-27,
         3.0413e-27, 1.6274e-27, 8.8260e-28, 5.2811e-28, 3.2739e-28, 1.9860e-28,
         1.3173e-28, 9.1190e-29, 5.8860e-29, 4.1041e-29, 3.0619e-29, 2.3847e-29,
         2.4326e-29, 2.6051e-29, 2.8179e-29, 3.2019e-29, 3.6553e-29, 4.5190e-29,
         5.3714e-29, 6.0696e-29, 4.9387e-29, 2.5611e-29, 9.3584e-30, 6.8075e-30,
         5.2360e-30, 3.9828e-30, 2.9877e-30, 2.4273e-30, 1.7856e-30, 1.1451e-30,
         6.1849e-31, 2.0972e-31, 1.3399e-32, 1.0000e-40, 1.0000e-40, 1.0000e-40,
         1.0000e-40, 1.0000e-40, 1.0000e-40, 1.0000e-40, 1.0000e-40, 1.0000e-40,
         1.0000e-40, 1.0000e-40, 1.0000e-40, 1.0000e-40, 1.0000e-40, 1.0000e-40,
         1.0000e-40, 1.0000e-40, 1.0000e-40, 1.0000e-40, 1.0000e-40, 1.0000e-40,
         1.0000e-40, 1.0000e-40, 1.0000e-40, 1.0000e-40, 1.0000e-40, 1.0000e-40,
         1.0000e-40, 1.0000e-40]], dtype=torch.float64)}"
1.7928e+06,222.749,2.21683e-08,"{'pres': tensor([[7.0013e+04, 5.7350e+04, 4.6977e+04, 3.8480e+04, 3.1520e+04, 2.5819e+04,
         2.1149e+04, 1.7324e+04, 1.4190e+04, 1.1624e+04, 9.5214e+03, 7.7993e+03,
         6.3886e+03, 5.2331e+03, 4.2866e+03, 3.5112e+03, 2.8762e+03, 2.3559e+03,
         1.9298e+03, 1.5808e+03, 1.2949e+03, 1.0607e+03, 8.6881e+02, 7.1167e+02,
         5.8295e+02, 4.7751e+02, 3.9114e+02, 3.2040e+02, 2.6245e+02, 2.1498e+02,
         1.7609e+02, 1.4424e+02, 1.1815e+02, 9.6783e+01, 7.9278e+01, 6.4939e+01,
         5.3193e+01, 4.3572e+01, 3.5691e+01, 2.9236e+01, 2.3948e+01, 1.9616e+01,
         1.6068e+01, 1.3162e+01, 1.0781e+01, 8.8313e+00, 7.2340e+00, 5.9256e+00,
         4.8538e+00, 3.9759e+00, 3.2568e+00, 2.6677e+00, 2.1852e+00, 1.7900e+00,
         1.4662e+00, 1.2010e+00, 9.8378e-01, 8.0585e-01, 6.6009e-01, 5.4070e-01,
         4.4290e-01, 3.6279e-01, 2.9717e-01, 2.4342e-01, 1.9940e-01, 1.6333e-01,
         1.3379e-01, 1.0959e-01, 8.9769e-02, 7.3532e-02, 6.0232e-02, 4.9338e-02,
         4.0414e-02, 3.3104e-02, 2.7117e-02, 2.2212e-02, 1.8195e-02, 1.4904e-02,
         1.2208e-02, 1.0000e-02]], dtype=torch.float64), 'temp': tensor([[205.4298, 201.2073, 197.0001, 192.7514, 188.4289, 183.9413, 179.2428,
         174.2273, 168.8463, 163.0444, 156.9190, 150.5599, 144.2252, 138.2264,
         133.3582, 131.1563, 129.7959, 128.7149, 127.7897, 126.9786, 126.2589,
         125.5978, 124.9862, 124.4301, 123.9110, 123.4210, 122.9721, 122.5522,
         122.1524, 121.7830, 121.4414, 121.1091, 120.8022, 120.4936, 120.2122,
         119.8609, 119.5199, 119.2069, 118.8714, 118.5298, 118.1889, 117.8595,
         117.5384, 117.2262, 116.9227, 116.6263, 116.3361, 116.0544, 115.7795,
         115.5122, 115.2525, 115.0000, 114.7498, 114.5085, 114.2640, 114.0306,
         113.7866, 113.5518, 113.3053, 113.0633, 112.8112, 112.5626, 112.2964,
         112.0434, 111.7595, 111.4997, 111.2002, 110.9250, 110.6147, 110.3335,
         110.0245, 109.7394, 109.4535, 109.1808, 108.9240, 108.6763, 108.4335,
         108.2244, 108.0017, 107.8659]], dtype=torch.float64), 'xCO2': tensor([[0.7142, 0.7473, 0.7732, 0.7692, 0.7418, 0.7022, 0.6465, 0.5707, 0.4733,
         0.3581, 0.2278, 0.1209, 0.0592, 0.0282, 0.0155, 0.0118, 0.0111, 0.0110,
         0.0112, 0.0116, 0.0122, 0.0128, 0.0135, 0.0142, 0.0150, 0.0158, 0.0167,
         0.0178, 0.0189, 0.0202, 0.0216, 0.0233, 0.0253, 0.0289, 0.0331, 0.0413,
         0.0494, 0.0560, 0.0633, 0.0708, 0.0774, 0.0848, 0.0928, 0.1017, 0.1114,
         0.1224, 0.1345, 0.1479, 0.1626, 0.1787, 0.1963, 0.2157, 0.2375, 0.2612,
         0.2870, 0.3150, 0.3452, 0.3778, 0.4139, 0.4523, 0.4931, 0.5360, 0.5807,
         0.6276, 0.6763, 0.7253, 0.7737, 0.8207, 0.8652, 0.9061, 0.9413, 0.9691,
         0.9885, 0.9970, 0.9946, 0.9817, 0.9580, 0.9233, 0.8810, 0.8336]],
       dtype=torch.float64), 'xH2O': tensor([[5.2426e-06, 3.4476e-06, 2.1915e-06, 1.3432e-06, 7.8529e-07, 4.3408e-07,
         2.2166e-07, 1.0227e-07, 4.0939e-08, 1.3985e-08, 4.0534e-09, 1.0051e-09,
         2.0872e-10, 4.1985e-11, 5.7527e-12, 5.7134e-13, 1.9779e-13, 1.3842e-13,
         1.4311e-13, 1.6106e-13, 1.9038e-13, 2.4045e-13, 3.1522e-13, 3.9410e-13,
         4.8043e-13, 6.1093e-13, 7.8920e-13, 1.0281e-12, 1.3495e-12, 1.7630e-12,
         2.2900e-12, 2.8982e-12, 3.4990e-12, 4.1475e-12, 4.7496e-12, 5.5641e-12,
         6.3258e-12, 6.9497e-12, 7.7793e-12, 8.7992e-12, 1.0017e-11, 1.1315e-11,
         1.2681e-11, 1.4110e-11, 1.5596e-11, 1.7136e-11, 1.8714e-11, 2.0332e-11,
         2.1984e-11, 2.3666e-11, 2.5375e-11, 2.7104e-11, 2.8808e-11, 3.0508e-11,
         3.2169e-11, 3.3803e-11, 3.5347e-11, 3.6879e-11, 3.8186e-11, 3.9434e-11,
         4.0570e-11, 4.1622e-11, 4.2529e-11, 4.3477e-11, 4.4039e-11, 4.4716e-11,
         4.5237e-11, 4.5891e-11, 4.6296e-11, 4.7004e-11, 4.7684e-11, 4.8768e-11,
         5.0229e-11, 5.2093e-11, 5.2931e-11, 4.8466e-11, 4.0222e-11, 3.2403e-11,
         2.7153e-11, 2.5199e-11]], dtype=torch.float64), 'xSO2': tensor([[4.2974e-02, 3.6183e-02, 3.0016e-02, 2.4368e-02, 1.8997e-02, 1.4185e-02,
         1.0030e-02, 6.6053e-03, 3.9351e-03, 2.0763e-03, 9.5682e-04, 3.9161e-04,
         1.4177e-04, 4.8891e-05, 2.0099e-05, 1.2673e-05, 1.0841e-05, 9.8914e-06,
         9.4102e-06, 9.1984e-06, 9.1907e-06, 9.3167e-06, 9.5610e-06, 9.9327e-06,
         1.0366e-05, 1.0836e-05, 1.1335e-05, 1.1874e-05, 1.2463e-05, 1.3087e-05,
         1.3753e-05, 1.4503e-05, 1.5422e-05, 1.7295e-05, 1.9598e-05, 2.4174e-05,
         2.8714e-05, 3.2432e-05, 3.6206e-05, 3.9902e-05, 4.3266e-05, 4.6963e-05,
         5.1009e-05, 5.5421e-05, 6.0215e-05, 6.5544e-05, 7.1328e-05, 7.7550e-05,
         8.4215e-05, 9.1332e-05, 9.8904e-05, 1.0700e-04, 1.1573e-04, 1.2490e-04,
         1.3447e-04, 1.4439e-04, 1.5460e-04, 1.6504e-04, 1.7581e-04, 1.8649e-04,
         1.9691e-04, 2.0687e-04, 2.1611e-04, 2.2440e-04, 2.3134e-04, 2.3657e-04,
         2.3977e-04, 2.4070e-04, 2.3906e-04, 2.3437e-04, 2.2688e-04, 2.1644e-04,
         2.0296e-04, 1.8532e-04, 1.6440e-04, 1.4094e-04, 1.1578e-04, 9.0366e-05,
         6.7730e-05, 5.0659e-05]], dtype=torch.float64), 'xH2SO4aer': tensor([[6.5887e-08, 7.4841e-08, 8.6138e-08, 9.9409e-08, 1.1580e-07, 1.3594e-07,
         1.6050e-07, 1.9093e-07, 2.3020e-07, 2.8801e-07, 4.2230e-07, 7.6723e-07,
         8.7660e-07, 2.0188e-07, 6.9126e-09, 4.0719e-10, 2.8570e-10, 2.6168e-10,
         2.5454e-10, 2.5039e-10, 2.4391e-10, 2.3232e-10, 2.1964e-10, 2.1055e-10,
         2.0681e-10, 2.0673e-10, 2.0710e-10, 2.0593e-10, 2.0181e-10, 1.9438e-10,
         1.8314e-10, 1.6664e-10, 1.4979e-10, 1.4609e-10, 1.5128e-10, 1.7041e-10,
         1.9046e-10, 2.0689e-10, 2.0967e-10, 1.9766e-10, 1.6694e-10, 1.3865e-10,
         1.1333e-10, 9.1262e-11, 7.2515e-11, 5.6944e-11, 4.4288e-11, 3.4156e-11,
         2.6142e-11, 1.9867e-11, 1.4994e-11, 1.1245e-11, 8.3896e-12, 6.2163e-12,
         4.5723e-12, 3.3369e-12, 2.4142e-12, 1.7313e-12, 1.2344e-12, 8.7188e-13,
         6.0962e-13, 4.2167e-13, 2.8824e-13, 1.9517e-13, 1.3122e-13, 8.7247e-14,
         5.7265e-14, 3.7090e-14, 2.3702e-14, 1.5073e-14, 9.3796e-15, 5.6597e-15,
         3.2489e-15, 1.7599e-15, 8.3905e-16, 3.1814e-16, 9.5605e-17, 2.9171e-17,
         8.3406e-18, 1.8011e-18]], dtype=torch.float64), 'xS8aer': tensor([[1.4607e-34, 3.1261e-34, 7.8770e-34, 2.4372e-33, 9.2861e-33, 3.8826e-32,
         1.7853e-31, 4.3028e-30, 1.6504e-27, 5.6465e-25, 2.2337e-22, 5.8875e-21,
         9.7866e-21, 2.0834e-21, 4.3545e-23, 1.5353e-25, 1.9174e-26, 5.9852e-27,
         3.0396e-27, 1.6267e-27, 8.8225e-28, 5.2790e-28, 3.2725e-28, 1.9852e-28,
         1.3168e-28, 9.1153e-29, 5.8834e-29, 4.1018e-29, 3.0595e-29, 2.3835e-29,
         2.4319e-29, 2.6045e-29, 2.8175e-29, 3.2016e-29, 3.6550e-29, 4.5186e-29,
         5.3708e-29, 6.0688e-29, 4.9395e-29, 2.5637e-29, 9.3713e-30, 6.8177e-30,
         5.2442e-30, 3.9891e-30, 2.9923e-30, 2.4263e-30, 1.7800e-30, 1.1394e-30,
         6.1241e-31, 2.0594e-31, 1.3104e-32, 1.0000e-40, 1.0000e-40, 1.0000e-40,
         1.0000e-40, 1.0000e-40, 1.0000e-40, 1.0000e-40, 1.0000e-40, 1.0000e-40,
         1.0000e-40, 1.0000e-40, 1.0000e-40, 1.0000e-40, 1.0000e-40, 1.0000e-40,
         1.0000e-40, 1.0000e-40, 1.0000e-40, 1.0000e-40, 1.0000e-40, 1.0000e-40,
         1.0000e-40, 1.0000e-40, 1.0000e-40, 1.0000e-40, 1.0000e-40, 1.0000e-40,
         1.0000e-40, 1.0000e-40]], dtype=torch.float64)}"
1.8144e+06,222.749,3.03487e-08,"{'pres': tensor([[7.0013e+04, 5.7350e+04, 4.6977e+04, 3.8480e+04, 3.1520e+04, 2.5819e+04,
         2.1149e+04, 1.7324e+04, 1.4190e+04, 1.1624e+04, 9.5214e+03, 7.7993e+03,
         6.3886e+03, 5.2331e+03, 4.2866e+03, 3.5112e+03, 2.8762e+03, 2.3559e+03,
         1.9298e+03, 1.5808e+03, 1.2949e+03, 1.0607e+03, 8.6881e+02, 7.1167e+02,
         5.8295e+02, 4.7751e+02, 3.9114e+02, 3.2040e+02, 2.6245e+02, 2.1498e+02,
         1.7609e+02, 1.4424e+02, 1.1815e+02, 9.6783e+01, 7.9278e+01, 6.4939e+01,
         5.3193e+01, 4.3572e+01, 3.5691e+01, 2.9236e+01, 2.3948e+01, 1.9616e+01,
         1.6068e+01, 1.3162e+01, 1.0781e+01, 8.8313e+00, 7.2340e+00, 5.9256e+00,
         4.8538e+00, 3.9759e+00, 3.2568e+00, 2.6677e+00, 2.1852e+00, 1.7900e+00,
         1.4662e+00, 1.2010e+00, 9.8378e-01, 8.0585e-01, 6.6009e-01, 5.4070e-01,
         4.4290e-01, 3.6279e-01, 2.9717e-01, 2.4342e-01, 1.9940e-01, 1.6333e-01,
         1.3379e-01, 1.0959e-01, 8.9769e-02, 7.3532e-02, 6.0232e-02, 4.9338e-02,
         4.0414e-02, 3.3104e-02, 2.7117e-02, 2.2212e-02, 1.8195e-02, 1.4904e-02,
         1.2208e-02, 1.0000e-02]], dtype=torch.float64), 'temp': tensor([[205.4528, 201.2231, 197.0002, 192.7511, 188.4149, 183.9318, 179.2205,
         174.2094, 168.8186, 163.0496, 156.8694, 150.5457, 144.2114, 138.2200,
         133.3574, 131.1567, 129.7963, 128.7152, 127.7899, 126.9789, 126.2592,
         125.5980, 124.9864, 124.4304, 123.9112, 123.4212, 122.9724, 122.5524,
         122.1527, 121.7833, 121.4417, 121.1094, 120.8025, 120.4940, 120.2126,
         119.8617, 119.5209, 119.2077, 118.8720, 118.5304, 118.1895, 117.8601,
         117.5390, 117.2268, 116.9233, 116.6269, 116.3367, 116.0550, 115.7802,
         115.5128, 115.2530, 115.0005, 114.7503, 114.5090, 114.2645, 114.0310,
         113.7870, 113.5522, 113.3056, 113.0636, 112.8115, 112.5629, 112.2967,
         112.0437, 111.7598, 111.4999, 111.2004, 110.9252, 110.6149, 110.3337,
         110.0247, 109.7396, 109.4537, 109.1810, 108.9242, 108.6765, 108.4337,
         108.2247, 108.0019, 107.8661]], dtype=torch.float64), 'xCO2': tensor([[0.7142, 0.7473, 0.7732, 0.7692, 0.7418, 0.7021, 0.6464, 0.5706, 0.4732,
         0.3581, 0.2278, 0.1206, 0.0591, 0.0281, 0.0155, 0.0118, 0.0111, 0.0110,
         0.0112, 0.0116, 0.0122, 0.0128, 0.0135, 0.0142, 0.0150, 0.0158, 0.0167,
         0.0178, 0.0189, 0.0202, 0.0216, 0.0233, 0.0253, 0.0289, 0.0331, 0.0413,
         0.0494, 0.0560, 0.0633, 0.0708, 0.0774, 0.0848, 0.0928, 0.1017, 0.1114,
         0.1224, 0.1345, 0.1479, 0.1626, 0.1787, 0.1963, 0.2157, 0.2375, 0.2612,
         0.2870, 0.3150, 0.3452, 0.3778, 0.4139, 0.4523, 0.4931, 0.5360, 0.5807,
         0.6276, 0.6763, 0.7253, 0.7737, 0.8207, 0.8652, 0.9061, 0.9413, 0.9691,
         0.9885, 0.9970, 0.9946, 0.9817, 0.9580, 0.9233, 0.8810, 0.8336]],
       dtype=torch.float64), 'xH2O': tensor([[5.2720e-06, 3.4507e-06, 2.1915e-06, 1.3412e-06, 7.8504e-07, 4.3320e-07,
         2.2147e-07, 1.0189e-07, 4.0887e-08, 1.3916e-08, 4.0504e-09, 1.0013e-09,
         2.0809e-10, 4.1900e-11, 5.7343e-12, 5.7008e-13, 1.9756e-13, 1.3838e-13,
         1.4309e-13, 1.6105e-13, 1.9037e-13, 2.4045e-13, 3.1523e-13, 3.9412e-13,
         4.8046e-13, 6.1096e-13, 7.8924e-13, 1.0281e-12, 1.3496e-12, 1.7631e-12,
         2.2901e-12, 2.8984e-12, 3.4993e-12, 4.1479e-12, 4.7502e-12, 5.5649e-12,
         6.3268e-12, 6.9509e-12, 7.7806e-12, 8.8005e-12, 1.0018e-11, 1.1316e-11,
         1.2683e-11, 1.4112e-11, 1.5599e-11, 1.7139e-11, 1.8717e-11, 2.0336e-11,
         2.1988e-11, 2.3670e-11, 2.5379e-11, 2.7108e-11, 2.8812e-11, 3.0512e-11,
         3.2173e-11, 3.3808e-11, 3.5352e-11, 3.6883e-11, 3.8191e-11, 3.9439e-11,
         4.0575e-11, 4.1626e-11, 4.2534e-11, 4.3482e-11, 4.4043e-11, 4.4720e-11,
         4.5242e-11, 4.5896e-11, 4.6301e-11, 4.7010e-11, 4.7689e-11, 4.8773e-11,
         5.0234e-11, 5.2099e-11, 5.2937e-11, 4.8471e-11, 4.0226e-11, 3.2406e-11,
         2.7155e-11, 2.5202e-11]], dtype=torch.float64), 'xSO2': tensor([[4.3113e-02, 3.6200e-02, 3.0016e-02, 2.4347e-02, 1.8994e-02, 1.4167e-02,
         1.0025e-02, 6.5912e-03, 3.9321e-03, 2.0695e-03, 9.5645e-04, 3.9057e-04,
         1.4148e-04, 4.8825e-05, 2.0090e-05, 1.2675e-05, 1.0842e-05, 9.8922e-06,
         9.4109e-06, 9.1991e-06, 9.1913e-06, 9.3174e-06, 9.5616e-06, 9.9333e-06,
         1.0366e-05, 1.0837e-05, 1.1335e-05, 1.1874e-05, 1.2463e-05, 1.3087e-05,
         1.3753e-05, 1.4504e-05, 1.5422e-05, 1.7297e-05, 1.9600e-05, 2.4177e-05,
         2.8718e-05, 3.2437e-05, 3.6212e-05, 3.9910e-05, 4.3273e-05, 4.6969e-05,
         5.1013e-05, 5.5425e-05, 6.0217e-05, 6.5545e-05, 7.1329e-05, 7.7550e-05,
         8.4215e-05, 9.1332e-05, 9.8904e-05, 1.0700e-04, 1.1574e-04, 1.2490e-04,
         1.3447e-04, 1.4439e-04, 1.5460e-04, 1.6504e-04, 1.7581e-04, 1.8649e-04,
         1.9692e-04, 2.0687e-04, 2.1611e-04, 2.2440e-04, 2.3135e-04, 2.3658e-04,
         2.3978e-04, 2.4070e-04, 2.3907e-04, 2.3437e-04, 2.2688e-04, 2.1644e-04,
         2.0296e-04, 1.8532e-04, 1.6440e-04, 1.4094e-04, 1.1578e-04, 9.0368e-05,
         6.7731e-05, 5.0660e-05]], dtype=torch.float64), 'xH2SO4aer': tensor([[6.5890e-08, 7.4843e-08, 8.6140e-08, 9.9412e-08, 1.1580e-07, 1.3595e-07,
         1.6050e-07, 1.9093e-07, 2.3021e-07, 2.8803e-07, 4.2237e-07, 7.6744e-07,
         8.7645e-07, 2.0159e-07, 6.8971e-09, 4.0693e-10, 2.8564e-10, 2.6158e-10,
         2.5422e-10, 2.4967e-10, 2.4273e-10, 2.3091e-10, 2.1844e-10, 2.0981e-10,
         2.0650e-10, 2.0663e-10, 2.0709e-10, 2.0594e-10, 2.0181e-10, 1.9439e-10,
         1.8315e-10, 1.6665e-10, 1.4980e-10, 1.4610e-10, 1.5130e-10, 1.7044e-10,
         1.9049e-10, 2.0691e-10, 2.0970e-10, 1.9769e-10, 1.6696e-10, 1.3867e-10,
         1.1334e-10, 9.1270e-11, 7.2521e-11, 5.6949e-11, 4.4291e-11, 3.4159e-11,
         2.6144e-11, 1.9868e-11, 1.4995e-11, 1.1246e-11, 8.3904e-12, 6.2169e-12,
         4.5728e-12, 3.3372e-12, 2.4145e-12, 1.7315e-12, 1.2345e-12, 8.7198e-13,
         6.0970e-13, 4.2172e-13, 2.8828e-13, 1.9520e-13, 1.3124e-13, 8.7259e-14,
         5.7274e-14, 3.7096e-14, 2.3705e-14, 1.5075e-14, 9.3810e-15, 5.6606e-15,
         3.2494e-15, 1.7601e-15, 8.3917e-16, 3.1819e-16, 9.5618e-17, 2.9175e-17,
         8.3416e-18, 1.8013e-18]], dtype=torch.float64), 'xS8aer': tensor([[1.4608e-34, 3.1256e-34, 7.8740e-34, 2.4357e-33, 9.2775e-33, 3.8778e-32,
         1.7827e-31, 4.3003e-30, 1.6515e-27, 5.6553e-25, 2.2390e-22, 5.8925e-21,
         9.7805e-21, 2.0789e-21, 4.3379e-23, 1.5276e-25, 1.9121e-26, 5.9797e-27,
         3.0380e-27, 1.6260e-27, 8.8191e-28, 5.2769e-28, 3.2712e-28, 1.9844e-28,
         1.3163e-28, 9.1117e-29, 5.8808e-29, 4.0994e-29, 3.0574e-29, 2.3825e-29,
         2.4312e-29, 2.6040e-29, 2.8171e-29, 3.2012e-29, 3.6545e-29, 4.5181e-29,
         5.3702e-29, 6.0683e-29, 4.9408e-29, 2.5671e-29, 9.3917e-30, 6.8360e-30,
         5.2616e-30, 4.0052e-30, 3.0059e-30, 2.4396e-30, 1.7945e-30, 1.1515e-30,
         6.2322e-31, 2.1285e-31, 1.3683e-32, 1.0000e-40, 1.0000e-40, 1.0000e-40,
         1.0000e-40, 1.0000e-40, 1.0000e-40, 1.0000e-40, 1.0000e-40, 1.0000e-40,
         1.0000e-40, 1.0000e-40, 1.0000e-40, 1.0000e-40, 1.0000e-40, 1.0000e-40,
         1.0000e-40, 1.0000e-40, 1.0000e-40, 1.0000e-40, 1.0000e-40, 1.0000e-40,
         1.0000e-40, 1.0000e-40, 1.0000e-40, 1.0000e-40, 1.0000e-40, 1.0000e-40,
         1.0000e-40, 1.0000e-40]], dtype=torch.float64)}"
1.836e+06,222.753,4.37693e-08,"{'pres': tensor([[7.0013e+04, 5.7350e+04, 4.6977e+04, 3.8480e+04, 3.1520e+04, 2.5819e+04,
         2.1149e+04, 1.7324e+04, 1.4190e+04, 1.1624e+04, 9.5214e+03, 7.7993e+03,
         6.3886e+03, 5.2331e+03, 4.2866e+03, 3.5112e+03, 2.8762e+03, 2.3559e+03,
         1.9298e+03, 1.5808e+03, 1.2949e+03, 1.0607e+03, 8.6881e+02, 7.1167e+02,
         5.8295e+02, 4.7751e+02, 3.9114e+02, 3.2040e+02, 2.6245e+02, 2.1498e+02,
         1.7609e+02, 1.4424e+02, 1.1815e+02, 9.6783e+01, 7.9278e+01, 6.4939e+01,
         5.3193e+01, 4.3572e+01, 3.5691e+01, 2.9236e+01, 2.3948e+01, 1.9616e+01,
         1.6068e+01, 1.3162e+01, 1.0781e+01, 8.8313e+00, 7.2340e+00, 5.9256e+00,
         4.8538e+00, 3.9759e+00, 3.2568e+00, 2.6677e+00, 2.1852e+00, 1.7900e+00,
         1.4662e+00, 1.2010e+00, 9.8378e-01, 8.0585e-01, 6.6009e-01, 5.4070e-01,
         4.4290e-01, 3.6279e-01, 2.9717e-01, 2.4342e-01, 1.9940e-01, 1.6333e-01,
         1.3379e-01, 1.0959e-01, 8.9769e-02, 7.3532e-02, 6.0232e-02, 4.9338e-02,
         4.0414e-02, 3.3104e-02, 2.7117e-02, 2.2212e-02, 1.8195e-02, 1.4904e-02,
         1.2208e-02, 1.0000e-02]], dtype=torch.float64), 'temp': tensor([[205.4502, 201.2306, 197.0093, 192.7545, 188.4149, 183.9245, 179.2110,
         174.2022, 168.8124, 163.0416, 156.8606, 150.5355, 144.1976, 138.2137,
         133.3566, 131.1571, 129.7966, 128.7155, 127.7902, 126.9791, 126.2594,
         125.5983, 124.9867, 124.4306, 123.9115, 123.4215, 122.9727, 122.5527,
         122.1530, 121.7836, 121.4420, 121.1097, 120.8029, 120.4944, 120.2131,
         119.8625, 119.5218, 119.2084, 118.8727, 118.5310, 118.1902, 117.8607,
         117.5396, 117.2274, 116.9239, 116.6275, 116.3373, 116.0556, 115.7807,
         115.5133, 115.2536, 115.0010, 114.7507, 114.5095, 114.2649, 114.0314,
         113.7874, 113.5525, 113.3060, 113.0639, 112.8118, 112.5631, 112.2969,
         112.0439, 111.7600, 111.5001, 111.2006, 110.9254, 110.6150, 110.3339,
         110.0249, 109.7398, 109.4539, 109.1812, 108.9244, 108.6767, 108.4339,
         108.2249, 108.0021, 107.8663]], dtype=torch.float64), 'xCO2': tensor([[0.7142, 0.7473, 0.7732, 0.7692, 0.7418, 0.7021, 0.6464, 0.5705, 0.4732,
         0.3580, 0.2271, 0.1203, 0.0590, 0.0281, 0.0155, 0.0118, 0.0111, 0.0110,
         0.0112, 0.0116, 0.0122, 0.0128, 0.0135, 0.0142, 0.0150, 0.0158, 0.0167,
         0.0178, 0.0189, 0.0202, 0.0216, 0.0233, 0.0253, 0.0289, 0.0331, 0.0413,
         0.0494, 0.0560, 0.0633, 0.0708, 0.0774, 0.0848, 0.0928, 0.1017, 0.1114,
         0.1224, 0.1345, 0.1479, 0.1626, 0.1787, 0.1963, 0.2157, 0.2375, 0.2612,
         0.2870, 0.3150, 0.3452, 0.3778, 0.4139, 0.4523, 0.4931, 0.5360, 0.5807,
         0.6276, 0.6763, 0.7253, 0.7737, 0.8207, 0.8652, 0.9061, 0.9413, 0.9691,
         0.9885, 0.9969, 0.9946, 0.9817, 0.9580, 0.9233, 0.8810, 0.8336]],
       dtype=torch.float64), 'xH2O': tensor([[5.2895e-06, 3.4575e-06, 2.1924e-06, 1.3406e-06, 7.8374e-07, 4.3229e-07,
         2.2077e-07, 1.0151e-07, 4.0690e-08, 1.3904e-08, 4.0196e-09, 9.9578e-10,
         2.0728e-10, 4.1799e-11, 5.7155e-12, 5.6884e-13, 1.9734e-13, 1.3833e-13,
         1.4307e-13, 1.6104e-13, 1.9037e-13, 2.4044e-13, 3.1523e-13, 3.9414e-13,
         4.8048e-13, 6.1099e-13, 7.8929e-13, 1.0282e-12, 1.3497e-12, 1.7632e-12,
         2.2903e-12, 2.8987e-12, 3.4996e-12, 4.1484e-12, 4.7508e-12, 5.5657e-12,
         6.3278e-12, 6.9520e-12, 7.7818e-12, 8.8018e-12, 1.0020e-11, 1.1318e-11,
         1.2685e-11, 1.4114e-11, 1.5601e-11, 1.7142e-11, 1.8720e-11, 2.0339e-11,
         2.1991e-11, 2.3674e-11, 2.5383e-11, 2.7112e-11, 2.8816e-11, 3.0516e-11,
         3.2177e-11, 3.3812e-11, 3.5356e-11, 3.6887e-11, 3.8195e-11, 3.9443e-11,
         4.0579e-11, 4.1630e-11, 4.2538e-11, 4.3486e-11, 4.4047e-11, 4.4724e-11,
         4.5246e-11, 4.5900e-11, 4.6305e-11, 4.7013e-11, 4.7692e-11, 4.8777e-11,
         5.0238e-11, 5.2103e-11, 5.2941e-11, 4.8476e-11, 4.0230e-11, 3.2410e-11,
         2.7158e-11, 2.5204e-11]], dtype=torch.float64), 'xSO2': tensor([[4.3196e-02, 3.6239e-02, 3.0022e-02, 2.4339e-02, 1.8975e-02, 1.4148e-02,
         1.0005e-02, 6.5757e-03, 3.9201e-03, 2.0683e-03, 9.5141e-04, 3.8916e-04,
         1.4111e-04, 4.8749e-05, 2.0082e-05, 1.2676e-05, 1.0843e-05, 9.8930e-06,
         9.4116e-06, 9.1997e-06, 9.1919e-06, 9.3180e-06, 9.5623e-06, 9.9339e-06,
         1.0366e-05, 1.0837e-05, 1.1335e-05, 1.1874e-05, 1.2462e-05, 1.3087e-05,
         1.3753e-05, 1.4504e-05, 1.5423e-05, 1.7298e-05, 1.9602e-05, 2.4180e-05,
         2.8722e-05, 3.2441e-05, 3.6218e-05, 3.9918e-05, 4.3280e-05, 4.6975e-05,
         5.1018e-05, 5.5428e-05, 6.0220e-05, 6.5547e-05, 7.1330e-05, 7.7550e-05,
         8.4215e-05, 9.1333e-05, 9.8905e-05, 1.0700e-04, 1.1574e-04, 1.2490e-04,
         1.3447e-04, 1.4439e-04, 1.5460e-04, 1.6504e-04, 1.7581e-04, 1.8650e-04,
         1.9692e-04, 2.0688e-04, 2.1612e-04, 2.2441e-04, 2.3135e-04, 2.3658e-04,
         2.3978e-04, 2.4071e-04, 2.3907e-04, 2.3438e-04, 2.2689e-04, 2.1645e-04,
         2.0296e-04, 1.8533e-04, 1.6441e-04, 1.4094e-04, 1.1578e-04, 9.0370e-05,
         6.7733e-05, 5.0661e-05]], dtype=torch.float64), 'xH2SO4aer': tensor([[6.5892e-08, 7.4846e-08, 8.6143e-08, 9.9415e-08, 1.1580e-07, 1.3595e-07,
         1.6051e-07, 1.9094e-07, 2.3022e-07, 2.8804e-07, 4.2244e-07, 7.6766e-07,
         8.7629e-07, 2.0129e-07, 6.8816e-09, 4.0667e-10, 2.8559e-10, 2.6147e-10,
         2.5388e-10, 2.4893e-10, 2.4154e-10, 2.2952e-10, 2.1729e-10, 2.0912e-10,
         2.0621e-10, 2.0654e-10, 2.0707e-10, 2.0594e-10, 2.0182e-10, 1.9440e-10,
         1.8316e-10, 1.6666e-10, 1.4982e-10, 1.4612e-10, 1.5132e-10, 1.7046e-10,
         1.9051e-10, 2.0694e-10, 2.0972e-10, 1.9771e-10, 1.6698e-10, 1.3868e-10,
         1.1335e-10, 9.1278e-11, 7.2527e-11, 5.6954e-11, 4.4295e-11, 3.4162e-11,
         2.6147e-11, 1.9870e-11, 1.4996e-11, 1.1247e-11, 8.3912e-12, 6.2176e-12,
         4.5733e-12, 3.3376e-12, 2.4148e-12, 1.7317e-12, 1.2347e-12, 8.7208e-13,
         6.0977e-13, 4.2177e-13, 2.8831e-13, 1.9522e-13, 1.3125e-13, 8.7269e-14,
         5.7280e-14, 3.7100e-14, 2.3708e-14, 1.5077e-14, 9.3822e-15, 5.6613e-15,
         3.2498e-15, 1.7603e-15, 8.3929e-16, 3.1823e-16, 9.5631e-17, 2.9179e-17,
         8.3428e-18, 1.8015e-18]], dtype=torch.float64), 'xS8aer': tensor([[1.4609e-34, 3.1251e-34, 7.8710e-34, 2.4341e-33, 9.2690e-33, 3.8731e-32,
         1.7802e-31, 4.2978e-30, 1.6525e-27, 5.6641e-25, 2.2444e-22, 5.8979e-21,
         9.7744e-21, 2.0743e-21, 4.3213e-23, 1.5200e-25, 1.9069e-26, 5.9744e-27,
         3.0364e-27, 1.6253e-27, 8.8159e-28, 5.2751e-28, 3.2700e-28, 1.9838e-28,
         1.3159e-28, 9.1086e-29, 5.8786e-29, 4.0975e-29, 3.0555e-29, 2.3816e-29,
         2.4306e-29, 2.6035e-29, 2.8167e-29, 3.2008e-29, 3.6542e-29, 4.5179e-29,
         5.3703e-29, 6.0684e-29, 4.9428e-29, 2.5710e-29, 9.4175e-30, 6.8598e-30,
         5.2849e-30, 4.0280e-30, 3.0274e-30, 2.4606e-30, 1.8145e-30, 1.1690e-30,
         6.3643e-31, 2.1953e-31, 1.4208e-32, 1.0000e-40, 1.0000e-40, 1.0000e-40,
         1.0000e-40, 1.0000e-40, 1.0000e-40, 1.0000e-40, 1.0000e-40, 1.0000e-40,
         1.0000e-40, 1.0000e-40, 1.0000e-40, 1.0000e-40, 1.0000e-40, 1.0000e-40,
         1.0000e-40, 1.0000e-40, 1.0000e-40, 1.0000e-40, 1.0000e-40, 1.0000e-40,
         1.0000e-40, 1.0000e-40, 1.0000e-40, 1.0000e-40, 1.0000e-40, 1.0000e-40,
         1.0000e-40, 1.0000e-40]], dtype=torch.float64)}"
1.8576e+06,222.755,4.05213e-08,"{'pres': tensor([[7.0013e+04, 5.7350e+04, 4.6977e+04, 3.8480e+04, 3.1520e+04, 2.5819e+04,
         2.1149e+04, 1.7324e+04, 1.4190e+04, 1.1624e+04, 9.5214e+03, 7.7993e+03,
         6.3886e+03, 5.2331e+03, 4.2866e+03, 3.5112e+03, 2.8762e+03, 2.3559e+03,
         1.9298e+03, 1.5808e+03, 1.2949e+03, 1.0607e+03, 8.6881e+02, 7.1167e+02,
         5.8295e+02, 4.7751e+02, 3.9114e+02, 3.2040e+02, 2.6245e+02, 2.1498e+02,
         1.7609e+02, 1.4424e+02, 1.1815e+02, 9.6783e+01, 7.9278e+01, 6.4939e+01,
         5.3193e+01, 4.3572e+01, 3.5691e+01, 2.9236e+01, 2.3948e+01, 1.9616e+01,
         1.6068e+01, 1.3162e+01, 1.0781e+01, 8.8313e+00, 7.2340e+00, 5.9256e+00,
         4.8538e+00, 3.9759e+00, 3.2568e+00, 2.6677e+00, 2.1852e+00, 1.7900e+00,
         1.4662e+00, 1.2010e+00, 9.8378e-01, 8.0585e-01, 6.6009e-01, 5.4070e-01,
         4.4290e-01, 3.6279e-01, 2.9717e-01, 2.4342e-01, 1.9940e-01, 1.6333e-01,
         1.3379e-01, 1.0959e-01, 8.9769e-02, 7.3532e-02, 6.0232e-02, 4.9338e-02,
         4.0414e-02, 3.3104e-02, 2.7117e-02, 2.2212e-02, 1.8195e-02, 1.4904e-02,
         1.2208e-02, 1.0000e-02]], dtype=torch.float64), 'temp': tensor([[205.4537, 201.2344, 197.0127, 192.7559, 188.4137, 183.9213, 179.2064,
         174.1961, 168.8051, 163.0333, 156.8514, 150.5258, 144.1839, 138.2073,
         133.3558, 131.1575, 129.7970, 128.7158, 127.7905, 126.9794, 126.2596,
         125.5985, 124.9869, 124.4308, 123.9117, 123.4217, 122.9729, 122.5530,
         122.1532, 121.7839, 121.4423, 121.1100, 120.8032, 120.4948, 120.2136,
         119.8633, 119.5227, 119.2092, 118.8733, 118.5316, 118.1908, 117.8613,
         117.5403, 117.2280, 116.9245, 116.6281, 116.3379, 116.0562, 115.7813,
         115.5139, 115.2541, 115.0015, 114.7512, 114.5099, 114.2653, 114.0318,
         113.7877, 113.5528, 113.3063, 113.0642, 112.8121, 112.5634, 112.2972,
         112.0441, 111.7602, 111.5004, 111.2008, 110.9257, 110.6152, 110.3341,
         110.0251, 109.7400, 109.4541, 109.1814, 108.9246, 108.6769, 108.4340,
         108.2251, 108.0023, 107.8665]], dtype=torch.float64), 'xCO2': tensor([[0.7142, 0.7473, 0.7732, 0.7692, 0.7418, 0.7021, 0.6463, 0.5705, 0.4731,
         0.3580, 0.2269, 0.1201, 0.0589, 0.0281, 0.0155, 0.0118, 0.0111, 0.0110,
         0.0112, 0.0116, 0.0122, 0.0128, 0.0135, 0.0142, 0.0150, 0.0158, 0.0167,
         0.0178, 0.0189, 0.0202, 0.0216, 0.0233, 0.0253, 0.0289, 0.0331, 0.0413,
         0.0494, 0.0560, 0.0633, 0.0708, 0.0774, 0.0848, 0.0928, 0.1017, 0.1114,
         0.1224, 0.1345, 0.1479, 0.1626, 0.1787, 0.1963, 0.2157, 0.2375, 0.2612,
         0.2870, 0.3150, 0.3452, 0.3778, 0.4139, 0.4523, 0.4931, 0.5360, 0.5807,
         0.6276, 0.6763, 0.7253, 0.7737, 0.8207, 0.8652, 0.9061, 0.9413, 0.9691,
         0.9885, 0.9969, 0.9946, 0.9816, 0.9580, 0.9233, 0.8810, 0.8336]],
       dtype=torch.float64), 'xH2O': tensor([[5.2875e-06, 3.4612e-06, 2.1947e-06, 1.3410e-06, 7.8341e-07, 4.3170e-07,
         2.2033e-07, 1.0131e-07, 4.0610e-08, 1.3879e-08, 4.0082e-09, 9.9265e-10,
         2.0650e-10, 4.1696e-11, 5.6965e-12, 5.6759e-13, 1.9712e-13, 1.3828e-13,
         1.4305e-13, 1.6103e-13, 1.9036e-13, 2.4044e-13, 3.1524e-13, 3.9416e-13,
         4.8051e-13, 6.1102e-13, 7.8933e-13, 1.0282e-12, 1.3498e-12, 1.7633e-12,
         2.2904e-12, 2.8989e-12, 3.4999e-12, 4.1488e-12, 4.7514e-12, 5.5665e-12,
         6.3288e-12, 6.9531e-12, 7.7830e-12, 8.8031e-12, 1.0021e-11, 1.1320e-11,
         1.2687e-11, 1.4117e-11, 1.5604e-11, 1.7145e-11, 1.8724e-11, 2.0343e-11,
         2.1995e-11, 2.3678e-11, 2.5387e-11, 2.7116e-11, 2.8821e-11, 3.0520e-11,
         3.2181e-11, 3.3816e-11, 3.5360e-11, 3.6891e-11, 3.8199e-11, 3.9447e-11,
         4.0583e-11, 4.1634e-11, 4.2542e-11, 4.3490e-11, 4.4051e-11, 4.4728e-11,
         4.5249e-11, 4.5904e-11, 4.6308e-11, 4.7017e-11, 4.7696e-11, 4.8781e-11,
         5.0243e-11, 5.2108e-11, 5.2946e-11, 4.8480e-11, 4.0234e-11, 3.2413e-11,
         2.7160e-11, 2.5207e-11]], dtype=torch.float64), 'xSO2': tensor([[4.3187e-02, 3.6262e-02, 3.0040e-02, 2.4344e-02, 1.8969e-02, 1.4136e-02,
         9.9922e-03, 6.5674e-03, 3.9150e-03, 2.0659e-03, 9.4952e-04, 3.8832e-04,
         1.4074e-04, 4.8672e-05, 2.0073e-05, 1.2677e-05, 1.0844e-05, 9.8937e-06,
         9.4123e-06, 9.2003e-06, 9.1925e-06, 9.3186e-06, 9.5629e-06, 9.9345e-06,
         1.0367e-05, 1.0837e-05, 1.1335e-05, 1.1873e-05, 1.2462e-05, 1.3086e-05,
         1.3753e-05, 1.4504e-05, 1.5424e-05, 1.7299e-05, 1.9604e-05, 2.4183e-05,
         2.8725e-05, 3.2446e-05, 3.6224e-05, 3.9925e-05, 4.3287e-05, 4.6981e-05,
         5.1023e-05, 5.5432e-05, 6.0222e-05, 6.5548e-05, 7.1331e-05, 7.7551e-05,
         8.4216e-05, 9.1333e-05, 9.8905e-05, 1.0701e-04, 1.1574e-04, 1.2490e-04,
         1.3447e-04, 1.4439e-04, 1.5461e-04, 1.6505e-04, 1.7581e-04, 1.8650e-04,
         1.9692e-04, 2.0688e-04, 2.1612e-04, 2.2441e-04, 2.3136e-04, 2.3659e-04,
         2.3979e-04, 2.4071e-04, 2.3908e-04, 2.3438e-04, 2.2689e-04, 2.1645e-04,
         2.0297e-04, 1.8533e-04, 1.6441e-04, 1.4094e-04, 1.1579e-04, 9.0372e-05,
         6.7734e-05, 5.0662e-05]], dtype=torch.float64), 'xH2SO4aer': tensor([[6.5894e-08, 7.4848e-08, 8.6146e-08, 9.9418e-08, 1.1581e-07, 1.3596e-07,
         1.6051e-07, 1.9094e-07, 2.3022e-07, 2.8805e-07, 4.2251e-07, 7.6787e-07,
         8.7614e-07, 2.0099e-07, 6.8662e-09, 4.0642e-10, 2.8552e-10, 2.6135e-10,
         2.5352e-10, 2.4816e-10, 2.4033e-10, 2.2815e-10, 2.1618e-10, 2.0848e-10,
         2.0595e-10, 2.0646e-10, 2.0706e-10, 2.0594e-10, 2.0182e-10, 1.9441e-10,
         1.8317e-10, 1.6668e-10, 1.4983e-10, 1.4614e-10, 1.5133e-10, 1.7048e-10,
         1.9054e-10, 2.0697e-10, 2.0975e-10, 1.9774e-10, 1.6700e-10, 1.3870e-10,
         1.1336e-10, 9.1285e-11, 7.2533e-11, 5.6958e-11, 4.4298e-11, 3.4165e-11,
         2.6149e-11, 1.9872e-11, 1.4998e-11, 1.1248e-11, 8.3920e-12, 6.2181e-12,
         4.5737e-12, 3.3379e-12, 2.4150e-12, 1.7318e-12, 1.2348e-12, 8.7217e-13,
         6.0983e-13, 4.2181e-13, 2.8834e-13, 1.9524e-13, 1.3127e-13, 8.7279e-14,
         5.7287e-14, 3.7104e-14, 2.3711e-14, 1.5078e-14, 9.3832e-15, 5.6619e-15,
         3.2502e-15, 1.7606e-15, 8.3939e-16, 3.1827e-16, 9.5644e-17, 2.9182e-17,
         8.3438e-18, 1.8018e-18]], dtype=torch.float64), 'xS8aer': tensor([[1.4609e-34, 3.1246e-34, 7.8680e-34, 2.4326e-33, 9.2605e-33, 3.8683e-32,
         1.7776e-31, 4.2953e-30, 1.6536e-27, 5.6730e-25, 2.2499e-22, 5.9029e-21,
         9.7683e-21, 2.0698e-21, 4.3048e-23, 1.5125e-25, 1.9018e-26, 5.9693e-27,
         3.0349e-27, 1.6247e-27, 8.8130e-28, 5.2733e-28, 3.2690e-28, 1.9832e-28,
         1.3155e-28, 9.1059e-29, 5.8766e-29, 4.0958e-29, 3.0538e-29, 2.3807e-29,
         2.4301e-29, 2.6031e-29, 2.8164e-29, 3.2007e-29, 3.6542e-29, 4.5181e-29,
         5.3706e-29, 6.0689e-29, 4.9450e-29, 2.5750e-29, 9.4434e-30, 6.8842e-30,
         5.3088e-30, 4.0510e-30, 3.0493e-30, 2.4792e-30, 1.8309e-30, 1.1831e-30,
         6.4617e-31, 2.2413e-31, 1.4573e-32, 1.0000e-40, 1.0000e-40, 1.0000e-40,
         1.0000e-40, 1.0000e-40, 1.0000e-40, 1.0000e-40, 1.0000e-40, 1.0000e-40,
         1.0000e-40, 1.0000e-40, 1.0000e-40, 1.0000e-40, 1.0000e-40, 1.0000e-40,
         1.0000e-40, 1.0000e-40, 1.0000e-40, 1.0000e-40, 1.0000e-40, 1.0000e-40,
         1.0000e-40, 1.0000e-40, 1.0000e-40, 1.0000e-40, 1.0000e-40, 1.0000e-40,
         1.0000e-40, 1.0000e-40]], dtype=torch.float64)}"
1.8792e+06,222.757,4.05872e-08,"{'pres': tensor([[7.0013e+04, 5.7350e+04, 4.6977e+04, 3.8480e+04, 3.1520e+04, 2.5819e+04,
         2.1149e+04, 1.7324e+04, 1.4190e+04, 1.1624e+04, 9.5214e+03, 7.7993e+03,
         6.3886e+03, 5.2331e+03, 4.2866e+03, 3.5112e+03, 2.8762e+03, 2.3559e+03,
         1.9298e+03, 1.5808e+03, 1.2949e+03, 1.0607e+03, 8.6881e+02, 7.1167e+02,
         5.8295e+02, 4.7751e+02, 3.9114e+02, 3.2040e+02, 2.6245e+02, 2.1498e+02,
         1.7609e+02, 1.4424e+02, 1.1815e+02, 9.6783e+01, 7.9278e+01, 6.4939e+01,
         5.3193e+01, 4.3572e+01, 3.5691e+01, 2.9236e+01, 2.3948e+01, 1.9616e+01,
         1.6068e+01, 1.3162e+01, 1.0781e+01, 8.8313e+00, 7.2340e+00, 5.9256e+00,
         4.8538e+00, 3.9759e+00, 3.2568e+00, 2.6677e+00, 2.1852e+00, 1.7900e+00,
         1.4662e+00, 1.2010e+00, 9.8378e-01, 8.0585e-01, 6.6009e-01, 5.4070e-01,
         4.4290e-01, 3.6279e-01, 2.9717e-01, 2.4342e-01, 1.9940e-01, 1.6333e-01,
         1.3379e-01, 1.0959e-01, 8.9769e-02, 7.3532e-02, 6.0232e-02, 4.9338e-02,
         4.0414e-02, 3.3104e-02, 2.7117e-02, 2.2212e-02, 1.8195e-02, 1.4904e-02,
         1.2208e-02, 1.0000e-02]], dtype=torch.float64), 'temp': tensor([[205.4571, 201.2375, 197.0149, 192.7569, 188.4133, 183.9194, 179.2028,
         174.1910, 168.7985, 163.0257, 156.8423, 150.5163, 144.1703, 138.2010,
         133.3549, 131.1579, 129.7973, 128.7161, 127.7907, 126.9796, 126.2598,
         125.5987, 124.9872, 124.4311, 123.9120, 123.4220, 122.9732, 122.5532,
         122.1535, 121.7842, 121.4426, 121.1104, 120.8036, 120.4953, 120.2140,
         119.8641, 119.5236, 119.2099, 118.8739, 118.5322, 118.1914, 117.8620,
         117.5409, 117.2286, 116.9251, 116.6287, 116.3385, 116.0568, 115.7819,
         115.5144, 115.2546, 115.0019, 114.7517, 114.5103, 114.2657, 114.0322,
         113.7881, 113.5532, 113.3066, 113.0644, 112.8123, 112.5636, 112.2974,
         112.0444, 111.7604, 111.5006, 111.2010, 110.9259, 110.6154, 110.3343,
         110.0252, 109.7401, 109.4542, 109.1815, 108.9247, 108.6771, 108.4342,
         108.2253, 108.0024, 107.8667]], dtype=torch.float64), 'xCO2': tensor([[0.7142, 0.7473, 0.7732, 0.7692, 0.7418, 0.7020, 0.6463, 0.5704, 0.4730,
         0.3579, 0.2266, 0.1199, 0.0587, 0.0280, 0.0155, 0.0118, 0.0111, 0.0110,
         0.0112, 0.0116, 0.0122, 0.0128, 0.0135, 0.0142, 0.0150, 0.0158, 0.0167,
         0.0178, 0.0189, 0.0202, 0.0216, 0.0233, 0.0253, 0.0289, 0.0331, 0.0413,
         0.0494, 0.0560, 0.0633, 0.0708, 0.0774, 0.0848, 0.0928, 0.1017, 0.1114,
         0.1224, 0.1345, 0.1479, 0.1626, 0.1787, 0.1963, 0.2157, 0.2375, 0.2612,
         0.2870, 0.3150, 0.3452, 0.3778, 0.4139, 0.4523, 0.4931, 0.5360, 0.5807,
         0.6276, 0.6763, 0.7253, 0.7737, 0.8207, 0.8652, 0.9061, 0.9413, 0.9691,
         0.9885, 0.9969, 0.9946, 0.9816, 0.9580, 0.9233, 0.8810, 0.8336]],
       dtype=torch.float64), 'xH2O': tensor([[5.2902e-06, 3.4635e-06, 2.1961e-06, 1.3414e-06, 7.8322e-07, 4.3138e-07,
         2.2009e-07, 1.0117e-07, 4.0544e-08, 1.3853e-08, 3.9989e-09, 9.8995e-10,
         2.0574e-10, 4.1595e-11, 5.6773e-12, 5.6635e-13, 1.9690e-13, 1.3824e-13,
         1.4303e-13, 1.6102e-13, 1.9035e-13, 2.4043e-13, 3.1524e-13, 3.9418e-13,
         4.8053e-13, 6.1105e-13, 7.8937e-13, 1.0283e-12, 1.3498e-12, 1.7634e-12,
         2.2905e-12, 2.8991e-12, 3.5002e-12, 4.1492e-12, 4.7520e-12, 5.5673e-12,
         6.3298e-12, 6.9543e-12, 7.7842e-12, 8.8043e-12, 1.0023e-11, 1.1322e-11,
         1.2689e-11, 1.4119e-11, 1.5606e-11, 1.7148e-11, 1.8727e-11, 2.0346e-11,
         2.1999e-11, 2.3681e-11, 2.5391e-11, 2.7120e-11, 2.8825e-11, 3.0524e-11,
         3.2185e-11, 3.3820e-11, 3.5364e-11, 3.6895e-11, 3.8203e-11, 3.9451e-11,
         4.0586e-11, 4.1638e-11, 4.2546e-11, 4.3494e-11, 4.4054e-11, 4.4732e-11,
         4.5253e-11, 4.5908e-11, 4.6312e-11, 4.7021e-11, 4.7700e-11, 4.8785e-11,
         5.0247e-11, 5.2112e-11, 5.2950e-11, 4.8484e-11, 4.0238e-11, 3.2416e-11,
         2.7163e-11, 2.5209e-11]], dtype=torch.float64), 'xSO2': tensor([[4.3200e-02, 3.6277e-02, 3.0051e-02, 2.4347e-02, 1.8966e-02, 1.4129e-02,
         9.9851e-03, 6.5617e-03, 3.9108e-03, 2.0634e-03, 9.4802e-04, 3.8758e-04,
         1.4038e-04, 4.8595e-05, 2.0064e-05, 1.2678e-05, 1.0845e-05, 9.8945e-06,
         9.4129e-06, 9.2009e-06, 9.1931e-06, 9.3192e-06, 9.5636e-06, 9.9350e-06,
         1.0367e-05, 1.0837e-05, 1.1335e-05, 1.1873e-05, 1.2462e-05, 1.3086e-05,
         1.3752e-05, 1.4504e-05, 1.5424e-05, 1.7300e-05, 1.9606e-05, 2.4186e-05,
         2.8729e-05, 3.2451e-05, 3.6230e-05, 3.9932e-05, 4.3294e-05, 4.6987e-05,
         5.1028e-05, 5.5436e-05, 6.0225e-05, 6.5550e-05, 7.1332e-05, 7.7551e-05,
         8.4216e-05, 9.1333e-05, 9.8906e-05, 1.0701e-04, 1.1574e-04, 1.2491e-04,
         1.3447e-04, 1.4440e-04, 1.5461e-04, 1.6505e-04, 1.7582e-04, 1.8650e-04,
         1.9693e-04, 2.0688e-04, 2.1613e-04, 2.2442e-04, 2.3136e-04, 2.3659e-04,
         2.3979e-04, 2.4072e-04, 2.3908e-04, 2.3439e-04, 2.2690e-04, 2.1646e-04,
         2.0297e-04, 1.8534e-04, 1.6441e-04, 1.4095e-04, 1.1579e-04, 9.0373e-05,
         6.7735e-05, 5.0663e-05]], dtype=torch.float64), 'xH2SO4aer': tensor([[6.5896e-08, 7.4850e-08, 8.6148e-08, 9.9422e-08, 1.1581e-07, 1.3596e-07,
         1.6052e-07, 1.9095e-07, 2.3023e-07, 2.8806e-07, 4.2258e-07, 7.6809e-07,
         8.7598e-07, 2.0070e-07, 6.8507e-09, 4.0616e-10, 2.8546e-10, 2.6123e-10,
         2.5314e-10, 2.4737e-10, 2.3912e-10, 2.2680e-10, 2.1511e-10, 2.0787e-10,
         2.0571e-10, 2.0639e-10, 2.0704e-10, 2.0594e-10, 2.0183e-10, 1.9442e-10,
         1.8318e-10, 1.6669e-10, 1.4985e-10, 1.4615e-10, 1.5135e-10, 1.7050e-10,
         1.9056e-10, 2.0699e-10, 2.0978e-10, 1.9776e-10, 1.6702e-10, 1.3871e-10,
         1.1337e-10, 9.1293e-11, 7.2539e-11, 5.6962e-11, 4.4302e-11, 3.4168e-11,
         2.6151e-11, 1.9873e-11, 1.4999e-11, 1.1249e-11, 8.3928e-12, 6.2187e-12,
         4.5741e-12, 3.3382e-12, 2.4152e-12, 1.7320e-12, 1.2349e-12, 8.7226e-13,
         6.0989e-13, 4.2186e-13, 2.8837e-13, 1.9526e-13, 1.3128e-13, 8.7288e-14,
         5.7293e-14, 3.7108e-14, 2.3713e-14, 1.5080e-14, 9.3843e-15, 5.6626e-15,
         3.2506e-15, 1.7608e-15, 8.3949e-16, 3.1831e-16, 9.5657e-17, 2.9186e-17,
         8.3450e-18, 1.8020e-18]], dtype=torch.float64), 'xS8aer': tensor([[1.4610e-34, 3.1241e-34, 7.8651e-34, 2.4310e-33, 9.2520e-33, 3.8635e-32,
         1.7750e-31, 4.2929e-30, 1.6547e-27, 5.6820e-25, 2.2554e-22, 5.9078e-21,
         9.7621e-21, 2.0652e-21, 4.2883e-23, 1.5052e-25, 1.8968e-26, 5.9644e-27,
         3.0335e-27, 1.6241e-27, 8.8102e-28, 5.2716e-28, 3.2679e-28, 1.9826e-28,
         1.3151e-28, 9.1032e-29, 5.8748e-29, 4.0942e-29, 3.0521e-29, 2.3798e-29,
         2.4296e-29, 2.6028e-29, 2.8162e-29, 3.2007e-29, 3.6543e-29, 4.5183e-29,
         5.3709e-29, 6.0693e-29, 4.9471e-29, 2.5788e-29, 9.4692e-30, 6.9082e-30,
         5.3322e-30, 4.0735e-30, 3.0699e-30, 2.4966e-30, 1.8452e-30, 1.1938e-30,
         6.5368e-31, 2.2827e-31, 1.4919e-32, 1.0000e-40, 1.0000e-40, 1.0000e-40,
         1.0000e-40, 1.0000e-40, 1.0000e-40, 1.0000e-40, 1.0000e-40, 1.0000e-40,
         1.0000e-40, 1.0000e-40, 1.0000e-40, 1.0000e-40, 1.0000e-40, 1.0000e-40,
         1.0000e-40, 1.0000e-40, 1.0000e-40, 1.0000e-40, 1.0000e-40, 1.0000e-40,
         1.0000e-40, 1.0000e-40, 1.0000e-40, 1.0000e-40, 1.0000e-40, 1.0000e-40,
         1.0000e-40, 1.0000e-40]], dtype=torch.float64)}"
1.9008e+06,222.758,4.08921e-08,"{'pres': tensor([[7.0013e+04, 5.7350e+04, 4.6977e+04, 3.8480e+04, 3.1520e+04, 2.5819e+04,
         2.1149e+04, 1.7324e+04, 1.4190e+04, 1.1624e+04, 9.5214e+03, 7.7993e+03,
         6.3886e+03, 5.2331e+03, 4.2866e+03, 3.5112e+03, 2.8762e+03, 2.3559e+03,
         1.9298e+03, 1.5808e+03, 1.2949e+03, 1.0607e+03, 8.6881e+02, 7.1167e+02,
         5.8295e+02, 4.7751e+02, 3.9114e+02, 3.2040e+02, 2.6245e+02, 2.1498e+02,
         1.7609e+02, 1.4424e+02, 1.1815e+02, 9.6783e+01, 7.9278e+01, 6.4939e+01,
         5.3193e+01, 4.3572e+01, 3.5691e+01, 2.9236e+01, 2.3948e+01, 1.9616e+01,
         1.6068e+01, 1.3162e+01, 1.0781e+01, 8.8313e+00, 7.2340e+00, 5.9256e+00,
         4.8538e+00, 3.9759e+00, 3.2568e+00, 2.6677e+00, 2.1852e+00, 1.7900e+00,
         1.4662e+00, 1.2010e+00, 9.8378e-01, 8.0585e-01, 6.6009e-01, 5.4070e-01,
         4.4290e-01, 3.6279e-01, 2.9717e-01, 2.4342e-01, 1.9940e-01, 1.6333e-01,
         1.3379e-01, 1.0959e-01, 8.9769e-02, 7.3532e-02, 6.0232e-02, 4.9338e-02,
         4.0414e-02, 3.3104e-02, 2.7117e-02, 2.2212e-02, 1.8195e-02, 1.4904e-02,
         1.2208e-02, 1.0000e-02]], dtype=torch.float64), 'temp': tensor([[205.4599, 201.2399, 197.0168, 192.7579, 188.4132, 183.9181, 179.2000,
         174.1867, 168.7926, 163.0191, 156.8337, 150.5074, 144.1567, 138.1947,
         133.3541, 131.1582, 129.7977, 128.7164, 127.7910, 126.9799, 126.2601,
         125.5990, 124.9874, 124.4313, 123.9122, 123.4223, 122.9735, 122.5535,
         122.1538, 121.7844, 121.4428, 121.1107, 120.8040, 120.4957, 120.2145,
         119.8648, 119.5246, 119.2107, 118.8745, 118.5328, 118.1920, 117.8626,
         117.5415, 117.2292, 116.9256, 116.6293, 116.3391, 116.0574, 115.7825,
         115.5150, 115.2551, 115.0024, 114.7521, 114.5107, 114.2660, 114.0325,
         113.7884, 113.5535, 113.3069, 113.0647, 112.8126, 112.5639, 112.2976,
         112.0446, 111.7606, 111.5008, 111.2011, 110.9261, 110.6155, 110.3345,
         110.0254, 109.7403, 109.4544, 109.1817, 108.9249, 108.6772, 108.4343,
         108.2254, 108.0026, 107.8668]], dtype=torch.float64), 'xCO2': tensor([[0.7142, 0.7473, 0.7732, 0.7692, 0.7417, 0.7020, 0.6462, 0.5703, 0.4730,
         0.3578, 0.2264, 0.1198, 0.0586, 0.0280, 0.0155, 0.0118, 0.0111, 0.0110,
         0.0112, 0.0116, 0.0122, 0.0128, 0.0135, 0.0142, 0.0150, 0.0158, 0.0167,
         0.0178, 0.0189, 0.0202, 0.0216, 0.0233, 0.0253, 0.0289, 0.0331, 0.0413,
         0.0494, 0.0560, 0.0633, 0.0708, 0.0774, 0.0848, 0.0928, 0.1017, 0.1114,
         0.1224, 0.1345, 0.1479, 0.1626, 0.1787, 0.1963, 0.2157, 0.2375, 0.2612,
         0.2870, 0.3150, 0.3452, 0.3778, 0.4139, 0.4523, 0.4931, 0.5360, 0.5807,
         0.6276, 0.6763, 0.7253, 0.7737, 0.8207, 0.8652, 0.9061, 0.9413, 0.9691,
         0.9885, 0.9969, 0.9946, 0.9816, 0.9580, 0.9233, 0.8810, 0.8336]],
       dtype=torch.float64), 'xH2O': tensor([[5.2928e-06, 3.4653e-06, 2.1970e-06, 1.3417e-06, 7.8315e-07, 4.3120e-07,
         2.1992e-07, 1.0106e-07, 4.0485e-08, 1.3829e-08, 3.9902e-09, 9.8738e-10,
         2.0499e-10, 4.1494e-11, 5.6581e-12, 5.6510e-13, 1.9668e-13, 1.3820e-13,
         1.4302e-13, 1.6101e-13, 1.9034e-13, 2.4043e-13, 3.1525e-13, 3.9420e-13,
         4.8055e-13, 6.1108e-13, 7.8941e-13, 1.0283e-12, 1.3499e-12, 1.7635e-12,
         2.2906e-12, 2.8993e-12, 3.5005e-12, 4.1497e-12, 4.7526e-12, 5.5681e-12,
         6.3307e-12, 6.9554e-12, 7.7854e-12, 8.8056e-12, 1.0024e-11, 1.1324e-11,
         1.2691e-11, 1.4121e-11, 1.5609e-11, 1.7150e-11, 1.8730e-11, 2.0350e-11,
         2.2002e-11, 2.3685e-11, 2.5395e-11, 2.7124e-11, 2.8828e-11, 3.0528e-11,
         3.2189e-11, 3.3824e-11, 3.5368e-11, 3.6899e-11, 3.8207e-11, 3.9455e-11,
         4.0590e-11, 4.1642e-11, 4.2549e-11, 4.3498e-11, 4.4058e-11, 4.4736e-11,
         4.5257e-11, 4.5911e-11, 4.6315e-11, 4.7025e-11, 4.7704e-11, 4.8789e-11,
         5.0251e-11, 5.2116e-11, 5.2955e-11, 4.8488e-11, 4.0241e-11, 3.2419e-11,
         2.7166e-11, 2.5211e-11]], dtype=torch.float64), 'xSO2': tensor([[4.3212e-02, 3.6288e-02, 3.0058e-02, 2.4350e-02, 1.8965e-02, 1.4125e-02,
         9.9803e-03, 6.5571e-03, 3.9072e-03, 2.0610e-03, 9.4661e-04, 3.8688e-04,
         1.4002e-04, 4.8519e-05, 2.0056e-05, 1.2679e-05, 1.0846e-05, 9.8952e-06,
         9.4136e-06, 9.2016e-06, 9.1937e-06, 9.3198e-06, 9.5642e-06, 9.9356e-06,
         1.0368e-05, 1.0838e-05, 1.1335e-05, 1.1873e-05, 1.2462e-05, 1.3086e-05,
         1.3752e-05, 1.4504e-05, 1.5425e-05, 1.7302e-05, 1.9608e-05, 2.4189e-05,
         2.8733e-05, 3.2455e-05, 3.6236e-05, 3.9940e-05, 4.3301e-05, 4.6993e-05,
         5.1033e-05, 5.5439e-05, 6.0227e-05, 6.5551e-05, 7.1333e-05, 7.7552e-05,
         8.4216e-05, 9.1333e-05, 9.8906e-05, 1.0701e-04, 1.1574e-04, 1.2491e-04,
         1.3448e-04, 1.4440e-04, 1.5461e-04, 1.6505e-04, 1.7582e-04, 1.8651e-04,
         1.9693e-04, 2.0689e-04, 2.1613e-04, 2.2442e-04, 2.3137e-04, 2.3660e-04,
         2.3980e-04, 2.4072e-04, 2.3909e-04, 2.3439e-04, 2.2690e-04, 2.1646e-04,
         2.0298e-04, 1.8534e-04, 1.6442e-04, 1.4095e-04, 1.1579e-04, 9.0375e-05,
         6.7737e-05, 5.0664e-05]], dtype=torch.float64), 'xH2SO4aer': tensor([[6.5899e-08, 7.4853e-08, 8.6151e-08, 9.9425e-08, 1.1581e-07, 1.3596e-07,
         1.6052e-07, 1.9095e-07, 2.3024e-07, 2.8808e-07, 4.2265e-07, 7.6831e-07,
         8.7581e-07, 2.0040e-07, 6.8352e-09, 4.0591e-10, 2.8539e-10, 2.6109e-10,
         2.5275e-10, 2.4656e-10, 2.3790e-10, 2.2548e-10, 2.1409e-10, 2.0731e-10,
         2.0549e-10, 2.0633e-10, 2.0704e-10, 2.0594e-10, 2.0183e-10, 1.9442e-10,
         1.8320e-10, 1.6670e-10, 1.4986e-10, 1.4617e-10, 1.5137e-10, 1.7052e-10,
         1.9058e-10, 2.0702e-10, 2.0980e-10, 1.9778e-10, 1.6704e-10, 1.3873e-10,
         1.1338e-10, 9.1301e-11, 7.2544e-11, 5.6967e-11, 4.4305e-11, 3.4170e-11,
         2.6153e-11, 1.9875e-11, 1.5000e-11, 1.1250e-11, 8.3935e-12, 6.2193e-12,
         4.5746e-12, 3.3385e-12, 2.4155e-12, 1.7322e-12, 1.2350e-12, 8.7234e-13,
         6.0995e-13, 4.2190e-13, 2.8840e-13, 1.9528e-13, 1.3130e-13, 8.7298e-14,
         5.7299e-14, 3.7113e-14, 2.3716e-14, 1.5082e-14, 9.3854e-15, 5.6632e-15,
         3.2510e-15, 1.7610e-15, 8.3959e-16, 3.1835e-16, 9.5669e-17, 2.9190e-17,
         8.3461e-18, 1.8022e-18]], dtype=torch.float64), 'xS8aer': tensor([[1.4611e-34, 3.1236e-34, 7.8621e-34, 2.4295e-33, 9.2434e-33, 3.8588e-32,
         1.7724e-31, 4.2904e-30, 1.6558e-27, 5.6911e-25, 2.2609e-22, 5.9128e-21,
         9.7559e-21, 2.0607e-21, 4.2718e-23, 1.4979e-25, 1.8920e-26, 5.9597e-27,
         3.0322e-27, 1.6236e-27, 8.8077e-28, 5.2701e-28, 3.2670e-28, 1.9821e-28,
         1.3148e-28, 9.1008e-29, 5.8731e-29, 4.0926e-29, 3.0504e-29, 2.3790e-29,
         2.4292e-29, 2.6025e-29, 2.8161e-29, 3.2007e-29, 3.6545e-29, 4.5186e-29,
         5.3714e-29, 6.0698e-29, 4.9493e-29, 2.5827e-29, 9.4956e-30, 6.9328e-30,
         5.3558e-30, 4.0955e-30, 3.0891e-30, 2.5123e-30, 1.8579e-30, 1.2040e-30,
         6.6153e-31, 2.3327e-31, 1.5366e-32, 1.0000e-40, 1.0000e-40, 1.0000e-40,
         1.0000e-40, 1.0000e-40, 1.0000e-40, 1.0000e-40, 1.0000e-40, 1.0000e-40,
         1.0000e-40, 1.0000e-40, 1.0000e-40, 1.0000e-40, 1.0000e-40, 1.0000e-40,
         1.0000e-40, 1.0000e-40, 1.0000e-40, 1.0000e-40, 1.0000e-40, 1.0000e-40,
         1.0000e-40, 1.0000e-40, 1.0000e-40, 1.0000e-40, 1.0000e-40, 1.0000e-40,
         1.0000e-40, 1.0000e-40]], dtype=torch.float64)}"
1.9224e+06,222.76,4.11524e-08,"{'pres': tensor([[7.0013e+04, 5.7350e+04, 4.6977e+04, 3.8480e+04, 3.1520e+04, 2.5819e+04,
         2.1149e+04, 1.7324e+04, 1.4190e+04, 1.1624e+04, 9.5214e+03, 7.7993e+03,
         6.3886e+03, 5.2331e+03, 4.2866e+03, 3.5112e+03, 2.8762e+03, 2.3559e+03,
         1.9298e+03, 1.5808e+03, 1.2949e+03, 1.0607e+03, 8.6881e+02, 7.1167e+02,
         5.8295e+02, 4.7751e+02, 3.9114e+02, 3.2040e+02, 2.6245e+02, 2.1498e+02,
         1.7609e+02, 1.4424e+02, 1.1815e+02, 9.6783e+01, 7.9278e+01, 6.4939e+01,
         5.3193e+01, 4.3572e+01, 3.5691e+01, 2.9236e+01, 2.3948e+01, 1.9616e+01,
         1.6068e+01, 1.3162e+01, 1.0781e+01, 8.8313e+00, 7.2340e+00, 5.9256e+00,
         4.8538e+00, 3.9759e+00, 3.2568e+00, 2.6677e+00, 2.1852e+00, 1.7900e+00,
         1.4662e+00, 1.2010e+00, 9.8378e-01, 8.0585e-01, 6.6009e-01, 5.4070e-01,
         4.4290e-01, 3.6279e-01, 2.9717e-01, 2.4342e-01, 1.9940e-01, 1.6333e-01,
         1.3379e-01, 1.0959e-01, 8.9769e-02, 7.3532e-02, 6.0232e-02, 4.9338e-02,
         4.0414e-02, 3.3104e-02, 2.7117e-02, 2.2212e-02, 1.8195e-02, 1.4904e-02,
         1.2208e-02, 1.0000e-02]], dtype=torch.float64), 'temp': tensor([[205.4622, 201.2420, 197.0184, 192.7588, 188.4133, 183.9170, 179.1977,
         174.1831, 168.7875, 163.0132, 156.8253, 150.4987, 144.1443, 138.1884,
         133.3533, 131.1586, 129.7980, 128.7167, 127.7912, 126.9801, 126.2603,
         125.5992, 124.9877, 124.4315, 123.9125, 123.4225, 122.9737, 122.5538,
         122.1541, 121.7847, 121.4431, 121.1110, 120.8043, 120.4961, 120.2150,
         119.8656, 119.5255, 119.2114, 118.8751, 118.5334, 118.1926, 117.8632,
         117.5421, 117.2298, 116.9262, 116.6299, 116.3397, 116.0580, 115.7830,
         115.5155, 115.2556, 115.0029, 114.7526, 114.5112, 114.2664, 114.0329,
         113.7887, 113.5537, 113.3072, 113.0650, 112.8128, 112.5641, 112.2979,
         112.0448, 111.7608, 111.5010, 111.2013, 110.9263, 110.6157, 110.3346,
         110.0255, 109.7405, 109.4546, 109.1819, 108.9250, 108.6774, 108.4345,
         108.2256, 108.0028, 107.8670]], dtype=torch.float64), 'xCO2': tensor([[0.7142, 0.7473, 0.7732, 0.7692, 0.7417, 0.7020, 0.6462, 0.5703, 0.4729,
         0.3578, 0.2262, 0.1196, 0.0585, 0.0280, 0.0155, 0.0118, 0.0111, 0.0110,
         0.0112, 0.0116, 0.0122, 0.0128, 0.0135, 0.0142, 0.0150, 0.0158, 0.0167,
         0.0178, 0.0189, 0.0202, 0.0216, 0.0233, 0.0253, 0.0289, 0.0331, 0.0413,
         0.0494, 0.0560, 0.0633, 0.0708, 0.0774, 0.0848, 0.0928, 0.1017, 0.1114,
         0.1224, 0.1345, 0.1479, 0.1626, 0.1787, 0.1963, 0.2157, 0.2375, 0.2612,
         0.2870, 0.3150, 0.3452, 0.3778, 0.4139, 0.4523, 0.4931, 0.5360, 0.5807,
         0.6276, 0.6763, 0.7253, 0.7737, 0.8207, 0.8652, 0.9061, 0.9413, 0.9691,
         0.9885, 0.9969, 0.9946, 0.9816, 0.9580, 0.9233, 0.8810, 0.8336]],
       dtype=torch.float64), 'xH2O': tensor([[5.2950e-06, 3.4667e-06, 2.1977e-06, 1.3419e-06, 7.8312e-07, 4.3108e-07,
         2.1980e-07, 1.0097e-07, 4.0434e-08, 1.3808e-08, 3.9821e-09, 9.8493e-10,
         2.0425e-10, 4.1394e-11, 5.6389e-12, 5.6386e-13, 1.9647e-13, 1.3815e-13,
         1.4300e-13, 1.6100e-13, 1.9034e-13, 2.4042e-13, 3.1525e-13, 3.9422e-13,
         4.8058e-13, 6.1111e-13, 7.8945e-13, 1.0284e-12, 1.3500e-12, 1.7636e-12,
         2.2907e-12, 2.8995e-12, 3.5007e-12, 4.1501e-12, 4.7532e-12, 5.5689e-12,
         6.3317e-12, 6.9565e-12, 7.7866e-12, 8.8068e-12, 1.0026e-11, 1.1325e-11,
         1.2694e-11, 1.4124e-11, 1.5611e-11, 1.7153e-11, 1.8733e-11, 2.0353e-11,
         2.2006e-11, 2.3689e-11, 2.5399e-11, 2.7127e-11, 2.8832e-11, 3.0532e-11,
         3.2193e-11, 3.3828e-11, 3.5372e-11, 3.6902e-11, 3.8211e-11, 3.9458e-11,
         4.0594e-11, 4.1646e-11, 4.2553e-11, 4.3502e-11, 4.4062e-11, 4.4739e-11,
         4.5260e-11, 4.5915e-11, 4.6319e-11, 4.7029e-11, 4.7708e-11, 4.8793e-11,
         5.0255e-11, 5.2120e-11, 5.2959e-11, 4.8492e-11, 4.0244e-11, 3.2421e-11,
         2.7168e-11, 2.5214e-11]], dtype=torch.float64), 'xSO2': tensor([[4.3222e-02, 3.6296e-02, 3.0064e-02, 2.4353e-02, 1.8964e-02, 1.4123e-02,
         9.9766e-03, 6.5533e-03, 3.9039e-03, 2.0588e-03, 9.4529e-04, 3.8621e-04,
         1.3967e-04, 4.8443e-05, 2.0047e-05, 1.2680e-05, 1.0847e-05, 9.8960e-06,
         9.4142e-06, 9.2022e-06, 9.1943e-06, 9.3204e-06, 9.5649e-06, 9.9362e-06,
         1.0368e-05, 1.0838e-05, 1.1336e-05, 1.1873e-05, 1.2462e-05, 1.3086e-05,
         1.3752e-05, 1.4505e-05, 1.5426e-05, 1.7303e-05, 1.9610e-05, 2.4192e-05,
         2.8737e-05, 3.2460e-05, 3.6242e-05, 3.9947e-05, 4.3308e-05, 4.6999e-05,
         5.1038e-05, 5.5443e-05, 6.0230e-05, 6.5553e-05, 7.1334e-05, 7.7552e-05,
         8.4217e-05, 9.1334e-05, 9.8907e-05, 1.0701e-04, 1.1574e-04, 1.2491e-04,
         1.3448e-04, 1.4440e-04, 1.5461e-04, 1.6506e-04, 1.7582e-04, 1.8651e-04,
         1.9694e-04, 2.0689e-04, 2.1614e-04, 2.2443e-04, 2.3137e-04, 2.3660e-04,
         2.3980e-04, 2.4073e-04, 2.3909e-04, 2.3440e-04, 2.2690e-04, 2.1646e-04,
         2.0298e-04, 1.8534e-04, 1.6442e-04, 1.4095e-04, 1.1579e-04, 9.0377e-05,
         6.7738e-05, 5.0665e-05]], dtype=torch.float64), 'xH2SO4aer': tensor([[6.5901e-08, 7.4855e-08, 8.6154e-08, 9.9428e-08, 1.1582e-07, 1.3597e-07,
         1.6053e-07, 1.9096e-07, 2.3024e-07, 2.8809e-07, 4.2272e-07, 7.6853e-07,
         8.7565e-07, 2.0010e-07, 6.8198e-09, 4.0566e-10, 2.8533e-10, 2.6095e-10,
         2.5233e-10, 2.4573e-10, 2.3668e-10, 2.2418e-10, 2.1312e-10, 2.0679e-10,
         2.0529e-10, 2.0628e-10, 2.0703e-10, 2.0595e-10, 2.0184e-10, 1.9443e-10,
         1.8321e-10, 1.6672e-10, 1.4988e-10, 1.4618e-10, 1.5139e-10, 1.7054e-10,
         1.9061e-10, 2.0704e-10, 2.0983e-10, 1.9781e-10, 1.6705e-10, 1.3874e-10,
         1.1339e-10, 9.1309e-11, 7.2550e-11, 5.6971e-11, 4.4309e-11, 3.4173e-11,
         2.6155e-11, 1.9877e-11, 1.5002e-11, 1.1251e-11, 8.3943e-12, 6.2198e-12,
         4.5750e-12, 3.3388e-12, 2.4157e-12, 1.7323e-12, 1.2352e-12, 8.7243e-13,
         6.1001e-13, 4.2194e-13, 2.8843e-13, 1.9530e-13, 1.3131e-13, 8.7307e-14,
         5.7305e-14, 3.7116e-14, 2.3718e-14, 1.5083e-14, 9.3864e-15, 5.6638e-15,
         3.2513e-15, 1.7612e-15, 8.3968e-16, 3.1838e-16, 9.5681e-17, 2.9193e-17,
         8.3471e-18, 1.8025e-18]], dtype=torch.float64), 'xS8aer': tensor([[1.4611e-34, 3.1232e-34, 7.8591e-34, 2.4280e-33, 9.2349e-33, 3.8540e-32,
         1.7699e-31, 4.2880e-30, 1.6570e-27, 5.7004e-25, 2.2665e-22, 5.9178e-21,
         9.7497e-21, 2.0561e-21, 4.2554e-23, 1.4908e-25, 1.8873e-26, 5.9552e-27,
         3.0309e-27, 1.6231e-27, 8.8052e-28, 5.2686e-28, 3.2661e-28, 1.9816e-28,
         1.3145e-28, 9.0985e-29, 5.8715e-29, 4.0911e-29, 3.0489e-29, 2.3782e-29,
         2.4288e-29, 2.6023e-29, 2.8161e-29, 3.2009e-29, 3.6547e-29, 4.5190e-29,
         5.3719e-29, 6.0705e-29, 4.9515e-29, 2.5867e-29, 9.5223e-30, 6.9572e-30,
         5.3788e-30, 4.1163e-30, 3.1071e-30, 2.5268e-30, 1.8703e-30, 1.2142e-30,
         6.6940e-31, 2.3811e-31, 1.5792e-32, 1.0000e-40, 1.0000e-40, 1.0000e-40,
         1.0000e-40, 1.0000e-40, 1.0000e-40, 1.0000e-40, 1.0000e-40, 1.0000e-40,
         1.0000e-40, 1.0000e-40, 1.0000e-40, 1.0000e-40, 1.0000e-40, 1.0000e-40,
         1.0000e-40, 1.0000e-40, 1.0000e-40, 1.0000e-40, 1.0000e-40, 1.0000e-40,
         1.0000e-40, 1.0000e-40, 1.0000e-40, 1.0000e-40, 1.0000e-40, 1.0000e-40,
         1.0000e-40, 1.0000e-40]], dtype=torch.float64)}"
1.944e+06,222.762,4.1351e-08,"{'pres': tensor([[7.0013e+04, 5.7350e+04, 4.6977e+04, 3.8480e+04, 3.1520e+04, 2.5819e+04,
         2.1149e+04, 1.7324e+04, 1.4190e+04, 1.1624e+04, 9.5214e+03, 7.7993e+03,
         6.3886e+03, 5.2331e+03, 4.2866e+03, 3.5112e+03, 2.8762e+03, 2.3559e+03,
         1.9298e+03, 1.5808e+03, 1.2949e+03, 1.0607e+03, 8.6881e+02, 7.1167e+02,
         5.8295e+02, 4.7751e+02, 3.9114e+02, 3.2040e+02, 2.6245e+02, 2.1498e+02,
         1.7609e+02, 1.4424e+02, 1.1815e+02, 9.6783e+01, 7.9278e+01, 6.4939e+01,
         5.3193e+01, 4.3572e+01, 3.5691e+01, 2.9236e+01, 2.3948e+01, 1.9616e+01,
         1.6068e+01, 1.3162e+01, 1.0781e+01, 8.8313e+00, 7.2340e+00, 5.9256e+00,
         4.8538e+00, 3.9759e+00, 3.2568e+00, 2.6677e+00, 2.1852e+00, 1.7900e+00,
         1.4662e+00, 1.2010e+00, 9.8378e-01, 8.0585e-01, 6.6009e-01, 5.4070e-01,
         4.4290e-01, 3.6279e-01, 2.9717e-01, 2.4342e-01, 1.9940e-01, 1.6333e-01,
         1.3379e-01, 1.0959e-01, 8.9769e-02, 7.3532e-02, 6.0232e-02, 4.9338e-02,
         4.0414e-02, 3.3104e-02, 2.7117e-02, 2.2212e-02, 1.8195e-02, 1.4904e-02,
         1.2208e-02, 1.0000e-02]], dtype=torch.float64), 'temp': tensor([[205.4642, 201.2438, 197.0198, 192.7597, 188.4134, 183.9162, 179.1958,
         174.1801, 168.7829, 163.0079, 156.8169, 150.4901, 144.1341, 138.1821,
         133.3525, 131.1590, 129.7984, 128.7169, 127.7915, 126.9804, 126.2605,
         125.5994, 124.9879, 124.4318, 123.9127, 123.4228, 122.9740, 122.5540,
         122.1544, 121.7850, 121.4434, 121.1113, 120.8047, 120.4965, 120.2155,
         119.8664, 119.5264, 119.2122, 118.8758, 118.5340, 118.1932, 117.8638,
         117.5427, 117.2304, 116.9268, 116.6305, 116.3403, 116.0585, 115.7836,
         115.5160, 115.2561, 115.0033, 114.7530, 114.5116, 114.2668, 114.0332,
         113.7891, 113.5540, 113.3074, 113.0652, 112.8131, 112.5643, 112.2981,
         112.0450, 111.7609, 111.5012, 111.2015, 110.9264, 110.6158, 110.3348,
         110.0257, 109.7406, 109.4547, 109.1820, 108.9252, 108.6776, 108.4346,
         108.2258, 108.0029, 107.8672]], dtype=torch.float64), 'xCO2': tensor([[0.7142, 0.7473, 0.7732, 0.7691, 0.7417, 0.7019, 0.6461, 0.5702, 0.4728,
         0.3577, 0.2260, 0.1195, 0.0584, 0.0279, 0.0155, 0.0118, 0.0111, 0.0110,
         0.0112, 0.0116, 0.0122, 0.0128, 0.0135, 0.0142, 0.0150, 0.0158, 0.0167,
         0.0178, 0.0189, 0.0202, 0.0216, 0.0233, 0.0253, 0.0289, 0.0331, 0.0413,
         0.0494, 0.0560, 0.0633, 0.0708, 0.0774, 0.0848, 0.0928, 0.1017, 0.1114,
         0.1224, 0.1345, 0.1479, 0.1626, 0.1787, 0.1963, 0.2157, 0.2375, 0.2612,
         0.2870, 0.3150, 0.3452, 0.3778, 0.4139, 0.4523, 0.4931, 0.5360, 0.5807,
         0.6276, 0.6763, 0.7253, 0.7737, 0.8207, 0.8652, 0.9061, 0.9413, 0.9691,
         0.9885, 0.9969, 0.9946, 0.9816, 0.9580, 0.9233, 0.8810, 0.8336]],
       dtype=torch.float64), 'xH2O': tensor([[5.2968e-06, 3.4678e-06, 2.1983e-06, 1.3421e-06, 7.8313e-07, 4.3100e-07,
         2.1970e-07, 1.0090e-07, 4.0389e-08, 1.3788e-08, 3.9743e-09, 9.8258e-10,
         2.0357e-10, 4.1297e-11, 5.6197e-12, 5.6261e-13, 1.9625e-13, 1.3811e-13,
         1.4298e-13, 1.6099e-13, 1.9033e-13, 2.4042e-13, 3.1525e-13, 3.9424e-13,
         4.8060e-13, 6.1114e-13, 7.8949e-13, 1.0284e-12, 1.3501e-12, 1.7637e-12,
         2.2908e-12, 2.8998e-12, 3.5010e-12, 4.1505e-12, 4.7538e-12, 5.5697e-12,
         6.3327e-12, 6.9576e-12, 7.7877e-12, 8.8081e-12, 1.0027e-11, 1.1327e-11,
         1.2696e-11, 1.4126e-11, 1.5614e-11, 1.7156e-11, 1.8736e-11, 2.0356e-11,
         2.2009e-11, 2.3692e-11, 2.5402e-11, 2.7131e-11, 2.8836e-11, 3.0536e-11,
         3.2196e-11, 3.3832e-11, 3.5376e-11, 3.6906e-11, 3.8214e-11, 3.9462e-11,
         4.0597e-11, 4.1649e-11, 4.2556e-11, 4.3505e-11, 4.4065e-11, 4.4743e-11,
         4.5264e-11, 4.5919e-11, 4.6322e-11, 4.7032e-11, 4.7711e-11, 4.8796e-11,
         5.0259e-11, 5.2124e-11, 5.2963e-11, 4.8496e-11, 4.0248e-11, 3.2424e-11,
         2.7170e-11, 2.5216e-11]], dtype=torch.float64), 'xSO2': tensor([[4.3231e-02, 3.6303e-02, 3.0069e-02, 2.4355e-02, 1.8964e-02, 1.4121e-02,
         9.9737e-03, 6.5501e-03, 3.9011e-03, 2.0569e-03, 9.4403e-04, 3.8557e-04,
         1.3935e-04, 4.8369e-05, 2.0039e-05, 1.2681e-05, 1.0848e-05, 9.8967e-06,
         9.4149e-06, 9.2028e-06, 9.1949e-06, 9.3210e-06, 9.5655e-06, 9.9368e-06,
         1.0368e-05, 1.0838e-05, 1.1336e-05, 1.1873e-05, 1.2461e-05, 1.3086e-05,
         1.3752e-05, 1.4505e-05, 1.5427e-05, 1.7304e-05, 1.9612e-05, 2.4194e-05,
         2.8741e-05, 3.2464e-05, 3.6248e-05, 3.9954e-05, 4.3315e-05, 4.7005e-05,
         5.1043e-05, 5.5447e-05, 6.0233e-05, 6.5555e-05, 7.1335e-05, 7.7553e-05,
         8.4217e-05, 9.1334e-05, 9.8907e-05, 1.0701e-04, 1.1574e-04, 1.2491e-04,
         1.3448e-04, 1.4440e-04, 1.5462e-04, 1.6506e-04, 1.7583e-04, 1.8651e-04,
         1.9694e-04, 2.0690e-04, 2.1614e-04, 2.2443e-04, 2.3138e-04, 2.3661e-04,
         2.3981e-04, 2.4073e-04, 2.3910e-04, 2.3440e-04, 2.2691e-04, 2.1647e-04,
         2.0298e-04, 1.8535e-04, 1.6442e-04, 1.4096e-04, 1.1580e-04, 9.0379e-05,
         6.7740e-05, 5.0666e-05]], dtype=torch.float64), 'xH2SO4aer': tensor([[6.5903e-08, 7.4858e-08, 8.6157e-08, 9.9431e-08, 1.1582e-07, 1.3597e-07,
         1.6053e-07, 1.9096e-07, 2.3025e-07, 2.8810e-07, 4.2279e-07, 7.6876e-07,
         8.7548e-07, 1.9980e-07, 6.8044e-09, 4.0541e-10, 2.8526e-10, 2.6079e-10,
         2.5189e-10, 2.4488e-10, 2.3545e-10, 2.2291e-10, 2.1219e-10, 2.0630e-10,
         2.0511e-10, 2.0623e-10, 2.0702e-10, 2.0595e-10, 2.0184e-10, 1.9444e-10,
         1.8322e-10, 1.6673e-10, 1.4989e-10, 1.4620e-10, 1.5141e-10, 1.7056e-10,
         1.9063e-10, 2.0707e-10, 2.0985e-10, 1.9783e-10, 1.6707e-10, 1.3875e-10,
         1.1340e-10, 9.1316e-11, 7.2556e-11, 5.6976e-11, 4.4312e-11, 3.4176e-11,
         2.6157e-11, 1.9878e-11, 1.5003e-11, 1.1252e-11, 8.3950e-12, 6.2204e-12,
         4.5754e-12, 3.3391e-12, 2.4159e-12, 1.7325e-12, 1.2353e-12, 8.7251e-13,
         6.1007e-13, 4.2198e-13, 2.8846e-13, 1.9532e-13, 1.3132e-13, 8.7316e-14,
         5.7311e-14, 3.7120e-14, 2.3721e-14, 1.5085e-14, 9.3874e-15, 5.6644e-15,
         3.2517e-15, 1.7613e-15, 8.3977e-16, 3.1842e-16, 9.5692e-17, 2.9197e-17,
         8.3482e-18, 1.8027e-18]], dtype=torch.float64), 'xS8aer': tensor([[1.4612e-34, 3.1227e-34, 7.8562e-34, 2.4264e-33, 9.2265e-33, 3.8493e-32,
         1.7673e-31, 4.2856e-30, 1.6581e-27, 5.7097e-25, 2.2721e-22, 5.9228e-21,
         9.7435e-21, 2.0515e-21, 4.2390e-23, 1.4838e-25, 1.8827e-26, 5.9509e-27,
         3.0297e-27, 1.6226e-27, 8.8030e-28, 5.2673e-28, 3.2653e-28, 1.9812e-28,
         1.3143e-28, 9.0964e-29, 5.8700e-29, 4.0898e-29, 3.0474e-29, 2.3775e-29,
         2.4285e-29, 2.6021e-29, 2.8162e-29, 3.2011e-29, 3.6551e-29, 4.5195e-29,
         5.3725e-29, 6.0712e-29, 4.9538e-29, 2.5906e-29, 9.5484e-30, 6.9811e-30,
         5.4010e-30, 4.1361e-30, 3.1240e-30, 2.5407e-30, 1.8820e-30, 1.2239e-30,
         6.7674e-31, 2.4260e-31, 1.6185e-32, 1.0000e-40, 1.0000e-40, 1.0000e-40,
         1.0000e-40, 1.0000e-40, 1.0000e-40, 1.0000e-40, 1.0000e-40, 1.0000e-40,
         1.0000e-40, 1.0000e-40, 1.0000e-40, 1.0000e-40, 1.0000e-40, 1.0000e-40,
         1.0000e-40, 1.0000e-40, 1.0000e-40, 1.0000e-40, 1.0000e-40, 1.0000e-40,
         1.0000e-40, 1.0000e-40, 1.0000e-40, 1.0000e-40, 1.0000e-40, 1.0000e-40,
         1.0000e-40, 1.0000e-40]], dtype=torch.float64)}"
1.9656e+06,222.763,8.87608e-08,"{'pres': tensor([[7.0013e+04, 5.7350e+04, 4.6977e+04, 3.8480e+04, 3.1520e+04, 2.5819e+04,
         2.1149e+04, 1.7324e+04, 1.4190e+04, 1.1624e+04, 9.5214e+03, 7.7993e+03,
         6.3886e+03, 5.2331e+03, 4.2866e+03, 3.5112e+03, 2.8762e+03, 2.3559e+03,
         1.9298e+03, 1.5808e+03, 1.2949e+03, 1.0607e+03, 8.6881e+02, 7.1167e+02,
         5.8295e+02, 4.7751e+02, 3.9114e+02, 3.2040e+02, 2.6245e+02, 2.1498e+02,
         1.7609e+02, 1.4424e+02, 1.1815e+02, 9.6783e+01, 7.9278e+01, 6.4939e+01,
         5.3193e+01, 4.3572e+01, 3.5691e+01, 2.9236e+01, 2.3948e+01, 1.9616e+01,
         1.6068e+01, 1.3162e+01, 1.0781e+01, 8.8313e+00, 7.2340e+00, 5.9256e+00,
         4.8538e+00, 3.9759e+00, 3.2568e+00, 2.6677e+00, 2.1852e+00, 1.7900e+00,
         1.4662e+00, 1.2010e+00, 9.8378e-01, 8.0585e-01, 6.6009e-01, 5.4070e-01,
         4.4290e-01, 3.6279e-01, 2.9717e-01, 2.4342e-01, 1.9940e-01, 1.6333e-01,
         1.3379e-01, 1.0959e-01, 8.9769e-02, 7.3532e-02, 6.0232e-02, 4.9338e-02,
         4.0414e-02, 3.3104e-02, 2.7117e-02, 2.2212e-02, 1.8195e-02, 1.4904e-02,
         1.2208e-02, 1.0000e-02]], dtype=torch.float64), 'temp': tensor([[205.3895, 201.2000, 196.9960, 192.7734, 188.4330, 183.9735, 179.2447,
         174.2587, 168.8442, 163.0657, 156.8909, 150.5606, 144.2058, 138.1759,
         133.3517, 131.1594, 129.7987, 128.7172, 127.7917, 126.9806, 126.2608,
         125.5997, 124.9881, 124.4320, 123.9129, 123.4230, 122.9743, 122.5543,
         122.1547, 121.7853, 121.4437, 121.1116, 120.8050, 120.4969, 120.2159,
         119.8672, 119.5273, 119.2129, 118.8764, 118.5346, 118.1938, 117.8644,
         117.5433, 117.2310, 116.9273, 116.6311, 116.3408, 116.0591, 115.7841,
         115.5165, 115.2566, 115.0038, 114.7534, 114.5120, 114.2671, 114.0336,
         113.7894, 113.5543, 113.3077, 113.0655, 112.8133, 112.5645, 112.2983,
         112.0452, 111.7611, 111.5014, 111.2016, 110.9266, 110.6160, 110.3350,
         110.0258, 109.7408, 109.4549, 109.1822, 108.9253, 108.6777, 108.4348,
         108.2260, 108.0031, 107.8673]], dtype=torch.float64), 'xCO2': tensor([[0.7142, 0.7473, 0.7731, 0.7691, 0.7417, 0.7019, 0.6461, 0.5701, 0.4728,
         0.3575, 0.2258, 0.1193, 0.0583, 0.0279, 0.0155, 0.0118, 0.0111, 0.0110,
         0.0112, 0.0116, 0.0122, 0.0128, 0.0135, 0.0142, 0.0150, 0.0158, 0.0167,
         0.0178, 0.0189, 0.0202, 0.0216, 0.0233, 0.0253, 0.0289, 0.0331, 0.0413,
         0.0494, 0.0560, 0.0633, 0.0708, 0.0774, 0.0848, 0.0928, 0.1017, 0.1114,
         0.1224, 0.1345, 0.1479, 0.1626, 0.1787, 0.1963, 0.2157, 0.2375, 0.2612,
         0.2870, 0.3150, 0.3452, 0.3778, 0.4139, 0.4523, 0.4931, 0.5360, 0.5807,
         0.6276, 0.6763, 0.7253, 0.7737, 0.8207, 0.8652, 0.9061, 0.9413, 0.9691,
         0.9885, 0.9969, 0.9946, 0.9816, 0.9580, 0.9233, 0.8810, 0.8336]],
       dtype=torch.float64), 'xH2O': tensor([[5.2983e-06, 3.4688e-06, 2.1988e-06, 1.3423e-06, 7.8314e-07, 4.3093e-07,
         2.1961e-07, 1.0083e-07, 4.0348e-08, 1.3771e-08, 3.9667e-09, 9.8031e-10,
         2.0298e-10, 4.1205e-11, 5.6007e-12, 5.6137e-13, 1.9603e-13, 1.3806e-13,
         1.4296e-13, 1.6098e-13, 1.9032e-13, 2.4041e-13, 3.1526e-13, 3.9425e-13,
         4.8062e-13, 6.1117e-13, 7.8952e-13, 1.0285e-12, 1.3501e-12, 1.7638e-12,
         2.2909e-12, 2.9000e-12, 3.5013e-12, 4.1509e-12, 4.7544e-12, 5.5705e-12,
         6.3336e-12, 6.9587e-12, 7.7889e-12, 8.8093e-12, 1.0029e-11, 1.1329e-11,
         1.2698e-11, 1.4128e-11, 1.5616e-11, 1.7159e-11, 1.8739e-11, 2.0359e-11,
         2.2013e-11, 2.3696e-11, 2.5406e-11, 2.7135e-11, 2.8840e-11, 3.0540e-11,
         3.2200e-11, 3.3835e-11, 3.5379e-11, 3.6909e-11, 3.8218e-11, 3.9465e-11,
         4.0601e-11, 4.1653e-11, 4.2560e-11, 4.3509e-11, 4.4069e-11, 4.4746e-11,
         4.5267e-11, 4.5923e-11, 4.6325e-11, 4.7036e-11, 4.7715e-11, 4.8800e-11,
         5.0262e-11, 5.2128e-11, 5.2967e-11, 4.8500e-11, 4.0251e-11, 3.2427e-11,
         2.7173e-11, 2.5218e-11]], dtype=torch.float64), 'xSO2': tensor([[4.3238e-02, 3.6309e-02, 3.0073e-02, 2.4357e-02, 1.8964e-02, 1.4120e-02,
         9.9712e-03, 6.5474e-03, 3.8985e-03, 2.0552e-03, 9.4279e-04, 3.8495e-04,
         1.3907e-04, 4.8299e-05, 2.0030e-05, 1.2682e-05, 1.0849e-05, 9.8975e-06,
         9.4156e-06, 9.2034e-06, 9.1954e-06, 9.3216e-06, 9.5662e-06, 9.9373e-06,
         1.0369e-05, 1.0838e-05, 1.1336e-05, 1.1873e-05, 1.2461e-05, 1.3086e-05,
         1.3752e-05, 1.4505e-05, 1.5427e-05, 1.7306e-05, 1.9613e-05, 2.4197e-05,
         2.8744e-05, 3.2469e-05, 3.6254e-05, 3.9962e-05, 4.3321e-05, 4.7011e-05,
         5.1048e-05, 5.5451e-05, 6.0236e-05, 6.5557e-05, 7.1336e-05, 7.7553e-05,
         8.4217e-05, 9.1334e-05, 9.8908e-05, 1.0701e-04, 1.1574e-04, 1.2491e-04,
         1.3448e-04, 1.4441e-04, 1.5462e-04, 1.6506e-04, 1.7583e-04, 1.8652e-04,
         1.9694e-04, 2.0690e-04, 2.1615e-04, 2.2444e-04, 2.3138e-04, 2.3661e-04,
         2.3981e-04, 2.4074e-04, 2.3910e-04, 2.3441e-04, 2.2691e-04, 2.1647e-04,
         2.0299e-04, 1.8535e-04, 1.6443e-04, 1.4096e-04, 1.1580e-04, 9.0381e-05,
         6.7741e-05, 5.0667e-05]], dtype=torch.float64), 'xH2SO4aer': tensor([[6.5906e-08, 7.4860e-08, 8.6159e-08, 9.9434e-08, 1.1583e-07, 1.3598e-07,
         1.6054e-07, 1.9097e-07, 2.3025e-07, 2.8811e-07, 4.2287e-07, 7.6898e-07,
         8.7531e-07, 1.9950e-07, 6.7890e-09, 4.0517e-10, 2.8518e-10, 2.6062e-10,
         2.5144e-10, 2.4401e-10, 2.3422e-10, 2.2167e-10, 2.1130e-10, 2.0584e-10,
         2.0495e-10, 2.0619e-10, 2.0702e-10, 2.0595e-10, 2.0185e-10, 1.9445e-10,
         1.8323e-10, 1.6675e-10, 1.4991e-10, 1.4622e-10, 1.5142e-10, 1.7058e-10,
         1.9065e-10, 2.0710e-10, 2.0988e-10, 1.9786e-10, 1.6709e-10, 1.3877e-10,
         1.1341e-10, 9.1324e-11, 7.2562e-11, 5.6980e-11, 4.4316e-11, 3.4178e-11,
         2.6159e-11, 1.9880e-11, 1.5004e-11, 1.1253e-11, 8.3957e-12, 6.2209e-12,
         4.5758e-12, 3.3394e-12, 2.4161e-12, 1.7327e-12, 1.2354e-12, 8.7259e-13,
         6.1013e-13, 4.2202e-13, 2.8849e-13, 1.9534e-13, 1.3134e-13, 8.7324e-14,
         5.7317e-14, 3.7124e-14, 2.3723e-14, 1.5087e-14, 9.3884e-15, 5.6650e-15,
         3.2520e-15, 1.7615e-15, 8.3986e-16, 3.1845e-16, 9.5703e-17, 2.9200e-17,
         8.3492e-18, 1.8029e-18]], dtype=torch.float64), 'xS8aer': tensor([[1.4613e-34, 3.1222e-34, 7.8532e-34, 2.4249e-33, 9.2180e-33, 3.8446e-32,
         1.7648e-31, 4.2832e-30, 1.6593e-27, 5.7192e-25, 2.2777e-22, 5.9278e-21,
         9.7372e-21, 2.0470e-21, 4.2227e-23, 1.4768e-25, 1.8782e-26, 5.9467e-27,
         3.0286e-27, 1.6222e-27, 8.8009e-28, 5.2660e-28, 3.2645e-28, 1.9808e-28,
         1.3140e-28, 9.0945e-29, 5.8686e-29, 4.0885e-29, 3.0460e-29, 2.3769e-29,
         2.4282e-29, 2.6021e-29, 2.8163e-29, 3.2014e-29, 3.6555e-29, 4.5201e-29,
         5.3732e-29, 6.0720e-29, 4.9562e-29, 2.5945e-29, 9.5741e-30, 7.0040e-30,
         5.4220e-30, 4.1548e-30, 3.1401e-30, 2.5539e-30, 1.8931e-30, 1.2331e-30,
         6.8379e-31, 2.4687e-31, 1.6560e-32, 1.0000e-40, 1.0000e-40, 1.0000e-40,
         1.0000e-40, 1.0000e-40, 1.0000e-40, 1.0000e-40, 1.0000e-40, 1.0000e-40,
         1.0000e-40, 1.0000e-40, 1.0000e-40, 1.0000e-40, 1.0000e-40, 1.0000e-40,
         1.0000e-40, 1.0000e-40, 1.0000e-40, 1.0000e-40, 1.0000e-40, 1.0000e-40,
         1.0000e-40, 1.0000e-40, 1.0000e-40, 1.0000e-40, 1.0000e-40, 1.0000e-40,
         1.0000e-40, 1.0000e-40]], dtype=torch.float64)}"
1.9872e+06,222.755,2.1949e-08,"{'pres': tensor([[7.0013e+04, 5.7350e+04, 4.6977e+04, 3.8480e+04, 3.1520e+04, 2.5819e+04,
         2.1149e+04, 1.7324e+04, 1.4190e+04, 1.1624e+04, 9.5214e+03, 7.7993e+03,
         6.3886e+03, 5.2331e+03, 4.2866e+03, 3.5112e+03, 2.8762e+03, 2.3559e+03,
         1.9298e+03, 1.5808e+03, 1.2949e+03, 1.0607e+03, 8.6881e+02, 7.1167e+02,
         5.8295e+02, 4.7751e+02, 3.9114e+02, 3.2040e+02, 2.6245e+02, 2.1498e+02,
         1.7609e+02, 1.4424e+02, 1.1815e+02, 9.6783e+01, 7.9278e+01, 6.4939e+01,
         5.3193e+01, 4.3572e+01, 3.5691e+01, 2.9236e+01, 2.3948e+01, 1.9616e+01,
         1.6068e+01, 1.3162e+01, 1.0781e+01, 8.8313e+00, 7.2340e+00, 5.9256e+00,
         4.8538e+00, 3.9759e+00, 3.2568e+00, 2.6677e+00, 2.1852e+00, 1.7900e+00,
         1.4662e+00, 1.2010e+00, 9.8378e-01, 8.0585e-01, 6.6009e-01, 5.4070e-01,
         4.4290e-01, 3.6279e-01, 2.9717e-01, 2.4342e-01, 1.9940e-01, 1.6333e-01,
         1.3379e-01, 1.0959e-01, 8.9769e-02, 7.3532e-02, 6.0232e-02, 4.9338e-02,
         4.0414e-02, 3.3104e-02, 2.7117e-02, 2.2212e-02, 1.8195e-02, 1.4904e-02,
         1.2208e-02, 1.0000e-02]], dtype=torch.float64), 'temp': tensor([[205.4287, 201.2073, 197.0014, 192.7538, 188.4311, 183.9418, 179.2404,
         174.2195, 168.8330, 163.0252, 156.8978, 150.5301, 144.1953, 138.1697,
         133.3509, 131.1598, 129.7991, 128.7175, 127.7920, 126.9809, 126.2610,
         125.5999, 124.9884, 124.4323, 123.9132, 123.4233, 122.9745, 122.5546,
         122.1550, 121.7856, 121.4440, 121.1120, 120.8054, 120.4973, 120.2164,
         119.8679, 119.5282, 119.2137, 118.8770, 118.5352, 118.1944, 117.8650,
         117.5439, 117.2316, 116.9280, 116.6317, 116.3415, 116.0597, 115.7847,
         115.5171, 115.2572, 115.0043, 114.7540, 114.5125, 114.2677, 114.0341,
         113.7899, 113.5548, 113.3082, 113.0660, 112.8138, 112.5651, 112.2988,
         112.0457, 111.7617, 111.5020, 111.2022, 110.9272, 110.6165, 110.3356,
         110.0264, 109.7413, 109.4554, 109.1827, 108.9258, 108.6782, 108.4352,
         108.2264, 108.0034, 107.8677]], dtype=torch.float64), 'xCO2': tensor([[0.7142, 0.7473, 0.7731, 0.7691, 0.7417, 0.7019, 0.6460, 0.5701, 0.4727,
         0.3575, 0.2269, 0.1203, 0.0588, 0.0279, 0.0155, 0.0118, 0.0111, 0.0110,
         0.0112, 0.0116, 0.0122, 0.0128, 0.0135, 0.0142, 0.0150, 0.0158, 0.0167,
         0.0178, 0.0189, 0.0202, 0.0216, 0.0233, 0.0253, 0.0289, 0.0331, 0.0413,
         0.0494, 0.0560, 0.0633, 0.0708, 0.0774, 0.0848, 0.0928, 0.1017, 0.1114,
         0.1224, 0.1345, 0.1479, 0.1626, 0.1787, 0.1963, 0.2157, 0.2375, 0.2612,
         0.2870, 0.3150, 0.3452, 0.3778, 0.4139, 0.4523, 0.4931, 0.5360, 0.5807,
         0.6276, 0.6763, 0.7253, 0.7737, 0.8207, 0.8652, 0.9061, 0.9413, 0.9691,
         0.9885, 0.9969, 0.9946, 0.9816, 0.9580, 0.9233, 0.8810, 0.8336]],
       dtype=torch.float64), 'xH2O': tensor([[5.2415e-06, 3.4500e-06, 2.1934e-06, 1.3441e-06, 7.8541e-07, 4.3384e-07,
         2.2133e-07, 1.0201e-07, 4.0776e-08, 1.3922e-08, 4.0242e-09, 9.9625e-10,
         2.0650e-10, 4.1312e-11, 5.5836e-12, 5.6014e-13, 1.9582e-13, 1.3802e-13,
         1.4295e-13, 1.6097e-13, 1.9031e-13, 2.4041e-13, 3.1526e-13, 3.9427e-13,
         4.8064e-13, 6.1120e-13, 7.8957e-13, 1.0285e-12, 1.3502e-12, 1.7639e-12,
         2.2911e-12, 2.9002e-12, 3.5016e-12, 4.1514e-12, 4.7550e-12, 5.5713e-12,
         6.3346e-12, 6.9599e-12, 7.7902e-12, 8.8107e-12, 1.0030e-11, 1.1331e-11,
         1.2700e-11, 1.4131e-11, 1.5619e-11, 1.7162e-11, 1.8743e-11, 2.0363e-11,
         2.2017e-11, 2.3700e-11, 2.5410e-11, 2.7139e-11, 2.8845e-11, 3.0545e-11,
         3.2205e-11, 3.3841e-11, 3.5385e-11, 3.6915e-11, 3.8224e-11, 3.9472e-11,
         4.0608e-11, 4.1660e-11, 4.2568e-11, 4.3517e-11, 4.4078e-11, 4.4756e-11,
         4.5277e-11, 4.5933e-11, 4.6336e-11, 4.7048e-11, 4.7727e-11, 4.8812e-11,
         5.0275e-11, 5.2141e-11, 5.2976e-11, 4.8504e-11, 4.0254e-11, 3.2429e-11,
         2.7175e-11, 2.5220e-11]], dtype=torch.float64), 'xSO2': tensor([[4.2969e-02, 3.6199e-02, 3.0032e-02, 2.4377e-02, 1.8998e-02, 1.4177e-02,
         1.0018e-02, 6.5879e-03, 3.9233e-03, 2.0697e-03, 9.5199e-04, 3.8921e-04,
         1.4069e-04, 4.8353e-05, 2.0022e-05, 1.2683e-05, 1.0850e-05, 9.8983e-06,
         9.4163e-06, 9.2041e-06, 9.1961e-06, 9.3223e-06, 9.5669e-06, 9.9379e-06,
         1.0369e-05, 1.0839e-05, 1.1336e-05, 1.1873e-05, 1.2461e-05, 1.3085e-05,
         1.3752e-05, 1.4505e-05, 1.5428e-05, 1.7307e-05, 1.9615e-05, 2.4200e-05,
         2.8748e-05, 3.2474e-05, 3.6260e-05, 3.9969e-05, 4.3328e-05, 4.7017e-05,
         5.1053e-05, 5.5455e-05, 6.0239e-05, 6.5559e-05, 7.1337e-05, 7.7554e-05,
         8.4218e-05, 9.1335e-05, 9.8908e-05, 1.0701e-04, 1.1574e-04, 1.2491e-04,
         1.3448e-04, 1.4441e-04, 1.5462e-04, 1.6506e-04, 1.7583e-04, 1.8652e-04,
         1.9695e-04, 2.0690e-04, 2.1615e-04, 2.2444e-04, 2.3139e-04, 2.3662e-04,
         2.3982e-04, 2.4074e-04, 2.3911e-04, 2.3441e-04, 2.2692e-04, 2.1648e-04,
         2.0299e-04, 1.8535e-04, 1.6443e-04, 1.4096e-04, 1.1580e-04, 9.0382e-05,
         6.7742e-05, 5.0668e-05]], dtype=torch.float64), 'xH2SO4aer': tensor([[6.5908e-08, 7.4862e-08, 8.6162e-08, 9.9437e-08, 1.1583e-07, 1.3598e-07,
         1.6054e-07, 1.9097e-07, 2.3026e-07, 2.8813e-07, 4.2294e-07, 7.6920e-07,
         8.7515e-07, 1.9921e-07, 6.7736e-09, 4.0492e-10, 2.8510e-10, 2.6045e-10,
         2.5096e-10, 2.4312e-10, 2.3300e-10, 2.2046e-10, 2.1045e-10, 2.0542e-10,
         2.0481e-10, 2.0615e-10, 2.0701e-10, 2.0595e-10, 2.0185e-10, 1.9446e-10,
         1.8324e-10, 1.6676e-10, 1.4992e-10, 1.4623e-10, 1.5144e-10, 1.7060e-10,
         1.9068e-10, 2.0712e-10, 2.0991e-10, 1.9788e-10, 1.6711e-10, 1.3878e-10,
         1.1342e-10, 9.1332e-11, 7.2568e-11, 5.6985e-11, 4.4319e-11, 3.4181e-11,
         2.6161e-11, 1.9882e-11, 1.5005e-11, 1.1254e-11, 8.3964e-12, 6.2215e-12,
         4.5762e-12, 3.3398e-12, 2.4164e-12, 1.7328e-12, 1.2355e-12, 8.7270e-13,
         6.1021e-13, 4.2208e-13, 2.8853e-13, 1.9537e-13, 1.3136e-13, 8.7340e-14,
         5.7328e-14, 3.7132e-14, 2.3728e-14, 1.5090e-14, 9.3904e-15, 5.6662e-15,
         3.2526e-15, 1.7618e-15, 8.3991e-16, 3.1844e-16, 9.5700e-17, 2.9200e-17,
         8.3493e-18, 1.8030e-18]], dtype=torch.float64), 'xS8aer': tensor([[1.4613e-34, 3.1217e-34, 7.8502e-34, 2.4234e-33, 9.2095e-33, 3.8399e-32,
         1.7622e-31, 4.2808e-30, 1.6605e-27, 5.7287e-25, 2.2830e-22, 5.9292e-21,
         9.7309e-21, 2.0424e-21, 4.2064e-23, 1.4700e-25, 1.8738e-26, 5.9427e-27,
         3.0275e-27, 1.6217e-27, 8.7988e-28, 5.2647e-28, 3.2637e-28, 1.9804e-28,
         1.3137e-28, 9.0916e-29, 5.8664e-29, 4.0863e-29, 3.0438e-29, 2.3761e-29,
         2.4280e-29, 2.6021e-29, 2.8164e-29, 3.2015e-29, 3.6554e-29, 4.5196e-29,
         5.3722e-29, 6.0707e-29, 4.9561e-29, 2.5959e-29, 9.5726e-30, 6.9979e-30,
         5.4118e-30, 4.1404e-30, 3.1219e-30, 2.5295e-30, 1.8656e-30, 1.2062e-30,
         6.6235e-31, 2.3618e-31, 1.5729e-32, 1.0000e-40, 1.0000e-40, 1.0000e-40,
         1.0000e-40, 1.0000e-40, 1.0000e-40, 1.0000e-40, 1.0000e-40, 1.0000e-40,
         1.0000e-40, 1.0000e-40, 1.0000e-40, 1.0000e-40, 1.0000e-40, 1.0000e-40,
         1.0000e-40, 1.0000e-40, 1.0000e-40, 1.0000e-40, 1.0000e-40, 1.0000e-40,
         1.0000e-40, 1.0000e-40, 1.0000e-40, 1.0000e-40, 1.0000e-40, 1.0000e-40,
         1.0000e-40, 1.0000e-40]], dtype=torch.float64)}"
