tot_time [s],surface_temp [K],precip_rate [m/s],"atm(pres [Pa], temp [K], xfrac [mol/mol])"
0,235.349,2.68484e-06,"{'pres': tensor([[5.3000e+04, 4.2137e+04, 3.3501e+04, 2.6635e+04, 2.1176e+04, 1.6836e+04,
         1.3385e+04, 1.0642e+04, 8.4606e+03, 6.7265e+03, 5.3479e+03, 4.2518e+03,
         3.3803e+03, 2.6875e+03, 2.1367e+03, 1.6988e+03, 1.3506e+03, 1.0738e+03,
         8.5370e+02, 6.7873e+02, 5.3962e+02, 4.2902e+02, 3.4109e+02, 2.7118e+02,
         2.1560e+02, 1.7141e+02, 1.3628e+02, 1.0835e+02, 8.6141e+01, 6.8485e+01,
         5.4449e+01, 4.3289e+01, 3.4417e+01, 2.7363e+01, 2.1755e+01, 1.7296e+01,
         1.3751e+01, 1.0933e+01, 8.6918e+00, 6.9104e+00, 5.4941e+00, 4.3680e+00,
         3.4728e+00, 2.7610e+00, 2.1951e+00, 1.7452e+00, 1.3875e+00, 1.1031e+00,
         8.7703e-01, 6.9728e-01, 5.5437e-01, 4.4075e-01, 3.5041e-01, 2.7859e-01,
         2.2149e-01, 1.7610e-01, 1.4000e-01, 1.1131e-01, 8.8495e-02, 7.0358e-02,
         5.5937e-02, 4.4473e-02, 3.5358e-02, 2.8111e-02, 2.2349e-02, 1.7769e-02,
         1.4127e-02, 1.1231e-02, 8.9295e-03, 7.0993e-03, 5.6442e-03, 4.4874e-03,
         3.5677e-03, 2.8365e-03, 2.2551e-03, 1.7929e-03, 1.4254e-03, 1.1333e-03,
         9.0101e-04, 7.1634e-04]], dtype=torch.float64), 'temp': tensor([[189.9156, 185.0029, 179.3786, 172.7483, 165.3513, 157.6613, 149.9457,
         142.5177, 135.3449, 128.5790, 122.0862, 115.9782, 110.1351, 104.6247,
         100.0319, 100.0202, 100.0158, 100.0146, 100.0147, 100.0153, 100.0163,
         100.0177, 100.0194, 100.0215, 100.0240, 100.0269, 100.0302, 100.0338,
         100.0377, 100.0418, 100.0463, 100.0511, 100.0562, 100.0617, 100.0676,
         100.0741, 100.0835, 100.1259, 100.2049, 100.2454, 100.2816, 100.3236,
         100.3725, 100.4300, 100.4969, 100.5747, 100.6650, 100.7694, 100.8912,
         101.0335, 101.1975, 101.3863, 101.6033, 101.8522, 102.1401, 102.4721,
         102.8481, 103.2704, 103.7393, 104.2539, 104.8172, 105.4249, 106.0643,
         106.7256, 107.3975, 108.0665, 108.7221, 109.3464, 109.9159, 110.4154,
         110.8271, 111.1380, 111.3265, 111.3841, 111.3121, 111.1175, 110.8113,
         110.4145, 109.9342, 109.4098]], dtype=torch.float64), 'xCO2': tensor([[8.5934e-01, 7.7387e-01, 7.1364e-01, 4.0179e-01, 1.9731e-01, 8.9957e-02,
         3.8151e-02, 1.4669e-02, 5.6315e-03, 1.9007e-03, 6.4899e-04, 1.8748e-04,
         5.4385e-05, 1.8759e-05, 1.2377e-05, 1.3248e-05, 1.6017e-05, 1.9711e-05,
         2.4453e-05, 3.0430e-05, 3.7946e-05, 4.7374e-05, 5.9183e-05, 7.4204e-05,
         9.3306e-05, 1.1728e-04, 1.4735e-04, 1.8502e-04, 2.3219e-04, 2.9229e-04,
         3.6863e-04, 4.6447e-04, 5.8469e-04, 7.3541e-04, 9.2426e-04, 1.1661e-03,
         1.4781e-03, 1.8887e-03, 2.4230e-03, 3.0901e-03, 3.9240e-03, 5.0117e-03,
         6.4187e-03, 8.2311e-03, 1.0572e-02, 1.3605e-02, 1.7550e-02, 2.2924e-02,
         3.0061e-02, 3.9592e-02, 5.2390e-02, 6.9688e-02, 9.3821e-02, 1.2828e-01,
         1.7688e-01, 2.4567e-01, 3.3447e-01, 3.9989e-01, 4.4418e-01, 4.8644e-01,
         5.3051e-01, 5.7679e-01, 6.2510e-01, 6.7467e-01, 7.2465e-01, 7.7403e-01,
         8.2123e-01, 8.6460e-01, 9.0261e-01, 9.3362e-01, 9.5421e-01, 9.6492e-01,
         9.6608e-01, 9.5873e-01, 9.4784e-01, 9.3837e-01, 9.3423e-01, 9.3776e-01,
         9.4128e-01, 9.4128e-01]], dtype=torch.float64), 'xH2O': tensor([[1.9828e-06, 9.0353e-07, 1.5782e-07, 3.2374e-08, 6.2565e-09, 1.1260e-09,
         1.7751e-10, 2.1437e-11, 1.7794e-12, 5.0771e-13, 3.1784e-13, 9.4365e-14,
         2.5207e-14, 9.1268e-15, 2.5165e-15, 9.3307e-16, 5.7706e-16, 4.7574e-16,
         4.4155e-16, 4.3122e-16, 4.3272e-16, 4.3989e-16, 4.4957e-16, 4.6140e-16,
         4.7733e-16, 4.9998e-16, 5.3135e-16, 5.7235e-16, 6.2392e-16, 6.8908e-16,
         7.7141e-16, 8.7554e-16, 1.0096e-15, 1.1874e-15, 1.4357e-15, 1.8370e-15,
         2.5817e-15, 3.9637e-15, 5.9854e-15, 8.2913e-15, 1.0862e-14, 1.4021e-14,
         1.8010e-14, 2.3061e-14, 2.9468e-14, 3.7599e-14, 4.7940e-14, 6.1675e-14,
         7.9488e-14, 1.0274e-13, 1.3328e-13, 1.7377e-13, 2.2943e-13, 3.0835e-13,
         4.1981e-13, 5.7963e-13, 8.0560e-13, 1.1042e-12, 1.5672e-12, 2.3329e-12,
         3.6559e-12, 5.9848e-12, 1.0428e-11, 1.8532e-11, 3.2337e-11, 5.2155e-11,
         6.7601e-11, 7.3704e-11, 7.3733e-11, 7.0995e-11, 6.7149e-11, 6.2899e-11,
         5.8447e-11, 5.4220e-11, 5.0915e-11, 4.9190e-11, 4.9795e-11, 5.3420e-11,
         5.5909e-11, 5.5909e-11]], dtype=torch.float64), 'xSO2': tensor([[2.8133e-02, 1.7733e-02, 6.9709e-03, 2.7678e-03, 1.0054e-03, 3.3550e-04,
         1.0052e-04, 2.5494e-05, 6.6183e-06, 1.3369e-06, 2.8738e-07, 4.5008e-08,
         6.9328e-09, 1.3414e-09, 6.0150e-10, 5.8040e-10, 6.9005e-10, 8.4434e-10,
         1.0443e-09, 1.2974e-09, 1.6164e-09, 2.0173e-09, 2.5202e-09, 3.1606e-09,
         3.9744e-09, 4.9952e-09, 6.2746e-09, 7.8771e-09, 9.8830e-09, 1.2439e-08,
         1.5686e-08, 1.9764e-08, 2.4883e-08, 3.1304e-08, 3.9359e-08, 4.9715e-08,
         6.3270e-08, 8.1536e-08, 1.0570e-07, 1.3596e-07, 1.7386e-07, 2.2377e-07,
         2.8917e-07, 3.7463e-07, 4.8675e-07, 6.3453e-07, 8.3040e-07, 1.1041e-06,
         1.4769e-06, 1.9888e-06, 2.6971e-06, 3.6868e-06, 5.1244e-06, 7.2775e-06,
         1.0470e-05, 1.5272e-05, 2.2594e-05, 3.4078e-05, 5.3045e-05, 8.2795e-05,
         1.2501e-04, 1.6669e-04, 1.8609e-04, 1.9336e-04, 1.9668e-04, 1.9774e-04,
         1.9638e-04, 1.9257e-04, 1.8631e-04, 1.7747e-04, 1.6551e-04, 1.5108e-04,
         1.3477e-04, 1.1771e-04, 1.0160e-04, 8.7642e-05, 7.6647e-05, 6.8797e-05,
         6.5800e-05, 6.5800e-05]], dtype=torch.float64), 'xH2SO4aer': tensor([[7.0067e-08, 7.8835e-08, 9.7200e-08, 1.1641e-07, 1.3906e-07, 1.6523e-07,
         1.9552e-07, 2.3242e-07, 2.9215e-07, 5.1497e-07, 1.2119e-06, 5.6599e-07,
         7.4165e-09, 5.1595e-13, 2.5765e-14, 1.3766e-14, 8.8308e-15, 6.0526e-15,
         4.3675e-15, 3.2591e-15, 2.5004e-15, 1.9622e-15, 1.5716e-15, 1.2899e-15,
         1.0842e-15, 9.3076e-16, 8.1777e-16, 7.3804e-16, 6.8727e-16, 6.6496e-16,
         6.6965e-16, 7.0028e-16, 7.5806e-16, 8.4522e-16, 9.6511e-16, 1.1261e-15,
         1.3348e-15, 1.5820e-15, 1.7860e-15, 1.8571e-15, 1.8284e-15, 1.7622e-15,
         1.6880e-15, 1.6142e-15, 1.5450e-15, 1.4833e-15, 1.4317e-15, 1.3947e-15,
         1.3719e-15, 1.3646e-15, 1.3739e-15, 1.4018e-15, 1.4537e-15, 1.5355e-15,
         1.6505e-15, 1.8021e-15, 1.9446e-15, 1.8580e-15, 1.6899e-15, 1.5496e-15,
         1.4304e-15, 1.3120e-15, 1.1718e-15, 9.9378e-16, 7.7046e-16, 5.0493e-16,
         2.5247e-16, 1.0230e-16, 3.5603e-17, 1.1090e-17, 3.9523e-18, 1.3601e-18,
         4.4851e-19, 1.6635e-19, 6.8231e-20, 2.9385e-20, 1.3378e-20, 5.7923e-21,
         3.1774e-21, 3.1774e-21]], dtype=torch.float64), 'xS8aer': tensor([[2.1463e-34, 4.3888e-34, 2.1379e-33, 3.4028e-30, 8.1390e-23, 1.8822e-21,
         1.7485e-21, 1.4653e-21, 1.1764e-21, 2.1461e-21, 1.0150e-20, 5.0781e-21,
         4.4971e-23, 7.4310e-28, 1.3088e-32, 5.6437e-33, 3.5322e-33, 2.4572e-33,
         1.8632e-33, 1.5098e-33, 1.3001e-33, 1.1819e-33, 1.1270e-33, 1.1224e-33,
         1.1590e-33, 1.2312e-33, 1.3388e-33, 1.4835e-33, 1.6692e-33, 1.9052e-33,
         2.1995e-33, 2.5597e-33, 2.9985e-33, 3.5317e-33, 4.1805e-33, 4.9928e-33,
         6.0422e-33, 7.4382e-33, 9.1913e-33, 1.1221e-32, 1.3605e-32, 1.6575e-32,
         2.0282e-32, 2.4903e-32, 3.0683e-32, 3.7940e-32, 4.7092e-32, 5.9133e-32,
         7.4632e-32, 9.4691e-32, 1.2080e-31, 1.5499e-31, 2.0111e-31, 2.6464e-31,
         3.5115e-31, 4.6907e-31, 6.1380e-31, 7.0417e-31, 7.4947e-31, 7.8042e-31,
         7.8981e-31, 7.5009e-31, 5.8545e-31, 2.2358e-31, 3.8158e-35, 1.0000e-40,
         1.0000e-40, 1.0000e-40, 1.0000e-40, 1.0000e-40, 1.0000e-40, 1.0000e-40,
         1.0000e-40, 1.0000e-40, 1.0000e-40, 1.0000e-40, 1.0000e-40, 1.0000e-40,
         1.0000e-40, 1.0000e-40]], dtype=torch.float64)}"
21600,231.396,0,"{'pres': tensor([[5.3000e+04, 4.2137e+04, 3.3501e+04, 2.6635e+04, 2.1176e+04, 1.6836e+04,
         1.3385e+04, 1.0642e+04, 8.4606e+03, 6.7265e+03, 5.3479e+03, 4.2518e+03,
         3.3803e+03, 2.6875e+03, 2.1367e+03, 1.6988e+03, 1.3506e+03, 1.0738e+03,
         8.5370e+02, 6.7873e+02, 5.3962e+02, 4.2902e+02, 3.4109e+02, 2.7118e+02,
         2.1560e+02, 1.7141e+02, 1.3628e+02, 1.0835e+02, 8.6141e+01, 6.8485e+01,
         5.4449e+01, 4.3289e+01, 3.4417e+01, 2.7363e+01, 2.1755e+01, 1.7296e+01,
         1.3751e+01, 1.0933e+01, 8.6918e+00, 6.9104e+00, 5.4941e+00, 4.3680e+00,
         3.4728e+00, 2.7610e+00, 2.1951e+00, 1.7452e+00, 1.3875e+00, 1.1031e+00,
         8.7703e-01, 6.9728e-01, 5.5437e-01, 4.4075e-01, 3.5041e-01, 2.7859e-01,
         2.2149e-01, 1.7610e-01, 1.4000e-01, 1.1131e-01, 8.8495e-02, 7.0358e-02,
         5.5937e-02, 4.4473e-02, 3.5358e-02, 2.8111e-02, 2.2349e-02, 1.7769e-02,
         1.4127e-02, 1.1231e-02, 8.9295e-03, 7.0993e-03, 5.6442e-03, 4.4874e-03,
         3.5677e-03, 2.8365e-03, 2.2551e-03, 1.7929e-03, 1.4254e-03, 1.1333e-03,
         9.0101e-04, 7.1634e-04]], dtype=torch.float64), 'temp': tensor([[190.1896, 184.9984, 179.3644, 172.7131, 165.3559, 157.6357, 149.9661,
         142.4970, 135.3877, 128.5636, 122.1151, 115.9759, 110.1740, 104.6253,
         100.0335, 100.0203, 100.0158, 100.0147, 100.0148, 100.0154, 100.0165,
         100.0179, 100.0197, 100.0218, 100.0244, 100.0274, 100.0308, 100.0346,
         100.0387, 100.0431, 100.0479, 100.0531, 100.0588, 100.0650, 100.0717,
         100.0793, 100.0901, 100.1345, 100.2160, 100.2596, 100.2998, 100.3471,
         100.4029, 100.4695, 100.5483, 100.6418, 100.7527, 100.8859, 101.0465,
         101.2420, 101.4793, 101.7700, 102.1338, 102.6004, 103.2098, 104.0239,
         105.0801, 106.1488, 107.2450, 108.5002, 109.9487, 111.4647, 112.8353,
         114.1335, 115.4068, 116.6465, 117.8205, 118.8938, 119.8297, 120.5980,
         121.1530, 121.4962, 121.6200, 121.5419, 121.3226, 121.0258, 120.7105,
         120.4133, 120.0794, 119.6900]], dtype=torch.float64), 'xCO2': tensor([[8.9016e-01, 7.9013e-01, 7.0148e-01, 4.1728e-01, 2.0474e-01, 9.2157e-02,
         3.8547e-02, 1.4762e-02, 5.3372e-03, 1.8495e-03, 5.7583e-04, 1.7208e-04,
         5.2363e-05, 1.9187e-05, 1.0885e-05, 1.2162e-05, 1.4969e-05, 1.8667e-05,
         2.3341e-05, 2.9211e-05, 3.6601e-05, 4.6104e-05, 5.8036e-05, 7.3004e-05,
         9.1765e-05, 1.1526e-04, 1.4486e-04, 1.8284e-04, 2.3053e-04, 2.9038e-04,
         3.6542e-04, 4.5945e-04, 5.7818e-04, 7.3046e-04, 9.2192e-04, 1.1630e-03,
         1.4700e-03, 1.8709e-03, 2.4058e-03, 3.0809e-03, 3.9348e-03, 5.0266e-03,
         6.4298e-03, 8.2406e-03, 1.0637e-02, 1.3837e-02, 1.8072e-02, 2.3726e-02,
         3.1351e-02, 4.1762e-02, 5.6956e-02, 7.8250e-02, 1.0687e-01, 1.4621e-01,
         2.0099e-01, 2.7541e-01, 3.5348e-01, 4.1394e-01, 4.6187e-01, 5.0712e-01,
         5.5431e-01, 6.0392e-01, 6.5544e-01, 7.0778e-01, 7.5974e-01, 8.0995e-01,
         8.5531e-01, 8.9454e-01, 9.2502e-01, 9.4440e-01, 9.5466e-01, 9.5597e-01,
         9.5395e-01, 9.5210e-01, 9.5330e-01, 9.5895e-01, 9.6565e-01, 9.6565e-01,
         9.6565e-01, 9.6565e-01]], dtype=torch.float64), 'xH2O': tensor([[6.2569e-07, 4.2039e-07, 1.5071e-07, 3.9351e-08, 7.6081e-09, 1.3485e-09,
         2.1405e-10, 2.2637e-11, 1.3299e-12, 1.2618e-12, 8.3877e-13, 2.1092e-13,
         4.9858e-14, 1.2264e-14, 1.4182e-15, 8.8706e-16, 6.8415e-16, 5.9609e-16,
         5.5842e-16, 5.4515e-16, 5.4412e-16, 5.4892e-16, 5.5623e-16, 5.6651e-16,
         5.8186e-16, 6.0470e-16, 6.3704e-16, 6.8106e-16, 7.3732e-16, 8.0839e-16,
         8.9857e-16, 1.0152e-15, 1.1729e-15, 1.4037e-15, 1.7542e-15, 2.3199e-15,
         3.2571e-15, 4.7356e-15, 6.8265e-15, 9.2835e-15, 1.2131e-14, 1.5555e-14,
         1.9792e-14, 2.5118e-14, 3.2007e-14, 4.1012e-14, 5.2708e-14, 6.8066e-14,
         8.8507e-14, 1.1618e-13, 1.5677e-13, 2.1566e-13, 3.0270e-13, 4.3908e-13,
         6.6766e-13, 1.1383e-12, 2.1098e-12, 3.8237e-12, 5.0528e-12, 5.8416e-12,
         7.6214e-12, 1.1283e-11, 1.8036e-11, 2.9825e-11, 4.4726e-11, 5.8680e-11,
         6.6715e-11, 6.9504e-11, 6.8442e-11, 6.5316e-11, 6.1629e-11, 5.8297e-11,
         5.6034e-11, 5.5589e-11, 5.7459e-11, 6.1899e-11, 6.6603e-11, 6.6603e-11,
         6.6603e-11, 6.6603e-11]], dtype=torch.float64), 'xSO2': tensor([[1.4276e-02, 1.1520e-02, 6.6228e-03, 2.9870e-03, 1.0826e-03, 3.5608e-04,
         1.0582e-04, 2.7268e-05, 6.4690e-06, 1.4352e-06, 2.6819e-07, 4.6268e-08,
         8.2285e-09, 1.5860e-09, 5.1559e-10, 5.1875e-10, 6.2634e-10, 7.7431e-10,
         9.6237e-10, 1.1985e-09, 1.4955e-09, 1.8773e-09, 2.3564e-09, 2.9571e-09,
         3.7094e-09, 4.6507e-09, 5.8351e-09, 7.3538e-09, 9.2598e-09, 1.1651e-08,
         1.4649e-08, 1.8407e-08, 2.3157e-08, 2.9262e-08, 3.6986e-08, 4.6873e-08,
         5.9820e-08, 7.7131e-08, 1.0033e-07, 1.3031e-07, 1.6853e-07, 2.1800e-07,
         2.8266e-07, 3.6774e-07, 4.8299e-07, 6.4079e-07, 8.5530e-07, 1.1498e-06,
         1.5583e-06, 2.1272e-06, 2.9521e-06, 4.1205e-06, 5.7940e-06, 8.2323e-06,
         1.1846e-05, 1.7587e-05, 2.6612e-05, 4.0504e-05, 6.1722e-05, 9.2249e-05,
         1.2594e-04, 1.5070e-04, 1.6326e-04, 1.6717e-04, 1.6762e-04, 1.6569e-04,
         1.6106e-04, 1.5414e-04, 1.4471e-04, 1.3281e-04, 1.1940e-04, 1.0538e-04,
         9.2084e-05, 8.0546e-05, 7.1219e-05, 6.4009e-05, 6.0372e-05, 6.0372e-05,
         6.0372e-05, 6.0372e-05]], dtype=torch.float64), 'xH2SO4aer': tensor([[6.9762e-08, 7.8305e-08, 9.6594e-08, 1.1594e-07, 1.3907e-07, 1.6617e-07,
         1.9834e-07, 2.4134e-07, 3.3969e-07, 9.6966e-07, 9.6009e-07, 4.2561e-08,
         9.0644e-12, 5.1727e-14, 2.5798e-14, 1.7594e-14, 1.2457e-14, 8.9224e-15,
         6.5027e-15, 4.8342e-15, 3.6659e-15, 2.8499e-15, 2.2483e-15, 1.8018e-15,
         1.4695e-15, 1.2230e-15, 1.0438e-15, 9.2157e-16, 8.4223e-16, 8.0081e-16,
         7.9438e-16, 8.2161e-16, 8.8349e-16, 9.8339e-16, 1.1200e-15, 1.2941e-15,
         1.4998e-15, 1.7130e-15, 1.8724e-15, 1.9027e-15, 1.8515e-15, 1.7657e-15,
         1.6725e-15, 1.5843e-15, 1.5084e-15, 1.4482e-15, 1.4041e-15, 1.3777e-15,
         1.3704e-15, 1.3839e-15, 1.4248e-15, 1.4815e-15, 1.5339e-15, 1.5908e-15,
         1.6494e-15, 1.6538e-15, 1.4670e-15, 1.0346e-15, 4.8877e-16, 1.9737e-16,
         1.0075e-16, 6.0120e-17, 3.8370e-17, 2.3773e-17, 1.2555e-17, 5.1679e-18,
         1.9256e-18, 6.0306e-19, 1.7363e-19, 5.5380e-20, 1.6478e-20, 6.1397e-21,
         2.4057e-21, 1.0569e-21, 4.9688e-22, 2.0672e-22, 9.0215e-23, 9.0215e-23,
         9.0215e-23, 9.0215e-23]], dtype=torch.float64), 'xS8aer': tensor([[2.0980e-34, 4.2352e-34, 2.0506e-33, 1.8645e-29, 8.2319e-23, 1.8928e-21,
         1.7365e-21, 1.4512e-21, 1.3404e-21, 6.7781e-21, 8.0487e-21, 2.9031e-22,
         2.6335e-26, 3.5205e-34, 6.5464e-36, 2.0899e-36, 1.5074e-36, 1.1779e-36,
         9.6480e-37, 8.2750e-37, 7.4347e-37, 7.0122e-37, 6.8875e-37, 7.0269e-37,
         7.4207e-37, 8.0772e-37, 9.0289e-37, 1.0349e-36, 1.2069e-36, 1.4269e-36,
         1.7052e-36, 2.0548e-36, 2.4961e-36, 3.0624e-36, 3.7794e-36, 4.6923e-36,
         5.8353e-36, 7.1945e-36, 8.8197e-36, 1.1133e-35, 1.3767e-35, 1.6843e-35,
         2.0448e-35, 2.4604e-35, 2.9217e-35, 3.3891e-35, 3.7769e-35, 3.8949e-35,
         3.3775e-35, 1.6917e-35, 5.7413e-40, 1.3159e-40, 1.0000e-40, 1.7334e-40,
         1.0626e-40, 1.3650e-40, 1.0000e-40, 1.1812e-40, 1.0458e-40, 2.9713e-40,
         1.8071e-40, 1.6820e-40, 1.0000e-40, 1.0000e-40, 1.0000e-40, 1.0000e-40,
         1.0000e-40, 1.0000e-40, 1.0000e-40, 1.0000e-40, 1.0000e-40, 1.0000e-40,
         1.0000e-40, 1.0000e-40, 1.0000e-40, 1.0000e-40, 1.0000e-40, 1.0000e-40,
         1.0000e-40, 1.0000e-40]], dtype=torch.float64)}"
43200,228.643,0,"{'pres': tensor([[5.3000e+04, 4.2137e+04, 3.3501e+04, 2.6635e+04, 2.1176e+04, 1.6836e+04,
         1.3385e+04, 1.0642e+04, 8.4606e+03, 6.7265e+03, 5.3479e+03, 4.2518e+03,
         3.3803e+03, 2.6875e+03, 2.1367e+03, 1.6988e+03, 1.3506e+03, 1.0738e+03,
         8.5370e+02, 6.7873e+02, 5.3962e+02, 4.2902e+02, 3.4109e+02, 2.7118e+02,
         2.1560e+02, 1.7141e+02, 1.3628e+02, 1.0835e+02, 8.6141e+01, 6.8485e+01,
         5.4449e+01, 4.3289e+01, 3.4417e+01, 2.7363e+01, 2.1755e+01, 1.7296e+01,
         1.3751e+01, 1.0933e+01, 8.6918e+00, 6.9104e+00, 5.4941e+00, 4.3680e+00,
         3.4728e+00, 2.7610e+00, 2.1951e+00, 1.7452e+00, 1.3875e+00, 1.1031e+00,
         8.7703e-01, 6.9728e-01, 5.5437e-01, 4.4075e-01, 3.5041e-01, 2.7859e-01,
         2.2149e-01, 1.7610e-01, 1.4000e-01, 1.1131e-01, 8.8495e-02, 7.0358e-02,
         5.5937e-02, 4.4473e-02, 3.5358e-02, 2.8111e-02, 2.2349e-02, 1.7769e-02,
         1.4127e-02, 1.1231e-02, 8.9295e-03, 7.0993e-03, 5.6442e-03, 4.4874e-03,
         3.5677e-03, 2.8365e-03, 2.2551e-03, 1.7929e-03, 1.4254e-03, 1.1333e-03,
         9.0101e-04, 7.1634e-04]], dtype=torch.float64), 'temp': tensor([[190.4219, 184.9959, 179.3519, 172.6716, 165.3317, 157.6466, 149.9664,
         142.5263, 135.3867, 128.5925, 122.1281, 116.0190, 110.1580, 104.6465,
         100.0351, 100.0203, 100.0159, 100.0148, 100.0149, 100.0156, 100.0166,
         100.0181, 100.0199, 100.0221, 100.0248, 100.0279, 100.0314, 100.0354,
         100.0397, 100.0443, 100.0494, 100.0551, 100.0613, 100.0681, 100.0758,
         100.0844, 100.0967, 100.1429, 100.2269, 100.2737, 100.3180, 100.3706,
         100.4333, 100.5089, 100.5998, 100.7096, 100.8427, 101.0059, 101.2079,
         101.4611, 101.7842, 102.1985, 102.7349, 103.4486, 104.4176, 105.7508,
         107.4220, 109.0897, 110.7966, 112.7179, 114.8373, 116.9301, 118.7680,
         120.4399, 122.0188, 123.4828, 124.7804, 125.8862, 126.7700, 127.4155,
         127.8406, 128.0666, 128.1438, 128.1041, 128.0057, 127.8937, 127.7982,
         127.6791, 127.5283, 127.3290]], dtype=torch.float64), 'xCO2': tensor([[9.0414e-01, 8.0252e-01, 6.8949e-01, 4.2421e-01, 2.1178e-01, 9.6594e-02,
         4.0994e-02, 1.5998e-02, 5.9023e-03, 2.0984e-03, 6.7441e-04, 2.1023e-04,
         6.6940e-05, 2.4101e-05, 1.1268e-05, 1.2004e-05, 1.4718e-05, 1.8420e-05,
         2.3112e-05, 2.8999e-05, 3.6402e-05, 4.5910e-05, 5.7845e-05, 7.2813e-05,
         9.1570e-05, 1.1506e-04, 1.4465e-04, 1.8263e-04, 2.3032e-04, 2.9016e-04,
         3.6521e-04, 4.5928e-04, 5.7813e-04, 7.3058e-04, 9.2236e-04, 1.1640e-03,
         1.4718e-03, 1.8735e-03, 2.4022e-03, 3.0818e-03, 3.9420e-03, 5.0398e-03,
         6.4502e-03, 8.2712e-03, 1.0685e-02, 1.3909e-02, 1.8184e-02, 2.3901e-02,
         3.1631e-02, 4.2212e-02, 5.7573e-02, 7.8914e-02, 1.0808e-01, 1.4818e-01,
         2.0300e-01, 2.7481e-01, 3.4940e-01, 4.1255e-01, 4.6445e-01, 5.1247e-01,
         5.6192e-01, 6.1406e-01, 6.6782e-01, 7.2208e-01, 7.7519e-01, 8.2467e-01,
         8.6876e-01, 9.0317e-01, 9.2888e-01, 9.4307e-01, 9.5095e-01, 9.5407e-01,
         9.5706e-01, 9.6197e-01, 9.6990e-01, 9.7769e-01, 9.7769e-01, 9.7769e-01,
         9.7769e-01, 9.7769e-01]], dtype=torch.float64), 'xH2O': tensor([[6.0358e-07, 3.8411e-07, 1.4647e-07, 4.4062e-08, 9.1088e-09, 1.6872e-09,
         2.7985e-10, 2.3368e-11, 1.0279e-12, 1.0580e-12, 8.5896e-13, 2.6710e-13,
         6.6887e-14, 1.4184e-14, 1.5275e-15, 1.0427e-15, 8.4014e-16, 7.4074e-16,
         6.9319e-16, 6.7325e-16, 6.6803e-16, 6.7034e-16, 6.7623e-16, 6.8583e-16,
         7.0099e-16, 7.2399e-16, 7.5706e-16, 8.0282e-16, 8.6217e-16, 9.3819e-16,
         1.0360e-15, 1.1645e-15, 1.3410e-15, 1.6021e-15, 1.9966e-15, 2.6126e-15,
         3.5746e-15, 5.0243e-15, 7.0744e-15, 9.5574e-15, 1.2471e-14, 1.5953e-14,
         2.0225e-14, 2.5576e-14, 3.2528e-14, 4.1705e-14, 5.3804e-14, 7.0027e-14,
         9.2228e-14, 1.2338e-13, 1.7236e-13, 2.4910e-13, 3.7585e-13, 6.0395e-13,
         1.0625e-12, 2.3924e-12, 4.9635e-12, 6.9991e-12, 7.9408e-12, 8.8223e-12,
         1.0850e-11, 1.5114e-11, 2.3313e-11, 3.4745e-11, 4.7373e-11, 5.7722e-11,
         6.4028e-11, 6.5687e-11, 6.4768e-11, 6.2356e-11, 6.0010e-11, 5.8777e-11,
         5.9149e-11, 6.2007e-11, 6.7306e-11, 7.2857e-11, 7.2857e-11, 7.2857e-11,
         7.2857e-11, 7.2857e-11]], dtype=torch.float64), 'xSO2': tensor([[1.3842e-02, 1.0804e-02, 6.4912e-03, 3.1086e-03, 1.1592e-03, 3.8994e-04,
         1.1915e-04, 3.1931e-05, 7.9182e-06, 1.8589e-06, 3.7306e-07, 7.0855e-08,
         1.3772e-08, 2.6940e-09, 5.9693e-10, 5.1944e-10, 5.9363e-10, 7.1767e-10,
         8.8286e-10, 1.0926e-09, 1.3573e-09, 1.6976e-09, 2.1245e-09, 2.6595e-09,
         3.3288e-09, 4.1654e-09, 5.2168e-09, 6.5630e-09, 8.2508e-09, 1.0366e-08,
         1.3018e-08, 1.6342e-08, 2.0549e-08, 2.5981e-08, 3.2922e-08, 4.1943e-08,
         5.3895e-08, 6.9892e-08, 9.1363e-08, 1.1969e-07, 1.5618e-07, 2.0365e-07,
         2.6606e-07, 3.4876e-07, 4.6173e-07, 6.1740e-07, 8.3021e-07, 1.1234e-06,
         1.5301e-06, 2.0959e-06, 2.9254e-06, 4.1066e-06, 5.8002e-06, 8.2683e-06,
         1.1929e-05, 1.7843e-05, 2.6970e-05, 4.0773e-05, 6.0870e-05, 8.7567e-05,
         1.1386e-04, 1.3316e-04, 1.4183e-04, 1.4452e-04, 1.4335e-04, 1.3945e-04,
         1.3341e-04, 1.2492e-04, 1.1473e-04, 1.0309e-04, 9.1250e-05, 8.0170e-05,
         7.0419e-05, 6.2599e-05, 5.6416e-05, 5.3123e-05, 5.3123e-05, 5.3123e-05,
         5.3123e-05, 5.3123e-05]], dtype=torch.float64), 'xH2SO4aer': tensor([[6.9772e-08, 7.8317e-08, 9.6607e-08, 1.1596e-07, 1.3912e-07, 1.6635e-07,
         1.9911e-07, 2.4568e-07, 3.9040e-07, 1.1228e-06, 6.2219e-07, 7.2120e-09,
         2.8711e-13, 9.0365e-14, 3.6306e-14, 2.4426e-14, 1.7460e-14, 1.2581e-14,
         9.1586e-15, 6.7602e-15, 5.0699e-15, 3.8878e-15, 3.0165e-15, 2.3703e-15,
         1.8896e-15, 1.5329e-15, 1.2724e-15, 1.0911e-15, 9.6718e-16, 8.9161e-16,
         8.5839e-16, 8.6358e-16, 9.0597e-16, 9.8627e-16, 1.1000e-15, 1.2432e-15,
         1.4060e-15, 1.5680e-15, 1.6846e-15, 1.7077e-15, 1.6587e-15, 1.5729e-15,
         1.4785e-15, 1.3909e-15, 1.3186e-15, 1.2648e-15, 1.2302e-15, 1.2157e-15,
         1.2231e-15, 1.2540e-15, 1.3128e-15, 1.3894e-15, 1.4737e-15, 1.5600e-15,
         1.6231e-15, 1.5345e-15, 1.0904e-15, 4.5571e-16, 1.1596e-16, 3.3483e-17,
         1.1180e-17, 4.6638e-18, 2.4831e-18, 1.2362e-18, 5.3990e-19, 2.1051e-19,
         6.7918e-20, 2.3167e-20, 6.8434e-21, 2.4560e-21, 8.3680e-22, 3.4714e-22,
         1.4402e-22, 6.5948e-23, 2.5842e-23, 1.0099e-23, 1.0099e-23, 1.0099e-23,
         1.0099e-23, 1.0099e-23]], dtype=torch.float64), 'xS8aer': tensor([[2.0996e-34, 4.2388e-34, 2.0531e-33, 4.6087e-29, 8.3562e-23, 1.8945e-21,
         1.7407e-21, 1.4685e-21, 1.7201e-21, 8.2844e-21, 4.9015e-21, 3.9824e-23,
         1.0664e-28, 8.1884e-34, 4.3197e-36, 1.7791e-37, 4.5749e-38, 3.3607e-38,
         3.3551e-38, 3.5660e-38, 3.8759e-38, 4.2816e-38, 4.7805e-38, 5.3836e-38,
         6.1065e-38, 6.9694e-38, 8.0051e-38, 9.2707e-38, 1.0798e-37, 1.2642e-37,
         1.4879e-37, 1.7609e-37, 2.1017e-37, 2.5460e-37, 3.1341e-37, 3.8662e-37,
         4.3675e-37, 3.5484e-37, 1.2278e-37, 1.8297e-37, 2.0248e-37, 7.1560e-38,
         1.7763e-39, 1.0000e-40, 1.0000e-40, 1.0000e-40, 1.0000e-40, 1.0000e-40,
         1.0000e-40, 1.0000e-40, 1.0000e-40, 1.0000e-40, 1.0000e-40, 1.0000e-40,
         1.0000e-40, 1.0000e-40, 1.0000e-40, 1.0000e-40, 1.0000e-40, 1.0000e-40,
         1.0000e-40, 1.0000e-40, 1.0000e-40, 1.0000e-40, 1.0000e-40, 1.0000e-40,
         1.0000e-40, 1.0000e-40, 1.0000e-40, 1.0000e-40, 1.0000e-40, 1.0000e-40,
         1.0000e-40, 1.0000e-40, 1.0000e-40, 1.0000e-40, 1.0000e-40, 1.0000e-40,
         1.0000e-40, 1.0000e-40]], dtype=torch.float64)}"
64800,226.741,0,"{'pres': tensor([[5.3000e+04, 4.2137e+04, 3.3501e+04, 2.6635e+04, 2.1176e+04, 1.6836e+04,
         1.3385e+04, 1.0642e+04, 8.4606e+03, 6.7265e+03, 5.3479e+03, 4.2518e+03,
         3.3803e+03, 2.6875e+03, 2.1367e+03, 1.6988e+03, 1.3506e+03, 1.0738e+03,
         8.5370e+02, 6.7873e+02, 5.3962e+02, 4.2902e+02, 3.4109e+02, 2.7118e+02,
         2.1560e+02, 1.7141e+02, 1.3628e+02, 1.0835e+02, 8.6141e+01, 6.8485e+01,
         5.4449e+01, 4.3289e+01, 3.4417e+01, 2.7363e+01, 2.1755e+01, 1.7296e+01,
         1.3751e+01, 1.0933e+01, 8.6918e+00, 6.9104e+00, 5.4941e+00, 4.3680e+00,
         3.4728e+00, 2.7610e+00, 2.1951e+00, 1.7452e+00, 1.3875e+00, 1.1031e+00,
         8.7703e-01, 6.9728e-01, 5.5437e-01, 4.4075e-01, 3.5041e-01, 2.7859e-01,
         2.2149e-01, 1.7610e-01, 1.4000e-01, 1.1131e-01, 8.8495e-02, 7.0358e-02,
         5.5937e-02, 4.4473e-02, 3.5358e-02, 2.8111e-02, 2.2349e-02, 1.7769e-02,
         1.4127e-02, 1.1231e-02, 8.9295e-03, 7.0993e-03, 5.6442e-03, 4.4874e-03,
         3.5677e-03, 2.8365e-03, 2.2551e-03, 1.7929e-03, 1.4254e-03, 1.1333e-03,
         9.0101e-04, 7.1634e-04]], dtype=torch.float64), 'temp': tensor([[190.6302, 184.9925, 179.3208, 172.6283, 165.3228, 157.6552, 149.9926,
         142.5449, 135.4124, 128.6118, 122.1582, 116.0098, 110.2064, 104.6471,
         100.0367, 100.0204, 100.0160, 100.0149, 100.0150, 100.0157, 100.0168,
         100.0183, 100.0201, 100.0224, 100.0252, 100.0284, 100.0320, 100.0361,
         100.0406, 100.0455, 100.0510, 100.0570, 100.0638, 100.0713, 100.0798,
         100.0895, 100.1032, 100.1513, 100.2377, 100.2877, 100.3362, 100.3941,
         100.4637, 100.5484, 100.6516, 100.7782, 100.9338, 101.1278, 101.3722,
         101.6848, 102.0958, 102.6358, 103.3500, 104.3168, 105.6447, 107.4712,
         109.7026, 111.9207, 114.1540, 116.5699, 119.0886, 121.4513, 123.4214,
         125.1294, 126.6334, 127.9137, 128.9471, 129.7365, 130.3124, 130.6886,
         130.9374, 131.0860, 131.1754, 131.2198, 131.2492, 131.2745, 131.2968,
         131.2958, 131.2811, 131.2333]], dtype=torch.float64), 'xCO2': tensor([[9.1395e-01, 8.1254e-01, 6.8071e-01, 4.2994e-01, 2.1876e-01, 1.0111e-01,
         4.3516e-02, 1.7285e-02, 6.5021e-03, 2.3667e-03, 7.8326e-04, 2.5333e-04,
         8.3531e-05, 2.9649e-05, 1.1758e-05, 1.2058e-05, 1.4697e-05, 1.8393e-05,
         2.3091e-05, 2.8984e-05, 3.6394e-05, 4.5906e-05, 5.7844e-05, 7.2814e-05,
         9.1575e-05, 1.1507e-04, 1.4468e-04, 1.8267e-04, 2.3039e-04, 2.9027e-04,
         3.6539e-04, 4.5955e-04, 5.7859e-04, 7.3124e-04, 9.2333e-04, 1.1658e-03,
         1.4749e-03, 1.8778e-03, 2.4030e-03, 3.0837e-03, 3.9486e-03, 5.0527e-03,
         6.4708e-03, 8.3025e-03, 1.0735e-02, 1.3984e-02, 1.8299e-02, 2.4082e-02,
         3.1915e-02, 4.2633e-02, 5.8162e-02, 7.9680e-02, 1.0927e-01, 1.4985e-01,
         2.0458e-01, 2.7414e-01, 3.4679e-01, 4.1170e-01, 4.6649e-01, 5.1733e-01,
         5.6905e-01, 6.2320e-01, 6.7855e-01, 7.3381e-01, 7.8659e-01, 8.3507e-01,
         8.7535e-01, 9.0699e-01, 9.2823e-01, 9.4193e-01, 9.5017e-01, 9.5656e-01,
         9.6336e-01, 9.7210e-01, 9.8334e-01, 9.8471e-01, 9.8471e-01, 9.8471e-01,
         9.8471e-01, 9.8471e-01]], dtype=torch.float64), 'xH2O': tensor([[6.0664e-07, 3.7736e-07, 1.4537e-07, 4.7680e-08, 1.0760e-08, 2.0870e-09,
         3.6018e-10, 2.5217e-11, 8.9269e-13, 8.7784e-13, 8.1581e-13, 3.1347e-13,
         8.5448e-14, 1.6752e-14, 1.6717e-15, 1.1925e-15, 9.8941e-16, 8.8229e-16,
         8.2676e-16, 8.0076e-16, 7.9151e-16, 7.9153e-16, 7.9630e-16, 8.0555e-16,
         8.2075e-16, 8.4406e-16, 8.7790e-16, 9.2537e-16, 9.8784e-16, 1.0690e-15,
         1.1748e-15, 1.3152e-15, 1.5100e-15, 1.7990e-15, 2.2312e-15, 2.8874e-15,
         3.8740e-15, 5.3221e-15, 7.3594e-15, 9.8609e-15, 1.2832e-14, 1.6386e-14,
         2.0730e-14, 2.6158e-14, 3.3242e-14, 4.2680e-14, 5.5306e-14, 7.2580e-14,
         9.6853e-14, 1.3207e-13, 1.9141e-13, 2.9157e-13, 4.7513e-13, 8.5285e-13,
         1.7925e-12, 4.6353e-12, 7.9959e-12, 9.8134e-12, 1.0665e-11, 1.1642e-11,
         1.3930e-11, 1.9005e-11, 2.7211e-11, 3.7728e-11, 4.8323e-11, 5.6673e-11,
         6.1256e-11, 6.2814e-11, 6.2187e-11, 6.0948e-11, 6.0184e-11, 6.0770e-11,
         6.3338e-11, 6.8368e-11, 7.6174e-11, 7.7161e-11, 7.7161e-11, 7.7161e-11,
         7.7161e-11, 7.7161e-11]], dtype=torch.float64), 'xSO2': tensor([[1.3785e-02, 1.0629e-02, 6.4593e-03, 3.2153e-03, 1.2372e-03, 4.2557e-04,
         1.3348e-04, 3.7059e-05, 9.5713e-06, 2.3613e-06, 5.0421e-07, 1.0354e-07,
         2.1599e-08, 3.8239e-09, 6.6183e-10, 5.3207e-10, 5.7981e-10, 6.7934e-10,
         8.2228e-10, 1.0082e-09, 1.2446e-09, 1.5490e-09, 1.9310e-09, 2.4092e-09,
         3.0071e-09, 3.7535e-09, 4.6908e-09, 5.8890e-09, 7.3899e-09, 9.2702e-09,
         1.1627e-08, 1.4585e-08, 1.8342e-08, 2.3233e-08, 2.9564e-08, 3.7907e-08,
         4.9071e-08, 6.4093e-08, 8.4402e-08, 1.1158e-07, 1.4700e-07, 1.9339e-07,
         2.5472e-07, 3.3646e-07, 4.4892e-07, 6.0461e-07, 8.1828e-07, 1.1133e-06,
         1.5227e-06, 2.0931e-06, 2.9353e-06, 4.1358e-06, 5.8615e-06, 8.3789e-06,
         1.2143e-05, 1.8198e-05, 2.7401e-05, 4.0968e-05, 6.0070e-05, 8.2828e-05,
         1.0412e-04, 1.1841e-04, 1.2518e-04, 1.2640e-04, 1.2382e-04, 1.1890e-04,
         1.1176e-04, 1.0303e-04, 9.3065e-05, 8.2779e-05, 7.2946e-05, 6.4194e-05,
         5.6873e-05, 5.1063e-05, 4.6642e-05, 4.6188e-05, 4.6188e-05, 4.6188e-05,
         4.6188e-05, 4.6188e-05]], dtype=torch.float64), 'xH2SO4aer': tensor([[6.9782e-08, 7.8328e-08, 9.6619e-08, 1.1598e-07, 1.3916e-07, 1.6651e-07,
         1.9982e-07, 2.5018e-07, 4.4776e-07, 1.1822e-06, 4.2913e-07, 1.6413e-09,
         3.8958e-13, 1.3998e-13, 4.6972e-14, 3.1372e-14, 2.2663e-14, 1.6460e-14,
         1.2005e-14, 8.8323e-15, 6.5789e-15, 4.9980e-15, 3.8331e-15, 2.9697e-15,
         2.3286e-15, 1.8536e-15, 1.5070e-15, 1.2641e-15, 1.0944e-15, 9.8443e-16,
         9.2459e-16, 9.0815e-16, 9.3155e-16, 9.9265e-16, 1.0840e-15, 1.1991e-15,
         1.3264e-15, 1.4493e-15, 1.5317e-15, 1.5429e-15, 1.4944e-15, 1.4118e-15,
         1.3203e-15, 1.2357e-15, 1.1679e-15, 1.1202e-15, 1.0931e-15, 1.0878e-15,
         1.1058e-15, 1.1485e-15, 1.2200e-15, 1.3117e-15, 1.4144e-15, 1.5097e-15,
         1.5357e-15, 1.2574e-15, 6.1013e-16, 1.5745e-16, 3.1421e-17, 7.2682e-18,
         1.9078e-18, 7.5913e-19, 3.6122e-19, 1.6928e-19, 7.5674e-20, 2.9711e-20,
         1.1630e-20, 4.1376e-21, 1.5770e-21, 5.8520e-22, 2.3864e-22, 9.9273e-23,
         4.2916e-23, 1.7085e-23, 4.5924e-24, 3.4885e-24, 3.4885e-24, 3.4885e-24,
         3.4885e-24, 3.4885e-24]], dtype=torch.float64), 'xS8aer': tensor([[2.1010e-34, 4.2421e-34, 2.0565e-33, 8.4719e-29, 8.4721e-23, 1.8960e-21,
         1.7469e-21, 1.4906e-21, 2.1978e-21, 8.8483e-21, 3.2377e-21, 7.5937e-24,
         1.2587e-30, 9.4752e-34, 3.9158e-36, 1.6405e-37, 4.2756e-38, 3.1368e-38,
         3.1814e-38, 3.4385e-38, 3.7813e-38, 4.2082e-38, 4.7227e-38, 5.3395e-38,
         6.0765e-38, 6.9561e-38, 8.0119e-38, 9.2996e-38, 1.0847e-37, 1.2701e-37,
         1.4921e-37, 1.7585e-37, 2.0843e-37, 2.5009e-37, 3.0465e-37, 3.6913e-37,
         3.9884e-37, 2.7959e-37, 2.4596e-39, 5.2607e-39, 4.9303e-39, 1.0000e-40,
         1.0000e-40, 1.0000e-40, 1.0000e-40, 1.0000e-40, 1.0000e-40, 1.0000e-40,
         1.0000e-40, 1.0000e-40, 1.0000e-40, 1.0000e-40, 1.0000e-40, 1.0000e-40,
         1.0000e-40, 1.0000e-40, 1.0000e-40, 1.0000e-40, 1.0000e-40, 1.0000e-40,
         1.0000e-40, 1.0000e-40, 1.0000e-40, 1.0000e-40, 1.0000e-40, 1.0000e-40,
         1.0000e-40, 1.0000e-40, 1.0000e-40, 1.0000e-40, 1.0000e-40, 1.0000e-40,
         1.0000e-40, 1.0000e-40, 1.0000e-40, 1.0000e-40, 1.0000e-40, 1.0000e-40,
         1.0000e-40, 1.0000e-40]], dtype=torch.float64)}"
86400,225.413,8.57605e-09,"{'pres': tensor([[5.3000e+04, 4.2137e+04, 3.3501e+04, 2.6635e+04, 2.1176e+04, 1.6836e+04,
         1.3385e+04, 1.0642e+04, 8.4606e+03, 6.7265e+03, 5.3479e+03, 4.2518e+03,
         3.3803e+03, 2.6875e+03, 2.1367e+03, 1.6988e+03, 1.3506e+03, 1.0738e+03,
         8.5370e+02, 6.7873e+02, 5.3962e+02, 4.2902e+02, 3.4109e+02, 2.7118e+02,
         2.1560e+02, 1.7141e+02, 1.3628e+02, 1.0835e+02, 8.6141e+01, 6.8485e+01,
         5.4449e+01, 4.3289e+01, 3.4417e+01, 2.7363e+01, 2.1755e+01, 1.7296e+01,
         1.3751e+01, 1.0933e+01, 8.6918e+00, 6.9104e+00, 5.4941e+00, 4.3680e+00,
         3.4728e+00, 2.7610e+00, 2.1951e+00, 1.7452e+00, 1.3875e+00, 1.1031e+00,
         8.7703e-01, 6.9728e-01, 5.5437e-01, 4.4075e-01, 3.5041e-01, 2.7859e-01,
         2.2149e-01, 1.7610e-01, 1.4000e-01, 1.1131e-01, 8.8495e-02, 7.0358e-02,
         5.5937e-02, 4.4473e-02, 3.5358e-02, 2.8111e-02, 2.2349e-02, 1.7769e-02,
         1.4127e-02, 1.1231e-02, 8.9295e-03, 7.0993e-03, 5.6442e-03, 4.4874e-03,
         3.5677e-03, 2.8365e-03, 2.2551e-03, 1.7929e-03, 1.4254e-03, 1.1333e-03,
         9.0101e-04, 7.1634e-04]], dtype=torch.float64), 'temp': tensor([[190.8054, 185.0077, 179.1560, 172.5386, 165.3138, 157.7377, 150.0834,
         142.6766, 135.5084, 128.7382, 122.2386, 116.1233, 110.2727, 104.7554,
         100.0384, 100.0204, 100.0160, 100.0150, 100.0151, 100.0158, 100.0169,
         100.0184, 100.0204, 100.0227, 100.0255, 100.0288, 100.0326, 100.0369,
         100.0416, 100.0468, 100.0525, 100.0590, 100.0662, 100.0744, 100.0838,
         100.0946, 100.1097, 100.1596, 100.2484, 100.3017, 100.3543, 100.4176,
         100.4943, 100.5883, 100.7040, 100.8475, 101.0262, 101.2517, 101.5398,
         101.9134, 102.4148, 103.0836, 103.9801, 105.2044, 106.8884, 109.1788,
         111.9128, 114.6051, 117.2438, 119.9511, 122.5949, 124.9178, 126.7228,
         128.1832, 129.3591, 130.2677, 130.9310, 131.3987, 131.7277, 131.9360,
         132.0989, 132.2138, 132.3059, 132.3751, 132.4380, 132.4862, 132.5286,
         132.5557, 132.5818, 132.5870]], dtype=torch.float64), 'xCO2': tensor([[9.2098e-01, 8.2056e-01, 6.7430e-01, 4.3472e-01, 2.2558e-01, 1.0568e-01,
         4.6109e-02, 1.8622e-02, 7.1361e-03, 2.6547e-03, 9.0266e-04, 3.0176e-04,
         1.0233e-04, 3.4332e-05, 1.2145e-05, 1.2129e-05, 1.4706e-05, 1.8391e-05,
         2.3089e-05, 2.8983e-05, 3.6397e-05, 4.5910e-05, 5.7849e-05, 7.2821e-05,
         9.1585e-05, 1.1509e-04, 1.4472e-04, 1.8272e-04, 2.3046e-04, 2.9039e-04,
         3.6556e-04, 4.5982e-04, 5.7907e-04, 7.3197e-04, 9.2450e-04, 1.1678e-03,
         1.4779e-03, 1.8813e-03, 2.4057e-03, 3.0871e-03, 3.9556e-03, 5.0656e-03,
         6.4918e-03, 8.3347e-03, 1.0786e-02, 1.4062e-02, 1.8420e-02, 2.4268e-02,
         3.2197e-02, 4.3072e-02, 5.8753e-02, 8.0485e-02, 1.1042e-01, 1.5125e-01,
         2.0585e-01, 2.7358e-01, 3.4502e-01, 4.1128e-01, 4.6834e-01, 5.2176e-01,
         5.7566e-01, 6.3111e-01, 6.8763e-01, 7.4255e-01, 7.9500e-01, 8.4053e-01,
         8.7895e-01, 9.0705e-01, 9.2749e-01, 9.4088e-01, 9.5091e-01, 9.5962e-01,
         9.6895e-01, 9.7975e-01, 9.8910e-01, 9.8910e-01, 9.8910e-01, 9.8910e-01,
         9.8910e-01, 9.8910e-01]], dtype=torch.float64), 'xH2O': tensor([[6.1376e-07, 3.7536e-07, 1.4454e-07, 4.9469e-08, 1.2476e-08, 2.5514e-09,
         4.5817e-10, 3.0154e-11, 8.8722e-13, 7.2384e-13, 7.4173e-13, 3.4259e-13,
         1.0704e-13, 2.0228e-14, 1.8426e-15, 1.3423e-15, 1.1362e-15, 1.0231e-15,
         9.6110e-16, 9.2979e-16, 9.1694e-16, 9.1502e-16, 9.1902e-16, 9.2824e-16,
         9.4374e-16, 9.6749e-16, 1.0021e-15, 1.0511e-15, 1.1165e-15, 1.2026e-15,
         1.3161e-15, 1.4684e-15, 1.6812e-15, 1.9967e-15, 2.4627e-15, 3.1536e-15,
         4.1650e-15, 5.6225e-15, 7.6636e-15, 1.0185e-14, 1.3209e-14, 1.6844e-14,
         2.1284e-14, 2.6829e-14, 3.4103e-14, 4.3881e-14, 5.7150e-14, 7.5664e-14,
         1.0235e-13, 1.4259e-13, 2.1459e-13, 3.4576e-13, 6.1201e-13, 1.2371e-12,
         3.1428e-12, 7.5522e-12, 1.0651e-11, 1.2453e-11, 1.3258e-11, 1.4336e-11,
         1.6934e-11, 2.2262e-11, 3.0075e-11, 3.9522e-11, 4.8562e-11, 5.5140e-11,
         5.9130e-11, 6.0461e-11, 6.0547e-11, 6.0350e-11, 6.0897e-11, 6.2943e-11,
         6.7040e-11, 7.3566e-11, 8.0302e-11, 8.0302e-11, 8.0302e-11, 8.0302e-11,
         8.0302e-11, 8.0302e-11]], dtype=torch.float64), 'xSO2': tensor([[1.3809e-02, 1.0554e-02, 6.4395e-03, 3.3108e-03, 1.3155e-03, 4.6290e-04,
         1.4880e-04, 4.2674e-05, 1.1440e-05, 2.9499e-06, 6.6528e-07, 1.4363e-07,
         2.7566e-08, 4.1841e-09, 6.7827e-10, 5.4123e-10, 5.7825e-10, 6.5732e-10,
         7.7935e-10, 9.4356e-10, 1.1551e-09, 1.4284e-09, 1.7717e-09, 2.2013e-09,
         2.7378e-09, 3.4070e-09, 4.2466e-09, 5.3185e-09, 6.6604e-09, 8.3413e-09,
         1.0450e-08, 1.3104e-08, 1.6499e-08, 2.0966e-08, 2.6829e-08, 3.4662e-08,
         4.5249e-08, 5.9598e-08, 7.9176e-08, 1.0569e-07, 1.4061e-07, 1.8668e-07,
         2.4791e-07, 3.2988e-07, 4.4330e-07, 6.0077e-07, 8.1742e-07, 1.1169e-06,
         1.5330e-06, 2.1151e-06, 2.9742e-06, 4.2012e-06, 5.9688e-06, 8.5490e-06,
         1.2456e-05, 1.8633e-05, 2.7888e-05, 4.1143e-05, 5.9030e-05, 7.8726e-05,
         9.6165e-05, 1.0727e-04, 1.1248e-04, 1.1215e-04, 1.0893e-04, 1.0311e-04,
         9.5764e-05, 8.7062e-05, 7.7875e-05, 6.8819e-05, 6.0512e-05, 5.3355e-05,
         4.7489e-05, 4.2881e-05, 4.0176e-05, 4.0176e-05, 4.0176e-05, 4.0176e-05,
         4.0176e-05, 4.0176e-05]], dtype=torch.float64), 'xH2SO4aer': tensor([[6.9790e-08, 7.8339e-08, 9.6629e-08, 1.1600e-07, 1.3920e-07, 1.6666e-07,
         2.0048e-07, 2.5485e-07, 5.0608e-07, 1.1959e-06, 3.1517e-07, 4.7416e-10,
         6.1515e-13, 1.9448e-13, 5.7285e-14, 3.8176e-14, 2.7886e-14, 2.0438e-14,
         1.4969e-14, 1.1009e-14, 8.1702e-15, 6.1680e-15, 4.6908e-15, 3.5959e-15,
         2.7837e-15, 2.1829e-15, 1.7454e-15, 1.4381e-15, 1.2211e-15, 1.0760e-15,
         9.8939e-16, 9.5140e-16, 9.5596e-16, 9.9806e-16, 1.0678e-15, 1.1570e-15,
         1.2538e-15, 1.3444e-15, 1.4003e-15, 1.3997e-15, 1.3508e-15, 1.2727e-15,
         1.1863e-15, 1.1068e-15, 1.0444e-15, 1.0029e-15, 9.8287e-16, 9.8567e-16,
         1.0128e-15, 1.0660e-15, 1.1497e-15, 1.2562e-15, 1.3741e-15, 1.4706e-15,
         1.4265e-15, 9.2829e-16, 2.8163e-16, 4.9941e-17, 9.5678e-18, 1.9572e-18,
         4.9935e-19, 2.1371e-19, 1.0112e-19, 5.2153e-20, 2.4231e-20, 1.1289e-20,
         4.6852e-21, 2.0112e-21, 8.0397e-22, 3.4326e-22, 1.4425e-22, 6.3072e-23,
         2.6084e-23, 8.6403e-24, 2.1141e-24, 2.1141e-24, 2.1141e-24, 2.1141e-24,
         2.1141e-24, 2.1141e-24]], dtype=torch.float64), 'xS8aer': tensor([[2.1024e-34, 4.2452e-34, 2.0617e-33, 1.3380e-28, 8.5812e-23, 1.8974e-21,
         1.7682e-21, 1.5174e-21, 2.7029e-21, 8.9741e-21, 2.3047e-21, 1.8802e-24,
         1.2887e-31, 1.0816e-33, 3.6687e-36, 1.5454e-37, 4.2504e-38, 3.2339e-38,
         3.3261e-38, 3.6222e-38, 4.0047e-38, 4.4759e-38, 5.0419e-38, 5.7196e-38,
         6.5286e-38, 7.4928e-38, 8.6487e-38, 1.0056e-37, 1.1747e-37, 1.3777e-37,
         1.6218e-37, 1.9165e-37, 2.2785e-37, 2.7368e-37, 3.3224e-37, 3.9950e-37,
         4.2942e-37, 3.0365e-37, 1.1530e-38, 1.8295e-38, 1.4420e-38, 1.0000e-40,
         1.0000e-40, 1.0000e-40, 1.0000e-40, 1.0000e-40, 1.0000e-40, 1.0000e-40,
         1.0000e-40, 1.0000e-40, 1.0000e-40, 1.0000e-40, 1.0000e-40, 1.0000e-40,
         1.0000e-40, 1.0000e-40, 1.0000e-40, 1.0000e-40, 1.0000e-40, 1.0000e-40,
         1.0000e-40, 1.0000e-40, 1.0000e-40, 1.0000e-40, 1.0000e-40, 1.0000e-40,
         1.0000e-40, 1.0000e-40, 1.0000e-40, 1.0000e-40, 1.0000e-40, 1.0000e-40,
         1.0000e-40, 1.0000e-40, 1.0000e-40, 1.0000e-40, 1.0000e-40, 1.0000e-40,
         1.0000e-40, 1.0000e-40]], dtype=torch.float64)}"
108000,224.478,4.35519e-09,"{'pres': tensor([[5.3000e+04, 4.2137e+04, 3.3501e+04, 2.6635e+04, 2.1176e+04, 1.6836e+04,
         1.3385e+04, 1.0642e+04, 8.4606e+03, 6.7265e+03, 5.3479e+03, 4.2518e+03,
         3.3803e+03, 2.6875e+03, 2.1367e+03, 1.6988e+03, 1.3506e+03, 1.0738e+03,
         8.5370e+02, 6.7873e+02, 5.3962e+02, 4.2902e+02, 3.4109e+02, 2.7118e+02,
         2.1560e+02, 1.7141e+02, 1.3628e+02, 1.0835e+02, 8.6141e+01, 6.8485e+01,
         5.4449e+01, 4.3289e+01, 3.4417e+01, 2.7363e+01, 2.1755e+01, 1.7296e+01,
         1.3751e+01, 1.0933e+01, 8.6918e+00, 6.9104e+00, 5.4941e+00, 4.3680e+00,
         3.4728e+00, 2.7610e+00, 2.1951e+00, 1.7452e+00, 1.3875e+00, 1.1031e+00,
         8.7703e-01, 6.9728e-01, 5.5437e-01, 4.4075e-01, 3.5041e-01, 2.7859e-01,
         2.2149e-01, 1.7610e-01, 1.4000e-01, 1.1131e-01, 8.8495e-02, 7.0358e-02,
         5.5937e-02, 4.4473e-02, 3.5358e-02, 2.8111e-02, 2.2349e-02, 1.7769e-02,
         1.4127e-02, 1.1231e-02, 8.9295e-03, 7.0993e-03, 5.6442e-03, 4.4874e-03,
         3.5677e-03, 2.8365e-03, 2.2551e-03, 1.7929e-03, 1.4254e-03, 1.1333e-03,
         9.0101e-04, 7.1634e-04]], dtype=torch.float64), 'temp': tensor([[190.9019, 185.0988, 179.1125, 172.4839, 165.3017, 157.7377, 150.1564,
         142.6861, 135.5512, 128.7503, 122.2852, 116.1687, 110.3120, 104.7928,
         100.0400, 100.0205, 100.0161, 100.0150, 100.0152, 100.0159, 100.0171,
         100.0186, 100.0206, 100.0230, 100.0259, 100.0293, 100.0332, 100.0376,
         100.0425, 100.0479, 100.0540, 100.0609, 100.0686, 100.0775, 100.0877,
         100.0996, 100.1162, 100.1679, 100.2592, 100.3157, 100.3725, 100.4413,
         100.5251, 100.6285, 100.7569, 100.9178, 101.1201, 101.3780, 101.7109,
         102.1474, 102.7414, 103.5418, 104.6245, 106.1078, 108.1410, 110.8594,
         114.0279, 117.0924, 119.9855, 122.7757, 125.3068, 127.3531, 128.8310,
         129.9416, 130.7734, 131.3748, 131.8001, 132.1020, 132.3314, 132.4842,
         132.6225, 132.7254, 132.8133, 132.8816, 132.9430, 132.9867, 133.0237,
         133.0495, 133.0779, 133.0909]], dtype=torch.float64), 'xCO2': tensor([[9.2613e-01, 8.2694e-01, 6.6970e-01, 4.3900e-01, 2.3239e-01, 1.1038e-01,
         4.8788e-02, 2.0008e-02, 7.7976e-03, 2.9592e-03, 1.0301e-03, 3.5486e-04,
         1.2261e-04, 3.7825e-05, 1.2385e-05, 1.2175e-05, 1.4717e-05, 1.8395e-05,
         2.3091e-05, 2.8983e-05, 3.6407e-05, 4.5920e-05, 5.7859e-05, 7.2830e-05,
         9.1592e-05, 1.1509e-04, 1.4477e-04, 1.8279e-04, 2.3055e-04, 2.9050e-04,
         3.6572e-04, 4.6006e-04, 5.7964e-04, 7.3294e-04, 9.2609e-04, 1.1699e-03,
         1.4810e-03, 1.8861e-03, 2.4125e-03, 3.0958e-03, 3.9684e-03, 5.0853e-03,
         6.5213e-03, 8.3778e-03, 1.0855e-02, 1.4163e-02, 1.8570e-02, 2.4492e-02,
         3.2523e-02, 4.3583e-02, 5.9450e-02, 8.1431e-02, 1.1168e-01, 1.5265e-01,
         2.0713e-01, 2.7349e-01, 3.4412e-01, 4.1111e-01, 4.7031e-01, 5.2610e-01,
         5.8160e-01, 6.3816e-01, 6.9464e-01, 7.4934e-01, 7.9975e-01, 8.4389e-01,
         8.7927e-01, 9.0661e-01, 9.2596e-01, 9.4043e-01, 9.5176e-01, 9.6230e-01,
         9.7326e-01, 9.8533e-01, 9.9184e-01, 9.9184e-01, 9.9184e-01, 9.9184e-01,
         9.9184e-01, 9.9184e-01]], dtype=torch.float64), 'xH2O': tensor([[6.2257e-07, 3.7521e-07, 1.4143e-07, 4.8979e-08, 1.3466e-08, 3.0117e-09,
         5.6292e-10, 4.0432e-11, 1.0139e-12, 6.0932e-13, 6.7311e-13, 3.7400e-13,
         1.3737e-13, 2.5260e-14, 2.0614e-15, 1.4973e-15, 1.2837e-15, 1.1648e-15,
         1.0973e-15, 1.0615e-15, 1.0457e-15, 1.0423e-15, 1.0459e-15, 1.0555e-15,
         1.0716e-15, 1.0960e-15, 1.1314e-15, 1.1819e-15, 1.2500e-15, 1.3407e-15,
         1.4619e-15, 1.6260e-15, 1.8574e-15, 2.1988e-15, 2.6968e-15, 3.4202e-15,
         4.4580e-15, 5.9341e-15, 7.9950e-15, 1.0545e-14, 1.3626e-14, 1.7349e-14,
         2.1908e-14, 2.7608e-14, 3.5142e-14, 4.5348e-14, 5.9391e-14, 7.9357e-14,
         1.0884e-13, 1.5531e-13, 2.4314e-13, 4.1574e-13, 8.0334e-13, 1.8322e-12,
         5.1485e-12, 9.9865e-12, 1.3179e-11, 1.4934e-11, 1.5751e-11, 1.6920e-11,
         1.9809e-11, 2.4990e-11, 3.2337e-11, 4.0616e-11, 4.8140e-11, 5.3811e-11,
         5.7110e-11, 5.8704e-11, 5.9343e-11, 6.0032e-11, 6.1699e-11, 6.4813e-11,
         7.0082e-11, 7.7761e-11, 8.2565e-11, 8.2565e-11, 8.2565e-11, 8.2565e-11,
         8.2565e-11, 8.2565e-11]], dtype=torch.float64), 'xSO2': tensor([[1.3874e-02, 1.0517e-02, 6.3531e-03, 3.3814e-03, 1.3948e-03, 5.0227e-04,
         1.6522e-04, 4.8789e-05, 1.3519e-05, 3.6258e-06, 8.1585e-07, 1.5950e-07,
         2.9145e-08, 4.3239e-09, 6.9456e-10, 5.5082e-10, 5.8523e-10, 6.4922e-10,
         7.5298e-10, 8.9775e-10, 1.0878e-09, 1.3346e-09, 1.6450e-09, 2.0334e-09,
         2.5182e-09, 3.1221e-09, 3.8805e-09, 4.8465e-09, 6.0555e-09, 7.5712e-09,
         9.4773e-09, 1.1888e-08, 1.5005e-08, 1.9157e-08, 2.4688e-08, 3.2173e-08,
         4.2390e-08, 5.6352e-08, 7.5609e-08, 1.0192e-07, 1.3689e-07, 1.8335e-07,
         2.4538e-07, 3.2870e-07, 4.4464e-07, 6.0563e-07, 8.2741e-07, 1.1342e-06,
         1.5606e-06, 2.1605e-06, 3.0430e-06, 4.3052e-06, 6.1264e-06, 8.7844e-06,
         1.2859e-05, 1.9177e-05, 2.8486e-05, 4.1558e-05, 5.8194e-05, 7.5598e-05,
         8.9970e-05, 9.9151e-05, 1.0258e-04, 1.0165e-04, 9.7639e-05, 9.1576e-05,
         8.3997e-05, 7.5617e-05, 6.7054e-05, 5.8879e-05, 5.1667e-05, 4.5497e-05,
         4.0575e-05, 3.6756e-05, 3.5214e-05, 3.5214e-05, 3.5214e-05, 3.5214e-05,
         3.5214e-05, 3.5214e-05]], dtype=torch.float64), 'xH2SO4aer': tensor([[6.9798e-08, 7.8349e-08, 9.6632e-08, 1.1599e-07, 1.3922e-07, 1.6678e-07,
         2.0109e-07, 2.5964e-07, 5.6231e-07, 1.1861e-06, 2.4053e-07, 1.6801e-10,
         9.0631e-13, 2.4593e-13, 6.7155e-14, 4.4818e-14, 3.3101e-14, 2.4488e-14,
         1.8033e-14, 1.3283e-14, 9.8460e-15, 7.4019e-15, 5.5941e-15, 4.2530e-15,
         3.2583e-15, 2.5234e-15, 1.9902e-15, 1.6151e-15, 1.3489e-15, 1.1679e-15,
         1.0543e-15, 9.9490e-16, 9.8118e-16, 1.0050e-15, 1.0546e-15, 1.1201e-15,
         1.1910e-15, 1.2560e-15, 1.2909e-15, 1.2801e-15, 1.2304e-15, 1.1566e-15,
         1.0760e-15, 1.0024e-15, 9.4576e-16, 9.1000e-16, 8.9599e-16, 9.0505e-16,
         9.3864e-16, 9.9869e-16, 1.0887e-15, 1.2001e-15, 1.3153e-15, 1.3792e-15,
         1.1855e-15, 5.5095e-16, 1.2431e-16, 1.7557e-17, 3.3988e-18, 6.5776e-19,
         2.0772e-19, 9.2958e-20, 4.9234e-20, 2.6470e-20, 1.3725e-20, 6.6241e-21,
         3.0868e-21, 1.3364e-21, 5.9697e-22, 2.5321e-22, 1.1583e-22, 4.9733e-23,
         2.0201e-23, 5.5858e-24, 1.7333e-24, 1.7333e-24, 1.7333e-24, 1.7333e-24,
         1.7333e-24, 1.7333e-24]], dtype=torch.float64), 'xS8aer': tensor([[2.1035e-34, 4.2482e-34, 2.0693e-33, 1.9237e-28, 8.6655e-23, 1.8984e-21,
         1.7996e-21, 1.5470e-21, 3.1968e-21, 8.8865e-21, 1.7157e-21, 5.7104e-25,
         1.2587e-31, 1.2728e-33, 3.8432e-36, 1.5878e-37, 4.4917e-38, 3.5369e-38,
         3.6825e-38, 4.0262e-38, 4.4586e-38, 4.9888e-38, 5.6285e-38, 6.3991e-38,
         7.3255e-38, 8.4383e-38, 9.7870e-38, 1.1447e-37, 1.3467e-37, 1.5928e-37,
         1.8935e-37, 2.2633e-37, 2.7265e-37, 3.3182e-37, 4.0633e-37, 4.9290e-37,
         5.4978e-37, 4.5635e-37, 1.8014e-37, 2.5291e-37, 2.3162e-37, 6.3073e-38,
         1.0000e-40, 1.0000e-40, 1.0000e-40, 1.0000e-40, 1.0000e-40, 1.0000e-40,
         1.0000e-40, 1.0000e-40, 1.0000e-40, 1.0000e-40, 1.0000e-40, 1.0000e-40,
         1.0000e-40, 1.0000e-40, 1.0000e-40, 1.0000e-40, 1.0000e-40, 1.0000e-40,
         1.0000e-40, 1.0000e-40, 1.0000e-40, 1.0000e-40, 1.0000e-40, 1.0000e-40,
         1.0000e-40, 1.0000e-40, 1.0000e-40, 1.0000e-40, 1.0000e-40, 1.0000e-40,
         1.0000e-40, 1.0000e-40, 1.0000e-40, 1.0000e-40, 1.0000e-40, 1.0000e-40,
         1.0000e-40, 1.0000e-40]], dtype=torch.float64)}"
129600,223.809,4.04388e-09,"{'pres': tensor([[5.3000e+04, 4.2137e+04, 3.3501e+04, 2.6635e+04, 2.1176e+04, 1.6836e+04,
         1.3385e+04, 1.0642e+04, 8.4606e+03, 6.7265e+03, 5.3479e+03, 4.2518e+03,
         3.3803e+03, 2.6875e+03, 2.1367e+03, 1.6988e+03, 1.3506e+03, 1.0738e+03,
         8.5370e+02, 6.7873e+02, 5.3962e+02, 4.2902e+02, 3.4109e+02, 2.7118e+02,
         2.1560e+02, 1.7141e+02, 1.3628e+02, 1.0835e+02, 8.6141e+01, 6.8485e+01,
         5.4449e+01, 4.3289e+01, 3.4417e+01, 2.7363e+01, 2.1755e+01, 1.7296e+01,
         1.3751e+01, 1.0933e+01, 8.6918e+00, 6.9104e+00, 5.4941e+00, 4.3680e+00,
         3.4728e+00, 2.7610e+00, 2.1951e+00, 1.7452e+00, 1.3875e+00, 1.1031e+00,
         8.7703e-01, 6.9728e-01, 5.5437e-01, 4.4075e-01, 3.5041e-01, 2.7859e-01,
         2.2149e-01, 1.7610e-01, 1.4000e-01, 1.1131e-01, 8.8495e-02, 7.0358e-02,
         5.5937e-02, 4.4473e-02, 3.5358e-02, 2.8111e-02, 2.2349e-02, 1.7769e-02,
         1.4127e-02, 1.1231e-02, 8.9295e-03, 7.0993e-03, 5.6442e-03, 4.4874e-03,
         3.5677e-03, 2.8365e-03, 2.2551e-03, 1.7929e-03, 1.4254e-03, 1.1333e-03,
         9.0101e-04, 7.1634e-04]], dtype=torch.float64), 'temp': tensor([[190.9919, 185.1881, 179.0853, 172.4513, 165.2828, 157.7561, 150.1457,
         142.7166, 135.5838, 128.7771, 122.3165, 116.1655, 110.3360, 104.8166,
         100.0416, 100.0205, 100.0161, 100.0151, 100.0153, 100.0160, 100.0172,
         100.0188, 100.0208, 100.0233, 100.0263, 100.0298, 100.0338, 100.0384,
         100.0434, 100.0491, 100.0555, 100.0628, 100.0711, 100.0806, 100.0916,
         100.1046, 100.1226, 100.1762, 100.2699, 100.3297, 100.3908, 100.4651,
         100.5561, 100.6691, 100.8105, 100.9891, 101.2155, 101.5065, 101.8854,
         102.3866, 103.0754, 104.0101, 105.2814, 107.0226, 109.3934, 112.4978,
         116.0212, 119.3377, 122.3265, 125.0181, 127.2655, 128.9455, 130.0768,
         130.8925, 131.4869, 131.9180, 132.2362, 132.4772, 132.6742, 132.8131,
         132.9440, 133.0407, 133.1245, 133.1889, 133.2459, 133.2856, 133.3186,
         133.3420, 133.3682, 133.3816]], dtype=torch.float64), 'xCO2': tensor([[9.3001e-01, 8.3203e-01, 6.6635e-01, 4.4247e-01, 2.3875e-01, 1.1502e-01,
         5.1503e-02, 2.1443e-02, 8.4976e-03, 3.2875e-03, 1.1713e-03, 4.1394e-04,
         1.3893e-04, 3.9141e-05, 1.2497e-05, 1.2198e-05, 1.4721e-05, 1.8394e-05,
         2.3089e-05, 2.8981e-05, 3.6411e-05, 4.5925e-05, 5.7864e-05, 7.2836e-05,
         9.1601e-05, 1.1510e-04, 1.4481e-04, 1.8284e-04, 2.3062e-04, 2.9061e-04,
         3.6589e-04, 4.6032e-04, 5.8015e-04, 7.3373e-04, 9.2733e-04, 1.1719e-03,
         1.4840e-03, 1.8896e-03, 2.4170e-03, 3.1019e-03, 3.9778e-03, 5.1004e-03,
         6.5450e-03, 8.4137e-03, 1.0913e-02, 1.4251e-02, 1.8703e-02, 2.4690e-02,
         3.2813e-02, 4.4031e-02, 6.0067e-02, 8.2260e-02, 1.1272e-01, 1.5369e-01,
         2.0794e-01, 2.7323e-01, 3.4332e-01, 4.1077e-01, 4.7195e-01, 5.2984e-01,
         5.8641e-01, 6.4384e-01, 6.9982e-01, 7.5388e-01, 8.0250e-01, 8.4491e-01,
         8.7870e-01, 9.0499e-01, 9.2462e-01, 9.3974e-01, 9.5248e-01, 9.6432e-01,
         9.7639e-01, 9.8926e-01, 9.9342e-01, 9.9342e-01, 9.9342e-01, 9.9342e-01,
         9.9342e-01, 9.9342e-01]], dtype=torch.float64), 'xH2O': tensor([[6.2901e-07, 3.7806e-07, 1.4037e-07, 4.8462e-08, 1.3543e-08, 3.1006e-09,
         5.9141e-10, 5.4684e-11, 1.2291e-12, 5.2551e-13, 6.2281e-13, 4.0469e-13,
         1.7140e-13, 3.0711e-14, 2.3134e-15, 1.6662e-15, 1.4374e-15, 1.3110e-15,
         1.2380e-15, 1.1981e-15, 1.1797e-15, 1.1752e-15, 1.1788e-15, 1.1891e-15,
         1.2060e-15, 1.2312e-15, 1.2674e-15, 1.3190e-15, 1.3893e-15, 1.4843e-15,
         1.6127e-15, 1.7883e-15, 2.0373e-15, 2.4030e-15, 2.9299e-15, 3.6827e-15,
         4.7457e-15, 6.2411e-15, 8.3233e-15, 1.0902e-14, 1.4037e-14, 1.7849e-14,
         2.2535e-14, 2.8411e-14, 3.6236e-14, 4.6929e-14, 6.1848e-14, 8.3456e-14,
         1.1614e-13, 1.6992e-13, 2.7742e-13, 5.0550e-13, 1.0716e-12, 2.7340e-12,
         7.7765e-12, 1.2268e-11, 1.5553e-11, 1.7281e-11, 1.8152e-11, 1.9408e-11,
         2.2368e-11, 2.7256e-11, 3.3980e-11, 4.1212e-11, 4.7607e-11, 5.2484e-11,
         5.5471e-11, 5.7217e-11, 5.8400e-11, 5.9879e-11, 6.2317e-11, 6.6401e-11,
         7.2389e-11, 8.1044e-11, 8.4130e-11, 8.4130e-11, 8.4130e-11, 8.4130e-11,
         8.4130e-11, 8.4130e-11]], dtype=torch.float64), 'xSO2': tensor([[1.3924e-02, 1.0545e-02, 6.3215e-03, 3.4341e-03, 1.4704e-03, 5.4247e-04,
         1.8253e-04, 5.5421e-05, 1.5843e-05, 4.1788e-06, 8.5940e-07, 1.6316e-07,
         2.9609e-08, 4.3683e-09, 7.0326e-10, 5.6097e-10, 5.9854e-10, 6.5174e-10,
         7.3991e-10, 8.6731e-10, 1.0381e-09, 1.2619e-09, 1.5439e-09, 1.8971e-09,
         2.3377e-09, 2.8861e-09, 3.5747e-09, 4.4512e-09, 5.5487e-09, 6.9273e-09,
         8.6683e-09, 1.0886e-08, 1.3789e-08, 1.7712e-08, 2.3014e-08, 3.0277e-08,
         4.0288e-08, 5.4073e-08, 7.3263e-08, 9.9696e-08, 1.3510e-07, 1.8242e-07,
         2.4584e-07, 3.3123e-07, 4.5042e-07, 6.1590e-07, 8.4399e-07, 1.1596e-06,
         1.5981e-06, 2.2173e-06, 3.1261e-06, 4.4270e-06, 6.3066e-06, 9.0477e-06,
         1.3290e-05, 1.9749e-05, 2.9107e-05, 4.2037e-05, 5.7590e-05, 7.3288e-05,
         8.5583e-05, 9.3447e-05, 9.5613e-05, 9.4198e-05, 8.9638e-05, 8.3300e-05,
         7.5624e-05, 6.7423e-05, 5.9289e-05, 5.1766e-05, 4.5167e-05, 3.9720e-05,
         3.5331e-05, 3.2104e-05, 3.1237e-05, 3.1237e-05, 3.1237e-05, 3.1237e-05,
         3.1237e-05, 3.1237e-05]], dtype=torch.float64), 'xH2SO4aer': tensor([[6.9802e-08, 7.8359e-08, 9.6646e-08, 1.1601e-07, 1.3925e-07, 1.6692e-07,
         2.0169e-07, 2.6451e-07, 6.1436e-07, 1.1651e-06, 1.9233e-07, 7.4841e-11,
         1.2505e-12, 2.8484e-13, 7.6423e-14, 5.1236e-14, 3.8235e-14, 2.8551e-14,
         2.1156e-14, 1.5628e-14, 1.1585e-14, 8.6863e-15, 6.5346e-15, 4.9354e-15,
         3.7485e-15, 2.8722e-15, 2.2377e-15, 1.7913e-15, 1.4740e-15, 1.2559e-15,
         1.1146e-15, 1.0334e-15, 1.0009e-15, 1.0062e-15, 1.0359e-15, 1.0798e-15,
         1.1277e-15, 1.1701e-15, 1.1876e-15, 1.1684e-15, 1.1183e-15, 1.0491e-15,
         9.7485e-16, 9.0763e-16, 8.5705e-16, 8.2692e-16, 8.1846e-16, 8.3321e-16,
         8.7285e-16, 9.3992e-16, 1.0379e-15, 1.1575e-15, 1.2748e-15, 1.3103e-15,
         9.7082e-16, 3.0564e-16, 5.4023e-17, 7.5054e-18, 1.4179e-18, 2.8890e-19,
         1.1442e-19, 5.4823e-20, 3.1800e-20, 1.7664e-20, 9.6354e-21, 4.7879e-21,
         2.3151e-21, 1.0491e-21, 4.7695e-22, 2.1572e-22, 9.7149e-23, 4.3227e-23,
         1.5991e-23, 3.9192e-24, 1.5136e-24, 1.5136e-24, 1.5136e-24, 1.5136e-24,
         1.5136e-24, 1.5136e-24]], dtype=torch.float64), 'xS8aer': tensor([[2.1042e-34, 4.2512e-34, 2.0829e-33, 2.6067e-28, 8.7689e-23, 1.8998e-21,
         1.8363e-21, 1.5791e-21, 3.6565e-21, 8.6980e-21, 1.3454e-21, 2.0637e-25,
         1.4906e-31, 1.3537e-33, 3.8936e-36, 1.5935e-37, 4.5426e-38, 3.6248e-38,
         3.8158e-38, 4.2194e-38, 4.7298e-38, 5.3622e-38, 6.1347e-38, 7.0808e-38,
         8.2417e-38, 9.6680e-38, 1.1440e-37, 1.3675e-37, 1.6455e-37, 1.9914e-37,
         2.4222e-37, 2.9598e-37, 3.6401e-37, 4.5110e-37, 5.6036e-37, 6.8919e-37,
         7.9604e-37, 7.5593e-37, 5.1845e-37, 6.4378e-37, 5.0999e-37, 1.4581e-37,
         1.0000e-40, 1.0000e-40, 1.0000e-40, 1.0000e-40, 1.0000e-40, 1.0000e-40,
         1.0000e-40, 1.0000e-40, 1.0000e-40, 1.0000e-40, 1.0000e-40, 1.0000e-40,
         1.0000e-40, 1.0000e-40, 1.0000e-40, 1.0000e-40, 1.0000e-40, 1.0000e-40,
         1.0000e-40, 1.0000e-40, 1.0000e-40, 1.0000e-40, 1.0000e-40, 1.0000e-40,
         1.0000e-40, 1.0000e-40, 1.0000e-40, 1.0000e-40, 1.0000e-40, 1.0000e-40,
         1.0000e-40, 1.0000e-40, 1.0000e-40, 1.0000e-40, 1.0000e-40, 1.0000e-40,
         1.0000e-40, 1.0000e-40]], dtype=torch.float64)}"
151200,223.33,2.69723e-09,"{'pres': tensor([[5.3000e+04, 4.2137e+04, 3.3501e+04, 2.6635e+04, 2.1176e+04, 1.6836e+04,
         1.3385e+04, 1.0642e+04, 8.4606e+03, 6.7265e+03, 5.3479e+03, 4.2518e+03,
         3.3803e+03, 2.6875e+03, 2.1367e+03, 1.6988e+03, 1.3506e+03, 1.0738e+03,
         8.5370e+02, 6.7873e+02, 5.3962e+02, 4.2902e+02, 3.4109e+02, 2.7118e+02,
         2.1560e+02, 1.7141e+02, 1.3628e+02, 1.0835e+02, 8.6141e+01, 6.8485e+01,
         5.4449e+01, 4.3289e+01, 3.4417e+01, 2.7363e+01, 2.1755e+01, 1.7296e+01,
         1.3751e+01, 1.0933e+01, 8.6918e+00, 6.9104e+00, 5.4941e+00, 4.3680e+00,
         3.4728e+00, 2.7610e+00, 2.1951e+00, 1.7452e+00, 1.3875e+00, 1.1031e+00,
         8.7703e-01, 6.9728e-01, 5.5437e-01, 4.4075e-01, 3.5041e-01, 2.7859e-01,
         2.2149e-01, 1.7610e-01, 1.4000e-01, 1.1131e-01, 8.8495e-02, 7.0358e-02,
         5.5937e-02, 4.4473e-02, 3.5358e-02, 2.8111e-02, 2.2349e-02, 1.7769e-02,
         1.4127e-02, 1.1231e-02, 8.9295e-03, 7.0993e-03, 5.6442e-03, 4.4874e-03,
         3.5677e-03, 2.8365e-03, 2.2551e-03, 1.7929e-03, 1.4254e-03, 1.1333e-03,
         9.0101e-04, 7.1634e-04]], dtype=torch.float64), 'temp': tensor([[191.0773, 185.2300, 179.0862, 172.4333, 165.2797, 157.7603, 150.1707,
         142.7511, 135.6171, 128.8097, 122.3328, 116.1851, 110.3734, 104.8172,
         100.0433, 100.0206, 100.0162, 100.0152, 100.0153, 100.0161, 100.0174,
         100.0190, 100.0211, 100.0236, 100.0266, 100.0302, 100.0344, 100.0391,
         100.0444, 100.0503, 100.0570, 100.0647, 100.0735, 100.0837, 100.0956,
         100.1097, 100.1291, 100.1846, 100.2807, 100.3438, 100.4091, 100.4890,
         100.5874, 100.7101, 100.8647, 101.0614, 101.3124, 101.6372, 102.0632,
         102.6306, 103.4161, 104.4874, 105.9485, 107.9436, 110.6354, 114.0778,
         117.8691, 121.3126, 124.2500, 126.7205, 128.6158, 129.9425, 130.7987,
         131.4221, 131.8860, 132.2387, 132.5150, 132.7338, 132.9182, 133.0505,
         133.1762, 133.2677, 133.3479, 133.4090, 133.4623, 133.4995, 133.5304,
         133.5526, 133.5767, 133.5899]], dtype=torch.float64), 'xCO2': tensor([[9.3295e-01, 8.3611e-01, 6.6400e-01, 4.4554e-01, 2.4482e-01, 1.1964e-01,
         5.4278e-02, 2.2932e-02, 9.2345e-03, 3.6381e-03, 1.3243e-03, 4.5965e-04,
         1.4301e-04, 3.9512e-05, 1.2542e-05, 1.2206e-05, 1.4723e-05, 1.8394e-05,
         2.3089e-05, 2.8981e-05, 3.6414e-05, 4.5929e-05, 5.7870e-05, 7.2844e-05,
         9.1611e-05, 1.1512e-04, 1.4485e-04, 1.8290e-04, 2.3070e-04, 2.9073e-04,
         3.6607e-04, 4.6059e-04, 5.8065e-04, 7.3451e-04, 9.2856e-04, 1.1738e-03,
         1.4870e-03, 1.8929e-03, 2.4212e-03, 3.1077e-03, 3.9866e-03, 5.1144e-03,
         6.5672e-03, 8.4481e-03, 1.0968e-02, 1.4336e-02, 1.8831e-02, 2.4882e-02,
         3.3092e-02, 4.4459e-02, 6.0656e-02, 8.3034e-02, 1.1365e-01, 1.5454e-01,
         2.0856e-01, 2.7296e-01, 3.4269e-01, 4.1056e-01, 4.7343e-01, 5.3278e-01,
         5.9042e-01, 6.4789e-01, 7.0364e-01, 7.5637e-01, 8.0392e-01, 8.4447e-01,
         8.7761e-01, 9.0314e-01, 9.2334e-01, 9.3906e-01, 9.5289e-01, 9.6571e-01,
         9.7861e-01, 9.9194e-01, 9.9414e-01, 9.9414e-01, 9.9414e-01, 9.9414e-01,
         9.9414e-01, 9.9414e-01]], dtype=torch.float64), 'xH2O': tensor([[6.3612e-07, 3.8181e-07, 1.3998e-07, 4.8130e-08, 1.3498e-08, 3.1129e-09,
         5.9430e-10, 6.8570e-11, 1.4847e-12, 4.8759e-13, 5.9159e-13, 4.1542e-13,
         1.9057e-13, 3.6434e-14, 2.6174e-15, 1.8541e-15, 1.6005e-15, 1.4636e-15,
         1.3844e-15, 1.3405e-15, 1.3198e-15, 1.3145e-15, 1.3186e-15, 1.3299e-15,
         1.3480e-15, 1.3741e-15, 1.4111e-15, 1.4635e-15, 1.5356e-15, 1.6343e-15,
         1.7696e-15, 1.9564e-15, 2.2225e-15, 2.6111e-15, 3.1649e-15, 3.9451e-15,
         5.0329e-15, 6.5493e-15, 8.6554e-15, 1.1266e-14, 1.4456e-14, 1.8358e-14,
         2.3179e-14, 2.9249e-14, 3.7402e-14, 4.8645e-14, 6.4549e-14, 8.8010e-14,
         1.2435e-13, 1.8681e-13, 3.1886e-13, 6.2167e-13, 1.4477e-12, 4.0106e-12,
         9.8431e-12, 1.4497e-11, 1.7835e-11, 1.9546e-11, 2.0478e-11, 2.1844e-11,
         2.4677e-11, 2.9275e-11, 3.5237e-11, 4.1494e-11, 4.7048e-11, 5.1237e-11,
         5.4088e-11, 5.5967e-11, 5.7595e-11, 5.9698e-11, 6.2794e-11, 6.7578e-11,
         7.4303e-11, 8.3497e-11, 8.5132e-11, 8.5132e-11, 8.5132e-11, 8.5132e-11,
         8.5132e-11, 8.5132e-11]], dtype=torch.float64), 'xSO2': tensor([[1.3995e-02, 1.0595e-02, 6.3086e-03, 3.4564e-03, 1.5426e-03, 5.8363e-04,
         2.0085e-04, 6.2494e-05, 1.7361e-05, 4.3001e-06, 8.6911e-07, 1.6368e-07,
         2.9703e-08, 4.3900e-09, 7.1004e-10, 5.7007e-10, 6.1297e-10, 6.6288e-10,
         7.3867e-10, 8.5101e-10, 1.0050e-09, 1.2089e-09, 1.4669e-09, 1.7903e-09,
         2.1936e-09, 2.6956e-09, 3.3259e-09, 4.1280e-09, 5.1342e-09, 6.4025e-09,
         8.0140e-09, 1.0086e-08, 1.2835e-08, 1.6607e-08, 2.1775e-08, 2.8935e-08,
         3.8888e-08, 5.2685e-08, 7.2039e-08, 9.8879e-08, 1.3506e-07, 1.8364e-07,
         2.4894e-07, 3.3698e-07, 4.6012e-07, 6.3094e-07, 8.6633e-07, 1.1919e-06,
         1.6441e-06, 2.2845e-06, 3.2223e-06, 4.5658e-06, 6.5088e-06, 9.3393e-06,
         1.3755e-05, 2.0362e-05, 2.9789e-05, 4.2598e-05, 5.7372e-05, 7.1702e-05,
         8.2795e-05, 8.9363e-05, 9.1050e-05, 8.9019e-05, 8.4190e-05, 7.7494e-05,
         6.9724e-05, 6.1578e-05, 5.3670e-05, 4.6551e-05, 4.0363e-05, 3.5362e-05,
         3.1412e-05, 2.8532e-05, 2.8118e-05, 2.8118e-05, 2.8118e-05, 2.8118e-05,
         2.8118e-05, 2.8118e-05]], dtype=torch.float64), 'xH2SO4aer': tensor([[6.9807e-08, 7.8369e-08, 9.6660e-08, 1.1603e-07, 1.3930e-07, 1.6705e-07,
         2.0225e-07, 2.6935e-07, 6.6168e-07, 1.1389e-06, 1.5868e-07, 4.4002e-11,
         1.5155e-12, 3.1220e-13, 8.5363e-14, 5.7519e-14, 4.3318e-14, 3.2628e-14,
         2.4332e-14, 1.8039e-14, 1.3387e-14, 1.0022e-14, 7.5138e-15, 5.6449e-15,
         4.2563e-15, 3.2308e-15, 2.4896e-15, 1.9683e-15, 1.5976e-15, 1.3412e-15,
         1.1717e-15, 1.0685e-15, 1.0171e-15, 1.0043e-15, 1.0152e-15, 1.0393e-15,
         1.0672e-15, 1.0905e-15, 1.0936e-15, 1.0676e-15, 1.0175e-15, 9.5261e-16,
         8.8457e-16, 8.2359e-16, 7.7851e-16, 7.5293e-16, 7.4816e-16, 7.6572e-16,
         8.0717e-16, 8.7491e-16, 9.7074e-16, 1.0823e-15, 1.1745e-15, 1.1340e-15,
         6.6123e-16, 1.6778e-16, 2.3766e-17, 3.6124e-18, 6.9870e-19, 1.8032e-19,
         7.7507e-20, 4.0901e-20, 2.3971e-20, 1.3701e-20, 7.4394e-21, 3.8082e-21,
         1.8273e-21, 8.6697e-22, 3.9148e-22, 1.8656e-22, 8.3994e-23, 3.7639e-23,
         1.3437e-23, 2.5348e-24, 1.3004e-24, 1.3004e-24, 1.3004e-24, 1.3004e-24,
         1.3004e-24, 1.3004e-24]], dtype=torch.float64), 'xS8aer': tensor([[2.1049e-34, 4.2542e-34, 2.1027e-33, 3.3809e-28, 8.8728e-23, 1.9012e-21,
         1.8778e-21, 1.6126e-21, 4.0745e-21, 8.4659e-21, 1.0921e-21, 8.5377e-26,
         1.6161e-31, 1.3666e-33, 3.9374e-36, 1.6154e-37, 4.7657e-38, 3.9314e-38,
         4.2259e-38, 4.7563e-38, 5.4250e-38, 6.2584e-38, 7.2828e-38, 8.5444e-38,
         1.0099e-37, 1.2015e-37, 1.4399e-37, 1.7403e-37, 2.1129e-37, 2.5752e-37,
         3.1491e-37, 3.8632e-37, 4.7634e-37, 5.9084e-37, 7.3354e-37, 9.0272e-37,
         1.0573e-36, 1.0673e-36, 8.5765e-37, 9.3359e-37, 7.2508e-37, 2.1030e-37,
         1.0000e-40, 1.0000e-40, 1.0000e-40, 1.0000e-40, 1.0000e-40, 1.0000e-40,
         1.0000e-40, 1.0000e-40, 1.0000e-40, 1.0000e-40, 1.0000e-40, 1.0000e-40,
         1.0000e-40, 1.0000e-40, 1.0000e-40, 1.0000e-40, 1.0000e-40, 1.0000e-40,
         1.0000e-40, 1.0000e-40, 1.0000e-40, 1.0000e-40, 1.0000e-40, 1.0000e-40,
         1.0000e-40, 1.0000e-40, 1.0000e-40, 1.0000e-40, 1.0000e-40, 1.0000e-40,
         1.0000e-40, 1.0000e-40, 1.0000e-40, 1.0000e-40, 1.0000e-40, 1.0000e-40,
         1.0000e-40, 1.0000e-40]], dtype=torch.float64)}"
172800,222.988,6.68325e-08,"{'pres': tensor([[5.3000e+04, 4.2137e+04, 3.3501e+04, 2.6635e+04, 2.1176e+04, 1.6836e+04,
         1.3385e+04, 1.0642e+04, 8.4606e+03, 6.7265e+03, 5.3479e+03, 4.2518e+03,
         3.3803e+03, 2.6875e+03, 2.1367e+03, 1.6988e+03, 1.3506e+03, 1.0738e+03,
         8.5370e+02, 6.7873e+02, 5.3962e+02, 4.2902e+02, 3.4109e+02, 2.7118e+02,
         2.1560e+02, 1.7141e+02, 1.3628e+02, 1.0835e+02, 8.6141e+01, 6.8485e+01,
         5.4449e+01, 4.3289e+01, 3.4417e+01, 2.7363e+01, 2.1755e+01, 1.7296e+01,
         1.3751e+01, 1.0933e+01, 8.6918e+00, 6.9104e+00, 5.4941e+00, 4.3680e+00,
         3.4728e+00, 2.7610e+00, 2.1951e+00, 1.7452e+00, 1.3875e+00, 1.1031e+00,
         8.7703e-01, 6.9728e-01, 5.5437e-01, 4.4075e-01, 3.5041e-01, 2.7859e-01,
         2.2149e-01, 1.7610e-01, 1.4000e-01, 1.1131e-01, 8.8495e-02, 7.0358e-02,
         5.5937e-02, 4.4473e-02, 3.5358e-02, 2.8111e-02, 2.2349e-02, 1.7769e-02,
         1.4127e-02, 1.1231e-02, 8.9295e-03, 7.0993e-03, 5.6442e-03, 4.4874e-03,
         3.5677e-03, 2.8365e-03, 2.2551e-03, 1.7929e-03, 1.4254e-03, 1.1333e-03,
         9.0101e-04, 7.1634e-04]], dtype=torch.float64), 'temp': tensor([[190.9580, 185.1668, 179.0538, 172.4620, 165.3500, 157.9293, 150.3576,
         142.9864, 135.8157, 129.0351, 122.5211, 116.3919, 110.5287, 104.9986,
         100.0450, 100.0207, 100.0163, 100.0153, 100.0154, 100.0163, 100.0175,
         100.0192, 100.0213, 100.0239, 100.0270, 100.0307, 100.0350, 100.0398,
         100.0453, 100.0515, 100.0585, 100.0666, 100.0759, 100.0867, 100.0995,
         100.1147, 100.1356, 100.1929, 100.2915, 100.3579, 100.4276, 100.5132,
         100.6190, 100.7516, 100.9197, 101.1348, 101.4109, 101.7704, 102.2443,
         102.8797, 103.7637, 104.9732, 106.6242, 108.8669, 111.8595, 115.5875,
         119.5571, 123.0111, 125.7868, 127.9641, 129.5213, 130.5634, 131.2370,
         131.7519, 132.1511, 132.4683, 132.7261, 132.9333, 133.1095, 133.2364,
         133.3575, 133.4446, 133.5218, 133.5804, 133.6306, 133.6663, 133.6956,
         133.7171, 133.7398, 133.7526]], dtype=torch.float64), 'xCO2': tensor([[9.3519e-01, 8.3943e-01, 6.6248e-01, 4.4836e-01, 2.5064e-01, 1.2426e-01,
         5.7105e-02, 2.4468e-02, 1.0004e-02, 4.0082e-03, 1.4314e-03, 4.6836e-04,
         1.4439e-04, 3.9598e-05, 1.2569e-05, 1.2210e-05, 1.4723e-05, 1.8394e-05,
         2.3088e-05, 2.8981e-05, 3.6419e-05, 4.5934e-05, 5.7876e-05, 7.2852e-05,
         9.1621e-05, 1.1513e-04, 1.4489e-04, 1.8295e-04, 2.3078e-04, 2.9084e-04,
         3.6624e-04, 4.6086e-04, 5.8115e-04, 7.3530e-04, 9.2982e-04, 1.1758e-03,
         1.4901e-03, 1.8966e-03, 2.4260e-03, 3.1141e-03, 3.9962e-03, 5.1294e-03,
         6.5905e-03, 8.4838e-03, 1.1026e-02, 1.4424e-02, 1.8963e-02, 2.5077e-02,
         3.3373e-02, 4.4889e-02, 6.1240e-02, 8.3783e-02, 1.1451e-01, 1.5527e-01,
         2.0909e-01, 2.7276e-01, 3.4226e-01, 4.1049e-01, 4.7480e-01, 5.3514e-01,
         5.9371e-01, 6.5097e-01, 7.0635e-01, 7.5783e-01, 8.0444e-01, 8.4354e-01,
         8.7609e-01, 9.0132e-01, 9.2178e-01, 9.3833e-01, 9.5295e-01, 9.6658e-01,
         9.8005e-01, 9.9370e-01, 9.9420e-01, 9.9420e-01, 9.9420e-01, 9.9420e-01,
         9.9420e-01, 9.9420e-01]], dtype=torch.float64), 'xH2O': tensor([[6.4354e-07, 3.8500e-07, 1.4008e-07, 4.7963e-08, 1.3478e-08, 3.1163e-09,
         5.9799e-10, 7.9640e-11, 1.7523e-12, 4.6157e-13, 5.6155e-13, 4.0065e-13,
         2.0037e-13, 4.2891e-14, 2.9924e-15, 2.0663e-15, 1.7764e-15, 1.6246e-15,
         1.5378e-15, 1.4896e-15, 1.4668e-15, 1.4612e-15, 1.4661e-15, 1.4787e-15,
         1.4984e-15, 1.5257e-15, 1.5633e-15, 1.6164e-15, 1.6899e-15, 1.7919e-15,
         1.9337e-15, 2.1313e-15, 2.4139e-15, 2.8243e-15, 3.4034e-15, 4.2099e-15,
         5.3223e-15, 6.8616e-15, 8.9951e-15, 1.1640e-14, 1.4887e-14, 1.8883e-14,
         2.3847e-14, 3.0130e-14, 3.8649e-14, 5.0508e-14, 6.7514e-14, 9.3058e-14,
         1.3355e-13, 2.0643e-13, 3.6930e-13, 7.7308e-13, 1.9745e-12, 5.8243e-12,
         1.1812e-11, 1.6623e-11, 2.0053e-11, 2.1754e-11, 2.2745e-11, 2.4142e-11,
         2.6786e-11, 3.1004e-11, 3.6248e-11, 4.1668e-11, 4.6512e-11, 5.0174e-11,
         5.2884e-11, 5.4900e-11, 5.6902e-11, 5.9474e-11, 6.3165e-11, 6.8418e-11,
         7.5743e-11, 8.5305e-11, 8.5679e-11, 8.5679e-11, 8.5679e-11, 8.5679e-11,
         8.5679e-11, 8.5679e-11]], dtype=torch.float64), 'xSO2': tensor([[1.4076e-02, 1.0638e-02, 6.3100e-03, 3.4566e-03, 1.6023e-03, 6.2558e-04,
         2.1950e-04, 6.6722e-05, 1.7719e-05, 4.3469e-06, 8.7354e-07, 1.6481e-07,
         2.9962e-08, 4.3997e-09, 7.1508e-10, 5.7660e-10, 6.2507e-10, 6.7935e-10,
         7.4731e-10, 8.4731e-10, 9.8697e-10, 1.1740e-09, 1.4118e-09, 1.7104e-09,
         2.0829e-09, 2.5465e-09, 3.1291e-09, 3.8712e-09, 4.8046e-09, 5.9873e-09,
         7.5022e-09, 9.4711e-09, 1.2123e-08, 1.5814e-08, 2.0934e-08, 2.8096e-08,
         3.8122e-08, 5.2095e-08, 7.1821e-08, 9.9312e-08, 1.3655e-07, 1.8672e-07,
         2.5430e-07, 3.4549e-07, 4.7316e-07, 6.5002e-07, 8.9356e-07, 1.2302e-06,
         1.6974e-06, 2.3609e-06, 3.3302e-06, 4.7201e-06, 6.7318e-06, 9.6587e-06,
         1.4260e-05, 2.1027e-05, 3.0558e-05, 4.3317e-05, 5.7594e-05, 7.1006e-05,
         8.1360e-05, 8.7038e-05, 8.8382e-05, 8.5809e-05, 8.0684e-05, 7.3599e-05,
         6.5640e-05, 5.7445e-05, 4.9658e-05, 4.2725e-05, 3.6840e-05, 3.2076e-05,
         2.8452e-05, 2.5812e-05, 2.5724e-05, 2.5724e-05, 2.5724e-05, 2.5724e-05,
         2.5724e-05, 2.5724e-05]], dtype=torch.float64), 'xH2SO4aer': tensor([[6.9811e-08, 7.8376e-08, 9.6671e-08, 1.1605e-07, 1.3934e-07, 1.6718e-07,
         2.0278e-07, 2.7418e-07, 7.0448e-07, 1.1105e-06, 1.3369e-07, 3.2481e-11,
         1.6842e-12, 3.3182e-13, 9.4187e-14, 6.3746e-14, 4.8376e-14, 3.6721e-14,
         2.7556e-14, 2.0511e-14, 1.5248e-14, 1.1408e-14, 8.5319e-15, 6.3823e-15,
         4.7822e-15, 3.6001e-15, 2.7466e-15, 2.1468e-15, 1.7203e-15, 1.4243e-15,
         1.2260e-15, 1.1004e-15, 1.0304e-15, 9.9994e-16, 9.9326e-16, 9.9960e-16,
         1.0103e-15, 1.0176e-15, 1.0090e-15, 9.7778e-16, 9.2806e-16, 8.6751e-16,
         8.0565e-16, 7.5110e-16, 7.1192e-16, 6.9142e-16, 6.9110e-16, 7.1262e-16,
         7.5763e-16, 8.2882e-16, 9.2683e-16, 1.0363e-15, 1.1099e-15, 9.9689e-16,
         4.2784e-16, 9.1746e-17, 1.0621e-17, 1.9566e-18, 4.0303e-19, 1.3136e-19,
         6.0181e-20, 3.3696e-20, 1.9601e-20, 1.1273e-20, 6.0149e-21, 3.1298e-21,
         1.4978e-21, 7.2975e-22, 3.3956e-22, 1.6241e-22, 7.5216e-23, 3.2573e-23,
         1.1266e-23, 1.3387e-24, 1.0674e-24, 1.0674e-24, 1.0674e-24, 1.0674e-24,
         1.0674e-24, 1.0674e-24]], dtype=torch.float64), 'xS8aer': tensor([[2.1056e-34, 4.2564e-34, 2.1301e-33, 4.2417e-28, 8.9738e-23, 1.9027e-21,
         1.9214e-21, 1.6470e-21, 4.4513e-21, 8.2171e-21, 9.0724e-22, 3.7235e-26,
         1.6670e-31, 1.3878e-33, 3.9752e-36, 1.6588e-37, 5.2359e-38, 4.5457e-38,
         5.0114e-38, 5.7368e-38, 6.6263e-38, 7.7108e-38, 9.0200e-38, 1.0608e-37,
         1.2542e-37, 1.4907e-37, 1.7836e-37, 2.1516e-37, 2.6080e-37, 3.1741e-37,
         3.8765e-37, 4.7479e-37, 5.8404e-37, 7.2169e-37, 8.9180e-37, 1.0936e-36,
         1.2875e-36, 1.3417e-36, 1.1721e-36, 1.2693e-36, 1.0762e-36, 4.7441e-37,
         4.6931e-38, 1.0000e-40, 1.0000e-40, 1.0000e-40, 1.0000e-40, 1.0000e-40,
         1.0000e-40, 1.0000e-40, 1.0000e-40, 1.0000e-40, 1.0000e-40, 1.0000e-40,
         1.0000e-40, 1.0000e-40, 1.0000e-40, 1.0000e-40, 1.0000e-40, 1.0000e-40,
         1.0000e-40, 1.0000e-40, 1.0000e-40, 1.0000e-40, 1.0000e-40, 1.0000e-40,
         1.0000e-40, 1.0000e-40, 1.0000e-40, 1.0000e-40, 1.0000e-40, 1.0000e-40,
         1.0000e-40, 1.0000e-40, 1.0000e-40, 1.0000e-40, 1.0000e-40, 1.0000e-40,
         1.0000e-40, 1.0000e-40]], dtype=torch.float64)}"
194400,222.726,0,"{'pres': tensor([[5.3000e+04, 4.2137e+04, 3.3501e+04, 2.6635e+04, 2.1176e+04, 1.6836e+04,
         1.3385e+04, 1.0642e+04, 8.4606e+03, 6.7265e+03, 5.3479e+03, 4.2518e+03,
         3.3803e+03, 2.6875e+03, 2.1367e+03, 1.6988e+03, 1.3506e+03, 1.0738e+03,
         8.5370e+02, 6.7873e+02, 5.3962e+02, 4.2902e+02, 3.4109e+02, 2.7118e+02,
         2.1560e+02, 1.7141e+02, 1.3628e+02, 1.0835e+02, 8.6141e+01, 6.8485e+01,
         5.4449e+01, 4.3289e+01, 3.4417e+01, 2.7363e+01, 2.1755e+01, 1.7296e+01,
         1.3751e+01, 1.0933e+01, 8.6918e+00, 6.9104e+00, 5.4941e+00, 4.3680e+00,
         3.4728e+00, 2.7610e+00, 2.1951e+00, 1.7452e+00, 1.3875e+00, 1.1031e+00,
         8.7703e-01, 6.9728e-01, 5.5437e-01, 4.4075e-01, 3.5041e-01, 2.7859e-01,
         2.2149e-01, 1.7610e-01, 1.4000e-01, 1.1131e-01, 8.8495e-02, 7.0358e-02,
         5.5937e-02, 4.4473e-02, 3.5358e-02, 2.8111e-02, 2.2349e-02, 1.7769e-02,
         1.4127e-02, 1.1231e-02, 8.9295e-03, 7.0993e-03, 5.6442e-03, 4.4874e-03,
         3.5677e-03, 2.8365e-03, 2.2551e-03, 1.7929e-03, 1.4254e-03, 1.1333e-03,
         9.0101e-04, 7.1634e-04]], dtype=torch.float64), 'temp': tensor([[190.9940, 185.1850, 179.0874, 172.4516, 165.3931, 157.9285, 150.4010,
         143.0038, 135.8718, 129.0901, 122.5760, 116.4441, 110.5799, 105.0473,
         100.0467, 100.0207, 100.0163, 100.0153, 100.0155, 100.0164, 100.0176,
         100.0193, 100.0215, 100.0242, 100.0273, 100.0311, 100.0355, 100.0405,
         100.0462, 100.0526, 100.0600, 100.0684, 100.0783, 100.0898, 100.1034,
         100.1198, 100.1421, 100.2014, 100.3025, 100.3722, 100.4463, 100.5377,
         100.6511, 100.7937, 100.9756, 101.2095, 101.5114, 101.9063, 102.4294,
         103.1344, 104.1188, 105.4681, 107.3086, 109.7912, 113.0617, 117.0208,
         121.0824, 124.4486, 126.9928, 128.8648, 130.1350, 130.9742, 131.5397,
         131.9978, 132.3643, 132.6628, 132.9095, 133.1079, 133.2772, 133.3994,
         133.5164, 133.5999, 133.6748, 133.7314, 133.7791, 133.8138, 133.8417,
         133.8628, 133.8842, 133.8967]], dtype=torch.float64), 'xCO2': tensor([[9.3707e-01, 8.4230e-01, 6.6179e-01, 4.5128e-01, 2.5636e-01, 1.2888e-01,
         5.9940e-02, 2.6011e-02, 1.0767e-02, 4.3483e-03, 1.5037e-03, 4.9178e-04,
         1.5076e-04, 4.0964e-05, 1.2858e-05, 1.2248e-05, 1.4733e-05, 1.8399e-05,
         2.3091e-05, 2.8980e-05, 3.6439e-05, 4.5952e-05, 5.7890e-05, 7.2859e-05,
         9.1620e-05, 1.1512e-04, 1.4497e-04, 1.8303e-04, 2.3086e-04, 2.9093e-04,
         3.6634e-04, 4.6100e-04, 5.8181e-04, 7.3620e-04, 9.3110e-04, 1.1777e-03,
         1.4931e-03, 1.9043e-03, 2.4400e-03, 3.1325e-03, 4.0206e-03, 5.1627e-03,
         6.6366e-03, 8.5480e-03, 1.1130e-02, 1.4570e-02, 1.9169e-02, 2.5367e-02,
         3.3775e-02, 4.5524e-02, 6.2084e-02, 8.4853e-02, 1.1574e-01, 1.5675e-01,
         2.1031e-01, 2.7343e-01, 3.4266e-01, 4.1126e-01, 4.7676e-01, 5.3769e-01,
         5.9697e-01, 6.5390e-01, 7.0871e-01, 7.5912e-01, 8.0446e-01, 8.4273e-01,
         8.7442e-01, 8.9982e-01, 9.2043e-01, 9.3769e-01, 9.5291e-01, 9.6718e-01,
         9.8105e-01, 9.9376e-01, 9.9376e-01, 9.9376e-01, 9.9376e-01, 9.9376e-01,
         9.9376e-01, 9.9376e-01]], dtype=torch.float64), 'xH2O': tensor([[6.3800e-07, 3.8408e-07, 1.3948e-07, 4.8154e-08, 1.3661e-08, 3.2165e-09,
         6.2558e-10, 8.6982e-11, 2.0403e-12, 4.4333e-13, 5.6305e-13, 4.1002e-13,
         2.1485e-13, 5.2755e-14, 3.5437e-15, 2.3029e-15, 1.9645e-15, 1.7934e-15,
         1.6975e-15, 1.6449e-15, 1.6206e-15, 1.6151e-15, 1.6213e-15, 1.6359e-15,
         1.6577e-15, 1.6867e-15, 1.7256e-15, 1.7795e-15, 1.8544e-15, 1.9597e-15,
         2.1080e-15, 2.3167e-15, 2.6177e-15, 3.0508e-15, 3.6565e-15, 4.4913e-15,
         5.6322e-15, 7.2059e-15, 9.3879e-15, 1.2084e-14, 1.5403e-14, 1.9509e-14,
         2.4639e-14, 3.1168e-14, 4.0154e-14, 5.2735e-14, 7.1015e-14, 9.8941e-14,
         1.4418e-13, 2.3065e-13, 4.3278e-13, 9.7141e-13, 2.6835e-12, 8.1288e-12,
         1.3860e-11, 1.8764e-11, 2.2212e-11, 2.3952e-11, 2.4989e-11, 2.6357e-11,
         2.8776e-11, 3.2587e-11, 3.7164e-11, 4.1853e-11, 4.6027e-11, 4.9302e-11,
         5.1849e-11, 5.3995e-11, 5.6300e-11, 5.9238e-11, 6.3416e-11, 6.9053e-11,
         7.6863e-11, 8.5852e-11, 8.5852e-11, 8.5852e-11, 8.5852e-11, 8.5852e-11,
         8.5852e-11, 8.5852e-11]], dtype=torch.float64), 'xSO2': tensor([[1.4001e-02, 1.0612e-02, 6.2929e-03, 3.4675e-03, 1.6398e-03, 6.6312e-04,
         2.3311e-04, 7.0231e-05, 1.8532e-05, 4.5908e-06, 9.1769e-07, 1.7648e-07,
         3.1855e-08, 4.5927e-09, 7.4252e-10, 5.8453e-10, 6.3807e-10, 7.0077e-10,
         7.6525e-10, 8.5626e-10, 9.8502e-10, 1.1585e-09, 1.3803e-09, 1.6594e-09,
         2.0079e-09, 2.4416e-09, 2.9893e-09, 3.6864e-09, 4.5671e-09, 5.6906e-09,
         7.1435e-09, 9.0547e-09, 1.1679e-08, 1.5369e-08, 2.0541e-08, 2.7828e-08,
         3.8083e-08, 5.2441e-08, 7.2893e-08, 1.0137e-07, 1.4007e-07, 1.9233e-07,
         2.6280e-07, 3.5790e-07, 4.9167e-07, 6.7598e-07, 9.2950e-07, 1.2796e-06,
         1.7649e-06, 2.4592e-06, 3.4677e-06, 4.9145e-06, 7.0091e-06, 1.0090e-05,
         1.4887e-05, 2.1860e-05, 3.1666e-05, 4.4414e-05, 5.8450e-05, 7.1274e-05,
         8.1193e-05, 8.6193e-05, 8.7179e-05, 8.4114e-05, 7.8543e-05, 7.1099e-05,
         6.2858e-05, 5.4530e-05, 4.6766e-05, 3.9890e-05, 3.4202e-05, 2.9584e-05,
         2.6205e-05, 2.3937e-05, 2.3937e-05, 2.3937e-05, 2.3937e-05, 2.3937e-05,
         2.3937e-05, 2.3937e-05]], dtype=torch.float64), 'xH2SO4aer': tensor([[6.9807e-08, 7.8368e-08, 9.6659e-08, 1.1604e-07, 1.3935e-07, 1.6730e-07,
         2.0332e-07, 2.7934e-07, 7.4537e-07, 1.0766e-06, 1.0803e-07, 2.8286e-11,
         1.8602e-12, 3.5315e-13, 1.0487e-13, 7.0289e-14, 5.3607e-14, 4.0951e-14,
         3.0898e-14, 2.3085e-14, 1.7213e-14, 1.2876e-14, 9.6126e-15, 7.1652e-15,
         5.3400e-15, 3.9903e-15, 3.0203e-15, 2.3360e-15, 1.8498e-15, 1.5120e-15,
         1.2837e-15, 1.1355e-15, 1.0477e-15, 1.0005e-15, 9.7775e-16, 9.6846e-16,
         9.6459e-16, 9.6074e-16, 9.4288e-16, 9.0694e-16, 8.5693e-16, 7.9936e-16,
         7.4220e-16, 6.9275e-16, 6.5858e-16, 6.4224e-16, 6.4560e-16, 6.7049e-16,
         7.1875e-16, 7.9387e-16, 8.9482e-16, 1.0036e-15, 1.0598e-15, 8.6422e-16,
         2.7847e-16, 5.1250e-17, 5.8559e-18, 1.1915e-18, 2.6631e-19, 1.0725e-19,
         5.1106e-20, 2.9561e-20, 1.6878e-20, 9.6095e-21, 5.0882e-21, 2.6231e-21,
         1.2810e-21, 6.1942e-22, 2.9782e-22, 1.4102e-22, 6.6832e-23, 2.7713e-23,
         9.1020e-24, 8.1355e-25, 8.1355e-25, 8.1355e-25, 8.1355e-25, 8.1355e-25,
         8.1355e-25, 8.1355e-25]], dtype=torch.float64), 'xS8aer': tensor([[2.1050e-34, 4.2541e-34, 2.1638e-33, 5.1721e-28, 9.0532e-23, 1.9041e-21,
         1.9612e-21, 1.6828e-21, 4.8067e-21, 7.9269e-21, 7.2101e-22, 1.6662e-26,
         1.9251e-31, 1.5515e-33, 4.6739e-36, 1.9194e-37, 6.4824e-38, 5.8377e-38,
         6.4459e-38, 7.3544e-38, 8.4806e-38, 9.8671e-38, 1.1558e-37, 1.3628e-37,
         1.6171e-37, 1.9302e-37, 2.3218e-37, 2.8147e-37, 3.4271e-37, 4.1882e-37,
         5.1340e-37, 6.3095e-37, 7.7916e-37, 9.6576e-37, 1.1966e-36, 1.4730e-36,
         1.7601e-36, 1.9305e-36, 1.8791e-36, 2.0794e-36, 1.9697e-36, 1.3134e-36,
         2.0584e-37, 1.0000e-40, 1.0000e-40, 1.0000e-40, 1.0000e-40, 1.0000e-40,
         1.0000e-40, 1.0000e-40, 1.0000e-40, 1.0000e-40, 1.0000e-40, 1.0000e-40,
         1.0000e-40, 1.0000e-40, 1.0000e-40, 1.0000e-40, 1.0000e-40, 1.0000e-40,
         1.0000e-40, 1.0000e-40, 1.0000e-40, 1.0000e-40, 1.0000e-40, 1.0000e-40,
         1.0000e-40, 1.0000e-40, 1.0000e-40, 1.0000e-40, 1.0000e-40, 1.0000e-40,
         1.0000e-40, 1.0000e-40, 1.0000e-40, 1.0000e-40, 1.0000e-40, 1.0000e-40,
         1.0000e-40, 1.0000e-40]], dtype=torch.float64)}"
216000,222.538,2.43169e-09,"{'pres': tensor([[5.3000e+04, 4.2137e+04, 3.3501e+04, 2.6635e+04, 2.1176e+04, 1.6836e+04,
         1.3385e+04, 1.0642e+04, 8.4606e+03, 6.7265e+03, 5.3479e+03, 4.2518e+03,
         3.3803e+03, 2.6875e+03, 2.1367e+03, 1.6988e+03, 1.3506e+03, 1.0738e+03,
         8.5370e+02, 6.7873e+02, 5.3962e+02, 4.2902e+02, 3.4109e+02, 2.7118e+02,
         2.1560e+02, 1.7141e+02, 1.3628e+02, 1.0835e+02, 8.6141e+01, 6.8485e+01,
         5.4449e+01, 4.3289e+01, 3.4417e+01, 2.7363e+01, 2.1755e+01, 1.7296e+01,
         1.3751e+01, 1.0933e+01, 8.6918e+00, 6.9104e+00, 5.4941e+00, 4.3680e+00,
         3.4728e+00, 2.7610e+00, 2.1951e+00, 1.7452e+00, 1.3875e+00, 1.1031e+00,
         8.7703e-01, 6.9728e-01, 5.5437e-01, 4.4075e-01, 3.5041e-01, 2.7859e-01,
         2.2149e-01, 1.7610e-01, 1.4000e-01, 1.1131e-01, 8.8495e-02, 7.0358e-02,
         5.5937e-02, 4.4473e-02, 3.5358e-02, 2.8111e-02, 2.2349e-02, 1.7769e-02,
         1.4127e-02, 1.1231e-02, 8.9295e-03, 7.0993e-03, 5.6442e-03, 4.4874e-03,
         3.5677e-03, 2.8365e-03, 2.2551e-03, 1.7929e-03, 1.4254e-03, 1.1333e-03,
         9.0101e-04, 7.1634e-04]], dtype=torch.float64), 'temp': tensor([[191.0704, 185.2289, 179.0864, 172.4687, 165.3673, 157.9379, 150.4169,
         143.0252, 135.9235, 129.0756, 122.6025, 116.4417, 110.6007, 105.0679,
         100.0484, 100.0208, 100.0164, 100.0154, 100.0156, 100.0165, 100.0178,
         100.0195, 100.0217, 100.0245, 100.0277, 100.0316, 100.0361, 100.0413,
         100.0471, 100.0538, 100.0615, 100.0703, 100.0807, 100.0929, 100.1074,
         100.1249, 100.1486, 100.2098, 100.3135, 100.3867, 100.4653, 100.5624,
         100.6836, 100.8364, 101.0325, 101.2856, 101.6138, 102.0450, 102.6183,
         103.3948, 104.4813, 105.9716, 107.9998, 110.7145, 114.2354, 118.3683,
         122.4399, 125.6398, 127.9207, 129.5042, 130.5507, 131.2549, 131.7596,
         132.1864, 132.5329, 132.8185, 133.0561, 133.2456, 133.4104, 133.5286,
         133.6422, 133.7228, 133.7955, 133.8503, 133.8959, 133.9298, 133.9566,
         133.9773, 133.9977, 134.0099]], dtype=torch.float64), 'xCO2': tensor([[9.3848e-01, 8.4458e-01, 6.6139e-01, 4.5383e-01, 2.6167e-01, 1.3342e-01,
         6.2847e-02, 2.7638e-02, 1.1593e-02, 4.5585e-03, 1.5268e-03, 4.9882e-04,
         1.5285e-04, 4.1416e-05, 1.2955e-05, 1.2264e-05, 1.4732e-05, 1.8393e-05,
         2.3084e-05, 2.8971e-05, 3.6437e-05, 4.5951e-05, 5.7888e-05, 7.2857e-05,
         9.1618e-05, 1.1512e-04, 1.4500e-04, 1.8308e-04, 2.3092e-04, 2.9102e-04,
         3.6649e-04, 4.6122e-04, 5.8231e-04, 7.3697e-04, 9.3231e-04, 1.1796e-03,
         1.4960e-03, 1.9078e-03, 2.4458e-03, 3.1411e-03, 4.0332e-03, 5.1812e-03,
         6.6643e-03, 8.5892e-03, 1.1196e-02, 1.4669e-02, 1.9314e-02, 2.5577e-02,
         3.4070e-02, 4.5974e-02, 6.2678e-02, 8.5581e-02, 1.1651e-01, 1.5764e-01,
         2.1081e-01, 2.7345e-01, 3.4245e-01, 4.1143e-01, 4.7758e-01, 5.3931e-01,
         5.9883e-01, 6.5565e-01, 7.0971e-01, 7.5942e-01, 8.0362e-01, 8.4139e-01,
         8.7251e-01, 8.9810e-01, 9.1892e-01, 9.3676e-01, 9.5250e-01, 9.6722e-01,
         9.8142e-01, 9.9290e-01, 9.9290e-01, 9.9290e-01, 9.9290e-01, 9.9290e-01,
         9.9290e-01, 9.9290e-01]], dtype=torch.float64), 'xH2O': tensor([[6.4038e-07, 3.8486e-07, 1.3995e-07, 4.8150e-08, 1.3762e-08, 3.2340e-09,
         6.3238e-10, 8.9006e-11, 2.2850e-12, 4.3516e-13, 5.5239e-13, 4.0452e-13,
         2.2169e-13, 6.3871e-14, 4.1679e-15, 2.5806e-15, 2.1748e-15, 1.9771e-15,
         1.8689e-15, 1.8104e-15, 1.7840e-15, 1.7786e-15, 1.7862e-15, 1.8031e-15,
         1.8271e-15, 1.8579e-15, 1.8978e-15, 1.9520e-15, 2.0277e-15, 2.1355e-15,
         2.2894e-15, 2.5079e-15, 2.8243e-15, 3.2773e-15, 3.9061e-15, 4.7653e-15,
         5.9307e-15, 7.5297e-15, 9.7473e-15, 1.2486e-14, 1.5870e-14, 2.0079e-14,
         2.5369e-14, 3.2142e-14, 4.1581e-14, 5.4915e-14, 7.4559e-14, 1.0510e-13,
         1.5570e-13, 2.5763e-13, 5.0904e-13, 1.2288e-12, 3.6110e-12, 9.8907e-12,
         1.5852e-11, 2.0843e-11, 2.4305e-11, 2.6118e-11, 2.7188e-11, 2.8466e-11,
         3.0663e-11, 3.3981e-11, 3.7937e-11, 4.1976e-11, 4.5575e-11, 4.8529e-11,
         5.0943e-11, 5.3174e-11, 5.5716e-11, 5.8946e-11, 6.3478e-11, 6.9509e-11,
         7.7560e-11, 8.5735e-11, 8.5735e-11, 8.5735e-11, 8.5735e-11, 8.5735e-11,
         8.5735e-11, 8.5735e-11]], dtype=torch.float64), 'xSO2': tensor([[1.4025e-02, 1.0621e-02, 6.3063e-03, 3.4680e-03, 1.6521e-03, 6.7179e-04,
         2.3635e-04, 7.0882e-05, 1.8775e-05, 4.6657e-06, 9.3183e-07, 1.7998e-07,
         3.2467e-08, 4.6540e-09, 7.5151e-10, 5.8989e-10, 6.5097e-10, 7.2428e-10,
         7.8834e-10, 8.7289e-10, 9.9234e-10, 1.1544e-09, 1.3628e-09, 1.6256e-09,
         1.9543e-09, 2.3639e-09, 2.8826e-09, 3.5446e-09, 4.3856e-09, 5.4674e-09,
         6.8811e-09, 8.7636e-09, 1.1388e-08, 1.5116e-08, 2.0385e-08, 2.7852e-08,
         3.8398e-08, 5.3204e-08, 7.4388e-08, 1.0392e-07, 1.4413e-07, 1.9853e-07,
         2.7191e-07, 3.7089e-07, 5.1027e-07, 7.0177e-07, 9.6487e-07, 1.3278e-06,
         1.8305e-06, 2.5523e-06, 3.5981e-06, 5.0999e-06, 7.2743e-06, 1.0506e-05,
         1.5480e-05, 2.2659e-05, 3.2756e-05, 4.5561e-05, 5.9478e-05, 7.2074e-05,
         8.1571e-05, 8.6356e-05, 8.6905e-05, 8.3559e-05, 7.7517e-05, 6.9721e-05,
         6.1163e-05, 5.2634e-05, 4.4814e-05, 3.7927e-05, 3.2324e-05, 2.7847e-05,
         2.4572e-05, 2.2642e-05, 2.2642e-05, 2.2642e-05, 2.2642e-05, 2.2642e-05,
         2.2642e-05, 2.2642e-05]], dtype=torch.float64), 'xH2SO4aer': tensor([[6.9810e-08, 7.8372e-08, 9.6667e-08, 1.1605e-07, 1.3939e-07, 1.6743e-07,
         2.0382e-07, 2.8409e-07, 7.8051e-07, 1.0478e-06, 9.2156e-08, 2.7492e-11,
         1.9877e-12, 3.5510e-13, 1.1397e-13, 7.6480e-14, 5.8641e-14, 4.5073e-14,
         3.4198e-14, 2.5658e-14, 1.9183e-14, 1.4357e-14, 1.0705e-14, 7.9575e-15,
         5.9030e-15, 4.3819e-15, 3.2899e-15, 2.5190e-15, 1.9719e-15, 1.5913e-15,
         1.3326e-15, 1.1615e-15, 1.0554e-15, 9.9192e-16, 9.5383e-16, 9.3016e-16,
         9.1319e-16, 8.9778e-16, 8.7236e-16, 8.3336e-16, 7.8408e-16, 7.3000e-16,
         6.7766e-16, 6.3314e-16, 6.0321e-16, 5.8992e-16, 5.9510e-16, 6.2048e-16,
         6.6768e-16, 7.3977e-16, 8.3318e-16, 9.2466e-16, 9.3653e-16, 6.4500e-16,
         1.7852e-16, 2.9077e-17, 3.6638e-18, 8.0301e-19, 2.1702e-19, 9.4941e-20,
         4.7469e-20, 2.7019e-20, 1.5215e-20, 8.4174e-21, 4.4341e-21, 2.2444e-21,
         1.1129e-21, 5.3325e-22, 2.6311e-22, 1.2412e-22, 5.9342e-23, 2.4450e-23,
         7.1863e-24, 5.4424e-25, 5.4424e-25, 5.4424e-25, 5.4424e-25, 5.4424e-25,
         5.4424e-25, 5.4424e-25]], dtype=torch.float64), 'xS8aer': tensor([[2.1053e-34, 4.2553e-34, 2.2124e-33, 6.1952e-28, 9.1509e-23, 1.9057e-21,
         2.0064e-21, 1.7185e-21, 5.1130e-21, 7.6795e-21, 6.0770e-22, 7.7347e-27,
         2.0947e-31, 1.6047e-33, 4.8724e-36, 1.9624e-37, 6.5862e-38, 5.9984e-38,
         6.6941e-38, 7.6944e-38, 8.9191e-38, 1.0420e-37, 1.2253e-37, 1.4503e-37,
         1.7277e-37, 2.0703e-37, 2.5003e-37, 3.0421e-37, 3.7166e-37, 4.5557e-37,
         5.5995e-37, 6.8971e-37, 8.5341e-37, 1.0592e-36, 1.3135e-36, 1.6186e-36,
         1.9402e-36, 2.1479e-36, 2.1372e-36, 2.3766e-36, 2.2860e-36, 1.5792e-36,
         2.4620e-37, 1.0000e-40, 1.0000e-40, 1.0000e-40, 1.0000e-40, 1.0000e-40,
         1.0000e-40, 1.0000e-40, 1.0000e-40, 1.0000e-40, 1.0000e-40, 1.0000e-40,
         1.0000e-40, 1.0000e-40, 1.0000e-40, 1.0000e-40, 1.0000e-40, 1.0000e-40,
         1.0000e-40, 1.0000e-40, 1.0000e-40, 1.0000e-40, 1.0000e-40, 1.0000e-40,
         1.0000e-40, 1.0000e-40, 1.0000e-40, 1.0000e-40, 1.0000e-40, 1.0000e-40,
         1.0000e-40, 1.0000e-40, 1.0000e-40, 1.0000e-40, 1.0000e-40, 1.0000e-40,
         1.0000e-40, 1.0000e-40]], dtype=torch.float64)}"
237600,222.405,4.89429e-11,"{'pres': tensor([[5.3000e+04, 4.2137e+04, 3.3501e+04, 2.6635e+04, 2.1176e+04, 1.6836e+04,
         1.3385e+04, 1.0642e+04, 8.4606e+03, 6.7265e+03, 5.3479e+03, 4.2518e+03,
         3.3803e+03, 2.6875e+03, 2.1367e+03, 1.6988e+03, 1.3506e+03, 1.0738e+03,
         8.5370e+02, 6.7873e+02, 5.3962e+02, 4.2902e+02, 3.4109e+02, 2.7118e+02,
         2.1560e+02, 1.7141e+02, 1.3628e+02, 1.0835e+02, 8.6141e+01, 6.8485e+01,
         5.4449e+01, 4.3289e+01, 3.4417e+01, 2.7363e+01, 2.1755e+01, 1.7296e+01,
         1.3751e+01, 1.0933e+01, 8.6918e+00, 6.9104e+00, 5.4941e+00, 4.3680e+00,
         3.4728e+00, 2.7610e+00, 2.1951e+00, 1.7452e+00, 1.3875e+00, 1.1031e+00,
         8.7703e-01, 6.9728e-01, 5.5437e-01, 4.4075e-01, 3.5041e-01, 2.7859e-01,
         2.2149e-01, 1.7610e-01, 1.4000e-01, 1.1131e-01, 8.8495e-02, 7.0358e-02,
         5.5937e-02, 4.4473e-02, 3.5358e-02, 2.8111e-02, 2.2349e-02, 1.7769e-02,
         1.4127e-02, 1.1231e-02, 8.9295e-03, 7.0993e-03, 5.6442e-03, 4.4874e-03,
         3.5677e-03, 2.8365e-03, 2.2551e-03, 1.7929e-03, 1.4254e-03, 1.1333e-03,
         9.0101e-04, 7.1634e-04]], dtype=torch.float64), 'temp': tensor([[191.0944, 185.2602, 179.1195, 172.4848, 165.3891, 157.9648, 150.4773,
         143.0456, 135.9156, 129.1038, 122.6234, 116.4900, 110.6190, 105.0845,
         100.0501, 100.0208, 100.0164, 100.0155, 100.0157, 100.0166, 100.0179,
         100.0197, 100.0220, 100.0247, 100.0281, 100.0320, 100.0367, 100.0420,
         100.0481, 100.0550, 100.0630, 100.0722, 100.0831, 100.0960, 100.1114,
         100.1300, 100.1552, 100.2184, 100.3247, 100.4013, 100.4844, 100.5875,
         100.7165, 100.8797, 101.0902, 101.3629, 101.7179, 102.1861, 102.8107,
         103.6601, 104.8500, 106.4817, 108.6947, 111.6311, 115.3716, 119.6217,
         123.6315, 126.6113, 128.6224, 129.9602, 130.8442, 131.4641, 131.9352,
         132.3426, 132.6747, 132.9501, 133.1802, 133.3625, 133.5235, 133.6380,
         133.7488, 133.8270, 133.8980, 133.9511, 133.9951, 134.0284, 134.0542,
         134.0747, 134.0942, 134.1062]], dtype=torch.float64), 'xCO2': tensor([[9.3957e-01, 8.4645e-01, 6.6132e-01, 4.5627e-01, 2.6676e-01, 1.3794e-01,
         6.5807e-02, 2.9311e-02, 1.2114e-02, 4.5928e-03, 1.5333e-03, 4.9987e-04,
         1.5340e-04, 4.1583e-05, 1.2994e-05, 1.2270e-05, 1.4732e-05, 1.8391e-05,
         2.3081e-05, 2.8969e-05, 3.6438e-05, 4.5953e-05, 5.7891e-05, 7.2862e-05,
         9.1625e-05, 1.1513e-04, 1.4503e-04, 1.8312e-04, 2.3099e-04, 2.9113e-04,
         3.6665e-04, 4.6148e-04, 5.8279e-04, 7.3774e-04, 9.3355e-04, 1.1816e-03,
         1.4991e-03, 1.9110e-03, 2.4503e-03, 3.1478e-03, 4.0435e-03, 5.1970e-03,
         6.6884e-03, 8.6259e-03, 1.1255e-02, 1.4758e-02, 1.9446e-02, 2.5768e-02,
         3.4339e-02, 4.6378e-02, 6.3203e-02, 8.6207e-02, 1.1714e-01, 1.5833e-01,
         2.1113e-01, 2.7337e-01, 3.4215e-01, 4.1147e-01, 4.7798e-01, 5.4042e-01,
         6.0001e-01, 6.5674e-01, 7.1011e-01, 7.5920e-01, 8.0246e-01, 8.3984e-01,
         8.7053e-01, 8.9624e-01, 9.1735e-01, 9.3559e-01, 9.5183e-01, 9.6690e-01,
         9.8134e-01, 9.9172e-01, 9.9172e-01, 9.9172e-01, 9.9172e-01, 9.9172e-01,
         9.9172e-01, 9.9172e-01]], dtype=torch.float64), 'xH2O': tensor([[6.4577e-07, 3.8682e-07, 1.4016e-07, 4.8254e-08, 1.3728e-08, 3.2375e-09,
         6.3514e-10, 9.0422e-11, 2.5429e-12, 4.3875e-13, 5.5000e-13, 4.0100e-13,
         2.2707e-13, 7.3841e-14, 4.9542e-15, 2.9072e-15, 2.4100e-15, 2.1768e-15,
         2.0524e-15, 1.9864e-15, 1.9574e-15, 1.9521e-15, 1.9614e-15, 1.9807e-15,
         2.0072e-15, 2.0399e-15, 2.0808e-15, 2.1353e-15, 2.2113e-15, 2.3209e-15,
         2.4796e-15, 2.7070e-15, 3.0376e-15, 3.5089e-15, 4.1591e-15, 5.0411e-15,
         6.2300e-15, 7.8531e-15, 1.0104e-14, 1.2884e-14, 1.6333e-14, 2.0645e-14,
         2.6099e-14, 3.3127e-14, 4.3038e-14, 5.7183e-14, 7.8314e-14, 1.1175e-13,
         1.6843e-13, 2.8870e-13, 6.0238e-13, 1.5640e-12, 4.8323e-12, 1.1566e-11,
         1.7768e-11, 2.2895e-11, 2.6382e-11, 2.8271e-11, 2.9341e-11, 3.0500e-11,
         3.2437e-11, 3.5269e-11, 3.8646e-11, 4.2099e-11, 4.5200e-11, 4.7858e-11,
         5.0155e-11, 5.2438e-11, 5.5154e-11, 5.8652e-11, 6.3409e-11, 6.9741e-11,
         7.7963e-11, 8.5392e-11, 8.5392e-11, 8.5392e-11, 8.5392e-11, 8.5392e-11,
         8.5392e-11, 8.5392e-11]], dtype=torch.float64), 'xSO2': tensor([[1.4089e-02, 1.0652e-02, 6.3119e-03, 3.4730e-03, 1.6500e-03, 6.7310e-04,
         2.3725e-04, 7.1255e-05, 1.8952e-05, 4.6777e-06, 9.3564e-07, 1.8054e-07,
         3.2615e-08, 4.6755e-09, 7.5547e-10, 5.9370e-10, 6.6317e-10, 7.4905e-10,
         8.1586e-10, 8.9663e-10, 1.0090e-09, 1.1621e-09, 1.3598e-09, 1.6099e-09,
         1.9233e-09, 2.3145e-09, 2.8116e-09, 3.4488e-09, 4.2639e-09, 5.3218e-09,
         6.7196e-09, 8.6026e-09, 1.1261e-08, 1.5070e-08, 2.0488e-08, 2.8193e-08,
         3.9103e-08, 5.4435e-08, 7.6420e-08, 1.0710e-07, 1.4892e-07, 2.0553e-07,
         2.8191e-07, 3.8487e-07, 5.2983e-07, 7.2857e-07, 1.0013e-06, 1.3771e-06,
         1.8973e-06, 2.6465e-06, 3.7301e-06, 5.2879e-06, 7.5437e-06, 1.0928e-05,
         1.6083e-05, 2.3483e-05, 3.3890e-05, 4.6846e-05, 6.0772e-05, 7.3337e-05,
         8.2558e-05, 8.7247e-05, 8.7412e-05, 8.3792e-05, 7.7279e-05, 6.9118e-05,
         6.0222e-05, 5.1467e-05, 4.3527e-05, 3.6624e-05, 3.1002e-05, 2.6613e-05,
         2.3401e-05, 2.1742e-05, 2.1742e-05, 2.1742e-05, 2.1742e-05, 2.1742e-05,
         2.1742e-05, 2.1742e-05]], dtype=torch.float64), 'xH2SO4aer': tensor([[6.9814e-08, 7.8380e-08, 9.6678e-08, 1.1607e-07, 1.3943e-07, 1.6754e-07,
         2.0428e-07, 2.8871e-07, 8.1428e-07, 1.0194e-06, 7.9652e-08, 2.7548e-11,
         2.0518e-12, 3.5452e-13, 1.2231e-13, 8.2504e-14, 6.3611e-14, 4.9175e-14,
         3.7509e-14, 2.8260e-14, 2.1186e-14, 1.5869e-14, 1.1825e-14, 8.7703e-15,
         6.4799e-15, 4.7815e-15, 3.5623e-15, 2.7017e-15, 2.0915e-15, 1.6670e-15,
         1.3772e-15, 1.1832e-15, 1.0590e-15, 9.7999e-16, 9.2780e-16, 8.9132e-16,
         8.6304e-16, 8.3775e-16, 8.0613e-16, 7.6503e-16, 7.1696e-16, 6.6643e-16,
         6.1882e-16, 5.7914e-16, 5.5342e-16, 5.4332e-16, 5.5063e-16, 5.7703e-16,
         6.2402e-16, 6.9436e-16, 7.8229e-16, 8.5895e-16, 8.2817e-16, 4.6212e-16,
         1.1399e-16, 1.6960e-17, 2.4779e-18, 5.9832e-19, 1.9522e-19, 8.9349e-20,
         4.6030e-20, 2.5497e-20, 1.4092e-20, 7.5451e-21, 3.9448e-21, 1.9534e-21,
         9.8005e-22, 4.6837e-22, 2.3370e-22, 1.1189e-22, 5.2553e-23, 2.1392e-23,
         5.4500e-24, 2.6275e-25, 2.6275e-25, 2.6275e-25, 2.6275e-25, 2.6275e-25,
         2.6275e-25, 2.6275e-25]], dtype=torch.float64), 'xS8aer': tensor([[2.1060e-34, 4.2575e-34, 2.2757e-33, 7.2999e-28, 9.2465e-23, 1.9072e-21,
         2.0535e-21, 1.7542e-21, 5.4052e-21, 7.4363e-21, 5.1953e-22, 3.6238e-27,
         2.1484e-31, 1.6106e-33, 4.9455e-36, 1.9962e-37, 6.8173e-38, 6.2920e-38,
         7.1002e-38, 8.2557e-38, 9.6780e-38, 1.1415e-37, 1.3518e-37, 1.6074e-37,
         1.9189e-37, 2.2999e-37, 2.7743e-37, 3.3688e-37, 4.1070e-37, 5.0253e-37,
         6.1689e-37, 7.5933e-37, 9.3950e-37, 1.1663e-36, 1.4470e-36, 1.7850e-36,
         2.1462e-36, 2.3962e-36, 2.4297e-36, 2.7100e-36, 2.6349e-36, 1.8685e-36,
         2.9108e-37, 1.0000e-40, 1.0000e-40, 1.0000e-40, 1.0000e-40, 1.0000e-40,
         1.0000e-40, 1.0000e-40, 1.0000e-40, 1.0000e-40, 1.0000e-40, 1.0000e-40,
         1.0000e-40, 1.0000e-40, 1.0000e-40, 1.0000e-40, 1.0000e-40, 1.0000e-40,
         1.0000e-40, 1.0000e-40, 1.0000e-40, 1.0000e-40, 1.0000e-40, 1.0000e-40,
         1.0000e-40, 1.0000e-40, 1.0000e-40, 1.0000e-40, 1.0000e-40, 1.0000e-40,
         1.0000e-40, 1.0000e-40, 1.0000e-40, 1.0000e-40, 1.0000e-40, 1.0000e-40,
         1.0000e-40, 1.0000e-40]], dtype=torch.float64)}"
259200,222.308,0,"{'pres': tensor([[5.3000e+04, 4.2137e+04, 3.3501e+04, 2.6635e+04, 2.1176e+04, 1.6836e+04,
         1.3385e+04, 1.0642e+04, 8.4606e+03, 6.7265e+03, 5.3479e+03, 4.2518e+03,
         3.3803e+03, 2.6875e+03, 2.1367e+03, 1.6988e+03, 1.3506e+03, 1.0738e+03,
         8.5370e+02, 6.7873e+02, 5.3962e+02, 4.2902e+02, 3.4109e+02, 2.7118e+02,
         2.1560e+02, 1.7141e+02, 1.3628e+02, 1.0835e+02, 8.6141e+01, 6.8485e+01,
         5.4449e+01, 4.3289e+01, 3.4417e+01, 2.7363e+01, 2.1755e+01, 1.7296e+01,
         1.3751e+01, 1.0933e+01, 8.6918e+00, 6.9104e+00, 5.4941e+00, 4.3680e+00,
         3.4728e+00, 2.7610e+00, 2.1951e+00, 1.7452e+00, 1.3875e+00, 1.1031e+00,
         8.7703e-01, 6.9728e-01, 5.5437e-01, 4.4075e-01, 3.5041e-01, 2.7859e-01,
         2.2149e-01, 1.7610e-01, 1.4000e-01, 1.1131e-01, 8.8495e-02, 7.0358e-02,
         5.5937e-02, 4.4473e-02, 3.5358e-02, 2.8111e-02, 2.2349e-02, 1.7769e-02,
         1.4127e-02, 1.1231e-02, 8.9295e-03, 7.0993e-03, 5.6442e-03, 4.4874e-03,
         3.5677e-03, 2.8365e-03, 2.2551e-03, 1.7929e-03, 1.4254e-03, 1.1333e-03,
         9.0101e-04, 7.1634e-04]], dtype=torch.float64), 'temp': tensor([[191.0716, 185.2832, 179.1477, 172.5259, 165.4380, 158.0162, 150.4973,
         143.1027, 135.9702, 129.1837, 122.6711, 116.5345, 110.6689, 105.1318,
         100.0519, 100.0209, 100.0165, 100.0156, 100.0158, 100.0167, 100.0181,
         100.0199, 100.0222, 100.0250, 100.0284, 100.0325, 100.0372, 100.0427,
         100.0490, 100.0562, 100.0645, 100.0741, 100.0855, 100.0991, 100.1154,
         100.1351, 100.1619, 100.2270, 100.3359, 100.4160, 100.5037, 100.6128,
         100.7499, 100.9237, 101.1488, 101.4415, 101.8239, 102.3298, 103.0065,
         103.9301, 105.2244, 106.9974, 109.3912, 112.5371, 116.4652, 120.7782,
         124.6664, 127.3991, 129.1522, 130.2961, 131.0651, 131.6340, 132.0853,
         132.4786, 132.7988, 133.0656, 133.2894, 133.4657, 133.6235, 133.7348,
         133.8432, 133.9193, 133.9889, 134.0406, 134.0833, 134.1161, 134.1410,
         134.1613, 134.1801, 134.1919]], dtype=torch.float64), 'xCO2': tensor([[9.4048e-01, 8.4807e-01, 6.6156e-01, 4.5868e-01, 2.7163e-01, 1.4238e-01,
         6.8767e-02, 3.0653e-02, 1.2208e-02, 4.6138e-03, 1.5399e-03, 5.0464e-04,
         1.5443e-04, 4.1689e-05, 1.3041e-05, 1.2276e-05, 1.4733e-05, 1.8391e-05,
         2.3081e-05, 2.8968e-05, 3.6443e-05, 4.5958e-05, 5.7897e-05, 7.2869e-05,
         9.1634e-05, 1.1514e-04, 1.4507e-04, 1.8318e-04, 2.3107e-04, 2.9124e-04,
         3.6682e-04, 4.6175e-04, 5.8331e-04, 7.3855e-04, 9.3483e-04, 1.1836e-03,
         1.5022e-03, 1.9150e-03, 2.4559e-03, 3.1559e-03, 4.0553e-03, 5.2147e-03,
         6.7150e-03, 8.6657e-03, 1.1319e-02, 1.4853e-02, 1.9585e-02, 2.5967e-02,
         3.4616e-02, 4.6791e-02, 6.3732e-02, 8.6827e-02, 1.1775e-01, 1.5902e-01,
         2.1148e-01, 2.7339e-01, 3.4197e-01, 4.1155e-01, 4.7824e-01, 5.4125e-01,
         6.0082e-01, 6.5743e-01, 7.1017e-01, 7.5873e-01, 8.0118e-01, 8.3810e-01,
         8.6859e-01, 8.9426e-01, 9.1577e-01, 9.3433e-01, 9.5098e-01, 9.6630e-01,
         9.8094e-01, 9.9025e-01, 9.9025e-01, 9.9025e-01, 9.9025e-01, 9.9025e-01,
         9.9025e-01, 9.9025e-01]], dtype=torch.float64), 'xH2O': tensor([[6.4856e-07, 3.8879e-07, 1.4090e-07, 4.8420e-08, 1.3780e-08, 3.2567e-09,
         6.4273e-10, 9.1939e-11, 2.7997e-12, 4.4424e-13, 5.5349e-13, 4.0642e-13,
         2.3397e-13, 8.2761e-14, 6.0553e-15, 3.2979e-15, 2.6748e-15, 2.3946e-15,
         2.2493e-15, 2.1738e-15, 2.1415e-15, 2.1361e-15, 2.1472e-15, 2.1692e-15,
         2.1986e-15, 2.2336e-15, 2.2757e-15, 2.3303e-15, 2.4063e-15, 2.5173e-15,
         2.6802e-15, 2.9157e-15, 3.2595e-15, 3.7483e-15, 4.4188e-15, 5.3231e-15,
         6.5355e-15, 8.1845e-15, 1.0471e-14, 1.3296e-14, 1.6813e-14, 2.1233e-14,
         2.6857e-14, 3.4155e-14, 4.4577e-14, 5.9601e-14, 8.2362e-14, 1.1902e-13,
         1.8255e-13, 3.2505e-13, 7.1760e-13, 1.9994e-12, 6.4346e-12, 1.3308e-11,
         1.9666e-11, 2.4944e-11, 2.8462e-11, 3.0424e-11, 3.1462e-11, 3.2482e-11,
         3.4133e-11, 3.6494e-11, 3.9332e-11, 4.2248e-11, 4.4908e-11, 4.7283e-11,
         4.9470e-11, 5.1788e-11, 5.4619e-11, 5.8324e-11, 6.3246e-11, 6.9811e-11,
         7.8153e-11, 8.4871e-11, 8.4871e-11, 8.4871e-11, 8.4871e-11, 8.4871e-11,
         8.4871e-11, 8.4871e-11]], dtype=torch.float64), 'xSO2': tensor([[1.4123e-02, 1.0683e-02, 6.3328e-03, 3.4807e-03, 1.6542e-03, 6.7599e-04,
         2.3921e-04, 7.1643e-05, 1.8947e-05, 4.7006e-06, 9.4047e-07, 1.8302e-07,
         3.2947e-08, 4.6874e-09, 7.6000e-10, 5.9653e-10, 6.6978e-10, 7.6866e-10,
         8.4589e-10, 9.2638e-10, 1.0343e-09, 1.1807e-09, 1.3705e-09, 1.6113e-09,
         1.9136e-09, 2.2921e-09, 2.7751e-09, 3.3975e-09, 4.1998e-09, 5.2510e-09,
         6.6547e-09, 8.5655e-09, 1.1293e-08, 1.5225e-08, 2.0841e-08, 2.8843e-08,
         4.0182e-08, 5.6119e-08, 7.9003e-08, 1.1092e-07, 1.5445e-07, 2.1338e-07,
         2.9286e-07, 3.9992e-07, 5.5066e-07, 7.5681e-07, 1.0394e-06, 1.4284e-06,
         1.9666e-06, 2.7445e-06, 3.8678e-06, 5.4843e-06, 7.8253e-06, 1.1370e-05,
         1.6717e-05, 2.4357e-05, 3.5105e-05, 4.8286e-05, 6.2324e-05, 7.4969e-05,
         8.4016e-05, 8.8656e-05, 8.8460e-05, 8.4573e-05, 7.7590e-05, 6.9048e-05,
         5.9818e-05, 5.0840e-05, 4.2726e-05, 3.5771e-05, 3.0096e-05, 2.5763e-05,
         2.2585e-05, 2.1159e-05, 2.1159e-05, 2.1159e-05, 2.1159e-05, 2.1159e-05,
         2.1159e-05, 2.1159e-05]], dtype=torch.float64), 'xH2SO4aer': tensor([[6.9815e-08, 7.8384e-08, 9.6686e-08, 1.1609e-07, 1.3948e-07, 1.6766e-07,
         2.0474e-07, 2.9364e-07, 8.4757e-07, 9.8967e-07, 6.8587e-08, 2.7853e-11,
         2.0926e-12, 3.5562e-13, 1.3034e-13, 8.8453e-14, 6.8566e-14, 5.3287e-14,
         4.0845e-14, 3.0898e-14, 2.3230e-14, 1.7420e-14, 1.2977e-14, 9.6068e-15,
         7.0733e-15, 5.1912e-15, 3.8405e-15, 2.8865e-15, 2.2109e-15, 1.7411e-15,
         1.4195e-15, 1.2024e-15, 1.0608e-15, 9.6710e-16, 9.0207e-16, 8.5434e-16,
         8.1649e-16, 7.8332e-16, 7.4686e-16, 7.0440e-16, 6.5786e-16, 6.1088e-16,
         5.6789e-16, 5.3305e-16, 5.1179e-16, 5.0544e-16, 5.1583e-16, 5.4474e-16,
         5.9370e-16, 6.6555e-16, 7.5264e-16, 8.2040e-16, 7.5319e-16, 3.3075e-16,
         7.3739e-17, 1.0236e-17, 1.8118e-18, 4.8788e-19, 1.8653e-19, 8.7982e-20,
         4.6023e-20, 2.4676e-20, 1.3366e-20, 6.8982e-21, 3.5765e-21, 1.7422e-21,
         8.7342e-22, 4.2178e-22, 2.0847e-22, 1.0092e-22, 4.6373e-23, 1.8540e-23,
         3.8780e-24, 3.1657e-34, 3.1657e-34, 3.1657e-34, 3.1657e-34, 3.1657e-34,
         3.1657e-34, 3.1657e-34]], dtype=torch.float64), 'xS8aer': tensor([[2.1063e-34, 4.2587e-34, 2.3552e-33, 8.4820e-28, 9.3425e-23, 1.9089e-21,
         2.0997e-21, 1.7921e-21, 5.6909e-21, 7.1841e-21, 4.4240e-22, 1.7123e-27,
         2.2130e-31, 1.6324e-33, 5.0454e-36, 2.0670e-37, 7.4120e-38, 6.9932e-38,
         7.9340e-38, 9.2406e-38, 1.0838e-37, 1.2784e-37, 1.5138e-37, 1.8000e-37,
         2.1493e-37, 2.5770e-37, 3.1103e-37, 3.7779e-37, 4.6066e-37, 5.6368e-37,
         6.9191e-37, 8.5159e-37, 1.0537e-36, 1.3081e-36, 1.6233e-36, 2.0042e-36,
         2.4185e-36, 2.7295e-36, 2.8291e-36, 3.1790e-36, 3.1606e-36, 2.3882e-36,
         5.9217e-37, 2.2383e-39, 1.0000e-40, 1.0000e-40, 1.0000e-40, 1.0000e-40,
         1.0000e-40, 1.0000e-40, 1.0000e-40, 1.0000e-40, 1.0000e-40, 1.0000e-40,
         1.0000e-40, 1.0000e-40, 1.0000e-40, 1.0000e-40, 1.0000e-40, 1.0000e-40,
         1.0000e-40, 1.0000e-40, 1.0000e-40, 1.0000e-40, 1.0000e-40, 1.0000e-40,
         1.0000e-40, 1.0000e-40, 1.0000e-40, 1.0000e-40, 1.0000e-40, 1.0000e-40,
         1.0000e-40, 1.0000e-40, 1.0000e-40, 1.0000e-40, 1.0000e-40, 1.0000e-40,
         1.0000e-40, 1.0000e-40]], dtype=torch.float64)}"
280800,222.233,1.50432e-11,"{'pres': tensor([[5.3000e+04, 4.2137e+04, 3.3501e+04, 2.6635e+04, 2.1176e+04, 1.6836e+04,
         1.3385e+04, 1.0642e+04, 8.4606e+03, 6.7265e+03, 5.3479e+03, 4.2518e+03,
         3.3803e+03, 2.6875e+03, 2.1367e+03, 1.6988e+03, 1.3506e+03, 1.0738e+03,
         8.5370e+02, 6.7873e+02, 5.3962e+02, 4.2902e+02, 3.4109e+02, 2.7118e+02,
         2.1560e+02, 1.7141e+02, 1.3628e+02, 1.0835e+02, 8.6141e+01, 6.8485e+01,
         5.4449e+01, 4.3289e+01, 3.4417e+01, 2.7363e+01, 2.1755e+01, 1.7296e+01,
         1.3751e+01, 1.0933e+01, 8.6918e+00, 6.9104e+00, 5.4941e+00, 4.3680e+00,
         3.4728e+00, 2.7610e+00, 2.1951e+00, 1.7452e+00, 1.3875e+00, 1.1031e+00,
         8.7703e-01, 6.9728e-01, 5.5437e-01, 4.4075e-01, 3.5041e-01, 2.7859e-01,
         2.2149e-01, 1.7610e-01, 1.4000e-01, 1.1131e-01, 8.8495e-02, 7.0358e-02,
         5.5937e-02, 4.4473e-02, 3.5358e-02, 2.8111e-02, 2.2349e-02, 1.7769e-02,
         1.4127e-02, 1.1231e-02, 8.9295e-03, 7.0993e-03, 5.6442e-03, 4.4874e-03,
         3.5677e-03, 2.8365e-03, 2.2551e-03, 1.7929e-03, 1.4254e-03, 1.1333e-03,
         9.0101e-04, 7.1634e-04]], dtype=torch.float64), 'temp': tensor([[191.1230, 185.2970, 179.1672, 172.5436, 165.4571, 158.0385, 150.5233,
         143.1574, 135.9911, 129.1811, 122.6992, 116.5424, 110.7124, 105.1507,
         100.0536, 100.0209, 100.0166, 100.0156, 100.0159, 100.0168, 100.0182,
         100.0201, 100.0224, 100.0253, 100.0288, 100.0329, 100.0378, 100.0435,
         100.0499, 100.0574, 100.0660, 100.0761, 100.0880, 100.1023, 100.1194,
         100.1403, 100.1686, 100.2357, 100.3472, 100.4309, 100.5232, 100.6385,
         100.7836, 100.9682, 101.2083, 101.5214, 101.9316, 102.4759, 103.2056,
         104.2048, 105.6044, 107.5181, 110.0878, 113.4297, 117.5122, 121.8374,
         125.5571, 128.0308, 129.5540, 130.5501, 131.2422, 131.7801, 132.2180,
         132.5993, 132.9092, 133.1685, 133.3870, 133.5580, 133.7130, 133.8214,
         133.9278, 134.0021, 134.0704, 134.1208, 134.1624, 134.1948, 134.2188,
         134.2389, 134.2571, 134.2687]], dtype=torch.float64), 'xCO2': tensor([[9.4126e-01, 8.4948e-01, 6.6207e-01, 4.6109e-01, 2.7630e-01, 1.4673e-01,
         7.1509e-02, 3.1191e-02, 1.2330e-02, 4.6741e-03, 1.5548e-03, 5.1038e-04,
         1.5624e-04, 4.2054e-05, 1.3136e-05, 1.2288e-05, 1.4735e-05, 1.8392e-05,
         2.3081e-05, 2.8967e-05, 3.6450e-05, 4.5965e-05, 5.7904e-05, 7.2875e-05,
         9.1640e-05, 1.1515e-04, 1.4512e-04, 1.8323e-04, 2.3115e-04, 2.9135e-04,
         3.6698e-04, 4.6199e-04, 5.8385e-04, 7.3938e-04, 9.3611e-04, 1.1857e-03,
         1.5054e-03, 1.9198e-03, 2.4634e-03, 3.1661e-03, 4.0699e-03, 5.2358e-03,
         6.7459e-03, 8.7111e-03, 1.1391e-02, 1.4958e-02, 1.9736e-02, 2.6181e-02,
         3.4911e-02, 4.7230e-02, 6.4286e-02, 8.7469e-02, 1.1839e-01, 1.5974e-01,
         2.1191e-01, 2.7357e-01, 3.4195e-01, 4.1170e-01, 4.7845e-01, 5.4186e-01,
         6.0137e-01, 6.5787e-01, 7.1001e-01, 7.5798e-01, 7.9985e-01, 8.3622e-01,
         8.6670e-01, 8.9235e-01, 9.1419e-01, 9.3298e-01, 9.4999e-01, 9.6548e-01,
         9.8025e-01, 9.8855e-01, 9.8855e-01, 9.8855e-01, 9.8855e-01, 9.8855e-01,
         9.8855e-01, 9.8855e-01]], dtype=torch.float64), 'xH2O': tensor([[6.4829e-07, 3.9018e-07, 1.4166e-07, 4.8780e-08, 1.3911e-08, 3.2916e-09,
         6.4818e-10, 9.3954e-11, 3.1018e-12, 4.4897e-13, 5.6071e-13, 4.1417e-13,
         2.4232e-13, 9.1441e-14, 7.8335e-15, 3.7809e-15, 2.9769e-15, 2.6341e-15,
         2.4614e-15, 2.3736e-15, 2.3370e-15, 2.3313e-15, 2.3443e-15, 2.3694e-15,
         2.4020e-15, 2.4396e-15, 2.4831e-15, 2.5379e-15, 2.6138e-15, 2.7256e-15,
         2.8920e-15, 3.1348e-15, 3.4914e-15, 3.9967e-15, 4.6870e-15, 5.6132e-15,
         6.8494e-15, 8.5265e-15, 1.0853e-14, 1.3728e-14, 1.7316e-14, 2.1850e-14,
         2.7654e-14, 3.5237e-14, 4.6217e-14, 6.2196e-14, 8.6740e-14, 1.2696e-13,
         1.9822e-13, 3.6785e-13, 8.5953e-13, 2.5439e-12, 8.2251e-12, 1.5112e-11,
         2.1591e-11, 2.7013e-11, 3.0558e-11, 3.2589e-11, 3.3565e-11, 3.4429e-11,
         3.5775e-11, 3.7683e-11, 4.0013e-11, 4.2429e-11, 4.4694e-11, 4.6800e-11,
         4.8876e-11, 5.1207e-11, 5.4111e-11, 5.7973e-11, 6.3014e-11, 6.9759e-11,
         7.8257e-11, 8.4212e-11, 8.4212e-11, 8.4212e-11, 8.4212e-11, 8.4212e-11,
         8.4212e-11, 8.4212e-11]], dtype=torch.float64), 'xSO2': tensor([[1.4121e-02, 1.0707e-02, 6.3545e-03, 3.4975e-03, 1.6647e-03, 6.8088e-04,
         2.4059e-04, 7.2385e-05, 1.9165e-05, 4.7846e-06, 9.5244e-07, 1.8606e-07,
         3.3490e-08, 4.7354e-09, 7.6869e-10, 5.9900e-10, 6.7436e-10, 7.8579e-10,
         8.7658e-10, 9.6057e-10, 1.0667e-09, 1.2090e-09, 1.3935e-09, 1.6282e-09,
         1.9236e-09, 2.2944e-09, 2.7706e-09, 3.3875e-09, 4.1891e-09, 5.2494e-09,
         6.6790e-09, 8.6425e-09, 1.1472e-08, 1.5566e-08, 2.1423e-08, 2.9774e-08,
         4.1603e-08, 5.8215e-08, 8.2095e-08, 1.1534e-07, 1.6067e-07, 2.2202e-07,
         3.0470e-07, 4.1597e-07, 5.7273e-07, 7.8651e-07, 1.0792e-06, 1.4820e-06,
         2.0388e-06, 2.8474e-06, 4.0127e-06, 5.6912e-06, 8.1219e-06, 1.1838e-05,
         1.7386e-05, 2.5289e-05, 3.6409e-05, 4.9869e-05, 6.4088e-05, 7.6876e-05,
         8.5803e-05, 9.0418e-05, 8.9874e-05, 8.5666e-05, 7.8284e-05, 6.9348e-05,
         5.9800e-05, 5.0591e-05, 4.2285e-05, 3.5259e-05, 2.9508e-05, 2.5209e-05,
         2.2087e-05, 2.0829e-05, 2.0829e-05, 2.0829e-05, 2.0829e-05, 2.0829e-05,
         2.0829e-05, 2.0829e-05]], dtype=torch.float64), 'xH2SO4aer': tensor([[6.9816e-08, 7.8385e-08, 9.6691e-08, 1.1611e-07, 1.3952e-07, 1.6778e-07,
         2.0521e-07, 2.9880e-07, 8.7998e-07, 9.5835e-07, 5.8370e-08, 2.8281e-11,
         2.1304e-12, 3.5905e-13, 1.3808e-13, 9.4355e-14, 7.3519e-14, 5.7418e-14,
         4.4210e-14, 3.3572e-14, 2.5316e-14, 1.9009e-14, 1.4161e-14, 1.0468e-14,
         7.6838e-15, 5.6117e-15, 4.1258e-15, 3.0746e-15, 2.3308e-15, 1.8141e-15,
         1.4601e-15, 1.2198e-15, 1.0613e-15, 9.5368e-16, 8.7690e-16, 8.1921e-16,
         7.7315e-16, 7.3368e-16, 6.9336e-16, 6.4983e-16, 6.0457e-16, 5.6055e-16,
         5.2134e-16, 4.9041e-16, 4.7265e-16, 4.6901e-16, 4.8135e-16, 5.1147e-16,
         5.6090e-16, 6.3246e-16, 7.1637e-16, 7.7216e-16, 6.6856e-16, 2.3803e-16,
         4.8803e-17, 6.4287e-18, 1.4273e-18, 4.3063e-19, 1.8681e-19, 8.9650e-20,
         4.7150e-20, 2.4374e-20, 1.2948e-20, 6.4804e-21, 3.2998e-21, 1.5981e-21,
         7.8728e-22, 3.8298e-22, 1.8686e-22, 9.1219e-23, 4.0850e-23, 1.5997e-23,
         2.9549e-24, 1.0000e-40, 1.0000e-40, 1.0000e-40, 1.0000e-40, 1.0000e-40,
         1.0000e-40, 1.0000e-40]], dtype=torch.float64), 'xS8aer': tensor([[2.1063e-34, 4.2591e-34, 2.4532e-33, 9.7373e-28, 9.4371e-23, 1.9106e-21,
         2.1466e-21, 1.8322e-21, 5.9668e-21, 6.9216e-21, 3.7206e-22, 8.2046e-28,
         2.3061e-31, 1.6640e-33, 5.2852e-36, 2.1840e-37, 8.1898e-38, 7.8377e-38,
         8.8680e-38, 1.0282e-37, 1.2030e-37, 1.4191e-37, 1.6839e-37, 2.0082e-37,
         2.4050e-37, 2.8904e-37, 3.4951e-37, 4.2508e-37, 5.1896e-37, 6.3601e-37,
         7.8237e-37, 9.6567e-37, 1.1997e-36, 1.4962e-36, 1.8665e-36, 2.3192e-36,
         2.8276e-36, 3.2583e-36, 3.5047e-36, 4.0309e-36, 4.2103e-36, 3.6055e-36,
         1.7498e-36, 1.0000e-40, 1.0000e-40, 1.0000e-40, 1.0000e-40, 1.0000e-40,
         1.0000e-40, 1.0000e-40, 1.0000e-40, 1.0000e-40, 1.0000e-40, 1.0000e-40,
         1.0000e-40, 1.0000e-40, 1.0000e-40, 1.0000e-40, 1.0000e-40, 1.0000e-40,
         1.0000e-40, 1.0000e-40, 1.0000e-40, 1.0000e-40, 1.0000e-40, 1.0000e-40,
         1.0000e-40, 1.0000e-40, 1.0000e-40, 1.0000e-40, 1.0000e-40, 1.0000e-40,
         1.0000e-40, 1.0000e-40, 1.0000e-40, 1.0000e-40, 1.0000e-40, 1.0000e-40,
         1.0000e-40, 1.0000e-40]], dtype=torch.float64)}"
302400,222.181,2.01984e-10,"{'pres': tensor([[5.3000e+04, 4.2137e+04, 3.3501e+04, 2.6635e+04, 2.1176e+04, 1.6836e+04,
         1.3385e+04, 1.0642e+04, 8.4606e+03, 6.7265e+03, 5.3479e+03, 4.2518e+03,
         3.3803e+03, 2.6875e+03, 2.1367e+03, 1.6988e+03, 1.3506e+03, 1.0738e+03,
         8.5370e+02, 6.7873e+02, 5.3962e+02, 4.2902e+02, 3.4109e+02, 2.7118e+02,
         2.1560e+02, 1.7141e+02, 1.3628e+02, 1.0835e+02, 8.6141e+01, 6.8485e+01,
         5.4449e+01, 4.3289e+01, 3.4417e+01, 2.7363e+01, 2.1755e+01, 1.7296e+01,
         1.3751e+01, 1.0933e+01, 8.6918e+00, 6.9104e+00, 5.4941e+00, 4.3680e+00,
         3.4728e+00, 2.7610e+00, 2.1951e+00, 1.7452e+00, 1.3875e+00, 1.1031e+00,
         8.7703e-01, 6.9728e-01, 5.5437e-01, 4.4075e-01, 3.5041e-01, 2.7859e-01,
         2.2149e-01, 1.7610e-01, 1.4000e-01, 1.1131e-01, 8.8495e-02, 7.0358e-02,
         5.5937e-02, 4.4473e-02, 3.5358e-02, 2.8111e-02, 2.2349e-02, 1.7769e-02,
         1.4127e-02, 1.1231e-02, 8.9295e-03, 7.0993e-03, 5.6442e-03, 4.4874e-03,
         3.5677e-03, 2.8365e-03, 2.2551e-03, 1.7929e-03, 1.4254e-03, 1.1333e-03,
         9.0101e-04, 7.1634e-04]], dtype=torch.float64), 'temp': tensor([[191.1512, 185.3234, 179.1918, 172.5679, 165.4822, 158.0978, 150.5396,
         143.1498, 136.0179, 129.2043, 122.7251, 116.5677, 110.7363, 105.1739,
         100.0554, 100.0210, 100.0166, 100.0157, 100.0160, 100.0169, 100.0184,
         100.0202, 100.0226, 100.0256, 100.0291, 100.0334, 100.0384, 100.0442,
         100.0509, 100.0585, 100.0675, 100.0780, 100.0904, 100.1054, 100.1235,
         100.1455, 100.1754, 100.2445, 100.3587, 100.4460, 100.5430, 100.6645,
         100.8178, 101.0134, 101.2686, 101.6025, 102.0411, 102.6245, 103.4080,
         104.4839, 105.9893, 108.0427, 110.7823, 114.3052, 118.5086, 122.7997,
         126.3161, 128.5332, 129.8604, 130.7475, 131.3885, 131.9062, 132.3331,
         132.7032, 133.0041, 133.2569, 133.4706, 133.6370, 133.7896, 133.8954,
         134.0000, 134.0727, 134.1399, 134.1891, 134.2296, 134.2617, 134.2849,
         134.3050, 134.3226, 134.3340]], dtype=torch.float64), 'xCO2': tensor([[9.4187e-01, 8.5069e-01, 6.6273e-01, 4.6349e-01, 2.8083e-01, 1.5102e-01,
         7.2990e-02, 3.1481e-02, 1.2384e-02, 4.6829e-03, 1.5614e-03, 5.1256e-04,
         1.5739e-04, 4.2255e-05, 1.3187e-05, 1.2295e-05, 1.4735e-05, 1.8391e-05,
         2.3079e-05, 2.8964e-05, 3.6452e-05, 4.5967e-05, 5.7906e-05, 7.2879e-05,
         9.1645e-05, 1.1515e-04, 1.4515e-04, 1.8328e-04, 2.3122e-04, 2.9146e-04,
         3.6714e-04, 4.6224e-04, 5.8436e-04, 7.4018e-04, 9.3738e-04, 1.1877e-03,
         1.5085e-03, 1.9237e-03, 2.4692e-03, 3.1745e-03, 4.0822e-03, 5.2540e-03,
         6.7730e-03, 8.7541e-03, 1.1456e-02, 1.5053e-02, 1.9874e-02, 2.6376e-02,
         3.5176e-02, 4.7618e-02, 6.4768e-02, 8.8011e-02, 1.1889e-01, 1.6031e-01,
         2.1218e-01, 2.7364e-01, 3.4179e-01, 4.1161e-01, 4.7836e-01, 5.4207e-01,
         6.0150e-01, 6.5777e-01, 7.0951e-01, 7.5682e-01, 7.9834e-01, 8.3426e-01,
         8.6475e-01, 8.9037e-01, 9.1251e-01, 9.3150e-01, 9.4876e-01, 9.6443e-01,
         9.7927e-01, 9.8666e-01, 9.8666e-01, 9.8666e-01, 9.8666e-01, 9.8666e-01,
         9.8666e-01, 9.8666e-01]], dtype=torch.float64), 'xH2O': tensor([[6.5223e-07, 3.9150e-07, 1.4220e-07, 4.8984e-08, 1.3978e-08, 3.3105e-09,
         6.5304e-10, 9.5986e-11, 3.4344e-12, 4.5446e-13, 5.6361e-13, 4.1755e-13,
         2.4908e-13, 9.9146e-14, 1.1390e-14, 4.4138e-15, 3.3311e-15, 2.9015e-15,
         2.6925e-15, 2.5885e-15, 2.5457e-15, 2.5391e-15, 2.5538e-15, 2.5820e-15,
         2.6180e-15, 2.6584e-15, 2.7033e-15, 2.7580e-15, 2.8333e-15, 2.9453e-15,
         3.1141e-15, 3.3630e-15, 3.7307e-15, 4.2509e-15, 4.9592e-15, 5.9057e-15,
         7.1645e-15, 8.8673e-15, 1.1232e-14, 1.4154e-14, 1.7815e-14, 2.2462e-14,
         2.8449e-14, 3.6341e-14, 4.7883e-14, 6.4876e-14, 9.1349e-14, 1.3549e-13,
         2.1548e-13, 4.1745e-13, 1.0335e-12, 3.2118e-12, 9.7046e-12, 1.6913e-11,
         2.3527e-11, 2.9079e-11, 3.2667e-11, 3.4762e-11, 3.5655e-11, 3.6347e-11,
         3.7373e-11, 3.8849e-11, 4.0692e-11, 4.2641e-11, 4.4542e-11, 4.6399e-11,
         4.8353e-11, 5.0674e-11, 5.3616e-11, 5.7589e-11, 6.2744e-11, 6.9582e-11,
         7.8208e-11, 8.3454e-11, 8.3454e-11, 8.3454e-11, 8.3454e-11, 8.3454e-11,
         8.3454e-11, 8.3454e-11]], dtype=torch.float64), 'xSO2': tensor([[1.4170e-02, 1.0729e-02, 6.3700e-03, 3.5071e-03, 1.6701e-03, 6.8359e-04,
         2.4186e-04, 7.3099e-05, 1.9271e-05, 4.7971e-06, 9.5704e-07, 1.8721e-07,
         3.3817e-08, 4.7631e-09, 7.7310e-10, 6.0055e-10, 6.7803e-10, 8.0155e-10,
         9.0694e-10, 9.9720e-10, 1.1041e-09, 1.2445e-09, 1.4260e-09, 1.6572e-09,
         1.9490e-09, 2.3167e-09, 2.7915e-09, 3.4107e-09, 4.2217e-09, 5.3038e-09,
         6.7751e-09, 8.8104e-09, 1.1763e-08, 1.6042e-08, 2.2168e-08, 3.0898e-08,
         4.3247e-08, 6.0563e-08, 8.5448e-08, 1.2003e-07, 1.6715e-07, 2.3089e-07,
         3.1672e-07, 4.3228e-07, 5.9468e-07, 8.1591e-07, 1.1186e-06, 1.5348e-06,
         2.1101e-06, 2.9491e-06, 4.1566e-06, 5.8976e-06, 8.4187e-06, 1.2306e-05,
         1.8058e-05, 2.6246e-05, 3.7731e-05, 5.1493e-05, 6.5930e-05, 7.8892e-05,
         8.7747e-05, 9.2250e-05, 9.1502e-05, 8.6935e-05, 7.9243e-05, 6.9937e-05,
         6.0082e-05, 5.0642e-05, 4.2136e-05, 3.5023e-05, 2.9212e-05, 2.4895e-05,
         2.1823e-05, 2.0697e-05, 2.0697e-05, 2.0697e-05, 2.0697e-05, 2.0697e-05,
         2.0697e-05, 2.0697e-05]], dtype=torch.float64), 'xH2SO4aer': tensor([[6.9819e-08, 7.8389e-08, 9.6698e-08, 1.1612e-07, 1.3955e-07, 1.6789e-07,
         2.0566e-07, 3.0406e-07, 9.1078e-07, 9.2818e-07, 5.0579e-08, 2.8776e-11,
         2.1611e-12, 3.5874e-13, 1.4356e-13, 9.9970e-14, 7.8342e-14, 6.1484e-14,
         4.7548e-14, 3.6242e-14, 2.7408e-14, 2.0610e-14, 1.5357e-14, 1.1340e-14,
         8.3019e-15, 6.0363e-15, 4.4112e-15, 3.2607e-15, 2.4475e-15, 1.8830e-15,
         1.4964e-15, 1.2332e-15, 1.0583e-15, 9.3765e-16, 8.5024e-16, 7.8384e-16,
         7.3083e-16, 6.8591e-16, 6.4266e-16, 5.9865e-16, 5.5485e-16, 5.1359e-16,
         4.7775e-16, 4.5016e-16, 4.3505e-16, 4.3313e-16, 4.4608e-16, 4.7554e-16,
         5.2274e-16, 5.8966e-16, 6.6360e-16, 6.9648e-16, 5.4569e-16, 1.7127e-16,
         3.3064e-17, 4.3687e-18, 1.2014e-18, 4.0644e-19, 1.9372e-19, 9.3718e-20,
         4.9244e-20, 2.4754e-20, 1.2781e-20, 6.2645e-21, 3.0964e-21, 1.4884e-21,
         7.1838e-22, 3.5105e-22, 1.6860e-22, 8.2783e-23, 3.6500e-23, 1.3734e-23,
         2.2829e-24, 1.0000e-40, 1.0000e-40, 1.0000e-40, 1.0000e-40, 1.0000e-40,
         1.0000e-40, 1.0000e-40]], dtype=torch.float64), 'xS8aer': tensor([[2.1067e-34, 4.2605e-34, 2.5733e-33, 1.1067e-27, 9.5272e-23, 1.9123e-21,
         2.1945e-21, 1.8739e-21, 6.2275e-21, 6.6698e-21, 3.1896e-22, 4.0171e-28,
         2.3689e-31, 1.6812e-33, 5.4058e-36, 2.2432e-37, 8.6092e-38, 8.3564e-38,
         9.5485e-38, 1.1172e-37, 1.3178e-37, 1.5642e-37, 1.8655e-37, 2.2354e-37,
         2.6915e-37, 3.2555e-37, 3.9678e-37, 4.8671e-37, 5.9928e-37, 7.4027e-37,
         9.1691e-37, 1.1381e-36, 1.4202e-36, 1.7765e-36, 2.2205e-36, 2.7632e-36,
         3.3809e-36, 3.9386e-36, 4.3278e-36, 5.0053e-36, 5.3202e-36, 4.7691e-36,
         2.6895e-36, 1.0000e-40, 1.0000e-40, 1.0000e-40, 1.0000e-40, 1.0000e-40,
         1.0000e-40, 1.0000e-40, 1.0000e-40, 1.0000e-40, 1.0000e-40, 1.0000e-40,
         1.0000e-40, 1.0000e-40, 1.0000e-40, 1.0000e-40, 1.0000e-40, 1.0000e-40,
         1.0000e-40, 1.0000e-40, 1.0000e-40, 1.0000e-40, 1.0000e-40, 1.0000e-40,
         1.0000e-40, 1.0000e-40, 1.0000e-40, 1.0000e-40, 1.0000e-40, 1.0000e-40,
         1.0000e-40, 1.0000e-40, 1.0000e-40, 1.0000e-40, 1.0000e-40, 1.0000e-40,
         1.0000e-40, 1.0000e-40]], dtype=torch.float64)}"
324000,222.144,0,"{'pres': tensor([[5.3000e+04, 4.2137e+04, 3.3501e+04, 2.6635e+04, 2.1176e+04, 1.6836e+04,
         1.3385e+04, 1.0642e+04, 8.4606e+03, 6.7265e+03, 5.3479e+03, 4.2518e+03,
         3.3803e+03, 2.6875e+03, 2.1367e+03, 1.6988e+03, 1.3506e+03, 1.0738e+03,
         8.5370e+02, 6.7873e+02, 5.3962e+02, 4.2902e+02, 3.4109e+02, 2.7118e+02,
         2.1560e+02, 1.7141e+02, 1.3628e+02, 1.0835e+02, 8.6141e+01, 6.8485e+01,
         5.4449e+01, 4.3289e+01, 3.4417e+01, 2.7363e+01, 2.1755e+01, 1.7296e+01,
         1.3751e+01, 1.0933e+01, 8.6918e+00, 6.9104e+00, 5.4941e+00, 4.3680e+00,
         3.4728e+00, 2.7610e+00, 2.1951e+00, 1.7452e+00, 1.3875e+00, 1.1031e+00,
         8.7703e-01, 6.9728e-01, 5.5437e-01, 4.4075e-01, 3.5041e-01, 2.7859e-01,
         2.2149e-01, 1.7610e-01, 1.4000e-01, 1.1131e-01, 8.8495e-02, 7.0358e-02,
         5.5937e-02, 4.4473e-02, 3.5358e-02, 2.8111e-02, 2.2349e-02, 1.7769e-02,
         1.4127e-02, 1.1231e-02, 8.9295e-03, 7.0993e-03, 5.6442e-03, 4.4874e-03,
         3.5677e-03, 2.8365e-03, 2.2551e-03, 1.7929e-03, 1.4254e-03, 1.1333e-03,
         9.0101e-04, 7.1634e-04]], dtype=torch.float64), 'temp': tensor([[191.1391, 185.3578, 179.2209, 172.6042, 165.5231, 158.1076, 150.5910,
         143.1955, 136.0615, 129.2479, 122.7863, 116.6022, 110.7684, 105.2084,
         100.0572, 100.0211, 100.0167, 100.0158, 100.0161, 100.0171, 100.0185,
         100.0204, 100.0229, 100.0259, 100.0295, 100.0339, 100.0390, 100.0449,
         100.0518, 100.0597, 100.0690, 100.0799, 100.0929, 100.1086, 100.1276,
         100.1508, 100.1822, 100.2534, 100.3703, 100.4612, 100.5630, 100.6907,
         100.8524, 101.0591, 101.3299, 101.6848, 102.1523, 102.7753, 103.6134,
         104.7670, 106.3786, 108.5701, 111.4729, 115.1606, 119.4514, 123.6679,
         126.9619, 128.9326, 130.0991, 130.9084, 131.5153, 132.0184, 132.4352,
         132.7952, 133.0885, 133.3355, 133.5452, 133.7076, 133.8580, 133.9615,
         134.0647, 134.1360, 134.2021, 134.2503, 134.2900, 134.3218, 134.3443,
         134.3642, 134.3813, 134.3926]], dtype=torch.float64), 'xCO2': tensor([[9.4240e-01, 8.5176e-01, 6.6352e-01, 4.6587e-01, 2.8519e-01, 1.5433e-01,
         7.3447e-02, 3.1509e-02, 1.2428e-02, 4.7043e-03, 1.5686e-03, 5.1580e-04,
         1.5833e-04, 4.2426e-05, 1.3241e-05, 1.2302e-05, 1.4736e-05, 1.8390e-05,
         2.3078e-05, 2.8963e-05, 3.6455e-05, 4.5971e-05, 5.7911e-05, 7.2885e-05,
         9.1652e-05, 1.1516e-04, 1.4519e-04, 1.8333e-04, 2.3129e-04, 2.9157e-04,
         3.6731e-04, 4.6250e-04, 5.8488e-04, 7.4099e-04, 9.3867e-04, 1.1897e-03,
         1.5117e-03, 1.9280e-03, 2.4754e-03, 3.1832e-03, 4.0949e-03, 5.2728e-03,
         6.8008e-03, 8.7980e-03, 1.1521e-02, 1.5148e-02, 2.0011e-02, 2.6570e-02,
         3.5439e-02, 4.7998e-02, 6.5233e-02, 8.8526e-02, 1.1937e-01, 1.6083e-01,
         2.1245e-01, 2.7378e-01, 3.4164e-01, 4.1134e-01, 4.7813e-01, 5.4189e-01,
         6.0138e-01, 6.5736e-01, 7.0881e-01, 7.5554e-01, 7.9675e-01, 8.3228e-01,
         8.6280e-01, 8.8840e-01, 9.1076e-01, 9.2993e-01, 9.4735e-01, 9.6319e-01,
         9.7806e-01, 9.8460e-01, 9.8460e-01, 9.8460e-01, 9.8460e-01, 9.8460e-01,
         9.8460e-01, 9.8460e-01]], dtype=torch.float64), 'xH2O': tensor([[6.5510e-07, 3.9316e-07, 1.4284e-07, 4.9218e-08, 1.4057e-08, 3.3459e-09,
         6.5747e-10, 9.6772e-11, 3.7711e-12, 4.6029e-13, 5.6759e-13, 4.2263e-13,
         2.5546e-13, 1.0572e-13, 2.3117e-14, 5.2982e-15, 3.7552e-15, 3.2031e-15,
         2.9455e-15, 2.8200e-15, 2.7689e-15, 2.7603e-15, 2.7765e-15, 2.8078e-15,
         2.8473e-15, 2.8907e-15, 2.9371e-15, 2.9918e-15, 3.0661e-15, 3.1775e-15,
         3.3479e-15, 3.6017e-15, 3.9793e-15, 4.5131e-15, 5.2383e-15, 6.2043e-15,
         7.4852e-15, 9.2141e-15, 1.1617e-14, 1.4589e-14, 1.8323e-14, 2.3088e-14,
         2.9264e-14, 3.7480e-14, 4.9617e-14, 6.7694e-14, 9.6259e-14, 1.4473e-13,
         2.3454e-13, 4.7559e-13, 1.2472e-12, 4.0362e-12, 1.1148e-11, 1.8672e-11,
         2.5481e-11, 3.1120e-11, 3.4804e-11, 3.6932e-11, 3.7742e-11, 3.8253e-11,
         3.8947e-11, 4.0006e-11, 4.1382e-11, 4.2897e-11, 4.4452e-11, 4.6074e-11,
         4.7897e-11, 5.0191e-11, 5.3149e-11, 5.7192e-11, 6.2447e-11, 6.9321e-11,
         7.8038e-11, 8.2624e-11, 8.2624e-11, 8.2624e-11, 8.2624e-11, 8.2624e-11,
         8.2624e-11, 8.2624e-11]], dtype=torch.float64), 'xSO2': tensor([[1.4207e-02, 1.0756e-02, 6.3882e-03, 3.5181e-03, 1.6766e-03, 6.8863e-04,
         2.4288e-04, 7.3154e-05, 1.9354e-05, 4.8277e-06, 9.6246e-07, 1.8893e-07,
         3.4101e-08, 4.7835e-09, 7.7762e-10, 6.0173e-10, 6.8114e-10, 8.1585e-10,
         9.3670e-10, 1.0355e-09, 1.1456e-09, 1.2863e-09, 1.4671e-09, 1.6975e-09,
         1.9890e-09, 2.3577e-09, 2.8368e-09, 3.4656e-09, 4.2954e-09, 5.4113e-09,
         6.9391e-09, 9.0638e-09, 1.2160e-08, 1.6649e-08, 2.3071e-08, 3.2207e-08,
         4.5107e-08, 6.3156e-08, 8.9075e-08, 1.2501e-07, 1.7394e-07, 2.4005e-07,
         3.2901e-07, 4.4882e-07, 6.1681e-07, 8.4545e-07, 1.1580e-06, 1.5879e-06,
         2.1819e-06, 3.0521e-06, 4.3027e-06, 6.1077e-06, 8.7213e-06, 1.2784e-05,
         1.8747e-05, 2.7292e-05, 3.9086e-05, 5.3160e-05, 6.7825e-05, 8.0849e-05,
         8.9763e-05, 9.4089e-05, 9.3232e-05, 8.8327e-05, 8.0353e-05, 7.0699e-05,
         6.0554e-05, 5.0891e-05, 4.2198e-05, 3.4981e-05, 2.9125e-05, 2.4757e-05,
         2.1726e-05, 2.0720e-05, 2.0720e-05, 2.0720e-05, 2.0720e-05, 2.0720e-05,
         2.0720e-05, 2.0720e-05]], dtype=torch.float64), 'xH2SO4aer': tensor([[6.9821e-08, 7.8393e-08, 9.6706e-08, 1.1614e-07, 1.3959e-07, 1.6801e-07,
         2.0613e-07, 3.0954e-07, 9.4031e-07, 8.9797e-07, 4.3845e-08, 2.9226e-11,
         2.1610e-12, 3.4571e-13, 1.4170e-13, 1.0532e-13, 8.3074e-14, 6.5515e-14,
         5.0879e-14, 3.8921e-14, 2.9518e-14, 2.2230e-14, 1.6572e-14, 1.2227e-14,
         8.9301e-15, 6.4667e-15, 4.6994e-15, 3.4469e-15, 2.5625e-15, 1.9495e-15,
         1.5300e-15, 1.2441e-15, 1.0533e-15, 9.2059e-16, 8.2362e-16, 7.4965e-16,
         6.9082e-16, 6.4154e-16, 5.9610e-16, 5.5198e-16, 5.0970e-16, 4.7104e-16,
         4.3826e-16, 4.1370e-16, 4.0097e-16, 4.0061e-16, 4.1415e-16, 4.4306e-16,
         4.8832e-16, 5.5111e-16, 6.1586e-16, 6.2663e-16, 4.3280e-16, 1.2346e-16,
         2.3054e-17, 3.5019e-18, 1.0755e-18, 4.1040e-19, 2.0625e-19, 1.0129e-19,
         5.2163e-20, 2.5700e-20, 1.2806e-20, 6.1539e-21, 2.9464e-21, 1.4047e-21,
         6.6217e-22, 3.2451e-22, 1.5365e-22, 7.5382e-23, 3.2962e-23, 1.1705e-23,
         1.7270e-24, 1.0000e-40, 1.0000e-40, 1.0000e-40, 1.0000e-40, 1.0000e-40,
         1.0000e-40, 1.0000e-40]], dtype=torch.float64), 'xS8aer': tensor([[2.1070e-34, 4.2617e-34, 2.7179e-33, 1.2471e-27, 9.6178e-23, 1.9141e-21,
         2.2421e-21, 1.9176e-21, 6.4755e-21, 6.4197e-21, 2.7353e-22, 2.0253e-28,
         2.4281e-31, 1.6934e-33, 5.5328e-36, 2.3287e-37, 9.3960e-38, 9.3754e-38,
         1.0870e-37, 1.2857e-37, 1.5297e-37, 1.8276e-37, 2.1897e-37, 2.6320e-37,
         3.1743e-37, 3.8414e-37, 4.6793e-37, 5.7299e-37, 7.0377e-37, 8.6676e-37,
         1.0701e-36, 1.3239e-36, 1.6468e-36, 2.0540e-36, 2.5610e-36, 3.1825e-36,
         3.8989e-36, 4.5759e-36, 5.1061e-36, 5.9448e-36, 6.4227e-36, 5.9766e-36,
         3.7609e-36, 1.0000e-40, 1.0000e-40, 1.0000e-40, 1.0000e-40, 1.0000e-40,
         1.0000e-40, 1.0000e-40, 1.0000e-40, 1.0000e-40, 1.0000e-40, 1.0000e-40,
         1.0000e-40, 1.0000e-40, 1.0000e-40, 1.0000e-40, 1.0000e-40, 1.0000e-40,
         1.0000e-40, 1.0000e-40, 1.0000e-40, 1.0000e-40, 1.0000e-40, 1.0000e-40,
         1.0000e-40, 1.0000e-40, 1.0000e-40, 1.0000e-40, 1.0000e-40, 1.0000e-40,
         1.0000e-40, 1.0000e-40, 1.0000e-40, 1.0000e-40, 1.0000e-40, 1.0000e-40,
         1.0000e-40, 1.0000e-40]], dtype=torch.float64)}"
345600,222.113,0,"{'pres': tensor([[5.3000e+04, 4.2137e+04, 3.3501e+04, 2.6635e+04, 2.1176e+04, 1.6836e+04,
         1.3385e+04, 1.0642e+04, 8.4606e+03, 6.7265e+03, 5.3479e+03, 4.2518e+03,
         3.3803e+03, 2.6875e+03, 2.1367e+03, 1.6988e+03, 1.3506e+03, 1.0738e+03,
         8.5370e+02, 6.7873e+02, 5.3962e+02, 4.2902e+02, 3.4109e+02, 2.7118e+02,
         2.1560e+02, 1.7141e+02, 1.3628e+02, 1.0835e+02, 8.6141e+01, 6.8485e+01,
         5.4449e+01, 4.3289e+01, 3.4417e+01, 2.7363e+01, 2.1755e+01, 1.7296e+01,
         1.3751e+01, 1.0933e+01, 8.6918e+00, 6.9104e+00, 5.4941e+00, 4.3680e+00,
         3.4728e+00, 2.7610e+00, 2.1951e+00, 1.7452e+00, 1.3875e+00, 1.1031e+00,
         8.7703e-01, 6.9728e-01, 5.5437e-01, 4.4075e-01, 3.5041e-01, 2.7859e-01,
         2.2149e-01, 1.7610e-01, 1.4000e-01, 1.1131e-01, 8.8495e-02, 7.0358e-02,
         5.5937e-02, 4.4473e-02, 3.5358e-02, 2.8111e-02, 2.2349e-02, 1.7769e-02,
         1.4127e-02, 1.1231e-02, 8.9295e-03, 7.0993e-03, 5.6442e-03, 4.4874e-03,
         3.5677e-03, 2.8365e-03, 2.2551e-03, 1.7929e-03, 1.4254e-03, 1.1333e-03,
         9.0101e-04, 7.1634e-04]], dtype=torch.float64), 'temp': tensor([[191.1872, 185.3660, 179.2422, 172.6261, 165.5465, 158.1325, 150.6187,
         143.2256, 136.0943, 129.2771, 122.7928, 116.6316, 110.7970, 105.2310,
         100.0589, 100.0211, 100.0168, 100.0159, 100.0162, 100.0172, 100.0186,
         100.0206, 100.0231, 100.0262, 100.0299, 100.0343, 100.0396, 100.0457,
         100.0527, 100.0609, 100.0705, 100.0818, 100.0954, 100.1118, 100.1317,
         100.1561, 100.1891, 100.2623, 100.3820, 100.4765, 100.5831, 100.7173,
         100.8875, 101.1054, 101.3919, 101.7683, 102.2651, 102.9284, 103.8218,
         105.0540, 106.7718, 109.0993, 112.1579, 115.9933, 120.3394, 124.4470,
         127.5058, 129.2513, 130.2904, 131.0454, 131.6286, 132.1199, 132.5273,
         132.8782, 133.1649, 133.4068, 133.6129, 133.7718, 133.9203, 134.0217,
         134.1235, 134.1935, 134.2588, 134.3060, 134.3449, 134.3764, 134.3983,
         134.4181, 134.4348, 134.4460]], dtype=torch.float64), 'xCO2': tensor([[9.4288e-01, 8.5273e-01, 6.6444e-01, 4.6825e-01, 2.8929e-01, 1.5561e-01,
         7.3914e-02, 3.1725e-02, 1.2514e-02, 4.7444e-03, 1.5853e-03, 5.2097e-04,
         1.5962e-04, 4.2668e-05, 1.3320e-05, 1.2313e-05, 1.4738e-05, 1.8390e-05,
         2.3077e-05, 2.8962e-05, 3.6461e-05, 4.5976e-05, 5.7917e-05, 7.2890e-05,
         9.1658e-05, 1.1517e-04, 1.4523e-04, 1.8339e-04, 2.3137e-04, 2.9168e-04,
         3.6747e-04, 4.6275e-04, 5.8541e-04, 7.4182e-04, 9.3998e-04, 1.1918e-03,
         1.5150e-03, 1.9328e-03, 2.4828e-03, 3.1935e-03, 4.1096e-03, 5.2940e-03,
         6.8317e-03, 8.8467e-03, 1.1592e-02, 1.5251e-02, 2.0158e-02, 2.6773e-02,
         3.5710e-02, 4.8391e-02, 6.5708e-02, 8.9048e-02, 1.1985e-01, 1.6138e-01,
         2.1279e-01, 2.7399e-01, 3.4159e-01, 4.1097e-01, 4.7785e-01, 5.4155e-01,
         6.0110e-01, 6.5680e-01, 7.0799e-01, 7.5420e-01, 7.9515e-01, 8.3033e-01,
         8.6087e-01, 8.8644e-01, 9.0889e-01, 9.2830e-01, 9.4584e-01, 9.6181e-01,
         9.7669e-01, 9.8240e-01, 9.8240e-01, 9.8240e-01, 9.8240e-01, 9.8240e-01,
         9.8240e-01, 9.8240e-01]], dtype=torch.float64), 'xH2O': tensor([[6.5545e-07, 3.9481e-07, 1.4363e-07, 4.9555e-08, 1.4168e-08, 3.3631e-09,
         6.6429e-10, 9.8742e-11, 4.1372e-12, 4.6536e-13, 5.7503e-13, 4.2927e-13,
         2.6229e-13, 1.1033e-13, 3.8966e-14, 6.5729e-15, 4.2756e-15, 3.5475e-15,
         3.2242e-15, 3.0702e-15, 3.0079e-15, 2.9961e-15, 3.0132e-15, 3.0475e-15,
         3.0908e-15, 3.1374e-15, 3.1855e-15, 3.2400e-15, 3.3129e-15, 3.4232e-15,
         3.5942e-15, 3.8520e-15, 4.2385e-15, 4.7849e-15, 5.5262e-15, 6.5111e-15,
         7.8141e-15, 9.5706e-15, 1.2016e-14, 1.5039e-14, 1.8852e-14, 2.3739e-14,
         3.0111e-14, 3.8675e-14, 5.1444e-14, 7.0685e-14, 1.0152e-13, 1.5475e-13,
         2.5560e-13, 5.4421e-13, 1.5099e-12, 5.0562e-12, 1.2659e-11, 2.0434e-11,
         2.7461e-11, 3.3198e-11, 3.6980e-11, 3.9092e-11, 3.9835e-11, 4.0147e-11,
         4.0509e-11, 4.1161e-11, 4.2091e-11, 4.3199e-11, 4.4423e-11, 4.5820e-11,
         4.7504e-11, 4.9756e-11, 5.2735e-11, 5.6792e-11, 6.2119e-11, 6.9004e-11,
         7.7788e-11, 8.1746e-11, 8.1746e-11, 8.1746e-11, 8.1746e-11, 8.1746e-11,
         8.1746e-11, 8.1746e-11]], dtype=torch.float64), 'xSO2': tensor([[1.4214e-02, 1.0786e-02, 6.4105e-03, 3.5338e-03, 1.6854e-03, 6.9104e-04,
         2.4466e-04, 7.3829e-05, 1.9527e-05, 4.8842e-06, 9.7558e-07, 1.9175e-07,
         3.4498e-08, 4.8112e-09, 7.8443e-10, 6.0284e-10, 6.8320e-10, 8.2234e-10,
         9.6132e-10, 1.0743e-09, 1.1902e-09, 1.3335e-09, 1.5160e-09, 1.7481e-09,
         2.0424e-09, 2.4160e-09, 2.9050e-09, 3.5502e-09, 4.4078e-09, 5.5685e-09,
         7.1663e-09, 9.3966e-09, 1.2658e-08, 1.7378e-08, 2.4120e-08, 3.3690e-08,
         4.7168e-08, 6.5981e-08, 9.2976e-08, 1.3030e-07, 1.8104e-07, 2.4954e-07,
         3.4161e-07, 4.6575e-07, 6.3935e-07, 8.7545e-07, 1.1981e-06, 1.6418e-06,
         2.2551e-06, 3.1579e-06, 4.4534e-06, 6.3248e-06, 9.0339e-06, 1.3279e-05,
         1.9459e-05, 2.8367e-05, 4.0478e-05, 5.4865e-05, 6.9746e-05, 8.2801e-05,
         9.1796e-05, 9.5947e-05, 9.4994e-05, 8.9769e-05, 8.1539e-05, 7.1561e-05,
         6.1147e-05, 5.1273e-05, 4.2437e-05, 3.5077e-05, 2.9174e-05, 2.4750e-05,
         2.1754e-05, 2.0861e-05, 2.0861e-05, 2.0861e-05, 2.0861e-05, 2.0861e-05,
         2.0861e-05, 2.0861e-05]], dtype=torch.float64), 'xH2SO4aer': tensor([[6.9821e-08, 7.8396e-08, 9.6713e-08, 1.1615e-07, 1.3963e-07, 1.6812e-07,
         2.0660e-07, 3.1526e-07, 9.6892e-07, 8.6710e-07, 3.7628e-08, 2.9638e-11,
         2.1143e-12, 3.2441e-13, 1.3516e-13, 1.1034e-13, 8.7721e-14, 6.9523e-14,
         5.4210e-14, 4.1611e-14, 3.1648e-14, 2.3873e-14, 1.7806e-14, 1.3128e-14,
         9.5692e-15, 6.9037e-15, 4.9916e-15, 3.6345e-15, 2.6771e-15, 2.0145e-15,
         1.5617e-15, 1.2533e-15, 1.0474e-15, 9.0344e-16, 7.9788e-16, 7.1739e-16,
         6.5377e-16, 6.0123e-16, 5.5433e-16, 5.1044e-16, 4.6977e-16, 4.3362e-16,
         4.0376e-16, 3.8215e-16, 3.7186e-16, 3.7333e-16, 3.8799e-16, 4.1723e-16,
         4.6187e-16, 5.2251e-16, 5.8074e-16, 5.7265e-16, 3.4099e-16, 9.0125e-17,
         1.6607e-17, 2.9709e-18, 1.0171e-18, 4.3681e-19, 2.2368e-19, 1.1106e-19,
         5.5814e-20, 2.7008e-20, 1.2984e-20, 6.1291e-21, 2.8367e-21, 1.3420e-21,
         6.1585e-22, 3.0252e-22, 1.4305e-22, 6.8915e-23, 2.9819e-23, 9.9001e-24,
         1.2772e-24, 1.0000e-40, 1.0000e-40, 1.0000e-40, 1.0000e-40, 1.0000e-40,
         1.0000e-40, 1.0000e-40]], dtype=torch.float64), 'xS8aer': tensor([[2.1071e-34, 4.2625e-34, 2.8897e-33, 1.3945e-27, 9.7088e-23, 1.9160e-21,
         2.2893e-21, 1.9633e-21, 6.7136e-21, 6.1666e-21, 2.3206e-22, 1.0768e-28,
         2.5176e-31, 1.7084e-33, 5.7372e-36, 2.4730e-37, 1.0642e-37, 1.0858e-37,
         1.2644e-37, 1.4965e-37, 1.7798e-37, 2.1242e-37, 2.5414e-37, 3.0491e-37,
         3.6690e-37, 4.4287e-37, 5.3805e-37, 6.5712e-37, 8.0528e-37, 9.9009e-37,
         1.2210e-36, 1.5098e-36, 1.8788e-36, 2.3446e-36, 2.9262e-36, 3.6418e-36,
         4.4771e-36, 5.2998e-36, 6.0025e-36, 7.0402e-36, 7.7285e-36, 7.4443e-36,
         5.1440e-36, 1.2553e-37, 1.0000e-40, 1.0000e-40, 1.0000e-40, 1.0000e-40,
         1.0000e-40, 1.0000e-40, 1.0000e-40, 1.0000e-40, 1.0000e-40, 1.0000e-40,
         1.0000e-40, 1.0000e-40, 1.0000e-40, 1.0000e-40, 1.0000e-40, 1.0000e-40,
         1.0000e-40, 1.0000e-40, 1.0000e-40, 1.0000e-40, 1.0000e-40, 1.0000e-40,
         1.0000e-40, 1.0000e-40, 1.0000e-40, 1.0000e-40, 1.0000e-40, 1.0000e-40,
         1.0000e-40, 1.0000e-40, 1.0000e-40, 1.0000e-40, 1.0000e-40, 1.0000e-40,
         1.0000e-40, 1.0000e-40]], dtype=torch.float64)}"
367200,222.093,0,"{'pres': tensor([[5.3000e+04, 4.2137e+04, 3.3501e+04, 2.6635e+04, 2.1176e+04, 1.6836e+04,
         1.3385e+04, 1.0642e+04, 8.4606e+03, 6.7265e+03, 5.3479e+03, 4.2518e+03,
         3.3803e+03, 2.6875e+03, 2.1367e+03, 1.6988e+03, 1.3506e+03, 1.0738e+03,
         8.5370e+02, 6.7873e+02, 5.3962e+02, 4.2902e+02, 3.4109e+02, 2.7118e+02,
         2.1560e+02, 1.7141e+02, 1.3628e+02, 1.0835e+02, 8.6141e+01, 6.8485e+01,
         5.4449e+01, 4.3289e+01, 3.4417e+01, 2.7363e+01, 2.1755e+01, 1.7296e+01,
         1.3751e+01, 1.0933e+01, 8.6918e+00, 6.9104e+00, 5.4941e+00, 4.3680e+00,
         3.4728e+00, 2.7610e+00, 2.1951e+00, 1.7452e+00, 1.3875e+00, 1.1031e+00,
         8.7703e-01, 6.9728e-01, 5.5437e-01, 4.4075e-01, 3.5041e-01, 2.7859e-01,
         2.2149e-01, 1.7610e-01, 1.4000e-01, 1.1131e-01, 8.8495e-02, 7.0358e-02,
         5.5937e-02, 4.4473e-02, 3.5358e-02, 2.8111e-02, 2.2349e-02, 1.7769e-02,
         1.4127e-02, 1.1231e-02, 8.9295e-03, 7.0993e-03, 5.6442e-03, 4.4874e-03,
         3.5677e-03, 2.8365e-03, 2.2551e-03, 1.7929e-03, 1.4254e-03, 1.1333e-03,
         9.0101e-04, 7.1634e-04]], dtype=torch.float64), 'temp': tensor([[191.2124, 185.3912, 179.2672, 172.6518, 165.5736, 158.1610, 150.6487,
         143.2557, 136.1194, 129.3014, 122.8178, 116.6561, 110.8202, 105.2540,
         100.0607, 100.0212, 100.0168, 100.0159, 100.0163, 100.0173, 100.0188,
         100.0208, 100.0233, 100.0265, 100.0302, 100.0348, 100.0401, 100.0464,
         100.0537, 100.0621, 100.0720, 100.0838, 100.0979, 100.1150, 100.1358,
         100.1615, 100.1960, 100.2713, 100.3938, 100.4920, 100.6035, 100.7442,
         100.9229, 101.1524, 101.4548, 101.8529, 102.3795, 103.0837, 104.0330,
         105.3445, 107.1685, 109.6296, 112.8357, 116.8009, 121.1715, 125.1415,
         127.9614, 129.5061, 130.4469, 131.1638, 131.7312, 132.2099, 132.6084,
         132.9510, 133.2320, 133.4692, 133.6722, 133.8279, 133.9747, 134.0742,
         134.1748, 134.2436, 134.3081, 134.3544, 134.3927, 134.4239, 134.4452,
         134.4649, 134.4812, 134.4922]], dtype=torch.float64), 'xCO2': tensor([[9.4326e-01, 8.5360e-01, 6.6545e-01, 4.7064e-01, 2.9292e-01, 1.5628e-01,
         7.4214e-02, 3.1880e-02, 1.2580e-02, 4.7701e-03, 1.5885e-03, 5.2417e-04,
         1.6072e-04, 4.2854e-05, 1.3376e-05, 1.2320e-05, 1.4738e-05, 1.8389e-05,
         2.3076e-05, 2.8959e-05, 3.6463e-05, 4.5979e-05, 5.7920e-05, 7.2894e-05,
         9.1664e-05, 1.1518e-04, 1.4526e-04, 1.8344e-04, 2.3144e-04, 2.9178e-04,
         3.6764e-04, 4.6301e-04, 5.8593e-04, 7.4264e-04, 9.4129e-04, 1.1939e-03,
         1.5182e-03, 1.9371e-03, 2.4893e-03, 3.2028e-03, 4.1229e-03, 5.3136e-03,
         6.8605e-03, 8.8917e-03, 1.1658e-02, 1.5347e-02, 2.0294e-02, 2.6962e-02,
         3.5961e-02, 4.8748e-02, 6.6134e-02, 8.9500e-02, 1.2039e-01, 1.6183e-01,
         2.1305e-01, 2.7409e-01, 3.4142e-01, 4.1045e-01, 4.7735e-01, 5.4097e-01,
         6.0057e-01, 6.5600e-01, 7.0697e-01, 7.5271e-01, 7.9345e-01, 8.2833e-01,
         8.5876e-01, 8.8444e-01, 9.0696e-01, 9.2656e-01, 9.4419e-01, 9.6026e-01,
         9.7513e-01, 9.8008e-01, 9.8008e-01, 9.8008e-01, 9.8008e-01, 9.8008e-01,
         9.8008e-01, 9.8008e-01]], dtype=torch.float64), 'xH2O': tensor([[6.5928e-07, 3.9606e-07, 1.4421e-07, 4.9792e-08, 1.4245e-08, 3.3827e-09,
         6.6914e-10, 1.0037e-10, 4.5277e-12, 4.7129e-13, 5.7514e-13, 4.3316e-13,
         2.6817e-13, 1.1415e-13, 4.9186e-14, 8.6343e-15, 4.9385e-15, 3.9490e-15,
         3.5352e-15, 3.3429e-15, 3.2651e-15, 3.2480e-15, 3.2650e-15, 3.3021e-15,
         3.3490e-15, 3.3988e-15, 3.4484e-15, 3.5025e-15, 3.5735e-15, 3.6817e-15,
         3.8522e-15, 4.1125e-15, 4.5062e-15, 5.0636e-15, 5.8194e-15, 6.8219e-15,
         8.1460e-15, 9.9282e-15, 1.2413e-14, 1.5489e-14, 1.9379e-14, 2.4391e-14,
         3.0964e-14, 3.9883e-14, 5.3312e-14, 7.3788e-14, 1.0707e-13, 1.6554e-13,
         2.7883e-13, 6.2456e-13, 1.8320e-12, 6.3186e-12, 1.4243e-11, 2.2210e-11,
         2.9455e-11, 3.5302e-11, 3.9189e-11, 4.1272e-11, 4.1936e-11, 4.2033e-11,
         4.2066e-11, 4.2318e-11, 4.2820e-11, 4.3542e-11, 4.4447e-11, 4.5626e-11,
         4.7178e-11, 4.9359e-11, 5.2336e-11, 5.6384e-11, 6.1754e-11, 6.8629e-11,
         7.7454e-11, 8.0841e-11, 8.0841e-11, 8.0841e-11, 8.0841e-11, 8.0841e-11,
         8.0841e-11, 8.0841e-11]], dtype=torch.float64), 'xSO2': tensor([[1.4263e-02, 1.0806e-02, 6.4272e-03, 3.5448e-03, 1.6915e-03, 6.9380e-04,
         2.4591e-04, 7.4312e-05, 1.9662e-05, 4.9215e-06, 9.7780e-07, 1.9341e-07,
         3.4829e-08, 4.8336e-09, 7.8898e-10, 6.0344e-10, 6.8438e-10, 8.2654e-10,
         9.8222e-10, 1.1116e-09, 1.2361e-09, 1.3843e-09, 1.5705e-09, 1.8066e-09,
         2.1064e-09, 2.4883e-09, 2.9913e-09, 3.6588e-09, 4.5512e-09, 5.7655e-09,
         7.4436e-09, 9.7911e-09, 1.3229e-08, 1.8194e-08, 2.5268e-08, 3.5282e-08,
         4.9346e-08, 6.8924e-08, 9.6976e-08, 1.3565e-07, 1.8817e-07, 2.5899e-07,
         3.5407e-07, 4.8235e-07, 6.6139e-07, 9.0477e-07, 1.2373e-06, 1.6947e-06,
         2.3272e-06, 3.2625e-06, 4.6032e-06, 6.5408e-06, 9.3656e-06, 1.3773e-05,
         2.0171e-05, 2.9432e-05, 4.1853e-05, 5.6532e-05, 7.1610e-05, 8.4693e-05,
         9.3766e-05, 9.7757e-05, 9.6729e-05, 9.1214e-05, 8.2762e-05, 7.2490e-05,
         6.1844e-05, 5.1759e-05, 4.2786e-05, 3.5285e-05, 2.9333e-05, 2.4848e-05,
         2.1881e-05, 2.1093e-05, 2.1093e-05, 2.1093e-05, 2.1093e-05, 2.1093e-05,
         2.1093e-05, 2.1093e-05]], dtype=torch.float64), 'xH2SO4aer': tensor([[6.9824e-08, 7.8400e-08, 9.6720e-08, 1.1617e-07, 1.3967e-07, 1.6823e-07,
         2.0706e-07, 3.2104e-07, 9.9573e-07, 8.3748e-07, 3.2711e-08, 3.0085e-11,
         2.1049e-12, 3.1667e-13, 1.3259e-13, 1.1459e-13, 9.2148e-14, 7.3425e-14,
         5.7486e-14, 4.4275e-14, 3.3767e-14, 2.5512e-14, 1.9041e-14, 1.4033e-14,
         1.0210e-14, 7.3405e-15, 5.2816e-15, 3.8188e-15, 2.7878e-15, 2.0755e-15,
         1.5897e-15, 1.2593e-15, 1.0391e-15, 8.8484e-16, 7.7172e-16, 6.8572e-16,
         6.1824e-16, 5.6311e-16, 5.1538e-16, 4.7217e-16, 4.3330e-16, 3.9973e-16,
         3.7279e-16, 3.5412e-16, 3.4640e-16, 3.4999e-16, 3.6627e-16, 3.9663e-16,
         4.4181e-16, 5.0198e-16, 5.5595e-16, 5.3144e-16, 2.6730e-16, 6.6851e-17,
         1.2396e-17, 2.6461e-18, 1.0042e-18, 4.7365e-19, 2.4557e-19, 1.2261e-19,
         6.0144e-20, 2.8653e-20, 1.3296e-20, 6.1790e-21, 2.7614e-21, 1.2975e-21,
         5.8836e-22, 2.8464e-22, 1.3422e-22, 6.3392e-23, 2.7103e-23, 8.3442e-24,
         9.2983e-25, 1.0000e-40, 1.0000e-40, 1.0000e-40, 1.0000e-40, 1.0000e-40,
         1.0000e-40, 1.0000e-40]], dtype=torch.float64), 'xS8aer': tensor([[2.1076e-34, 4.2637e-34, 3.0916e-33, 1.5488e-27, 9.7957e-23, 1.9179e-21,
         2.3371e-21, 2.0101e-21, 6.9350e-21, 5.9251e-21, 1.9955e-22, 6.2405e-29,
         2.5888e-31, 1.7209e-33, 5.8827e-36, 2.6033e-37, 1.1802e-37, 1.2169e-37,
         1.4163e-37, 1.6754e-37, 1.9962e-37, 2.3927e-37, 2.8814e-37, 3.4853e-37,
         4.2318e-37, 5.1545e-37, 6.3188e-37, 7.7820e-37, 9.6135e-37, 1.1916e-36,
         1.4822e-36, 1.8497e-36, 2.3258e-36, 2.9341e-36, 3.7021e-36, 4.6608e-36,
         5.8140e-36, 7.0483e-36, 8.2926e-36, 1.0018e-35, 1.1543e-35, 1.2202e-35,
         1.0749e-35, 5.2859e-36, 1.0000e-40, 1.0000e-40, 1.0000e-40, 1.0000e-40,
         1.0000e-40, 1.0000e-40, 1.0000e-40, 1.0000e-40, 1.0000e-40, 1.0000e-40,
         1.0000e-40, 1.0000e-40, 1.0000e-40, 1.0000e-40, 1.0000e-40, 1.0000e-40,
         1.0000e-40, 1.0000e-40, 1.0000e-40, 1.0000e-40, 1.0000e-40, 1.0000e-40,
         1.0000e-40, 1.0000e-40, 1.0000e-40, 1.0000e-40, 1.0000e-40, 1.0000e-40,
         1.0000e-40, 1.0000e-40, 1.0000e-40, 1.0000e-40, 1.0000e-40, 1.0000e-40,
         1.0000e-40, 1.0000e-40]], dtype=torch.float64)}"
388800,222.079,0,"{'pres': tensor([[5.3000e+04, 4.2137e+04, 3.3501e+04, 2.6635e+04, 2.1176e+04, 1.6836e+04,
         1.3385e+04, 1.0642e+04, 8.4606e+03, 6.7265e+03, 5.3479e+03, 4.2518e+03,
         3.3803e+03, 2.6875e+03, 2.1367e+03, 1.6988e+03, 1.3506e+03, 1.0738e+03,
         8.5370e+02, 6.7873e+02, 5.3962e+02, 4.2902e+02, 3.4109e+02, 2.7118e+02,
         2.1560e+02, 1.7141e+02, 1.3628e+02, 1.0835e+02, 8.6141e+01, 6.8485e+01,
         5.4449e+01, 4.3289e+01, 3.4417e+01, 2.7363e+01, 2.1755e+01, 1.7296e+01,
         1.3751e+01, 1.0933e+01, 8.6918e+00, 6.9104e+00, 5.4941e+00, 4.3680e+00,
         3.4728e+00, 2.7610e+00, 2.1951e+00, 1.7452e+00, 1.3875e+00, 1.1031e+00,
         8.7703e-01, 6.9728e-01, 5.5437e-01, 4.4075e-01, 3.5041e-01, 2.7859e-01,
         2.2149e-01, 1.7610e-01, 1.4000e-01, 1.1131e-01, 8.8495e-02, 7.0358e-02,
         5.5937e-02, 4.4473e-02, 3.5358e-02, 2.8111e-02, 2.2349e-02, 1.7769e-02,
         1.4127e-02, 1.1231e-02, 8.9295e-03, 7.0993e-03, 5.6442e-03, 4.4874e-03,
         3.5677e-03, 2.8365e-03, 2.2551e-03, 1.7929e-03, 1.4254e-03, 1.1333e-03,
         9.0101e-04, 7.1634e-04]], dtype=torch.float64), 'temp': tensor([[191.2352, 185.4154, 179.2928, 172.6792, 165.6029, 158.1915, 150.6786,
         143.2841, 136.1465, 129.3275, 122.8428, 116.6802, 110.8432, 105.2762,
         100.0625, 100.0213, 100.0169, 100.0160, 100.0164, 100.0174, 100.0189,
         100.0210, 100.0236, 100.0268, 100.0306, 100.0352, 100.0407, 100.0472,
         100.0546, 100.0633, 100.0736, 100.0858, 100.1004, 100.1183, 100.1400,
         100.1669, 100.2030, 100.2804, 100.4057, 100.5077, 100.6241, 100.7713,
         100.9587, 101.1999, 101.5185, 101.9387, 102.4955, 103.2411, 104.2469,
         105.6384, 107.5680, 110.1597, 113.5054, 117.5814, 121.9474, 125.7605,
         128.3419, 129.7124, 130.5795, 131.2693, 131.8240, 132.2910, 132.6816,
         133.0168, 133.2929, 133.5260, 133.7261, 133.8790, 134.0243, 134.1220,
         134.2217, 134.2893, 134.3531, 134.3986, 134.4363, 134.4673, 134.4880,
         134.5077, 134.5236, 134.5345]], dtype=torch.float64), 'xCO2': tensor([[9.4361e-01, 8.5440e-01, 6.6653e-01, 4.7301e-01, 2.9600e-01, 1.5691e-01,
         7.4517e-02, 3.2029e-02, 1.2633e-02, 4.7927e-03, 1.5955e-03, 5.2739e-04,
         1.6164e-04, 4.3018e-05, 1.3433e-05, 1.2328e-05, 1.4739e-05, 1.8389e-05,
         2.3075e-05, 2.8958e-05, 3.6467e-05, 4.5983e-05, 5.7924e-05, 7.2900e-05,
         9.1671e-05, 1.1519e-04, 1.4530e-04, 1.8349e-04, 2.3151e-04, 2.9190e-04,
         3.6781e-04, 4.6328e-04, 5.8646e-04, 7.4347e-04, 9.4261e-04, 1.1960e-03,
         1.5216e-03, 1.9417e-03, 2.4961e-03, 3.2124e-03, 4.1368e-03, 5.3337e-03,
         6.8900e-03, 8.9378e-03, 1.1726e-02, 1.5444e-02, 2.0431e-02, 2.7150e-02,
         3.6232e-02, 4.9096e-02, 6.6544e-02, 8.9929e-02, 1.2094e-01, 1.6226e-01,
         2.1330e-01, 2.7418e-01, 3.4122e-01, 4.0988e-01, 4.7674e-01, 5.4025e-01,
         5.9987e-01, 6.5504e-01, 7.0582e-01, 7.5115e-01, 7.9165e-01, 8.2632e-01,
         8.5662e-01, 8.8242e-01, 9.0499e-01, 9.2475e-01, 9.4245e-01, 9.5860e-01,
         9.7344e-01, 9.7766e-01, 9.7766e-01, 9.7766e-01, 9.7766e-01, 9.7766e-01,
         9.7766e-01, 9.7766e-01]], dtype=torch.float64), 'xH2O': tensor([[6.6199e-07, 3.9768e-07, 1.4487e-07, 5.0045e-08, 1.4326e-08, 3.4047e-09,
         6.7431e-10, 1.0199e-10, 4.9176e-12, 4.7729e-13, 5.7840e-13, 4.3752e-13,
         2.7377e-13, 1.1776e-13, 5.7917e-14, 1.3306e-14, 5.8303e-15, 4.4260e-15,
         3.8854e-15, 3.6415e-15, 3.5427e-15, 3.5176e-15, 3.5333e-15, 3.5725e-15,
         3.6229e-15, 3.6758e-15, 3.7269e-15, 3.7802e-15, 3.8488e-15, 3.9541e-15,
         4.1229e-15, 4.3843e-15, 4.7839e-15, 5.3510e-15, 6.1200e-15, 7.1393e-15,
         8.4839e-15, 1.0292e-14, 1.2818e-14, 1.5947e-14, 1.9917e-14, 2.5057e-14,
         3.1837e-14, 4.1128e-14, 5.5253e-14, 7.7044e-14, 1.1297e-13, 1.7719e-13,
         3.0631e-13, 7.1906e-13, 2.2224e-12, 7.8294e-12, 1.5917e-11, 2.4035e-11,
         3.1485e-11, 3.7442e-11, 4.1436e-11, 4.3477e-11, 4.4051e-11, 4.3920e-11,
         4.3626e-11, 4.3485e-11, 4.3574e-11, 4.3927e-11, 4.4525e-11, 4.5489e-11,
         4.6908e-11, 4.9002e-11, 5.1959e-11, 5.5980e-11, 6.1374e-11, 6.8223e-11,
         7.7070e-11, 7.9924e-11, 7.9924e-11, 7.9924e-11, 7.9924e-11, 7.9924e-11,
         7.9924e-11, 7.9924e-11]], dtype=torch.float64), 'xSO2': tensor([[1.4298e-02, 1.0834e-02, 6.4459e-03, 3.5566e-03, 1.6980e-03, 6.9689e-04,
         2.4721e-04, 7.4783e-05, 1.9767e-05, 4.9541e-06, 9.8302e-07, 1.9515e-07,
         3.5109e-08, 4.8512e-09, 7.9366e-10, 6.0385e-10, 6.8519e-10, 8.3005e-10,
         1.0012e-09, 1.1474e-09, 1.2826e-09, 1.4379e-09, 1.6298e-09, 1.8721e-09,
         2.1800e-09, 2.5735e-09, 3.0948e-09, 3.7898e-09, 4.7238e-09, 5.9997e-09,
         7.7676e-09, 1.0243e-08, 1.3870e-08, 1.9091e-08, 2.6509e-08, 3.6978e-08,
         5.1636e-08, 7.1983e-08, 1.0109e-07, 1.4111e-07, 1.9537e-07, 2.6845e-07,
         3.6649e-07, 4.9885e-07, 6.8324e-07, 9.3383e-07, 1.2763e-06, 1.7474e-06,
         2.4012e-06, 3.3679e-06, 4.7544e-06, 6.7589e-06, 9.7062e-06, 1.4272e-05,
         2.0889e-05, 3.0497e-05, 4.3215e-05, 5.8162e-05, 7.3411e-05, 8.6507e-05,
         9.5648e-05, 9.9486e-05, 9.8397e-05, 9.2618e-05, 8.3957e-05, 7.3436e-05,
         6.2583e-05, 5.2302e-05, 4.3201e-05, 3.5565e-05, 2.9564e-05, 2.5018e-05,
         2.2077e-05, 2.1393e-05, 2.1393e-05, 2.1393e-05, 2.1393e-05, 2.1393e-05,
         2.1393e-05, 2.1393e-05]], dtype=torch.float64), 'xH2SO4aer': tensor([[6.9826e-08, 7.8404e-08, 9.6727e-08, 1.1618e-07, 1.3971e-07, 1.6835e-07,
         2.0754e-07, 3.2705e-07, 1.0213e-06, 8.0819e-07, 2.8400e-08, 3.0512e-11,
         2.1012e-12, 3.0791e-13, 1.2911e-13, 1.1696e-13, 9.6335e-14, 7.7234e-14,
         6.0720e-14, 4.6922e-14, 3.5881e-14, 2.7154e-14, 2.0281e-14, 1.4941e-14,
         1.0853e-14, 7.7782e-15, 5.5711e-15, 4.0012e-15, 2.8958e-15, 2.1335e-15,
         1.6149e-15, 1.2631e-15, 1.0294e-15, 8.6564e-16, 7.4584e-16, 6.5519e-16,
         5.8463e-16, 5.2759e-16, 4.7946e-16, 4.3710e-16, 4.0004e-16, 3.6888e-16,
         3.4462e-16, 3.2864e-16, 3.2329e-16, 3.2892e-16, 3.4687e-16, 3.7858e-16,
         4.2494e-16, 4.8543e-16, 5.3646e-16, 4.9769e-16, 2.1162e-16, 5.0745e-17,
         9.6347e-18, 2.4629e-18, 1.0264e-18, 5.2051e-19, 2.7173e-19, 1.3596e-19,
         6.5090e-20, 3.0603e-20, 1.3708e-20, 6.2879e-21, 2.7282e-21, 1.2668e-21,
         5.6948e-22, 2.6996e-22, 1.2685e-22, 5.8629e-23, 2.4738e-23, 6.9806e-24,
         6.6035e-25, 1.0000e-40, 1.0000e-40, 1.0000e-40, 1.0000e-40, 1.0000e-40,
         1.0000e-40, 1.0000e-40]], dtype=torch.float64), 'xS8aer': tensor([[2.1079e-34, 4.2648e-34, 3.3269e-33, 1.7101e-27, 9.8844e-23, 1.9199e-21,
         2.3845e-21, 2.0589e-21, 7.1443e-21, 5.6880e-21, 1.7134e-22, 4.0627e-29,
         2.6536e-31, 1.7257e-33, 6.0388e-36, 2.8246e-37, 1.4207e-37, 1.5197e-37,
         1.7979e-37, 2.1521e-37, 2.5869e-37, 3.1173e-37, 3.7623e-37, 4.5502e-37,
         5.5168e-37, 6.7074e-37, 8.2099e-37, 1.0097e-36, 1.2455e-36, 1.5408e-36,
         1.9109e-36, 2.3751e-36, 2.9712e-36, 3.7263e-36, 4.6746e-36, 5.8561e-36,
         7.2866e-36, 8.8611e-36, 1.0526e-35, 1.2762e-35, 1.4899e-35, 1.6250e-35,
         1.5410e-35, 9.5012e-36, 1.0000e-40, 1.0000e-40, 1.0000e-40, 1.0000e-40,
         1.0000e-40, 1.0000e-40, 1.0000e-40, 1.0000e-40, 1.0000e-40, 1.0000e-40,
         1.0000e-40, 1.0000e-40, 1.0000e-40, 1.0000e-40, 1.0000e-40, 1.0000e-40,
         1.0000e-40, 1.0000e-40, 1.0000e-40, 1.0000e-40, 1.0000e-40, 1.0000e-40,
         1.0000e-40, 1.0000e-40, 1.0000e-40, 1.0000e-40, 1.0000e-40, 1.0000e-40,
         1.0000e-40, 1.0000e-40, 1.0000e-40, 1.0000e-40, 1.0000e-40, 1.0000e-40,
         1.0000e-40, 1.0000e-40]], dtype=torch.float64)}"
410400,222.069,0,"{'pres': tensor([[5.3000e+04, 4.2137e+04, 3.3501e+04, 2.6635e+04, 2.1176e+04, 1.6836e+04,
         1.3385e+04, 1.0642e+04, 8.4606e+03, 6.7265e+03, 5.3479e+03, 4.2518e+03,
         3.3803e+03, 2.6875e+03, 2.1367e+03, 1.6988e+03, 1.3506e+03, 1.0738e+03,
         8.5370e+02, 6.7873e+02, 5.3962e+02, 4.2902e+02, 3.4109e+02, 2.7118e+02,
         2.1560e+02, 1.7141e+02, 1.3628e+02, 1.0835e+02, 8.6141e+01, 6.8485e+01,
         5.4449e+01, 4.3289e+01, 3.4417e+01, 2.7363e+01, 2.1755e+01, 1.7296e+01,
         1.3751e+01, 1.0933e+01, 8.6918e+00, 6.9104e+00, 5.4941e+00, 4.3680e+00,
         3.4728e+00, 2.7610e+00, 2.1951e+00, 1.7452e+00, 1.3875e+00, 1.1031e+00,
         8.7703e-01, 6.9728e-01, 5.5437e-01, 4.4075e-01, 3.5041e-01, 2.7859e-01,
         2.2149e-01, 1.7610e-01, 1.4000e-01, 1.1131e-01, 8.8495e-02, 7.0358e-02,
         5.5937e-02, 4.4473e-02, 3.5358e-02, 2.8111e-02, 2.2349e-02, 1.7769e-02,
         1.4127e-02, 1.1231e-02, 8.9295e-03, 7.0993e-03, 5.6442e-03, 4.4874e-03,
         3.5677e-03, 2.8365e-03, 2.2551e-03, 1.7929e-03, 1.4254e-03, 1.1333e-03,
         9.0101e-04, 7.1634e-04]], dtype=torch.float64), 'temp': tensor([[191.2567, 185.4389, 179.3185, 172.7074, 165.6330, 158.2224, 150.7091,
         143.3135, 136.1744, 129.3540, 122.8681, 116.7043, 110.8661, 105.2981,
         100.0643, 100.0213, 100.0169, 100.0161, 100.0165, 100.0175, 100.0191,
         100.0212, 100.0238, 100.0271, 100.0310, 100.0357, 100.0413, 100.0479,
         100.0556, 100.0646, 100.0751, 100.0877, 100.1029, 100.1215, 100.1442,
         100.1723, 100.2101, 100.2896, 100.4177, 100.5235, 100.6449, 100.7987,
         100.9950, 101.2479, 101.5830, 102.0256, 102.6129, 103.4004, 104.4633,
         105.9352, 107.9699, 110.6888, 114.1657, 118.3331, 122.6680, 126.3070,
         128.6593, 129.8821, 130.6951, 131.3649, 131.9085, 132.3646, 132.7481,
         133.0766, 133.3484, 133.5777, 133.7753, 133.9256, 134.0695, 134.1656,
         134.2643, 134.3310, 134.3942, 134.4389, 134.4760, 134.5067, 134.5270,
         134.5466, 134.5622, 134.5730]], dtype=torch.float64), 'xCO2': tensor([[9.4393e-01, 8.5515e-01, 6.6766e-01, 4.7535e-01, 2.9791e-01, 1.5754e-01,
         7.4824e-02, 3.2174e-02, 1.2687e-02, 4.8167e-03, 1.6026e-03, 5.3061e-04,
         1.6255e-04, 4.3175e-05, 1.3491e-05, 1.2335e-05, 1.4740e-05, 1.8389e-05,
         2.3074e-05, 2.8956e-05, 3.6470e-05, 4.5987e-05, 5.7929e-05, 7.2905e-05,
         9.1677e-05, 1.1520e-04, 1.4534e-04, 1.8354e-04, 2.3159e-04, 2.9201e-04,
         3.6798e-04, 4.6354e-04, 5.8699e-04, 7.4431e-04, 9.4394e-04, 1.1981e-03,
         1.5249e-03, 1.9464e-03, 2.5031e-03, 3.2223e-03, 4.1510e-03, 5.3544e-03,
         6.9200e-03, 8.9844e-03, 1.1793e-02, 1.5541e-02, 2.0567e-02, 2.7335e-02,
         3.6502e-02, 4.9434e-02, 6.6937e-02, 9.0334e-02, 1.2146e-01, 1.6266e-01,
         2.1355e-01, 2.7424e-01, 3.4098e-01, 4.0926e-01, 4.7602e-01, 5.3941e-01,
         5.9904e-01, 6.5396e-01, 7.0457e-01, 7.4953e-01, 7.8969e-01, 8.2430e-01,
         8.5447e-01, 8.8038e-01, 9.0298e-01, 9.2288e-01, 9.4061e-01, 9.5680e-01,
         9.7163e-01, 9.7516e-01, 9.7516e-01, 9.7516e-01, 9.7516e-01, 9.7516e-01,
         9.7516e-01, 9.7516e-01]], dtype=torch.float64), 'xH2O': tensor([[6.6457e-07, 3.9932e-07, 1.4556e-07, 5.0318e-08, 1.4415e-08, 3.4284e-09,
         6.7960e-10, 1.0359e-10, 5.3049e-12, 4.8330e-13, 5.8140e-13, 4.4177e-13,
         2.7919e-13, 1.2120e-13, 6.5131e-14, 2.8369e-14, 7.1284e-15, 5.0082e-15,
         4.2850e-15, 3.9709e-15, 3.8435e-15, 3.8068e-15, 3.8193e-15, 3.8598e-15,
         3.9133e-15, 3.9691e-15, 4.0214e-15, 4.0736e-15, 4.1390e-15, 4.2405e-15,
         4.4064e-15, 4.6676e-15, 5.0717e-15, 5.6469e-15, 6.4280e-15, 7.4631e-15,
         8.8276e-15, 1.0661e-14, 1.3229e-14, 1.6413e-14, 2.0465e-14, 2.5735e-14,
         3.2730e-14, 4.2409e-14, 5.7265e-14, 8.0456e-14, 1.1923e-13, 1.8976e-13,
         3.3759e-13, 8.2999e-13, 2.6766e-12, 9.1437e-12, 1.7623e-11, 2.5920e-11,
         3.3560e-11, 3.9623e-11, 4.3723e-11, 4.5711e-11, 4.6185e-11, 4.5814e-11,
         4.5194e-11, 4.4666e-11, 4.4354e-11, 4.4353e-11, 4.4660e-11, 4.5406e-11,
         4.6687e-11, 4.8684e-11, 5.1607e-11, 5.5585e-11, 6.0985e-11, 6.7830e-11,
         7.6654e-11, 7.9009e-11, 7.9009e-11, 7.9009e-11, 7.9009e-11, 7.9009e-11,
         7.9009e-11, 7.9009e-11]], dtype=torch.float64), 'xSO2': tensor([[1.4332e-02, 1.0861e-02, 6.4654e-03, 3.5692e-03, 1.7051e-03, 7.0021e-04,
         2.4854e-04, 7.5241e-05, 1.9877e-05, 4.9887e-06, 9.8836e-07, 1.9690e-07,
         3.5387e-08, 4.8673e-09, 7.9837e-10, 6.0413e-10, 6.8573e-10, 8.3297e-10,
         1.0167e-09, 1.1814e-09, 1.3291e-09, 1.4932e-09, 1.6929e-09, 1.9435e-09,
         2.2619e-09, 2.6699e-09, 3.2133e-09, 3.9406e-09, 4.9219e-09, 6.2664e-09,
         8.1319e-09, 1.0744e-08, 1.4569e-08, 2.0055e-08, 2.7825e-08, 3.8755e-08,
         5.4011e-08, 7.5124e-08, 1.0528e-07, 1.4662e-07, 2.0258e-07, 2.7787e-07,
         3.7879e-07, 5.1514e-07, 7.0480e-07, 9.6252e-07, 1.3148e-06, 1.7998e-06,
         2.4757e-06, 3.4738e-06, 4.9068e-06, 6.9787e-06, 1.0050e-05, 1.4775e-05,
         2.1609e-05, 3.1554e-05, 4.4550e-05, 5.9735e-05, 7.5128e-05, 8.8221e-05,
         9.7419e-05, 1.0111e-04, 9.9976e-05, 9.3958e-05, 8.5080e-05, 7.4374e-05,
         6.3336e-05, 5.2875e-05, 4.3658e-05, 3.5893e-05, 2.9848e-05, 2.5269e-05,
         2.2324e-05, 2.1741e-05, 2.1741e-05, 2.1741e-05, 2.1741e-05, 2.1741e-05,
         2.1741e-05, 2.1741e-05]], dtype=torch.float64), 'xH2SO4aer': tensor([[6.9828e-08, 7.8407e-08, 9.6734e-08, 1.1620e-07, 1.3975e-07, 1.6846e-07,
         2.0802e-07, 3.3322e-07, 1.0456e-06, 7.7940e-07, 2.4657e-08, 3.0920e-11,
         2.0696e-12, 2.8501e-13, 1.1866e-13, 1.1238e-13, 1.0015e-13, 8.0910e-14,
         6.3891e-14, 4.9536e-14, 3.7979e-14, 2.8790e-14, 2.1520e-14, 1.5850e-14,
         1.1496e-14, 8.2143e-15, 5.8582e-15, 4.1805e-15, 3.0004e-15, 2.1883e-15,
         1.6373e-15, 1.2648e-15, 1.0183e-15, 8.4592e-16, 7.2026e-16, 6.2573e-16,
         5.5272e-16, 4.9430e-16, 4.4605e-16, 4.0457e-16, 3.6912e-16, 3.3996e-16,
         3.1780e-16, 3.0375e-16, 2.9982e-16, 3.0623e-16, 3.2423e-16, 3.5511e-16,
         3.9962e-16, 4.5584e-16, 4.9744e-16, 4.3857e-16, 1.6874e-16, 3.9525e-17,
         7.8189e-18, 2.3819e-18, 1.0775e-18, 5.7706e-19, 3.0196e-19, 1.5107e-19,
         7.0593e-20, 3.2830e-20, 1.4195e-20, 6.4461e-21, 2.7558e-21, 1.2472e-21,
         5.5613e-22, 2.5799e-22, 1.2078e-22, 5.4550e-23, 2.2704e-23, 5.9806e-24,
         4.5721e-25, 1.0000e-40, 1.0000e-40, 1.0000e-40, 1.0000e-40, 1.0000e-40,
         1.0000e-40, 1.0000e-40]], dtype=torch.float64), 'xS8aer': tensor([[2.1082e-34, 4.2660e-34, 3.5987e-33, 1.8784e-27, 9.9732e-23, 1.9220e-21,
         2.4316e-21, 2.1093e-21, 7.3408e-21, 5.4567e-21, 1.4708e-22, 3.0245e-29,
         2.7194e-31, 1.7280e-33, 6.2054e-36, 3.1077e-37, 1.7145e-37, 1.8626e-37,
         2.2001e-37, 2.6248e-37, 3.1466e-37, 3.7853e-37, 4.5655e-37, 5.5229e-37,
         6.7022e-37, 8.1590e-37, 1.0003e-36, 1.2321e-36, 1.5220e-36, 1.8853e-36,
         2.3412e-36, 2.9142e-36, 3.6531e-36, 4.5929e-36, 5.7807e-36, 7.2745e-36,
         9.1166e-36, 1.1230e-35, 1.3623e-35, 1.6819e-35, 2.0210e-35, 2.3160e-35,
         2.4230e-35, 1.9744e-35, 6.0506e-36, 1.0000e-40, 1.0000e-40, 1.0000e-40,
         1.0000e-40, 1.0000e-40, 1.0000e-40, 1.0000e-40, 1.0000e-40, 1.0000e-40,
         1.0000e-40, 1.0000e-40, 1.0000e-40, 1.0000e-40, 1.0000e-40, 1.0000e-40,
         1.0000e-40, 1.0000e-40, 1.0000e-40, 1.0000e-40, 1.0000e-40, 1.0000e-40,
         1.0000e-40, 1.0000e-40, 1.0000e-40, 1.0000e-40, 1.0000e-40, 1.0000e-40,
         1.0000e-40, 1.0000e-40, 1.0000e-40, 1.0000e-40, 1.0000e-40, 1.0000e-40,
         1.0000e-40, 1.0000e-40]], dtype=torch.float64)}"
432000,222.062,0,"{'pres': tensor([[5.3000e+04, 4.2137e+04, 3.3501e+04, 2.6635e+04, 2.1176e+04, 1.6836e+04,
         1.3385e+04, 1.0642e+04, 8.4606e+03, 6.7265e+03, 5.3479e+03, 4.2518e+03,
         3.3803e+03, 2.6875e+03, 2.1367e+03, 1.6988e+03, 1.3506e+03, 1.0738e+03,
         8.5370e+02, 6.7873e+02, 5.3962e+02, 4.2902e+02, 3.4109e+02, 2.7118e+02,
         2.1560e+02, 1.7141e+02, 1.3628e+02, 1.0835e+02, 8.6141e+01, 6.8485e+01,
         5.4449e+01, 4.3289e+01, 3.4417e+01, 2.7363e+01, 2.1755e+01, 1.7296e+01,
         1.3751e+01, 1.0933e+01, 8.6918e+00, 6.9104e+00, 5.4941e+00, 4.3680e+00,
         3.4728e+00, 2.7610e+00, 2.1951e+00, 1.7452e+00, 1.3875e+00, 1.1031e+00,
         8.7703e-01, 6.9728e-01, 5.5437e-01, 4.4075e-01, 3.5041e-01, 2.7859e-01,
         2.2149e-01, 1.7610e-01, 1.4000e-01, 1.1131e-01, 8.8495e-02, 7.0358e-02,
         5.5937e-02, 4.4473e-02, 3.5358e-02, 2.8111e-02, 2.2349e-02, 1.7769e-02,
         1.4127e-02, 1.1231e-02, 8.9295e-03, 7.0993e-03, 5.6442e-03, 4.4874e-03,
         3.5677e-03, 2.8365e-03, 2.2551e-03, 1.7929e-03, 1.4254e-03, 1.1333e-03,
         9.0101e-04, 7.1634e-04]], dtype=torch.float64), 'temp': tensor([[191.2774, 185.4619, 179.3442, 172.7357, 165.6635, 158.2538, 150.7403,
         143.3435, 136.2029, 129.3810, 122.8936, 116.7286, 110.8891, 105.3199,
         100.0661, 100.0214, 100.0170, 100.0162, 100.0166, 100.0176, 100.0192,
         100.0213, 100.0240, 100.0273, 100.0313, 100.0362, 100.0419, 100.0487,
         100.0565, 100.0658, 100.0767, 100.0897, 100.1055, 100.1248, 100.1484,
         100.1778, 100.2172, 100.2989, 100.4298, 100.5394, 100.6659, 100.8264,
         101.0316, 101.2965, 101.6483, 102.1135, 102.7319, 103.5617, 104.6824,
         106.2349, 108.3739, 111.2162, 114.8154, 119.0548, 123.3344, 126.7877,
         128.9242, 130.0241, 130.7984, 131.4524, 131.9858, 132.4315, 132.8089,
         133.1313, 133.3993, 133.6250, 133.8202, 133.9681, 134.1108, 134.2055,
         134.3033, 134.3690, 134.4317, 134.4757, 134.5123, 134.5428, 134.5626,
         134.5821, 134.5974, 134.6081]], dtype=torch.float64), 'xCO2': tensor([[9.4422e-01, 8.5586e-01, 6.6884e-01, 4.7762e-01, 2.9932e-01, 1.5815e-01,
         7.5136e-02, 3.2322e-02, 1.2744e-02, 4.8413e-03, 1.6098e-03, 5.3385e-04,
         1.6346e-04, 4.3327e-05, 1.3549e-05, 1.2343e-05, 1.4741e-05, 1.8389e-05,
         2.3073e-05, 2.8955e-05, 3.6474e-05, 4.5991e-05, 5.7933e-05, 7.2910e-05,
         9.1684e-05, 1.1521e-04, 1.4538e-04, 1.8359e-04, 2.3166e-04, 2.9212e-04,
         3.6815e-04, 4.6381e-04, 5.8753e-04, 7.4515e-04, 9.4528e-04, 1.2003e-03,
         1.5283e-03, 1.9511e-03, 2.5103e-03, 3.2325e-03, 4.1655e-03, 5.3754e-03,
         6.9505e-03, 9.0315e-03, 1.1862e-02, 1.5638e-02, 2.0702e-02, 2.7518e-02,
         3.6766e-02, 4.9761e-02, 6.7313e-02, 9.0718e-02, 1.2195e-01, 1.6304e-01,
         2.1379e-01, 2.7428e-01, 3.4068e-01, 4.0858e-01, 4.7521e-01, 5.3846e-01,
         5.9809e-01, 6.5276e-01, 7.0309e-01, 7.4784e-01, 7.8771e-01, 8.2227e-01,
         8.5233e-01, 8.7831e-01, 9.0094e-01, 9.2094e-01, 9.3870e-01, 9.5489e-01,
         9.6970e-01, 9.7257e-01, 9.7257e-01, 9.7257e-01, 9.7257e-01, 9.7257e-01,
         9.7257e-01, 9.7257e-01]], dtype=torch.float64), 'xH2O': tensor([[6.6705e-07, 4.0093e-07, 1.4626e-07, 5.0599e-08, 1.4507e-08, 3.4528e-09,
         6.8503e-10, 1.0520e-10, 5.6827e-12, 4.8933e-13, 5.8418e-13, 4.4584e-13,
         2.8441e-13, 1.2448e-13, 6.8995e-14, 3.9905e-14, 9.1220e-15, 5.7406e-15,
         4.7480e-15, 4.3373e-15, 4.1712e-15, 4.1180e-15, 4.1248e-15, 4.1652e-15,
         4.2210e-15, 4.2794e-15, 4.3326e-15, 4.3831e-15, 4.4446e-15, 4.5411e-15,
         4.7029e-15, 4.9624e-15, 5.3694e-15, 5.9515e-15, 6.7434e-15, 7.7932e-15,
         9.1770e-15, 1.1036e-14, 1.3646e-14, 1.6885e-14, 2.1022e-14, 2.6427e-14,
         3.3641e-14, 4.3727e-14, 5.9352e-14, 8.4031e-14, 1.2588e-13, 2.0334e-13,
         3.7285e-13, 9.6006e-13, 3.2094e-12, 1.0378e-11, 1.9296e-11, 2.7841e-11,
         3.5688e-11, 4.1849e-11, 4.6051e-11, 4.7975e-11, 4.8341e-11, 4.7719e-11,
         4.6775e-11, 4.5864e-11, 4.5169e-11, 4.4819e-11, 4.4845e-11, 4.5372e-11,
         4.6513e-11, 4.8402e-11, 5.1280e-11, 5.5202e-11, 6.0596e-11, 6.7446e-11,
         7.6218e-11, 7.8107e-11, 7.8107e-11, 7.8107e-11, 7.8107e-11, 7.8107e-11,
         7.8107e-11, 7.8107e-11]], dtype=torch.float64), 'xSO2': tensor([[1.4364e-02, 1.0889e-02, 6.4852e-03, 3.5823e-03, 1.7124e-03, 7.0362e-04,
         2.4990e-04, 7.5711e-05, 1.9990e-05, 5.0240e-06, 9.9372e-07, 1.9866e-07,
         3.5664e-08, 4.8821e-09, 8.0310e-10, 6.0431e-10, 6.8596e-10, 8.3452e-10,
         1.0227e-09, 1.2102e-09, 1.3744e-09, 1.5496e-09, 1.7589e-09, 2.0198e-09,
         2.3509e-09, 2.7760e-09, 3.3449e-09, 4.1088e-09, 5.1425e-09, 6.5613e-09,
         8.5311e-09, 1.1287e-08, 1.5318e-08, 2.1075e-08, 2.9202e-08, 4.0595e-08,
         5.6447e-08, 7.8320e-08, 1.0951e-07, 1.5214e-07, 2.0976e-07, 2.8720e-07,
         3.9092e-07, 5.3119e-07, 7.2603e-07, 9.9082e-07, 1.3529e-06, 1.8518e-06,
         2.5501e-06, 3.5800e-06, 5.0600e-06, 7.1997e-06, 1.0396e-05, 1.5279e-05,
         2.2327e-05, 3.2596e-05, 4.5846e-05, 6.1240e-05, 7.6746e-05, 8.9822e-05,
         9.9067e-05, 1.0262e-04, 1.0135e-04, 9.5217e-05, 8.6149e-05, 7.5283e-05,
         6.4083e-05, 5.3459e-05, 4.4137e-05, 3.6251e-05, 3.0165e-05, 2.5573e-05,
         2.2607e-05, 2.2123e-05, 2.2123e-05, 2.2123e-05, 2.2123e-05, 2.2123e-05,
         2.2123e-05, 2.2123e-05]], dtype=torch.float64), 'xH2SO4aer': tensor([[6.9830e-08, 7.8411e-08, 9.6741e-08, 1.1622e-07, 1.3979e-07, 1.6857e-07,
         2.0850e-07, 3.3955e-07, 1.0685e-06, 7.5122e-07, 2.1407e-08, 3.1277e-11,
         2.0248e-12, 2.6901e-13, 1.1258e-13, 1.0911e-13, 1.0335e-13, 8.4405e-14,
         6.6979e-14, 5.2106e-14, 4.0054e-14, 3.0412e-14, 2.2751e-14, 1.6754e-14,
         1.2135e-14, 8.6466e-15, 6.1415e-15, 4.3557e-15, 3.1011e-15, 2.2395e-15,
         1.6568e-15, 1.2642e-15, 1.0059e-15, 8.2571e-16, 6.9499e-16, 5.9727e-16,
         5.2241e-16, 4.6307e-16, 4.1501e-16, 3.7450e-16, 3.4057e-16, 3.1323e-16,
         2.9289e-16, 2.8047e-16, 2.7763e-16, 2.8452e-16, 3.0224e-16, 3.3190e-16,
         3.7405e-16, 4.2526e-16, 4.5620e-16, 3.7684e-16, 1.3501e-16, 3.1569e-17,
         6.6285e-18, 2.3779e-18, 1.1539e-18, 6.4318e-19, 3.3614e-19, 1.6793e-19,
         7.6599e-20, 3.5318e-20, 1.4985e-20, 6.6449e-21, 2.8044e-21, 1.2366e-21,
         5.4743e-22, 2.4827e-22, 1.1584e-22, 5.1057e-23, 2.0961e-23, 5.2372e-24,
         3.0717e-25, 1.0000e-40, 1.0000e-40, 1.0000e-40, 1.0000e-40, 1.0000e-40,
         1.0000e-40, 1.0000e-40]], dtype=torch.float64), 'xS8aer': tensor([[2.1084e-34, 4.2670e-34, 3.9100e-33, 2.0536e-27, 1.0062e-22, 1.9241e-21,
         2.4784e-21, 2.1612e-21, 7.5246e-21, 5.2318e-21, 1.2622e-22, 2.5423e-29,
         2.7864e-31, 1.7273e-33, 6.3828e-36, 3.4523e-37, 2.0934e-37, 2.3360e-37,
         2.8011e-37, 3.3900e-37, 4.1245e-37, 5.0324e-37, 6.1497e-37, 7.5282e-37,
         9.2325e-37, 1.1344e-36, 1.4023e-36, 1.7390e-36, 2.1600e-36, 2.6867e-36,
         3.3465e-36, 4.1734e-36, 5.2375e-36, 6.5867e-36, 8.2885e-36, 1.0430e-35,
         1.3095e-35, 1.6250e-35, 1.9986e-35, 2.4861e-35, 3.0322e-35, 3.5752e-35,
         3.9592e-35, 3.7168e-35, 1.8217e-35, 1.0000e-40, 1.0000e-40, 1.0000e-40,
         1.0000e-40, 1.0000e-40, 1.0000e-40, 1.0000e-40, 1.0000e-40, 1.0000e-40,
         1.0000e-40, 1.0000e-40, 1.0000e-40, 1.0000e-40, 1.0000e-40, 1.0000e-40,
         1.0000e-40, 1.0000e-40, 1.0000e-40, 1.0000e-40, 1.0000e-40, 1.0000e-40,
         1.0000e-40, 1.0000e-40, 1.0000e-40, 1.0000e-40, 1.0000e-40, 1.0000e-40,
         1.0000e-40, 1.0000e-40, 1.0000e-40, 1.0000e-40, 1.0000e-40, 1.0000e-40,
         1.0000e-40, 1.0000e-40]], dtype=torch.float64)}"
453600,222.058,0,"{'pres': tensor([[5.3000e+04, 4.2137e+04, 3.3501e+04, 2.6635e+04, 2.1176e+04, 1.6836e+04,
         1.3385e+04, 1.0642e+04, 8.4606e+03, 6.7265e+03, 5.3479e+03, 4.2518e+03,
         3.3803e+03, 2.6875e+03, 2.1367e+03, 1.6988e+03, 1.3506e+03, 1.0738e+03,
         8.5370e+02, 6.7873e+02, 5.3962e+02, 4.2902e+02, 3.4109e+02, 2.7118e+02,
         2.1560e+02, 1.7141e+02, 1.3628e+02, 1.0835e+02, 8.6141e+01, 6.8485e+01,
         5.4449e+01, 4.3289e+01, 3.4417e+01, 2.7363e+01, 2.1755e+01, 1.7296e+01,
         1.3751e+01, 1.0933e+01, 8.6918e+00, 6.9104e+00, 5.4941e+00, 4.3680e+00,
         3.4728e+00, 2.7610e+00, 2.1951e+00, 1.7452e+00, 1.3875e+00, 1.1031e+00,
         8.7703e-01, 6.9728e-01, 5.5437e-01, 4.4075e-01, 3.5041e-01, 2.7859e-01,
         2.2149e-01, 1.7610e-01, 1.4000e-01, 1.1131e-01, 8.8495e-02, 7.0358e-02,
         5.5937e-02, 4.4473e-02, 3.5358e-02, 2.8111e-02, 2.2349e-02, 1.7769e-02,
         1.4127e-02, 1.1231e-02, 8.9295e-03, 7.0993e-03, 5.6442e-03, 4.4874e-03,
         3.5677e-03, 2.8365e-03, 2.2551e-03, 1.7929e-03, 1.4254e-03, 1.1333e-03,
         9.0101e-04, 7.1634e-04]], dtype=torch.float64), 'temp': tensor([[191.2977, 185.4847, 179.3697, 172.7641, 165.6942, 158.2857, 150.7720,
         143.3740, 136.2318, 129.4083, 122.9195, 116.7530, 110.9123, 105.3403,
         100.0698, 100.0215, 100.0171, 100.0162, 100.0166, 100.0178, 100.0194,
         100.0215, 100.0243, 100.0276, 100.0317, 100.0366, 100.0425, 100.0494,
         100.0575, 100.0670, 100.0782, 100.0917, 100.1081, 100.1281, 100.1527,
         100.1833, 100.2244, 100.3082, 100.4420, 100.5555, 100.6872, 100.8544,
         101.0686, 101.3457, 101.7143, 102.2025, 102.8522, 103.7249, 104.9040,
         106.5372, 108.7793, 111.7410, 115.4531, 119.7456, 123.9485, 127.2090,
         129.1458, 130.1455, 130.8924, 131.5331, 132.0567, 132.4929, 132.8646,
         133.1815, 133.4460, 133.6684, 133.8616, 134.0073, 134.1488, 134.2421,
         134.3392, 134.4040, 134.4661, 134.5094, 134.5456, 134.5758, 134.5952,
         134.6147, 134.6297, 134.6403]], dtype=torch.float64), 'xCO2': tensor([[9.4448e-01, 8.5653e-01, 6.7006e-01, 4.7980e-01, 3.0061e-01, 1.5876e-01,
         7.5456e-02, 3.2475e-02, 1.2802e-02, 4.8664e-03, 1.6172e-03, 5.3713e-04,
         1.6437e-04, 4.3479e-05, 1.3608e-05, 1.2351e-05, 1.4743e-05, 1.8388e-05,
         2.3072e-05, 2.8954e-05, 3.6478e-05, 4.5995e-05, 5.7937e-05, 7.2915e-05,
         9.1690e-05, 1.1522e-04, 1.4541e-04, 1.8364e-04, 2.3174e-04, 2.9223e-04,
         3.6832e-04, 4.6408e-04, 5.8807e-04, 7.4600e-04, 9.4664e-04, 1.2025e-03,
         1.5317e-03, 1.9560e-03, 2.5177e-03, 3.2429e-03, 4.1804e-03, 5.3968e-03,
         6.9814e-03, 9.0791e-03, 1.1930e-02, 1.5735e-02, 2.0836e-02, 2.7697e-02,
         3.7024e-02, 5.0078e-02, 6.7674e-02, 9.1082e-02, 1.2242e-01, 1.6340e-01,
         2.1401e-01, 2.7429e-01, 3.4033e-01, 4.0785e-01, 4.7432e-01, 5.3742e-01,
         5.9697e-01, 6.5146e-01, 7.0151e-01, 7.4610e-01, 7.8570e-01, 8.2022e-01,
         8.5017e-01, 8.7623e-01, 8.9885e-01, 9.1891e-01, 9.3671e-01, 9.5289e-01,
         9.6768e-01, 9.6991e-01, 9.6991e-01, 9.6991e-01, 9.6991e-01, 9.6991e-01,
         9.6991e-01, 9.6991e-01]], dtype=torch.float64), 'xH2O': tensor([[6.6947e-07, 4.0252e-07, 1.4697e-07, 5.0885e-08, 1.4600e-08, 3.4778e-09,
         6.9061e-10, 1.0682e-10, 6.0467e-12, 4.9538e-13, 5.8678e-13, 4.4970e-13,
         2.8945e-13, 1.2765e-13, 7.2200e-14, 4.9451e-14, 1.3012e-14, 6.7031e-15,
         5.2944e-15, 4.7489e-15, 4.5303e-15, 4.4539e-15, 4.4516e-15, 4.4901e-15,
         4.5473e-15, 4.6076e-15, 4.6610e-15, 4.7091e-15, 4.7659e-15, 4.8563e-15,
         5.0125e-15, 5.2688e-15, 5.6773e-15, 6.2647e-15, 7.0661e-15, 8.1297e-15,
         9.5322e-15, 1.1417e-14, 1.4069e-14, 1.7365e-14, 2.1588e-14, 2.7131e-14,
         3.4573e-14, 4.5083e-14, 6.1515e-14, 8.7774e-14, 1.3293e-13, 2.1800e-13,
         4.1269e-13, 1.1130e-12, 3.8395e-12, 1.1638e-11, 2.0946e-11, 2.9784e-11,
         3.7864e-11, 4.4123e-11, 4.8422e-11, 5.0271e-11, 5.0521e-11, 4.9639e-11,
         4.8371e-11, 4.7083e-11, 4.6016e-11, 4.5324e-11, 4.5077e-11, 4.5384e-11,
         4.6384e-11, 4.8157e-11, 5.0979e-11, 5.4863e-11, 6.0213e-11, 6.7058e-11,
         7.5774e-11, 7.7229e-11, 7.7229e-11, 7.7229e-11, 7.7229e-11, 7.7229e-11,
         7.7229e-11, 7.7229e-11]], dtype=torch.float64), 'xSO2': tensor([[1.4396e-02, 1.0916e-02, 6.5051e-03, 3.5955e-03, 1.7198e-03, 7.0710e-04,
         2.5129e-04, 7.6195e-05, 2.0106e-05, 5.0603e-06, 9.9918e-07, 2.0045e-07,
         3.5944e-08, 4.8966e-09, 8.0793e-10, 6.0441e-10, 6.8595e-10, 8.3542e-10,
         1.0270e-09, 1.2350e-09, 1.4175e-09, 1.6060e-09, 1.8268e-09, 2.0998e-09,
         2.4457e-09, 2.8904e-09, 3.4880e-09, 4.2920e-09, 5.3825e-09, 6.8807e-09,
         8.9600e-09, 1.1865e-08, 1.6107e-08, 2.2140e-08, 3.0626e-08, 4.2481e-08,
         5.8924e-08, 8.1546e-08, 1.1375e-07, 1.5760e-07, 2.1610e-07, 2.9485e-07,
         4.0252e-07, 5.4697e-07, 7.4691e-07, 1.0187e-06, 1.3907e-06, 1.9035e-06,
         2.6246e-06, 3.6867e-06, 5.2140e-06, 7.4216e-06, 1.0745e-05, 1.5782e-05,
         2.3042e-05, 3.3617e-05, 4.7098e-05, 6.2668e-05, 7.8259e-05, 9.1304e-05,
         1.0053e-04, 1.0400e-04, 1.0258e-04, 9.6387e-05, 8.7151e-05, 7.6153e-05,
         6.4809e-05, 5.4039e-05, 4.4624e-05, 3.6658e-05, 3.0502e-05, 2.5899e-05,
         2.2912e-05, 2.2527e-05, 2.2527e-05, 2.2527e-05, 2.2527e-05, 2.2527e-05,
         2.2527e-05, 2.2527e-05]], dtype=torch.float64), 'xH2SO4aer': tensor([[6.9832e-08, 7.8414e-08, 9.6748e-08, 1.1623e-07, 1.3982e-07, 1.6869e-07,
         2.0899e-07, 3.4604e-07, 1.0901e-06, 7.2371e-07, 1.8583e-08, 3.1643e-11,
         2.0050e-12, 2.5756e-13, 1.0752e-13, 1.0570e-13, 1.0517e-13, 8.7649e-14,
         6.9958e-14, 5.4618e-14, 4.2094e-14, 3.2013e-14, 2.3969e-14, 1.7649e-14,
         1.2767e-14, 9.0729e-15, 6.4194e-15, 4.5259e-15, 3.1973e-15, 2.2870e-15,
         1.6733e-15, 1.2616e-15, 9.9242e-16, 8.0521e-16, 6.7019e-16, 5.6996e-16,
         4.9381e-16, 4.3401e-16, 3.8641e-16, 3.4701e-16, 3.1463e-16, 2.8904e-16,
         2.7043e-16, 2.5955e-16, 2.5778e-16, 2.6520e-16, 2.8282e-16, 3.1160e-16,
         3.5191e-16, 3.9887e-16, 4.2012e-16, 3.2202e-16, 1.0890e-16, 2.5869e-17,
         5.8619e-18, 2.4355e-18, 1.2535e-18, 7.1886e-19, 3.7414e-19, 1.8652e-19,
         8.3586e-20, 3.8045e-20, 1.5933e-20, 6.8771e-21, 2.8710e-21, 1.2331e-21,
         5.4269e-22, 2.4042e-22, 1.1189e-22, 4.8674e-23, 1.9485e-23, 4.6176e-24,
         1.9922e-25, 1.0000e-40, 1.0000e-40, 1.0000e-40, 1.0000e-40, 1.0000e-40,
         1.0000e-40, 1.0000e-40]], dtype=torch.float64), 'xS8aer': tensor([[2.1087e-34, 4.2681e-34, 4.2643e-33, 2.2358e-27, 1.0150e-22, 1.9263e-21,
         2.5248e-21, 2.2145e-21, 7.6957e-21, 5.0138e-21, 1.0828e-22, 2.3327e-29,
         2.8553e-31, 1.7247e-33, 6.5884e-36, 4.0442e-37, 2.7522e-37, 3.1139e-37,
         3.7171e-37, 4.4645e-37, 5.3864e-37, 6.5165e-37, 7.8990e-37, 9.5969e-37,
         1.1689e-36, 1.4276e-36, 1.7556e-36, 2.1676e-36, 2.6829e-36, 3.3285e-36,
         4.1384e-36, 5.1557e-36, 6.4696e-36, 8.1386e-36, 1.0250e-35, 1.2915e-35,
         1.6255e-35, 2.0270e-35, 2.5127e-35, 3.1424e-35, 3.8679e-35, 4.6349e-35,
         5.2909e-35, 5.3212e-35, 3.2450e-35, 3.5354e-36, 1.0000e-40, 1.0000e-40,
         1.0000e-40, 1.0000e-40, 1.0000e-40, 1.0000e-40, 1.0000e-40, 1.0000e-40,
         1.0000e-40, 1.0000e-40, 1.0000e-40, 1.0000e-40, 1.0000e-40, 1.0000e-40,
         1.0000e-40, 1.0000e-40, 1.0000e-40, 1.0000e-40, 1.0000e-40, 1.0000e-40,
         1.0000e-40, 1.0000e-40, 1.0000e-40, 1.0000e-40, 1.0000e-40, 1.0000e-40,
         1.0000e-40, 1.0000e-40, 1.0000e-40, 1.0000e-40, 1.0000e-40, 1.0000e-40,
         1.0000e-40, 1.0000e-40]], dtype=torch.float64)}"
475200,222.054,0,"{'pres': tensor([[5.3000e+04, 4.2137e+04, 3.3501e+04, 2.6635e+04, 2.1176e+04, 1.6836e+04,
         1.3385e+04, 1.0642e+04, 8.4606e+03, 6.7265e+03, 5.3479e+03, 4.2518e+03,
         3.3803e+03, 2.6875e+03, 2.1367e+03, 1.6988e+03, 1.3506e+03, 1.0738e+03,
         8.5370e+02, 6.7873e+02, 5.3962e+02, 4.2902e+02, 3.4109e+02, 2.7118e+02,
         2.1560e+02, 1.7141e+02, 1.3628e+02, 1.0835e+02, 8.6141e+01, 6.8485e+01,
         5.4449e+01, 4.3289e+01, 3.4417e+01, 2.7363e+01, 2.1755e+01, 1.7296e+01,
         1.3751e+01, 1.0933e+01, 8.6918e+00, 6.9104e+00, 5.4941e+00, 4.3680e+00,
         3.4728e+00, 2.7610e+00, 2.1951e+00, 1.7452e+00, 1.3875e+00, 1.1031e+00,
         8.7703e-01, 6.9728e-01, 5.5437e-01, 4.4075e-01, 3.5041e-01, 2.7859e-01,
         2.2149e-01, 1.7610e-01, 1.4000e-01, 1.1131e-01, 8.8495e-02, 7.0358e-02,
         5.5937e-02, 4.4473e-02, 3.5358e-02, 2.8111e-02, 2.2349e-02, 1.7769e-02,
         1.4127e-02, 1.1231e-02, 8.9295e-03, 7.0993e-03, 5.6442e-03, 4.4874e-03,
         3.5677e-03, 2.8365e-03, 2.2551e-03, 1.7929e-03, 1.4254e-03, 1.1333e-03,
         9.0101e-04, 7.1634e-04]], dtype=torch.float64), 'temp': tensor([[191.3177, 185.5072, 179.3951, 172.7924, 165.7250, 158.3178, 150.8040,
         143.4048, 136.2611, 129.4360, 122.9456, 116.7774, 110.9355, 105.3542,
         100.0830, 100.0215, 100.0171, 100.0163, 100.0167, 100.0179, 100.0195,
         100.0217, 100.0245, 100.0279, 100.0321, 100.0371, 100.0431, 100.0502,
         100.0585, 100.0682, 100.0798, 100.0937, 100.1106, 100.1314, 100.1570,
         100.1888, 100.2316, 100.3176, 100.4543, 100.5718, 100.7085, 100.8826,
         101.1059, 101.3954, 101.7811, 102.2925, 102.9740, 103.8899, 105.1279,
         106.8418, 109.1858, 112.2623, 116.0776, 120.4049, 124.5147, 127.5772,
         129.3320, 130.2516, 130.9793, 131.6077, 132.1220, 132.5493, 132.9159,
         133.2278, 133.4891, 133.7084, 133.8997, 134.0434, 134.1839, 134.2759,
         134.3723, 134.4362, 134.4979, 134.5405, 134.5763, 134.6063, 134.6253,
         134.6447, 134.6594, 134.6700]], dtype=torch.float64), 'xCO2': tensor([[9.4474e-01, 8.5718e-01, 6.7130e-01, 4.8190e-01, 3.0186e-01, 1.5939e-01,
         7.5782e-02, 3.2630e-02, 1.2861e-02, 4.8919e-03, 1.6246e-03, 5.4045e-04,
         1.6529e-04, 4.3621e-05, 1.3671e-05, 1.2360e-05, 1.4744e-05, 1.8388e-05,
         2.3071e-05, 2.8952e-05, 3.6481e-05, 4.5999e-05, 5.7942e-05, 7.2920e-05,
         9.1696e-05, 1.1522e-04, 1.4545e-04, 1.8370e-04, 2.3181e-04, 2.9234e-04,
         3.6849e-04, 4.6434e-04, 5.8861e-04, 7.4686e-04, 9.4800e-04, 1.2047e-03,
         1.5352e-03, 1.9609e-03, 2.5252e-03, 3.2535e-03, 4.1956e-03, 5.4185e-03,
         7.0126e-03, 9.1271e-03, 1.1999e-02, 1.5831e-02, 2.0969e-02, 2.7873e-02,
         3.7275e-02, 5.0384e-02, 6.8019e-02, 9.1428e-02, 1.2287e-01, 1.6373e-01,
         2.1423e-01, 2.7427e-01, 3.3993e-01, 4.0707e-01, 4.7334e-01, 5.3629e-01,
         5.9567e-01, 6.5008e-01, 6.9985e-01, 7.4432e-01, 7.8368e-01, 8.1815e-01,
         8.4800e-01, 8.7412e-01, 8.9674e-01, 9.1681e-01, 9.3466e-01, 9.5081e-01,
         9.6557e-01, 9.6720e-01, 9.6720e-01, 9.6720e-01, 9.6720e-01, 9.6720e-01,
         9.6720e-01, 9.6720e-01]], dtype=torch.float64), 'xH2O': tensor([[6.7185e-07, 4.0408e-07, 1.4767e-07, 5.1172e-08, 1.4696e-08, 3.5033e-09,
         6.9633e-10, 1.0845e-10, 6.3944e-12, 5.0146e-13, 5.8924e-13, 4.5339e-13,
         2.9430e-13, 1.3070e-13, 7.4882e-14, 5.9468e-14, 2.3487e-14, 8.0545e-15,
         5.9535e-15, 5.2164e-15, 4.9265e-15, 4.8181e-15, 4.8020e-15, 4.8361e-15,
         4.8932e-15, 4.9544e-15, 5.0073e-15, 5.0522e-15, 5.1030e-15, 5.1860e-15,
         5.3353e-15, 5.5867e-15, 5.9952e-15, 6.5864e-15, 7.3961e-15, 8.4724e-15,
         9.8929e-15, 1.1802e-14, 1.4498e-14, 1.7853e-14, 2.2166e-14, 2.7852e-14,
         3.5525e-14, 4.6478e-14, 6.3758e-14, 9.1695e-14, 1.4041e-13, 2.3382e-13,
         4.5777e-13, 1.2927e-12, 4.5851e-12, 1.2965e-11, 2.2605e-11, 3.1749e-11,
         4.0089e-11, 4.6447e-11, 5.0836e-11, 5.2601e-11, 5.2723e-11, 5.1576e-11,
         4.9984e-11, 4.8324e-11, 4.6893e-11, 4.5867e-11, 4.5353e-11, 4.5441e-11,
         4.6296e-11, 4.7947e-11, 5.0707e-11, 5.4553e-11, 5.9842e-11, 6.6675e-11,
         7.5334e-11, 7.6380e-11, 7.6380e-11, 7.6380e-11, 7.6380e-11, 7.6380e-11,
         7.6380e-11, 7.6380e-11]], dtype=torch.float64), 'xSO2': tensor([[1.4428e-02, 1.0943e-02, 6.5248e-03, 3.6087e-03, 1.7273e-03, 7.1065e-04,
         2.5272e-04, 7.6689e-05, 2.0225e-05, 5.0973e-06, 1.0047e-06, 2.0227e-07,
         3.6226e-08, 4.9093e-09, 8.1308e-10, 6.0454e-10, 6.8581e-10, 8.3604e-10,
         1.0307e-09, 1.2576e-09, 1.4584e-09, 1.6619e-09, 1.8959e-09, 2.1828e-09,
         2.5454e-09, 3.0119e-09, 3.6409e-09, 4.4883e-09, 5.6392e-09, 7.2209e-09,
         9.4141e-09, 1.2472e-08, 1.6929e-08, 2.3239e-08, 3.2084e-08, 4.4398e-08,
         6.1425e-08, 8.4776e-08, 1.1787e-07, 1.6188e-07, 2.1958e-07, 2.9950e-07,
         4.1261e-07, 5.6221e-07, 7.6741e-07, 1.0462e-06, 1.4281e-06, 1.9550e-06,
         2.6991e-06, 3.7937e-06, 5.3685e-06, 7.6442e-06, 1.1094e-05, 1.6284e-05,
         2.3750e-05, 3.4615e-05, 4.8298e-05, 6.4013e-05, 7.9653e-05, 9.2664e-05,
         1.0178e-04, 1.0526e-04, 1.0370e-04, 9.7462e-05, 8.8081e-05, 7.6973e-05,
         6.5505e-05, 5.4605e-05, 4.5106e-05, 3.7082e-05, 3.0848e-05, 2.6238e-05,
         2.3231e-05, 2.2945e-05, 2.2945e-05, 2.2945e-05, 2.2945e-05, 2.2945e-05,
         2.2945e-05, 2.2945e-05]], dtype=torch.float64), 'xH2SO4aer': tensor([[6.9834e-08, 7.8418e-08, 9.6755e-08, 1.1625e-07, 1.3986e-07, 1.6880e-07,
         2.0949e-07, 3.5266e-07, 1.1103e-06, 6.9693e-07, 1.6128e-08, 3.2029e-11,
         1.9760e-12, 2.3776e-13, 9.8377e-14, 9.7316e-14, 1.0269e-13, 9.0518e-14,
         7.2791e-14, 5.7053e-14, 4.4088e-14, 3.3585e-14, 2.5167e-14, 1.8530e-14,
         1.3389e-14, 9.4905e-15, 6.6902e-15, 4.6901e-15, 3.2884e-15, 2.3304e-15,
         1.6869e-15, 1.2570e-15, 9.7787e-16, 7.8451e-16, 6.4593e-16, 5.4381e-16,
         4.6687e-16, 4.0701e-16, 3.6016e-16, 3.2201e-16, 2.9122e-16, 2.6735e-16,
         2.5043e-16, 2.4109e-16, 2.4047e-16, 2.4863e-16, 2.6651e-16, 2.9496e-16,
         3.3423e-16, 3.7815e-16, 3.9119e-16, 2.7623e-16, 8.9052e-17, 2.1770e-17,
         5.3888e-18, 2.5447e-18, 1.3754e-18, 8.0423e-19, 4.1666e-19, 2.0684e-19,
         9.2069e-20, 4.0989e-20, 1.6981e-20, 7.1366e-21, 2.9531e-21, 1.2353e-21,
         5.4128e-22, 2.3410e-22, 1.0879e-22, 4.6961e-23, 1.8242e-23, 4.1056e-24,
         1.2279e-25, 1.0000e-40, 1.0000e-40, 1.0000e-40, 1.0000e-40, 1.0000e-40,
         1.0000e-40, 1.0000e-40]], dtype=torch.float64), 'xS8aer': tensor([[2.1090e-34, 4.2692e-34, 4.6649e-33, 2.4251e-27, 1.0238e-22, 1.9286e-21,
         2.5709e-21, 2.2692e-21, 7.8545e-21, 4.8031e-21, 9.2829e-23, 2.2582e-29,
         2.9263e-31, 1.7194e-33, 6.7977e-36, 4.6559e-37, 3.4614e-37, 4.0043e-37,
         4.8462e-37, 5.9018e-37, 7.2298e-37, 8.8831e-37, 1.0931e-36, 1.3470e-36,
         1.6617e-36, 2.0518e-36, 2.5470e-36, 3.1666e-36, 3.9382e-36, 4.8998e-36,
         6.1003e-36, 7.6023e-36, 9.5412e-36, 1.2008e-35, 1.5147e-35, 1.9152e-35,
         2.4261e-35, 3.0605e-35, 3.8622e-35, 4.9021e-35, 6.1532e-35, 7.5816e-35,
         9.0465e-35, 9.9795e-35, 8.4177e-35, 3.1206e-35, 1.0000e-40, 1.0000e-40,
         1.0000e-40, 1.0000e-40, 1.0000e-40, 1.0000e-40, 1.0000e-40, 1.0000e-40,
         1.0000e-40, 1.0000e-40, 1.0000e-40, 1.0000e-40, 1.0000e-40, 1.0000e-40,
         1.0000e-40, 1.0000e-40, 1.0000e-40, 1.0000e-40, 1.0000e-40, 1.0000e-40,
         1.0000e-40, 1.0000e-40, 1.0000e-40, 1.0000e-40, 1.0000e-40, 1.0000e-40,
         1.0000e-40, 1.0000e-40, 1.0000e-40, 1.0000e-40, 1.0000e-40, 1.0000e-40,
         1.0000e-40, 1.0000e-40]], dtype=torch.float64)}"
496800,222.052,0,"{'pres': tensor([[5.3000e+04, 4.2137e+04, 3.3501e+04, 2.6635e+04, 2.1176e+04, 1.6836e+04,
         1.3385e+04, 1.0642e+04, 8.4606e+03, 6.7265e+03, 5.3479e+03, 4.2518e+03,
         3.3803e+03, 2.6875e+03, 2.1367e+03, 1.6988e+03, 1.3506e+03, 1.0738e+03,
         8.5370e+02, 6.7873e+02, 5.3962e+02, 4.2902e+02, 3.4109e+02, 2.7118e+02,
         2.1560e+02, 1.7141e+02, 1.3628e+02, 1.0835e+02, 8.6141e+01, 6.8485e+01,
         5.4449e+01, 4.3289e+01, 3.4417e+01, 2.7363e+01, 2.1755e+01, 1.7296e+01,
         1.3751e+01, 1.0933e+01, 8.6918e+00, 6.9104e+00, 5.4941e+00, 4.3680e+00,
         3.4728e+00, 2.7610e+00, 2.1951e+00, 1.7452e+00, 1.3875e+00, 1.1031e+00,
         8.7703e-01, 6.9728e-01, 5.5437e-01, 4.4075e-01, 3.5041e-01, 2.7859e-01,
         2.2149e-01, 1.7610e-01, 1.4000e-01, 1.1131e-01, 8.8495e-02, 7.0358e-02,
         5.5937e-02, 4.4473e-02, 3.5358e-02, 2.8111e-02, 2.2349e-02, 1.7769e-02,
         1.4127e-02, 1.1231e-02, 8.9295e-03, 7.0993e-03, 5.6442e-03, 4.4874e-03,
         3.5677e-03, 2.8365e-03, 2.2551e-03, 1.7929e-03, 1.4254e-03, 1.1333e-03,
         9.0101e-04, 7.1634e-04]], dtype=torch.float64), 'temp': tensor([[191.3375, 185.5295, 179.4203, 172.8208, 165.7559, 158.3501, 150.8362,
         143.4360, 136.2907, 129.4638, 122.9718, 116.8004, 110.9574, 105.3709,
         100.0988, 100.0216, 100.0172, 100.0164, 100.0168, 100.0180, 100.0197,
         100.0219, 100.0247, 100.0282, 100.0325, 100.0376, 100.0437, 100.0509,
         100.0594, 100.0695, 100.0814, 100.0957, 100.1132, 100.1348, 100.1613,
         100.1944, 100.2389, 100.3271, 100.4668, 100.5881, 100.7301, 100.9111,
         101.1436, 101.4456, 101.8486, 102.3835, 103.0971, 104.0566, 105.3540,
         107.1485, 109.5930, 112.7796, 116.6881, 121.0321, 125.0331, 127.8983,
         129.4896, 130.3462, 131.0604, 131.6769, 132.1823, 132.6015, 132.9634,
         133.2706, 133.5290, 133.7455, 133.9351, 134.0769, 134.2163, 134.3072,
         134.4029, 134.4660, 134.5273, 134.5693, 134.6047, 134.6345, 134.6531,
         134.6725, 134.6869, 134.6974]], dtype=torch.float64), 'xCO2': tensor([[9.4497e-01, 8.5780e-01, 6.7255e-01, 4.8389e-01, 3.0307e-01, 1.6002e-01,
         7.6113e-02, 3.2788e-02, 1.2921e-02, 4.9179e-03, 1.6322e-03, 5.4380e-04,
         1.6618e-04, 4.3715e-05, 1.3752e-05, 1.2375e-05, 1.4746e-05, 1.8388e-05,
         2.3070e-05, 2.8951e-05, 3.6485e-05, 4.6002e-05, 5.7946e-05, 7.2925e-05,
         9.1702e-05, 1.1523e-04, 1.4549e-04, 1.8375e-04, 2.3189e-04, 2.9245e-04,
         3.6866e-04, 4.6461e-04, 5.8916e-04, 7.4772e-04, 9.4937e-04, 1.2069e-03,
         1.5387e-03, 1.9660e-03, 2.5329e-03, 3.2643e-03, 4.2110e-03, 5.4407e-03,
         7.0443e-03, 9.1754e-03, 1.2067e-02, 1.5928e-02, 2.1100e-02, 2.8046e-02,
         3.7521e-02, 5.0680e-02, 6.8350e-02, 9.1758e-02, 1.2330e-01, 1.6406e-01,
         2.1454e-01, 2.7424e-01, 3.3946e-01, 4.0625e-01, 4.7223e-01, 5.3509e-01,
         5.9428e-01, 6.4861e-01, 6.9814e-01, 7.4249e-01, 7.8162e-01, 8.1607e-01,
         8.4582e-01, 8.7193e-01, 8.9459e-01, 9.1466e-01, 9.3254e-01, 9.4866e-01,
         9.6339e-01, 9.6443e-01, 9.6443e-01, 9.6443e-01, 9.6443e-01, 9.6443e-01,
         9.6443e-01, 9.6443e-01]], dtype=torch.float64), 'xH2O': tensor([[6.7419e-07, 4.0562e-07, 1.4837e-07, 5.1461e-08, 1.4792e-08, 3.5291e-09,
         7.0214e-10, 1.1008e-10, 6.7247e-12, 5.0758e-13, 5.9157e-13, 4.5688e-13,
         2.9892e-13, 1.3354e-13, 7.6985e-14, 6.6090e-14, 3.3626e-14, 1.0054e-14,
         6.7694e-15, 5.7541e-15, 5.3669e-15, 5.2146e-15, 5.1786e-15, 5.2049e-15,
         5.2600e-15, 5.3209e-15, 5.3721e-15, 5.4126e-15, 5.4562e-15, 5.5305e-15,
         5.6712e-15, 5.9163e-15, 6.3231e-15, 6.9167e-15, 7.7333e-15, 8.8214e-15,
         1.0259e-14, 1.2194e-14, 1.4934e-14, 1.8351e-14, 2.2758e-14, 2.8590e-14,
         3.6502e-14, 4.7915e-14, 6.6084e-14, 9.5801e-14, 1.4835e-13, 2.5090e-13,
         5.0888e-13, 1.5039e-12, 5.4668e-12, 1.4384e-11, 2.4300e-11, 3.3746e-11,
         4.2307e-11, 4.8820e-11, 5.3262e-11, 5.4965e-11, 5.4926e-11, 5.3534e-11,
         5.1614e-11, 4.9588e-11, 4.7801e-11, 4.6446e-11, 4.5671e-11, 4.5540e-11,
         4.6250e-11, 4.7790e-11, 5.0464e-11, 5.4266e-11, 5.9488e-11, 6.6305e-11,
         7.4905e-11, 7.5568e-11, 7.5568e-11, 7.5568e-11, 7.5568e-11, 7.5568e-11,
         7.5568e-11, 7.5568e-11]], dtype=torch.float64), 'xSO2': tensor([[1.4459e-02, 1.0969e-02, 6.5445e-03, 3.6220e-03, 1.7349e-03, 7.1425e-04,
         2.5416e-04, 7.7191e-05, 2.0346e-05, 5.1350e-06, 1.0103e-06, 2.0411e-07,
         3.6501e-08, 4.9148e-09, 8.1961e-10, 6.0505e-10, 6.8560e-10, 8.3642e-10,
         1.0335e-09, 1.2718e-09, 1.4965e-09, 1.7167e-09, 1.9656e-09, 2.2680e-09,
         2.6491e-09, 3.1394e-09, 3.8022e-09, 4.6959e-09, 5.9103e-09, 7.5788e-09,
         9.8892e-09, 1.3103e-08, 1.7777e-08, 2.4366e-08, 3.3567e-08, 4.6334e-08,
         6.3924e-08, 8.7932e-08, 1.2131e-07, 1.6439e-07, 2.2214e-07, 3.0384e-07,
         4.2118e-07, 5.7664e-07, 7.8741e-07, 1.0734e-06, 1.4651e-06, 2.0062e-06,
         2.7737e-06, 3.9010e-06, 5.5236e-06, 7.8672e-06, 1.1443e-05, 1.6785e-05,
         2.4506e-05, 3.5585e-05, 4.9459e-05, 6.5274e-05, 8.0889e-05, 9.3903e-05,
         1.0290e-04, 1.0639e-04, 1.0471e-04, 9.8439e-05, 8.8933e-05, 7.7736e-05,
         6.6161e-05, 5.5170e-05, 4.5576e-05, 3.7501e-05, 3.1195e-05, 2.6581e-05,
         2.3556e-05, 2.3369e-05, 2.3369e-05, 2.3369e-05, 2.3369e-05, 2.3369e-05,
         2.3369e-05, 2.3369e-05]], dtype=torch.float64), 'xH2SO4aer': tensor([[6.9836e-08, 7.8421e-08, 9.6762e-08, 1.1626e-07, 1.3990e-07, 1.6891e-07,
         2.0999e-07, 3.5942e-07, 1.1293e-06, 6.7091e-07, 1.3992e-08, 3.2400e-11,
         1.9328e-12, 2.1946e-13, 9.1265e-14, 9.0385e-14, 9.9611e-14, 9.2795e-14,
         7.5430e-14, 5.9391e-14, 4.6022e-14, 3.5118e-14, 2.6340e-14, 1.9393e-14,
         1.3997e-14, 9.8971e-15, 6.9523e-15, 4.8471e-15, 3.3738e-15, 2.3695e-15,
         1.6974e-15, 1.2505e-15, 9.6240e-16, 7.6372e-16, 6.2226e-16, 5.1883e-16,
         4.4157e-16, 3.8203e-16, 3.3615e-16, 2.9937e-16, 2.7019e-16, 2.4802e-16,
         2.3276e-16, 2.2497e-16, 2.2561e-16, 2.3474e-16, 2.5325e-16, 2.8196e-16,
         3.2103e-16, 3.6310e-16, 3.6934e-16, 2.3890e-16, 7.4160e-17, 1.8866e-17,
         5.3464e-18, 2.7020e-18, 1.5260e-18, 8.9932e-19, 4.6670e-19, 2.2880e-19,
         1.0127e-19, 4.4121e-20, 1.8117e-20, 7.4163e-21, 3.0482e-21, 1.2415e-21,
         5.4259e-22, 2.3171e-22, 1.0641e-22, 4.5624e-23, 1.7198e-23, 3.6849e-24,
         6.8569e-26, 1.0000e-40, 1.0000e-40, 1.0000e-40, 1.0000e-40, 1.0000e-40,
         1.0000e-40, 1.0000e-40]], dtype=torch.float64), 'xS8aer': tensor([[2.1093e-34, 4.2702e-34, 5.1155e-33, 2.6216e-27, 1.0327e-22, 1.9310e-21,
         2.6165e-21, 2.3252e-21, 8.0011e-21, 4.5997e-21, 7.9524e-23, 2.2518e-29,
         2.9989e-31, 1.7111e-33, 7.0461e-36, 5.7630e-37, 4.7215e-37, 5.5056e-37,
         6.6302e-37, 8.0098e-37, 9.7162e-37, 1.1809e-36, 1.4374e-36, 1.7528e-36,
         2.1419e-36, 2.6234e-36, 3.2358e-36, 4.0048e-36, 4.9678e-36, 6.1757e-36,
         7.6933e-36, 9.6024e-36, 1.2079e-35, 1.5230e-35, 1.9231e-35, 2.4318e-35,
         3.0782e-35, 3.8814e-35, 4.8989e-35, 6.2094e-35, 7.8037e-35, 9.6671e-35,
         1.1670e-34, 1.3188e-34, 1.1905e-34, 4.9125e-35, 1.0000e-40, 1.0000e-40,
         1.0000e-40, 1.0000e-40, 1.0000e-40, 1.0000e-40, 1.0000e-40, 1.0000e-40,
         1.0000e-40, 1.0000e-40, 1.0000e-40, 1.0000e-40, 1.0000e-40, 1.0000e-40,
         1.0000e-40, 1.0000e-40, 1.0000e-40, 1.0000e-40, 1.0000e-40, 1.0000e-40,
         1.0000e-40, 1.0000e-40, 1.0000e-40, 1.0000e-40, 1.0000e-40, 1.0000e-40,
         1.0000e-40, 1.0000e-40, 1.0000e-40, 1.0000e-40, 1.0000e-40, 1.0000e-40,
         1.0000e-40, 1.0000e-40]], dtype=torch.float64)}"
518400,222.051,0,"{'pres': tensor([[5.3000e+04, 4.2137e+04, 3.3501e+04, 2.6635e+04, 2.1176e+04, 1.6836e+04,
         1.3385e+04, 1.0642e+04, 8.4606e+03, 6.7265e+03, 5.3479e+03, 4.2518e+03,
         3.3803e+03, 2.6875e+03, 2.1367e+03, 1.6988e+03, 1.3506e+03, 1.0738e+03,
         8.5370e+02, 6.7873e+02, 5.3962e+02, 4.2902e+02, 3.4109e+02, 2.7118e+02,
         2.1560e+02, 1.7141e+02, 1.3628e+02, 1.0835e+02, 8.6141e+01, 6.8485e+01,
         5.4449e+01, 4.3289e+01, 3.4417e+01, 2.7363e+01, 2.1755e+01, 1.7296e+01,
         1.3751e+01, 1.0933e+01, 8.6918e+00, 6.9104e+00, 5.4941e+00, 4.3680e+00,
         3.4728e+00, 2.7610e+00, 2.1951e+00, 1.7452e+00, 1.3875e+00, 1.1031e+00,
         8.7703e-01, 6.9728e-01, 5.5437e-01, 4.4075e-01, 3.5041e-01, 2.7859e-01,
         2.2149e-01, 1.7610e-01, 1.4000e-01, 1.1131e-01, 8.8495e-02, 7.0358e-02,
         5.5937e-02, 4.4473e-02, 3.5358e-02, 2.8111e-02, 2.2349e-02, 1.7769e-02,
         1.4127e-02, 1.1231e-02, 8.9295e-03, 7.0993e-03, 5.6442e-03, 4.4874e-03,
         3.5677e-03, 2.8365e-03, 2.2551e-03, 1.7929e-03, 1.4254e-03, 1.1333e-03,
         9.0101e-04, 7.1634e-04]], dtype=torch.float64), 'temp': tensor([[191.3571, 185.5517, 179.4453, 172.8490, 165.7869, 158.3825, 150.8687,
         143.4673, 136.3205, 129.4916, 122.9977, 116.8237, 110.9795, 105.3891,
         100.1162, 100.0217, 100.0173, 100.0165, 100.0169, 100.0181, 100.0198,
         100.0221, 100.0250, 100.0285, 100.0328, 100.0381, 100.0443, 100.0517,
         100.0604, 100.0707, 100.0830, 100.0977, 100.1158, 100.1381, 100.1657,
         100.2001, 100.2462, 100.3366, 100.4793, 100.6046, 100.7518, 100.9398,
         101.1817, 101.4963, 101.9168, 102.4756, 103.2216, 104.2251, 105.5822,
         107.4572, 110.0004, 113.2921, 117.2835, 121.6274, 125.5065, 128.1780,
         129.6242, 130.4323, 131.1364, 131.7413, 132.2382, 132.6500, 133.0077,
         133.3105, 133.5662, 133.7800, 133.9680, 134.1080, 134.2466, 134.3363,
         134.4314, 134.4937, 134.5546, 134.5960, 134.6311, 134.6606, 134.6790,
         134.6982, 134.7125, 134.7228]], dtype=torch.float64), 'xCO2': tensor([[9.4520e-01, 8.5841e-01, 6.7381e-01, 4.8580e-01, 3.0425e-01, 1.6066e-01,
         7.6448e-02, 3.2949e-02, 1.2982e-02, 4.9442e-03, 1.6398e-03, 5.4705e-04,
         1.6704e-04, 4.3829e-05, 1.3842e-05, 1.2394e-05, 1.4749e-05, 1.8388e-05,
         2.3069e-05, 2.8949e-05, 3.6488e-05, 4.6006e-05, 5.7950e-05, 7.2930e-05,
         9.1708e-05, 1.1524e-04, 1.4553e-04, 1.8380e-04, 2.3196e-04, 2.9256e-04,
         3.6884e-04, 4.6488e-04, 5.8971e-04, 7.4858e-04, 9.5076e-04, 1.2091e-03,
         1.5422e-03, 1.9715e-03, 2.5407e-03, 3.2754e-03, 4.2268e-03, 5.4631e-03,
         7.0763e-03, 9.2242e-03, 1.2136e-02, 1.6023e-02, 2.1230e-02, 2.8216e-02,
         3.7761e-02, 5.0966e-02, 6.8668e-02, 9.2073e-02, 1.2370e-01, 1.6439e-01,
         2.1482e-01, 2.7417e-01, 3.3894e-01, 4.0539e-01, 4.7107e-01, 5.3383e-01,
         5.9283e-01, 6.4707e-01, 6.9636e-01, 7.4062e-01, 7.7955e-01, 8.1397e-01,
         8.4362e-01, 8.6969e-01, 8.9241e-01, 9.1246e-01, 9.3038e-01, 9.4644e-01,
         9.6114e-01, 9.6162e-01, 9.6162e-01, 9.6162e-01, 9.6162e-01, 9.6162e-01,
         9.6162e-01, 9.6162e-01]], dtype=torch.float64), 'xH2O': tensor([[6.7650e-07, 4.0715e-07, 1.4907e-07, 5.1751e-08, 1.4889e-08, 3.5553e-09,
         7.0804e-10, 1.1159e-10, 6.9948e-12, 5.1367e-13, 5.9377e-13, 4.6009e-13,
         3.0333e-13, 1.3631e-13, 7.8949e-14, 7.0829e-14, 4.2428e-14, 1.3539e-14,
         7.8139e-15, 6.3822e-15, 5.8610e-15, 5.6487e-15, 5.5848e-15, 5.5988e-15,
         5.6491e-15, 5.7079e-15, 5.7561e-15, 5.7907e-15, 5.8258e-15, 5.8897e-15,
         6.0202e-15, 6.2572e-15, 6.6609e-15, 7.2553e-15, 8.0776e-15, 9.1766e-15,
         1.0631e-14, 1.2595e-14, 1.5379e-14, 1.8861e-14, 2.3364e-14, 2.9347e-14,
         3.7503e-14, 4.9396e-14, 6.8497e-14, 1.0010e-13, 1.5677e-13, 2.6935e-13,
         5.6690e-13, 1.7519e-12, 6.5069e-12, 1.5912e-11, 2.6049e-11, 3.5785e-11,
         4.4562e-11, 5.1242e-11, 5.5693e-11, 5.7365e-11, 5.7152e-11, 5.5513e-11,
         5.3263e-11, 5.0875e-11, 4.8740e-11, 4.7061e-11, 4.6030e-11, 4.5680e-11,
         4.6242e-11, 4.7677e-11, 5.0251e-11, 5.4003e-11, 5.9157e-11, 6.5953e-11,
         7.4496e-11, 7.4798e-11, 7.4798e-11, 7.4798e-11, 7.4798e-11, 7.4798e-11,
         7.4798e-11, 7.4798e-11]], dtype=torch.float64), 'xSO2': tensor([[1.4489e-02, 1.0995e-02, 6.5642e-03, 3.6354e-03, 1.7426e-03, 7.1788e-04,
         2.5563e-04, 7.7702e-05, 2.0469e-05, 5.1732e-06, 1.0160e-06, 2.0591e-07,
         3.6767e-08, 4.9223e-09, 8.2691e-10, 6.0571e-10, 6.8533e-10, 8.3651e-10,
         1.0348e-09, 1.2777e-09, 1.5292e-09, 1.7694e-09, 2.0351e-09, 2.3547e-09,
         2.7559e-09, 3.2719e-09, 3.9706e-09, 4.9129e-09, 6.1935e-09, 7.9515e-09,
         1.0382e-08, 1.3753e-08, 1.8646e-08, 2.5511e-08, 3.5064e-08, 4.8268e-08,
         6.6362e-08, 9.0786e-08, 1.2340e-07, 1.6598e-07, 2.2460e-07, 3.0814e-07,
         4.2894e-07, 5.9022e-07, 8.0684e-07, 1.1001e-06, 1.5019e-06, 2.0571e-06,
         2.8483e-06, 4.0087e-06, 5.6789e-06, 8.0902e-06, 1.1792e-05, 1.7283e-05,
         2.5252e-05, 3.6526e-05, 5.0582e-05, 6.6450e-05, 8.2023e-05, 9.5025e-05,
         1.0390e-04, 1.0741e-04, 1.0561e-04, 9.9321e-05, 8.9708e-05, 7.8441e-05,
         6.6774e-05, 5.5716e-05, 4.6026e-05, 3.7909e-05, 3.1537e-05, 2.6922e-05,
         2.3880e-05, 2.3792e-05, 2.3792e-05, 2.3792e-05, 2.3792e-05, 2.3792e-05,
         2.3792e-05, 2.3792e-05]], dtype=torch.float64), 'xH2SO4aer': tensor([[6.9838e-08, 7.8425e-08, 9.6769e-08, 1.1628e-07, 1.3994e-07, 1.6903e-07,
         2.1050e-07, 3.6630e-07, 1.1469e-06, 6.4568e-07, 1.2132e-08, 3.2782e-11,
         1.9099e-12, 2.0682e-13, 8.5929e-14, 8.4863e-14, 9.6108e-14, 9.3913e-14,
         7.7805e-14, 6.1604e-14, 4.7881e-14, 3.6602e-14, 2.7478e-14, 2.0231e-14,
         1.4587e-14, 1.0290e-14, 7.2037e-15, 4.9958e-15, 3.4530e-15, 2.4041e-15,
         1.7048e-15, 1.2422e-15, 9.4607e-16, 7.4287e-16, 5.9920e-16, 4.9500e-16,
         4.1783e-16, 3.5897e-16, 3.1422e-16, 2.7888e-16, 2.5130e-16, 2.3080e-16,
         2.1718e-16, 2.1096e-16, 2.1297e-16, 2.2326e-16, 2.4275e-16, 2.7225e-16,
         3.1190e-16, 3.5319e-16, 3.5381e-16, 2.0865e-16, 6.3036e-17, 1.6814e-17,
         5.4288e-18, 2.9041e-18, 1.7054e-18, 1.0041e-18, 5.2121e-19, 2.5237e-19,
         1.1119e-19, 4.7427e-20, 1.9339e-20, 7.7118e-21, 3.1548e-21, 1.2507e-21,
         5.4625e-22, 2.3187e-22, 1.0466e-22, 4.4630e-23, 1.6332e-23, 3.3445e-24,
         2.8797e-26, 1.0000e-40, 1.0000e-40, 1.0000e-40, 1.0000e-40, 1.0000e-40,
         1.0000e-40, 1.0000e-40]], dtype=torch.float64), 'xS8aer': tensor([[2.1095e-34, 4.2712e-34, 5.6195e-33, 2.8253e-27, 1.0414e-22, 1.9334e-21,
         2.6618e-21, 2.3822e-21, 8.1358e-21, 4.4038e-21, 6.8056e-23, 2.2802e-29,
         3.0720e-31, 1.6989e-33, 7.2973e-36, 6.7278e-37, 5.7882e-37, 6.7677e-37,
         8.1352e-37, 9.8086e-37, 1.1879e-36, 1.4417e-36, 1.7526e-36, 2.1348e-36,
         2.6061e-36, 3.1891e-36, 3.9307e-36, 4.8606e-36, 6.0246e-36, 7.4839e-36,
         9.3164e-36, 1.1621e-35, 1.4613e-35, 1.8417e-35, 2.3249e-35, 2.9398e-35,
         3.7231e-35, 4.7021e-35, 5.9508e-35, 7.5563e-35, 9.5263e-35, 1.1863e-34,
         1.4444e-34, 1.6587e-34, 1.5616e-34, 6.7883e-35, 1.0000e-40, 1.0000e-40,
         1.0000e-40, 1.0000e-40, 1.0000e-40, 1.0000e-40, 1.0000e-40, 1.0000e-40,
         1.0000e-40, 1.0000e-40, 1.0000e-40, 1.0000e-40, 1.0000e-40, 1.0000e-40,
         1.0000e-40, 1.0000e-40, 1.0000e-40, 1.0000e-40, 1.0000e-40, 1.0000e-40,
         1.0000e-40, 1.0000e-40, 1.0000e-40, 1.0000e-40, 1.0000e-40, 1.0000e-40,
         1.0000e-40, 1.0000e-40, 1.0000e-40, 1.0000e-40, 1.0000e-40, 1.0000e-40,
         1.0000e-40, 1.0000e-40]], dtype=torch.float64)}"
540000,222.05,0,"{'pres': tensor([[5.3000e+04, 4.2137e+04, 3.3501e+04, 2.6635e+04, 2.1176e+04, 1.6836e+04,
         1.3385e+04, 1.0642e+04, 8.4606e+03, 6.7265e+03, 5.3479e+03, 4.2518e+03,
         3.3803e+03, 2.6875e+03, 2.1367e+03, 1.6988e+03, 1.3506e+03, 1.0738e+03,
         8.5370e+02, 6.7873e+02, 5.3962e+02, 4.2902e+02, 3.4109e+02, 2.7118e+02,
         2.1560e+02, 1.7141e+02, 1.3628e+02, 1.0835e+02, 8.6141e+01, 6.8485e+01,
         5.4449e+01, 4.3289e+01, 3.4417e+01, 2.7363e+01, 2.1755e+01, 1.7296e+01,
         1.3751e+01, 1.0933e+01, 8.6918e+00, 6.9104e+00, 5.4941e+00, 4.3680e+00,
         3.4728e+00, 2.7610e+00, 2.1951e+00, 1.7452e+00, 1.3875e+00, 1.1031e+00,
         8.7703e-01, 6.9728e-01, 5.5437e-01, 4.4075e-01, 3.5041e-01, 2.7859e-01,
         2.2149e-01, 1.7610e-01, 1.4000e-01, 1.1131e-01, 8.8495e-02, 7.0358e-02,
         5.5937e-02, 4.4473e-02, 3.5358e-02, 2.8111e-02, 2.2349e-02, 1.7769e-02,
         1.4127e-02, 1.1231e-02, 8.9295e-03, 7.0993e-03, 5.6442e-03, 4.4874e-03,
         3.5677e-03, 2.8365e-03, 2.2551e-03, 1.7929e-03, 1.4254e-03, 1.1333e-03,
         9.0101e-04, 7.1634e-04]], dtype=torch.float64), 'temp': tensor([[191.3766, 185.5737, 179.4703, 172.8772, 165.8178, 158.4149, 150.9012,
         143.4988, 136.3503, 129.5193, 123.0235, 116.8472, 111.0019, 105.4085,
         100.1346, 100.0218, 100.0173, 100.0165, 100.0170, 100.0182, 100.0200,
         100.0223, 100.0252, 100.0288, 100.0332, 100.0385, 100.0449, 100.0525,
         100.0614, 100.0720, 100.0846, 100.0998, 100.1184, 100.1415, 100.1700,
         100.2057, 100.2536, 100.3462, 100.4919, 100.6212, 100.7737, 100.9687,
         101.2201, 101.5476, 101.9857, 102.5686, 103.3473, 104.3951, 105.8124,
         107.7675, 110.4077, 113.7991, 117.8631, 122.1908, 125.9378, 128.4215,
         129.7406, 130.5118, 131.2081, 131.8012, 132.2902, 132.6953, 133.0490,
         133.3477, 133.6010, 133.8123, 133.9988, 134.1371, 134.2748, 134.3634,
         134.4580, 134.5196, 134.5802, 134.6210, 134.6557, 134.6850, 134.7031,
         134.7222, 134.7363, 134.7466]], dtype=torch.float64), 'xCO2': tensor([[9.4542e-01, 8.5901e-01, 6.7507e-01, 4.8764e-01, 3.0542e-01, 1.6130e-01,
         7.6786e-02, 3.3111e-02, 1.3043e-02, 4.9706e-03, 1.6473e-03, 5.5031e-04,
         1.6791e-04, 4.3956e-05, 1.3938e-05, 1.2413e-05, 1.4752e-05, 1.8388e-05,
         2.3069e-05, 2.8947e-05, 3.6492e-05, 4.6010e-05, 5.7954e-05, 7.2934e-05,
         9.1714e-05, 1.1525e-04, 1.4557e-04, 1.8385e-04, 2.3204e-04, 2.9268e-04,
         3.6901e-04, 4.6515e-04, 5.9026e-04, 7.4945e-04, 9.5215e-04, 1.2113e-03,
         1.5457e-03, 1.9771e-03, 2.5486e-03, 3.2867e-03, 4.2428e-03, 5.4859e-03,
         7.1086e-03, 9.2732e-03, 1.2205e-02, 1.6119e-02, 2.1358e-02, 2.8382e-02,
         3.7995e-02, 5.1244e-02, 6.8974e-02, 9.2375e-02, 1.2410e-01, 1.6469e-01,
         2.1507e-01, 2.7408e-01, 3.3839e-01, 4.0449e-01, 4.6987e-01, 5.3251e-01,
         5.9131e-01, 6.4547e-01, 6.9454e-01, 7.3871e-01, 7.7746e-01, 8.1179e-01,
         8.4141e-01, 8.6744e-01, 8.9020e-01, 9.1022e-01, 9.2816e-01, 9.4417e-01,
         9.5877e-01, 9.5877e-01, 9.5877e-01, 9.5877e-01, 9.5877e-01, 9.5877e-01,
         9.5877e-01, 9.5877e-01]], dtype=torch.float64), 'xH2O': tensor([[6.7880e-07, 4.0867e-07, 1.4977e-07, 5.2043e-08, 1.4987e-08, 3.5818e-09,
         7.1402e-10, 1.1280e-10, 7.1246e-12, 5.1890e-13, 5.9583e-13, 4.6317e-13,
         3.0763e-13, 1.3902e-13, 8.0838e-14, 7.4322e-14, 5.3240e-14, 2.0777e-14,
         9.2154e-15, 7.1280e-15, 6.4210e-15, 6.1270e-15, 6.0242e-15, 6.0201e-15,
         6.0622e-15, 6.1165e-15, 6.1598e-15, 6.1870e-15, 6.2118e-15, 6.2636e-15,
         6.3822e-15, 6.6095e-15, 7.0083e-15, 7.6022e-15, 8.4289e-15, 9.5379e-15,
         1.1010e-14, 1.3005e-14, 1.5835e-14, 1.9383e-14, 2.3983e-14, 3.0120e-14,
         3.8529e-14, 5.0923e-14, 7.1001e-14, 1.0461e-13, 1.6572e-13, 2.8927e-13,
         6.3284e-13, 2.0420e-12, 7.7237e-12, 1.7543e-11, 2.7865e-11, 3.7873e-11,
         4.6860e-11, 5.3711e-11, 5.8164e-11, 5.9799e-11, 5.9404e-11, 5.7514e-11,
         5.4933e-11, 5.2188e-11, 4.9708e-11, 4.7711e-11, 4.6428e-11, 4.5869e-11,
         4.6273e-11, 4.7599e-11, 5.0069e-11, 5.3767e-11, 5.8850e-11, 6.5625e-11,
         7.4075e-11, 7.4075e-11, 7.4075e-11, 7.4075e-11, 7.4075e-11, 7.4075e-11,
         7.4075e-11, 7.4075e-11]], dtype=torch.float64), 'xSO2': tensor([[1.4520e-02, 1.1021e-02, 6.5838e-03, 3.6487e-03, 1.7503e-03, 7.2154e-04,
         2.5711e-04, 7.8219e-05, 2.0594e-05, 5.2116e-06, 1.0215e-06, 2.0771e-07,
         3.7036e-08, 4.9313e-09, 8.3471e-10, 6.0647e-10, 6.8500e-10, 8.3641e-10,
         1.0356e-09, 1.2825e-09, 1.5583e-09, 1.8195e-09, 2.1038e-09, 2.4421e-09,
         2.8650e-09, 3.4082e-09, 4.1449e-09, 5.1378e-09, 6.4867e-09, 8.3362e-09,
         1.0888e-08, 1.4419e-08, 1.9530e-08, 2.6668e-08, 3.6560e-08, 5.0148e-08,
         6.8482e-08, 9.2012e-08, 1.2437e-07, 1.6743e-07, 2.2707e-07, 3.1247e-07,
         4.3664e-07, 6.0319e-07, 8.2571e-07, 1.1264e-06, 1.5383e-06, 2.1080e-06,
         2.9231e-06, 4.1165e-06, 5.8344e-06, 8.3129e-06, 1.2139e-05, 1.7776e-05,
         2.5982e-05, 3.7434e-05, 5.1645e-05, 6.7543e-05, 8.3057e-05, 9.6036e-05,
         1.0479e-04, 1.0830e-04, 1.0640e-04, 1.0011e-04, 9.0406e-05, 7.9083e-05,
         6.7341e-05, 5.6228e-05, 4.6454e-05, 3.8302e-05, 3.1869e-05, 2.7256e-05,
         2.4211e-05, 2.4211e-05, 2.4211e-05, 2.4211e-05, 2.4211e-05, 2.4211e-05,
         2.4211e-05, 2.4211e-05]], dtype=torch.float64), 'xH2SO4aer': tensor([[6.9839e-08, 7.8428e-08, 9.6776e-08, 1.1629e-07, 1.3998e-07, 1.6914e-07,
         2.1101e-07, 3.7330e-07, 1.1633e-06, 6.2126e-07, 1.0513e-08, 3.3182e-11,
         1.8830e-12, 1.8918e-13, 7.8130e-14, 7.6825e-14, 8.8354e-14, 9.2389e-14,
         7.9805e-14, 6.3658e-14, 4.9646e-14, 3.8024e-14, 2.8574e-14, 2.1039e-14,
         1.5154e-14, 1.0666e-14, 7.4427e-15, 5.1351e-15, 3.5253e-15, 2.4338e-15,
         1.7090e-15, 1.2319e-15, 9.2894e-16, 7.2201e-16, 5.7678e-16, 4.7228e-16,
         3.9558e-16, 3.3765e-16, 2.9415e-16, 2.6026e-16, 2.3426e-16, 2.1537e-16,
         2.0335e-16, 1.9870e-16, 2.0212e-16, 2.1372e-16, 2.3445e-16, 2.6514e-16,
         3.0597e-16, 3.4732e-16, 3.4321e-16, 1.8387e-16, 5.4747e-17, 1.5389e-17,
         5.6040e-18, 3.1461e-18, 1.9043e-18, 1.1186e-18, 5.8029e-19, 2.7752e-19,
         1.2183e-19, 5.0888e-20, 2.0643e-20, 8.0191e-21, 3.2717e-21, 1.2752e-21,
         5.5192e-22, 2.3315e-22, 1.0346e-22, 4.3939e-23, 1.5619e-23, 3.0731e-24,
         1.0000e-40, 1.0000e-40, 1.0000e-40, 1.0000e-40, 1.0000e-40, 1.0000e-40,
         1.0000e-40, 1.0000e-40]], dtype=torch.float64), 'xS8aer': tensor([[2.1098e-34, 4.2723e-34, 6.1808e-33, 3.0362e-27, 1.0502e-22, 1.9359e-21,
         2.7066e-21, 2.4404e-21, 8.2592e-21, 4.2153e-21, 5.8173e-23, 2.3266e-29,
         3.1459e-31, 1.6838e-33, 7.5612e-36, 7.7175e-37, 6.8918e-37, 8.0862e-37,
         9.7209e-37, 1.1718e-36, 1.4191e-36, 1.7222e-36, 2.0934e-36, 2.5499e-36,
         3.1130e-36, 3.8098e-36, 4.6977e-36, 5.8115e-36, 7.2076e-36, 8.9613e-36,
         1.1169e-35, 1.3953e-35, 1.7587e-35, 2.2229e-35, 2.8165e-35, 3.5778e-35,
         4.5581e-35, 5.8033e-35, 7.4257e-35, 9.5416e-35, 1.2211e-34, 1.5502e-34,
         1.9370e-34, 2.3179e-34, 2.3979e-34, 1.4997e-34, 2.4258e-35, 1.0000e-40,
         1.0000e-40, 1.0000e-40, 1.0000e-40, 1.0000e-40, 1.0000e-40, 1.0000e-40,
         1.0000e-40, 1.0000e-40, 1.0000e-40, 1.0000e-40, 1.0000e-40, 1.0000e-40,
         1.0000e-40, 1.0000e-40, 1.0000e-40, 1.0000e-40, 1.0000e-40, 1.0000e-40,
         1.0000e-40, 1.0000e-40, 1.0000e-40, 1.0000e-40, 1.0000e-40, 1.0000e-40,
         1.0000e-40, 1.0000e-40, 1.0000e-40, 1.0000e-40, 1.0000e-40, 1.0000e-40,
         1.0000e-40, 1.0000e-40]], dtype=torch.float64)}"
561600,222.05,0,"{'pres': tensor([[5.3000e+04, 4.2137e+04, 3.3501e+04, 2.6635e+04, 2.1176e+04, 1.6836e+04,
         1.3385e+04, 1.0642e+04, 8.4606e+03, 6.7265e+03, 5.3479e+03, 4.2518e+03,
         3.3803e+03, 2.6875e+03, 2.1367e+03, 1.6988e+03, 1.3506e+03, 1.0738e+03,
         8.5370e+02, 6.7873e+02, 5.3962e+02, 4.2902e+02, 3.4109e+02, 2.7118e+02,
         2.1560e+02, 1.7141e+02, 1.3628e+02, 1.0835e+02, 8.6141e+01, 6.8485e+01,
         5.4449e+01, 4.3289e+01, 3.4417e+01, 2.7363e+01, 2.1755e+01, 1.7296e+01,
         1.3751e+01, 1.0933e+01, 8.6918e+00, 6.9104e+00, 5.4941e+00, 4.3680e+00,
         3.4728e+00, 2.7610e+00, 2.1951e+00, 1.7452e+00, 1.3875e+00, 1.1031e+00,
         8.7703e-01, 6.9728e-01, 5.5437e-01, 4.4075e-01, 3.5041e-01, 2.7859e-01,
         2.2149e-01, 1.7610e-01, 1.4000e-01, 1.1131e-01, 8.8495e-02, 7.0358e-02,
         5.5937e-02, 4.4473e-02, 3.5358e-02, 2.8111e-02, 2.2349e-02, 1.7769e-02,
         1.4127e-02, 1.1231e-02, 8.9295e-03, 7.0993e-03, 5.6442e-03, 4.4874e-03,
         3.5677e-03, 2.8365e-03, 2.2551e-03, 1.7929e-03, 1.4254e-03, 1.1333e-03,
         9.0101e-04, 7.1634e-04]], dtype=torch.float64), 'temp': tensor([[191.3960, 185.5957, 179.4952, 172.9053, 165.8488, 158.4474, 150.9338,
         143.5302, 136.3800, 129.5472, 123.0495, 116.8712, 111.0247, 105.4286,
         100.1537, 100.0218, 100.0174, 100.0166, 100.0171, 100.0184, 100.0201,
         100.0225, 100.0255, 100.0291, 100.0336, 100.0390, 100.0455, 100.0533,
         100.0624, 100.0732, 100.0862, 100.1018, 100.1211, 100.1449, 100.1744,
         100.2115, 100.2610, 100.3559, 100.5046, 100.6379, 100.7957, 100.9978,
         101.2588, 101.5993, 102.0554, 102.6625, 103.4743, 104.5667, 106.0445,
         108.0794, 110.8144, 114.3001, 118.4261, 122.7229, 126.3297, 128.6336,
         129.8425, 130.5863, 131.2757, 131.8572, 132.3388, 132.7378, 133.0878,
         133.3826, 133.6337, 133.8425, 134.0276, 134.1644, 134.3013, 134.3888,
         134.4829, 134.5437, 134.6040, 134.6443, 134.6787, 134.7078, 134.7256,
         134.7447, 134.7585, 134.7687]], dtype=torch.float64), 'xCO2': tensor([[9.4563e-01, 8.5959e-01, 6.7633e-01, 4.8940e-01, 3.0657e-01, 1.6194e-01,
         7.7126e-02, 3.3274e-02, 1.3105e-02, 4.9970e-03, 1.6548e-03, 5.5362e-04,
         1.6880e-04, 4.4092e-05, 1.4038e-05, 1.2434e-05, 1.4755e-05, 1.8388e-05,
         2.3068e-05, 2.8946e-05, 3.6496e-05, 4.6014e-05, 5.7958e-05, 7.2939e-05,
         9.1720e-05, 1.1526e-04, 1.4560e-04, 1.8390e-04, 2.3211e-04, 2.9279e-04,
         3.6918e-04, 4.6542e-04, 5.9082e-04, 7.5033e-04, 9.5355e-04, 1.2136e-03,
         1.5493e-03, 1.9828e-03, 2.5567e-03, 3.2981e-03, 4.2590e-03, 5.5089e-03,
         7.1412e-03, 9.3224e-03, 1.2274e-02, 1.6213e-02, 2.1485e-02, 2.8545e-02,
         3.8223e-02, 5.1512e-02, 6.9267e-02, 9.2665e-02, 1.2447e-01, 1.6499e-01,
         2.1529e-01, 2.7395e-01, 3.3781e-01, 4.0354e-01, 4.6863e-01, 5.3114e-01,
         5.8973e-01, 6.4382e-01, 6.9267e-01, 7.3677e-01, 7.7534e-01, 8.0955e-01,
         8.3919e-01, 8.6516e-01, 8.8796e-01, 9.0794e-01, 9.2590e-01, 9.4184e-01,
         9.5588e-01, 9.5588e-01, 9.5588e-01, 9.5588e-01, 9.5588e-01, 9.5588e-01,
         9.5588e-01, 9.5588e-01]], dtype=torch.float64), 'xH2O': tensor([[6.8109e-07, 4.1019e-07, 1.5046e-07, 5.2335e-08, 1.5085e-08, 3.6085e-09,
         7.2006e-10, 1.1396e-10, 7.2175e-12, 5.2362e-13, 5.9782e-13, 4.6616e-13,
         3.1181e-13, 1.4167e-13, 8.2661e-14, 7.6560e-14, 6.1609e-14, 2.8480e-14,
         1.1177e-14, 8.0308e-15, 7.0629e-15, 6.6576e-15, 6.5017e-15, 6.4718e-15,
         6.5011e-15, 6.5479e-15, 6.5841e-15, 6.6018e-15, 6.6143e-15, 6.6521e-15,
         6.7570e-15, 6.9728e-15, 7.3653e-15, 7.9571e-15, 8.7873e-15, 9.9061e-15,
         1.1396e-14, 1.3424e-14, 1.6302e-14, 1.9916e-14, 2.4617e-14, 3.0911e-14,
         3.9581e-14, 5.2497e-14, 7.3601e-14, 1.0934e-13, 1.7521e-13, 3.1080e-13,
         7.0770e-13, 2.3741e-12, 9.0224e-12, 1.9217e-11, 2.9750e-11, 4.0017e-11,
         4.9204e-11, 5.6226e-11, 6.0675e-11, 6.2267e-11, 6.1682e-11, 5.9539e-11,
         5.6625e-11, 5.3525e-11, 5.0707e-11, 4.8395e-11, 4.6864e-11, 4.6106e-11,
         4.6342e-11, 4.7556e-11, 4.9920e-11, 5.3561e-11, 5.8572e-11, 6.5324e-11,
         7.3401e-11, 7.3401e-11, 7.3401e-11, 7.3401e-11, 7.3401e-11, 7.3401e-11,
         7.3401e-11, 7.3401e-11]], dtype=torch.float64), 'xSO2': tensor([[1.4550e-02, 1.1047e-02, 6.6034e-03, 3.6621e-03, 1.7580e-03, 7.2523e-04,
         2.5860e-04, 7.8740e-05, 2.0718e-05, 5.2502e-06, 1.0270e-06, 2.0955e-07,
         3.7312e-08, 4.9411e-09, 8.4291e-10, 6.0730e-10, 6.8463e-10, 8.3619e-10,
         1.0362e-09, 1.2866e-09, 1.5835e-09, 1.8673e-09, 2.1712e-09, 2.5297e-09,
         2.9757e-09, 3.5477e-09, 4.3240e-09, 5.3692e-09, 6.7881e-09, 8.7307e-09,
         1.1405e-08, 1.5095e-08, 2.0422e-08, 2.7825e-08, 3.8021e-08, 5.1862e-08,
         7.0021e-08, 9.2684e-08, 1.2524e-07, 1.6887e-07, 2.2956e-07, 3.1686e-07,
         4.4442e-07, 6.1578e-07, 8.4412e-07, 1.1523e-06, 1.5745e-06, 2.1586e-06,
         2.9980e-06, 4.2246e-06, 5.9900e-06, 8.5352e-06, 1.2485e-05, 1.8265e-05,
         2.6695e-05, 3.8307e-05, 5.2647e-05, 6.8554e-05, 8.3997e-05, 9.6940e-05,
         1.0557e-04, 1.0909e-04, 1.0709e-04, 1.0081e-04, 9.1031e-05, 7.9660e-05,
         6.7863e-05, 5.6704e-05, 4.6857e-05, 3.8675e-05, 3.2188e-05, 2.7581e-05,
         2.4622e-05, 2.4622e-05, 2.4622e-05, 2.4622e-05, 2.4622e-05, 2.4622e-05,
         2.4622e-05, 2.4622e-05]], dtype=torch.float64), 'xH2SO4aer': tensor([[6.9841e-08, 7.8431e-08, 9.6782e-08, 1.1631e-07, 1.4002e-07, 1.6925e-07,
         2.1153e-07, 3.8040e-07, 1.1784e-06, 5.9765e-07, 9.1033e-09, 3.3578e-11,
         1.8483e-12, 1.7267e-13, 7.1510e-14, 7.0179e-14, 8.1118e-14, 8.9897e-14,
         8.1251e-14, 6.5505e-14, 5.1293e-14, 3.9370e-14, 2.9618e-14, 2.1811e-14,
         1.5695e-14, 1.1022e-14, 7.6673e-15, 5.2639e-15, 3.5901e-15, 2.4584e-15,
         1.7100e-15, 1.2198e-15, 9.1104e-16, 7.0116e-16, 5.5492e-16, 4.5055e-16,
         3.7457e-16, 3.1770e-16, 2.7541e-16, 2.4287e-16, 2.1829e-16, 2.0081e-16,
         1.9014e-16, 1.8676e-16, 1.9126e-16, 2.0382e-16, 2.2537e-16, 2.5679e-16,
         2.9826e-16, 3.3900e-16, 3.2985e-16, 1.6245e-16, 4.8568e-17, 1.4436e-17,
         5.8610e-18, 3.4272e-18, 2.1231e-18, 1.2428e-18, 6.4397e-19, 3.0421e-19,
         1.3317e-19, 5.4483e-20, 2.2024e-20, 8.3333e-21, 3.3977e-21, 1.3160e-21,
         5.5928e-22, 2.3543e-22, 1.0272e-22, 4.3518e-23, 1.5040e-23, 2.8604e-24,
         1.0000e-40, 1.0000e-40, 1.0000e-40, 1.0000e-40, 1.0000e-40, 1.0000e-40,
         1.0000e-40, 1.0000e-40]], dtype=torch.float64), 'xS8aer': tensor([[2.1101e-34, 4.2733e-34, 6.8032e-33, 3.2544e-27, 1.0590e-22, 1.9385e-21,
         2.7510e-21, 2.4996e-21, 8.3714e-21, 4.0343e-21, 4.9651e-23, 2.3829e-29,
         3.2214e-31, 1.6657e-33, 7.8460e-36, 8.8467e-37, 8.1966e-37, 9.7058e-37,
         1.1755e-36, 1.4288e-36, 1.7476e-36, 2.1438e-36, 2.6357e-36, 3.2479e-36,
         4.0108e-36, 4.9627e-36, 6.1846e-36, 7.7217e-36, 9.6506e-36, 1.2071e-35,
         1.5111e-35, 1.8933e-35, 2.3904e-35, 3.0227e-35, 3.8286e-35, 4.8600e-35,
         6.1867e-35, 7.8753e-35, 1.0073e-34, 1.2908e-34, 1.6471e-34, 2.0857e-34,
         2.6045e-34, 3.1368e-34, 3.3529e-34, 2.4114e-34, 5.0632e-35, 1.0000e-40,
         1.0000e-40, 1.0000e-40, 1.0000e-40, 1.0000e-40, 1.0000e-40, 1.0000e-40,
         1.0000e-40, 1.0000e-40, 1.0000e-40, 1.0000e-40, 1.0000e-40, 1.0000e-40,
         1.0000e-40, 1.0000e-40, 1.0000e-40, 1.0000e-40, 1.0000e-40, 1.0000e-40,
         1.0000e-40, 1.0000e-40, 1.0000e-40, 1.0000e-40, 1.0000e-40, 1.0000e-40,
         1.0000e-40, 1.0000e-40, 1.0000e-40, 1.0000e-40, 1.0000e-40, 1.0000e-40,
         1.0000e-40, 1.0000e-40]], dtype=torch.float64)}"
583200,222.051,0,"{'pres': tensor([[5.3000e+04, 4.2137e+04, 3.3501e+04, 2.6635e+04, 2.1176e+04, 1.6836e+04,
         1.3385e+04, 1.0642e+04, 8.4606e+03, 6.7265e+03, 5.3479e+03, 4.2518e+03,
         3.3803e+03, 2.6875e+03, 2.1367e+03, 1.6988e+03, 1.3506e+03, 1.0738e+03,
         8.5370e+02, 6.7873e+02, 5.3962e+02, 4.2902e+02, 3.4109e+02, 2.7118e+02,
         2.1560e+02, 1.7141e+02, 1.3628e+02, 1.0835e+02, 8.6141e+01, 6.8485e+01,
         5.4449e+01, 4.3289e+01, 3.4417e+01, 2.7363e+01, 2.1755e+01, 1.7296e+01,
         1.3751e+01, 1.0933e+01, 8.6918e+00, 6.9104e+00, 5.4941e+00, 4.3680e+00,
         3.4728e+00, 2.7610e+00, 2.1951e+00, 1.7452e+00, 1.3875e+00, 1.1031e+00,
         8.7703e-01, 6.9728e-01, 5.5437e-01, 4.4075e-01, 3.5041e-01, 2.7859e-01,
         2.2149e-01, 1.7610e-01, 1.4000e-01, 1.1131e-01, 8.8495e-02, 7.0358e-02,
         5.5937e-02, 4.4473e-02, 3.5358e-02, 2.8111e-02, 2.2349e-02, 1.7769e-02,
         1.4127e-02, 1.1231e-02, 8.9295e-03, 7.0993e-03, 5.6442e-03, 4.4874e-03,
         3.5677e-03, 2.8365e-03, 2.2551e-03, 1.7929e-03, 1.4254e-03, 1.1333e-03,
         9.0101e-04, 7.1634e-04]], dtype=torch.float64), 'temp': tensor([[191.4153, 185.6175, 179.5200, 172.9334, 165.8797, 158.4799, 150.9664,
         143.5617, 136.4099, 129.5751, 123.0757, 116.8955, 111.0478, 105.4493,
         100.1734, 100.0219, 100.0174, 100.0167, 100.0172, 100.0185, 100.0203,
         100.0227, 100.0257, 100.0294, 100.0340, 100.0395, 100.0461, 100.0540,
         100.0634, 100.0745, 100.0878, 100.1039, 100.1237, 100.1483, 100.1789,
         100.2172, 100.2685, 100.3657, 100.5173, 100.6547, 100.8178, 101.0272,
         101.2978, 101.6515, 102.1257, 102.7574, 103.6025, 104.7398, 106.2784,
         108.3925, 111.2202, 114.7944, 118.9721, 123.2241, 126.6849, 128.8185,
         129.9329, 130.6568, 131.3396, 131.9096, 132.3845, 132.7777, 133.1242,
         133.4154, 133.6644, 133.8709, 134.0548, 134.1911, 134.3261, 134.4127,
         134.5064, 134.5664, 134.6264, 134.6661, 134.7002, 134.7292, 134.7467,
         134.7657, 134.7794, 134.7895]], dtype=torch.float64), 'xCO2': tensor([[9.4583e-01, 8.6016e-01, 6.7757e-01, 4.9110e-01, 3.0770e-01, 1.6259e-01,
         7.7469e-02, 3.3438e-02, 1.3167e-02, 5.0237e-03, 1.6624e-03, 5.5698e-04,
         1.6971e-04, 4.4236e-05, 1.4141e-05, 1.2456e-05, 1.4758e-05, 1.8388e-05,
         2.3067e-05, 2.8944e-05, 3.6499e-05, 4.6017e-05, 5.7962e-05, 7.2944e-05,
         9.1726e-05, 1.1527e-04, 1.4564e-04, 1.8396e-04, 2.3219e-04, 2.9290e-04,
         3.6935e-04, 4.6569e-04, 5.9137e-04, 7.5122e-04, 9.5497e-04, 1.2158e-03,
         1.5529e-03, 1.9885e-03, 2.5649e-03, 3.3098e-03, 4.2755e-03, 5.5322e-03,
         7.1740e-03, 9.3718e-03, 1.2343e-02, 1.6307e-02, 2.1610e-02, 2.8704e-02,
         3.8445e-02, 5.1772e-02, 6.9549e-02, 9.2944e-02, 1.2483e-01, 1.6527e-01,
         2.1548e-01, 2.7379e-01, 3.3721e-01, 4.0257e-01, 4.6736e-01, 5.2972e-01,
         5.8810e-01, 6.4211e-01, 6.9077e-01, 7.3476e-01, 7.7321e-01, 8.0730e-01,
         8.3694e-01, 8.6286e-01, 8.8569e-01, 9.0563e-01, 9.2359e-01, 9.3947e-01,
         9.5296e-01, 9.5296e-01, 9.5296e-01, 9.5296e-01, 9.5296e-01, 9.5296e-01,
         9.5296e-01, 9.5296e-01]], dtype=torch.float64), 'xH2O': tensor([[6.8336e-07, 4.1169e-07, 1.5116e-07, 5.2628e-08, 1.5184e-08, 3.6354e-09,
         7.2615e-10, 1.1512e-10, 7.3001e-12, 5.2820e-13, 5.9974e-13, 4.6906e-13,
         3.1589e-13, 1.4425e-13, 8.4432e-14, 7.8486e-14, 6.7377e-14, 3.6453e-14,
         1.4187e-14, 9.1473e-15, 7.8085e-15, 7.2509e-15, 7.0229e-15, 6.9571e-15,
         6.9678e-15, 7.0033e-15, 7.0295e-15, 7.0353e-15, 7.0333e-15, 7.0552e-15,
         7.1444e-15, 7.3469e-15, 7.7316e-15, 8.3201e-15, 9.1531e-15, 1.0282e-14,
         1.1792e-14, 1.3854e-14, 1.6779e-14, 2.0462e-14, 2.5264e-14, 3.1720e-14,
         4.0657e-14, 5.4120e-14, 7.6300e-14, 1.1429e-13, 1.8528e-13, 3.3408e-13,
         7.9268e-13, 2.7483e-12, 1.0148e-11, 2.0885e-11, 3.1694e-11, 4.2221e-11,
         5.1598e-11, 5.8787e-11, 6.3227e-11, 6.4769e-11, 6.3985e-11, 6.1588e-11,
         5.8339e-11, 5.4888e-11, 5.1736e-11, 4.9116e-11, 4.7336e-11, 4.6381e-11,
         4.6446e-11, 4.7548e-11, 4.9803e-11, 5.3386e-11, 5.8324e-11, 6.5056e-11,
         7.2780e-11, 7.2780e-11, 7.2780e-11, 7.2780e-11, 7.2780e-11, 7.2780e-11,
         7.2780e-11, 7.2780e-11]], dtype=torch.float64), 'xSO2': tensor([[1.4580e-02, 1.1073e-02, 6.6229e-03, 3.6755e-03, 1.7657e-03, 7.2894e-04,
         2.6011e-04, 7.9264e-05, 2.0844e-05, 5.2891e-06, 1.0326e-06, 2.1141e-07,
         3.7592e-08, 4.9515e-09, 8.5144e-10, 6.0820e-10, 6.8423e-10, 8.3588e-10,
         1.0365e-09, 1.2886e-09, 1.5957e-09, 1.9102e-09, 2.2369e-09, 2.6170e-09,
         3.0874e-09, 3.6896e-09, 4.5069e-09, 5.6058e-09, 7.0960e-09, 9.1327e-09,
         1.1930e-08, 1.5778e-08, 2.1317e-08, 2.8965e-08, 3.9398e-08, 5.3273e-08,
         7.0668e-08, 9.3232e-08, 1.2608e-07, 1.7031e-07, 2.3208e-07, 3.2132e-07,
         4.5230e-07, 6.2813e-07, 8.6216e-07, 1.1778e-06, 1.6104e-06, 2.2092e-06,
         3.0730e-06, 4.3327e-06, 6.1454e-06, 8.7569e-06, 1.2829e-05, 1.8747e-05,
         2.7389e-05, 3.9143e-05, 5.3590e-05, 6.9487e-05, 8.4848e-05, 9.7747e-05,
         1.0625e-04, 1.0978e-04, 1.0769e-04, 1.0141e-04, 9.1585e-05, 8.0179e-05,
         6.8338e-05, 5.7144e-05, 4.7232e-05, 3.9028e-05, 3.2491e-05, 2.7893e-05,
         2.5024e-05, 2.5024e-05, 2.5024e-05, 2.5024e-05, 2.5024e-05, 2.5024e-05,
         2.5024e-05, 2.5024e-05]], dtype=torch.float64), 'xH2SO4aer': tensor([[6.9843e-08, 7.8435e-08, 9.6789e-08, 1.1632e-07, 1.4005e-07, 1.6936e-07,
         2.1205e-07, 3.8760e-07, 1.1924e-06, 5.7485e-07, 7.8740e-09, 3.3988e-11,
         1.8280e-12, 1.6030e-13, 6.6285e-14, 6.4794e-14, 7.4944e-14, 8.6192e-14,
         8.1780e-14, 6.7084e-14, 5.2793e-14, 4.0624e-14, 3.0600e-14, 2.2539e-14,
         1.6205e-14, 1.1356e-14, 7.8757e-15, 5.3812e-15, 3.6469e-15, 2.4778e-15,
         1.7078e-15, 1.2061e-15, 8.9253e-16, 6.8046e-16, 5.3377e-16, 4.2990e-16,
         3.5486e-16, 2.9913e-16, 2.5804e-16, 2.2677e-16, 2.0347e-16, 1.8722e-16,
         1.7765e-16, 1.7523e-16, 1.8042e-16, 1.9338e-16, 2.1503e-16, 2.4614e-16,
         2.8664e-16, 3.2424e-16, 3.0696e-16, 1.4364e-16, 4.3944e-17, 1.3842e-17,
         6.1926e-18, 3.7471e-18, 2.3622e-18, 1.3768e-18, 7.1229e-19, 3.3236e-19,
         1.4520e-19, 5.8190e-20, 2.3477e-20, 8.7036e-21, 3.5315e-21, 1.3610e-21,
         5.6799e-22, 2.3854e-22, 1.0238e-22, 4.3335e-23, 1.4574e-23, 2.6969e-24,
         1.0000e-40, 1.0000e-40, 1.0000e-40, 1.0000e-40, 1.0000e-40, 1.0000e-40,
         1.0000e-40, 1.0000e-40]], dtype=torch.float64), 'xS8aer': tensor([[2.1104e-34, 4.2743e-34, 7.4908e-33, 3.4798e-27, 1.0677e-22, 1.9411e-21,
         2.7950e-21, 2.5596e-21, 8.4730e-21, 3.8605e-21, 4.2298e-23, 2.4452e-29,
         3.2991e-31, 1.6446e-33, 8.1764e-36, 1.0415e-36, 1.0092e-36, 1.2110e-36,
         1.4789e-36, 1.8073e-36, 2.2162e-36, 2.7167e-36, 3.3289e-36, 4.0798e-36,
         5.0038e-36, 6.1450e-36, 7.6000e-36, 9.4223e-36, 1.1706e-35, 1.4575e-35,
         1.8184e-35, 2.2731e-35, 2.8662e-35, 3.6207e-35, 4.5826e-35, 5.8126e-35,
         7.3934e-35, 9.4067e-35, 1.2026e-34, 1.5398e-34, 1.9647e-34, 2.4911e-34,
         3.1200e-34, 3.7807e-34, 4.1027e-34, 3.0830e-34, 6.7568e-35, 1.0000e-40,
         1.0000e-40, 1.0000e-40, 1.0000e-40, 1.0000e-40, 1.0000e-40, 1.0000e-40,
         1.0000e-40, 1.0000e-40, 1.0000e-40, 1.0000e-40, 1.0000e-40, 1.0000e-40,
         1.0000e-40, 1.0000e-40, 1.0000e-40, 1.0000e-40, 1.0000e-40, 1.0000e-40,
         1.0000e-40, 1.0000e-40, 1.0000e-40, 1.0000e-40, 1.0000e-40, 1.0000e-40,
         1.0000e-40, 1.0000e-40, 1.0000e-40, 1.0000e-40, 1.0000e-40, 1.0000e-40,
         1.0000e-40, 1.0000e-40]], dtype=torch.float64)}"
604800,222.052,0,"{'pres': tensor([[5.3000e+04, 4.2137e+04, 3.3501e+04, 2.6635e+04, 2.1176e+04, 1.6836e+04,
         1.3385e+04, 1.0642e+04, 8.4606e+03, 6.7265e+03, 5.3479e+03, 4.2518e+03,
         3.3803e+03, 2.6875e+03, 2.1367e+03, 1.6988e+03, 1.3506e+03, 1.0738e+03,
         8.5370e+02, 6.7873e+02, 5.3962e+02, 4.2902e+02, 3.4109e+02, 2.7118e+02,
         2.1560e+02, 1.7141e+02, 1.3628e+02, 1.0835e+02, 8.6141e+01, 6.8485e+01,
         5.4449e+01, 4.3289e+01, 3.4417e+01, 2.7363e+01, 2.1755e+01, 1.7296e+01,
         1.3751e+01, 1.0933e+01, 8.6918e+00, 6.9104e+00, 5.4941e+00, 4.3680e+00,
         3.4728e+00, 2.7610e+00, 2.1951e+00, 1.7452e+00, 1.3875e+00, 1.1031e+00,
         8.7703e-01, 6.9728e-01, 5.5437e-01, 4.4075e-01, 3.5041e-01, 2.7859e-01,
         2.2149e-01, 1.7610e-01, 1.4000e-01, 1.1131e-01, 8.8495e-02, 7.0358e-02,
         5.5937e-02, 4.4473e-02, 3.5358e-02, 2.8111e-02, 2.2349e-02, 1.7769e-02,
         1.4127e-02, 1.1231e-02, 8.9295e-03, 7.0993e-03, 5.6442e-03, 4.4874e-03,
         3.5677e-03, 2.8365e-03, 2.2551e-03, 1.7929e-03, 1.4254e-03, 1.1333e-03,
         9.0101e-04, 7.1634e-04]], dtype=torch.float64), 'temp': tensor([[191.4346, 185.6393, 179.5448, 172.9614, 165.9105, 158.5124, 150.9990,
         143.5932, 136.4398, 129.6032, 123.1021, 116.9201, 111.0712, 105.4706,
         100.1936, 100.0220, 100.0175, 100.0168, 100.0173, 100.0186, 100.0204,
         100.0229, 100.0259, 100.0297, 100.0344, 100.0400, 100.0467, 100.0548,
         100.0644, 100.0757, 100.0894, 100.1059, 100.1264, 100.1518, 100.1833,
         100.2230, 100.2760, 100.3754, 100.5302, 100.6716, 100.8402, 101.0567,
         101.3372, 101.7042, 102.1967, 102.8532, 103.7320, 104.9144, 106.5139,
         108.7066, 111.6247, 115.2815, 119.5005, 123.6972, 127.0063, 128.9800,
         130.0143, 130.7239, 131.4000, 131.9587, 132.4275, 132.8154, 133.1586,
         133.4463, 133.6934, 133.8977, 134.0801, 134.2158, 134.3493, 134.4352,
         134.5284, 134.5878, 134.6474, 134.6866, 134.7205, 134.7492, 134.7665,
         134.7854, 134.7989, 134.8090]], dtype=torch.float64), 'xCO2': tensor([[9.4603e-01, 8.6072e-01, 6.7881e-01, 4.9274e-01, 3.0883e-01, 1.6323e-01,
         7.7812e-02, 3.3602e-02, 1.3229e-02, 5.0506e-03, 1.6701e-03, 5.6040e-04,
         1.7064e-04, 4.4385e-05, 1.4247e-05, 1.2479e-05, 1.4761e-05, 1.8388e-05,
         2.3066e-05, 2.8943e-05, 3.6503e-05, 4.6021e-05, 5.7966e-05, 7.2948e-05,
         9.1732e-05, 1.1527e-04, 1.4568e-04, 1.8401e-04, 2.3226e-04, 2.9302e-04,
         3.6953e-04, 4.6604e-04, 5.9194e-04, 7.5211e-04, 9.5639e-04, 1.2181e-03,
         1.5565e-03, 1.9943e-03, 2.5732e-03, 3.3215e-03, 4.2922e-03, 5.5558e-03,
         7.2070e-03, 9.4213e-03, 1.2412e-02, 1.6400e-02, 2.1733e-02, 2.8860e-02,
         3.8661e-02, 5.2023e-02, 6.9819e-02, 9.3259e-02, 1.2517e-01, 1.6555e-01,
         2.1564e-01, 2.7359e-01, 3.3658e-01, 4.0156e-01, 4.6605e-01, 5.2825e-01,
         5.8643e-01, 6.4036e-01, 6.8882e-01, 7.3264e-01, 7.7105e-01, 8.0502e-01,
         8.3468e-01, 8.6054e-01, 8.8339e-01, 9.0328e-01, 9.2122e-01, 9.3705e-01,
         9.5001e-01, 9.5001e-01, 9.5001e-01, 9.5001e-01, 9.5001e-01, 9.5001e-01,
         9.5001e-01, 9.5001e-01]], dtype=torch.float64), 'xH2O': tensor([[6.8563e-07, 4.1320e-07, 1.5186e-07, 5.2922e-08, 1.5284e-08, 3.6625e-09,
         7.3229e-10, 1.1628e-10, 7.3768e-12, 5.3273e-13, 6.0160e-13, 4.7188e-13,
         3.1986e-13, 1.4677e-13, 8.6155e-14, 8.0291e-14, 7.1365e-14, 4.7073e-14,
         1.9048e-14, 1.0564e-14, 8.6869e-15, 7.9200e-15, 7.5948e-15, 7.4802e-15,
         7.4648e-15, 7.4842e-15, 7.4969e-15, 7.4880e-15, 7.4690e-15, 7.4726e-15,
         7.5442e-15, 7.7322e-15, 8.1071e-15, 8.6914e-15, 9.5269e-15, 1.0667e-14,
         1.2198e-14, 1.4294e-14, 1.7267e-14, 2.1018e-14, 2.5924e-14, 3.2545e-14,
         4.1757e-14, 5.5793e-14, 7.9102e-14, 1.1948e-13, 1.9598e-13, 3.5924e-13,
         8.8915e-13, 3.1727e-12, 1.1251e-11, 2.2508e-11, 3.3666e-11, 4.4480e-11,
         5.4042e-11, 6.1394e-11, 6.5817e-11, 6.7306e-11, 6.6315e-11, 6.3661e-11,
         6.0075e-11, 5.6277e-11, 5.2794e-11, 4.9883e-11, 4.7843e-11, 4.6694e-11,
         4.6587e-11, 4.7575e-11, 4.9721e-11, 5.3244e-11, 5.8130e-11, 6.4823e-11,
         7.2214e-11, 7.2214e-11, 7.2214e-11, 7.2214e-11, 7.2214e-11, 7.2214e-11,
         7.2214e-11, 7.2214e-11]], dtype=torch.float64), 'xSO2': tensor([[1.4610e-02, 1.1099e-02, 6.6425e-03, 3.6889e-03, 1.7735e-03, 7.3266e-04,
         2.6162e-04, 7.9792e-05, 2.0970e-05, 5.3284e-06, 1.0383e-06, 2.1331e-07,
         3.7879e-08, 4.9621e-09, 8.6025e-10, 6.0916e-10, 6.8382e-10, 8.3549e-10,
         1.0365e-09, 1.2898e-09, 1.6052e-09, 1.9485e-09, 2.2999e-09, 2.7034e-09,
         3.1996e-09, 3.8330e-09, 4.6927e-09, 5.8464e-09, 7.4089e-09, 9.5402e-09,
         1.2460e-08, 1.6468e-08, 2.2205e-08, 3.0065e-08, 4.0650e-08, 5.4413e-08,
         7.1187e-08, 9.3753e-08, 1.2693e-07, 1.7177e-07, 2.3463e-07, 3.2585e-07,
         4.6031e-07, 6.4032e-07, 8.7990e-07, 1.2031e-06, 1.6462e-06, 2.2596e-06,
         3.1481e-06, 4.4410e-06, 6.3005e-06, 8.9856e-06, 1.3170e-05, 1.9222e-05,
         2.8063e-05, 3.9943e-05, 5.4474e-05, 7.0347e-05, 8.5617e-05, 9.8461e-05,
         1.0684e-04, 1.1038e-04, 1.0821e-04, 1.0188e-04, 9.2073e-05, 8.0641e-05,
         6.8769e-05, 5.7547e-05, 4.7580e-05, 3.9358e-05, 3.2799e-05, 2.8192e-05,
         2.5413e-05, 2.5413e-05, 2.5413e-05, 2.5413e-05, 2.5413e-05, 2.5413e-05,
         2.5413e-05, 2.5413e-05]], dtype=torch.float64), 'xH2SO4aer': tensor([[6.9845e-08, 7.8438e-08, 9.6796e-08, 1.1634e-07, 1.4009e-07, 1.6947e-07,
         2.1258e-07, 3.9489e-07, 1.2051e-06, 5.5285e-07, 6.8019e-09, 3.4418e-11,
         1.8069e-12, 1.4527e-13, 5.9771e-14, 5.8161e-14, 6.7240e-14, 7.9012e-14,
         8.0791e-14, 6.8308e-14, 5.4111e-14, 4.1767e-14, 3.1508e-14, 2.3216e-14,
         1.6678e-14, 1.1664e-14, 8.0660e-15, 5.4858e-15, 3.6952e-15, 2.4918e-15,
         1.7023e-15, 1.1912e-15, 8.7350e-16, 6.5998e-16, 5.1335e-16, 4.1027e-16,
         3.3632e-16, 2.8177e-16, 2.4187e-16, 2.1182e-16, 1.8969e-16, 1.7454e-16,
         1.6594e-16, 1.6432e-16, 1.7003e-16, 1.8324e-16, 2.0479e-16, 2.3538e-16,
         2.7464e-16, 3.0871e-16, 2.8300e-16, 1.2793e-16, 4.0431e-17, 1.3523e-17,
         6.5940e-18, 4.1063e-18, 2.6220e-18, 1.5205e-18, 7.8526e-19, 3.6193e-19,
         1.5790e-19, 6.1989e-20, 2.5000e-20, 9.2191e-21, 3.6721e-21, 1.4100e-21,
         5.7794e-22, 2.4247e-22, 1.0238e-22, 4.3365e-23, 1.4393e-23, 2.5730e-24,
         1.0000e-40, 1.0000e-40, 1.0000e-40, 1.0000e-40, 1.0000e-40, 1.0000e-40,
         1.0000e-40, 1.0000e-40]], dtype=torch.float64), 'xS8aer': tensor([[2.1106e-34, 4.2754e-34, 8.2475e-33, 3.7125e-27, 1.0764e-22, 1.9438e-21,
         2.8386e-21, 2.6205e-21, 8.5644e-21, 3.6940e-21, 3.5951e-23, 2.5116e-29,
         3.3790e-31, 1.6200e-33, 8.5495e-36, 1.2235e-36, 1.2148e-36, 1.4522e-36,
         1.7609e-36, 2.1369e-36, 2.6054e-36, 3.1813e-36, 3.8895e-36, 4.7619e-36,
         5.8380e-36, 7.1674e-36, 8.8612e-36, 1.0978e-35, 1.3627e-35, 1.6952e-35,
         2.1135e-35, 2.6409e-35, 3.3287e-35, 4.2035e-35, 5.3184e-35, 6.7438e-35,
         8.5763e-35, 1.0915e-34, 1.3961e-34, 1.7881e-34, 2.2833e-34, 2.8993e-34,
         3.6402e-34, 4.4307e-34, 4.8544e-34, 3.7345e-34, 8.2473e-35, 1.0000e-40,
         1.0000e-40, 1.0000e-40, 1.0000e-40, 1.0000e-40, 1.0000e-40, 1.0000e-40,
         1.0000e-40, 1.0000e-40, 1.0000e-40, 1.0000e-40, 1.0000e-40, 1.0000e-40,
         1.0000e-40, 1.0000e-40, 1.0000e-40, 1.0000e-40, 1.0000e-40, 1.0000e-40,
         1.0000e-40, 1.0000e-40, 1.0000e-40, 1.0000e-40, 1.0000e-40, 1.0000e-40,
         1.0000e-40, 1.0000e-40, 1.0000e-40, 1.0000e-40, 1.0000e-40, 1.0000e-40,
         1.0000e-40, 1.0000e-40]], dtype=torch.float64)}"
626400,222.053,0,"{'pres': tensor([[5.3000e+04, 4.2137e+04, 3.3501e+04, 2.6635e+04, 2.1176e+04, 1.6836e+04,
         1.3385e+04, 1.0642e+04, 8.4606e+03, 6.7265e+03, 5.3479e+03, 4.2518e+03,
         3.3803e+03, 2.6875e+03, 2.1367e+03, 1.6988e+03, 1.3506e+03, 1.0738e+03,
         8.5370e+02, 6.7873e+02, 5.3962e+02, 4.2902e+02, 3.4109e+02, 2.7118e+02,
         2.1560e+02, 1.7141e+02, 1.3628e+02, 1.0835e+02, 8.6141e+01, 6.8485e+01,
         5.4449e+01, 4.3289e+01, 3.4417e+01, 2.7363e+01, 2.1755e+01, 1.7296e+01,
         1.3751e+01, 1.0933e+01, 8.6918e+00, 6.9104e+00, 5.4941e+00, 4.3680e+00,
         3.4728e+00, 2.7610e+00, 2.1951e+00, 1.7452e+00, 1.3875e+00, 1.1031e+00,
         8.7703e-01, 6.9728e-01, 5.5437e-01, 4.4075e-01, 3.5041e-01, 2.7859e-01,
         2.2149e-01, 1.7610e-01, 1.4000e-01, 1.1131e-01, 8.8495e-02, 7.0358e-02,
         5.5937e-02, 4.4473e-02, 3.5358e-02, 2.8111e-02, 2.2349e-02, 1.7769e-02,
         1.4127e-02, 1.1231e-02, 8.9295e-03, 7.0993e-03, 5.6442e-03, 4.4874e-03,
         3.5677e-03, 2.8365e-03, 2.2551e-03, 1.7929e-03, 1.4254e-03, 1.1333e-03,
         9.0101e-04, 7.1634e-04]], dtype=torch.float64), 'temp': tensor([[191.4538, 185.6610, 179.5694, 172.9894, 165.9413, 158.5448, 151.0316,
         143.6248, 136.4698, 129.6315, 123.1286, 116.9449, 111.0948, 105.4922,
         100.2142, 100.0222, 100.0176, 100.0169, 100.0174, 100.0187, 100.0206,
         100.0231, 100.0262, 100.0300, 100.0347, 100.0405, 100.0474, 100.0556,
         100.0654, 100.0770, 100.0910, 100.1080, 100.1291, 100.1552, 100.1878,
         100.2288, 100.2836, 100.3853, 100.5431, 100.6886, 100.8626, 101.0865,
         101.3769, 101.7574, 102.2684, 102.9500, 103.8626, 105.0904, 106.7510,
         109.0217, 112.0275, 115.7612, 120.0111, 124.1411, 127.2965, 129.1215,
         130.0887, 130.7882, 131.4572, 132.0050, 132.4682, 132.8510, 133.1911,
         133.4755, 133.7208, 133.9230, 134.1040, 134.2391, 134.3712, 134.4564,
         134.5492, 134.6079, 134.6672, 134.7059, 134.7396, 134.7681, 134.7852,
         134.8040, 134.8173, 134.8273]], dtype=torch.float64), 'xCO2': tensor([[9.4623e-01, 8.6128e-01, 6.8002e-01, 4.9432e-01, 3.0994e-01, 1.6388e-01,
         7.8157e-02, 3.3768e-02, 1.3292e-02, 5.0777e-03, 1.6778e-03, 5.6387e-04,
         1.7159e-04, 4.4538e-05, 1.4356e-05, 1.2502e-05, 1.4765e-05, 1.8388e-05,
         2.3065e-05, 2.8941e-05, 3.6506e-05, 4.6025e-05, 5.7970e-05, 7.2953e-05,
         9.1737e-05, 1.1528e-04, 1.4572e-04, 1.8406e-04, 2.3234e-04, 2.9313e-04,
         3.6970e-04, 4.6641e-04, 5.9250e-04, 7.5300e-04, 9.5782e-04, 1.2204e-03,
         1.5602e-03, 2.0001e-03, 2.5816e-03, 3.3335e-03, 4.3090e-03, 5.5795e-03,
         7.2402e-03, 9.4709e-03, 1.2480e-02, 1.6492e-02, 2.1854e-02, 2.9012e-02,
         3.8871e-02, 5.2266e-02, 7.0079e-02, 9.3619e-02, 1.2550e-01, 1.6580e-01,
         2.1577e-01, 2.7336e-01, 3.3593e-01, 4.0053e-01, 4.6472e-01, 5.2675e-01,
         5.8472e-01, 6.3855e-01, 6.8685e-01, 7.3050e-01, 7.6887e-01, 8.0273e-01,
         8.3240e-01, 8.5819e-01, 8.8107e-01, 9.0090e-01, 9.1878e-01, 9.3460e-01,
         9.4704e-01, 9.4704e-01, 9.4704e-01, 9.4704e-01, 9.4704e-01, 9.4704e-01,
         9.4704e-01, 9.4704e-01]], dtype=torch.float64), 'xH2O': tensor([[6.8790e-07, 4.1470e-07, 1.5256e-07, 5.3216e-08, 1.5384e-08, 3.6898e-09,
         7.3847e-10, 1.1745e-10, 7.4493e-12, 5.3725e-13, 6.0341e-13, 4.7461e-13,
         3.2373e-13, 1.4922e-13, 8.7832e-14, 8.2007e-14, 7.3810e-14, 5.5978e-14,
         2.4864e-14, 1.2407e-14, 9.7381e-15, 8.6819e-15, 8.2258e-15, 8.0457e-15,
         7.9946e-15, 7.9919e-15, 7.9870e-15, 7.9600e-15, 7.9212e-15, 7.9042e-15,
         7.9562e-15, 8.1281e-15, 8.4918e-15, 9.0713e-15, 9.9095e-15, 1.1061e-14,
         1.2613e-14, 1.4744e-14, 1.7765e-14, 2.1586e-14, 2.6597e-14, 3.3387e-14,
         4.2883e-14, 5.7516e-14, 8.2011e-14, 1.2492e-13, 2.0734e-13, 3.8645e-13,
         9.9875e-13, 3.6564e-12, 1.2385e-11, 2.4109e-11, 3.5655e-11, 4.6788e-11,
         5.6538e-11, 6.4045e-11, 6.8446e-11, 6.9876e-11, 6.8671e-11, 6.5758e-11,
         6.1835e-11, 5.7692e-11, 5.3881e-11, 5.0682e-11, 4.8385e-11, 4.7042e-11,
         4.6763e-11, 4.7637e-11, 4.9672e-11, 5.3136e-11, 5.7987e-11, 6.4629e-11,
         7.1705e-11, 7.1705e-11, 7.1705e-11, 7.1705e-11, 7.1705e-11, 7.1705e-11,
         7.1705e-11, 7.1705e-11]], dtype=torch.float64), 'xSO2': tensor([[1.4640e-02, 1.1124e-02, 6.6620e-03, 3.7023e-03, 1.7813e-03, 7.3640e-04,
         2.6314e-04, 8.0323e-05, 2.1097e-05, 5.3681e-06, 1.0440e-06, 2.1525e-07,
         3.8170e-08, 4.9729e-09, 8.6932e-10, 6.1018e-10, 6.8340e-10, 8.3503e-10,
         1.0365e-09, 1.2907e-09, 1.6135e-09, 1.9827e-09, 2.3601e-09, 2.7884e-09,
         3.3116e-09, 3.9775e-09, 4.8806e-09, 6.0901e-09, 7.7254e-09, 9.9514e-09,
         1.2992e-08, 1.7157e-08, 2.3075e-08, 3.1106e-08, 4.1730e-08, 5.5015e-08,
         7.1536e-08, 9.4265e-08, 1.2778e-07, 1.7324e-07, 2.3721e-07, 3.3046e-07,
         4.6843e-07, 6.5239e-07, 8.9742e-07, 1.2282e-06, 1.6818e-06, 2.3100e-06,
         3.2233e-06, 4.5493e-06, 6.4551e-06, 9.2234e-06, 1.3508e-05, 1.9689e-05,
         2.8717e-05, 4.0706e-05, 5.5302e-05, 7.1136e-05, 8.6307e-05, 9.9091e-05,
         1.0735e-04, 1.1088e-04, 1.0864e-04, 1.0228e-04, 9.2499e-05, 8.1050e-05,
         6.9156e-05, 5.7915e-05, 4.7900e-05, 3.9666e-05, 3.3106e-05, 2.8476e-05,
         2.5789e-05, 2.5789e-05, 2.5789e-05, 2.5789e-05, 2.5789e-05, 2.5789e-05,
         2.5789e-05, 2.5789e-05]], dtype=torch.float64), 'xH2SO4aer': tensor([[6.9847e-08, 7.8441e-08, 9.6802e-08, 1.1635e-07, 1.4013e-07, 1.6959e-07,
         2.1312e-07, 4.0226e-07, 1.2168e-06, 5.3165e-07, 5.8665e-09, 3.4857e-11,
         1.7836e-12, 1.3136e-13, 5.4075e-14, 5.2471e-14, 6.0684e-14, 7.1871e-14,
         7.8645e-14, 6.9053e-14, 5.5198e-14, 4.2774e-14, 3.2329e-14, 2.3833e-14,
         1.7110e-14, 1.1943e-14, 8.2362e-15, 5.5767e-15, 3.7345e-15, 2.5002e-15,
         1.6938e-15, 1.1750e-15, 8.5410e-16, 6.3985e-16, 4.9372e-16, 3.9171e-16,
         3.1896e-16, 2.6566e-16, 2.2696e-16, 1.9810e-16, 1.7713e-16, 1.6304e-16,
         1.5537e-16, 1.5453e-16, 1.6077e-16, 1.7428e-16, 1.9587e-16, 2.2614e-16,
         2.6444e-16, 2.9529e-16, 2.6132e-16, 1.1551e-16, 3.7771e-17, 1.3427e-17,
         7.0626e-18, 4.5053e-18, 2.9028e-18, 1.6738e-18, 8.6287e-19, 3.9284e-19,
         1.7127e-19, 6.5995e-20, 2.6586e-20, 9.7642e-21, 3.8186e-21, 1.4627e-21,
         5.8889e-22, 2.4711e-22, 1.0267e-22, 4.3586e-23, 1.4452e-23, 2.4819e-24,
         1.0000e-40, 1.0000e-40, 1.0000e-40, 1.0000e-40, 1.0000e-40, 1.0000e-40,
         1.0000e-40, 1.0000e-40]], dtype=torch.float64), 'xS8aer': tensor([[2.1109e-34, 4.2764e-34, 9.0777e-33, 3.9525e-27, 1.0851e-22, 1.9465e-21,
         2.8818e-21, 2.6822e-21, 8.6458e-21, 3.5344e-21, 3.0472e-23, 2.5814e-29,
         3.4611e-31, 1.5916e-33, 8.9214e-36, 1.3883e-36, 1.4000e-36, 1.6750e-36,
         2.0313e-36, 2.4652e-36, 3.0046e-36, 3.6645e-36, 4.4733e-36, 5.4678e-36,
         6.6945e-36, 8.2116e-36, 1.0149e-35, 1.2571e-35, 1.5602e-35, 1.9403e-35,
         2.4178e-35, 3.0197e-35, 3.8035e-35, 4.8004e-35, 6.0714e-35, 7.6977e-35,
         9.7907e-35, 1.2468e-34, 1.5957e-34, 2.0447e-34, 2.6132e-34, 3.3228e-34,
         4.1805e-34, 5.1055e-34, 5.6297e-34, 4.3835e-34, 9.5832e-35, 1.0000e-40,
         1.0000e-40, 1.0000e-40, 1.0000e-40, 1.0000e-40, 1.0000e-40, 1.0000e-40,
         1.0000e-40, 1.0000e-40, 1.0000e-40, 1.0000e-40, 1.0000e-40, 1.0000e-40,
         1.0000e-40, 1.0000e-40, 1.0000e-40, 1.0000e-40, 1.0000e-40, 1.0000e-40,
         1.0000e-40, 1.0000e-40, 1.0000e-40, 1.0000e-40, 1.0000e-40, 1.0000e-40,
         1.0000e-40, 1.0000e-40, 1.0000e-40, 1.0000e-40, 1.0000e-40, 1.0000e-40,
         1.0000e-40, 1.0000e-40]], dtype=torch.float64)}"
648000,222.055,0,"{'pres': tensor([[5.3000e+04, 4.2137e+04, 3.3501e+04, 2.6635e+04, 2.1176e+04, 1.6836e+04,
         1.3385e+04, 1.0642e+04, 8.4606e+03, 6.7265e+03, 5.3479e+03, 4.2518e+03,
         3.3803e+03, 2.6875e+03, 2.1367e+03, 1.6988e+03, 1.3506e+03, 1.0738e+03,
         8.5370e+02, 6.7873e+02, 5.3962e+02, 4.2902e+02, 3.4109e+02, 2.7118e+02,
         2.1560e+02, 1.7141e+02, 1.3628e+02, 1.0835e+02, 8.6141e+01, 6.8485e+01,
         5.4449e+01, 4.3289e+01, 3.4417e+01, 2.7363e+01, 2.1755e+01, 1.7296e+01,
         1.3751e+01, 1.0933e+01, 8.6918e+00, 6.9104e+00, 5.4941e+00, 4.3680e+00,
         3.4728e+00, 2.7610e+00, 2.1951e+00, 1.7452e+00, 1.3875e+00, 1.1031e+00,
         8.7703e-01, 6.9728e-01, 5.5437e-01, 4.4075e-01, 3.5041e-01, 2.7859e-01,
         2.2149e-01, 1.7610e-01, 1.4000e-01, 1.1131e-01, 8.8495e-02, 7.0358e-02,
         5.5937e-02, 4.4473e-02, 3.5358e-02, 2.8111e-02, 2.2349e-02, 1.7769e-02,
         1.4127e-02, 1.1231e-02, 8.9295e-03, 7.0993e-03, 5.6442e-03, 4.4874e-03,
         3.5677e-03, 2.8365e-03, 2.2551e-03, 1.7929e-03, 1.4254e-03, 1.1333e-03,
         9.0101e-04, 7.1634e-04]], dtype=torch.float64), 'temp': tensor([[191.4729, 185.6826, 179.5940, 173.0173, 165.9721, 158.5772, 151.0642,
         143.6564, 136.4999, 129.6599, 123.1554, 116.9700, 111.1187, 105.5142,
         100.2351, 100.0223, 100.0176, 100.0169, 100.0175, 100.0188, 100.0207,
         100.0232, 100.0264, 100.0304, 100.0351, 100.0409, 100.0480, 100.0564,
         100.0664, 100.0783, 100.0926, 100.1101, 100.1318, 100.1587, 100.1923,
         100.2346, 100.2911, 100.3952, 100.5560, 100.7057, 100.8852, 101.1165,
         101.4169, 101.8111, 102.3407, 103.0476, 103.9944, 105.2677, 106.9896,
         109.3374, 112.4284, 116.2332, 120.5035, 124.5567, 127.5583, 129.2461,
         130.1575, 130.8499, 131.5114, 132.0486, 132.5068, 132.8848, 133.2219,
         133.5032, 133.7467, 133.9471, 134.1266, 134.2610, 134.3919, 134.4765,
         134.5688, 134.6270, 134.6859, 134.7242, 134.7576, 134.7859, 134.8028,
         134.8215, 134.8347, 134.8446]], dtype=torch.float64), 'xCO2': tensor([[9.4642e-01, 8.6182e-01, 6.8122e-01, 4.9586e-01, 3.1105e-01, 1.6454e-01,
         7.8504e-02, 3.3934e-02, 1.3355e-02, 5.1051e-03, 1.6857e-03, 5.6739e-04,
         1.7255e-04, 4.4694e-05, 1.4466e-05, 1.2526e-05, 1.4769e-05, 1.8388e-05,
         2.3064e-05, 2.8939e-05, 3.6510e-05, 4.6029e-05, 5.7974e-05, 7.2957e-05,
         9.1743e-05, 1.1529e-04, 1.4575e-04, 1.8411e-04, 2.3242e-04, 2.9324e-04,
         3.6988e-04, 4.6677e-04, 5.9307e-04, 7.5390e-04, 9.5926e-04, 1.2227e-03,
         1.5638e-03, 2.0060e-03, 2.5901e-03, 3.3456e-03, 4.3261e-03, 5.6034e-03,
         7.2735e-03, 9.5205e-03, 1.2548e-02, 1.6583e-02, 2.1973e-02, 2.9161e-02,
         3.9076e-02, 5.2502e-02, 7.0329e-02, 9.3968e-02, 1.2581e-01, 1.6604e-01,
         2.1587e-01, 2.7309e-01, 3.3525e-01, 3.9947e-01, 4.6337e-01, 5.2521e-01,
         5.8298e-01, 6.3660e-01, 6.8484e-01, 7.2833e-01, 7.6668e-01, 8.0043e-01,
         8.3010e-01, 8.5583e-01, 8.7872e-01, 8.9849e-01, 9.1631e-01, 9.3210e-01,
         9.4404e-01, 9.4404e-01, 9.4404e-01, 9.4404e-01, 9.4404e-01, 9.4404e-01,
         9.4404e-01, 9.4404e-01]], dtype=torch.float64), 'xH2O': tensor([[6.9016e-07, 4.1620e-07, 1.5327e-07, 5.3512e-08, 1.5485e-08, 3.7172e-09,
         7.4471e-10, 1.1863e-10, 7.5188e-12, 5.4179e-13, 6.0516e-13, 4.7725e-13,
         3.2751e-13, 1.5162e-13, 8.9466e-14, 8.3664e-14, 7.5794e-14, 6.2113e-14,
         3.2189e-14, 1.4879e-14, 1.1017e-14, 9.5584e-15, 8.9265e-15, 8.6591e-15,
         8.5604e-15, 8.5281e-15, 8.5007e-15, 8.4517e-15, 8.3899e-15, 8.3497e-15,
         8.3800e-15, 8.5342e-15, 8.8859e-15, 9.4601e-15, 1.0301e-14, 1.1466e-14,
         1.3038e-14, 1.5203e-14, 1.8272e-14, 2.2164e-14, 2.7281e-14, 3.4245e-14,
         4.4034e-14, 5.9292e-14, 8.5032e-14, 1.3062e-13, 2.1941e-13, 4.1589e-13,
         1.1233e-12, 4.2086e-12, 1.3572e-11, 2.5717e-11, 3.7660e-11, 4.9138e-11,
         5.9080e-11, 6.6741e-11, 7.1112e-11, 7.2480e-11, 7.1052e-11, 6.7880e-11,
         6.3618e-11, 5.9137e-11, 5.4996e-11, 5.1513e-11, 4.8961e-11, 4.7426e-11,
         4.6974e-11, 4.7734e-11, 4.9658e-11, 5.3063e-11, 5.7880e-11, 6.4475e-11,
         7.1253e-11, 7.1253e-11, 7.1253e-11, 7.1253e-11, 7.1253e-11, 7.1253e-11,
         7.1253e-11, 7.1253e-11]], dtype=torch.float64), 'xSO2': tensor([[1.4670e-02, 1.1150e-02, 6.6815e-03, 3.7158e-03, 1.7891e-03, 7.4015e-04,
         2.6466e-04, 8.0858e-05, 2.1225e-05, 5.4082e-06, 1.0498e-06, 2.1721e-07,
         3.8465e-08, 4.9836e-09, 8.7863e-10, 6.1127e-10, 6.8298e-10, 8.3454e-10,
         1.0363e-09, 1.2912e-09, 1.6173e-09, 2.0032e-09, 2.4155e-09, 2.8714e-09,
         3.4230e-09, 4.1225e-09, 5.0698e-09, 6.3357e-09, 8.0443e-09, 1.0364e-08,
         1.3524e-08, 1.7839e-08, 2.3916e-08, 3.2063e-08, 4.2601e-08, 5.5455e-08,
         7.1846e-08, 9.4770e-08, 1.2863e-07, 1.7472e-07, 2.3982e-07, 3.3513e-07,
         4.7664e-07, 6.6436e-07, 9.1477e-07, 1.2530e-06, 1.7172e-06, 2.3603e-06,
         3.2986e-06, 4.6575e-06, 6.6091e-06, 9.4602e-06, 1.3842e-05, 2.0148e-05,
         2.9351e-05, 4.1433e-05, 5.6076e-05, 7.1860e-05, 8.6925e-05, 9.9642e-05,
         1.0778e-04, 1.1121e-04, 1.0901e-04, 1.0262e-04, 9.2865e-05, 8.1406e-05,
         6.9500e-05, 5.8246e-05, 4.8191e-05, 3.9951e-05, 3.3394e-05, 2.8744e-05,
         2.6151e-05, 2.6151e-05, 2.6151e-05, 2.6151e-05, 2.6151e-05, 2.6151e-05,
         2.6151e-05, 2.6151e-05]], dtype=torch.float64), 'xH2SO4aer': tensor([[6.9848e-08, 7.8445e-08, 9.6809e-08, 1.1637e-07, 1.4017e-07, 1.6970e-07,
         2.1366e-07, 4.0971e-07, 1.2273e-06, 5.1122e-07, 5.0504e-09, 3.5312e-11,
         1.7694e-12, 1.2003e-13, 4.9300e-14, 4.7640e-14, 5.5052e-14, 6.5363e-14,
         7.4760e-14, 6.9137e-14, 5.5992e-14, 4.3618e-14, 3.3046e-14, 2.4381e-14,
         1.7495e-14, 1.2190e-14, 8.3846e-15, 5.6531e-15, 3.7646e-15, 2.5031e-15,
         1.6823e-15, 1.1575e-15, 8.3449e-16, 6.2016e-16, 4.7494e-16, 3.7419e-16,
         3.0275e-16, 2.5075e-16, 2.1326e-16, 1.8561e-16, 1.6577e-16, 1.5274e-16,
         1.4600e-16, 1.4599e-16, 1.5285e-16, 1.6681e-16, 1.8867e-16, 2.1897e-16,
         2.5678e-16, 2.8495e-16, 2.4295e-16, 1.0544e-16, 3.5790e-17, 1.3515e-17,
         7.5966e-18, 4.9446e-18, 3.2048e-18, 1.8365e-18, 9.4510e-19, 4.2500e-19,
         1.8528e-19, 7.1202e-20, 2.8230e-20, 1.0338e-20, 3.9699e-21, 1.5189e-21,
         6.0060e-22, 2.5240e-22, 1.0319e-22, 4.3971e-23, 1.4595e-23, 2.4179e-24,
         1.0000e-40, 1.0000e-40, 1.0000e-40, 1.0000e-40, 1.0000e-40, 1.0000e-40,
         1.0000e-40, 1.0000e-40]], dtype=torch.float64), 'xS8aer': tensor([[2.1112e-34, 4.2774e-34, 9.9855e-33, 4.1999e-27, 1.0938e-22, 1.9493e-21,
         2.9245e-21, 2.7445e-21, 8.7179e-21, 3.3816e-21, 2.5742e-23, 2.6539e-29,
         3.5455e-31, 1.5590e-33, 9.3059e-36, 1.5582e-36, 1.5906e-36, 1.9024e-36,
         2.3045e-36, 2.7943e-36, 3.4044e-36, 4.1510e-36, 5.0661e-36, 6.1912e-36,
         7.5782e-36, 9.2929e-36, 1.1483e-35, 1.4217e-35, 1.7638e-35, 2.1926e-35,
         2.7312e-35, 3.4106e-35, 4.2946e-35, 5.4189e-35, 6.8527e-35, 8.6884e-35,
         1.1053e-34, 1.4083e-34, 1.8035e-34, 2.3121e-34, 2.9572e-34, 3.7645e-34,
         4.7444e-34, 5.8090e-34, 6.4314e-34, 5.0276e-34, 1.0754e-34, 1.0000e-40,
         1.0000e-40, 1.0000e-40, 1.0000e-40, 1.0000e-40, 1.0000e-40, 1.0000e-40,
         1.0000e-40, 1.0000e-40, 1.0000e-40, 1.0000e-40, 1.0000e-40, 1.0000e-40,
         1.0000e-40, 1.0000e-40, 1.0000e-40, 1.0000e-40, 1.0000e-40, 1.0000e-40,
         1.0000e-40, 1.0000e-40, 1.0000e-40, 1.0000e-40, 1.0000e-40, 1.0000e-40,
         1.0000e-40, 1.0000e-40, 1.0000e-40, 1.0000e-40, 1.0000e-40, 1.0000e-40,
         1.0000e-40, 1.0000e-40]], dtype=torch.float64)}"
669600,222.057,0,"{'pres': tensor([[5.3000e+04, 4.2137e+04, 3.3501e+04, 2.6635e+04, 2.1176e+04, 1.6836e+04,
         1.3385e+04, 1.0642e+04, 8.4606e+03, 6.7265e+03, 5.3479e+03, 4.2518e+03,
         3.3803e+03, 2.6875e+03, 2.1367e+03, 1.6988e+03, 1.3506e+03, 1.0738e+03,
         8.5370e+02, 6.7873e+02, 5.3962e+02, 4.2902e+02, 3.4109e+02, 2.7118e+02,
         2.1560e+02, 1.7141e+02, 1.3628e+02, 1.0835e+02, 8.6141e+01, 6.8485e+01,
         5.4449e+01, 4.3289e+01, 3.4417e+01, 2.7363e+01, 2.1755e+01, 1.7296e+01,
         1.3751e+01, 1.0933e+01, 8.6918e+00, 6.9104e+00, 5.4941e+00, 4.3680e+00,
         3.4728e+00, 2.7610e+00, 2.1951e+00, 1.7452e+00, 1.3875e+00, 1.1031e+00,
         8.7703e-01, 6.9728e-01, 5.5437e-01, 4.4075e-01, 3.5041e-01, 2.7859e-01,
         2.2149e-01, 1.7610e-01, 1.4000e-01, 1.1131e-01, 8.8495e-02, 7.0358e-02,
         5.5937e-02, 4.4473e-02, 3.5358e-02, 2.8111e-02, 2.2349e-02, 1.7769e-02,
         1.4127e-02, 1.1231e-02, 8.9295e-03, 7.0993e-03, 5.6442e-03, 4.4874e-03,
         3.5677e-03, 2.8365e-03, 2.2551e-03, 1.7929e-03, 1.4254e-03, 1.1333e-03,
         9.0101e-04, 7.1634e-04]], dtype=torch.float64), 'temp': tensor([[191.4920, 185.7042, 179.6186, 173.0451, 166.0028, 158.6096, 151.0968,
         143.6881, 136.5301, 129.6884, 123.1823, 116.9953, 111.1427, 105.5365,
         100.2562, 100.0224, 100.0177, 100.0170, 100.0176, 100.0190, 100.0209,
         100.0234, 100.0267, 100.0307, 100.0355, 100.0414, 100.0486, 100.0572,
         100.0674, 100.0796, 100.0943, 100.1122, 100.1345, 100.1622, 100.1968,
         100.2405, 100.2988, 100.4051, 100.5691, 100.7229, 100.9080, 101.1468,
         101.4572, 101.8652, 102.4137, 103.1460, 104.1272, 105.4463, 107.2295,
         109.6535, 112.8268, 116.6972, 120.9777, 124.9451, 127.7941, 129.3564,
         130.2220, 130.9093, 131.5626, 132.0900, 132.5435, 132.9168, 133.2512,
         133.5295, 133.7714, 133.9698, 134.1481, 134.2817, 134.4114, 134.4956,
         134.5874, 134.6450, 134.7036, 134.7414, 134.7746, 134.8027, 134.8194,
         134.8380, 134.8510, 134.8609]], dtype=torch.float64), 'xCO2': tensor([[9.4661e-01, 8.6236e-01, 6.8241e-01, 4.9736e-01, 3.1215e-01, 1.6519e-01,
         7.8851e-02, 3.4102e-02, 1.3418e-02, 5.1327e-03, 1.6936e-03, 5.7095e-04,
         1.7352e-04, 4.4853e-05, 1.4579e-05, 1.2550e-05, 1.4772e-05, 1.8388e-05,
         2.3063e-05, 2.8937e-05, 3.6513e-05, 4.6032e-05, 5.7978e-05, 7.2962e-05,
         9.1748e-05, 1.1532e-04, 1.4579e-04, 1.8417e-04, 2.3249e-04, 2.9336e-04,
         3.7005e-04, 4.6714e-04, 5.9365e-04, 7.5480e-04, 9.6070e-04, 1.2251e-03,
         1.5675e-03, 2.0120e-03, 2.5987e-03, 3.3578e-03, 4.3432e-03, 5.6275e-03,
         7.3069e-03, 9.5701e-03, 1.2615e-02, 1.6674e-02, 2.2090e-02, 2.9306e-02,
         3.9275e-02, 5.2730e-02, 7.0570e-02, 9.4306e-02, 1.2611e-01, 1.6627e-01,
         2.1595e-01, 2.7278e-01, 3.3455e-01, 3.9839e-01, 4.6199e-01, 5.2363e-01,
         5.8120e-01, 6.3463e-01, 6.8280e-01, 7.2613e-01, 7.6446e-01, 7.9811e-01,
         8.2778e-01, 8.5344e-01, 8.7629e-01, 8.9605e-01, 9.1381e-01, 9.2957e-01,
         9.4102e-01, 9.4102e-01, 9.4102e-01, 9.4102e-01, 9.4102e-01, 9.4102e-01,
         9.4102e-01, 9.4102e-01]], dtype=torch.float64), 'xH2O': tensor([[6.9242e-07, 4.1770e-07, 1.5397e-07, 5.3809e-08, 1.5586e-08, 3.7448e-09,
         7.5099e-10, 1.1982e-10, 7.5860e-12, 5.4638e-13, 6.0687e-13, 4.7981e-13,
         3.3119e-13, 1.5396e-13, 9.1059e-14, 8.5270e-14, 7.7615e-14, 6.6241e-14,
         4.1831e-14, 1.8277e-14, 1.2603e-14, 1.0578e-14, 9.7095e-15, 9.3269e-15,
         9.1657e-15, 9.0948e-15, 9.0388e-15, 8.9633e-15, 8.8751e-15, 8.8090e-15,
         8.8154e-15, 8.9507e-15, 9.2895e-15, 9.8585e-15, 1.0704e-14, 1.1881e-14,
         1.3473e-14, 1.5672e-14, 1.8789e-14, 2.2751e-14, 2.7978e-14, 3.5119e-14,
         4.5209e-14, 6.1122e-14, 8.8168e-14, 1.3661e-13, 2.3223e-13, 4.4775e-13,
         1.2649e-12, 4.8386e-12, 1.4830e-11, 2.7353e-11, 3.9690e-11, 5.1527e-11,
         6.1667e-11, 6.9479e-11, 7.3816e-11, 7.5116e-11, 7.3460e-11, 7.0023e-11,
         6.5424e-11, 6.0608e-11, 5.6140e-11, 5.2376e-11, 4.9570e-11, 4.7844e-11,
         4.7220e-11, 4.7866e-11, 4.9701e-11, 5.3027e-11, 5.7812e-11, 6.4364e-11,
         7.0861e-11, 7.0861e-11, 7.0861e-11, 7.0861e-11, 7.0861e-11, 7.0861e-11,
         7.0861e-11, 7.0861e-11]], dtype=torch.float64), 'xSO2': tensor([[1.4699e-02, 1.1175e-02, 6.7011e-03, 3.7292e-03, 1.7969e-03, 7.4392e-04,
         2.6620e-04, 8.1397e-05, 2.1355e-05, 5.4488e-06, 1.0556e-06, 2.1920e-07,
         3.8765e-08, 4.9941e-09, 8.8814e-10, 6.1240e-10, 6.8257e-10, 8.3401e-10,
         1.0360e-09, 1.2915e-09, 1.6197e-09, 2.0199e-09, 2.4657e-09, 2.9516e-09,
         3.5332e-09, 4.2681e-09, 5.2597e-09, 6.5825e-09, 8.3642e-09, 1.0777e-08,
         1.4052e-08, 1.8507e-08, 2.4714e-08, 3.2894e-08, 4.3109e-08, 5.5693e-08,
         7.2137e-08, 9.5275e-08, 1.2948e-07, 1.7622e-07, 2.4248e-07, 3.3987e-07,
         4.8478e-07, 6.7624e-07, 9.3198e-07, 1.2778e-06, 1.7526e-06, 2.4105e-06,
         3.3739e-06, 4.7656e-06, 6.7625e-06, 9.6957e-06, 1.4172e-05, 2.0598e-05,
         2.9963e-05, 4.2122e-05, 5.6798e-05, 7.2521e-05, 8.7475e-05, 1.0011e-04,
         1.0814e-04, 1.1147e-04, 1.0930e-04, 1.0289e-04, 9.3176e-05, 8.1714e-05,
         6.9804e-05, 5.8544e-05, 4.8481e-05, 4.0213e-05, 3.3663e-05, 2.8995e-05,
         2.6498e-05, 2.6498e-05, 2.6498e-05, 2.6498e-05, 2.6498e-05, 2.6498e-05,
         2.6498e-05, 2.6498e-05]], dtype=torch.float64), 'xH2SO4aer': tensor([[6.9850e-08, 7.8448e-08, 9.6816e-08, 1.1638e-07, 1.4021e-07, 1.6981e-07,
         2.1420e-07, 4.1722e-07, 1.2368e-06, 4.9156e-07, 4.3382e-09, 3.5788e-11,
         1.7565e-12, 1.0779e-13, 4.4084e-14, 4.2412e-14, 4.8965e-14, 5.8196e-14,
         6.8315e-14, 6.8301e-14, 5.6413e-14, 4.4264e-14, 3.3643e-14, 2.4851e-14,
         1.7827e-14, 1.2406e-14, 8.5092e-15, 5.7141e-15, 3.7852e-15, 2.5005e-15,
         1.6679e-15, 1.1389e-15, 8.1478e-16, 6.0099e-16, 4.5701e-16, 3.5767e-16,
         2.8761e-16, 2.3695e-16, 2.0071e-16, 1.7425e-16, 1.5556e-16, 1.4359e-16,
         1.3782e-16, 1.3868e-16, 1.4628e-16, 1.6088e-16, 1.8327e-16, 2.1400e-16,
         2.5186e-16, 2.7790e-16, 2.2791e-16, 9.7406e-17, 3.4360e-17, 1.3761e-17,
         8.1952e-18, 5.4251e-18, 3.5281e-18, 2.0084e-18, 1.0319e-18, 4.5890e-19,
         1.9990e-19, 7.6679e-20, 2.9926e-20, 1.0940e-20, 4.1251e-21, 1.5782e-21,
         6.1292e-22, 2.5829e-22, 1.0522e-22, 4.4502e-23, 1.4814e-23, 2.3756e-24,
         1.0000e-40, 1.0000e-40, 1.0000e-40, 1.0000e-40, 1.0000e-40, 1.0000e-40,
         1.0000e-40, 1.0000e-40]], dtype=torch.float64), 'xS8aer': tensor([[2.1114e-34, 4.2784e-34, 1.0975e-32, 4.4545e-27, 1.1025e-22, 1.9522e-21,
         2.9669e-21, 2.8075e-21, 8.7810e-21, 3.2354e-21, 2.1658e-23, 2.7291e-29,
         3.6320e-31, 1.5218e-33, 9.7006e-36, 1.7272e-36, 1.7808e-36, 2.1313e-36,
         2.5819e-36, 3.1303e-36, 3.8134e-36, 4.6482e-36, 5.6711e-36, 6.9283e-36,
         8.4781e-36, 1.0396e-35, 1.2843e-35, 1.5898e-35, 1.9719e-35, 2.4508e-35,
         3.0522e-35, 3.8114e-35, 4.7986e-35, 6.0543e-35, 7.6562e-35, 9.7081e-35,
         1.2353e-34, 1.5750e-34, 2.0182e-34, 2.5885e-34, 3.3131e-34, 4.2219e-34,
         5.3285e-34, 6.5364e-34, 7.2523e-34, 5.6535e-34, 1.1723e-34, 1.0000e-40,
         1.0000e-40, 1.0000e-40, 1.0000e-40, 1.0000e-40, 1.0000e-40, 1.0000e-40,
         1.0000e-40, 1.0000e-40, 1.0000e-40, 1.0000e-40, 1.0000e-40, 1.0000e-40,
         1.0000e-40, 1.0000e-40, 1.0000e-40, 1.0000e-40, 1.0000e-40, 1.0000e-40,
         1.0000e-40, 1.0000e-40, 1.0000e-40, 1.0000e-40, 1.0000e-40, 1.0000e-40,
         1.0000e-40, 1.0000e-40, 1.0000e-40, 1.0000e-40, 1.0000e-40, 1.0000e-40,
         1.0000e-40, 1.0000e-40]], dtype=torch.float64)}"
691200,222.059,0,"{'pres': tensor([[5.3000e+04, 4.2137e+04, 3.3501e+04, 2.6635e+04, 2.1176e+04, 1.6836e+04,
         1.3385e+04, 1.0642e+04, 8.4606e+03, 6.7265e+03, 5.3479e+03, 4.2518e+03,
         3.3803e+03, 2.6875e+03, 2.1367e+03, 1.6988e+03, 1.3506e+03, 1.0738e+03,
         8.5370e+02, 6.7873e+02, 5.3962e+02, 4.2902e+02, 3.4109e+02, 2.7118e+02,
         2.1560e+02, 1.7141e+02, 1.3628e+02, 1.0835e+02, 8.6141e+01, 6.8485e+01,
         5.4449e+01, 4.3289e+01, 3.4417e+01, 2.7363e+01, 2.1755e+01, 1.7296e+01,
         1.3751e+01, 1.0933e+01, 8.6918e+00, 6.9104e+00, 5.4941e+00, 4.3680e+00,
         3.4728e+00, 2.7610e+00, 2.1951e+00, 1.7452e+00, 1.3875e+00, 1.1031e+00,
         8.7703e-01, 6.9728e-01, 5.5437e-01, 4.4075e-01, 3.5041e-01, 2.7859e-01,
         2.2149e-01, 1.7610e-01, 1.4000e-01, 1.1131e-01, 8.8495e-02, 7.0358e-02,
         5.5937e-02, 4.4473e-02, 3.5358e-02, 2.8111e-02, 2.2349e-02, 1.7769e-02,
         1.4127e-02, 1.1231e-02, 8.9295e-03, 7.0993e-03, 5.6442e-03, 4.4874e-03,
         3.5677e-03, 2.8365e-03, 2.2551e-03, 1.7929e-03, 1.4254e-03, 1.1333e-03,
         9.0101e-04, 7.1634e-04]], dtype=torch.float64), 'temp': tensor([[191.5111, 185.7258, 179.6431, 173.0729, 166.0335, 158.6420, 151.1294,
         143.7198, 136.5604, 129.7170, 123.2093, 117.0207, 111.1669, 105.5590,
         100.2776, 100.0225, 100.0178, 100.0171, 100.0177, 100.0191, 100.0211,
         100.0236, 100.0269, 100.0310, 100.0359, 100.0419, 100.0492, 100.0580,
         100.0684, 100.0809, 100.0959, 100.1143, 100.1372, 100.1657, 100.2014,
         100.2464, 100.3064, 100.4151, 100.5822, 100.7402, 100.9309, 101.1772,
         101.4979, 101.9198, 102.4873, 103.2454, 104.2612, 105.6261, 107.4706,
         109.9699, 113.2225, 117.1527, 121.4334, 125.3075, 128.0065, 129.4546,
         130.2829, 130.9665, 131.6112, 132.1292, 132.5786, 132.9473, 133.2791,
         133.5545, 133.7948, 133.9915, 134.1685, 134.3013, 134.4300, 134.5137,
         134.6049, 134.6620, 134.7203, 134.7577, 134.7907, 134.8186, 134.8351,
         134.8536, 134.8665, 134.8763]], dtype=torch.float64), 'xCO2': tensor([[9.4680e-01, 8.6290e-01, 6.8357e-01, 4.9882e-01, 3.1324e-01, 1.6584e-01,
         7.9200e-02, 3.4270e-02, 1.3482e-02, 5.1605e-03, 1.7016e-03, 5.7455e-04,
         1.7451e-04, 4.5013e-05, 1.4693e-05, 1.2575e-05, 1.4776e-05, 1.8389e-05,
         2.3062e-05, 2.8936e-05, 3.6517e-05, 4.6036e-05, 5.7982e-05, 7.2966e-05,
         9.1754e-05, 1.1535e-04, 1.4583e-04, 1.8422e-04, 2.3257e-04, 2.9347e-04,
         3.7023e-04, 4.6751e-04, 5.9422e-04, 7.5571e-04, 9.6215e-04, 1.2274e-03,
         1.5712e-03, 2.0180e-03, 2.6073e-03, 3.3701e-03, 4.3606e-03, 5.6517e-03,
         7.3404e-03, 9.6197e-03, 1.2683e-02, 1.6763e-02, 2.2205e-02, 2.9448e-02,
         3.9469e-02, 5.2951e-02, 7.0803e-02, 9.4632e-02, 1.2640e-01, 1.6648e-01,
         2.1600e-01, 2.7245e-01, 3.3382e-01, 3.9730e-01, 4.6059e-01, 5.2196e-01,
         5.7939e-01, 6.3263e-01, 6.8074e-01, 7.2392e-01, 7.6222e-01, 7.9577e-01,
         8.2545e-01, 8.5104e-01, 8.7383e-01, 8.9358e-01, 9.1128e-01, 9.2701e-01,
         9.3797e-01, 9.3797e-01, 9.3797e-01, 9.3797e-01, 9.3797e-01, 9.3797e-01,
         9.3797e-01, 9.3797e-01]], dtype=torch.float64), 'xH2O': tensor([[6.9468e-07, 4.1920e-07, 1.5467e-07, 5.4106e-08, 1.5687e-08, 3.7726e-09,
         7.5731e-10, 1.2102e-10, 7.6513e-12, 5.5104e-13, 6.0853e-13, 4.8229e-13,
         3.3480e-13, 1.5626e-13, 9.2612e-14, 8.6828e-14, 7.9337e-14, 6.8830e-14,
         5.0279e-14, 2.2986e-14, 1.4601e-14, 1.1776e-14, 1.0590e-14, 1.0057e-14,
         9.8144e-15, 9.6938e-15, 9.6023e-15, 9.4951e-15, 9.3767e-15, 9.2818e-15,
         9.2624e-15, 9.3775e-15, 9.7030e-15, 1.0267e-14, 1.1117e-14, 1.2306e-14,
         1.3917e-14, 1.6149e-14, 1.9315e-14, 2.3349e-14, 2.8686e-14, 3.6009e-14,
         4.6410e-14, 6.3007e-14, 9.1425e-14, 1.4288e-13, 2.4586e-13, 4.8225e-13,
         1.4258e-12, 5.5567e-12, 1.6168e-11, 2.9032e-11, 4.1749e-11, 5.3954e-11,
         6.4295e-11, 7.2258e-11, 7.6555e-11, 7.7783e-11, 7.5893e-11, 7.2171e-11,
         6.7253e-11, 6.2104e-11, 5.7311e-11, 5.3269e-11, 5.0211e-11, 4.8296e-11,
         4.7500e-11, 4.8033e-11, 4.9784e-11, 5.3029e-11, 5.7784e-11, 6.4297e-11,
         7.0529e-11, 7.0529e-11, 7.0529e-11, 7.0529e-11, 7.0529e-11, 7.0529e-11,
         7.0529e-11, 7.0529e-11]], dtype=torch.float64), 'xSO2': tensor([[1.4729e-02, 1.1201e-02, 6.7206e-03, 3.7427e-03, 1.8048e-03, 7.4770e-04,
         2.6774e-04, 8.1939e-05, 2.1485e-05, 5.4897e-06, 1.0615e-06, 2.2122e-07,
         3.9068e-08, 5.0044e-09, 8.9786e-10, 6.1360e-10, 6.8217e-10, 8.3346e-10,
         1.0356e-09, 1.2916e-09, 1.6216e-09, 2.0309e-09, 2.5065e-09, 3.0281e-09,
         3.6417e-09, 4.4130e-09, 5.4497e-09, 6.8296e-09, 8.6840e-09, 1.1188e-08,
         1.4572e-08, 1.9153e-08, 2.5447e-08, 3.3522e-08, 4.3416e-08, 5.5897e-08,
         7.2421e-08, 9.5778e-08, 1.3034e-07, 1.7773e-07, 2.4516e-07, 3.4467e-07,
         4.9259e-07, 6.8801e-07, 9.4907e-07, 1.3024e-06, 1.7879e-06, 2.4608e-06,
         3.4493e-06, 4.8735e-06, 6.9152e-06, 9.9297e-06, 1.4497e-05, 2.1039e-05,
         3.0553e-05, 4.2777e-05, 5.7470e-05, 7.3125e-05, 8.7963e-05, 1.0044e-04,
         1.0843e-04, 1.1166e-04, 1.0954e-04, 1.0310e-04, 9.3435e-05, 8.1975e-05,
         7.0069e-05, 5.8807e-05, 4.8749e-05, 4.0452e-05, 3.3912e-05, 2.9231e-05,
         2.6830e-05, 2.6830e-05, 2.6830e-05, 2.6830e-05, 2.6830e-05, 2.6830e-05,
         2.6830e-05, 2.6830e-05]], dtype=torch.float64), 'xH2SO4aer': tensor([[6.9852e-08, 7.8451e-08, 9.6822e-08, 1.1639e-07, 1.4024e-07, 1.6992e-07,
         2.1476e-07, 4.2479e-07, 1.2453e-06, 4.7265e-07, 3.7169e-09, 3.6278e-11,
         1.7445e-12, 9.6509e-14, 3.9415e-14, 3.7791e-14, 4.3618e-14, 5.1889e-14,
         6.1582e-14, 6.6190e-14, 5.6352e-14, 4.4670e-14, 3.4098e-14, 2.5231e-14,
         1.8100e-14, 1.2583e-14, 8.6084e-15, 5.7589e-15, 3.7959e-15, 2.4923e-15,
         1.6508e-15, 1.1193e-15, 7.9510e-16, 5.8239e-16, 4.3990e-16, 3.4210e-16,
         2.7346e-16, 2.2418e-16, 1.8920e-16, 1.6396e-16, 1.4642e-16, 1.3553e-16,
         1.3076e-16, 1.3257e-16, 1.4103e-16, 1.5646e-16, 1.7968e-16, 2.1123e-16,
         2.4967e-16, 2.7411e-16, 2.1595e-16, 9.1098e-17, 3.3387e-17, 1.4146e-17,
         8.8581e-18, 5.9473e-18, 3.8730e-18, 2.1895e-18, 1.1233e-18, 4.9939e-19,
         2.1510e-19, 8.2423e-20, 3.1669e-20, 1.1570e-20, 4.2833e-21, 1.6406e-21,
         6.2568e-22, 2.6471e-22, 1.0784e-22, 4.5166e-23, 1.5100e-23, 2.3500e-24,
         1.0000e-40, 1.0000e-40, 1.0000e-40, 1.0000e-40, 1.0000e-40, 1.0000e-40,
         1.0000e-40, 1.0000e-40]], dtype=torch.float64), 'xS8aer': tensor([[2.1117e-34, 4.2794e-34, 1.2052e-32, 4.7165e-27, 1.1111e-22, 1.9551e-21,
         3.0089e-21, 2.8710e-21, 8.8355e-21, 3.0956e-21, 1.8134e-23, 2.8069e-29,
         3.7207e-31, 1.4796e-33, 1.0119e-35, 1.9101e-36, 1.9848e-36, 2.3726e-36,
         2.8687e-36, 3.4725e-36, 4.2263e-36, 5.1490e-36, 6.2816e-36, 7.6748e-36,
         9.3925e-36, 1.1519e-35, 1.4229e-35, 1.7611e-35, 2.1840e-35, 2.7140e-35,
         3.3794e-35, 4.2205e-35, 5.3133e-35, 6.7037e-35, 8.4780e-35, 1.0752e-34,
         1.3685e-34, 1.7460e-34, 2.2386e-34, 2.8726e-34, 3.6791e-34, 4.6926e-34,
         5.9295e-34, 7.2834e-34, 8.0849e-34, 6.2468e-34, 1.2455e-34, 1.0000e-40,
         1.0000e-40, 1.0000e-40, 1.0000e-40, 1.0000e-40, 1.0000e-40, 1.0000e-40,
         1.0000e-40, 1.0000e-40, 1.0000e-40, 1.0000e-40, 1.0000e-40, 1.0000e-40,
         1.0000e-40, 1.0000e-40, 1.0000e-40, 1.0000e-40, 1.0000e-40, 1.0000e-40,
         1.0000e-40, 1.0000e-40, 1.0000e-40, 1.0000e-40, 1.0000e-40, 1.0000e-40,
         1.0000e-40, 1.0000e-40, 1.0000e-40, 1.0000e-40, 1.0000e-40, 1.0000e-40,
         1.0000e-40, 1.0000e-40]], dtype=torch.float64)}"
712800,222.062,0,"{'pres': tensor([[5.3000e+04, 4.2137e+04, 3.3501e+04, 2.6635e+04, 2.1176e+04, 1.6836e+04,
         1.3385e+04, 1.0642e+04, 8.4606e+03, 6.7265e+03, 5.3479e+03, 4.2518e+03,
         3.3803e+03, 2.6875e+03, 2.1367e+03, 1.6988e+03, 1.3506e+03, 1.0738e+03,
         8.5370e+02, 6.7873e+02, 5.3962e+02, 4.2902e+02, 3.4109e+02, 2.7118e+02,
         2.1560e+02, 1.7141e+02, 1.3628e+02, 1.0835e+02, 8.6141e+01, 6.8485e+01,
         5.4449e+01, 4.3289e+01, 3.4417e+01, 2.7363e+01, 2.1755e+01, 1.7296e+01,
         1.3751e+01, 1.0933e+01, 8.6918e+00, 6.9104e+00, 5.4941e+00, 4.3680e+00,
         3.4728e+00, 2.7610e+00, 2.1951e+00, 1.7452e+00, 1.3875e+00, 1.1031e+00,
         8.7703e-01, 6.9728e-01, 5.5437e-01, 4.4075e-01, 3.5041e-01, 2.7859e-01,
         2.2149e-01, 1.7610e-01, 1.4000e-01, 1.1131e-01, 8.8495e-02, 7.0358e-02,
         5.5937e-02, 4.4473e-02, 3.5358e-02, 2.8111e-02, 2.2349e-02, 1.7769e-02,
         1.4127e-02, 1.1231e-02, 8.9295e-03, 7.0993e-03, 5.6442e-03, 4.4874e-03,
         3.5677e-03, 2.8365e-03, 2.2551e-03, 1.7929e-03, 1.4254e-03, 1.1333e-03,
         9.0101e-04, 7.1634e-04]], dtype=torch.float64), 'temp': tensor([[191.5301, 185.7472, 179.6675, 173.1007, 166.0642, 158.6744, 151.1620,
         143.7516, 136.5907, 129.7457, 123.2365, 117.0463, 111.1912, 105.5817,
         100.2992, 100.0227, 100.0178, 100.0172, 100.0178, 100.0192, 100.0212,
         100.0238, 100.0272, 100.0313, 100.0363, 100.0424, 100.0498, 100.0588,
         100.0694, 100.0821, 100.0976, 100.1164, 100.1399, 100.1693, 100.2059,
         100.2523, 100.3141, 100.4251, 100.5954, 100.7576, 100.9540, 101.2079,
         101.5388, 101.9748, 102.5615, 103.3455, 104.3962, 105.8072, 107.7129,
         110.2863, 113.6152, 117.5994, 121.8709, 125.6451, 128.1977, 129.5427,
         130.3412, 131.0215, 131.6572, 132.1665, 132.6120, 132.9763, 133.3056,
         133.5782, 133.8171, 134.0122, 134.1879, 134.3200, 134.4477, 134.5309,
         134.6216, 134.6782, 134.7361, 134.7732, 134.8060, 134.8336, 134.8500,
         134.8684, 134.8812, 134.8909]], dtype=torch.float64), 'xCO2': tensor([[9.4698e-01, 8.6342e-01, 6.8471e-01, 5.0024e-01, 3.1433e-01, 1.6650e-01,
         7.9551e-02, 3.4439e-02, 1.3547e-02, 5.1886e-03, 1.7097e-03, 5.7820e-04,
         1.7550e-04, 4.5175e-05, 1.4808e-05, 1.2599e-05, 1.4780e-05, 1.8389e-05,
         2.3061e-05, 2.8940e-05, 3.6520e-05, 4.6040e-05, 5.7986e-05, 7.2970e-05,
         9.1759e-05, 1.1538e-04, 1.4587e-04, 1.8427e-04, 2.3265e-04, 2.9359e-04,
         3.7041e-04, 4.6789e-04, 5.9480e-04, 7.5663e-04, 9.6361e-04, 1.2297e-03,
         1.5749e-03, 2.0241e-03, 2.6161e-03, 3.3825e-03, 4.3780e-03, 5.6760e-03,
         7.3739e-03, 9.6691e-03, 1.2749e-02, 1.6851e-02, 2.2318e-02, 2.9586e-02,
         3.9658e-02, 5.3165e-02, 7.1028e-02, 9.4948e-02, 1.2667e-01, 1.6668e-01,
         2.1602e-01, 2.7208e-01, 3.3308e-01, 3.9617e-01, 4.5917e-01, 5.2026e-01,
         5.7756e-01, 6.3061e-01, 6.7865e-01, 7.2169e-01, 7.5997e-01, 7.9341e-01,
         8.2310e-01, 8.4861e-01, 8.7134e-01, 8.9109e-01, 9.0873e-01, 9.2442e-01,
         9.3491e-01, 9.3491e-01, 9.3491e-01, 9.3491e-01, 9.3491e-01, 9.3491e-01,
         9.3491e-01, 9.3491e-01]], dtype=torch.float64), 'xH2O': tensor([[6.9694e-07, 4.2070e-07, 1.5538e-07, 5.4405e-08, 1.5789e-08, 3.8006e-09,
         7.6369e-10, 1.2223e-10, 7.7153e-12, 5.5577e-13, 6.1016e-13, 4.8469e-13,
         3.3831e-13, 1.5850e-13, 9.4129e-14, 8.8340e-14, 8.1000e-14, 7.0844e-14,
         5.6245e-14, 2.9600e-14, 1.7156e-14, 1.3198e-14, 1.1588e-14, 1.0858e-14,
         1.0511e-14, 1.0327e-14, 1.0192e-14, 1.0047e-14, 9.8946e-15, 9.7679e-15,
         9.7209e-15, 9.8148e-15, 1.0127e-14, 1.0687e-14, 1.1541e-14, 1.2740e-14,
         1.4370e-14, 1.6635e-14, 1.9849e-14, 2.3955e-14, 2.9406e-14, 3.6915e-14,
         4.7637e-14, 6.4948e-14, 9.4807e-14, 1.4947e-13, 2.6034e-13, 5.1962e-13,
         1.6086e-12, 6.3741e-12, 1.7598e-11, 3.0764e-11, 4.3846e-11, 5.6420e-11,
         6.6962e-11, 7.5076e-11, 7.9328e-11, 8.0458e-11, 7.8351e-11, 7.4341e-11,
         6.9105e-11, 6.3624e-11, 5.8510e-11, 5.4193e-11, 5.0883e-11, 4.8781e-11,
         4.7813e-11, 4.8235e-11, 4.9904e-11, 5.3068e-11, 5.7797e-11, 6.4276e-11,
         7.0258e-11, 7.0258e-11, 7.0258e-11, 7.0258e-11, 7.0258e-11, 7.0258e-11,
         7.0258e-11, 7.0258e-11]], dtype=torch.float64), 'xSO2': tensor([[1.4759e-02, 1.1226e-02, 6.7401e-03, 3.7562e-03, 1.8127e-03, 7.5150e-04,
         2.6929e-04, 8.2485e-05, 2.1616e-05, 5.5311e-06, 1.0674e-06, 2.2327e-07,
         3.9374e-08, 5.0143e-09, 9.0778e-10, 6.1485e-10, 6.8178e-10, 8.3289e-10,
         1.0352e-09, 1.2917e-09, 1.6227e-09, 2.0356e-09, 2.5357e-09, 3.0985e-09,
         3.7475e-09, 4.5568e-09, 5.6390e-09, 7.0762e-09, 9.0022e-09, 1.1594e-08,
         1.5080e-08, 1.9765e-08, 2.6074e-08, 3.3916e-08, 4.3573e-08, 5.6082e-08,
         7.2700e-08, 9.6281e-08, 1.3120e-07, 1.7925e-07, 2.4789e-07, 3.4955e-07,
         5.0025e-07, 6.9965e-07, 9.6606e-07, 1.3269e-06, 1.8231e-06, 2.5109e-06,
         3.5247e-06, 4.9812e-06, 7.0671e-06, 1.0162e-05, 1.4818e-05, 2.1469e-05,
         3.1122e-05, 4.3397e-05, 5.8094e-05, 7.3666e-05, 8.8393e-05, 1.0071e-04,
         1.0866e-04, 1.1180e-04, 1.0972e-04, 1.0326e-04, 9.3644e-05, 8.2191e-05,
         7.0296e-05, 5.9038e-05, 4.8989e-05, 4.0667e-05, 3.4142e-05, 2.9449e-05,
         2.7146e-05, 2.7146e-05, 2.7146e-05, 2.7146e-05, 2.7146e-05, 2.7146e-05,
         2.7146e-05, 2.7146e-05]], dtype=torch.float64), 'xH2SO4aer': tensor([[6.9854e-08, 7.8454e-08, 9.6829e-08, 1.1641e-07, 1.4028e-07, 1.7003e-07,
         2.1531e-07, 4.3241e-07, 1.2528e-06, 4.5446e-07, 3.1751e-09, 3.6784e-11,
         1.7381e-12, 8.6792e-14, 3.5353e-14, 3.3755e-14, 3.8927e-14, 4.6317e-14,
         5.5206e-14, 6.2286e-14, 5.5668e-14, 4.4784e-14, 3.4389e-14, 2.5508e-14,
         1.8308e-14, 1.2718e-14, 8.6804e-15, 5.7868e-15, 3.7968e-15, 2.4789e-15,
         1.6312e-15, 1.0990e-15, 7.7557e-16, 5.6440e-16, 4.2360e-16, 3.2741e-16,
         2.6025e-16, 2.1239e-16, 1.7868e-16, 1.5466e-16, 1.3829e-16, 1.2849e-16,
         1.2477e-16, 1.2762e-16, 1.3707e-16, 1.5352e-16, 1.7787e-16, 2.1065e-16,
         2.5022e-16, 2.7352e-16, 2.0669e-16, 8.6223e-17, 3.2795e-17, 1.4659e-17,
         9.5858e-18, 6.5121e-18, 4.2395e-18, 2.3848e-18, 1.2192e-18, 5.4195e-19,
         2.3084e-19, 8.8429e-20, 3.3453e-20, 1.2226e-20, 4.4436e-21, 1.7060e-21,
         6.3871e-22, 2.7162e-22, 1.1075e-22, 4.5951e-23, 1.5449e-23, 2.3369e-24,
         1.0000e-40, 1.0000e-40, 1.0000e-40, 1.0000e-40, 1.0000e-40, 1.0000e-40,
         1.0000e-40, 1.0000e-40]], dtype=torch.float64), 'xS8aer': tensor([[2.1120e-34, 4.2805e-34, 1.3220e-32, 4.9858e-27, 1.1198e-22, 1.9580e-21,
         3.0505e-21, 2.9350e-21, 8.8818e-21, 2.9619e-21, 1.5093e-23, 2.8872e-29,
         3.8115e-31, 1.4321e-33, 1.0506e-35, 2.0619e-36, 2.1614e-36, 2.5900e-36,
         3.1339e-36, 3.7940e-36, 4.6172e-36, 5.6270e-36, 6.8699e-36, 8.4031e-36,
         1.0297e-35, 1.2646e-35, 1.5638e-35, 1.9369e-35, 2.4030e-35, 2.9865e-35,
         3.7186e-35, 4.6442e-35, 5.8459e-35, 7.3751e-35, 9.3272e-35, 1.1830e-34,
         1.5062e-34, 1.9227e-34, 2.4664e-34, 3.1661e-34, 4.0572e-34, 5.1786e-34,
         6.5495e-34, 8.0510e-34, 8.9278e-34, 6.7976e-34, 1.2932e-34, 1.0000e-40,
         1.0000e-40, 1.0000e-40, 1.0000e-40, 1.0000e-40, 1.0000e-40, 1.0000e-40,
         1.0000e-40, 1.0000e-40, 1.0000e-40, 1.0000e-40, 1.0000e-40, 1.0000e-40,
         1.0000e-40, 1.0000e-40, 1.0000e-40, 1.0000e-40, 1.0000e-40, 1.0000e-40,
         1.0000e-40, 1.0000e-40, 1.0000e-40, 1.0000e-40, 1.0000e-40, 1.0000e-40,
         1.0000e-40, 1.0000e-40, 1.0000e-40, 1.0000e-40, 1.0000e-40, 1.0000e-40,
         1.0000e-40, 1.0000e-40]], dtype=torch.float64)}"
734400,222.065,0,"{'pres': tensor([[5.3000e+04, 4.2137e+04, 3.3501e+04, 2.6635e+04, 2.1176e+04, 1.6836e+04,
         1.3385e+04, 1.0642e+04, 8.4606e+03, 6.7265e+03, 5.3479e+03, 4.2518e+03,
         3.3803e+03, 2.6875e+03, 2.1367e+03, 1.6988e+03, 1.3506e+03, 1.0738e+03,
         8.5370e+02, 6.7873e+02, 5.3962e+02, 4.2902e+02, 3.4109e+02, 2.7118e+02,
         2.1560e+02, 1.7141e+02, 1.3628e+02, 1.0835e+02, 8.6141e+01, 6.8485e+01,
         5.4449e+01, 4.3289e+01, 3.4417e+01, 2.7363e+01, 2.1755e+01, 1.7296e+01,
         1.3751e+01, 1.0933e+01, 8.6918e+00, 6.9104e+00, 5.4941e+00, 4.3680e+00,
         3.4728e+00, 2.7610e+00, 2.1951e+00, 1.7452e+00, 1.3875e+00, 1.1031e+00,
         8.7703e-01, 6.9728e-01, 5.5437e-01, 4.4075e-01, 3.5041e-01, 2.7859e-01,
         2.2149e-01, 1.7610e-01, 1.4000e-01, 1.1131e-01, 8.8495e-02, 7.0358e-02,
         5.5937e-02, 4.4473e-02, 3.5358e-02, 2.8111e-02, 2.2349e-02, 1.7769e-02,
         1.4127e-02, 1.1231e-02, 8.9295e-03, 7.0993e-03, 5.6442e-03, 4.4874e-03,
         3.5677e-03, 2.8365e-03, 2.2551e-03, 1.7929e-03, 1.4254e-03, 1.1333e-03,
         9.0101e-04, 7.1634e-04]], dtype=torch.float64), 'temp': tensor([[191.5490, 185.7687, 179.6919, 173.1283, 166.0948, 158.7068, 151.1947,
         143.7834, 136.6211, 129.7745, 123.2638, 117.0721, 111.2156, 105.6046,
         100.3209, 100.0228, 100.0179, 100.0172, 100.0179, 100.0193, 100.0214,
         100.0240, 100.0274, 100.0316, 100.0367, 100.0429, 100.0505, 100.0596,
         100.0704, 100.0834, 100.0992, 100.1186, 100.1427, 100.1728, 100.2105,
         100.2582, 100.3218, 100.4352, 100.6086, 100.7751, 100.9772, 101.2388,
         101.5801, 102.0303, 102.6364, 103.4465, 104.5322, 105.9893, 107.9562,
         110.6026, 114.0046, 118.0367, 122.2918, 125.9590, 128.3699, 129.6223,
         130.3971, 131.0745, 131.7010, 132.2020, 132.6440, 133.0040, 133.3310,
         133.6009, 133.8383, 134.0318, 134.2064, 134.3378, 134.4645, 134.5472,
         134.6374, 134.6937, 134.7511, 134.7878, 134.8204, 134.8479, 134.8641,
         134.8824, 134.8951, 134.9047]], dtype=torch.float64), 'xCO2': tensor([[9.4716e-01, 8.6394e-01, 6.8583e-01, 5.0162e-01, 3.1542e-01, 1.6716e-01,
         7.9903e-02, 3.4609e-02, 1.3612e-02, 5.2168e-03, 1.7178e-03, 5.8187e-04,
         1.7650e-04, 4.5337e-05, 1.4925e-05, 1.2625e-05, 1.4784e-05, 1.8389e-05,
         2.3060e-05, 2.8943e-05, 3.6524e-05, 4.6043e-05, 5.7990e-05, 7.2975e-05,
         9.1765e-05, 1.1541e-04, 1.4591e-04, 1.8433e-04, 2.3272e-04, 2.9370e-04,
         3.7059e-04, 4.6826e-04, 5.9538e-04, 7.5754e-04, 9.6508e-04, 1.2321e-03,
         1.5787e-03, 2.0302e-03, 2.6249e-03, 3.3950e-03, 4.3956e-03, 5.7005e-03,
         7.4075e-03, 9.7184e-03, 1.2816e-02, 1.6938e-02, 2.2429e-02, 2.9721e-02,
         3.9842e-02, 5.3373e-02, 7.1247e-02, 9.5253e-02, 1.2694e-01, 1.6693e-01,
         2.1603e-01, 2.7171e-01, 3.3232e-01, 3.9504e-01, 4.5774e-01, 5.1854e-01,
         5.7570e-01, 6.2856e-01, 6.7654e-01, 7.1944e-01, 7.5770e-01, 7.9104e-01,
         8.2066e-01, 8.4617e-01, 8.6884e-01, 8.8857e-01, 9.0614e-01, 9.2179e-01,
         9.3183e-01, 9.3183e-01, 9.3183e-01, 9.3183e-01, 9.3183e-01, 9.3183e-01,
         9.3183e-01, 9.3183e-01]], dtype=torch.float64), 'xH2O': tensor([[6.9921e-07, 4.2221e-07, 1.5609e-07, 5.4704e-08, 1.5891e-08, 3.8287e-09,
         7.7012e-10, 1.2345e-10, 7.7781e-12, 5.6059e-13, 6.1176e-13, 4.8703e-13,
         3.4175e-13, 1.6069e-13, 9.5611e-14, 8.9809e-14, 8.2618e-14, 7.2644e-14,
         6.0304e-14, 3.7658e-14, 2.0443e-14, 1.4902e-14, 1.2725e-14, 1.1740e-14,
         1.1260e-14, 1.0998e-14, 1.0809e-14, 1.0620e-14, 1.0429e-14, 1.0267e-14,
         1.0191e-14, 1.0263e-14, 1.0563e-14, 1.1120e-14, 1.1976e-14, 1.3185e-14,
         1.4832e-14, 1.7130e-14, 2.0391e-14, 2.4571e-14, 3.0136e-14, 3.7836e-14,
         4.8890e-14, 6.6949e-14, 9.8319e-14, 1.5637e-13, 2.7573e-13, 5.6010e-13,
         1.8159e-12, 7.3020e-12, 1.9124e-11, 3.2557e-11, 4.5988e-11, 5.8894e-11,
         6.9669e-11, 7.7903e-11, 8.2135e-11, 8.3130e-11, 8.0833e-11, 7.6531e-11,
         7.0979e-11, 6.5169e-11, 5.9735e-11, 5.5146e-11, 5.1586e-11, 4.9299e-11,
         4.8181e-11, 4.8472e-11, 5.0060e-11, 5.3146e-11, 5.7853e-11, 6.4303e-11,
         7.0048e-11, 7.0048e-11, 7.0048e-11, 7.0048e-11, 7.0048e-11, 7.0048e-11,
         7.0048e-11, 7.0048e-11]], dtype=torch.float64), 'xSO2': tensor([[1.4788e-02, 1.1252e-02, 6.7597e-03, 3.7697e-03, 1.8206e-03, 7.5531e-04,
         2.7085e-04, 8.3035e-05, 2.1747e-05, 5.5728e-06, 1.0733e-06, 2.2534e-07,
         3.9683e-08, 5.0237e-09, 9.1787e-10, 6.1615e-10, 6.8142e-10, 8.3232e-10,
         1.0347e-09, 1.2918e-09, 1.6235e-09, 2.0389e-09, 2.5542e-09, 3.1583e-09,
         3.8494e-09, 4.6986e-09, 5.8272e-09, 7.3213e-09, 9.3177e-09, 1.1993e-08,
         1.5568e-08, 2.0319e-08, 2.6508e-08, 3.4054e-08, 4.3700e-08, 5.6261e-08,
         7.2977e-08, 9.6785e-08, 1.3207e-07, 1.8080e-07, 2.5065e-07, 3.5449e-07,
         5.0786e-07, 7.1119e-07, 9.8295e-07, 1.3514e-06, 1.8584e-06, 2.5611e-06,
         3.6000e-06, 5.0885e-06, 7.2180e-06, 1.0392e-05, 1.5135e-05, 2.1916e-05,
         3.1670e-05, 4.3997e-05, 5.8674e-05, 7.4149e-05, 8.8767e-05, 1.0093e-04,
         1.0883e-04, 1.1188e-04, 1.0984e-04, 1.0337e-04, 9.3807e-05, 8.2365e-05,
         7.0496e-05, 5.9237e-05, 4.9202e-05, 4.0860e-05, 3.4352e-05, 2.9651e-05,
         2.7447e-05, 2.7447e-05, 2.7447e-05, 2.7447e-05, 2.7447e-05, 2.7447e-05,
         2.7447e-05, 2.7447e-05]], dtype=torch.float64), 'xH2SO4aer': tensor([[6.9856e-08, 7.8458e-08, 9.6835e-08, 1.1642e-07, 1.4032e-07, 1.7014e-07,
         2.1588e-07, 4.4008e-07, 1.2594e-06, 4.3699e-07, 2.7028e-09, 3.7310e-11,
         1.7342e-12, 7.7212e-14, 3.1335e-14, 2.9790e-14, 3.4324e-14, 4.0843e-14,
         4.8782e-14, 5.6698e-14, 5.4189e-14, 4.4544e-14, 3.4489e-14, 2.5671e-14,
         1.8443e-14, 1.2807e-14, 8.7237e-15, 5.7974e-15, 3.7877e-15, 2.4603e-15,
         1.6095e-15, 1.0782e-15, 7.5631e-16, 5.4703e-16, 4.0805e-16, 3.1354e-16,
         2.4791e-16, 2.0148e-16, 1.6907e-16, 1.4628e-16, 1.3107e-16, 1.2241e-16,
         1.1978e-16, 1.2374e-16, 1.3432e-16, 1.5201e-16, 1.7776e-16, 2.1219e-16,
         2.5342e-16, 2.7598e-16, 1.9975e-16, 8.2552e-17, 3.2559e-17, 1.5451e-17,
         1.0382e-17, 7.1274e-18, 4.6274e-18, 2.5971e-18, 1.3192e-18, 5.8648e-19,
         2.4706e-19, 9.4684e-20, 3.5266e-20, 1.2907e-20, 4.6045e-21, 1.7740e-21,
         6.6212e-22, 2.7895e-22, 1.1392e-22, 4.6839e-23, 1.5852e-23, 2.3316e-24,
         1.0000e-40, 1.0000e-40, 1.0000e-40, 1.0000e-40, 1.0000e-40, 1.0000e-40,
         1.0000e-40, 1.0000e-40]], dtype=torch.float64), 'xS8aer': tensor([[2.1122e-34, 4.2815e-34, 1.4483e-32, 5.2625e-27, 1.1284e-22, 1.9610e-21,
         3.0917e-21, 2.9994e-21, 8.9203e-21, 2.8341e-21, 1.2473e-23, 2.9701e-29,
         3.9045e-31, 1.3788e-33, 1.0956e-35, 2.2514e-36, 2.3714e-36, 2.8431e-36,
         3.4425e-36, 4.1703e-36, 5.0739e-36, 6.1774e-36, 7.5303e-36, 9.1951e-36,
         1.1249e-35, 1.3799e-35, 1.7047e-35, 2.1102e-35, 2.6173e-35, 3.2525e-35,
         4.0500e-35, 5.0596e-35, 6.3695e-35, 8.0369e-35, 1.0166e-34, 1.2898e-34,
         1.6428e-34, 2.0984e-34, 2.6933e-34, 3.4591e-34, 4.4352e-34, 5.6651e-34,
         7.1704e-34, 8.8172e-34, 9.7533e-34, 7.2712e-34, 1.3084e-34, 1.0000e-40,
         1.0000e-40, 1.0000e-40, 1.0000e-40, 1.0000e-40, 1.0000e-40, 1.0000e-40,
         1.0000e-40, 1.0000e-40, 1.0000e-40, 1.0000e-40, 1.0000e-40, 1.0000e-40,
         1.0000e-40, 1.0000e-40, 1.0000e-40, 1.0000e-40, 1.0000e-40, 1.0000e-40,
         1.0000e-40, 1.0000e-40, 1.0000e-40, 1.0000e-40, 1.0000e-40, 1.0000e-40,
         1.0000e-40, 1.0000e-40, 1.0000e-40, 1.0000e-40, 1.0000e-40, 1.0000e-40,
         1.0000e-40, 1.0000e-40]], dtype=torch.float64)}"
756000,222.068,0,"{'pres': tensor([[5.3000e+04, 4.2137e+04, 3.3501e+04, 2.6635e+04, 2.1176e+04, 1.6836e+04,
         1.3385e+04, 1.0642e+04, 8.4606e+03, 6.7265e+03, 5.3479e+03, 4.2518e+03,
         3.3803e+03, 2.6875e+03, 2.1367e+03, 1.6988e+03, 1.3506e+03, 1.0738e+03,
         8.5370e+02, 6.7873e+02, 5.3962e+02, 4.2902e+02, 3.4109e+02, 2.7118e+02,
         2.1560e+02, 1.7141e+02, 1.3628e+02, 1.0835e+02, 8.6141e+01, 6.8485e+01,
         5.4449e+01, 4.3289e+01, 3.4417e+01, 2.7363e+01, 2.1755e+01, 1.7296e+01,
         1.3751e+01, 1.0933e+01, 8.6918e+00, 6.9104e+00, 5.4941e+00, 4.3680e+00,
         3.4728e+00, 2.7610e+00, 2.1951e+00, 1.7452e+00, 1.3875e+00, 1.1031e+00,
         8.7703e-01, 6.9728e-01, 5.5437e-01, 4.4075e-01, 3.5041e-01, 2.7859e-01,
         2.2149e-01, 1.7610e-01, 1.4000e-01, 1.1131e-01, 8.8495e-02, 7.0358e-02,
         5.5937e-02, 4.4473e-02, 3.5358e-02, 2.8111e-02, 2.2349e-02, 1.7769e-02,
         1.4127e-02, 1.1231e-02, 8.9295e-03, 7.0993e-03, 5.6442e-03, 4.4874e-03,
         3.5677e-03, 2.8365e-03, 2.2551e-03, 1.7929e-03, 1.4254e-03, 1.1333e-03,
         9.0101e-04, 7.1634e-04]], dtype=torch.float64), 'temp': tensor([[191.5680, 185.7901, 179.7162, 173.1560, 166.1254, 158.7391, 151.2274,
         143.8152, 136.6515, 129.8034, 123.2911, 117.0979, 111.2402, 105.6276,
         100.3428, 100.0230, 100.0179, 100.0173, 100.0180, 100.0195, 100.0215,
         100.0242, 100.0277, 100.0319, 100.0371, 100.0434, 100.0511, 100.0604,
         100.0714, 100.0848, 100.1009, 100.1207, 100.1454, 100.1764, 100.2151,
         100.2641, 100.3295, 100.4453, 100.6219, 100.7928, 101.0005, 101.2699,
         101.6217, 102.0863, 102.7119, 103.5483, 104.6692, 106.1725, 108.2004,
         110.9187, 114.3904, 118.4646, 122.6945, 126.2507, 128.5250, 129.6949,
         130.4511, 131.1255, 131.7426, 132.2360, 132.6747, 133.0304, 133.3553,
         133.6227, 133.8587, 134.0507, 134.2241, 134.3547, 134.4790, 134.5629,
         134.6525, 134.7084, 134.7654, 134.8018, 134.8342, 134.8615, 134.8775,
         134.8958, 134.9083, 134.9179]], dtype=torch.float64), 'xCO2': tensor([[9.4734e-01, 8.6445e-01, 6.8694e-01, 5.0298e-01, 3.1651e-01, 1.6782e-01,
         8.0257e-02, 3.4781e-02, 1.3677e-02, 5.2453e-03, 1.7260e-03, 5.8559e-04,
         1.7752e-04, 4.5500e-05, 1.5043e-05, 1.2650e-05, 1.4787e-05, 1.8389e-05,
         2.3059e-05, 2.8947e-05, 3.6527e-05, 4.6047e-05, 5.7993e-05, 7.2979e-05,
         9.1770e-05, 1.1544e-04, 1.4595e-04, 1.8438e-04, 2.3280e-04, 2.9382e-04,
         3.7076e-04, 4.6864e-04, 5.9596e-04, 7.5846e-04, 9.6655e-04, 1.2345e-03,
         1.5825e-03, 2.0363e-03, 2.6338e-03, 3.4076e-03, 4.4133e-03, 5.7250e-03,
         7.4411e-03, 9.7675e-03, 1.2881e-02, 1.7024e-02, 2.2539e-02, 2.9853e-02,
         4.0022e-02, 5.3574e-02, 7.1458e-02, 9.5547e-02, 1.2720e-01, 1.6718e-01,
         2.1601e-01, 2.7134e-01, 3.3154e-01, 3.9388e-01, 4.5630e-01, 5.1681e-01,
         5.7383e-01, 6.2649e-01, 6.7441e-01, 7.1716e-01, 7.5541e-01, 7.8865e-01,
         8.1819e-01, 8.4371e-01, 8.6630e-01, 8.8603e-01, 9.0353e-01, 9.1914e-01,
         9.2873e-01, 9.2873e-01, 9.2873e-01, 9.2873e-01, 9.2873e-01, 9.2873e-01,
         9.2873e-01, 9.2873e-01]], dtype=torch.float64), 'xH2O': tensor([[7.0147e-07, 4.2371e-07, 1.5680e-07, 5.5005e-08, 1.5994e-08, 3.8570e-09,
         7.7660e-10, 1.2468e-10, 7.8401e-12, 5.6552e-13, 6.1334e-13, 4.8930e-13,
         3.4512e-13, 1.6285e-13, 9.7060e-14, 9.1236e-14, 8.4195e-14, 7.4331e-14,
         6.2997e-14, 4.4882e-14, 2.4596e-14, 1.6951e-14, 1.4027e-14, 1.2715e-14,
         1.2067e-14, 1.1708e-14, 1.1454e-14, 1.1214e-14, 1.0979e-14, 1.0780e-14,
         1.0673e-14, 1.0724e-14, 1.1012e-14, 1.1564e-14, 1.2422e-14, 1.3640e-14,
         1.5303e-14, 1.7633e-14, 2.0941e-14, 2.5195e-14, 3.0877e-14, 3.8773e-14,
         5.0168e-14, 6.9009e-14, 1.0197e-13, 1.6361e-13, 2.9209e-13, 6.0396e-13,
         2.0510e-12, 8.3527e-12, 2.0748e-11, 3.4418e-11, 4.8182e-11, 6.1390e-11,
         7.2414e-11, 8.0721e-11, 8.4972e-11, 8.5827e-11, 8.3338e-11, 7.8742e-11,
         7.2875e-11, 6.6737e-11, 6.0986e-11, 5.6128e-11, 5.2320e-11, 4.9849e-11,
         4.8585e-11, 4.8743e-11, 5.0253e-11, 5.3264e-11, 5.7952e-11, 6.4379e-11,
         6.9899e-11, 6.9899e-11, 6.9899e-11, 6.9899e-11, 6.9899e-11, 6.9899e-11,
         6.9899e-11, 6.9899e-11]], dtype=torch.float64), 'xSO2': tensor([[1.4818e-02, 1.1277e-02, 6.7792e-03, 3.7832e-03, 1.8285e-03, 7.5914e-04,
         2.7242e-04, 8.3589e-05, 2.1880e-05, 5.6150e-06, 1.0793e-06, 2.2744e-07,
         3.9995e-08, 5.0327e-09, 9.2815e-10, 6.1750e-10, 6.8107e-10, 8.3174e-10,
         1.0342e-09, 1.2918e-09, 1.6240e-09, 2.0407e-09, 2.5614e-09, 3.2029e-09,
         3.9442e-09, 4.8376e-09, 6.0134e-09, 7.5641e-09, 9.6283e-09, 1.2380e-08,
         1.6022e-08, 2.0755e-08, 2.6661e-08, 3.4149e-08, 4.3817e-08, 5.6436e-08,
         7.3252e-08, 9.7289e-08, 1.3295e-07, 1.8236e-07, 2.5346e-07, 3.5951e-07,
         5.1544e-07, 7.2265e-07, 9.9976e-07, 1.3758e-06, 1.8936e-06, 2.6112e-06,
         3.6753e-06, 5.1955e-06, 7.3680e-06, 1.0620e-05, 1.5447e-05, 2.2366e-05,
         3.2198e-05, 4.4584e-05, 5.9211e-05, 7.4583e-05, 8.9091e-05, 1.0110e-04,
         1.0895e-04, 1.1191e-04, 1.0991e-04, 1.0343e-04, 9.3924e-05, 8.2499e-05,
         7.0660e-05, 5.9405e-05, 4.9387e-05, 4.1031e-05, 3.4543e-05, 2.9836e-05,
         2.7732e-05, 2.7732e-05, 2.7732e-05, 2.7732e-05, 2.7732e-05, 2.7732e-05,
         2.7732e-05, 2.7732e-05]], dtype=torch.float64), 'xH2SO4aer': tensor([[6.9857e-08, 7.8461e-08, 9.6842e-08, 1.1644e-07, 1.4035e-07, 1.7025e-07,
         2.1645e-07, 4.4779e-07, 1.2652e-06, 4.2019e-07, 2.2914e-09, 3.7851e-11,
         1.7325e-12, 6.8393e-14, 2.7691e-14, 2.6224e-14, 3.0197e-14, 3.5944e-14,
         4.2981e-14, 5.0721e-14, 5.1757e-14, 4.3880e-14, 3.4370e-14, 2.5706e-14,
         1.8499e-14, 1.2848e-14, 8.7369e-15, 5.7902e-15, 3.7690e-15, 2.4369e-15,
         1.5858e-15, 1.0571e-15, 7.3740e-16, 5.3026e-16, 3.9322e-16, 3.0045e-16,
         2.3638e-16, 1.9140e-16, 1.6030e-16, 1.3874e-16, 1.2473e-16, 1.1722e-16,
         1.1574e-16, 1.2090e-16, 1.3275e-16, 1.5188e-16, 1.7935e-16, 2.1583e-16,
         2.5925e-16, 2.8138e-16, 1.9472e-16, 7.9883e-17, 3.2631e-17, 1.6430e-17,
         1.1250e-17, 7.7961e-18, 5.0362e-18, 2.8201e-18, 1.4232e-18, 6.3295e-19,
         2.6372e-19, 1.0118e-19, 3.7103e-20, 1.3611e-20, 4.7650e-21, 1.8445e-21,
         6.8806e-22, 2.8673e-22, 1.1737e-22, 4.7822e-23, 1.6305e-23, 2.3307e-24,
         1.0000e-40, 1.0000e-40, 1.0000e-40, 1.0000e-40, 1.0000e-40, 1.0000e-40,
         1.0000e-40, 1.0000e-40]], dtype=torch.float64), 'xS8aer': tensor([[2.1125e-34, 4.2825e-34, 1.5848e-32, 5.5465e-27, 1.1370e-22, 1.9641e-21,
         3.1325e-21, 3.0641e-21, 8.9515e-21, 2.7121e-21, 1.0215e-23, 3.0555e-29,
         3.9994e-31, 1.3193e-33, 1.1367e-35, 2.4050e-36, 2.5459e-36, 3.0564e-36,
         3.7047e-36, 4.4936e-36, 5.4741e-36, 6.6724e-36, 8.1421e-36, 9.9501e-36,
         1.2180e-35, 1.4949e-35, 1.8471e-35, 2.2866e-35, 2.8360e-35, 3.5242e-35,
         4.3881e-35, 5.4828e-35, 6.9023e-35, 8.7097e-35, 1.1019e-34, 1.3983e-34,
         1.7815e-34, 2.2771e-34, 2.9240e-34, 3.7569e-34, 4.8193e-34, 6.1591e-34,
         7.8002e-34, 9.5900e-34, 1.0567e-33, 7.6630e-34, 1.2923e-34, 1.0000e-40,
         1.0000e-40, 1.0000e-40, 1.0000e-40, 1.0000e-40, 1.0000e-40, 1.0000e-40,
         1.0000e-40, 1.0000e-40, 1.0000e-40, 1.0000e-40, 1.0000e-40, 1.0000e-40,
         1.0000e-40, 1.0000e-40, 1.0000e-40, 1.0000e-40, 1.0000e-40, 1.0000e-40,
         1.0000e-40, 1.0000e-40, 1.0000e-40, 1.0000e-40, 1.0000e-40, 1.0000e-40,
         1.0000e-40, 1.0000e-40, 1.0000e-40, 1.0000e-40, 1.0000e-40, 1.0000e-40,
         1.0000e-40, 1.0000e-40]], dtype=torch.float64)}"
777600,222.071,0,"{'pres': tensor([[5.3000e+04, 4.2137e+04, 3.3501e+04, 2.6635e+04, 2.1176e+04, 1.6836e+04,
         1.3385e+04, 1.0642e+04, 8.4606e+03, 6.7265e+03, 5.3479e+03, 4.2518e+03,
         3.3803e+03, 2.6875e+03, 2.1367e+03, 1.6988e+03, 1.3506e+03, 1.0738e+03,
         8.5370e+02, 6.7873e+02, 5.3962e+02, 4.2902e+02, 3.4109e+02, 2.7118e+02,
         2.1560e+02, 1.7141e+02, 1.3628e+02, 1.0835e+02, 8.6141e+01, 6.8485e+01,
         5.4449e+01, 4.3289e+01, 3.4417e+01, 2.7363e+01, 2.1755e+01, 1.7296e+01,
         1.3751e+01, 1.0933e+01, 8.6918e+00, 6.9104e+00, 5.4941e+00, 4.3680e+00,
         3.4728e+00, 2.7610e+00, 2.1951e+00, 1.7452e+00, 1.3875e+00, 1.1031e+00,
         8.7703e-01, 6.9728e-01, 5.5437e-01, 4.4075e-01, 3.5041e-01, 2.7859e-01,
         2.2149e-01, 1.7610e-01, 1.4000e-01, 1.1131e-01, 8.8495e-02, 7.0358e-02,
         5.5937e-02, 4.4473e-02, 3.5358e-02, 2.8111e-02, 2.2349e-02, 1.7769e-02,
         1.4127e-02, 1.1231e-02, 8.9295e-03, 7.0993e-03, 5.6442e-03, 4.4874e-03,
         3.5677e-03, 2.8365e-03, 2.2551e-03, 1.7929e-03, 1.4254e-03, 1.1333e-03,
         9.0101e-04, 7.1634e-04]], dtype=torch.float64), 'temp': tensor([[191.5869, 185.8114, 179.7405, 173.1836, 166.1559, 158.7715, 151.2600,
         143.8471, 136.6821, 129.8324, 123.3186, 117.1239, 111.2648, 105.6507,
         100.3648, 100.0232, 100.0180, 100.0174, 100.0181, 100.0196, 100.0217,
         100.0244, 100.0279, 100.0322, 100.0375, 100.0439, 100.0517, 100.0612,
         100.0725, 100.0861, 100.1026, 100.1228, 100.1482, 100.1799, 100.2197,
         100.2701, 100.3373, 100.4554, 100.6353, 100.8105, 101.0241, 101.3012,
         101.6636, 102.1427, 102.7879, 103.6509, 104.8072, 106.3567, 108.4454,
         111.2342, 114.7723, 118.8825, 123.0795, 126.5215, 128.6649, 129.7618,
         130.5036, 131.1745, 131.7823, 132.2687, 132.7042, 133.0558, 133.3787,
         133.6435, 133.8782, 134.0687, 134.2411, 134.3713, 134.4935, 134.5781,
         134.6669, 134.7224, 134.7791, 134.8152, 134.8474, 134.8744, 134.8904,
         134.9085, 134.9209, 134.9305]], dtype=torch.float64), 'xCO2': tensor([[9.4752e-01, 8.6495e-01, 6.8802e-01, 5.0431e-01, 3.1759e-01, 1.6849e-01,
         8.0612e-02, 3.4953e-02, 1.3742e-02, 5.2740e-03, 1.7343e-03, 5.8933e-04,
         1.7854e-04, 4.5664e-05, 1.5162e-05, 1.2676e-05, 1.4791e-05, 1.8389e-05,
         2.3058e-05, 2.8950e-05, 3.6531e-05, 4.6050e-05, 5.7997e-05, 7.2983e-05,
         9.1776e-05, 1.1547e-04, 1.4598e-04, 1.8443e-04, 2.3288e-04, 2.9393e-04,
         3.7094e-04, 4.6901e-04, 5.9655e-04, 7.5939e-04, 9.6802e-04, 1.2368e-03,
         1.5862e-03, 2.0425e-03, 2.6427e-03, 3.4203e-03, 4.4310e-03, 5.7495e-03,
         7.4746e-03, 9.8165e-03, 1.2947e-02, 1.7109e-02, 2.2646e-02, 2.9988e-02,
         4.0196e-02, 5.3770e-02, 7.1663e-02, 9.5831e-02, 1.2745e-01, 1.6740e-01,
         2.1597e-01, 2.7096e-01, 3.3074e-01, 3.9272e-01, 4.5483e-01, 5.1506e-01,
         5.7193e-01, 6.2440e-01, 6.7226e-01, 7.1488e-01, 7.5310e-01, 7.8625e-01,
         8.1571e-01, 8.4123e-01, 8.6375e-01, 8.8347e-01, 9.0090e-01, 9.1647e-01,
         9.2562e-01, 9.2562e-01, 9.2562e-01, 9.2562e-01, 9.2562e-01, 9.2562e-01,
         9.2562e-01, 9.2562e-01]], dtype=torch.float64), 'xH2O': tensor([[7.0374e-07, 4.2522e-07, 1.5751e-07, 5.5307e-08, 1.6098e-08, 3.8855e-09,
         7.8313e-10, 1.2592e-10, 7.9014e-12, 5.7054e-13, 6.1489e-13, 4.9151e-13,
         3.4842e-13, 1.6496e-13, 9.8478e-14, 9.2624e-14, 8.5733e-14, 7.5957e-14,
         6.5046e-14, 5.0250e-14, 2.9608e-14, 1.9413e-14, 1.5521e-14, 1.3796e-14,
         1.2939e-14, 1.2459e-14, 1.2128e-14, 1.1829e-14, 1.1545e-14, 1.1306e-14,
         1.1168e-14, 1.1198e-14, 1.1474e-14, 1.2020e-14, 1.2879e-14, 1.4104e-14,
         1.5782e-14, 1.8143e-14, 2.1499e-14, 2.5826e-14, 3.1628e-14, 3.9726e-14,
         5.1473e-14, 7.1132e-14, 1.0576e-13, 1.7121e-13, 3.0950e-13, 6.5415e-13,
         2.3163e-12, 9.5296e-12, 2.2454e-11, 3.6346e-11, 5.0430e-11, 6.3926e-11,
         7.5196e-11, 8.3570e-11, 8.7840e-11, 8.8548e-11, 8.5866e-11, 8.0974e-11,
         7.4793e-11, 6.8328e-11, 6.2263e-11, 5.7138e-11, 5.3083e-11, 5.0431e-11,
         4.9022e-11, 4.9049e-11, 5.0482e-11, 5.3421e-11, 5.8094e-11, 6.4504e-11,
         6.9812e-11, 6.9812e-11, 6.9812e-11, 6.9812e-11, 6.9812e-11, 6.9812e-11,
         6.9812e-11, 6.9812e-11]], dtype=torch.float64), 'xSO2': tensor([[1.4848e-02, 1.1303e-02, 6.7988e-03, 3.7967e-03, 1.8364e-03, 7.6299e-04,
         2.7399e-04, 8.4147e-05, 2.2014e-05, 5.6574e-06, 1.0853e-06, 2.2956e-07,
         4.0309e-08, 5.0411e-09, 9.3859e-10, 6.1890e-10, 6.8075e-10, 8.3117e-10,
         1.0337e-09, 1.2917e-09, 1.6243e-09, 2.0419e-09, 2.5653e-09, 3.2185e-09,
         4.0209e-09, 4.9709e-09, 6.1965e-09, 7.8033e-09, 9.9311e-09, 1.2744e-08,
         1.6390e-08, 2.0904e-08, 2.6734e-08, 3.4227e-08, 4.3929e-08, 5.6609e-08,
         7.3525e-08, 9.7795e-08, 1.3383e-07, 1.8393e-07, 2.5631e-07, 3.6461e-07,
         5.2303e-07, 7.3407e-07, 1.0165e-06, 1.4002e-06, 1.9288e-06, 2.6620e-06,
         3.7505e-06, 5.3020e-06, 7.5169e-06, 1.0846e-05, 1.5755e-05, 2.2803e-05,
         3.2705e-05, 4.5139e-05, 5.9707e-05, 7.4972e-05, 8.9366e-05, 1.0122e-04,
         1.0902e-04, 1.1189e-04, 1.0993e-04, 1.0344e-04, 9.4000e-05, 8.2594e-05,
         7.0789e-05, 5.9543e-05, 4.9547e-05, 4.1181e-05, 3.4716e-05, 3.0006e-05,
         2.8001e-05, 2.8001e-05, 2.8001e-05, 2.8001e-05, 2.8001e-05, 2.8001e-05,
         2.8001e-05, 2.8001e-05]], dtype=torch.float64), 'xH2SO4aer': tensor([[6.9859e-08, 7.8464e-08, 9.6848e-08, 1.1645e-07, 1.4039e-07, 1.7036e-07,
         2.1703e-07, 4.5553e-07, 1.2700e-06, 4.0406e-07, 1.9333e-09, 3.8409e-11,
         1.7345e-12, 6.0584e-14, 2.4473e-14, 2.3081e-14, 2.6556e-14, 3.1613e-14,
         3.7824e-14, 4.4971e-14, 4.8303e-14, 4.2719e-14, 3.3999e-14, 2.5599e-14,
         1.8471e-14, 1.2837e-14, 8.7191e-15, 5.7652e-15, 3.7408e-15, 2.4092e-15,
         1.5606e-15, 1.0358e-15, 7.1883e-16, 5.1402e-16, 3.7901e-16, 2.8804e-16,
         2.2555e-16, 1.8204e-16, 1.5224e-16, 1.3193e-16, 1.1911e-16, 1.1277e-16,
         1.1246e-16, 1.1889e-16, 1.3211e-16, 1.5285e-16, 1.8228e-16, 2.2118e-16,
         2.6723e-16, 2.8914e-16, 1.9105e-16, 7.8026e-17, 3.2955e-17, 1.7507e-17,
         1.2183e-17, 8.5042e-18, 5.4660e-18, 3.0539e-18, 1.5312e-18, 6.8134e-19,
         2.8078e-19, 1.0791e-19, 3.8956e-20, 1.4339e-20, 4.9244e-21, 1.9174e-21,
         7.1534e-22, 2.9486e-22, 1.2106e-22, 4.8892e-23, 1.6807e-23, 2.3321e-24,
         1.0000e-40, 1.0000e-40, 1.0000e-40, 1.0000e-40, 1.0000e-40, 1.0000e-40,
         1.0000e-40, 1.0000e-40]], dtype=torch.float64), 'xS8aer': tensor([[2.1128e-34, 4.2835e-34, 1.7318e-32, 5.8378e-27, 1.1456e-22, 1.9672e-21,
         3.1730e-21, 3.1292e-21, 8.9756e-21, 2.5955e-21, 8.2725e-24, 3.1435e-29,
         4.0964e-31, 1.2531e-33, 1.1783e-35, 2.5516e-36, 2.7070e-36, 3.2485e-36,
         3.9365e-36, 4.7775e-36, 5.8286e-36, 7.1201e-36, 8.7100e-36, 1.0668e-35,
         1.3081e-35, 1.6073e-35, 1.9866e-35, 2.4591e-35, 3.0494e-35, 3.7891e-35,
         4.7181e-35, 5.8973e-35, 7.4260e-35, 9.3727e-35, 1.1860e-34, 1.5056e-34,
         1.9190e-34, 2.4544e-34, 3.1532e-34, 4.0530e-34, 5.2016e-34, 6.6511e-34,
         8.4266e-34, 1.0354e-33, 1.1348e-33, 7.9427e-34, 1.2408e-34, 1.0000e-40,
         1.0000e-40, 1.0000e-40, 1.0000e-40, 1.0000e-40, 1.0000e-40, 1.0000e-40,
         1.0000e-40, 1.0000e-40, 1.0000e-40, 1.0000e-40, 1.0000e-40, 1.0000e-40,
         1.0000e-40, 1.0000e-40, 1.0000e-40, 1.0000e-40, 1.0000e-40, 1.0000e-40,
         1.0000e-40, 1.0000e-40, 1.0000e-40, 1.0000e-40, 1.0000e-40, 1.0000e-40,
         1.0000e-40, 1.0000e-40, 1.0000e-40, 1.0000e-40, 1.0000e-40, 1.0000e-40,
         1.0000e-40, 1.0000e-40]], dtype=torch.float64)}"
799200,222.074,0,"{'pres': tensor([[5.3000e+04, 4.2137e+04, 3.3501e+04, 2.6635e+04, 2.1176e+04, 1.6836e+04,
         1.3385e+04, 1.0642e+04, 8.4606e+03, 6.7265e+03, 5.3479e+03, 4.2518e+03,
         3.3803e+03, 2.6875e+03, 2.1367e+03, 1.6988e+03, 1.3506e+03, 1.0738e+03,
         8.5370e+02, 6.7873e+02, 5.3962e+02, 4.2902e+02, 3.4109e+02, 2.7118e+02,
         2.1560e+02, 1.7141e+02, 1.3628e+02, 1.0835e+02, 8.6141e+01, 6.8485e+01,
         5.4449e+01, 4.3289e+01, 3.4417e+01, 2.7363e+01, 2.1755e+01, 1.7296e+01,
         1.3751e+01, 1.0933e+01, 8.6918e+00, 6.9104e+00, 5.4941e+00, 4.3680e+00,
         3.4728e+00, 2.7610e+00, 2.1951e+00, 1.7452e+00, 1.3875e+00, 1.1031e+00,
         8.7703e-01, 6.9728e-01, 5.5437e-01, 4.4075e-01, 3.5041e-01, 2.7859e-01,
         2.2149e-01, 1.7610e-01, 1.4000e-01, 1.1131e-01, 8.8495e-02, 7.0358e-02,
         5.5937e-02, 4.4473e-02, 3.5358e-02, 2.8111e-02, 2.2349e-02, 1.7769e-02,
         1.4127e-02, 1.1231e-02, 8.9295e-03, 7.0993e-03, 5.6442e-03, 4.4874e-03,
         3.5677e-03, 2.8365e-03, 2.2551e-03, 1.7929e-03, 1.4254e-03, 1.1333e-03,
         9.0101e-04, 7.1634e-04]], dtype=torch.float64), 'temp': tensor([[191.6057, 185.8328, 179.7648, 173.2112, 166.1865, 158.8038, 151.2927,
         143.8790, 136.7126, 129.8614, 123.3461, 117.1499, 111.2896, 105.6740,
         100.3869, 100.0233, 100.0181, 100.0175, 100.0182, 100.0197, 100.0218,
         100.0246, 100.0281, 100.0325, 100.0379, 100.0444, 100.0524, 100.0620,
         100.0735, 100.0874, 100.1043, 100.1250, 100.1510, 100.1835, 100.2243,
         100.2761, 100.3451, 100.4657, 100.6488, 100.8283, 101.0477, 101.3328,
         101.7058, 102.1995, 102.8646, 103.7543, 104.9461, 106.5419, 108.6912,
         111.5490, 115.1501, 119.2904, 123.4470, 126.7725, 128.7912, 129.8240,
         130.5546, 131.2217, 131.8202, 132.3001, 132.7314, 133.0802, 133.4011,
         133.6635, 133.8970, 134.0860, 134.2573, 134.3873, 134.5076, 134.5928,
         134.6806, 134.7359, 134.7921, 134.8279, 134.8599, 134.8868, 134.9026,
         134.9206, 134.9330, 134.9424]], dtype=torch.float64), 'xCO2': tensor([[9.4769e-01, 8.6544e-01, 6.8908e-01, 5.0561e-01, 3.1867e-01, 1.6915e-01,
         8.0969e-02, 3.5125e-02, 1.3808e-02, 5.3029e-03, 1.7426e-03, 5.9311e-04,
         1.7956e-04, 4.5828e-05, 1.5282e-05, 1.2702e-05, 1.4795e-05, 1.8389e-05,
         2.3057e-05, 2.8953e-05, 3.6534e-05, 4.6054e-05, 5.8001e-05, 7.2988e-05,
         9.1781e-05, 1.1550e-04, 1.4602e-04, 1.8449e-04, 2.3295e-04, 2.9405e-04,
         3.7112e-04, 4.6939e-04, 5.9713e-04, 7.6031e-04, 9.6950e-04, 1.2392e-03,
         1.5900e-03, 2.0487e-03, 2.6517e-03, 3.4331e-03, 4.4489e-03, 5.7742e-03,
         7.5081e-03, 9.8652e-03, 1.3011e-02, 1.7192e-02, 2.2750e-02, 3.0133e-02,
         4.0366e-02, 5.3959e-02, 7.1862e-02, 9.6106e-02, 1.2768e-01, 1.6761e-01,
         2.1590e-01, 2.7055e-01, 3.2993e-01, 3.9154e-01, 4.5336e-01, 5.1330e-01,
         5.7002e-01, 6.2229e-01, 6.7009e-01, 7.1257e-01, 7.5070e-01, 7.8383e-01,
         8.1321e-01, 8.3874e-01, 8.6118e-01, 8.8088e-01, 8.9824e-01, 9.1375e-01,
         9.2249e-01, 9.2249e-01, 9.2249e-01, 9.2249e-01, 9.2249e-01, 9.2249e-01,
         9.2249e-01, 9.2249e-01]], dtype=torch.float64), 'xH2O': tensor([[7.0601e-07, 4.2673e-07, 1.5822e-07, 5.5610e-08, 1.6202e-08, 3.9142e-09,
         7.8972e-10, 1.2717e-10, 7.9623e-12, 5.7569e-13, 6.1641e-13, 4.9366e-13,
         3.5165e-13, 1.6703e-13, 9.9866e-14, 9.3974e-14, 8.7234e-14, 7.7543e-14,
         6.6825e-14, 5.4094e-14, 3.5050e-14, 2.2332e-14, 1.7234e-14, 1.4995e-14,
         1.3881e-14, 1.3256e-14, 1.2833e-14, 1.2466e-14, 1.2128e-14, 1.1847e-14,
         1.1678e-14, 1.1688e-14, 1.1950e-14, 1.2489e-14, 1.3346e-14, 1.4577e-14,
         1.6270e-14, 1.8661e-14, 2.2064e-14, 2.6466e-14, 3.2389e-14, 4.0693e-14,
         5.2804e-14, 7.3319e-14, 1.0969e-13, 1.7919e-13, 3.2803e-13, 7.1517e-13,
         2.6092e-12, 1.0694e-11, 2.4158e-11, 3.8338e-11, 5.2735e-11, 6.6504e-11,
         7.8014e-11, 8.6450e-11, 9.0735e-11, 9.1293e-11, 8.8416e-11, 8.3225e-11,
         7.6732e-11, 6.9942e-11, 6.3565e-11, 5.8176e-11, 5.3895e-11, 5.1045e-11,
         4.9492e-11, 4.9390e-11, 5.0749e-11, 5.3618e-11, 5.8282e-11, 6.4700e-11,
         6.9787e-11, 6.9787e-11, 6.9787e-11, 6.9787e-11, 6.9787e-11, 6.9787e-11,
         6.9787e-11, 6.9787e-11]], dtype=torch.float64), 'xSO2': tensor([[1.4877e-02, 1.1328e-02, 6.8184e-03, 3.8103e-03, 1.8444e-03, 7.6685e-04,
         2.7558e-04, 8.4708e-05, 2.2148e-05, 5.7003e-06, 1.0913e-06, 2.3170e-07,
         4.0625e-08, 5.0488e-09, 9.4919e-10, 6.2035e-10, 6.8045e-10, 8.3061e-10,
         1.0332e-09, 1.2916e-09, 1.6246e-09, 2.0428e-09, 2.5675e-09, 3.2251e-09,
         4.0481e-09, 5.0778e-09, 6.3726e-09, 8.0358e-09, 1.0214e-08, 1.3007e-08,
         1.6502e-08, 2.0957e-08, 2.6787e-08, 3.4302e-08, 4.4040e-08, 5.6779e-08,
         7.3796e-08, 9.8303e-08, 1.3472e-07, 1.8553e-07, 2.5920e-07, 3.6980e-07,
         5.3063e-07, 7.4547e-07, 1.0333e-06, 1.4246e-06, 1.9639e-06, 2.7144e-06,
         3.8255e-06, 5.4081e-06, 7.6648e-06, 1.1069e-05, 1.6058e-05, 2.3228e-05,
         3.3192e-05, 4.5661e-05, 6.0165e-05, 7.5320e-05, 8.9598e-05, 1.0130e-04,
         1.0905e-04, 1.1183e-04, 1.0991e-04, 1.0342e-04, 9.4010e-05, 8.2653e-05,
         7.0885e-05, 5.9653e-05, 4.9683e-05, 4.1309e-05, 3.4870e-05, 3.0177e-05,
         2.8255e-05, 2.8255e-05, 2.8255e-05, 2.8255e-05, 2.8255e-05, 2.8255e-05,
         2.8255e-05, 2.8255e-05]], dtype=torch.float64), 'xH2SO4aer': tensor([[6.9861e-08, 7.8468e-08, 9.6855e-08, 1.1647e-07, 1.4043e-07, 1.7047e-07,
         2.1762e-07, 4.6330e-07, 1.2740e-06, 3.8857e-07, 1.6221e-09, 3.8983e-11,
         1.7393e-12, 5.3322e-14, 2.1492e-14, 2.0183e-14, 2.3202e-14, 2.7622e-14,
         3.3060e-14, 3.9470e-14, 4.4043e-14, 4.1001e-14, 3.3347e-14, 2.5339e-14,
         1.8353e-14, 1.2772e-14, 8.6695e-15, 5.7227e-15, 3.7038e-15, 2.3777e-15,
         1.5344e-15, 1.0145e-15, 7.0056e-16, 4.9825e-16, 3.6534e-16, 2.7617e-16,
         2.1525e-16, 1.7317e-16, 1.4461e-16, 1.2545e-16, 1.1372e-16, 1.0842e-16,
         1.0913e-16, 1.1665e-16, 1.3103e-16, 1.5310e-16, 1.8412e-16, 2.2503e-16,
         2.7292e-16, 2.9362e-16, 1.8730e-16, 7.6828e-17, 3.3503e-17, 1.8681e-17,
         1.3183e-17, 9.2520e-18, 5.9166e-18, 3.2985e-18, 1.6432e-18, 7.3172e-19,
         2.9828e-19, 1.1489e-19, 4.0821e-20, 1.5091e-20, 5.1688e-21, 1.9926e-21,
         7.4400e-22, 3.0335e-22, 1.2498e-22, 5.0048e-23, 1.7357e-23, 2.4539e-24,
         1.0000e-40, 1.0000e-40, 1.0000e-40, 1.0000e-40, 1.0000e-40, 1.0000e-40,
         1.0000e-40, 1.0000e-40]], dtype=torch.float64), 'xS8aer': tensor([[2.1130e-34, 4.2845e-34, 1.8899e-32, 6.1365e-27, 1.1542e-22, 1.9704e-21,
         3.2131e-21, 3.1945e-21, 8.9932e-21, 2.4841e-21, 6.6031e-24, 3.2341e-29,
         4.1954e-31, 1.1798e-33, 1.2168e-35, 2.6568e-36, 2.8340e-36, 3.4229e-36,
         4.1742e-36, 5.0927e-36, 6.2329e-36, 7.6229e-36, 9.3222e-36, 1.1406e-35,
         1.3969e-35, 1.7151e-35, 2.1191e-35, 2.6231e-35, 3.2533e-35, 4.0432e-35,
         5.0350e-35, 6.2948e-35, 7.9269e-35, 1.0006e-34, 1.2665e-34, 1.6083e-34,
         2.0509e-34, 2.6251e-34, 3.3745e-34, 4.3395e-34, 5.5722e-34, 7.1284e-34,
         9.0345e-34, 1.1090e-33, 1.2071e-33, 8.0743e-34, 1.1499e-34, 1.0000e-40,
         1.0000e-40, 1.0000e-40, 1.0000e-40, 1.0000e-40, 1.0000e-40, 1.0000e-40,
         1.0000e-40, 1.0000e-40, 1.0000e-40, 1.0000e-40, 1.0000e-40, 1.0000e-40,
         1.0000e-40, 1.0000e-40, 1.0000e-40, 1.0000e-40, 1.0000e-40, 1.0000e-40,
         1.0000e-40, 1.0000e-40, 1.0000e-40, 1.0000e-40, 1.0000e-40, 1.0000e-40,
         1.0000e-40, 1.0000e-40, 1.0000e-40, 1.0000e-40, 1.0000e-40, 1.0000e-40,
         1.0000e-40, 1.0000e-40]], dtype=torch.float64)}"
820800,222.078,0,"{'pres': tensor([[5.3000e+04, 4.2137e+04, 3.3501e+04, 2.6635e+04, 2.1176e+04, 1.6836e+04,
         1.3385e+04, 1.0642e+04, 8.4606e+03, 6.7265e+03, 5.3479e+03, 4.2518e+03,
         3.3803e+03, 2.6875e+03, 2.1367e+03, 1.6988e+03, 1.3506e+03, 1.0738e+03,
         8.5370e+02, 6.7873e+02, 5.3962e+02, 4.2902e+02, 3.4109e+02, 2.7118e+02,
         2.1560e+02, 1.7141e+02, 1.3628e+02, 1.0835e+02, 8.6141e+01, 6.8485e+01,
         5.4449e+01, 4.3289e+01, 3.4417e+01, 2.7363e+01, 2.1755e+01, 1.7296e+01,
         1.3751e+01, 1.0933e+01, 8.6918e+00, 6.9104e+00, 5.4941e+00, 4.3680e+00,
         3.4728e+00, 2.7610e+00, 2.1951e+00, 1.7452e+00, 1.3875e+00, 1.1031e+00,
         8.7703e-01, 6.9728e-01, 5.5437e-01, 4.4075e-01, 3.5041e-01, 2.7859e-01,
         2.2149e-01, 1.7610e-01, 1.4000e-01, 1.1131e-01, 8.8495e-02, 7.0358e-02,
         5.5937e-02, 4.4473e-02, 3.5358e-02, 2.8111e-02, 2.2349e-02, 1.7769e-02,
         1.4127e-02, 1.1231e-02, 8.9295e-03, 7.0993e-03, 5.6442e-03, 4.4874e-03,
         3.5677e-03, 2.8365e-03, 2.2551e-03, 1.7929e-03, 1.4254e-03, 1.1333e-03,
         9.0101e-04, 7.1634e-04]], dtype=torch.float64), 'temp': tensor([[191.6245, 185.8540, 179.7890, 173.2387, 166.2170, 158.8361, 151.3254,
         143.9109, 136.7432, 129.8905, 123.3737, 117.1760, 111.3144, 105.6974,
         100.4090, 100.0235, 100.0181, 100.0176, 100.0183, 100.0198, 100.0220,
         100.0248, 100.0284, 100.0328, 100.0383, 100.0449, 100.0530, 100.0628,
         100.0745, 100.0887, 100.1060, 100.1272, 100.1537, 100.1871, 100.2289,
         100.2821, 100.3529, 100.4759, 100.6623, 100.8462, 101.0715, 101.3645,
         101.7483, 102.2568, 102.9419, 103.8584, 105.0859, 106.7282, 108.9376,
         111.8631, 115.5234, 119.6880, 123.7973, 127.0050, 128.9056, 129.8822,
         130.6044, 131.2671, 131.8565, 132.3305, 132.7579, 133.1038, 133.4227,
         133.6828, 133.9150, 134.1026, 134.2728, 134.4025, 134.5212, 134.6068,
         134.6936, 134.7487, 134.8045, 134.8401, 134.8719, 134.8986, 134.9143,
         134.9322, 134.9444, 134.9538]], dtype=torch.float64), 'xCO2': tensor([[9.4786e-01, 8.6593e-01, 6.9012e-01, 5.0688e-01, 3.1975e-01, 1.6982e-01,
         8.1327e-02, 3.5299e-02, 1.3874e-02, 5.3321e-03, 1.7509e-03, 5.9692e-04,
         1.8060e-04, 4.5992e-05, 1.5404e-05, 1.2728e-05, 1.4799e-05, 1.8389e-05,
         2.3056e-05, 2.8957e-05, 3.6538e-05, 4.6057e-05, 5.8005e-05, 7.2992e-05,
         9.1786e-05, 1.1552e-04, 1.4606e-04, 1.8454e-04, 2.3303e-04, 2.9417e-04,
         3.7130e-04, 4.6977e-04, 5.9772e-04, 7.6124e-04, 9.7099e-04, 1.2416e-03,
         1.5939e-03, 2.0550e-03, 2.6608e-03, 3.4459e-03, 4.4668e-03, 5.7988e-03,
         7.5415e-03, 9.9136e-03, 1.3075e-02, 1.7275e-02, 2.2853e-02, 3.0275e-02,
         4.0532e-02, 5.4143e-02, 7.2055e-02, 9.6370e-02, 1.2791e-01, 1.6779e-01,
         2.1581e-01, 2.7013e-01, 3.2910e-01, 3.9036e-01, 4.5187e-01, 5.1153e-01,
         5.6809e-01, 6.2017e-01, 6.6790e-01, 7.1025e-01, 7.4827e-01, 7.8140e-01,
         8.1070e-01, 8.3622e-01, 8.5860e-01, 8.7827e-01, 8.9556e-01, 9.1100e-01,
         9.1934e-01, 9.1934e-01, 9.1934e-01, 9.1934e-01, 9.1934e-01, 9.1934e-01,
         9.1934e-01, 9.1934e-01]], dtype=torch.float64), 'xH2O': tensor([[7.0828e-07, 4.2824e-07, 1.5894e-07, 5.5914e-08, 1.6307e-08, 3.9431e-09,
         7.9636e-10, 1.2844e-10, 8.0231e-12, 5.8094e-13, 6.1792e-13, 4.9576e-13,
         3.5482e-13, 1.6907e-13, 1.0123e-13, 9.5287e-14, 8.8700e-14, 7.9094e-14,
         6.8468e-14, 5.6862e-14, 4.0113e-14, 2.5693e-14, 1.9189e-14, 1.6323e-14,
         1.4900e-14, 1.4102e-14, 1.3571e-14, 1.3126e-14, 1.2730e-14, 1.2406e-14,
         1.2205e-14, 1.2193e-14, 1.2440e-14, 1.2969e-14, 1.3823e-14, 1.5059e-14,
         1.6765e-14, 1.9186e-14, 2.2635e-14, 2.7113e-14, 3.3160e-14, 4.1676e-14,
         5.4162e-14, 7.5571e-14, 1.1378e-13, 1.8756e-13, 3.4775e-13, 7.8279e-13,
         2.9316e-12, 1.1743e-11, 2.5814e-11, 4.0370e-11, 5.5093e-11, 6.9126e-11,
         8.0869e-11, 8.9361e-11, 9.3658e-11, 9.4060e-11, 9.0988e-11, 8.5496e-11,
         7.8692e-11, 7.1579e-11, 6.4891e-11, 5.9241e-11, 5.4740e-11, 5.1689e-11,
         4.9996e-11, 4.9766e-11, 5.1053e-11, 5.3855e-11, 5.8514e-11, 6.4964e-11,
         6.9823e-11, 6.9823e-11, 6.9823e-11, 6.9823e-11, 6.9823e-11, 6.9823e-11,
         6.9823e-11, 6.9823e-11]], dtype=torch.float64), 'xSO2': tensor([[1.4907e-02, 1.1353e-02, 6.8380e-03, 3.8239e-03, 1.8524e-03, 7.7074e-04,
         2.7717e-04, 8.5274e-05, 2.2284e-05, 5.7435e-06, 1.0974e-06, 2.3386e-07,
         4.0945e-08, 5.0560e-09, 9.5997e-10, 6.2184e-10, 6.8018e-10, 8.3005e-10,
         1.0326e-09, 1.2914e-09, 1.6248e-09, 2.0435e-09, 2.5690e-09, 3.2282e-09,
         4.0554e-09, 5.1018e-09, 6.4515e-09, 8.1591e-09, 1.0321e-08, 1.3061e-08,
         1.6533e-08, 2.0994e-08, 2.6837e-08, 3.4373e-08, 4.4148e-08, 5.6948e-08,
         7.4066e-08, 9.8812e-08, 1.3561e-07, 1.8715e-07, 2.6214e-07, 3.7509e-07,
         5.3826e-07, 7.5688e-07, 1.0500e-06, 1.4490e-06, 1.9990e-06, 2.7669e-06,
         3.9004e-06, 5.5136e-06, 7.8114e-06, 1.1290e-05, 1.6356e-05, 2.3640e-05,
         3.3657e-05, 4.6153e-05, 6.0587e-05, 7.5629e-05, 8.9789e-05, 1.0133e-04,
         1.0903e-04, 1.1174e-04, 1.0986e-04, 1.0335e-04, 9.3980e-05, 8.2679e-05,
         7.0951e-05, 5.9737e-05, 4.9794e-05, 4.1418e-05, 3.5007e-05, 3.0347e-05,
         2.8494e-05, 2.8494e-05, 2.8494e-05, 2.8494e-05, 2.8494e-05, 2.8494e-05,
         2.8494e-05, 2.8494e-05]], dtype=torch.float64), 'xH2SO4aer': tensor([[6.9863e-08, 7.8471e-08, 9.6861e-08, 1.1648e-07, 1.4046e-07, 1.7058e-07,
         2.1821e-07, 4.7109e-07, 1.2773e-06, 3.7370e-07, 1.3519e-09, 3.9573e-11,
         1.7466e-12, 4.6693e-14, 1.8803e-14, 1.7585e-14, 2.0199e-14, 2.4051e-14,
         2.8795e-14, 3.4463e-14, 3.9492e-14, 3.8711e-14, 3.2389e-14, 2.4916e-14,
         1.8145e-14, 1.2655e-14, 8.5899e-15, 5.6643e-15, 3.6595e-15, 2.3435e-15,
         1.5074e-15, 9.9310e-16, 6.8257e-16, 4.8292e-16, 3.5219e-16, 2.6486e-16,
         2.0551e-16, 1.6484e-16, 1.3749e-16, 1.1943e-16, 1.0872e-16, 1.0437e-16,
         1.0599e-16, 1.1444e-16, 1.2976e-16, 1.5286e-16, 1.8506e-16, 2.2732e-16,
         2.7593e-16, 2.9354e-16, 1.8318e-16, 7.6121e-17, 3.4249e-17, 1.9954e-17,
         1.4251e-17, 1.0039e-17, 6.3875e-18, 3.5535e-18, 1.7587e-18, 7.8390e-19,
         3.1607e-19, 1.2208e-19, 4.2687e-20, 1.5864e-20, 5.4352e-21, 2.0700e-21,
         7.7404e-22, 3.1217e-22, 1.2915e-22, 5.1284e-23, 1.7952e-23, 2.6667e-24,
         1.0000e-40, 1.0000e-40, 1.0000e-40, 1.0000e-40, 1.0000e-40, 1.0000e-40,
         1.0000e-40, 1.0000e-40]], dtype=torch.float64), 'xS8aer': tensor([[2.1133e-34, 4.2856e-34, 2.0596e-32, 6.4426e-27, 1.1628e-22, 1.9736e-21,
         3.2528e-21, 3.2600e-21, 9.0044e-21, 2.3778e-21, 5.1706e-24, 3.3275e-29,
         4.2965e-31, 1.0989e-33, 1.2562e-35, 2.7465e-36, 2.9179e-36, 3.5152e-36,
         4.2819e-36, 5.2266e-36, 6.4089e-36, 7.8616e-36, 9.6498e-36, 1.1855e-35,
         1.4579e-35, 1.7975e-35, 2.2289e-35, 2.7673e-35, 3.4406e-35, 4.2839e-35,
         5.3420e-35, 6.6865e-35, 8.4261e-35, 1.0642e-34, 1.3475e-34, 1.7118e-34,
         2.1838e-34, 2.7969e-34, 3.5967e-34, 4.6268e-34, 5.9432e-34, 7.6055e-34,
         9.6399e-34, 1.1814e-33, 1.2750e-33, 8.0596e-34, 1.0249e-34, 1.0000e-40,
         1.0000e-40, 1.0000e-40, 1.0000e-40, 1.0000e-40, 1.0000e-40, 1.0000e-40,
         1.0000e-40, 1.0000e-40, 1.0000e-40, 1.0000e-40, 1.0000e-40, 1.0000e-40,
         1.0000e-40, 1.0000e-40, 1.0000e-40, 1.0000e-40, 1.0000e-40, 1.0000e-40,
         1.0000e-40, 1.0000e-40, 1.0000e-40, 1.0000e-40, 1.0000e-40, 1.0000e-40,
         1.0000e-40, 1.0000e-40, 1.0000e-40, 1.0000e-40, 1.0000e-40, 1.0000e-40,
         1.0000e-40, 1.0000e-40]], dtype=torch.float64)}"
842400,222.082,0,"{'pres': tensor([[5.3000e+04, 4.2137e+04, 3.3501e+04, 2.6635e+04, 2.1176e+04, 1.6836e+04,
         1.3385e+04, 1.0642e+04, 8.4606e+03, 6.7265e+03, 5.3479e+03, 4.2518e+03,
         3.3803e+03, 2.6875e+03, 2.1367e+03, 1.6988e+03, 1.3506e+03, 1.0738e+03,
         8.5370e+02, 6.7873e+02, 5.3962e+02, 4.2902e+02, 3.4109e+02, 2.7118e+02,
         2.1560e+02, 1.7141e+02, 1.3628e+02, 1.0835e+02, 8.6141e+01, 6.8485e+01,
         5.4449e+01, 4.3289e+01, 3.4417e+01, 2.7363e+01, 2.1755e+01, 1.7296e+01,
         1.3751e+01, 1.0933e+01, 8.6918e+00, 6.9104e+00, 5.4941e+00, 4.3680e+00,
         3.4728e+00, 2.7610e+00, 2.1951e+00, 1.7452e+00, 1.3875e+00, 1.1031e+00,
         8.7703e-01, 6.9728e-01, 5.5437e-01, 4.4075e-01, 3.5041e-01, 2.7859e-01,
         2.2149e-01, 1.7610e-01, 1.4000e-01, 1.1131e-01, 8.8495e-02, 7.0358e-02,
         5.5937e-02, 4.4473e-02, 3.5358e-02, 2.8111e-02, 2.2349e-02, 1.7769e-02,
         1.4127e-02, 1.1231e-02, 8.9295e-03, 7.0993e-03, 5.6442e-03, 4.4874e-03,
         3.5677e-03, 2.8365e-03, 2.2551e-03, 1.7929e-03, 1.4254e-03, 1.1333e-03,
         9.0101e-04, 7.1634e-04]], dtype=torch.float64), 'temp': tensor([[191.6433, 185.8753, 179.8132, 173.2662, 166.2475, 158.8685, 151.3581,
         143.9429, 136.7739, 129.9196, 123.4013, 117.2021, 111.3392, 105.7208,
         100.4313, 100.0237, 100.0182, 100.0176, 100.0184, 100.0199, 100.0221,
         100.0250, 100.0286, 100.0332, 100.0387, 100.0454, 100.0537, 100.0636,
         100.0756, 100.0900, 100.1076, 100.1293, 100.1565, 100.1907, 100.2336,
         100.2881, 100.3608, 100.4862, 100.6759, 100.8643, 101.0955, 101.3965,
         101.7911, 102.3145, 103.0198, 103.9633, 105.2267, 106.9154, 109.1846,
         112.1761, 115.8922, 120.0751, 124.1308, 127.2202, 129.0094, 129.9371,
         130.6529, 131.3107, 131.8912, 132.3598, 132.7837, 133.1266, 133.4435,
         133.7013, 133.9323, 134.1186, 134.2876, 134.4172, 134.5343, 134.6203,
         134.7060, 134.7611, 134.8164, 134.8517, 134.8833, 134.9098, 134.9254,
         134.9432, 134.9554, 134.9647]], dtype=torch.float64), 'xCO2': tensor([[9.4803e-01, 8.6641e-01, 6.9115e-01, 5.0813e-01, 3.2083e-01, 1.7049e-01,
         8.1687e-02, 3.5474e-02, 1.3941e-02, 5.3613e-03, 1.7593e-03, 6.0075e-04,
         1.8164e-04, 4.6155e-05, 1.5526e-05, 1.2755e-05, 1.4803e-05, 1.8389e-05,
         2.3055e-05, 2.8960e-05, 3.6541e-05, 4.6061e-05, 5.8008e-05, 7.2996e-05,
         9.1792e-05, 1.1555e-04, 1.4610e-04, 1.8459e-04, 2.3311e-04, 2.9428e-04,
         3.7148e-04, 4.7015e-04, 5.9831e-04, 7.6217e-04, 9.7248e-04, 1.2440e-03,
         1.5977e-03, 2.0613e-03, 2.6699e-03, 3.4588e-03, 4.4847e-03, 5.8234e-03,
         7.5748e-03, 9.9618e-03, 1.3139e-02, 1.7356e-02, 2.2954e-02, 3.0414e-02,
         4.0694e-02, 5.4322e-02, 7.2243e-02, 9.6626e-02, 1.2813e-01, 1.6795e-01,
         2.1570e-01, 2.6969e-01, 3.2826e-01, 3.8917e-01, 4.5038e-01, 5.0975e-01,
         5.6614e-01, 6.1804e-01, 6.6570e-01, 7.0792e-01, 7.4583e-01, 7.7895e-01,
         8.0817e-01, 8.3369e-01, 8.5599e-01, 8.7564e-01, 8.9285e-01, 9.0822e-01,
         9.1618e-01, 9.1618e-01, 9.1618e-01, 9.1618e-01, 9.1618e-01, 9.1618e-01,
         9.1618e-01, 9.1618e-01]], dtype=torch.float64), 'xH2O': tensor([[7.1056e-07, 4.2975e-07, 1.5965e-07, 5.6219e-08, 1.6412e-08, 3.9721e-09,
         8.0304e-10, 1.2971e-10, 8.0836e-12, 5.8632e-13, 6.1942e-13, 4.9781e-13,
         3.5793e-13, 1.7107e-13, 1.0256e-13, 9.6565e-14, 9.0131e-14, 8.0613e-14,
         7.0038e-14, 5.9007e-14, 4.4362e-14, 2.9378e-14, 2.1392e-14, 1.7789e-14,
         1.6001e-14, 1.5002e-14, 1.4346e-14, 1.3815e-14, 1.3356e-14, 1.2985e-14,
         1.2749e-14, 1.2712e-14, 1.2942e-14, 1.3460e-14, 1.4310e-14, 1.5549e-14,
         1.7267e-14, 1.9718e-14, 2.3213e-14, 2.7768e-14, 3.3941e-14, 4.2674e-14,
         5.5546e-14, 7.7891e-14, 1.1802e-13, 1.9634e-13, 3.6873e-13, 8.5769e-13,
         3.2872e-12, 1.2779e-11, 2.7421e-11, 4.2414e-11, 5.7496e-11, 7.1791e-11,
         8.3760e-11, 9.2302e-11, 9.6608e-11, 9.6849e-11, 9.3580e-11, 8.7786e-11,
         8.0672e-11, 7.3237e-11, 6.6243e-11, 6.0333e-11, 5.5613e-11, 5.2364e-11,
         5.0532e-11, 5.0175e-11, 5.1394e-11, 5.4133e-11, 5.8792e-11, 6.5279e-11,
         6.9920e-11, 6.9920e-11, 6.9920e-11, 6.9920e-11, 6.9920e-11, 6.9920e-11,
         6.9920e-11, 6.9920e-11]], dtype=torch.float64), 'xSO2': tensor([[1.4936e-02, 1.1379e-02, 6.8576e-03, 3.8375e-03, 1.8604e-03, 7.7463e-04,
         2.7877e-04, 8.5842e-05, 2.2420e-05, 5.7870e-06, 1.1035e-06, 2.3604e-07,
         4.1264e-08, 5.0623e-09, 9.7087e-10, 6.2337e-10, 6.7993e-10, 8.2950e-10,
         1.0321e-09, 1.2912e-09, 1.6249e-09, 2.0441e-09, 2.5702e-09, 3.2303e-09,
         4.0589e-09, 5.1083e-09, 6.4612e-09, 8.1720e-09, 1.0337e-08, 1.3078e-08,
         1.6555e-08, 2.1028e-08, 2.6885e-08, 3.4443e-08, 4.4254e-08, 5.7115e-08,
         7.4335e-08, 9.9324e-08, 1.3652e-07, 1.8879e-07, 2.6512e-07, 3.8045e-07,
         5.4592e-07, 7.6830e-07, 1.0667e-06, 1.4734e-06, 2.0342e-06, 2.8193e-06,
         3.9752e-06, 5.6186e-06, 7.9569e-06, 1.1508e-05, 1.6649e-05, 2.4041e-05,
         3.4103e-05, 4.6616e-05, 6.0975e-05, 7.5902e-05, 8.9942e-05, 1.0134e-04,
         1.0898e-04, 1.1160e-04, 1.0976e-04, 1.0325e-04, 9.3916e-05, 8.2674e-05,
         7.0987e-05, 5.9795e-05, 4.9883e-05, 4.1508e-05, 3.5127e-05, 3.0502e-05,
         2.8718e-05, 2.8718e-05, 2.8718e-05, 2.8718e-05, 2.8718e-05, 2.8718e-05,
         2.8718e-05, 2.8718e-05]], dtype=torch.float64), 'xH2SO4aer': tensor([[6.9865e-08, 7.8474e-08, 9.6868e-08, 1.1650e-07, 1.4050e-07, 1.7069e-07,
         2.1881e-07, 4.7890e-07, 1.2798e-06, 3.5943e-07, 1.1177e-09, 4.0180e-11,
         1.7566e-12, 4.0763e-14, 1.6428e-14, 1.5299e-14, 1.7559e-14, 2.0910e-14,
         2.5042e-14, 3.0015e-14, 3.5007e-14, 3.5914e-14, 3.1114e-14, 2.4323e-14,
         1.7846e-14, 1.2491e-14, 8.4852e-15, 5.5934e-15, 3.6095e-15, 2.3070e-15,
         1.4795e-15, 9.7163e-16, 6.6482e-16, 4.6799e-16, 3.3952e-16, 2.5405e-16,
         1.9625e-16, 1.5697e-16, 1.3079e-16, 1.1379e-16, 1.0404e-16, 1.0059e-16,
         1.0306e-16, 1.1236e-16, 1.2854e-16, 1.5258e-16, 1.8582e-16, 2.2928e-16,
         2.7825e-16, 2.9202e-16, 1.7895e-16, 7.5762e-17, 3.5172e-17, 2.1327e-17,
         1.5387e-17, 1.0867e-17, 6.8784e-18, 3.8190e-18, 1.8776e-18, 8.3783e-19,
         3.3412e-19, 1.2948e-19, 4.4544e-20, 1.6658e-20, 5.7126e-21, 2.1494e-21,
         8.0546e-22, 3.2131e-22, 1.3355e-22, 5.2593e-23, 1.8589e-23, 2.8797e-24,
         1.0000e-40, 1.0000e-40, 1.0000e-40, 1.0000e-40, 1.0000e-40, 1.0000e-40,
         1.0000e-40, 1.0000e-40]], dtype=torch.float64), 'xS8aer': tensor([[2.1136e-34, 4.2866e-34, 2.2413e-32, 6.7560e-27, 1.1713e-22, 1.9768e-21,
         3.2923e-21, 3.3256e-21, 9.0097e-21, 2.2763e-21, 3.9435e-24, 3.4236e-29,
         4.3993e-31, 1.0099e-33, 1.2979e-35, 2.8367e-36, 2.9966e-36, 3.5951e-36,
         4.3656e-36, 5.3183e-36, 6.5147e-36, 7.9921e-36, 9.8216e-36, 1.2092e-35,
         1.4916e-35, 1.8463e-35, 2.2996e-35, 2.8687e-35, 3.5833e-35, 4.4811e-35,
         5.6099e-35, 7.0458e-35, 8.8998e-35, 1.1255e-34, 1.4256e-34, 1.8101e-34,
         2.3062e-34, 2.9488e-34, 3.7842e-34, 4.8592e-34, 6.2351e-34, 7.9777e-34,
         1.0117e-33, 1.2386e-33, 1.3235e-33, 7.7467e-34, 8.4222e-35, 1.0000e-40,
         1.0000e-40, 1.0000e-40, 1.0000e-40, 1.0000e-40, 1.0000e-40, 1.0000e-40,
         1.0000e-40, 1.0000e-40, 1.0000e-40, 1.0000e-40, 1.0000e-40, 1.0000e-40,
         1.0000e-40, 1.0000e-40, 1.0000e-40, 1.0000e-40, 1.0000e-40, 1.0000e-40,
         1.0000e-40, 1.0000e-40, 1.0000e-40, 1.0000e-40, 1.0000e-40, 1.0000e-40,
         1.0000e-40, 1.0000e-40, 1.0000e-40, 1.0000e-40, 1.0000e-40, 1.0000e-40,
         1.0000e-40, 1.0000e-40]], dtype=torch.float64)}"
864000,222.086,0,"{'pres': tensor([[5.3000e+04, 4.2137e+04, 3.3501e+04, 2.6635e+04, 2.1176e+04, 1.6836e+04,
         1.3385e+04, 1.0642e+04, 8.4606e+03, 6.7265e+03, 5.3479e+03, 4.2518e+03,
         3.3803e+03, 2.6875e+03, 2.1367e+03, 1.6988e+03, 1.3506e+03, 1.0738e+03,
         8.5370e+02, 6.7873e+02, 5.3962e+02, 4.2902e+02, 3.4109e+02, 2.7118e+02,
         2.1560e+02, 1.7141e+02, 1.3628e+02, 1.0835e+02, 8.6141e+01, 6.8485e+01,
         5.4449e+01, 4.3289e+01, 3.4417e+01, 2.7363e+01, 2.1755e+01, 1.7296e+01,
         1.3751e+01, 1.0933e+01, 8.6918e+00, 6.9104e+00, 5.4941e+00, 4.3680e+00,
         3.4728e+00, 2.7610e+00, 2.1951e+00, 1.7452e+00, 1.3875e+00, 1.1031e+00,
         8.7703e-01, 6.9728e-01, 5.5437e-01, 4.4075e-01, 3.5041e-01, 2.7859e-01,
         2.2149e-01, 1.7610e-01, 1.4000e-01, 1.1131e-01, 8.8495e-02, 7.0358e-02,
         5.5937e-02, 4.4473e-02, 3.5358e-02, 2.8111e-02, 2.2349e-02, 1.7769e-02,
         1.4127e-02, 1.1231e-02, 8.9295e-03, 7.0993e-03, 5.6442e-03, 4.4874e-03,
         3.5677e-03, 2.8365e-03, 2.2551e-03, 1.7929e-03, 1.4254e-03, 1.1333e-03,
         9.0101e-04, 7.1634e-04]], dtype=torch.float64), 'temp': tensor([[191.6621, 185.8965, 179.8373, 173.2937, 166.2779, 158.9008, 151.3909,
         143.9749, 136.8045, 129.9488, 123.4290, 117.2284, 111.3642, 105.7443,
         100.4537, 100.0239, 100.0183, 100.0177, 100.0185, 100.0201, 100.0223,
         100.0252, 100.0289, 100.0335, 100.0391, 100.0459, 100.0543, 100.0644,
         100.0766, 100.0914, 100.1093, 100.1315, 100.1593, 100.1943, 100.2382,
         100.2941, 100.3687, 100.4966, 100.6896, 100.8824, 101.1196, 101.4287,
         101.8342, 102.3727, 103.0982, 104.0689, 105.3682, 107.1036, 109.4319,
         112.4879, 116.2562, 120.4518, 124.4480, 127.4191, 129.1037, 129.9894,
         130.7003, 131.3526, 131.9246, 132.3883, 132.8086, 133.1485, 133.4635,
         133.7191, 133.9489, 134.1340, 134.3018, 134.4312, 134.5469, 134.6332,
         134.7179, 134.7729, 134.8278, 134.8629, 134.8943, 134.9206, 134.9361,
         134.9538, 134.9658, 134.9751]], dtype=torch.float64), 'xCO2': tensor([[9.4820e-01, 8.6688e-01, 6.9215e-01, 5.0936e-01, 3.2191e-01, 1.7116e-01,
         8.2048e-02, 3.5649e-02, 1.4008e-02, 5.3907e-03, 1.7677e-03, 6.0461e-04,
         1.8268e-04, 4.6318e-05, 1.5649e-05, 1.2782e-05, 1.4807e-05, 1.8389e-05,
         2.3054e-05, 2.8963e-05, 3.6544e-05, 4.6064e-05, 5.8012e-05, 7.3000e-05,
         9.1797e-05, 1.1558e-04, 1.4614e-04, 1.8465e-04, 2.3319e-04, 2.9440e-04,
         3.7166e-04, 4.7053e-04, 5.9890e-04, 7.6311e-04, 9.7398e-04, 1.2464e-03,
         1.6016e-03, 2.0676e-03, 2.6790e-03, 3.4717e-03, 4.5027e-03, 5.8481e-03,
         7.6081e-03, 1.0010e-02, 1.3201e-02, 1.7436e-02, 2.3052e-02, 3.0550e-02,
         4.0851e-02, 5.4496e-02, 7.2426e-02, 9.6872e-02, 1.2834e-01, 1.6809e-01,
         2.1556e-01, 2.6923e-01, 3.2741e-01, 3.8797e-01, 4.4887e-01, 5.0796e-01,
         5.6419e-01, 6.1589e-01, 6.6341e-01, 7.0557e-01, 7.4338e-01, 7.7648e-01,
         8.0562e-01, 8.3114e-01, 8.5336e-01, 8.7299e-01, 8.9013e-01, 9.0542e-01,
         9.1301e-01, 9.1301e-01, 9.1301e-01, 9.1301e-01, 9.1301e-01, 9.1301e-01,
         9.1301e-01, 9.1301e-01]], dtype=torch.float64), 'xH2O': tensor([[7.1283e-07, 4.3126e-07, 1.6037e-07, 5.6526e-08, 1.6517e-08, 4.0014e-09,
         8.0977e-10, 1.3100e-10, 8.1443e-12, 5.9183e-13, 6.2090e-13, 4.9980e-13,
         3.6098e-13, 1.7304e-13, 1.0387e-13, 9.7810e-14, 9.1528e-14, 8.2104e-14,
         7.1566e-14, 6.0831e-14, 4.7822e-14, 3.3162e-14, 2.3828e-14, 1.9398e-14,
         1.7187e-14, 1.5958e-14, 1.5161e-14, 1.4533e-14, 1.4006e-14, 1.3584e-14,
         1.3310e-14, 1.3246e-14, 1.3457e-14, 1.3962e-14, 1.4807e-14, 1.6048e-14,
         1.7777e-14, 2.0256e-14, 2.3798e-14, 2.8429e-14, 3.4731e-14, 4.3687e-14,
         5.6958e-14, 8.0281e-14, 1.2243e-13, 2.0556e-13, 3.9107e-13, 9.4073e-13,
         3.6816e-12, 1.3838e-11, 2.9006e-11, 4.4462e-11, 5.9935e-11, 7.4497e-11,
         8.6686e-11, 9.5271e-11, 9.9583e-11, 9.9658e-11, 9.6192e-11, 9.0094e-11,
         8.2673e-11, 7.4918e-11, 6.7631e-11, 6.1452e-11, 5.6515e-11, 5.3069e-11,
         5.1100e-11, 5.0619e-11, 5.1773e-11, 5.4453e-11, 5.9116e-11, 6.5647e-11,
         7.0077e-11, 7.0077e-11, 7.0077e-11, 7.0077e-11, 7.0077e-11, 7.0077e-11,
         7.0077e-11, 7.0077e-11]], dtype=torch.float64), 'xSO2': tensor([[1.4966e-02, 1.1404e-02, 6.8773e-03, 3.8512e-03, 1.8684e-03, 7.7854e-04,
         2.8038e-04, 8.6414e-05, 2.2557e-05, 5.8308e-06, 1.1096e-06, 2.3825e-07,
         4.1586e-08, 5.0679e-09, 9.8193e-10, 6.2495e-10, 6.7971e-10, 8.2897e-10,
         1.0315e-09, 1.2909e-09, 1.6249e-09, 2.0445e-09, 2.5712e-09, 3.2321e-09,
         4.0618e-09, 5.1134e-09, 6.4682e-09, 8.1812e-09, 1.0349e-08, 1.3094e-08,
         1.6576e-08, 2.1060e-08, 2.6931e-08, 3.4511e-08, 4.4359e-08, 5.7281e-08,
         7.4604e-08, 9.9839e-08, 1.3743e-07, 1.9045e-07, 2.6816e-07, 3.8592e-07,
         5.5363e-07, 7.7975e-07, 1.0835e-06, 1.4979e-06, 2.0693e-06, 2.8717e-06,
         4.0497e-06, 5.7229e-06, 8.1010e-06, 1.1723e-05, 1.6936e-05, 2.4428e-05,
         3.4528e-05, 4.7050e-05, 6.1331e-05, 7.6140e-05, 9.0060e-05, 1.0131e-04,
         1.0890e-04, 1.1144e-04, 1.0957e-04, 1.0312e-04, 9.3820e-05, 8.2639e-05,
         7.0995e-05, 5.9829e-05, 4.9951e-05, 4.1580e-05, 3.5231e-05, 3.0642e-05,
         2.8927e-05, 2.8927e-05, 2.8927e-05, 2.8927e-05, 2.8927e-05, 2.8927e-05,
         2.8927e-05, 2.8927e-05]], dtype=torch.float64), 'xH2SO4aer': tensor([[6.9866e-08, 7.8477e-08, 9.6874e-08, 1.1651e-07, 1.4054e-07, 1.7080e-07,
         2.1941e-07, 4.8672e-07, 1.2816e-06, 3.4574e-07, 9.1510e-10, 4.0802e-11,
         1.7693e-12, 3.5411e-14, 1.4312e-14, 1.3272e-14, 1.5219e-14, 1.8125e-14,
         2.1711e-14, 2.6048e-14, 3.0738e-14, 3.2763e-14, 2.9526e-14, 2.3555e-14,
         1.7454e-14, 1.2278e-14, 8.3555e-15, 5.5103e-15, 3.5539e-15, 2.2680e-15,
         1.4508e-15, 9.5005e-16, 6.4731e-16, 4.5346e-16, 3.2732e-16, 2.4375e-16,
         1.8752e-16, 1.4962e-16, 1.2459e-16, 1.0863e-16, 9.9838e-17, 9.7272e-17,
         1.0057e-16, 1.1075e-16, 1.2781e-16, 1.5283e-16, 1.8718e-16, 2.3192e-16,
         2.8123e-16, 2.9057e-16, 1.7498e-16, 7.5683e-17, 3.6255e-17, 2.2798e-17,
         1.6594e-17, 1.1733e-17, 7.3888e-18, 4.0946e-18, 1.9998e-18, 8.9346e-19,
         3.5238e-19, 1.3710e-19, 4.7105e-20, 1.7470e-20, 6.0008e-21, 2.2306e-21,
         8.3825e-22, 3.3075e-22, 1.3820e-22, 5.3987e-23, 1.9267e-23, 3.0913e-24,
         1.0000e-40, 1.0000e-40, 1.0000e-40, 1.0000e-40, 1.0000e-40, 1.0000e-40,
         1.0000e-40, 1.0000e-40]], dtype=torch.float64), 'xS8aer': tensor([[2.1138e-34, 4.2876e-34, 2.4358e-32, 7.0768e-27, 1.1799e-22, 1.9801e-21,
         3.3314e-21, 3.3913e-21, 9.0094e-21, 2.1794e-21, 2.8948e-24, 3.5224e-29,
         4.5040e-31, 9.1246e-34, 1.3497e-35, 3.0262e-36, 3.1946e-36, 3.8171e-36,
         4.6122e-36, 5.5871e-36, 6.7983e-36, 8.2805e-36, 1.0101e-35, 1.2343e-35,
         1.5115e-35, 1.8583e-35, 2.3003e-35, 2.8549e-35, 3.5529e-35, 4.4337e-35,
         5.5480e-35, 6.9789e-35, 8.8437e-35, 1.1236e-34, 1.4313e-34, 1.8286e-34,
         2.3441e-34, 3.0143e-34, 3.8841e-34, 4.9993e-34, 6.4203e-34, 8.2148e-34,
         1.0414e-33, 1.2724e-33, 1.3415e-33, 7.0242e-34, 5.9282e-35, 1.0000e-40,
         1.0000e-40, 1.0000e-40, 1.0000e-40, 1.0000e-40, 1.0000e-40, 1.0000e-40,
         1.0000e-40, 1.0000e-40, 1.0000e-40, 1.0000e-40, 1.0000e-40, 1.0000e-40,
         1.0000e-40, 1.0000e-40, 1.0000e-40, 1.0000e-40, 1.0000e-40, 1.0000e-40,
         1.0000e-40, 1.0000e-40, 1.0000e-40, 1.0000e-40, 1.0000e-40, 1.0000e-40,
         1.0000e-40, 1.0000e-40, 1.0000e-40, 1.0000e-40, 1.0000e-40, 1.0000e-40,
         1.0000e-40, 1.0000e-40]], dtype=torch.float64)}"
885600,222.09,0,"{'pres': tensor([[5.3000e+04, 4.2137e+04, 3.3501e+04, 2.6635e+04, 2.1176e+04, 1.6836e+04,
         1.3385e+04, 1.0642e+04, 8.4606e+03, 6.7265e+03, 5.3479e+03, 4.2518e+03,
         3.3803e+03, 2.6875e+03, 2.1367e+03, 1.6988e+03, 1.3506e+03, 1.0738e+03,
         8.5370e+02, 6.7873e+02, 5.3962e+02, 4.2902e+02, 3.4109e+02, 2.7118e+02,
         2.1560e+02, 1.7141e+02, 1.3628e+02, 1.0835e+02, 8.6141e+01, 6.8485e+01,
         5.4449e+01, 4.3289e+01, 3.4417e+01, 2.7363e+01, 2.1755e+01, 1.7296e+01,
         1.3751e+01, 1.0933e+01, 8.6918e+00, 6.9104e+00, 5.4941e+00, 4.3680e+00,
         3.4728e+00, 2.7610e+00, 2.1951e+00, 1.7452e+00, 1.3875e+00, 1.1031e+00,
         8.7703e-01, 6.9728e-01, 5.5437e-01, 4.4075e-01, 3.5041e-01, 2.7859e-01,
         2.2149e-01, 1.7610e-01, 1.4000e-01, 1.1131e-01, 8.8495e-02, 7.0358e-02,
         5.5937e-02, 4.4473e-02, 3.5358e-02, 2.8111e-02, 2.2349e-02, 1.7769e-02,
         1.4127e-02, 1.1231e-02, 8.9295e-03, 7.0993e-03, 5.6442e-03, 4.4874e-03,
         3.5677e-03, 2.8365e-03, 2.2551e-03, 1.7929e-03, 1.4254e-03, 1.1333e-03,
         9.0101e-04, 7.1634e-04]], dtype=torch.float64), 'temp': tensor([[191.6809, 185.9177, 179.8615, 173.3211, 166.3084, 158.9331, 151.4236,
         144.0069, 136.8352, 129.9780, 123.4567, 117.2547, 111.3891, 105.7679,
         100.4761, 100.0241, 100.0183, 100.0178, 100.0186, 100.0202, 100.0224,
         100.0254, 100.0291, 100.0338, 100.0395, 100.0464, 100.0549, 100.0652,
         100.0776, 100.0927, 100.1110, 100.1336, 100.1621, 100.1979, 100.2429,
         100.3002, 100.3766, 100.5070, 100.7033, 100.9006, 101.1439, 101.4611,
         101.8776, 102.4312, 103.1772, 104.1753, 105.5106, 107.2926, 109.6797,
         112.7983, 116.6151, 120.8190, 124.7492, 127.6030, 129.1899, 130.0394,
         130.7465, 131.3929, 131.9567, 132.4158, 132.8327, 133.1698, 133.4828,
         133.7363, 133.9650, 134.1489, 134.3155, 134.4447, 134.5590, 134.6455,
         134.7293, 134.7843, 134.8386, 134.8735, 134.9047, 134.9309, 134.9462,
         134.9638, 134.9758, 134.9851]], dtype=torch.float64), 'xCO2': tensor([[9.4836e-01, 8.6735e-01, 6.9314e-01, 5.1057e-01, 3.2298e-01, 1.7184e-01,
         8.2410e-02, 3.5825e-02, 1.4075e-02, 5.4203e-03, 1.7762e-03, 6.0849e-04,
         1.8373e-04, 4.6480e-05, 1.5773e-05, 1.2808e-05, 1.4811e-05, 1.8389e-05,
         2.3053e-05, 2.8967e-05, 3.6548e-05, 4.6068e-05, 5.8016e-05, 7.3004e-05,
         9.1802e-05, 1.1561e-04, 1.4617e-04, 1.8470e-04, 2.3326e-04, 2.9451e-04,
         3.7184e-04, 4.7091e-04, 5.9949e-04, 7.6404e-04, 9.7548e-04, 1.2489e-03,
         1.6054e-03, 2.0739e-03, 2.6882e-03, 3.4847e-03, 4.5207e-03, 5.8727e-03,
         7.6411e-03, 1.0057e-02, 1.3263e-02, 1.7515e-02, 2.3149e-02, 3.0683e-02,
         4.1005e-02, 5.4665e-02, 7.2604e-02, 9.7110e-02, 1.2854e-01, 1.6821e-01,
         2.1540e-01, 2.6876e-01, 3.2654e-01, 3.8676e-01, 4.4736e-01, 5.0617e-01,
         5.6222e-01, 6.1373e-01, 6.6109e-01, 7.0321e-01, 7.4091e-01, 7.7400e-01,
         8.0306e-01, 8.2857e-01, 8.5072e-01, 8.7029e-01, 8.8738e-01, 9.0260e-01,
         9.0982e-01, 9.0982e-01, 9.0982e-01, 9.0982e-01, 9.0982e-01, 9.0982e-01,
         9.0982e-01, 9.0982e-01]], dtype=torch.float64), 'xH2O': tensor([[7.1512e-07, 4.3278e-07, 1.6109e-07, 5.6833e-08, 1.6623e-08, 4.0308e-09,
         8.1656e-10, 1.3230e-10, 8.2052e-12, 5.9747e-13, 6.2236e-13, 5.0176e-13,
         3.6399e-13, 1.7499e-13, 1.0516e-13, 9.9024e-14, 9.2894e-14, 8.3566e-14,
         7.3062e-14, 6.2479e-14, 5.0630e-14, 3.6780e-14, 2.6449e-14, 2.1145e-14,
         1.8459e-14, 1.6969e-14, 1.6016e-14, 1.5282e-14, 1.4678e-14, 1.4202e-14,
         1.3887e-14, 1.3794e-14, 1.3983e-14, 1.4475e-14, 1.5312e-14, 1.6554e-14,
         1.8293e-14, 2.0801e-14, 2.4388e-14, 2.9097e-14, 3.5529e-14, 4.4715e-14,
         5.8397e-14, 8.2743e-14, 1.2702e-13, 2.1523e-13, 4.1485e-13, 1.0327e-12,
         4.1190e-12, 1.4935e-11, 3.0591e-11, 4.6515e-11, 6.2402e-11, 7.7238e-11,
         8.9646e-11, 9.8269e-11, 1.0258e-10, 1.0249e-10, 9.8823e-11, 9.2420e-11,
         8.4693e-11, 7.6619e-11, 6.9045e-11, 6.2596e-11, 5.7446e-11, 5.3804e-11,
         5.1700e-11, 5.1097e-11, 5.2189e-11, 5.4841e-11, 5.9486e-11, 6.6068e-11,
         7.0296e-11, 7.0296e-11, 7.0296e-11, 7.0296e-11, 7.0296e-11, 7.0296e-11,
         7.0296e-11, 7.0296e-11]], dtype=torch.float64), 'xSO2': tensor([[1.4995e-02, 1.1430e-02, 6.8969e-03, 3.8648e-03, 1.8765e-03, 7.8247e-04,
         2.8200e-04, 8.6990e-05, 2.2694e-05, 5.8750e-06, 1.1157e-06, 2.4047e-07,
         4.1910e-08, 5.0726e-09, 9.9314e-10, 6.2656e-10, 6.7951e-10, 8.2846e-10,
         1.0309e-09, 1.2906e-09, 1.6248e-09, 2.0448e-09, 2.5720e-09, 3.2337e-09,
         4.0643e-09, 5.1180e-09, 6.4745e-09, 8.1896e-09, 1.0360e-08, 1.3108e-08,
         1.6595e-08, 2.1091e-08, 2.6976e-08, 3.4578e-08, 4.4462e-08, 5.7446e-08,
         7.4872e-08, 1.0036e-07, 1.3835e-07, 1.9213e-07, 2.7124e-07, 3.9148e-07,
         5.6139e-07, 7.9124e-07, 1.1003e-06, 1.5223e-06, 2.1044e-06, 2.9241e-06,
         4.1240e-06, 5.8265e-06, 8.2438e-06, 1.1935e-05, 1.7217e-05, 2.4804e-05,
         3.4935e-05, 4.7458e-05, 6.1656e-05, 7.6347e-05, 9.0146e-05, 1.0124e-04,
         1.0878e-04, 1.1124e-04, 1.0935e-04, 1.0296e-04, 9.3695e-05, 8.2575e-05,
         7.0977e-05, 5.9840e-05, 4.9997e-05, 4.1663e-05, 3.5318e-05, 3.0768e-05,
         2.9123e-05, 2.9123e-05, 2.9123e-05, 2.9123e-05, 2.9123e-05, 2.9123e-05,
         2.9123e-05, 2.9123e-05]], dtype=torch.float64), 'xH2SO4aer': tensor([[6.9868e-08, 7.8481e-08, 9.6881e-08, 1.1652e-07, 1.4057e-07, 1.7091e-07,
         2.2003e-07, 4.9455e-07, 1.2828e-06, 3.3260e-07, 7.4026e-10, 4.1439e-11,
         1.7842e-12, 3.0578e-14, 1.2438e-14, 1.1484e-14, 1.3158e-14, 1.5672e-14,
         1.8777e-14, 2.2544e-14, 2.6808e-14, 2.9470e-14, 2.7658e-14, 2.2613e-14,
         1.6968e-14, 1.2014e-14, 8.1998e-15, 5.4145e-15, 3.4924e-15, 2.2265e-15,
         1.4212e-15, 9.2834e-16, 6.3000e-16, 4.3932e-16, 3.1559e-16, 2.3395e-16,
         1.7931e-16, 1.4278e-16, 1.1891e-16, 1.0398e-16, 9.6136e-17, 9.4461e-17,
         9.8626e-17, 1.0972e-16, 1.2774e-16, 1.5384e-16, 1.8946e-16, 2.3566e-16,
         2.8540e-16, 2.8978e-16, 1.7141e-16, 7.5839e-17, 3.7487e-17, 2.4369e-17,
         1.7870e-17, 1.2639e-17, 7.9183e-18, 4.3801e-18, 2.1251e-18, 9.5072e-19,
         3.7078e-19, 1.4491e-19, 4.9881e-20, 1.8300e-20, 6.3000e-21, 2.3135e-21,
         8.7242e-22, 3.4046e-22, 1.4308e-22, 5.6130e-23, 1.9984e-23, 3.3000e-24,
         1.0000e-40, 1.0000e-40, 1.0000e-40, 1.0000e-40, 1.0000e-40, 1.0000e-40,
         1.0000e-40, 1.0000e-40]], dtype=torch.float64), 'xS8aer': tensor([[2.1141e-34, 4.2886e-34, 2.6434e-32, 7.4050e-27, 1.1884e-22, 1.9834e-21,
         3.3702e-21, 3.4571e-21, 9.0038e-21, 2.0870e-21, 2.0005e-24, 3.6241e-29,
         4.6106e-31, 8.0597e-34, 1.4100e-35, 3.2725e-36, 3.4572e-36, 4.1237e-36,
         4.9762e-36, 6.0230e-36, 7.3216e-36, 8.9083e-36, 1.0852e-35, 1.3238e-35,
         1.6175e-35, 1.9833e-35, 2.4458e-35, 3.0221e-35, 3.7415e-35, 4.6417e-35,
         5.7705e-35, 7.2083e-35, 9.0645e-35, 1.1430e-34, 1.4458e-34, 1.8356e-34,
         2.3414e-34, 3.0006e-34, 3.8586e-34, 4.9634e-34, 6.3740e-34, 8.1501e-34,
         1.0301e-33, 1.2440e-33, 1.2624e-33, 4.9349e-34, 1.0700e-35, 1.0000e-40,
         1.0000e-40, 1.0000e-40, 1.0000e-40, 1.0000e-40, 1.0000e-40, 1.0000e-40,
         1.0000e-40, 1.0000e-40, 1.0000e-40, 1.0000e-40, 1.0000e-40, 1.0000e-40,
         1.0000e-40, 1.0000e-40, 1.0000e-40, 1.0000e-40, 1.0000e-40, 1.0000e-40,
         1.0000e-40, 1.0000e-40, 1.0000e-40, 1.0000e-40, 1.0000e-40, 1.0000e-40,
         1.0000e-40, 1.0000e-40, 1.0000e-40, 1.0000e-40, 1.0000e-40, 1.0000e-40,
         1.0000e-40, 1.0000e-40]], dtype=torch.float64)}"
907200,222.094,0,"{'pres': tensor([[5.3000e+04, 4.2137e+04, 3.3501e+04, 2.6635e+04, 2.1176e+04, 1.6836e+04,
         1.3385e+04, 1.0642e+04, 8.4606e+03, 6.7265e+03, 5.3479e+03, 4.2518e+03,
         3.3803e+03, 2.6875e+03, 2.1367e+03, 1.6988e+03, 1.3506e+03, 1.0738e+03,
         8.5370e+02, 6.7873e+02, 5.3962e+02, 4.2902e+02, 3.4109e+02, 2.7118e+02,
         2.1560e+02, 1.7141e+02, 1.3628e+02, 1.0835e+02, 8.6141e+01, 6.8485e+01,
         5.4449e+01, 4.3289e+01, 3.4417e+01, 2.7363e+01, 2.1755e+01, 1.7296e+01,
         1.3751e+01, 1.0933e+01, 8.6918e+00, 6.9104e+00, 5.4941e+00, 4.3680e+00,
         3.4728e+00, 2.7610e+00, 2.1951e+00, 1.7452e+00, 1.3875e+00, 1.1031e+00,
         8.7703e-01, 6.9728e-01, 5.5437e-01, 4.4075e-01, 3.5041e-01, 2.7859e-01,
         2.2149e-01, 1.7610e-01, 1.4000e-01, 1.1131e-01, 8.8495e-02, 7.0358e-02,
         5.5937e-02, 4.4473e-02, 3.5358e-02, 2.8111e-02, 2.2349e-02, 1.7769e-02,
         1.4127e-02, 1.1231e-02, 8.9295e-03, 7.0993e-03, 5.6442e-03, 4.4874e-03,
         3.5677e-03, 2.8365e-03, 2.2551e-03, 1.7929e-03, 1.4254e-03, 1.1333e-03,
         9.0101e-04, 7.1634e-04]], dtype=torch.float64), 'temp': tensor([[191.6996, 185.9389, 179.8855, 173.3486, 166.3388, 158.9654, 151.4563,
         144.0389, 136.8660, 130.0072, 123.4845, 117.2810, 111.4141, 105.7915,
         100.4985, 100.0243, 100.0184, 100.0179, 100.0187, 100.0203, 100.0226,
         100.0256, 100.0294, 100.0341, 100.0399, 100.0469, 100.0556, 100.0661,
         100.0787, 100.0940, 100.1127, 100.1358, 100.1649, 100.2015, 100.2476,
         100.3063, 100.3845, 100.5174, 100.7171, 100.9190, 101.1683, 101.4938,
         101.9213, 102.4903, 103.2568, 104.2823, 105.6539, 107.4825, 109.9276,
         113.1073, 116.9687, 121.1755, 125.0351, 127.7729, 129.2688, 130.0875,
         130.7916, 131.4316, 131.9876, 132.4424, 132.8561, 133.1903, 133.5015,
         133.7529, 133.9804, 134.1632, 134.3287, 134.4577, 134.5706, 134.6574,
         134.7402, 134.7952, 134.8490, 134.8838, 134.9148, 134.9407, 134.9560,
         134.9735, 134.9854, 134.9946]], dtype=torch.float64), 'xCO2': tensor([[9.4852e-01, 8.6780e-01, 6.9411e-01, 5.1176e-01, 3.2406e-01, 1.7251e-01,
         8.2774e-02, 3.6003e-02, 1.4143e-02, 5.4501e-03, 1.7847e-03, 6.1240e-04,
         1.8479e-04, 4.6641e-05, 1.5898e-05, 1.2835e-05, 1.4815e-05, 1.8389e-05,
         2.3052e-05, 2.8970e-05, 3.6551e-05, 4.6071e-05, 5.8019e-05, 7.3008e-05,
         9.1807e-05, 1.1564e-04, 1.4621e-04, 1.8475e-04, 2.3334e-04, 2.9463e-04,
         3.7202e-04, 4.7129e-04, 6.0009e-04, 7.6498e-04, 9.7699e-04, 1.2513e-03,
         1.6093e-03, 2.0803e-03, 2.6974e-03, 3.4977e-03, 4.5387e-03, 5.8973e-03,
         7.6741e-03, 1.0105e-02, 1.3325e-02, 1.7593e-02, 2.3244e-02, 3.0813e-02,
         4.1155e-02, 5.4830e-02, 7.2777e-02, 9.7339e-02, 1.2872e-01, 1.6831e-01,
         2.1522e-01, 2.6827e-01, 3.2567e-01, 3.8554e-01, 4.4583e-01, 5.0436e-01,
         5.6024e-01, 6.1156e-01, 6.5876e-01, 7.0084e-01, 7.3844e-01, 7.7151e-01,
         8.0049e-01, 8.2598e-01, 8.4806e-01, 8.6756e-01, 8.8462e-01, 8.9976e-01,
         9.0662e-01, 9.0662e-01, 9.0662e-01, 9.0662e-01, 9.0662e-01, 9.0662e-01,
         9.0662e-01, 9.0662e-01]], dtype=torch.float64), 'xH2O': tensor([[7.1740e-07, 4.3430e-07, 1.6181e-07, 5.7142e-08, 1.6730e-08, 4.0605e-09,
         8.2340e-10, 1.3361e-10, 8.2666e-12, 6.0325e-13, 6.2381e-13, 5.0367e-13,
         3.6694e-13, 1.7690e-13, 1.0642e-13, 1.0021e-13, 9.4228e-14, 8.5000e-14,
         7.4532e-14, 6.4026e-14, 5.2949e-14, 4.0061e-14, 2.9176e-14, 2.3016e-14,
         1.9814e-14, 1.8036e-14, 1.6910e-14, 1.6059e-14, 1.5374e-14, 1.4838e-14,
         1.4480e-14, 1.4356e-14, 1.4522e-14, 1.4998e-14, 1.5827e-14, 1.7068e-14,
         1.8816e-14, 2.1351e-14, 2.4983e-14, 2.9771e-14, 3.6337e-14, 4.5758e-14,
         5.9864e-14, 8.5278e-14, 1.3178e-13, 2.2539e-13, 4.4018e-13, 1.1347e-12,
         4.6044e-12, 1.6080e-11, 3.2191e-11, 4.8579e-11, 6.4895e-11, 8.0012e-11,
         9.2638e-11, 1.0129e-10, 1.0561e-10, 1.0534e-10, 1.0147e-10, 9.4763e-11,
         8.6732e-11, 7.8342e-11, 7.0483e-11, 6.3765e-11, 5.8404e-11, 5.4568e-11,
         5.2332e-11, 5.1608e-11, 5.2641e-11, 5.5271e-11, 5.9903e-11, 6.6542e-11,
         7.0574e-11, 7.0574e-11, 7.0574e-11, 7.0574e-11, 7.0574e-11, 7.0574e-11,
         7.0574e-11, 7.0574e-11]], dtype=torch.float64), 'xSO2': tensor([[1.5025e-02, 1.1455e-02, 6.9166e-03, 3.8785e-03, 1.8846e-03, 7.8642e-04,
         2.8363e-04, 8.7569e-05, 2.2833e-05, 5.9195e-06, 1.1218e-06, 2.4272e-07,
         4.2235e-08, 5.0766e-09, 1.0045e-09, 6.2821e-10, 6.7933e-10, 8.2796e-10,
         1.0304e-09, 1.2904e-09, 1.6247e-09, 2.0450e-09, 2.5727e-09, 3.2350e-09,
         4.0664e-09, 5.1222e-09, 6.4802e-09, 8.1973e-09, 1.0370e-08, 1.3122e-08,
         1.6613e-08, 2.1121e-08, 2.7019e-08, 3.4643e-08, 4.4564e-08, 5.7610e-08,
         7.5141e-08, 1.0088e-07, 1.3928e-07, 1.9383e-07, 2.7437e-07, 3.9714e-07,
         5.6920e-07, 8.0278e-07, 1.1172e-06, 1.5468e-06, 2.1395e-06, 2.9765e-06,
         4.1980e-06, 5.9294e-06, 8.3852e-06, 1.2145e-05, 1.7492e-05, 2.5168e-05,
         3.5322e-05, 4.7840e-05, 6.1953e-05, 7.6523e-05, 9.0201e-05, 1.0115e-04,
         1.0863e-04, 1.1102e-04, 1.0909e-04, 1.0277e-04, 9.3541e-05, 8.2485e-05,
         7.0934e-05, 5.9828e-05, 5.0024e-05, 4.1728e-05, 3.5391e-05, 3.0879e-05,
         2.9305e-05, 2.9305e-05, 2.9305e-05, 2.9305e-05, 2.9305e-05, 2.9305e-05,
         2.9305e-05, 2.9305e-05]], dtype=torch.float64), 'xH2SO4aer': tensor([[6.9870e-08, 7.8484e-08, 9.6887e-08, 1.1654e-07, 1.4061e-07, 1.7102e-07,
         2.2065e-07, 5.0237e-07, 1.2832e-06, 3.1999e-07, 5.8977e-10, 4.2090e-11,
         1.8012e-12, 2.6239e-14, 1.0794e-14, 9.9241e-15, 1.1361e-14, 1.3533e-14,
         1.6218e-14, 1.9483e-14, 2.3284e-14, 2.6216e-14, 2.5575e-14, 2.1508e-14,
         1.6388e-14, 1.1700e-14, 8.0179e-15, 5.3058e-15, 3.4249e-15, 2.1825e-15,
         1.3908e-15, 9.0647e-16, 6.1289e-16, 4.2555e-16, 3.0432e-16, 2.2463e-16,
         1.7158e-16, 1.3644e-16, 1.1372e-16, 9.9836e-17, 9.2953e-17, 9.2193e-17,
         9.7262e-17, 1.0934e-16, 1.2842e-16, 1.5576e-16, 1.9284e-16, 2.4075e-16,
         2.9108e-16, 2.8991e-16, 1.6831e-16, 7.6236e-17, 3.8862e-17, 2.6039e-17,
         1.9218e-17, 1.3584e-17, 8.4662e-18, 4.6753e-18, 2.2531e-18, 1.0095e-18,
         3.8928e-19, 1.5289e-19, 5.2755e-20, 1.9146e-20, 6.6100e-21, 2.3979e-21,
         9.0797e-22, 3.5042e-22, 1.4821e-22, 5.8402e-23, 2.0740e-23, 3.5039e-24,
         1.0000e-40, 1.0000e-40, 1.0000e-40, 1.0000e-40, 1.0000e-40, 1.0000e-40,
         1.0000e-40, 1.0000e-40]], dtype=torch.float64), 'xS8aer': tensor([[2.1144e-34, 4.2896e-34, 2.8647e-32, 7.7405e-27, 1.1969e-22, 1.9868e-21,
         3.4087e-21, 3.5229e-21, 8.9932e-21, 1.9987e-21, 1.2403e-24, 3.7287e-29,
         4.7191e-31, 6.8957e-34, 1.4664e-35, 3.4951e-36, 3.7068e-36, 4.4262e-36,
         5.3443e-36, 6.4711e-36, 7.8673e-36, 9.5726e-36, 1.1661e-35, 1.4223e-35,
         1.7377e-35, 2.1306e-35, 2.6270e-35, 3.2451e-35, 4.0165e-35, 4.9813e-35,
         6.1907e-35, 7.7320e-35, 9.7196e-35, 1.2252e-34, 1.5492e-34, 1.9663e-34,
         2.5074e-34, 3.2128e-34, 4.1292e-34, 5.3071e-34, 6.8084e-34, 8.6933e-34,
         1.0964e-33, 1.3168e-33, 1.3131e-33, 4.5795e-34, 1.0000e-40, 1.0000e-40,
         1.0000e-40, 1.0000e-40, 1.0000e-40, 1.0000e-40, 1.0000e-40, 1.0000e-40,
         1.0000e-40, 1.0000e-40, 1.0000e-40, 1.0000e-40, 1.0000e-40, 1.0000e-40,
         1.0000e-40, 1.0000e-40, 1.0000e-40, 1.0000e-40, 1.0000e-40, 1.0000e-40,
         1.0000e-40, 1.0000e-40, 1.0000e-40, 1.0000e-40, 1.0000e-40, 1.0000e-40,
         1.0000e-40, 1.0000e-40, 1.0000e-40, 1.0000e-40, 1.0000e-40, 1.0000e-40,
         1.0000e-40, 1.0000e-40]], dtype=torch.float64)}"
928800,222.098,0,"{'pres': tensor([[5.3000e+04, 4.2137e+04, 3.3501e+04, 2.6635e+04, 2.1176e+04, 1.6836e+04,
         1.3385e+04, 1.0642e+04, 8.4606e+03, 6.7265e+03, 5.3479e+03, 4.2518e+03,
         3.3803e+03, 2.6875e+03, 2.1367e+03, 1.6988e+03, 1.3506e+03, 1.0738e+03,
         8.5370e+02, 6.7873e+02, 5.3962e+02, 4.2902e+02, 3.4109e+02, 2.7118e+02,
         2.1560e+02, 1.7141e+02, 1.3628e+02, 1.0835e+02, 8.6141e+01, 6.8485e+01,
         5.4449e+01, 4.3289e+01, 3.4417e+01, 2.7363e+01, 2.1755e+01, 1.7296e+01,
         1.3751e+01, 1.0933e+01, 8.6918e+00, 6.9104e+00, 5.4941e+00, 4.3680e+00,
         3.4728e+00, 2.7610e+00, 2.1951e+00, 1.7452e+00, 1.3875e+00, 1.1031e+00,
         8.7703e-01, 6.9728e-01, 5.5437e-01, 4.4075e-01, 3.5041e-01, 2.7859e-01,
         2.2149e-01, 1.7610e-01, 1.4000e-01, 1.1131e-01, 8.8495e-02, 7.0358e-02,
         5.5937e-02, 4.4473e-02, 3.5358e-02, 2.8111e-02, 2.2349e-02, 1.7769e-02,
         1.4127e-02, 1.1231e-02, 8.9295e-03, 7.0993e-03, 5.6442e-03, 4.4874e-03,
         3.5677e-03, 2.8365e-03, 2.2551e-03, 1.7929e-03, 1.4254e-03, 1.1333e-03,
         9.0101e-04, 7.1634e-04]], dtype=torch.float64), 'temp': tensor([[191.7183, 185.9600, 179.9096, 173.3760, 166.3692, 158.9977, 151.4890,
         144.0709, 136.8967, 130.0365, 123.5123, 117.3073, 111.4392, 105.8152,
         100.5210, 100.0245, 100.0185, 100.0179, 100.0188, 100.0204, 100.0227,
         100.0258, 100.0296, 100.0344, 100.0402, 100.0474, 100.0562, 100.0669,
         100.0797, 100.0953, 100.1144, 100.1380, 100.1677, 100.2051, 100.2523,
         100.3124, 100.3925, 100.5279, 100.7310, 100.9374, 101.1928, 101.5266,
         101.9653, 102.5497, 103.3369, 104.3901, 105.7979, 107.6731, 110.1758,
         113.4147, 117.3170, 121.5213, 125.3061, 127.9298, 129.3414, 130.1341,
         130.8356, 131.4688, 132.0174, 132.4683, 132.8787, 133.2101, 133.5195,
         133.7690, 133.9954, 134.1770, 134.3414, 134.4702, 134.5818, 134.6688,
         134.7507, 134.8057, 134.8590, 134.8936, 134.9244, 134.9502, 134.9653,
         134.9827, 134.9946, 135.0037]], dtype=torch.float64), 'xCO2': tensor([[9.4868e-01, 8.6825e-01, 6.9506e-01, 5.1293e-01, 3.2514e-01, 1.7319e-01,
         8.3140e-02, 3.6181e-02, 1.4211e-02, 5.4800e-03, 1.7933e-03, 6.1634e-04,
         1.8585e-04, 4.7008e-05, 1.6025e-05, 1.2863e-05, 1.4818e-05, 1.8389e-05,
         2.3051e-05, 2.8973e-05, 3.6554e-05, 4.6074e-05, 5.8023e-05, 7.3012e-05,
         9.1812e-05, 1.1567e-04, 1.4625e-04, 1.8480e-04, 2.3342e-04, 2.9475e-04,
         3.7220e-04, 4.7167e-04, 6.0068e-04, 7.6592e-04, 9.7850e-04, 1.2537e-03,
         1.6133e-03, 2.0867e-03, 2.7066e-03, 3.5107e-03, 4.5567e-03, 5.9218e-03,
         7.7094e-03, 1.0151e-02, 1.3385e-02, 1.7670e-02, 2.3337e-02, 3.0940e-02,
         4.1301e-02, 5.4989e-02, 7.2985e-02, 9.7558e-02, 1.2890e-01, 1.6839e-01,
         2.1502e-01, 2.6777e-01, 3.2479e-01, 3.8432e-01, 4.4430e-01, 5.0255e-01,
         5.5819e-01, 6.0938e-01, 6.5643e-01, 6.9845e-01, 7.3594e-01, 7.6900e-01,
         7.9790e-01, 8.2338e-01, 8.4538e-01, 8.6482e-01, 8.8183e-01, 8.9690e-01,
         9.0341e-01, 9.0341e-01, 9.0341e-01, 9.0341e-01, 9.0341e-01, 9.0341e-01,
         9.0341e-01, 9.0341e-01]], dtype=torch.float64), 'xH2O': tensor([[7.1969e-07, 4.3583e-07, 1.6254e-07, 5.7453e-08, 1.6838e-08, 4.0903e-09,
         8.3030e-10, 1.3493e-10, 8.3287e-12, 6.0917e-13, 6.2526e-13, 5.0553e-13,
         3.6986e-13, 1.7912e-13, 1.0766e-13, 1.0136e-13, 9.5533e-14, 8.6408e-14,
         7.5979e-14, 6.5513e-14, 5.4929e-14, 4.2957e-14, 3.1912e-14, 2.4988e-14,
         2.1247e-14, 1.9157e-14, 1.7841e-14, 1.6864e-14, 1.6092e-14, 1.5493e-14,
         1.5088e-14, 1.4931e-14, 1.5072e-14, 1.5531e-14, 1.6349e-14, 1.7589e-14,
         1.9345e-14, 2.1907e-14, 2.5584e-14, 3.0451e-14, 3.7154e-14, 4.6815e-14,
         6.1418e-14, 8.7890e-14, 1.3672e-13, 2.3605e-13, 4.6716e-13, 1.2478e-12,
         5.1425e-12, 1.7282e-11, 3.3815e-11, 5.0659e-11, 6.7411e-11, 8.2813e-11,
         9.5660e-11, 1.0434e-10, 1.0865e-10, 1.0820e-10, 1.0414e-10, 9.7124e-11,
         8.8784e-11, 8.0085e-11, 7.1944e-11, 6.4960e-11, 5.9389e-11, 5.5361e-11,
         5.2996e-11, 5.2153e-11, 5.3131e-11, 5.5742e-11, 6.0365e-11, 6.7069e-11,
         7.0913e-11, 7.0913e-11, 7.0913e-11, 7.0913e-11, 7.0913e-11, 7.0913e-11,
         7.0913e-11, 7.0913e-11]], dtype=torch.float64), 'xSO2': tensor([[1.5055e-02, 1.1481e-02, 6.9363e-03, 3.8923e-03, 1.8927e-03, 7.9038e-04,
         2.8527e-04, 8.8153e-05, 2.2972e-05, 5.9643e-06, 1.1279e-06, 2.4498e-07,
         4.2562e-08, 5.1340e-09, 1.0160e-09, 6.2990e-10, 6.7917e-10, 8.2748e-10,
         1.0298e-09, 1.2900e-09, 1.6246e-09, 2.0452e-09, 2.5733e-09, 3.2361e-09,
         4.0683e-09, 5.1260e-09, 6.4854e-09, 8.2042e-09, 1.0379e-08, 1.3134e-08,
         1.6630e-08, 2.1149e-08, 2.7061e-08, 3.4707e-08, 4.4665e-08, 5.7773e-08,
         7.5409e-08, 1.0140e-07, 1.4023e-07, 1.9556e-07, 2.7755e-07, 4.0291e-07,
         5.7730e-07, 8.1438e-07, 1.1341e-06, 1.5713e-06, 2.1746e-06, 3.0288e-06,
         4.2717e-06, 6.0315e-06, 8.5331e-06, 1.2351e-05, 1.7762e-05, 2.5519e-05,
         3.5691e-05, 4.8197e-05, 6.2223e-05, 7.6672e-05, 9.0227e-05, 1.0103e-04,
         1.0839e-04, 1.1077e-04, 1.0881e-04, 1.0256e-04, 9.3361e-05, 8.2371e-05,
         7.0868e-05, 5.9796e-05, 5.0032e-05, 4.1776e-05, 3.5449e-05, 3.0978e-05,
         2.9473e-05, 2.9473e-05, 2.9473e-05, 2.9473e-05, 2.9473e-05, 2.9473e-05,
         2.9473e-05, 2.9473e-05]], dtype=torch.float64), 'xH2SO4aer': tensor([[6.9872e-08, 7.8487e-08, 9.6894e-08, 1.1655e-07, 1.4065e-07, 1.7112e-07,
         2.2128e-07, 5.1019e-07, 1.2831e-06, 3.0789e-07, 4.6064e-10, 4.2756e-11,
         1.8202e-12, 2.3020e-14, 9.3598e-15, 8.5678e-15, 9.7994e-15, 1.1674e-14,
         1.3994e-14, 1.6819e-14, 2.0167e-14, 2.3119e-14, 2.3364e-14, 2.0261e-14,
         1.5721e-14, 1.1337e-14, 7.8101e-15, 5.1842e-15, 3.3514e-15, 2.1359e-15,
         1.3594e-15, 8.8442e-16, 5.9596e-16, 4.1212e-16, 2.9347e-16, 2.1578e-16,
         1.6434e-16, 1.3058e-16, 1.0902e-16, 9.6188e-17, 9.0283e-17, 9.0470e-17,
         9.6523e-17, 1.0963e-16, 1.2990e-16, 1.5865e-16, 1.9741e-16, 2.4732e-16,
         2.9839e-16, 2.9099e-16, 1.6610e-16, 7.6867e-17, 4.0378e-17, 2.7810e-17,
         2.0637e-17, 1.4568e-17, 9.0322e-18, 4.9801e-18, 2.3838e-18, 1.0699e-18,
         4.1300e-19, 1.6104e-19, 5.5724e-20, 2.0005e-20, 6.9308e-21, 2.4836e-21,
         9.4491e-22, 3.6062e-22, 1.5358e-22, 6.0805e-23, 2.1535e-23, 3.7014e-24,
         1.0000e-40, 1.0000e-40, 1.0000e-40, 1.0000e-40, 1.0000e-40, 1.0000e-40,
         1.0000e-40, 1.0000e-40]], dtype=torch.float64), 'xS8aer': tensor([[2.1146e-34, 4.2906e-34, 3.1003e-32, 8.0834e-27, 1.2054e-22, 1.9902e-21,
         3.4469e-21, 3.5886e-21, 8.9779e-21, 1.9144e-21, 5.9628e-25, 3.8363e-29,
         4.8293e-31, 6.9821e-34, 1.5213e-35, 3.6978e-36, 3.9341e-36, 4.7025e-36,
         5.6808e-36, 6.8815e-36, 8.3674e-36, 1.0182e-35, 1.2402e-35, 1.5128e-35,
         1.8481e-35, 2.2662e-35, 2.7938e-35, 3.4508e-35, 4.2705e-35, 5.2957e-35,
         6.5805e-35, 8.2194e-35, 1.0332e-34, 1.3023e-34, 1.6467e-34, 2.0904e-34,
         2.6663e-34, 3.4180e-34, 4.3940e-34, 5.6485e-34, 7.2477e-34, 9.2552e-34,
         1.1671e-33, 1.3984e-33, 1.3796e-33, 4.6613e-34, 1.0000e-40, 1.0000e-40,
         1.0000e-40, 1.0000e-40, 1.0000e-40, 1.0000e-40, 1.0000e-40, 1.0000e-40,
         1.0000e-40, 1.0000e-40, 1.0000e-40, 1.0000e-40, 1.0000e-40, 1.0000e-40,
         1.0000e-40, 1.0000e-40, 1.0000e-40, 1.0000e-40, 1.0000e-40, 1.0000e-40,
         1.0000e-40, 1.0000e-40, 1.0000e-40, 1.0000e-40, 1.0000e-40, 1.0000e-40,
         1.0000e-40, 1.0000e-40, 1.0000e-40, 1.0000e-40, 1.0000e-40, 1.0000e-40,
         1.0000e-40, 1.0000e-40]], dtype=torch.float64)}"
950400,222.103,0,"{'pres': tensor([[5.3000e+04, 4.2137e+04, 3.3501e+04, 2.6635e+04, 2.1176e+04, 1.6836e+04,
         1.3385e+04, 1.0642e+04, 8.4606e+03, 6.7265e+03, 5.3479e+03, 4.2518e+03,
         3.3803e+03, 2.6875e+03, 2.1367e+03, 1.6988e+03, 1.3506e+03, 1.0738e+03,
         8.5370e+02, 6.7873e+02, 5.3962e+02, 4.2902e+02, 3.4109e+02, 2.7118e+02,
         2.1560e+02, 1.7141e+02, 1.3628e+02, 1.0835e+02, 8.6141e+01, 6.8485e+01,
         5.4449e+01, 4.3289e+01, 3.4417e+01, 2.7363e+01, 2.1755e+01, 1.7296e+01,
         1.3751e+01, 1.0933e+01, 8.6918e+00, 6.9104e+00, 5.4941e+00, 4.3680e+00,
         3.4728e+00, 2.7610e+00, 2.1951e+00, 1.7452e+00, 1.3875e+00, 1.1031e+00,
         8.7703e-01, 6.9728e-01, 5.5437e-01, 4.4075e-01, 3.5041e-01, 2.7859e-01,
         2.2149e-01, 1.7610e-01, 1.4000e-01, 1.1131e-01, 8.8495e-02, 7.0358e-02,
         5.5937e-02, 4.4473e-02, 3.5358e-02, 2.8111e-02, 2.2349e-02, 1.7769e-02,
         1.4127e-02, 1.1231e-02, 8.9295e-03, 7.0993e-03, 5.6442e-03, 4.4874e-03,
         3.5677e-03, 2.8365e-03, 2.2551e-03, 1.7929e-03, 1.4254e-03, 1.1333e-03,
         9.0101e-04, 7.1634e-04]], dtype=torch.float64), 'temp': tensor([[191.7370, 185.9811, 179.9336, 173.4033, 166.3996, 159.0300, 151.5218,
         144.1030, 136.9275, 130.0658, 123.5401, 117.3337, 111.4643, 105.8390,
         100.5436, 100.0248, 100.0185, 100.0180, 100.0189, 100.0206, 100.0229,
         100.0260, 100.0299, 100.0347, 100.0406, 100.0479, 100.0569, 100.0677,
         100.0808, 100.0967, 100.1161, 100.1402, 100.1705, 100.2087, 100.2570,
         100.3185, 100.4005, 100.5385, 100.7450, 100.9559, 101.2175, 101.5597,
         102.0096, 102.6095, 103.4176, 104.4985, 105.9426, 107.8645, 110.4239,
         113.7202, 117.6599, 121.8565, 125.5628, 128.0748, 129.4086, 130.1793,
         130.8784, 131.5046, 132.0462, 132.4933, 132.9006, 133.2293, 133.5368,
         133.7845, 134.0097, 134.1903, 134.3535, 134.4821, 134.5926, 134.6797,
         134.7607, 134.8157, 134.8685, 134.9029, 134.9335, 134.9592, 134.9742,
         134.9915, 135.0033, 135.0123]], dtype=torch.float64), 'xCO2': tensor([[9.4883e-01, 8.6869e-01, 6.9599e-01, 5.1408e-01, 3.2622e-01, 1.7387e-01,
         8.3507e-02, 3.6359e-02, 1.4279e-02, 5.5101e-03, 1.8019e-03, 6.2030e-04,
         1.8692e-04, 4.7401e-05, 1.6151e-05, 1.2890e-05, 1.4822e-05, 1.8389e-05,
         2.3050e-05, 2.8977e-05, 3.6558e-05, 4.6078e-05, 5.8026e-05, 7.3016e-05,
         9.1817e-05, 1.1570e-04, 1.4629e-04, 1.8486e-04, 2.3349e-04, 2.9486e-04,
         3.7237e-04, 4.7206e-04, 6.0128e-04, 7.6687e-04, 9.8002e-04, 1.2562e-03,
         1.6172e-03, 2.0932e-03, 2.7159e-03, 3.5238e-03, 4.5747e-03, 5.9463e-03,
         7.7447e-03, 1.0198e-02, 1.3445e-02, 1.7745e-02, 2.3428e-02, 3.1065e-02,
         4.1444e-02, 5.5145e-02, 7.3211e-02, 9.7770e-02, 1.2906e-01, 1.6846e-01,
         2.1481e-01, 2.6725e-01, 3.2389e-01, 3.8309e-01, 4.4277e-01, 5.0074e-01,
         5.5613e-01, 6.0720e-01, 6.5408e-01, 6.9606e-01, 7.3344e-01, 7.6648e-01,
         7.9529e-01, 8.2075e-01, 8.4268e-01, 8.6206e-01, 8.7903e-01, 8.9402e-01,
         9.0018e-01, 9.0018e-01, 9.0018e-01, 9.0018e-01, 9.0018e-01, 9.0018e-01,
         9.0018e-01, 9.0018e-01]], dtype=torch.float64), 'xH2O': tensor([[7.2198e-07, 4.3736e-07, 1.6326e-07, 5.7764e-08, 1.6946e-08, 4.1203e-09,
         8.3725e-10, 1.3627e-10, 8.3915e-12, 6.1524e-13, 6.2669e-13, 5.0736e-13,
         3.7272e-13, 1.8134e-13, 1.0889e-13, 1.0249e-13, 9.6809e-14, 8.7790e-14,
         7.7404e-14, 6.6960e-14, 5.6683e-14, 4.5490e-14, 3.4567e-14, 2.7026e-14,
         2.2747e-14, 2.0328e-14, 1.8808e-14, 1.7696e-14, 1.6830e-14, 1.6165e-14,
         1.5711e-14, 1.5519e-14, 1.5633e-14, 1.6073e-14, 1.6880e-14, 1.8117e-14,
         1.9880e-14, 2.2468e-14, 2.6190e-14, 3.1138e-14, 3.7979e-14, 4.7888e-14,
         6.3009e-14, 9.0580e-14, 1.4186e-13, 2.4724e-13, 4.9589e-13, 1.3730e-12,
         5.7383e-12, 1.8546e-11, 3.5475e-11, 5.2761e-11, 6.9951e-11, 8.5641e-11,
         9.8708e-11, 1.0742e-10, 1.1172e-10, 1.1109e-10, 1.0682e-10, 9.9501e-11,
         9.0854e-11, 8.1848e-11, 7.3427e-11, 6.6178e-11, 6.0402e-11, 5.6183e-11,
         5.3691e-11, 5.2739e-11, 5.3659e-11, 5.6255e-11, 6.0875e-11, 6.7649e-11,
         7.1310e-11, 7.1310e-11, 7.1310e-11, 7.1310e-11, 7.1310e-11, 7.1310e-11,
         7.1310e-11, 7.1310e-11]], dtype=torch.float64), 'xSO2': tensor([[1.5084e-02, 1.1506e-02, 6.9561e-03, 3.9060e-03, 1.9008e-03, 7.9436e-04,
         2.8691e-04, 8.8739e-05, 2.3112e-05, 6.0095e-06, 1.1340e-06, 2.4727e-07,
         4.2890e-08, 5.1986e-09, 1.0277e-09, 6.3162e-10, 6.7904e-10, 8.2701e-10,
         1.0292e-09, 1.2897e-09, 1.6244e-09, 2.0452e-09, 2.5737e-09, 3.2370e-09,
         4.0698e-09, 5.1293e-09, 6.4900e-09, 8.2105e-09, 1.0387e-08, 1.3145e-08,
         1.6646e-08, 2.1177e-08, 2.7101e-08, 3.4770e-08, 4.4765e-08, 5.7935e-08,
         7.5678e-08, 1.0193e-07, 1.4118e-07, 1.9731e-07, 2.8079e-07, 4.0877e-07,
         5.8548e-07, 8.2605e-07, 1.1510e-06, 1.5959e-06, 2.2097e-06, 3.0810e-06,
         4.3451e-06, 6.1328e-06, 8.6842e-06, 1.2554e-05, 1.8025e-05, 2.5858e-05,
         3.6043e-05, 4.8530e-05, 6.2467e-05, 7.6794e-05, 9.0226e-05, 1.0089e-04,
         1.0812e-04, 1.1049e-04, 1.0851e-04, 1.0232e-04, 9.3156e-05, 8.2232e-05,
         7.0778e-05, 5.9749e-05, 5.0021e-05, 4.1808e-05, 3.5492e-05, 3.1063e-05,
         2.9629e-05, 2.9629e-05, 2.9629e-05, 2.9629e-05, 2.9629e-05, 2.9629e-05,
         2.9629e-05, 2.9629e-05]], dtype=torch.float64), 'xH2SO4aer': tensor([[6.9874e-08, 7.8490e-08, 9.6900e-08, 1.1657e-07, 1.4068e-07, 1.7123e-07,
         2.2191e-07, 5.1801e-07, 1.2824e-06, 2.9629e-07, 3.5027e-10, 4.3435e-11,
         1.8410e-12, 2.0288e-14, 8.1109e-15, 7.3919e-15, 8.4469e-15, 1.0064e-14,
         1.2066e-14, 1.4508e-14, 1.7436e-14, 2.0258e-14, 2.1116e-14, 1.8905e-14,
         1.4974e-14, 1.0928e-14, 7.5773e-15, 5.0499e-15, 3.2719e-15, 2.0867e-15,
         1.3270e-15, 8.6217e-16, 5.7918e-16, 3.9903e-16, 2.8303e-16, 2.0737e-16,
         1.5756e-16, 1.2519e-16, 1.0480e-16, 9.3026e-17, 8.8123e-17, 8.9294e-17,
         9.6393e-17, 1.1064e-16, 1.3223e-16, 1.6257e-16, 2.0327e-16, 2.5550e-16,
         3.0748e-16, 2.9309e-16, 1.6468e-16, 7.7725e-17, 4.2035e-17, 2.9680e-17,
         2.2128e-17, 1.5590e-17, 9.6154e-18, 5.2940e-18, 2.5169e-18, 1.1318e-18,
         4.3785e-19, 1.6934e-19, 5.8787e-20, 2.0877e-20, 7.2624e-21, 2.5704e-21,
         9.8328e-22, 3.7241e-22, 1.5924e-22, 6.3384e-23, 2.2414e-23, 3.9398e-24,
         5.1335e-26, 5.1335e-26, 5.1335e-26, 5.1335e-26, 5.1335e-26, 5.1335e-26,
         5.1335e-26, 5.1335e-26]], dtype=torch.float64), 'xS8aer': tensor([[2.1149e-34, 4.2917e-34, 3.3508e-32, 8.4336e-27, 1.2139e-22, 1.9936e-21,
         3.4848e-21, 3.6542e-21, 8.9582e-21, 1.8340e-21, 5.2857e-26, 3.9468e-29,
         4.9412e-31, 7.2300e-34, 1.5766e-35, 3.8820e-36, 4.1370e-36, 4.9484e-36,
         5.9806e-36, 7.2478e-36, 8.8149e-36, 1.0728e-35, 1.3071e-35, 1.5945e-35,
         1.9482e-35, 2.3894e-35, 2.9460e-35, 3.6389e-35, 4.5034e-35, 5.5844e-35,
         6.9392e-35, 8.6691e-35, 1.0897e-34, 1.3736e-34, 1.7372e-34, 2.2058e-34,
         2.8143e-34, 3.6097e-34, 4.6419e-34, 5.9685e-34, 7.6597e-34, 9.7821e-34,
         1.2331e-33, 1.4731e-33, 1.4343e-33, 4.6807e-34, 1.0000e-40, 1.0000e-40,
         1.0000e-40, 1.0000e-40, 1.0000e-40, 1.0000e-40, 1.0000e-40, 1.0000e-40,
         1.0000e-40, 1.0000e-40, 1.0000e-40, 1.0000e-40, 1.0000e-40, 1.0000e-40,
         1.0000e-40, 1.0000e-40, 1.0000e-40, 1.0000e-40, 1.0000e-40, 1.0000e-40,
         1.0000e-40, 1.0000e-40, 1.0000e-40, 1.0000e-40, 1.0000e-40, 1.0000e-40,
         1.0000e-40, 1.0000e-40, 1.0000e-40, 1.0000e-40, 1.0000e-40, 1.0000e-40,
         1.0000e-40, 1.0000e-40]], dtype=torch.float64)}"
972000,222.108,0,"{'pres': tensor([[5.3000e+04, 4.2137e+04, 3.3501e+04, 2.6635e+04, 2.1176e+04, 1.6836e+04,
         1.3385e+04, 1.0642e+04, 8.4606e+03, 6.7265e+03, 5.3479e+03, 4.2518e+03,
         3.3803e+03, 2.6875e+03, 2.1367e+03, 1.6988e+03, 1.3506e+03, 1.0738e+03,
         8.5370e+02, 6.7873e+02, 5.3962e+02, 4.2902e+02, 3.4109e+02, 2.7118e+02,
         2.1560e+02, 1.7141e+02, 1.3628e+02, 1.0835e+02, 8.6141e+01, 6.8485e+01,
         5.4449e+01, 4.3289e+01, 3.4417e+01, 2.7363e+01, 2.1755e+01, 1.7296e+01,
         1.3751e+01, 1.0933e+01, 8.6918e+00, 6.9104e+00, 5.4941e+00, 4.3680e+00,
         3.4728e+00, 2.7610e+00, 2.1951e+00, 1.7452e+00, 1.3875e+00, 1.1031e+00,
         8.7703e-01, 6.9728e-01, 5.5437e-01, 4.4075e-01, 3.5041e-01, 2.7859e-01,
         2.2149e-01, 1.7610e-01, 1.4000e-01, 1.1131e-01, 8.8495e-02, 7.0358e-02,
         5.5937e-02, 4.4473e-02, 3.5358e-02, 2.8111e-02, 2.2349e-02, 1.7769e-02,
         1.4127e-02, 1.1231e-02, 8.9295e-03, 7.0993e-03, 5.6442e-03, 4.4874e-03,
         3.5677e-03, 2.8365e-03, 2.2551e-03, 1.7929e-03, 1.4254e-03, 1.1333e-03,
         9.0101e-04, 7.1634e-04]], dtype=torch.float64), 'temp': tensor([[191.7556, 186.0022, 179.9577, 173.4307, 166.4299, 159.0622, 151.5545,
         144.1350, 136.9583, 130.0951, 123.5680, 117.3602, 111.4894, 105.8627,
         100.5661, 100.0250, 100.0186, 100.0181, 100.0190, 100.0207, 100.0231,
         100.0262, 100.0301, 100.0350, 100.0410, 100.0484, 100.0575, 100.0685,
         100.0818, 100.0980, 100.1178, 100.1424, 100.1733, 100.2124, 100.2617,
         100.3246, 100.4086, 100.5491, 100.7590, 100.9746, 101.2424, 101.5930,
         102.0543, 102.6698, 103.4988, 104.6076, 106.0881, 108.0565, 110.6721,
         114.0237, 117.9974, 122.1809, 125.8056, 128.2086, 129.4709, 130.2233,
         130.9202, 131.5391, 132.0740, 132.5176, 132.9217, 133.2478, 133.5536,
         133.7994, 134.0236, 134.2032, 134.3653, 134.4937, 134.6030, 134.6902,
         134.7703, 134.8254, 134.8775, 134.9119, 134.9423, 134.9678, 134.9828,
         134.9999, 135.0116, 135.0206]], dtype=torch.float64), 'xCO2': tensor([[9.4899e-01, 8.6913e-01, 6.9691e-01, 5.1522e-01, 3.2730e-01, 1.7455e-01,
         8.3875e-02, 3.6539e-02, 1.4347e-02, 5.5404e-03, 1.8136e-03, 6.2429e-04,
         1.8799e-04, 4.7798e-05, 1.6279e-05, 1.2917e-05, 1.4826e-05, 1.8389e-05,
         2.3049e-05, 2.8980e-05, 3.6561e-05, 4.6081e-05, 5.8030e-05, 7.3020e-05,
         9.1822e-05, 1.1572e-04, 1.4633e-04, 1.8491e-04, 2.3357e-04, 2.9498e-04,
         3.7255e-04, 4.7244e-04, 6.0188e-04, 7.6782e-04, 9.8154e-04, 1.2587e-03,
         1.6211e-03, 2.0996e-03, 2.7252e-03, 3.5368e-03, 4.5928e-03, 5.9707e-03,
         7.7798e-03, 1.0244e-02, 1.3505e-02, 1.7819e-02, 2.3517e-02, 3.1187e-02,
         4.1584e-02, 5.5296e-02, 7.3431e-02, 9.7973e-02, 1.2922e-01, 1.6851e-01,
         2.1457e-01, 2.6672e-01, 3.2299e-01, 3.8186e-01, 4.4122e-01, 4.9892e-01,
         5.5406e-01, 6.0500e-01, 6.5172e-01, 6.9365e-01, 7.3093e-01, 7.6394e-01,
         7.9268e-01, 8.1806e-01, 8.3997e-01, 8.5928e-01, 8.7620e-01, 8.9111e-01,
         8.9694e-01, 8.9694e-01, 8.9694e-01, 8.9694e-01, 8.9694e-01, 8.9694e-01,
         8.9694e-01, 8.9694e-01]], dtype=torch.float64), 'xH2O': tensor([[7.2428e-07, 4.3889e-07, 1.6399e-07, 5.8077e-08, 1.7054e-08, 4.1506e-09,
         8.4425e-10, 1.3761e-10, 8.4554e-12, 6.2146e-13, 6.2763e-13, 5.0915e-13,
         3.7555e-13, 1.8355e-13, 1.1009e-13, 1.0359e-13, 9.8058e-14, 8.9147e-14,
         7.8808e-14, 6.8379e-14, 5.8287e-14, 4.7708e-14, 3.7077e-14, 2.9094e-14,
         2.4302e-14, 2.1544e-14, 1.9809e-14, 1.8553e-14, 1.7589e-14, 1.6853e-14,
         1.6348e-14, 1.6118e-14, 1.6204e-14, 1.6624e-14, 1.7418e-14, 1.8652e-14,
         2.0420e-14, 2.3034e-14, 2.6801e-14, 3.1830e-14, 3.8813e-14, 4.8976e-14,
         6.4635e-14, 9.3352e-14, 1.4720e-13, 2.5900e-13, 5.2651e-13, 1.5117e-12,
         6.3973e-12, 1.9877e-11, 3.7176e-11, 5.4891e-11, 7.2516e-11, 8.8493e-11,
         1.0178e-10, 1.1052e-10, 1.1481e-10, 1.1399e-10, 1.0951e-10, 1.0189e-10,
         9.2941e-11, 8.3630e-11, 7.4933e-11, 6.7421e-11, 6.1441e-11, 5.7033e-11,
         5.4416e-11, 5.3376e-11, 5.4222e-11, 5.6809e-11, 6.1430e-11, 6.8284e-11,
         7.1767e-11, 7.1767e-11, 7.1767e-11, 7.1767e-11, 7.1767e-11, 7.1767e-11,
         7.1767e-11, 7.1767e-11]], dtype=torch.float64), 'xSO2': tensor([[1.5114e-02, 1.1532e-02, 6.9758e-03, 3.9198e-03, 1.9090e-03, 7.9836e-04,
         2.8856e-04, 8.9329e-05, 2.3252e-05, 6.0549e-06, 1.1447e-06, 2.4957e-07,
         4.3219e-08, 5.2640e-09, 1.0395e-09, 6.3337e-10, 6.7893e-10, 8.2656e-10,
         1.0287e-09, 1.2894e-09, 1.6242e-09, 2.0452e-09, 2.5739e-09, 3.2377e-09,
         4.0711e-09, 5.1323e-09, 6.4942e-09, 8.2161e-09, 1.0395e-08, 1.3156e-08,
         1.6660e-08, 2.1203e-08, 2.7141e-08, 3.4832e-08, 4.4864e-08, 5.8097e-08,
         7.5947e-08, 1.0247e-07, 1.4214e-07, 1.9908e-07, 2.8407e-07, 4.1473e-07,
         5.9372e-07, 8.3779e-07, 1.1680e-06, 1.6205e-06, 2.2448e-06, 3.1331e-06,
         4.4182e-06, 6.2332e-06, 8.8338e-06, 1.2754e-05, 1.8283e-05, 2.6186e-05,
         3.6377e-05, 4.8841e-05, 6.2686e-05, 7.6891e-05, 9.0191e-05, 1.0073e-04,
         1.0783e-04, 1.1020e-04, 1.0818e-04, 1.0205e-04, 9.2927e-05, 8.2072e-05,
         7.0668e-05, 5.9695e-05, 4.9993e-05, 4.1825e-05, 3.5522e-05, 3.1136e-05,
         2.9772e-05, 2.9772e-05, 2.9772e-05, 2.9772e-05, 2.9772e-05, 2.9772e-05,
         2.9772e-05, 2.9772e-05]], dtype=torch.float64), 'xH2SO4aer': tensor([[6.9875e-08, 7.8494e-08, 9.6906e-08, 1.1658e-07, 1.4072e-07, 1.7134e-07,
         2.2255e-07, 5.2581e-07, 1.2812e-06, 2.8516e-07, 3.4738e-10, 4.4127e-11,
         1.8634e-12, 1.7923e-14, 7.0278e-15, 6.3763e-15, 7.2798e-15, 8.6743e-15,
         1.0402e-14, 1.2513e-14, 1.5062e-14, 1.7673e-14, 1.8916e-14, 1.7478e-14,
         1.4163e-14, 1.0476e-14, 7.3212e-15, 4.9035e-15, 3.1866e-15, 2.0349e-15,
         1.2937e-15, 8.3971e-16, 5.6255e-16, 3.8624e-16, 2.7298e-16, 1.9940e-16,
         1.5123e-16, 1.2025e-16, 1.0104e-16, 9.0345e-17, 8.6472e-17, 8.8675e-17,
         9.6894e-17, 1.1238e-16, 1.3545e-16, 1.6759e-16, 2.1053e-16, 2.6543e-16,
         3.1851e-16, 2.9623e-16, 1.6381e-16, 7.8802e-17, 4.3831e-17, 3.1650e-17,
         2.3690e-17, 1.6650e-17, 1.0215e-17, 5.6169e-18, 2.6575e-18, 1.1949e-18,
         4.6343e-19, 1.7778e-19, 6.1942e-20, 2.1758e-20, 7.6045e-21, 2.6580e-21,
         1.0231e-21, 3.8843e-22, 1.6520e-22, 6.6162e-23, 2.3408e-23, 4.3322e-24,
         3.3876e-25, 3.3876e-25, 3.3876e-25, 3.3876e-25, 3.3876e-25, 3.3876e-25,
         3.3876e-25, 3.3876e-25]], dtype=torch.float64), 'xS8aer': tensor([[2.1152e-34, 4.2927e-34, 3.6168e-32, 8.7912e-27, 1.2223e-22, 1.9971e-21,
         3.5224e-21, 3.7198e-21, 8.9344e-21, 1.7572e-21, 2.8144e-26, 4.0605e-29,
         5.0549e-31, 7.4872e-34, 1.6365e-35, 4.0762e-36, 4.3367e-36, 5.1810e-36,
         6.2586e-36, 7.5854e-36, 9.2273e-36, 1.1233e-35, 1.3690e-35, 1.6705e-35,
         2.0414e-35, 2.5046e-35, 3.0884e-35, 3.8152e-35, 4.7219e-35, 5.8557e-35,
         7.2767e-35, 9.0929e-35, 1.1431e-34, 1.4411e-34, 1.8228e-34, 2.3151e-34,
         2.9549e-34, 3.7920e-34, 4.8779e-34, 6.2734e-34, 8.0524e-34, 1.0284e-33,
         1.2957e-33, 1.5423e-33, 1.4786e-33, 4.6466e-34, 1.0000e-40, 1.0000e-40,
         1.0000e-40, 1.0000e-40, 1.0000e-40, 1.0000e-40, 1.0000e-40, 1.0000e-40,
         1.0000e-40, 1.0000e-40, 1.0000e-40, 1.0000e-40, 1.0000e-40, 1.0000e-40,
         1.0000e-40, 1.0000e-40, 1.0000e-40, 1.0000e-40, 1.0000e-40, 1.0000e-40,
         1.0000e-40, 1.0000e-40, 1.0000e-40, 1.0000e-40, 1.0000e-40, 1.0000e-40,
         1.0000e-40, 1.0000e-40, 1.0000e-40, 1.0000e-40, 1.0000e-40, 1.0000e-40,
         1.0000e-40, 1.0000e-40]], dtype=torch.float64)}"
993600,222.113,0,"{'pres': tensor([[5.3000e+04, 4.2137e+04, 3.3501e+04, 2.6635e+04, 2.1176e+04, 1.6836e+04,
         1.3385e+04, 1.0642e+04, 8.4606e+03, 6.7265e+03, 5.3479e+03, 4.2518e+03,
         3.3803e+03, 2.6875e+03, 2.1367e+03, 1.6988e+03, 1.3506e+03, 1.0738e+03,
         8.5370e+02, 6.7873e+02, 5.3962e+02, 4.2902e+02, 3.4109e+02, 2.7118e+02,
         2.1560e+02, 1.7141e+02, 1.3628e+02, 1.0835e+02, 8.6141e+01, 6.8485e+01,
         5.4449e+01, 4.3289e+01, 3.4417e+01, 2.7363e+01, 2.1755e+01, 1.7296e+01,
         1.3751e+01, 1.0933e+01, 8.6918e+00, 6.9104e+00, 5.4941e+00, 4.3680e+00,
         3.4728e+00, 2.7610e+00, 2.1951e+00, 1.7452e+00, 1.3875e+00, 1.1031e+00,
         8.7703e-01, 6.9728e-01, 5.5437e-01, 4.4075e-01, 3.5041e-01, 2.7859e-01,
         2.2149e-01, 1.7610e-01, 1.4000e-01, 1.1131e-01, 8.8495e-02, 7.0358e-02,
         5.5937e-02, 4.4473e-02, 3.5358e-02, 2.8111e-02, 2.2349e-02, 1.7769e-02,
         1.4127e-02, 1.1231e-02, 8.9295e-03, 7.0993e-03, 5.6442e-03, 4.4874e-03,
         3.5677e-03, 2.8365e-03, 2.2551e-03, 1.7929e-03, 1.4254e-03, 1.1333e-03,
         9.0101e-04, 7.1634e-04]], dtype=torch.float64), 'temp': tensor([[191.7743, 186.0233, 179.9816, 173.4580, 166.4603, 159.0945, 151.5872,
         144.1671, 136.9891, 130.1245, 123.5959, 117.3866, 111.5145, 105.8865,
         100.5888, 100.0252, 100.0186, 100.0182, 100.0191, 100.0208, 100.0232,
         100.0264, 100.0304, 100.0353, 100.0414, 100.0489, 100.0581, 100.0693,
         100.0829, 100.0993, 100.1195, 100.1445, 100.1762, 100.2160, 100.2664,
         100.3308, 100.4166, 100.5597, 100.7731, 100.9933, 101.2674, 101.6265,
         102.0992, 102.7305, 103.5806, 104.7173, 106.2343, 108.2492, 110.9200,
         114.3251, 118.3293, 122.4947, 126.0351, 128.3323, 129.5290, 130.2663,
         130.9607, 131.5722, 132.1009, 132.5411, 132.9421, 133.2656, 133.5697,
         133.8138, 134.0368, 134.2154, 134.3765, 134.5046, 134.6128, 134.7002,
         134.7795, 134.8345, 134.8862, 134.9204, 134.9506, 134.9759, 134.9908,
         135.0079, 135.0195, 135.0285]], dtype=torch.float64), 'xCO2': tensor([[9.4914e-01, 8.6955e-01, 6.9781e-01, 5.1634e-01, 3.2838e-01, 1.7524e-01,
         8.4245e-02, 3.6720e-02, 1.4416e-02, 5.5708e-03, 1.8255e-03, 6.2830e-04,
         1.8906e-04, 4.8199e-05, 1.6408e-05, 1.2945e-05, 1.4830e-05, 1.8389e-05,
         2.3048e-05, 2.8983e-05, 3.6564e-05, 4.6084e-05, 5.8033e-05, 7.3024e-05,
         9.1827e-05, 1.1575e-04, 1.4636e-04, 1.8496e-04, 2.3365e-04, 2.9509e-04,
         3.7273e-04, 4.7283e-04, 6.0247e-04, 7.6877e-04, 9.8307e-04, 1.2611e-03,
         1.6251e-03, 2.1061e-03, 2.7345e-03, 3.5499e-03, 4.6108e-03, 5.9950e-03,
         7.8147e-03, 1.0290e-02, 1.3563e-02, 1.7892e-02, 2.3605e-02, 3.1306e-02,
         4.1720e-02, 5.5443e-02, 7.3646e-02, 9.8168e-02, 1.2936e-01, 1.6854e-01,
         2.1432e-01, 2.6618e-01, 3.2208e-01, 3.8062e-01, 4.3964e-01, 4.9710e-01,
         5.5199e-01, 6.0280e-01, 6.4936e-01, 6.9123e-01, 7.2840e-01, 7.6139e-01,
         7.9004e-01, 8.1536e-01, 8.3724e-01, 8.5648e-01, 8.7336e-01, 8.8819e-01,
         8.9369e-01, 8.9369e-01, 8.9369e-01, 8.9369e-01, 8.9369e-01, 8.9369e-01,
         8.9369e-01, 8.9369e-01]], dtype=torch.float64), 'xH2O': tensor([[7.2658e-07, 4.4042e-07, 1.6473e-07, 5.8392e-08, 1.7164e-08, 4.1810e-09,
         8.5131e-10, 1.3897e-10, 8.5206e-12, 6.2784e-13, 6.2853e-13, 5.1090e-13,
         3.7833e-13, 1.8573e-13, 1.1128e-13, 1.0466e-13, 9.9280e-14, 9.0479e-14,
         8.0192e-14, 6.9776e-14, 5.9794e-14, 4.9674e-14, 3.9409e-14, 3.1152e-14,
         2.5895e-14, 2.2798e-14, 2.0840e-14, 1.9435e-14, 1.8366e-14, 1.7557e-14,
         1.6998e-14, 1.6729e-14, 1.6785e-14, 1.7183e-14, 1.7964e-14, 1.9192e-14,
         2.0965e-14, 2.3604e-14, 2.7417e-14, 3.2527e-14, 3.9656e-14, 5.0080e-14,
         6.6299e-14, 9.6206e-14, 1.5274e-13, 2.7134e-13, 5.5913e-13, 1.6653e-12,
         7.1261e-12, 2.1281e-11, 3.8926e-11, 5.7052e-11, 7.5107e-11, 9.1368e-11,
         1.0488e-10, 1.1364e-10, 1.1792e-10, 1.1691e-10, 1.1219e-10, 1.0430e-10,
         9.5045e-11, 8.5431e-11, 7.6459e-11, 6.8688e-11, 6.2506e-11, 5.7911e-11,
         5.5173e-11, 5.4047e-11, 5.4823e-11, 5.7404e-11, 6.2033e-11, 6.8972e-11,
         7.2281e-11, 7.2281e-11, 7.2281e-11, 7.2281e-11, 7.2281e-11, 7.2281e-11,
         7.2281e-11, 7.2281e-11]], dtype=torch.float64), 'xSO2': tensor([[1.5143e-02, 1.1558e-02, 6.9956e-03, 3.9337e-03, 1.9172e-03, 8.0238e-04,
         2.9022e-04, 8.9924e-05, 2.3394e-05, 6.1007e-06, 1.1557e-06, 2.5189e-07,
         4.3550e-08, 5.3303e-09, 1.0514e-09, 6.3515e-10, 6.7884e-10, 8.2613e-10,
         1.0282e-09, 1.2890e-09, 1.6239e-09, 2.0451e-09, 2.5741e-09, 3.2382e-09,
         4.0721e-09, 5.1349e-09, 6.4978e-09, 8.2212e-09, 1.0402e-08, 1.3166e-08,
         1.6674e-08, 2.1228e-08, 2.7180e-08, 3.4893e-08, 4.4962e-08, 5.8259e-08,
         7.6218e-08, 1.0301e-07, 1.4312e-07, 2.0088e-07, 2.8741e-07, 4.2079e-07,
         6.0202e-07, 8.4960e-07, 1.1852e-06, 1.6452e-06, 2.2799e-06, 3.1852e-06,
         4.4908e-06, 6.3328e-06, 8.9818e-06, 1.2950e-05, 1.8534e-05, 2.6502e-05,
         3.6695e-05, 4.9131e-05, 6.2883e-05, 7.6965e-05, 9.0106e-05, 1.0054e-04,
         1.0752e-04, 1.0988e-04, 1.0783e-04, 1.0177e-04, 9.2677e-05, 8.1889e-05,
         7.0537e-05, 5.9622e-05, 4.9949e-05, 4.1826e-05, 3.5540e-05, 3.1196e-05,
         2.9902e-05, 2.9902e-05, 2.9902e-05, 2.9902e-05, 2.9902e-05, 2.9902e-05,
         2.9902e-05, 2.9902e-05]], dtype=torch.float64), 'xH2SO4aer': tensor([[6.9877e-08, 7.8497e-08, 9.6913e-08, 1.1659e-07, 1.4076e-07, 1.7145e-07,
         2.2320e-07, 5.3359e-07, 1.2794e-06, 2.7448e-07, 3.4884e-10, 4.4832e-11,
         1.8872e-12, 1.5887e-14, 6.0919e-15, 5.5020e-15, 6.2760e-15, 7.4788e-15,
         8.9706e-15, 1.0795e-14, 1.3008e-14, 1.5376e-14, 1.6824e-14, 1.6022e-14,
         1.3301e-14, 9.9895e-15, 7.0442e-15, 4.7461e-15, 3.0958e-15, 1.9807e-15,
         1.2596e-15, 8.1704e-16, 5.4605e-16, 3.7376e-16, 2.6332e-16, 1.9184e-16,
         1.4532e-16, 1.1576e-16, 9.7745e-17, 8.8148e-17, 8.5343e-17, 8.8633e-17,
         9.8055e-17, 1.1491e-16, 1.3962e-16, 1.7382e-16, 2.1929e-16, 2.7725e-16,
         3.3161e-16, 3.0038e-16, 1.6345e-16, 8.0095e-17, 4.5768e-17, 3.3721e-17,
         2.5324e-17, 1.7748e-17, 1.0832e-17, 5.9491e-18, 2.8168e-18, 1.2593e-18,
         4.8972e-19, 1.8633e-19, 6.5187e-20, 2.2648e-20, 7.9570e-21, 2.7463e-21,
         1.0643e-21, 4.0512e-22, 1.7134e-22, 6.9008e-23, 2.4377e-23, 4.6940e-24,
         6.2281e-25, 6.2281e-25, 6.2281e-25, 6.2281e-25, 6.2281e-25, 6.2281e-25,
         6.2281e-25, 6.2281e-25]], dtype=torch.float64), 'xS8aer': tensor([[2.1154e-34, 4.2937e-34, 3.8988e-32, 9.1562e-27, 1.2308e-22, 2.0006e-21,
         3.5598e-21, 3.7852e-21, 8.9067e-21, 1.6839e-21, 2.3157e-26, 4.1773e-29,
         5.1703e-31, 7.7514e-34, 1.6915e-35, 4.2493e-36, 4.5314e-36, 5.4198e-36,
         6.5509e-36, 7.9427e-36, 9.6627e-36, 1.1763e-35, 1.4335e-35, 1.7491e-35,
         2.1373e-35, 2.6224e-35, 3.2332e-35, 3.9936e-35, 4.9422e-35, 6.1281e-35,
         7.6144e-35, 9.5158e-35, 1.1962e-34, 1.5080e-34, 1.9076e-34, 2.4232e-34,
         3.0936e-34, 3.9719e-34, 5.1102e-34, 6.5730e-34, 8.4375e-34, 1.0774e-33,
         1.3564e-33, 1.6077e-33, 1.5137e-33, 4.5656e-34, 1.0000e-40, 1.0000e-40,
         1.0000e-40, 1.0000e-40, 1.0000e-40, 1.0000e-40, 1.0000e-40, 1.0000e-40,
         1.0000e-40, 1.0000e-40, 1.0000e-40, 1.0000e-40, 1.0000e-40, 1.0000e-40,
         1.0000e-40, 1.0000e-40, 1.0000e-40, 1.0000e-40, 1.0000e-40, 1.0000e-40,
         1.0000e-40, 1.0000e-40, 1.0000e-40, 1.0000e-40, 1.0000e-40, 1.0000e-40,
         1.0000e-40, 1.0000e-40, 1.0000e-40, 1.0000e-40, 1.0000e-40, 1.0000e-40,
         1.0000e-40, 1.0000e-40]], dtype=torch.float64)}"
1.0152e+06,222.118,0,"{'pres': tensor([[5.3000e+04, 4.2137e+04, 3.3501e+04, 2.6635e+04, 2.1176e+04, 1.6836e+04,
         1.3385e+04, 1.0642e+04, 8.4606e+03, 6.7265e+03, 5.3479e+03, 4.2518e+03,
         3.3803e+03, 2.6875e+03, 2.1367e+03, 1.6988e+03, 1.3506e+03, 1.0738e+03,
         8.5370e+02, 6.7873e+02, 5.3962e+02, 4.2902e+02, 3.4109e+02, 2.7118e+02,
         2.1560e+02, 1.7141e+02, 1.3628e+02, 1.0835e+02, 8.6141e+01, 6.8485e+01,
         5.4449e+01, 4.3289e+01, 3.4417e+01, 2.7363e+01, 2.1755e+01, 1.7296e+01,
         1.3751e+01, 1.0933e+01, 8.6918e+00, 6.9104e+00, 5.4941e+00, 4.3680e+00,
         3.4728e+00, 2.7610e+00, 2.1951e+00, 1.7452e+00, 1.3875e+00, 1.1031e+00,
         8.7703e-01, 6.9728e-01, 5.5437e-01, 4.4075e-01, 3.5041e-01, 2.7859e-01,
         2.2149e-01, 1.7610e-01, 1.4000e-01, 1.1131e-01, 8.8495e-02, 7.0358e-02,
         5.5937e-02, 4.4473e-02, 3.5358e-02, 2.8111e-02, 2.2349e-02, 1.7769e-02,
         1.4127e-02, 1.1231e-02, 8.9295e-03, 7.0993e-03, 5.6442e-03, 4.4874e-03,
         3.5677e-03, 2.8365e-03, 2.2551e-03, 1.7929e-03, 1.4254e-03, 1.1333e-03,
         9.0101e-04, 7.1634e-04]], dtype=torch.float64), 'temp': tensor([[191.7929, 186.0443, 180.0056, 173.4853, 166.4906, 159.1268, 151.6200,
         144.1992, 137.0199, 130.1539, 123.6238, 117.4131, 111.5397, 105.9104,
         100.6114, 100.0255, 100.0187, 100.0182, 100.0192, 100.0209, 100.0234,
         100.0266, 100.0306, 100.0357, 100.0418, 100.0494, 100.0588, 100.0702,
         100.0839, 100.1007, 100.1212, 100.1467, 100.1790, 100.2197, 100.2711,
         100.3370, 100.4247, 100.5704, 100.7872, 101.0122, 101.2926, 101.6602,
         102.1444, 102.7916, 103.6629, 104.8277, 106.3811, 108.4424, 111.1678,
         114.6243, 118.6555, 122.7980, 126.2519, 128.4467, 129.5834, 130.3083,
         131.0001, 131.6041, 132.1269, 132.5638, 132.9617, 133.2828, 133.5852,
         133.8276, 134.0496, 134.2273, 134.3872, 134.5151, 134.6223, 134.7097,
         134.7882, 134.8433, 134.8944, 134.9286, 134.9585, 134.9837, 134.9985,
         135.0155, 135.0270, 135.0359]], dtype=torch.float64), 'xCO2': tensor([[9.4928e-01, 8.6997e-01, 6.9869e-01, 5.1744e-01, 3.2946e-01, 1.7593e-01,
         8.4617e-02, 3.6901e-02, 1.4485e-02, 5.6014e-03, 1.8375e-03, 6.3233e-04,
         1.9014e-04, 4.8603e-05, 1.6537e-05, 1.2972e-05, 1.4834e-05, 1.8389e-05,
         2.3047e-05, 2.8986e-05, 3.6568e-05, 4.6088e-05, 5.8037e-05, 7.3028e-05,
         9.1832e-05, 1.1578e-04, 1.4640e-04, 1.8502e-04, 2.3372e-04, 2.9521e-04,
         3.7291e-04, 4.7321e-04, 6.0307e-04, 7.6972e-04, 9.8460e-04, 1.2636e-03,
         1.6291e-03, 2.1126e-03, 2.7439e-03, 3.5630e-03, 4.6287e-03, 6.0192e-03,
         7.8495e-03, 1.0335e-02, 1.3621e-02, 1.7964e-02, 2.3690e-02, 3.1423e-02,
         4.1853e-02, 5.5587e-02, 7.3854e-02, 9.8354e-02, 1.2949e-01, 1.6856e-01,
         2.1405e-01, 2.6562e-01, 3.2117e-01, 3.7938e-01, 4.3806e-01, 4.9527e-01,
         5.4991e-01, 6.0059e-01, 6.4699e-01, 6.8880e-01, 7.2587e-01, 7.5883e-01,
         7.8740e-01, 8.1264e-01, 8.3450e-01, 8.5366e-01, 8.7050e-01, 8.8525e-01,
         8.9042e-01, 8.9042e-01, 8.9042e-01, 8.9042e-01, 8.9042e-01, 8.9042e-01,
         8.9042e-01, 8.9042e-01]], dtype=torch.float64), 'xH2O': tensor([[7.2889e-07, 4.4196e-07, 1.6546e-07, 5.8707e-08, 1.7273e-08, 4.2116e-09,
         8.5841e-10, 1.4034e-10, 8.5871e-12, 6.3438e-13, 6.2942e-13, 5.1261e-13,
         3.8108e-13, 1.8790e-13, 1.1245e-13, 1.0572e-13, 1.0048e-13, 9.1788e-14,
         8.1555e-14, 7.1154e-14, 6.1235e-14, 5.1446e-14, 4.1555e-14, 3.3168e-14,
         2.7512e-14, 2.4083e-14, 2.1898e-14, 2.0337e-14, 1.9162e-14, 1.8276e-14,
         1.7660e-14, 1.7351e-14, 1.7376e-14, 1.7750e-14, 1.8516e-14, 1.9738e-14,
         2.1516e-14, 2.4180e-14, 2.8037e-14, 3.3231e-14, 4.0507e-14, 5.1199e-14,
         6.7999e-14, 9.9147e-14, 1.5850e-13, 2.8429e-13, 5.9389e-13, 1.8352e-12,
         7.9298e-12, 2.2762e-11, 4.0729e-11, 5.9250e-11, 7.7726e-11, 9.4266e-11,
         1.0799e-10, 1.1678e-10, 1.2105e-10, 1.1984e-10, 1.1488e-10, 1.0673e-10,
         9.7165e-11, 8.7251e-11, 7.8007e-11, 6.9978e-11, 6.3597e-11, 5.8816e-11,
         5.5960e-11, 5.4752e-11, 5.5461e-11, 5.8040e-11, 6.2682e-11, 6.9714e-11,
         7.2854e-11, 7.2854e-11, 7.2854e-11, 7.2854e-11, 7.2854e-11, 7.2854e-11,
         7.2854e-11, 7.2854e-11]], dtype=torch.float64), 'xSO2': tensor([[1.5173e-02, 1.1583e-02, 7.0155e-03, 3.9475e-03, 1.9254e-03, 8.0641e-04,
         2.9189e-04, 9.0521e-05, 2.3536e-05, 6.1468e-06, 1.1667e-06, 2.5423e-07,
         4.3881e-08, 5.3973e-09, 1.0634e-09, 6.3696e-10, 6.7877e-10, 8.2572e-10,
         1.0276e-09, 1.2887e-09, 1.6236e-09, 2.0449e-09, 2.5741e-09, 3.2386e-09,
         4.0729e-09, 5.1372e-09, 6.5011e-09, 8.2257e-09, 1.0408e-08, 1.3175e-08,
         1.6687e-08, 2.1253e-08, 2.7218e-08, 3.4953e-08, 4.5060e-08, 5.8421e-08,
         7.6489e-08, 1.0355e-07, 1.4410e-07, 2.0270e-07, 2.9079e-07, 4.2687e-07,
         6.1036e-07, 8.6148e-07, 1.2023e-06, 1.6699e-06, 2.3149e-06, 3.2370e-06,
         4.5630e-06, 6.4315e-06, 9.1281e-06, 1.3143e-05, 1.8780e-05, 2.6807e-05,
         3.6996e-05, 4.9400e-05, 6.3058e-05, 7.7017e-05, 9.0000e-05, 1.0034e-04,
         1.0720e-04, 1.0954e-04, 1.0747e-04, 1.0146e-04, 9.2405e-05, 8.1687e-05,
         7.0386e-05, 5.9530e-05, 4.9888e-05, 4.1813e-05, 3.5544e-05, 3.1245e-05,
         3.0021e-05, 3.0021e-05, 3.0021e-05, 3.0021e-05, 3.0021e-05, 3.0021e-05,
         3.0021e-05, 3.0021e-05]], dtype=torch.float64), 'xH2SO4aer': tensor([[6.9879e-08, 7.8500e-08, 9.6919e-08, 1.1661e-07, 1.4079e-07, 1.7156e-07,
         2.2386e-07, 5.4135e-07, 1.2772e-06, 2.6424e-07, 3.5070e-10, 4.5548e-11,
         1.9122e-12, 1.4140e-14, 5.2849e-15, 4.7511e-15, 5.4144e-15, 6.4526e-15,
         7.7412e-15, 9.3187e-15, 1.1240e-14, 1.3358e-14, 1.4882e-14, 1.4578e-14,
         1.2409e-14, 9.4743e-15, 6.7494e-15, 4.5787e-15, 2.9999e-15, 1.9242e-15,
         1.2245e-15, 7.9415e-16, 5.2967e-16, 3.6157e-16, 2.5402e-16, 1.8468e-16,
         1.3984e-16, 1.1169e-16, 9.4886e-17, 8.6414e-17, 8.4714e-17, 8.9152e-17,
         9.9866e-17, 1.1822e-16, 1.4477e-16, 1.8125e-16, 2.2960e-16, 2.9102e-16,
         3.4682e-16, 3.0547e-16, 1.6359e-16, 8.1601e-17, 4.7849e-17, 3.5894e-17,
         2.7028e-17, 1.8881e-17, 1.1467e-17, 6.2895e-18, 2.9805e-18, 1.3249e-18,
         5.1669e-19, 1.9499e-19, 6.8518e-20, 2.3543e-20, 8.3197e-21, 2.8349e-21,
         1.1069e-21, 4.2259e-22, 1.7773e-22, 7.1995e-23, 2.5385e-23, 5.0633e-24,
         9.2634e-25, 9.2634e-25, 9.2634e-25, 9.2634e-25, 9.2634e-25, 9.2634e-25,
         9.2634e-25, 9.2634e-25]], dtype=torch.float64), 'xS8aer': tensor([[2.1157e-34, 4.2947e-34, 4.1975e-32, 9.5286e-27, 1.2392e-22, 2.0042e-21,
         3.5969e-21, 3.8504e-21, 8.8753e-21, 1.6140e-21, 1.9170e-26, 4.2973e-29,
         5.2871e-31, 8.0261e-34, 1.7464e-35, 4.3939e-36, 4.6864e-36, 5.6087e-36,
         6.7836e-36, 8.2308e-36, 1.0019e-35, 1.2202e-35, 1.4876e-35, 1.8158e-35,
         2.2195e-35, 2.7244e-35, 3.3597e-35, 4.1506e-35, 5.1372e-35, 6.3707e-35,
         7.9167e-35, 9.8965e-35, 1.2442e-34, 1.5688e-34, 1.9851e-34, 2.5224e-34,
         3.2214e-34, 4.1383e-34, 5.3259e-34, 6.8521e-34, 8.7968e-34, 1.1232e-33,
         1.4128e-33, 1.6665e-33, 1.5369e-33, 4.4329e-34, 1.0000e-40, 1.0000e-40,
         1.0000e-40, 1.0000e-40, 1.0000e-40, 1.0000e-40, 1.0000e-40, 1.0000e-40,
         1.0000e-40, 1.0000e-40, 1.0000e-40, 1.0000e-40, 1.0000e-40, 1.0000e-40,
         1.0000e-40, 1.0000e-40, 1.0000e-40, 1.0000e-40, 1.0000e-40, 1.0000e-40,
         1.0000e-40, 1.0000e-40, 1.0000e-40, 1.0000e-40, 1.0000e-40, 1.0000e-40,
         1.0000e-40, 1.0000e-40, 1.0000e-40, 1.0000e-40, 1.0000e-40, 1.0000e-40,
         1.0000e-40, 1.0000e-40]], dtype=torch.float64)}"
1.0368e+06,222.123,0,"{'pres': tensor([[5.3000e+04, 4.2137e+04, 3.3501e+04, 2.6635e+04, 2.1176e+04, 1.6836e+04,
         1.3385e+04, 1.0642e+04, 8.4606e+03, 6.7265e+03, 5.3479e+03, 4.2518e+03,
         3.3803e+03, 2.6875e+03, 2.1367e+03, 1.6988e+03, 1.3506e+03, 1.0738e+03,
         8.5370e+02, 6.7873e+02, 5.3962e+02, 4.2902e+02, 3.4109e+02, 2.7118e+02,
         2.1560e+02, 1.7141e+02, 1.3628e+02, 1.0835e+02, 8.6141e+01, 6.8485e+01,
         5.4449e+01, 4.3289e+01, 3.4417e+01, 2.7363e+01, 2.1755e+01, 1.7296e+01,
         1.3751e+01, 1.0933e+01, 8.6918e+00, 6.9104e+00, 5.4941e+00, 4.3680e+00,
         3.4728e+00, 2.7610e+00, 2.1951e+00, 1.7452e+00, 1.3875e+00, 1.1031e+00,
         8.7703e-01, 6.9728e-01, 5.5437e-01, 4.4075e-01, 3.5041e-01, 2.7859e-01,
         2.2149e-01, 1.7610e-01, 1.4000e-01, 1.1131e-01, 8.8495e-02, 7.0358e-02,
         5.5937e-02, 4.4473e-02, 3.5358e-02, 2.8111e-02, 2.2349e-02, 1.7769e-02,
         1.4127e-02, 1.1231e-02, 8.9295e-03, 7.0993e-03, 5.6442e-03, 4.4874e-03,
         3.5677e-03, 2.8365e-03, 2.2551e-03, 1.7929e-03, 1.4254e-03, 1.1333e-03,
         9.0101e-04, 7.1634e-04]], dtype=torch.float64), 'temp': tensor([[191.8115, 186.0653, 180.0295, 173.5125, 166.5209, 159.1591, 151.6527,
         144.2313, 137.0508, 130.1833, 123.6517, 117.4396, 111.5649, 105.9342,
         100.6341, 100.0257, 100.0188, 100.0183, 100.0193, 100.0210, 100.0235,
         100.0268, 100.0309, 100.0360, 100.0422, 100.0499, 100.0594, 100.0710,
         100.0850, 100.1020, 100.1229, 100.1489, 100.1818, 100.2233, 100.2759,
         100.3431, 100.4328, 100.5811, 100.8014, 101.0311, 101.3179, 101.6942,
         102.1900, 102.8531, 103.7457, 104.9387, 106.5286, 108.6361, 111.4152,
         114.9210, 118.9758, 123.0908, 126.4565, 128.5525, 129.6347, 130.3494,
         131.0383, 131.6347, 132.1521, 132.5858, 132.9806, 133.2994, 133.6002,
         133.8410, 134.0618, 134.2386, 134.3976, 134.5253, 134.6314, 134.7189,
         134.7966, 134.8517, 134.9022, 134.9363, 134.9660, 134.9911, 135.0058,
         135.0227, 135.0342, 135.0430]], dtype=torch.float64), 'xCO2': tensor([[9.4943e-01, 8.7038e-01, 6.9956e-01, 5.1854e-01, 3.3054e-01, 1.7662e-01,
         8.4989e-02, 3.7083e-02, 1.4554e-02, 5.6321e-03, 1.8495e-03, 6.3638e-04,
         1.9122e-04, 4.9009e-05, 1.6667e-05, 1.3000e-05, 1.4838e-05, 1.8389e-05,
         2.3046e-05, 2.8990e-05, 3.6571e-05, 4.6091e-05, 5.8040e-05, 7.3032e-05,
         9.1837e-05, 1.1581e-04, 1.4644e-04, 1.8507e-04, 2.3380e-04, 2.9533e-04,
         3.7309e-04, 4.7360e-04, 6.0368e-04, 7.7068e-04, 9.8614e-04, 1.2661e-03,
         1.6331e-03, 2.1191e-03, 2.7532e-03, 3.5761e-03, 4.6467e-03, 6.0433e-03,
         7.8840e-03, 1.0380e-02, 1.3678e-02, 1.8035e-02, 2.3774e-02, 3.1538e-02,
         4.1983e-02, 5.5727e-02, 7.4056e-02, 9.8533e-02, 1.2961e-01, 1.6856e-01,
         2.1376e-01, 2.6505e-01, 3.2028e-01, 3.7813e-01, 4.3648e-01, 4.9344e-01,
         5.4783e-01, 5.9838e-01, 6.4461e-01, 6.8636e-01, 7.2332e-01, 7.5624e-01,
         7.8474e-01, 8.0991e-01, 8.3173e-01, 8.5082e-01, 8.6762e-01, 8.8230e-01,
         8.8715e-01, 8.8715e-01, 8.8715e-01, 8.8715e-01, 8.8715e-01, 8.8715e-01,
         8.8715e-01, 8.8715e-01]], dtype=torch.float64), 'xH2O': tensor([[7.3120e-07, 4.4350e-07, 1.6620e-07, 5.9024e-08, 1.7384e-08, 4.2425e-09,
         8.6557e-10, 1.4172e-10, 8.6553e-12, 6.4109e-13, 6.3029e-13, 5.1428e-13,
         3.8379e-13, 1.9004e-13, 1.1361e-13, 1.0674e-13, 1.0165e-13, 9.3073e-14,
         8.2900e-14, 7.2514e-14, 6.2631e-14, 5.3075e-14, 4.3527e-14, 3.5117e-14,
         2.9133e-14, 2.5391e-14, 2.2978e-14, 2.1259e-14, 1.9973e-14, 1.9008e-14,
         1.8334e-14, 1.7982e-14, 1.7975e-14, 1.8325e-14, 1.9075e-14, 2.0290e-14,
         2.2071e-14, 2.4759e-14, 2.8662e-14, 3.3939e-14, 4.1367e-14, 5.2334e-14,
         6.9739e-14, 1.0218e-13, 1.6449e-13, 2.9790e-13, 6.3094e-13, 2.0230e-12,
         8.8158e-12, 2.4324e-11, 4.2589e-11, 6.1487e-11, 8.0375e-11, 9.7187e-11,
         1.1113e-10, 1.1993e-10, 1.2412e-10, 1.2279e-10, 1.1758e-10, 1.0917e-10,
         9.9301e-11, 8.9090e-11, 7.9576e-11, 7.1290e-11, 6.4714e-11, 5.9759e-11,
         5.6777e-11, 5.5490e-11, 5.6134e-11, 5.8718e-11, 6.3377e-11, 7.0511e-11,
         7.3484e-11, 7.3484e-11, 7.3484e-11, 7.3484e-11, 7.3484e-11, 7.3484e-11,
         7.3484e-11, 7.3484e-11]], dtype=torch.float64), 'xSO2': tensor([[1.5203e-02, 1.1609e-02, 7.0353e-03, 3.9614e-03, 1.9337e-03, 8.1046e-04,
         2.9357e-04, 9.1122e-05, 2.3679e-05, 6.1932e-06, 1.1779e-06, 2.5659e-07,
         4.4213e-08, 5.4652e-09, 1.0756e-09, 6.3880e-10, 6.7871e-10, 8.2532e-10,
         1.0271e-09, 1.2883e-09, 1.6233e-09, 2.0447e-09, 2.5741e-09, 3.2388e-09,
         4.0734e-09, 5.1391e-09, 6.5039e-09, 8.2298e-09, 1.0414e-08, 1.3183e-08,
         1.6700e-08, 2.1277e-08, 2.7255e-08, 3.5013e-08, 4.5158e-08, 5.8583e-08,
         7.6761e-08, 1.0410e-07, 1.4510e-07, 2.0455e-07, 2.9420e-07, 4.3277e-07,
         6.1870e-07, 8.7343e-07, 1.2196e-06, 1.6947e-06, 2.3499e-06, 3.2888e-06,
         4.6348e-06, 6.5294e-06, 9.2726e-06, 1.3333e-05, 1.9019e-05, 2.7101e-05,
         3.7282e-05, 4.9650e-05, 6.3214e-05, 7.7048e-05, 8.9876e-05, 1.0011e-04,
         1.0685e-04, 1.0918e-04, 1.0708e-04, 1.0114e-04, 9.2114e-05, 8.1462e-05,
         7.0217e-05, 5.9421e-05, 4.9813e-05, 4.1786e-05, 3.5536e-05, 3.1283e-05,
         3.0128e-05, 3.0128e-05, 3.0128e-05, 3.0128e-05, 3.0128e-05, 3.0128e-05,
         3.0128e-05, 3.0128e-05]], dtype=torch.float64), 'xH2SO4aer': tensor([[6.9881e-08, 7.8503e-08, 9.6926e-08, 1.1662e-07, 1.4083e-07, 1.7166e-07,
         2.2452e-07, 5.4909e-07, 1.2745e-06, 2.5442e-07, 3.5289e-10, 4.6276e-11,
         1.9383e-12, 1.2645e-14, 4.5899e-15, 4.1069e-15, 4.6758e-15, 5.5728e-15,
         6.6870e-15, 8.0524e-15, 9.7187e-15, 1.1598e-14, 1.3114e-14, 1.3178e-14,
         1.1504e-14, 8.9391e-15, 6.4402e-15, 4.4028e-15, 2.8996e-15, 1.8656e-15,
         1.1886e-15, 7.7106e-16, 5.1341e-16, 3.4966e-16, 2.4507e-16, 1.7791e-16,
         1.3476e-16, 1.0805e-16, 9.2468e-17, 8.5151e-17, 8.4602e-17, 9.0255e-17,
         1.0236e-16, 1.2237e-16, 1.5094e-16, 1.9000e-16, 2.4157e-16, 3.0691e-16,
         3.6429e-16, 3.1144e-16, 1.6420e-16, 8.3316e-17, 5.0074e-17, 3.8170e-17,
         2.8805e-17, 2.0053e-17, 1.2150e-17, 6.6378e-18, 3.1481e-18, 1.3914e-18,
         5.4430e-19, 2.0372e-19, 7.1932e-20, 2.4440e-20, 8.6922e-21, 2.9402e-21,
         1.1508e-21, 4.4084e-22, 1.8438e-22, 7.5129e-23, 2.6434e-23, 5.4403e-24,
         1.2509e-24, 1.2509e-24, 1.2509e-24, 1.2509e-24, 1.2509e-24, 1.2509e-24,
         1.2509e-24, 1.2509e-24]], dtype=torch.float64), 'xS8aer': tensor([[2.1159e-34, 4.2958e-34, 4.5134e-32, 9.9083e-27, 1.2477e-22, 2.0078e-21,
         3.6338e-21, 3.9154e-21, 8.8405e-21, 1.5472e-21, 1.5979e-26, 4.4206e-29,
         5.4056e-31, 8.3104e-34, 1.8010e-35, 4.5301e-36, 4.8373e-36, 5.7967e-36,
         7.0168e-36, 8.5195e-36, 1.0374e-35, 1.2638e-35, 1.5411e-35, 1.8814e-35,
         2.3001e-35, 2.8241e-35, 3.4831e-35, 4.3034e-35, 5.3267e-35, 6.6061e-35,
         8.2096e-35, 1.0265e-34, 1.2906e-34, 1.6276e-34, 2.0598e-34, 2.6181e-34,
         3.3448e-34, 4.2991e-34, 5.5343e-34, 7.1214e-34, 9.1431e-34, 1.1672e-33,
         1.4665e-33, 1.7205e-33, 1.5491e-33, 4.2541e-34, 1.0000e-40, 1.0000e-40,
         1.0000e-40, 1.0000e-40, 1.0000e-40, 1.0000e-40, 1.0000e-40, 1.0000e-40,
         1.0000e-40, 1.0000e-40, 1.0000e-40, 1.0000e-40, 1.0000e-40, 1.0000e-40,
         1.0000e-40, 1.0000e-40, 1.0000e-40, 1.0000e-40, 1.0000e-40, 1.0000e-40,
         1.0000e-40, 1.0000e-40, 1.0000e-40, 1.0000e-40, 1.0000e-40, 1.0000e-40,
         1.0000e-40, 1.0000e-40, 1.0000e-40, 1.0000e-40, 1.0000e-40, 1.0000e-40,
         1.0000e-40, 1.0000e-40]], dtype=torch.float64)}"
1.0584e+06,222.128,0,"{'pres': tensor([[5.3000e+04, 4.2137e+04, 3.3501e+04, 2.6635e+04, 2.1176e+04, 1.6836e+04,
         1.3385e+04, 1.0642e+04, 8.4606e+03, 6.7265e+03, 5.3479e+03, 4.2518e+03,
         3.3803e+03, 2.6875e+03, 2.1367e+03, 1.6988e+03, 1.3506e+03, 1.0738e+03,
         8.5370e+02, 6.7873e+02, 5.3962e+02, 4.2902e+02, 3.4109e+02, 2.7118e+02,
         2.1560e+02, 1.7141e+02, 1.3628e+02, 1.0835e+02, 8.6141e+01, 6.8485e+01,
         5.4449e+01, 4.3289e+01, 3.4417e+01, 2.7363e+01, 2.1755e+01, 1.7296e+01,
         1.3751e+01, 1.0933e+01, 8.6918e+00, 6.9104e+00, 5.4941e+00, 4.3680e+00,
         3.4728e+00, 2.7610e+00, 2.1951e+00, 1.7452e+00, 1.3875e+00, 1.1031e+00,
         8.7703e-01, 6.9728e-01, 5.5437e-01, 4.4075e-01, 3.5041e-01, 2.7859e-01,
         2.2149e-01, 1.7610e-01, 1.4000e-01, 1.1131e-01, 8.8495e-02, 7.0358e-02,
         5.5937e-02, 4.4473e-02, 3.5358e-02, 2.8111e-02, 2.2349e-02, 1.7769e-02,
         1.4127e-02, 1.1231e-02, 8.9295e-03, 7.0993e-03, 5.6442e-03, 4.4874e-03,
         3.5677e-03, 2.8365e-03, 2.2551e-03, 1.7929e-03, 1.4254e-03, 1.1333e-03,
         9.0101e-04, 7.1634e-04]], dtype=torch.float64), 'temp': tensor([[191.8301, 186.0863, 180.0534, 173.5398, 166.5512, 159.1913, 151.6855,
         144.2634, 137.0816, 130.2127, 123.6797, 117.4662, 111.5901, 105.9581,
         100.6568, 100.0260, 100.0188, 100.0184, 100.0194, 100.0212, 100.0237,
         100.0270, 100.0311, 100.0363, 100.0426, 100.0505, 100.0601, 100.0718,
         100.0860, 100.1034, 100.1247, 100.1511, 100.1846, 100.2270, 100.2807,
         100.3494, 100.4410, 100.5919, 100.8157, 101.0501, 101.3433, 101.7283,
         102.2358, 102.9149, 103.8290, 105.0503, 106.6766, 108.8303, 111.6622,
         115.2153, 119.2911, 123.3734, 126.6495, 128.6504, 129.6832, 130.3896,
         131.0754, 131.6644, 132.1765, 132.6072, 132.9990, 133.3156, 133.6147,
         133.8540, 134.0737, 134.2497, 134.4076, 134.5350, 134.6402, 134.7277,
         134.8046, 134.8598, 134.9097, 134.9438, 134.9733, 134.9982, 135.0128,
         135.0297, 135.0410, 135.0498]], dtype=torch.float64), 'xCO2': tensor([[9.4957e-01, 8.7079e-01, 7.0042e-01, 5.1962e-01, 3.3162e-01, 1.7731e-01,
         8.5363e-02, 3.7266e-02, 1.4624e-02, 5.6630e-03, 1.8617e-03, 6.4046e-04,
         1.9231e-04, 4.9419e-05, 1.6797e-05, 1.3028e-05, 1.4842e-05, 1.8389e-05,
         2.3045e-05, 2.8993e-05, 3.6574e-05, 4.6094e-05, 5.8043e-05, 7.3036e-05,
         9.1842e-05, 1.1584e-04, 1.4648e-04, 1.8512e-04, 2.3388e-04, 2.9544e-04,
         3.7327e-04, 4.7398e-04, 6.0428e-04, 7.7163e-04, 9.8768e-04, 1.2686e-03,
         1.6371e-03, 2.1256e-03, 2.7626e-03, 3.5892e-03, 4.6646e-03, 6.0673e-03,
         7.9183e-03, 1.0424e-02, 1.3734e-02, 1.8104e-02, 2.3857e-02, 3.1650e-02,
         4.2110e-02, 5.5864e-02, 7.4253e-02, 9.8708e-02, 1.2977e-01, 1.6854e-01,
         2.1350e-01, 2.6448e-01, 3.1937e-01, 3.7688e-01, 4.3491e-01, 4.9161e-01,
         5.4576e-01, 5.9616e-01, 6.4223e-01, 6.8392e-01, 7.2076e-01, 7.5359e-01,
         7.8207e-01, 8.0717e-01, 8.2896e-01, 8.4797e-01, 8.6473e-01, 8.7932e-01,
         8.8386e-01, 8.8386e-01, 8.8386e-01, 8.8386e-01, 8.8386e-01, 8.8386e-01,
         8.8386e-01, 8.8386e-01]], dtype=torch.float64), 'xH2O': tensor([[7.3351e-07, 4.4504e-07, 1.6693e-07, 5.9342e-08, 1.7495e-08, 4.2735e-09,
         8.7279e-10, 1.4312e-10, 8.7255e-12, 6.4797e-13, 6.3115e-13, 5.1592e-13,
         3.8647e-13, 1.9217e-13, 1.1475e-13, 1.0775e-13, 1.0280e-13, 9.4337e-14,
         8.4225e-14, 7.3858e-14, 6.3995e-14, 5.4598e-14, 4.5345e-14, 3.6984e-14,
         3.0746e-14, 2.6714e-14, 2.4077e-14, 2.2199e-14, 2.0800e-14, 1.9754e-14,
         1.9019e-14, 1.8624e-14, 1.8582e-14, 1.8906e-14, 1.9639e-14, 2.0847e-14,
         2.2631e-14, 2.5343e-14, 2.9290e-14, 3.4654e-14, 4.2235e-14, 5.3486e-14,
         7.1518e-14, 1.0530e-13, 1.7071e-13, 3.1218e-13, 6.7042e-13, 2.2303e-12,
         9.7900e-12, 2.5966e-11, 4.4508e-11, 6.3770e-11, 8.3022e-11, 1.0013e-10,
         1.1424e-10, 1.2311e-10, 1.2721e-10, 1.2576e-10, 1.2029e-10, 1.1162e-10,
         1.0145e-10, 9.0946e-11, 8.1165e-11, 7.2625e-11, 6.5855e-11, 6.0744e-11,
         5.7623e-11, 5.6260e-11, 5.6845e-11, 5.9437e-11, 6.4119e-11, 7.1361e-11,
         7.4170e-11, 7.4170e-11, 7.4170e-11, 7.4170e-11, 7.4170e-11, 7.4170e-11,
         7.4170e-11, 7.4170e-11]], dtype=torch.float64), 'xSO2': tensor([[1.5233e-02, 1.1634e-02, 7.0552e-03, 3.9754e-03, 1.9420e-03, 8.1453e-04,
         2.9526e-04, 9.1726e-05, 2.3822e-05, 6.2398e-06, 1.1891e-06, 2.5897e-07,
         4.4547e-08, 5.5340e-09, 1.0880e-09, 6.4066e-10, 6.7868e-10, 8.2494e-10,
         1.0266e-09, 1.2880e-09, 1.6229e-09, 2.0444e-09, 2.5739e-09, 3.2388e-09,
         4.0738e-09, 5.1409e-09, 6.5064e-09, 8.2334e-09, 1.0419e-08, 1.3191e-08,
         1.6711e-08, 2.1300e-08, 2.7291e-08, 3.5072e-08, 4.5255e-08, 5.8746e-08,
         7.7035e-08, 1.0465e-07, 1.4611e-07, 2.0643e-07, 2.9765e-07, 4.3833e-07,
         6.2701e-07, 8.8542e-07, 1.2369e-06, 1.7195e-06, 2.3849e-06, 3.3404e-06,
         4.7061e-06, 6.6262e-06, 9.4154e-06, 1.3520e-05, 1.9272e-05, 2.7384e-05,
         3.7569e-05, 4.9880e-05, 6.3351e-05, 7.7059e-05, 8.9732e-05, 9.9867e-05,
         1.0649e-04, 1.0881e-04, 1.0668e-04, 1.0079e-04, 9.1803e-05, 8.1213e-05,
         7.0029e-05, 5.9295e-05, 4.9721e-05, 4.1745e-05, 3.5517e-05, 3.1309e-05,
         3.0223e-05, 3.0223e-05, 3.0223e-05, 3.0223e-05, 3.0223e-05, 3.0223e-05,
         3.0223e-05, 3.0223e-05]], dtype=torch.float64), 'xH2SO4aer': tensor([[6.9882e-08, 7.8506e-08, 9.6932e-08, 1.1664e-07, 1.4086e-07, 1.7177e-07,
         2.2519e-07, 5.5680e-07, 1.2713e-06, 2.4499e-07, 3.5535e-10, 4.7015e-11,
         1.9653e-12, 1.1370e-14, 3.9921e-15, 3.5546e-15, 4.0432e-15, 4.8191e-15,
         5.7836e-15, 6.9669e-15, 8.4130e-15, 1.0071e-14, 1.1524e-14, 1.1850e-14,
         1.0604e-14, 8.3922e-15, 6.1206e-15, 4.2199e-15, 2.7954e-15, 1.8052e-15,
         1.1521e-15, 7.4779e-16, 4.9728e-16, 3.3802e-16, 2.3648e-16, 1.7151e-16,
         1.3007e-16, 1.0481e-16, 9.0477e-17, 8.4346e-17, 8.4998e-17, 9.1938e-17,
         1.0555e-16, 1.2735e-16, 1.5817e-16, 2.0008e-16, 2.5527e-16, 3.2498e-16,
         3.8407e-16, 3.1820e-16, 1.6529e-16, 8.5345e-17, 5.2754e-17, 4.0562e-17,
         3.0665e-17, 2.1258e-17, 1.2850e-17, 6.9927e-18, 3.3193e-18, 1.4587e-18,
         5.7246e-19, 2.1249e-19, 7.5415e-20, 2.5334e-20, 9.0732e-21, 3.0778e-21,
         1.1959e-21, 4.5985e-22, 1.9126e-22, 7.8406e-23, 2.7518e-23, 5.8231e-24,
         1.5969e-24, 1.5969e-24, 1.5969e-24, 1.5969e-24, 1.5969e-24, 1.5969e-24,
         1.5969e-24, 1.5969e-24]], dtype=torch.float64), 'xS8aer': tensor([[2.1162e-34, 4.2968e-34, 4.8472e-32, 1.0295e-26, 1.2561e-22, 2.0114e-21,
         3.6705e-21, 3.9801e-21, 8.8024e-21, 1.4834e-21, 1.3423e-26, 4.5473e-29,
         5.5255e-31, 8.6062e-34, 1.8638e-35, 4.6885e-36, 4.9901e-36, 5.9725e-36,
         7.2273e-36, 8.7771e-36, 1.0690e-35, 1.3028e-35, 1.5890e-35, 1.9405e-35,
         2.3729e-35, 2.9147e-35, 3.5955e-35, 4.4430e-35, 5.5002e-35, 6.8221e-35,
         8.4790e-35, 1.0605e-34, 1.3336e-34, 1.6821e-34, 2.1293e-34, 2.7073e-34,
         3.4601e-34, 4.4498e-34, 5.7299e-34, 7.3745e-34, 9.4687e-34, 1.2085e-33,
         1.5165e-33, 1.7682e-33, 1.5486e-33, 4.0277e-34, 1.0000e-40, 1.0000e-40,
         1.0000e-40, 1.0000e-40, 1.0000e-40, 1.0000e-40, 1.0000e-40, 1.0000e-40,
         1.0000e-40, 1.0000e-40, 1.0000e-40, 1.0000e-40, 1.0000e-40, 1.0000e-40,
         1.0000e-40, 1.0000e-40, 1.0000e-40, 1.0000e-40, 1.0000e-40, 1.0000e-40,
         1.0000e-40, 1.0000e-40, 1.0000e-40, 1.0000e-40, 1.0000e-40, 1.0000e-40,
         1.0000e-40, 1.0000e-40, 1.0000e-40, 1.0000e-40, 1.0000e-40, 1.0000e-40,
         1.0000e-40, 1.0000e-40]], dtype=torch.float64)}"
1.08e+06,222.133,0,"{'pres': tensor([[5.3000e+04, 4.2137e+04, 3.3501e+04, 2.6635e+04, 2.1176e+04, 1.6836e+04,
         1.3385e+04, 1.0642e+04, 8.4606e+03, 6.7265e+03, 5.3479e+03, 4.2518e+03,
         3.3803e+03, 2.6875e+03, 2.1367e+03, 1.6988e+03, 1.3506e+03, 1.0738e+03,
         8.5370e+02, 6.7873e+02, 5.3962e+02, 4.2902e+02, 3.4109e+02, 2.7118e+02,
         2.1560e+02, 1.7141e+02, 1.3628e+02, 1.0835e+02, 8.6141e+01, 6.8485e+01,
         5.4449e+01, 4.3289e+01, 3.4417e+01, 2.7363e+01, 2.1755e+01, 1.7296e+01,
         1.3751e+01, 1.0933e+01, 8.6918e+00, 6.9104e+00, 5.4941e+00, 4.3680e+00,
         3.4728e+00, 2.7610e+00, 2.1951e+00, 1.7452e+00, 1.3875e+00, 1.1031e+00,
         8.7703e-01, 6.9728e-01, 5.5437e-01, 4.4075e-01, 3.5041e-01, 2.7859e-01,
         2.2149e-01, 1.7610e-01, 1.4000e-01, 1.1131e-01, 8.8495e-02, 7.0358e-02,
         5.5937e-02, 4.4473e-02, 3.5358e-02, 2.8111e-02, 2.2349e-02, 1.7769e-02,
         1.4127e-02, 1.1231e-02, 8.9295e-03, 7.0993e-03, 5.6442e-03, 4.4874e-03,
         3.5677e-03, 2.8365e-03, 2.2551e-03, 1.7929e-03, 1.4254e-03, 1.1333e-03,
         9.0101e-04, 7.1634e-04]], dtype=torch.float64), 'temp': tensor([[191.8486, 186.1073, 180.0773, 173.5670, 166.5815, 159.2235, 151.7182,
         144.2955, 137.1125, 130.2421, 123.7077, 117.4927, 111.6153, 105.9821,
         100.6795, 100.0263, 100.0189, 100.0185, 100.0195, 100.0213, 100.0238,
         100.0272, 100.0314, 100.0366, 100.0430, 100.0510, 100.0607, 100.0726,
         100.0871, 100.1047, 100.1264, 100.1533, 100.1875, 100.2307, 100.2854,
         100.3556, 100.4492, 100.6027, 100.8301, 101.0693, 101.3689, 101.7627,
         102.2819, 102.9772, 103.9128, 105.1625, 106.8253, 109.0248, 111.9087,
         115.5069, 119.6003, 123.6457, 126.8316, 128.7413, 129.7294, 130.4292,
         131.1114, 131.6930, 132.2003, 132.6280, 133.0169, 133.3313, 133.6289,
         133.8666, 134.0853, 134.2604, 134.4173, 134.5445, 134.6487, 134.7363,
         134.8124, 134.8677, 134.9170, 134.9510, 134.9802, 135.0051, 135.0196,
         135.0363, 135.0477, 135.0564]], dtype=torch.float64), 'xCO2': tensor([[9.4971e-01, 8.7119e-01, 7.0126e-01, 5.2068e-01, 3.3271e-01, 1.7800e-01,
         8.5740e-02, 3.7450e-02, 1.4694e-02, 5.6941e-03, 1.8739e-03, 6.4457e-04,
         1.9340e-04, 4.9834e-05, 1.6929e-05, 1.3056e-05, 1.4845e-05, 1.8389e-05,
         2.3044e-05, 2.8996e-05, 3.6577e-05, 4.6097e-05, 5.8047e-05, 7.3039e-05,
         9.1846e-05, 1.1587e-04, 1.4651e-04, 1.8517e-04, 2.3395e-04, 2.9556e-04,
         3.7345e-04, 4.7437e-04, 6.0488e-04, 7.7259e-04, 9.8923e-04, 1.2711e-03,
         1.6411e-03, 2.1322e-03, 2.7719e-03, 3.6022e-03, 4.6824e-03, 6.0912e-03,
         7.9524e-03, 1.0469e-02, 1.3790e-02, 1.8173e-02, 2.3937e-02, 3.1760e-02,
         4.2234e-02, 5.5997e-02, 7.4443e-02, 9.8878e-02, 1.2993e-01, 1.6852e-01,
         2.1325e-01, 2.6389e-01, 3.1847e-01, 3.7563e-01, 4.3333e-01, 4.8978e-01,
         5.4367e-01, 5.9394e-01, 6.3984e-01, 6.8146e-01, 7.1820e-01, 7.5094e-01,
         7.7939e-01, 8.0441e-01, 8.2617e-01, 8.4511e-01, 8.6182e-01, 8.7633e-01,
         8.8056e-01, 8.8056e-01, 8.8056e-01, 8.8056e-01, 8.8056e-01, 8.8056e-01,
         8.8056e-01, 8.8056e-01]], dtype=torch.float64), 'xH2O': tensor([[7.3583e-07, 4.4659e-07, 1.6768e-07, 5.9663e-08, 1.7607e-08, 4.3048e-09,
         8.8007e-10, 1.4453e-10, 8.7979e-12, 6.5503e-13, 6.3199e-13, 5.1753e-13,
         3.8911e-13, 1.9428e-13, 1.1588e-13, 1.0874e-13, 1.0392e-13, 9.5578e-14,
         8.5531e-14, 7.5187e-14, 6.5334e-14, 5.6044e-14, 4.7033e-14, 3.8763e-14,
         3.2338e-14, 2.8045e-14, 2.5190e-14, 2.3152e-14, 2.1639e-14, 2.0510e-14,
         1.9714e-14, 1.9274e-14, 1.9197e-14, 1.9495e-14, 2.0209e-14, 2.1409e-14,
         2.3195e-14, 2.5931e-14, 2.9923e-14, 3.5373e-14, 4.3113e-14, 5.4655e-14,
         7.3338e-14, 1.0852e-13, 1.7718e-13, 3.2719e-13, 7.1251e-13, 2.4592e-12,
         1.0860e-11, 2.7687e-11, 4.6487e-11, 6.6100e-11, 8.5691e-11, 1.0310e-10,
         1.1735e-10, 1.2630e-10, 1.3031e-10, 1.2873e-10, 1.2302e-10, 1.1408e-10,
         1.0362e-10, 9.2819e-11, 8.2774e-11, 7.3982e-11, 6.7021e-11, 6.1756e-11,
         5.8500e-11, 5.7064e-11, 5.7591e-11, 6.0196e-11, 6.4907e-11, 7.2265e-11,
         7.4913e-11, 7.4913e-11, 7.4913e-11, 7.4913e-11, 7.4913e-11, 7.4913e-11,
         7.4913e-11, 7.4913e-11]], dtype=torch.float64), 'xSO2': tensor([[1.5262e-02, 1.1660e-02, 7.0751e-03, 3.9893e-03, 1.9503e-03, 8.1862e-04,
         2.9696e-04, 9.2335e-05, 2.3966e-05, 6.2869e-06, 1.2005e-06, 2.6137e-07,
         4.4882e-08, 5.6037e-09, 1.1005e-09, 6.4255e-10, 6.7865e-10, 8.2457e-10,
         1.0261e-09, 1.2876e-09, 1.6226e-09, 2.0441e-09, 2.5737e-09, 3.2387e-09,
         4.0739e-09, 5.1423e-09, 6.5086e-09, 8.2366e-09, 1.0424e-08, 1.3198e-08,
         1.6723e-08, 2.1323e-08, 2.7328e-08, 3.5131e-08, 4.5353e-08, 5.8909e-08,
         7.7310e-08, 1.0521e-07, 1.4713e-07, 2.0833e-07, 3.0115e-07, 4.4380e-07,
         6.3526e-07, 8.9744e-07, 1.2543e-06, 1.7444e-06, 2.4198e-06, 3.3917e-06,
         4.7769e-06, 6.7221e-06, 9.5563e-06, 1.3704e-05, 1.9523e-05, 2.7656e-05,
         3.7849e-05, 5.0093e-05, 6.3468e-05, 7.7051e-05, 8.9572e-05, 9.9605e-05,
         1.0611e-04, 1.0842e-04, 1.0625e-04, 1.0042e-04, 9.1473e-05, 8.0945e-05,
         6.9823e-05, 5.9151e-05, 4.9616e-05, 4.1691e-05, 3.5485e-05, 3.1324e-05,
         3.0307e-05, 3.0307e-05, 3.0307e-05, 3.0307e-05, 3.0307e-05, 3.0307e-05,
         3.0307e-05, 3.0307e-05]], dtype=torch.float64), 'xH2SO4aer': tensor([[6.9884e-08, 7.8510e-08, 9.6938e-08, 1.1665e-07, 1.4090e-07, 1.7188e-07,
         2.2587e-07, 5.6448e-07, 1.2677e-06, 2.3595e-07, 3.5804e-10, 4.7764e-11,
         1.9930e-12, 1.0287e-14, 3.4779e-15, 3.0813e-15, 3.5014e-15, 4.1734e-15,
         5.0096e-15, 6.0365e-15, 7.2925e-15, 8.7508e-15, 1.0112e-14, 1.0610e-14,
         9.7243e-15, 7.8422e-15, 5.7944e-15, 4.0320e-15, 2.6881e-15, 1.7431e-15,
         1.1148e-15, 7.2438e-16, 4.8128e-16, 3.2665e-16, 2.2821e-16, 1.6549e-16,
         1.2577e-16, 1.0197e-16, 8.8912e-17, 8.4004e-17, 8.5911e-17, 9.4219e-17,
         1.0945e-16, 1.3322e-16, 1.6652e-16, 2.1159e-16, 2.7079e-16, 3.4535e-16,
         4.0623e-16, 3.2558e-16, 1.6682e-16, 8.7616e-17, 5.5658e-17, 4.3059e-17,
         3.2593e-17, 2.2495e-17, 1.3568e-17, 7.3539e-18, 3.4940e-18, 1.5266e-18,
         6.0116e-19, 2.2128e-19, 7.8967e-20, 2.6223e-20, 9.4627e-21, 3.2203e-21,
         1.2423e-21, 4.7964e-22, 1.9837e-22, 8.1832e-23, 2.8640e-23, 6.2114e-24,
         1.9658e-24, 1.9658e-24, 1.9658e-24, 1.9658e-24, 1.9658e-24, 1.9658e-24,
         1.9658e-24, 1.9658e-24]], dtype=torch.float64), 'xS8aer': tensor([[2.1165e-34, 4.2978e-34, 5.1994e-32, 1.0690e-26, 1.2645e-22, 2.0150e-21,
         3.7069e-21, 4.0446e-21, 8.7614e-21, 1.4225e-21, 1.1374e-26, 4.6774e-29,
         5.6471e-31, 8.9087e-34, 1.9209e-35, 4.8403e-36, 5.1573e-36, 6.1757e-36,
         7.4743e-36, 9.0785e-36, 1.1057e-35, 1.3474e-35, 1.6434e-35, 2.0067e-35,
         2.4536e-35, 3.0138e-35, 3.7172e-35, 4.5927e-35, 5.6847e-35, 7.0498e-35,
         8.7607e-35, 1.0958e-34, 1.3779e-34, 1.7380e-34, 2.2001e-34, 2.7977e-34,
         3.5765e-34, 4.6012e-34, 5.9257e-34, 7.6266e-34, 9.7914e-34, 1.2491e-33,
         1.5651e-33, 1.8120e-33, 1.5371e-33, 3.7609e-34, 1.0000e-40, 1.0000e-40,
         1.0000e-40, 1.0000e-40, 1.0000e-40, 1.0000e-40, 1.0000e-40, 1.0000e-40,
         1.0000e-40, 1.0000e-40, 1.0000e-40, 1.0000e-40, 1.0000e-40, 1.0000e-40,
         1.0000e-40, 1.0000e-40, 1.0000e-40, 1.0000e-40, 1.0000e-40, 1.0000e-40,
         1.0000e-40, 1.0000e-40, 1.0000e-40, 1.0000e-40, 1.0000e-40, 1.0000e-40,
         1.0000e-40, 1.0000e-40, 1.0000e-40, 1.0000e-40, 1.0000e-40, 1.0000e-40,
         1.0000e-40, 1.0000e-40]], dtype=torch.float64)}"
1.1016e+06,222.139,0,"{'pres': tensor([[5.3000e+04, 4.2137e+04, 3.3501e+04, 2.6635e+04, 2.1176e+04, 1.6836e+04,
         1.3385e+04, 1.0642e+04, 8.4606e+03, 6.7265e+03, 5.3479e+03, 4.2518e+03,
         3.3803e+03, 2.6875e+03, 2.1367e+03, 1.6988e+03, 1.3506e+03, 1.0738e+03,
         8.5370e+02, 6.7873e+02, 5.3962e+02, 4.2902e+02, 3.4109e+02, 2.7118e+02,
         2.1560e+02, 1.7141e+02, 1.3628e+02, 1.0835e+02, 8.6141e+01, 6.8485e+01,
         5.4449e+01, 4.3289e+01, 3.4417e+01, 2.7363e+01, 2.1755e+01, 1.7296e+01,
         1.3751e+01, 1.0933e+01, 8.6918e+00, 6.9104e+00, 5.4941e+00, 4.3680e+00,
         3.4728e+00, 2.7610e+00, 2.1951e+00, 1.7452e+00, 1.3875e+00, 1.1031e+00,
         8.7703e-01, 6.9728e-01, 5.5437e-01, 4.4075e-01, 3.5041e-01, 2.7859e-01,
         2.2149e-01, 1.7610e-01, 1.4000e-01, 1.1131e-01, 8.8495e-02, 7.0358e-02,
         5.5937e-02, 4.4473e-02, 3.5358e-02, 2.8111e-02, 2.2349e-02, 1.7769e-02,
         1.4127e-02, 1.1231e-02, 8.9295e-03, 7.0993e-03, 5.6442e-03, 4.4874e-03,
         3.5677e-03, 2.8365e-03, 2.2551e-03, 1.7929e-03, 1.4254e-03, 1.1333e-03,
         9.0101e-04, 7.1634e-04]], dtype=torch.float64), 'temp': tensor([[191.8672, 186.1283, 180.1012, 173.5942, 166.6118, 159.2558, 151.7510,
         144.3276, 137.1434, 130.2715, 123.7356, 117.5193, 111.6406, 106.0060,
         100.7022, 100.0266, 100.0190, 100.0186, 100.0196, 100.0214, 100.0240,
         100.0274, 100.0316, 100.0369, 100.0434, 100.0515, 100.0614, 100.0734,
         100.0881, 100.1060, 100.1281, 100.1555, 100.1903, 100.2344, 100.2902,
         100.3618, 100.4574, 100.6136, 100.8445, 101.0885, 101.3947, 101.7973,
         102.3284, 103.0399, 103.9971, 105.2752, 106.9745, 109.2198, 112.1547,
         115.7957, 119.9034, 123.9080, 127.0033, 128.8256, 129.7737, 130.4680,
         131.1464, 131.7208, 132.2235, 132.6482, 133.0343, 133.3467, 133.6426,
         133.8789, 134.0965, 134.2708, 134.4267, 134.5536, 134.6570, 134.7445,
         134.8199, 134.8752, 134.9240, 134.9580, 134.9870, 135.0117, 135.0261,
         135.0428, 135.0540, 135.0627]], dtype=torch.float64), 'xCO2': tensor([[9.4985e-01, 8.7158e-01, 7.0209e-01, 5.2174e-01, 3.3379e-01, 1.7870e-01,
         8.6117e-02, 3.7634e-02, 1.4764e-02, 5.7252e-03, 1.8862e-03, 6.4869e-04,
         1.9449e-04, 5.0249e-05, 1.7061e-05, 1.3084e-05, 1.4849e-05, 1.8389e-05,
         2.3042e-05, 2.8999e-05, 3.6580e-05, 4.6101e-05, 5.8050e-05, 7.3043e-05,
         9.1851e-05, 1.1589e-04, 1.4655e-04, 1.8523e-04, 2.3403e-04, 2.9567e-04,
         3.7363e-04, 4.7476e-04, 6.0549e-04, 7.7356e-04, 9.9078e-04, 1.2737e-03,
         1.6451e-03, 2.1387e-03, 2.7813e-03, 3.6153e-03, 4.7002e-03, 6.1150e-03,
         7.9862e-03, 1.0512e-02, 1.3845e-02, 1.8240e-02, 2.4016e-02, 3.1868e-02,
         4.2355e-02, 5.6127e-02, 7.4627e-02, 9.9041e-02, 1.3008e-01, 1.6848e-01,
         2.1299e-01, 2.6329e-01, 3.1755e-01, 3.7437e-01, 4.3175e-01, 4.8794e-01,
         5.4159e-01, 5.9171e-01, 6.3745e-01, 6.7900e-01, 7.1563e-01, 7.4827e-01,
         7.7669e-01, 8.0163e-01, 8.2336e-01, 8.4222e-01, 8.5889e-01, 8.7332e-01,
         8.7725e-01, 8.7725e-01, 8.7725e-01, 8.7725e-01, 8.7725e-01, 8.7725e-01,
         8.7725e-01, 8.7725e-01]], dtype=torch.float64), 'xH2O': tensor([[7.3816e-07, 4.4814e-07, 1.6842e-07, 5.9983e-08, 1.7719e-08, 4.3362e-09,
         8.8739e-10, 1.4594e-10, 8.8725e-12, 6.6228e-13, 6.3282e-13, 5.1910e-13,
         3.9172e-13, 1.9637e-13, 1.1699e-13, 1.0970e-13, 1.0502e-13, 9.6799e-14,
         8.6819e-14, 7.6500e-14, 6.6654e-14, 5.7434e-14, 4.8613e-14, 4.0454e-14,
         3.3898e-14, 2.9375e-14, 2.6312e-14, 2.4118e-14, 2.2491e-14, 2.1278e-14,
         2.0419e-14, 1.9932e-14, 1.9819e-14, 2.0089e-14, 2.0785e-14, 2.1976e-14,
         2.3763e-14, 2.6523e-14, 3.0560e-14, 3.6098e-14, 4.4000e-14, 5.5841e-14,
         7.5201e-14, 1.1183e-13, 1.8389e-13, 3.4295e-13, 7.5734e-13, 2.7103e-12,
         1.2016e-11, 2.9463e-11, 4.8523e-11, 6.8478e-11, 8.8391e-11, 1.0610e-10,
         1.2047e-10, 1.2951e-10, 1.3343e-10, 1.3172e-10, 1.2575e-10, 1.1656e-10,
         1.0580e-10, 9.4708e-11, 8.4402e-11, 7.5361e-11, 6.8212e-11, 6.2796e-11,
         5.9405e-11, 5.7900e-11, 5.8373e-11, 6.0997e-11, 6.5742e-11, 7.3223e-11,
         7.5712e-11, 7.5712e-11, 7.5712e-11, 7.5712e-11, 7.5712e-11, 7.5712e-11,
         7.5712e-11, 7.5712e-11]], dtype=torch.float64), 'xSO2': tensor([[1.5292e-02, 1.1686e-02, 7.0951e-03, 4.0033e-03, 1.9586e-03, 8.2272e-04,
         2.9866e-04, 9.2946e-05, 2.4111e-05, 6.3342e-06, 1.2119e-06, 2.6378e-07,
         4.5216e-08, 5.6741e-09, 1.1131e-09, 6.4445e-10, 6.7865e-10, 8.2422e-10,
         1.0256e-09, 1.2873e-09, 1.6222e-09, 2.0437e-09, 2.5734e-09, 3.2386e-09,
         4.0739e-09, 5.1435e-09, 6.5105e-09, 8.2396e-09, 1.0429e-08, 1.3205e-08,
         1.6733e-08, 2.1345e-08, 2.7363e-08, 3.5189e-08, 4.5450e-08, 5.9072e-08,
         7.7587e-08, 1.0578e-07, 1.4817e-07, 2.1025e-07, 3.0469e-07, 4.4925e-07,
         6.4349e-07, 9.0947e-07, 1.2717e-06, 1.7693e-06, 2.4547e-06, 3.4429e-06,
         4.8472e-06, 6.8170e-06, 9.6953e-06, 1.3884e-05, 1.9767e-05, 2.7918e-05,
         3.8113e-05, 5.0288e-05, 6.3566e-05, 7.7025e-05, 8.9395e-05, 9.9328e-05,
         1.0572e-04, 1.0801e-04, 1.0582e-04, 1.0004e-04, 9.1126e-05, 8.0659e-05,
         6.9601e-05, 5.8992e-05, 4.9496e-05, 4.1624e-05, 3.5443e-05, 3.1328e-05,
         3.0380e-05, 3.0380e-05, 3.0380e-05, 3.0380e-05, 3.0380e-05, 3.0380e-05,
         3.0380e-05, 3.0380e-05]], dtype=torch.float64), 'xH2SO4aer': tensor([[6.9886e-08, 7.8513e-08, 9.6945e-08, 1.1666e-07, 1.4094e-07, 1.7199e-07,
         2.2656e-07, 5.7213e-07, 1.2637e-06, 2.2727e-07, 3.6091e-10, 4.8523e-11,
         2.0213e-12, 9.3680e-15, 3.0357e-15, 2.6756e-15, 3.0372e-15, 3.6203e-15,
         4.3464e-15, 5.2389e-15, 6.3311e-15, 7.6116e-15, 8.8654e-15, 9.4690e-15,
         8.8778e-15, 7.2967e-15, 5.4654e-15, 3.8406e-15, 2.5784e-15, 1.6797e-15,
         1.0771e-15, 7.0082e-16, 4.6538e-16, 3.1551e-16, 2.2022e-16, 1.5975e-16,
         1.2176e-16, 9.9412e-17, 8.7628e-17, 8.3953e-17, 8.7140e-17, 9.6858e-17,
         1.1378e-16, 1.3963e-16, 1.7555e-16, 2.2400e-16, 2.8751e-16, 3.6730e-16,
         4.2992e-16, 3.3311e-16, 1.6873e-16, 9.0095e-17, 5.8698e-17, 4.5655e-17,
         3.4580e-17, 2.3763e-17, 1.4302e-17, 7.7212e-18, 3.6719e-18, 1.5951e-18,
         6.3036e-19, 2.3007e-19, 8.2585e-20, 2.7105e-20, 9.8603e-21, 3.3679e-21,
         1.2899e-21, 5.0025e-22, 2.0574e-22, 8.5412e-23, 2.9799e-23, 6.6045e-24,
         2.3588e-24, 2.3588e-24, 2.3588e-24, 2.3588e-24, 2.3588e-24, 2.3588e-24,
         2.3588e-24, 2.3588e-24]], dtype=torch.float64), 'xS8aer': tensor([[2.1167e-34, 4.2989e-34, 5.5709e-32, 1.1092e-26, 1.2729e-22, 2.0187e-21,
         3.7432e-21, 4.1088e-21, 8.7176e-21, 1.3644e-21, 9.7315e-27, 4.8110e-29,
         5.7697e-31, 9.2244e-34, 1.9753e-35, 4.9268e-36, 5.2454e-36, 6.2866e-36,
         7.6155e-36, 9.2591e-36, 1.1286e-35, 1.3763e-35, 1.6798e-35, 2.0523e-35,
         2.5106e-35, 3.0856e-35, 3.8073e-35, 4.7055e-35, 5.8260e-35, 7.2269e-35,
         8.9830e-35, 1.1241e-34, 1.4138e-34, 1.7838e-34, 2.2589e-34, 2.8736e-34,
         3.6752e-34, 4.7311e-34, 6.0949e-34, 7.8460e-34, 1.0074e-33, 1.2848e-33,
         1.6071e-33, 1.8462e-33, 1.5089e-33, 3.4430e-34, 1.0000e-40, 1.0000e-40,
         1.0000e-40, 1.0000e-40, 1.0000e-40, 1.0000e-40, 1.0000e-40, 1.0000e-40,
         1.0000e-40, 1.0000e-40, 1.0000e-40, 1.0000e-40, 1.0000e-40, 1.0000e-40,
         1.0000e-40, 1.0000e-40, 1.0000e-40, 1.0000e-40, 1.0000e-40, 1.0000e-40,
         1.0000e-40, 1.0000e-40, 1.0000e-40, 1.0000e-40, 1.0000e-40, 1.0000e-40,
         1.0000e-40, 1.0000e-40, 1.0000e-40, 1.0000e-40, 1.0000e-40, 1.0000e-40,
         1.0000e-40, 1.0000e-40]], dtype=torch.float64)}"
1.1232e+06,222.145,0,"{'pres': tensor([[5.3000e+04, 4.2137e+04, 3.3501e+04, 2.6635e+04, 2.1176e+04, 1.6836e+04,
         1.3385e+04, 1.0642e+04, 8.4606e+03, 6.7265e+03, 5.3479e+03, 4.2518e+03,
         3.3803e+03, 2.6875e+03, 2.1367e+03, 1.6988e+03, 1.3506e+03, 1.0738e+03,
         8.5370e+02, 6.7873e+02, 5.3962e+02, 4.2902e+02, 3.4109e+02, 2.7118e+02,
         2.1560e+02, 1.7141e+02, 1.3628e+02, 1.0835e+02, 8.6141e+01, 6.8485e+01,
         5.4449e+01, 4.3289e+01, 3.4417e+01, 2.7363e+01, 2.1755e+01, 1.7296e+01,
         1.3751e+01, 1.0933e+01, 8.6918e+00, 6.9104e+00, 5.4941e+00, 4.3680e+00,
         3.4728e+00, 2.7610e+00, 2.1951e+00, 1.7452e+00, 1.3875e+00, 1.1031e+00,
         8.7703e-01, 6.9728e-01, 5.5437e-01, 4.4075e-01, 3.5041e-01, 2.7859e-01,
         2.2149e-01, 1.7610e-01, 1.4000e-01, 1.1131e-01, 8.8495e-02, 7.0358e-02,
         5.5937e-02, 4.4473e-02, 3.5358e-02, 2.8111e-02, 2.2349e-02, 1.7769e-02,
         1.4127e-02, 1.1231e-02, 8.9295e-03, 7.0993e-03, 5.6442e-03, 4.4874e-03,
         3.5677e-03, 2.8365e-03, 2.2551e-03, 1.7929e-03, 1.4254e-03, 1.1333e-03,
         9.0101e-04, 7.1634e-04]], dtype=torch.float64), 'temp': tensor([[191.8857, 186.1492, 180.1251, 173.6214, 166.6420, 159.2880, 151.7837,
         144.3597, 137.1743, 130.3010, 123.7637, 117.5459, 111.6659, 106.0299,
         100.7250, 100.0269, 100.0190, 100.0186, 100.0196, 100.0215, 100.0241,
         100.0276, 100.0319, 100.0372, 100.0438, 100.0520, 100.0620, 100.0743,
         100.0892, 100.1074, 100.1298, 100.1577, 100.1932, 100.2380, 100.2950,
         100.3681, 100.4656, 100.6245, 100.8590, 101.1079, 101.4206, 101.8321,
         102.3751, 103.1030, 104.0819, 105.3886, 107.1242, 109.4150, 112.3999,
         116.0816, 120.2002, 124.1605, 127.1651, 128.9041, 129.8162, 130.5062,
         131.1804, 131.7477, 132.2462, 132.6680, 133.0513, 133.3616, 133.6560,
         133.8908, 134.1074, 134.2809, 134.4359, 134.5625, 134.6649, 134.7525,
         134.8271, 134.8825, 134.9307, 134.9647, 134.9934, 135.0181, 135.0324,
         135.0490, 135.0601, 135.0688]], dtype=torch.float64), 'xCO2': tensor([[9.4998e-01, 8.7196e-01, 7.0290e-01, 5.2278e-01, 3.3488e-01, 1.7940e-01,
         8.6495e-02, 3.7819e-02, 1.4835e-02, 5.7566e-03, 1.8985e-03, 6.5283e-04,
         1.9559e-04, 5.0669e-05, 1.7194e-05, 1.3112e-05, 1.4853e-05, 1.8389e-05,
         2.3041e-05, 2.9002e-05, 3.6583e-05, 4.6104e-05, 5.8053e-05, 7.3047e-05,
         9.1856e-05, 1.1592e-04, 1.4659e-04, 1.8528e-04, 2.3411e-04, 2.9579e-04,
         3.7381e-04, 4.7515e-04, 6.0610e-04, 7.7452e-04, 9.9234e-04, 1.2762e-03,
         1.6492e-03, 2.1453e-03, 2.7907e-03, 3.6283e-03, 4.7180e-03, 6.1386e-03,
         8.0198e-03, 1.0555e-02, 1.3899e-02, 1.8306e-02, 2.4094e-02, 3.1973e-02,
         4.2474e-02, 5.6253e-02, 7.4806e-02, 9.9197e-02, 1.3021e-01, 1.6842e-01,
         2.1271e-01, 2.6269e-01, 3.1664e-01, 3.7311e-01, 4.3017e-01, 4.8611e-01,
         5.3951e-01, 5.8948e-01, 6.3506e-01, 6.7651e-01, 7.1304e-01, 7.4560e-01,
         7.7398e-01, 7.9885e-01, 8.2054e-01, 8.3933e-01, 8.5594e-01, 8.7029e-01,
         8.7393e-01, 8.7393e-01, 8.7393e-01, 8.7393e-01, 8.7393e-01, 8.7393e-01,
         8.7393e-01, 8.7393e-01]], dtype=torch.float64), 'xH2O': tensor([[7.4049e-07, 4.4970e-07, 1.6916e-07, 6.0306e-08, 1.7832e-08, 4.3679e-09,
         8.9477e-10, 1.4738e-10, 8.9499e-12, 6.6972e-13, 6.3364e-13, 5.2064e-13,
         3.9429e-13, 1.9845e-13, 1.1809e-13, 1.1065e-13, 1.0611e-13, 9.7999e-14,
         8.8088e-14, 7.7798e-14, 6.7957e-14, 5.8782e-14, 5.0108e-14, 4.2063e-14,
         3.5421e-14, 3.0699e-14, 2.7441e-14, 2.5094e-14, 2.3352e-14, 2.2055e-14,
         2.1131e-14, 2.0598e-14, 2.0447e-14, 2.0689e-14, 2.1366e-14, 2.2547e-14,
         2.4335e-14, 2.7119e-14, 3.1201e-14, 3.6829e-14, 4.4896e-14, 5.7044e-14,
         7.7107e-14, 1.1525e-13, 1.9088e-13, 3.5950e-13, 8.0509e-13, 2.9812e-12,
         1.3129e-11, 3.1203e-11, 5.0606e-11, 7.0903e-11, 9.1126e-11, 1.0911e-10,
         1.2361e-10, 1.3273e-10, 1.3655e-10, 1.3472e-10, 1.2850e-10, 1.1905e-10,
         1.0799e-10, 9.6615e-11, 8.6049e-11, 7.6769e-11, 6.9426e-11, 6.3862e-11,
         6.0340e-11, 5.8769e-11, 5.9191e-11, 6.1839e-11, 6.6628e-11, 7.4235e-11,
         7.6565e-11, 7.6565e-11, 7.6565e-11, 7.6565e-11, 7.6565e-11, 7.6565e-11,
         7.6565e-11, 7.6565e-11]], dtype=torch.float64), 'xSO2': tensor([[1.5322e-02, 1.1711e-02, 7.1150e-03, 4.0173e-03, 1.9670e-03, 8.2684e-04,
         3.0037e-04, 9.3562e-05, 2.4257e-05, 6.3818e-06, 1.2234e-06, 2.6622e-07,
         4.5551e-08, 5.7454e-09, 1.1258e-09, 6.4638e-10, 6.7865e-10, 8.2388e-10,
         1.0251e-09, 1.2869e-09, 1.6218e-09, 2.0433e-09, 2.5730e-09, 3.2383e-09,
         4.0737e-09, 5.1446e-09, 6.5122e-09, 8.2422e-09, 1.0433e-08, 1.3211e-08,
         1.6744e-08, 2.1367e-08, 2.7399e-08, 3.5248e-08, 4.5547e-08, 5.9236e-08,
         7.7865e-08, 1.0635e-07, 1.4921e-07, 2.1221e-07, 3.0828e-07, 4.5473e-07,
         6.5172e-07, 9.2154e-07, 1.2891e-06, 1.7941e-06, 2.4894e-06, 3.4939e-06,
         4.9170e-06, 6.9109e-06, 9.8325e-06, 1.4062e-05, 2.0004e-05, 2.8169e-05,
         3.8363e-05, 5.0467e-05, 6.3648e-05, 7.6982e-05, 8.9203e-05, 9.9035e-05,
         1.0532e-04, 1.0759e-04, 1.0537e-04, 9.9630e-05, 9.0763e-05, 8.0356e-05,
         6.9363e-05, 5.8818e-05, 4.9363e-05, 4.1545e-05, 3.5393e-05, 3.1323e-05,
         3.0442e-05, 3.0442e-05, 3.0442e-05, 3.0442e-05, 3.0442e-05, 3.0442e-05,
         3.0442e-05, 3.0442e-05]], dtype=torch.float64), 'xH2SO4aer': tensor([[6.9888e-08, 7.8516e-08, 9.6951e-08, 1.1668e-07, 1.4097e-07, 1.7209e-07,
         2.2725e-07, 5.7974e-07, 1.2594e-06, 2.1895e-07, 3.6394e-10, 4.9291e-11,
         2.0501e-12, 8.5921e-15, 2.6550e-15, 2.3275e-15, 2.6394e-15, 3.1461e-15,
         3.7775e-15, 4.5545e-15, 5.5057e-15, 6.6291e-15, 7.7714e-15, 8.4302e-15,
         8.0741e-15, 6.7625e-15, 5.1374e-15, 3.6476e-15, 2.4671e-15, 1.6154e-15,
         1.0389e-15, 6.7716e-16, 4.4957e-16, 3.0454e-16, 2.1243e-16, 1.5419e-16,
         1.1789e-16, 9.6940e-17, 8.6354e-17, 8.3821e-17, 8.8174e-17, 9.9162e-17,
         1.1760e-16, 1.4530e-16, 1.8357e-16, 2.3502e-16, 3.0234e-16, 3.8656e-16,
         4.4955e-16, 3.3919e-16, 1.7095e-16, 9.2777e-17, 6.1877e-17, 4.8351e-17,
         3.6623e-17, 2.5062e-17, 1.5053e-17, 8.0941e-18, 3.8529e-18, 1.6641e-18,
         6.6003e-19, 2.3884e-19, 8.6265e-20, 2.8147e-20, 1.0266e-20, 3.5205e-21,
         1.3387e-21, 5.2168e-22, 2.1335e-22, 8.9151e-23, 3.1045e-23, 7.0019e-24,
         2.7775e-24, 2.7775e-24, 2.7775e-24, 2.7775e-24, 2.7775e-24, 2.7775e-24,
         2.7775e-24, 2.7775e-24]], dtype=torch.float64), 'xS8aer': tensor([[2.1170e-34, 4.2999e-34, 5.9621e-32, 1.1501e-26, 1.2813e-22, 2.0224e-21,
         3.7792e-21, 4.1727e-21, 8.6712e-21, 1.3088e-21, 8.4159e-27, 4.9483e-29,
         5.8936e-31, 9.5501e-34, 2.0307e-35, 5.0196e-36, 5.3426e-36, 6.4086e-36,
         7.7689e-36, 9.4525e-36, 1.1528e-35, 1.4064e-35, 1.7171e-35, 2.0986e-35,
         2.5680e-35, 3.1575e-35, 3.8968e-35, 4.8170e-35, 5.9649e-35, 7.4001e-35,
         9.1994e-35, 1.1516e-34, 1.4486e-34, 1.8280e-34, 2.3154e-34, 2.9465e-34,
         3.7699e-34, 4.8555e-34, 6.2567e-34, 8.0554e-34, 1.0342e-33, 1.3184e-33,
         1.6460e-33, 1.8743e-33, 1.4665e-33, 3.0841e-34, 1.0000e-40, 1.0000e-40,
         1.0000e-40, 1.0000e-40, 1.0000e-40, 1.0000e-40, 1.0000e-40, 1.0000e-40,
         1.0000e-40, 1.0000e-40, 1.0000e-40, 1.0000e-40, 1.0000e-40, 1.0000e-40,
         1.0000e-40, 1.0000e-40, 1.0000e-40, 1.0000e-40, 1.0000e-40, 1.0000e-40,
         1.0000e-40, 1.0000e-40, 1.0000e-40, 1.0000e-40, 1.0000e-40, 1.0000e-40,
         1.0000e-40, 1.0000e-40, 1.0000e-40, 1.0000e-40, 1.0000e-40, 1.0000e-40,
         1.0000e-40, 1.0000e-40]], dtype=torch.float64)}"
1.1448e+06,222.15,0,"{'pres': tensor([[5.3000e+04, 4.2137e+04, 3.3501e+04, 2.6635e+04, 2.1176e+04, 1.6836e+04,
         1.3385e+04, 1.0642e+04, 8.4606e+03, 6.7265e+03, 5.3479e+03, 4.2518e+03,
         3.3803e+03, 2.6875e+03, 2.1367e+03, 1.6988e+03, 1.3506e+03, 1.0738e+03,
         8.5370e+02, 6.7873e+02, 5.3962e+02, 4.2902e+02, 3.4109e+02, 2.7118e+02,
         2.1560e+02, 1.7141e+02, 1.3628e+02, 1.0835e+02, 8.6141e+01, 6.8485e+01,
         5.4449e+01, 4.3289e+01, 3.4417e+01, 2.7363e+01, 2.1755e+01, 1.7296e+01,
         1.3751e+01, 1.0933e+01, 8.6918e+00, 6.9104e+00, 5.4941e+00, 4.3680e+00,
         3.4728e+00, 2.7610e+00, 2.1951e+00, 1.7452e+00, 1.3875e+00, 1.1031e+00,
         8.7703e-01, 6.9728e-01, 5.5437e-01, 4.4075e-01, 3.5041e-01, 2.7859e-01,
         2.2149e-01, 1.7610e-01, 1.4000e-01, 1.1131e-01, 8.8495e-02, 7.0358e-02,
         5.5937e-02, 4.4473e-02, 3.5358e-02, 2.8111e-02, 2.2349e-02, 1.7769e-02,
         1.4127e-02, 1.1231e-02, 8.9295e-03, 7.0993e-03, 5.6442e-03, 4.4874e-03,
         3.5677e-03, 2.8365e-03, 2.2551e-03, 1.7929e-03, 1.4254e-03, 1.1333e-03,
         9.0101e-04, 7.1634e-04]], dtype=torch.float64), 'temp': tensor([[191.9042, 186.1701, 180.1489, 173.6486, 166.6723, 159.3202, 151.8164,
         144.3919, 137.2052, 130.3305, 123.7917, 117.5725, 111.6911, 106.0539,
         100.7478, 100.0272, 100.0191, 100.0187, 100.0197, 100.0217, 100.0243,
         100.0277, 100.0321, 100.0376, 100.0442, 100.0525, 100.0627, 100.0751,
         100.0902, 100.1087, 100.1315, 100.1599, 100.1960, 100.2417, 100.2998,
         100.3744, 100.4739, 100.6355, 100.8736, 101.1273, 101.4466, 101.8671,
         102.4221, 103.1664, 104.1672, 105.5025, 107.2744, 109.6106, 112.6444,
         116.3646, 120.4907, 124.4034, 127.3175, 128.9772, 129.8572, 130.5437,
         131.2134, 131.7739, 132.2683, 132.6873, 133.0678, 133.3762, 133.6690,
         133.9025, 134.1181, 134.2907, 134.4447, 134.5711, 134.6727, 134.7602,
         134.8341, 134.8896, 134.9372, 134.9712, 134.9996, 135.0242, 135.0384,
         135.0549, 135.0660, 135.0746]], dtype=torch.float64), 'xCO2': tensor([[9.5011e-01, 8.7234e-01, 7.0371e-01, 5.2381e-01, 3.3597e-01, 1.8010e-01,
         8.6875e-02, 3.8005e-02, 1.4906e-02, 5.7881e-03, 1.9109e-03, 6.5700e-04,
         1.9669e-04, 5.1092e-05, 1.7327e-05, 1.3140e-05, 1.4857e-05, 1.8389e-05,
         2.3040e-05, 2.9005e-05, 3.6587e-05, 4.6107e-05, 5.8057e-05, 7.3050e-05,
         9.1860e-05, 1.1595e-04, 1.4663e-04, 1.8533e-04, 2.3418e-04, 2.9590e-04,
         3.7399e-04, 4.7554e-04, 6.0670e-04, 7.7549e-04, 9.9390e-04, 1.2787e-03,
         1.6533e-03, 2.1519e-03, 2.8001e-03, 3.6413e-03, 4.7356e-03, 6.1621e-03,
         8.0531e-03, 1.0598e-02, 1.3953e-02, 1.8371e-02, 2.4170e-02, 3.2077e-02,
         4.2589e-02, 5.6377e-02, 7.4980e-02, 9.9347e-02, 1.3033e-01, 1.6835e-01,
         2.1242e-01, 2.6207e-01, 3.1571e-01, 3.7185e-01, 4.2859e-01, 4.8427e-01,
         5.3743e-01, 5.8724e-01, 6.3266e-01, 6.7397e-01, 7.1046e-01, 7.4291e-01,
         7.7126e-01, 7.9605e-01, 8.1770e-01, 8.3641e-01, 8.5295e-01, 8.6724e-01,
         8.7059e-01, 8.7059e-01, 8.7059e-01, 8.7059e-01, 8.7059e-01, 8.7059e-01,
         8.7059e-01, 8.7059e-01]], dtype=torch.float64), 'xH2O': tensor([[7.4282e-07, 4.5126e-07, 1.6991e-07, 6.0630e-08, 1.7945e-08, 4.3997e-09,
         9.0221e-10, 1.4882e-10, 9.0302e-12, 6.7736e-13, 6.3444e-13, 5.2214e-13,
         3.9684e-13, 2.0051e-13, 1.1918e-13, 1.1157e-13, 1.0717e-13, 9.9179e-14,
         8.9340e-14, 7.9081e-14, 6.9246e-14, 6.0098e-14, 5.1534e-14, 4.3596e-14,
         3.6904e-14, 3.2012e-14, 2.8572e-14, 2.6077e-14, 2.4222e-14, 2.2840e-14,
         2.1852e-14, 2.1271e-14, 2.1082e-14, 2.1295e-14, 2.1951e-14, 2.3122e-14,
         2.4911e-14, 2.7718e-14, 3.1847e-14, 3.7565e-14, 4.5801e-14, 5.8266e-14,
         7.9058e-14, 1.1877e-13, 1.9813e-13, 3.7688e-13, 8.5593e-13, 3.2731e-12,
         1.4147e-11, 3.2872e-11, 5.2711e-11, 7.3370e-11, 9.3895e-11, 1.1216e-10,
         1.2677e-10, 1.3596e-10, 1.3969e-10, 1.3773e-10, 1.3126e-10, 1.2156e-10,
         1.1020e-10, 9.8537e-11, 8.7714e-11, 7.8214e-11, 7.0663e-11, 6.4955e-11,
         6.1303e-11, 5.9670e-11, 6.0045e-11, 6.2722e-11, 6.7588e-11, 7.5301e-11,
         7.7473e-11, 7.7473e-11, 7.7473e-11, 7.7473e-11, 7.7473e-11, 7.7473e-11,
         7.7473e-11, 7.7473e-11]], dtype=torch.float64), 'xSO2': tensor([[1.5352e-02, 1.1737e-02, 7.1351e-03, 4.0314e-03, 1.9754e-03, 8.3098e-04,
         3.0209e-04, 9.4181e-05, 2.4403e-05, 6.4297e-06, 1.2351e-06, 2.6867e-07,
         4.5887e-08, 5.8176e-09, 1.1386e-09, 6.4833e-10, 6.7867e-10, 8.2356e-10,
         1.0247e-09, 1.2866e-09, 1.6214e-09, 2.0429e-09, 2.5726e-09, 3.2379e-09,
         4.0735e-09, 5.1455e-09, 6.5137e-09, 8.2445e-09, 1.0437e-08, 1.3217e-08,
         1.6753e-08, 2.1388e-08, 2.7434e-08, 3.5306e-08, 4.5645e-08, 5.9401e-08,
         7.8145e-08, 1.0692e-07, 1.5027e-07, 2.1419e-07, 3.1193e-07, 4.6023e-07,
         6.5999e-07, 9.3364e-07, 1.3066e-06, 1.8191e-06, 2.5241e-06, 3.5447e-06,
         4.9862e-06, 7.0038e-06, 9.9678e-06, 1.4236e-05, 2.0234e-05, 2.8411e-05,
         3.8598e-05, 5.0630e-05, 6.3713e-05, 7.6923e-05, 8.8997e-05, 9.8729e-05,
         1.0490e-04, 1.0715e-04, 1.0490e-04, 9.9180e-05, 9.0384e-05, 8.0038e-05,
         6.9110e-05, 5.8629e-05, 4.9217e-05, 4.1454e-05, 3.5354e-05, 3.1308e-05,
         3.0494e-05, 3.0494e-05, 3.0494e-05, 3.0494e-05, 3.0494e-05, 3.0494e-05,
         3.0494e-05, 3.0494e-05]], dtype=torch.float64), 'xH2SO4aer': tensor([[6.9890e-08, 7.8519e-08, 9.6957e-08, 1.1669e-07, 1.4101e-07, 1.7220e-07,
         2.2795e-07, 5.8731e-07, 1.2547e-06, 2.1096e-07, 3.6709e-10, 5.0068e-11,
         2.0793e-12, 7.9391e-15, 2.3271e-15, 2.0286e-15, 2.2979e-15, 2.7390e-15,
         3.2891e-15, 3.9667e-15, 4.7963e-15, 5.7818e-15, 6.8145e-15, 7.4927e-15,
         7.3196e-15, 6.2454e-15, 4.8136e-15, 3.4546e-15, 2.3550e-15, 1.5504e-15,
         1.0005e-15, 6.5344e-16, 4.3387e-16, 2.9376e-16, 2.0485e-16, 1.4884e-16,
         1.1420e-16, 9.4612e-17, 8.5180e-17, 8.3730e-17, 8.9176e-17, 1.0134e-16,
         1.2117e-16, 1.5053e-16, 1.9086e-16, 2.4490e-16, 3.1540e-16, 4.0296e-16,
         4.6431e-16, 3.4350e-16, 1.7336e-16, 9.5649e-17, 6.5195e-17, 5.1146e-17,
         3.8723e-17, 2.6389e-17, 1.5819e-17, 8.4721e-18, 4.0368e-18, 1.7333e-18,
         6.9014e-19, 2.4757e-19, 9.0001e-20, 2.9482e-20, 1.0678e-20, 3.6782e-21,
         1.3886e-21, 5.4396e-22, 2.2122e-22, 9.3055e-23, 3.2685e-23, 7.4018e-24,
         3.2228e-24, 3.2228e-24, 3.2228e-24, 3.2228e-24, 3.2228e-24, 3.2228e-24,
         3.2228e-24, 3.2228e-24]], dtype=torch.float64), 'xS8aer': tensor([[2.1173e-34, 4.3009e-34, 6.3737e-32, 1.1917e-26, 1.2896e-22, 2.0261e-21,
         3.8151e-21, 4.2363e-21, 8.6224e-21, 1.2558e-21, 7.3629e-27, 5.0892e-29,
         6.0188e-31, 9.8884e-34, 2.0923e-35, 5.1179e-36, 5.4277e-36, 6.5062e-36,
         7.8882e-36, 9.6035e-36, 1.1718e-35, 1.4305e-35, 1.7475e-35, 2.1366e-35,
         2.6156e-35, 3.2176e-35, 3.9722e-35, 4.9115e-35, 6.0834e-35, 7.5488e-35,
         9.3860e-35, 1.1754e-34, 1.4789e-34, 1.8667e-34, 2.3652e-34, 3.0110e-34,
         3.8542e-34, 4.9669e-34, 6.4019e-34, 8.2436e-34, 1.0583e-33, 1.3485e-33,
         1.6800e-33, 1.8941e-33, 1.4070e-33, 2.6816e-34, 1.0000e-40, 1.0000e-40,
         1.0000e-40, 1.0000e-40, 1.0000e-40, 1.0000e-40, 1.0000e-40, 1.0000e-40,
         1.0000e-40, 1.0000e-40, 1.0000e-40, 1.0000e-40, 1.0000e-40, 1.0000e-40,
         1.0000e-40, 1.0000e-40, 1.0000e-40, 1.0000e-40, 1.0000e-40, 1.0000e-40,
         1.0000e-40, 1.0000e-40, 1.0000e-40, 1.0000e-40, 1.0000e-40, 1.0000e-40,
         1.0000e-40, 1.0000e-40, 1.0000e-40, 1.0000e-40, 1.0000e-40, 1.0000e-40,
         1.0000e-40, 1.0000e-40]], dtype=torch.float64)}"
1.1664e+06,222.156,0,"{'pres': tensor([[5.3000e+04, 4.2137e+04, 3.3501e+04, 2.6635e+04, 2.1176e+04, 1.6836e+04,
         1.3385e+04, 1.0642e+04, 8.4606e+03, 6.7265e+03, 5.3479e+03, 4.2518e+03,
         3.3803e+03, 2.6875e+03, 2.1367e+03, 1.6988e+03, 1.3506e+03, 1.0738e+03,
         8.5370e+02, 6.7873e+02, 5.3962e+02, 4.2902e+02, 3.4109e+02, 2.7118e+02,
         2.1560e+02, 1.7141e+02, 1.3628e+02, 1.0835e+02, 8.6141e+01, 6.8485e+01,
         5.4449e+01, 4.3289e+01, 3.4417e+01, 2.7363e+01, 2.1755e+01, 1.7296e+01,
         1.3751e+01, 1.0933e+01, 8.6918e+00, 6.9104e+00, 5.4941e+00, 4.3680e+00,
         3.4728e+00, 2.7610e+00, 2.1951e+00, 1.7452e+00, 1.3875e+00, 1.1031e+00,
         8.7703e-01, 6.9728e-01, 5.5437e-01, 4.4075e-01, 3.5041e-01, 2.7859e-01,
         2.2149e-01, 1.7610e-01, 1.4000e-01, 1.1131e-01, 8.8495e-02, 7.0358e-02,
         5.5937e-02, 4.4473e-02, 3.5358e-02, 2.8111e-02, 2.2349e-02, 1.7769e-02,
         1.4127e-02, 1.1231e-02, 8.9295e-03, 7.0993e-03, 5.6442e-03, 4.4874e-03,
         3.5677e-03, 2.8365e-03, 2.2551e-03, 1.7929e-03, 1.4254e-03, 1.1333e-03,
         9.0101e-04, 7.1634e-04]], dtype=torch.float64), 'temp': tensor([[191.9227, 186.1911, 180.1727, 173.6757, 166.7025, 159.3525, 151.8492,
         144.4240, 137.2361, 130.3599, 123.8197, 117.5991, 111.7164, 106.0779,
         100.7706, 100.0275, 100.0192, 100.0188, 100.0198, 100.0218, 100.0245,
         100.0279, 100.0324, 100.0379, 100.0446, 100.0530, 100.0633, 100.0759,
         100.0913, 100.1101, 100.1332, 100.1622, 100.1989, 100.2455, 100.3046,
         100.3807, 100.4822, 100.6465, 100.8882, 101.1469, 101.4728, 101.9022,
         102.4695, 103.2302, 104.2529, 105.6169, 107.4251, 109.8063, 112.8881,
         116.6445, 120.7749, 124.6368, 127.4610, 129.0454, 129.8969, 130.5806,
         131.2454, 131.7994, 132.2899, 132.7060, 133.0839, 133.3905, 133.6817,
         133.9138, 134.1284, 134.3002, 134.4533, 134.5794, 134.6802, 134.7677,
         134.8409, 134.8964, 134.9435, 134.9774, 135.0056, 135.0301, 135.0442,
         135.0606, 135.0717, 135.0802]], dtype=torch.float64), 'xCO2': tensor([[9.5024e-01, 8.7271e-01, 7.0450e-01, 5.2483e-01, 3.3706e-01, 1.8080e-01,
         8.7257e-02, 3.8192e-02, 1.4977e-02, 5.8197e-03, 1.9234e-03, 6.6118e-04,
         1.9780e-04, 5.1518e-05, 1.7461e-05, 1.3168e-05, 1.4860e-05, 1.8389e-05,
         2.3039e-05, 2.9009e-05, 3.6590e-05, 4.6110e-05, 5.8060e-05, 7.3054e-05,
         9.1865e-05, 1.1598e-04, 1.4666e-04, 1.8538e-04, 2.3426e-04, 2.9602e-04,
         3.7416e-04, 4.7593e-04, 6.0731e-04, 7.7646e-04, 9.9546e-04, 1.2813e-03,
         1.6574e-03, 2.1585e-03, 2.8094e-03, 3.6543e-03, 4.7532e-03, 6.1854e-03,
         8.0862e-03, 1.0640e-02, 1.4005e-02, 1.8435e-02, 2.4244e-02, 3.2178e-02,
         4.2702e-02, 5.6498e-02, 7.5148e-02, 9.9490e-02, 1.3043e-01, 1.6827e-01,
         2.1212e-01, 2.6145e-01, 3.1479e-01, 3.7059e-01, 4.2701e-01, 4.8244e-01,
         5.3535e-01, 5.8501e-01, 6.3025e-01, 6.7143e-01, 7.0786e-01, 7.4022e-01,
         7.6853e-01, 7.9324e-01, 8.1485e-01, 8.3349e-01, 8.4994e-01, 8.6418e-01,
         8.6725e-01, 8.6725e-01, 8.6725e-01, 8.6725e-01, 8.6725e-01, 8.6725e-01,
         8.6725e-01, 8.6725e-01]], dtype=torch.float64), 'xH2O': tensor([[7.4516e-07, 4.5282e-07, 1.7066e-07, 6.0955e-08, 1.8059e-08, 4.4318e-09,
         9.0970e-10, 1.5028e-10, 9.1137e-12, 6.8521e-13, 6.3522e-13, 5.2361e-13,
         3.9935e-13, 2.0256e-13, 1.2026e-13, 1.1248e-13, 1.0821e-13, 1.0034e-13,
         9.0575e-14, 8.0350e-14, 7.0520e-14, 6.1389e-14, 5.2906e-14, 4.5063e-14,
         3.8345e-14, 3.3310e-14, 2.9703e-14, 2.7065e-14, 2.5100e-14, 2.3632e-14,
         2.2579e-14, 2.1950e-14, 2.1722e-14, 2.1905e-14, 2.2541e-14, 2.3701e-14,
         2.5491e-14, 2.8321e-14, 3.2496e-14, 3.8308e-14, 4.6716e-14, 5.9505e-14,
         8.1055e-14, 1.2240e-13, 2.0567e-13, 3.9514e-13, 9.1008e-13, 3.5886e-12,
         1.5151e-11, 3.4481e-11, 5.4812e-11, 7.5867e-11, 9.6696e-11, 1.1523e-10,
         1.2994e-10, 1.3921e-10, 1.4283e-10, 1.4075e-10, 1.3402e-10, 1.2407e-10,
         1.1242e-10, 1.0047e-10, 8.9398e-11, 7.9678e-11, 7.1924e-11, 6.6073e-11,
         6.2294e-11, 6.0602e-11, 6.0934e-11, 6.3644e-11, 6.8596e-11, 7.6421e-11,
         7.8435e-11, 7.8435e-11, 7.8435e-11, 7.8435e-11, 7.8435e-11, 7.8435e-11,
         7.8435e-11, 7.8435e-11]], dtype=torch.float64), 'xSO2': tensor([[1.5381e-02, 1.1763e-02, 7.1551e-03, 4.0455e-03, 1.9838e-03, 8.3513e-04,
         3.0382e-04, 9.4803e-05, 2.4550e-05, 6.4780e-06, 1.2468e-06, 2.7114e-07,
         4.6224e-08, 5.8906e-09, 1.1516e-09, 6.5030e-10, 6.7871e-10, 8.2325e-10,
         1.0242e-09, 1.2863e-09, 1.6210e-09, 2.0424e-09, 2.5721e-09, 3.2374e-09,
         4.0731e-09, 5.1462e-09, 6.5149e-09, 8.2466e-09, 1.0440e-08, 1.3223e-08,
         1.6763e-08, 2.1410e-08, 2.7469e-08, 3.5364e-08, 4.5743e-08, 5.9567e-08,
         7.8427e-08, 1.0751e-07, 1.5135e-07, 2.1619e-07, 3.1563e-07, 4.6577e-07,
         6.6829e-07, 9.4578e-07, 1.3242e-06, 1.8440e-06, 2.5587e-06, 3.5952e-06,
         5.0549e-06, 7.0957e-06, 1.0101e-05, 1.4407e-05, 2.0458e-05, 2.8642e-05,
         3.8819e-05, 5.0778e-05, 6.3762e-05, 7.6849e-05, 8.8778e-05, 9.8410e-05,
         1.0447e-04, 1.0671e-04, 1.0442e-04, 9.8717e-05, 8.9991e-05, 7.9705e-05,
         6.8843e-05, 5.8427e-05, 4.9060e-05, 4.1352e-05, 3.5305e-05, 3.1283e-05,
         3.0536e-05, 3.0536e-05, 3.0536e-05, 3.0536e-05, 3.0536e-05, 3.0536e-05,
         3.0536e-05, 3.0536e-05]], dtype=torch.float64), 'xH2SO4aer': tensor([[6.9891e-08, 7.8522e-08, 9.6964e-08, 1.1671e-07, 1.4104e-07, 1.7231e-07,
         2.2866e-07, 5.9484e-07, 1.2497e-06, 2.0329e-07, 3.7036e-10, 5.0854e-11,
         2.1088e-12, 7.3924e-15, 2.0442e-15, 1.7715e-15, 2.0044e-15, 2.3891e-15,
         2.8692e-15, 3.4612e-15, 4.1858e-15, 5.0507e-15, 5.9792e-15, 6.6520e-15,
         6.6182e-15, 5.7499e-15, 4.4969e-15, 3.2633e-15, 2.2428e-15, 1.4851e-15,
         9.6190e-16, 6.2971e-16, 4.1829e-16, 2.8316e-16, 1.9747e-16, 1.4367e-16,
         1.1066e-16, 9.2387e-17, 8.4060e-17, 8.3639e-17, 9.0116e-17, 1.0338e-16,
         1.2451e-16, 1.5542e-16, 1.9767e-16, 2.5412e-16, 3.2753e-16, 4.1793e-16,
         4.7648e-16, 3.4642e-16, 1.7586e-16, 9.8698e-17, 6.8652e-17, 5.4040e-17,
         4.0877e-17, 2.7744e-17, 1.6599e-17, 8.8546e-18, 4.2234e-18, 1.8028e-18,
         7.2064e-19, 2.5623e-19, 9.3788e-20, 3.0853e-20, 1.1098e-20, 3.8408e-21,
         1.4397e-21, 5.6710e-22, 2.2932e-22, 9.7124e-23, 3.4395e-23, 7.8040e-24,
         3.6964e-24, 3.6964e-24, 3.6964e-24, 3.6964e-24, 3.6964e-24, 3.6964e-24,
         3.6964e-24, 3.6964e-24]], dtype=torch.float64), 'xS8aer': tensor([[2.1175e-34, 4.3020e-34, 6.8065e-32, 1.2341e-26, 1.2980e-22, 2.0299e-21,
         3.8508e-21, 4.2994e-21, 8.5713e-21, 1.2051e-21, 6.5216e-27, 5.2338e-29,
         6.1451e-31, 1.0236e-33, 2.1465e-35, 5.1802e-36, 5.4899e-36, 6.5840e-36,
         7.9845e-36, 9.7235e-36, 1.1868e-35, 1.4493e-35, 1.7712e-35, 2.1669e-35,
         2.6541e-35, 3.2672e-35, 4.0351e-35, 4.9912e-35, 6.1840e-35, 7.6757e-35,
         9.5462e-35, 1.1960e-34, 1.5051e-34, 1.9004e-34, 2.4087e-34, 3.0678e-34,
         3.9286e-34, 5.0657e-34, 6.5311e-34, 8.4113e-34, 1.0798e-33, 1.3751e-33,
         1.7089e-33, 1.9052e-33, 1.3295e-33, 2.2374e-34, 1.0000e-40, 1.0000e-40,
         1.0000e-40, 1.0000e-40, 1.0000e-40, 1.0000e-40, 1.0000e-40, 1.0000e-40,
         1.0000e-40, 1.0000e-40, 1.0000e-40, 1.0000e-40, 1.0000e-40, 1.0000e-40,
         1.0000e-40, 1.0000e-40, 1.0000e-40, 1.0000e-40, 1.0000e-40, 1.0000e-40,
         1.0000e-40, 1.0000e-40, 1.0000e-40, 1.0000e-40, 1.0000e-40, 1.0000e-40,
         1.0000e-40, 1.0000e-40, 1.0000e-40, 1.0000e-40, 1.0000e-40, 1.0000e-40,
         1.0000e-40, 1.0000e-40]], dtype=torch.float64)}"
1.188e+06,222.162,0,"{'pres': tensor([[5.3000e+04, 4.2137e+04, 3.3501e+04, 2.6635e+04, 2.1176e+04, 1.6836e+04,
         1.3385e+04, 1.0642e+04, 8.4606e+03, 6.7265e+03, 5.3479e+03, 4.2518e+03,
         3.3803e+03, 2.6875e+03, 2.1367e+03, 1.6988e+03, 1.3506e+03, 1.0738e+03,
         8.5370e+02, 6.7873e+02, 5.3962e+02, 4.2902e+02, 3.4109e+02, 2.7118e+02,
         2.1560e+02, 1.7141e+02, 1.3628e+02, 1.0835e+02, 8.6141e+01, 6.8485e+01,
         5.4449e+01, 4.3289e+01, 3.4417e+01, 2.7363e+01, 2.1755e+01, 1.7296e+01,
         1.3751e+01, 1.0933e+01, 8.6918e+00, 6.9104e+00, 5.4941e+00, 4.3680e+00,
         3.4728e+00, 2.7610e+00, 2.1951e+00, 1.7452e+00, 1.3875e+00, 1.1031e+00,
         8.7703e-01, 6.9728e-01, 5.5437e-01, 4.4075e-01, 3.5041e-01, 2.7859e-01,
         2.2149e-01, 1.7610e-01, 1.4000e-01, 1.1131e-01, 8.8495e-02, 7.0358e-02,
         5.5937e-02, 4.4473e-02, 3.5358e-02, 2.8111e-02, 2.2349e-02, 1.7769e-02,
         1.4127e-02, 1.1231e-02, 8.9295e-03, 7.0993e-03, 5.6442e-03, 4.4874e-03,
         3.5677e-03, 2.8365e-03, 2.2551e-03, 1.7929e-03, 1.4254e-03, 1.1333e-03,
         9.0101e-04, 7.1634e-04]], dtype=torch.float64), 'temp': tensor([[191.9412, 186.2119, 180.1965, 173.7028, 166.7327, 159.3847, 151.8820,
         144.4562, 137.2671, 130.3894, 123.8477, 117.6258, 111.7417, 106.1019,
         100.7934, 100.0278, 100.0192, 100.0189, 100.0199, 100.0219, 100.0246,
         100.0281, 100.0326, 100.0382, 100.0450, 100.0535, 100.0640, 100.0768,
         100.0923, 100.1114, 100.1350, 100.1644, 100.2018, 100.2492, 100.3095,
         100.3870, 100.4905, 100.6576, 100.9029, 101.1665, 101.4992, 101.9376,
         102.5171, 103.2945, 104.3392, 105.7319, 107.5763, 110.0022, 113.1308,
         116.9212, 121.0527, 124.8610, 127.5962, 129.1092, 129.9354, 130.6167,
         131.2766, 131.8241, 132.3109, 132.7244, 133.0996, 133.4043, 133.6941,
         133.9248, 134.1384, 134.3095, 134.4617, 134.5875, 134.6874, 134.7749,
         134.8474, 134.9030, 134.9494, 134.9834, 135.0114, 135.0358, 135.0498,
         135.0661, 135.0771, 135.0856]], dtype=torch.float64), 'xCO2': tensor([[9.5037e-01, 8.7308e-01, 7.0527e-01, 5.2585e-01, 3.3815e-01, 1.8151e-01,
         8.7640e-02, 3.8380e-02, 1.5049e-02, 5.8515e-03, 1.9360e-03, 6.6539e-04,
         1.9890e-04, 5.1947e-05, 1.7596e-05, 1.3196e-05, 1.4864e-05, 1.8389e-05,
         2.3038e-05, 2.9012e-05, 3.6593e-05, 4.6113e-05, 5.8063e-05, 7.3057e-05,
         9.1869e-05, 1.1601e-04, 1.4670e-04, 1.8544e-04, 2.3434e-04, 2.9613e-04,
         3.7434e-04, 4.7632e-04, 6.0792e-04, 7.7743e-04, 9.9704e-04, 1.2838e-03,
         1.6615e-03, 2.1651e-03, 2.8188e-03, 3.6673e-03, 4.7708e-03, 6.2086e-03,
         8.1190e-03, 1.0682e-02, 1.4057e-02, 1.8498e-02, 2.4317e-02, 3.2278e-02,
         4.2813e-02, 5.6616e-02, 7.5310e-02, 9.9626e-02, 1.3053e-01, 1.6818e-01,
         2.1181e-01, 2.6083e-01, 3.1385e-01, 3.6933e-01, 4.2543e-01, 4.8060e-01,
         5.3326e-01, 5.8277e-01, 6.2784e-01, 6.6888e-01, 7.0525e-01, 7.3751e-01,
         7.6579e-01, 7.9041e-01, 8.1199e-01, 8.3055e-01, 8.4692e-01, 8.6111e-01,
         8.6389e-01, 8.6389e-01, 8.6389e-01, 8.6389e-01, 8.6389e-01, 8.6389e-01,
         8.6389e-01, 8.6389e-01]], dtype=torch.float64), 'xH2O': tensor([[7.4751e-07, 4.5439e-07, 1.7142e-07, 6.1282e-08, 1.8174e-08, 4.4641e-09,
         9.1725e-10, 1.5175e-10, 9.2008e-12, 6.9327e-13, 6.3599e-13, 5.2505e-13,
         4.0184e-13, 2.0459e-13, 1.2132e-13, 1.1338e-13, 1.0923e-13, 1.0148e-13,
         9.1792e-14, 8.1604e-14, 7.1782e-14, 6.2660e-14, 5.4234e-14, 4.6473e-14,
         3.9744e-14, 3.4591e-14, 3.0830e-14, 2.8057e-14, 2.5983e-14, 2.4432e-14,
         2.3313e-14, 2.2634e-14, 2.2367e-14, 2.2520e-14, 2.3135e-14, 2.4284e-14,
         2.6074e-14, 2.8928e-14, 3.3150e-14, 3.9055e-14, 4.7641e-14, 6.0763e-14,
         8.3099e-14, 1.2614e-13, 2.1351e-13, 4.1432e-13, 9.6775e-13, 3.9306e-12,
         1.6168e-11, 3.6060e-11, 5.6903e-11, 7.8386e-11, 9.9526e-11, 1.1832e-10,
         1.3313e-10, 1.4247e-10, 1.4599e-10, 1.4378e-10, 1.3680e-10, 1.2660e-10,
         1.1465e-10, 1.0243e-10, 9.1099e-11, 8.1164e-11, 7.3207e-11, 6.7217e-11,
         6.3314e-11, 6.1566e-11, 6.1858e-11, 6.4608e-11, 6.9650e-11, 7.7593e-11,
         7.9451e-11, 7.9451e-11, 7.9451e-11, 7.9451e-11, 7.9451e-11, 7.9451e-11,
         7.9451e-11, 7.9451e-11]], dtype=torch.float64), 'xSO2': tensor([[1.5411e-02, 1.1789e-02, 7.1752e-03, 4.0596e-03, 1.9922e-03, 8.3931e-04,
         3.0556e-04, 9.5430e-05, 2.4698e-05, 6.5265e-06, 1.2587e-06, 2.7363e-07,
         4.6562e-08, 5.9646e-09, 1.1648e-09, 6.5229e-10, 6.7875e-10, 8.2295e-10,
         1.0238e-09, 1.2859e-09, 1.6206e-09, 2.0420e-09, 2.5716e-09, 3.2369e-09,
         4.0726e-09, 5.1468e-09, 6.5160e-09, 8.2486e-09, 1.0443e-08, 1.3229e-08,
         1.6773e-08, 2.1431e-08, 2.7504e-08, 3.5423e-08, 4.5841e-08, 5.9733e-08,
         7.8711e-08, 1.0810e-07, 1.5243e-07, 2.1823e-07, 3.1939e-07, 4.7137e-07,
         6.7664e-07, 9.5797e-07, 1.3417e-06, 1.8689e-06, 2.5932e-06, 3.6454e-06,
         5.1229e-06, 7.1866e-06, 1.0233e-05, 1.4574e-05, 2.0675e-05, 2.8863e-05,
         3.9028e-05, 5.0912e-05, 6.3797e-05, 7.6761e-05, 8.8547e-05, 9.8079e-05,
         1.0403e-04, 1.0625e-04, 1.0394e-04, 9.8241e-05, 8.9585e-05, 7.9358e-05,
         6.8563e-05, 5.8213e-05, 4.8891e-05, 4.1240e-05, 3.5247e-05, 3.1249e-05,
         3.0569e-05, 3.0569e-05, 3.0569e-05, 3.0569e-05, 3.0569e-05, 3.0569e-05,
         3.0569e-05, 3.0569e-05]], dtype=torch.float64), 'xH2SO4aer': tensor([[6.9893e-08, 7.8526e-08, 9.6970e-08, 1.1672e-07, 1.4108e-07, 1.7241e-07,
         2.2937e-07, 6.0232e-07, 1.2444e-06, 1.9594e-07, 3.7371e-10, 5.1648e-11,
         2.1384e-12, 6.9376e-15, 1.7998e-15, 1.5501e-15, 1.7518e-15, 2.0879e-15,
         2.5077e-15, 3.0257e-15, 3.6597e-15, 4.4192e-15, 5.2509e-15, 5.9018e-15,
         5.9713e-15, 5.2792e-15, 4.1898e-15, 3.0749e-15, 2.1313e-15, 1.4199e-15,
         9.2335e-16, 6.0606e-16, 4.0288e-16, 2.7278e-16, 1.9031e-16, 1.3871e-16,
         1.0732e-16, 9.0341e-17, 8.3094e-17, 8.3679e-17, 9.1164e-17, 1.0551e-16,
         1.2793e-16, 1.6036e-16, 2.0451e-16, 2.6333e-16, 3.3958e-16, 4.3258e-16,
         4.8739e-16, 3.4845e-16, 1.7840e-16, 1.0191e-16, 7.2249e-17, 5.7034e-17,
         4.3085e-17, 2.9125e-17, 1.7394e-17, 9.2412e-18, 4.4124e-18, 1.8723e-18,
         7.5149e-19, 2.6481e-19, 9.7620e-20, 3.2258e-20, 1.1523e-20, 4.0085e-21,
         1.4918e-21, 5.9109e-22, 2.3766e-22, 1.0136e-22, 3.6177e-23, 8.2072e-24,
         4.1999e-24, 4.1999e-24, 4.1999e-24, 4.1999e-24, 4.1999e-24, 4.1999e-24,
         4.1999e-24, 4.1999e-24]], dtype=torch.float64), 'xS8aer': tensor([[2.1178e-34, 4.3030e-34, 7.2611e-32, 1.2772e-26, 1.3063e-22, 2.0337e-21,
         3.8863e-21, 4.3623e-21, 8.5182e-21, 1.1566e-21, 5.8514e-27, 5.3823e-29,
         6.2724e-31, 1.0594e-33, 2.1858e-35, 5.1286e-36, 5.4558e-36, 6.5791e-36,
         8.0089e-36, 9.7747e-36, 1.1940e-35, 1.4582e-35, 1.7818e-35, 2.1796e-35,
         2.6700e-35, 3.2891e-35, 4.0656e-35, 5.0341e-35, 6.2439e-35, 7.7579e-35,
         9.6570e-35, 1.2110e-34, 1.5249e-34, 1.9263e-34, 2.4427e-34, 3.1124e-34,
         3.9878e-34, 5.1453e-34, 6.6359e-34, 8.5480e-34, 1.0973e-33, 1.3966e-33,
         1.7309e-33, 1.9053e-33, 1.2308e-33, 1.7493e-34, 1.0000e-40, 1.0000e-40,
         1.0000e-40, 1.0000e-40, 1.0000e-40, 1.0000e-40, 1.0000e-40, 1.0000e-40,
         1.0000e-40, 1.0000e-40, 1.0000e-40, 1.0000e-40, 1.0000e-40, 1.0000e-40,
         1.0000e-40, 1.0000e-40, 1.0000e-40, 1.0000e-40, 1.0000e-40, 1.0000e-40,
         1.0000e-40, 1.0000e-40, 1.0000e-40, 1.0000e-40, 1.0000e-40, 1.0000e-40,
         1.0000e-40, 1.0000e-40, 1.0000e-40, 1.0000e-40, 1.0000e-40, 1.0000e-40,
         1.0000e-40, 1.0000e-40]], dtype=torch.float64)}"
1.2096e+06,222.168,0,"{'pres': tensor([[5.3000e+04, 4.2137e+04, 3.3501e+04, 2.6635e+04, 2.1176e+04, 1.6836e+04,
         1.3385e+04, 1.0642e+04, 8.4606e+03, 6.7265e+03, 5.3479e+03, 4.2518e+03,
         3.3803e+03, 2.6875e+03, 2.1367e+03, 1.6988e+03, 1.3506e+03, 1.0738e+03,
         8.5370e+02, 6.7873e+02, 5.3962e+02, 4.2902e+02, 3.4109e+02, 2.7118e+02,
         2.1560e+02, 1.7141e+02, 1.3628e+02, 1.0835e+02, 8.6141e+01, 6.8485e+01,
         5.4449e+01, 4.3289e+01, 3.4417e+01, 2.7363e+01, 2.1755e+01, 1.7296e+01,
         1.3751e+01, 1.0933e+01, 8.6918e+00, 6.9104e+00, 5.4941e+00, 4.3680e+00,
         3.4728e+00, 2.7610e+00, 2.1951e+00, 1.7452e+00, 1.3875e+00, 1.1031e+00,
         8.7703e-01, 6.9728e-01, 5.5437e-01, 4.4075e-01, 3.5041e-01, 2.7859e-01,
         2.2149e-01, 1.7610e-01, 1.4000e-01, 1.1131e-01, 8.8495e-02, 7.0358e-02,
         5.5937e-02, 4.4473e-02, 3.5358e-02, 2.8111e-02, 2.2349e-02, 1.7769e-02,
         1.4127e-02, 1.1231e-02, 8.9295e-03, 7.0993e-03, 5.6442e-03, 4.4874e-03,
         3.5677e-03, 2.8365e-03, 2.2551e-03, 1.7929e-03, 1.4254e-03, 1.1333e-03,
         9.0101e-04, 7.1634e-04]], dtype=torch.float64), 'temp': tensor([[191.9597, 186.2328, 180.2202, 173.7299, 166.7629, 159.4169, 151.9147,
         144.4883, 137.2980, 130.4189, 123.8758, 117.6524, 111.7671, 106.1259,
         100.8162, 100.0281, 100.0193, 100.0190, 100.0200, 100.0220, 100.0248,
         100.0283, 100.0329, 100.0385, 100.0454, 100.0540, 100.0646, 100.0776,
         100.0934, 100.1128, 100.1367, 100.1666, 100.2046, 100.2529, 100.3143,
         100.3933, 100.4988, 100.6687, 100.9177, 101.1863, 101.5257, 101.9732,
         102.5650, 103.3590, 104.4258, 105.8474, 107.7279, 110.1982, 113.3726,
         117.1946, 121.3241, 125.0763, 127.7234, 129.1691, 129.9730, 130.6523,
         131.3068, 131.8482, 132.3315, 132.7422, 133.1149, 133.4179, 133.7061,
         133.9356, 134.1481, 134.3185, 134.4698, 134.5953, 134.6944, 134.7818,
         134.8536, 134.9093, 134.9552, 134.9892, 135.0169, 135.0412, 135.0551,
         135.0713, 135.0823, 135.0907]], dtype=torch.float64), 'xCO2': tensor([[9.5050e-01, 8.7343e-01, 7.0604e-01, 5.2685e-01, 3.3925e-01, 1.8222e-01,
         8.8025e-02, 3.8569e-02, 1.5120e-02, 5.8835e-03, 1.9486e-03, 6.6963e-04,
         2.0001e-04, 5.2379e-05, 1.7732e-05, 1.3224e-05, 1.4868e-05, 1.8389e-05,
         2.3037e-05, 2.9015e-05, 3.6596e-05, 4.6116e-05, 5.8066e-05, 7.3061e-05,
         9.1874e-05, 1.1603e-04, 1.4674e-04, 1.8549e-04, 2.3441e-04, 2.9625e-04,
         3.7452e-04, 4.7671e-04, 6.0854e-04, 7.7841e-04, 9.9861e-04, 1.2864e-03,
         1.6656e-03, 2.1717e-03, 2.8282e-03, 3.6802e-03, 4.7882e-03, 6.2317e-03,
         8.1515e-03, 1.0723e-02, 1.4109e-02, 1.8560e-02, 2.4388e-02, 3.2375e-02,
         4.2921e-02, 5.6731e-02, 7.5467e-02, 9.9755e-02, 1.3061e-01, 1.6807e-01,
         2.1149e-01, 2.6019e-01, 3.1292e-01, 3.6806e-01, 4.2385e-01, 4.7877e-01,
         5.3118e-01, 5.8050e-01, 6.2544e-01, 6.6633e-01, 7.0264e-01, 7.3480e-01,
         7.6304e-01, 7.8758e-01, 8.0911e-01, 8.2759e-01, 8.4389e-01, 8.5802e-01,
         8.6053e-01, 8.6053e-01, 8.6053e-01, 8.6053e-01, 8.6053e-01, 8.6053e-01,
         8.6053e-01, 8.6053e-01]], dtype=torch.float64), 'xH2O': tensor([[7.4986e-07, 4.5596e-07, 1.7217e-07, 6.1610e-08, 1.8290e-08, 4.4966e-09,
         9.2486e-10, 1.5323e-10, 9.2918e-12, 7.0154e-13, 6.3675e-13, 5.2646e-13,
         4.0430e-13, 2.0661e-13, 1.2238e-13, 1.1425e-13, 1.1024e-13, 1.0261e-13,
         9.2992e-14, 8.2843e-14, 7.3031e-14, 6.3913e-14, 5.5527e-14, 4.7833e-14,
         4.1104e-14, 3.5852e-14, 3.1953e-14, 2.9050e-14, 2.6871e-14, 2.5236e-14,
         2.4052e-14, 2.3324e-14, 2.3018e-14, 2.3140e-14, 2.3733e-14, 2.4871e-14,
         2.6661e-14, 2.9539e-14, 3.3807e-14, 3.9809e-14, 4.8576e-14, 6.2039e-14,
         8.5191e-14, 1.3000e-13, 2.2166e-13, 4.3447e-13, 1.0292e-12, 4.3015e-12,
         1.7211e-11, 3.7629e-11, 5.8985e-11, 8.0919e-11, 1.0238e-10, 1.2143e-10,
         1.3634e-10, 1.4574e-10, 1.4915e-10, 1.4682e-10, 1.3958e-10, 1.2913e-10,
         1.1690e-10, 1.0440e-10, 9.2818e-11, 8.2669e-11, 7.4513e-11, 6.8386e-11,
         6.4361e-11, 6.2562e-11, 6.2817e-11, 6.5611e-11, 7.0751e-11, 7.8819e-11,
         8.0519e-11, 8.0519e-11, 8.0519e-11, 8.0519e-11, 8.0519e-11, 8.0519e-11,
         8.0519e-11, 8.0519e-11]], dtype=torch.float64), 'xSO2': tensor([[1.5441e-02, 1.1815e-02, 7.1953e-03, 4.0738e-03, 2.0007e-03, 8.4350e-04,
         3.0731e-04, 9.6060e-05, 2.4846e-05, 6.5754e-06, 1.2706e-06, 2.7614e-07,
         4.6899e-08, 6.0393e-09, 1.1780e-09, 6.5429e-10, 6.7880e-10, 8.2266e-10,
         1.0233e-09, 1.2856e-09, 1.6202e-09, 2.0415e-09, 2.5711e-09, 3.2364e-09,
         4.0721e-09, 5.1473e-09, 6.5170e-09, 8.2504e-09, 1.0447e-08, 1.3234e-08,
         1.6782e-08, 2.1452e-08, 2.7539e-08, 3.5481e-08, 4.5940e-08, 5.9901e-08,
         7.8997e-08, 1.0869e-07, 1.5353e-07, 2.2030e-07, 3.2321e-07, 4.7701e-07,
         6.8505e-07, 9.7021e-07, 1.3593e-06, 1.8938e-06, 2.6275e-06, 3.6953e-06,
         5.1904e-06, 7.2765e-06, 1.0362e-05, 1.4738e-05, 2.0884e-05, 2.9074e-05,
         3.9223e-05, 5.1032e-05, 6.3818e-05, 7.6659e-05, 8.8304e-05, 9.7737e-05,
         1.0358e-04, 1.0575e-04, 1.0344e-04, 9.7753e-05, 8.9166e-05, 7.8998e-05,
         6.8270e-05, 5.7986e-05, 4.8712e-05, 4.1118e-05, 3.5179e-05, 3.1207e-05,
         3.0592e-05, 3.0592e-05, 3.0592e-05, 3.0592e-05, 3.0592e-05, 3.0592e-05,
         3.0592e-05, 3.0592e-05]], dtype=torch.float64), 'xH2SO4aer': tensor([[6.9895e-08, 7.8529e-08, 9.6976e-08, 1.1673e-07, 1.4111e-07, 1.7252e-07,
         2.3010e-07, 6.0976e-07, 1.2387e-06, 1.8888e-07, 3.7713e-10, 5.2450e-11,
         2.1682e-12, 6.5622e-15, 1.5883e-15, 1.3590e-15, 1.5340e-15, 1.8281e-15,
         2.1958e-15, 2.6499e-15, 3.2056e-15, 3.8732e-15, 4.6162e-15, 5.2350e-15,
         5.3785e-15, 4.8356e-15, 3.8940e-15, 2.8908e-15, 2.0211e-15, 1.3551e-15,
         8.8499e-16, 5.8257e-16, 3.8769e-16, 2.6263e-16, 1.8340e-16, 1.3400e-16,
         1.0421e-16, 8.8505e-17, 8.2327e-17, 8.3910e-17, 9.2401e-17, 1.0784e-16,
         1.3156e-16, 1.6554e-16, 2.1162e-16, 2.7285e-16, 3.5201e-16, 4.4748e-16,
         4.9773e-16, 3.4994e-16, 1.8102e-16, 1.0528e-16, 7.5981e-17, 6.0126e-17,
         4.5345e-17, 3.0531e-17, 1.8202e-17, 9.6314e-18, 4.6036e-18, 1.9417e-18,
         7.8264e-19, 2.7489e-19, 1.0149e-19, 3.3697e-20, 1.1953e-20, 4.1812e-21,
         1.5450e-21, 6.1595e-22, 2.4624e-22, 1.0576e-22, 3.8033e-23, 8.6101e-24,
         4.7346e-24, 4.7346e-24, 4.7346e-24, 4.7346e-24, 4.7346e-24, 4.7346e-24,
         4.7346e-24, 4.7346e-24]], dtype=torch.float64), 'xS8aer': tensor([[2.1180e-34, 4.3041e-34, 7.7381e-32, 1.3211e-26, 1.3146e-22, 2.0375e-21,
         3.9217e-21, 4.4247e-21, 8.4631e-21, 1.1104e-21, 5.3197e-27, 5.5348e-29,
         6.4006e-31, 1.0966e-33, 2.2269e-35, 4.9915e-36, 5.2590e-36, 6.3319e-36,
         7.7179e-36, 9.4557e-36, 1.1610e-35, 1.4260e-35, 1.7522e-35, 2.1540e-35,
         2.6490e-35, 3.2728e-35, 4.0524e-35, 5.0217e-35, 6.2293e-35, 7.7380e-35,
         9.6293e-35, 1.2076e-34, 1.5212e-34, 1.9232e-34, 2.4419e-34, 3.1166e-34,
         4.0008e-34, 5.1724e-34, 6.6804e-34, 8.6132e-34, 1.1060e-33, 1.4069e-33,
         1.7379e-33, 1.8843e-33, 1.1002e-33, 1.1974e-34, 1.0000e-40, 1.0000e-40,
         1.0000e-40, 1.0000e-40, 1.0000e-40, 1.0000e-40, 1.0000e-40, 1.0000e-40,
         1.0000e-40, 1.0000e-40, 1.0000e-40, 1.0000e-40, 1.0000e-40, 1.0000e-40,
         1.0000e-40, 1.0000e-40, 1.0000e-40, 1.0000e-40, 1.0000e-40, 1.0000e-40,
         1.0000e-40, 1.0000e-40, 1.0000e-40, 1.0000e-40, 1.0000e-40, 1.0000e-40,
         1.0000e-40, 1.0000e-40, 1.0000e-40, 1.0000e-40, 1.0000e-40, 1.0000e-40,
         1.0000e-40, 1.0000e-40]], dtype=torch.float64)}"
1.2312e+06,222.174,0,"{'pres': tensor([[5.3000e+04, 4.2137e+04, 3.3501e+04, 2.6635e+04, 2.1176e+04, 1.6836e+04,
         1.3385e+04, 1.0642e+04, 8.4606e+03, 6.7265e+03, 5.3479e+03, 4.2518e+03,
         3.3803e+03, 2.6875e+03, 2.1367e+03, 1.6988e+03, 1.3506e+03, 1.0738e+03,
         8.5370e+02, 6.7873e+02, 5.3962e+02, 4.2902e+02, 3.4109e+02, 2.7118e+02,
         2.1560e+02, 1.7141e+02, 1.3628e+02, 1.0835e+02, 8.6141e+01, 6.8485e+01,
         5.4449e+01, 4.3289e+01, 3.4417e+01, 2.7363e+01, 2.1755e+01, 1.7296e+01,
         1.3751e+01, 1.0933e+01, 8.6918e+00, 6.9104e+00, 5.4941e+00, 4.3680e+00,
         3.4728e+00, 2.7610e+00, 2.1951e+00, 1.7452e+00, 1.3875e+00, 1.1031e+00,
         8.7703e-01, 6.9728e-01, 5.5437e-01, 4.4075e-01, 3.5041e-01, 2.7859e-01,
         2.2149e-01, 1.7610e-01, 1.4000e-01, 1.1131e-01, 8.8495e-02, 7.0358e-02,
         5.5937e-02, 4.4473e-02, 3.5358e-02, 2.8111e-02, 2.2349e-02, 1.7769e-02,
         1.4127e-02, 1.1231e-02, 8.9295e-03, 7.0993e-03, 5.6442e-03, 4.4874e-03,
         3.5677e-03, 2.8365e-03, 2.2551e-03, 1.7929e-03, 1.4254e-03, 1.1333e-03,
         9.0101e-04, 7.1634e-04]], dtype=torch.float64), 'temp': tensor([[191.9782, 186.2537, 180.2440, 173.7570, 166.7930, 159.4491, 151.9475,
         144.5205, 137.3290, 130.4484, 123.9039, 117.6791, 111.7924, 106.1500,
         100.8390, 100.0284, 100.0194, 100.0190, 100.0201, 100.0222, 100.0249,
         100.0285, 100.0331, 100.0388, 100.0458, 100.0545, 100.0653, 100.0784,
         100.0944, 100.1141, 100.1384, 100.1688, 100.2075, 100.2566, 100.3192,
         100.3997, 100.5072, 100.6798, 100.9326, 101.2062, 101.5523, 102.0090,
         102.6131, 103.4240, 104.5130, 105.9633, 107.8798, 110.3943, 113.6133,
         117.4648, 121.5891, 125.2828, 127.8432, 129.2254, 130.0097, 130.6871,
         131.3362, 131.8717, 132.3517, 132.7597, 133.1298, 133.4311, 133.7179,
         133.9461, 134.1576, 134.3272, 134.4776, 134.6028, 134.7012, 134.7886,
         134.8597, 134.9154, 134.9607, 134.9948, 135.0222, 135.0464, 135.0602,
         135.0764, 135.0872, 135.0957]], dtype=torch.float64), 'xCO2': tensor([[9.5062e-01, 8.7379e-01, 7.0679e-01, 5.2784e-01, 3.4035e-01, 1.8293e-01,
         8.8411e-02, 3.8758e-02, 1.5192e-02, 5.9156e-03, 1.9613e-03, 6.7388e-04,
         2.0113e-04, 5.2814e-05, 1.7868e-05, 1.3252e-05, 1.4872e-05, 1.8389e-05,
         2.3035e-05, 2.9018e-05, 3.6599e-05, 4.6119e-05, 5.8069e-05, 7.3064e-05,
         9.1878e-05, 1.1606e-04, 1.4678e-04, 1.8554e-04, 2.3449e-04, 2.9636e-04,
         3.7470e-04, 4.7710e-04, 6.0915e-04, 7.7938e-04, 1.0002e-03, 1.2890e-03,
         1.6697e-03, 2.1783e-03, 2.8375e-03, 3.6931e-03, 4.8056e-03, 6.2545e-03,
         8.1837e-03, 1.0764e-02, 1.4159e-02, 1.8621e-02, 2.4458e-02, 3.2470e-02,
         4.3026e-02, 5.6844e-02, 7.5619e-02, 9.9877e-02, 1.3068e-01, 1.6795e-01,
         2.1116e-01, 2.5955e-01, 3.1198e-01, 3.6679e-01, 4.2228e-01, 4.7693e-01,
         5.2910e-01, 5.7821e-01, 6.2302e-01, 6.6377e-01, 7.0002e-01, 7.3208e-01,
         7.6028e-01, 7.8473e-01, 8.0621e-01, 8.2462e-01, 8.4084e-01, 8.5491e-01,
         8.5715e-01, 8.5715e-01, 8.5715e-01, 8.5715e-01, 8.5715e-01, 8.5715e-01,
         8.5715e-01, 8.5715e-01]], dtype=torch.float64), 'xH2O': tensor([[7.5221e-07, 4.5754e-07, 1.7293e-07, 6.1939e-08, 1.8406e-08, 4.5293e-09,
         9.3252e-10, 1.5473e-10, 9.3868e-12, 7.1004e-13, 6.3749e-13, 5.2783e-13,
         4.0672e-13, 2.0861e-13, 1.2343e-13, 1.1511e-13, 1.1122e-13, 1.0371e-13,
         9.4176e-14, 8.4067e-14, 7.4268e-14, 6.5151e-14, 5.6792e-14, 4.9150e-14,
         4.2428e-14, 3.7094e-14, 3.3068e-14, 3.0044e-14, 2.7762e-14, 2.6045e-14,
         2.4796e-14, 2.4019e-14, 2.3672e-14, 2.3763e-14, 2.4334e-14, 2.5461e-14,
         2.7251e-14, 3.0153e-14, 3.4469e-14, 4.0568e-14, 4.9520e-14, 6.3334e-14,
         8.7332e-14, 1.3398e-13, 2.3013e-13, 4.5564e-13, 1.0946e-12, 4.7038e-12,
         1.8287e-11, 3.9200e-11, 6.1066e-11, 8.3463e-11, 1.0525e-10, 1.2456e-10,
         1.3957e-10, 1.4903e-10, 1.5233e-10, 1.4986e-10, 1.4237e-10, 1.3168e-10,
         1.1916e-10, 1.0639e-10, 9.4553e-11, 8.4195e-11, 7.5841e-11, 6.9580e-11,
         6.5436e-11, 6.3589e-11, 6.3823e-11, 6.6654e-11, 7.1897e-11, 8.0098e-11,
         8.1639e-11, 8.1639e-11, 8.1639e-11, 8.1639e-11, 8.1639e-11, 8.1639e-11,
         8.1639e-11, 8.1639e-11]], dtype=torch.float64), 'xSO2': tensor([[1.5471e-02, 1.1840e-02, 7.2154e-03, 4.0880e-03, 2.0092e-03, 8.4771e-04,
         3.0907e-04, 9.6694e-05, 2.4995e-05, 6.6245e-06, 1.2827e-06, 2.7866e-07,
         4.7238e-08, 6.1150e-09, 1.1914e-09, 6.5631e-10, 6.7887e-10, 8.2239e-10,
         1.0229e-09, 1.2853e-09, 1.6198e-09, 2.0410e-09, 2.5705e-09, 3.2358e-09,
         4.0715e-09, 5.1478e-09, 6.5179e-09, 8.2520e-09, 1.0450e-08, 1.3239e-08,
         1.6791e-08, 2.1473e-08, 2.7574e-08, 3.5540e-08, 4.6039e-08, 6.0069e-08,
         7.9285e-08, 1.0929e-07, 1.5465e-07, 2.2239e-07, 3.2709e-07, 4.8271e-07,
         6.9352e-07, 9.8251e-07, 1.3770e-06, 1.9186e-06, 2.6618e-06, 3.7450e-06,
         5.2572e-06, 7.3652e-06, 1.0489e-05, 1.4899e-05, 2.1088e-05, 2.9276e-05,
         3.9406e-05, 5.1139e-05, 6.3825e-05, 7.6545e-05, 8.8050e-05, 9.7384e-05,
         1.0312e-04, 1.0522e-04, 1.0293e-04, 9.7255e-05, 8.8735e-05, 7.8625e-05,
         6.7965e-05, 5.7748e-05, 4.8530e-05, 4.0986e-05, 3.5102e-05, 3.1157e-05,
         3.0606e-05, 3.0606e-05, 3.0606e-05, 3.0606e-05, 3.0606e-05, 3.0606e-05,
         3.0606e-05, 3.0606e-05]], dtype=torch.float64), 'xH2SO4aer': tensor([[6.9897e-08, 7.8532e-08, 9.6982e-08, 1.1675e-07, 1.4115e-07, 1.7263e-07,
         2.3083e-07, 6.1715e-07, 1.2328e-06, 1.8210e-07, 3.8062e-10, 5.3261e-11,
         2.1980e-12, 6.2560e-15, 1.4050e-15, 1.1939e-15, 1.3459e-15, 1.6038e-15,
         1.9263e-15, 2.3250e-15, 2.8128e-15, 3.4003e-15, 4.0630e-15, 4.6436e-15,
         4.8384e-15, 4.4202e-15, 3.6112e-15, 2.7119e-15, 1.9129e-15, 1.2910e-15,
         8.4696e-16, 5.5931e-16, 3.7273e-16, 2.5275e-16, 1.7675e-16, 1.2954e-16,
         1.0133e-16, 8.6897e-17, 8.1786e-17, 8.4369e-17, 9.3877e-17, 1.1042e-16,
         1.3548e-16, 1.7108e-16, 2.1917e-16, 2.8292e-16, 3.6509e-16, 4.6300e-16,
         5.0786e-16, 3.5111e-16, 1.8372e-16, 1.0880e-16, 7.9847e-17, 6.3315e-17,
         4.7657e-17, 3.1961e-17, 1.9022e-17, 1.0025e-17, 4.7968e-18, 2.0109e-18,
         8.1406e-19, 2.8706e-19, 1.0539e-19, 3.5168e-20, 1.2388e-20, 4.3587e-21,
         1.5990e-21, 6.4169e-22, 2.5614e-22, 1.1034e-22, 3.9962e-23, 9.0112e-24,
         5.3021e-24, 5.3021e-24, 5.3021e-24, 5.3021e-24, 5.3021e-24, 5.3021e-24,
         5.3021e-24, 5.3021e-24]], dtype=torch.float64), 'xS8aer': tensor([[2.1183e-34, 4.3052e-34, 8.2382e-32, 1.3657e-26, 1.3230e-22, 2.0413e-21,
         3.9570e-21, 4.4867e-21, 8.4062e-21, 1.0661e-21, 4.9004e-27, 5.6912e-29,
         6.5296e-31, 1.1359e-33, 2.3033e-35, 5.1494e-36, 5.3863e-36, 6.4423e-36,
         7.7991e-36, 9.4870e-36, 1.1563e-35, 1.4101e-35, 1.7212e-35, 2.1032e-35,
         2.5733e-35, 3.1661e-35, 3.9070e-35, 4.8294e-35, 5.9803e-35, 7.4200e-35,
         9.2259e-35, 1.1565e-34, 1.4558e-34, 1.8392e-34, 2.3335e-34, 2.9763e-34,
         3.8187e-34, 4.9368e-34, 6.3783e-34, 8.2329e-34, 1.0590e-33, 1.3493e-33,
         1.6643e-33, 1.7703e-33, 8.7537e-34, 4.5849e-35, 1.0000e-40, 1.0000e-40,
         1.0000e-40, 1.0000e-40, 1.0000e-40, 1.0000e-40, 1.0000e-40, 1.0000e-40,
         1.0000e-40, 1.0000e-40, 1.0000e-40, 1.0000e-40, 1.0000e-40, 1.0000e-40,
         1.0000e-40, 1.0000e-40, 1.0000e-40, 1.0000e-40, 1.0000e-40, 1.0000e-40,
         1.0000e-40, 1.0000e-40, 1.0000e-40, 1.0000e-40, 1.0000e-40, 1.0000e-40,
         1.0000e-40, 1.0000e-40, 1.0000e-40, 1.0000e-40, 1.0000e-40, 1.0000e-40,
         1.0000e-40, 1.0000e-40]], dtype=torch.float64)}"
1.2528e+06,222.18,0,"{'pres': tensor([[5.3000e+04, 4.2137e+04, 3.3501e+04, 2.6635e+04, 2.1176e+04, 1.6836e+04,
         1.3385e+04, 1.0642e+04, 8.4606e+03, 6.7265e+03, 5.3479e+03, 4.2518e+03,
         3.3803e+03, 2.6875e+03, 2.1367e+03, 1.6988e+03, 1.3506e+03, 1.0738e+03,
         8.5370e+02, 6.7873e+02, 5.3962e+02, 4.2902e+02, 3.4109e+02, 2.7118e+02,
         2.1560e+02, 1.7141e+02, 1.3628e+02, 1.0835e+02, 8.6141e+01, 6.8485e+01,
         5.4449e+01, 4.3289e+01, 3.4417e+01, 2.7363e+01, 2.1755e+01, 1.7296e+01,
         1.3751e+01, 1.0933e+01, 8.6918e+00, 6.9104e+00, 5.4941e+00, 4.3680e+00,
         3.4728e+00, 2.7610e+00, 2.1951e+00, 1.7452e+00, 1.3875e+00, 1.1031e+00,
         8.7703e-01, 6.9728e-01, 5.5437e-01, 4.4075e-01, 3.5041e-01, 2.7859e-01,
         2.2149e-01, 1.7610e-01, 1.4000e-01, 1.1131e-01, 8.8495e-02, 7.0358e-02,
         5.5937e-02, 4.4473e-02, 3.5358e-02, 2.8111e-02, 2.2349e-02, 1.7769e-02,
         1.4127e-02, 1.1231e-02, 8.9295e-03, 7.0993e-03, 5.6442e-03, 4.4874e-03,
         3.5677e-03, 2.8365e-03, 2.2551e-03, 1.7929e-03, 1.4254e-03, 1.1333e-03,
         9.0101e-04, 7.1634e-04]], dtype=torch.float64), 'temp': tensor([[191.9966, 186.2745, 180.2677, 173.7841, 166.8232, 159.4813, 151.9802,
         144.5527, 137.3599, 130.4780, 123.9320, 117.7058, 111.8177, 106.1740,
         100.8618, 100.0288, 100.0194, 100.0191, 100.0202, 100.0223, 100.0251,
         100.0287, 100.0334, 100.0391, 100.0462, 100.0550, 100.0659, 100.0792,
         100.0955, 100.1155, 100.1401, 100.1711, 100.2104, 100.2604, 100.3240,
         100.4061, 100.5156, 100.6910, 100.9475, 101.2261, 101.5791, 102.0450,
         102.6616, 103.4893, 104.6006, 106.0798, 108.0322, 110.5904, 113.8529,
         117.7321, 121.8477, 125.4809, 127.9560, 129.2785, 130.0456, 130.7213,
         131.3647, 131.8947, 132.3714, 132.7767, 133.1444, 133.4440, 133.7293,
         133.9563, 134.1668, 134.3357, 134.4852, 134.6102, 134.7077, 134.7951,
         134.8655, 134.9213, 134.9661, 135.0001, 135.0272, 135.0514, 135.0652,
         135.0812, 135.0920, 135.1004]], dtype=torch.float64), 'xCO2': tensor([[9.5074e-01, 8.7413e-01, 7.0754e-01, 5.2883e-01, 3.4145e-01, 1.8364e-01,
         8.8798e-02, 3.8948e-02, 1.5265e-02, 5.9479e-03, 1.9741e-03, 6.7815e-04,
         2.0224e-04, 5.3253e-05, 1.8005e-05, 1.3281e-05, 1.4875e-05, 1.8389e-05,
         2.3034e-05, 2.9021e-05, 3.6602e-05, 4.6122e-05, 5.8072e-05, 7.3068e-05,
         9.1883e-05, 1.1609e-04, 1.4681e-04, 1.8559e-04, 2.3457e-04, 2.9648e-04,
         3.7488e-04, 4.7749e-04, 6.0976e-04, 7.8036e-04, 1.0018e-03, 1.2916e-03,
         1.6741e-03, 2.1849e-03, 2.8468e-03, 3.7059e-03, 4.8229e-03, 6.2773e-03,
         8.2157e-03, 1.0805e-02, 1.4209e-02, 1.8681e-02, 2.4531e-02, 3.2564e-02,
         4.3129e-02, 5.6954e-02, 7.5766e-02, 9.9992e-02, 1.3074e-01, 1.6782e-01,
         2.1082e-01, 2.5890e-01, 3.1104e-01, 3.6552e-01, 4.2070e-01, 4.7510e-01,
         5.2703e-01, 5.7591e-01, 6.2061e-01, 6.6121e-01, 6.9740e-01, 7.2935e-01,
         7.5751e-01, 7.8187e-01, 8.0327e-01, 8.2164e-01, 8.3778e-01, 8.5179e-01,
         8.5377e-01, 8.5377e-01, 8.5377e-01, 8.5377e-01, 8.5377e-01, 8.5377e-01,
         8.5377e-01, 8.5377e-01]], dtype=torch.float64), 'xH2O': tensor([[7.5457e-07, 4.5911e-07, 1.7369e-07, 6.2270e-08, 1.8522e-08, 4.5622e-09,
         9.4025e-10, 1.5624e-10, 9.4864e-12, 7.1878e-13, 6.3821e-13, 5.2917e-13,
         4.0912e-13, 2.1060e-13, 1.2446e-13, 1.1596e-13, 1.1219e-13, 1.0480e-13,
         9.5344e-14, 8.5277e-14, 7.5492e-14, 6.6376e-14, 5.8033e-14, 5.0431e-14,
         4.3717e-14, 3.8315e-14, 3.4175e-14, 3.1037e-14, 2.8656e-14, 2.6858e-14,
         2.5544e-14, 2.4718e-14, 2.4331e-14, 2.4390e-14, 2.4940e-14, 2.6055e-14,
         2.7848e-14, 3.0771e-14, 3.5135e-14, 4.1334e-14, 5.0475e-14, 6.4648e-14,
         8.9525e-14, 1.3808e-13, 2.3893e-13, 4.7790e-13, 1.1700e-12, 5.1398e-12,
         1.9400e-11, 4.0784e-11, 6.3149e-11, 8.6018e-11, 1.0814e-10, 1.2772e-10,
         1.4280e-10, 1.5233e-10, 1.5551e-10, 1.5292e-10, 1.4517e-10, 1.3423e-10,
         1.2142e-10, 1.0840e-10, 9.6305e-11, 8.5739e-11, 7.7191e-11, 7.0799e-11,
         6.6538e-11, 6.4646e-11, 6.4881e-11, 6.7737e-11, 7.3090e-11, 8.1430e-11,
         8.2811e-11, 8.2811e-11, 8.2811e-11, 8.2811e-11, 8.2811e-11, 8.2811e-11,
         8.2811e-11, 8.2811e-11]], dtype=torch.float64), 'xSO2': tensor([[1.5501e-02, 1.1866e-02, 7.2356e-03, 4.1022e-03, 2.0178e-03, 8.5194e-04,
         3.1083e-04, 9.7331e-05, 2.5145e-05, 6.6740e-06, 1.2948e-06, 2.8121e-07,
         4.7576e-08, 6.1915e-09, 1.2050e-09, 6.5835e-10, 6.7894e-10, 8.2213e-10,
         1.0225e-09, 1.2850e-09, 1.6194e-09, 2.0405e-09, 2.5700e-09, 3.2352e-09,
         4.0709e-09, 5.1482e-09, 6.5187e-09, 8.2536e-09, 1.0452e-08, 1.3244e-08,
         1.6800e-08, 2.1494e-08, 2.7609e-08, 3.5599e-08, 4.6139e-08, 6.0239e-08,
         7.9596e-08, 1.0990e-07, 1.5578e-07, 2.2452e-07, 3.3102e-07, 4.8846e-07,
         7.0205e-07, 9.9485e-07, 1.3946e-06, 1.9435e-06, 2.6965e-06, 3.7943e-06,
         5.3234e-06, 7.4530e-06, 1.0614e-05, 1.5056e-05, 2.1285e-05, 2.9469e-05,
         3.9577e-05, 5.1234e-05, 6.3820e-05, 7.6420e-05, 8.7786e-05, 9.7021e-05,
         1.0266e-04, 1.0468e-04, 1.0241e-04, 9.6746e-05, 8.8293e-05, 7.8241e-05,
         6.7649e-05, 5.7498e-05, 4.8349e-05, 4.0845e-05, 3.5016e-05, 3.1098e-05,
         3.0612e-05, 3.0612e-05, 3.0612e-05, 3.0612e-05, 3.0612e-05, 3.0612e-05,
         3.0612e-05, 3.0612e-05]], dtype=torch.float64), 'xH2SO4aer': tensor([[6.9898e-08, 7.8535e-08, 9.6989e-08, 1.1676e-07, 1.4118e-07, 1.7273e-07,
         2.3156e-07, 6.2448e-07, 1.2267e-06, 1.7559e-07, 3.8416e-10, 5.4079e-11,
         2.2278e-12, 6.0101e-15, 1.2459e-15, 1.0509e-15, 1.1831e-15, 1.4095e-15,
         1.6930e-15, 2.0437e-15, 2.4726e-15, 2.9901e-15, 3.5806e-15, 4.1202e-15,
         4.3483e-15, 4.0334e-15, 3.3422e-15, 2.5391e-15, 1.8072e-15, 1.2278e-15,
         8.0941e-16, 5.3634e-16, 3.5805e-16, 2.4313e-16, 1.7036e-16, 1.2533e-16,
         9.8727e-17, 8.5528e-17, 8.1483e-17, 8.5076e-17, 9.5622e-17, 1.1331e-16,
         1.3977e-16, 1.7705e-16, 2.2725e-16, 2.9365e-16, 3.7903e-16, 4.7932e-16,
         5.1795e-16, 3.5205e-16, 1.8655e-16, 1.1248e-16, 8.3845e-17, 6.6600e-17,
         5.0018e-17, 3.3413e-17, 1.9854e-17, 1.0420e-17, 4.9918e-18, 2.0798e-18,
         8.4571e-19, 2.9943e-19, 1.0932e-19, 3.6671e-20, 1.2827e-20, 4.5411e-21,
         1.6539e-21, 6.6831e-22, 2.6785e-22, 1.1509e-22, 4.1968e-23, 9.4090e-24,
         5.9040e-24, 5.9040e-24, 5.9040e-24, 5.9040e-24, 5.9040e-24, 5.9040e-24,
         5.9040e-24, 5.9040e-24]], dtype=torch.float64), 'xS8aer': tensor([[2.1186e-34, 4.3062e-34, 8.7623e-32, 1.4110e-26, 1.3313e-22, 2.0451e-21,
         3.9921e-21, 4.5482e-21, 8.3476e-21, 1.0238e-21, 4.5726e-27, 5.8518e-29,
         6.6593e-31, 1.1766e-33, 2.3903e-35, 5.4175e-36, 5.6686e-36, 6.7766e-36,
         8.2006e-36, 9.9735e-36, 1.2152e-35, 1.4815e-35, 1.8077e-35, 2.2082e-35,
         2.7007e-35, 3.3221e-35, 4.0978e-35, 5.0628e-35, 6.2662e-35, 7.7704e-35,
         9.6558e-35, 1.2098e-34, 1.5217e-34, 1.9208e-34, 2.4347e-34, 3.1021e-34,
         3.9757e-34, 5.1304e-34, 6.6121e-34, 8.5072e-34, 1.0897e-33, 1.3805e-33,
         1.6852e-33, 1.7440e-33, 7.3487e-34, 1.0000e-40, 1.0000e-40, 1.0000e-40,
         1.0000e-40, 1.0000e-40, 1.0000e-40, 1.0000e-40, 1.0000e-40, 1.0000e-40,
         1.0000e-40, 1.0000e-40, 1.0000e-40, 1.0000e-40, 1.0000e-40, 1.0000e-40,
         1.0000e-40, 1.0000e-40, 1.0000e-40, 1.0000e-40, 1.0000e-40, 1.0000e-40,
         1.0000e-40, 1.0000e-40, 1.0000e-40, 1.0000e-40, 1.0000e-40, 1.0000e-40,
         1.0000e-40, 1.0000e-40, 1.0000e-40, 1.0000e-40, 1.0000e-40, 1.0000e-40,
         1.0000e-40, 1.0000e-40]], dtype=torch.float64)}"
1.2744e+06,222.187,0,"{'pres': tensor([[5.3000e+04, 4.2137e+04, 3.3501e+04, 2.6635e+04, 2.1176e+04, 1.6836e+04,
         1.3385e+04, 1.0642e+04, 8.4606e+03, 6.7265e+03, 5.3479e+03, 4.2518e+03,
         3.3803e+03, 2.6875e+03, 2.1367e+03, 1.6988e+03, 1.3506e+03, 1.0738e+03,
         8.5370e+02, 6.7873e+02, 5.3962e+02, 4.2902e+02, 3.4109e+02, 2.7118e+02,
         2.1560e+02, 1.7141e+02, 1.3628e+02, 1.0835e+02, 8.6141e+01, 6.8485e+01,
         5.4449e+01, 4.3289e+01, 3.4417e+01, 2.7363e+01, 2.1755e+01, 1.7296e+01,
         1.3751e+01, 1.0933e+01, 8.6918e+00, 6.9104e+00, 5.4941e+00, 4.3680e+00,
         3.4728e+00, 2.7610e+00, 2.1951e+00, 1.7452e+00, 1.3875e+00, 1.1031e+00,
         8.7703e-01, 6.9728e-01, 5.5437e-01, 4.4075e-01, 3.5041e-01, 2.7859e-01,
         2.2149e-01, 1.7610e-01, 1.4000e-01, 1.1131e-01, 8.8495e-02, 7.0358e-02,
         5.5937e-02, 4.4473e-02, 3.5358e-02, 2.8111e-02, 2.2349e-02, 1.7769e-02,
         1.4127e-02, 1.1231e-02, 8.9295e-03, 7.0993e-03, 5.6442e-03, 4.4874e-03,
         3.5677e-03, 2.8365e-03, 2.2551e-03, 1.7929e-03, 1.4254e-03, 1.1333e-03,
         9.0101e-04, 7.1634e-04]], dtype=torch.float64), 'temp': tensor([[192.0151, 186.2953, 180.2914, 173.8111, 166.8533, 159.5134, 152.0130,
         144.5849, 137.3909, 130.5075, 123.9601, 117.7324, 111.8431, 106.1981,
         100.8847, 100.0291, 100.0195, 100.0192, 100.0203, 100.0224, 100.0252,
         100.0289, 100.0336, 100.0395, 100.0466, 100.0555, 100.0666, 100.0801,
         100.0966, 100.1168, 100.1419, 100.1733, 100.2133, 100.2641, 100.3289,
         100.4125, 100.5241, 100.7022, 100.9624, 101.2462, 101.6060, 102.0812,
         102.7103, 103.5550, 104.6886, 106.1968, 108.1849, 110.7865, 114.0912,
         117.9960, 122.1000, 125.6707, 128.0621, 129.3287, 130.0808, 130.7549,
         131.3924, 131.9170, 132.3907, 132.7934, 133.1587, 133.4566, 133.7405,
         133.9662, 134.1757, 134.3439, 134.4927, 134.6173, 134.7141, 134.8014,
         134.8711, 134.9270, 134.9712, 135.0053, 135.0321, 135.0563, 135.0699,
         135.0859, 135.0966, 135.1049]], dtype=torch.float64), 'xCO2': tensor([[9.5086e-01, 8.7448e-01, 7.0827e-01, 5.2981e-01, 3.4255e-01, 1.8436e-01,
         8.9187e-02, 3.9139e-02, 1.5345e-02, 5.9803e-03, 1.9870e-03, 6.8245e-04,
         2.0336e-04, 5.3694e-05, 1.8142e-05, 1.3309e-05, 1.4879e-05, 1.8388e-05,
         2.3033e-05, 2.9024e-05, 3.6605e-05, 4.6125e-05, 5.8076e-05, 7.3071e-05,
         9.1887e-05, 1.1612e-04, 1.4685e-04, 1.8564e-04, 2.3464e-04, 2.9659e-04,
         3.7506e-04, 4.7788e-04, 6.1038e-04, 7.8135e-04, 1.0034e-03, 1.2942e-03,
         1.6788e-03, 2.1916e-03, 2.8562e-03, 3.7187e-03, 4.8401e-03, 6.2998e-03,
         8.2474e-03, 1.0845e-02, 1.4258e-02, 1.8740e-02, 2.4611e-02, 3.2656e-02,
         4.3230e-02, 5.7062e-02, 7.5907e-02, 1.0010e-01, 1.3079e-01, 1.6767e-01,
         2.1047e-01, 2.5825e-01, 3.1009e-01, 3.6425e-01, 4.1913e-01, 4.7326e-01,
         5.2495e-01, 5.7362e-01, 6.1819e-01, 6.5865e-01, 6.9477e-01, 7.2661e-01,
         7.5472e-01, 7.7900e-01, 8.0032e-01, 8.1864e-01, 8.3470e-01, 8.4866e-01,
         8.5037e-01, 8.5037e-01, 8.5037e-01, 8.5037e-01, 8.5037e-01, 8.5037e-01,
         8.5037e-01, 8.5037e-01]], dtype=torch.float64), 'xH2O': tensor([[7.5694e-07, 4.6070e-07, 1.7446e-07, 6.2603e-08, 1.8640e-08, 4.5954e-09,
         9.4802e-10, 1.5776e-10, 9.6643e-12, 7.2774e-13, 6.3891e-13, 5.3048e-13,
         4.1150e-13, 2.1258e-13, 1.2549e-13, 1.1678e-13, 1.1314e-13, 1.0587e-13,
         9.6495e-14, 8.6473e-14, 7.6704e-14, 6.7588e-14, 5.9253e-14, 5.1682e-14,
         4.4975e-14, 3.9516e-14, 3.5273e-14, 3.2027e-14, 2.9551e-14, 2.7674e-14,
         2.6296e-14, 2.5421e-14, 2.4993e-14, 2.5021e-14, 2.5549e-14, 2.6653e-14,
         2.8451e-14, 3.1393e-14, 3.5806e-14, 4.2105e-14, 5.1439e-14, 6.5981e-14,
         9.1770e-14, 1.4231e-13, 2.4808e-13, 5.0132e-13, 1.2636e-12, 5.6122e-12,
         2.0556e-11, 4.2388e-11, 6.5241e-11, 8.8583e-11, 1.1104e-10, 1.3088e-10,
         1.4606e-10, 1.5564e-10, 1.5870e-10, 1.5598e-10, 1.4798e-10, 1.3680e-10,
         1.2370e-10, 1.1042e-10, 9.8074e-11, 8.7303e-11, 7.8562e-11, 7.2042e-11,
         6.7667e-11, 6.5734e-11, 6.5973e-11, 6.8859e-11, 7.4329e-11, 8.2814e-11,
         8.4033e-11, 8.4033e-11, 8.4033e-11, 8.4033e-11, 8.4033e-11, 8.4033e-11,
         8.4033e-11, 8.4033e-11]], dtype=torch.float64), 'xSO2': tensor([[1.5531e-02, 1.1892e-02, 7.2558e-03, 4.1165e-03, 2.0263e-03, 8.5619e-04,
         3.1261e-04, 9.7972e-05, 2.5322e-05, 6.7238e-06, 1.3070e-06, 2.8377e-07,
         4.7915e-08, 6.2688e-09, 1.2186e-09, 6.6040e-10, 6.7902e-10, 8.2188e-10,
         1.0221e-09, 1.2847e-09, 1.6190e-09, 2.0400e-09, 2.5694e-09, 3.2345e-09,
         4.0702e-09, 5.1485e-09, 6.5195e-09, 8.2551e-09, 1.0455e-08, 1.3250e-08,
         1.6809e-08, 2.1515e-08, 2.7644e-08, 3.5658e-08, 4.6239e-08, 6.0410e-08,
         7.9932e-08, 1.1052e-07, 1.5692e-07, 2.2667e-07, 3.3502e-07, 4.9427e-07,
         7.1064e-07, 1.0073e-06, 1.4123e-06, 1.9682e-06, 2.7325e-06, 3.8434e-06,
         5.3890e-06, 7.5396e-06, 1.0738e-05, 1.5209e-05, 2.1475e-05, 2.9653e-05,
         3.9737e-05, 5.1317e-05, 6.3803e-05, 7.6283e-05, 8.7512e-05, 9.6649e-05,
         1.0218e-04, 1.0413e-04, 1.0188e-04, 9.6228e-05, 8.7841e-05, 7.7846e-05,
         6.7323e-05, 5.7239e-05, 4.8158e-05, 4.0696e-05, 3.4922e-05, 3.1032e-05,
         3.0609e-05, 3.0609e-05, 3.0609e-05, 3.0609e-05, 3.0609e-05, 3.0609e-05,
         3.0609e-05, 3.0609e-05]], dtype=torch.float64), 'xH2SO4aer': tensor([[6.9900e-08, 7.8538e-08, 9.6995e-08, 1.1677e-07, 1.4122e-07, 1.7284e-07,
         2.3231e-07, 6.3176e-07, 1.2186e-06, 1.6934e-07, 3.8775e-10, 5.4905e-11,
         2.2575e-12, 5.8169e-15, 1.1076e-15, 9.2680e-16, 1.0420e-15, 1.2412e-15,
         1.4906e-15, 1.7996e-15, 2.1773e-15, 2.6338e-15, 3.1595e-15, 3.6574e-15,
         3.9051e-15, 3.6752e-15, 3.0878e-15, 2.3729e-15, 1.7044e-15, 1.1660e-15,
         7.7248e-16, 5.1374e-16, 3.4368e-16, 2.3380e-16, 1.6424e-16, 1.2138e-16,
         9.6392e-17, 8.4405e-17, 8.1431e-17, 8.6050e-17, 9.7664e-17, 1.1654e-16,
         1.4446e-16, 1.8353e-16, 2.3598e-16, 3.0519e-16, 3.9408e-16, 4.9667e-16,
         5.2824e-16, 3.5293e-16, 1.8952e-16, 1.1631e-16, 8.7973e-17, 6.9980e-17,
         5.2429e-17, 3.4888e-17, 2.0697e-17, 1.0818e-17, 5.1883e-18, 2.1483e-18,
         8.7753e-19, 3.1201e-19, 1.1327e-19, 3.8205e-20, 1.3269e-20, 4.7283e-21,
         1.7096e-21, 6.9582e-22, 2.8004e-22, 1.2001e-22, 4.4051e-23, 9.8017e-24,
         6.5421e-24, 6.5421e-24, 6.5421e-24, 6.5421e-24, 6.5421e-24, 6.5421e-24,
         6.5421e-24, 6.5421e-24]], dtype=torch.float64), 'xS8aer': tensor([[2.1188e-34, 4.3073e-34, 9.3109e-32, 1.4571e-26, 1.3395e-22, 2.0490e-21,
         4.0271e-21, 4.6094e-21, 8.2760e-21, 9.8340e-22, 4.3195e-27, 6.0166e-29,
         6.7895e-31, 1.2186e-33, 2.4693e-35, 5.6004e-36, 5.8571e-36, 7.0024e-36,
         8.4750e-36, 1.0310e-35, 1.2563e-35, 1.5318e-35, 1.8693e-35, 2.2836e-35,
         2.7930e-35, 3.4362e-35, 4.2385e-35, 5.2365e-35, 6.4810e-35, 8.0363e-35,
         9.9859e-35, 1.2513e-34, 1.5740e-34, 1.9869e-34, 2.5189e-34, 3.2100e-34,
         4.1162e-34, 5.3121e-34, 6.8469e-34, 8.8092e-34, 1.1282e-33, 1.4284e-33,
         1.7389e-33, 1.7793e-33, 7.2814e-34, 1.0000e-40, 1.0000e-40, 1.0000e-40,
         1.0000e-40, 1.0000e-40, 1.0000e-40, 1.0000e-40, 1.0000e-40, 1.0000e-40,
         1.0000e-40, 1.0000e-40, 1.0000e-40, 1.0000e-40, 1.0000e-40, 1.0000e-40,
         1.0000e-40, 1.0000e-40, 1.0000e-40, 1.0000e-40, 1.0000e-40, 1.0000e-40,
         1.0000e-40, 1.0000e-40, 1.0000e-40, 1.0000e-40, 1.0000e-40, 1.0000e-40,
         1.0000e-40, 1.0000e-40, 1.0000e-40, 1.0000e-40, 1.0000e-40, 1.0000e-40,
         1.0000e-40, 1.0000e-40]], dtype=torch.float64)}"
1.296e+06,222.193,0,"{'pres': tensor([[5.3000e+04, 4.2137e+04, 3.3501e+04, 2.6635e+04, 2.1176e+04, 1.6836e+04,
         1.3385e+04, 1.0642e+04, 8.4606e+03, 6.7265e+03, 5.3479e+03, 4.2518e+03,
         3.3803e+03, 2.6875e+03, 2.1367e+03, 1.6988e+03, 1.3506e+03, 1.0738e+03,
         8.5370e+02, 6.7873e+02, 5.3962e+02, 4.2902e+02, 3.4109e+02, 2.7118e+02,
         2.1560e+02, 1.7141e+02, 1.3628e+02, 1.0835e+02, 8.6141e+01, 6.8485e+01,
         5.4449e+01, 4.3289e+01, 3.4417e+01, 2.7363e+01, 2.1755e+01, 1.7296e+01,
         1.3751e+01, 1.0933e+01, 8.6918e+00, 6.9104e+00, 5.4941e+00, 4.3680e+00,
         3.4728e+00, 2.7610e+00, 2.1951e+00, 1.7452e+00, 1.3875e+00, 1.1031e+00,
         8.7703e-01, 6.9728e-01, 5.5437e-01, 4.4075e-01, 3.5041e-01, 2.7859e-01,
         2.2149e-01, 1.7610e-01, 1.4000e-01, 1.1131e-01, 8.8495e-02, 7.0358e-02,
         5.5937e-02, 4.4473e-02, 3.5358e-02, 2.8111e-02, 2.2349e-02, 1.7769e-02,
         1.4127e-02, 1.1231e-02, 8.9295e-03, 7.0993e-03, 5.6442e-03, 4.4874e-03,
         3.5677e-03, 2.8365e-03, 2.2551e-03, 1.7929e-03, 1.4254e-03, 1.1333e-03,
         9.0101e-04, 7.1634e-04]], dtype=torch.float64), 'temp': tensor([[192.0335, 186.3161, 180.3151, 173.8381, 166.8834, 159.5456, 152.0457,
         144.6170, 137.4219, 130.5371, 123.9882, 117.7591, 111.8684, 106.2221,
         100.9075, 100.0295, 100.0196, 100.0193, 100.0204, 100.0225, 100.0254,
         100.0291, 100.0339, 100.0398, 100.0470, 100.0561, 100.0672, 100.0809,
         100.0976, 100.1182, 100.1436, 100.1755, 100.2162, 100.2679, 100.3338,
         100.4189, 100.5325, 100.7135, 100.9775, 101.2663, 101.6331, 102.1176,
         102.7594, 103.6211, 104.7771, 106.3142, 108.3381, 110.9825, 114.3283,
         118.2564, 122.3458, 125.8524, 128.1621, 129.3763, 130.1154, 130.7878,
         131.4194, 131.9389, 132.4095, 132.8096, 133.1726, 133.4689, 133.7513,
         133.9760, 134.1845, 134.3520, 134.4998, 134.6241, 134.7202, 134.8075,
         134.8765, 134.9325, 134.9761, 135.0102, 135.0368, 135.0609, 135.0744,
         135.0903, 135.1010, 135.1093]], dtype=torch.float64), 'xCO2': tensor([[9.5098e-01, 8.7481e-01, 7.0900e-01, 5.3078e-01, 3.4366e-01, 1.8507e-01,
         8.9578e-02, 3.9331e-02, 1.5430e-02, 6.0128e-03, 1.9999e-03, 6.8677e-04,
         2.0449e-04, 5.4139e-05, 1.8280e-05, 1.3337e-05, 1.4882e-05, 1.8388e-05,
         2.3032e-05, 2.9027e-05, 3.6608e-05, 4.6128e-05, 5.8079e-05, 7.3075e-05,
         9.1891e-05, 1.1614e-04, 1.4689e-04, 1.8570e-04, 2.3472e-04, 2.9671e-04,
         3.7524e-04, 4.7828e-04, 6.1099e-04, 7.8233e-04, 1.0050e-03, 1.2968e-03,
         1.6834e-03, 2.1982e-03, 2.8655e-03, 3.7315e-03, 4.8571e-03, 6.3222e-03,
         8.2788e-03, 1.0884e-02, 1.4307e-02, 1.8797e-02, 2.4689e-02, 3.2745e-02,
         4.3328e-02, 5.7167e-02, 7.6043e-02, 1.0020e-01, 1.3083e-01, 1.6752e-01,
         2.1011e-01, 2.5759e-01, 3.0914e-01, 3.6298e-01, 4.1756e-01, 4.7141e-01,
         5.2287e-01, 5.7133e-01, 6.1578e-01, 6.5608e-01, 6.9213e-01, 7.2387e-01,
         7.5193e-01, 7.7612e-01, 7.9736e-01, 8.1563e-01, 8.3161e-01, 8.4551e-01,
         8.4697e-01, 8.4697e-01, 8.4697e-01, 8.4697e-01, 8.4697e-01, 8.4697e-01,
         8.4697e-01, 8.4697e-01]], dtype=torch.float64), 'xH2O': tensor([[7.5931e-07, 4.6228e-07, 1.7522e-07, 6.2937e-08, 1.8758e-08, 4.6287e-09,
         9.5586e-10, 1.5930e-10, 9.8985e-12, 7.3695e-13, 6.3960e-13, 5.3176e-13,
         4.1384e-13, 2.1454e-13, 1.2651e-13, 1.1760e-13, 1.1408e-13, 1.0693e-13,
         9.7631e-14, 8.7655e-14, 7.7904e-14, 6.8788e-14, 6.0457e-14, 5.2906e-14,
         4.6205e-14, 4.0697e-14, 3.6362e-14, 3.3015e-14, 3.0446e-14, 2.8493e-14,
         2.7051e-14, 2.6127e-14, 2.5659e-14, 2.5656e-14, 2.6161e-14, 2.7254e-14,
         2.9058e-14, 3.2018e-14, 3.6481e-14, 4.2883e-14, 5.2415e-14, 6.7334e-14,
         9.4068e-14, 1.4667e-13, 2.5759e-13, 5.2593e-13, 1.3653e-12, 6.1237e-12,
         2.1756e-11, 4.4016e-11, 6.7346e-11, 9.1159e-11, 1.1396e-10, 1.3406e-10,
         1.4932e-10, 1.5896e-10, 1.6189e-10, 1.5905e-10, 1.5079e-10, 1.3935e-10,
         1.2599e-10, 1.1245e-10, 9.9858e-11, 8.8885e-11, 7.9954e-11, 7.3309e-11,
         6.8822e-11, 6.6853e-11, 6.7100e-11, 7.0020e-11, 7.5613e-11, 8.4251e-11,
         8.5306e-11, 8.5306e-11, 8.5306e-11, 8.5306e-11, 8.5306e-11, 8.5306e-11,
         8.5306e-11, 8.5306e-11]], dtype=torch.float64), 'xSO2': tensor([[1.5561e-02, 1.1918e-02, 7.2761e-03, 4.1308e-03, 2.0349e-03, 8.6046e-04,
         3.1439e-04, 9.8617e-05, 2.5517e-05, 6.7739e-06, 1.3194e-06, 2.8636e-07,
         4.8254e-08, 6.3472e-09, 1.2324e-09, 6.6246e-10, 6.7911e-10, 8.2164e-10,
         1.0217e-09, 1.2844e-09, 1.6186e-09, 2.0396e-09, 2.5688e-09, 3.2339e-09,
         4.0695e-09, 5.1488e-09, 6.5202e-09, 8.2566e-09, 1.0458e-08, 1.3255e-08,
         1.6818e-08, 2.1536e-08, 2.7679e-08, 3.5717e-08, 4.6340e-08, 6.0582e-08,
         8.0272e-08, 1.1114e-07, 1.5807e-07, 2.2886e-07, 3.3908e-07, 5.0013e-07,
         7.1929e-07, 1.0197e-06, 1.4301e-06, 1.9930e-06, 2.7683e-06, 3.8920e-06,
         5.4538e-06, 7.6252e-06, 1.0859e-05, 1.5359e-05, 2.1660e-05, 2.9829e-05,
         3.9886e-05, 5.1388e-05, 6.3774e-05, 7.6135e-05, 8.7230e-05, 9.6241e-05,
         1.0170e-04, 1.0358e-04, 1.0134e-04, 9.5701e-05, 8.7378e-05, 7.7441e-05,
         6.6986e-05, 5.6970e-05, 4.7958e-05, 4.0538e-05, 3.4821e-05, 3.0959e-05,
         3.0598e-05, 3.0598e-05, 3.0598e-05, 3.0598e-05, 3.0598e-05, 3.0598e-05,
         3.0598e-05, 3.0598e-05]], dtype=torch.float64), 'xH2SO4aer': tensor([[6.9902e-08, 7.8542e-08, 9.7001e-08, 1.1679e-07, 1.4125e-07, 1.7294e-07,
         2.3306e-07, 6.3899e-07, 1.2092e-06, 1.6334e-07, 3.9137e-10, 5.5738e-11,
         2.2871e-12, 5.6705e-15, 9.8711e-16, 8.1897e-16, 9.1944e-16, 1.0949e-15,
         1.3148e-15, 1.5875e-15, 1.9206e-15, 2.3237e-15, 2.7916e-15, 3.2485e-15,
         3.5056e-15, 3.3446e-15, 2.8484e-15, 2.2140e-15, 1.6048e-15, 1.1056e-15,
         7.3628e-16, 4.9157e-16, 3.2965e-16, 2.2476e-16, 1.5840e-16, 1.1769e-16,
         9.4309e-17, 8.3537e-17, 8.1646e-17, 8.7313e-17, 1.0003e-16, 1.2015e-16,
         1.4962e-16, 1.9059e-16, 2.4543e-16, 3.1765e-16, 4.1029e-16, 5.1524e-16,
         5.3881e-16, 3.5380e-16, 1.9265e-16, 1.2030e-16, 9.2228e-17, 7.3452e-17,
         5.4885e-17, 3.6382e-17, 2.1551e-17, 1.1218e-17, 5.3864e-18, 2.2302e-18,
         9.0947e-19, 3.2477e-19, 1.1722e-19, 3.9767e-20, 1.3714e-20, 4.9201e-21,
         1.7659e-21, 7.2421e-22, 2.9273e-22, 1.2511e-22, 4.6211e-23, 1.0187e-23,
         7.2179e-24, 7.2179e-24, 7.2179e-24, 7.2179e-24, 7.2179e-24, 7.2179e-24,
         7.2179e-24, 7.2179e-24]], dtype=torch.float64), 'xS8aer': tensor([[2.1191e-34, 4.3084e-34, 9.8847e-32, 1.5038e-26, 1.3478e-22, 2.0528e-21,
         4.0620e-21, 4.6700e-21, 8.1958e-21, 9.4474e-22, 4.1275e-27, 6.1856e-29,
         6.9201e-31, 1.2619e-33, 2.5468e-35, 5.7561e-36, 6.0142e-36, 7.1898e-36,
         8.7018e-36, 1.0587e-35, 1.2901e-35, 1.5730e-35, 1.9196e-35, 2.3450e-35,
         2.8681e-35, 3.5290e-35, 4.3528e-35, 5.3775e-35, 6.6551e-35, 8.2519e-35,
         1.0253e-34, 1.2851e-34, 1.6165e-34, 2.0407e-34, 2.5874e-34, 3.2980e-34,
         4.2313e-34, 5.4613e-34, 7.0396e-34, 9.0568e-34, 1.1596e-33, 1.4671e-33,
         1.7799e-33, 1.7963e-33, 7.1142e-34, 1.0000e-40, 1.0000e-40, 1.0000e-40,
         1.0000e-40, 1.0000e-40, 1.0000e-40, 1.0000e-40, 1.0000e-40, 1.0000e-40,
         1.0000e-40, 1.0000e-40, 1.0000e-40, 1.0000e-40, 1.0000e-40, 1.0000e-40,
         1.0000e-40, 1.0000e-40, 1.0000e-40, 1.0000e-40, 1.0000e-40, 1.0000e-40,
         1.0000e-40, 1.0000e-40, 1.0000e-40, 1.0000e-40, 1.0000e-40, 1.0000e-40,
         1.0000e-40, 1.0000e-40, 1.0000e-40, 1.0000e-40, 1.0000e-40, 1.0000e-40,
         1.0000e-40, 1.0000e-40]], dtype=torch.float64)}"
1.3176e+06,222.201,0,"{'pres': tensor([[5.3000e+04, 4.2137e+04, 3.3501e+04, 2.6635e+04, 2.1176e+04, 1.6836e+04,
         1.3385e+04, 1.0642e+04, 8.4606e+03, 6.7265e+03, 5.3479e+03, 4.2518e+03,
         3.3803e+03, 2.6875e+03, 2.1367e+03, 1.6988e+03, 1.3506e+03, 1.0738e+03,
         8.5370e+02, 6.7873e+02, 5.3962e+02, 4.2902e+02, 3.4109e+02, 2.7118e+02,
         2.1560e+02, 1.7141e+02, 1.3628e+02, 1.0835e+02, 8.6141e+01, 6.8485e+01,
         5.4449e+01, 4.3289e+01, 3.4417e+01, 2.7363e+01, 2.1755e+01, 1.7296e+01,
         1.3751e+01, 1.0933e+01, 8.6918e+00, 6.9104e+00, 5.4941e+00, 4.3680e+00,
         3.4728e+00, 2.7610e+00, 2.1951e+00, 1.7452e+00, 1.3875e+00, 1.1031e+00,
         8.7703e-01, 6.9728e-01, 5.5437e-01, 4.4075e-01, 3.5041e-01, 2.7859e-01,
         2.2149e-01, 1.7610e-01, 1.4000e-01, 1.1131e-01, 8.8495e-02, 7.0358e-02,
         5.5937e-02, 4.4473e-02, 3.5358e-02, 2.8111e-02, 2.2349e-02, 1.7769e-02,
         1.4127e-02, 1.1231e-02, 8.9295e-03, 7.0993e-03, 5.6442e-03, 4.4874e-03,
         3.5677e-03, 2.8365e-03, 2.2551e-03, 1.7929e-03, 1.4254e-03, 1.1333e-03,
         9.0101e-04, 7.1634e-04]], dtype=torch.float64), 'temp': tensor([[192.0519, 186.3369, 180.3388, 173.8651, 166.9135, 159.5778, 152.0784,
         144.6492, 137.4529, 130.5667, 124.0163, 117.7859, 111.8938, 106.2462,
         100.9304, 100.0298, 100.0196, 100.0193, 100.0205, 100.0226, 100.0256,
         100.0293, 100.0341, 100.0401, 100.0474, 100.0566, 100.0679, 100.0817,
         100.0987, 100.1195, 100.1453, 100.1778, 100.2191, 100.2716, 100.3387,
         100.4253, 100.5410, 100.7249, 100.9926, 101.2866, 101.6603, 102.1542,
         102.8087, 103.6875, 104.8660, 106.4320, 108.4916, 111.1785, 114.5640,
         118.5131, 122.5853, 126.0265, 128.2563, 129.4216, 130.1494, 130.8200,
         131.4456, 131.9603, 132.4280, 132.8255, 133.1862, 133.4810, 133.7619,
         133.9854, 134.1929, 134.3598, 134.5068, 134.6308, 134.7261, 134.8133,
         134.8817, 134.9378, 134.9808, 135.0150, 135.0413, 135.0653, 135.0787,
         135.0946, 135.1052, 135.1135]], dtype=torch.float64), 'xCO2': tensor([[9.5109e-01, 8.7514e-01, 7.0971e-01, 5.3174e-01, 3.4476e-01, 1.8579e-01,
         8.9969e-02, 3.9524e-02, 1.5515e-02, 6.0455e-03, 2.0129e-03, 6.9111e-04,
         2.0561e-04, 5.4586e-05, 1.8419e-05, 1.3365e-05, 1.4886e-05, 1.8388e-05,
         2.3031e-05, 2.9030e-05, 3.6611e-05, 4.6131e-05, 5.8082e-05, 7.3078e-05,
         9.1896e-05, 1.1617e-04, 1.4692e-04, 1.8575e-04, 2.3479e-04, 2.9682e-04,
         3.7542e-04, 4.7867e-04, 6.1161e-04, 7.8332e-04, 1.0066e-03, 1.2994e-03,
         1.6881e-03, 2.2049e-03, 2.8748e-03, 3.7442e-03, 4.8741e-03, 6.3444e-03,
         8.3099e-03, 1.0923e-02, 1.4355e-02, 1.8854e-02, 2.4767e-02, 3.2834e-02,
         4.3424e-02, 5.7270e-02, 7.6174e-02, 1.0030e-01, 1.3086e-01, 1.6735e-01,
         2.0974e-01, 2.5692e-01, 3.0819e-01, 3.6171e-01, 4.1599e-01, 4.6955e-01,
         5.2080e-01, 5.6904e-01, 6.1336e-01, 6.5351e-01, 6.8949e-01, 7.2112e-01,
         7.4913e-01, 7.7323e-01, 7.9438e-01, 8.1261e-01, 8.2850e-01, 8.4234e-01,
         8.4355e-01, 8.4355e-01, 8.4355e-01, 8.4355e-01, 8.4355e-01, 8.4355e-01,
         8.4355e-01, 8.4355e-01]], dtype=torch.float64), 'xH2O': tensor([[7.6168e-07, 4.6387e-07, 1.7599e-07, 6.3272e-08, 1.8876e-08, 4.6623e-09,
         9.6375e-10, 1.6084e-10, 1.0140e-11, 7.4641e-13, 6.4027e-13, 5.3300e-13,
         4.1616e-13, 2.1649e-13, 1.2751e-13, 1.1840e-13, 1.1500e-13, 1.0797e-13,
         9.8752e-14, 8.8822e-14, 7.9091e-14, 6.9976e-14, 6.1645e-14, 5.4107e-14,
         4.7410e-14, 4.1860e-14, 3.7440e-14, 3.3998e-14, 3.1342e-14, 2.9313e-14,
         2.7809e-14, 2.6836e-14, 2.6328e-14, 2.6293e-14, 2.6776e-14, 2.7858e-14,
         2.9668e-14, 3.2647e-14, 3.7160e-14, 4.3667e-14, 5.3400e-14, 6.8707e-14,
         9.6421e-14, 1.5116e-13, 2.6748e-13, 5.5181e-13, 1.4757e-12, 6.6767e-12,
         2.3004e-11, 4.5674e-11, 6.9468e-11, 9.3748e-11, 1.1688e-10, 1.3726e-10,
         1.5260e-10, 1.6229e-10, 1.6510e-10, 1.6212e-10, 1.5361e-10, 1.4191e-10,
         1.2830e-10, 1.1450e-10, 1.0166e-10, 9.0486e-11, 8.1366e-11, 7.4600e-11,
         7.0004e-11, 6.8001e-11, 6.8262e-11, 7.1220e-11, 7.6942e-11, 8.5739e-11,
         8.6629e-11, 8.6629e-11, 8.6629e-11, 8.6629e-11, 8.6629e-11, 8.6629e-11,
         8.6629e-11, 8.6629e-11]], dtype=torch.float64), 'xSO2': tensor([[1.5591e-02, 1.1944e-02, 7.2964e-03, 4.1451e-03, 2.0435e-03, 8.6474e-04,
         3.1618e-04, 9.9265e-05, 2.5714e-05, 6.8243e-06, 1.3319e-06, 2.8895e-07,
         4.8593e-08, 6.4263e-09, 1.2463e-09, 6.6454e-10, 6.7921e-10, 8.2142e-10,
         1.0214e-09, 1.2842e-09, 1.6183e-09, 2.0391e-09, 2.5683e-09, 3.2333e-09,
         4.0688e-09, 5.1491e-09, 6.5209e-09, 8.2581e-09, 1.0461e-08, 1.3260e-08,
         1.6827e-08, 2.1557e-08, 2.7715e-08, 3.5777e-08, 4.6441e-08, 6.0756e-08,
         8.0615e-08, 1.1177e-07, 1.5924e-07, 2.3107e-07, 3.4320e-07, 5.0605e-07,
         7.2801e-07, 1.0322e-06, 1.4478e-06, 2.0176e-06, 2.8040e-06, 3.9404e-06,
         5.5180e-06, 7.7097e-06, 1.0978e-05, 1.5505e-05, 2.1838e-05, 2.9996e-05,
         4.0025e-05, 5.1449e-05, 6.3735e-05, 7.5977e-05, 8.6938e-05, 9.5815e-05,
         1.0121e-04, 1.0302e-04, 1.0080e-04, 9.5165e-05, 8.6907e-05, 7.7026e-05,
         6.6640e-05, 5.6692e-05, 4.7749e-05, 4.0373e-05, 3.4712e-05, 3.0879e-05,
         3.0579e-05, 3.0579e-05, 3.0579e-05, 3.0579e-05, 3.0579e-05, 3.0579e-05,
         3.0579e-05, 3.0579e-05]], dtype=torch.float64), 'xH2SO4aer': tensor([[6.9904e-08, 7.8545e-08, 9.7007e-08, 1.1680e-07, 1.4129e-07, 1.7305e-07,
         2.3382e-07, 6.4616e-07, 1.1997e-06, 1.5758e-07, 3.9502e-10, 5.6579e-11,
         2.3164e-12, 5.5651e-15, 8.8201e-16, 7.2509e-16, 8.1279e-16, 9.6759e-16,
         1.1618e-15, 1.4028e-15, 1.6970e-15, 2.0534e-15, 2.4699e-15, 2.8873e-15,
         3.1461e-15, 3.0408e-15, 2.6238e-15, 2.0626e-15, 1.5088e-15, 1.0469e-15,
         7.0092e-16, 4.6988e-16, 3.1598e-16, 2.1604e-16, 1.5283e-16, 1.1425e-16,
         9.2472e-17, 8.2921e-17, 8.2125e-17, 8.8866e-17, 1.0273e-16, 1.2415e-16,
         1.5526e-16, 1.9825e-16, 2.5565e-16, 3.3110e-16, 4.2775e-16, 5.3511e-16,
         5.4974e-16, 3.5471e-16, 1.9595e-16, 1.2445e-16, 9.6609e-17, 7.7013e-17,
         5.7386e-17, 3.7894e-17, 2.2414e-17, 1.1619e-17, 5.5856e-18, 2.3186e-18,
         9.4150e-19, 3.3770e-19, 1.2119e-19, 4.1357e-20, 1.4159e-20, 5.1165e-21,
         1.8229e-21, 7.5347e-22, 3.0591e-22, 1.3039e-22, 4.8448e-23, 1.0564e-23,
         7.9329e-24, 7.9329e-24, 7.9329e-24, 7.9329e-24, 7.9329e-24, 7.9329e-24,
         7.9329e-24, 7.9329e-24]], dtype=torch.float64), 'xS8aer': tensor([[2.1194e-34, 4.3095e-34, 1.0485e-31, 1.5514e-26, 1.3561e-22, 2.0567e-21,
         4.0968e-21, 4.7303e-21, 8.1149e-21, 9.0776e-22, 3.9858e-27, 6.3591e-29,
         7.0509e-31, 1.3068e-33, 2.6219e-35, 5.8637e-36, 6.1152e-36, 7.3117e-36,
         8.8530e-36, 1.0778e-35, 1.3138e-35, 1.6025e-35, 1.9562e-35, 2.3903e-35,
         2.9242e-35, 3.5992e-35, 4.4401e-35, 5.4861e-35, 6.7903e-35, 8.4203e-35,
         1.0464e-34, 1.3118e-34, 1.6504e-34, 2.0838e-34, 2.6427e-34, 3.3696e-34,
         4.3258e-34, 5.5843e-34, 7.1991e-34, 9.2619e-34, 1.1856e-33, 1.4987e-33,
         1.8111e-33, 1.7989e-33, 6.8734e-34, 1.0000e-40, 1.0000e-40, 1.0000e-40,
         1.0000e-40, 1.0000e-40, 1.0000e-40, 1.0000e-40, 1.0000e-40, 1.0000e-40,
         1.0000e-40, 1.0000e-40, 1.0000e-40, 1.0000e-40, 1.0000e-40, 1.0000e-40,
         1.0000e-40, 1.0000e-40, 1.0000e-40, 1.0000e-40, 1.0000e-40, 1.0000e-40,
         1.0000e-40, 1.0000e-40, 1.0000e-40, 1.0000e-40, 1.0000e-40, 1.0000e-40,
         1.0000e-40, 1.0000e-40, 1.0000e-40, 1.0000e-40, 1.0000e-40, 1.0000e-40,
         1.0000e-40, 1.0000e-40]], dtype=torch.float64)}"
1.3392e+06,222.208,0,"{'pres': tensor([[5.3000e+04, 4.2137e+04, 3.3501e+04, 2.6635e+04, 2.1176e+04, 1.6836e+04,
         1.3385e+04, 1.0642e+04, 8.4606e+03, 6.7265e+03, 5.3479e+03, 4.2518e+03,
         3.3803e+03, 2.6875e+03, 2.1367e+03, 1.6988e+03, 1.3506e+03, 1.0738e+03,
         8.5370e+02, 6.7873e+02, 5.3962e+02, 4.2902e+02, 3.4109e+02, 2.7118e+02,
         2.1560e+02, 1.7141e+02, 1.3628e+02, 1.0835e+02, 8.6141e+01, 6.8485e+01,
         5.4449e+01, 4.3289e+01, 3.4417e+01, 2.7363e+01, 2.1755e+01, 1.7296e+01,
         1.3751e+01, 1.0933e+01, 8.6918e+00, 6.9104e+00, 5.4941e+00, 4.3680e+00,
         3.4728e+00, 2.7610e+00, 2.1951e+00, 1.7452e+00, 1.3875e+00, 1.1031e+00,
         8.7703e-01, 6.9728e-01, 5.5437e-01, 4.4075e-01, 3.5041e-01, 2.7859e-01,
         2.2149e-01, 1.7610e-01, 1.4000e-01, 1.1131e-01, 8.8495e-02, 7.0358e-02,
         5.5937e-02, 4.4473e-02, 3.5358e-02, 2.8111e-02, 2.2349e-02, 1.7769e-02,
         1.4127e-02, 1.1231e-02, 8.9295e-03, 7.0993e-03, 5.6442e-03, 4.4874e-03,
         3.5677e-03, 2.8365e-03, 2.2551e-03, 1.7929e-03, 1.4254e-03, 1.1333e-03,
         9.0101e-04, 7.1634e-04]], dtype=torch.float64), 'temp': tensor([[192.0703, 186.3577, 180.3624, 173.8921, 166.9436, 159.6099, 152.1112,
         144.6814, 137.4839, 130.5962, 124.0444, 117.8126, 111.9192, 106.2703,
         100.9533, 100.0302, 100.0197, 100.0194, 100.0206, 100.0228, 100.0257,
         100.0295, 100.0344, 100.0404, 100.0478, 100.0571, 100.0685, 100.0826,
         100.0997, 100.1209, 100.1471, 100.1800, 100.2220, 100.2754, 100.3436,
         100.4318, 100.5496, 100.7363, 101.0078, 101.3069, 101.6877, 102.1910,
         102.8583, 103.7542, 104.9553, 106.5502, 108.6455, 111.3742, 114.7983,
         118.7662, 122.8184, 126.1930, 128.3450, 129.4647, 130.1829, 130.8515,
         131.4712, 131.9812, 132.4460, 132.8409, 133.1996, 133.4927, 133.7723,
         133.9946, 134.2012, 134.3673, 134.5136, 134.6373, 134.7319, 134.8190,
         134.8867, 134.9429, 134.9854, 135.0195, 135.0456, 135.0696, 135.0829,
         135.0987, 135.1092, 135.1174]], dtype=torch.float64), 'xCO2': tensor([[9.5120e-01, 8.7547e-01, 7.1042e-01, 5.3269e-01, 3.4587e-01, 1.8652e-01,
         9.0363e-02, 3.9717e-02, 1.5601e-02, 6.0784e-03, 2.0260e-03, 6.9547e-04,
         2.0674e-04, 5.5037e-05, 1.8559e-05, 1.3394e-05, 1.4889e-05, 1.8388e-05,
         2.3029e-05, 2.9033e-05, 3.6614e-05, 4.6134e-05, 5.8085e-05, 7.3081e-05,
         9.1900e-05, 1.1620e-04, 1.4696e-04, 1.8580e-04, 2.3487e-04, 2.9694e-04,
         3.7559e-04, 4.7907e-04, 6.1223e-04, 7.8431e-04, 1.0082e-03, 1.3020e-03,
         1.6926e-03, 2.2115e-03, 2.8841e-03, 3.7569e-03, 4.8910e-03, 6.3664e-03,
         8.3407e-03, 1.0962e-02, 1.4402e-02, 1.8909e-02, 2.4843e-02, 3.2920e-02,
         4.3518e-02, 5.7403e-02, 7.6301e-02, 1.0039e-01, 1.3087e-01, 1.6718e-01,
         2.0936e-01, 2.5625e-01, 3.0724e-01, 3.6043e-01, 4.1442e-01, 4.6770e-01,
         5.1873e-01, 5.6675e-01, 6.1094e-01, 6.5094e-01, 6.8684e-01, 7.1836e-01,
         7.4630e-01, 7.7034e-01, 7.9140e-01, 8.0958e-01, 8.2539e-01, 8.3917e-01,
         8.4013e-01, 8.4013e-01, 8.4013e-01, 8.4013e-01, 8.4013e-01, 8.4013e-01,
         8.4013e-01, 8.4013e-01]], dtype=torch.float64), 'xH2O': tensor([[7.6406e-07, 4.6547e-07, 1.7676e-07, 6.3609e-08, 1.8996e-08, 4.6961e-09,
         9.7170e-10, 1.6241e-10, 1.0389e-11, 7.5613e-13, 6.4092e-13, 5.3421e-13,
         4.1846e-13, 2.1843e-13, 1.2852e-13, 1.1919e-13, 1.1590e-13, 1.0899e-13,
         9.9858e-14, 8.9975e-14, 8.0267e-14, 7.1154e-14, 6.2820e-14, 5.5288e-14,
         4.8592e-14, 4.3005e-14, 3.8508e-14, 3.4978e-14, 3.2237e-14, 3.0135e-14,
         2.8568e-14, 2.7548e-14, 2.6999e-14, 2.6934e-14, 2.7395e-14, 2.8466e-14,
         3.0281e-14, 3.3281e-14, 3.7844e-14, 4.4457e-14, 5.4397e-14, 7.0101e-14,
         9.8831e-14, 1.5580e-13, 2.7776e-13, 5.7901e-13, 1.5956e-12, 7.2747e-12,
         2.4303e-11, 4.7369e-11, 7.1610e-11, 9.6352e-11, 1.1982e-10, 1.4046e-10,
         1.5589e-10, 1.6563e-10, 1.6831e-10, 1.6520e-10, 1.5644e-10, 1.4448e-10,
         1.3061e-10, 1.1656e-10, 1.0347e-10, 9.2104e-11, 8.2799e-11, 7.5914e-11,
         7.1227e-11, 6.9180e-11, 6.9457e-11, 7.2459e-11, 7.8317e-11, 8.7280e-11,
         8.8001e-11, 8.8001e-11, 8.8001e-11, 8.8001e-11, 8.8001e-11, 8.8001e-11,
         8.8001e-11, 8.8001e-11]], dtype=torch.float64), 'xSO2': tensor([[1.5621e-02, 1.1970e-02, 7.3167e-03, 4.1594e-03, 2.0522e-03, 8.6904e-04,
         3.1798e-04, 9.9917e-05, 2.5911e-05, 6.8750e-06, 1.3444e-06, 2.9157e-07,
         4.8932e-08, 6.5064e-09, 1.2604e-09, 6.6663e-10, 6.7931e-10, 8.2120e-10,
         1.0210e-09, 1.2839e-09, 1.6179e-09, 2.0387e-09, 2.5677e-09, 3.2326e-09,
         4.0681e-09, 5.1494e-09, 6.5216e-09, 8.2595e-09, 1.0464e-08, 1.3265e-08,
         1.6836e-08, 2.1578e-08, 2.7751e-08, 3.5837e-08, 4.6543e-08, 6.0931e-08,
         8.0961e-08, 1.1240e-07, 1.6043e-07, 2.3332e-07, 3.4738e-07, 5.1202e-07,
         7.3679e-07, 1.0448e-06, 1.4656e-06, 2.0422e-06, 2.8395e-06, 3.9883e-06,
         5.5816e-06, 7.8004e-06, 1.1095e-05, 1.5648e-05, 2.2010e-05, 3.0155e-05,
         4.0153e-05, 5.1498e-05, 6.3685e-05, 7.5810e-05, 8.6639e-05, 9.5383e-05,
         1.0072e-04, 1.0246e-04, 1.0025e-04, 9.4622e-05, 8.6427e-05, 7.6602e-05,
         6.6288e-05, 5.6404e-05, 4.7532e-05, 4.0199e-05, 3.4595e-05, 3.0792e-05,
         3.0553e-05, 3.0553e-05, 3.0553e-05, 3.0553e-05, 3.0553e-05, 3.0553e-05,
         3.0553e-05, 3.0553e-05]], dtype=torch.float64), 'xH2SO4aer': tensor([[6.9906e-08, 7.8548e-08, 9.7014e-08, 1.1682e-07, 1.4132e-07, 1.7315e-07,
         2.3458e-07, 6.5327e-07, 1.1900e-06, 1.5204e-07, 3.9870e-10, 5.7428e-11,
         2.3455e-12, 5.4966e-15, 7.9021e-16, 6.4321e-16, 7.1984e-16, 8.5662e-16,
         1.0284e-15, 1.2416e-15, 1.5019e-15, 1.8174e-15, 2.1883e-15, 2.5683e-15,
         2.8233e-15, 2.7623e-15, 2.4140e-15, 1.9190e-15, 1.4166e-15, 9.9001e-16,
         6.6651e-16, 4.4874e-16, 3.0270e-16, 2.0764e-16, 1.4755e-16, 1.1109e-16,
         9.0890e-17, 8.2570e-17, 8.2889e-17, 9.0737e-17, 1.0580e-16, 1.2859e-16,
         1.6146e-16, 2.0661e-16, 2.6676e-16, 3.4568e-16, 4.4664e-16, 5.5648e-16,
         5.6113e-16, 3.5657e-16, 1.9944e-16, 1.2877e-16, 1.0111e-16, 8.0662e-17,
         5.9928e-17, 3.9424e-17, 2.3285e-17, 1.2020e-17, 5.7856e-18, 2.4078e-18,
         9.7354e-19, 3.5079e-19, 1.2515e-19, 4.2973e-20, 1.4605e-20, 5.3174e-21,
         1.8927e-21, 7.8360e-22, 3.1961e-22, 1.3584e-22, 5.0765e-23, 1.0929e-23,
         8.6890e-24, 8.6890e-24, 8.6890e-24, 8.6890e-24, 8.6890e-24, 8.6890e-24,
         8.6890e-24, 8.6890e-24]], dtype=torch.float64), 'xS8aer': tensor([[2.1196e-34, 4.3105e-34, 1.1111e-31, 1.5996e-26, 1.3643e-22, 2.0606e-21,
         4.1315e-21, 4.7900e-21, 8.0335e-21, 8.7239e-22, 3.8854e-27, 6.5371e-29,
         7.1819e-31, 1.3529e-33, 2.6778e-35, 5.9150e-36, 6.2538e-36, 7.5397e-36,
         9.1384e-36, 1.1076e-35, 1.3419e-35, 1.6286e-35, 1.9830e-35, 2.4225e-35,
         2.9671e-35, 3.6584e-35, 4.5184e-35, 5.5863e-35, 6.9154e-35, 8.5748e-35,
         1.0654e-34, 1.3358e-34, 1.6806e-34, 2.1221e-34, 2.6918e-34, 3.4331e-34,
         4.4096e-34, 5.6936e-34, 7.3405e-34, 9.4433e-34, 1.2084e-33, 1.5260e-33,
         1.8359e-33, 1.7906e-33, 6.5772e-34, 1.0000e-40, 1.0000e-40, 1.0000e-40,
         1.0000e-40, 1.0000e-40, 1.0000e-40, 1.0000e-40, 1.0000e-40, 1.0000e-40,
         1.0000e-40, 1.0000e-40, 1.0000e-40, 1.0000e-40, 1.0000e-40, 1.0000e-40,
         1.0000e-40, 1.0000e-40, 1.0000e-40, 1.0000e-40, 1.0000e-40, 1.0000e-40,
         1.0000e-40, 1.0000e-40, 1.0000e-40, 1.0000e-40, 1.0000e-40, 1.0000e-40,
         1.0000e-40, 1.0000e-40, 1.0000e-40, 1.0000e-40, 1.0000e-40, 1.0000e-40,
         1.0000e-40, 1.0000e-40]], dtype=torch.float64)}"
1.3608e+06,222.216,0,"{'pres': tensor([[5.3000e+04, 4.2137e+04, 3.3501e+04, 2.6635e+04, 2.1176e+04, 1.6836e+04,
         1.3385e+04, 1.0642e+04, 8.4606e+03, 6.7265e+03, 5.3479e+03, 4.2518e+03,
         3.3803e+03, 2.6875e+03, 2.1367e+03, 1.6988e+03, 1.3506e+03, 1.0738e+03,
         8.5370e+02, 6.7873e+02, 5.3962e+02, 4.2902e+02, 3.4109e+02, 2.7118e+02,
         2.1560e+02, 1.7141e+02, 1.3628e+02, 1.0835e+02, 8.6141e+01, 6.8485e+01,
         5.4449e+01, 4.3289e+01, 3.4417e+01, 2.7363e+01, 2.1755e+01, 1.7296e+01,
         1.3751e+01, 1.0933e+01, 8.6918e+00, 6.9104e+00, 5.4941e+00, 4.3680e+00,
         3.4728e+00, 2.7610e+00, 2.1951e+00, 1.7452e+00, 1.3875e+00, 1.1031e+00,
         8.7703e-01, 6.9728e-01, 5.5437e-01, 4.4075e-01, 3.5041e-01, 2.7859e-01,
         2.2149e-01, 1.7610e-01, 1.4000e-01, 1.1131e-01, 8.8495e-02, 7.0358e-02,
         5.5937e-02, 4.4473e-02, 3.5358e-02, 2.8111e-02, 2.2349e-02, 1.7769e-02,
         1.4127e-02, 1.1231e-02, 8.9295e-03, 7.0993e-03, 5.6442e-03, 4.4874e-03,
         3.5677e-03, 2.8365e-03, 2.2551e-03, 1.7929e-03, 1.4254e-03, 1.1333e-03,
         9.0101e-04, 7.1634e-04]], dtype=torch.float64), 'temp': tensor([[192.0887, 186.3785, 180.3861, 173.9191, 166.9737, 159.6421, 152.1439,
         144.7135, 137.5149, 130.6258, 124.0726, 117.8393, 111.9446, 106.2944,
         100.9762, 100.0306, 100.0198, 100.0195, 100.0207, 100.0229, 100.0259,
         100.0297, 100.0346, 100.0407, 100.0482, 100.0576, 100.0692, 100.0834,
         100.1008, 100.1223, 100.1488, 100.1822, 100.2249, 100.2792, 100.3486,
         100.4382, 100.5581, 100.7477, 101.0231, 101.3274, 101.7152, 102.2280,
         102.9081, 103.8213, 105.0450, 106.6689, 108.7997, 111.5698, 115.0311,
         119.0157, 123.0454, 126.3524, 128.4287, 129.5060, 130.2158, 130.8824,
         131.4960, 132.0017, 132.4637, 132.8561, 133.2126, 133.5042, 133.7824,
         134.0037, 134.2092, 134.3747, 134.5201, 134.6427, 134.7374, 134.8245,
         134.8915, 134.9478, 134.9897, 135.0240, 135.0498, 135.0737, 135.0869,
         135.1026, 135.1131, 135.1212]], dtype=torch.float64), 'xCO2': tensor([[9.5132e-01, 8.7579e-01, 7.1112e-01, 5.3364e-01, 3.4698e-01, 1.8724e-01,
         9.0758e-02, 3.9911e-02, 1.5687e-02, 6.1114e-03, 2.0392e-03, 6.9985e-04,
         2.0787e-04, 5.5491e-05, 1.8699e-05, 1.3422e-05, 1.4893e-05, 1.8388e-05,
         2.3028e-05, 2.9036e-05, 3.6617e-05, 4.6137e-05, 5.8088e-05, 7.3085e-05,
         9.1904e-05, 1.1623e-04, 1.4700e-04, 1.8585e-04, 2.3494e-04, 2.9705e-04,
         3.7577e-04, 4.7946e-04, 6.1285e-04, 7.8530e-04, 1.0098e-03, 1.3046e-03,
         1.6972e-03, 2.2181e-03, 2.8934e-03, 3.7695e-03, 4.9078e-03, 6.3882e-03,
         8.3712e-03, 1.1000e-02, 1.4448e-02, 1.8964e-02, 2.4917e-02, 3.3005e-02,
         4.3610e-02, 5.7539e-02, 7.6422e-02, 1.0047e-01, 1.3088e-01, 1.6699e-01,
         2.0898e-01, 2.5558e-01, 3.0628e-01, 3.5916e-01, 4.1286e-01, 4.6584e-01,
         5.1666e-01, 5.6446e-01, 6.0852e-01, 6.4836e-01, 6.8419e-01, 7.1560e-01,
         7.4344e-01, 7.6743e-01, 7.8841e-01, 8.0654e-01, 8.2226e-01, 8.3598e-01,
         8.3670e-01, 8.3670e-01, 8.3670e-01, 8.3670e-01, 8.3670e-01, 8.3670e-01,
         8.3670e-01, 8.3670e-01]], dtype=torch.float64), 'xH2O': tensor([[7.6645e-07, 4.6707e-07, 1.7754e-07, 6.3947e-08, 1.9116e-08, 4.7301e-09,
         9.7971e-10, 1.6398e-10, 1.0646e-11, 7.6610e-13, 6.4155e-13, 5.3539e-13,
         4.2073e-13, 2.2035e-13, 1.2951e-13, 1.1996e-13, 1.1679e-13, 1.1000e-13,
         1.0095e-13, 9.1115e-14, 8.1430e-14, 7.2320e-14, 6.3981e-14, 5.6451e-14,
         4.9753e-14, 4.4133e-14, 3.9566e-14, 3.5952e-14, 3.3131e-14, 3.0957e-14,
         2.9330e-14, 2.8263e-14, 2.7674e-14, 2.7577e-14, 2.8017e-14, 2.9077e-14,
         3.0898e-14, 3.3917e-14, 3.8532e-14, 4.5254e-14, 5.5404e-14, 7.1515e-14,
         1.0130e-13, 1.6058e-13, 2.8845e-13, 6.0760e-13, 1.7256e-12, 7.9201e-12,
         2.5655e-11, 4.9101e-11, 7.3776e-11, 9.8971e-11, 1.2277e-10, 1.4367e-10,
         1.5919e-10, 1.6898e-10, 1.7153e-10, 1.6827e-10, 1.5928e-10, 1.4706e-10,
         1.3293e-10, 1.1863e-10, 1.0530e-10, 9.3740e-11, 8.4252e-11, 7.7251e-11,
         7.2488e-11, 7.0387e-11, 7.0687e-11, 7.3736e-11, 7.9736e-11, 8.8872e-11,
         8.9422e-11, 8.9422e-11, 8.9422e-11, 8.9422e-11, 8.9422e-11, 8.9422e-11,
         8.9422e-11, 8.9422e-11]], dtype=torch.float64), 'xSO2': tensor([[1.5651e-02, 1.1996e-02, 7.3370e-03, 4.1738e-03, 2.0609e-03, 8.7336e-04,
         3.1979e-04, 1.0057e-04, 2.6111e-05, 6.9260e-06, 1.3571e-06, 2.9421e-07,
         4.9271e-08, 6.5874e-09, 1.2746e-09, 6.6873e-10, 6.7943e-10, 8.2099e-10,
         1.0207e-09, 1.2837e-09, 1.6176e-09, 2.0382e-09, 2.5672e-09, 3.2320e-09,
         4.0675e-09, 5.1497e-09, 6.5223e-09, 8.2609e-09, 1.0466e-08, 1.3270e-08,
         1.6845e-08, 2.1600e-08, 2.7787e-08, 3.5898e-08, 4.6646e-08, 6.1107e-08,
         8.1310e-08, 1.1304e-07, 1.6163e-07, 2.3560e-07, 3.5163e-07, 5.1806e-07,
         7.4563e-07, 1.0574e-06, 1.4833e-06, 2.0668e-06, 2.8749e-06, 4.0359e-06,
         5.6444e-06, 7.8909e-06, 1.1210e-05, 1.5788e-05, 2.2176e-05, 3.0306e-05,
         4.0271e-05, 5.1538e-05, 6.3625e-05, 7.5628e-05, 8.6332e-05, 9.4944e-05,
         1.0021e-04, 1.0188e-04, 9.9689e-05, 9.4071e-05, 8.5938e-05, 7.6170e-05,
         6.5929e-05, 5.6109e-05, 4.7307e-05, 4.0019e-05, 3.4472e-05, 3.0698e-05,
         3.0519e-05, 3.0519e-05, 3.0519e-05, 3.0519e-05, 3.0519e-05, 3.0519e-05,
         3.0519e-05, 3.0519e-05]], dtype=torch.float64), 'xH2SO4aer': tensor([[6.9907e-08, 7.8551e-08, 9.7020e-08, 1.1683e-07, 1.4136e-07, 1.7326e-07,
         2.3536e-07, 6.6033e-07, 1.1803e-06, 1.4673e-07, 4.0241e-10, 5.8283e-11,
         2.3743e-12, 5.4609e-15, 7.0990e-16, 5.7166e-16, 6.3867e-16, 7.5972e-16,
         9.1183e-16, 1.1008e-15, 1.3313e-15, 1.6110e-15, 1.9413e-15, 2.2864e-15,
         2.5337e-15, 2.5078e-15, 2.2187e-15, 1.7831e-15, 1.3283e-15, 9.3508e-16,
         6.3311e-16, 4.2818e-16, 2.8984e-16, 1.9957e-16, 1.4256e-16, 1.0819e-16,
         8.9566e-17, 8.2485e-17, 8.3938e-17, 9.2927e-17, 1.0924e-16, 1.3348e-16,
         1.6821e-16, 2.1568e-16, 2.7879e-16, 3.6144e-16, 4.6703e-16, 5.7944e-16,
         5.7301e-16, 3.5887e-16, 2.0313e-16, 1.3325e-16, 1.0574e-16, 8.4394e-17,
         6.2510e-17, 4.0968e-17, 2.4165e-17, 1.2442e-17, 5.9861e-18, 2.4977e-18,
         1.0055e-18, 3.6401e-19, 1.2909e-19, 4.4613e-20, 1.5050e-20, 5.5226e-21,
         1.9748e-21, 8.1469e-22, 3.3381e-22, 1.4146e-22, 5.3158e-23, 1.1279e-23,
         9.4875e-24, 9.4875e-24, 9.4875e-24, 9.4875e-24, 9.4875e-24, 9.4875e-24,
         9.4875e-24, 9.4875e-24]], dtype=torch.float64), 'xS8aer': tensor([[2.1199e-34, 4.3116e-34, 1.1765e-31, 1.6486e-26, 1.3726e-22, 2.0645e-21,
         4.1661e-21, 4.8493e-21, 7.9518e-21, 8.3855e-22, 3.8194e-27, 6.7197e-29,
         7.3128e-31, 1.4011e-33, 2.7738e-35, 6.0371e-36, 6.2694e-36, 7.5033e-36,
         9.0982e-36, 1.1092e-35, 1.3529e-35, 1.6506e-35, 2.0150e-35, 2.4624e-35,
         3.0130e-35, 3.7106e-35, 4.5789e-35, 5.6592e-35, 7.0061e-35, 8.6896e-35,
         1.0800e-34, 1.3548e-34, 1.7048e-34, 2.1533e-34, 2.7321e-34, 3.4857e-34,
         4.4797e-34, 5.7854e-34, 7.4598e-34, 9.5964e-34, 1.2276e-33, 1.5486e-33,
         1.8538e-33, 1.7711e-33, 6.2295e-34, 1.0000e-40, 1.0000e-40, 1.0000e-40,
         1.0000e-40, 1.0000e-40, 1.0000e-40, 1.0000e-40, 1.0000e-40, 1.0000e-40,
         1.0000e-40, 1.0000e-40, 1.0000e-40, 1.0000e-40, 1.0000e-40, 1.0000e-40,
         1.0000e-40, 1.0000e-40, 1.0000e-40, 1.0000e-40, 1.0000e-40, 1.0000e-40,
         1.0000e-40, 1.0000e-40, 1.0000e-40, 1.0000e-40, 1.0000e-40, 1.0000e-40,
         1.0000e-40, 1.0000e-40, 1.0000e-40, 1.0000e-40, 1.0000e-40, 1.0000e-40,
         1.0000e-40, 1.0000e-40]], dtype=torch.float64)}"
1.3824e+06,222.224,0,"{'pres': tensor([[5.3000e+04, 4.2137e+04, 3.3501e+04, 2.6635e+04, 2.1176e+04, 1.6836e+04,
         1.3385e+04, 1.0642e+04, 8.4606e+03, 6.7265e+03, 5.3479e+03, 4.2518e+03,
         3.3803e+03, 2.6875e+03, 2.1367e+03, 1.6988e+03, 1.3506e+03, 1.0738e+03,
         8.5370e+02, 6.7873e+02, 5.3962e+02, 4.2902e+02, 3.4109e+02, 2.7118e+02,
         2.1560e+02, 1.7141e+02, 1.3628e+02, 1.0835e+02, 8.6141e+01, 6.8485e+01,
         5.4449e+01, 4.3289e+01, 3.4417e+01, 2.7363e+01, 2.1755e+01, 1.7296e+01,
         1.3751e+01, 1.0933e+01, 8.6918e+00, 6.9104e+00, 5.4941e+00, 4.3680e+00,
         3.4728e+00, 2.7610e+00, 2.1951e+00, 1.7452e+00, 1.3875e+00, 1.1031e+00,
         8.7703e-01, 6.9728e-01, 5.5437e-01, 4.4075e-01, 3.5041e-01, 2.7859e-01,
         2.2149e-01, 1.7610e-01, 1.4000e-01, 1.1131e-01, 8.8495e-02, 7.0358e-02,
         5.5937e-02, 4.4473e-02, 3.5358e-02, 2.8111e-02, 2.2349e-02, 1.7769e-02,
         1.4127e-02, 1.1231e-02, 8.9295e-03, 7.0993e-03, 5.6442e-03, 4.4874e-03,
         3.5677e-03, 2.8365e-03, 2.2551e-03, 1.7929e-03, 1.4254e-03, 1.1333e-03,
         9.0101e-04, 7.1634e-04]], dtype=torch.float64), 'temp': tensor([[192.1071, 186.3992, 180.4097, 173.9460, 167.0038, 159.6742, 152.1767,
         144.7457, 137.5459, 130.6555, 124.1007, 117.8661, 111.9700, 106.3185,
         100.9991, 100.0310, 100.0198, 100.0196, 100.0208, 100.0230, 100.0260,
         100.0299, 100.0349, 100.0410, 100.0486, 100.0581, 100.0698, 100.0842,
         100.1019, 100.1236, 100.1506, 100.1845, 100.2278, 100.2829, 100.3535,
         100.4447, 100.5667, 100.7592, 101.0384, 101.3480, 101.7429, 102.2652,
         102.9582, 103.8888, 105.1351, 106.7880, 108.9542, 111.7651, 115.2624,
         119.2616, 123.2661, 126.5047, 128.5076, 129.5456, 130.2483, 130.9126,
         131.5203, 132.0218, 132.4810, 132.8709, 133.2254, 133.5154, 133.7922,
         134.0125, 134.2171, 134.3819, 134.5267, 134.6482, 134.7430, 134.8299,
         134.8962, 134.9526, 134.9939, 135.0282, 135.0537, 135.0776, 135.0907,
         135.1063, 135.1168, 135.1249]], dtype=torch.float64), 'xCO2': tensor([[9.5143e-01, 8.7611e-01, 7.1180e-01, 5.3459e-01, 3.4810e-01, 1.8797e-01,
         9.1154e-02, 4.0107e-02, 1.5773e-02, 6.1446e-03, 2.0524e-03, 7.0426e-04,
         2.0900e-04, 5.5949e-05, 1.8839e-05, 1.3450e-05, 1.4896e-05, 1.8387e-05,
         2.3027e-05, 2.9039e-05, 3.6620e-05, 4.6140e-05, 5.8090e-05, 7.3088e-05,
         9.1908e-05, 1.1625e-04, 1.4703e-04, 1.8590e-04, 2.3502e-04, 2.9717e-04,
         3.7601e-04, 4.7986e-04, 6.1347e-04, 7.8630e-04, 1.0114e-03, 1.3072e-03,
         1.7017e-03, 2.2247e-03, 2.9026e-03, 3.7821e-03, 4.9245e-03, 6.4098e-03,
         8.4015e-03, 1.1038e-02, 1.4494e-02, 1.9017e-02, 2.4991e-02, 3.3088e-02,
         4.3699e-02, 5.7671e-02, 7.6538e-02, 1.0054e-01, 1.3088e-01, 1.6680e-01,
         2.0858e-01, 2.5490e-01, 3.0533e-01, 3.5790e-01, 4.1130e-01, 4.6400e-01,
         5.1459e-01, 5.6218e-01, 6.0610e-01, 6.4579e-01, 6.8154e-01, 7.1283e-01,
         7.4057e-01, 7.6451e-01, 7.8540e-01, 8.0348e-01, 8.1912e-01, 8.3278e-01,
         8.3326e-01, 8.3326e-01, 8.3326e-01, 8.3326e-01, 8.3326e-01, 8.3326e-01,
         8.3326e-01, 8.3326e-01]], dtype=torch.float64), 'xH2O': tensor([[7.6885e-07, 4.6867e-07, 1.7831e-07, 6.4287e-08, 1.9236e-08, 4.7643e-09,
         9.8778e-10, 1.6557e-10, 1.0912e-11, 7.7635e-13, 6.4216e-13, 5.3654e-13,
         4.2297e-13, 2.2226e-13, 1.3049e-13, 1.2072e-13, 1.1767e-13, 1.1099e-13,
         1.0202e-13, 9.2241e-14, 8.2581e-14, 7.3475e-14, 6.5131e-14, 5.7599e-14,
         5.0896e-14, 4.5245e-14, 4.0614e-14, 3.6922e-14, 3.4023e-14, 3.1780e-14,
         3.0095e-14, 2.8980e-14, 2.8351e-14, 2.8224e-14, 2.8642e-14, 2.9691e-14,
         3.1518e-14, 3.4558e-14, 3.9225e-14, 4.6057e-14, 5.6423e-14, 7.2951e-14,
         1.0383e-13, 1.6550e-13, 2.9956e-13, 6.3766e-13, 1.8665e-12, 8.6167e-12,
         2.7063e-11, 5.0873e-11, 7.5968e-11, 1.0161e-10, 1.2572e-10, 1.4690e-10,
         1.6249e-10, 1.7233e-10, 1.7475e-10, 1.7130e-10, 1.6211e-10, 1.4964e-10,
         1.3526e-10, 1.2071e-10, 1.0715e-10, 9.5394e-11, 8.5725e-11, 7.8611e-11,
         7.3776e-11, 7.1624e-11, 7.1950e-11, 7.5052e-11, 8.1200e-11, 9.0515e-11,
         9.0891e-11, 9.0891e-11, 9.0891e-11, 9.0891e-11, 9.0891e-11, 9.0891e-11,
         9.0891e-11, 9.0891e-11]], dtype=torch.float64), 'xSO2': tensor([[1.5681e-02, 1.2022e-02, 7.3574e-03, 4.1883e-03, 2.0696e-03, 8.7769e-04,
         3.2161e-04, 1.0123e-04, 2.6311e-05, 6.9774e-06, 1.3699e-06, 2.9687e-07,
         4.9611e-08, 6.6693e-09, 1.2889e-09, 6.7084e-10, 6.7954e-10, 8.2079e-10,
         1.0203e-09, 1.2835e-09, 1.6173e-09, 2.0378e-09, 2.5667e-09, 3.2314e-09,
         4.0668e-09, 5.1500e-09, 6.5230e-09, 8.2624e-09, 1.0469e-08, 1.3275e-08,
         1.6856e-08, 2.1621e-08, 2.7823e-08, 3.5959e-08, 4.6750e-08, 6.1284e-08,
         8.1663e-08, 1.1369e-07, 1.6284e-07, 2.3791e-07, 3.5594e-07, 5.2414e-07,
         7.5453e-07, 1.0700e-06, 1.5011e-06, 2.0913e-06, 2.9101e-06, 4.0832e-06,
         5.7066e-06, 7.9803e-06, 1.1322e-05, 1.5924e-05, 2.2336e-05, 3.0449e-05,
         4.0380e-05, 5.1568e-05, 6.3556e-05, 7.5429e-05, 8.6018e-05, 9.4500e-05,
         9.9706e-05, 1.0131e-04, 9.9124e-05, 9.3514e-05, 8.5442e-05, 7.5729e-05,
         6.5561e-05, 5.5805e-05, 4.7073e-05, 3.9832e-05, 3.4342e-05, 3.0599e-05,
         3.0478e-05, 3.0478e-05, 3.0478e-05, 3.0478e-05, 3.0478e-05, 3.0478e-05,
         3.0478e-05, 3.0478e-05]], dtype=torch.float64), 'xH2SO4aer': tensor([[6.9909e-08, 7.8554e-08, 9.7026e-08, 1.1684e-07, 1.4139e-07, 1.7337e-07,
         2.3614e-07, 6.6732e-07, 1.1704e-06, 1.4162e-07, 4.0613e-10, 5.9147e-11,
         2.4028e-12, 5.4552e-15, 6.3957e-16, 5.0905e-16, 5.6768e-16, 6.7496e-16,
         8.0987e-16, 9.7761e-16, 1.1821e-15, 1.4302e-15, 1.7246e-15, 2.0374e-15,
         2.2742e-15, 2.2756e-15, 2.0373e-15, 1.6551e-15, 1.2441e-15, 8.8223e-16,
         6.0101e-16, 4.0825e-16, 2.7741e-16, 1.9184e-16, 1.3786e-16, 1.0557e-16,
         8.8505e-17, 8.2673e-17, 8.5287e-17, 9.5461e-17, 1.1308e-16, 1.3887e-16,
         1.7559e-16, 2.2554e-16, 2.9183e-16, 3.7851e-16, 4.8907e-16, 6.0414e-16,
         5.8543e-16, 3.6151e-16, 2.0703e-16, 1.3790e-16, 1.1048e-16, 8.8208e-17,
         6.5130e-17, 4.2527e-17, 2.5052e-17, 1.2902e-17, 6.1870e-18, 2.5883e-18,
         1.0375e-18, 3.7736e-19, 1.3302e-19, 4.6274e-20, 1.5493e-20, 5.7317e-21,
         2.0593e-21, 8.4656e-22, 3.4852e-22, 1.4725e-22, 5.5630e-23, 1.1613e-23,
         1.0330e-23, 1.0330e-23, 1.0330e-23, 1.0330e-23, 1.0330e-23, 1.0330e-23,
         1.0330e-23, 1.0330e-23]], dtype=torch.float64), 'xS8aer': tensor([[2.1201e-34, 4.3127e-34, 1.2448e-31, 1.6983e-26, 1.3808e-22, 2.0684e-21,
         4.2007e-21, 4.9080e-21, 7.8697e-21, 8.0616e-22, 3.7818e-27, 6.9070e-29,
         7.4434e-31, 1.4507e-33, 2.8501e-35, 6.1174e-36, 6.3394e-36, 7.5840e-36,
         9.1930e-36, 1.1206e-35, 1.3670e-35, 1.6681e-35, 2.0370e-35, 2.4900e-35,
         3.0474e-35, 3.7542e-35, 4.6331e-35, 5.7265e-35, 7.0900e-35, 8.7942e-35,
         1.0932e-34, 1.3716e-34, 1.7262e-34, 2.1807e-34, 2.7675e-34, 3.5320e-34,
         4.5416e-34, 5.8666e-34, 7.5651e-34, 9.7311e-34, 1.2443e-33, 1.5679e-33,
         1.8663e-33, 1.7419e-33, 5.8387e-34, 1.0000e-40, 1.0000e-40, 1.0000e-40,
         1.0000e-40, 1.0000e-40, 1.0000e-40, 1.0000e-40, 1.0000e-40, 1.0000e-40,
         1.0000e-40, 1.0000e-40, 1.0000e-40, 1.0000e-40, 1.0000e-40, 1.0000e-40,
         1.0000e-40, 1.0000e-40, 1.0000e-40, 1.0000e-40, 1.0000e-40, 1.0000e-40,
         1.0000e-40, 1.0000e-40, 1.0000e-40, 1.0000e-40, 1.0000e-40, 1.0000e-40,
         1.0000e-40, 1.0000e-40, 1.0000e-40, 1.0000e-40, 1.0000e-40, 1.0000e-40,
         1.0000e-40, 1.0000e-40]], dtype=torch.float64)}"
1.404e+06,222.233,0,"{'pres': tensor([[5.3000e+04, 4.2137e+04, 3.3501e+04, 2.6635e+04, 2.1176e+04, 1.6836e+04,
         1.3385e+04, 1.0642e+04, 8.4606e+03, 6.7265e+03, 5.3479e+03, 4.2518e+03,
         3.3803e+03, 2.6875e+03, 2.1367e+03, 1.6988e+03, 1.3506e+03, 1.0738e+03,
         8.5370e+02, 6.7873e+02, 5.3962e+02, 4.2902e+02, 3.4109e+02, 2.7118e+02,
         2.1560e+02, 1.7141e+02, 1.3628e+02, 1.0835e+02, 8.6141e+01, 6.8485e+01,
         5.4449e+01, 4.3289e+01, 3.4417e+01, 2.7363e+01, 2.1755e+01, 1.7296e+01,
         1.3751e+01, 1.0933e+01, 8.6918e+00, 6.9104e+00, 5.4941e+00, 4.3680e+00,
         3.4728e+00, 2.7610e+00, 2.1951e+00, 1.7452e+00, 1.3875e+00, 1.1031e+00,
         8.7703e-01, 6.9728e-01, 5.5437e-01, 4.4075e-01, 3.5041e-01, 2.7859e-01,
         2.2149e-01, 1.7610e-01, 1.4000e-01, 1.1131e-01, 8.8495e-02, 7.0358e-02,
         5.5937e-02, 4.4473e-02, 3.5358e-02, 2.8111e-02, 2.2349e-02, 1.7769e-02,
         1.4127e-02, 1.1231e-02, 8.9295e-03, 7.0993e-03, 5.6442e-03, 4.4874e-03,
         3.5677e-03, 2.8365e-03, 2.2551e-03, 1.7929e-03, 1.4254e-03, 1.1333e-03,
         9.0101e-04, 7.1634e-04]], dtype=torch.float64), 'temp': tensor([[192.1254, 186.4199, 180.4333, 173.9730, 167.0338, 159.7063, 152.2094,
         144.7779, 137.5769, 130.6851, 124.1289, 117.8928, 111.9955, 106.3426,
         101.0220, 100.0314, 100.0199, 100.0197, 100.0209, 100.0231, 100.0262,
         100.0301, 100.0351, 100.0414, 100.0490, 100.0586, 100.0705, 100.0851,
         100.1029, 100.1250, 100.1523, 100.1867, 100.2307, 100.2867, 100.3584,
         100.4512, 100.5754, 100.7707, 101.0538, 101.3686, 101.7707, 102.3026,
         103.0086, 103.9566, 105.2256, 106.9074, 109.1090, 111.9600, 115.4920,
         119.5039, 123.4807, 126.6504, 128.5822, 129.5836, 130.2804, 130.9422,
         131.5439, 132.0415, 132.4980, 132.8853, 133.2379, 133.5264, 133.8019,
         134.0211, 134.2247, 134.3889, 134.5331, 134.6538, 134.7484, 134.8350,
         134.9007, 134.9572, 134.9980, 135.0323, 135.0575, 135.0814, 135.0943,
         135.1099, 135.1203, 135.1284]], dtype=torch.float64), 'xCO2': tensor([[9.5153e-01, 8.7642e-01, 7.1248e-01, 5.3552e-01, 3.4921e-01, 1.8870e-01,
         9.1552e-02, 4.0303e-02, 1.5861e-02, 6.1780e-03, 2.0657e-03, 7.0869e-04,
         2.1014e-04, 5.6409e-05, 1.8981e-05, 1.3479e-05, 1.4900e-05, 1.8387e-05,
         2.3026e-05, 2.9042e-05, 3.6623e-05, 4.6143e-05, 5.8093e-05, 7.3091e-05,
         9.1912e-05, 1.1628e-04, 1.4707e-04, 1.8595e-04, 2.3510e-04, 2.9728e-04,
         3.7627e-04, 4.8025e-04, 6.1410e-04, 7.8729e-04, 1.0130e-03, 1.3099e-03,
         1.7062e-03, 2.2313e-03, 2.9118e-03, 3.7946e-03, 4.9411e-03, 6.4313e-03,
         8.4314e-03, 1.1075e-02, 1.4539e-02, 1.9070e-02, 2.5063e-02, 3.3169e-02,
         4.3787e-02, 5.7799e-02, 7.6650e-02, 1.0061e-01, 1.3088e-01, 1.6660e-01,
         2.0819e-01, 2.5422e-01, 3.0437e-01, 3.5663e-01, 4.0974e-01, 4.6215e-01,
         5.1253e-01, 5.5990e-01, 6.0368e-01, 6.4321e-01, 6.7888e-01, 7.1005e-01,
         7.3770e-01, 7.6158e-01, 7.8238e-01, 8.0042e-01, 8.1597e-01, 8.2956e-01,
         8.2981e-01, 8.2981e-01, 8.2981e-01, 8.2981e-01, 8.2981e-01, 8.2981e-01,
         8.2981e-01, 8.2981e-01]], dtype=torch.float64), 'xH2O': tensor([[7.7125e-07, 4.7028e-07, 1.7909e-07, 6.4628e-08, 1.9358e-08, 4.7988e-09,
         9.9591e-10, 1.6718e-10, 1.1186e-11, 7.8687e-13, 6.4274e-13, 5.3765e-13,
         4.2518e-13, 2.2416e-13, 1.3147e-13, 1.2147e-13, 1.1853e-13, 1.1197e-13,
         1.0309e-13, 9.3354e-14, 8.3720e-14, 7.4620e-14, 6.6270e-14, 5.8732e-14,
         5.2022e-14, 4.6342e-14, 4.1652e-14, 3.7886e-14, 3.4914e-14, 3.2603e-14,
         3.0861e-14, 2.9698e-14, 2.9031e-14, 2.8873e-14, 2.9270e-14, 3.0308e-14,
         3.2141e-14, 3.5203e-14, 3.9923e-14, 4.6868e-14, 5.7453e-14, 7.4408e-14,
         1.0642e-13, 1.7058e-13, 3.1111e-13, 6.6927e-13, 2.0193e-12, 9.3678e-12,
         2.8529e-11, 5.2688e-11, 7.8188e-11, 1.0426e-10, 1.2870e-10, 1.5013e-10,
         1.6580e-10, 1.7570e-10, 1.7798e-10, 1.7434e-10, 1.6496e-10, 1.5223e-10,
         1.3760e-10, 1.2281e-10, 1.0900e-10, 9.7064e-11, 8.7217e-11, 7.9994e-11,
         7.5090e-11, 7.2890e-11, 7.3247e-11, 7.6405e-11, 8.2709e-11, 9.2210e-11,
         9.2408e-11, 9.2408e-11, 9.2408e-11, 9.2408e-11, 9.2408e-11, 9.2408e-11,
         9.2408e-11, 9.2408e-11]], dtype=torch.float64), 'xSO2': tensor([[1.5712e-02, 1.2048e-02, 7.3778e-03, 4.2028e-03, 2.0783e-03, 8.8205e-04,
         3.2344e-04, 1.0190e-04, 2.6513e-05, 7.0291e-06, 1.3828e-06, 2.9955e-07,
         4.9950e-08, 6.7522e-09, 1.3033e-09, 6.7297e-10, 6.7967e-10, 8.2060e-10,
         1.0200e-09, 1.2832e-09, 1.6170e-09, 2.0374e-09, 2.5662e-09, 3.2308e-09,
         4.0661e-09, 5.1503e-09, 6.5238e-09, 8.2639e-09, 1.0472e-08, 1.3280e-08,
         1.6869e-08, 2.1643e-08, 2.7859e-08, 3.6020e-08, 4.6854e-08, 6.1463e-08,
         8.2019e-08, 1.1435e-07, 1.6407e-07, 2.4025e-07, 3.6031e-07, 5.3027e-07,
         7.6348e-07, 1.0827e-06, 1.5189e-06, 2.1157e-06, 2.9451e-06, 4.1300e-06,
         5.7681e-06, 8.0685e-06, 1.1433e-05, 1.6057e-05, 2.2491e-05, 3.0584e-05,
         4.0480e-05, 5.1589e-05, 6.3477e-05, 7.5222e-05, 8.5697e-05, 9.4051e-05,
         9.9194e-05, 1.0073e-04, 9.8554e-05, 9.2949e-05, 8.4938e-05, 7.5280e-05,
         6.5185e-05, 5.5494e-05, 4.6833e-05, 3.9638e-05, 3.4206e-05, 3.0493e-05,
         3.0430e-05, 3.0430e-05, 3.0430e-05, 3.0430e-05, 3.0430e-05, 3.0430e-05,
         3.0430e-05, 3.0430e-05]], dtype=torch.float64), 'xH2SO4aer': tensor([[6.9911e-08, 7.8557e-08, 9.7032e-08, 1.1686e-07, 1.4143e-07, 1.7347e-07,
         2.3692e-07, 6.7425e-07, 1.1605e-06, 1.3671e-07, 4.0988e-10, 6.0017e-11,
         2.4309e-12, 5.4767e-15, 5.7791e-16, 4.5418e-16, 5.0551e-16, 6.0071e-16,
         7.2053e-16, 8.6960e-16, 1.0512e-15, 1.2717e-15, 1.5341e-15, 1.8171e-15,
         2.0419e-15, 2.0641e-15, 1.8693e-15, 1.5347e-15, 1.1640e-15, 8.3153e-16,
         5.7009e-16, 3.8899e-16, 2.6544e-16, 1.8446e-16, 1.3347e-16, 1.0321e-16,
         8.7711e-17, 8.3143e-17, 8.6946e-17, 9.8351e-17, 1.1735e-16, 1.4478e-16,
         1.8362e-16, 2.3624e-16, 3.0595e-16, 3.9698e-16, 5.1289e-16, 6.3069e-16,
         5.9839e-16, 3.6451e-16, 2.1113e-16, 1.4272e-16, 1.1535e-16, 9.2101e-17,
         6.7784e-17, 4.4098e-17, 2.5944e-17, 1.3366e-17, 6.3878e-18, 2.6795e-18,
         1.0692e-18, 3.9081e-19, 1.3692e-19, 4.7955e-20, 1.5933e-20, 5.9446e-21,
         2.1463e-21, 8.7923e-22, 3.6375e-22, 1.5322e-22, 5.8180e-23, 1.1928e-23,
         1.1219e-23, 1.1219e-23, 1.1219e-23, 1.1219e-23, 1.1219e-23, 1.1219e-23,
         1.1219e-23, 1.1219e-23]], dtype=torch.float64), 'xS8aer': tensor([[2.1204e-34, 4.3139e-34, 1.3159e-31, 1.7488e-26, 1.3890e-22, 2.0724e-21,
         4.2352e-21, 4.9663e-21, 7.7875e-21, 7.7517e-22, 3.7680e-27, 7.0991e-29,
         7.5735e-31, 1.5019e-33, 2.9148e-35, 6.1275e-36, 6.3759e-36, 7.6632e-36,
         9.3109e-36, 1.1355e-35, 1.3840e-35, 1.6869e-35, 2.0581e-35, 2.5144e-35,
         3.0768e-35, 3.7912e-35, 4.6795e-35, 5.7849e-35, 7.1631e-35, 8.8857e-35,
         1.1049e-34, 1.3863e-34, 1.7449e-34, 2.2047e-34, 2.7985e-34, 3.5726e-34,
         4.5961e-34, 5.9380e-34, 7.6576e-34, 9.8488e-34, 1.2588e-33, 1.5840e-33,
         1.8738e-33, 1.7030e-33, 5.4085e-34, 1.0000e-40, 1.0000e-40, 1.0000e-40,
         1.0000e-40, 1.0000e-40, 1.0000e-40, 1.0000e-40, 1.0000e-40, 1.0000e-40,
         1.0000e-40, 1.0000e-40, 1.0000e-40, 1.0000e-40, 1.0000e-40, 1.0000e-40,
         1.0000e-40, 1.0000e-40, 1.0000e-40, 1.0000e-40, 1.0000e-40, 1.0000e-40,
         1.0000e-40, 1.0000e-40, 1.0000e-40, 1.0000e-40, 1.0000e-40, 1.0000e-40,
         1.0000e-40, 1.0000e-40, 1.0000e-40, 1.0000e-40, 1.0000e-40, 1.0000e-40,
         1.0000e-40, 1.0000e-40]], dtype=torch.float64)}"
1.4256e+06,222.241,0,"{'pres': tensor([[5.3000e+04, 4.2137e+04, 3.3501e+04, 2.6635e+04, 2.1176e+04, 1.6836e+04,
         1.3385e+04, 1.0642e+04, 8.4606e+03, 6.7265e+03, 5.3479e+03, 4.2518e+03,
         3.3803e+03, 2.6875e+03, 2.1367e+03, 1.6988e+03, 1.3506e+03, 1.0738e+03,
         8.5370e+02, 6.7873e+02, 5.3962e+02, 4.2902e+02, 3.4109e+02, 2.7118e+02,
         2.1560e+02, 1.7141e+02, 1.3628e+02, 1.0835e+02, 8.6141e+01, 6.8485e+01,
         5.4449e+01, 4.3289e+01, 3.4417e+01, 2.7363e+01, 2.1755e+01, 1.7296e+01,
         1.3751e+01, 1.0933e+01, 8.6918e+00, 6.9104e+00, 5.4941e+00, 4.3680e+00,
         3.4728e+00, 2.7610e+00, 2.1951e+00, 1.7452e+00, 1.3875e+00, 1.1031e+00,
         8.7703e-01, 6.9728e-01, 5.5437e-01, 4.4075e-01, 3.5041e-01, 2.7859e-01,
         2.2149e-01, 1.7610e-01, 1.4000e-01, 1.1131e-01, 8.8495e-02, 7.0358e-02,
         5.5937e-02, 4.4473e-02, 3.5358e-02, 2.8111e-02, 2.2349e-02, 1.7769e-02,
         1.4127e-02, 1.1231e-02, 8.9295e-03, 7.0993e-03, 5.6442e-03, 4.4874e-03,
         3.5677e-03, 2.8365e-03, 2.2551e-03, 1.7929e-03, 1.4254e-03, 1.1333e-03,
         9.0101e-04, 7.1634e-04]], dtype=torch.float64), 'temp': tensor([[192.1438, 186.4407, 180.4569, 173.9999, 167.0639, 159.7385, 152.2421,
         144.8101, 137.6080, 130.7147, 124.1571, 117.9196, 112.0209, 106.3668,
         101.0450, 100.0318, 100.0200, 100.0197, 100.0210, 100.0233, 100.0263,
         100.0303, 100.0354, 100.0417, 100.0495, 100.0591, 100.0711, 100.0859,
         100.1040, 100.1263, 100.1540, 100.1890, 100.2336, 100.2905, 100.3634,
         100.4577, 100.5840, 100.7822, 101.0692, 101.3894, 101.7987, 102.3402,
         103.0593, 104.0247, 105.3165, 107.0272, 109.2640, 112.1547, 115.7199,
         119.7425, 123.6892, 126.7896, 128.6526, 129.6204, 130.3120, 130.9711,
         131.5669, 132.0608, 132.5146, 132.8995, 133.2501, 133.5372, 133.8113,
         134.0295, 134.2322, 134.3957, 134.5394, 134.6593, 134.7536, 134.8400,
         134.9051, 134.9617, 135.0018, 135.0363, 135.0612, 135.0850, 135.0979,
         135.1134, 135.1237, 135.1318]], dtype=torch.float64), 'xCO2': tensor([[9.5164e-01, 8.7672e-01, 7.1315e-01, 5.3645e-01, 3.5033e-01, 1.8943e-01,
         9.1951e-02, 4.0499e-02, 1.5948e-02, 6.2115e-03, 2.0791e-03, 7.1314e-04,
         2.1128e-04, 5.6873e-05, 1.9123e-05, 1.3507e-05, 1.4903e-05, 1.8387e-05,
         2.3024e-05, 2.9045e-05, 3.6625e-05, 4.6146e-05, 5.8096e-05, 7.3094e-05,
         9.1916e-05, 1.1631e-04, 1.4711e-04, 1.8601e-04, 2.3517e-04, 2.9740e-04,
         3.7653e-04, 4.8065e-04, 6.1472e-04, 7.8829e-04, 1.0146e-03, 1.3125e-03,
         1.7108e-03, 2.2378e-03, 2.9209e-03, 3.8070e-03, 4.9576e-03, 6.4526e-03,
         8.4610e-03, 1.1112e-02, 1.4583e-02, 1.9122e-02, 2.5134e-02, 3.3249e-02,
         4.3873e-02, 5.7924e-02, 7.6757e-02, 1.0068e-01, 1.3086e-01, 1.6639e-01,
         2.0778e-01, 2.5356e-01, 3.0341e-01, 3.5537e-01, 4.0818e-01, 4.6031e-01,
         5.1047e-01, 5.5761e-01, 6.0126e-01, 6.4063e-01, 6.7621e-01, 7.0727e-01,
         7.3481e-01, 7.5864e-01, 7.7936e-01, 7.9734e-01, 8.1280e-01, 8.2634e-01,
         8.2636e-01, 8.2636e-01, 8.2636e-01, 8.2636e-01, 8.2636e-01, 8.2636e-01,
         8.2636e-01, 8.2636e-01]], dtype=torch.float64), 'xH2O': tensor([[7.7365e-07, 4.7189e-07, 1.7987e-07, 6.4971e-08, 1.9480e-08, 4.8335e-09,
         1.0041e-09, 1.6879e-10, 1.1470e-11, 7.9766e-13, 6.4330e-13, 5.3873e-13,
         4.2738e-13, 2.2605e-13, 1.3244e-13, 1.2221e-13, 1.1937e-13, 1.1294e-13,
         1.0414e-13, 9.4454e-14, 8.4848e-14, 7.5754e-14, 6.7398e-14, 5.9852e-14,
         5.3133e-14, 4.7426e-14, 4.2680e-14, 3.8845e-14, 3.5802e-14, 3.3426e-14,
         3.1629e-14, 3.0419e-14, 2.9713e-14, 2.9525e-14, 2.9901e-14, 3.0930e-14,
         3.2769e-14, 3.5851e-14, 4.0626e-14, 4.7684e-14, 5.8495e-14, 7.5888e-14,
         1.0907e-13, 1.7582e-13, 3.2311e-13, 7.0250e-13, 2.1847e-12, 1.0177e-11,
         3.0056e-11, 5.4548e-11, 8.0440e-11, 1.0694e-10, 1.3168e-10, 1.5337e-10,
         1.6912e-10, 1.7901e-10, 1.8121e-10, 1.7738e-10, 1.6781e-10, 1.5482e-10,
         1.3994e-10, 1.2491e-10, 1.1088e-10, 9.8751e-11, 8.8728e-11, 8.1398e-11,
         7.6429e-11, 7.4185e-11, 7.4577e-11, 7.7797e-11, 8.4262e-11, 9.3955e-11,
         9.3972e-11, 9.3972e-11, 9.3972e-11, 9.3972e-11, 9.3972e-11, 9.3972e-11,
         9.3972e-11, 9.3972e-11]], dtype=torch.float64), 'xSO2': tensor([[1.5742e-02, 1.2075e-02, 7.3983e-03, 4.2173e-03, 2.0871e-03, 8.8643e-04,
         3.2527e-04, 1.0256e-04, 2.6717e-05, 7.0811e-06, 1.3957e-06, 3.0224e-07,
         5.0290e-08, 6.8360e-09, 1.3179e-09, 6.7510e-10, 6.7980e-10, 8.2042e-10,
         1.0197e-09, 1.2830e-09, 1.6167e-09, 2.0370e-09, 2.5657e-09, 3.2302e-09,
         4.0655e-09, 5.1507e-09, 6.5245e-09, 8.2654e-09, 1.0475e-08, 1.3285e-08,
         1.6882e-08, 2.1665e-08, 2.7896e-08, 3.6082e-08, 4.6959e-08, 6.1642e-08,
         8.2378e-08, 1.1501e-07, 1.6531e-07, 2.4262e-07, 3.6475e-07, 5.3646e-07,
         7.7250e-07, 1.0955e-06, 1.5367e-06, 2.1400e-06, 2.9799e-06, 4.1764e-06,
         5.8288e-06, 8.1555e-06, 1.1541e-05, 1.6186e-05, 2.2639e-05, 3.0713e-05,
         4.0571e-05, 5.1605e-05, 6.3390e-05, 7.5008e-05, 8.5370e-05, 9.3596e-05,
         9.8676e-05, 1.0014e-04, 9.7977e-05, 9.2379e-05, 8.4426e-05, 7.4823e-05,
         6.4802e-05, 5.5175e-05, 4.6585e-05, 3.9438e-05, 3.4064e-05, 3.0381e-05,
         3.0376e-05, 3.0376e-05, 3.0376e-05, 3.0376e-05, 3.0376e-05, 3.0376e-05,
         3.0376e-05, 3.0376e-05]], dtype=torch.float64), 'xH2SO4aer': tensor([[6.9913e-08, 7.8561e-08, 9.7039e-08, 1.1687e-07, 1.4146e-07, 1.7357e-07,
         2.3772e-07, 6.8112e-07, 1.1505e-06, 1.3199e-07, 4.1364e-10, 6.0895e-11,
         2.4585e-12, 5.5230e-15, 5.2380e-16, 4.0601e-16, 4.5096e-16, 5.3557e-16,
         6.4213e-16, 7.7479e-16, 9.3626e-16, 1.1324e-15, 1.3665e-15, 1.6223e-15,
         1.8340e-15, 1.8719e-15, 1.7140e-15, 1.4218e-15, 1.0880e-15, 7.8302e-16,
         5.4032e-16, 3.7043e-16, 2.5394e-16, 1.7744e-16, 1.2937e-16, 1.0113e-16,
         8.7185e-17, 8.3895e-17, 8.8919e-17, 1.0160e-16, 1.2206e-16, 1.5122e-16,
         1.9234e-16, 2.4783e-16, 3.2122e-16, 4.1692e-16, 5.3858e-16, 6.5919e-16,
         6.1192e-16, 3.6790e-16, 2.1545e-16, 1.4772e-16, 1.2033e-16, 9.6071e-17,
         7.0475e-17, 4.5723e-17, 2.6841e-17, 1.3832e-17, 6.5883e-18, 2.7711e-18,
         1.1008e-18, 4.0435e-19, 1.4077e-19, 4.9654e-20, 1.6369e-20, 6.1611e-21,
         2.2359e-21, 9.1271e-22, 3.7950e-22, 1.5935e-22, 6.0806e-23, 1.2219e-23,
         1.2156e-23, 1.2156e-23, 1.2156e-23, 1.2156e-23, 1.2156e-23, 1.2156e-23,
         1.2156e-23, 1.2156e-23]], dtype=torch.float64), 'xS8aer': tensor([[2.1207e-34, 4.3150e-34, 1.3900e-31, 1.7999e-26, 1.3972e-22, 2.0763e-21,
         4.2697e-21, 5.0240e-21, 7.7052e-21, 7.4549e-22, 3.7743e-27, 7.2961e-29,
         7.7030e-31, 1.5551e-33, 2.9981e-35, 6.1847e-36, 6.3900e-36, 7.6636e-36,
         9.3114e-36, 1.1374e-35, 1.3890e-35, 1.6960e-35, 2.0717e-35, 2.5329e-35,
         3.1002e-35, 3.8208e-35, 4.7158e-35, 5.8296e-35, 7.2185e-35, 8.9550e-35,
         1.1138e-34, 1.3977e-34, 1.7595e-34, 2.2236e-34, 2.8233e-34, 3.6054e-34,
         4.6407e-34, 5.9966e-34, 7.7337e-34, 9.9456e-34, 1.2706e-33, 1.5965e-33,
         1.8756e-33, 1.6538e-33, 4.9395e-34, 1.0000e-40, 1.0000e-40, 1.0000e-40,
         1.0000e-40, 1.0000e-40, 1.0000e-40, 1.0000e-40, 1.0000e-40, 1.0000e-40,
         1.0000e-40, 1.0000e-40, 1.0000e-40, 1.0000e-40, 1.0000e-40, 1.0000e-40,
         1.0000e-40, 1.0000e-40, 1.0000e-40, 1.0000e-40, 1.0000e-40, 1.0000e-40,
         1.0000e-40, 1.0000e-40, 1.0000e-40, 1.0000e-40, 1.0000e-40, 1.0000e-40,
         1.0000e-40, 1.0000e-40, 1.0000e-40, 1.0000e-40, 1.0000e-40, 1.0000e-40,
         1.0000e-40, 1.0000e-40]], dtype=torch.float64)}"
1.4472e+06,222.25,0,"{'pres': tensor([[5.3000e+04, 4.2137e+04, 3.3501e+04, 2.6635e+04, 2.1176e+04, 1.6836e+04,
         1.3385e+04, 1.0642e+04, 8.4606e+03, 6.7265e+03, 5.3479e+03, 4.2518e+03,
         3.3803e+03, 2.6875e+03, 2.1367e+03, 1.6988e+03, 1.3506e+03, 1.0738e+03,
         8.5370e+02, 6.7873e+02, 5.3962e+02, 4.2902e+02, 3.4109e+02, 2.7118e+02,
         2.1560e+02, 1.7141e+02, 1.3628e+02, 1.0835e+02, 8.6141e+01, 6.8485e+01,
         5.4449e+01, 4.3289e+01, 3.4417e+01, 2.7363e+01, 2.1755e+01, 1.7296e+01,
         1.3751e+01, 1.0933e+01, 8.6918e+00, 6.9104e+00, 5.4941e+00, 4.3680e+00,
         3.4728e+00, 2.7610e+00, 2.1951e+00, 1.7452e+00, 1.3875e+00, 1.1031e+00,
         8.7703e-01, 6.9728e-01, 5.5437e-01, 4.4075e-01, 3.5041e-01, 2.7859e-01,
         2.2149e-01, 1.7610e-01, 1.4000e-01, 1.1131e-01, 8.8495e-02, 7.0358e-02,
         5.5937e-02, 4.4473e-02, 3.5358e-02, 2.8111e-02, 2.2349e-02, 1.7769e-02,
         1.4127e-02, 1.1231e-02, 8.9295e-03, 7.0993e-03, 5.6442e-03, 4.4874e-03,
         3.5677e-03, 2.8365e-03, 2.2551e-03, 1.7929e-03, 1.4254e-03, 1.1333e-03,
         9.0101e-04, 7.1634e-04]], dtype=torch.float64), 'temp': tensor([[192.1621, 186.4614, 180.4805, 174.0268, 167.0939, 159.7706, 152.2749,
         144.8423, 137.6390, 130.7443, 124.1853, 117.9464, 112.0463, 106.3909,
         101.0679, 100.0322, 100.0200, 100.0198, 100.0211, 100.0234, 100.0265,
         100.0305, 100.0356, 100.0420, 100.0499, 100.0596, 100.0718, 100.0867,
         100.1051, 100.1277, 100.1558, 100.1913, 100.2365, 100.2943, 100.3684,
         100.4643, 100.5927, 100.7939, 101.0848, 101.4103, 101.8268, 102.3780,
         103.1103, 104.0931, 105.4078, 107.1474, 109.4193, 112.3490, 115.9466,
         119.9773, 123.8918, 126.9226, 128.7193, 129.6559, 130.3431, 130.9994,
         131.5895, 132.0797, 132.5310, 132.9134, 133.2621, 133.5478, 133.8206,
         134.0378, 134.2395, 134.4023, 134.5455, 134.6646, 134.7587, 134.8448,
         134.9093, 134.9660, 135.0056, 135.0401, 135.0648, 135.0885, 135.1013,
         135.1167, 135.1270, 135.1350]], dtype=torch.float64), 'xCO2': tensor([[9.5174e-01, 8.7703e-01, 7.1382e-01, 5.3738e-01, 3.5146e-01, 1.9016e-01,
         9.2352e-02, 4.0697e-02, 1.6036e-02, 6.2451e-03, 2.0926e-03, 7.1761e-04,
         2.1242e-04, 5.7340e-05, 1.9265e-05, 1.3535e-05, 1.4906e-05, 1.8386e-05,
         2.3023e-05, 2.9048e-05, 3.6628e-05, 4.6148e-05, 5.8099e-05, 7.3097e-05,
         9.1934e-05, 1.1634e-04, 1.4714e-04, 1.8606e-04, 2.3525e-04, 2.9751e-04,
         3.7679e-04, 4.8105e-04, 6.1534e-04, 7.8929e-04, 1.0163e-03, 1.3152e-03,
         1.7153e-03, 2.2444e-03, 2.9300e-03, 3.8193e-03, 4.9740e-03, 6.4737e-03,
         8.4904e-03, 1.1148e-02, 1.4627e-02, 1.9173e-02, 2.5204e-02, 3.3327e-02,
         4.3957e-02, 5.8046e-02, 7.6860e-02, 1.0073e-01, 1.3083e-01, 1.6617e-01,
         2.0737e-01, 2.5290e-01, 3.0244e-01, 3.5410e-01, 4.0662e-01, 4.5847e-01,
         5.0841e-01, 5.5534e-01, 5.9884e-01, 6.3805e-01, 6.7352e-01, 7.0449e-01,
         7.3193e-01, 7.5570e-01, 7.7633e-01, 7.9425e-01, 8.0963e-01, 8.2290e-01,
         8.2290e-01, 8.2290e-01, 8.2290e-01, 8.2290e-01, 8.2290e-01, 8.2290e-01,
         8.2290e-01, 8.2290e-01]], dtype=torch.float64), 'xH2O': tensor([[7.7606e-07, 4.7351e-07, 1.8066e-07, 6.5316e-08, 1.9602e-08, 4.8684e-09,
         1.0124e-09, 1.7043e-10, 1.1762e-11, 8.0874e-13, 6.4384e-13, 5.3978e-13,
         4.2954e-13, 2.2793e-13, 1.3340e-13, 1.2293e-13, 1.2021e-13, 1.1389e-13,
         1.0517e-13, 9.5540e-14, 8.5963e-14, 7.6877e-14, 6.8515e-14, 6.0960e-14,
         5.4232e-14, 4.8496e-14, 4.3699e-14, 3.9799e-14, 3.6687e-14, 3.4248e-14,
         3.2398e-14, 3.1141e-14, 3.0397e-14, 3.0180e-14, 3.0536e-14, 3.1554e-14,
         3.3400e-14, 3.6504e-14, 4.1333e-14, 4.8508e-14, 5.9548e-14, 7.7390e-14,
         1.1178e-13, 1.8123e-13, 3.3559e-13, 7.3744e-13, 2.3638e-12, 1.1048e-11,
         3.1647e-11, 5.6456e-11, 8.2725e-11, 1.0964e-10, 1.3467e-10, 1.5661e-10,
         1.7244e-10, 1.8231e-10, 1.8445e-10, 1.8043e-10, 1.7066e-10, 1.5742e-10,
         1.4230e-10, 1.2703e-10, 1.1276e-10, 1.0045e-10, 9.0273e-11, 8.2825e-11,
         7.7793e-11, 7.5508e-11, 7.5940e-11, 7.9225e-11, 8.5858e-11, 9.5582e-11,
         9.5582e-11, 9.5582e-11, 9.5582e-11, 9.5582e-11, 9.5582e-11, 9.5582e-11,
         9.5582e-11, 9.5582e-11]], dtype=torch.float64), 'xSO2': tensor([[1.5772e-02, 1.2101e-02, 7.4188e-03, 4.2318e-03, 2.0959e-03, 8.9082e-04,
         3.2712e-04, 1.0323e-04, 2.6922e-05, 7.1334e-06, 1.4088e-06, 3.0496e-07,
         5.0629e-08, 6.9207e-09, 1.3327e-09, 6.7725e-10, 6.7993e-10, 8.2025e-10,
         1.0194e-09, 1.2829e-09, 1.6164e-09, 2.0367e-09, 2.5652e-09, 3.2297e-09,
         4.0655e-09, 5.1511e-09, 6.5253e-09, 8.2670e-09, 1.0478e-08, 1.3291e-08,
         1.6896e-08, 2.1687e-08, 2.7933e-08, 3.6144e-08, 4.7064e-08, 6.1823e-08,
         8.2741e-08, 1.1568e-07, 1.6657e-07, 2.4503e-07, 3.6925e-07, 5.4269e-07,
         7.8156e-07, 1.1082e-06, 1.5545e-06, 2.1643e-06, 3.0145e-06, 4.2224e-06,
         5.8889e-06, 8.2412e-06, 1.1648e-05, 1.6312e-05, 2.2783e-05, 3.0834e-05,
         4.0653e-05, 5.1616e-05, 6.3295e-05, 7.4787e-05, 8.5036e-05, 9.3137e-05,
         9.8153e-05, 9.9549e-05, 9.7395e-05, 9.1803e-05, 8.3900e-05, 7.4360e-05,
         6.4411e-05, 5.4850e-05, 4.6331e-05, 3.9232e-05, 3.3916e-05, 3.0315e-05,
         3.0315e-05, 3.0315e-05, 3.0315e-05, 3.0315e-05, 3.0315e-05, 3.0315e-05,
         3.0315e-05, 3.0315e-05]], dtype=torch.float64), 'xH2SO4aer': tensor([[6.9914e-08, 7.8564e-08, 9.7045e-08, 1.1688e-07, 1.4150e-07, 1.7368e-07,
         2.3852e-07, 6.8792e-07, 1.1404e-06, 1.2745e-07, 4.1741e-10, 6.1780e-11,
         2.4856e-12, 5.5924e-15, 4.7629e-16, 3.6366e-16, 4.0305e-16, 4.7834e-16,
         5.7323e-16, 6.9143e-16, 8.3521e-16, 1.0099e-15, 1.2189e-15, 1.4499e-15,
         1.6477e-15, 1.6975e-15, 1.5709e-15, 1.3162e-15, 1.0162e-15, 7.3674e-16,
         5.1173e-16, 3.5258e-16, 2.4293e-16, 1.7078e-16, 1.2557e-16, 9.9330e-17,
         8.6929e-17, 8.4934e-17, 9.1214e-17, 1.0524e-16, 1.2722e-16, 1.5823e-16,
         2.0178e-16, 2.6034e-16, 3.3769e-16, 4.3842e-16, 5.6626e-16, 6.8973e-16,
         6.2597e-16, 3.7168e-16, 2.2000e-16, 1.5289e-16, 1.2543e-16, 1.0012e-16,
         7.3198e-17, 4.7388e-17, 2.7742e-17, 1.4300e-17, 6.7884e-18, 2.8631e-18,
         1.1321e-18, 4.1795e-19, 1.4458e-19, 5.1370e-20, 1.6920e-20, 6.3811e-21,
         2.3280e-21, 9.4696e-22, 3.9579e-22, 1.6566e-22, 6.3511e-23, 1.3147e-23,
         1.3147e-23, 1.3147e-23, 1.3147e-23, 1.3147e-23, 1.3147e-23, 1.3147e-23,
         1.3147e-23, 1.3147e-23]], dtype=torch.float64), 'xS8aer': tensor([[2.1209e-34, 4.3161e-34, 1.4672e-31, 1.8518e-26, 1.4054e-22, 2.0803e-21,
         4.3042e-21, 5.0813e-21, 7.6228e-21, 7.1708e-22, 3.7975e-27, 7.4982e-29,
         7.8315e-31, 1.6099e-33, 3.0772e-35, 6.2653e-36, 6.4586e-36, 7.7249e-36,
         9.3558e-36, 1.1402e-35, 1.3911e-35, 1.6990e-35, 2.0773e-35, 2.5425e-35,
         3.1153e-35, 3.8419e-35, 4.7433e-35, 5.8643e-35, 7.2618e-35, 9.0089e-35,
         1.1208e-34, 1.4066e-34, 1.7710e-34, 2.2385e-34, 2.8430e-34, 3.6318e-34,
         4.6770e-34, 6.0448e-34, 7.7963e-34, 1.0025e-33, 1.2800e-33, 1.6058e-33,
         1.8722e-33, 1.5945e-33, 4.4353e-34, 1.0000e-40, 1.0000e-40, 1.0000e-40,
         1.0000e-40, 1.0000e-40, 1.0000e-40, 1.0000e-40, 1.0000e-40, 1.0000e-40,
         1.0000e-40, 1.0000e-40, 1.0000e-40, 1.0000e-40, 1.0000e-40, 1.0000e-40,
         1.0000e-40, 1.0000e-40, 1.0000e-40, 1.0000e-40, 1.0000e-40, 1.0000e-40,
         1.0000e-40, 1.0000e-40, 1.0000e-40, 1.0000e-40, 1.0000e-40, 1.0000e-40,
         1.0000e-40, 1.0000e-40, 1.0000e-40, 1.0000e-40, 1.0000e-40, 1.0000e-40,
         1.0000e-40, 1.0000e-40]], dtype=torch.float64)}"
1.4688e+06,222.259,0,"{'pres': tensor([[5.3000e+04, 4.2137e+04, 3.3501e+04, 2.6635e+04, 2.1176e+04, 1.6836e+04,
         1.3385e+04, 1.0642e+04, 8.4606e+03, 6.7265e+03, 5.3479e+03, 4.2518e+03,
         3.3803e+03, 2.6875e+03, 2.1367e+03, 1.6988e+03, 1.3506e+03, 1.0738e+03,
         8.5370e+02, 6.7873e+02, 5.3962e+02, 4.2902e+02, 3.4109e+02, 2.7118e+02,
         2.1560e+02, 1.7141e+02, 1.3628e+02, 1.0835e+02, 8.6141e+01, 6.8485e+01,
         5.4449e+01, 4.3289e+01, 3.4417e+01, 2.7363e+01, 2.1755e+01, 1.7296e+01,
         1.3751e+01, 1.0933e+01, 8.6918e+00, 6.9104e+00, 5.4941e+00, 4.3680e+00,
         3.4728e+00, 2.7610e+00, 2.1951e+00, 1.7452e+00, 1.3875e+00, 1.1031e+00,
         8.7703e-01, 6.9728e-01, 5.5437e-01, 4.4075e-01, 3.5041e-01, 2.7859e-01,
         2.2149e-01, 1.7610e-01, 1.4000e-01, 1.1131e-01, 8.8495e-02, 7.0358e-02,
         5.5937e-02, 4.4473e-02, 3.5358e-02, 2.8111e-02, 2.2349e-02, 1.7769e-02,
         1.4127e-02, 1.1231e-02, 8.9295e-03, 7.0993e-03, 5.6442e-03, 4.4874e-03,
         3.5677e-03, 2.8365e-03, 2.2551e-03, 1.7929e-03, 1.4254e-03, 1.1333e-03,
         9.0101e-04, 7.1634e-04]], dtype=torch.float64), 'temp': tensor([[192.1805, 186.4821, 180.5040, 174.0537, 167.1239, 159.8027, 152.3076,
         144.8746, 137.6701, 130.7740, 124.2135, 117.9732, 112.0718, 106.4151,
         101.0908, 100.0326, 100.0201, 100.0199, 100.0212, 100.0235, 100.0266,
         100.0307, 100.0359, 100.0423, 100.0503, 100.0602, 100.0724, 100.0876,
         100.1061, 100.1291, 100.1575, 100.1935, 100.2395, 100.2981, 100.3734,
         100.4708, 100.6014, 100.8055, 101.1004, 101.4312, 101.8550, 102.4159,
         103.1615, 104.1619, 105.4994, 107.2679, 109.5747, 112.5428, 116.1715,
         120.2084, 124.0884, 127.0496, 128.7823, 129.6904, 130.3739, 131.0271,
         131.6115, 132.0983, 132.5470, 132.9271, 133.2740, 133.5581, 133.8297,
         134.0459, 134.2467, 134.4088, 134.5515, 134.6699, 134.7637, 134.8494,
         134.9134, 134.9702, 135.0092, 135.0438, 135.0681, 135.0919, 135.1045,
         135.1199, 135.1301, 135.1381]], dtype=torch.float64), 'xCO2': tensor([[9.5185e-01, 8.7732e-01, 7.1448e-01, 5.3830e-01, 3.5258e-01, 1.9090e-01,
         9.2755e-02, 4.0896e-02, 1.6124e-02, 6.2790e-03, 2.1061e-03, 7.2210e-04,
         2.1356e-04, 5.7810e-05, 1.9408e-05, 1.3563e-05, 1.4910e-05, 1.8386e-05,
         2.3022e-05, 2.9050e-05, 3.6631e-05, 4.6151e-05, 5.8102e-05, 7.3100e-05,
         9.1955e-05, 1.1636e-04, 1.4718e-04, 1.8611e-04, 2.3532e-04, 2.9763e-04,
         3.7704e-04, 4.8145e-04, 6.1597e-04, 7.9030e-04, 1.0179e-03, 1.3178e-03,
         1.7198e-03, 2.2509e-03, 2.9391e-03, 3.8316e-03, 4.9902e-03, 6.4946e-03,
         8.5194e-03, 1.1184e-02, 1.4670e-02, 1.9223e-02, 2.5272e-02, 3.3404e-02,
         4.4039e-02, 5.8164e-02, 7.6960e-02, 1.0082e-01, 1.3080e-01, 1.6599e-01,
         2.0695e-01, 2.5225e-01, 3.0148e-01, 3.5284e-01, 4.0507e-01, 4.5664e-01,
         5.0636e-01, 5.5306e-01, 5.9642e-01, 6.3547e-01, 6.7080e-01, 7.0169e-01,
         7.2903e-01, 7.5274e-01, 7.7328e-01, 7.9115e-01, 8.0644e-01, 8.1943e-01,
         8.1943e-01, 8.1943e-01, 8.1943e-01, 8.1943e-01, 8.1943e-01, 8.1943e-01,
         8.1943e-01, 8.1943e-01]], dtype=torch.float64), 'xH2O': tensor([[7.7848e-07, 4.7513e-07, 1.8145e-07, 6.5662e-08, 1.9726e-08, 4.9036e-09,
         1.0207e-09, 1.7207e-10, 1.2064e-11, 8.2010e-13, 6.4434e-13, 5.4079e-13,
         4.3168e-13, 2.2979e-13, 1.3436e-13, 1.2365e-13, 1.2103e-13, 1.1483e-13,
         1.0619e-13, 9.6614e-14, 8.7067e-14, 7.7991e-14, 6.9623e-14, 6.2057e-14,
         5.5319e-14, 4.9555e-14, 4.4709e-14, 4.0747e-14, 3.7571e-14, 3.5070e-14,
         3.3167e-14, 3.1866e-14, 3.1084e-14, 3.0837e-14, 3.1173e-14, 3.2182e-14,
         3.4035e-14, 3.7160e-14, 4.2045e-14, 4.9340e-14, 6.0614e-14, 7.8915e-14,
         1.1457e-13, 1.8680e-13, 3.4857e-13, 7.7417e-13, 2.5575e-12, 1.1984e-11,
         3.3301e-11, 5.8413e-11, 8.5048e-11, 1.1233e-10, 1.3769e-10, 1.5981e-10,
         1.7577e-10, 1.8561e-10, 1.8769e-10, 1.8347e-10, 1.7352e-10, 1.6003e-10,
         1.4466e-10, 1.2915e-10, 1.1466e-10, 1.0217e-10, 9.1849e-11, 8.4273e-11,
         7.9183e-11, 7.6859e-11, 7.7336e-11, 8.0691e-11, 8.7499e-11, 9.7238e-11,
         9.7238e-11, 9.7238e-11, 9.7238e-11, 9.7238e-11, 9.7238e-11, 9.7238e-11,
         9.7238e-11, 9.7238e-11]], dtype=torch.float64), 'xSO2': tensor([[1.5802e-02, 1.2127e-02, 7.4393e-03, 4.2464e-03, 2.1047e-03, 8.9524e-04,
         3.2898e-04, 1.0391e-04, 2.7128e-05, 7.1861e-06, 1.4221e-06, 3.0769e-07,
         5.0968e-08, 7.0064e-09, 1.3475e-09, 6.7940e-10, 6.8007e-10, 8.2009e-10,
         1.0191e-09, 1.2827e-09, 1.6162e-09, 2.0363e-09, 2.5648e-09, 3.2292e-09,
         4.0657e-09, 5.1515e-09, 6.5262e-09, 8.2686e-09, 1.0481e-08, 1.3296e-08,
         1.6909e-08, 2.1709e-08, 2.7970e-08, 3.6207e-08, 4.7170e-08, 6.2005e-08,
         8.3107e-08, 1.1635e-07, 1.6785e-07, 2.4747e-07, 3.7381e-07, 5.4895e-07,
         7.9068e-07, 1.1210e-06, 1.5722e-06, 2.1884e-06, 3.0490e-06, 4.2680e-06,
         5.9483e-06, 8.3257e-06, 1.1753e-05, 1.6447e-05, 2.2921e-05, 3.0963e-05,
         4.0727e-05, 5.1617e-05, 6.3191e-05, 7.4558e-05, 8.4696e-05, 9.2673e-05,
         9.7625e-05, 9.8953e-05, 9.6808e-05, 9.1221e-05, 8.3358e-05, 7.3890e-05,
         6.4012e-05, 5.4518e-05, 4.6070e-05, 3.9020e-05, 3.3762e-05, 3.0248e-05,
         3.0248e-05, 3.0248e-05, 3.0248e-05, 3.0248e-05, 3.0248e-05, 3.0248e-05,
         3.0248e-05, 3.0248e-05]], dtype=torch.float64), 'xH2SO4aer': tensor([[6.9916e-08, 7.8567e-08, 9.7051e-08, 1.1690e-07, 1.4153e-07, 1.7378e-07,
         2.3932e-07, 6.9466e-07, 1.1303e-06, 1.2309e-07, 4.2120e-10, 6.2672e-11,
         2.5122e-12, 5.6835e-15, 4.3454e-16, 3.2639e-16, 3.6090e-16, 4.2799e-16,
         5.1260e-16, 6.1807e-16, 7.4624e-16, 9.0195e-16, 1.0887e-15, 1.2972e-15,
         1.4810e-15, 1.5393e-15, 1.4390e-15, 1.2177e-15, 9.4835e-16, 6.9270e-16,
         4.8436e-16, 3.3548e-16, 2.3242e-16, 1.6450e-16, 1.2209e-16, 9.7813e-17,
         8.6957e-17, 8.6278e-17, 9.3854e-17, 1.0927e-16, 1.3288e-16, 1.6586e-16,
         2.1202e-16, 2.7387e-16, 3.5547e-16, 4.6163e-16, 5.9611e-16, 7.2252e-16,
         6.4066e-16, 3.7602e-16, 2.2500e-16, 1.5880e-16, 1.3068e-16, 1.0424e-16,
         7.5945e-17, 4.9063e-17, 2.8644e-17, 1.4769e-17, 6.9870e-18, 2.9550e-18,
         1.1630e-18, 4.3158e-19, 1.4833e-19, 5.3095e-20, 1.7578e-20, 6.6036e-21,
         2.4224e-21, 9.8191e-22, 4.1257e-22, 1.7211e-22, 6.6286e-23, 1.4190e-23,
         1.4190e-23, 1.4190e-23, 1.4190e-23, 1.4190e-23, 1.4190e-23, 1.4190e-23,
         1.4190e-23, 1.4190e-23]], dtype=torch.float64), 'xS8aer': tensor([[2.1212e-34, 4.3172e-34, 1.5475e-31, 1.9045e-26, 1.4136e-22, 2.0842e-21,
         4.3386e-21, 5.1380e-21, 7.5405e-21, 6.8987e-22, 3.8352e-27, 7.7053e-29,
         7.9589e-31, 1.6667e-33, 3.1555e-35, 6.2741e-36, 6.4503e-36, 7.7289e-36,
         9.3826e-36, 1.1458e-35, 1.3992e-35, 1.7091e-35, 2.0889e-35, 2.5554e-35,
         3.1303e-35, 3.8595e-35, 4.7649e-35, 5.8913e-35, 7.2960e-35, 9.0522e-35,
         1.1265e-34, 1.4139e-34, 1.7804e-34, 2.2509e-34, 2.8594e-34, 3.6539e-34,
         4.7079e-34, 6.0855e-34, 7.8489e-34, 1.0090e-33, 1.2876e-33, 1.6125e-33,
         1.8640e-33, 1.5254e-33, 3.8997e-34, 1.0000e-40, 1.0000e-40, 1.0000e-40,
         1.0000e-40, 1.0000e-40, 1.0000e-40, 1.0000e-40, 1.0000e-40, 1.0000e-40,
         1.0000e-40, 1.0000e-40, 1.0000e-40, 1.0000e-40, 1.0000e-40, 1.0000e-40,
         1.0000e-40, 1.0000e-40, 1.0000e-40, 1.0000e-40, 1.0000e-40, 1.0000e-40,
         1.0000e-40, 1.0000e-40, 1.0000e-40, 1.0000e-40, 1.0000e-40, 1.0000e-40,
         1.0000e-40, 1.0000e-40, 1.0000e-40, 1.0000e-40, 1.0000e-40, 1.0000e-40,
         1.0000e-40, 1.0000e-40]], dtype=torch.float64)}"
1.4904e+06,222.267,0,"{'pres': tensor([[5.3000e+04, 4.2137e+04, 3.3501e+04, 2.6635e+04, 2.1176e+04, 1.6836e+04,
         1.3385e+04, 1.0642e+04, 8.4606e+03, 6.7265e+03, 5.3479e+03, 4.2518e+03,
         3.3803e+03, 2.6875e+03, 2.1367e+03, 1.6988e+03, 1.3506e+03, 1.0738e+03,
         8.5370e+02, 6.7873e+02, 5.3962e+02, 4.2902e+02, 3.4109e+02, 2.7118e+02,
         2.1560e+02, 1.7141e+02, 1.3628e+02, 1.0835e+02, 8.6141e+01, 6.8485e+01,
         5.4449e+01, 4.3289e+01, 3.4417e+01, 2.7363e+01, 2.1755e+01, 1.7296e+01,
         1.3751e+01, 1.0933e+01, 8.6918e+00, 6.9104e+00, 5.4941e+00, 4.3680e+00,
         3.4728e+00, 2.7610e+00, 2.1951e+00, 1.7452e+00, 1.3875e+00, 1.1031e+00,
         8.7703e-01, 6.9728e-01, 5.5437e-01, 4.4075e-01, 3.5041e-01, 2.7859e-01,
         2.2149e-01, 1.7610e-01, 1.4000e-01, 1.1131e-01, 8.8495e-02, 7.0358e-02,
         5.5937e-02, 4.4473e-02, 3.5358e-02, 2.8111e-02, 2.2349e-02, 1.7769e-02,
         1.4127e-02, 1.1231e-02, 8.9295e-03, 7.0993e-03, 5.6442e-03, 4.4874e-03,
         3.5677e-03, 2.8365e-03, 2.2551e-03, 1.7929e-03, 1.4254e-03, 1.1333e-03,
         9.0101e-04, 7.1634e-04]], dtype=torch.float64), 'temp': tensor([[192.1988, 186.5027, 180.5275, 174.0805, 167.1539, 159.8348, 152.3404,
         144.9068, 137.7012, 130.8037, 124.2417, 118.0000, 112.0973, 106.4392,
         101.1138, 100.0330, 100.0202, 100.0200, 100.0213, 100.0236, 100.0268,
         100.0309, 100.0361, 100.0426, 100.0507, 100.0607, 100.0731, 100.0884,
         100.1072, 100.1304, 100.1593, 100.1958, 100.2424, 100.3020, 100.3784,
         100.4774, 100.6102, 100.8172, 101.1160, 101.4523, 101.8834, 102.4541,
         103.2129, 104.2310, 105.5915, 107.3887, 109.7303, 112.7362, 116.3946,
         120.4356, 124.2792, 127.1710, 128.8421, 129.7239, 130.4043, 131.0543,
         131.6331, 132.1166, 132.5628, 132.9405, 133.2856, 133.5684, 133.8386,
         134.0538, 134.2538, 134.4151, 134.5573, 134.6751, 134.7685, 134.8540,
         134.9174, 134.9742, 135.0127, 135.0473, 135.0714, 135.0952, 135.1077,
         135.1230, 135.1332, 135.1411]], dtype=torch.float64), 'xCO2': tensor([[9.5195e-01, 8.7762e-01, 7.1513e-01, 5.3922e-01, 3.5371e-01, 1.9164e-01,
         9.3159e-02, 4.1095e-02, 1.6213e-02, 6.3129e-03, 2.1197e-03, 7.2662e-04,
         2.1471e-04, 5.8283e-05, 1.9552e-05, 1.3591e-05, 1.4913e-05, 1.8386e-05,
         2.3023e-05, 2.9053e-05, 3.6634e-05, 4.6154e-05, 5.8105e-05, 7.3104e-05,
         9.1976e-05, 1.1639e-04, 1.4722e-04, 1.8616e-04, 2.3540e-04, 2.9774e-04,
         3.7730e-04, 4.8185e-04, 6.1660e-04, 7.9130e-04, 1.0195e-03, 1.3205e-03,
         1.7243e-03, 2.2574e-03, 2.9482e-03, 3.8439e-03, 5.0063e-03, 6.5153e-03,
         8.5481e-03, 1.1219e-02, 1.4713e-02, 1.9272e-02, 2.5339e-02, 3.3479e-02,
         4.4120e-02, 5.8279e-02, 7.7057e-02, 1.0090e-01, 1.3076e-01, 1.6580e-01,
         2.0653e-01, 2.5158e-01, 3.0052e-01, 3.5158e-01, 4.0352e-01, 4.5481e-01,
         5.0430e-01, 5.5079e-01, 5.9400e-01, 6.3289e-01, 6.6808e-01, 6.9890e-01,
         7.2613e-01, 7.4978e-01, 7.7023e-01, 7.8805e-01, 8.0325e-01, 8.1595e-01,
         8.1595e-01, 8.1595e-01, 8.1595e-01, 8.1595e-01, 8.1595e-01, 8.1595e-01,
         8.1595e-01, 8.1595e-01]], dtype=torch.float64), 'xH2O': tensor([[7.8090e-07, 4.7676e-07, 1.8224e-07, 6.6009e-08, 1.9850e-08, 4.9389e-09,
         1.0291e-09, 1.7373e-10, 1.2376e-11, 8.3176e-13, 6.4482e-13, 5.4176e-13,
         4.3379e-13, 2.3165e-13, 1.3531e-13, 1.2435e-13, 1.2184e-13, 1.1575e-13,
         1.0720e-13, 9.7675e-14, 8.8160e-14, 7.9093e-14, 7.0721e-14, 6.3144e-14,
         5.6394e-14, 5.0603e-14, 4.5711e-14, 4.1690e-14, 3.8451e-14, 3.5891e-14,
         3.3938e-14, 3.2591e-14, 3.1773e-14, 3.1497e-14, 3.1814e-14, 3.2814e-14,
         3.4674e-14, 3.7821e-14, 4.2763e-14, 5.0178e-14, 6.1693e-14, 8.0463e-14,
         1.1742e-13, 1.9255e-13, 3.6206e-13, 8.1279e-13, 2.7667e-12, 1.2989e-11,
         3.5019e-11, 6.0419e-11, 8.7410e-11, 1.1504e-10, 1.4071e-10, 1.6301e-10,
         1.7911e-10, 1.8891e-10, 1.9093e-10, 1.8652e-10, 1.7639e-10, 1.6264e-10,
         1.4703e-10, 1.3129e-10, 1.1657e-10, 1.0391e-10, 9.3443e-11, 8.5742e-11,
         8.0597e-11, 7.8238e-11, 7.8764e-11, 8.2194e-11, 8.9183e-11, 9.8940e-11,
         9.8940e-11, 9.8940e-11, 9.8940e-11, 9.8940e-11, 9.8940e-11, 9.8940e-11,
         9.8940e-11, 9.8940e-11]], dtype=torch.float64), 'xSO2': tensor([[1.5833e-02, 1.2153e-02, 7.4599e-03, 4.2610e-03, 2.1136e-03, 8.9967e-04,
         3.3084e-04, 1.0459e-04, 2.7336e-05, 7.2390e-06, 1.4354e-06, 3.1044e-07,
         5.1306e-08, 7.0930e-09, 1.3625e-09, 6.8156e-10, 6.8021e-10, 8.1994e-10,
         1.0190e-09, 1.2825e-09, 1.6159e-09, 2.0360e-09, 2.5644e-09, 3.2287e-09,
         4.0660e-09, 5.1519e-09, 6.5271e-09, 8.2703e-09, 1.0484e-08, 1.3301e-08,
         1.6923e-08, 2.1731e-08, 2.8007e-08, 3.6270e-08, 4.7277e-08, 6.2189e-08,
         8.3476e-08, 1.1704e-07, 1.6914e-07, 2.4993e-07, 3.7841e-07, 5.5524e-07,
         7.9983e-07, 1.1339e-06, 1.5900e-06, 2.2125e-06, 3.0832e-06, 4.3132e-06,
         6.0069e-06, 8.4089e-06, 1.1856e-05, 1.6580e-05, 2.3053e-05, 3.1085e-05,
         4.0793e-05, 5.1609e-05, 6.3079e-05, 7.4323e-05, 8.4349e-05, 9.2205e-05,
         9.7093e-05, 9.8354e-05, 9.6215e-05, 9.0633e-05, 8.2811e-05, 7.3412e-05,
         6.3607e-05, 5.4179e-05, 4.5803e-05, 3.8802e-05, 3.3602e-05, 3.0175e-05,
         3.0175e-05, 3.0175e-05, 3.0175e-05, 3.0175e-05, 3.0175e-05, 3.0175e-05,
         3.0175e-05, 3.0175e-05]], dtype=torch.float64), 'xH2SO4aer': tensor([[6.9918e-08, 7.8570e-08, 9.7057e-08, 1.1691e-07, 1.4157e-07, 1.7389e-07,
         2.4014e-07, 7.0133e-07, 1.1202e-06, 1.1890e-07, 4.2499e-10, 6.3572e-11,
         2.5383e-12, 5.7948e-15, 3.9785e-16, 2.9355e-16, 3.2378e-16, 3.8364e-16,
         4.5923e-16, 5.5340e-16, 6.6780e-16, 8.0679e-16, 9.7376e-16, 1.1618e-15,
         1.3321e-15, 1.3960e-15, 1.3179e-15, 1.1260e-15, 8.8450e-16, 6.5088e-16,
         4.5821e-16, 3.1913e-16, 2.2240e-16, 1.5858e-16, 1.1890e-16, 9.6566e-17,
         8.7253e-17, 8.7910e-17, 9.6820e-17, 1.1370e-16, 1.3902e-16, 1.7408e-16,
         2.2302e-16, 2.8840e-16, 3.7456e-16, 4.8652e-16, 6.2810e-16, 7.5750e-16,
         6.5581e-16, 3.8079e-16, 2.3029e-16, 1.6497e-16, 1.3603e-16, 1.0841e-16,
         7.8714e-17, 5.0749e-17, 2.9546e-17, 1.5239e-17, 7.1844e-18, 3.0470e-18,
         1.1935e-18, 4.4523e-19, 1.5200e-19, 5.4830e-20, 1.8248e-20, 6.8289e-21,
         2.5191e-21, 1.0176e-21, 4.2987e-22, 1.7871e-22, 6.9134e-23, 1.5286e-23,
         1.5286e-23, 1.5286e-23, 1.5286e-23, 1.5286e-23, 1.5286e-23, 1.5286e-23,
         1.5286e-23, 1.5286e-23]], dtype=torch.float64), 'xS8aer': tensor([[2.1215e-34, 4.3184e-34, 1.6310e-31, 1.9578e-26, 1.4217e-22, 2.0882e-21,
         4.3730e-21, 5.1942e-21, 7.4584e-21, 6.6381e-22, 3.8854e-27, 7.9178e-29,
         8.0848e-31, 1.7256e-33, 3.2347e-35, 6.2920e-36, 6.4474e-36, 7.7195e-36,
         9.3669e-36, 1.1437e-35, 1.3970e-35, 1.7072e-35, 2.0878e-35, 2.5553e-35,
         3.1320e-35, 3.8628e-35, 4.7702e-35, 5.8993e-35, 7.3075e-35, 9.0683e-35,
         1.1289e-34, 1.4172e-34, 1.7850e-34, 2.2572e-34, 2.8683e-34, 3.6666e-34,
         4.7266e-34, 6.1109e-34, 7.8822e-34, 1.0132e-33, 1.2921e-33, 1.6152e-33,
         1.8496e-33, 1.4448e-33, 3.3297e-34, 1.0000e-40, 1.0000e-40, 1.0000e-40,
         1.0000e-40, 1.0000e-40, 1.0000e-40, 1.0000e-40, 1.0000e-40, 1.0000e-40,
         1.0000e-40, 1.0000e-40, 1.0000e-40, 1.0000e-40, 1.0000e-40, 1.0000e-40,
         1.0000e-40, 1.0000e-40, 1.0000e-40, 1.0000e-40, 1.0000e-40, 1.0000e-40,
         1.0000e-40, 1.0000e-40, 1.0000e-40, 1.0000e-40, 1.0000e-40, 1.0000e-40,
         1.0000e-40, 1.0000e-40, 1.0000e-40, 1.0000e-40, 1.0000e-40, 1.0000e-40,
         1.0000e-40, 1.0000e-40]], dtype=torch.float64)}"
1.512e+06,222.276,0,"{'pres': tensor([[5.3000e+04, 4.2137e+04, 3.3501e+04, 2.6635e+04, 2.1176e+04, 1.6836e+04,
         1.3385e+04, 1.0642e+04, 8.4606e+03, 6.7265e+03, 5.3479e+03, 4.2518e+03,
         3.3803e+03, 2.6875e+03, 2.1367e+03, 1.6988e+03, 1.3506e+03, 1.0738e+03,
         8.5370e+02, 6.7873e+02, 5.3962e+02, 4.2902e+02, 3.4109e+02, 2.7118e+02,
         2.1560e+02, 1.7141e+02, 1.3628e+02, 1.0835e+02, 8.6141e+01, 6.8485e+01,
         5.4449e+01, 4.3289e+01, 3.4417e+01, 2.7363e+01, 2.1755e+01, 1.7296e+01,
         1.3751e+01, 1.0933e+01, 8.6918e+00, 6.9104e+00, 5.4941e+00, 4.3680e+00,
         3.4728e+00, 2.7610e+00, 2.1951e+00, 1.7452e+00, 1.3875e+00, 1.1031e+00,
         8.7703e-01, 6.9728e-01, 5.5437e-01, 4.4075e-01, 3.5041e-01, 2.7859e-01,
         2.2149e-01, 1.7610e-01, 1.4000e-01, 1.1131e-01, 8.8495e-02, 7.0358e-02,
         5.5937e-02, 4.4473e-02, 3.5358e-02, 2.8111e-02, 2.2349e-02, 1.7769e-02,
         1.4127e-02, 1.1231e-02, 8.9295e-03, 7.0993e-03, 5.6442e-03, 4.4874e-03,
         3.5677e-03, 2.8365e-03, 2.2551e-03, 1.7929e-03, 1.4254e-03, 1.1333e-03,
         9.0101e-04, 7.1634e-04]], dtype=torch.float64), 'temp': tensor([[192.2171, 186.5234, 180.5511, 174.1074, 167.1839, 159.8669, 152.3731,
         144.9390, 137.7323, 130.8333, 124.2699, 118.0268, 112.1227, 106.4634,
         101.1368, 100.0335, 100.0202, 100.0200, 100.0214, 100.0238, 100.0270,
         100.0311, 100.0364, 100.0429, 100.0511, 100.0612, 100.0738, 100.0892,
         100.1083, 100.1318, 100.1610, 100.1980, 100.2453, 100.3058, 100.3834,
         100.4840, 100.6190, 100.8290, 101.1318, 101.4735, 101.9119, 102.4924,
         103.2647, 104.3005, 105.6839, 107.5099, 109.8861, 112.9290, 116.6158,
         120.6591, 124.4644, 127.2869, 128.8989, 129.7566, 130.4343, 131.0809,
         131.6542, 132.1346, 132.5783, 132.9529, 133.2971, 133.5784, 133.8474,
         134.0617, 134.2607, 134.4213, 134.5630, 134.6801, 134.7732, 134.8584,
         134.9213, 134.9781, 135.0161, 135.0508, 135.0746, 135.0983, 135.1107,
         135.1260, 135.1361, 135.1440]], dtype=torch.float64), 'xCO2': tensor([[9.5205e-01, 8.7791e-01, 7.1577e-01, 5.4013e-01, 3.5484e-01, 1.9238e-01,
         9.3565e-02, 4.1295e-02, 1.6302e-02, 6.3470e-03, 2.1334e-03, 7.3115e-04,
         2.1586e-04, 5.8760e-05, 1.9697e-05, 1.3620e-05, 1.4916e-05, 1.8385e-05,
         2.3026e-05, 2.9056e-05, 3.6637e-05, 4.6157e-05, 5.8107e-05, 7.3107e-05,
         9.1997e-05, 1.1642e-04, 1.4725e-04, 1.8621e-04, 2.3547e-04, 2.9785e-04,
         3.7756e-04, 4.8224e-04, 6.1723e-04, 7.9231e-04, 1.0212e-03, 1.3232e-03,
         1.7289e-03, 2.2639e-03, 2.9572e-03, 3.8560e-03, 5.0223e-03, 6.5358e-03,
         8.5765e-03, 1.1254e-02, 1.4755e-02, 1.9320e-02, 2.5405e-02, 3.3553e-02,
         4.4198e-02, 5.8390e-02, 7.7150e-02, 1.0098e-01, 1.3071e-01, 1.6561e-01,
         2.0610e-01, 2.5092e-01, 2.9955e-01, 3.5032e-01, 4.0197e-01, 4.5298e-01,
         5.0225e-01, 5.4851e-01, 5.9158e-01, 6.3031e-01, 6.6535e-01, 6.9610e-01,
         7.2322e-01, 7.4682e-01, 7.6717e-01, 7.8493e-01, 8.0004e-01, 8.1247e-01,
         8.1247e-01, 8.1247e-01, 8.1247e-01, 8.1247e-01, 8.1247e-01, 8.1247e-01,
         8.1247e-01, 8.1247e-01]], dtype=torch.float64), 'xH2O': tensor([[7.8333e-07, 4.7838e-07, 1.8303e-07, 6.6358e-08, 1.9974e-08, 4.9746e-09,
         1.0375e-09, 1.7541e-10, 1.2698e-11, 8.4371e-13, 6.4528e-13, 5.4271e-13,
         4.3588e-13, 2.3349e-13, 1.3625e-13, 1.2504e-13, 1.2263e-13, 1.1666e-13,
         1.0819e-13, 9.8724e-14, 8.9241e-14, 8.0186e-14, 7.1810e-14, 6.4221e-14,
         5.7458e-14, 5.1640e-14, 4.6704e-14, 4.2628e-14, 3.9329e-14, 3.6712e-14,
         3.4708e-14, 3.3318e-14, 3.2464e-14, 3.2160e-14, 3.2458e-14, 3.3449e-14,
         3.5316e-14, 3.8487e-14, 4.3486e-14, 5.1024e-14, 6.2784e-14, 8.2036e-14,
         1.2034e-13, 1.9848e-13, 3.7609e-13, 8.5339e-13, 2.9927e-12, 1.4065e-11,
         3.6796e-11, 6.2474e-11, 8.9811e-11, 1.1777e-10, 1.4375e-10, 1.6622e-10,
         1.8245e-10, 1.9221e-10, 1.9418e-10, 1.8958e-10, 1.7925e-10, 1.6525e-10,
         1.4941e-10, 1.3344e-10, 1.1850e-10, 1.0566e-10, 9.5056e-11, 8.7232e-11,
         8.2036e-11, 7.9645e-11, 8.0225e-11, 8.3734e-11, 9.0910e-11, 1.0069e-10,
         1.0069e-10, 1.0069e-10, 1.0069e-10, 1.0069e-10, 1.0069e-10, 1.0069e-10,
         1.0069e-10, 1.0069e-10]], dtype=torch.float64), 'xSO2': tensor([[1.5863e-02, 1.2180e-02, 7.4805e-03, 4.2757e-03, 2.1225e-03, 9.0412e-04,
         3.3271e-04, 1.0527e-04, 2.7545e-05, 7.2923e-06, 1.4488e-06, 3.1321e-07,
         5.1644e-08, 7.1806e-09, 1.3777e-09, 6.8373e-10, 6.8036e-10, 8.1979e-10,
         1.0189e-09, 1.2824e-09, 1.6157e-09, 2.0357e-09, 2.5640e-09, 3.2282e-09,
         4.0662e-09, 5.1524e-09, 6.5280e-09, 8.2720e-09, 1.0487e-08, 1.3307e-08,
         1.6936e-08, 2.1754e-08, 2.8045e-08, 3.6334e-08, 4.7385e-08, 6.2373e-08,
         8.3850e-08, 1.1773e-07, 1.7044e-07, 2.5242e-07, 3.8300e-07, 5.6153e-07,
         8.0903e-07, 1.1467e-06, 1.6077e-06, 2.2365e-06, 3.1171e-06, 4.3579e-06,
         6.0649e-06, 8.4908e-06, 1.1957e-05, 1.6710e-05, 2.3181e-05, 3.1201e-05,
         4.0852e-05, 5.1594e-05, 6.2960e-05, 7.4081e-05, 8.3998e-05, 9.1732e-05,
         9.6556e-05, 9.7750e-05, 9.5617e-05, 9.0040e-05, 8.2258e-05, 7.2929e-05,
         6.3195e-05, 5.3834e-05, 4.5530e-05, 3.8579e-05, 3.3437e-05, 3.0096e-05,
         3.0096e-05, 3.0096e-05, 3.0096e-05, 3.0096e-05, 3.0096e-05, 3.0096e-05,
         3.0096e-05, 3.0096e-05]], dtype=torch.float64), 'xH2SO4aer': tensor([[6.9920e-08, 7.8573e-08, 9.7063e-08, 1.1692e-07, 1.4160e-07, 1.7399e-07,
         2.4096e-07, 7.0793e-07, 1.1100e-06, 1.1486e-07, 4.2880e-10, 6.4479e-11,
         2.5638e-12, 5.9254e-15, 3.6560e-16, 2.6458e-16, 2.9105e-16, 3.4452e-16,
         4.1216e-16, 4.9634e-16, 5.9858e-16, 7.2277e-16, 8.7218e-16, 1.0418e-15,
         1.1990e-15, 1.2662e-15, 1.2067e-15, 1.0407e-15, 8.2450e-16, 6.1128e-16,
         4.3330e-16, 3.0353e-16, 2.1288e-16, 1.5303e-16, 1.1601e-16, 9.5585e-17,
         8.7812e-17, 8.9824e-17, 1.0011e-16, 1.1851e-16, 1.4563e-16, 1.8289e-16,
         2.3479e-16, 3.0393e-16, 3.9495e-16, 5.1312e-16, 6.6226e-16, 7.9461e-16,
         6.7126e-16, 3.8594e-16, 2.3581e-16, 1.7130e-16, 1.4148e-16, 1.1263e-16,
         8.1506e-17, 5.2446e-17, 3.0449e-17, 1.5710e-17, 7.3810e-18, 3.1393e-18,
         1.2236e-18, 4.5888e-19, 1.5560e-19, 5.6573e-20, 1.8930e-20, 7.0568e-21,
         2.6183e-21, 1.0539e-21, 4.4769e-22, 1.8546e-22, 7.2054e-23, 1.6438e-23,
         1.6438e-23, 1.6438e-23, 1.6438e-23, 1.6438e-23, 1.6438e-23, 1.6438e-23,
         1.6438e-23, 1.6438e-23]], dtype=torch.float64), 'xS8aer': tensor([[2.1217e-34, 4.3196e-34, 1.7178e-31, 2.0119e-26, 1.4299e-22, 2.0921e-21,
         4.4075e-21, 5.2499e-21, 7.3765e-21, 6.3885e-22, 3.9463e-27, 8.1355e-29,
         8.2090e-31, 1.7864e-33, 3.3157e-35, 6.2761e-36, 6.4046e-36, 7.6725e-36,
         9.3216e-36, 1.1394e-35, 1.3929e-35, 1.7033e-35, 2.0838e-35, 2.5513e-35,
         3.1283e-35, 3.8593e-35, 4.7671e-35, 5.8968e-35, 7.3058e-35, 9.0680e-35,
         1.1293e-34, 1.4180e-34, 1.7864e-34, 2.2596e-34, 2.8722e-34, 3.6730e-34,
         4.7375e-34, 6.1262e-34, 7.9022e-34, 1.0155e-33, 1.2942e-33, 1.6147e-33,
         1.8297e-33, 1.3530e-33, 2.7294e-34, 1.0000e-40, 1.0000e-40, 1.0000e-40,
         1.0000e-40, 1.0000e-40, 1.0000e-40, 1.0000e-40, 1.0000e-40, 1.0000e-40,
         1.0000e-40, 1.0000e-40, 1.0000e-40, 1.0000e-40, 1.0000e-40, 1.0000e-40,
         1.0000e-40, 1.0000e-40, 1.0000e-40, 1.0000e-40, 1.0000e-40, 1.0000e-40,
         1.0000e-40, 1.0000e-40, 1.0000e-40, 1.0000e-40, 1.0000e-40, 1.0000e-40,
         1.0000e-40, 1.0000e-40, 1.0000e-40, 1.0000e-40, 1.0000e-40, 1.0000e-40,
         1.0000e-40, 1.0000e-40]], dtype=torch.float64)}"
1.5336e+06,222.285,0,"{'pres': tensor([[5.3000e+04, 4.2137e+04, 3.3501e+04, 2.6635e+04, 2.1176e+04, 1.6836e+04,
         1.3385e+04, 1.0642e+04, 8.4606e+03, 6.7265e+03, 5.3479e+03, 4.2518e+03,
         3.3803e+03, 2.6875e+03, 2.1367e+03, 1.6988e+03, 1.3506e+03, 1.0738e+03,
         8.5370e+02, 6.7873e+02, 5.3962e+02, 4.2902e+02, 3.4109e+02, 2.7118e+02,
         2.1560e+02, 1.7141e+02, 1.3628e+02, 1.0835e+02, 8.6141e+01, 6.8485e+01,
         5.4449e+01, 4.3289e+01, 3.4417e+01, 2.7363e+01, 2.1755e+01, 1.7296e+01,
         1.3751e+01, 1.0933e+01, 8.6918e+00, 6.9104e+00, 5.4941e+00, 4.3680e+00,
         3.4728e+00, 2.7610e+00, 2.1951e+00, 1.7452e+00, 1.3875e+00, 1.1031e+00,
         8.7703e-01, 6.9728e-01, 5.5437e-01, 4.4075e-01, 3.5041e-01, 2.7859e-01,
         2.2149e-01, 1.7610e-01, 1.4000e-01, 1.1131e-01, 8.8495e-02, 7.0358e-02,
         5.5937e-02, 4.4473e-02, 3.5358e-02, 2.8111e-02, 2.2349e-02, 1.7769e-02,
         1.4127e-02, 1.1231e-02, 8.9295e-03, 7.0993e-03, 5.6442e-03, 4.4874e-03,
         3.5677e-03, 2.8365e-03, 2.2551e-03, 1.7929e-03, 1.4254e-03, 1.1333e-03,
         9.0101e-04, 7.1634e-04]], dtype=torch.float64), 'temp': tensor([[192.2354, 186.5441, 180.5746, 174.1342, 167.2139, 159.8990, 152.4059,
         144.9713, 137.7633, 130.8630, 124.2982, 118.0536, 112.1482, 106.4876,
         101.1597, 100.0339, 100.0203, 100.0201, 100.0215, 100.0239, 100.0271,
         100.0313, 100.0366, 100.0433, 100.0515, 100.0617, 100.0744, 100.0901,
         100.1094, 100.1332, 100.1628, 100.2003, 100.2483, 100.3096, 100.3884,
         100.4906, 100.6278, 100.8408, 101.1476, 101.4947, 101.9406, 102.5310,
         103.3166, 104.3702, 105.7766, 107.6313, 110.0420, 113.1213, 116.8350,
         120.8786, 124.6439, 127.3977, 128.9528, 129.7885, 130.4639, 131.1069,
         131.6750, 132.1524, 132.5936, 132.9652, 133.3084, 133.5883, 133.8560,
         134.0693, 134.2675, 134.4274, 134.5685, 134.6851, 134.7778, 134.8627,
         134.9251, 134.9818, 135.0194, 135.0541, 135.0777, 135.1005, 135.1136,
         135.1289, 135.1389, 135.1468]], dtype=torch.float64), 'xCO2': tensor([[9.5215e-01, 8.7819e-01, 7.1640e-01, 5.4103e-01, 3.5598e-01, 1.9312e-01,
         9.3972e-02, 4.1496e-02, 1.6392e-02, 6.3813e-03, 2.1472e-03, 7.3571e-04,
         2.1701e-04, 5.9239e-05, 1.9842e-05, 1.3648e-05, 1.4919e-05, 1.8385e-05,
         2.3029e-05, 2.9059e-05, 3.6639e-05, 4.6159e-05, 5.8110e-05, 7.3110e-05,
         9.2018e-05, 1.1644e-04, 1.4729e-04, 1.8626e-04, 2.3555e-04, 2.9797e-04,
         3.7782e-04, 4.8264e-04, 6.1786e-04, 7.9332e-04, 1.0228e-03, 1.3259e-03,
         1.7334e-03, 2.2704e-03, 2.9661e-03, 3.8681e-03, 5.0382e-03, 6.5560e-03,
         8.6046e-03, 1.1289e-02, 1.4796e-02, 1.9367e-02, 2.5470e-02, 3.3625e-02,
         4.4275e-02, 5.8498e-02, 7.7239e-02, 1.0105e-01, 1.3065e-01, 1.6541e-01,
         2.0566e-01, 2.5025e-01, 2.9858e-01, 3.4906e-01, 4.0043e-01, 4.5116e-01,
         5.0021e-01, 5.4625e-01, 5.8916e-01, 6.2772e-01, 6.6263e-01, 6.9330e-01,
         7.2031e-01, 7.4384e-01, 7.6410e-01, 7.8180e-01, 7.9683e-01, 8.0898e-01,
         8.0898e-01, 8.0898e-01, 8.0898e-01, 8.0898e-01, 8.0898e-01, 8.0898e-01,
         8.0898e-01, 8.0898e-01]], dtype=torch.float64), 'xH2O': tensor([[7.8576e-07, 4.8002e-07, 1.8382e-07, 6.6708e-08, 2.0100e-08, 5.0104e-09,
         1.0460e-09, 1.7710e-10, 1.3030e-11, 8.5596e-13, 6.4570e-13, 5.4362e-13,
         4.3795e-13, 2.3532e-13, 1.3719e-13, 1.2573e-13, 1.2342e-13, 1.1756e-13,
         1.0917e-13, 9.9762e-14, 9.0311e-14, 8.1269e-14, 7.2890e-14, 6.5288e-14,
         5.8512e-14, 5.2667e-14, 4.7690e-14, 4.3560e-14, 4.0204e-14, 3.7531e-14,
         3.5480e-14, 3.4047e-14, 3.3157e-14, 3.2826e-14, 3.3105e-14, 3.4088e-14,
         3.5963e-14, 3.9156e-14, 4.4214e-14, 5.1877e-14, 6.3889e-14, 8.3633e-14,
         1.2333e-13, 2.0459e-13, 3.9067e-13, 8.9606e-13, 3.2360e-12, 1.5210e-11,
         3.8620e-11, 6.4574e-11, 9.2251e-11, 1.2053e-10, 1.4681e-10, 1.6943e-10,
         1.8579e-10, 1.9551e-10, 1.9743e-10, 1.9263e-10, 1.8212e-10, 1.6787e-10,
         1.5180e-10, 1.3559e-10, 1.2043e-10, 1.0742e-10, 9.6687e-11, 8.8743e-11,
         8.3499e-11, 8.1080e-11, 8.1717e-11, 8.5311e-11, 9.2681e-11, 1.0248e-10,
         1.0248e-10, 1.0248e-10, 1.0248e-10, 1.0248e-10, 1.0248e-10, 1.0248e-10,
         1.0248e-10, 1.0248e-10]], dtype=torch.float64), 'xSO2': tensor([[1.5893e-02, 1.2206e-02, 7.5011e-03, 4.2904e-03, 2.1314e-03, 9.0859e-04,
         3.3460e-04, 1.0596e-04, 2.7756e-05, 7.3459e-06, 1.4623e-06, 3.1600e-07,
         5.1982e-08, 7.2691e-09, 1.3929e-09, 6.8590e-10, 6.8051e-10, 8.1965e-10,
         1.0189e-09, 1.2823e-09, 1.6155e-09, 2.0354e-09, 2.5636e-09, 3.2278e-09,
         4.0666e-09, 5.1530e-09, 6.5290e-09, 8.2738e-09, 1.0490e-08, 1.3313e-08,
         1.6950e-08, 2.1777e-08, 2.8083e-08, 3.6397e-08, 4.7493e-08, 6.2559e-08,
         8.4226e-08, 1.1843e-07, 1.7176e-07, 2.5494e-07, 3.8739e-07, 5.6780e-07,
         8.1825e-07, 1.1596e-06, 1.6254e-06, 2.2603e-06, 3.1509e-06, 4.4022e-06,
         6.1221e-06, 8.5715e-06, 1.2056e-05, 1.6836e-05, 2.3303e-05, 3.1310e-05,
         4.0903e-05, 5.1571e-05, 6.2834e-05, 7.3833e-05, 8.3641e-05, 9.1256e-05,
         9.6016e-05, 9.7144e-05, 9.5015e-05, 8.9443e-05, 8.1700e-05, 7.2440e-05,
         6.2778e-05, 5.3483e-05, 4.5251e-05, 3.8351e-05, 3.3268e-05, 3.0011e-05,
         3.0011e-05, 3.0011e-05, 3.0011e-05, 3.0011e-05, 3.0011e-05, 3.0011e-05,
         3.0011e-05, 3.0011e-05]], dtype=torch.float64), 'xH2SO4aer': tensor([[6.9921e-08, 7.8576e-08, 9.7070e-08, 1.1694e-07, 1.4164e-07, 1.7410e-07,
         2.4179e-07, 7.1447e-07, 1.0998e-06, 1.1098e-07, 4.3262e-10, 6.5394e-11,
         2.5886e-12, 6.0745e-15, 3.3726e-16, 2.3898e-16, 2.6215e-16, 3.0999e-16,
         3.7058e-16, 4.4593e-16, 5.3741e-16, 6.4850e-16, 7.8231e-16, 9.3522e-16,
         1.0801e-15, 1.1489e-15, 1.1048e-15, 9.6155e-16, 7.6823e-16, 5.7382e-16,
         4.0959e-16, 2.8867e-16, 2.0384e-16, 1.4781e-16, 1.1338e-16, 9.4825e-17,
         8.8580e-17, 9.1959e-17, 1.0365e-16, 1.2362e-16, 1.5260e-16, 1.9217e-16,
         2.4717e-16, 3.2025e-16, 4.1639e-16, 5.4110e-16, 6.9819e-16, 8.3338e-16,
         6.8666e-16, 3.9144e-16, 2.4158e-16, 1.7779e-16, 1.4704e-16, 1.1690e-16,
         8.4318e-17, 5.4150e-17, 3.1351e-17, 1.6181e-17, 7.5756e-18, 3.2314e-18,
         1.2532e-18, 4.7253e-19, 1.5912e-19, 5.8323e-20, 1.9624e-20, 7.2869e-21,
         2.7199e-21, 1.0910e-21, 4.6603e-22, 1.9237e-22, 7.5045e-23, 1.7648e-23,
         1.7648e-23, 1.7648e-23, 1.7648e-23, 1.7648e-23, 1.7648e-23, 1.7648e-23,
         1.7648e-23, 1.7648e-23]], dtype=torch.float64), 'xS8aer': tensor([[2.1220e-34, 4.3207e-34, 1.8079e-31, 2.0667e-26, 1.4380e-22, 2.0961e-21,
         4.4419e-21, 5.3050e-21, 7.2948e-21, 6.1492e-22, 4.0166e-27, 8.3588e-29,
         8.3313e-31, 1.8493e-33, 3.4001e-35, 6.2838e-36, 6.3815e-36, 7.6363e-36,
         9.2739e-36, 1.1333e-35, 1.3854e-35, 1.6939e-35, 2.0724e-35, 2.5373e-35,
         3.1120e-35, 3.8399e-35, 4.7446e-35, 5.8711e-35, 7.2769e-35, 9.0357e-35,
         1.1259e-34, 1.4143e-34, 1.7824e-34, 2.2553e-34, 2.8679e-34, 3.6692e-34,
         4.7356e-34, 6.1252e-34, 7.9019e-34, 1.0154e-33, 1.2931e-33, 1.6099e-33,
         1.8029e-33, 1.2483e-33, 2.0965e-34, 1.0000e-40, 1.0000e-40, 1.0000e-40,
         1.0000e-40, 1.0000e-40, 1.0000e-40, 1.0000e-40, 1.0000e-40, 1.0000e-40,
         1.0000e-40, 1.0000e-40, 1.0000e-40, 1.0000e-40, 1.0000e-40, 1.0000e-40,
         1.0000e-40, 1.0000e-40, 1.0000e-40, 1.0000e-40, 1.0000e-40, 1.0000e-40,
         1.0000e-40, 1.0000e-40, 1.0000e-40, 1.0000e-40, 1.0000e-40, 1.0000e-40,
         1.0000e-40, 1.0000e-40, 1.0000e-40, 1.0000e-40, 1.0000e-40, 1.0000e-40,
         1.0000e-40, 1.0000e-40]], dtype=torch.float64)}"
1.5552e+06,222.293,0,"{'pres': tensor([[5.3000e+04, 4.2137e+04, 3.3501e+04, 2.6635e+04, 2.1176e+04, 1.6836e+04,
         1.3385e+04, 1.0642e+04, 8.4606e+03, 6.7265e+03, 5.3479e+03, 4.2518e+03,
         3.3803e+03, 2.6875e+03, 2.1367e+03, 1.6988e+03, 1.3506e+03, 1.0738e+03,
         8.5370e+02, 6.7873e+02, 5.3962e+02, 4.2902e+02, 3.4109e+02, 2.7118e+02,
         2.1560e+02, 1.7141e+02, 1.3628e+02, 1.0835e+02, 8.6141e+01, 6.8485e+01,
         5.4449e+01, 4.3289e+01, 3.4417e+01, 2.7363e+01, 2.1755e+01, 1.7296e+01,
         1.3751e+01, 1.0933e+01, 8.6918e+00, 6.9104e+00, 5.4941e+00, 4.3680e+00,
         3.4728e+00, 2.7610e+00, 2.1951e+00, 1.7452e+00, 1.3875e+00, 1.1031e+00,
         8.7703e-01, 6.9728e-01, 5.5437e-01, 4.4075e-01, 3.5041e-01, 2.7859e-01,
         2.2149e-01, 1.7610e-01, 1.4000e-01, 1.1131e-01, 8.8495e-02, 7.0358e-02,
         5.5937e-02, 4.4473e-02, 3.5358e-02, 2.8111e-02, 2.2349e-02, 1.7769e-02,
         1.4127e-02, 1.1231e-02, 8.9295e-03, 7.0993e-03, 5.6442e-03, 4.4874e-03,
         3.5677e-03, 2.8365e-03, 2.2551e-03, 1.7929e-03, 1.4254e-03, 1.1333e-03,
         9.0101e-04, 7.1634e-04]], dtype=torch.float64), 'temp': tensor([[192.2537, 186.5647, 180.5981, 174.1610, 167.2438, 159.9311, 152.4387,
         145.0035, 137.7945, 130.8927, 124.3264, 118.0805, 112.1737, 106.5118,
         101.1827, 100.0344, 100.0204, 100.0202, 100.0216, 100.0240, 100.0273,
         100.0315, 100.0369, 100.0436, 100.0519, 100.0622, 100.0751, 100.0909,
         100.1104, 100.1345, 100.1646, 100.2026, 100.2512, 100.3135, 100.3934,
         100.4972, 100.6366, 100.8526, 101.1634, 101.5161, 101.9695, 102.5697,
         103.3689, 104.4403, 105.8697, 107.7531, 110.1980, 113.3130, 117.0523,
         121.0943, 124.8179, 127.5034, 129.0041, 129.8197, 130.4931, 131.1325,
         131.6953, 132.1698, 132.6087, 132.9774, 133.3197, 133.5980, 133.8645,
         134.0769, 134.2742, 134.4333, 134.5739, 134.6899, 134.7822, 134.8669,
         134.9288, 134.9855, 135.0226, 135.0574, 135.0808, 135.1029, 135.1166,
         135.1317, 135.1416, 135.1494]], dtype=torch.float64), 'xCO2': tensor([[9.5224e-01, 8.7848e-01, 7.1703e-01, 5.4194e-01, 3.5711e-01, 1.9387e-01,
         9.4381e-02, 4.1698e-02, 1.6482e-02, 6.4158e-03, 2.1610e-03, 7.4030e-04,
         2.1816e-04, 5.9723e-05, 1.9987e-05, 1.3676e-05, 1.4922e-05, 1.8385e-05,
         2.3032e-05, 2.9062e-05, 3.6642e-05, 4.6162e-05, 5.8113e-05, 7.3113e-05,
         9.2039e-05, 1.1647e-04, 1.4733e-04, 1.8631e-04, 2.3562e-04, 2.9808e-04,
         3.7809e-04, 4.8305e-04, 6.1849e-04, 7.9434e-04, 1.0245e-03, 1.3286e-03,
         1.7379e-03, 2.2768e-03, 2.9751e-03, 3.8801e-03, 5.0539e-03, 6.5761e-03,
         8.6325e-03, 1.1323e-02, 1.4837e-02, 1.9414e-02, 2.5534e-02, 3.3696e-02,
         4.4350e-02, 5.8603e-02, 7.7324e-02, 1.0111e-01, 1.3059e-01, 1.6521e-01,
         2.0522e-01, 2.4958e-01, 2.9762e-01, 3.4781e-01, 3.9889e-01, 4.4934e-01,
         4.9817e-01, 5.4398e-01, 5.8672e-01, 6.2514e-01, 6.5990e-01, 6.9049e-01,
         7.1739e-01, 7.4086e-01, 7.6102e-01, 7.7866e-01, 7.9360e-01, 8.0548e-01,
         8.0548e-01, 8.0548e-01, 8.0548e-01, 8.0548e-01, 8.0548e-01, 8.0548e-01,
         8.0548e-01, 8.0548e-01]], dtype=torch.float64), 'xH2O': tensor([[7.8820e-07, 4.8166e-07, 1.8462e-07, 6.7061e-08, 2.0226e-08, 5.0465e-09,
         1.0546e-09, 1.7880e-10, 1.3373e-11, 8.6852e-13, 6.4610e-13, 5.4449e-13,
         4.3998e-13, 2.3714e-13, 1.3812e-13, 1.2640e-13, 1.2419e-13, 1.1845e-13,
         1.1014e-13, 1.0079e-13, 9.1370e-14, 8.2342e-14, 7.3960e-14, 6.6347e-14,
         5.9556e-14, 5.3685e-14, 4.8668e-14, 4.4488e-14, 4.1077e-14, 3.8350e-14,
         3.6252e-14, 3.4777e-14, 3.3852e-14, 3.3494e-14, 3.3755e-14, 3.4731e-14,
         3.6615e-14, 3.9831e-14, 4.4947e-14, 5.2739e-14, 6.5008e-14, 8.5255e-14,
         1.2640e-13, 2.1090e-13, 4.0583e-13, 9.4089e-13, 3.4953e-12, 1.6376e-11,
         4.0434e-11, 6.6711e-11, 9.4729e-11, 1.2332e-10, 1.4989e-10, 1.7266e-10,
         1.8914e-10, 1.9882e-10, 2.0068e-10, 1.9568e-10, 1.8499e-10, 1.7050e-10,
         1.5419e-10, 1.3776e-10, 1.2239e-10, 1.0920e-10, 9.8336e-11, 9.0275e-11,
         8.4986e-11, 8.2542e-11, 8.3242e-11, 8.6932e-11, 9.4494e-11, 1.0432e-10,
         1.0432e-10, 1.0432e-10, 1.0432e-10, 1.0432e-10, 1.0432e-10, 1.0432e-10,
         1.0432e-10, 1.0432e-10]], dtype=torch.float64), 'xSO2': tensor([[1.5924e-02, 1.2232e-02, 7.5218e-03, 4.3051e-03, 2.1403e-03, 9.1309e-04,
         3.3649e-04, 1.0665e-04, 2.7968e-05, 7.3999e-06, 1.4760e-06, 3.1881e-07,
         5.2319e-08, 7.3587e-09, 1.4083e-09, 6.8809e-10, 6.8066e-10, 8.1952e-10,
         1.0189e-09, 1.2822e-09, 1.6153e-09, 2.0352e-09, 2.5633e-09, 3.2274e-09,
         4.0669e-09, 5.1536e-09, 6.5300e-09, 8.2757e-09, 1.0493e-08, 1.3318e-08,
         1.6964e-08, 2.1800e-08, 2.8121e-08, 3.6462e-08, 4.7602e-08, 6.2746e-08,
         8.4606e-08, 1.1913e-07, 1.7309e-07, 2.5747e-07, 3.9165e-07, 5.7403e-07,
         8.2748e-07, 1.1725e-06, 1.6431e-06, 2.2840e-06, 3.1844e-06, 4.4461e-06,
         6.1786e-06, 8.6509e-06, 1.2153e-05, 1.6959e-05, 2.3421e-05, 3.1412e-05,
         4.0946e-05, 5.1540e-05, 6.2701e-05, 7.3580e-05, 8.3280e-05, 9.0776e-05,
         9.5472e-05, 9.6534e-05, 9.4392e-05, 8.8842e-05, 8.1137e-05, 7.1946e-05,
         6.2354e-05, 5.3128e-05, 4.4967e-05, 3.8122e-05, 3.3093e-05, 2.9921e-05,
         2.9921e-05, 2.9921e-05, 2.9921e-05, 2.9921e-05, 2.9921e-05, 2.9921e-05,
         2.9921e-05, 2.9921e-05]], dtype=torch.float64), 'xH2SO4aer': tensor([[6.9923e-08, 7.8580e-08, 9.7076e-08, 1.1695e-07, 1.4167e-07, 1.7420e-07,
         2.4262e-07, 7.2094e-07, 1.0896e-06, 1.0725e-07, 4.3645e-10, 6.6316e-11,
         2.6127e-12, 6.2415e-15, 3.1237e-16, 2.1635e-16, 2.3661e-16, 2.7946e-16,
         3.3382e-16, 4.0135e-16, 4.8329e-16, 5.8279e-16, 7.0273e-16, 8.4062e-16,
         9.7376e-16, 1.0428e-15, 1.0114e-15, 8.8818e-16, 7.1551e-16, 5.3844e-16,
         3.8702e-16, 2.7447e-16, 1.9517e-16, 1.4280e-16, 1.1084e-16, 9.4067e-17,
         8.9268e-17, 9.3932e-17, 1.0694e-16, 1.2838e-16, 1.5911e-16, 2.0086e-16,
         2.5883e-16, 3.3570e-16, 4.3678e-16, 5.6783e-16, 7.3259e-16, 8.6989e-16,
         7.0062e-16, 3.9724e-16, 2.4757e-16, 1.8443e-16, 1.5271e-16, 1.2122e-16,
         8.7148e-17, 5.5862e-17, 3.2252e-17, 1.6651e-17, 7.7681e-18, 3.3232e-18,
         1.2822e-18, 4.8617e-19, 1.6358e-19, 6.0075e-20, 2.0328e-20, 7.5191e-21,
         2.8238e-21, 1.1286e-21, 4.8490e-22, 1.9973e-22, 7.8104e-23, 1.8918e-23,
         1.8918e-23, 1.8918e-23, 1.8918e-23, 1.8918e-23, 1.8918e-23, 1.8918e-23,
         1.8918e-23, 1.8918e-23]], dtype=torch.float64), 'xS8aer': tensor([[2.1222e-34, 4.3219e-34, 1.9015e-31, 2.1222e-26, 1.4461e-22, 2.1001e-21,
         4.4764e-21, 5.3596e-21, 7.2135e-21, 5.9200e-22, 4.0953e-27, 8.5876e-29,
         8.4511e-31, 1.9141e-33, 3.4596e-35, 6.1511e-36, 6.2276e-36, 7.4365e-36,
         9.0097e-36, 1.1006e-35, 1.3484e-35, 1.6549e-35, 2.0323e-35, 2.4951e-35,
         3.0650e-35, 3.7833e-35, 4.6753e-35, 5.7881e-35, 7.1815e-35, 8.9305e-35,
         1.1149e-34, 1.4026e-34, 1.7697e-34, 2.2409e-34, 2.8509e-34, 3.6483e-34,
         4.7101e-34, 6.0929e-34, 7.8616e-34, 1.0103e-33, 1.2860e-33, 1.5975e-33,
         1.7652e-33, 1.1264e-33, 1.4196e-34, 1.0000e-40, 1.0000e-40, 1.0000e-40,
         1.0000e-40, 1.0000e-40, 1.0000e-40, 1.0000e-40, 1.0000e-40, 1.0000e-40,
         1.0000e-40, 1.0000e-40, 1.0000e-40, 1.0000e-40, 1.0000e-40, 1.0000e-40,
         1.0000e-40, 1.0000e-40, 1.0000e-40, 1.0000e-40, 1.0000e-40, 1.0000e-40,
         1.0000e-40, 1.0000e-40, 1.0000e-40, 1.0000e-40, 1.0000e-40, 1.0000e-40,
         1.0000e-40, 1.0000e-40, 1.0000e-40, 1.0000e-40, 1.0000e-40, 1.0000e-40,
         1.0000e-40, 1.0000e-40]], dtype=torch.float64)}"
1.5768e+06,222.302,0,"{'pres': tensor([[5.3000e+04, 4.2137e+04, 3.3501e+04, 2.6635e+04, 2.1176e+04, 1.6836e+04,
         1.3385e+04, 1.0642e+04, 8.4606e+03, 6.7265e+03, 5.3479e+03, 4.2518e+03,
         3.3803e+03, 2.6875e+03, 2.1367e+03, 1.6988e+03, 1.3506e+03, 1.0738e+03,
         8.5370e+02, 6.7873e+02, 5.3962e+02, 4.2902e+02, 3.4109e+02, 2.7118e+02,
         2.1560e+02, 1.7141e+02, 1.3628e+02, 1.0835e+02, 8.6141e+01, 6.8485e+01,
         5.4449e+01, 4.3289e+01, 3.4417e+01, 2.7363e+01, 2.1755e+01, 1.7296e+01,
         1.3751e+01, 1.0933e+01, 8.6918e+00, 6.9104e+00, 5.4941e+00, 4.3680e+00,
         3.4728e+00, 2.7610e+00, 2.1951e+00, 1.7452e+00, 1.3875e+00, 1.1031e+00,
         8.7703e-01, 6.9728e-01, 5.5437e-01, 4.4075e-01, 3.5041e-01, 2.7859e-01,
         2.2149e-01, 1.7610e-01, 1.4000e-01, 1.1131e-01, 8.8495e-02, 7.0358e-02,
         5.5937e-02, 4.4473e-02, 3.5358e-02, 2.8111e-02, 2.2349e-02, 1.7769e-02,
         1.4127e-02, 1.1231e-02, 8.9295e-03, 7.0993e-03, 5.6442e-03, 4.4874e-03,
         3.5677e-03, 2.8365e-03, 2.2551e-03, 1.7929e-03, 1.4254e-03, 1.1333e-03,
         9.0101e-04, 7.1634e-04]], dtype=torch.float64), 'temp': tensor([[192.2720, 186.5853, 180.6215, 174.1878, 167.2738, 159.9632, 152.4714,
         145.0358, 137.8256, 130.9224, 124.3547, 118.1073, 112.1992, 106.5360,
         101.2057, 100.0348, 100.0204, 100.0203, 100.0217, 100.0241, 100.0274,
         100.0317, 100.0371, 100.0439, 100.0523, 100.0627, 100.0757, 100.0918,
         100.1115, 100.1359, 100.1663, 100.2049, 100.2542, 100.3173, 100.3985,
         100.5039, 100.6455, 100.8645, 101.1794, 101.5375, 101.9984, 102.6086,
         103.4214, 104.5106, 105.9631, 107.8751, 110.3540, 113.5041, 117.2675,
         121.3061, 124.9864, 127.6045, 129.0530, 129.8504, 130.5220, 131.1574,
         131.7153, 132.1869, 132.6236, 132.9895, 133.3307, 133.6075, 133.8728,
         134.0842, 134.2807, 134.4391, 134.5792, 134.6946, 134.7865, 134.8709,
         134.9324, 134.9889, 135.0257, 135.0604, 135.0839, 135.1054, 135.1195,
         135.1343, 135.1442, 135.1520]], dtype=torch.float64), 'xCO2': tensor([[9.5234e-01, 8.7876e-01, 7.1766e-01, 5.4283e-01, 3.5825e-01, 1.9462e-01,
         9.4792e-02, 4.1901e-02, 1.6573e-02, 6.4504e-03, 2.1750e-03, 7.4490e-04,
         2.1931e-04, 6.0209e-05, 2.0133e-05, 1.3704e-05, 1.4925e-05, 1.8384e-05,
         2.3035e-05, 2.9065e-05, 3.6645e-05, 4.6165e-05, 5.8116e-05, 7.3115e-05,
         9.2060e-05, 1.1650e-04, 1.4736e-04, 1.8636e-04, 2.3570e-04, 2.9820e-04,
         3.7835e-04, 4.8345e-04, 6.1912e-04, 7.9535e-04, 1.0261e-03, 1.3313e-03,
         1.7424e-03, 2.2833e-03, 2.9839e-03, 3.8920e-03, 5.0696e-03, 6.5965e-03,
         8.6600e-03, 1.1356e-02, 1.4877e-02, 1.9459e-02, 2.5597e-02, 3.3765e-02,
         4.4423e-02, 5.8705e-02, 7.7405e-02, 1.0116e-01, 1.3052e-01, 1.6500e-01,
         2.0477e-01, 2.4890e-01, 2.9665e-01, 3.4655e-01, 3.9735e-01, 4.4753e-01,
         4.9613e-01, 5.4172e-01, 5.8426e-01, 6.2256e-01, 6.5717e-01, 6.8768e-01,
         7.1447e-01, 7.3787e-01, 7.5794e-01, 7.7549e-01, 7.9037e-01, 8.0198e-01,
         8.0198e-01, 8.0198e-01, 8.0198e-01, 8.0198e-01, 8.0198e-01, 8.0198e-01,
         8.0198e-01, 8.0198e-01]], dtype=torch.float64), 'xH2O': tensor([[7.9065e-07, 4.8330e-07, 1.8542e-07, 6.7414e-08, 2.0353e-08, 5.0828e-09,
         1.0632e-09, 1.8052e-10, 1.3727e-11, 8.8138e-13, 6.4646e-13, 5.4533e-13,
         4.4199e-13, 2.3894e-13, 1.3904e-13, 1.2706e-13, 1.2495e-13, 1.1933e-13,
         1.1110e-13, 1.0180e-13, 9.2419e-14, 8.3405e-14, 7.5022e-14, 6.7397e-14,
         6.0592e-14, 5.4695e-14, 4.9640e-14, 4.5411e-14, 4.1947e-14, 3.9168e-14,
         3.7024e-14, 3.5508e-14, 3.4549e-14, 3.4165e-14, 3.4409e-14, 3.5378e-14,
         3.7270e-14, 4.0510e-14, 4.5687e-14, 5.3609e-14, 6.6141e-14, 8.6925e-14,
         1.2955e-13, 2.1740e-13, 4.2160e-13, 9.8796e-13, 3.7695e-12, 1.7412e-11,
         4.2162e-11, 6.8869e-11, 9.7240e-11, 1.2613e-10, 1.5298e-10, 1.7590e-10,
         1.9249e-10, 2.0213e-10, 2.0393e-10, 1.9874e-10, 1.8787e-10, 1.7313e-10,
         1.5659e-10, 1.3993e-10, 1.2437e-10, 1.1100e-10, 1.0000e-10, 9.1826e-11,
         8.6496e-11, 8.4030e-11, 8.4798e-11, 8.8617e-11, 9.6350e-11, 1.0619e-10,
         1.0619e-10, 1.0619e-10, 1.0619e-10, 1.0619e-10, 1.0619e-10, 1.0619e-10,
         1.0619e-10, 1.0619e-10]], dtype=torch.float64), 'xSO2': tensor([[1.5954e-02, 1.2259e-02, 7.5425e-03, 4.3198e-03, 2.1493e-03, 9.1760e-04,
         3.3839e-04, 1.0734e-04, 2.8181e-05, 7.4542e-06, 1.4898e-06, 3.2164e-07,
         5.2655e-08, 7.4492e-09, 1.4239e-09, 6.9027e-10, 6.8082e-10, 8.1939e-10,
         1.0188e-09, 1.2821e-09, 1.6152e-09, 2.0349e-09, 2.5630e-09, 3.2270e-09,
         4.0673e-09, 5.1542e-09, 6.5311e-09, 8.2776e-09, 1.0497e-08, 1.3324e-08,
         1.6978e-08, 2.1823e-08, 2.8160e-08, 3.6526e-08, 4.7712e-08, 6.2935e-08,
         8.4989e-08, 1.1984e-07, 1.7444e-07, 2.6003e-07, 3.9587e-07, 5.8026e-07,
         8.3671e-07, 1.1853e-06, 1.6608e-06, 2.3076e-06, 3.2177e-06, 4.4895e-06,
         6.2343e-06, 8.7291e-06, 1.2248e-05, 1.7078e-05, 2.3533e-05, 3.1507e-05,
         4.0983e-05, 5.1502e-05, 6.2562e-05, 7.3321e-05, 8.2914e-05, 9.0293e-05,
         9.4925e-05, 9.5923e-05, 9.3751e-05, 8.8237e-05, 8.0570e-05, 7.1447e-05,
         6.1926e-05, 5.2767e-05, 4.4678e-05, 3.7902e-05, 3.2914e-05, 2.9825e-05,
         2.9825e-05, 2.9825e-05, 2.9825e-05, 2.9825e-05, 2.9825e-05, 2.9825e-05,
         2.9825e-05, 2.9825e-05]], dtype=torch.float64), 'xH2SO4aer': tensor([[6.9925e-08, 7.8583e-08, 9.7082e-08, 1.1697e-07, 1.4170e-07, 1.7430e-07,
         2.4346e-07, 7.2734e-07, 1.0794e-06, 1.0366e-07, 4.4029e-10, 6.7245e-11,
         2.6361e-12, 6.4258e-15, 2.9052e-16, 1.9633e-16, 2.1402e-16, 2.5246e-16,
         3.0130e-16, 3.6189e-16, 4.3539e-16, 5.2459e-16, 6.3220e-16, 7.5655e-16,
         8.7873e-16, 9.4699e-16, 9.2604e-16, 8.2027e-16, 6.6624e-16, 5.0510e-16,
         3.6563e-16, 2.6098e-16, 1.8694e-16, 1.3805e-16, 1.0846e-16, 9.3389e-17,
         8.9962e-17, 9.5832e-17, 1.1006e-16, 1.3284e-16, 1.6516e-16, 2.0885e-16,
         2.6941e-16, 3.4951e-16, 4.5473e-16, 5.9093e-16, 7.6142e-16, 8.9767e-16,
         7.1153e-16, 4.0324e-16, 2.5378e-16, 1.9124e-16, 1.5847e-16, 1.2558e-16,
         8.9993e-17, 5.7581e-17, 3.3150e-17, 1.7120e-17, 7.9585e-18, 3.4146e-18,
         1.3106e-18, 4.9979e-19, 1.6897e-19, 6.1829e-20, 2.1043e-20, 7.7530e-21,
         2.9300e-21, 1.1669e-21, 5.0430e-22, 2.0846e-22, 8.1229e-23, 2.0249e-23,
         2.0249e-23, 2.0249e-23, 2.0249e-23, 2.0249e-23, 2.0249e-23, 2.0249e-23,
         2.0249e-23, 2.0249e-23]], dtype=torch.float64), 'xS8aer': tensor([[2.1225e-34, 4.3231e-34, 1.9987e-31, 2.1785e-26, 1.4543e-22, 2.1041e-21,
         4.5109e-21, 5.4137e-21, 7.1326e-21, 5.7002e-22, 4.1815e-27, 8.8222e-29,
         8.5684e-31, 1.9824e-33, 3.5431e-35, 5.9474e-36, 5.9501e-36, 7.1312e-36,
         8.6904e-36, 1.0648e-35, 1.3031e-35, 1.5932e-35, 1.9471e-35, 2.3808e-35,
         2.9177e-35, 3.5982e-35, 4.4465e-35, 5.5059e-35, 6.8316e-35, 8.4943e-35,
         1.0606e-34, 1.3347e-34, 1.6858e-34, 2.1384e-34, 2.7272e-34, 3.5006e-34,
         4.5353e-34, 5.8862e-34, 7.6171e-34, 9.8114e-34, 1.2505e-33, 1.5513e-33,
         1.6860e-33, 9.5576e-34, 6.0347e-35, 1.0000e-40, 1.0000e-40, 1.0000e-40,
         1.0000e-40, 1.0000e-40, 1.0000e-40, 1.0000e-40, 1.0000e-40, 1.0000e-40,
         1.0000e-40, 1.0000e-40, 1.0000e-40, 1.0000e-40, 1.0000e-40, 1.0000e-40,
         1.0000e-40, 1.0000e-40, 1.0000e-40, 1.0000e-40, 1.0000e-40, 1.0000e-40,
         1.0000e-40, 1.0000e-40, 1.0000e-40, 1.0000e-40, 1.0000e-40, 1.0000e-40,
         1.0000e-40, 1.0000e-40, 1.0000e-40, 1.0000e-40, 1.0000e-40, 1.0000e-40,
         1.0000e-40, 1.0000e-40]], dtype=torch.float64)}"
1.5984e+06,222.311,0,"{'pres': tensor([[5.3000e+04, 4.2137e+04, 3.3501e+04, 2.6635e+04, 2.1176e+04, 1.6836e+04,
         1.3385e+04, 1.0642e+04, 8.4606e+03, 6.7265e+03, 5.3479e+03, 4.2518e+03,
         3.3803e+03, 2.6875e+03, 2.1367e+03, 1.6988e+03, 1.3506e+03, 1.0738e+03,
         8.5370e+02, 6.7873e+02, 5.3962e+02, 4.2902e+02, 3.4109e+02, 2.7118e+02,
         2.1560e+02, 1.7141e+02, 1.3628e+02, 1.0835e+02, 8.6141e+01, 6.8485e+01,
         5.4449e+01, 4.3289e+01, 3.4417e+01, 2.7363e+01, 2.1755e+01, 1.7296e+01,
         1.3751e+01, 1.0933e+01, 8.6918e+00, 6.9104e+00, 5.4941e+00, 4.3680e+00,
         3.4728e+00, 2.7610e+00, 2.1951e+00, 1.7452e+00, 1.3875e+00, 1.1031e+00,
         8.7703e-01, 6.9728e-01, 5.5437e-01, 4.4075e-01, 3.5041e-01, 2.7859e-01,
         2.2149e-01, 1.7610e-01, 1.4000e-01, 1.1131e-01, 8.8495e-02, 7.0358e-02,
         5.5937e-02, 4.4473e-02, 3.5358e-02, 2.8111e-02, 2.2349e-02, 1.7769e-02,
         1.4127e-02, 1.1231e-02, 8.9295e-03, 7.0993e-03, 5.6442e-03, 4.4874e-03,
         3.5677e-03, 2.8365e-03, 2.2551e-03, 1.7929e-03, 1.4254e-03, 1.1333e-03,
         9.0101e-04, 7.1634e-04]], dtype=torch.float64), 'temp': tensor([[192.2903, 186.6059, 180.6450, 174.2146, 167.3037, 159.9953, 152.5042,
         145.0681, 137.8567, 130.9522, 124.3830, 118.1342, 112.2248, 106.5602,
         101.2287, 100.0353, 100.0205, 100.0204, 100.0218, 100.0243, 100.0276,
         100.0319, 100.0374, 100.0442, 100.0527, 100.0632, 100.0764, 100.0926,
         100.1126, 100.1373, 100.1681, 100.2071, 100.2572, 100.3212, 100.4035,
         100.5106, 100.6544, 100.8765, 101.1954, 101.5591, 102.0275, 102.6477,
         103.4742, 104.5813, 106.0568, 107.9973, 110.5101, 113.6945, 117.4807,
         121.5139, 125.1497, 127.7010, 129.0997, 129.8805, 130.5505, 131.1819,
         131.7349, 132.2038, 132.6383, 133.0015, 133.3417, 133.6168, 133.8810,
         134.0915, 134.2871, 134.4448, 134.5844, 134.6992, 134.7907, 134.8748,
         134.9359, 134.9923, 135.0286, 135.0633, 135.0868, 135.1078, 135.1222,
         135.1368, 135.1467, 135.1544]], dtype=torch.float64), 'xCO2': tensor([[9.5243e-01, 8.7903e-01, 7.1828e-01, 5.4373e-01, 3.5939e-01, 1.9537e-01,
         9.5204e-02, 4.2105e-02, 1.6664e-02, 6.4852e-03, 2.1890e-03, 7.4952e-04,
         2.2047e-04, 6.0698e-05, 2.0280e-05, 1.3732e-05, 1.4928e-05, 1.8384e-05,
         2.3038e-05, 2.9067e-05, 3.6648e-05, 4.6167e-05, 5.8118e-05, 7.3118e-05,
         9.2081e-05, 1.1652e-04, 1.4740e-04, 1.8641e-04, 2.3577e-04, 2.9831e-04,
         3.7861e-04, 4.8385e-04, 6.1975e-04, 7.9637e-04, 1.0278e-03, 1.3340e-03,
         1.7470e-03, 2.2897e-03, 2.9928e-03, 3.9039e-03, 5.0850e-03, 6.6182e-03,
         8.6872e-03, 1.1389e-02, 1.4916e-02, 1.9504e-02, 2.5658e-02, 3.3833e-02,
         4.4495e-02, 5.8803e-02, 7.7482e-02, 1.0121e-01, 1.3044e-01, 1.6478e-01,
         2.0432e-01, 2.4822e-01, 2.9568e-01, 3.4530e-01, 3.9581e-01, 4.4572e-01,
         4.9409e-01, 5.3946e-01, 5.8180e-01, 6.1998e-01, 6.5444e-01, 6.8486e-01,
         7.1154e-01, 7.3488e-01, 7.5484e-01, 7.7231e-01, 7.8713e-01, 7.9848e-01,
         7.9848e-01, 7.9848e-01, 7.9848e-01, 7.9848e-01, 7.9848e-01, 7.9848e-01,
         7.9848e-01, 7.9848e-01]], dtype=torch.float64), 'xH2O': tensor([[7.9310e-07, 4.8495e-07, 1.8623e-07, 6.7769e-08, 2.0480e-08, 5.1194e-09,
         1.0719e-09, 1.8226e-10, 1.4092e-11, 8.9455e-13, 6.4679e-13, 5.4614e-13,
         4.4398e-13, 2.4074e-13, 1.3996e-13, 1.2771e-13, 1.2570e-13, 1.2019e-13,
         1.1204e-13, 1.0280e-13, 9.3457e-14, 8.4459e-14, 7.6075e-14, 6.8439e-14,
         6.1619e-14, 5.5696e-14, 5.0605e-14, 4.6329e-14, 4.2814e-14, 3.9985e-14,
         3.7797e-14, 3.6241e-14, 3.5249e-14, 3.4839e-14, 3.5067e-14, 3.6029e-14,
         3.7930e-14, 4.1194e-14, 4.6432e-14, 5.4488e-14, 6.7289e-14, 8.8712e-14,
         1.3277e-13, 2.2411e-13, 4.3798e-13, 1.0374e-12, 4.0601e-12, 1.8414e-11,
         4.3810e-11, 7.1018e-11, 9.9776e-11, 1.2897e-10, 1.5609e-10, 1.7914e-10,
         1.9585e-10, 2.0544e-10, 2.0718e-10, 2.0179e-10, 1.9075e-10, 1.7576e-10,
         1.5900e-10, 1.4211e-10, 1.2636e-10, 1.1280e-10, 1.0169e-10, 9.3398e-11,
         8.8030e-11, 8.5546e-11, 8.6386e-11, 9.0340e-11, 9.8249e-11, 1.0812e-10,
         1.0812e-10, 1.0812e-10, 1.0812e-10, 1.0812e-10, 1.0812e-10, 1.0812e-10,
         1.0812e-10, 1.0812e-10]], dtype=torch.float64), 'xSO2': tensor([[1.5985e-02, 1.2285e-02, 7.5633e-03, 4.3346e-03, 2.1583e-03, 9.2213e-04,
         3.4031e-04, 1.0804e-04, 2.8396e-05, 7.5088e-06, 1.5036e-06, 3.2449e-07,
         5.2991e-08, 7.5407e-09, 1.4395e-09, 6.9247e-10, 6.8098e-10, 8.1927e-10,
         1.0188e-09, 1.2820e-09, 1.6150e-09, 2.0347e-09, 2.5627e-09, 3.2266e-09,
         4.0677e-09, 5.1549e-09, 6.5323e-09, 8.2796e-09, 1.0500e-08, 1.3330e-08,
         1.6992e-08, 2.1846e-08, 2.8199e-08, 3.6592e-08, 4.7822e-08, 6.3124e-08,
         8.5376e-08, 1.2056e-07, 1.7581e-07, 2.6262e-07, 4.0009e-07, 5.8670e-07,
         8.4593e-07, 1.1982e-06, 1.6784e-06, 2.3311e-06, 3.2507e-06, 4.5324e-06,
         6.2894e-06, 8.8061e-06, 1.2342e-05, 1.7193e-05, 2.3640e-05, 3.1596e-05,
         4.1013e-05, 5.1458e-05, 6.2416e-05, 7.3058e-05, 8.2544e-05, 8.9808e-05,
         9.4375e-05, 9.5309e-05, 9.3107e-05, 8.7629e-05, 7.9999e-05, 7.0944e-05,
         6.1493e-05, 5.2402e-05, 4.4385e-05, 3.7677e-05, 3.2731e-05, 2.9725e-05,
         2.9725e-05, 2.9725e-05, 2.9725e-05, 2.9725e-05, 2.9725e-05, 2.9725e-05,
         2.9725e-05, 2.9725e-05]], dtype=torch.float64), 'xH2SO4aer': tensor([[6.9927e-08, 7.8586e-08, 9.7088e-08, 1.1698e-07, 1.4174e-07, 1.7441e-07,
         2.4431e-07, 7.3367e-07, 1.0692e-06, 1.0021e-07, 4.4414e-10, 6.8182e-11,
         2.6587e-12, 6.6272e-15, 2.7137e-16, 1.7859e-16, 1.9401e-16, 2.2854e-16,
         2.7247e-16, 3.2692e-16, 3.9292e-16, 4.7299e-16, 5.6961e-16, 6.8179e-16,
         7.9376e-16, 8.6041e-16, 8.4801e-16, 7.5749e-16, 6.2021e-16, 4.7370e-16,
         3.4533e-16, 2.4811e-16, 1.7906e-16, 1.3347e-16, 1.0612e-16, 9.2664e-17,
         9.0524e-17, 9.7512e-17, 1.1285e-16, 1.3687e-16, 1.7062e-16, 2.1612e-16,
         2.7896e-16, 3.6197e-16, 4.7088e-16, 6.1164e-16, 7.8692e-16, 9.2047e-16,
         7.1978e-16, 4.0922e-16, 2.6020e-16, 1.9820e-16, 1.6434e-16, 1.2998e-16,
         9.2854e-17, 5.9304e-17, 3.4045e-17, 1.7589e-17, 8.1463e-18, 3.5055e-18,
         1.3384e-18, 5.1335e-19, 1.7441e-19, 6.3582e-20, 2.1767e-20, 7.9883e-21,
         3.0385e-21, 1.2058e-21, 5.2422e-22, 2.1745e-22, 8.4418e-23, 2.1644e-23,
         2.1644e-23, 2.1644e-23, 2.1644e-23, 2.1644e-23, 2.1644e-23, 2.1644e-23,
         2.1644e-23, 2.1644e-23]], dtype=torch.float64), 'xS8aer': tensor([[2.1228e-34, 4.3243e-34, 2.0994e-31, 2.2355e-26, 1.4624e-22, 2.1080e-21,
         4.5454e-21, 5.4673e-21, 7.0520e-21, 5.4895e-22, 4.2745e-27, 9.0625e-29,
         8.6827e-31, 2.0531e-33, 3.6627e-35, 6.1760e-36, 6.1794e-36, 7.4006e-36,
         9.0107e-36, 1.1028e-35, 1.3483e-35, 1.6470e-35, 2.0114e-35, 2.4577e-35,
         3.0100e-35, 3.7085e-35, 4.5773e-35, 5.6599e-35, 7.0113e-35, 8.7018e-35,
         1.0845e-34, 1.3616e-34, 1.7155e-34, 2.1704e-34, 2.7603e-34, 3.5327e-34,
         4.5627e-34, 5.8993e-34, 7.6033e-34, 9.7516e-34, 1.2369e-33, 1.5233e-33,
         1.6203e-33, 8.1154e-34, 1.0000e-40, 1.0000e-40, 1.0000e-40, 1.0000e-40,
         1.0000e-40, 1.0000e-40, 1.0000e-40, 1.0000e-40, 1.0000e-40, 1.0000e-40,
         1.0000e-40, 1.0000e-40, 1.0000e-40, 1.0000e-40, 1.0000e-40, 1.0000e-40,
         1.0000e-40, 1.0000e-40, 1.0000e-40, 1.0000e-40, 1.0000e-40, 1.0000e-40,
         1.0000e-40, 1.0000e-40, 1.0000e-40, 1.0000e-40, 1.0000e-40, 1.0000e-40,
         1.0000e-40, 1.0000e-40, 1.0000e-40, 1.0000e-40, 1.0000e-40, 1.0000e-40,
         1.0000e-40, 1.0000e-40]], dtype=torch.float64)}"
1.62e+06,222.319,0,"{'pres': tensor([[5.3000e+04, 4.2137e+04, 3.3501e+04, 2.6635e+04, 2.1176e+04, 1.6836e+04,
         1.3385e+04, 1.0642e+04, 8.4606e+03, 6.7265e+03, 5.3479e+03, 4.2518e+03,
         3.3803e+03, 2.6875e+03, 2.1367e+03, 1.6988e+03, 1.3506e+03, 1.0738e+03,
         8.5370e+02, 6.7873e+02, 5.3962e+02, 4.2902e+02, 3.4109e+02, 2.7118e+02,
         2.1560e+02, 1.7141e+02, 1.3628e+02, 1.0835e+02, 8.6141e+01, 6.8485e+01,
         5.4449e+01, 4.3289e+01, 3.4417e+01, 2.7363e+01, 2.1755e+01, 1.7296e+01,
         1.3751e+01, 1.0933e+01, 8.6918e+00, 6.9104e+00, 5.4941e+00, 4.3680e+00,
         3.4728e+00, 2.7610e+00, 2.1951e+00, 1.7452e+00, 1.3875e+00, 1.1031e+00,
         8.7703e-01, 6.9728e-01, 5.5437e-01, 4.4075e-01, 3.5041e-01, 2.7859e-01,
         2.2149e-01, 1.7610e-01, 1.4000e-01, 1.1131e-01, 8.8495e-02, 7.0358e-02,
         5.5937e-02, 4.4473e-02, 3.5358e-02, 2.8111e-02, 2.2349e-02, 1.7769e-02,
         1.4127e-02, 1.1231e-02, 8.9295e-03, 7.0993e-03, 5.6442e-03, 4.4874e-03,
         3.5677e-03, 2.8365e-03, 2.2551e-03, 1.7929e-03, 1.4254e-03, 1.1333e-03,
         9.0101e-04, 7.1634e-04]], dtype=torch.float64), 'temp': tensor([[192.3085, 186.6265, 180.6685, 174.2414, 167.3336, 160.0274, 152.5370,
         145.1004, 137.8878, 130.9819, 124.4113, 118.1611, 112.2503, 106.5844,
         101.2517, 100.0357, 100.0206, 100.0204, 100.0219, 100.0244, 100.0277,
         100.0321, 100.0376, 100.0445, 100.0531, 100.0638, 100.0771, 100.0934,
         100.1136, 100.1387, 100.1698, 100.2094, 100.2601, 100.3250, 100.4086,
         100.5173, 100.6633, 100.8884, 101.2115, 101.5808, 102.0568, 102.6870,
         103.5272, 104.6523, 106.1509, 108.1198, 110.6663, 113.8841, 117.6917,
         121.7179, 125.3078, 127.7931, 129.1443, 129.9101, 130.5786, 131.2059,
         131.7541, 132.2204, 132.6527, 133.0133, 133.3524, 133.6259, 133.8890,
         134.0986, 134.2934, 134.4504, 134.5894, 134.7037, 134.7948, 134.8786,
         134.9392, 134.9956, 135.0315, 135.0661, 135.0896, 135.1101, 135.1249,
         135.1391, 135.1490, 135.1567]], dtype=torch.float64), 'xCO2': tensor([[9.5253e-01, 8.7930e-01, 7.1889e-01, 5.4462e-01, 3.6054e-01, 1.9612e-01,
         9.5618e-02, 4.2310e-02, 1.6755e-02, 6.5201e-03, 2.2030e-03, 7.5417e-04,
         2.2163e-04, 6.1191e-05, 2.0428e-05, 1.3759e-05, 1.4931e-05, 1.8383e-05,
         2.3041e-05, 2.9070e-05, 3.6650e-05, 4.6170e-05, 5.8121e-05, 7.3121e-05,
         9.2102e-05, 1.1655e-04, 1.4743e-04, 1.8646e-04, 2.3585e-04, 2.9842e-04,
         3.7887e-04, 4.8425e-04, 6.2039e-04, 7.9739e-04, 1.0294e-03, 1.3367e-03,
         1.7515e-03, 2.2961e-03, 3.0016e-03, 3.9156e-03, 5.1004e-03, 6.6398e-03,
         8.7140e-03, 1.1422e-02, 1.4955e-02, 1.9548e-02, 2.5719e-02, 3.3899e-02,
         4.4565e-02, 5.8899e-02, 7.7555e-02, 1.0125e-01, 1.3035e-01, 1.6455e-01,
         2.0387e-01, 2.4754e-01, 2.9471e-01, 3.4405e-01, 3.9428e-01, 4.4391e-01,
         4.9206e-01, 5.3721e-01, 5.7935e-01, 6.1740e-01, 6.5171e-01, 6.8205e-01,
         7.0860e-01, 7.3187e-01, 7.5175e-01, 7.6912e-01, 7.8388e-01, 7.9496e-01,
         7.9496e-01, 7.9496e-01, 7.9496e-01, 7.9496e-01, 7.9496e-01, 7.9496e-01,
         7.9496e-01, 7.9496e-01]], dtype=torch.float64), 'xH2O': tensor([[7.9556e-07, 4.8660e-07, 1.8703e-07, 6.8126e-08, 2.0609e-08, 5.1562e-09,
         1.0807e-09, 1.8401e-10, 1.4469e-11, 9.0802e-13, 6.4709e-13, 5.4692e-13,
         4.4594e-13, 2.4252e-13, 1.4087e-13, 1.2835e-13, 1.2644e-13, 1.2104e-13,
         1.1297e-13, 1.0379e-13, 9.4485e-14, 8.5504e-14, 7.7120e-14, 6.9473e-14,
         6.2639e-14, 5.6690e-14, 5.1563e-14, 4.7243e-14, 4.3679e-14, 4.0801e-14,
         3.8570e-14, 3.6975e-14, 3.5951e-14, 3.5516e-14, 3.5728e-14, 3.6684e-14,
         3.8595e-14, 4.1883e-14, 4.7184e-14, 5.5376e-14, 6.8451e-14, 9.0534e-14,
         1.3608e-13, 2.3103e-13, 4.5502e-13, 1.0893e-12, 4.3692e-12, 1.9414e-11,
         4.5408e-11, 7.3146e-11, 1.0233e-10, 1.3183e-10, 1.5922e-10, 1.8240e-10,
         1.9922e-10, 2.0875e-10, 2.1043e-10, 2.0485e-10, 1.9363e-10, 1.7839e-10,
         1.6141e-10, 1.4430e-10, 1.2836e-10, 1.1463e-10, 1.0339e-10, 9.4989e-11,
         8.9587e-11, 8.7087e-11, 8.8004e-11, 9.2099e-11, 1.0019e-10, 1.1008e-10,
         1.1008e-10, 1.1008e-10, 1.1008e-10, 1.1008e-10, 1.1008e-10, 1.1008e-10,
         1.1008e-10, 1.1008e-10]], dtype=torch.float64), 'xSO2': tensor([[1.6015e-02, 1.2311e-02, 7.5840e-03, 4.3495e-03, 2.1674e-03, 9.2668e-04,
         3.4223e-04, 1.0874e-04, 2.8613e-05, 7.5638e-06, 1.5176e-06, 3.2736e-07,
         5.3326e-08, 7.6332e-09, 1.4554e-09, 6.9466e-10, 6.8114e-10, 8.1915e-10,
         1.0188e-09, 1.2819e-09, 1.6149e-09, 2.0345e-09, 2.5624e-09, 3.2263e-09,
         4.0681e-09, 5.1556e-09, 6.5335e-09, 8.2816e-09, 1.0504e-08, 1.3336e-08,
         1.7006e-08, 2.1870e-08, 2.8238e-08, 3.6657e-08, 4.7933e-08, 6.3315e-08,
         8.5766e-08, 1.2129e-07, 1.7719e-07, 2.6524e-07, 4.0432e-07, 5.9313e-07,
         8.5514e-07, 1.2111e-06, 1.6959e-06, 2.3545e-06, 3.2835e-06, 4.5749e-06,
         6.3437e-06, 8.8817e-06, 1.2433e-05, 1.7304e-05, 2.3743e-05, 3.1679e-05,
         4.1037e-05, 5.1407e-05, 6.2265e-05, 7.2790e-05, 8.2170e-05, 8.9319e-05,
         9.3823e-05, 9.4693e-05, 9.2462e-05, 8.7018e-05, 7.9425e-05, 7.0437e-05,
         6.1056e-05, 5.2033e-05, 4.4088e-05, 3.7448e-05, 3.2544e-05, 2.9620e-05,
         2.9620e-05, 2.9620e-05, 2.9620e-05, 2.9620e-05, 2.9620e-05, 2.9620e-05,
         2.9620e-05, 2.9620e-05]], dtype=torch.float64), 'xH2SO4aer': tensor([[6.9928e-08, 7.8589e-08, 9.7094e-08, 1.1699e-07, 1.4177e-07, 1.7451e-07,
         2.4517e-07, 7.3993e-07, 1.0591e-06, 9.6882e-08, 4.4800e-10, 6.9127e-11,
         2.6805e-12, 6.8455e-15, 2.5461e-16, 1.6286e-16, 1.7628e-16, 2.0734e-16,
         2.4692e-16, 2.9590e-16, 3.5525e-16, 4.2720e-16, 5.1405e-16, 6.1528e-16,
         7.1777e-16, 7.8225e-16, 7.7676e-16, 6.9953e-16, 5.7731e-16, 4.4419e-16,
         3.2613e-16, 2.3589e-16, 1.7156e-16, 1.2913e-16, 1.0392e-16, 9.1997e-17,
         9.1086e-17, 9.9140e-17, 1.1555e-16, 1.4073e-16, 1.7584e-16, 2.2307e-16,
         2.8808e-16, 3.7385e-16, 4.8627e-16, 6.3130e-16, 8.1085e-16, 9.4044e-16,
         7.2617e-16, 4.1511e-16, 2.6679e-16, 2.0531e-16, 1.7030e-16, 1.3442e-16,
         9.5726e-17, 6.1031e-17, 3.4936e-17, 1.8055e-17, 8.3316e-18, 3.5959e-18,
         1.3655e-18, 5.2683e-19, 1.7989e-19, 6.5330e-20, 2.2501e-20, 8.2248e-21,
         3.1491e-21, 1.2452e-21, 5.4465e-22, 2.2671e-22, 8.7668e-23, 2.3103e-23,
         2.3103e-23, 2.3103e-23, 2.3103e-23, 2.3103e-23, 2.3103e-23, 2.3103e-23,
         2.3103e-23, 2.3103e-23]], dtype=torch.float64), 'xS8aer': tensor([[2.1230e-34, 4.3255e-34, 2.2039e-31, 2.2932e-26, 1.4704e-22, 2.1120e-21,
         4.5800e-21, 5.5203e-21, 6.9720e-21, 5.2874e-22, 4.3736e-27, 9.3089e-29,
         8.7936e-31, 2.1261e-33, 3.7757e-35, 6.3302e-36, 6.3293e-36, 7.5796e-36,
         9.2265e-36, 1.1286e-35, 1.3791e-35, 1.6841e-35, 2.0563e-35, 2.5125e-35,
         3.0778e-35, 3.7923e-35, 4.6808e-35, 5.7877e-35, 7.1690e-35, 8.8965e-35,
         1.1088e-34, 1.3921e-34, 1.7538e-34, 2.2189e-34, 2.8223e-34, 3.6127e-34,
         4.6675e-34, 6.0347e-34, 7.7770e-34, 9.9718e-34, 1.2639e-33, 1.5531e-33,
         1.6360e-33, 7.9853e-34, 1.0000e-40, 1.0000e-40, 1.0000e-40, 1.0000e-40,
         1.0000e-40, 1.0000e-40, 1.0000e-40, 1.0000e-40, 1.0000e-40, 1.0000e-40,
         1.0000e-40, 1.0000e-40, 1.0000e-40, 1.0000e-40, 1.0000e-40, 1.0000e-40,
         1.0000e-40, 1.0000e-40, 1.0000e-40, 1.0000e-40, 1.0000e-40, 1.0000e-40,
         1.0000e-40, 1.0000e-40, 1.0000e-40, 1.0000e-40, 1.0000e-40, 1.0000e-40,
         1.0000e-40, 1.0000e-40, 1.0000e-40, 1.0000e-40, 1.0000e-40, 1.0000e-40,
         1.0000e-40, 1.0000e-40]], dtype=torch.float64)}"
1.6416e+06,222.328,0,"{'pres': tensor([[5.3000e+04, 4.2137e+04, 3.3501e+04, 2.6635e+04, 2.1176e+04, 1.6836e+04,
         1.3385e+04, 1.0642e+04, 8.4606e+03, 6.7265e+03, 5.3479e+03, 4.2518e+03,
         3.3803e+03, 2.6875e+03, 2.1367e+03, 1.6988e+03, 1.3506e+03, 1.0738e+03,
         8.5370e+02, 6.7873e+02, 5.3962e+02, 4.2902e+02, 3.4109e+02, 2.7118e+02,
         2.1560e+02, 1.7141e+02, 1.3628e+02, 1.0835e+02, 8.6141e+01, 6.8485e+01,
         5.4449e+01, 4.3289e+01, 3.4417e+01, 2.7363e+01, 2.1755e+01, 1.7296e+01,
         1.3751e+01, 1.0933e+01, 8.6918e+00, 6.9104e+00, 5.4941e+00, 4.3680e+00,
         3.4728e+00, 2.7610e+00, 2.1951e+00, 1.7452e+00, 1.3875e+00, 1.1031e+00,
         8.7703e-01, 6.9728e-01, 5.5437e-01, 4.4075e-01, 3.5041e-01, 2.7859e-01,
         2.2149e-01, 1.7610e-01, 1.4000e-01, 1.1131e-01, 8.8495e-02, 7.0358e-02,
         5.5937e-02, 4.4473e-02, 3.5358e-02, 2.8111e-02, 2.2349e-02, 1.7769e-02,
         1.4127e-02, 1.1231e-02, 8.9295e-03, 7.0993e-03, 5.6442e-03, 4.4874e-03,
         3.5677e-03, 2.8365e-03, 2.2551e-03, 1.7929e-03, 1.4254e-03, 1.1333e-03,
         9.0101e-04, 7.1634e-04]], dtype=torch.float64), 'temp': tensor([[192.3268, 186.6471, 180.6919, 174.2681, 167.3636, 160.0595, 152.5698,
         145.1327, 137.9190, 131.0117, 124.4396, 118.1879, 112.2758, 106.6087,
         101.2748, 100.0362, 100.0206, 100.0205, 100.0220, 100.0245, 100.0279,
         100.0323, 100.0379, 100.0449, 100.0535, 100.0643, 100.0777, 100.0943,
         100.1147, 100.1400, 100.1716, 100.2117, 100.2631, 100.3289, 100.4137,
         100.5240, 100.6723, 100.9005, 101.2276, 101.6025, 102.0862, 102.7265,
         103.5804, 104.7236, 106.2453, 108.2425, 110.8224, 114.0731, 117.9006,
         121.9180, 125.4608, 127.8811, 129.1869, 129.9392, 130.6062, 131.2293,
         131.7731, 132.2367, 132.6669, 133.0250, 133.3630, 133.6349, 133.8969,
         134.1055, 134.2995, 134.4558, 134.5943, 134.7081, 134.7988, 134.8823,
         134.9425, 134.9987, 135.0343, 135.0688, 135.0923, 135.1124, 135.1274,
         135.1414, 135.1513, 135.1590]], dtype=torch.float64), 'xCO2': tensor([[9.5262e-01, 8.7957e-01, 7.1949e-01, 5.4551e-01, 3.6168e-01, 1.9688e-01,
         9.6033e-02, 4.2515e-02, 1.6847e-02, 6.5552e-03, 2.2172e-03, 7.5884e-04,
         2.2279e-04, 6.1687e-05, 2.0576e-05, 1.3787e-05, 1.4934e-05, 1.8383e-05,
         2.3044e-05, 2.9073e-05, 3.6653e-05, 4.6173e-05, 5.8123e-05, 7.3124e-05,
         9.2123e-05, 1.1658e-04, 1.4747e-04, 1.8652e-04, 2.3592e-04, 2.9854e-04,
         3.7913e-04, 4.8465e-04, 6.2102e-04, 7.9841e-04, 1.0311e-03, 1.3394e-03,
         1.7560e-03, 2.3025e-03, 3.0103e-03, 3.9273e-03, 5.1156e-03, 6.6611e-03,
         8.7406e-03, 1.1455e-02, 1.4993e-02, 1.9591e-02, 2.5778e-02, 3.3964e-02,
         4.4633e-02, 5.8991e-02, 7.7624e-02, 1.0128e-01, 1.3026e-01, 1.6432e-01,
         2.0341e-01, 2.4685e-01, 2.9374e-01, 3.4280e-01, 3.9275e-01, 4.4211e-01,
         4.9003e-01, 5.3496e-01, 5.7689e-01, 6.1482e-01, 6.4898e-01, 6.7923e-01,
         7.0567e-01, 7.2887e-01, 7.4864e-01, 7.6592e-01, 7.8062e-01, 7.9145e-01,
         7.9145e-01, 7.9145e-01, 7.9145e-01, 7.9145e-01, 7.9145e-01, 7.9145e-01,
         7.9145e-01, 7.9145e-01]], dtype=torch.float64), 'xH2O': tensor([[7.9802e-07, 4.8825e-07, 1.8784e-07, 6.8485e-08, 2.0738e-08, 5.1933e-09,
         1.0895e-09, 1.8577e-10, 1.4857e-11, 9.2181e-13, 6.4736e-13, 5.4766e-13,
         4.4787e-13, 2.4430e-13, 1.4178e-13, 1.2899e-13, 1.2717e-13, 1.2189e-13,
         1.1390e-13, 1.0478e-13, 9.5503e-14, 8.6539e-14, 7.8157e-14, 7.0500e-14,
         6.3651e-14, 5.7677e-14, 5.2516e-14, 4.8153e-14, 4.4542e-14, 4.1616e-14,
         3.9344e-14, 3.7711e-14, 3.6655e-14, 3.6197e-14, 3.6392e-14, 3.7343e-14,
         3.9264e-14, 4.2577e-14, 4.7941e-14, 5.6272e-14, 6.9629e-14, 9.2392e-14,
         1.3947e-13, 2.3817e-13, 4.7273e-13, 1.1439e-12, 4.6982e-12, 2.0426e-11,
         4.6981e-11, 7.5252e-11, 1.0488e-10, 1.3471e-10, 1.6236e-10, 1.8566e-10,
         2.0259e-10, 2.1206e-10, 2.1368e-10, 2.0791e-10, 1.9651e-10, 1.8103e-10,
         1.6383e-10, 1.4650e-10, 1.3038e-10, 1.1646e-10, 1.0510e-10, 9.6600e-11,
         9.1167e-11, 8.8655e-11, 8.9654e-11, 9.3894e-11, 1.0217e-10, 1.1209e-10,
         1.1209e-10, 1.1209e-10, 1.1209e-10, 1.1209e-10, 1.1209e-10, 1.1209e-10,
         1.1209e-10, 1.1209e-10]], dtype=torch.float64), 'xSO2': tensor([[1.6046e-02, 1.2338e-02, 7.6049e-03, 4.3644e-03, 2.1765e-03, 9.3125e-04,
         3.4416e-04, 1.0945e-04, 2.8831e-05, 7.6191e-06, 1.5317e-06, 3.3024e-07,
         5.3660e-08, 7.7267e-09, 1.4713e-09, 6.9687e-10, 6.8130e-10, 8.1904e-10,
         1.0188e-09, 1.2818e-09, 1.6147e-09, 2.0343e-09, 2.5622e-09, 3.2260e-09,
         4.0686e-09, 5.1563e-09, 6.5347e-09, 8.2837e-09, 1.0507e-08, 1.3342e-08,
         1.7021e-08, 2.1894e-08, 2.8277e-08, 3.6723e-08, 4.8045e-08, 6.3507e-08,
         8.6160e-08, 1.2202e-07, 1.7858e-07, 2.6790e-07, 4.0856e-07, 5.9957e-07,
         8.6435e-07, 1.2239e-06, 1.7134e-06, 2.3777e-06, 3.3160e-06, 4.6169e-06,
         6.3974e-06, 8.9561e-06, 1.2522e-05, 1.7412e-05, 2.3841e-05, 3.1756e-05,
         4.1055e-05, 5.1350e-05, 6.2108e-05, 7.2517e-05, 8.1793e-05, 8.8829e-05,
         9.3269e-05, 9.4076e-05, 9.1814e-05, 8.6405e-05, 7.8847e-05, 6.9927e-05,
         6.0615e-05, 5.1660e-05, 4.3787e-05, 3.7216e-05, 3.2354e-05, 2.9510e-05,
         2.9510e-05, 2.9510e-05, 2.9510e-05, 2.9510e-05, 2.9510e-05, 2.9510e-05,
         2.9510e-05, 2.9510e-05]], dtype=torch.float64), 'xH2SO4aer': tensor([[6.9930e-08, 7.8592e-08, 9.7101e-08, 1.1701e-07, 1.4181e-07, 1.7461e-07,
         2.4603e-07, 7.4612e-07, 1.0489e-06, 9.3681e-08, 4.5187e-10, 7.0079e-11,
         2.7014e-12, 7.0805e-15, 2.3998e-16, 1.4891e-16, 1.6056e-16, 1.8854e-16,
         2.2424e-16, 2.6838e-16, 3.2180e-16, 3.8654e-16, 4.6469e-16, 5.5608e-16,
         6.4981e-16, 7.1172e-16, 7.1177e-16, 6.4610e-16, 5.3738e-16, 4.1653e-16,
         3.0802e-16, 2.2434e-16, 1.6448e-16, 1.2505e-16, 1.0188e-16, 9.1439e-17,
         9.1713e-17, 1.0080e-16, 1.1824e-16, 1.4456e-16, 1.8101e-16, 2.2994e-16,
         2.9708e-16, 3.8556e-16, 5.0140e-16, 6.5060e-16, 8.3409e-16, 9.5870e-16,
         7.3127e-16, 4.2093e-16, 2.7353e-16, 2.1256e-16, 1.7636e-16, 1.3890e-16,
         9.8610e-17, 6.2761e-17, 3.5823e-17, 1.8520e-17, 8.5140e-18, 3.6856e-18,
         1.3919e-18, 5.4023e-19, 1.8539e-19, 6.7072e-20, 2.3243e-20, 8.4620e-21,
         3.2618e-21, 1.2851e-21, 5.6557e-22, 2.3624e-22, 9.0976e-23, 2.4630e-23,
         2.4630e-23, 2.4630e-23, 2.4630e-23, 2.4630e-23, 2.4630e-23, 2.4630e-23,
         2.4630e-23, 2.4630e-23]], dtype=torch.float64), 'xS8aer': tensor([[2.1233e-34, 4.3268e-34, 2.3121e-31, 2.3516e-26, 1.4785e-22, 2.1160e-21,
         4.6147e-21, 5.5728e-21, 6.8924e-21, 5.0936e-22, 4.4785e-27, 9.5613e-29,
         8.9007e-31, 2.2015e-33, 3.8855e-35, 6.4261e-36, 6.4104e-36, 7.6763e-36,
         9.3465e-36, 1.1434e-35, 1.3974e-35, 1.7065e-35, 2.0838e-35, 2.5462e-35,
         3.1196e-35, 3.8437e-35, 4.7442e-35, 5.8661e-35, 7.2661e-35, 9.0171e-35,
         1.1241e-34, 1.4113e-34, 1.7781e-34, 2.2500e-34, 2.8623e-34, 3.6648e-34,
         4.7365e-34, 6.1242e-34, 7.8918e-34, 1.0116e-33, 1.2812e-33, 1.5699e-33,
         1.6343e-33, 7.7461e-34, 1.0000e-40, 1.0000e-40, 1.0000e-40, 1.0000e-40,
         1.0000e-40, 1.0000e-40, 1.0000e-40, 1.0000e-40, 1.0000e-40, 1.0000e-40,
         1.0000e-40, 1.0000e-40, 1.0000e-40, 1.0000e-40, 1.0000e-40, 1.0000e-40,
         1.0000e-40, 1.0000e-40, 1.0000e-40, 1.0000e-40, 1.0000e-40, 1.0000e-40,
         1.0000e-40, 1.0000e-40, 1.0000e-40, 1.0000e-40, 1.0000e-40, 1.0000e-40,
         1.0000e-40, 1.0000e-40, 1.0000e-40, 1.0000e-40, 1.0000e-40, 1.0000e-40,
         1.0000e-40, 1.0000e-40]], dtype=torch.float64)}"
1.6632e+06,222.336,0,"{'pres': tensor([[5.3000e+04, 4.2137e+04, 3.3501e+04, 2.6635e+04, 2.1176e+04, 1.6836e+04,
         1.3385e+04, 1.0642e+04, 8.4606e+03, 6.7265e+03, 5.3479e+03, 4.2518e+03,
         3.3803e+03, 2.6875e+03, 2.1367e+03, 1.6988e+03, 1.3506e+03, 1.0738e+03,
         8.5370e+02, 6.7873e+02, 5.3962e+02, 4.2902e+02, 3.4109e+02, 2.7118e+02,
         2.1560e+02, 1.7141e+02, 1.3628e+02, 1.0835e+02, 8.6141e+01, 6.8485e+01,
         5.4449e+01, 4.3289e+01, 3.4417e+01, 2.7363e+01, 2.1755e+01, 1.7296e+01,
         1.3751e+01, 1.0933e+01, 8.6918e+00, 6.9104e+00, 5.4941e+00, 4.3680e+00,
         3.4728e+00, 2.7610e+00, 2.1951e+00, 1.7452e+00, 1.3875e+00, 1.1031e+00,
         8.7703e-01, 6.9728e-01, 5.5437e-01, 4.4075e-01, 3.5041e-01, 2.7859e-01,
         2.2149e-01, 1.7610e-01, 1.4000e-01, 1.1131e-01, 8.8495e-02, 7.0358e-02,
         5.5937e-02, 4.4473e-02, 3.5358e-02, 2.8111e-02, 2.2349e-02, 1.7769e-02,
         1.4127e-02, 1.1231e-02, 8.9295e-03, 7.0993e-03, 5.6442e-03, 4.4874e-03,
         3.5677e-03, 2.8365e-03, 2.2551e-03, 1.7929e-03, 1.4254e-03, 1.1333e-03,
         9.0101e-04, 7.1634e-04]], dtype=torch.float64), 'temp': tensor([[192.3450, 186.6677, 180.7153, 174.2949, 167.3935, 160.0916, 152.6026,
         145.1650, 137.9502, 131.0414, 124.4679, 118.2148, 112.3014, 106.6329,
         101.2978, 100.0367, 100.0207, 100.0206, 100.0221, 100.0246, 100.0281,
         100.0325, 100.0381, 100.0452, 100.0539, 100.0648, 100.0784, 100.0951,
         100.1158, 100.1414, 100.1734, 100.2140, 100.2661, 100.3328, 100.4187,
         100.5307, 100.6813, 100.9125, 101.2438, 101.6244, 102.1157, 102.7662,
         103.6339, 104.7951, 106.3400, 108.3655, 110.9785, 114.2612, 118.1073,
         122.1142, 125.6089, 127.9652, 129.2279, 129.9678, 130.6336, 131.2523,
         131.7917, 132.2527, 132.6808, 133.0365, 133.3734, 133.6438, 133.9047,
         134.1123, 134.3056, 134.4611, 134.5991, 134.7124, 134.8026, 134.8859,
         134.9457, 135.0017, 135.0370, 135.0713, 135.0949, 135.1146, 135.1298,
         135.1436, 135.1535, 135.1611]], dtype=torch.float64), 'xCO2': tensor([[9.5271e-01, 8.7984e-01, 7.2010e-01, 5.4639e-01, 3.6283e-01, 1.9764e-01,
         9.6450e-02, 4.2722e-02, 1.6940e-02, 6.5905e-03, 2.2315e-03, 7.6354e-04,
         2.2396e-04, 6.2187e-05, 2.0724e-05, 1.3815e-05, 1.4937e-05, 1.8382e-05,
         2.3046e-05, 2.9076e-05, 3.6656e-05, 4.6175e-05, 5.8126e-05, 7.3127e-05,
         9.2143e-05, 1.1660e-04, 1.4751e-04, 1.8657e-04, 2.3600e-04, 2.9865e-04,
         3.7939e-04, 4.8506e-04, 6.2166e-04, 7.9944e-04, 1.0328e-03, 1.3421e-03,
         1.7605e-03, 2.3089e-03, 3.0190e-03, 3.9389e-03, 5.1306e-03, 6.6823e-03,
         8.7669e-03, 1.1486e-02, 1.5031e-02, 1.9634e-02, 2.5837e-02, 3.4028e-02,
         4.4700e-02, 5.9080e-02, 7.7689e-02, 1.0131e-01, 1.3016e-01, 1.6408e-01,
         2.0295e-01, 2.4617e-01, 2.9277e-01, 3.4155e-01, 3.9122e-01, 4.4031e-01,
         4.8799e-01, 5.3271e-01, 5.7444e-01, 6.1224e-01, 6.4625e-01, 6.7640e-01,
         7.0272e-01, 7.2586e-01, 7.4553e-01, 7.6272e-01, 7.7736e-01, 7.8793e-01,
         7.8793e-01, 7.8793e-01, 7.8793e-01, 7.8793e-01, 7.8793e-01, 7.8793e-01,
         7.8793e-01, 7.8793e-01]], dtype=torch.float64), 'xH2O': tensor([[8.0049e-07, 4.8991e-07, 1.8865e-07, 6.8845e-08, 2.0867e-08, 5.2306e-09,
         1.0984e-09, 1.8755e-10, 1.5257e-11, 9.3592e-13, 6.4760e-13, 5.4836e-13,
         4.4977e-13, 2.4606e-13, 1.4268e-13, 1.2961e-13, 1.2789e-13, 1.2272e-13,
         1.1481e-13, 1.0575e-13, 9.6511e-14, 8.7565e-14, 7.9186e-14, 7.1519e-14,
         6.4655e-14, 5.8657e-14, 5.3463e-14, 4.9059e-14, 4.5403e-14, 4.2431e-14,
         4.0119e-14, 3.8449e-14, 3.7362e-14, 3.6880e-14, 3.7061e-14, 3.8007e-14,
         3.9938e-14, 4.3276e-14, 4.8705e-14, 5.7177e-14, 7.0821e-14, 9.4287e-14,
         1.4295e-13, 2.4554e-13, 4.9115e-13, 1.2012e-12, 5.0485e-12, 2.1457e-11,
         4.8542e-11, 7.7344e-11, 1.0744e-10, 1.3760e-10, 1.6552e-10, 1.8894e-10,
         2.0597e-10, 2.1537e-10, 2.1693e-10, 2.1096e-10, 1.9939e-10, 1.8367e-10,
         1.6625e-10, 1.4871e-10, 1.3240e-10, 1.1831e-10, 1.0684e-10, 9.8229e-11,
         9.2770e-11, 9.0249e-11, 9.1334e-11, 9.5726e-11, 1.0419e-10, 1.1414e-10,
         1.1414e-10, 1.1414e-10, 1.1414e-10, 1.1414e-10, 1.1414e-10, 1.1414e-10,
         1.1414e-10, 1.1414e-10]], dtype=torch.float64), 'xSO2': tensor([[1.6076e-02, 1.2364e-02, 7.6257e-03, 4.3793e-03, 2.1856e-03, 9.3584e-04,
         3.4611e-04, 1.1016e-04, 2.9050e-05, 7.6747e-06, 1.5460e-06, 3.3315e-07,
         5.3993e-08, 7.8213e-09, 1.4874e-09, 6.9907e-10, 6.8147e-10, 8.1894e-10,
         1.0188e-09, 1.2818e-09, 1.6146e-09, 2.0341e-09, 2.5619e-09, 3.2258e-09,
         4.0691e-09, 5.1571e-09, 6.5360e-09, 8.2859e-09, 1.0511e-08, 1.3349e-08,
         1.7036e-08, 2.1917e-08, 2.8317e-08, 3.6789e-08, 4.8157e-08, 6.3700e-08,
         8.6558e-08, 1.2276e-07, 1.7999e-07, 2.7058e-07, 4.1283e-07, 6.0602e-07,
         8.7357e-07, 1.2367e-06, 1.7308e-06, 2.4008e-06, 3.3482e-06, 4.6585e-06,
         6.4503e-06, 9.0291e-06, 1.2609e-05, 1.7517e-05, 2.3934e-05, 3.1828e-05,
         4.1067e-05, 5.1287e-05, 6.1946e-05, 7.2240e-05, 8.1412e-05, 8.8336e-05,
         9.2691e-05, 9.3457e-05, 9.1166e-05, 8.5789e-05, 7.8267e-05, 6.9413e-05,
         6.0171e-05, 5.1284e-05, 4.3482e-05, 3.6979e-05, 3.2160e-05, 2.9396e-05,
         2.9396e-05, 2.9396e-05, 2.9396e-05, 2.9396e-05, 2.9396e-05, 2.9396e-05,
         2.9396e-05, 2.9396e-05]], dtype=torch.float64), 'xH2SO4aer': tensor([[6.9932e-08, 7.8595e-08, 9.7107e-08, 1.1702e-07, 1.4184e-07, 1.7472e-07,
         2.4689e-07, 7.5224e-07, 1.0388e-06, 9.0599e-08, 4.5574e-10, 7.1038e-11,
         2.7214e-12, 7.3323e-15, 2.2725e-16, 1.3652e-16, 1.4660e-16, 1.7185e-16,
         2.0411e-16, 2.4393e-16, 2.9210e-16, 3.5041e-16, 4.2080e-16, 5.0335e-16,
         5.8903e-16, 6.4809e-16, 6.5254e-16, 5.9690e-16, 5.0029e-16, 3.9064e-16,
         2.9098e-16, 2.1346e-16, 1.5782e-16, 1.2124e-16, 1.0004e-16, 9.1016e-17,
         9.2442e-17, 1.0254e-16, 1.2101e-16, 1.4846e-16, 1.8623e-16, 2.3687e-16,
         3.0614e-16, 3.9734e-16, 5.1661e-16, 6.6995e-16, 8.5717e-16, 9.7588e-16,
         7.3549e-16, 4.2671e-16, 2.8043e-16, 2.1996e-16, 1.8251e-16, 1.4342e-16,
         1.0150e-16, 6.4492e-17, 3.6705e-17, 1.8983e-17, 8.6935e-18, 3.7748e-18,
         1.4259e-18, 5.5352e-19, 1.9092e-19, 6.8805e-20, 2.3993e-20, 8.6996e-21,
         3.3765e-21, 1.3254e-21, 5.8699e-22, 2.4604e-22, 9.4338e-23, 2.6225e-23,
         2.6225e-23, 2.6225e-23, 2.6225e-23, 2.6225e-23, 2.6225e-23, 2.6225e-23,
         2.6225e-23, 2.6225e-23]], dtype=torch.float64), 'xS8aer': tensor([[2.1235e-34, 4.3280e-34, 2.4243e-31, 2.4107e-26, 1.4866e-22, 2.1199e-21,
         4.6495e-21, 5.6247e-21, 6.8134e-21, 4.9077e-22, 4.5888e-27, 9.8199e-29,
         9.0036e-31, 2.2794e-33, 3.9939e-35, 6.4990e-36, 6.4705e-36, 7.7474e-36,
         9.4295e-36, 1.1527e-35, 1.4079e-35, 1.7190e-35, 2.0992e-35, 2.5657e-35,
         3.1453e-35, 3.8768e-35, 4.7861e-35, 5.9182e-35, 7.3306e-35, 9.0966e-35,
         1.1341e-34, 1.4240e-34, 1.7942e-34, 2.2707e-34, 2.8894e-34, 3.7006e-34,
         4.7845e-34, 6.1866e-34, 7.9715e-34, 1.0215e-33, 1.2925e-33, 1.5788e-33,
         1.6213e-33, 7.4385e-34, 1.0000e-40, 1.0000e-40, 1.0000e-40, 1.0000e-40,
         1.0000e-40, 1.0000e-40, 1.0000e-40, 1.0000e-40, 1.0000e-40, 1.0000e-40,
         1.0000e-40, 1.0000e-40, 1.0000e-40, 1.0000e-40, 1.0000e-40, 1.0000e-40,
         1.0000e-40, 1.0000e-40, 1.0000e-40, 1.0000e-40, 1.0000e-40, 1.0000e-40,
         1.0000e-40, 1.0000e-40, 1.0000e-40, 1.0000e-40, 1.0000e-40, 1.0000e-40,
         1.0000e-40, 1.0000e-40, 1.0000e-40, 1.0000e-40, 1.0000e-40, 1.0000e-40,
         1.0000e-40, 1.0000e-40]], dtype=torch.float64)}"
1.6848e+06,222.345,0,"{'pres': tensor([[5.3000e+04, 4.2137e+04, 3.3501e+04, 2.6635e+04, 2.1176e+04, 1.6836e+04,
         1.3385e+04, 1.0642e+04, 8.4606e+03, 6.7265e+03, 5.3479e+03, 4.2518e+03,
         3.3803e+03, 2.6875e+03, 2.1367e+03, 1.6988e+03, 1.3506e+03, 1.0738e+03,
         8.5370e+02, 6.7873e+02, 5.3962e+02, 4.2902e+02, 3.4109e+02, 2.7118e+02,
         2.1560e+02, 1.7141e+02, 1.3628e+02, 1.0835e+02, 8.6141e+01, 6.8485e+01,
         5.4449e+01, 4.3289e+01, 3.4417e+01, 2.7363e+01, 2.1755e+01, 1.7296e+01,
         1.3751e+01, 1.0933e+01, 8.6918e+00, 6.9104e+00, 5.4941e+00, 4.3680e+00,
         3.4728e+00, 2.7610e+00, 2.1951e+00, 1.7452e+00, 1.3875e+00, 1.1031e+00,
         8.7703e-01, 6.9728e-01, 5.5437e-01, 4.4075e-01, 3.5041e-01, 2.7859e-01,
         2.2149e-01, 1.7610e-01, 1.4000e-01, 1.1131e-01, 8.8495e-02, 7.0358e-02,
         5.5937e-02, 4.4473e-02, 3.5358e-02, 2.8111e-02, 2.2349e-02, 1.7769e-02,
         1.4127e-02, 1.1231e-02, 8.9295e-03, 7.0993e-03, 5.6442e-03, 4.4874e-03,
         3.5677e-03, 2.8365e-03, 2.2551e-03, 1.7929e-03, 1.4254e-03, 1.1333e-03,
         9.0101e-04, 7.1634e-04]], dtype=torch.float64), 'temp': tensor([[192.3632, 186.6883, 180.7387, 174.3216, 167.4234, 160.1237, 152.6353,
         145.1973, 137.9813, 131.0712, 124.4962, 118.2417, 112.3269, 106.6572,
         101.3208, 100.0372, 100.0208, 100.0207, 100.0222, 100.0248, 100.0282,
         100.0327, 100.0384, 100.0455, 100.0543, 100.0653, 100.0790, 100.0960,
         100.1169, 100.1428, 100.1751, 100.2163, 100.2690, 100.3367, 100.4238,
         100.5374, 100.6903, 100.9247, 101.2601, 101.6463, 102.1454, 102.8061,
         103.6877, 104.8670, 106.4350, 108.4886, 111.1345, 114.4489, 118.3119,
         122.3065, 125.7522, 128.0455, 129.2672, 129.9961, 130.6605, 131.2749,
         131.8100, 132.2685, 132.6945, 133.0478, 133.3836, 133.6524, 133.9123,
         134.1190, 134.3115, 134.4663, 134.6037, 134.7165, 134.8064, 134.8893,
         134.9487, 135.0046, 135.0396, 135.0738, 135.0974, 135.1167, 135.1321,
         135.1456, 135.1556, 135.1631]], dtype=torch.float64), 'xCO2': tensor([[9.5280e-01, 8.8010e-01, 7.2069e-01, 5.4727e-01, 3.6398e-01, 1.9840e-01,
         9.6869e-02, 4.2929e-02, 1.7032e-02, 6.6259e-03, 2.2458e-03, 7.6825e-04,
         2.2512e-04, 6.2689e-05, 2.0873e-05, 1.3842e-05, 1.4940e-05, 1.8382e-05,
         2.3049e-05, 2.9078e-05, 3.6658e-05, 4.6178e-05, 5.8128e-05, 7.3130e-05,
         9.2164e-05, 1.1663e-04, 1.4754e-04, 1.8662e-04, 2.3607e-04, 2.9876e-04,
         3.7965e-04, 4.8546e-04, 6.2230e-04, 8.0046e-04, 1.0345e-03, 1.3448e-03,
         1.7650e-03, 2.3152e-03, 3.0277e-03, 3.9505e-03, 5.1456e-03, 6.7032e-03,
         8.7929e-03, 1.1518e-02, 1.5068e-02, 1.9675e-02, 2.5894e-02, 3.4090e-02,
         4.4766e-02, 5.9166e-02, 7.7750e-02, 1.0134e-01, 1.3005e-01, 1.6384e-01,
         2.0248e-01, 2.4547e-01, 2.9179e-01, 3.4030e-01, 3.8970e-01, 4.3852e-01,
         4.8594e-01, 5.3047e-01, 5.7200e-01, 6.0966e-01, 6.4352e-01, 6.7358e-01,
         6.9978e-01, 7.2283e-01, 7.4241e-01, 7.5951e-01, 7.7408e-01, 7.8440e-01,
         7.8440e-01, 7.8440e-01, 7.8440e-01, 7.8440e-01, 7.8440e-01, 7.8440e-01,
         7.8440e-01, 7.8440e-01]], dtype=torch.float64), 'xH2O': tensor([[8.0296e-07, 4.9158e-07, 1.8947e-07, 6.9206e-08, 2.0998e-08, 5.2681e-09,
         1.1074e-09, 1.8935e-10, 1.5669e-11, 9.5034e-13, 6.4780e-13, 5.4904e-13,
         4.5165e-13, 2.4781e-13, 1.4357e-13, 1.3023e-13, 1.2860e-13, 1.2354e-13,
         1.1571e-13, 1.0671e-13, 9.7509e-14, 8.8583e-14, 8.0207e-14, 7.2531e-14,
         6.5653e-14, 5.9631e-14, 5.4405e-14, 4.9962e-14, 4.6261e-14, 4.3246e-14,
         4.0894e-14, 3.9188e-14, 3.8071e-14, 3.7566e-14, 3.7733e-14, 3.8675e-14,
         4.0616e-14, 4.3980e-14, 4.9476e-14, 5.8092e-14, 7.2029e-14, 9.6220e-14,
         1.4651e-13, 2.5313e-13, 5.1030e-13, 1.2613e-12, 5.4217e-12, 2.2512e-11,
         5.0103e-11, 7.9427e-11, 1.1000e-10, 1.4050e-10, 1.6869e-10, 1.9222e-10,
         2.0935e-10, 2.1869e-10, 2.2019e-10, 2.1402e-10, 2.0227e-10, 1.8632e-10,
         1.6868e-10, 1.5092e-10, 1.3444e-10, 1.2017e-10, 1.0859e-10, 9.9878e-11,
         9.4396e-11, 9.1879e-11, 9.3044e-11, 9.7593e-11, 1.0626e-10, 1.1623e-10,
         1.1623e-10, 1.1623e-10, 1.1623e-10, 1.1623e-10, 1.1623e-10, 1.1623e-10,
         1.1623e-10, 1.1623e-10]], dtype=torch.float64), 'xSO2': tensor([[1.6107e-02, 1.2391e-02, 7.6466e-03, 4.3942e-03, 2.1947e-03, 9.4045e-04,
         3.4806e-04, 1.1088e-04, 2.9271e-05, 7.7307e-06, 1.5603e-06, 3.3608e-07,
         5.4326e-08, 7.9169e-09, 1.5036e-09, 7.0128e-10, 6.8163e-10, 8.1884e-10,
         1.0188e-09, 1.2817e-09, 1.6145e-09, 2.0340e-09, 2.5617e-09, 3.2255e-09,
         4.0697e-09, 5.1579e-09, 6.5373e-09, 8.2881e-09, 1.0515e-08, 1.3355e-08,
         1.7050e-08, 2.1941e-08, 2.8356e-08, 3.6856e-08, 4.8270e-08, 6.3894e-08,
         8.6958e-08, 1.2351e-07, 1.8142e-07, 2.7330e-07, 4.1712e-07, 6.1249e-07,
         8.8278e-07, 1.2495e-06, 1.7482e-06, 2.4237e-06, 3.3802e-06, 4.6995e-06,
         6.5024e-06, 9.1009e-06, 1.2694e-05, 1.7618e-05, 2.4022e-05, 3.1893e-05,
         4.1073e-05, 5.1218e-05, 6.1779e-05, 7.1959e-05, 8.1028e-05, 8.7842e-05,
         9.2100e-05, 9.2836e-05, 9.0516e-05, 8.5171e-05, 7.7684e-05, 6.8896e-05,
         5.9723e-05, 5.0907e-05, 4.3174e-05, 3.6739e-05, 3.1962e-05, 2.9277e-05,
         2.9277e-05, 2.9277e-05, 2.9277e-05, 2.9277e-05, 2.9277e-05, 2.9277e-05,
         2.9277e-05, 2.9277e-05]], dtype=torch.float64), 'xH2SO4aer': tensor([[6.9934e-08, 7.8598e-08, 9.7113e-08, 1.1703e-07, 1.4187e-07, 1.7482e-07,
         2.4777e-07, 7.5830e-07, 1.0287e-06, 8.7632e-08, 4.5963e-10, 7.2005e-11,
         2.7404e-12, 7.6010e-15, 2.1622e-16, 1.2553e-16, 1.3421e-16, 1.5702e-16,
         1.8622e-16, 2.2221e-16, 2.6569e-16, 3.1830e-16, 3.8177e-16, 4.5638e-16,
         5.3466e-16, 5.9072e-16, 5.9860e-16, 5.5165e-16, 4.6588e-16, 3.6645e-16,
         2.7498e-16, 2.0323e-16, 1.5158e-16, 1.1771e-16, 9.8387e-17, 9.0744e-17,
         9.3294e-17, 1.0439e-16, 1.2388e-16, 1.5246e-16, 1.9158e-16, 2.4394e-16,
         3.1538e-16, 4.0933e-16, 5.3208e-16, 6.8962e-16, 8.8042e-16, 9.9234e-16,
         7.3907e-16, 4.3251e-16, 2.8746e-16, 2.2748e-16, 1.8876e-16, 1.4797e-16,
         1.0440e-16, 6.6224e-17, 3.7581e-17, 1.9443e-17, 8.8698e-18, 3.8633e-18,
         1.4645e-18, 5.6668e-19, 1.9646e-19, 7.0526e-20, 2.4750e-20, 8.9373e-21,
         3.4932e-21, 1.3695e-21, 6.0889e-22, 2.5610e-22, 9.7751e-23, 2.7891e-23,
         2.7891e-23, 2.7891e-23, 2.7891e-23, 2.7891e-23, 2.7891e-23, 2.7891e-23,
         2.7891e-23, 2.7891e-23]], dtype=torch.float64), 'xS8aer': tensor([[2.1238e-34, 4.3293e-34, 2.5403e-31, 2.4706e-26, 1.4946e-22, 2.1239e-21,
         4.6843e-21, 5.6761e-21, 6.7350e-21, 4.7294e-22, 4.7041e-27, 1.0085e-28,
         9.1018e-31, 2.3601e-33, 4.1035e-35, 6.5412e-36, 6.4915e-36, 7.7738e-36,
         9.4669e-36, 1.1577e-35, 1.4145e-35, 1.7272e-35, 2.1094e-35, 2.5783e-35,
         3.1612e-35, 3.8965e-35, 4.8106e-35, 5.9491e-35, 7.3693e-35, 9.1454e-35,
         1.1405e-34, 1.4321e-34, 1.8048e-34, 2.2844e-34, 2.9075e-34, 3.7248e-34,
         4.8178e-34, 6.2299e-34, 8.0264e-34, 1.0281e-33, 1.2997e-33, 1.5818e-33,
         1.5996e-33, 7.0810e-34, 1.0000e-40, 1.0000e-40, 1.0000e-40, 1.0000e-40,
         1.0000e-40, 1.0000e-40, 1.0000e-40, 1.0000e-40, 1.0000e-40, 1.0000e-40,
         1.0000e-40, 1.0000e-40, 1.0000e-40, 1.0000e-40, 1.0000e-40, 1.0000e-40,
         1.0000e-40, 1.0000e-40, 1.0000e-40, 1.0000e-40, 1.0000e-40, 1.0000e-40,
         1.0000e-40, 1.0000e-40, 1.0000e-40, 1.0000e-40, 1.0000e-40, 1.0000e-40,
         1.0000e-40, 1.0000e-40, 1.0000e-40, 1.0000e-40, 1.0000e-40, 1.0000e-40,
         1.0000e-40, 1.0000e-40]], dtype=torch.float64)}"
1.7064e+06,222.354,0,"{'pres': tensor([[5.3000e+04, 4.2137e+04, 3.3501e+04, 2.6635e+04, 2.1176e+04, 1.6836e+04,
         1.3385e+04, 1.0642e+04, 8.4606e+03, 6.7265e+03, 5.3479e+03, 4.2518e+03,
         3.3803e+03, 2.6875e+03, 2.1367e+03, 1.6988e+03, 1.3506e+03, 1.0738e+03,
         8.5370e+02, 6.7873e+02, 5.3962e+02, 4.2902e+02, 3.4109e+02, 2.7118e+02,
         2.1560e+02, 1.7141e+02, 1.3628e+02, 1.0835e+02, 8.6141e+01, 6.8485e+01,
         5.4449e+01, 4.3289e+01, 3.4417e+01, 2.7363e+01, 2.1755e+01, 1.7296e+01,
         1.3751e+01, 1.0933e+01, 8.6918e+00, 6.9104e+00, 5.4941e+00, 4.3680e+00,
         3.4728e+00, 2.7610e+00, 2.1951e+00, 1.7452e+00, 1.3875e+00, 1.1031e+00,
         8.7703e-01, 6.9728e-01, 5.5437e-01, 4.4075e-01, 3.5041e-01, 2.7859e-01,
         2.2149e-01, 1.7610e-01, 1.4000e-01, 1.1131e-01, 8.8495e-02, 7.0358e-02,
         5.5937e-02, 4.4473e-02, 3.5358e-02, 2.8111e-02, 2.2349e-02, 1.7769e-02,
         1.4127e-02, 1.1231e-02, 8.9295e-03, 7.0993e-03, 5.6442e-03, 4.4874e-03,
         3.5677e-03, 2.8365e-03, 2.2551e-03, 1.7929e-03, 1.4254e-03, 1.1333e-03,
         9.0101e-04, 7.1634e-04]], dtype=torch.float64), 'temp': tensor([[192.3815, 186.7088, 180.7621, 174.3483, 167.4532, 160.1558, 152.6681,
         145.2296, 138.0125, 131.1010, 124.5245, 118.2687, 112.3525, 106.6814,
         101.3439, 100.0377, 100.0209, 100.0208, 100.0223, 100.0249, 100.0284,
         100.0329, 100.0386, 100.0458, 100.0547, 100.0658, 100.0797, 100.0968,
         100.1179, 100.1442, 100.1769, 100.2186, 100.2720, 100.3406, 100.4290,
         100.5442, 100.6994, 100.9368, 101.2764, 101.6684, 102.1751, 102.8461,
         103.7417, 104.9391, 106.5302, 108.6120, 111.2905, 114.6357, 118.5141,
         122.4949, 125.8907, 128.1222, 129.3050, 130.0240, 130.6870, 131.2969,
         131.8280, 132.2841, 132.7080, 133.0590, 133.3936, 133.6609, 133.9198,
         134.1256, 134.3172, 134.4714, 134.6083, 134.7206, 134.8100, 134.8926,
         134.9517, 135.0073, 135.0421, 135.0761, 135.0997, 135.1187, 135.1342,
         135.1476, 135.1576, 135.1650]], dtype=torch.float64), 'xCO2': tensor([[9.5289e-01, 8.8036e-01, 7.2128e-01, 5.4815e-01, 3.6514e-01, 1.9917e-01,
         9.7289e-02, 4.3138e-02, 1.7126e-02, 6.6616e-03, 2.2602e-03, 7.7299e-04,
         2.2629e-04, 6.3196e-05, 2.1023e-05, 1.3870e-05, 1.4943e-05, 1.8381e-05,
         2.3052e-05, 2.9081e-05, 3.6661e-05, 4.6180e-05, 5.8131e-05, 7.3132e-05,
         9.2185e-05, 1.1666e-04, 1.4758e-04, 1.8667e-04, 2.3614e-04, 2.9888e-04,
         3.7992e-04, 4.8586e-04, 6.2294e-04, 8.0149e-04, 1.0361e-03, 1.3476e-03,
         1.7696e-03, 2.3215e-03, 3.0363e-03, 3.9619e-03, 5.1604e-03, 6.7240e-03,
         8.8186e-03, 1.1549e-02, 1.5104e-02, 1.9716e-02, 2.5950e-02, 3.4151e-02,
         4.4830e-02, 5.9249e-02, 7.7807e-02, 1.0135e-01, 1.2994e-01, 1.6359e-01,
         2.0201e-01, 2.4478e-01, 2.9082e-01, 3.3906e-01, 3.8817e-01, 4.3673e-01,
         4.8389e-01, 5.2823e-01, 5.6955e-01, 6.0708e-01, 6.4079e-01, 6.7075e-01,
         6.9683e-01, 7.1977e-01, 7.3929e-01, 7.5629e-01, 7.7080e-01, 7.8087e-01,
         7.8087e-01, 7.8087e-01, 7.8087e-01, 7.8087e-01, 7.8087e-01, 7.8087e-01,
         7.8087e-01, 7.8087e-01]], dtype=torch.float64), 'xH2O': tensor([[8.0544e-07, 4.9325e-07, 1.9029e-07, 6.9570e-08, 2.1129e-08, 5.3059e-09,
         1.1164e-09, 1.9116e-10, 1.6093e-11, 9.6507e-13, 6.4797e-13, 5.4968e-13,
         4.5351e-13, 2.4955e-13, 1.4446e-13, 1.3084e-13, 1.2930e-13, 1.2435e-13,
         1.1660e-13, 1.0766e-13, 9.8498e-14, 8.9592e-14, 8.1220e-14, 7.3537e-14,
         6.6645e-14, 6.0599e-14, 5.5342e-14, 5.0861e-14, 4.7118e-14, 4.4059e-14,
         4.1670e-14, 3.9929e-14, 3.8783e-14, 3.8256e-14, 3.8409e-14, 3.9347e-14,
         4.1300e-14, 4.4690e-14, 5.0252e-14, 5.9015e-14, 7.3253e-14, 9.8192e-14,
         1.5017e-13, 2.6097e-13, 5.3020e-13, 1.3246e-12, 5.8188e-12, 2.3594e-11,
         5.1669e-11, 8.1505e-11, 1.1255e-10, 1.4340e-10, 1.7186e-10, 1.9552e-10,
         2.1273e-10, 2.2201e-10, 2.2344e-10, 2.1707e-10, 2.0516e-10, 1.8897e-10,
         1.7111e-10, 1.5315e-10, 1.3648e-10, 1.2205e-10, 1.1035e-10, 1.0154e-10,
         9.6043e-11, 9.3557e-11, 9.4785e-11, 9.9497e-11, 1.0837e-10, 1.1836e-10,
         1.1836e-10, 1.1836e-10, 1.1836e-10, 1.1836e-10, 1.1836e-10, 1.1836e-10,
         1.1836e-10, 1.1836e-10]], dtype=torch.float64), 'xSO2': tensor([[1.6137e-02, 1.2418e-02, 7.6676e-03, 4.4092e-03, 2.2039e-03, 9.4508e-04,
         3.5002e-04, 1.1160e-04, 2.9494e-05, 7.7871e-06, 1.5748e-06, 3.3902e-07,
         5.4657e-08, 8.0135e-09, 1.5200e-09, 7.0350e-10, 6.8180e-10, 8.1875e-10,
         1.0188e-09, 1.2817e-09, 1.6144e-09, 2.0338e-09, 2.5616e-09, 3.2253e-09,
         4.0702e-09, 5.1588e-09, 6.5387e-09, 8.2904e-09, 1.0519e-08, 1.3361e-08,
         1.7065e-08, 2.1966e-08, 2.8396e-08, 3.6923e-08, 4.8383e-08, 6.4089e-08,
         8.7363e-08, 1.2427e-07, 1.8287e-07, 2.7605e-07, 4.2143e-07, 6.1897e-07,
         8.9199e-07, 1.2623e-06, 1.7655e-06, 2.4464e-06, 3.4118e-06, 4.7401e-06,
         6.5539e-06, 9.1714e-06, 1.2777e-05, 1.7716e-05, 2.4107e-05, 3.1953e-05,
         4.1073e-05, 5.1143e-05, 6.1607e-05, 7.1674e-05, 8.0641e-05, 8.7345e-05,
         9.1509e-05, 9.2215e-05, 8.9865e-05, 8.4551e-05, 7.7100e-05, 6.8376e-05,
         5.9272e-05, 5.0534e-05, 4.2863e-05, 3.6496e-05, 3.1762e-05, 2.9155e-05,
         2.9155e-05, 2.9155e-05, 2.9155e-05, 2.9155e-05, 2.9155e-05, 2.9155e-05,
         2.9155e-05, 2.9155e-05]], dtype=torch.float64), 'xH2SO4aer': tensor([[6.9936e-08, 7.8602e-08, 9.7119e-08, 1.1705e-07, 1.4191e-07, 1.7492e-07,
         2.4865e-07, 7.6428e-07, 1.0187e-06, 8.4774e-08, 4.6353e-10, 7.2980e-11,
         2.7584e-12, 7.8868e-15, 2.0670e-16, 1.1576e-16, 1.2320e-16, 1.4385e-16,
         1.7032e-16, 2.0289e-16, 2.4221e-16, 2.8973e-16, 3.4703e-16, 4.1452e-16,
         4.8602e-16, 5.3901e-16, 5.4952e-16, 5.1008e-16, 4.3399e-16, 3.4390e-16,
         2.5999e-16, 1.9364e-16, 1.4575e-16, 1.1447e-16, 9.6947e-17, 9.0637e-17,
         9.4290e-17, 1.0638e-16, 1.2689e-16, 1.5663e-16, 1.9711e-16, 2.5124e-16,
         3.2490e-16, 4.2167e-16, 5.4799e-16, 7.0981e-16, 9.0412e-16, 1.0084e-15,
         7.4224e-16, 4.3835e-16, 2.9464e-16, 2.3513e-16, 1.9509e-16, 1.5255e-16,
         1.0731e-16, 6.7955e-17, 3.8450e-17, 1.9900e-17, 9.0427e-18, 3.9508e-18,
         1.5030e-18, 5.7970e-19, 2.0202e-19, 7.2233e-20, 2.5514e-20, 9.1748e-21,
         3.6119e-21, 1.4225e-21, 6.3127e-22, 2.6642e-22, 1.0121e-22, 2.9629e-23,
         2.9629e-23, 2.9629e-23, 2.9629e-23, 2.9629e-23, 2.9629e-23, 2.9629e-23,
         2.9629e-23, 2.9629e-23]], dtype=torch.float64), 'xS8aer': tensor([[2.1241e-34, 4.3306e-34, 2.6604e-31, 2.5312e-26, 1.5027e-22, 2.1278e-21,
         4.7193e-21, 5.7270e-21, 6.6572e-21, 4.5582e-22, 4.8243e-27, 1.0356e-28,
         9.1950e-31, 2.4436e-33, 4.2197e-35, 6.5842e-36, 6.4886e-36, 7.7560e-36,
         9.4478e-36, 1.1571e-35, 1.4164e-35, 1.7324e-35, 2.1178e-35, 2.5892e-35,
         3.1741e-35, 3.9102e-35, 4.8253e-35, 5.9656e-35, 7.3895e-35, 9.1716e-35,
         1.1442e-34, 1.4371e-34, 1.8113e-34, 2.2932e-34, 2.9192e-34, 3.7409e-34,
         4.8403e-34, 6.2591e-34, 8.0631e-34, 1.0324e-33, 1.3036e-33, 1.5802e-33,
         1.5708e-33, 6.6842e-34, 1.0000e-40, 1.0000e-40, 1.0000e-40, 1.0000e-40,
         1.0000e-40, 1.0000e-40, 1.0000e-40, 1.0000e-40, 1.0000e-40, 1.0000e-40,
         1.0000e-40, 1.0000e-40, 1.0000e-40, 1.0000e-40, 1.0000e-40, 1.0000e-40,
         1.0000e-40, 1.0000e-40, 1.0000e-40, 1.0000e-40, 1.0000e-40, 1.0000e-40,
         1.0000e-40, 1.0000e-40, 1.0000e-40, 1.0000e-40, 1.0000e-40, 1.0000e-40,
         1.0000e-40, 1.0000e-40, 1.0000e-40, 1.0000e-40, 1.0000e-40, 1.0000e-40,
         1.0000e-40, 1.0000e-40]], dtype=torch.float64)}"
1.728e+06,222.362,0,"{'pres': tensor([[5.3000e+04, 4.2137e+04, 3.3501e+04, 2.6635e+04, 2.1176e+04, 1.6836e+04,
         1.3385e+04, 1.0642e+04, 8.4606e+03, 6.7265e+03, 5.3479e+03, 4.2518e+03,
         3.3803e+03, 2.6875e+03, 2.1367e+03, 1.6988e+03, 1.3506e+03, 1.0738e+03,
         8.5370e+02, 6.7873e+02, 5.3962e+02, 4.2902e+02, 3.4109e+02, 2.7118e+02,
         2.1560e+02, 1.7141e+02, 1.3628e+02, 1.0835e+02, 8.6141e+01, 6.8485e+01,
         5.4449e+01, 4.3289e+01, 3.4417e+01, 2.7363e+01, 2.1755e+01, 1.7296e+01,
         1.3751e+01, 1.0933e+01, 8.6918e+00, 6.9104e+00, 5.4941e+00, 4.3680e+00,
         3.4728e+00, 2.7610e+00, 2.1951e+00, 1.7452e+00, 1.3875e+00, 1.1031e+00,
         8.7703e-01, 6.9728e-01, 5.5437e-01, 4.4075e-01, 3.5041e-01, 2.7859e-01,
         2.2149e-01, 1.7610e-01, 1.4000e-01, 1.1131e-01, 8.8495e-02, 7.0358e-02,
         5.5937e-02, 4.4473e-02, 3.5358e-02, 2.8111e-02, 2.2349e-02, 1.7769e-02,
         1.4127e-02, 1.1231e-02, 8.9295e-03, 7.0993e-03, 5.6442e-03, 4.4874e-03,
         3.5677e-03, 2.8365e-03, 2.2551e-03, 1.7929e-03, 1.4254e-03, 1.1333e-03,
         9.0101e-04, 7.1634e-04]], dtype=torch.float64), 'temp': tensor([[192.3997, 186.7293, 180.7854, 174.3750, 167.4831, 160.1879, 152.7009,
         145.2619, 138.0437, 131.1308, 124.5529, 118.2956, 112.3781, 106.7057,
         101.3670, 100.0382, 100.0209, 100.0208, 100.0224, 100.0250, 100.0285,
         100.0331, 100.0389, 100.0461, 100.0551, 100.0663, 100.0803, 100.0977,
         100.1190, 100.1455, 100.1787, 100.2209, 100.2750, 100.3445, 100.4341,
         100.5510, 100.7085, 100.9491, 101.2928, 101.6906, 102.2051, 102.8864,
         103.7959, 105.0116, 106.6258, 108.7355, 111.4464, 114.8216, 118.7141,
         122.6795, 126.0246, 128.1956, 129.3414, 130.0516, 130.7131, 131.3186,
         131.8457, 132.2994, 132.7213, 133.0700, 133.4035, 133.6693, 133.9272,
         134.1320, 134.3229, 134.4764, 134.6127, 134.7246, 134.8135, 134.8959,
         134.9546, 135.0100, 135.0445, 135.0783, 135.1020, 135.1207, 135.1363,
         135.1494, 135.1594, 135.1669]], dtype=torch.float64), 'xCO2': tensor([[9.5298e-01, 8.8062e-01, 7.2187e-01, 5.4902e-01, 3.6629e-01, 1.9993e-01,
         9.7711e-02, 4.3347e-02, 1.7220e-02, 6.6973e-03, 2.2747e-03, 7.7775e-04,
         2.2746e-04, 6.3705e-05, 2.1173e-05, 1.3897e-05, 1.4945e-05, 1.8381e-05,
         2.3055e-05, 2.9084e-05, 3.6663e-05, 4.6183e-05, 5.8133e-05, 7.3135e-05,
         9.2205e-05, 1.1668e-04, 1.4761e-04, 1.8672e-04, 2.3622e-04, 2.9899e-04,
         3.8018e-04, 4.8627e-04, 6.2358e-04, 8.0252e-04, 1.0378e-03, 1.3503e-03,
         1.7741e-03, 2.3278e-03, 3.0449e-03, 3.9733e-03, 5.1751e-03, 6.7445e-03,
         8.8440e-03, 1.1579e-02, 1.5140e-02, 1.9756e-02, 2.6006e-02, 3.4210e-02,
         4.4892e-02, 5.9329e-02, 7.7860e-02, 1.0136e-01, 1.2982e-01, 1.6333e-01,
         2.0154e-01, 2.4409e-01, 2.8985e-01, 3.3781e-01, 3.8666e-01, 4.3494e-01,
         4.8185e-01, 5.2599e-01, 5.6711e-01, 6.0450e-01, 6.3806e-01, 6.6792e-01,
         6.9388e-01, 7.1671e-01, 7.3616e-01, 7.5307e-01, 7.6752e-01, 7.7734e-01,
         7.7734e-01, 7.7734e-01, 7.7734e-01, 7.7734e-01, 7.7734e-01, 7.7734e-01,
         7.7734e-01, 7.7734e-01]], dtype=torch.float64), 'xH2O': tensor([[8.0793e-07, 4.9492e-07, 1.9111e-07, 6.9934e-08, 2.1261e-08, 5.3440e-09,
         1.1255e-09, 1.9299e-10, 1.6530e-11, 9.8013e-13, 6.4811e-13, 5.5028e-13,
         4.5533e-13, 2.5128e-13, 1.4535e-13, 1.3144e-13, 1.2999e-13, 1.2516e-13,
         1.1748e-13, 1.0860e-13, 9.9478e-14, 9.0593e-14, 8.2226e-14, 7.4536e-14,
         6.7631e-14, 6.1562e-14, 5.6274e-14, 5.1756e-14, 4.7973e-14, 4.4873e-14,
         4.2446e-14, 4.0671e-14, 3.9497e-14, 3.8948e-14, 3.9089e-14, 4.0024e-14,
         4.1989e-14, 4.5405e-14, 5.1036e-14, 5.9948e-14, 7.4492e-14, 1.0020e-13,
         1.5391e-13, 2.6906e-13, 5.5090e-13, 1.3909e-12, 6.2410e-12, 2.4705e-11,
         5.3246e-11, 8.3584e-11, 1.1511e-10, 1.4631e-10, 1.7505e-10, 1.9882e-10,
         2.1613e-10, 2.2533e-10, 2.2670e-10, 2.2013e-10, 2.0805e-10, 1.9162e-10,
         1.7354e-10, 1.5538e-10, 1.3854e-10, 1.2394e-10, 1.1213e-10, 1.0323e-10,
         9.7713e-11, 9.5262e-11, 9.6556e-11, 1.0144e-10, 1.1051e-10, 1.2053e-10,
         1.2053e-10, 1.2053e-10, 1.2053e-10, 1.2053e-10, 1.2053e-10, 1.2053e-10,
         1.2053e-10, 1.2053e-10]], dtype=torch.float64), 'xSO2': tensor([[1.6168e-02, 1.2444e-02, 7.6885e-03, 4.4242e-03, 2.2131e-03, 9.4974e-04,
         3.5199e-04, 1.1232e-04, 2.9718e-05, 7.8438e-06, 1.5894e-06, 3.4199e-07,
         5.4987e-08, 8.1112e-09, 1.5365e-09, 7.0571e-10, 6.8197e-10, 8.1865e-10,
         1.0188e-09, 1.2817e-09, 1.6144e-09, 2.0337e-09, 2.5614e-09, 3.2251e-09,
         4.0708e-09, 5.1597e-09, 6.5401e-09, 8.2927e-09, 1.0522e-08, 1.3368e-08,
         1.7080e-08, 2.1990e-08, 2.8437e-08, 3.6990e-08, 4.8497e-08, 6.4286e-08,
         8.7770e-08, 1.2503e-07, 1.8433e-07, 2.7883e-07, 4.2577e-07, 6.2547e-07,
         9.0120e-07, 1.2751e-06, 1.7827e-06, 2.4690e-06, 3.4432e-06, 4.7802e-06,
         6.6046e-06, 9.2407e-06, 1.2859e-05, 1.7811e-05, 2.4187e-05, 3.2008e-05,
         4.1068e-05, 5.1063e-05, 6.1431e-05, 7.1386e-05, 8.0251e-05, 8.6847e-05,
         9.0916e-05, 9.1593e-05, 8.9213e-05, 8.3930e-05, 7.6513e-05, 6.7854e-05,
         5.8819e-05, 5.0158e-05, 4.2548e-05, 3.6250e-05, 3.1558e-05, 2.9029e-05,
         2.9029e-05, 2.9029e-05, 2.9029e-05, 2.9029e-05, 2.9029e-05, 2.9029e-05,
         2.9029e-05, 2.9029e-05]], dtype=torch.float64), 'xH2SO4aer': tensor([[6.9937e-08, 7.8605e-08, 9.7125e-08, 1.1706e-07, 1.4194e-07, 1.7503e-07,
         2.4953e-07, 7.7019e-07, 1.0087e-06, 8.2021e-08, 4.6743e-10, 7.3962e-11,
         2.7754e-12, 8.1898e-15, 1.9855e-16, 1.0708e-16, 1.1342e-16, 1.3214e-16,
         1.5619e-16, 1.8572e-16, 2.2132e-16, 2.6430e-16, 3.1610e-16, 3.7720e-16,
         4.4251e-16, 4.9241e-16, 5.0490e-16, 4.7194e-16, 4.0451e-16, 3.2291e-16,
         2.4599e-16, 1.8468e-16, 1.4034e-16, 1.1151e-16, 9.5714e-17, 9.0696e-17,
         9.5433e-17, 1.0852e-16, 1.3006e-16, 1.6097e-16, 2.0285e-16, 2.5881e-16,
         3.3475e-16, 4.3444e-16, 5.6445e-16, 7.3067e-16, 9.2844e-16, 1.0242e-15,
         7.4513e-16, 4.4427e-16, 3.0197e-16, 2.4290e-16, 2.0149e-16, 1.5716e-16,
         1.1021e-16, 6.9684e-17, 3.9312e-17, 2.0353e-17, 9.2119e-18, 4.0374e-18,
         1.5414e-18, 5.9256e-19, 2.0759e-19, 7.3923e-20, 2.6284e-20, 9.4116e-21,
         3.7323e-21, 1.4767e-21, 6.5410e-22, 2.7701e-22, 1.0471e-22, 3.1440e-23,
         3.1440e-23, 3.1440e-23, 3.1440e-23, 3.1440e-23, 3.1440e-23, 3.1440e-23,
         3.1440e-23, 3.1440e-23]], dtype=torch.float64), 'xS8aer': tensor([[2.1243e-34, 4.3319e-34, 2.7847e-31, 2.5925e-26, 1.5107e-22, 2.1318e-21,
         4.7545e-21, 5.7774e-21, 6.5801e-21, 4.3939e-22, 4.9493e-27, 1.0634e-28,
         9.2824e-31, 2.5299e-33, 4.3275e-35, 6.5814e-36, 6.4808e-36, 7.7639e-36,
         9.4679e-36, 1.1592e-35, 1.4175e-35, 1.7318e-35, 2.1155e-35, 2.5857e-35,
         3.1711e-35, 3.9086e-35, 4.8260e-35, 5.9690e-35, 7.3956e-35, 9.1800e-35,
         1.1455e-34, 1.4388e-34, 1.8136e-34, 2.2964e-34, 2.9242e-34, 3.7485e-34,
         4.8521e-34, 6.2747e-34, 8.0821e-34, 1.0344e-33, 1.3046e-33, 1.5745e-33,
         1.5353e-33, 6.2534e-34, 1.0000e-40, 1.0000e-40, 1.0000e-40, 1.0000e-40,
         1.0000e-40, 1.0000e-40, 1.0000e-40, 1.0000e-40, 1.0000e-40, 1.0000e-40,
         1.0000e-40, 1.0000e-40, 1.0000e-40, 1.0000e-40, 1.0000e-40, 1.0000e-40,
         1.0000e-40, 1.0000e-40, 1.0000e-40, 1.0000e-40, 1.0000e-40, 1.0000e-40,
         1.0000e-40, 1.0000e-40, 1.0000e-40, 1.0000e-40, 1.0000e-40, 1.0000e-40,
         1.0000e-40, 1.0000e-40, 1.0000e-40, 1.0000e-40, 1.0000e-40, 1.0000e-40,
         1.0000e-40, 1.0000e-40]], dtype=torch.float64)}"
1.7496e+06,222.371,0,"{'pres': tensor([[5.3000e+04, 4.2137e+04, 3.3501e+04, 2.6635e+04, 2.1176e+04, 1.6836e+04,
         1.3385e+04, 1.0642e+04, 8.4606e+03, 6.7265e+03, 5.3479e+03, 4.2518e+03,
         3.3803e+03, 2.6875e+03, 2.1367e+03, 1.6988e+03, 1.3506e+03, 1.0738e+03,
         8.5370e+02, 6.7873e+02, 5.3962e+02, 4.2902e+02, 3.4109e+02, 2.7118e+02,
         2.1560e+02, 1.7141e+02, 1.3628e+02, 1.0835e+02, 8.6141e+01, 6.8485e+01,
         5.4449e+01, 4.3289e+01, 3.4417e+01, 2.7363e+01, 2.1755e+01, 1.7296e+01,
         1.3751e+01, 1.0933e+01, 8.6918e+00, 6.9104e+00, 5.4941e+00, 4.3680e+00,
         3.4728e+00, 2.7610e+00, 2.1951e+00, 1.7452e+00, 1.3875e+00, 1.1031e+00,
         8.7703e-01, 6.9728e-01, 5.5437e-01, 4.4075e-01, 3.5041e-01, 2.7859e-01,
         2.2149e-01, 1.7610e-01, 1.4000e-01, 1.1131e-01, 8.8495e-02, 7.0358e-02,
         5.5937e-02, 4.4473e-02, 3.5358e-02, 2.8111e-02, 2.2349e-02, 1.7769e-02,
         1.4127e-02, 1.1231e-02, 8.9295e-03, 7.0993e-03, 5.6442e-03, 4.4874e-03,
         3.5677e-03, 2.8365e-03, 2.2551e-03, 1.7929e-03, 1.4254e-03, 1.1333e-03,
         9.0101e-04, 7.1634e-04]], dtype=torch.float64), 'temp': tensor([[192.4179, 186.7499, 180.8088, 174.4017, 167.5130, 160.2199, 152.7338,
         145.2943, 138.0750, 131.1606, 124.5812, 118.3225, 112.4037, 106.7300,
         101.3900, 100.0387, 100.0210, 100.0209, 100.0225, 100.0251, 100.0287,
         100.0333, 100.0392, 100.0465, 100.0555, 100.0669, 100.0810, 100.0985,
         100.1201, 100.1469, 100.1805, 100.2232, 100.2780, 100.3484, 100.4392,
         100.5578, 100.7176, 100.9613, 101.3093, 101.7128, 102.2351, 102.9269,
         103.8504, 105.0843, 106.7216, 108.8592, 111.6021, 115.0066, 118.9118,
         122.8602, 126.1540, 128.2657, 129.3766, 130.0788, 130.7388, 131.3398,
         131.8631, 132.3145, 132.7343, 133.0808, 133.4121, 133.6775, 133.9344,
         134.1383, 134.3284, 134.4813, 134.6170, 134.7284, 134.8169, 134.8990,
         134.9574, 135.0125, 135.0468, 135.0805, 135.1041, 135.1225, 135.1383,
         135.1512, 135.1612, 135.1686]], dtype=torch.float64), 'xCO2': tensor([[9.5306e-01, 8.8087e-01, 7.2245e-01, 5.4989e-01, 3.6745e-01, 2.0070e-01,
         9.8135e-02, 4.3557e-02, 1.7314e-02, 6.7333e-03, 2.2892e-03, 7.8254e-04,
         2.2863e-04, 6.4218e-05, 2.1324e-05, 1.3925e-05, 1.4948e-05, 1.8380e-05,
         2.3058e-05, 2.9086e-05, 3.6666e-05, 4.6185e-05, 5.8136e-05, 7.3138e-05,
         9.2226e-05, 1.1671e-04, 1.4765e-04, 1.8677e-04, 2.3629e-04, 2.9910e-04,
         3.8044e-04, 4.8668e-04, 6.2422e-04, 8.0356e-04, 1.0395e-03, 1.3531e-03,
         1.7786e-03, 2.3341e-03, 3.0534e-03, 3.9846e-03, 5.1896e-03, 6.7649e-03,
         8.8691e-03, 1.1610e-02, 1.5175e-02, 1.9796e-02, 2.6060e-02, 3.4269e-02,
         4.4953e-02, 5.9406e-02, 7.7909e-02, 1.0137e-01, 1.2970e-01, 1.6307e-01,
         2.0106e-01, 2.4339e-01, 2.8888e-01, 3.3657e-01, 3.8514e-01, 4.3316e-01,
         4.7982e-01, 5.2376e-01, 5.6468e-01, 6.0193e-01, 6.3532e-01, 6.6509e-01,
         6.9093e-01, 7.1365e-01, 7.3303e-01, 7.4985e-01, 7.6423e-01, 7.7381e-01,
         7.7381e-01, 7.7381e-01, 7.7381e-01, 7.7381e-01, 7.7381e-01, 7.7381e-01,
         7.7381e-01, 7.7381e-01]], dtype=torch.float64), 'xH2O': tensor([[8.1042e-07, 4.9660e-07, 1.9193e-07, 7.0301e-08, 2.1394e-08, 5.3823e-09,
         1.1347e-09, 1.9483e-10, 1.6979e-11, 9.9550e-13, 6.4821e-13, 5.5086e-13,
         4.5713e-13, 2.5299e-13, 1.4623e-13, 1.3203e-13, 1.3067e-13, 1.2595e-13,
         1.1835e-13, 1.0953e-13, 1.0045e-13, 9.1585e-14, 8.3225e-14, 7.5528e-14,
         6.8610e-14, 6.2519e-14, 5.7202e-14, 5.2649e-14, 4.8826e-14, 4.5686e-14,
         4.3224e-14, 4.1416e-14, 4.0214e-14, 3.9645e-14, 3.9773e-14, 4.0706e-14,
         4.2682e-14, 4.6126e-14, 5.1826e-14, 6.0891e-14, 7.5748e-14, 1.0225e-13,
         1.5776e-13, 2.7740e-13, 5.7242e-13, 1.4606e-12, 6.6899e-12, 2.5847e-11,
         5.4838e-11, 8.5667e-11, 1.1767e-10, 1.4923e-10, 1.7824e-10, 2.0213e-10,
         2.1953e-10, 2.2865e-10, 2.2995e-10, 2.2319e-10, 2.1093e-10, 1.9427e-10,
         1.7598e-10, 1.5761e-10, 1.4060e-10, 1.2584e-10, 1.1393e-10, 1.0493e-10,
         9.9404e-11, 9.6992e-11, 9.8356e-11, 1.0341e-10, 1.1270e-10, 1.2274e-10,
         1.2274e-10, 1.2274e-10, 1.2274e-10, 1.2274e-10, 1.2274e-10, 1.2274e-10,
         1.2274e-10, 1.2274e-10]], dtype=torch.float64), 'xSO2': tensor([[1.6199e-02, 1.2471e-02, 7.7095e-03, 4.4393e-03, 2.2223e-03, 9.5441e-04,
         3.5398e-04, 1.1305e-04, 2.9944e-05, 7.9008e-06, 1.6041e-06, 3.4497e-07,
         5.5316e-08, 8.2099e-09, 1.5532e-09, 7.0792e-10, 6.8214e-10, 8.1857e-10,
         1.0188e-09, 1.2816e-09, 1.6143e-09, 2.0336e-09, 2.5612e-09, 3.2250e-09,
         4.0715e-09, 5.1606e-09, 6.5416e-09, 8.2951e-09, 1.0526e-08, 1.3374e-08,
         1.7095e-08, 2.2015e-08, 2.8477e-08, 3.7058e-08, 4.8612e-08, 6.4483e-08,
         8.8182e-08, 1.2580e-07, 1.8581e-07, 2.8165e-07, 4.3014e-07, 6.3199e-07,
         9.1041e-07, 1.2878e-06, 1.7998e-06, 2.4915e-06, 3.4743e-06, 4.8198e-06,
         6.6545e-06, 9.3086e-06, 1.2938e-05, 1.7902e-05, 2.4263e-05, 3.2058e-05,
         4.1058e-05, 5.0978e-05, 6.1249e-05, 7.1094e-05, 7.9857e-05, 8.6348e-05,
         9.0324e-05, 9.0970e-05, 8.8561e-05, 8.3307e-05, 7.5924e-05, 6.7330e-05,
         5.8363e-05, 4.9779e-05, 4.2232e-05, 3.6001e-05, 3.1352e-05, 2.8899e-05,
         2.8899e-05, 2.8899e-05, 2.8899e-05, 2.8899e-05, 2.8899e-05, 2.8899e-05,
         2.8899e-05, 2.8899e-05]], dtype=torch.float64), 'xH2SO4aer': tensor([[6.9939e-08, 7.8608e-08, 9.7131e-08, 1.1707e-07, 1.4198e-07, 1.7513e-07,
         2.5042e-07, 7.7602e-07, 9.9876e-07, 7.9369e-08, 4.7135e-10, 7.4951e-11,
         2.7912e-12, 8.5104e-15, 1.9163e-16, 9.9364e-17, 1.0472e-16, 1.2173e-16,
         1.4361e-16, 1.7043e-16, 2.0273e-16, 2.4167e-16, 2.8856e-16, 3.4393e-16,
         4.0358e-16, 4.5045e-16, 4.6436e-16, 4.3699e-16, 3.7727e-16, 3.0340e-16,
         2.3292e-16, 1.7633e-16, 1.3533e-16, 1.0883e-16, 9.4694e-17, 9.0933e-17,
         9.6740e-17, 1.1082e-16, 1.3341e-16, 1.6552e-16, 2.0885e-16, 2.6669e-16,
         3.4500e-16, 4.4772e-16, 5.8155e-16, 7.5235e-16, 9.5354e-16, 1.0400e-15,
         7.4784e-16, 4.5030e-16, 3.0944e-16, 2.5078e-16, 2.0798e-16, 1.6180e-16,
         1.1312e-16, 7.1410e-17, 4.0166e-17, 2.0803e-17, 9.3807e-18, 4.1234e-18,
         1.5800e-18, 6.0527e-19, 2.1316e-19, 7.5593e-20, 2.7058e-20, 9.6474e-21,
         3.8545e-21, 1.5321e-21, 6.7739e-22, 2.8785e-22, 1.0825e-22, 3.3328e-23,
         3.3328e-23, 3.3328e-23, 3.3328e-23, 3.3328e-23, 3.3328e-23, 3.3328e-23,
         3.3328e-23, 3.3328e-23]], dtype=torch.float64), 'xS8aer': tensor([[2.1246e-34, 4.3332e-34, 2.9131e-31, 2.6545e-26, 1.5187e-22, 2.1357e-21,
         4.7902e-21, 5.8272e-21, 6.5036e-21, 4.2361e-22, 5.0788e-27, 1.0919e-28,
         9.3636e-31, 2.6192e-33, 4.4427e-35, 6.5862e-36, 6.4572e-36, 7.7360e-36,
         9.4399e-36, 1.1564e-35, 1.4148e-35, 1.7291e-35, 2.1126e-35, 2.5823e-35,
         3.1674e-35, 3.9040e-35, 4.8205e-35, 5.9627e-35, 7.3885e-35, 9.1722e-35,
         1.1449e-34, 1.4382e-34, 1.8132e-34, 2.2964e-34, 2.9248e-34, 3.7504e-34,
         4.8564e-34, 6.2804e-34, 8.0882e-34, 1.0347e-33, 1.3032e-33, 1.5652e-33,
         1.4939e-33, 5.7941e-34, 1.0000e-40, 1.0000e-40, 1.0000e-40, 1.0000e-40,
         1.0000e-40, 1.0000e-40, 1.0000e-40, 1.0000e-40, 1.0000e-40, 1.0000e-40,
         1.0000e-40, 1.0000e-40, 1.0000e-40, 1.0000e-40, 1.0000e-40, 1.0000e-40,
         1.0000e-40, 1.0000e-40, 1.0000e-40, 1.0000e-40, 1.0000e-40, 1.0000e-40,
         1.0000e-40, 1.0000e-40, 1.0000e-40, 1.0000e-40, 1.0000e-40, 1.0000e-40,
         1.0000e-40, 1.0000e-40, 1.0000e-40, 1.0000e-40, 1.0000e-40, 1.0000e-40,
         1.0000e-40, 1.0000e-40]], dtype=torch.float64)}"
1.7712e+06,222.379,0,"{'pres': tensor([[5.3000e+04, 4.2137e+04, 3.3501e+04, 2.6635e+04, 2.1176e+04, 1.6836e+04,
         1.3385e+04, 1.0642e+04, 8.4606e+03, 6.7265e+03, 5.3479e+03, 4.2518e+03,
         3.3803e+03, 2.6875e+03, 2.1367e+03, 1.6988e+03, 1.3506e+03, 1.0738e+03,
         8.5370e+02, 6.7873e+02, 5.3962e+02, 4.2902e+02, 3.4109e+02, 2.7118e+02,
         2.1560e+02, 1.7141e+02, 1.3628e+02, 1.0835e+02, 8.6141e+01, 6.8485e+01,
         5.4449e+01, 4.3289e+01, 3.4417e+01, 2.7363e+01, 2.1755e+01, 1.7296e+01,
         1.3751e+01, 1.0933e+01, 8.6918e+00, 6.9104e+00, 5.4941e+00, 4.3680e+00,
         3.4728e+00, 2.7610e+00, 2.1951e+00, 1.7452e+00, 1.3875e+00, 1.1031e+00,
         8.7703e-01, 6.9728e-01, 5.5437e-01, 4.4075e-01, 3.5041e-01, 2.7859e-01,
         2.2149e-01, 1.7610e-01, 1.4000e-01, 1.1131e-01, 8.8495e-02, 7.0358e-02,
         5.5937e-02, 4.4473e-02, 3.5358e-02, 2.8111e-02, 2.2349e-02, 1.7769e-02,
         1.4127e-02, 1.1231e-02, 8.9295e-03, 7.0993e-03, 5.6442e-03, 4.4874e-03,
         3.5677e-03, 2.8365e-03, 2.2551e-03, 1.7929e-03, 1.4254e-03, 1.1333e-03,
         9.0101e-04, 7.1634e-04]], dtype=torch.float64), 'temp': tensor([[192.4360, 186.7704, 180.8321, 174.4283, 167.5428, 160.2520, 152.7666,
         145.3266, 138.1062, 131.1904, 124.6096, 118.3495, 112.4293, 106.7543,
         101.4131, 100.0393, 100.0211, 100.0210, 100.0226, 100.0253, 100.0288,
         100.0335, 100.0394, 100.0468, 100.0559, 100.0674, 100.0817, 100.0993,
         100.1212, 100.1483, 100.1823, 100.2255, 100.2810, 100.3523, 100.4444,
         100.5646, 100.7268, 100.9736, 101.3259, 101.7352, 102.2653, 102.9675,
         103.9051, 105.1572, 106.8177, 108.9830, 111.7577, 115.1907, 119.1072,
         123.0372, 126.2791, 128.3328, 129.4106, 130.1057, 130.7642, 131.3606,
         131.8803, 132.3293, 132.7471, 133.0916, 133.4209, 133.6857, 133.9415,
         134.1445, 134.3339, 134.4860, 134.6212, 134.7321, 134.8203, 134.9020,
         134.9601, 135.0149, 135.0491, 135.0825, 135.1062, 135.1243, 135.1402,
         135.1529, 135.1629, 135.1702]], dtype=torch.float64), 'xCO2': tensor([[9.5315e-01, 8.8113e-01, 7.2303e-01, 5.5076e-01, 3.6860e-01, 2.0147e-01,
         9.8561e-02, 4.3768e-02, 1.7409e-02, 6.7694e-03, 2.3039e-03, 7.8735e-04,
         2.2981e-04, 6.4734e-05, 2.1476e-05, 1.3952e-05, 1.4951e-05, 1.8380e-05,
         2.3060e-05, 2.9089e-05, 3.6668e-05, 4.6187e-05, 5.8138e-05, 7.3140e-05,
         9.2246e-05, 1.1674e-04, 1.4768e-04, 1.8682e-04, 2.3637e-04, 2.9922e-04,
         3.8070e-04, 4.8708e-04, 6.2486e-04, 8.0459e-04, 1.0412e-03, 1.3559e-03,
         1.7831e-03, 2.3404e-03, 3.0619e-03, 3.9958e-03, 5.2040e-03, 6.7850e-03,
         8.8939e-03, 1.1639e-02, 1.5210e-02, 1.9834e-02, 2.6113e-02, 3.4326e-02,
         4.5012e-02, 5.9480e-02, 7.7955e-02, 1.0137e-01, 1.2957e-01, 1.6280e-01,
         2.0058e-01, 2.4269e-01, 2.8791e-01, 3.3533e-01, 3.8362e-01, 4.3139e-01,
         4.7778e-01, 5.2153e-01, 5.6224e-01, 5.9935e-01, 6.3259e-01, 6.6226e-01,
         6.8797e-01, 7.1058e-01, 7.2989e-01, 7.4661e-01, 7.6093e-01, 7.7027e-01,
         7.7027e-01, 7.7027e-01, 7.7027e-01, 7.7027e-01, 7.7027e-01, 7.7027e-01,
         7.7027e-01, 7.7027e-01]], dtype=torch.float64), 'xH2O': tensor([[8.1292e-07, 4.9828e-07, 1.9276e-07, 7.0669e-08, 2.1527e-08, 5.4209e-09,
         1.1439e-09, 1.9669e-10, 1.7440e-11, 1.0112e-12, 6.4829e-13, 5.5141e-13,
         4.5890e-13, 2.5470e-13, 1.4710e-13, 1.3261e-13, 1.3134e-13, 1.2673e-13,
         1.1921e-13, 1.1045e-13, 1.0141e-13, 9.2570e-14, 8.4216e-14, 7.6514e-14,
         6.9584e-14, 6.3472e-14, 5.8126e-14, 5.3538e-14, 4.9677e-14, 4.6498e-14,
         4.4002e-14, 4.2162e-14, 4.0933e-14, 4.0344e-14, 4.0461e-14, 4.1393e-14,
         4.3381e-14, 4.6853e-14, 5.2622e-14, 6.1842e-14, 7.7020e-14, 1.0435e-13,
         1.6170e-13, 2.8601e-13, 5.9480e-13, 1.5338e-12, 7.1669e-12, 2.7021e-11,
         5.6448e-11, 8.7758e-11, 1.2024e-10, 1.5214e-10, 1.8144e-10, 2.0544e-10,
         2.2293e-10, 2.3197e-10, 2.3321e-10, 2.2624e-10, 2.1378e-10, 1.9692e-10,
         1.7843e-10, 1.5986e-10, 1.4268e-10, 1.2775e-10, 1.1574e-10, 1.0666e-10,
         1.0112e-10, 9.8748e-11, 1.0019e-10, 1.0542e-10, 1.1493e-10, 1.2499e-10,
         1.2499e-10, 1.2499e-10, 1.2499e-10, 1.2499e-10, 1.2499e-10, 1.2499e-10,
         1.2499e-10, 1.2499e-10]], dtype=torch.float64), 'xSO2': tensor([[1.6230e-02, 1.2498e-02, 7.7306e-03, 4.4544e-03, 2.2316e-03, 9.5910e-04,
         3.5597e-04, 1.1378e-04, 3.0171e-05, 7.9582e-06, 1.6189e-06, 3.4798e-07,
         5.5644e-08, 8.3097e-09, 1.5700e-09, 7.1014e-10, 6.8230e-10, 8.1849e-10,
         1.0189e-09, 1.2816e-09, 1.6143e-09, 2.0335e-09, 2.5611e-09, 3.2248e-09,
         4.0721e-09, 5.1616e-09, 6.5431e-09, 8.2975e-09, 1.0530e-08, 1.3381e-08,
         1.7110e-08, 2.2039e-08, 2.8518e-08, 3.7126e-08, 4.8728e-08, 6.4682e-08,
         8.8597e-08, 1.2658e-07, 1.8730e-07, 2.8450e-07, 4.3454e-07, 6.3853e-07,
         9.1962e-07, 1.3004e-06, 1.8169e-06, 2.5137e-06, 3.5051e-06, 4.8590e-06,
         6.7038e-06, 9.3752e-06, 1.3015e-05, 1.7991e-05, 2.4335e-05, 3.2102e-05,
         4.1043e-05, 5.0888e-05, 6.1064e-05, 7.0799e-05, 7.9442e-05, 8.5848e-05,
         8.9731e-05, 9.0346e-05, 8.7908e-05, 8.2683e-05, 7.5334e-05, 6.6804e-05,
         5.7904e-05, 4.9397e-05, 4.1912e-05, 3.5749e-05, 3.1143e-05, 2.8765e-05,
         2.8765e-05, 2.8765e-05, 2.8765e-05, 2.8765e-05, 2.8765e-05, 2.8765e-05,
         2.8765e-05, 2.8765e-05]], dtype=torch.float64), 'xH2SO4aer': tensor([[6.9941e-08, 7.8611e-08, 9.7137e-08, 1.1709e-07, 1.4201e-07, 1.7523e-07,
         2.5132e-07, 7.8179e-07, 9.8887e-07, 7.6814e-08, 4.7527e-10, 7.5948e-11,
         2.8059e-12, 8.8491e-15, 1.8582e-16, 9.2506e-17, 9.6982e-17, 1.1247e-16,
         1.3242e-16, 1.5683e-16, 1.8618e-16, 2.2152e-16, 2.6402e-16, 3.1425e-16,
         3.6875e-16, 4.1266e-16, 4.2757e-16, 4.0499e-16, 3.5214e-16, 2.8531e-16,
         2.2077e-16, 1.6857e-16, 1.3072e-16, 1.0643e-16, 9.3888e-17, 9.1351e-17,
         9.8218e-17, 1.1329e-16, 1.3696e-16, 1.7030e-16, 2.1512e-16, 2.7492e-16,
         3.5571e-16, 4.6158e-16, 5.9939e-16, 7.7495e-16, 9.7956e-16, 1.0558e-15,
         7.5046e-16, 4.5647e-16, 3.1706e-16, 2.5877e-16, 2.1453e-16, 1.6646e-16,
         1.1603e-16, 7.3133e-17, 4.1012e-17, 2.1251e-17, 9.5986e-18, 4.2081e-18,
         1.6184e-18, 6.1777e-19, 2.1872e-19, 7.7242e-20, 2.7837e-20, 9.8818e-21,
         3.9783e-21, 1.5888e-21, 7.0111e-22, 2.9895e-22, 1.1183e-22, 3.5292e-23,
         3.5292e-23, 3.5292e-23, 3.5292e-23, 3.5292e-23, 3.5292e-23, 3.5292e-23,
         3.5292e-23, 3.5292e-23]], dtype=torch.float64), 'xS8aer': tensor([[2.1248e-34, 4.3346e-34, 3.0459e-31, 2.7173e-26, 1.5267e-22, 2.1396e-21,
         4.8262e-21, 5.8765e-21, 6.4278e-21, 4.0847e-22, 5.2128e-27, 1.1211e-28,
         9.4382e-31, 2.7117e-33, 4.5632e-35, 6.5948e-36, 6.4237e-36, 7.6853e-36,
         9.3791e-36, 1.1500e-35, 1.4087e-35, 1.7237e-35, 2.1077e-35, 2.5774e-35,
         3.1618e-35, 3.8962e-35, 4.8096e-35, 5.9482e-35, 7.3704e-35, 9.1507e-35,
         1.1426e-34, 1.4356e-34, 1.8102e-34, 2.2931e-34, 2.9214e-34, 3.7472e-34,
         4.8540e-34, 6.2772e-34, 8.0826e-34, 1.0334e-33, 1.2998e-33, 1.5528e-33,
         1.4467e-33, 5.3094e-34, 1.0000e-40, 1.0000e-40, 1.0000e-40, 1.0000e-40,
         1.0000e-40, 1.0000e-40, 1.0000e-40, 1.0000e-40, 1.0000e-40, 1.0000e-40,
         1.0000e-40, 1.0000e-40, 1.0000e-40, 1.0000e-40, 1.0000e-40, 1.0000e-40,
         1.0000e-40, 1.0000e-40, 1.0000e-40, 1.0000e-40, 1.0000e-40, 1.0000e-40,
         1.0000e-40, 1.0000e-40, 1.0000e-40, 1.0000e-40, 1.0000e-40, 1.0000e-40,
         1.0000e-40, 1.0000e-40, 1.0000e-40, 1.0000e-40, 1.0000e-40, 1.0000e-40,
         1.0000e-40, 1.0000e-40]], dtype=torch.float64)}"
1.7928e+06,222.387,0,"{'pres': tensor([[5.3000e+04, 4.2137e+04, 3.3501e+04, 2.6635e+04, 2.1176e+04, 1.6836e+04,
         1.3385e+04, 1.0642e+04, 8.4606e+03, 6.7265e+03, 5.3479e+03, 4.2518e+03,
         3.3803e+03, 2.6875e+03, 2.1367e+03, 1.6988e+03, 1.3506e+03, 1.0738e+03,
         8.5370e+02, 6.7873e+02, 5.3962e+02, 4.2902e+02, 3.4109e+02, 2.7118e+02,
         2.1560e+02, 1.7141e+02, 1.3628e+02, 1.0835e+02, 8.6141e+01, 6.8485e+01,
         5.4449e+01, 4.3289e+01, 3.4417e+01, 2.7363e+01, 2.1755e+01, 1.7296e+01,
         1.3751e+01, 1.0933e+01, 8.6918e+00, 6.9104e+00, 5.4941e+00, 4.3680e+00,
         3.4728e+00, 2.7610e+00, 2.1951e+00, 1.7452e+00, 1.3875e+00, 1.1031e+00,
         8.7703e-01, 6.9728e-01, 5.5437e-01, 4.4075e-01, 3.5041e-01, 2.7859e-01,
         2.2149e-01, 1.7610e-01, 1.4000e-01, 1.1131e-01, 8.8495e-02, 7.0358e-02,
         5.5937e-02, 4.4473e-02, 3.5358e-02, 2.8111e-02, 2.2349e-02, 1.7769e-02,
         1.4127e-02, 1.1231e-02, 8.9295e-03, 7.0993e-03, 5.6442e-03, 4.4874e-03,
         3.5677e-03, 2.8365e-03, 2.2551e-03, 1.7929e-03, 1.4254e-03, 1.1333e-03,
         9.0101e-04, 7.1634e-04]], dtype=torch.float64), 'temp': tensor([[192.4542, 186.7908, 180.8554, 174.4550, 167.5727, 160.2841, 152.7994,
         145.3590, 138.1374, 131.2203, 124.6380, 118.3765, 112.4549, 106.7786,
         101.4362, 100.0398, 100.0211, 100.0211, 100.0227, 100.0254, 100.0290,
         100.0337, 100.0397, 100.0471, 100.0563, 100.0679, 100.0823, 100.1002,
         100.1223, 100.1497, 100.1840, 100.2278, 100.2840, 100.3562, 100.4495,
         100.5714, 100.7360, 100.9860, 101.3425, 101.7576, 102.2957, 103.0083,
         103.9600, 105.2305, 106.9141, 109.1069, 111.9131, 115.3738, 119.3003,
         123.2103, 126.4000, 128.3969, 129.4436, 130.1323, 130.7891, 131.3810,
         131.8972, 132.3439, 132.7598, 133.1023, 133.4296, 133.6939, 133.9485,
         134.1506, 134.3392, 134.4907, 134.6253, 134.7358, 134.8235, 134.9049,
         134.9627, 135.0173, 135.0512, 135.0844, 135.1081, 135.1260, 135.1419,
         135.1544, 135.1645, 135.1718]], dtype=torch.float64), 'xCO2': tensor([[9.5324e-01, 8.8138e-01, 7.2361e-01, 5.5163e-01, 3.6976e-01, 2.0225e-01,
         9.8988e-02, 4.3980e-02, 1.7504e-02, 6.8057e-03, 2.3186e-03, 7.9218e-04,
         2.3098e-04, 6.5254e-05, 2.1628e-05, 1.3979e-05, 1.4953e-05, 1.8379e-05,
         2.3063e-05, 2.9092e-05, 3.6671e-05, 4.6190e-05, 5.8140e-05, 7.3143e-05,
         9.2267e-05, 1.1676e-04, 1.4772e-04, 1.8687e-04, 2.3644e-04, 2.9933e-04,
         3.8097e-04, 4.8749e-04, 6.2550e-04, 8.0563e-04, 1.0429e-03, 1.3586e-03,
         1.7876e-03, 2.3466e-03, 3.0703e-03, 4.0069e-03, 5.2183e-03, 6.8050e-03,
         8.9184e-03, 1.1669e-02, 1.5244e-02, 1.9872e-02, 2.6166e-02, 3.4381e-02,
         4.5070e-02, 5.9551e-02, 7.7996e-02, 1.0136e-01, 1.2943e-01, 1.6253e-01,
         2.0009e-01, 2.4199e-01, 2.8694e-01, 3.3409e-01, 3.8210e-01, 4.2962e-01,
         4.7576e-01, 5.1931e-01, 5.5981e-01, 5.9678e-01, 6.2986e-01, 6.5942e-01,
         6.8501e-01, 7.0751e-01, 7.2674e-01, 7.4338e-01, 7.5763e-01, 7.6673e-01,
         7.6673e-01, 7.6673e-01, 7.6673e-01, 7.6673e-01, 7.6673e-01, 7.6673e-01,
         7.6673e-01, 7.6673e-01]], dtype=torch.float64), 'xH2O': tensor([[8.1542e-07, 4.9996e-07, 1.9359e-07, 7.1038e-08, 2.1661e-08, 5.4597e-09,
         1.1532e-09, 1.9857e-10, 1.7915e-11, 1.0272e-12, 6.4833e-13, 5.5193e-13,
         4.6064e-13, 2.5640e-13, 1.4797e-13, 1.3319e-13, 1.3201e-13, 1.2751e-13,
         1.2006e-13, 1.1136e-13, 1.0236e-13, 9.3546e-14, 8.5201e-14, 7.7494e-14,
         7.0553e-14, 6.4419e-14, 5.9047e-14, 5.4426e-14, 5.0528e-14, 4.7311e-14,
         4.4782e-14, 4.2910e-14, 4.1656e-14, 4.1048e-14, 4.1154e-14, 4.2084e-14,
         4.4085e-14, 4.7585e-14, 5.3426e-14, 6.2804e-14, 7.8308e-14, 1.0648e-13,
         1.6574e-13, 2.9488e-13, 6.1806e-13, 1.6107e-12, 7.6732e-12, 2.8229e-11,
         5.8080e-11, 8.9858e-11, 1.2280e-10, 1.5506e-10, 1.8464e-10, 2.0875e-10,
         2.2633e-10, 2.3529e-10, 2.3647e-10, 2.2930e-10, 2.1663e-10, 1.9958e-10,
         1.8088e-10, 1.6211e-10, 1.4476e-10, 1.2967e-10, 1.1757e-10, 1.0840e-10,
         1.0285e-10, 1.0053e-10, 1.0204e-10, 1.0746e-10, 1.1719e-10, 1.2728e-10,
         1.2728e-10, 1.2728e-10, 1.2728e-10, 1.2728e-10, 1.2728e-10, 1.2728e-10,
         1.2728e-10, 1.2728e-10]], dtype=torch.float64), 'xSO2': tensor([[1.6260e-02, 1.2524e-02, 7.7517e-03, 4.4695e-03, 2.2409e-03, 9.6381e-04,
         3.5797e-04, 1.1452e-04, 3.0400e-05, 8.0159e-06, 1.6338e-06, 3.5101e-07,
         5.5970e-08, 8.4105e-09, 1.5869e-09, 7.1236e-10, 6.8247e-10, 8.1841e-10,
         1.0189e-09, 1.2816e-09, 1.6142e-09, 2.0334e-09, 2.5610e-09, 3.2247e-09,
         4.0728e-09, 5.1626e-09, 6.5446e-09, 8.3000e-09, 1.0534e-08, 1.3387e-08,
         1.7126e-08, 2.2064e-08, 2.8559e-08, 3.7195e-08, 4.8843e-08, 6.4882e-08,
         8.9015e-08, 1.2736e-07, 1.8881e-07, 2.8739e-07, 4.3896e-07, 6.4508e-07,
         9.2883e-07, 1.3131e-06, 1.8338e-06, 2.5358e-06, 3.5356e-06, 4.8976e-06,
         6.7523e-06, 9.4406e-06, 1.3090e-05, 1.8076e-05, 2.4402e-05, 3.2142e-05,
         4.1023e-05, 5.0794e-05, 6.0874e-05, 7.0500e-05, 7.9025e-05, 8.5346e-05,
         8.9138e-05, 8.9721e-05, 8.7255e-05, 8.2058e-05, 7.4743e-05, 6.6276e-05,
         5.7444e-05, 4.9013e-05, 4.1591e-05, 3.5495e-05, 3.0932e-05, 2.8628e-05,
         2.8628e-05, 2.8628e-05, 2.8628e-05, 2.8628e-05, 2.8628e-05, 2.8628e-05,
         2.8628e-05, 2.8628e-05]], dtype=torch.float64), 'xH2SO4aer': tensor([[6.9943e-08, 7.8614e-08, 9.7144e-08, 1.1710e-07, 1.4204e-07, 1.7533e-07,
         2.5222e-07, 7.8749e-07, 9.7903e-07, 7.4351e-08, 4.7921e-10, 7.6952e-11,
         2.8194e-12, 9.2063e-15, 1.8102e-16, 8.6412e-17, 9.0102e-17, 1.0424e-16,
         1.2247e-16, 1.4472e-16, 1.7144e-16, 2.0357e-16, 2.4216e-16, 2.8778e-16,
         3.3760e-16, 3.7866e-16, 3.9419e-16, 3.7573e-16, 3.2901e-16, 2.6856e-16,
         2.0948e-16, 1.6139e-16, 1.2650e-16, 1.0431e-16, 9.3297e-17, 9.1954e-17,
         9.9872e-17, 1.1596e-16, 1.4071e-16, 1.7533e-16, 2.2170e-16, 2.8354e-16,
         3.6690e-16, 4.7606e-16, 6.1803e-16, 7.9856e-16, 1.0066e-15, 1.0717e-15,
         7.5305e-16, 4.6280e-16, 3.2483e-16, 2.6687e-16, 2.2115e-16, 1.7113e-16,
         1.1894e-16, 7.4851e-17, 4.1849e-17, 2.1694e-17, 9.8151e-18, 4.2914e-18,
         1.6564e-18, 6.3004e-19, 2.2428e-19, 7.8865e-20, 2.8619e-20, 1.0114e-20,
         4.1035e-21, 1.6467e-21, 7.2525e-22, 3.1029e-22, 1.1543e-22, 3.7335e-23,
         3.7335e-23, 3.7335e-23, 3.7335e-23, 3.7335e-23, 3.7335e-23, 3.7335e-23,
         3.7335e-23, 3.7335e-23]], dtype=torch.float64), 'xS8aer': tensor([[2.1251e-34, 4.3359e-34, 3.1830e-31, 2.7807e-26, 1.5347e-22, 2.1435e-21,
         4.8627e-21, 5.9252e-21, 6.3526e-21, 3.9392e-22, 5.3513e-27, 1.1509e-28,
         9.5053e-31, 2.8074e-33, 4.6819e-35, 6.5678e-36, 6.3652e-36, 7.6181e-36,
         9.3073e-36, 1.1425e-35, 1.4012e-35, 1.7162e-35, 2.1000e-35, 2.5688e-35,
         3.1518e-35, 3.8829e-35, 4.7917e-35, 5.9244e-35, 7.3397e-35, 9.1124e-35,
         1.1382e-34, 1.4304e-34, 1.8042e-34, 2.2862e-34, 2.9136e-34, 3.7384e-34,
         4.8443e-34, 6.2646e-34, 8.0648e-34, 1.0306e-33, 1.2943e-33, 1.5371e-33,
         1.3939e-33, 4.8011e-34, 1.0000e-40, 1.0000e-40, 1.0000e-40, 1.0000e-40,
         1.0000e-40, 1.0000e-40, 1.0000e-40, 1.0000e-40, 1.0000e-40, 1.0000e-40,
         1.0000e-40, 1.0000e-40, 1.0000e-40, 1.0000e-40, 1.0000e-40, 1.0000e-40,
         1.0000e-40, 1.0000e-40, 1.0000e-40, 1.0000e-40, 1.0000e-40, 1.0000e-40,
         1.0000e-40, 1.0000e-40, 1.0000e-40, 1.0000e-40, 1.0000e-40, 1.0000e-40,
         1.0000e-40, 1.0000e-40, 1.0000e-40, 1.0000e-40, 1.0000e-40, 1.0000e-40,
         1.0000e-40, 1.0000e-40]], dtype=torch.float64)}"
1.8144e+06,222.396,0,"{'pres': tensor([[5.3000e+04, 4.2137e+04, 3.3501e+04, 2.6635e+04, 2.1176e+04, 1.6836e+04,
         1.3385e+04, 1.0642e+04, 8.4606e+03, 6.7265e+03, 5.3479e+03, 4.2518e+03,
         3.3803e+03, 2.6875e+03, 2.1367e+03, 1.6988e+03, 1.3506e+03, 1.0738e+03,
         8.5370e+02, 6.7873e+02, 5.3962e+02, 4.2902e+02, 3.4109e+02, 2.7118e+02,
         2.1560e+02, 1.7141e+02, 1.3628e+02, 1.0835e+02, 8.6141e+01, 6.8485e+01,
         5.4449e+01, 4.3289e+01, 3.4417e+01, 2.7363e+01, 2.1755e+01, 1.7296e+01,
         1.3751e+01, 1.0933e+01, 8.6918e+00, 6.9104e+00, 5.4941e+00, 4.3680e+00,
         3.4728e+00, 2.7610e+00, 2.1951e+00, 1.7452e+00, 1.3875e+00, 1.1031e+00,
         8.7703e-01, 6.9728e-01, 5.5437e-01, 4.4075e-01, 3.5041e-01, 2.7859e-01,
         2.2149e-01, 1.7610e-01, 1.4000e-01, 1.1131e-01, 8.8495e-02, 7.0358e-02,
         5.5937e-02, 4.4473e-02, 3.5358e-02, 2.8111e-02, 2.2349e-02, 1.7769e-02,
         1.4127e-02, 1.1231e-02, 8.9295e-03, 7.0993e-03, 5.6442e-03, 4.4874e-03,
         3.5677e-03, 2.8365e-03, 2.2551e-03, 1.7929e-03, 1.4254e-03, 1.1333e-03,
         9.0101e-04, 7.1634e-04]], dtype=torch.float64), 'temp': tensor([[192.4724, 186.8113, 180.8787, 174.4816, 167.6025, 160.3161, 152.8322,
         145.3914, 138.1687, 131.2501, 124.6664, 118.4034, 112.4806, 106.8029,
         101.4593, 100.0404, 100.0212, 100.0211, 100.0228, 100.0255, 100.0292,
         100.0339, 100.0399, 100.0474, 100.0567, 100.0684, 100.0830, 100.1010,
         100.1234, 100.1511, 100.1858, 100.2301, 100.2870, 100.3602, 100.4547,
         100.5783, 100.7452, 100.9984, 101.3592, 101.7802, 102.3261, 103.0493,
         104.0152, 105.3040, 107.0107, 109.2310, 112.0684, 115.5558, 119.4909,
         123.3797, 126.5167, 128.4583, 129.4755, 130.1587, 130.8136, 131.4011,
         131.9139, 132.3583, 132.7721, 133.1129, 133.4384, 133.7019, 133.9554,
         134.1565, 134.3444, 134.4952, 134.6293, 134.7393, 134.8266, 134.9077,
         134.9652, 135.0195, 135.0533, 135.0863, 135.1099, 135.1276, 135.1436,
         135.1559, 135.1660, 135.1732]], dtype=torch.float64), 'xCO2': tensor([[9.5332e-01, 8.8162e-01, 7.2418e-01, 5.5249e-01, 3.7090e-01, 2.0302e-01,
         9.9417e-02, 4.4193e-02, 1.7600e-02, 6.8421e-03, 2.3334e-03, 7.9703e-04,
         2.3216e-04, 6.5777e-05, 2.1780e-05, 1.4006e-05, 1.4955e-05, 1.8378e-05,
         2.3066e-05, 2.9094e-05, 3.6673e-05, 4.6192e-05, 5.8143e-05, 7.3145e-05,
         9.2287e-05, 1.1679e-04, 1.4775e-04, 1.8692e-04, 2.3651e-04, 2.9944e-04,
         3.8123e-04, 4.8790e-04, 6.2615e-04, 8.0667e-04, 1.0446e-03, 1.3614e-03,
         1.7921e-03, 2.3529e-03, 3.0787e-03, 4.0179e-03, 5.2324e-03, 6.8247e-03,
         8.9426e-03, 1.1698e-02, 1.5278e-02, 1.9913e-02, 2.6217e-02, 3.4436e-02,
         4.5126e-02, 5.9619e-02, 7.8034e-02, 1.0135e-01, 1.2929e-01, 1.6225e-01,
         1.9960e-01, 2.4129e-01, 2.8596e-01, 3.3286e-01, 3.8059e-01, 4.2785e-01,
         4.7373e-01, 5.1709e-01, 5.5739e-01, 5.9421e-01, 6.2713e-01, 6.5658e-01,
         6.8205e-01, 7.0444e-01, 7.2360e-01, 7.4013e-01, 7.5432e-01, 7.6318e-01,
         7.6318e-01, 7.6318e-01, 7.6318e-01, 7.6318e-01, 7.6318e-01, 7.6318e-01,
         7.6318e-01, 7.6318e-01]], dtype=torch.float64), 'xH2O': tensor([[8.1793e-07, 5.0165e-07, 1.9442e-07, 7.1410e-08, 2.1796e-08, 5.4987e-09,
         1.1626e-09, 2.0046e-10, 1.8402e-11, 1.0435e-12, 6.4834e-13, 5.5241e-13,
         4.6236e-13, 2.5808e-13, 1.4884e-13, 1.3375e-13, 1.3266e-13, 1.2827e-13,
         1.2091e-13, 1.1227e-13, 1.0331e-13, 9.4515e-14, 8.6178e-14, 7.8468e-14,
         7.1516e-14, 6.5362e-14, 5.9963e-14, 5.5310e-14, 5.1377e-14, 4.8123e-14,
         4.5562e-14, 4.3660e-14, 4.2381e-14, 4.1754e-14, 4.1851e-14, 4.2780e-14,
         4.4795e-14, 4.8322e-14, 5.4236e-14, 6.3775e-14, 7.9613e-14, 1.0866e-13,
         1.6989e-13, 3.0404e-13, 6.4226e-13, 1.7008e-12, 8.2106e-12, 2.9472e-11,
         5.9735e-11, 9.1972e-11, 1.2538e-10, 1.5798e-10, 1.8784e-10, 2.1207e-10,
         2.2974e-10, 2.3862e-10, 2.3972e-10, 2.3235e-10, 2.1948e-10, 2.0224e-10,
         1.8333e-10, 1.6436e-10, 1.4685e-10, 1.3161e-10, 1.1941e-10, 1.1016e-10,
         1.0461e-10, 1.0234e-10, 1.0393e-10, 1.0954e-10, 1.1950e-10, 1.2961e-10,
         1.2961e-10, 1.2961e-10, 1.2961e-10, 1.2961e-10, 1.2961e-10, 1.2961e-10,
         1.2961e-10, 1.2961e-10]], dtype=torch.float64), 'xSO2': tensor([[1.6291e-02, 1.2551e-02, 7.7728e-03, 4.4847e-03, 2.2502e-03, 9.6855e-04,
         3.5999e-04, 1.1526e-04, 3.0630e-05, 8.0740e-06, 1.6489e-06, 3.5405e-07,
         5.6295e-08, 8.5124e-09, 1.6040e-09, 7.1457e-10, 6.8264e-10, 8.1833e-10,
         1.0189e-09, 1.2816e-09, 1.6142e-09, 2.0333e-09, 2.5609e-09, 3.2246e-09,
         4.0735e-09, 5.1636e-09, 6.5462e-09, 8.3025e-09, 1.0538e-08, 1.3394e-08,
         1.7141e-08, 2.2089e-08, 2.8600e-08, 3.7264e-08, 4.8960e-08, 6.5082e-08,
         8.9437e-08, 1.2816e-07, 1.9034e-07, 2.9031e-07, 4.4340e-07, 6.5165e-07,
         9.3804e-07, 1.3257e-06, 1.8507e-06, 2.5583e-06, 3.5658e-06, 4.9357e-06,
         6.8001e-06, 9.5047e-06, 1.3164e-05, 1.8158e-05, 2.4466e-05, 3.2177e-05,
         4.0999e-05, 5.0694e-05, 6.0681e-05, 7.0199e-05, 7.8607e-05, 8.4843e-05,
         8.8544e-05, 8.9097e-05, 8.6602e-05, 8.1432e-05, 7.4150e-05, 6.5746e-05,
         5.6982e-05, 4.8628e-05, 4.1267e-05, 3.5238e-05, 3.0719e-05, 2.8488e-05,
         2.8488e-05, 2.8488e-05, 2.8488e-05, 2.8488e-05, 2.8488e-05, 2.8488e-05,
         2.8488e-05, 2.8488e-05]], dtype=torch.float64), 'xH2SO4aer': tensor([[6.9944e-08, 7.8617e-08, 9.7150e-08, 1.1711e-07, 1.4208e-07, 1.7544e-07,
         2.5313e-07, 7.9311e-07, 9.6926e-07, 7.1978e-08, 4.8316e-10, 7.7963e-11,
         2.8316e-12, 9.5824e-15, 1.7712e-16, 8.0996e-17, 8.3982e-17, 9.6908e-17,
         1.1361e-16, 1.3394e-16, 1.5832e-16, 1.8758e-16, 2.2267e-16, 2.6417e-16,
         3.0974e-16, 3.4808e-16, 3.6395e-16, 3.4900e-16, 3.0773e-16, 2.5308e-16,
         1.9903e-16, 1.5476e-16, 1.2265e-16, 1.0247e-16, 9.2919e-17, 9.2742e-17,
         1.0171e-16, 1.1881e-16, 1.4469e-16, 1.8062e-16, 2.2860e-16, 2.9258e-16,
         3.7863e-16, 4.9124e-16, 6.3757e-16, 8.2339e-16, 1.0347e-15, 1.0878e-15,
         7.5568e-16, 4.6930e-16, 3.3276e-16, 2.7506e-16, 2.2784e-16, 1.7583e-16,
         1.2184e-16, 7.6563e-17, 4.2676e-17, 2.2132e-17, 1.0030e-17, 4.3733e-18,
         1.6942e-18, 6.4208e-19, 2.2982e-19, 8.0461e-20, 2.9404e-20, 1.0366e-20,
         4.2302e-21, 1.7058e-21, 7.4979e-22, 3.2188e-22, 1.1905e-22, 3.9459e-23,
         3.9459e-23, 3.9459e-23, 3.9459e-23, 3.9459e-23, 3.9459e-23, 3.9459e-23,
         3.9459e-23, 3.9459e-23]], dtype=torch.float64), 'xS8aer': tensor([[2.1254e-34, 4.3373e-34, 3.3246e-31, 2.8449e-26, 1.5427e-22, 2.1475e-21,
         4.8993e-21, 5.9734e-21, 6.2782e-21, 3.7995e-22, 5.4941e-27, 1.1815e-28,
         9.5644e-31, 2.9065e-33, 4.8054e-35, 6.5535e-36, 6.3170e-36, 7.5574e-36,
         9.2357e-36, 1.1342e-35, 1.3917e-35, 1.7054e-35, 2.0877e-35, 2.5546e-35,
         3.1353e-35, 3.8629e-35, 4.7670e-35, 5.8940e-35, 7.3024e-35, 9.0668e-35,
         1.1329e-34, 1.4239e-34, 1.7963e-34, 2.2767e-34, 2.9023e-34, 3.7252e-34,
         4.8289e-34, 6.2445e-34, 8.0372e-34, 1.0264e-33, 1.2870e-33, 1.5185e-33,
         1.3356e-33, 4.2720e-34, 1.0000e-40, 1.0000e-40, 1.0000e-40, 1.0000e-40,
         1.0000e-40, 1.0000e-40, 1.0000e-40, 1.0000e-40, 1.0000e-40, 1.0000e-40,
         1.0000e-40, 1.0000e-40, 1.0000e-40, 1.0000e-40, 1.0000e-40, 1.0000e-40,
         1.0000e-40, 1.0000e-40, 1.0000e-40, 1.0000e-40, 1.0000e-40, 1.0000e-40,
         1.0000e-40, 1.0000e-40, 1.0000e-40, 1.0000e-40, 1.0000e-40, 1.0000e-40,
         1.0000e-40, 1.0000e-40, 1.0000e-40, 1.0000e-40, 1.0000e-40, 1.0000e-40,
         1.0000e-40, 1.0000e-40]], dtype=torch.float64)}"
1.836e+06,222.404,0,"{'pres': tensor([[5.3000e+04, 4.2137e+04, 3.3501e+04, 2.6635e+04, 2.1176e+04, 1.6836e+04,
         1.3385e+04, 1.0642e+04, 8.4606e+03, 6.7265e+03, 5.3479e+03, 4.2518e+03,
         3.3803e+03, 2.6875e+03, 2.1367e+03, 1.6988e+03, 1.3506e+03, 1.0738e+03,
         8.5370e+02, 6.7873e+02, 5.3962e+02, 4.2902e+02, 3.4109e+02, 2.7118e+02,
         2.1560e+02, 1.7141e+02, 1.3628e+02, 1.0835e+02, 8.6141e+01, 6.8485e+01,
         5.4449e+01, 4.3289e+01, 3.4417e+01, 2.7363e+01, 2.1755e+01, 1.7296e+01,
         1.3751e+01, 1.0933e+01, 8.6918e+00, 6.9104e+00, 5.4941e+00, 4.3680e+00,
         3.4728e+00, 2.7610e+00, 2.1951e+00, 1.7452e+00, 1.3875e+00, 1.1031e+00,
         8.7703e-01, 6.9728e-01, 5.5437e-01, 4.4075e-01, 3.5041e-01, 2.7859e-01,
         2.2149e-01, 1.7610e-01, 1.4000e-01, 1.1131e-01, 8.8495e-02, 7.0358e-02,
         5.5937e-02, 4.4473e-02, 3.5358e-02, 2.8111e-02, 2.2349e-02, 1.7769e-02,
         1.4127e-02, 1.1231e-02, 8.9295e-03, 7.0993e-03, 5.6442e-03, 4.4874e-03,
         3.5677e-03, 2.8365e-03, 2.2551e-03, 1.7929e-03, 1.4254e-03, 1.1333e-03,
         9.0101e-04, 7.1634e-04]], dtype=torch.float64), 'temp': tensor([[192.4905, 186.8318, 180.9020, 174.5082, 167.6323, 160.3482, 152.8650,
         145.4238, 138.2000, 131.2800, 124.6948, 118.4304, 112.5062, 106.8273,
         101.4824, 100.0409, 100.0213, 100.0212, 100.0229, 100.0256, 100.0293,
         100.0341, 100.0402, 100.0477, 100.0571, 100.0689, 100.0837, 100.1019,
         100.1244, 100.1525, 100.1876, 100.2324, 100.2900, 100.3641, 100.4599,
         100.5852, 100.7544, 101.0108, 101.3759, 101.8028, 102.3567, 103.0905,
         104.0706, 105.3778, 107.1076, 109.3552, 112.2234, 115.7369, 119.6792,
         123.5454, 126.6295, 128.5172, 129.5066, 130.1847, 130.8378, 131.4208,
         131.9304, 132.3724, 132.7843, 133.1234, 133.4470, 133.7099, 133.9621,
         134.1624, 134.3495, 134.4997, 134.6333, 134.7428, 134.8297, 134.9104,
         134.9676, 135.0216, 135.0553, 135.0881, 135.1117, 135.1291, 135.1452,
         135.1574, 135.1675, 135.1746]], dtype=torch.float64), 'xCO2': tensor([[9.5340e-01, 8.8187e-01, 7.2474e-01, 5.5335e-01, 3.7204e-01, 2.0380e-01,
         9.9847e-02, 4.4407e-02, 1.7696e-02, 6.8787e-03, 2.3483e-03, 8.0191e-04,
         2.3334e-04, 6.6304e-05, 2.1933e-05, 1.4033e-05, 1.4958e-05, 1.8378e-05,
         2.3069e-05, 2.9097e-05, 3.6676e-05, 4.6195e-05, 5.8145e-05, 7.3148e-05,
         9.2307e-05, 1.1682e-04, 1.4779e-04, 1.8697e-04, 2.3659e-04, 2.9956e-04,
         3.8150e-04, 4.8830e-04, 6.2679e-04, 8.0771e-04, 1.0463e-03, 1.3642e-03,
         1.7966e-03, 2.3591e-03, 3.0871e-03, 4.0289e-03, 5.2465e-03, 6.8442e-03,
         8.9665e-03, 1.1726e-02, 1.5311e-02, 1.9958e-02, 2.6267e-02, 3.4489e-02,
         4.5200e-02, 5.9684e-02, 7.8068e-02, 1.0133e-01, 1.2915e-01, 1.6197e-01,
         1.9911e-01, 2.4058e-01, 2.8499e-01, 3.3163e-01, 3.7908e-01, 4.2609e-01,
         4.7172e-01, 5.1487e-01, 5.5496e-01, 5.9164e-01, 6.2440e-01, 6.5371e-01,
         6.7909e-01, 7.0136e-01, 7.2045e-01, 7.3689e-01, 7.5100e-01, 7.5964e-01,
         7.5964e-01, 7.5964e-01, 7.5964e-01, 7.5964e-01, 7.5964e-01, 7.5964e-01,
         7.5964e-01, 7.5964e-01]], dtype=torch.float64), 'xH2O': tensor([[8.2044e-07, 5.0335e-07, 1.9525e-07, 7.1782e-08, 2.1932e-08, 5.5381e-09,
         1.1720e-09, 2.0237e-10, 1.8902e-11, 1.0602e-12, 6.4831e-13, 5.5287e-13,
         4.6404e-13, 2.5975e-13, 1.4970e-13, 1.3431e-13, 1.3331e-13, 1.2903e-13,
         1.2174e-13, 1.1316e-13, 1.0425e-13, 9.5477e-14, 8.7150e-14, 7.9436e-14,
         7.2475e-14, 6.6301e-14, 6.0876e-14, 5.6192e-14, 5.2225e-14, 4.8936e-14,
         4.6344e-14, 4.4412e-14, 4.3109e-14, 4.2465e-14, 4.2552e-14, 4.3482e-14,
         4.5510e-14, 4.9066e-14, 5.5054e-14, 6.4756e-14, 8.0934e-14, 1.1088e-13,
         1.7414e-13, 3.1349e-13, 6.6747e-13, 1.8130e-12, 8.7805e-12, 3.0752e-11,
         6.1421e-11, 9.4101e-11, 1.2796e-10, 1.6090e-10, 1.9104e-10, 2.1539e-10,
         2.3315e-10, 2.4194e-10, 2.4298e-10, 2.3541e-10, 2.2232e-10, 2.0490e-10,
         1.8578e-10, 1.6662e-10, 1.4895e-10, 1.3356e-10, 1.2127e-10, 1.1197e-10,
         1.0638e-10, 1.0417e-10, 1.0585e-10, 1.1165e-10, 1.2185e-10, 1.3197e-10,
         1.3197e-10, 1.3197e-10, 1.3197e-10, 1.3197e-10, 1.3197e-10, 1.3197e-10,
         1.3197e-10, 1.3197e-10]], dtype=torch.float64), 'xSO2': tensor([[1.6322e-02, 1.2578e-02, 7.7939e-03, 4.4999e-03, 2.2596e-03, 9.7330e-04,
         3.6201e-04, 1.1601e-04, 3.0863e-05, 8.1324e-06, 1.6641e-06, 3.5712e-07,
         5.6619e-08, 8.6154e-09, 1.6212e-09, 7.1679e-10, 6.8281e-10, 8.1826e-10,
         1.0190e-09, 1.2816e-09, 1.6141e-09, 2.0333e-09, 2.5608e-09, 3.2245e-09,
         4.0743e-09, 5.1647e-09, 6.5478e-09, 8.3050e-09, 1.0543e-08, 1.3401e-08,
         1.7157e-08, 2.2114e-08, 2.8642e-08, 3.7333e-08, 4.9077e-08, 6.5284e-08,
         8.9862e-08, 1.2896e-07, 1.9189e-07, 2.9327e-07, 4.4787e-07, 6.5824e-07,
         9.4724e-07, 1.3383e-06, 1.8674e-06, 2.5815e-06, 3.5957e-06, 4.9734e-06,
         6.8515e-06, 9.5676e-06, 1.3235e-05, 1.8236e-05, 2.4526e-05, 3.2208e-05,
         4.0969e-05, 5.0590e-05, 6.0484e-05, 6.9895e-05, 7.8187e-05, 8.4340e-05,
         8.7951e-05, 8.8472e-05, 8.5949e-05, 8.0806e-05, 7.3557e-05, 6.5212e-05,
         5.6518e-05, 4.8240e-05, 4.0942e-05, 3.4980e-05, 3.0504e-05, 2.8345e-05,
         2.8345e-05, 2.8345e-05, 2.8345e-05, 2.8345e-05, 2.8345e-05, 2.8345e-05,
         2.8345e-05, 2.8345e-05]], dtype=torch.float64), 'xH2SO4aer': tensor([[6.9946e-08, 7.8620e-08, 9.7156e-08, 1.1713e-07, 1.4211e-07, 1.7554e-07,
         2.5405e-07, 7.9867e-07, 9.5955e-07, 6.9690e-08, 4.8711e-10, 7.8981e-11,
         2.8424e-12, 9.9781e-15, 1.7405e-16, 7.6185e-17, 7.8540e-17, 9.0389e-17,
         1.0572e-16, 1.2435e-16, 1.4664e-16, 1.7334e-16, 2.0531e-16, 2.4311e-16,
         2.8483e-16, 3.2059e-16, 3.3657e-16, 3.2463e-16, 2.8820e-16, 2.3881e-16,
         1.8939e-16, 1.4867e-16, 1.1918e-16, 1.0089e-16, 9.2762e-17, 9.3729e-17,
         1.0374e-16, 1.2188e-16, 1.4892e-16, 1.8623e-16, 2.3589e-16, 3.0211e-16,
         3.9100e-16, 5.0724e-16, 6.5815e-16, 8.4969e-16, 1.0643e-15, 1.1044e-15,
         7.5963e-16, 4.7599e-16, 3.4084e-16, 2.8336e-16, 2.3458e-16, 1.8053e-16,
         1.2474e-16, 7.8268e-17, 4.3493e-17, 2.2566e-17, 1.0243e-17, 4.4538e-18,
         1.7317e-18, 6.5388e-19, 2.3534e-19, 8.2027e-20, 3.0192e-20, 1.0698e-20,
         4.3583e-21, 1.7660e-21, 7.7473e-22, 3.3372e-22, 1.2269e-22, 4.1665e-23,
         4.1665e-23, 4.1665e-23, 4.1665e-23, 4.1665e-23, 4.1665e-23, 4.1665e-23,
         4.1665e-23, 4.1665e-23]], dtype=torch.float64), 'xS8aer': tensor([[2.1256e-34, 4.3387e-34, 3.4708e-31, 2.9098e-26, 1.5507e-22, 2.1514e-21,
         4.9362e-21, 6.0211e-21, 6.2046e-21, 3.6652e-22, 5.6413e-27, 1.2128e-28,
         9.6149e-31, 3.0090e-33, 4.9319e-35, 6.5356e-36, 6.2648e-36, 7.4908e-36,
         9.1549e-36, 1.1244e-35, 1.3802e-35, 1.6922e-35, 2.0725e-35, 2.5369e-35,
         3.1148e-35, 3.8382e-35, 4.7370e-35, 5.8571e-35, 7.2570e-35, 9.0110e-35,
         1.1262e-34, 1.4157e-34, 1.7864e-34, 2.2646e-34, 2.8877e-34, 3.7076e-34,
         4.8078e-34, 6.2171e-34, 7.9999e-34, 1.0210e-33, 1.2779e-33, 1.4971e-33,
         1.2719e-33, 3.7237e-34, 1.0000e-40, 1.0000e-40, 1.0000e-40, 1.0000e-40,
         1.0000e-40, 1.0000e-40, 1.0000e-40, 1.0000e-40, 1.0000e-40, 1.0000e-40,
         1.0000e-40, 1.0000e-40, 1.0000e-40, 1.0000e-40, 1.0000e-40, 1.0000e-40,
         1.0000e-40, 1.0000e-40, 1.0000e-40, 1.0000e-40, 1.0000e-40, 1.0000e-40,
         1.0000e-40, 1.0000e-40, 1.0000e-40, 1.0000e-40, 1.0000e-40, 1.0000e-40,
         1.0000e-40, 1.0000e-40, 1.0000e-40, 1.0000e-40, 1.0000e-40, 1.0000e-40,
         1.0000e-40, 1.0000e-40]], dtype=torch.float64)}"
1.8576e+06,222.412,0,"{'pres': tensor([[5.3000e+04, 4.2137e+04, 3.3501e+04, 2.6635e+04, 2.1176e+04, 1.6836e+04,
         1.3385e+04, 1.0642e+04, 8.4606e+03, 6.7265e+03, 5.3479e+03, 4.2518e+03,
         3.3803e+03, 2.6875e+03, 2.1367e+03, 1.6988e+03, 1.3506e+03, 1.0738e+03,
         8.5370e+02, 6.7873e+02, 5.3962e+02, 4.2902e+02, 3.4109e+02, 2.7118e+02,
         2.1560e+02, 1.7141e+02, 1.3628e+02, 1.0835e+02, 8.6141e+01, 6.8485e+01,
         5.4449e+01, 4.3289e+01, 3.4417e+01, 2.7363e+01, 2.1755e+01, 1.7296e+01,
         1.3751e+01, 1.0933e+01, 8.6918e+00, 6.9104e+00, 5.4941e+00, 4.3680e+00,
         3.4728e+00, 2.7610e+00, 2.1951e+00, 1.7452e+00, 1.3875e+00, 1.1031e+00,
         8.7703e-01, 6.9728e-01, 5.5437e-01, 4.4075e-01, 3.5041e-01, 2.7859e-01,
         2.2149e-01, 1.7610e-01, 1.4000e-01, 1.1131e-01, 8.8495e-02, 7.0358e-02,
         5.5937e-02, 4.4473e-02, 3.5358e-02, 2.8111e-02, 2.2349e-02, 1.7769e-02,
         1.4127e-02, 1.1231e-02, 8.9295e-03, 7.0993e-03, 5.6442e-03, 4.4874e-03,
         3.5677e-03, 2.8365e-03, 2.2551e-03, 1.7929e-03, 1.4254e-03, 1.1333e-03,
         9.0101e-04, 7.1634e-04]], dtype=torch.float64), 'temp': tensor([[192.5087, 186.8522, 180.9253, 174.5348, 167.6621, 160.3802, 152.8979,
         145.4562, 138.2312, 131.3099, 124.7232, 118.4574, 112.5319, 106.8516,
         101.5055, 100.0415, 100.0213, 100.0213, 100.0230, 100.0258, 100.0295,
         100.0343, 100.0404, 100.0481, 100.0576, 100.0695, 100.0843, 100.1027,
         100.1255, 100.1539, 100.1894, 100.2348, 100.2931, 100.3680, 100.4651,
         100.5921, 100.7637, 101.0233, 101.3928, 101.8256, 102.3875, 103.1319,
         104.1262, 105.4518, 107.2047, 109.4796, 112.3782, 115.9168, 119.8652,
         123.7074, 126.7383, 128.5735, 129.5368, 130.2105, 130.8616, 131.4401,
         131.9466, 132.3864, 132.7963, 133.1337, 133.4556, 133.7177, 133.9687,
         134.1681, 134.3546, 134.5041, 134.6371, 134.7461, 134.8326, 134.9130,
         134.9700, 135.0237, 135.0572, 135.0897, 135.1134, 135.1306, 135.1467,
         135.1587, 135.1688, 135.1759]], dtype=torch.float64), 'xCO2': tensor([[9.5349e-01, 8.8211e-01, 7.2531e-01, 5.5420e-01, 3.7316e-01, 2.0458e-01,
         1.0028e-01, 4.4622e-02, 1.7793e-02, 6.9155e-03, 2.3633e-03, 8.0681e-04,
         2.3452e-04, 6.6834e-05, 2.2087e-05, 1.4059e-05, 1.4960e-05, 1.8377e-05,
         2.3071e-05, 2.9099e-05, 3.6678e-05, 4.6197e-05, 5.8147e-05, 7.3150e-05,
         9.2327e-05, 1.1684e-04, 1.4782e-04, 1.8702e-04, 2.3666e-04, 2.9967e-04,
         3.8176e-04, 4.8871e-04, 6.2744e-04, 8.0876e-04, 1.0480e-03, 1.3670e-03,
         1.8011e-03, 2.3652e-03, 3.0954e-03, 4.0397e-03, 5.2603e-03, 6.8636e-03,
         8.9901e-03, 1.1754e-02, 1.5343e-02, 2.0002e-02, 2.6317e-02, 3.4541e-02,
         4.5277e-02, 5.9747e-02, 7.8098e-02, 1.0131e-01, 1.2899e-01, 1.6169e-01,
         1.9862e-01, 2.3987e-01, 2.8404e-01, 3.3040e-01, 3.7758e-01, 4.2433e-01,
         4.6971e-01, 5.1266e-01, 5.5255e-01, 5.8907e-01, 6.2167e-01, 6.5084e-01,
         6.7612e-01, 6.9828e-01, 7.1729e-01, 7.3364e-01, 7.4769e-01, 7.5609e-01,
         7.5609e-01, 7.5609e-01, 7.5609e-01, 7.5609e-01, 7.5609e-01, 7.5609e-01,
         7.5609e-01, 7.5609e-01]], dtype=torch.float64), 'xH2O': tensor([[8.2296e-07, 5.0505e-07, 1.9609e-07, 7.2157e-08, 2.2068e-08, 5.5777e-09,
         1.1815e-09, 2.0430e-10, 1.9414e-11, 1.0772e-12, 6.4826e-13, 5.5330e-13,
         4.6570e-13, 2.6141e-13, 1.5055e-13, 1.3487e-13, 1.3395e-13, 1.2978e-13,
         1.2257e-13, 1.1405e-13, 1.0518e-13, 9.6431e-14, 8.8114e-14, 8.0399e-14,
         7.3428e-14, 6.7236e-14, 6.1786e-14, 5.7072e-14, 5.3072e-14, 4.9749e-14,
         4.7127e-14, 4.5167e-14, 4.3840e-14, 4.3179e-14, 4.3258e-14, 4.4188e-14,
         4.6230e-14, 4.9815e-14, 5.5878e-14, 6.5747e-14, 8.2273e-14, 1.1315e-13,
         1.7850e-13, 3.2324e-13, 6.9368e-13, 1.9326e-12, 9.3846e-12, 3.2070e-11,
         6.3135e-11, 9.6247e-11, 1.3056e-10, 1.6383e-10, 1.9425e-10, 2.1871e-10,
         2.3656e-10, 2.4527e-10, 2.4616e-10, 2.3846e-10, 2.2517e-10, 2.0756e-10,
         1.8824e-10, 1.6889e-10, 1.5107e-10, 1.3551e-10, 1.2314e-10, 1.1379e-10,
         1.0818e-10, 1.0602e-10, 1.0780e-10, 1.1380e-10, 1.2424e-10, 1.3438e-10,
         1.3438e-10, 1.3438e-10, 1.3438e-10, 1.3438e-10, 1.3438e-10, 1.3438e-10,
         1.3438e-10, 1.3438e-10]], dtype=torch.float64), 'xSO2': tensor([[1.6353e-02, 1.2605e-02, 7.8151e-03, 4.5152e-03, 2.2690e-03, 9.7808e-04,
         3.6405e-04, 1.1676e-04, 3.1096e-05, 8.1912e-06, 1.6794e-06, 3.6020e-07,
         5.6940e-08, 8.7195e-09, 1.6385e-09, 7.1900e-10, 6.8297e-10, 8.1818e-10,
         1.0190e-09, 1.2816e-09, 1.6141e-09, 2.0332e-09, 2.5607e-09, 3.2244e-09,
         4.0750e-09, 5.1658e-09, 6.5495e-09, 8.3076e-09, 1.0547e-08, 1.3408e-08,
         1.7172e-08, 2.2140e-08, 2.8683e-08, 3.7402e-08, 4.9194e-08, 6.5487e-08,
         9.0292e-08, 1.2977e-07, 1.9345e-07, 2.9626e-07, 4.5237e-07, 6.6485e-07,
         9.5644e-07, 1.3508e-06, 1.8840e-06, 2.6046e-06, 3.6253e-06, 5.0106e-06,
         6.9032e-06, 9.6292e-06, 1.3305e-05, 1.8312e-05, 2.4583e-05, 3.2234e-05,
         4.0936e-05, 5.0482e-05, 6.0279e-05, 6.9589e-05, 7.7765e-05, 8.3835e-05,
         8.7358e-05, 8.7847e-05, 8.5296e-05, 8.0179e-05, 7.2964e-05, 6.4677e-05,
         5.6054e-05, 4.7850e-05, 4.0615e-05, 3.4719e-05, 3.0286e-05, 2.8199e-05,
         2.8199e-05, 2.8199e-05, 2.8199e-05, 2.8199e-05, 2.8199e-05, 2.8199e-05,
         2.8199e-05, 2.8199e-05]], dtype=torch.float64), 'xH2SO4aer': tensor([[6.9948e-08, 7.8624e-08, 9.7162e-08, 1.1714e-07, 1.4214e-07, 1.7564e-07,
         2.5497e-07, 8.0415e-07, 9.4990e-07, 6.7484e-08, 4.9108e-10, 8.0007e-11,
         2.8519e-12, 1.0394e-14, 1.7175e-16, 7.1913e-17, 7.3700e-17, 8.4591e-17,
         9.8704e-17, 1.1581e-16, 1.3623e-16, 1.6065e-16, 1.8985e-16, 2.2433e-16,
         2.6256e-16, 2.9589e-16, 3.1180e-16, 3.0243e-16, 2.7030e-16, 2.2568e-16,
         1.8051e-16, 1.4310e-16, 1.1607e-16, 9.9588e-17, 9.2821e-17, 9.4911e-17,
         1.0597e-16, 1.2518e-16, 1.5341e-16, 1.9214e-16, 2.4357e-16, 3.1214e-16,
         4.0400e-16, 5.2406e-16, 6.7980e-16, 8.7735e-16, 1.0952e-15, 1.1213e-15,
         7.6420e-16, 4.8287e-16, 3.4909e-16, 2.9175e-16, 2.4138e-16, 1.8525e-16,
         1.2763e-16, 7.9970e-17, 4.4424e-17, 2.2994e-17, 1.0455e-17, 4.5327e-18,
         1.7689e-18, 6.6541e-19, 2.4083e-19, 8.3560e-20, 3.0980e-20, 1.1035e-20,
         4.4874e-21, 1.8274e-21, 8.0003e-22, 3.4578e-22, 1.2634e-22, 4.3954e-23,
         4.3954e-23, 4.3954e-23, 4.3954e-23, 4.3954e-23, 4.3954e-23, 4.3954e-23,
         4.3954e-23, 4.3954e-23]], dtype=torch.float64), 'xS8aer': tensor([[2.1259e-34, 4.3402e-34, 3.6217e-31, 2.9754e-26, 1.5586e-22, 2.1552e-21,
         4.9732e-21, 6.0682e-21, 6.1317e-21, 3.5362e-22, 5.7930e-27, 1.2448e-28,
         9.6560e-31, 3.1150e-33, 5.0614e-35, 6.5252e-36, 6.2249e-36, 7.4375e-36,
         9.0825e-36, 1.1145e-35, 1.3672e-35, 1.6759e-35, 2.0528e-35, 2.5140e-35,
         3.0890e-35, 3.8085e-35, 4.7022e-35, 5.8156e-35, 7.2063e-35, 8.9485e-35,
         1.1187e-34, 1.4063e-34, 1.7747e-34, 2.2502e-34, 2.8702e-34, 3.6863e-34,
         4.7817e-34, 6.1830e-34, 7.9538e-34, 1.0144e-33, 1.2672e-33, 1.4730e-33,
         1.2027e-33, 3.1566e-34, 1.0000e-40, 1.0000e-40, 1.0000e-40, 1.0000e-40,
         1.0000e-40, 1.0000e-40, 1.0000e-40, 1.0000e-40, 1.0000e-40, 1.0000e-40,
         1.0000e-40, 1.0000e-40, 1.0000e-40, 1.0000e-40, 1.0000e-40, 1.0000e-40,
         1.0000e-40, 1.0000e-40, 1.0000e-40, 1.0000e-40, 1.0000e-40, 1.0000e-40,
         1.0000e-40, 1.0000e-40, 1.0000e-40, 1.0000e-40, 1.0000e-40, 1.0000e-40,
         1.0000e-40, 1.0000e-40, 1.0000e-40, 1.0000e-40, 1.0000e-40, 1.0000e-40,
         1.0000e-40, 1.0000e-40]], dtype=torch.float64)}"
1.8792e+06,222.42,0,"{'pres': tensor([[5.3000e+04, 4.2137e+04, 3.3501e+04, 2.6635e+04, 2.1176e+04, 1.6836e+04,
         1.3385e+04, 1.0642e+04, 8.4606e+03, 6.7265e+03, 5.3479e+03, 4.2518e+03,
         3.3803e+03, 2.6875e+03, 2.1367e+03, 1.6988e+03, 1.3506e+03, 1.0738e+03,
         8.5370e+02, 6.7873e+02, 5.3962e+02, 4.2902e+02, 3.4109e+02, 2.7118e+02,
         2.1560e+02, 1.7141e+02, 1.3628e+02, 1.0835e+02, 8.6141e+01, 6.8485e+01,
         5.4449e+01, 4.3289e+01, 3.4417e+01, 2.7363e+01, 2.1755e+01, 1.7296e+01,
         1.3751e+01, 1.0933e+01, 8.6918e+00, 6.9104e+00, 5.4941e+00, 4.3680e+00,
         3.4728e+00, 2.7610e+00, 2.1951e+00, 1.7452e+00, 1.3875e+00, 1.1031e+00,
         8.7703e-01, 6.9728e-01, 5.5437e-01, 4.4075e-01, 3.5041e-01, 2.7859e-01,
         2.2149e-01, 1.7610e-01, 1.4000e-01, 1.1131e-01, 8.8495e-02, 7.0358e-02,
         5.5937e-02, 4.4473e-02, 3.5358e-02, 2.8111e-02, 2.2349e-02, 1.7769e-02,
         1.4127e-02, 1.1231e-02, 8.9295e-03, 7.0993e-03, 5.6442e-03, 4.4874e-03,
         3.5677e-03, 2.8365e-03, 2.2551e-03, 1.7929e-03, 1.4254e-03, 1.1333e-03,
         9.0101e-04, 7.1634e-04]], dtype=torch.float64), 'temp': tensor([[192.5268, 186.8727, 180.9485, 174.5614, 167.6919, 160.4123, 152.9307,
         145.4886, 138.2625, 131.3398, 124.7517, 118.4845, 112.5575, 106.8760,
         101.5287, 100.0420, 100.0214, 100.0214, 100.0231, 100.0259, 100.0296,
         100.0345, 100.0407, 100.0484, 100.0580, 100.0700, 100.0850, 100.1036,
         100.1266, 100.1552, 100.1912, 100.2371, 100.2961, 100.3720, 100.4703,
         100.5990, 100.7730, 101.0359, 101.4096, 101.8484, 102.4183, 103.1735,
         104.1820, 105.5261, 107.3020, 109.6041, 112.5327, 116.0956, 120.0488,
         123.8657, 126.8434, 128.6275, 129.5662, 130.2360, 130.8850, 131.4591,
         131.9626, 132.4002, 132.8081, 133.1440, 133.4641, 133.7254, 133.9752,
         134.1738, 134.3595, 134.5084, 134.6408, 134.7494, 134.8355, 134.9156,
         134.9723, 135.0257, 135.0590, 135.0914, 135.1150, 135.1319, 135.1481,
         135.1600, 135.1701, 135.1772]], dtype=torch.float64), 'xCO2': tensor([[9.5357e-01, 8.8235e-01, 7.2587e-01, 5.5506e-01, 3.7424e-01, 2.0537e-01,
         1.0071e-01, 4.4838e-02, 1.7890e-02, 6.9525e-03, 2.3784e-03, 8.1173e-04,
         2.3570e-04, 6.7367e-05, 2.2241e-05, 1.4086e-05, 1.4962e-05, 1.8376e-05,
         2.3074e-05, 2.9102e-05, 3.6681e-05, 4.6199e-05, 5.8150e-05, 7.3153e-05,
         9.2348e-05, 1.1687e-04, 1.4786e-04, 1.8707e-04, 2.3673e-04, 2.9978e-04,
         3.8202e-04, 4.8912e-04, 6.2809e-04, 8.0980e-04, 1.0498e-03, 1.3698e-03,
         1.8056e-03, 2.3714e-03, 3.1036e-03, 4.0505e-03, 5.2741e-03, 6.8827e-03,
         9.0134e-03, 1.1782e-02, 1.5375e-02, 2.0046e-02, 2.6365e-02, 3.4593e-02,
         4.5351e-02, 5.9806e-02, 7.8125e-02, 1.0128e-01, 1.2884e-01, 1.6140e-01,
         1.9812e-01, 2.3917e-01, 2.8308e-01, 3.2917e-01, 3.7607e-01, 4.2258e-01,
         4.6770e-01, 5.1045e-01, 5.5013e-01, 5.8651e-01, 6.1894e-01, 6.4797e-01,
         6.7316e-01, 6.9520e-01, 7.1413e-01, 7.3038e-01, 7.4436e-01, 7.5254e-01,
         7.5254e-01, 7.5254e-01, 7.5254e-01, 7.5254e-01, 7.5254e-01, 7.5254e-01,
         7.5254e-01, 7.5254e-01]], dtype=torch.float64), 'xH2O': tensor([[8.2548e-07, 5.0675e-07, 1.9693e-07, 7.2533e-08, 2.2205e-08, 5.6175e-09,
         1.1911e-09, 2.0624e-10, 1.9940e-11, 1.0945e-12, 6.4818e-13, 5.5371e-13,
         4.6733e-13, 2.6307e-13, 1.5140e-13, 1.3541e-13, 1.3458e-13, 1.3052e-13,
         1.2339e-13, 1.1493e-13, 1.0610e-13, 9.7379e-14, 8.9073e-14, 8.1357e-14,
         7.4377e-14, 6.8166e-14, 6.2693e-14, 5.7951e-14, 5.3918e-14, 5.0562e-14,
         4.7911e-14, 4.5924e-14, 4.4574e-14, 4.3897e-14, 4.3968e-14, 4.4900e-14,
         4.6956e-14, 5.0570e-14, 5.6709e-14, 6.6748e-14, 8.3629e-14, 1.1546e-13,
         1.8297e-13, 3.3329e-13, 7.2094e-13, 2.0601e-12, 1.0024e-11, 3.3428e-11,
         6.4879e-11, 9.8411e-11, 1.3316e-10, 1.6676e-10, 1.9746e-10, 2.2204e-10,
         2.3997e-10, 2.4860e-10, 2.4934e-10, 2.4152e-10, 2.2802e-10, 2.1022e-10,
         1.9071e-10, 1.7117e-10, 1.5318e-10, 1.3748e-10, 1.2502e-10, 1.1563e-10,
         1.1000e-10, 1.0791e-10, 1.0977e-10, 1.1598e-10, 1.2666e-10, 1.3682e-10,
         1.3682e-10, 1.3682e-10, 1.3682e-10, 1.3682e-10, 1.3682e-10, 1.3682e-10,
         1.3682e-10, 1.3682e-10]], dtype=torch.float64), 'xSO2': tensor([[1.6384e-02, 1.2631e-02, 7.8364e-03, 4.5304e-03, 2.2784e-03, 9.8287e-04,
         3.6609e-04, 1.1751e-04, 3.1331e-05, 8.2504e-06, 1.6949e-06, 3.6330e-07,
         5.7260e-08, 8.8247e-09, 1.6560e-09, 7.2121e-10, 6.8314e-10, 8.1812e-10,
         1.0191e-09, 1.2817e-09, 1.6141e-09, 2.0332e-09, 2.5607e-09, 3.2244e-09,
         4.0758e-09, 5.1669e-09, 6.5511e-09, 8.3102e-09, 1.0551e-08, 1.3415e-08,
         1.7188e-08, 2.2165e-08, 2.8725e-08, 3.7472e-08, 4.9313e-08, 6.5692e-08,
         9.0724e-08, 1.3058e-07, 1.9503e-07, 2.9929e-07, 4.5689e-07, 6.7147e-07,
         9.6563e-07, 1.3633e-06, 1.9005e-06, 2.6275e-06, 3.6545e-06, 5.0473e-06,
         6.9542e-06, 9.6896e-06, 1.3373e-05, 1.8386e-05, 2.4635e-05, 3.2256e-05,
         4.0898e-05, 5.0370e-05, 6.0070e-05, 6.9280e-05, 7.7343e-05, 8.3330e-05,
         8.6765e-05, 8.7223e-05, 8.4643e-05, 7.9552e-05, 7.2370e-05, 6.4142e-05,
         5.5588e-05, 4.7460e-05, 4.0287e-05, 3.4457e-05, 3.0067e-05, 2.8050e-05,
         2.8050e-05, 2.8050e-05, 2.8050e-05, 2.8050e-05, 2.8050e-05, 2.8050e-05,
         2.8050e-05, 2.8050e-05]], dtype=torch.float64), 'xH2SO4aer': tensor([[6.9950e-08, 7.8627e-08, 9.7168e-08, 1.1715e-07, 1.4218e-07, 1.7574e-07,
         2.5589e-07, 8.0956e-07, 9.4032e-07, 6.5357e-08, 4.9506e-10, 8.1039e-11,
         2.8599e-12, 1.0831e-14, 1.7014e-16, 6.8122e-17, 6.9399e-17, 7.9437e-17,
         9.2465e-17, 1.0821e-16, 1.2697e-16, 1.4936e-16, 1.7607e-16, 2.0759e-16,
         2.4266e-16, 2.7372e-16, 2.8942e-16, 2.8223e-16, 2.5392e-16, 2.1363e-16,
         1.7236e-16, 1.3803e-16, 1.1332e-16, 9.8547e-17, 9.3097e-17, 9.6292e-17,
         1.0841e-16, 1.2869e-16, 1.5816e-16, 1.9837e-16, 2.5165e-16, 3.2267e-16,
         4.1766e-16, 5.4173e-16, 7.0253e-16, 9.0638e-16, 1.1275e-15, 1.1386e-15,
         7.6913e-16, 4.8995e-16, 3.5750e-16, 3.0023e-16, 2.4823e-16, 1.8998e-16,
         1.3051e-16, 8.1662e-17, 4.5350e-17, 2.3416e-17, 1.0664e-17, 4.6100e-18,
         1.8057e-18, 6.7666e-19, 2.4628e-19, 8.5056e-20, 3.1768e-20, 1.1376e-20,
         4.6176e-21, 1.8899e-21, 8.2567e-22, 3.5806e-22, 1.2999e-22, 4.6327e-23,
         4.6327e-23, 4.6327e-23, 4.6327e-23, 4.6327e-23, 4.6327e-23, 4.6327e-23,
         4.6327e-23, 4.6327e-23]], dtype=torch.float64), 'xS8aer': tensor([[2.1261e-34, 4.3416e-34, 3.7773e-31, 3.0417e-26, 1.5666e-22, 2.1591e-21,
         5.0104e-21, 6.1148e-21, 6.0595e-21, 3.4123e-22, 5.9491e-27, 1.2776e-28,
         9.6869e-31, 3.2248e-33, 5.1929e-35, 6.4669e-36, 6.1265e-36, 7.3222e-36,
         8.9553e-36, 1.1007e-35, 1.3523e-35, 1.6594e-35, 2.0340e-35, 2.4914e-35,
         3.0615e-35, 3.7739e-35, 4.6586e-35, 5.7612e-35, 7.1393e-35, 8.8664e-35,
         1.1088e-34, 1.3943e-34, 1.7601e-34, 2.2324e-34, 2.8484e-34, 3.6597e-34,
         4.7488e-34, 6.1403e-34, 7.8968e-34, 1.0063e-33, 1.2547e-33, 1.4459e-33,
         1.1279e-33, 2.5734e-34, 1.0000e-40, 1.0000e-40, 1.0000e-40, 1.0000e-40,
         1.0000e-40, 1.0000e-40, 1.0000e-40, 1.0000e-40, 1.0000e-40, 1.0000e-40,
         1.0000e-40, 1.0000e-40, 1.0000e-40, 1.0000e-40, 1.0000e-40, 1.0000e-40,
         1.0000e-40, 1.0000e-40, 1.0000e-40, 1.0000e-40, 1.0000e-40, 1.0000e-40,
         1.0000e-40, 1.0000e-40, 1.0000e-40, 1.0000e-40, 1.0000e-40, 1.0000e-40,
         1.0000e-40, 1.0000e-40, 1.0000e-40, 1.0000e-40, 1.0000e-40, 1.0000e-40,
         1.0000e-40, 1.0000e-40]], dtype=torch.float64)}"
1.9008e+06,222.429,0,"{'pres': tensor([[5.3000e+04, 4.2137e+04, 3.3501e+04, 2.6635e+04, 2.1176e+04, 1.6836e+04,
         1.3385e+04, 1.0642e+04, 8.4606e+03, 6.7265e+03, 5.3479e+03, 4.2518e+03,
         3.3803e+03, 2.6875e+03, 2.1367e+03, 1.6988e+03, 1.3506e+03, 1.0738e+03,
         8.5370e+02, 6.7873e+02, 5.3962e+02, 4.2902e+02, 3.4109e+02, 2.7118e+02,
         2.1560e+02, 1.7141e+02, 1.3628e+02, 1.0835e+02, 8.6141e+01, 6.8485e+01,
         5.4449e+01, 4.3289e+01, 3.4417e+01, 2.7363e+01, 2.1755e+01, 1.7296e+01,
         1.3751e+01, 1.0933e+01, 8.6918e+00, 6.9104e+00, 5.4941e+00, 4.3680e+00,
         3.4728e+00, 2.7610e+00, 2.1951e+00, 1.7452e+00, 1.3875e+00, 1.1031e+00,
         8.7703e-01, 6.9728e-01, 5.5437e-01, 4.4075e-01, 3.5041e-01, 2.7859e-01,
         2.2149e-01, 1.7610e-01, 1.4000e-01, 1.1131e-01, 8.8495e-02, 7.0358e-02,
         5.5937e-02, 4.4473e-02, 3.5358e-02, 2.8111e-02, 2.2349e-02, 1.7769e-02,
         1.4127e-02, 1.1231e-02, 8.9295e-03, 7.0993e-03, 5.6442e-03, 4.4874e-03,
         3.5677e-03, 2.8365e-03, 2.2551e-03, 1.7929e-03, 1.4254e-03, 1.1333e-03,
         9.0101e-04, 7.1634e-04]], dtype=torch.float64), 'temp': tensor([[192.5449, 186.8931, 180.9718, 174.5879, 167.7217, 160.4443, 152.9635,
         145.5210, 138.2938, 131.3697, 124.7801, 118.5115, 112.5832, 106.9003,
         101.5518, 100.0426, 100.0215, 100.0215, 100.0232, 100.0260, 100.0298,
         100.0347, 100.0409, 100.0487, 100.0584, 100.0705, 100.0857, 100.1044,
         100.1277, 100.1566, 100.1930, 100.2394, 100.2991, 100.3760, 100.4755,
         100.6059, 100.7824, 101.0484, 101.4266, 101.8714, 102.4493, 103.2152,
         104.2381, 105.6006, 107.3995, 109.7287, 112.6869, 116.2733, 120.2302,
         124.0205, 126.9449, 128.6794, 129.5950, 130.2612, 130.9081, 131.4777,
         131.9784, 132.4138, 132.8197, 133.1540, 133.4726, 133.7330, 133.9816,
         134.1794, 134.3644, 134.5126, 134.6445, 134.7526, 134.8384, 134.9180,
         134.9745, 135.0276, 135.0608, 135.0929, 135.1165, 135.1333, 135.1495,
         135.1612, 135.1713, 135.1783]], dtype=torch.float64), 'xCO2': tensor([[9.5365e-01, 8.8259e-01, 7.2642e-01, 5.5590e-01, 3.7528e-01, 2.0615e-01,
         1.0115e-01, 4.5055e-02, 1.7987e-02, 6.9896e-03, 2.3935e-03, 8.1667e-04,
         2.3688e-04, 6.7904e-05, 2.2396e-05, 1.4112e-05, 1.4965e-05, 1.8376e-05,
         2.3077e-05, 2.9104e-05, 3.6683e-05, 4.6202e-05, 5.8152e-05, 7.3155e-05,
         9.2368e-05, 1.1689e-04, 1.4789e-04, 1.8712e-04, 2.3681e-04, 2.9989e-04,
         3.8229e-04, 4.8953e-04, 6.2874e-04, 8.1085e-04, 1.0515e-03, 1.3726e-03,
         1.8100e-03, 2.3775e-03, 3.1118e-03, 4.0612e-03, 5.2877e-03, 6.9016e-03,
         9.0365e-03, 1.1809e-02, 1.5406e-02, 2.0089e-02, 2.6413e-02, 3.4642e-02,
         4.5424e-02, 5.9863e-02, 7.8148e-02, 1.0125e-01, 1.2868e-01, 1.6110e-01,
         1.9763e-01, 2.3846e-01, 2.8213e-01, 3.2794e-01, 3.7458e-01, 4.2083e-01,
         4.6570e-01, 5.0824e-01, 5.4772e-01, 5.8394e-01, 6.1622e-01, 6.4510e-01,
         6.7019e-01, 6.9212e-01, 7.1097e-01, 7.2712e-01, 7.4104e-01, 7.4900e-01,
         7.4900e-01, 7.4900e-01, 7.4900e-01, 7.4900e-01, 7.4900e-01, 7.4900e-01,
         7.4900e-01, 7.4900e-01]], dtype=torch.float64), 'xH2O': tensor([[8.2801e-07, 5.0846e-07, 1.9777e-07, 7.2911e-08, 2.2343e-08, 5.6576e-09,
         1.2008e-09, 2.0820e-10, 2.0479e-11, 1.1121e-12, 6.4807e-13, 5.5409e-13,
         4.6892e-13, 2.6471e-13, 1.5225e-13, 1.3595e-13, 1.3521e-13, 1.3125e-13,
         1.2420e-13, 1.1580e-13, 1.0701e-13, 9.8319e-14, 9.0025e-14, 8.2309e-14,
         7.5322e-14, 6.9094e-14, 6.3597e-14, 5.8827e-14, 5.4763e-14, 5.1376e-14,
         4.8697e-14, 4.6683e-14, 4.5311e-14, 4.4619e-14, 4.4683e-14, 4.5616e-14,
         4.7687e-14, 5.1331e-14, 5.7547e-14, 6.7760e-14, 8.5003e-14, 1.1782e-13,
         1.8755e-13, 3.4367e-13, 7.4929e-13, 2.1960e-12, 1.0701e-11, 3.4825e-11,
         6.6653e-11, 1.0060e-10, 1.3578e-10, 1.6970e-10, 2.0067e-10, 2.2536e-10,
         2.4339e-10, 2.5192e-10, 2.5252e-10, 2.4457e-10, 2.3087e-10, 2.1289e-10,
         1.9317e-10, 1.7345e-10, 1.5531e-10, 1.3946e-10, 1.2692e-10, 1.1749e-10,
         1.1184e-10, 1.0981e-10, 1.1177e-10, 1.1819e-10, 1.2913e-10, 1.3930e-10,
         1.3930e-10, 1.3930e-10, 1.3930e-10, 1.3930e-10, 1.3930e-10, 1.3930e-10,
         1.3930e-10, 1.3930e-10]], dtype=torch.float64), 'xSO2': tensor([[1.6415e-02, 1.2658e-02, 7.8576e-03, 4.5458e-03, 2.2878e-03, 9.8769e-04,
         3.6814e-04, 1.1827e-04, 3.1568e-05, 8.3098e-06, 1.7104e-06, 3.6643e-07,
         5.7578e-08, 8.9310e-09, 1.6736e-09, 7.2342e-10, 6.8330e-10, 8.1805e-10,
         1.0192e-09, 1.2817e-09, 1.6141e-09, 2.0332e-09, 2.5606e-09, 3.2243e-09,
         4.0766e-09, 5.1680e-09, 6.5528e-09, 8.3129e-09, 1.0555e-08, 1.3421e-08,
         1.7204e-08, 2.2191e-08, 2.8767e-08, 3.7542e-08, 4.9431e-08, 6.5897e-08,
         9.1160e-08, 1.3141e-07, 1.9663e-07, 3.0236e-07, 4.6144e-07, 6.7811e-07,
         9.7481e-07, 1.3757e-06, 1.9169e-06, 2.6502e-06, 3.6835e-06, 5.0835e-06,
         7.0043e-06, 9.7488e-06, 1.3439e-05, 1.8456e-05, 2.4685e-05, 3.2273e-05,
         4.0856e-05, 5.0255e-05, 5.9859e-05, 6.8968e-05, 7.6919e-05, 8.2824e-05,
         8.6173e-05, 8.6598e-05, 8.3991e-05, 7.8926e-05, 7.1775e-05, 6.3606e-05,
         5.5121e-05, 4.7067e-05, 3.9957e-05, 3.4193e-05, 2.9847e-05, 2.7899e-05,
         2.7899e-05, 2.7899e-05, 2.7899e-05, 2.7899e-05, 2.7899e-05, 2.7899e-05,
         2.7899e-05, 2.7899e-05]], dtype=torch.float64), 'xH2SO4aer': tensor([[6.9951e-08, 7.8630e-08, 9.7174e-08, 1.1717e-07, 1.4221e-07, 1.7584e-07,
         2.5682e-07, 8.1490e-07, 9.3082e-07, 6.3305e-08, 4.9904e-10, 8.2079e-11,
         2.8664e-12, 1.1289e-14, 1.6917e-16, 6.4762e-17, 6.5578e-17, 7.4856e-17,
         8.6917e-17, 1.0145e-16, 1.1873e-16, 1.3931e-16, 1.6380e-16, 1.9267e-16,
         2.2490e-16, 2.5383e-16, 2.6922e-16, 2.6388e-16, 2.3897e-16, 2.0260e-16,
         1.6492e-16, 1.3345e-16, 1.1090e-16, 9.7761e-17, 9.3583e-17, 9.7866e-17,
         1.1104e-16, 1.3243e-16, 1.6318e-16, 2.0494e-16, 2.6014e-16, 3.3375e-16,
         4.3202e-16, 5.6030e-16, 7.2643e-16, 9.3687e-16, 1.1613e-15, 1.1563e-15,
         7.7442e-16, 4.9725e-16, 3.6607e-16, 3.0881e-16, 2.5512e-16, 1.9470e-16,
         1.3337e-16, 8.3343e-17, 4.6270e-17, 2.3832e-17, 1.0872e-17, 4.6856e-18,
         1.8421e-18, 6.8761e-19, 2.5170e-19, 8.6513e-20, 3.2555e-20, 1.1720e-20,
         4.7487e-21, 1.9534e-21, 8.5163e-22, 3.7056e-22, 1.3364e-22, 4.8785e-23,
         4.8785e-23, 4.8785e-23, 4.8785e-23, 4.8785e-23, 4.8785e-23, 4.8785e-23,
         4.8785e-23, 4.8785e-23]], dtype=torch.float64), 'xS8aer': tensor([[2.1264e-34, 4.3431e-34, 3.9378e-31, 3.1087e-26, 1.5745e-22, 2.1630e-21,
         5.0476e-21, 6.1609e-21, 5.9882e-21, 3.2931e-22, 6.1096e-27, 1.3112e-28,
         9.7068e-31, 3.3382e-33, 5.3235e-35, 6.4223e-36, 6.0654e-36, 7.2534e-36,
         8.8636e-36, 1.0872e-35, 1.3329e-35, 1.6332e-35, 2.0008e-35, 2.4518e-35,
         3.0167e-35, 3.7240e-35, 4.6031e-35, 5.6978e-35, 7.0644e-35, 8.7751e-35,
         1.0976e-34, 1.3802e-34, 1.7424e-34, 2.2104e-34, 2.8213e-34, 3.6264e-34,
         4.7076e-34, 6.0872e-34, 7.8267e-34, 9.9665e-34, 1.2399e-33, 1.4153e-33,
         1.0467e-33, 1.9715e-34, 1.0000e-40, 1.0000e-40, 1.0000e-40, 1.0000e-40,
         1.0000e-40, 1.0000e-40, 1.0000e-40, 1.0000e-40, 1.0000e-40, 1.0000e-40,
         1.0000e-40, 1.0000e-40, 1.0000e-40, 1.0000e-40, 1.0000e-40, 1.0000e-40,
         1.0000e-40, 1.0000e-40, 1.0000e-40, 1.0000e-40, 1.0000e-40, 1.0000e-40,
         1.0000e-40, 1.0000e-40, 1.0000e-40, 1.0000e-40, 1.0000e-40, 1.0000e-40,
         1.0000e-40, 1.0000e-40, 1.0000e-40, 1.0000e-40, 1.0000e-40, 1.0000e-40,
         1.0000e-40, 1.0000e-40]], dtype=torch.float64)}"
1.9224e+06,222.437,0,"{'pres': tensor([[5.3000e+04, 4.2137e+04, 3.3501e+04, 2.6635e+04, 2.1176e+04, 1.6836e+04,
         1.3385e+04, 1.0642e+04, 8.4606e+03, 6.7265e+03, 5.3479e+03, 4.2518e+03,
         3.3803e+03, 2.6875e+03, 2.1367e+03, 1.6988e+03, 1.3506e+03, 1.0738e+03,
         8.5370e+02, 6.7873e+02, 5.3962e+02, 4.2902e+02, 3.4109e+02, 2.7118e+02,
         2.1560e+02, 1.7141e+02, 1.3628e+02, 1.0835e+02, 8.6141e+01, 6.8485e+01,
         5.4449e+01, 4.3289e+01, 3.4417e+01, 2.7363e+01, 2.1755e+01, 1.7296e+01,
         1.3751e+01, 1.0933e+01, 8.6918e+00, 6.9104e+00, 5.4941e+00, 4.3680e+00,
         3.4728e+00, 2.7610e+00, 2.1951e+00, 1.7452e+00, 1.3875e+00, 1.1031e+00,
         8.7703e-01, 6.9728e-01, 5.5437e-01, 4.4075e-01, 3.5041e-01, 2.7859e-01,
         2.2149e-01, 1.7610e-01, 1.4000e-01, 1.1131e-01, 8.8495e-02, 7.0358e-02,
         5.5937e-02, 4.4473e-02, 3.5358e-02, 2.8111e-02, 2.2349e-02, 1.7769e-02,
         1.4127e-02, 1.1231e-02, 8.9295e-03, 7.0993e-03, 5.6442e-03, 4.4874e-03,
         3.5677e-03, 2.8365e-03, 2.2551e-03, 1.7929e-03, 1.4254e-03, 1.1333e-03,
         9.0101e-04, 7.1634e-04]], dtype=torch.float64), 'temp': tensor([[192.5630, 186.9135, 180.9950, 174.6145, 167.7514, 160.4764, 152.9964,
         145.5534, 138.3252, 131.3996, 124.8086, 118.5385, 112.6089, 106.9247,
         101.5750, 100.0432, 100.0216, 100.0215, 100.0233, 100.0261, 100.0300,
         100.0349, 100.0412, 100.0490, 100.0588, 100.0710, 100.0863, 100.1053,
         100.1288, 100.1580, 100.1948, 100.2417, 100.3021, 100.3799, 100.4808,
         100.6129, 100.7917, 101.0611, 101.4436, 101.8944, 102.4805, 103.2571,
         104.2944, 105.6754, 107.4973, 109.8534, 112.8411, 116.4499, 120.4091,
         124.1717, 127.0429, 128.7291, 129.6231, 130.2863, 130.9307, 131.4961,
         131.9939, 132.4272, 132.8312, 133.1640, 133.4809, 133.7405, 133.9879,
         134.1849, 134.3692, 134.5167, 134.6481, 134.7558, 134.8411, 134.9204,
         134.9767, 135.0294, 135.0625, 135.0944, 135.1180, 135.1345, 135.1508,
         135.1623, 135.1725, 135.1794]], dtype=torch.float64), 'xCO2': tensor([[9.5373e-01, 8.8283e-01, 7.2697e-01, 5.5674e-01, 3.7629e-01, 2.0694e-01,
         1.0159e-01, 4.5272e-02, 1.8085e-02, 7.0270e-03, 2.4088e-03, 8.2164e-04,
         2.3807e-04, 6.8444e-05, 2.2551e-05, 1.4138e-05, 1.4967e-05, 1.8375e-05,
         2.3079e-05, 2.9107e-05, 3.6686e-05, 4.6204e-05, 5.8154e-05, 7.3157e-05,
         9.2388e-05, 1.1692e-04, 1.4793e-04, 1.8717e-04, 2.3688e-04, 3.0001e-04,
         3.8255e-04, 4.8994e-04, 6.2939e-04, 8.1191e-04, 1.0532e-03, 1.3754e-03,
         1.8145e-03, 2.3836e-03, 3.1200e-03, 4.0718e-03, 5.3011e-03, 6.9204e-03,
         9.0592e-03, 1.1836e-02, 1.5436e-02, 2.0131e-02, 2.6459e-02, 3.4691e-02,
         4.5495e-02, 5.9918e-02, 7.8167e-02, 1.0121e-01, 1.2851e-01, 1.6081e-01,
         1.9715e-01, 2.3775e-01, 2.8118e-01, 3.2672e-01, 3.7308e-01, 4.1908e-01,
         4.6370e-01, 5.0604e-01, 5.4531e-01, 5.8138e-01, 6.1349e-01, 6.4222e-01,
         6.6722e-01, 6.8903e-01, 7.0781e-01, 7.2386e-01, 7.3771e-01, 7.4544e-01,
         7.4544e-01, 7.4544e-01, 7.4544e-01, 7.4544e-01, 7.4544e-01, 7.4544e-01,
         7.4544e-01, 7.4544e-01]], dtype=torch.float64), 'xH2O': tensor([[8.3055e-07, 5.1017e-07, 1.9862e-07, 7.3290e-08, 2.2482e-08, 5.6980e-09,
         1.2105e-09, 2.1018e-10, 2.1030e-11, 1.1301e-12, 6.4793e-13, 5.5444e-13,
         4.7049e-13, 2.6633e-13, 1.5309e-13, 1.3648e-13, 1.3582e-13, 1.3198e-13,
         1.2500e-13, 1.1666e-13, 1.0792e-13, 9.9253e-14, 9.0972e-14, 8.3256e-14,
         7.6262e-14, 7.0017e-14, 6.4499e-14, 5.9701e-14, 5.5608e-14, 5.2189e-14,
         4.9484e-14, 4.7444e-14, 4.6052e-14, 4.5345e-14, 4.5402e-14, 4.6338e-14,
         4.8424e-14, 5.2098e-14, 5.8392e-14, 6.8781e-14, 8.6395e-14, 1.2023e-13,
         1.9226e-13, 3.5436e-13, 7.7877e-13, 2.3408e-12, 1.1418e-11, 3.6266e-11,
         6.8459e-11, 1.0280e-10, 1.3840e-10, 1.7265e-10, 2.0388e-10, 2.2868e-10,
         2.4674e-10, 2.5524e-10, 2.5570e-10, 2.4762e-10, 2.3372e-10, 2.1556e-10,
         1.9564e-10, 1.7573e-10, 1.5745e-10, 1.4146e-10, 1.2883e-10, 1.1936e-10,
         1.1369e-10, 1.1174e-10, 1.1380e-10, 1.2044e-10, 1.3163e-10, 1.4181e-10,
         1.4181e-10, 1.4181e-10, 1.4181e-10, 1.4181e-10, 1.4181e-10, 1.4181e-10,
         1.4181e-10, 1.4181e-10]], dtype=torch.float64), 'xSO2': tensor([[1.6445e-02, 1.2685e-02, 7.8789e-03, 4.5611e-03, 2.2973e-03, 9.9253e-04,
         3.7021e-04, 1.1903e-04, 3.1807e-05, 8.3697e-06, 1.7261e-06, 3.6957e-07,
         5.7894e-08, 9.0384e-09, 1.6914e-09, 7.2562e-10, 6.8346e-10, 8.1799e-10,
         1.0192e-09, 1.2817e-09, 1.6141e-09, 2.0332e-09, 2.5606e-09, 3.2243e-09,
         4.0774e-09, 5.1692e-09, 6.5546e-09, 8.3156e-09, 1.0559e-08, 1.3428e-08,
         1.7219e-08, 2.2216e-08, 2.8809e-08, 3.7612e-08, 4.9550e-08, 6.6103e-08,
         9.1600e-08, 1.3224e-07, 1.9824e-07, 3.0546e-07, 4.6602e-07, 6.8476e-07,
         9.8398e-07, 1.3881e-06, 1.9332e-06, 2.6727e-06, 3.7121e-06, 5.1192e-06,
         7.0536e-06, 9.8067e-06, 1.3503e-05, 1.8523e-05, 2.4730e-05, 3.2287e-05,
         4.0815e-05, 5.0135e-05, 5.9644e-05, 6.8655e-05, 7.6494e-05, 8.2317e-05,
         8.5581e-05, 8.5974e-05, 8.3340e-05, 7.8299e-05, 7.1181e-05, 6.3069e-05,
         5.4653e-05, 4.6674e-05, 3.9626e-05, 3.3928e-05, 2.9624e-05, 2.7745e-05,
         2.7745e-05, 2.7745e-05, 2.7745e-05, 2.7745e-05, 2.7745e-05, 2.7745e-05,
         2.7745e-05, 2.7745e-05]], dtype=torch.float64), 'xH2SO4aer': tensor([[6.9953e-08, 7.8633e-08, 9.7180e-08, 1.1718e-07, 1.4224e-07, 1.7594e-07,
         2.5776e-07, 8.2018e-07, 9.2139e-07, 6.1326e-08, 5.0304e-10, 8.3125e-11,
         2.8714e-12, 1.1770e-14, 1.6879e-16, 6.1785e-17, 6.2183e-17, 7.0785e-17,
         8.1986e-17, 9.5446e-17, 1.1141e-16, 1.3037e-16, 1.5289e-16, 1.7939e-16,
         2.0904e-16, 2.3600e-16, 2.5101e-16, 2.4724e-16, 2.2535e-16, 1.9252e-16,
         1.5813e-16, 1.2933e-16, 1.0882e-16, 9.7235e-17, 9.4292e-17, 9.9654e-17,
         1.1390e-16, 1.3642e-16, 1.6849e-16, 2.1186e-16, 2.6908e-16, 3.4540e-16,
         4.4712e-16, 5.7984e-16, 7.5158e-16, 9.6895e-16, 1.1968e-15, 1.1744e-15,
         7.8011e-16, 5.0476e-16, 3.7481e-16, 3.1747e-16, 2.6206e-16, 1.9944e-16,
         1.3631e-16, 8.5011e-17, 4.7182e-17, 2.4241e-17, 1.1076e-17, 4.7595e-18,
         1.8780e-18, 6.9824e-19, 2.5706e-19, 8.7928e-20, 3.3340e-20, 1.2067e-20,
         4.8806e-21, 2.0179e-21, 8.7789e-22, 3.8327e-22, 1.3728e-22, 5.1331e-23,
         5.1331e-23, 5.1331e-23, 5.1331e-23, 5.1331e-23, 5.1331e-23, 5.1331e-23,
         5.1331e-23, 5.1331e-23]], dtype=torch.float64), 'xS8aer': tensor([[2.1267e-34, 4.3446e-34, 4.1032e-31, 3.1764e-26, 1.5824e-22, 2.1669e-21,
         5.0849e-21, 6.2064e-21, 5.9176e-21, 3.1785e-22, 6.2747e-27, 1.3455e-28,
         9.7151e-31, 3.4555e-33, 5.4493e-35, 6.3005e-36, 5.9159e-36, 7.0906e-36,
         8.6906e-36, 1.0690e-35, 1.3135e-35, 1.6118e-35, 1.9757e-35, 2.4204e-35,
         2.9758e-35, 3.6696e-35, 4.5319e-35, 5.6071e-35, 6.9518e-35, 8.6386e-35,
         1.0815e-34, 1.3610e-34, 1.7195e-34, 2.1829e-34, 2.7878e-34, 3.5854e-34,
         4.6564e-34, 6.0208e-34, 7.7390e-34, 9.8467e-34, 1.2222e-33, 1.3801e-33,
         9.5768e-34, 1.3450e-34, 1.0000e-40, 1.0000e-40, 1.0000e-40, 1.0000e-40,
         1.0000e-40, 1.0000e-40, 1.0000e-40, 1.0000e-40, 1.0000e-40, 1.0000e-40,
         1.0000e-40, 1.0000e-40, 1.0000e-40, 1.0000e-40, 1.0000e-40, 1.0000e-40,
         1.0000e-40, 1.0000e-40, 1.0000e-40, 1.0000e-40, 1.0000e-40, 1.0000e-40,
         1.0000e-40, 1.0000e-40, 1.0000e-40, 1.0000e-40, 1.0000e-40, 1.0000e-40,
         1.0000e-40, 1.0000e-40, 1.0000e-40, 1.0000e-40, 1.0000e-40, 1.0000e-40,
         1.0000e-40, 1.0000e-40]], dtype=torch.float64)}"
1.944e+06,222.445,0,"{'pres': tensor([[5.3000e+04, 4.2137e+04, 3.3501e+04, 2.6635e+04, 2.1176e+04, 1.6836e+04,
         1.3385e+04, 1.0642e+04, 8.4606e+03, 6.7265e+03, 5.3479e+03, 4.2518e+03,
         3.3803e+03, 2.6875e+03, 2.1367e+03, 1.6988e+03, 1.3506e+03, 1.0738e+03,
         8.5370e+02, 6.7873e+02, 5.3962e+02, 4.2902e+02, 3.4109e+02, 2.7118e+02,
         2.1560e+02, 1.7141e+02, 1.3628e+02, 1.0835e+02, 8.6141e+01, 6.8485e+01,
         5.4449e+01, 4.3289e+01, 3.4417e+01, 2.7363e+01, 2.1755e+01, 1.7296e+01,
         1.3751e+01, 1.0933e+01, 8.6918e+00, 6.9104e+00, 5.4941e+00, 4.3680e+00,
         3.4728e+00, 2.7610e+00, 2.1951e+00, 1.7452e+00, 1.3875e+00, 1.1031e+00,
         8.7703e-01, 6.9728e-01, 5.5437e-01, 4.4075e-01, 3.5041e-01, 2.7859e-01,
         2.2149e-01, 1.7610e-01, 1.4000e-01, 1.1131e-01, 8.8495e-02, 7.0358e-02,
         5.5937e-02, 4.4473e-02, 3.5358e-02, 2.8111e-02, 2.2349e-02, 1.7769e-02,
         1.4127e-02, 1.1231e-02, 8.9295e-03, 7.0993e-03, 5.6442e-03, 4.4874e-03,
         3.5677e-03, 2.8365e-03, 2.2551e-03, 1.7929e-03, 1.4254e-03, 1.1333e-03,
         9.0101e-04, 7.1634e-04]], dtype=torch.float64), 'temp': tensor([[192.5811, 186.9339, 181.0182, 174.6410, 167.7812, 160.5084, 153.0292,
         145.5859, 138.3565, 131.4295, 124.8371, 118.5656, 112.6346, 106.9491,
         101.5982, 100.0438, 100.0216, 100.0216, 100.0234, 100.0263, 100.0301,
         100.0351, 100.0414, 100.0493, 100.0592, 100.0715, 100.0870, 100.1061,
         100.1299, 100.1594, 100.1966, 100.2441, 100.3052, 100.3839, 100.4860,
         100.6199, 100.8011, 101.0738, 101.4607, 101.9175, 102.5117, 103.2992,
         104.3509, 105.7504, 107.5952, 109.9782, 112.9949, 116.6252, 120.5857,
         124.3194, 127.1374, 128.7769, 129.6506, 130.3110, 130.9531, 131.5142,
         132.0093, 132.4405, 132.8424, 133.1738, 133.4891, 133.7479, 133.9941,
         134.1904, 134.3739, 134.5208, 134.6516, 134.7577, 134.8438, 134.9227,
         134.9787, 135.0311, 135.0642, 135.0958, 135.1194, 135.1357, 135.1520,
         135.1634, 135.1735, 135.1804]], dtype=torch.float64), 'xCO2': tensor([[9.5381e-01, 8.8306e-01, 7.2752e-01, 5.5758e-01, 3.7728e-01, 2.0773e-01,
         1.0202e-01, 4.5491e-02, 1.8184e-02, 7.0644e-03, 2.4241e-03, 8.2663e-04,
         2.3925e-04, 6.8988e-05, 2.2706e-05, 1.4164e-05, 1.4969e-05, 1.8374e-05,
         2.3082e-05, 2.9109e-05, 3.6688e-05, 4.6206e-05, 5.8156e-05, 7.3160e-05,
         9.2408e-05, 1.1695e-04, 1.4796e-04, 1.8722e-04, 2.3695e-04, 3.0012e-04,
         3.8282e-04, 4.9035e-04, 6.3004e-04, 8.1296e-04, 1.0549e-03, 1.3782e-03,
         1.8190e-03, 2.3897e-03, 3.1281e-03, 4.0824e-03, 5.3145e-03, 6.9389e-03,
         9.0817e-03, 1.1863e-02, 1.5467e-02, 2.0173e-02, 2.6505e-02, 3.4739e-02,
         4.5563e-02, 5.9969e-02, 7.8183e-02, 1.0117e-01, 1.2834e-01, 1.6050e-01,
         1.9668e-01, 2.3704e-01, 2.8022e-01, 3.2549e-01, 3.7159e-01, 4.1734e-01,
         4.6171e-01, 5.0385e-01, 5.4291e-01, 5.7882e-01, 6.1077e-01, 6.3935e-01,
         6.6426e-01, 6.8594e-01, 7.0464e-01, 7.2060e-01, 7.3437e-01, 7.4189e-01,
         7.4189e-01, 7.4189e-01, 7.4189e-01, 7.4189e-01, 7.4189e-01, 7.4189e-01,
         7.4189e-01, 7.4189e-01]], dtype=torch.float64), 'xH2O': tensor([[8.3309e-07, 5.1189e-07, 1.9947e-07, 7.3671e-08, 2.2621e-08, 5.7386e-09,
         1.2203e-09, 2.1218e-10, 2.1594e-11, 1.1483e-12, 6.4776e-13, 5.5477e-13,
         4.7203e-13, 2.6795e-13, 1.5393e-13, 1.3701e-13, 1.3643e-13, 1.3270e-13,
         1.2579e-13, 1.1752e-13, 1.0882e-13, 1.0018e-13, 9.1912e-14, 8.4198e-14,
         7.7198e-14, 7.0937e-14, 6.5397e-14, 6.0575e-14, 5.6452e-14, 5.3004e-14,
         5.0273e-14, 4.8208e-14, 4.6795e-14, 4.6075e-14, 4.6126e-14, 4.7066e-14,
         4.9166e-14, 5.2871e-14, 5.9245e-14, 6.9813e-14, 8.7804e-14, 1.2269e-13,
         1.9708e-13, 3.6540e-13, 8.0942e-13, 2.4949e-12, 1.2176e-11, 3.7748e-11,
         7.0299e-11, 1.0503e-10, 1.4105e-10, 1.7560e-10, 2.0710e-10, 2.3201e-10,
         2.5007e-10, 2.5857e-10, 2.5888e-10, 2.5067e-10, 2.3656e-10, 2.1822e-10,
         1.9811e-10, 1.7802e-10, 1.5959e-10, 1.4346e-10, 1.3076e-10, 1.2126e-10,
         1.1557e-10, 1.1369e-10, 1.1586e-10, 1.2272e-10, 1.3419e-10, 1.4436e-10,
         1.4436e-10, 1.4436e-10, 1.4436e-10, 1.4436e-10, 1.4436e-10, 1.4436e-10,
         1.4436e-10, 1.4436e-10]], dtype=torch.float64), 'xSO2': tensor([[1.6476e-02, 1.2712e-02, 7.9003e-03, 4.5765e-03, 2.3069e-03, 9.9739e-04,
         3.7229e-04, 1.1980e-04, 3.2047e-05, 8.4299e-06, 1.7420e-06, 3.7274e-07,
         5.8208e-08, 9.1470e-09, 1.7093e-09, 7.2782e-10, 6.8363e-10, 8.1792e-10,
         1.0193e-09, 1.2818e-09, 1.6141e-09, 2.0331e-09, 2.5606e-09, 3.2243e-09,
         4.0782e-09, 5.1703e-09, 6.5563e-09, 8.3183e-09, 1.0564e-08, 1.3435e-08,
         1.7235e-08, 2.2242e-08, 2.8851e-08, 3.7683e-08, 4.9670e-08, 6.6310e-08,
         9.2044e-08, 1.3308e-07, 1.9988e-07, 3.0860e-07, 4.7061e-07, 6.9142e-07,
         9.9314e-07, 1.4004e-06, 1.9494e-06, 2.6950e-06, 3.7404e-06, 5.1545e-06,
         7.1022e-06, 9.8634e-06, 1.3565e-05, 1.8588e-05, 2.4773e-05, 3.2297e-05,
         4.0771e-05, 5.0011e-05, 5.9426e-05, 6.8339e-05, 7.6068e-05, 8.1810e-05,
         8.4989e-05, 8.5350e-05, 8.2689e-05, 7.7671e-05, 7.0587e-05, 6.2532e-05,
         5.4185e-05, 4.6280e-05, 3.9294e-05, 3.3661e-05, 2.9408e-05, 2.7588e-05,
         2.7588e-05, 2.7588e-05, 2.7588e-05, 2.7588e-05, 2.7588e-05, 2.7588e-05,
         2.7588e-05, 2.7588e-05]], dtype=torch.float64), 'xH2SO4aer': tensor([[6.9955e-08, 7.8636e-08, 9.7187e-08, 1.1719e-07, 1.4228e-07, 1.7605e-07,
         2.5870e-07, 8.2538e-07, 9.1203e-07, 5.9417e-08, 5.0704e-10, 8.4177e-11,
         2.8747e-12, 1.2273e-14, 1.6896e-16, 5.9153e-17, 5.9174e-17, 6.7175e-17,
         7.7610e-17, 9.0112e-17, 1.0490e-16, 1.2242e-16, 1.4318e-16, 1.6756e-16,
         1.9490e-16, 2.2004e-16, 2.3462e-16, 2.3218e-16, 2.1296e-16, 1.8335e-16,
         1.5198e-16, 1.2565e-16, 1.0706e-16, 9.6957e-17, 9.5210e-17, 1.0164e-16,
         1.1697e-16, 1.4065e-16, 1.7409e-16, 2.1915e-16, 2.7848e-16, 3.5765e-16,
         4.6298e-16, 6.0036e-16, 7.7799e-16, 1.0026e-15, 1.2338e-15, 1.1929e-15,
         7.8620e-16, 5.1250e-16, 3.8371e-16, 3.2622e-16, 2.6905e-16, 2.0418e-16,
         1.3928e-16, 8.6665e-17, 4.8087e-17, 2.4643e-17, 1.1279e-17, 4.8315e-18,
         1.9135e-18, 7.0855e-19, 2.6238e-19, 8.9344e-20, 3.4124e-20, 1.2419e-20,
         5.0138e-21, 2.0837e-21, 9.0444e-22, 3.9619e-22, 1.4139e-22, 5.3964e-23,
         5.3964e-23, 5.3964e-23, 5.3964e-23, 5.3964e-23, 5.3964e-23, 5.3964e-23,
         5.3964e-23, 5.3964e-23]], dtype=torch.float64), 'xS8aer': tensor([[2.1269e-34, 4.3461e-34, 4.2736e-31, 3.2449e-26, 1.5904e-22, 2.1707e-21,
         5.1222e-21, 6.2514e-21, 5.8478e-21, 3.0683e-22, 6.4444e-27, 1.3806e-28,
         9.7107e-31, 3.5774e-33, 5.5792e-35, 6.0963e-36, 5.6382e-36, 6.7370e-36,
         8.2404e-36, 1.0118e-35, 1.2421e-35, 1.5240e-35, 1.8696e-35, 2.2946e-35,
         2.8291e-35, 3.4996e-35, 4.3359e-35, 5.3813e-35, 6.6911e-35, 8.3363e-35,
         1.0464e-34, 1.3198e-34, 1.6709e-34, 2.1252e-34, 2.7190e-34, 3.5023e-34,
         4.5544e-34, 5.8925e-34, 7.5744e-34, 9.6301e-34, 1.1922e-33, 1.3294e-33,
         8.4954e-34, 6.5214e-35, 1.0000e-40, 1.0000e-40, 1.0000e-40, 1.0000e-40,
         1.0000e-40, 1.0000e-40, 1.0000e-40, 1.0000e-40, 1.0000e-40, 1.0000e-40,
         1.0000e-40, 1.0000e-40, 1.0000e-40, 1.0000e-40, 1.0000e-40, 1.0000e-40,
         1.0000e-40, 1.0000e-40, 1.0000e-40, 1.0000e-40, 1.0000e-40, 1.0000e-40,
         1.0000e-40, 1.0000e-40, 1.0000e-40, 1.0000e-40, 1.0000e-40, 1.0000e-40,
         1.0000e-40, 1.0000e-40, 1.0000e-40, 1.0000e-40, 1.0000e-40, 1.0000e-40,
         1.0000e-40, 1.0000e-40]], dtype=torch.float64)}"
1.9656e+06,222.453,0,"{'pres': tensor([[5.3000e+04, 4.2137e+04, 3.3501e+04, 2.6635e+04, 2.1176e+04, 1.6836e+04,
         1.3385e+04, 1.0642e+04, 8.4606e+03, 6.7265e+03, 5.3479e+03, 4.2518e+03,
         3.3803e+03, 2.6875e+03, 2.1367e+03, 1.6988e+03, 1.3506e+03, 1.0738e+03,
         8.5370e+02, 6.7873e+02, 5.3962e+02, 4.2902e+02, 3.4109e+02, 2.7118e+02,
         2.1560e+02, 1.7141e+02, 1.3628e+02, 1.0835e+02, 8.6141e+01, 6.8485e+01,
         5.4449e+01, 4.3289e+01, 3.4417e+01, 2.7363e+01, 2.1755e+01, 1.7296e+01,
         1.3751e+01, 1.0933e+01, 8.6918e+00, 6.9104e+00, 5.4941e+00, 4.3680e+00,
         3.4728e+00, 2.7610e+00, 2.1951e+00, 1.7452e+00, 1.3875e+00, 1.1031e+00,
         8.7703e-01, 6.9728e-01, 5.5437e-01, 4.4075e-01, 3.5041e-01, 2.7859e-01,
         2.2149e-01, 1.7610e-01, 1.4000e-01, 1.1131e-01, 8.8495e-02, 7.0358e-02,
         5.5937e-02, 4.4473e-02, 3.5358e-02, 2.8111e-02, 2.2349e-02, 1.7769e-02,
         1.4127e-02, 1.1231e-02, 8.9295e-03, 7.0993e-03, 5.6442e-03, 4.4874e-03,
         3.5677e-03, 2.8365e-03, 2.2551e-03, 1.7929e-03, 1.4254e-03, 1.1333e-03,
         9.0101e-04, 7.1634e-04]], dtype=torch.float64), 'temp': tensor([[192.5992, 186.9542, 181.0414, 174.6675, 167.8109, 160.5404, 153.0621,
         145.6183, 138.3878, 131.4595, 124.8656, 118.5926, 112.6603, 106.9735,
         101.6213, 100.0444, 100.0217, 100.0217, 100.0235, 100.0264, 100.0303,
         100.0353, 100.0417, 100.0497, 100.0596, 100.0721, 100.0877, 100.1070,
         100.1309, 100.1608, 100.1984, 100.2464, 100.3082, 100.3879, 100.4913,
         100.6269, 100.8106, 101.0865, 101.4779, 101.9408, 102.5431, 103.3415,
         104.4076, 105.8256, 107.6934, 110.1031, 113.1484, 116.7994, 120.7600,
         124.4636, 127.2287, 128.8229, 129.6776, 130.3355, 130.9750, 131.5320,
         132.0245, 132.4536, 132.8536, 133.1835, 133.4972, 133.7552, 134.0002,
         134.1957, 134.3785, 134.5248, 134.6553, 134.7599, 134.8466, 134.9249,
         134.9808, 135.0328, 135.0657, 135.0971, 135.1207, 135.1368, 135.1532,
         135.1644, 135.1746, 135.1814]], dtype=torch.float64), 'xCO2': tensor([[9.5389e-01, 8.8330e-01, 7.2807e-01, 5.5840e-01, 3.7826e-01, 2.0852e-01,
         1.0247e-01, 4.5711e-02, 1.8283e-02, 7.1021e-03, 2.4395e-03, 8.3165e-04,
         2.4044e-04, 6.9535e-05, 2.2863e-05, 1.4190e-05, 1.4971e-05, 1.8373e-05,
         2.3085e-05, 2.9112e-05, 3.6690e-05, 4.6208e-05, 5.8158e-05, 7.3162e-05,
         9.2428e-05, 1.1697e-04, 1.4800e-04, 1.8727e-04, 2.3703e-04, 3.0023e-04,
         3.8308e-04, 4.9076e-04, 6.3069e-04, 8.1401e-04, 1.0567e-03, 1.3810e-03,
         1.8234e-03, 2.3958e-03, 3.1361e-03, 4.0928e-03, 5.3277e-03, 6.9572e-03,
         9.1039e-03, 1.1889e-02, 1.5496e-02, 2.0214e-02, 2.6550e-02, 3.4786e-02,
         4.5630e-02, 6.0019e-02, 7.8206e-02, 1.0113e-01, 1.2819e-01, 1.6020e-01,
         1.9620e-01, 2.3632e-01, 2.7927e-01, 3.2427e-01, 3.7011e-01, 4.1560e-01,
         4.5972e-01, 5.0166e-01, 5.4051e-01, 5.7623e-01, 6.0805e-01, 6.3648e-01,
         6.6129e-01, 6.8285e-01, 7.0147e-01, 7.1733e-01, 7.3102e-01, 7.3834e-01,
         7.3834e-01, 7.3834e-01, 7.3834e-01, 7.3834e-01, 7.3834e-01, 7.3834e-01,
         7.3834e-01, 7.3834e-01]], dtype=torch.float64), 'xH2O': tensor([[8.3564e-07, 5.1361e-07, 2.0032e-07, 7.4054e-08, 2.2762e-08, 5.7795e-09,
         1.2302e-09, 2.1419e-10, 2.2171e-11, 1.1669e-12, 6.4756e-13, 5.5508e-13,
         4.7353e-13, 2.6956e-13, 1.5476e-13, 1.3753e-13, 1.3704e-13, 1.3341e-13,
         1.2658e-13, 1.1837e-13, 1.0971e-13, 1.0110e-13, 9.2847e-14, 8.5135e-14,
         7.8130e-14, 7.1854e-14, 6.6294e-14, 6.1446e-14, 5.7296e-14, 5.3819e-14,
         5.1063e-14, 4.8974e-14, 4.7542e-14, 4.6808e-14, 4.6855e-14, 4.7798e-14,
         4.9914e-14, 5.3650e-14, 6.0105e-14, 7.0855e-14, 8.9232e-14, 1.2520e-13,
         2.0202e-13, 3.7678e-13, 8.4130e-13, 2.6589e-12, 1.2977e-11, 3.9275e-11,
         7.2173e-11, 1.0729e-10, 1.4369e-10, 1.7856e-10, 2.1028e-10, 2.3533e-10,
         2.5340e-10, 2.6189e-10, 2.6205e-10, 2.5372e-10, 2.3941e-10, 2.2089e-10,
         2.0059e-10, 1.8032e-10, 1.6174e-10, 1.4550e-10, 1.3270e-10, 1.2317e-10,
         1.1747e-10, 1.1567e-10, 1.1795e-10, 1.2504e-10, 1.3683e-10, 1.4695e-10,
         1.4695e-10, 1.4695e-10, 1.4695e-10, 1.4695e-10, 1.4695e-10, 1.4695e-10,
         1.4695e-10, 1.4695e-10]], dtype=torch.float64), 'xSO2': tensor([[1.6507e-02, 1.2739e-02, 7.9216e-03, 4.5920e-03, 2.3164e-03, 1.0023e-03,
         3.7437e-04, 1.2057e-04, 3.2289e-05, 8.4905e-06, 1.7579e-06, 3.7592e-07,
         5.8520e-08, 9.2566e-09, 1.7273e-09, 7.3001e-10, 6.8378e-10, 8.1786e-10,
         1.0194e-09, 1.2818e-09, 1.6141e-09, 2.0331e-09, 2.5606e-09, 3.2243e-09,
         4.0790e-09, 5.1715e-09, 6.5581e-09, 8.3211e-09, 1.0568e-08, 1.3443e-08,
         1.7251e-08, 2.2268e-08, 2.8894e-08, 3.7754e-08, 4.9790e-08, 6.6518e-08,
         9.2491e-08, 1.3393e-07, 2.0153e-07, 3.1177e-07, 4.7523e-07, 6.9809e-07,
         1.0023e-06, 1.4127e-06, 1.9655e-06, 2.7171e-06, 3.7684e-06, 5.1893e-06,
         7.1499e-06, 9.9189e-06, 1.3629e-05, 1.8650e-05, 2.4818e-05, 3.2302e-05,
         4.0723e-05, 4.9884e-05, 5.9205e-05, 6.8021e-05, 7.5641e-05, 8.1302e-05,
         8.4398e-05, 8.4726e-05, 8.2039e-05, 7.7028e-05, 6.9992e-05, 6.1994e-05,
         5.3716e-05, 4.5885e-05, 3.8961e-05, 3.3394e-05, 2.9197e-05, 2.7430e-05,
         2.7430e-05, 2.7430e-05, 2.7430e-05, 2.7430e-05, 2.7430e-05, 2.7430e-05,
         2.7430e-05, 2.7430e-05]], dtype=torch.float64), 'xH2SO4aer': tensor([[6.9957e-08, 7.8639e-08, 9.7193e-08, 1.1720e-07, 1.4231e-07, 1.7615e-07,
         2.5965e-07, 8.3051e-07, 9.0275e-07, 5.7574e-08, 5.1106e-10, 8.5236e-11,
         2.8763e-12, 1.2801e-14, 1.6965e-16, 5.6829e-17, 5.6505e-17, 6.3973e-17,
         7.3728e-17, 8.5378e-17, 9.9123e-17, 1.1536e-16, 1.3455e-16, 1.5705e-16,
         1.8230e-16, 2.0577e-16, 2.1989e-16, 2.1857e-16, 2.0174e-16, 1.7503e-16,
         1.4644e-16, 1.2241e-16, 1.0562e-16, 9.6930e-17, 9.6347e-17, 1.0384e-16,
         1.2027e-16, 1.4515e-16, 1.8001e-16, 2.2683e-16, 2.8838e-16, 3.7054e-16,
         4.7969e-16, 6.2197e-16, 8.0581e-16, 1.0381e-15, 1.2727e-15, 1.2120e-15,
         7.9285e-16, 5.2067e-16, 3.9321e-16, 3.3509e-16, 2.7605e-16, 2.0891e-16,
         1.4223e-16, 8.8302e-17, 4.8981e-17, 2.5038e-17, 1.1478e-17, 4.9014e-18,
         1.9484e-18, 7.1850e-19, 2.6763e-19, 9.1572e-20, 3.4902e-20, 1.2772e-20,
         5.1469e-21, 2.1503e-21, 9.3118e-22, 4.0928e-22, 1.4609e-22, 5.6684e-23,
         5.6684e-23, 5.6684e-23, 5.6684e-23, 5.6684e-23, 5.6684e-23, 5.6684e-23,
         5.6684e-23, 5.6684e-23]], dtype=torch.float64), 'xS8aer': tensor([[2.1272e-34, 4.3477e-34, 4.4491e-31, 3.3141e-26, 1.5983e-22, 2.1746e-21,
         5.1596e-21, 6.2959e-21, 5.7788e-21, 2.9623e-22, 6.6187e-27, 1.4166e-28,
         9.6927e-31, 3.7041e-33, 5.7556e-35, 6.2621e-36, 5.7844e-36, 6.9030e-36,
         8.4292e-36, 1.0327e-35, 1.2647e-35, 1.5479e-35, 1.8942e-35, 2.3186e-35,
         2.8512e-35, 3.5164e-35, 4.3432e-35, 5.3732e-35, 6.6595e-35, 8.2704e-35,
         1.0350e-34, 1.3015e-34, 1.6432e-34, 2.0850e-34, 2.6623e-34, 3.4239e-34,
         4.4464e-34, 5.7446e-34, 7.3728e-34, 9.3529e-34, 1.1527e-33, 1.2632e-33,
         7.2851e-34, 1.0000e-40, 1.0000e-40, 1.0000e-40, 1.0000e-40, 1.0000e-40,
         1.0000e-40, 1.0000e-40, 1.0000e-40, 1.0000e-40, 1.0000e-40, 1.0000e-40,
         1.0000e-40, 1.0000e-40, 1.0000e-40, 1.0000e-40, 1.0000e-40, 1.0000e-40,
         1.0000e-40, 1.0000e-40, 1.0000e-40, 1.0000e-40, 1.0000e-40, 1.0000e-40,
         1.0000e-40, 1.0000e-40, 1.0000e-40, 1.0000e-40, 1.0000e-40, 1.0000e-40,
         1.0000e-40, 1.0000e-40, 1.0000e-40, 1.0000e-40, 1.0000e-40, 1.0000e-40,
         1.0000e-40, 1.0000e-40]], dtype=torch.float64)}"
