alt           press         den           temp          eddy          H2Oaer        SO2aer        H2Saer        CO2aer        S8aer         H2SO4aer      C2H2aer       C2H4aer       C2H6aer       CH4aer        HCaer1        H             H2            H2O           OH            O             O2            CO            CO2           HCO           H2CO          C             CH            CH2           CH3           CH4           S             S2            S3            S4            S8            H2S           HS            SO            SO2           CS            CS2           OCS           C2            C2H           C2H2          C2H4          HO2           H2O2          O3            SO3           H2SO4         HCl           Cl            Cl2           HOCl          ClO           C2H6          CH3OH         CH2CO         CH3CHO        C3H4          C3H6          C4H2          C4H4          OClO          HCS           C2H3          C2H5          1CH2          HCCO          HSO           CH3O          H2COH         C4H           C2H2OH        CH3CO         CH2CHO        C2H3OH        C2H4OH        CH3O2         HSO3          HS4           C4H3          O1D           H2Oaer_r      SO2aer_r      H2Saer_r      CO2aer_r      S8aer_r       H2SO4aer_r    C2H2aer_r     C2H4aer_r     C2H6aer_r     CH4aer_r      HCaer1_r      
5.00000E-001  5.07755E-001  1.92697E+019  1.90851E+002  1.00000E+005  9.79846E+001  3.79406E+004  1.39605E-038  1.77540E-003  2.03136E-032  9.17373E-006  1.61297E-038  1.61297E-038  1.61297E-038  1.61297E-038  1.61455E-038  5.20885E-013  9.84726E-006  7.35146E-007  1.16818E-019  5.60516E-017  1.96945E-009  2.16640E-007  9.84726E-001  1.52451E-015  1.42586E-014  1.00000E-040  1.00000E-040  2.49871E-035  3.95706E-024  5.92235E-022  9.04823E-015  2.12911E-014  5.77285E-018  1.25789E-017  3.07452E-019  3.93890E-013  5.36560E-013  2.72229E-013  1.52630E-002  3.19785E-031  5.28485E-030  1.59091E-010  8.02043E-039  1.00000E-040  2.35038E-031  4.00017E-030  1.53971E-011  6.56953E-009  8.91395E-015  1.86949E-014  1.16498E-010  4.92363E-010  2.33332E-012  1.18912E-016  1.35228E-017  2.11926E-007  6.44685E-034  7.06633E-021  1.43469E-027  1.30343E-026  1.96435E-037  6.19845E-039  1.27074E-029  1.36062E-030  1.17038E-010  9.69417E-034  1.02091E-037  1.08512E-032  1.00000E-040  1.00000E-040  1.84742E-011  6.63055E-022  6.72539E-025  1.00000E-040  1.00000E-040  1.74557E-028  1.71818E-033  9.32177E-030  1.64923E-037  7.73306E-024  6.57290E-012  4.78688E-017  1.85406E-032  6.24913E-034  1.00000E-005  1.00000E-005  1.00000E-005  1.00000E-005  1.00000E-005  1.00000E-005  1.00000E-005  1.00000E-005  1.00000E-005  1.00000E-005  1.00000E-005  
1.50000E+000  9.68302E-001  3.67479E+019  1.90851E+002  1.00000E+005  5.10590E+001  1.89039E+004  6.40072E-039  4.52629E+001  1.41332E-032  4.52988E-006  7.97220E-039  7.97220E-039  7.97220E-039  7.97220E-039  7.98007E-039  1.61253E-015  3.92463E-004  5.27424E-007  6.36548E-022  3.63393E-017  4.26649E-007  9.51358E-006  9.88854E-001  1.00962E-018  7.84375E-016  1.00000E-040  1.00000E-040  1.00000E-040  5.37969E-030  2.03350E-023  3.69689E-018  2.57876E-015  8.92250E-020  4.44643E-019  1.45361E-019  2.17961E-011  5.65343E-013  1.08353E-013  1.07411E-002  1.68786E-031  2.48638E-030  7.37792E-011  1.00000E-040  1.00000E-040  1.11786E-031  1.94676E-030  1.21899E-011  4.05511E-009  2.55603E-013  8.92750E-015  1.04794E-010  1.96027E-006  3.51155E-014  6.92565E-018  1.40663E-018  9.94437E-008  2.51250E-034  2.37950E-022  5.79859E-028  4.17094E-028  9.31124E-038  7.73844E-039  6.32373E-030  3.48274E-031  1.82990E-010  7.23457E-034  1.00000E-040  6.57977E-033  1.58400E-039  2.17430E-040  2.53830E-011  9.27012E-025  4.28950E-026  1.00000E-040  1.00000E-040  8.03727E-030  8.41757E-034  4.43368E-030  9.03455E-038  4.90452E-025  1.29707E-016  1.49194E-018  4.93675E-033  1.00730E-032  1.00000E-005  1.00000E-005  1.00000E-005  1.00000E-005  1.00000E-005  1.00000E-005  1.00000E-005  1.00000E-005  1.00000E-005  1.00000E-005  1.00000E-005  
2.50000E+000  1.00603E+000  3.81798E+019  1.90851E+002  1.00000E+005  5.03421E+001  1.75937E+004  5.37729E-039  3.96760E+001  2.05703E-032  4.16909E-006  7.34333E-039  7.34333E-039  7.34333E-039  7.34333E-039  7.35069E-039  6.22101E-016  4.15953E-004  5.17658E-007  2.00959E-022  2.82741E-017  8.33716E-007  1.08065E-005  9.88998E-001  2.26765E-019  1.31832E-016  1.00000E-040  1.00000E-040  1.00000E-040  2.23421E-032  1.88258E-024  2.09208E-018  1.54214E-015  3.08757E-020  1.62179E-019  1.26215E-019  3.00212E-011  5.98678E-013  1.73535E-013  1.05722E-002  1.46581E-031  2.16670E-030  6.41725E-011  1.00000E-040  1.00000E-040  9.76973E-032  1.70138E-030  1.07190E-011  3.75113E-009  4.16905E-013  7.07493E-015  8.68965E-011  2.08124E-006  2.58064E-014  9.00591E-019  2.20961E-019  8.72768E-008  2.16488E-034  1.75429E-023  4.99845E-028  1.96705E-029  8.12002E-038  7.37848E-039  5.54719E-030  2.71782E-031  1.39628E-010  6.63387E-034  1.00000E-040  5.95682E-033  7.37425E-040  1.20169E-040  3.57242E-011  4.66244E-027  1.39464E-026  1.00000E-040  1.00000E-040  5.95492E-031  7.28697E-034  3.88947E-030  1.04656E-037  4.32688E-026  1.92083E-017  7.52483E-020  3.35324E-033  1.72942E-032  1.00000E-005  1.00000E-005  1.00000E-005  1.00000E-005  1.00000E-005  1.00000E-005  1.00000E-005  1.00000E-005  1.00000E-005  1.00000E-005  1.00000E-005  
3.50000E+000  1.00630E+000  3.81898E+019  1.90851E+002  1.00000E+005  5.21307E+001  1.71324E+004  4.73159E-039  3.55263E+001  3.32445E-032  4.01475E-006  7.07008E-039  7.07008E-039  7.07008E-039  7.07008E-039  7.07729E-039  3.62669E-016  3.86534E-004  5.13703E-007  9.72562E-023  2.36222E-017  1.18148E-006  1.08603E-005  9.89065E-001  9.37513E-020  7.78317E-017  1.00000E-040  1.00000E-040  1.00000E-040  7.71511E-033  8.78499E-025  1.70472E-018  1.34160E-015  2.20106E-020  1.20473E-019  1.12880E-019  3.56824E-011  6.44474E-013  2.53712E-013  1.05338E-002  1.30015E-031  1.94947E-030  5.77355E-011  1.00000E-040  1.00000E-040  8.82012E-032  1.53018E-030  9.69112E-012  3.45396E-009  4.89064E-013  5.97661E-015  7.24069E-011  1.93390E-006  2.29241E-014  3.89115E-019  5.79301E-020  7.93458E-008  1.94593E-034  6.11361E-024  4.49172E-028  8.34784E-031  7.30966E-038  6.78008E-039  5.00014E-030  2.37818E-031  1.08018E-010  6.09471E-034  1.00000E-040  5.33729E-033  3.64197E-040  1.00000E-040  4.49361E-011  8.84368E-028  1.09568E-026  1.00000E-040  1.00000E-040  1.14205E-031  6.38939E-034  3.53223E-030  1.18563E-037  1.29752E-026  6.53590E-018  6.52069E-021  2.75517E-033  2.19900E-032  1.00000E-005  1.00000E-005  1.00000E-005  1.00000E-005  1.00000E-005  1.00000E-005  1.00000E-005  1.00000E-005  1.00000E-005  1.00000E-005  1.00000E-005  
4.50000E+000  9.99061E-001  3.79152E+019  1.90851E+002  1.00000E+005  5.46179E+001  1.68899E+004  4.25131E-039  3.18005E+001  5.63846E-032  3.91752E-006  6.88899E-039  6.88899E-039  6.88899E-039  6.88899E-039  6.89614E-039  2.32697E-016  3.31852E-004  5.10754E-007  4.73040E-023  1.76602E-017  1.35758E-006  1.00262E-005  9.89138E-001  4.83153E-020  6.13016E-017  1.00000E-040  1.00000E-040  1.00000E-040  3.80840E-033  6.88647E-025  1.43332E-018  1.13429E-015  1.48256E-020  8.41619E-020  9.47516E-020  3.76773E-011  6.35231E-013  3.12581E-013  1.05162E-002  1.09183E-031  1.64755E-030  4.88040E-011  1.00000E-040  1.00000E-040  7.49072E-032  1.29294E-030  8.24659E-012  2.91850E-009  4.31689E-013  4.51131E-015  5.33999E-011  1.65981E-006  1.95428E-014  2.57520E-019  1.88902E-020  6.79387E-008  1.64494E-034  4.63183E-024  3.79285E-028  5.34371E-032  6.18599E-038  5.81336E-039  4.23521E-030  1.97025E-031  7.42886E-011  5.26035E-034  1.00000E-040  4.47264E-033  1.74553E-040  1.00000E-040  4.84148E-011  3.86564E-028  9.00880E-027  1.00000E-040  1.00000E-040  6.86863E-032  5.25687E-034  3.02181E-030  1.21540E-037  9.60597E-027  2.76149E-018  2.58252E-021  2.27522E-033  2.09782E-032  1.00000E-005  1.00000E-005  1.00000E-005  1.00000E-005  1.00000E-005  1.00000E-005  1.00000E-005  1.00000E-005  1.00000E-005  1.00000E-005  1.00000E-005  
5.50000E+000  9.41845E-001  3.57627E+019  1.90751E+002  1.00000E+005  3.11830E+001  9.10282E+003  2.10521E-039  1.49654E+001  5.35129E-032  2.09206E-006  3.66958E-039  3.66958E-039  3.66958E-039  3.66958E-039  3.67347E-039  1.11664E-016  1.83216E-004  5.13227E-007  8.78995E-024  5.84847E-018  9.18450E-007  5.88255E-006  9.89143E-001  1.99822E-020  3.21229E-017  1.00000E-040  1.00000E-040  5.49927E-039  1.57740E-033  3.64371E-025  8.73442E-019  6.20412E-016  3.96446E-021  2.32173E-020  5.12788E-020  2.50652E-011  4.09261E-013  2.32913E-013  1.06660E-002  6.13495E-032  8.95992E-031  2.65666E-011  1.00000E-040  1.00000E-040  4.10530E-032  7.04658E-031  4.53806E-012  1.49117E-009  1.15967E-013  1.47048E-015  1.60696E-011  9.15895E-007  1.09517E-014  7.64598E-020  1.86445E-021  3.77180E-008  8.96900E-035  2.44258E-024  2.06573E-028  1.39734E-032  3.37744E-038  3.20612E-039  2.31399E-030  1.05408E-031  2.07906E-011  2.91769E-034  1.00000E-040  2.42028E-033  1.00000E-040  1.00000E-040  3.08342E-011  1.38447E-028  4.86232E-027  1.00000E-040  1.00000E-040  3.38561E-032  2.80071E-034  1.66901E-030  7.74843E-038  5.13611E-027  7.69066E-019  1.09300E-021  1.41871E-033  6.33562E-033  1.00000E-005  1.00000E-005  1.00000E-005  1.00000E-005  1.00000E-005  1.00000E-005  1.00000E-005  1.00000E-005  1.00000E-005  1.00000E-005  1.00000E-005  
6.50000E+000  5.88948E-001  2.24327E+019  1.90157E+002  1.00000E+005  1.05914E+000  2.93310E+002  1.00000E-040  1.14707E-008  3.08558E-033  6.68886E-008  1.16878E-040  1.16878E-040  1.16878E-040  1.16878E-040  1.17004E-040  7.03226E-017  5.33845E-005  6.53575E-007  5.10534E-025  7.41243E-019  2.85401E-007  1.75066E-006  9.85956E-001  9.34408E-021  9.18699E-018  1.00000E-040  1.00000E-040  7.25207E-039  2.63085E-033  1.04659E-025  2.83759E-019  1.80173E-016  1.81349E-022  1.08269E-021  1.48306E-020  7.87491E-012  1.29987E-013  7.79733E-014  1.39880E-002  1.83429E-032  2.59313E-031  7.69630E-012  1.00000E-040  1.00000E-040  1.19337E-032  2.04374E-031  1.28867E-012  4.09381E-010  1.23979E-014  1.33620E-016  1.16968E-012  2.66786E-007  3.21784E-015  1.28830E-020  1.52955E-022  1.10460E-008  2.60157E-035  7.01050E-025  5.98886E-029  3.76882E-033  9.80294E-039  9.33707E-040  6.71798E-031  3.03376E-032  1.27131E-012  8.51047E-035  1.00000E-040  7.00252E-034  1.00000E-040  1.00000E-040  9.29320E-012  3.61091E-029  1.41386E-027  1.00000E-040  1.00000E-040  9.51398E-033  8.05993E-035  4.86672E-031  2.37387E-038  1.47169E-027  8.22528E-020  2.93893E-022  4.62456E-034  1.12825E-033  1.00000E-005  1.00000E-005  1.00000E-005  1.00000E-005  1.00000E-005  1.00000E-005  1.00000E-005  1.00000E-005  1.00000E-005  1.00000E-005  1.00000E-005  
7.50000E+000  2.85775E-001  1.10017E+019  1.88139E+002  1.00000E+005  2.12197E+000  5.61339E+002  1.10174E-040  4.20850E-008  1.07020E-032  1.27183E-007  2.21227E-040  2.21227E-040  2.21227E-040  2.21227E-040  2.21472E-040  2.17536E-017  1.92962E-005  8.83317E-007  5.17316E-026  1.29632E-019  1.29161E-007  6.86909E-007  9.78669E-001  2.67752E-021  3.07538E-018  1.00000E-040  1.00000E-040  1.00000E-040  5.61054E-034  3.58586E-026  1.10949E-019  6.40565E-017  8.24712E-024  5.00341E-023  5.19064E-021  3.50019E-012  5.47556E-014  4.34367E-014  2.13095E-002  6.62256E-033  9.19088E-032  2.72753E-012  1.00000E-040  1.00000E-040  4.28226E-033  7.25183E-032  4.18567E-013  1.40194E-010  1.24943E-015  1.28795E-017  7.47793E-014  9.63771E-008  1.10580E-015  1.87285E-021  1.29181E-023  4.00592E-009  9.25321E-036  2.39628E-025  2.12009E-029  1.25439E-033  3.49171E-039  3.35948E-040  2.39496E-031  1.05217E-032  7.41312E-014  3.09608E-035  1.00000E-040  2.45251E-034  1.00000E-040  1.00000E-040  3.99878E-012  7.79071E-030  4.86692E-028  1.00000E-040  1.00000E-040  3.18529E-033  2.76956E-035  1.77268E-031  1.02492E-038  5.07915E-028  6.28205E-020  9.98006E-023  1.71226E-034  2.38225E-034  1.00000E-005  1.00000E-005  1.00000E-005  1.00000E-005  1.00000E-005  1.00000E-005  1.00000E-005  1.00000E-005  1.00000E-005  1.00000E-005  1.00000E-005  
8.50000E+000  2.15576E-001  8.39108E+018  1.86080E+002  1.00000E+005  2.88182E+000  7.32692E+002  1.32501E-040  1.05495E-007  2.55107E-032  1.65199E-007  2.85765E-040  2.85765E-040  2.85765E-040  2.85765E-040  2.86088E-040  1.09017E-017  1.28559E-005  7.94897E-007  2.12176E-026  4.93747E-020  1.18206E-007  5.24720E-007  9.77908E-001  1.00062E-021  1.75196E-018  1.00000E-040  1.00000E-040  1.00000E-040  2.47669E-034  2.16493E-026  7.90189E-020  4.13500E-017  2.18419E-024  1.35546E-023  3.24248E-021  3.11851E-012  4.45997E-014  5.46577E-014  2.20777E-002  4.27363E-033  5.91692E-032  1.75241E-012  1.18931E-040  1.00000E-040  2.82286E-033  4.66740E-032  2.32512E-013  8.85828E-011  7.99907E-017  4.07274E-018  1.31638E-014  6.41537E-008  6.81100E-016  1.53576E-022  6.23637E-025  2.67728E-009  5.99138E-036  1.44028E-025  1.35780E-029  7.24661E-034  2.26616E-039  2.21396E-040  1.55669E-031  6.50194E-033  1.54303E-014  2.08157E-035  1.00000E-040  1.53735E-034  1.00000E-040  1.00000E-040  3.47573E-012  1.84186E-030  2.93829E-028  1.00000E-040  1.00000E-040  1.87878E-033  1.67689E-035  1.20469E-031  8.92668E-039  3.11683E-028  2.93336E-020  6.20025E-023  1.07268E-034  2.02766E-035  1.00000E-005  1.00000E-005  1.00000E-005  1.00000E-005  1.00000E-005  1.00000E-005  1.00000E-005  1.00000E-005  1.00000E-005  1.00000E-005  1.00000E-005  
9.50000E+000  1.86632E-001  7.34806E+018  1.83963E+002  1.00000E+005  3.39025E+000  8.33515E+002  1.38981E-040  2.30016E-007  5.33208E-032  1.87310E-007  3.21987E-040  3.21987E-040  3.21987E-040  3.21987E-040  3.22360E-040  8.17387E-018  1.28428E-005  6.25907E-007  5.46233E-026  5.41665E-020  1.40514E-007  5.70890E-007  9.79880E-001  6.21789E-022  1.55174E-018  1.00000E-040  1.00000E-040  1.00000E-040  1.70472E-034  2.02888E-026  8.08247E-020  4.04037E-017  1.68103E-024  1.06080E-023  3.08414E-021  3.68016E-012  4.94871E-014  8.00992E-014  2.01056E-002  4.15907E-033  5.77600E-032  1.70642E-012  1.28191E-040  1.00000E-040  2.80845E-033  4.55287E-032  1.93331E-013  8.56181E-011  2.16110E-017  4.16817E-018  8.99302E-015  6.40489E-008  6.27454E-016  2.33685E-023  4.93473E-026  2.68316E-009  5.87715E-036  1.34580E-025  1.31921E-029  6.56372E-034  2.22625E-039  2.18963E-040  1.53065E-031  6.17551E-033  1.06216E-014  2.08303E-035  1.00000E-040  1.47047E-034  1.00000E-040  1.00000E-040  4.02147E-012  8.11355E-031  2.75431E-028  1.00000E-040  1.00000E-040  1.74894E-033  1.57021E-035  1.22744E-031  1.04354E-038  2.94205E-028  5.88781E-020  5.95939E-023  1.01600E-034  6.34947E-036  1.00000E-005  1.00000E-005  1.00000E-005  1.00000E-005  1.00000E-005  1.00000E-005  1.00000E-005  1.00000E-005  1.00000E-005  1.00000E-005  1.00000E-005  
1.05000E+001  1.63443E-001  6.51279E+018  1.81767E+002  1.00000E+005  3.92004E+000  9.37501E+002  1.44266E-040  4.95144E-007  1.11426E-031  2.10338E-007  3.59046E-040  3.59046E-040  3.59046E-040  3.59046E-040  3.59472E-040  6.44317E-018  1.34495E-005  4.79025E-007  2.45657E-025  6.76451E-020  1.68879E-007  6.42991E-007  9.82090E-001  4.14322E-022  1.44018E-018  1.00000E-040  1.00000E-040  1.00000E-040  1.26751E-034  2.01218E-026  8.37237E-020  4.14557E-017  1.45046E-024  9.32755E-024  3.07702E-021  4.42398E-012  5.55177E-014  1.13669E-013  1.78952E-002  4.25952E-033  5.92358E-032  1.74477E-012  1.36112E-040  1.00000E-040  2.93734E-033  4.66558E-032  1.67086E-013  8.67357E-011  2.34599E-017  4.90016E-018  7.21159E-015  6.70358E-008  5.98957E-016  1.14032E-023  2.47592E-026  2.82174E-009  6.06008E-036  1.33138E-025  1.34636E-029  6.28795E-034  2.29845E-039  2.26792E-040  1.58142E-031  6.18312E-033  8.17953E-015  2.17685E-035  1.00000E-040  1.47854E-034  1.00000E-040  1.00000E-040  4.72321E-012  4.07798E-031  2.73208E-028  1.00000E-040  1.00000E-040  1.72758E-033  1.55245E-035  1.31443E-031  1.24459E-038  2.92541E-028  2.00013E-019  6.04376E-023  1.01899E-034  8.05061E-036  1.00000E-005  1.00000E-005  1.00000E-005  1.00000E-005  1.00000E-005  1.00000E-005  1.00000E-005  1.00000E-005  1.00000E-005  1.00000E-005  1.00000E-005  
1.15000E+001  1.42587E-001  5.75217E+018  1.79542E+002  1.00000E+005  4.52324E+000  1.05827E+003  1.50507E-040  1.06797E-006  2.40866E-031  2.37492E-007  4.02249E-040  4.02249E-040  4.02249E-040  4.02249E-040  4.02736E-040  5.07621E-018  1.41846E-005  3.62755E-007  1.00263E-024  8.64985E-020  2.02133E-007  7.27960E-007  9.84164E-001  2.77214E-022  1.32098E-018  1.00000E-040  1.00000E-040  1.00000E-040  9.52361E-035  2.01121E-026  8.39879E-020  4.27891E-017  1.25218E-024  8.23822E-024  3.07452E-021  5.31985E-012  6.11410E-014  1.52981E-013  1.58203E-002  4.39902E-033  6.11292E-032  1.79385E-012  1.44422E-040  1.00000E-040  3.09985E-033  4.81070E-032  1.44532E-013  8.81435E-011  2.86918E-017  5.94033E-018  5.89682E-015  7.06565E-008  5.66674E-016  7.03335E-024  2.41586E-026  2.99197E-009  6.29486E-036  1.32742E-025  1.38179E-029  6.03603E-034  2.39048E-039  2.36108E-040  1.64581E-031  6.22757E-033  6.18664E-015  2.28389E-035  1.00000E-040  1.49298E-034  1.00000E-040  1.00000E-040  5.53143E-012  2.03916E-031  2.72828E-028  1.00000E-040  1.00000E-040  1.71784E-033  1.54336E-035  1.42326E-031  1.48482E-038  2.92259E-028  6.14916E-019  6.17577E-023  1.03263E-034  1.21582E-035  1.00000E-005  1.00000E-005  1.00000E-005  1.00000E-005  1.00000E-005  1.00000E-005  1.00000E-005  1.00000E-005  1.00000E-005  1.00000E-005  1.00000E-005  
1.25000E+001  1.23683E-001  5.04983E+018  1.77399E+002  1.00000E+005  5.21758E+000  1.20085E+003  1.58134E-040  2.30260E-006  5.70075E-031  2.70097E-007  4.53552E-040  4.53552E-040  4.53552E-040  4.53552E-040  4.54115E-040  4.03279E-018  1.50452E-005  2.75802E-007  3.40290E-024  1.12654E-019  2.41359E-007  8.28031E-007  9.85962E-001  1.88161E-022  1.18603E-018  1.00000E-040  1.00000E-040  1.00000E-040  7.27978E-035  2.02167E-026  8.04523E-020  4.43508E-017  1.07057E-024  7.24487E-024  3.06730E-021  6.40376E-012  6.56851E-014  1.90459E-013  1.40214E-002  4.57367E-033  6.33666E-032  1.85101E-012  1.53584E-040  1.00000E-040  3.29654E-033  4.98223E-032  1.29225E-013  8.97236E-011  3.54341E-017  7.55565E-018  5.01305E-015  7.48937E-008  5.31645E-016  4.25010E-024  2.91716E-026  3.19432E-009  6.57667E-036  1.33096E-025  1.42342E-029  5.78144E-034  2.50062E-039  2.46661E-040  1.72268E-031  6.29576E-033  4.56974E-015  2.40184E-035  1.00000E-040  1.51034E-034  1.00000E-040  1.00000E-040  6.47619E-012  1.00846E-031  2.73461E-028  1.00000E-040  1.00000E-040  1.71393E-033  1.53883E-035  1.55641E-031  1.77325E-038  2.92681E-028  1.57599E-018  6.34675E-023  1.05419E-034  2.04342E-035  1.00000E-005  1.00000E-005  1.00000E-005  1.00000E-005  1.00000E-005  1.00000E-005  1.00000E-005  1.00000E-005  1.00000E-005  1.00000E-005  1.00000E-005  
1.35000E+001  1.06430E-001  4.40490E+018  1.75002E+002  1.00000E+005  6.03337E+000  1.37416E+003  1.67752E-040  4.99328E-006  2.06131E-030  3.10598E-007  5.16480E-040  5.16480E-040  5.16480E-040  5.16480E-040  5.17136E-040  3.08900E-018  1.60819E-005  2.02015E-007  1.00285E-023  1.50885E-019  2.88363E-007  9.48277E-007  9.87831E-001  1.22093E-022  1.03116E-018  1.00000E-040  1.00000E-040  1.00000E-040  5.41421E-035  2.04791E-026  7.16101E-020  4.62457E-017  9.10895E-025  6.37676E-024  3.05460E-021  7.73369E-012  6.80518E-014  2.11991E-013  1.21518E-002  4.79615E-033  6.61010E-032  1.91999E-012  1.64412E-040  1.00000E-040  3.54102E-033  5.19180E-032  1.26189E-013  9.16493E-011  4.43481E-017  1.02639E-017  4.43121E-015  7.99973E-008  4.86748E-016  2.39020E-024  3.82424E-026  3.44129E-009  6.92524E-036  1.34477E-025  1.47408E-029  5.51813E-034  2.63641E-039  2.59013E-040  1.81722E-031  6.39809E-033  3.21833E-015  2.53558E-035  1.00000E-040  1.53215E-034  1.00000E-040  1.00000E-040  7.61430E-012  4.65985E-032  2.75341E-028  1.00000E-040  1.00000E-040  1.71727E-033  1.54055E-035  1.72299E-031  2.12510E-038  2.94178E-028  3.43741E-018  6.57310E-023  1.08538E-034  3.86940E-035  1.00000E-005  1.00000E-005  1.00000E-005  1.00000E-005  1.00000E-005  1.00000E-005  1.00000E-005  1.00000E-005  1.00000E-005  1.00000E-005  1.00000E-005  
1.45000E+001  9.07519E-002  3.80478E+018  1.72760E+002  1.00000E+005  6.99663E+000  1.58537E+003  1.79806E-040  1.08470E-005  1.74234E-029  3.61091E-007  5.93778E-040  5.93778E-040  5.93778E-040  5.93778E-040  5.94550E-040  2.40928E-018  1.73410E-005  1.49904E-007  2.56386E-023  2.06597E-019  3.45559E-007  1.09461E-006  9.89351E-001  8.10766E-023  8.59630E-019  1.00000E-040  1.00000E-040  1.00000E-040  4.13325E-035  2.09272E-026  5.90719E-020  4.85599E-017  7.67114E-025  5.57660E-024  3.03368E-021  9.38254E-012  6.79370E-014  2.09859E-013  1.06301E-002  5.07482E-033  6.94546E-032  2.00351E-012  1.77309E-040  1.00000E-040  3.84597E-033  5.44842E-032  1.42231E-013  9.40425E-011  5.60658E-017  1.55471E-017  4.31603E-015  8.61952E-008  4.43116E-016  1.27050E-024  4.82823E-026  3.74463E-009  7.35725E-036  1.37063E-025  1.53580E-029  5.23776E-034  2.80432E-039  2.73623E-040  1.93389E-031  6.54058E-033  2.27057E-015  2.68918E-035  1.00000E-040  1.55895E-034  1.00000E-040  1.00000E-040  9.01067E-012  2.11568E-032  2.78505E-028  1.00000E-040  1.00000E-040  1.72819E-033  1.54902E-035  1.93230E-031  2.55997E-038  2.96915E-028  6.51389E-018  6.86734E-023  1.12720E-034  7.94994E-035  1.00000E-005  1.00000E-005  1.00000E-005  1.00000E-005  1.00000E-005  1.00000E-005  1.00000E-005  1.00000E-005  1.00000E-005  1.00000E-005  1.00000E-005  
1.55000E+001  7.65361E-002  3.25424E+018  1.70347E+002  1.00000E+005  8.17370E+000  1.85143E+003  1.94970E-040  2.38950E-005  2.63432E-028  4.26199E-007  6.91800E-040  6.91800E-040  6.91800E-040  6.91800E-040  6.92721E-040  1.82489E-018  1.88980E-005  1.08284E-007  5.97707E-023  2.92185E-019  4.16587E-007  1.27608E-006  9.90824E-001  5.17802E-023  6.83727E-019  1.00000E-040  1.00000E-040  1.00000E-040  3.08973E-035  2.16137E-026  4.52828E-020  5.14452E-017  6.45169E-025  4.87386E-024  3.00369E-021  1.14595E-011  6.55940E-014  1.89685E-013  9.15475E-003  5.42406E-033  7.36434E-032  2.10672E-012  1.93116E-040  1.00000E-040  4.23143E-033  5.76825E-032  1.76417E-013  9.71216E-011  7.21342E-017  2.61336E-017  4.54776E-015  9.38587E-008  3.93967E-016  6.36293E-025  5.65297E-026  4.12312E-009  7.90052E-036  1.41186E-025  1.61246E-029  4.93992E-034  3.01505E-039  2.91318E-040  2.08010E-031  6.73614E-033  1.59341E-015  2.87028E-035  1.00000E-040  1.59274E-034  1.00000E-040  1.00000E-040  1.07480E-011  9.15204E-033  2.83276E-028  1.00000E-040  1.00000E-040  1.74873E-033  1.56617E-035  2.19858E-031  3.10707E-038  3.01319E-028  1.10192E-017  7.25123E-023  1.18228E-034  1.69019E-034  1.00000E-005  1.00000E-005  1.00000E-005  1.00000E-005  1.00000E-005  1.00000E-005  1.00000E-005  1.00000E-005  1.00000E-005  1.00000E-005  1.00000E-005  
1.65000E+001  6.36827E-002  2.74746E+018  1.67883E+002  1.00000E+005  9.63742E+000  2.19324E+003  2.14262E-040  5.68142E-005  5.34043E-027  5.12161E-007  8.18238E-040  8.18238E-040  8.18238E-040  8.18238E-040  8.19354E-040  1.36938E-018  2.08629E-005  7.71445E-008  1.29997E-022  4.29152E-019  5.06722E-007  1.50600E-006  9.92144E-001  3.25280E-023  5.17699E-019  1.00000E-040  1.00000E-040  1.00000E-040  2.30819E-035  2.26148E-026  3.27863E-020  5.51132E-017  5.42522E-025  4.24671E-024  2.96139E-021  1.41242E-011  6.18360E-014  1.62217E-013  7.83249E-003  5.86510E-033  7.89730E-032  2.23673E-012  2.12880E-040  1.00000E-040  4.72725E-033  6.17405E-032  2.26328E-013  1.01161E-010  9.48473E-017  4.84002E-017  5.13470E-015  1.03529E-007  3.44748E-016  3.06517E-025  6.14337E-026  4.60451E-009  8.59548E-036  1.47332E-025  1.70941E-029  4.62604E-034  3.28419E-039  3.13247E-040  2.26662E-031  7.00217E-033  1.14258E-015  3.08924E-035  1.00000E-040  1.63583E-034  1.00000E-040  1.00000E-040  1.29442E-011  3.98006E-033  2.90085E-028  1.00000E-040  1.00000E-040  1.78151E-033  1.59434E-035  2.54336E-031  3.80846E-038  3.07903E-028  1.70740E-017  7.75626E-023  1.25471E-034  3.65135E-034  1.00000E-005  1.00000E-005  1.00000E-005  1.00000E-005  1.00000E-005  1.00000E-005  1.00000E-005  1.00000E-005  1.00000E-005  1.00000E-005  1.00000E-005  
1.75000E+001  5.20923E-002  2.28149E+018  1.65376E+002  1.00000E+005  1.15250E+001  2.65047E+003  2.39369E-040  1.81760E-004  1.15495E-025  6.30992E-007  9.87229E-040  9.87229E-040  9.87229E-040  9.87229E-040  9.88609E-040  1.02575E-018  2.34130E-005  5.44029E-008  2.73703E-022  6.60255E-019  6.24352E-007  1.80563E-006  9.93296E-001  2.02062E-023  3.74123E-019  1.00000E-040  1.00000E-040  1.00000E-040  1.73831E-035  2.40562E-026  2.28316E-020  5.99043E-017  4.57000E-025  3.68716E-024  2.90222E-021  1.76314E-011  5.75542E-014  1.37150E-013  6.67772E-003  6.43321E-033  8.59387E-032  2.40508E-012  2.38326E-040  1.00000E-040  5.38157E-033  6.70281E-032  2.89340E-013  1.06587E-010  1.28265E-016  9.68260E-017  6.08983E-015  1.16078E-007  2.98174E-016  1.44532E-025  6.32330E-026  5.23356E-009  9.50761E-036  1.56297E-025  1.83535E-029  4.30323E-034  3.63699E-039  3.41270E-040  2.51087E-031  7.36734E-033  8.45161E-016  3.36283E-035  1.00000E-040  1.69215E-034  1.00000E-040  1.00000E-040  1.57913E-011  1.89943E-033  2.99691E-028  1.00000E-040  1.00000E-040  1.83100E-033  1.63755E-035  3.00125E-031  4.72984E-038  3.17520E-028  2.50763E-017  8.43371E-023  1.35141E-034  8.15704E-034  1.00000E-005  1.00000E-005  1.00000E-005  1.00000E-005  1.00000E-005  1.00000E-005  1.00000E-005  1.00000E-005  1.00000E-005  1.00000E-005  1.00000E-005  
1.85000E+001  4.16586E-002  1.85451E+018  1.62702E+002  1.00000E+005  1.41024E+001  3.30252E+003  2.73269E-040  1.08041E-003  2.33708E-024  8.07560E-007  1.22600E-039  1.22600E-039  1.22600E-039  1.22600E-039  1.22776E-039  7.56760E-019  2.68551E-005  3.73486E-008  5.81471E-022  1.08202E-018  7.83807E-007  2.21140E-006  9.94349E-001  1.21378E-023  2.60198E-019  1.00000E-040  1.00000E-040  1.00000E-040  1.30549E-035  2.61587E-026  1.54677E-020  6.64091E-017  3.86866E-025  3.19688E-024  2.81942E-021  2.24179E-011  5.33687E-014  1.21485E-013  5.62120E-003  7.19081E-033  9.54015E-032  2.63195E-012  2.72469E-040  1.00000E-040  6.27760E-033  7.41894E-032  3.65681E-013  1.14134E-010  1.80355E-016  2.08133E-016  7.45125E-015  1.33014E-007  2.53497E-016  6.64020E-026  6.35701E-026  6.08758E-009  1.07505E-035  1.69491E-025  2.00553E-029  3.98575E-034  4.11720E-039  3.78627E-040  2.84306E-031  7.88214E-033  6.40028E-016  3.72035E-035  1.00000E-040  1.76874E-034  1.00000E-040  1.00000E-040  1.96246E-011  1.12091E-033  3.13469E-028  1.00000E-040  1.00000E-040  1.90531E-033  1.70303E-035  3.63173E-031  5.98100E-038  3.31685E-028  3.58436E-017  9.37292E-023  1.48462E-034  1.92086E-033  1.00000E-005  1.00000E-005  1.00000E-005  1.00000E-005  1.00000E-005  1.00000E-005  1.00000E-005  1.00000E-005  1.00000E-005  1.00000E-005  1.00000E-005  
1.95000E+001  3.21550E-002  1.45589E+018  1.59969E+002  1.00000E+005  1.79211E+001  4.32744E+003  3.22803E-040  1.53663E-002  4.10204E-023  1.10184E-006  1.59245E-039  1.59245E-039  1.59245E-039  1.59245E-039  1.59479E-039  5.76283E-019  3.18824E-005  2.55808E-008  1.27557E-021  1.93669E-018  1.01550E-006  2.80166E-006  9.95198E-001  7.36792E-024  1.77142E-019  1.00000E-040  1.00000E-040  1.00000E-040  1.03047E-035  2.94480E-026  1.04059E-020  7.60090E-017  3.28246E-025  2.76093E-024  2.70381E-021  2.94059E-011  5.01205E-014  1.26372E-013  4.76561E-003  8.28580E-033  1.09373E-031  2.96561E-012  3.22150E-040  1.00000E-040  7.60008E-033  8.47387E-032  4.63124E-013  1.25596E-010  2.68757E-016  4.80534E-016  9.41162E-015  1.57753E-007  2.16680E-016  3.02624E-026  6.54131E-026  7.33895E-009  1.25840E-035  1.90272E-025  2.25642E-029  3.70699E-034  4.82485E-039  4.32939E-040  3.33226E-031  8.67132E-033  5.05943E-016  4.23136E-035  1.00000E-040  1.88456E-034  1.00000E-040  1.00000E-040  2.51629E-011  9.50669E-034  3.35083E-028  1.00000E-040  1.00000E-040  2.02606E-033  1.81009E-035  4.56334E-031  7.78872E-038  3.54363E-028  5.09659E-017  1.07818E-022  1.68357E-034  4.96310E-033  1.00000E-005  1.00000E-005  1.00000E-005  1.00000E-005  1.00000E-005  1.00000E-005  1.00000E-005  1.00000E-005  1.00000E-005  1.00000E-005  1.00000E-005  
2.05000E+001  2.28764E-002  1.05448E+018  1.57133E+002  1.00000E+005  2.51032E+001  6.39338E+003  4.13049E-040  3.59021E-001  5.83614E-022  1.74139E-006  2.31033E-039  2.31033E-039  2.31033E-039  2.31033E-039  2.31382E-039  4.95870E-019  4.10171E-005  1.81374E-008  3.14758E-021  4.16125E-018  1.42193E-006  3.84434E-006  9.95721E-001  4.82019E-024  1.24194E-019  1.00000E-040  1.00000E-040  1.00000E-040  9.60697E-036  3.59351E-026  7.54508E-021  9.39850E-017  2.79766E-025  2.38241E-024  2.57329E-021  4.16721E-011  5.08375E-014  1.97473E-013  4.23245E-003  1.02912E-032  1.35518E-031  3.59715E-012  4.12469E-040  1.00000E-040  1.00004E-032  1.04498E-031  6.16464E-013  1.48357E-010  4.57492E-016  1.24521E-015  1.27715E-014  2.02729E-007  1.94279E-016  1.42109E-026  7.84605E-026  9.60163E-009  1.59656E-035  2.31528E-025  2.73277E-029  3.60819E-034  6.12816E-039  5.33697E-040  4.23273E-031  1.02472E-032  4.33151E-016  5.17158E-035  1.00000E-040  2.12856E-034  1.00000E-040  1.00000E-040  3.48406E-011  1.28785E-033  3.81144E-028  1.00000E-040  1.00000E-040  2.29194E-033  2.04687E-035  6.23311E-031  1.09091E-037  4.03325E-028  7.64655E-017  1.34399E-022  2.06164E-034  1.62670E-032  1.00000E-005  1.00000E-005  1.00000E-005  1.00000E-005  1.00000E-005  1.00000E-005  1.00000E-005  1.00000E-005  1.00000E-005  1.00000E-005  1.00000E-005  
2.15000E+001  1.55938E-002  7.32729E+017  1.54143E+002  1.00000E+005  3.77065E+001  1.02714E+004  5.50827E-040  2.19626E+000  6.27325E-021  3.05902E-006  3.69844E-039  3.69844E-039  3.69844E-039  3.69844E-039  3.70422E-039  4.57510E-019  5.50022E-005  1.26336E-008  8.48258E-021  9.99176E-018  2.07087E-006  5.49600E-006  9.96185E-001  3.23216E-024  8.68593E-020  1.00000E-040  1.00000E-040  1.00000E-040  9.66569E-036  4.57223E-026  6.53417E-021  1.20735E-016  2.37322E-025  2.03749E-024  2.14900E-021  6.14052E-011  5.75465E-014  4.64293E-013  3.75206E-003  1.32454E-032  1.74528E-031  4.51453E-012  5.50232E-040  1.00000E-040  1.37534E-032  1.33790E-031  8.27059E-013  1.80704E-010  9.69030E-016  3.48911E-015  1.77682E-014  2.71534E-007  1.74690E-016  6.52381E-027  1.26162E-025  1.31114E-008  2.11173E-035  2.93741E-025  3.42427E-029  3.54227E-034  8.11426E-039  6.82046E-040  5.60454E-031  1.24925E-032  3.83249E-016  6.52842E-035  1.00000E-040  2.43524E-034  1.00000E-040  1.00000E-040  5.00467E-011  2.60980E-033  4.41471E-028  1.00000E-040  1.00000E-040  2.63860E-033  2.35584E-035  8.89751E-031  1.57586E-037  4.68193E-028  1.16718E-016  1.74621E-022  2.62123E-034  6.93080E-032  1.00000E-005  1.00000E-005  1.00000E-005  1.00000E-005  1.00000E-005  1.00000E-005  1.00000E-005  1.00000E-005  1.00000E-005  1.00000E-005  1.00000E-005  
2.25000E+001  1.04162E-002  4.99092E+017  1.51163E+002  1.00000E+005  6.00606E+001  1.70493E+004  7.48539E-040  7.88601E+000  3.50403E-020  5.55123E-006  6.63992E-039  6.63992E-039  6.63992E-039  6.63992E-039  6.65059E-039  5.31625E-019  7.51570E-005  8.68376E-009  2.38647E-020  2.65458E-017  3.06766E-006  8.00379E-006  9.96609E-001  2.63651E-024  5.93726E-020  1.00000E-040  1.00000E-040  1.01213E-039  1.18556E-035  5.93028E-026  1.06607E-020  1.57461E-016  1.98690E-025  1.71451E-024  1.03289E-021  9.19945E-011  9.01943E-014  1.39831E-012  3.30389E-003  1.72571E-032  2.28316E-031  5.72338E-012  7.47803E-040  1.00000E-040  1.93269E-032  1.73762E-031  1.08048E-012  2.21463E-010  3.46594E-015  1.00927E-014  2.45721E-014  3.70574E-007  1.57078E-016  2.94229E-027  3.16209E-025  1.82690E-008  2.84675E-035  3.79877E-025  4.33386E-029  3.44189E-034  1.09499E-038  8.82735E-040  7.56254E-031  1.53195E-032  3.50420E-016  8.30864E-035  1.00000E-040  2.72429E-034  1.00000E-040  1.00000E-040  7.26511E-011  9.70130E-033  5.04299E-028  1.00000E-040  1.00000E-040  2.99203E-033  2.67102E-035  1.29730E-030  2.28037E-037  5.37290E-028  1.75830E-016  2.31183E-022  3.38059E-034  5.14678E-031  1.00000E-005  1.00000E-005  1.00000E-005  1.00000E-005  1.00000E-005  1.00000E-005  1.00000E-005  1.00000E-005  1.00000E-005  1.00000E-005  1.00000E-005  
2.35000E+001  6.75472E-003  3.30361E+017  1.48093E+002  1.00000E+005  1.00742E+002  2.73267E+004  1.04640E-039  2.25480E+001  9.61277E-020  9.47860E-006  1.35072E-038  1.35072E-038  1.35072E-038  1.35072E-038  1.35292E-038  2.85138E-018  1.05619E-004  5.83090E-009  7.30342E-020  1.68116E-016  4.66609E-006  1.19843E-005  9.97002E-001  9.45614E-024  4.00253E-020  1.00000E-040  1.00000E-040  8.54607E-038  6.31258E-035  7.91378E-026  6.26481E-020  2.10286E-016  1.64505E-025  1.42322E-024  4.32125E-022  1.41385E-010  2.66917E-013  4.69546E-012  2.87553E-003  2.29530E-032  3.06058E-031  7.38316E-012  1.04515E-039  1.00000E-040  2.80093E-032  2.30880E-031  1.35070E-012  2.75148E-010  2.50982E-014  3.15107E-014  3.50155E-014  5.20083E-007  1.41220E-016  1.29818E-027  1.22158E-024  2.62162E-008  3.94757E-035  5.05435E-025  5.58033E-029  3.37138E-034  1.51994E-038  1.16684E-039  1.04957E-030  1.89971E-032  3.83773E-016  1.07354E-034  1.00000E-040  2.93584E-034  1.00000E-040  1.00000E-040  1.06762E-010  8.48345E-032  5.63905E-028  1.00000E-040  1.00000E-040  3.31215E-033  2.95687E-035  1.94964E-030  3.29424E-037  6.06065E-028  2.66561E-016  3.14750E-022  4.45967E-034  1.91777E-029  1.00000E-005  1.00000E-005  1.00000E-005  1.00000E-005  1.00000E-005  1.00000E-005  1.00000E-005  1.00000E-005  1.00000E-005  1.00000E-005  1.00000E-005  
2.45000E+001  4.20931E-003  2.10456E+017  1.44866E+002  1.00000E+005  1.69080E+002  3.77776E+004  1.52024E-039  5.57076E+001  1.56274E-019  1.33280E-005  2.96034E-038  2.96034E-038  2.96034E-038  2.96034E-038  2.96508E-038  5.91386E-017  1.54191E-004  3.78168E-009  2.62841E-019  4.80301E-015  7.36259E-006  1.86371E-005  9.97358E-001  1.23201E-022  2.68892E-020  1.00000E-040  1.00000E-040  1.49203E-036  1.28080E-033  1.09757E-025  9.46829E-019  2.90174E-016  1.35455E-025  1.16634E-024  1.64035E-022  2.24865E-010  1.28411E-012  1.61285E-011  2.46149E-003  3.14655E-032  4.24364E-031  9.76317E-012  1.51620E-039  1.00000E-040  4.22871E-032  3.16706E-031  1.60141E-012  3.49869E-010  2.41505E-013  1.30128E-013  6.18620E-014  7.58179E-007  1.27827E-016  5.59963E-028  6.21100E-024  3.91364E-008  5.68770E-035  6.98888E-025  7.36373E-029  3.43181E-034  2.19206E-038  1.59753E-039  1.51331E-030  2.39231E-032  1.79533E-015  1.41798E-034  1.00000E-040  2.92385E-034  1.00000E-040  1.00000E-040  1.58166E-010  1.00154E-030  6.03874E-028  1.00000E-040  1.00000E-040  3.48942E-033  3.11605E-035  3.05002E-030  4.67557E-037  6.60141E-028  4.29020E-016  4.45108E-022  6.07168E-034  2.36606E-027  1.00000E-005  1.00000E-005  1.00000E-005  1.00000E-005  1.00000E-005  1.00000E-005  1.00000E-005  1.00000E-005  1.00000E-005  1.00000E-005  1.00000E-005  
2.55000E+001  2.59415E-003  1.32556E+017  1.41746E+002  1.00000E+005  2.44922E+002  3.72209E+004  2.23090E-039  1.06940E+002  1.48264E-019  1.26676E-005  5.92368E-038  5.92368E-038  5.92368E-038  5.92368E-038  5.93267E-038  7.08174E-016  2.27179E-004  2.42948E-009  1.10618E-018  8.57235E-014  1.17102E-005  2.92469E-005  9.97640E-001  8.95504E-022  1.75230E-020  1.00000E-040  1.00000E-040  9.31983E-036  1.30744E-032  1.53708E-025  1.03200E-017  4.01178E-016  1.13608E-025  9.33186E-025  6.05018E-023  3.58081E-010  5.32711E-012  5.16496E-011  2.09039E-003  4.32403E-032  5.90622E-031  1.28082E-011  2.20491E-039  1.00000E-040  6.46055E-032  4.35108E-031  1.88346E-012  4.43314E-010  1.82420E-012  7.21197E-013  1.41989E-013  1.11536E-006  1.22341E-016  2.61669E-028  3.43426E-023  5.90516E-008  8.27218E-035  9.75750E-025  9.63644E-029  3.65528E-034  3.19105E-038  2.21967E-039  2.20217E-030  2.94648E-032  1.66013E-014  1.85072E-034  1.00000E-040  2.30613E-034  1.00000E-040  4.97380E-040  2.24999E-010  8.05957E-030  5.60483E-028  1.00000E-040  1.00000E-040  3.13625E-033  2.80314E-035  4.82489E-030  5.97196E-037  6.35122E-028  7.62423E-016  6.35150E-022  8.27244E-034  1.23127E-025  1.00000E-005  1.00000E-005  1.00000E-005  1.00000E-005  1.00000E-005  1.00000E-005  1.00000E-005  1.00000E-005  1.00000E-005  1.00000E-005  1.00000E-005  
2.65000E+001  1.56593E-003  8.18228E+016  1.38617E+002  1.00000E+005  2.36803E+002  1.90885E+004  3.33781E-039  1.26063E+002  6.30430E-020  6.00393E-006  8.45607E-038  8.45607E-038  8.45607E-038  8.45607E-038  8.46754E-038  5.89398E-015  3.40992E-004  1.52915E-009  5.50904E-018  7.25110E-013  1.89530E-005  4.67545E-005  9.97837E-001  4.32797E-021  1.12205E-020  1.00000E-040  1.00000E-040  3.17377E-035  6.53457E-032  2.19421E-025  4.90597E-017  5.58722E-016  9.98162E-026  7.26235E-025  2.14357E-023  5.68743E-010  1.45776E-011  1.46990E-010  1.75439E-003  6.05406E-032  8.30881E-031  1.67294E-011  3.18713E-039  1.00000E-040  1.00714E-031  6.02705E-031  2.66135E-012  5.69399E-010  8.50209E-012  4.52596E-012  3.58842E-013  1.67131E-006  1.60037E-016  2.19662E-028  1.77396E-022  9.09232E-008  1.22589E-034  1.38856E-024  1.25473E-028  4.09363E-034  4.73305E-038  3.14642E-039  3.26444E-030  3.53561E-032  8.23567E-014  2.38325E-034  1.00000E-040  1.01671E-034  1.00000E-040  4.57954E-039  3.08243E-010  3.11633E-029  3.72796E-028  1.00000E-040  1.00000E-040  1.93495E-033  1.73465E-035  7.79094E-030  6.30675E-037  4.62413E-028  1.49394E-015  9.23022E-022  1.13147E-033  2.26793E-024  1.00000E-005  1.00000E-005  1.00000E-005  1.00000E-005  1.00000E-005  1.00000E-005  1.00000E-005  1.00000E-005  1.00000E-005  1.00000E-005  1.00000E-005  
2.75000E+001  9.77823E-004  5.21291E+016  1.35862E+002  1.00000E+005  1.20894E+002  3.90316E+003  4.82020E-039  8.09275E+001  1.04090E-020  1.27181E-006  7.44203E-038  7.44203E-038  7.44203E-038  7.44203E-038  7.45024E-038  3.12499E-014  4.93733E-004  9.66168E-010  2.55492E-017  2.98422E-012  2.95677E-005  7.21065E-005  9.97920E-001  1.36004E-020  6.76075E-021  1.00000E-040  1.00000E-040  7.08271E-035  1.27694E-031  3.02306E-025  1.22345E-016  7.24688E-016  8.18874E-026  5.18501E-025  8.04655E-024  8.40149E-010  2.77907E-011  3.51596E-010  1.48218E-003  8.24583E-032  1.11750E-030  2.06241E-011  4.29227E-039  1.00000E-040  1.51277E-031  7.96513E-031  4.19805E-012  7.09806E-010  2.24519E-011  4.63715E-011  1.45640E-012  2.41541E-006  3.86162E-016  6.39523E-028  6.92263E-022  1.35265E-007  1.75275E-034  1.90706E-024  1.54088E-028  4.04865E-034  6.77263E-038  4.12331E-039  4.66659E-030  3.92246E-032  2.07168E-013  2.84232E-034  1.00000E-040  2.38986E-035  1.00000E-040  1.99249E-038  4.07605E-010  4.74121E-029  1.52807E-028  1.00000E-040  1.00000E-040  7.22048E-034  6.55420E-036  1.21567E-029  6.95049E-037  2.23340E-028  2.82718E-015  1.29335E-021  1.45204E-033  1.60013E-023  1.00000E-005  1.00000E-005  1.00000E-005  1.00000E-005  1.00000E-005  1.00000E-005  1.00000E-005  1.00000E-005  1.00000E-005  1.00000E-005  1.00000E-005  
2.85000E+001  6.45855E-004  3.50363E+016  1.33516E+002  1.00000E+005  3.14401E+001  2.97903E+002  6.56392E-039  3.20827E+001  9.93814E-022  2.31433E-007  4.74385E-038  4.74385E-038  4.74385E-038  4.74385E-038  4.74750E-038  1.08315E-013  6.74842E-004  4.52817E-010  9.43420E-017  7.73218E-012  4.35268E-005  1.05013E-004  9.97901E-001  2.93813E-020  3.79522E-021  1.00000E-040  1.00000E-040  1.19267E-034  1.08049E-031  3.93289E-025  2.21457E-016  8.59643E-016  6.17242E-026  3.42209E-025  3.35675E-024  1.12586E-009  4.29261E-011  7.16240E-010  1.27192E-003  1.06745E-031  1.40575E-030  2.35564E-011  5.36047E-039  1.00000E-040  2.13876E-031  9.82821E-031  6.17148E-012  8.43034E-010  3.99700E-011  4.72124E-010  3.25238E-012  3.29454E-006  1.09825E-015  2.73903E-027  1.92207E-021  1.90275E-007  2.36581E-034  2.47315E-024  1.75194E-028  3.61532E-034  9.14831E-038  4.95503E-039  6.29377E-030  3.97015E-032  3.45322E-013  3.05438E-034  1.00000E-040  3.97796E-036  1.00000E-040  5.15017E-038  5.29305E-010  3.59108E-029  4.11370E-029  1.00000E-040  1.00000E-040  1.77859E-034  1.73520E-036  1.79379E-029  9.20231E-037  7.51061E-029  4.67589E-015  1.70956E-021  1.70087E-033  5.89246E-023  1.00000E-005  1.00000E-005  1.00000E-005  1.00000E-005  1.00000E-005  1.00000E-005  1.00000E-005  1.00000E-005  1.00000E-005  1.00000E-005  1.00000E-005  
2.95000E+001  4.79089E-004  2.63072E+016  1.31904E+002  1.00000E+005  4.21184E+000  8.98243E+000  7.93973E-039  9.53123E+000  9.83491E-023  6.43863E-008  2.68836E-038  2.68836E-038  2.68836E-038  2.68836E-038  2.68953E-038  2.50009E-013  8.20696E-004  1.51245E-010  2.26697E-016  1.45062E-011  5.70152E-005  1.36168E-004  9.97846E-001  4.79341E-020  1.89692E-021  1.00000E-040  1.00000E-040  1.55316E-034  4.62414E-032  4.55286E-025  3.30445E-016  9.01744E-016  4.52861E-026  2.17854E-025  1.76424E-024  1.29348E-009  5.57351E-011  1.21215E-009  1.13604E-003  1.23217E-031  1.55787E-030  2.35455E-011  5.95047E-039  1.00000E-040  2.68145E-031  1.06665E-030  7.75147E-012  8.98003E-010  5.52681E-011  2.00593E-009  1.54111E-012  3.99723E-006  2.50143E-015  8.88269E-027  3.79421E-021  2.38584E-007  2.84123E-034  2.85374E-024  1.74185E-028  2.92612E-034  1.09942E-037  5.27192E-039  7.54692E-030  3.48068E-032  4.61616E-013  2.77997E-034  1.00000E-040  9.44653E-037  1.00000E-040  9.08629E-038  6.37852E-010  1.59652E-029  8.05536E-030  1.00000E-040  1.00000E-040  3.02494E-035  4.38347E-037  2.35970E-029  1.12856E-036  1.79581E-029  6.28648E-015  2.00865E-021  1.73339E-033  1.35892E-022  1.00000E-005  1.00000E-005  1.00000E-005  1.00000E-005  1.00000E-005  1.00000E-005  1.00000E-005  1.00000E-005  1.00000E-005  1.00000E-005  1.00000E-005  
3.05000E+001  3.98052E-004  2.20158E+016  1.30955E+002  1.00000E+005  3.17163E-001  1.63320E-001  8.56871E-039  2.72038E+000  1.54346E-023  3.37629E-008  1.64626E-038  1.64626E-038  1.64626E-038  1.64626E-038  1.64657E-038  4.23556E-013  8.91059E-004  5.51623E-011  3.77459E-016  2.22653E-011  6.67041E-005  1.57788E-004  9.97821E-001  6.52244E-020  8.69940E-022  1.00000E-040  1.00000E-040  1.65961E-034  1.61502E-032  4.70492E-025  4.37283E-016  8.53031E-016  3.39440E-026  1.38658E-025  1.18861E-024  1.28230E-009  6.32628E-011  1.75897E-009  1.05866E-003  1.26655E-031  1.52440E-030  2.06916E-011  5.87939E-039  1.00000E-040  2.99247E-031  1.02045E-030  8.55776E-012  8.58693E-010  6.69590E-011  4.04888E-009  4.09825E-013  4.32862E-006  4.55383E-015  2.12834E-026  5.88727E-021  2.67620E-007  3.04614E-034  2.93920E-024  1.52127E-028  2.23444E-034  1.17945E-037  4.98286E-039  8.07233E-030  2.66927E-032  5.58546E-013  2.14827E-034  1.00000E-040  5.68286E-037  1.00000E-040  1.25654E-037  7.06439E-010  4.89739E-030  1.67196E-030  1.00000E-040  1.00000E-040  3.80692E-036  1.99752E-037  2.77730E-029  1.11014E-036  3.31523E-030  7.34578E-015  2.10446E-021  1.57283E-033  2.35431E-022  1.00000E-005  1.00000E-005  1.00000E-005  1.00000E-005  1.00000E-005  1.00000E-005  1.00000E-005  1.00000E-005  1.00000E-005  1.00000E-005  1.00000E-005  
3.15000E+001  3.41317E-004  1.89948E+016  1.30148E+002  1.00000E+005  1.54135E-002  4.35317E-003  8.94333E-039  9.57859E-001  4.24354E-024  2.71007E-008  1.23352E-038  1.23352E-038  1.23352E-038  1.23352E-038  1.23359E-038  6.53139E-013  9.37709E-004  2.54049E-011  5.70082E-016  3.24628E-011  7.56854E-005  1.77418E-004  9.97805E-001  8.35864E-020  4.22622E-022  1.00000E-040  1.00000E-040  1.64655E-034  1.13409E-032  4.71155E-025  5.62966E-016  7.86358E-016  2.63236E-026  8.89028E-026  8.65710E-025  1.19160E-009  6.83032E-011  2.41964E-009  9.98875E-004  1.25299E-031  1.42764E-030  1.73721E-011  5.53764E-039  1.00000E-040  3.22966E-031  9.32642E-031  9.14611E-012  7.98375E-010  7.93082E-011  6.13486E-009  1.30969E-013  4.54212E-006  7.85356E-015  4.60075E-026  8.40807E-021  2.91591E-007  3.16516E-034  2.93312E-024  1.26788E-028  1.77551E-034  1.22622E-037  4.45193E-039  8.36115E-030  1.95917E-032  6.62350E-013  1.52840E-034  1.00000E-040  4.57412E-037  1.00000E-040  1.58133E-037  7.69205E-010  1.32196E-030  7.72035E-031  1.00000E-040  1.00000E-040  4.17735E-037  1.75543E-037  3.17512E-029  9.79346E-037  6.16196E-031  8.30796E-015  2.13399E-021  1.40527E-033  3.78075E-022  1.00000E-005  1.00000E-005  1.00000E-005  1.00000E-005  1.00000E-005  1.00000E-005  1.00000E-005  1.00000E-005  1.00000E-005  1.00000E-005  1.00000E-005  
3.25000E+001  2.98576E-004  1.67056E+016  1.29452E+002  1.00000E+005  4.95803E-004  8.25340E-004  9.11868E-039  4.26545E-001  1.68939E-024  2.51319E-008  1.06716E-038  1.06716E-038  1.06716E-038  1.06716E-038  1.06718E-038  9.51311E-013  9.67709E-004  1.54054E-011  8.17334E-016  4.63405E-011  8.42673E-005  1.95858E-004  9.97798E-001  1.03498E-019  2.54169E-022  1.00000E-040  1.00000E-040  1.54765E-034  1.34442E-032  4.62578E-025  7.16349E-016  7.05532E-016  2.08165E-026  5.60388E-026  6.59041E-025  1.04591E-009  7.06960E-011  3.22513E-009  9.49607E-004  1.20080E-031  1.29093E-030  1.41023E-011  4.96131E-039  1.00000E-040  3.41351E-031  8.21145E-031  9.56955E-012  7.27906E-010  9.38253E-011  8.08416E-009  6.31842E-014  4.67249E-006  1.33187E-014  9.67900E-026  1.16255E-020  3.12296E-007  3.22494E-034  2.86927E-024  1.02003E-028  1.48496E-034  1.24998E-037  3.72940E-039  8.48425E-030  1.41026E-032  7.85055E-013  1.00907E-034  1.00000E-040  3.60485E-037  1.00000E-040  1.86936E-037  8.23242E-010  4.53532E-031  6.40783E-031  1.00000E-040  1.00000E-040  5.91555E-038  1.75814E-037  3.56699E-029  7.99761E-037  2.05625E-031  9.27842E-015  2.11840E-021  1.26938E-033  5.86070E-022  1.00000E-005  1.00000E-005  1.00000E-005  1.00000E-005  1.00000E-005  1.00000E-005  1.00000E-005  1.00000E-005  1.00000E-005  1.00000E-005  1.00000E-005  
3.35000E+001  2.64233E-004  1.48565E+016  1.28821E+002  1.00000E+005  1.12066E-005  3.97490E-004  9.13616E-039  2.18457E-001  8.33749E-025  2.41696E-008  9.85026E-039  9.85026E-039  9.85026E-039  9.85026E-039  9.85032E-039  1.34620E-012  9.87680E-004  1.21377E-011  1.15325E-015  6.65694E-011  9.28461E-005  2.14078E-004  9.97794E-001  1.26179E-019  2.17381E-022  1.00000E-040  1.00000E-040  1.39902E-034  1.67895E-032  4.49039E-025  9.11341E-016  6.10789E-016  1.65100E-026  3.36269E-026  5.14779E-025  8.68366E-010  7.01781E-011  4.23135E-009  9.06683E-004  1.11786E-031  1.13259E-030  1.11724E-011  4.16782E-039  1.00000E-040  3.56669E-031  6.99441E-031  9.88637E-012  6.53234E-010  1.12832E-010  9.90430E-009  4.79794E-014  4.75212E-006  2.29059E-014  2.10710E-025  1.61438E-020  3.31594E-007  3.24941E-034  2.77466E-024  7.98866E-029  1.29114E-034  1.25997E-037  2.85695E-039  8.50545E-030  1.02617E-032  9.48945E-013  6.21402E-035  1.00000E-040  2.68696E-037  1.00000E-040  2.11949E-037  8.65388E-010  2.82013E-031  5.81112E-031  1.00000E-040  1.00000E-040  2.12851E-038  1.72064E-037  3.97029E-029  6.16480E-037  1.35753E-031  1.04272E-014  2.07557E-021  1.17268E-033  9.03319E-022  1.00000E-005  1.00000E-005  1.00000E-005  1.00000E-005  1.00000E-005  1.00000E-005  1.00000E-005  1.00000E-005  1.00000E-005  1.00000E-005  1.00000E-005  
3.45000E+001  2.34948E-004  1.32722E+016  1.28217E+002  1.00000E+005  3.51851E-007  2.55749E-004  9.06121E-039  1.27018E-001  4.72657E-025  2.35305E-008  9.33832E-039  9.33832E-039  9.33832E-039  9.33832E-039  9.33834E-039  1.90706E-012  1.00382E-003  1.11742E-011  1.66739E-015  9.91095E-011  1.01920E-004  2.33238E-004  9.97789E-001  1.54831E-019  2.40811E-022  1.00000E-040  1.00000E-040  1.23330E-034  2.05033E-032  4.33953E-025  1.17267E-015  5.05049E-016  1.29797E-026  1.86192E-026  4.06482E-025  6.82163E-010  6.66295E-011  5.52929E-009  8.67147E-004  1.01347E-031  9.68315E-031  8.71617E-012  3.18403E-039  1.00000E-040  3.71224E-031  5.78520E-031  1.02097E-011  5.78552E-010  1.40480E-010  1.16971E-008  4.80730E-014  4.81119E-006  4.11540E-014  5.02705E-025  2.32182E-020  3.51389E-007  3.26004E-034  2.67068E-024  6.13933E-029  1.14420E-034  1.26449E-037  1.90387E-039  8.48219E-030  7.77610E-033  1.19715E-012  3.59900E-035  1.00000E-040  1.89044E-037  1.00000E-040  2.33619E-037  8.93808E-010  2.30766E-031  5.27265E-031  1.00000E-040  1.00000E-040  1.31423E-038  1.62782E-037  4.40686E-029  4.57500E-037  1.01963E-031  1.21078E-014  2.02070E-021  1.10703E-033  1.42205E-021  1.00000E-005  1.00000E-005  1.00000E-005  1.00000E-005  1.00000E-005  1.00000E-005  1.00000E-005  1.00000E-005  1.00000E-005  1.00000E-005  1.00000E-005  
3.55000E+001  2.10060E-004  1.19193E+016  1.27646E+002  1.00000E+005  4.01246E-008  1.82200E-004  8.90557E-039  7.46715E-002  2.90277E-025  2.30294E-008  8.97528E-039  8.97528E-039  8.97528E-039  8.97528E-039  8.97528E-039  2.75197E-012  1.01518E-003  1.10959E-011  2.54600E-015  1.56186E-010  1.11376E-004  2.53080E-004  9.97784E-001  1.94790E-019  3.05416E-022  1.00000E-040  1.00000E-040  1.06495E-034  2.45639E-032  4.17193E-025  1.53359E-015  3.90488E-016  9.97449E-027  9.17870E-027  3.24732E-025  4.99934E-010  5.98453E-011  7.21472E-009  8.30945E-004  8.88866E-032  8.02558E-031  6.70176E-012  2.06738E-039  1.00000E-040  3.84745E-031  4.61745E-031  1.06170E-011  5.03385E-010  1.83831E-010  1.34917E-008  5.47513E-014  4.84518E-006  7.96074E-014  1.40592E-024  3.54844E-020  3.71327E-007  3.25427E-034  2.55667E-024  4.62567E-029  1.01486E-034  1.26252E-037  9.96950E-040  8.40823E-030  6.25693E-033  1.61044E-012  1.95606E-035  1.00000E-040  1.24496E-037  1.00000E-040  2.51098E-037  8.99863E-010  1.82317E-031  4.81524E-031  1.00000E-040  1.00000E-040  8.87851E-039  1.49423E-037  4.87288E-029  3.30401E-037  7.04770E-032  1.49949E-014  1.95286E-021  1.06025E-033  2.32278E-021  1.00000E-005  1.00000E-005  1.00000E-005  1.00000E-005  1.00000E-005  1.00000E-005  1.00000E-005  1.00000E-005  1.00000E-005  1.00000E-005  1.00000E-005  
3.65000E+001  1.89081E-004  1.07737E+016  1.27115E+002  1.00000E+005  1.67329E-008  1.31198E-004  8.67973E-039  3.66899E-002  1.85246E-025  2.25780E-008  8.67938E-039  8.67938E-039  8.67938E-039  8.67938E-039  8.67938E-039  4.11424E-012  1.02034E-003  1.14471E-011  4.20585E-015  2.63388E-010  1.21006E-004  2.73142E-004  9.97782E-001  2.55931E-019  4.16220E-022  1.00000E-040  1.00000E-040  9.05711E-035  2.91234E-032  3.98506E-025  2.04578E-015  2.75437E-016  7.36641E-027  3.92816E-027  2.63090E-025  3.33629E-010  5.05212E-011  9.41223E-009  7.98227E-004  7.47351E-032  6.39972E-031  5.08059E-012  1.01059E-039  1.00000E-040  3.96692E-031  3.52375E-031  1.11764E-011  4.28292E-010  2.55515E-010  1.53170E-008  6.62235E-014  4.84749E-006  1.73136E-013  5.05955E-024  5.92211E-020  3.90807E-007  3.22822E-034  2.43119E-024  3.40921E-029  8.89452E-035  1.25255E-037  3.42908E-040  8.27415E-030  5.41307E-033  2.33739E-012  9.92566E-036  1.00000E-040  7.64836E-038  1.00000E-040  2.63323E-037  8.74112E-010  1.23795E-031  4.51048E-031  1.00000E-040  1.00000E-040  6.14772E-039  1.34967E-037  5.36009E-029  2.33719E-037  4.41303E-032  2.03446E-014  1.87057E-021  1.02425E-033  3.97853E-021  1.00000E-005  1.00000E-005  1.00000E-005  1.00000E-005  1.00000E-005  1.00000E-005  1.00000E-005  1.00000E-005  1.00000E-005  1.00000E-005  1.00000E-005  
3.75000E+001  1.71376E-004  9.80274E+015  1.26625E+002  1.00000E+005  1.33551E-008  9.20691E-005  8.40231E-039  5.85150E-003  1.20318E-025  2.21434E-008  8.40191E-039  8.40191E-039  8.40191E-039  8.40191E-039  8.40191E-039  6.45521E-012  1.01906E-003  1.21459E-011  7.53239E-015  4.72447E-010  1.30687E-004  2.93165E-004  9.97783E-001  3.55839E-019  6.00230E-022  1.00000E-040  1.00000E-040  7.65280E-035  3.38825E-032  3.78164E-025  2.78531E-015  1.74243E-016  5.14728E-027  1.55059E-027  2.16404E-025  1.94560E-010  4.02764E-011  1.22943E-008  7.69076E-004  5.96068E-032  4.86629E-031  3.80513E-012  3.02960E-040  1.00000E-040  4.06892E-031  2.54234E-031  1.19084E-011  3.55292E-010  3.77539E-010  1.72277E-008  8.38309E-014  4.81735E-006  4.52983E-013  2.52916E-023  1.10521E-019  4.09579E-007  3.18199E-034  2.29608E-024  2.45270E-029  7.63872E-035  1.23461E-037  1.00000E-040  8.08104E-030  5.06364E-033  3.63759E-012  4.67169E-036  1.00000E-040  4.40803E-038  1.00000E-040  2.70044E-037  8.10124E-010  7.14017E-032  4.35238E-031  1.00000E-040  1.00000E-040  4.39182E-039  1.21933E-037  5.86348E-029  1.60594E-037  2.64449E-032  3.03255E-014  1.77496E-021  9.95369E-034  7.15953E-021  1.00000E-005  1.00000E-005  1.00000E-005  1.00000E-005  1.00000E-005  1.00000E-005  1.00000E-005  1.00000E-005  1.00000E-005  1.00000E-005  1.00000E-005  
3.85000E+001  1.55592E-004  8.93177E+015  1.26173E+002  1.00000E+005  1.25774E-008  6.24990E-005  8.12662E-039  5.41477E-006  7.94889E-026  2.17821E-008  8.12621E-039  8.12621E-039  8.12621E-039  8.12621E-039  8.12621E-039  1.07818E-011  1.01674E-003  1.33644E-011  1.44313E-014  8.92634E-010  1.41041E-004  3.14558E-004  9.97776E-001  5.28354E-019  9.28110E-022  1.00000E-040  1.00000E-040  6.52665E-035  3.82096E-032  3.58396E-025  3.87249E-015  9.96915E-017  3.39521E-027  7.84350E-028  1.81372E-025  9.17485E-011  3.06958E-011  1.61635E-008  7.46544E-004  4.46271E-032  3.49842E-031  2.83935E-012  1.00000E-040  1.00000E-040  4.17400E-031  1.71309E-031  1.28059E-011  2.88048E-010  5.91313E-010  1.93906E-008  1.12948E-013  4.78033E-006  1.58603E-012  1.65471E-022  2.34058E-019  4.29711E-007  3.13293E-034  2.16493E-024  1.72488E-029  6.41148E-035  1.21541E-037  1.00000E-040  7.87338E-030  5.14431E-033  5.97836E-012  2.02819E-036  1.00000E-040  2.39948E-038  1.00000E-040  2.73493E-037  7.09054E-010  3.86383E-032  4.27046E-031  1.00000E-040  1.00000E-040  3.23420E-039  1.12090E-037  6.41143E-029  1.04670E-037  1.54233E-032  4.87255E-014  1.67633E-021  9.78226E-034  1.35816E-020  1.00000E-005  1.00000E-005  1.00000E-005  1.00000E-005  1.00000E-005  1.00000E-005  1.00000E-005  1.00000E-005  1.00000E-005  1.00000E-005  1.00000E-005  
3.95000E+001  1.41218E-004  8.13463E+015  1.25739E+002  1.00000E+005  1.22653E-008  4.48035E-005  7.86929E-039  4.29516E-009  5.54880E-026  2.14636E-008  7.86885E-039  7.86885E-039  7.86885E-039  7.86885E-039  7.86885E-039  1.88399E-011  1.01551E-003  1.53008E-011  2.84836E-014  1.76574E-009  1.52419E-004  3.38114E-004  9.97761E-001  8.21096E-019  1.54783E-021  1.00000E-040  1.00000E-040  5.68134E-035  4.02159E-032  3.39926E-025  5.45963E-015  5.17417E-017  2.10359E-027  7.29181E-028  1.53613E-025  2.85973E-011  2.18554E-011  2.13779E-008  7.28138E-004  3.03721E-032  2.30862E-031  2.12840E-012  1.00000E-040  1.00000E-040  4.29091E-031  1.03767E-031  1.34913E-011  2.27036E-010  9.80084E-010  2.19419E-008  1.64485E-013  4.74608E-006  6.32142E-012  1.08170E-021  5.54005E-019  4.52327E-007  3.08766E-034  2.04193E-024  1.17586E-029  5.18338E-035  1.19748E-037  1.00000E-040  7.66591E-030  5.65692E-033  1.02920E-011  7.97082E-037  1.00000E-040  1.17237E-038  1.00000E-040  2.75272E-037  5.66905E-010  2.03051E-032  4.12462E-031  1.00000E-040  1.00000E-040  2.36742E-039  1.03188E-037  7.02124E-029  6.02473E-038  8.16157E-033  8.08018E-014  1.57723E-021  9.77982E-034  2.71775E-020  1.00000E-005  1.00000E-005  1.00000E-005  1.00000E-005  1.00000E-005  1.00000E-005  1.00000E-005  1.00000E-005  1.00000E-005  1.00000E-005  1.00000E-005  
4.05000E+001  1.28242E-004  7.41115E+015  1.25331E+002  1.00000E+005  1.20259E-008  3.14030E-005  7.62084E-039  2.01122E-012  3.93251E-026  2.11503E-008  7.62037E-039  7.62037E-039  7.62037E-039  7.62037E-039  7.62037E-039  3.31388E-011  1.01445E-003  1.79902E-011  5.48130E-014  3.58784E-009  1.64772E-004  3.63694E-004  9.97737E-001  1.28654E-018  2.68836E-021  1.00000E-040  1.00000E-040  5.06460E-035  3.60099E-032  3.22375E-025  7.72299E-015  2.46124E-017  1.24716E-027  9.71356E-028  1.31943E-025  6.61954E-012  1.42501E-011  2.82828E-008  7.14493E-004  1.82958E-032  1.36180E-031  1.61542E-012  1.00000E-040  1.00000E-040  4.41426E-031  5.45568E-032  1.34312E-011  1.73101E-010  1.68407E-009  2.48747E-008  2.50828E-013  4.71030E-006  1.36177E-011  4.51670E-021  1.37197E-018  4.77102E-007  3.04327E-034  1.92480E-024  7.69561E-030  3.97071E-035  1.17971E-037  1.00000E-040  7.45191E-030  6.52769E-033  1.81995E-011  2.85963E-037  1.00000E-040  4.87497E-039  1.00000E-040  2.76323E-037  4.04266E-010  9.20500E-033  3.78756E-031  1.00000E-040  1.00000E-040  1.66200E-039  9.31494E-038  7.69188E-029  2.85275E-038  3.58518E-033  1.31189E-013  1.47668E-021  9.97427E-034  5.61810E-020  1.00000E-005  1.00000E-005  1.00000E-005  1.00000E-005  1.00000E-005  1.00000E-005  1.00000E-005  1.00000E-005  1.00000E-005  1.00000E-005  1.00000E-005  
4.15000E+001  1.16542E-004  6.75558E+015  1.24950E+002  1.00000E+005  1.18228E-008  2.02757E-005  7.37907E-039  5.45668E-016  2.79805E-026  2.08289E-008  7.37856E-039  7.37856E-039  7.37856E-039  7.37856E-039  7.37856E-039  5.66236E-011  1.01336E-003  2.12494E-011  9.87913E-014  7.32688E-009  1.78144E-004  3.91385E-004  9.97707E-001  1.96140E-018  4.67415E-021  1.00000E-040  1.00000E-040  4.53826E-035  2.67216E-032  3.05652E-025  1.09019E-014  1.06301E-017  7.35160E-028  1.35860E-027  1.14908E-025  1.53545E-012  8.51460E-012  3.72851E-008  7.05220E-004  9.42568E-033  6.93325E-032  1.25517E-012  1.00000E-040  1.00000E-040  4.54165E-031  2.37909E-032  1.23770E-011  1.26908E-010  2.92921E-009  2.80869E-008  3.81441E-013  4.67212E-006  1.59803E-011  1.14624E-020  3.32912E-018  5.04054E-007  2.99922E-034  1.81296E-024  4.77140E-030  2.84784E-035  1.16189E-037  1.00000E-040  7.23004E-030  7.67289E-033  3.23355E-011  9.81582E-038  1.00000E-040  1.62596E-039  1.00000E-040  2.77187E-037  2.55974E-010  3.55046E-033  3.24723E-031  1.00000E-040  1.00000E-040  1.09266E-039  8.12056E-038  8.42684E-029  1.04226E-038  1.29905E-033  2.00283E-013  1.37472E-021  1.04314E-033  1.17175E-019  1.00000E-005  1.00000E-005  1.00000E-005  1.00000E-005  1.00000E-005  1.00000E-005  1.00000E-005  1.00000E-005  1.00000E-005  1.00000E-005  1.00000E-005  
4.25000E+001  1.05990E-004  6.16151E+015  1.24594E+002  1.00000E+005  1.16418E-008  1.11305E-005  7.14264E-039  8.23091E-020  1.99117E-026  2.04906E-008  7.14209E-039  7.14209E-039  7.14209E-039  7.14209E-039  7.14209E-039  9.06313E-011  1.01224E-003  2.46360E-011  1.61865E-013  1.45983E-008  1.92610E-004  4.21343E-004  9.97669E-001  2.80527E-018  7.87806E-021  1.00000E-040  1.00000E-040  3.88714E-035  1.73024E-032  2.89720E-025  1.53441E-014  4.32009E-018  4.83573E-028  1.79093E-027  1.01363E-025  4.33453E-013  4.76166E-012  4.89263E-008  6.99803E-004  4.01507E-033  2.93925E-032  1.01177E-012  1.00000E-040  1.00000E-040  4.67149E-031  8.22517E-033  1.05158E-011  8.94272E-011  4.98533E-009  3.13776E-008  5.49163E-013  4.63138E-006  1.39812E-011  2.06151E-020  7.42209E-018  5.33286E-007  2.95547E-034  1.70614E-024  2.76050E-030  1.94596E-035  1.14398E-037  1.00000E-040  7.00005E-030  8.94389E-033  5.60391E-011  3.49586E-038  1.00000E-040  4.12992E-040  1.00000E-040  2.78102E-037  1.48480E-010  1.32526E-033  2.59532E-031  1.00000E-040  1.00000E-040  6.82266E-040  6.79232E-038  9.23101E-029  2.80778E-039  4.21031E-034  2.78797E-013  1.27165E-021  1.12412E-033  2.38412E-019  1.00000E-005  1.00000E-005  1.00000E-005  1.00000E-005  1.00000E-005  1.00000E-005  1.00000E-005  1.00000E-005  1.00000E-005  1.00000E-005  1.00000E-005  
4.35000E+001  9.64688E-005  5.62327E+015  1.24255E+002  1.00000E+005  1.14781E-008  5.12057E-006  6.91033E-039  6.64122E-024  1.43665E-026  2.01327E-008  6.90973E-039  6.90973E-039  6.90973E-039  6.90973E-039  6.90973E-039  1.36927E-010  1.01108E-003  2.79331E-011  2.45206E-013  2.72926E-008  2.08253E-004  4.53740E-004  9.97625E-001  3.79145E-018  1.28704E-020  1.00000E-040  1.00000E-040  2.96845E-035  1.10114E-032  2.74549E-025  2.15632E-014  1.89184E-018  3.99083E-028  2.21516E-027  9.02413E-026  1.59200E-013  2.73404E-012  6.40470E-008  6.96504E-004  1.38506E-033  1.01324E-032  8.58155E-013  1.00000E-040  1.00000E-040  4.80313E-031  2.19171E-033  8.69998E-012  6.13013E-011  7.97468E-009  3.45320E-008  7.41508E-013  4.58798E-006  1.16737E-011  3.08464E-020  1.46910E-017  5.64920E-007  2.91203E-034  1.60413E-024  1.47111E-030  1.35326E-035  1.12599E-037  1.00000E-040  6.76174E-030  1.02425E-032  9.11044E-011  1.37328E-038  1.00000E-040  1.00000E-040  1.00000E-040  2.78997E-037  8.73709E-011  5.91168E-034  2.03048E-031  1.00000E-040  1.00000E-040  4.37624E-040  5.71292E-038  1.01096E-028  5.73318E-040  1.42862E-034  3.58972E-013  1.16782E-021  1.24163E-033  4.54589E-019  1.00000E-005  1.00000E-005  1.00000E-005  1.00000E-005  1.00000E-005  1.00000E-005  1.00000E-005  1.00000E-005  1.00000E-005  1.00000E-005  1.00000E-005  
4.45000E+001  8.78726E-005  5.13587E+015  1.23924E+002  1.00000E+005  1.13292E-008  3.66657E-006  6.68094E-039  2.79851E-028  1.08781E-026  1.97586E-008  6.68029E-039  6.68029E-039  6.68029E-039  6.68029E-039  6.68029E-039  2.06288E-010  1.00990E-003  3.16060E-011  3.64328E-013  4.65201E-008  2.25158E-004  4.88756E-004  9.97579E-001  5.11369E-018  2.11469E-020  1.00000E-040  1.00000E-040  1.92517E-035  8.14587E-033  2.60109E-025  3.03542E-014  1.06025E-018  4.09688E-028  2.71055E-027  8.06379E-026  8.04224E-014  1.84180E-012  8.39916E-008  6.92340E-004  3.87384E-034  2.83663E-033  7.76135E-013  1.00000E-040  1.00000E-040  4.93738E-031  4.45158E-034  7.69606E-012  4.19323E-011  1.16446E-008  3.74293E-008  9.81038E-013  4.54176E-006  1.08690E-011  4.48422E-020  2.60966E-017  5.99097E-007  2.86890E-034  1.50668E-024  7.16688E-031  1.07159E-035  1.10790E-037  1.00000E-040  6.51442E-030  1.17227E-032  1.34613E-010  5.83604E-039  1.00000E-040  1.00000E-040  1.00000E-040  2.79714E-037  5.99198E-011  3.66340E-034  1.68690E-031  1.00000E-040  1.00000E-040  3.27083E-040  5.25164E-038  1.10678E-028  1.00000E-040  6.17710E-035  4.51888E-013  1.06343E-021  1.37218E-033  7.88656E-019  1.00000E-005  1.00000E-005  1.00000E-005  1.00000E-005  1.00000E-005  1.00000E-005  1.00000E-005  1.00000E-005  1.00000E-005  1.00000E-005  1.00000E-005  
4.55000E+001  8.01118E-005  4.69430E+015  1.23607E+002  1.00000E+005  1.11947E-008  3.58176E-006  6.45339E-039  5.39524E-033  8.36456E-027  1.93679E-008  6.45267E-039  6.45267E-039  6.45267E-039  6.45267E-039  6.45267E-039  3.19619E-010  1.00867E-003  3.63000E-011  5.47721E-013  7.26777E-008  2.43417E-004  5.26590E-004  9.97528E-001  7.10092E-018  3.58751E-020  1.00000E-040  1.00000E-040  1.05459E-035  7.37414E-033  2.46367E-025  4.28711E-014  7.90876E-019  4.77738E-028  3.37706E-027  7.25343E-026  5.86541E-014  1.51236E-012  1.10571E-007  6.87830E-004  8.86667E-035  6.50163E-034  7.56647E-013  1.00000E-040  1.00000E-040  5.07650E-031  6.47973E-035  7.54051E-012  2.96144E-011  1.55679E-008  4.00139E-008  1.31461E-012  4.49233E-006  1.15755E-011  6.83099E-020  4.28065E-017  6.35996E-007  2.82606E-034  1.41346E-024  3.16803E-031  1.08896E-035  1.08969E-037  1.00000E-040  6.25590E-030  1.37118E-032  1.80840E-010  2.60411E-039  1.00000E-040  1.00000E-040  1.00000E-040  2.80566E-037  4.98974E-011  2.97829E-034  1.52780E-031  1.00000E-040  1.00000E-040  3.21189E-040  5.41868E-038  1.21106E-028  1.00000E-040  3.56471E-035  5.74295E-013  9.58034E-022  1.49013E-033  1.24831E-018  1.00000E-005  1.00000E-005  1.00000E-005  1.00000E-005  1.00000E-005  1.00000E-005  1.00000E-005  1.00000E-005  1.00000E-005  1.00000E-005  1.00000E-005  
4.65000E+001  7.30991E-005  4.29374E+015  1.23308E+002  1.00000E+005  1.10729E-008  3.54795E-006  6.22698E-039  3.53885E-037  6.25606E-027  1.89500E-008  6.22620E-039  6.22620E-039  6.22620E-039  6.22620E-039  6.22620E-039  4.99987E-010  1.00741E-003  4.20843E-011  8.20904E-013  1.07255E-007  2.63129E-004  5.67443E-004  9.97474E-001  9.96839E-018  6.16698E-020  1.00000E-040  1.00000E-040  5.02876E-036  7.47433E-033  2.33299E-025  6.04730E-014  7.02908E-019  5.80616E-028  4.19941E-027  6.58859E-026  5.53754E-014  1.40104E-012  1.45442E-007  6.82980E-004  1.68320E-035  1.23594E-034  7.87919E-013  1.00000E-040  1.00000E-040  5.22208E-031  7.82873E-036  7.85363E-012  2.22509E-011  1.96116E-008  4.22300E-008  1.76228E-012  4.43959E-006  1.32806E-011  1.05588E-019  6.57830E-017  6.75715E-007  2.78352E-034  1.32428E-024  1.26972E-031  1.35635E-035  1.07134E-037  1.00000E-040  5.98597E-030  1.63050E-032  2.26888E-010  1.15280E-039  1.00000E-040  1.00000E-040  1.00000E-040  2.81843E-037  4.67738E-011  2.80697E-034  1.44896E-031  1.00000E-040  1.00000E-040  3.92519E-040  5.98526E-038  1.32436E-028  1.00000E-040  2.43774E-035  7.25766E-013  8.52406E-022  1.59806E-033  1.85501E-018  1.00000E-005  1.00000E-005  1.00000E-005  1.00000E-005  1.00000E-005  1.00000E-005  1.00000E-005  1.00000E-005  1.00000E-005  1.00000E-005  1.00000E-005  
4.75000E+001  6.67550E-005  3.93009E+015  1.23026E+002  1.00000E+005  1.09614E-008  3.52310E-006  6.00173E-039  1.01619E-038  4.58821E-027  1.84977E-008  6.00086E-039  6.00086E-039  6.00086E-039  6.00086E-039  6.00086E-039  7.78460E-010  1.00611E-003  4.88875E-011  1.21168E-012  1.52677E-007  2.84401E-004  6.11528E-004  9.97415E-001  1.39427E-017  1.05572E-019  1.00000E-040  1.00000E-040  2.18514E-036  7.94218E-033  2.20881E-025  8.48386E-014  6.84458E-019  7.07182E-028  5.13210E-027  6.03511E-026  5.93789E-014  1.38028E-012  1.90303E-007  6.77782E-004  2.68940E-036  1.97728E-035  8.59670E-013  1.00000E-040  1.00000E-040  5.37351E-031  2.89841E-035  8.42480E-012  1.80286E-011  2.37614E-008  4.40366E-008  2.33307E-012  4.38369E-006  1.57464E-011  1.60096E-019  9.53245E-017  7.18320E-007  2.74132E-034  1.23911E-024  4.63618E-032  1.45435E-035  1.05290E-037  1.00000E-040  5.70609E-030  1.94807E-032  2.70717E-010  4.45042E-040  1.00000E-040  1.00000E-040  1.00000E-040  2.83488E-037  4.65673E-011  2.91057E-034  1.39577E-031  1.00000E-040  1.22809E-040  4.16195E-040  6.83209E-038  1.44729E-028  1.00000E-040  1.81156E-035  9.00817E-013  7.48304E-022  1.70088E-033  2.64099E-018  1.00000E-005  1.00000E-005  1.00000E-005  1.00000E-005  1.00000E-005  1.00000E-005  1.00000E-005  1.00000E-005  1.00000E-005  1.00000E-005  1.00000E-005  
4.85000E+001  6.10108E-005  3.59985E+015  1.22755E+002  1.00000E+005  1.08592E-008  3.50071E-006  5.77752E-039  5.84593E-039  3.37597E-027  1.80047E-008  5.77658E-039  5.77658E-039  5.77658E-039  5.77658E-039  5.77658E-039  1.20071E-009  1.00478E-003  5.66760E-011  1.75332E-012  2.11974E-007  3.07350E-004  6.59089E-004  9.97351E-001  1.93346E-017  1.78556E-019  1.00000E-040  1.00000E-040  9.40765E-037  8.58135E-033  2.09090E-025  1.18163E-013  7.00948E-019  8.49679E-028  6.12435E-027  5.55912E-026  6.77441E-014  1.40581E-012  2.47117E-007  6.72218E-004  3.65766E-037  2.69201E-036  9.67833E-013  1.00000E-040  1.00000E-040  5.52849E-031  4.23126E-034  9.17768E-012  1.57660E-011  2.79856E-008  4.53933E-008  3.03325E-012  4.32462E-006  1.89345E-011  2.33978E-019  1.30622E-016  7.63898E-007  2.69946E-034  1.15781E-024  1.54906E-032  1.48515E-035  1.03436E-037  1.00000E-040  5.41704E-030  2.32147E-032  3.09746E-010  1.47431E-040  1.00000E-040  1.00000E-040  1.00000E-040  2.85286E-037  4.78910E-011  3.28080E-034  1.34566E-031  1.00000E-040  1.76422E-040  4.21493E-040  7.92955E-038  1.58047E-028  1.00000E-040  1.40354E-035  1.09304E-012  6.47155E-022  1.79895E-033  3.64004E-018  1.00000E-005  1.00000E-005  1.00000E-005  1.00000E-005  1.00000E-005  1.00000E-005  1.00000E-005  1.00000E-005  1.00000E-005  1.00000E-005  1.00000E-005  
4.95000E+001  5.58059E-005  3.29986E+015  1.22490E+002  1.00000E+005  1.07651E-008  3.47996E-006  5.55424E-039  5.54708E-039  2.57760E-027  1.74654E-008  5.55321E-039  5.55321E-039  5.55321E-039  5.55321E-039  5.55321E-039  1.83216E-009  1.00340E-003  6.54210E-011  2.48344E-012  2.89157E-007  3.32105E-004  7.10392E-004  9.97282E-001  2.65369E-017  2.97257E-019  1.00000E-040  1.00000E-040  4.73435E-037  9.27111E-033  1.97898E-025  1.63320E-013  7.36917E-019  1.00170E-027  7.11393E-027  5.13440E-026  7.96477E-014  1.45584E-012  3.18074E-007  6.66270E-004  4.26584E-038  3.14065E-037  1.11083E-012  1.00000E-040  1.00000E-040  5.68285E-031  4.66897E-033  1.00741E-011  1.47364E-011  3.22606E-008  4.62805E-008  3.86484E-012  4.26235E-006  2.28604E-011  3.26575E-019  1.69685E-016  8.12529E-007  2.65796E-034  1.08027E-024  4.79428E-033  1.66316E-034  1.01572E-037  1.00000E-040  5.11962E-030  2.74693E-032  3.41536E-010  1.00000E-040  1.00000E-040  1.28680E-040  1.00000E-040  2.86922E-037  5.00559E-011  3.99544E-034  1.28762E-031  1.00000E-040  2.47571E-040  4.68315E-039  9.27097E-038  1.72455E-028  8.12138E-040  1.10692E-035  1.29441E-012  5.50369E-022  1.89163E-033  4.88936E-018  1.00000E-005  1.00000E-005  1.00000E-005  1.00000E-005  1.00000E-005  1.00000E-005  1.00000E-005  1.00000E-005  1.00000E-005  1.00000E-005  1.00000E-005  
5.05000E+001  5.10861E-005  3.02720E+015  1.22230E+002  1.00000E+005  1.06782E-008  3.46067E-006  5.33172E-039  5.32389E-039  2.03874E-027  1.68748E-008  5.33059E-039  5.33059E-039  5.33059E-039  5.33059E-039  5.33059E-039  2.76431E-009  1.00198E-003  7.51312E-011  3.44231E-012  3.89560E-007  3.58801E-004  7.65724E-004  9.97208E-001  3.60249E-017  4.86164E-019  1.00000E-040  1.00000E-040  3.28125E-037  9.92530E-033  1.87282E-025  2.24120E-013  7.82948E-019  1.15323E-027  8.01737E-027  4.75122E-026  9.48395E-014  1.51604E-012  4.05521E-007  6.59915E-004  4.34933E-039  3.17914E-038  1.28810E-012  1.00000E-040  1.00000E-040  5.83021E-031  3.49708E-032  1.10857E-011  1.44798E-011  3.65662E-008  4.66972E-008  4.82450E-012  4.19684E-006  2.75510E-011  4.33141E-019  2.09500E-016  8.64266E-007  2.61681E-034  1.00636E-024  1.47302E-033  1.58158E-033  9.96994E-038  1.00000E-040  4.81479E-030  3.21829E-032  3.64296E-010  1.00000E-040  1.00000E-040  9.88952E-040  1.00000E-040  2.88067E-037  5.25930E-011  5.18472E-034  1.21660E-031  1.00000E-040  3.39004E-040  4.41453E-038  1.08551E-037  1.88016E-028  5.87407E-039  8.76164E-036  1.49495E-012  4.59325E-022  1.97875E-033  6.42919E-018  1.00000E-005  1.00000E-005  1.00000E-005  1.00000E-005  1.00000E-005  1.00000E-005  1.00000E-005  1.00000E-005  1.00000E-005  1.00000E-005  1.00000E-005  
5.15000E+001  4.68049E-005  2.77913E+015  1.21983E+002  1.00000E+005  1.05987E-008  3.44294E-006  5.10967E-039  5.10109E-039  1.49979E-027  1.62248E-008  5.10844E-039  5.10844E-039  5.10844E-039  5.10844E-039  5.10844E-039  4.12061E-009  1.00052E-003  8.59940E-011  4.67002E-012  5.20276E-007  3.87588E-004  8.25402E-004  9.97127E-001  4.83460E-017  7.79519E-019  1.00000E-040  1.00000E-040  3.00857E-037  1.04897E-032  1.77218E-025  3.05661E-013  8.31251E-019  1.29310E-027  8.73945E-027  4.42438E-026  1.13058E-013  1.57389E-012  5.11786E-007  6.53108E-004  4.56549E-040  2.97244E-039  1.49980E-012  1.27238E-040  1.00000E-040  5.96059E-031  1.50172E-031  1.21782E-011  1.46780E-011  4.08758E-008  4.66427E-008  5.90110E-012  4.12791E-006  3.30236E-011  5.44248E-019  2.46483E-016  9.19116E-007  2.57602E-034  9.35920E-025  6.34616E-034  8.02730E-033  9.78157E-038  1.00000E-040  4.50294E-030  3.72405E-032  3.77455E-010  1.00000E-040  1.00000E-040  4.34677E-039  1.00000E-040  2.88475E-037  5.50598E-011  7.01156E-034  1.13140E-031  1.00000E-040  4.51936E-040  2.21740E-037  1.26840E-037  2.04788E-028  2.40319E-038  6.90708E-036  1.68228E-012  3.75053E-022  2.06124E-033  8.30158E-018  1.00000E-005  1.00000E-005  1.00000E-005  1.00000E-005  1.00000E-005  1.00000E-005  1.00000E-005  1.00000E-005  1.00000E-005  1.00000E-005  1.00000E-005  
5.25000E+001  4.29213E-005  2.55339E+015  1.21751E+002  1.00000E+005  1.05267E-008  3.42687E-006  4.88742E-039  4.87806E-039  1.18839E-027  1.55068E-008  4.88608E-039  4.88608E-039  4.88608E-039  4.88608E-039  4.88608E-039  6.06070E-009  9.99007E-004  9.81640E-011  6.20442E-012  6.90527E-007  4.18633E-004  8.89788E-004  9.97040E-001  6.40557E-017  1.22205E-018  1.00000E-040  1.00000E-040  2.99713E-037  1.07951E-032  1.67683E-025  4.14707E-013  8.74770E-019  1.40505E-027  9.15925E-027  4.12126E-026  1.33764E-013  1.61813E-012  6.38906E-007  6.45778E-004  1.43802E-040  4.72686E-040  1.74657E-012  1.96279E-040  1.00000E-040  6.05890E-031  2.47728E-031  1.33096E-011  1.50835E-011  4.51713E-008  4.61090E-008  7.07633E-012  4.05521E-006  3.92658E-011  6.46871E-019  2.77212E-016  9.77007E-007  2.53557E-034  8.68755E-025  3.70976E-034  7.28604E-033  9.59177E-038  1.00000E-040  4.18380E-030  4.24323E-032  3.81781E-010  1.00000E-040  1.00000E-040  7.29308E-039  1.00000E-040  2.87534E-037  5.70526E-011  9.63897E-034  1.03411E-031  1.00000E-040  5.85507E-040  1.98738E-037  1.47376E-037  2.22818E-028  3.71951E-038  5.33642E-036  1.84411E-012  2.98202E-022  2.13799E-033  1.05508E-017  1.00000E-005  1.00000E-005  1.00000E-005  1.00000E-005  1.00000E-005  1.00000E-005  1.00000E-005  1.00000E-005  1.00000E-005  1.00000E-005  1.00000E-005  
5.35000E+001  3.93923E-005  2.34773E+015  1.21529E+002  1.00000E+005  1.04623E-008  3.41197E-006  4.66564E-039  4.65540E-039  1.14663E-027  1.47288E-008  4.66418E-039  4.66418E-039  4.66418E-039  4.66418E-039  4.66418E-039  8.79850E-009  9.97447E-004  1.11638E-010  8.08712E-012  9.11836E-007  4.52123E-004  9.59268E-004  9.96946E-001  8.37817E-017  1.87394E-018  1.00000E-040  1.00000E-040  3.02494E-037  1.05850E-032  1.58659E-025  5.60760E-013  9.11327E-019  1.48158E-027  9.22220E-027  3.80016E-026  1.56518E-013  1.64431E-012  7.89035E-007  6.37952E-004  1.44480E-040  1.86672E-040  2.03067E-012  2.85447E-040  1.00000E-040  6.11510E-031  3.29958E-032  1.44593E-011  1.55182E-011  4.94044E-008  4.51628E-008  8.32239E-012  3.97927E-006  4.63255E-011  7.29592E-019  2.99332E-016  1.03791E-006  2.49551E-034  8.04982E-025  2.54207E-034  1.38694E-033  9.40111E-038  1.00000E-040  3.86257E-030  4.75945E-032  3.78485E-010  1.00000E-040  1.00000E-040  9.80680E-040  1.00000E-040  2.84781E-037  5.84092E-011  1.32246E-033  9.30124E-032  1.00000E-040  7.37872E-040  3.72647E-038  1.70053E-037  2.42193E-028  4.58121E-039  3.94950E-036  1.97199E-012  2.30814E-022  2.20839E-033  1.32144E-017  1.00000E-005  1.00000E-005  1.00000E-005  1.00000E-005  1.00000E-005  1.00000E-005  1.00000E-005  1.00000E-005  1.00000E-005  1.00000E-005  1.00000E-005  
5.45000E+001  3.61820E-005  2.16033E+015  1.21308E+002  1.00000E+005  1.04237E-008  3.39808E-006  4.44336E-039  4.43174E-039  1.13986E-027  1.38782E-008  4.44170E-039  4.44170E-039  4.44170E-039  4.44170E-039  4.44170E-039  1.26011E-008  9.95835E-004  1.23639E-010  1.03540E-011  1.19776E-006  4.88270E-004  1.03428E-003  9.96845E-001  1.08063E-016  2.80753E-018  1.00000E-040  1.00000E-040  3.08869E-037  1.02957E-032  1.50124E-025  7.56555E-013  9.40720E-019  1.51711E-027  8.89334E-027  3.46259E-026  1.80796E-013  1.65083E-012  9.63739E-007  6.29623E-004  1.87256E-040  1.00000E-040  2.35580E-012  3.93329E-040  1.00000E-040  6.11953E-031  2.15422E-033  1.56094E-011  1.58996E-011  5.35046E-008  4.38545E-008  9.21412E-012  3.90030E-006  5.42497E-011  7.82587E-019  3.11206E-016  1.10176E-006  2.45585E-034  7.44586E-025  2.75068E-034  1.55123E-034  9.20981E-038  1.00000E-040  3.54279E-030  5.24890E-032  3.69148E-010  1.00000E-040  1.00000E-040  1.00000E-040  1.00000E-040  2.79669E-037  5.90768E-011  1.78847E-033  8.24707E-032  1.00000E-040  9.05392E-040  4.09429E-039  1.94555E-037  2.62989E-028  2.73085E-040  2.91707E-036  2.05966E-012  1.73667E-022  2.26845E-033  1.63174E-017  1.00000E-005  1.00000E-005  1.00000E-005  1.00000E-005  1.00000E-005  1.00000E-005  1.00000E-005  1.00000E-005  1.00000E-005  1.00000E-005  1.00000E-005  
5.55000E+001  3.32590E-005  1.98939E+015  1.21089E+002  1.00000E+005  1.04083E-008  3.38568E-006  4.21329E-039  4.19801E-039  1.13601E-027  1.29619E-008  4.21114E-039  4.21114E-039  4.21114E-039  4.21114E-039  4.21114E-039  1.77952E-008  9.94175E-004  1.34111E-010  1.30348E-011  1.56416E-006  5.27304E-004  1.11531E-003  9.96735E-001  1.37371E-016  4.10456E-018  1.00000E-040  1.00000E-040  3.11464E-037  9.83372E-033  1.42056E-025  1.01946E-012  9.64246E-019  1.51940E-027  8.19717E-027  3.10848E-026  2.05967E-013  1.63837E-012  1.16421E-006  6.20771E-004  2.53715E-040  1.00000E-040  2.72670E-012  5.16093E-040  1.00000E-040  6.06432E-031  9.00111E-035  1.67441E-011  1.61932E-011  5.73844E-008  4.22210E-008  9.71711E-012  3.81843E-006  6.31081E-011  8.00146E-019  3.12265E-016  1.16848E-006  2.41660E-034  6.87514E-025  3.09627E-034  4.84316E-035  9.01801E-038  1.00000E-040  3.22763E-030  5.68527E-032  3.55561E-010  1.00000E-040  1.00000E-040  1.00000E-040  1.00000E-040  2.72006E-037  5.90621E-011  2.36704E-033  7.22249E-032  1.00000E-040  1.08137E-039  1.25285E-039  2.20736E-037  2.85282E-028  1.00000E-040  2.12974E-036  2.10282E-012  1.26796E-022  2.31469E-033  1.98706E-017  1.00000E-005  1.00000E-005  1.00000E-005  1.00000E-005  1.00000E-005  1.00000E-005  1.00000E-005  1.00000E-005  1.00000E-005  1.00000E-005  1.00000E-005  
5.65000E+001  3.05956E-005  1.83339E+015  1.20870E+002  1.00000E+005  1.03919E-008  3.37421E-006  3.93982E-039  3.91287E-039  1.12969E-027  1.20019E-008  3.93604E-039  3.93604E-039  3.93604E-039  3.93604E-039  3.93604E-039  2.47693E-008  9.92474E-004  1.44632E-010  1.61483E-011  2.02834E-006  5.69481E-004  1.20291E-003  9.96615E-001  1.72017E-016  5.84893E-018  1.00000E-040  1.00000E-040  3.07868E-037  9.23105E-033  1.34437E-025  1.37258E-012  9.85054E-019  1.49774E-027  7.21229E-027  2.73815E-026  2.31664E-013  1.61074E-012  1.39141E-006  6.11374E-004  3.40591E-040  1.00000E-040  3.14900E-012  6.48140E-040  1.00000E-040  5.94502E-031  2.93583E-036  1.78580E-011  1.64080E-011  6.09565E-008  4.02967E-008  1.00597E-011  3.73381E-006  7.29760E-011  7.81546E-019  3.02918E-016  1.23797E-006  2.37777E-034  6.33709E-025  3.19911E-034  4.37383E-035  8.82589E-038  1.00000E-040  2.92030E-030  6.04145E-032  3.39211E-010  1.00000E-040  1.00000E-040  1.00000E-040  1.00000E-040  2.61699E-037  5.84934E-011  3.05565E-033  6.26053E-032  1.00000E-040  1.25727E-039  1.10681E-039  2.48460E-037  3.09151E-028  1.00000E-040  1.54031E-036  2.10080E-012  8.96933E-023  2.34192E-033  2.38679E-017  1.00000E-005  1.00000E-005  1.00000E-005  1.00000E-005  1.00000E-005  1.00000E-005  1.00000E-005  1.00000E-005  1.00000E-005  1.00000E-005  1.00000E-005  
5.75000E+001  2.81668E-005  1.69127E+015  1.20626E+002  1.00000E+005  1.03624E-008  3.35128E-006  3.50236E-039  3.44959E-039  1.11105E-027  1.10052E-008  3.49481E-039  3.49481E-039  3.49481E-039  3.49481E-039  3.49481E-039  3.39657E-008  9.90781E-004  1.53832E-010  1.96900E-011  2.60574E-006  6.15083E-004  1.29766E-003  9.96486E-001  2.11870E-016  8.10849E-018  1.00000E-040  1.00000E-040  3.01284E-037  8.55988E-033  1.27248E-025  1.84474E-012  1.00892E-018  1.43258E-027  6.02824E-027  2.35124E-026  2.58687E-013  1.57585E-012  1.64579E-006  6.01395E-004  4.45332E-040  1.00000E-040  3.62919E-012  7.83636E-040  1.00000E-040  5.76091E-031  8.73643E-038  1.89721E-011  1.66079E-011  6.41697E-008  3.81452E-008  1.01800E-011  3.64649E-006  8.38530E-011  7.30137E-019  2.84178E-016  1.31004E-006  2.33937E-034  5.83096E-025  3.63771E-034  3.56072E-034  8.63359E-038  1.00000E-040  2.62372E-030  6.28550E-032  3.20727E-010  1.00000E-040  1.00000E-040  1.00000E-040  1.00000E-040  2.48344E-037  5.76990E-011  3.83756E-033  5.38398E-032  1.00000E-040  1.42663E-039  8.79053E-039  2.76974E-037  3.34665E-028  1.00000E-040  1.11284E-036  2.05851E-012  6.13895E-023  2.33781E-033  2.82879E-017  1.00000E-005  1.00000E-005  1.00000E-005  1.00000E-005  1.00000E-005  1.00000E-005  1.00000E-005  1.00000E-005  1.00000E-005  1.00000E-005  1.00000E-005  
5.85000E+001  2.59456E-005  1.56382E+015  1.20169E+002  1.00000E+005  1.03016E-008  3.25033E-006  2.69369E-039  2.63420E-039  1.05459E-027  9.96412E-009  2.68500E-039  2.68500E-039  2.68500E-039  2.68500E-039  2.68500E-039  4.58381E-008  9.89107E-004  1.53315E-010  2.36161E-011  3.30061E-006  6.64398E-004  1.40019E-003  9.96345E-001  2.54411E-016  1.08891E-017  1.00000E-040  1.00000E-040  2.91848E-037  7.95547E-033  1.20482E-025  2.46162E-012  1.04375E-018  1.40854E-027  4.68776E-027  1.94200E-026  2.91189E-013  1.54663E-012  1.92419E-006  5.90751E-004  5.69431E-040  1.00000E-040  4.17399E-012  9.19000E-040  1.00000E-040  5.51297E-031  2.73973E-039  2.01703E-011  1.69235E-011  6.73508E-008  3.58750E-008  9.88819E-012  3.55629E-006  9.51374E-011  6.51446E-019  2.57157E-016  1.38433E-006  2.30144E-034  5.35561E-025  5.03015E-034  2.23896E-033  8.44114E-038  1.00000E-040  2.34002E-030  6.36197E-032  2.98256E-010  1.00000E-040  1.00000E-040  1.00000E-040  1.00000E-040  2.28677E-037  5.75152E-011  4.62188E-033  4.61067E-032  1.00000E-040  1.61392E-039  5.32617E-038  2.99092E-037  3.61854E-028  1.00000E-040  8.23982E-037  1.99953E-012  4.05620E-023  2.25869E-033  3.31900E-017  1.00000E-005  1.00000E-005  1.00000E-005  1.00000E-005  1.00000E-005  1.00000E-005  1.00000E-005  1.00000E-005  1.00000E-005  1.00000E-005  1.00000E-005  
5.95000E+001  2.38961E-005  1.45016E+015  1.19351E+002  1.00000E+005  1.01827E-008  2.88071E-006  1.83006E-039  1.80474E-039  9.33367E-028  8.89944E-009  1.82635E-039  1.82635E-039  1.82635E-039  1.82635E-039  1.82635E-039  6.09232E-008  9.87104E-004  1.38035E-010  2.79395E-011  4.12603E-006  7.17656E-004  1.51097E-003  9.96193E-001  2.95858E-016  1.41772E-017  1.00000E-040  1.00000E-040  2.75280E-037  7.46994E-033  1.14128E-025  3.24716E-012  1.08226E-018  1.35516E-027  3.46587E-027  1.53195E-026  3.30806E-013  1.51903E-012  2.22043E-006  5.79591E-004  7.15112E-040  1.00000E-040  4.79311E-012  1.04933E-039  1.00000E-040  5.21111E-031  3.95529E-040  2.14587E-011  1.73246E-011  7.10907E-008  3.36149E-008  9.19846E-012  3.46378E-006  1.06052E-010  5.58347E-019  2.25310E-016  1.46061E-006  2.26403E-034  4.91187E-025  6.96218E-034  6.50666E-033  8.24932E-038  1.00000E-040  2.07380E-030  6.25639E-032  2.71507E-010  1.00000E-040  1.00000E-040  1.00000E-040  1.00000E-040  2.01753E-037  5.81067E-011  5.26867E-033  3.94041E-032  1.00000E-040  1.86038E-039  1.46070E-037  3.06071E-037  3.90765E-028  1.00000E-040  6.32633E-037  1.94515E-012  2.59716E-023  2.09191E-033  3.88218E-017  1.00000E-005  1.00000E-005  1.00000E-005  1.00000E-005  1.00000E-005  1.00000E-005  1.00000E-005  1.00000E-005  1.00000E-005  1.00000E-005  1.00000E-005  
6.05000E+001  2.20125E-005  1.34163E+015  1.18837E+002  1.00000E+005  1.00320E-008  1.96781E-006  1.48976E-039  1.47888E-039  7.82377E-028  7.89740E-009  1.48819E-039  1.48819E-039  1.48819E-039  1.48819E-039  1.48819E-039  7.99380E-008  9.85092E-004  1.34191E-010  3.27916E-011  5.16759E-006  7.75267E-004  1.63091E-003  9.96027E-001  3.43518E-016  1.80466E-017  1.00000E-040  1.00000E-040  2.60041E-037  6.77560E-033  1.08167E-025  4.29129E-012  1.09518E-018  1.31125E-027  2.52412E-027  1.19640E-026  3.60278E-013  1.45613E-012  2.54609E-006  5.68629E-004  8.50921E-040  1.00000E-040  5.50311E-012  1.15489E-039  1.00000E-040  4.85222E-031  3.50730E-040  2.24631E-011  1.73624E-011  7.43054E-008  3.12851E-008  8.67312E-012  3.36927E-006  1.18511E-010  4.68120E-019  1.95200E-016  1.53892E-006  2.22717E-034  4.49908E-025  8.39089E-034  9.29373E-033  8.05816E-038  1.00000E-040  1.82629E-030  6.07394E-032  2.51400E-010  1.00000E-040  1.00000E-040  1.00000E-040  1.00000E-040  1.79783E-037  5.67084E-011  5.95393E-033  3.33856E-032  1.00000E-040  2.01906E-039  1.99848E-037  3.21360E-037  4.21539E-028  1.00000E-040  4.63642E-037  1.83663E-012  1.60966E-023  1.97463E-033  4.50646E-017  1.00000E-005  1.00000E-005  1.00000E-005  1.00000E-005  1.00000E-005  1.00000E-005  1.00000E-005  1.00000E-005  1.00000E-005  1.00000E-005  1.00000E-005  
6.15000E+001  2.02870E-005  1.23954E+015  1.18542E+002  1.00000E+005  9.85629E-009  6.31429E-007  1.35604E-039  1.34802E-039  2.53849E-028  6.95770E-009  1.35489E-039  1.35489E-039  1.35489E-039  1.35489E-039  1.35489E-039  1.03650E-007  9.83096E-004  1.37750E-010  3.82245E-011  6.49552E-006  8.37741E-004  1.76112E-003  9.95843E-001  3.97171E-016  2.24974E-017  1.00000E-040  1.00000E-040  2.32899E-037  5.95446E-033  1.02570E-025  5.67745E-012  1.08042E-018  1.36510E-027  1.95546E-027  1.03537E-026  3.77148E-013  1.36423E-012  2.90943E-006  5.60617E-004  9.62447E-040  1.00000E-040  6.32557E-012  1.22523E-039  1.00000E-040  4.43943E-031  3.50861E-040  2.31435E-011  1.69417E-011  7.73553E-008  2.89864E-008  8.23579E-012  3.27272E-006  1.32224E-010  3.86254E-019  1.68441E-016  1.61932E-006  2.19078E-034  4.11536E-025  7.41578E-034  5.55204E-033  7.86739E-038  1.00000E-040  1.59832E-030  5.82484E-032  2.37041E-010  1.00000E-040  1.00000E-040  1.00000E-040  1.00000E-040  1.60354E-037  5.36832E-011  6.62610E-033  2.80614E-032  1.00000E-040  2.08082E-039  1.15573E-037  3.42290E-037  4.54352E-028  1.00000E-040  3.25882E-037  1.69971E-012  9.63823E-024  1.89272E-033  5.21410E-017  1.00000E-005  1.00000E-005  1.00000E-005  1.00000E-005  1.00000E-005  1.00000E-005  1.00000E-005  1.00000E-005  1.00000E-005  1.00000E-005  1.00000E-005  
6.25000E+001  1.87065E-005  1.14532E+015  1.18300E+002  1.00000E+005  9.64821E-009  2.40988E-008  1.26607E-039  1.25786E-039  1.42515E-028  6.07240E-009  1.26489E-039  1.26489E-039  1.26489E-039  1.26489E-039  1.26489E-039  1.32836E-007  9.81057E-004  1.42634E-010  4.42175E-011  8.16493E-006  9.05588E-004  1.90268E-003  9.95638E-001  4.54078E-016  2.74455E-017  1.00000E-040  1.00000E-040  2.02842E-037  5.13380E-033  9.73137E-026  7.49471E-012  1.04874E-018  1.58565E-027  1.24090E-027  9.15933E-027  3.85741E-013  1.26047E-012  3.31485E-006  5.56165E-004  1.05102E-039  1.00000E-040  7.28337E-012  1.26112E-039  1.00000E-040  3.98963E-031  3.36573E-040  2.35840E-011  1.61776E-011  8.06573E-008  2.68056E-008  7.76610E-012  3.17417E-006  1.46420E-010  3.13915E-019  1.44699E-016  1.70179E-006  2.15481E-034  3.75903E-025  5.99333E-034  1.01403E-033  7.67698E-038  1.00000E-040  1.39070E-030  5.49563E-032  2.25675E-010  1.00000E-040  1.00000E-040  1.00000E-040  1.00000E-040  1.41126E-037  5.00285E-011  7.19759E-033  2.34509E-032  1.00000E-040  2.07656E-039  2.04748E-038  3.62809E-037  4.89370E-028  1.00000E-040  2.24591E-037  1.55772E-012  5.57173E-024  1.81288E-033  6.03150E-017  1.00000E-005  1.00000E-005  1.00000E-005  1.00000E-005  1.00000E-005  1.00000E-005  1.00000E-005  1.00000E-005  1.00000E-005  1.00000E-005  1.00000E-005  
6.35000E+001  1.72586E-005  1.05878E+015  1.18064E+002  1.00000E+005  9.40049E-009  7.00872E-014  1.18123E-039  1.17284E-039  9.44275E-029  5.24293E-009  1.18002E-039  1.18002E-039  1.18002E-039  1.18002E-039  1.18002E-039  1.68242E-007  9.78939E-004  1.47081E-010  5.07239E-011  1.02249E-005  9.79320E-004  2.05671E-003  9.95413E-001  5.12432E-016  3.27459E-017  1.00000E-040  1.00000E-040  1.80739E-037  4.37589E-033  9.23822E-026  9.83333E-012  1.00828E-018  1.34626E-027  8.25619E-028  8.27062E-027  3.88780E-013  1.15626E-012  3.76216E-006  5.53248E-004  1.11840E-039  1.00000E-040  8.39820E-012  1.26820E-039  1.00000E-040  3.52327E-031  3.10259E-040  2.38627E-011  1.52136E-011  8.42128E-008  2.47431E-008  7.23782E-012  3.07368E-006  1.60896E-010  2.51769E-019  1.23614E-016  1.78625E-006  2.11926E-034  3.42860E-025  5.96502E-034  1.04539E-034  7.48707E-038  1.00000E-040  1.20366E-030  5.09259E-032  2.15942E-010  1.00000E-040  1.00000E-040  1.00000E-040  1.00000E-040  1.22129E-037  4.62811E-011  7.63750E-033  1.95275E-032  1.00000E-040  2.01787E-039  2.04767E-039  3.81628E-037  5.26756E-028  1.00000E-040  1.53759E-037  1.41411E-012  3.10973E-024  1.72274E-033  6.97005E-017  1.00000E-005  1.00000E-005  1.00000E-005  1.00000E-005  1.00000E-005  1.00000E-005  1.00000E-005  1.00000E-005  1.00000E-005  1.00000E-005  1.00000E-005  
6.45000E+001  1.59318E-005  9.79268E+014  1.17837E+002  1.00000E+005  9.10803E-009  1.08245E-037  1.10127E-039  1.09271E-039  6.83837E-029  4.47496E-009  1.10004E-039  1.10004E-039  1.10004E-039  1.10004E-039  1.10004E-039  2.10495E-007  9.76733E-004  1.51068E-010  5.76663E-011  1.27329E-005  1.05949E-003  2.22440E-003  9.95167E-001  5.70820E-016  3.81828E-017  1.00000E-040  1.00000E-040  1.61153E-037  3.69554E-033  8.77650E-026  1.27909E-011  9.62578E-019  1.43498E-027  4.07922E-028  7.54838E-027  3.87002E-013  1.05647E-012  4.25323E-006  5.50577E-004  1.16316E-039  1.00000E-040  9.69129E-012  1.25130E-039  1.00000E-040  3.04639E-031  2.74246E-040  2.40070E-011  1.41438E-011  8.79858E-008  2.27771E-008  6.65867E-012  2.97105E-006  1.75483E-010  1.99789E-019  1.05113E-016  1.87247E-006  2.08410E-034  3.12241E-025  6.35700E-034  7.45131E-036  7.29769E-038  1.00000E-040  1.03672E-030  4.63279E-032  2.07497E-010  1.00000E-040  1.00000E-040  1.00000E-040  1.00000E-040  1.03560E-037  4.26344E-011  7.93412E-033  1.62143E-032  1.00000E-040  1.90087E-039  1.41665E-040  3.99042E-037  5.66680E-028  1.00000E-040  1.04985E-037  1.27000E-012  1.67407E-024  1.62148E-033  8.04277E-017  1.00000E-005  1.00000E-005  1.00000E-005  1.00000E-005  1.00000E-005  1.00000E-005  1.00000E-005  1.00000E-005  1.00000E-005  1.00000E-005  1.00000E-005  
6.55000E+001  1.47154E-005  9.06177E+014  1.17619E+002  1.00000E+005  8.77045E-009  1.22529E-039  1.02601E-039  1.01730E-039  5.09950E-029  3.77590E-009  1.02476E-039  1.02476E-039  1.02476E-039  1.02476E-039  1.02476E-039  2.60171E-007  9.74429E-004  1.54586E-010  6.49707E-011  1.57593E-005  1.14665E-003  2.40698E-003  9.94898E-001  6.27855E-016  4.35153E-017  1.00000E-040  1.00000E-040  1.41842E-037  3.09499E-033  8.34531E-026  1.64710E-011  9.12942E-019  1.30231E-027  9.74801E-028  6.92800E-027  3.80744E-013  9.62822E-013  4.79165E-006  5.47802E-004  1.18538E-039  1.00000E-040  1.11820E-011  1.21466E-039  1.00000E-040  2.56312E-031  2.31195E-040  2.40264E-011  1.30270E-011  9.20121E-008  2.09065E-008  6.04598E-012  2.86619E-006  1.89944E-010  1.57349E-019  8.91450E-017  1.96020E-006  2.04933E-034  2.83891E-025  6.74689E-034  4.73295E-037  7.10899E-038  1.00000E-040  8.89252E-031  4.13882E-032  2.00197E-010  1.00000E-040  1.00000E-040  1.00000E-040  1.00000E-040  8.55203E-038  3.91639E-011  8.07948E-033  1.34287E-032  1.00000E-040  1.72503E-039  1.00000E-040  4.15096E-037  6.09353E-028  1.00000E-040  7.15851E-038  1.12887E-012  8.68783E-025  1.51122E-033  9.27026E-017  1.00000E-005  1.00000E-005  1.00000E-005  1.00000E-005  1.00000E-005  1.00000E-005  1.00000E-005  1.00000E-005  1.00000E-005  1.00000E-005  1.00000E-005  
6.65000E+001  1.35987E-005  8.38905E+014  1.17409E+002  1.00000E+005  8.39369E-009  9.25621E-040  9.55244E-040  9.46381E-040  3.83069E-029  3.15105E-009  9.53973E-040  9.53973E-040  9.53973E-040  9.53973E-040  9.53973E-040  3.18127E-007  9.72029E-004  1.57631E-010  7.26447E-011  1.93946E-005  1.24134E-003  2.60562E-003  9.94606E-001  6.82805E-016  4.86012E-017  1.00000E-040  1.00000E-040  1.24862E-037  2.57514E-033  7.94283E-026  2.09771E-011  8.59332E-019  1.31255E-027  3.24105E-028  6.38022E-027  3.70539E-013  8.75558E-013  5.37936E-006  5.44887E-004  1.18662E-039  1.00000E-040  1.28880E-011  1.16250E-039  1.00000E-040  2.12740E-031  1.88895E-040  2.39401E-011  1.19092E-011  9.63142E-008  1.91503E-008  5.42784E-012  2.75969E-006  2.04316E-010  1.23412E-019  7.55358E-017  2.04953E-006  2.01495E-034  2.57706E-025  7.11805E-034  7.47688E-037  6.92158E-038  1.00000E-040  7.60554E-031  3.63926E-032  1.93825E-010  1.00000E-040  1.00000E-040  1.00000E-040  1.00000E-040  6.97184E-038  3.58891E-011  8.08198E-033  1.11012E-032  1.00000E-040  1.53124E-039  1.00000E-040  4.29965E-037  6.55056E-028  1.00000E-040  4.88045E-038  9.94989E-013  4.36308E-025  1.39612E-033  1.06752E-016  1.00000E-005  1.00000E-005  1.00000E-005  1.00000E-005  1.00000E-005  1.00000E-005  1.00000E-005  1.00000E-005  1.00000E-005  1.00000E-005  1.00000E-005  
6.75000E+001  1.25724E-005  7.76936E+014  1.17206E+002  1.00000E+005  7.98084E-009  8.58683E-040  8.88764E-040  8.79763E-040  2.87190E-029  2.60042E-009  8.87473E-040  8.87473E-040  8.87473E-040  8.87473E-040  8.87473E-040  3.85070E-007  9.69527E-004  1.60200E-010  8.06688E-011  2.37398E-005  1.34414E-003  2.82162E-003  9.94288E-001  7.34700E-016  5.32589E-017  1.00000E-040  1.00000E-040  1.09806E-037  2.13024E-033  7.56765E-026  2.64078E-011  8.02126E-019  2.08378E-027  1.00000E-040  5.89009E-027  3.56804E-013  7.94497E-013  6.01842E-006  5.41830E-004  1.16900E-039  1.00000E-040  1.48250E-011  1.09899E-039  1.00000E-040  1.73177E-031  1.48863E-040  2.37554E-011  1.08135E-011  1.00942E-007  1.75178E-008  4.82360E-012  2.65184E-006  2.18484E-010  9.66423E-020  6.40532E-017  2.14034E-006  1.98095E-034  2.33552E-025  7.46420E-034  9.12422E-036  6.73581E-038  1.00000E-040  6.49220E-031  3.15326E-032  1.88283E-010  1.00000E-040  1.00000E-040  1.00000E-040  1.00000E-040  5.57791E-038  3.28104E-011  7.95123E-033  9.16291E-033  1.00000E-040  1.32282E-039  1.59416E-040  4.43660E-037  7.04092E-028  1.00000E-040  3.32813E-038  8.70707E-013  2.12591E-025  1.27930E-033  1.22869E-016  1.00000E-005  1.00000E-005  1.00000E-005  1.00000E-005  1.00000E-005  1.00000E-005  1.00000E-005  1.00000E-005  1.00000E-005  1.00000E-005  1.00000E-005  
6.85000E+001  1.16286E-005  7.19818E+014  1.17010E+002  1.00000E+005  7.53594E-009  7.95854E-040  8.26364E-040  8.17234E-040  2.11754E-029  2.12179E-009  8.25054E-040  8.25054E-040  8.25054E-040  8.25054E-040  8.25054E-040  4.61596E-007  9.66917E-004  1.62279E-010  8.90171E-011  2.89088E-005  1.45568E-003  3.05636E-003  9.93941E-001  7.82559E-016  5.73097E-017  1.00000E-040  1.00000E-040  9.70457E-038  1.75285E-033  7.21861E-026  3.28513E-011  7.42015E-019  1.47060E-027  1.86168E-027  5.44750E-027  3.40008E-013  7.19315E-013  6.71052E-006  5.38629E-004  1.13553E-039  1.00000E-040  1.70047E-011  1.02804E-039  1.00000E-040  1.38451E-031  1.13393E-040  2.34767E-011  9.75435E-012  1.05954E-007  1.60128E-008  4.24745E-012  2.54287E-006  2.32273E-010  7.57136E-020  5.44348E-017  2.23247E-006  1.94732E-034  2.11294E-025  7.80778E-034  8.07502E-035  6.55193E-038  1.00000E-040  5.53603E-031  2.69465E-032  1.83501E-010  1.00000E-040  1.00000E-040  1.00000E-040  1.00000E-040  4.38549E-038  2.99224E-011  7.70132E-033  7.55259E-033  1.00000E-040  1.11445E-039  1.37429E-039  4.56142E-037  7.56805E-028  1.00000E-040  2.27041E-038  7.57299E-013  1.00707E-025  1.16335E-033  1.41407E-016  1.00000E-005  1.00000E-005  1.00000E-005  1.00000E-005  1.00000E-005  1.00000E-005  1.00000E-005  1.00000E-005  1.00000E-005  1.00000E-005  1.00000E-005  
6.95000E+001  1.07600E-005  6.67136E+014  1.16820E+002  1.00000E+005  7.06341E-009  7.36927E-040  7.67834E-040  7.58585E-040  1.49865E-029  1.71120E-009  7.66507E-040  7.66507E-040  7.66507E-040  7.66507E-040  7.66507E-040  5.48177E-007  9.64192E-004  1.63859E-010  9.76633E-011  3.50303E-005  1.57658E-003  3.31127E-003  9.93565E-001  8.25483E-016  6.05980E-017  1.00000E-040  1.00000E-040  8.67746E-038  1.43514E-033  6.89470E-026  4.03816E-011  6.79895E-019  2.58833E-027  1.59197E-027  5.04519E-027  3.20679E-013  6.49628E-013  7.45679E-006  5.35281E-004  1.08954E-039  1.00000E-040  1.94327E-011  9.53158E-040  1.00000E-040  1.08430E-031  1.00000E-040  2.31077E-011  8.74185E-012  1.11415E-007  1.46349E-008  3.70931E-012  2.43298E-006  2.45484E-010  5.94387E-020  4.64156E-017  2.32567E-006  1.91404E-034  1.90802E-025  8.20897E-034  3.84616E-034  6.37022E-038  1.00000E-040  4.71999E-031  2.27305E-032  1.79422E-010  1.00000E-040  1.00000E-040  1.00000E-040  1.00000E-040  3.37953E-038  2.72158E-011  7.35042E-033  6.21719E-033  1.00000E-040  9.13819E-040  6.38258E-039  4.67367E-037  8.13599E-028  1.00000E-040  1.54941E-038  6.55240E-013  4.64702E-026  1.05050E-033  1.62789E-016  1.00000E-005  1.00000E-005  1.00000E-005  1.00000E-005  1.00000E-005  1.00000E-005  1.00000E-005  1.00000E-005  1.00000E-005  1.00000E-005  1.00000E-005  
7.05000E+001  9.96009E-006  6.18513E+014  1.16636E+002  1.00000E+005  6.56773E-009  6.81708E-040  7.12972E-040  7.03616E-040  9.86676E-030  1.36375E-009  7.11630E-040  7.11630E-040  7.11630E-040  7.11630E-040  7.11630E-040  6.45022E-007  9.61338E-004  1.64935E-010  1.06565E-010  4.22487E-005  1.70749E-003  3.58786E-003  9.93156E-001  8.62552E-016  6.29821E-017  1.00000E-040  1.00000E-040  7.70328E-038  1.16909E-033  6.59523E-026  4.90562E-011  6.16806E-019  8.66150E-028  1.00000E-040  4.67897E-027  2.99343E-013  5.85019E-013  8.25817E-006  5.31775E-004  1.03418E-039  1.00000E-040  2.21045E-011  8.77402E-040  1.00000E-040  8.09520E-032  1.00000E-040  2.26483E-011  7.78158E-012  1.17403E-007  1.33802E-008  3.21463E-012  2.32232E-006  2.57838E-010  4.68130E-020  3.97512E-017  2.41963E-006  1.88109E-034  1.71942E-025  8.47625E-034  3.82584E-034  6.19085E-038  1.00000E-040  4.02757E-031  1.89401E-032  1.76021E-010  1.00000E-040  1.00000E-040  1.00000E-040  1.00000E-040  2.48398E-038  2.46792E-011  6.91814E-033  5.11067E-033  1.00000E-040  7.09918E-040  6.19664E-039  4.77264E-037  8.74966E-028  1.00000E-040  1.05733E-038  5.64335E-013  2.09036E-026  9.42563E-034  1.87538E-016  1.00000E-005  1.00000E-005  1.00000E-005  1.00000E-005  1.00000E-005  1.00000E-005  1.00000E-005  1.00000E-005  1.00000E-005  1.00000E-005  1.00000E-005  
7.15000E+001  9.22315E-006  5.73608E+014  1.16461E+002  1.00000E+005  6.05640E-009  6.30038E-040  6.61625E-040  6.52171E-040  5.87166E-030  1.07425E-009  6.60269E-040  6.60269E-040  6.60269E-040  6.60269E-040  6.60269E-040  7.51768E-007  9.58340E-004  1.65627E-010  1.15627E-010  5.07184E-005  1.84902E-003  3.88762E-003  9.92712E-001  8.92834E-016  6.42976E-017  1.00000E-040  1.00000E-040  6.84947E-038  9.46712E-034  6.32065E-026  5.89167E-011  5.53959E-019  1.18030E-027  2.83253E-028  4.34987E-027  2.76396E-013  5.25112E-013  9.11645E-006  5.28072E-004  9.73300E-040  1.00000E-040  2.49940E-011  8.03555E-040  1.00000E-040  5.76224E-032  1.00000E-040  2.20927E-011  6.87304E-012  1.24006E-007  1.22420E-008  2.76511E-012  2.21060E-006  2.68908E-010  3.70191E-020  3.42307E-017  2.51366E-006  1.84842E-034  1.54567E-025  8.62778E-034  1.07846E-034  6.01392E-038  1.00000E-040  3.44399E-031  1.55960E-032  1.73342E-010  1.00000E-040  1.00000E-040  1.00000E-040  1.00000E-040  1.74224E-038  2.22986E-011  6.42409E-033  4.19286E-033  1.00000E-040  5.22275E-040  1.70696E-039  4.85957E-037  9.41547E-028  1.00000E-040  7.20643E-039  4.83830E-013  9.20806E-027  8.41145E-034  2.16296E-016  1.00000E-005  1.00000E-005  1.00000E-005  1.00000E-005  1.00000E-005  1.00000E-005  1.00000E-005  1.00000E-005  1.00000E-005  1.00000E-005  1.00000E-005  
7.25000E+001  8.54336E-006  5.32108E+014  1.16291E+002  1.00000E+005  5.54198E-009  5.81698E-040  6.13578E-040  6.04036E-040  3.06693E-030  8.36776E-010  6.12209E-040  6.12209E-040  6.12209E-040  6.12209E-040  6.12209E-040  8.68866E-007  9.55197E-004  1.65797E-010  1.24910E-010  6.06352E-005  2.00181E-003  4.21206E-003  9.92230E-001  9.16263E-016  6.46135E-017  1.00000E-040  1.00000E-040  6.62069E-038  7.63163E-034  6.06926E-026  6.99749E-011  4.92257E-019  1.94749E-027  4.19555E-027  4.05389E-027  2.52720E-013  4.69647E-013  1.00286E-005  5.24199E-004  9.10477E-040  1.00000E-040  2.80871E-011  7.33096E-040  1.00000E-040  4.95753E-032  1.00000E-040  2.14594E-011  6.02666E-012  1.31281E-007  1.12150E-008  2.36402E-012  2.09869E-006  2.78694E-010  2.94078E-020  2.96377E-017  2.60766E-006  1.81604E-034  1.38608E-025  8.86408E-034  1.45537E-034  5.83992E-038  1.00000E-040  2.95387E-031  1.27129E-032  1.71215E-010  1.00000E-040  1.00000E-040  1.00000E-040  1.00000E-040  1.47751E-038  2.00730E-011  5.89348E-033  3.43464E-033  1.00000E-040  4.62152E-040  2.25307E-039  4.93369E-037  1.01400E-027  1.00000E-040  4.90992E-039  4.13499E-013  3.94951E-027  7.47105E-034  2.49748E-016  1.00000E-005  1.00000E-005  1.00000E-005  1.00000E-005  1.00000E-005  1.00000E-005  1.00000E-005  1.00000E-005  1.00000E-005  1.00000E-005  1.00000E-005  
7.35000E+001  7.91571E-006  4.93706E+014  1.16128E+002  1.00000E+005  5.03253E-009  5.36524E-040  5.68666E-040  5.59044E-040  1.31925E-030  6.44554E-010  5.67285E-040  5.67285E-040  5.67285E-040  5.67285E-040  5.67285E-040  9.96469E-007  9.51905E-004  1.65663E-010  1.34423E-010  7.22195E-005  2.16655E-003  4.56281E-003  9.91710E-001  9.32991E-016  6.39905E-017  1.00000E-040  1.00000E-040  6.52529E-038  6.12558E-034  5.83987E-026  8.22358E-011  4.32815E-019  1.00000E-040  3.85845E-027  3.78749E-027  2.28925E-013  4.18452E-013  1.09938E-005  5.20169E-004  8.46763E-040  1.00000E-040  3.13604E-011  6.67051E-040  1.00000E-040  4.52338E-032  1.00000E-040  2.07587E-011  5.24686E-012  1.39253E-007  1.02896E-008  2.01083E-012  1.98720E-006  2.87150E-010  2.34692E-020  2.58010E-017  2.70138E-006  1.78391E-034  1.23983E-025  9.08531E-034  1.91396E-034  5.66916E-038  1.00000E-040  2.54310E-031  1.02700E-032  1.69605E-010  1.00000E-040  1.00000E-040  1.00000E-040  1.00000E-040  1.32977E-038  1.79965E-011  5.34949E-033  2.80911E-033  1.00000E-040  4.31610E-040  2.90145E-039  4.99927E-037  1.09307E-027  1.00000E-040  3.34262E-039  3.52409E-013  1.66700E-027  6.61123E-034  2.88666E-016  1.00000E-005  1.00000E-005  1.00000E-005  1.00000E-005  1.00000E-005  1.00000E-005  1.00000E-005  1.00000E-005  1.00000E-005  1.00000E-005  1.00000E-005  
7.45000E+001  7.33580E-006  4.58142E+014  1.15975E+002  1.00000E+005  4.53477E-009  4.94353E-040  5.26722E-040  5.17030E-040  4.17301E-031  4.90933E-010  5.25331E-040  5.25331E-040  5.25331E-040  5.25331E-040  5.25331E-040  1.13441E-006  9.48457E-004  1.65321E-010  1.44149E-010  8.57135E-005  2.34393E-003  4.94157E-003  9.91146E-001  9.43052E-016  6.24960E-017  1.00000E-040  1.00000E-040  6.24201E-038  4.89609E-034  5.63169E-026  9.56850E-011  3.76636E-019  1.00000E-040  5.84836E-027  3.54771E-027  2.05521E-013  3.71392E-013  1.20115E-005  5.15982E-004  7.83389E-040  1.00000E-040  3.47801E-011  6.06112E-040  1.00000E-040  3.66194E-032  1.00000E-040  1.99985E-011  4.53523E-012  1.47974E-007  9.45567E-009  1.70261E-012  1.87660E-006  2.94144E-010  1.88139E-020  2.25831E-017  2.79442E-006  1.75201E-034  1.10610E-025  9.22759E-034  3.98853E-035  5.50188E-038  1.00000E-040  2.19928E-031  8.22915E-033  1.68480E-010  1.00000E-040  1.00000E-040  1.00000E-040  1.00000E-040  1.06273E-038  1.60673E-011  4.80920E-033  2.29350E-033  1.00000E-040  3.55943E-040  5.92805E-040  5.05847E-037  1.17962E-027  1.00000E-040  2.27314E-039  2.99594E-013  7.25764E-028  5.83299E-034  3.33989E-016  1.00000E-005  1.00000E-005  1.00000E-005  1.00000E-005  1.00000E-005  1.00000E-005  1.00000E-005  1.00000E-005  1.00000E-005  1.00000E-005  1.00000E-005  
7.55000E+001  6.79964E-006  4.25185E+014  1.15831E+002  1.00000E+005  4.05423E-009  4.55023E-040  4.87583E-040  4.77832E-040  7.61683E-032  3.69699E-010  4.86184E-040  4.86184E-040  4.86184E-040  4.86184E-040  4.86184E-040  1.28234E-006  9.44845E-004  1.64815E-010  1.54063E-010  1.01387E-004  2.53465E-003  5.35008E-003  9.90538E-001  9.46537E-016  6.02226E-017  1.00000E-040  1.00000E-040  5.90906E-038  3.89739E-034  5.44407E-026  1.10292E-010  3.24511E-019  1.00000E-040  6.65644E-027  3.33146E-027  1.82938E-013  3.28343E-013  1.30815E-005  5.11637E-004  7.22168E-040  1.00000E-040  3.83046E-011  5.50631E-040  1.00000E-040  2.58884E-032  1.00000E-040  1.91875E-011  3.89193E-012  1.57504E-007  8.70355E-009  1.43552E-012  1.76730E-006  2.99539E-010  1.51457E-020  1.98716E-017  2.88632E-006  1.72031E-034  9.84074E-026  9.39712E-034  7.79972E-036  5.33830E-038  1.00000E-040  1.91170E-031  6.54537E-033  1.67802E-010  1.00000E-040  1.00000E-040  1.00000E-040  1.00000E-040  7.42310E-039  1.42844E-011  4.28571E-033  1.86886E-033  1.00000E-040  2.55156E-040  1.13798E-040  5.11270E-037  1.27463E-027  1.00000E-040  1.54385E-039  2.54117E-013  3.19510E-028  5.13436E-034  3.86843E-016  1.00000E-005  1.00000E-005  1.00000E-005  1.00000E-005  1.00000E-005  1.00000E-005  1.00000E-005  1.00000E-005  1.00000E-005  1.00000E-005  1.00000E-005  
7.65000E+001  6.30360E-006  3.94626E+014  1.15696E+002  1.00000E+005  3.59540E-009  4.18378E-040  4.51096E-040  4.41296E-040  3.04035E-033  2.75259E-010  4.49690E-040  4.49690E-040  4.49690E-040  4.49690E-040  4.49690E-040  1.43957E-006  9.41058E-004  1.64158E-010  1.64118E-010  1.19536E-004  2.73938E-003  5.79010E-003  9.89882E-001  9.43570E-016  5.72771E-017  1.00000E-040  1.00000E-040  5.72700E-038  3.08984E-034  5.27664E-026  1.26016E-010  2.76991E-019  1.00000E-040  7.19467E-027  3.13517E-027  1.61509E-013  2.89172E-013  1.42041E-005  5.07127E-004  6.64710E-040  1.00000E-040  4.18814E-011  5.00740E-040  1.00000E-040  1.92421E-032  1.00000E-040  1.83333E-011  3.31568E-012  1.67915E-007  8.02394E-009  1.20531E-012  1.65968E-006  3.03198E-010  1.22395E-020  1.75746E-017  2.97656E-006  1.68876E-034  8.72966E-026  9.56526E-034  4.48301E-036  5.17860E-038  1.00000E-040  1.67129E-031  5.17186E-033  1.67538E-010  1.00000E-040  1.00000E-040  1.00000E-040  1.00000E-040  5.45566E-039  1.26466E-011  3.78858E-033  1.51936E-033  1.00000E-040  1.91423E-040  1.00000E-040  5.16291E-037  1.37927E-027  1.00000E-040  1.04699E-039  2.15076E-013  1.43101E-028  4.51183E-034  4.48575E-016  1.00000E-005  1.00000E-005  1.00000E-005  1.00000E-005  1.00000E-005  1.00000E-005  1.00000E-005  1.00000E-005  1.00000E-005  1.00000E-005  1.00000E-005  
7.75000E+001  5.84436E-006  3.66277E+014  1.15570E+002  1.00000E+005  3.16260E-009  3.84260E-040  4.17110E-040  4.07268E-040  4.21799E-040  2.02681E-010  4.15698E-040  4.15698E-040  4.15698E-040  4.15698E-040  4.15698E-040  1.60486E-006  9.37079E-004  1.63312E-010  1.74209E-010  1.40466E-004  2.95869E-003  6.26325E-003  9.89176E-001  9.34197E-016  5.37553E-017  1.00000E-040  1.00000E-040  5.73097E-038  2.43918E-034  5.12994E-026  1.42810E-010  2.34425E-019  2.36127E-027  1.00000E-040  2.95432E-027  1.41459E-013  2.53743E-013  1.53811E-005  5.02414E-004  6.12249E-040  1.00000E-040  4.54352E-011  4.56580E-040  1.00000E-040  1.80037E-032  1.00000E-040  1.74420E-011  2.80342E-012  1.79289E-007  7.40799E-009  1.00748E-012  1.55389E-006  3.04938E-010  9.92382E-021  1.56170E-017  3.06431E-006  1.65731E-034  7.71929E-026  9.72355E-034  1.64805E-036  5.02299E-038  1.00000E-040  1.47084E-031  4.06357E-033  1.67652E-010  1.00000E-040  1.00000E-040  1.00000E-040  1.00000E-040  5.05093E-039  1.11523E-011  3.32387E-033  1.23168E-033  1.00000E-040  1.79923E-040  1.00000E-040  5.20942E-037  1.49497E-027  1.00000E-040  7.08771E-040  1.81617E-013  2.47055E-029  3.96175E-034  5.20819E-016  1.00000E-005  1.00000E-005  1.00000E-005  1.00000E-005  1.00000E-005  1.00000E-005  1.00000E-005  1.00000E-005  1.00000E-005  1.00000E-005  1.00000E-005  
7.85000E+001  5.41874E-006  3.39949E+014  1.15452E+002  1.00000E+005  2.76021E-009  3.52520E-040  3.85474E-040  3.75598E-040  3.29753E-040  1.47654E-010  3.84056E-040  3.84056E-040  3.84056E-040  3.84056E-040  3.84056E-040  1.77735E-006  9.32890E-004  1.62336E-010  1.84278E-010  1.64537E-004  3.19322E-003  6.77134E-003  9.88417E-001  9.18936E-016  4.98087E-017  1.00000E-040  1.00000E-040  5.53342E-038  1.91783E-034  5.00355E-026  1.60629E-010  1.96870E-019  2.50196E-027  2.16881E-027  2.78245E-027  1.22963E-013  2.21897E-013  1.66154E-005  4.97491E-004  5.64364E-040  1.00000E-040  4.89058E-011  4.17814E-040  1.00000E-040  1.08252E-032  1.00000E-040  1.65243E-011  2.35277E-012  1.91668E-007  6.84751E-009  8.38459E-013  1.45041E-006  3.04807E-010  8.06780E-021  1.39345E-017  3.14902E-006  1.62589E-034  6.80341E-026  9.87568E-034  1.57596E-036  4.87173E-038  1.00000E-040  1.30355E-031  3.17780E-033  1.68090E-010  1.00000E-040  1.00000E-040  1.00000E-040  1.00000E-040  3.00766E-039  9.79810E-012  2.89660E-033  9.95282E-034  1.00000E-040  1.08156E-040  1.00000E-040  5.25403E-037  1.62317E-027  1.00000E-040  4.78937E-040  1.53008E-013  1.00000E-040  3.47860E-034  6.05436E-016  1.00000E-005  1.00000E-005  1.00000E-005  1.00000E-005  1.00000E-005  1.00000E-005  1.00000E-005  1.00000E-005  1.00000E-005  1.00000E-005  1.00000E-005  
7.95000E+001  5.02401E-006  3.15483E+014  1.15343E+002  1.00000E+005  2.39090E-009  3.23016E-040  3.56049E-040  3.46147E-040  3.00203E-040  1.06466E-010  3.54627E-040  3.54627E-040  3.54627E-040  3.54627E-040  3.54627E-040  1.95686E-006  9.28500E-004  1.61332E-010  1.94355E-010  1.92187E-004  3.44383E-003  7.31655E-003  9.87602E-001  8.98658E-016  4.56246E-017  1.00000E-040  1.00000E-040  5.59514E-038  1.50318E-034  4.89574E-026  1.79420E-010  1.64105E-019  1.00474E-027  1.00000E-040  2.61655E-027  1.06118E-013  1.93403E-013  1.79069E-005  4.92386E-004  5.21399E-040  1.00000E-040  5.22608E-011  3.83695E-040  1.00000E-040  1.12151E-032  1.00000E-040  1.55943E-011  1.96090E-012  2.05089E-007  6.33642E-009  6.95373E-013  1.34998E-006  3.03018E-010  6.57397E-021  1.24779E-017  3.23061E-006  1.59448E-034  5.97757E-026  1.00265E-033  1.07706E-035  4.72500E-038  1.00000E-040  1.16299E-031  2.47491E-033  1.68802E-010  1.00000E-040  1.00000E-040  1.00000E-040  1.00000E-040  3.08785E-039  8.57693E-012  2.50982E-033  8.01831E-034  1.00000E-040  1.11540E-040  1.47585E-040  5.29847E-037  1.76523E-027  1.00000E-040  3.23181E-040  1.28651E-013  3.41751E-029  3.05486E-034  7.04617E-016  1.00000E-005  1.00000E-005  1.00000E-005  1.00000E-005  1.00000E-005  1.00000E-005  1.00000E-005  1.00000E-005  1.00000E-005  1.00000E-005  1.00000E-005  
8.05000E+001  4.65769E-006  2.92736E+014  1.15242E+002  1.00000E+005  2.05506E-009  2.95614E-040  3.28699E-040  3.18779E-040  2.72742E-040  7.60081E-011  3.27275E-040  3.27275E-040  3.27275E-040  3.27275E-040  3.27275E-040  2.14269E-006  9.23901E-004  1.60324E-010  2.04399E-010  2.23874E-004  3.71128E-003  7.90101E-003  9.86727E-001  8.73989E-016  4.13408E-017  1.00000E-040  1.00000E-040  5.71360E-038  1.17517E-034  4.80556E-026  1.99136E-010  1.35885E-019  1.00000E-040  1.00000E-040  2.45417E-027  9.09517E-014  1.68060E-013  1.92588E-005  4.87101E-004  4.82817E-040  1.00000E-040  5.54537E-011  3.53736E-040  1.00000E-040  1.31861E-032  1.00000E-040  1.46623E-011  1.62346E-012  2.19598E-007  5.86880E-009  5.74901E-013  1.25307E-006  2.99710E-010  5.36650E-021  1.12070E-017  3.30873E-006  1.56305E-034  5.23604E-026  1.01826E-033  4.74214E-035  4.58294E-038  1.00000E-040  1.04432E-031  1.92066E-033  1.69735E-010  1.00000E-040  1.00000E-040  1.00000E-040  1.00000E-040  3.60017E-039  7.48307E-012  2.16373E-033  6.43971E-034  1.00000E-040  1.29999E-040  6.41404E-040  5.34308E-037  1.92271E-027  1.00000E-040  2.17862E-040  1.07964E-013  1.00000E-040  2.68385E-034  8.21042E-016  1.00000E-005  1.00000E-005  1.00000E-005  1.00000E-005  1.00000E-005  1.00000E-005  1.00000E-005  1.00000E-005  1.00000E-005  1.00000E-005  1.00000E-005  
8.15000E+001  4.31752E-006  2.71573E+014  1.15150E+002  1.00000E+005  1.75213E-009  2.70180E-040  3.03302E-040  2.93371E-040  2.47170E-040  5.37571E-011  3.01876E-040  3.01876E-040  3.01876E-040  3.01876E-040  3.01876E-040  2.33398E-006  9.19083E-004  1.59393E-010  2.14351E-010  2.60113E-004  3.99635E-003  8.52692E-003  9.85788E-001  8.45558E-016  3.70704E-017  1.00000E-040  1.00000E-040  5.44193E-038  9.16782E-035  4.73225E-026  2.19749E-010  1.11849E-019  4.03919E-027  9.96741E-027  2.29409E-027  7.74249E-014  1.45633E-013  2.06759E-005  4.81630E-004  4.47685E-040  1.00000E-040  5.84358E-011  3.27502E-040  1.00000E-040  3.40840E-033  1.00000E-040  1.37360E-011  1.33534E-012  2.35236E-007  5.43954E-009  4.73991E-013  1.16000E-006  2.95041E-010  4.38691E-021  1.00902E-017  3.38301E-006  1.53152E-034  4.57280E-026  1.03284E-033  5.65199E-035  4.44567E-038  1.00000E-040  9.43672E-032  1.48584E-033  1.70865E-010  1.00000E-040  1.00000E-040  1.00000E-040  1.00000E-040  9.24027E-040  6.50846E-012  1.85708E-033  5.15481E-034  1.00000E-040  1.00000E-040  7.55392E-040  5.38880E-037  2.09730E-027  1.00000E-040  1.46744E-040  9.04167E-014  8.62591E-029  2.35950E-034  9.57985E-016  1.00000E-005  1.00000E-005  1.00000E-005  1.00000E-005  1.00000E-005  1.00000E-005  1.00000E-005  1.00000E-005  1.00000E-005  1.00000E-005  1.00000E-005  
8.25000E+001  4.00144E-006  2.51871E+014  1.15068E+002  1.00000E+005  1.48090E-009  2.46566E-040  2.79744E-040  2.69807E-040  2.23173E-040  3.77002E-011  2.78317E-040  2.78317E-040  2.78317E-040  2.78317E-040  2.78317E-040  2.52975E-006  9.14042E-004  1.58657E-010  2.24140E-010  3.01475E-004  4.29981E-003  9.19658E-003  9.84783E-001  8.14003E-016  3.29080E-017  1.00000E-040  1.00000E-040  5.45476E-038  7.13980E-035  4.67510E-026  2.41246E-010  9.15823E-020  1.00000E-040  1.00000E-040  2.13620E-027  6.54582E-014  1.25875E-013  2.21649E-005  4.75962E-004  4.16876E-040  1.00000E-040  6.11604E-011  3.04592E-040  1.00000E-040  2.07051E-033  1.00000E-040  1.28219E-011  1.09124E-012  2.52032E-007  5.04426E-009  3.89909E-013  1.07103E-006  2.89194E-010  3.58983E-021  9.10261E-018  3.45309E-006  1.49986E-034  3.98183E-026  1.04705E-033  5.49558E-035  4.31329E-038  1.00000E-040  8.57880E-032  1.14607E-033  1.72176E-010  1.00000E-040  1.00000E-040  1.00000E-040  1.00000E-040  5.57782E-040  5.64410E-012  1.58762E-033  4.11175E-034  1.00000E-040  1.00000E-040  7.26603E-040  5.43676E-037  2.29080E-027  1.00000E-040  1.00000E-040  7.55491E-014  7.25991E-029  2.07610E-034  1.11947E-015  1.00000E-005  1.00000E-005  1.00000E-005  1.00000E-005  1.00000E-005  1.00000E-005  1.00000E-005  1.00000E-005  1.00000E-005  1.00000E-005  1.00000E-005  
8.35000E+001  3.70752E-006  2.33516E+014  1.14996E+002  1.00000E+005  1.23980E-009  2.24573E-040  2.57906E-040  2.47962E-040  2.00208E-040  2.62517E-011  2.56478E-040  2.56478E-040  2.56478E-040  2.56478E-040  2.56478E-040  2.72865E-006  9.08757E-004  1.58158E-010  2.33645E-010  3.48564E-004  4.62232E-003  9.91217E-003  9.83707E-001  7.79811E-016  2.89234E-017  1.00000E-040  1.00000E-040  5.69243E-038  5.55353E-035  4.63372E-026  2.63642E-010  7.46614E-020  1.00000E-040  1.00000E-040  1.98068E-027  5.49577E-014  1.08553E-013  2.37352E-005  4.70066E-004  3.90124E-040  1.00000E-040  6.35732E-011  2.84706E-040  1.00000E-040  7.41159E-033  1.00000E-040  1.19251E-011  8.85999E-013  2.70019E-007  4.67873E-009  3.20087E-013  9.86306E-007  2.82343E-010  2.93946E-021  8.22237E-018  3.51845E-006  1.46795E-034  3.45713E-026  1.06022E-033  2.26418E-035  4.18595E-038  1.00000E-040  7.84452E-032  8.81543E-034  1.73633E-010  1.00000E-040  1.00000E-040  1.00000E-040  1.00000E-040  1.98339E-039  4.88168E-012  1.35251E-033  3.26714E-034  1.00000E-040  1.00000E-040  2.96473E-040  5.48644E-037  2.50510E-027  1.00000E-040  1.00000E-040  6.29610E-014  9.19713E-030  1.82846E-034  1.31058E-015  1.00000E-005  1.00000E-005  1.00000E-005  1.00000E-005  1.00000E-005  1.00000E-005  1.00000E-005  1.00000E-005  1.00000E-005  1.00000E-005  1.00000E-005  
8.45000E+001  3.43381E-006  2.16389E+014  1.14936E+002  1.00000E+005  1.02705E-009  2.03870E-040  2.37672E-040  2.27708E-040  1.77400E-040  1.81822E-011  2.36243E-040  2.36243E-040  2.36243E-040  2.36243E-040  2.36243E-040  2.92909E-006  9.03212E-004  1.58037E-010  2.42674E-010  4.02022E-004  4.96433E-003  1.06757E-002  9.82558E-001  7.43485E-016  2.51591E-017  1.00000E-040  1.00000E-040  5.96570E-038  4.31560E-035  4.60820E-026  2.87014E-010  6.06698E-020  6.72369E-027  9.78511E-028  1.82735E-027  4.58012E-014  9.34396E-014  2.54023E-005  4.63872E-004  3.67099E-040  1.00000E-040  6.56030E-011  2.67652E-040  1.00000E-040  1.27871E-032  1.00000E-040  1.10489E-011  7.14465E-013  2.89155E-007  4.33855E-009  2.62255E-013  9.05823E-007  2.74700E-010  2.40678E-021  7.42943E-018  3.57833E-006  1.43563E-034  2.99251E-026  1.07376E-033  5.13555E-036  4.06394E-038  1.00000E-040  7.21468E-032  6.76248E-034  1.75200E-010  1.00000E-040  1.00000E-040  1.00000E-040  1.00000E-040  3.40506E-039  4.21244E-012  1.14860E-033  2.58432E-034  1.00000E-040  1.16166E-040  1.00000E-040  5.53884E-037  2.74211E-027  1.00000E-040  1.00000E-040  5.22909E-014  2.65190E-029  1.61224E-034  1.53755E-015  1.00000E-005  1.00000E-005  1.00000E-005  1.00000E-005  1.00000E-005  1.00000E-005  1.00000E-005  1.00000E-005  1.00000E-005  1.00000E-005  1.00000E-005  
8.55000E+001  3.17895E-006  2.00415E+014  1.14887E+002  1.00000E+005  8.40626E-010  1.83858E-040  2.18929E-040  2.08888E-040  1.53583E-040  1.25548E-011  2.17495E-040  2.17495E-040  2.17495E-040  2.17495E-040  2.17495E-040  3.13126E-006  8.97421E-004  1.58387E-010  2.51286E-010  4.62707E-004  5.32711E-003  1.14907E-002  9.81330E-001  7.05823E-016  2.16863E-017  1.00000E-040  1.00000E-040  5.94104E-038  3.35548E-035  4.59561E-026  3.11379E-010  4.91447E-020  2.84358E-027  1.00000E-040  1.67776E-027  3.78966E-014  8.02847E-014  2.71718E-005  4.57424E-004  3.46599E-040  1.00000E-040  6.72663E-011  2.52855E-040  1.00000E-040  5.87230E-033  1.00000E-040  1.02021E-011  5.72594E-013  3.09466E-007  4.02220E-009  2.14795E-013  8.29967E-007  2.66581E-010  1.97079E-021  6.71318E-018  3.63314E-006  1.40289E-034  2.58364E-026  1.08738E-033  6.97903E-037  3.94715E-038  1.00000E-040  6.66600E-032  5.17162E-034  1.76848E-010  1.00000E-040  1.00000E-040  1.00000E-040  1.00000E-040  1.55798E-039  3.62683E-012  9.72900E-034  2.03612E-034  2.99988E-040  1.00000E-040  1.00000E-040  5.59253E-037  3.00313E-027  1.00000E-040  1.00000E-040  4.32967E-014  2.62110E-029  1.42214E-034  1.80866E-015  1.00000E-005  1.00000E-005  1.00000E-005  1.00000E-005  1.00000E-005  1.00000E-005  1.00000E-005  1.00000E-005  1.00000E-005  1.00000E-005  1.00000E-005  
8.65000E+001  2.94149E-006  1.85506E+014  1.14849E+002  1.00000E+005  6.78032E-010  1.63535E-040  2.01532E-040  1.91228E-040  1.27712E-040  8.66381E-012  2.00077E-040  2.00077E-040  2.00077E-040  2.00077E-040  2.00077E-040  3.33486E-006  8.91376E-004  1.59319E-010  2.59400E-010  5.31489E-004  5.71164E-003  1.23601E-002  9.80018E-001  6.67414E-016  1.85333E-017  1.00000E-040  1.26743E-040  6.32980E-038  2.61375E-035  4.59399E-026  3.36838E-010  3.97204E-020  1.00000E-040  1.00000E-040  1.53278E-027  3.11408E-014  6.88884E-014  2.90585E-005  4.50720E-004  3.29331E-040  1.00000E-040  6.85554E-011  2.40050E-040  1.00000E-040  2.45434E-033  1.00000E-040  9.39018E-012  4.56310E-013  3.30900E-007  3.72697E-009  1.76025E-013  7.58856E-007  2.58274E-010  1.61349E-021  6.06121E-018  3.68291E-006  1.36968E-034  2.22553E-026  1.10068E-033  6.52743E-038  3.83557E-038  1.00000E-040  6.18284E-032  3.94225E-034  1.78526E-010  1.00000E-040  1.00000E-040  1.00000E-040  1.00000E-040  6.49602E-040  3.11710E-012  8.22388E-034  1.59795E-034  1.04048E-039  1.00000E-040  1.00000E-040  5.64696E-037  3.28952E-027  1.00000E-040  1.00000E-040  3.57323E-014  1.00000E-040  1.25448E-034  2.13462E-015  1.00000E-005  1.00000E-005  1.00000E-005  1.00000E-005  1.00000E-005  1.00000E-005  1.00000E-005  1.00000E-005  1.00000E-005  1.00000E-005  1.00000E-005  
8.75000E+001  2.72014E-006  1.71587E+014  1.14822E+002  1.00000E+005  5.37094E-010  1.41573E-040  1.85241E-040  1.74196E-040  1.00000E-040  5.99019E-012  1.83720E-040  1.83720E-040  1.83720E-040  1.83720E-040  1.83720E-040  3.53940E-006  8.85072E-004  1.60991E-010  2.66956E-010  6.09393E-004  6.11889E-003  1.32872E-002  9.78616E-001  6.28723E-016  1.57079E-017  1.00000E-040  4.25809E-040  7.75729E-038  2.04269E-035  4.60162E-026  3.63518E-010  3.20447E-020  1.00000E-040  1.00000E-040  1.39302E-027  2.54072E-014  5.90331E-014  3.10763E-005  4.43746E-004  3.15762E-040  1.00000E-040  6.94598E-011  2.29069E-040  1.00000E-040  1.50486E-033  1.00000E-040  8.61548E-012  3.61610E-013  3.53422E-007  3.45119E-009  1.44518E-013  6.92478E-007  2.50002E-010  1.32074E-021  5.46567E-018  3.72757E-006  1.33589E-034  1.91310E-026  1.11332E-033  4.99718E-039  3.72917E-038  1.00000E-040  5.75349E-032  2.99443E-034  1.80216E-010  1.00000E-040  1.00000E-040  1.00000E-040  1.00000E-040  3.97900E-040  2.67435E-012  6.93988E-034  1.24920E-034  3.71942E-039  1.00000E-040  1.00000E-040  5.70120E-037  3.60248E-027  1.00000E-040  1.00000E-040  2.93850E-014  1.03682E-029  1.10622E-034  2.53042E-015  1.00000E-005  1.00000E-005  1.00000E-005  1.00000E-005  1.00000E-005  1.00000E-005  1.00000E-005  1.00000E-005  1.00000E-005  1.00000E-005  1.00000E-005  
8.85000E+001  2.51377E-006  1.58588E+014  1.14808E+002  1.00000E+005  4.16149E-010  1.16864E-040  1.69556E-040  1.56796E-040  1.00000E-040  4.15847E-012  1.67859E-040  1.67859E-040  1.67859E-040  1.67859E-040  1.67859E-040  3.74443E-006  8.78509E-004  1.63632E-010  2.73893E-010  6.97596E-004  6.54984E-003  1.42754E-002  9.77120E-001  5.90159E-016  1.32061E-017  1.00000E-040  1.46357E-039  1.22700E-037  1.60626E-035  4.61664E-026  3.91596E-010  2.58128E-020  1.00000E-040  1.00000E-040  1.25903E-027  2.05728E-014  5.05205E-014  3.32410E-005  4.36482E-004  3.07921E-040  1.00000E-040  6.99732E-011  2.19872E-040  1.00000E-040  1.07430E-033  1.00000E-040  7.87939E-012  2.84929E-013  3.76974E-007  3.19352E-009  1.19057E-013  6.30765E-007  2.41985E-010  1.08105E-021  4.92040E-018  3.76708E-006  1.30145E-034  1.64150E-026  1.12504E-033  6.79249E-040  3.62795E-038  1.00000E-040  5.36850E-032  2.26539E-034  1.81915E-010  1.00000E-040  1.00000E-040  1.00000E-040  1.00000E-040  2.84523E-040  2.29030E-012  5.84897E-034  9.72789E-035  1.32902E-038  1.00000E-040  1.00000E-040  5.75448E-037  3.94288E-027  1.00000E-040  1.00000E-040  2.40708E-014  1.00000E-040  9.74813E-035  3.01829E-015  1.00000E-005  1.00000E-005  1.00000E-005  1.00000E-005  1.00000E-005  1.00000E-005  1.00000E-005  1.00000E-005  1.00000E-005  1.00000E-005  1.00000E-005  
8.95000E+001  2.32119E-006  1.46438E+014  1.14809E+002  1.00000E+005  3.14006E-010  1.00000E-040  1.53487E-040  1.37534E-040  1.00000E-040  2.90305E-012  1.51414E-040  1.51414E-040  1.51414E-040  1.51414E-040  1.51414E-040  3.94939E-006  8.71670E-004  1.67544E-010  2.80097E-010  7.97403E-004  7.00539E-003  1.53284E-002  9.75524E-001  5.52050E-016  1.10137E-017  1.00000E-040  4.97249E-039  2.62301E-037  1.28149E-035  4.63698E-026  4.21349E-010  2.07736E-020  2.01097E-027  8.80696E-027  1.13117E-027  1.65260E-014  4.31815E-014  3.55752E-005  4.28890E-004  3.12226E-040  1.00000E-040  7.00882E-011  2.12700E-040  1.00000E-040  7.90293E-034  1.00000E-040  7.18246E-012  2.23203E-013  4.01431E-007  2.95232E-009  9.85831E-014  5.73596E-007  2.34469E-010  8.84910E-022  4.41913E-018  3.80133E-006  1.26619E-034  1.40621E-026  1.13558E-033  3.84373E-040  3.53193E-038  1.00000E-040  5.02024E-032  1.70616E-034  1.83609E-010  1.00000E-040  1.00000E-040  1.00000E-040  1.29000E-040  2.11206E-040  1.95784E-012  4.92717E-034  7.54511E-035  4.60213E-038  1.00000E-040  1.00000E-040  5.80609E-037  4.31093E-027  1.00000E-040  1.00000E-040  1.96282E-014  1.00000E-040  8.58155E-035  3.63479E-015  1.00000E-005  1.00000E-005  1.00000E-005  1.00000E-005  1.00000E-005  1.00000E-005  1.00000E-005  1.00000E-005  1.00000E-005  1.00000E-005  1.00000E-005  
9.05000E+001  2.14125E-006  1.35063E+014  1.14828E+002  1.00000E+005  2.29501E-010  1.00000E-040  1.35448E-040  1.14912E-040  1.00000E-040  2.03984E-012  1.32746E-040  1.32746E-040  1.32746E-040  1.32746E-040  1.32746E-040  4.15390E-006  8.64561E-004  1.73206E-010  2.85436E-010  9.10363E-004  7.48628E-003  1.64500E-002  9.73821E-001  5.14686E-016  9.10868E-018  1.00000E-040  1.62518E-038  6.74718E-037  1.06469E-035  4.66016E-026  4.53197E-010  1.67106E-020  4.47533E-027  7.74546E-027  1.00937E-027  1.31565E-014  3.68585E-014  3.81061E-005  4.20890E-004  3.45564E-040  1.00000E-040  6.97838E-011  2.08322E-040  1.00000E-040  5.96230E-034  1.00000E-040  6.52404E-012  1.73727E-013  4.26570E-007  2.72606E-009  8.22161E-014  5.20788E-007  2.27743E-010  7.24487E-022  3.95614E-018  3.82998E-006  1.22983E-034  1.20297E-026  1.14462E-033  3.23012E-040  3.44132E-038  1.00000E-040  4.70254E-032  1.27830E-034  1.85285E-010  1.00000E-040  1.00000E-040  1.00000E-040  4.66017E-040  1.64476E-040  1.67019E-012  4.15481E-034  5.82711E-035  1.51018E-037  1.00000E-040  1.00000E-040  5.85576E-037  4.70566E-027  1.00000E-040  1.00000E-040  1.59168E-014  1.66374E-029  7.54459E-035  4.44940E-015  1.00000E-005  1.00000E-005  1.00000E-005  1.00000E-005  1.00000E-005  1.00000E-005  1.00000E-005  1.00000E-005  1.00000E-005  1.00000E-005  1.00000E-005  
9.15000E+001  1.97313E-006  1.24415E+014  1.14868E+002  1.00000E+005  1.61041E-010  1.00000E-040  1.13709E-040  1.00000E-040  1.00000E-040  1.44182E-012  1.10240E-040  1.10240E-040  1.10240E-040  1.10240E-040  1.10240E-040  4.35852E-006  8.57196E-004  1.81164E-010  2.89886E-010  1.03835E-003  7.99386E-003  1.76451E-002  9.72003E-001  4.78414E-016  7.47286E-018  1.00000E-040  5.01802E-038  1.81693E-036  9.88746E-036  4.68292E-026  4.87680E-010  1.34432E-020  1.79056E-027  1.00000E-040  8.94315E-028  1.03776E-014  3.14178E-014  4.08604E-005  4.12468E-004  4.48066E-040  1.00000E-040  6.90853E-011  2.08524E-040  1.00000E-040  4.62168E-034  1.00000E-040  5.90540E-012  1.34357E-013  4.52183E-007  2.51396E-009  6.92372E-014  4.72216E-007  2.22140E-010  5.93694E-022  3.52852E-018  3.85331E-006  1.19223E-034  1.02801E-026  1.15204E-033  2.77611E-040  3.35599E-038  1.00000E-040  4.40932E-032  9.52207E-035  1.86947E-010  2.03359E-040  1.00000E-040  1.00000E-040  1.56528E-039  1.40253E-040  1.42167E-012  3.51863E-034  4.48202E-035  4.63476E-037  1.00000E-040  1.00000E-040  5.90370E-037  5.12571E-027  1.00000E-040  1.00000E-040  1.28298E-014  1.00000E-040  6.62112E-035  5.61118E-015  1.00000E-005  1.00000E-005  1.00000E-005  1.00000E-005  1.00000E-005  1.00000E-005  1.00000E-005  1.00000E-005  1.00000E-005  1.00000E-005  1.00000E-005  
9.25000E+001  1.81610E-006  1.14456E+014  1.14926E+002  1.00000E+005  1.06580E-010  1.00000E-040  1.00000E-040  1.00000E-040  1.00000E-040  1.02023E-012  1.00000E-040  1.00000E-040  1.00000E-040  1.00000E-040  1.00000E-040  4.56411E-006  8.49565E-004  1.91724E-010  2.93455E-010  1.18354E-003  8.52956E-003  1.89191E-002  9.70061E-001  4.43380E-016  6.08438E-018  1.00000E-040  1.44962E-037  4.75712E-036  1.15851E-035  4.70211E-026  5.25628E-010  1.08247E-020  1.00000E-040  1.00000E-040  7.86737E-028  8.11177E-015  2.67429E-014  4.38666E-005  4.03628E-004  7.07329E-040  1.00000E-040  6.80299E-011  2.17220E-040  1.00000E-040  3.67295E-034  1.00000E-040  5.32746E-012  1.03282E-013  4.78197E-007  2.31522E-009  5.89622E-014  4.27721E-007  2.18051E-010  4.87675E-022  3.13406E-018  3.87169E-006  1.15329E-034  8.77884E-027  1.15711E-033  2.37574E-040  3.27567E-038  1.00000E-040  4.13592E-032  7.05049E-035  1.88546E-010  5.48024E-040  1.00000E-040  1.00000E-040  4.87004E-039  1.41323E-040  1.20763E-012  3.01415E-034  3.43505E-035  1.32258E-036  1.00000E-040  1.00000E-040  5.94527E-037  5.56938E-027  1.00000E-040  1.00000E-040  1.02786E-014  1.00000E-040  5.79760E-035  7.46003E-015  1.00000E-005  1.00000E-005  1.00000E-005  1.00000E-005  1.00000E-005  1.00000E-005  1.00000E-005  1.00000E-005  1.00000E-005  1.00000E-005  1.00000E-005  
9.35000E+001  1.66952E-006  1.05146E+014  1.15004E+002  1.00000E+005  6.41445E-011  1.00000E-040  1.00000E-040  1.00000E-040  1.00000E-040  7.13609E-013  1.00000E-040  1.00000E-040  1.00000E-040  1.00000E-040  1.00000E-040  4.77180E-006  8.41692E-004  2.05518E-010  2.96140E-010  1.34872E-003  9.09468E-003  2.02779E-002  9.67986E-001  4.09789E-016  4.91762E-018  1.00000E-040  3.90307E-037  1.17712E-035  1.81586E-035  4.71473E-026  5.68637E-010  8.73798E-021  1.00000E-040  1.00000E-040  6.86964E-028  6.28059E-015  2.27289E-014  4.71671E-005  3.94333E-004  1.29825E-039  1.00000E-040  6.66421E-011  2.42054E-040  1.00000E-040  2.99338E-034  1.00000E-040  4.78960E-012  7.89086E-014  5.04429E-007  2.12939E-009  5.08115E-014  3.87084E-007  2.16124E-010  4.02543E-022  2.77128E-018  3.88529E-006  1.11280E-034  7.49318E-027  1.15961E-033  2.02119E-040  3.20022E-038  1.00000E-040  3.87880E-032  5.18592E-035  1.90106E-010  1.40317E-039  1.00000E-040  1.00000E-040  1.40399E-038  1.80559E-040  1.02345E-012  2.64875E-034  2.62445E-035  3.50548E-036  1.00000E-040  1.00000E-040  5.98012E-037  6.03401E-027  1.00000E-040  1.00000E-040  8.17940E-015  1.00000E-040  5.06299E-035  1.07712E-014  1.00000E-005  1.00000E-005  1.00000E-005  1.00000E-005  1.00000E-005  1.00000E-005  1.00000E-005  1.00000E-005  1.00000E-005  1.00000E-005  1.00000E-005  
9.45000E+001  1.53268E-006  9.64451E+013  1.15104E+002  1.00000E+005  3.24458E-011  1.00000E-040  1.00000E-040  1.00000E-040  1.00000E-040  4.81027E-013  1.00000E-040  1.00000E-040  1.00000E-040  1.00000E-040  1.00000E-040  4.98309E-006  8.33581E-004  2.22433E-010  2.97869E-010  1.53737E-003  9.69042E-003  2.17281E-002  9.65765E-001  3.77701E-016  3.94539E-018  1.00000E-040  9.79204E-037  2.72789E-035  3.44287E-035  4.71747E-026  6.19816E-010  7.09541E-021  1.00000E-040  1.00000E-040  5.95152E-028  4.81433E-015  1.92893E-014  5.08339E-005  3.84513E-004  3.22902E-039  1.00000E-040  6.49436E-011  2.96684E-040  1.00000E-040  2.51779E-034  1.25026E-040  4.29034E-012  5.99151E-014  5.30717E-007  1.95543E-009  4.39665E-014  3.50063E-007  2.17457E-010  3.35225E-022  2.43777E-018  3.89421E-006  1.07045E-034  6.39366E-027  1.15898E-033  1.70815E-040  3.12952E-038  1.00000E-040  3.63499E-032  3.78635E-035  1.91621E-010  3.39420E-039  1.00000E-040  1.00000E-040  3.75914E-038  2.84053E-040  8.65422E-013  2.44476E-034  2.00082E-035  8.64602E-036  1.00000E-040  1.00000E-040  6.00538E-037  6.51583E-027  1.00000E-040  1.00000E-040  6.45835E-015  1.00000E-040  4.40733E-035  1.72688E-014  1.00000E-005  1.00000E-005  1.00000E-005  1.00000E-005  1.00000E-005  1.00000E-005  1.00000E-005  1.00000E-005  1.00000E-005  1.00000E-005  1.00000E-005  
9.55000E+001  1.40488E-006  8.83118E+013  1.15222E+002  1.00000E+005  1.10340E-011  1.00000E-040  1.00000E-040  1.00000E-040  1.00000E-040  2.98684E-013  1.00000E-040  1.00000E-040  1.00000E-040  1.00000E-040  1.00000E-040  5.20011E-006  8.25219E-004  2.38380E-010  2.98549E-010  1.75426E-003  1.03178E-002  2.32770E-002  9.63387E-001  3.47053E-016  3.14119E-018  1.38957E-040  2.29280E-036  5.90893E-035  6.89808E-035  4.70637E-026  6.85060E-010  5.82821E-021  1.03049E-027  1.00000E-040  5.11312E-028  3.65020E-015  1.63456E-014  5.49796E-005  3.74044E-004  2.61428E-036  2.63602E-038  6.29548E-011  4.03514E-040  1.00000E-040  2.21908E-034  2.60482E-040  3.82714E-012  4.52031E-014  5.57022E-007  1.79228E-009  3.66388E-014  3.16411E-007  2.23888E-010  2.83444E-022  2.13154E-018  3.89852E-006  1.02572E-034  5.45380E-027  1.15416E-033  1.43217E-040  3.06351E-038  1.00000E-040  3.40161E-032  2.74057E-035  1.93103E-010  7.79154E-039  1.00000E-040  1.00000E-040  9.37757E-038  4.94009E-040  7.30163E-013  2.43992E-034  1.52612E-035  1.99205E-035  1.00000E-040  1.00000E-040  6.01484E-037  7.00971E-027  1.00000E-040  1.00000E-040  5.05174E-015  9.64683E-031  3.82086E-035  3.06430E-014  1.00000E-005  1.00000E-005  1.00000E-005  1.00000E-005  1.00000E-005  1.00000E-005  1.00000E-005  1.00000E-005  1.00000E-005  1.00000E-005  1.00000E-005  
9.65000E+001  1.28549E-006  8.07083E+013  1.15363E+002  1.00000E+005  9.62204E-013  1.00000E-040  1.00000E-040  1.00000E-040  1.00000E-040  1.58854E-013  1.00000E-040  1.00000E-040  1.00000E-040  1.00000E-040  1.00000E-040  5.42524E-006  8.16567E-004  2.27989E-010  2.98127E-010  2.00665E-003  1.09770E-002  2.49335E-002  9.60834E-001  3.17733E-016  2.48026E-018  6.90424E-040  5.02333E-036  1.19666E-034  1.35534E-034  4.67621E-026  7.75292E-010  4.87965E-021  1.00000E-040  1.00000E-040  4.35230E-028  2.73023E-015  1.38184E-014  5.97731E-005  3.62721E-004  1.01891E-032  1.23000E-035  6.06876E-011  5.96474E-040  1.00000E-040  2.09990E-034  5.05828E-040  3.39562E-012  3.38468E-014  5.83450E-007  1.63969E-009  2.38310E-014  2.85884E-007  2.38509E-010  2.45685E-022  1.85227E-018  3.89815E-006  9.77785E-035  4.65006E-027  1.14384E-033  1.18858E-040  3.00223E-038  1.00000E-040  3.17545E-032  1.96062E-035  1.94722E-010  2.36696E-038  1.00000E-040  1.00000E-040  2.18728E-037  8.68501E-040  6.14055E-013  2.68430E-034  1.17264E-035  4.31190E-035  1.00000E-040  1.00000E-040  6.00230E-037  7.50799E-027  1.00000E-040  1.00000E-040  3.90453E-015  2.84506E-031  3.29323E-035  5.85379E-014  1.00000E-005  1.00000E-005  1.00000E-005  1.00000E-005  1.00000E-005  1.00000E-005  1.00000E-005  1.00000E-005  1.00000E-005  1.00000E-005  1.00000E-005  
9.75000E+001  1.17363E-006  7.35772E+013  1.15533E+002  1.00000E+005  1.97632E-013  1.00000E-040  1.00000E-040  1.00000E-040  1.00000E-040  7.61417E-014  1.00000E-040  1.00000E-040  1.00000E-040  1.00000E-040  1.00000E-040  5.65634E-006  8.07417E-004  2.03131E-010  2.96175E-010  2.30448E-003  1.16653E-002  2.67032E-002  9.58094E-001  2.89262E-016  1.93963E-018  3.56556E-034  1.03525E-035  2.26982E-034  2.53806E-034  4.62139E-026  9.10846E-010  4.20979E-021  1.00000E-040  1.00000E-040  3.66671E-028  2.00803E-015  1.16361E-014  6.54967E-005  3.50218E-004  4.05457E-029  5.86877E-033  5.81549E-011  9.24659E-040  1.00000E-040  2.19470E-034  9.17199E-040  2.98822E-012  2.51313E-014  6.10193E-007  1.49648E-009  1.33220E-014  2.58313E-007  2.66928E-010  2.21210E-022  1.59850E-018  3.89302E-006  9.25696E-035  3.96289E-027  1.12563E-033  1.00000E-040  2.94593E-038  1.00000E-040  2.95314E-032  1.37860E-035  1.96794E-010  9.27107E-036  1.00000E-040  1.00000E-040  4.78960E-037  1.47870E-039  5.13849E-013  3.23682E-034  9.22381E-036  8.83994E-035  1.00000E-040  1.00000E-040  5.95581E-037  7.99981E-027  1.00000E-040  1.00000E-040  2.96768E-015  5.66729E-030  2.81363E-035  1.16734E-013  1.00000E-005  1.00000E-005  1.00000E-005  1.00000E-005  1.00000E-005  1.00000E-005  1.00000E-005  1.00000E-005  1.00000E-005  1.00000E-005  1.00000E-005  
9.85000E+001  1.06723E-006  6.67963E+013  1.15724E+002  1.00000E+005  2.40985E-014  1.00000E-040  1.00000E-040  1.00000E-040  1.00000E-040  3.28811E-014  1.00000E-040  1.00000E-040  1.00000E-040  1.00000E-040  1.00000E-040  5.86538E-006  7.96675E-004  1.79978E-010  2.90596E-010  2.65591E-003  1.23601E-002  2.85481E-002  9.55220E-001  2.59803E-016  1.50281E-018  2.91690E-028  1.31246E-032  4.27728E-034  4.51496E-034  4.54552E-026  1.13121E-009  3.79951E-021  1.00000E-040  1.00000E-040  3.05843E-028  1.45168E-015  9.72247E-015  7.25886E-005  3.36160E-004  1.65476E-025  2.86420E-030  5.54413E-011  1.46781E-039  1.54093E-040  2.56952E-034  1.56627E-039  2.58775E-012  1.85950E-014  6.36730E-007  1.36222E-009  7.21584E-015  2.34142E-007  3.21268E-010  2.11630E-022  1.36737E-018  3.88298E-006  8.70974E-035  3.38804E-027  1.09280E-033  1.00000E-040  2.89589E-038  1.00000E-040  2.73631E-032  9.43698E-036  1.99730E-010  1.13893E-032  1.00000E-040  1.00000E-040  9.91940E-037  1.95362E-036  4.26331E-013  4.19013E-034  7.71553E-036  1.72774E-034  1.00000E-040  1.00000E-040  5.83459E-037  8.46517E-027  1.00000E-040  1.00000E-040  2.19630E-015  1.00000E-040  2.37348E-035  2.40514E-013  1.00000E-005  1.00000E-005  1.00000E-005  1.00000E-005  1.00000E-005  1.00000E-005  1.00000E-005  1.00000E-005  1.00000E-005  1.00000E-005  1.00000E-005  
9.95000E+001  9.56430E-007  5.97451E+013  1.15949E+002  1.00000E+005  1.21819E-015  1.00000E-040  1.00000E-040  1.00000E-040  1.00000E-040  1.09425E-014  1.00000E-040  1.00000E-040  1.00000E-040  1.00000E-040  1.00000E-040  5.99114E-006  7.84776E-004  1.62153E-010  2.73784E-010  3.03251E-003  1.29459E-002  3.02079E-002  9.52617E-001  2.26479E-016  1.19026E-018  2.21982E-022  8.56934E-027  9.64267E-030  6.12027E-033  4.50299E-026  1.52948E-009  3.72588E-021  3.62597E-027  2.22573E-027  2.52129E-028  1.07473E-015  8.01708E-015  8.11922E-005  3.20245E-004  6.93337E-022  1.32357E-027  5.28269E-011  2.49717E-039  2.96088E-040  3.26797E-034  2.66501E-039  2.17013E-012  1.44286E-014  6.45255E-007  1.24032E-009  3.87108E-015  2.17134E-007  4.34634E-010  2.20266E-022  1.14012E-018  3.86426E-006  8.26968E-035  2.99575E-027  1.05971E-033  1.00000E-040  2.86198E-038  1.00000E-040  2.55386E-032  6.33386E-036  2.00585E-010  1.04860E-029  1.00000E-040  1.00000E-040  2.00633E-036  8.06062E-031  3.48640E-013  6.02590E-034  7.96495E-036  3.09891E-034  1.00000E-040  1.00000E-040  5.62079E-037  8.81479E-027  1.00000E-040  5.92300E-040  1.53875E-015  1.00000E-040  2.00549E-035  5.87546E-013  1.00000E-005  1.00000E-005  1.00000E-005  1.00000E-005  1.00000E-005  1.00000E-005  1.00000E-005  1.00000E-005  1.00000E-005  1.00000E-005  1.00000E-005  
